task_id,scenario_id,self_base_loss,outsourced_loss
TSK000059,S001,9.04141207,9.04141207
TSK000059,S002,49.02175837,49.02175837
TSK000059,S003,25.68502437,25.68502437
TSK000059,S004,19.53654294,19.53654294
TSK000059,S005,9.04141207,9.04141207
TSK000059,S006,23.89284228,23.89284228
TSK000059,S007,9.04141207,9.04141207
TSK000059,S008,9.04141207,9.04141207
TSK000059,S009,15.28575388,15.28575388
TSK000059,S010,36.21221846,36.21221846
TSK000059,S011,17.29397194,17.29397194
TSK000059,S012,31.27762142,31.27762142
TSK000059,S013,17.44945102,17.44945102
TSK000059,S014,9.04141207,9.04141207
TSK000059,S015,40.9192971,40.9192971
TSK000059,S016,54.39406602,54.39406602
TSK000059,S017,20.75923824,20.75923824
TSK000059,S018,19.35446402,19.35446402
TSK000059,S019,9.04141207,9.04141207
TSK000059,S020,9.04141207,9.04141207
TSK000059,S021,25.68502437,25.68502437
TSK000059,S022,37.59912696,37.59912696
TSK000059,S023,39.96338017,39.96338017
TSK000059,S024,47.11116835,47.11116835
TSK000059,S025,22.61388716,22.61388716
TSK000059,S026,21.43840342,21.43840342
TSK000059,S027,24.5775287,24.5775287
TSK000059,S028,12.24764477,12.24764477
TSK000059,S029,37.64540957,37.64540957
TSK000059,S030,9.04141207,9.04141207
TSK000059,S031,22.39887031,22.39887031
TSK000059,S032,24.76908416,24.76908416
TSK000059,S033,30.87304128,30.87304128
TSK000059,S034,9.04141207,9.04141207
TSK000059,S035,26.05649309,26.05649309
TSK000059,S036,36.21221846,36.21221846
TSK000059,S037,16.16347887,16.16347887
TSK000059,S038,28.42944318,28.42944318
TSK000059,S039,48.05324271,48.05324271
TSK000059,S040,16.527771,16.527771
TSK000059,S041,67.56702655,67.56702655
TSK000059,S042,9.04141207,9.04141207
TSK000059,S043,30.33669425,30.33669425
TSK000059,S044,9.04141207,9.04141207
TSK000059,S045,26.06235878,26.06235878
TSK000059,S046,22.28131835,22.28131835
TSK000059,S047,9.04141207,9.04141207
TSK000059,S048,34.00835516,34.00835516
TSK000059,S049,22.47662651,22.47662651
TSK000059,S050,9.04141207,9.04141207
TSK000059,S051,37.50682651,37.50682651
TSK000059,S052,19.77742293,19.77742293
TSK000059,S053,9.04141207,9.04141207
TSK000059,S054,72.31295931,72.31295931
TSK000059,S055,19.35446402,19.35446402
TSK000059,S056,25.80205728,25.80205728
TSK000059,S057,9.04141207,9.04141207
TSK000059,S058,45.87578811,45.87578811
TSK000059,S059,19.97040801,19.97040801
TSK000059,S060,23.81566787,23.81566787
TSK000059,S061,22.26909101,22.26909101
TSK000059,S062,12.25687625,12.25687625
TSK000059,S063,21.43840342,21.43840342
TSK000059,S064,9.04141207,9.04141207
TSK000059,S065,52.44231396,52.44231396
TSK000059,S066,24.40832018,24.40832018
TSK000059,S067,22.61388716,22.61388716
TSK000059,S068,25.41510023,25.41510023
TSK000059,S069,22.26909101,22.26909101
TSK000059,S070,28.8752049,28.8752049
TSK000059,S071,19.17506199,19.17506199
TSK000059,S072,9.04141207,9.04141207
TSK000059,S073,30.71539294,30.71539294
TSK000059,S074,9.04141207,9.04141207
TSK000059,S075,9.04141207,9.04141207
TSK000059,S076,37.59912696,37.59912696
TSK000059,S077,9.04141207,9.04141207
TSK000059,S078,49.90469046,49.90469046
TSK000059,S079,24.90768566,24.90768566
TSK000059,S080,25.11744183,25.11744183
TSK000059,S081,78.77770795,78.77770795
TSK000059,S082,51.72927764,51.72927764
TSK000059,S083,9.04141207,9.04141207
TSK000059,S084,53.93657627,53.93657627
TSK000059,S085,43.71478241,43.71478241
TSK000059,S086,27.38852673,27.38852673
TSK000059,S087,9.04141207,9.04141207
TSK000059,S088,9.04141207,9.04141207
TSK000059,S089,45.67408793,45.67408793
TSK000059,S090,65.30370851,65.30370851
TSK000059,S091,30.87304128,30.87304128
TSK000059,S092,22.35776687,22.35776687
TSK000059,S093,25.9780349,25.9780349
TSK000059,S094,24.50281157,24.50281157
TSK000059,S095,27.05049295,27.05049295
TSK000059,S096,28.42944318,28.42944318
TSK000059,S097,36.8568953,36.8568953
TSK000059,S098,69.67380383,69.67380383
TSK000059,S099,38.32239106,38.32239106
TSK000059,S100,43.11146027,43.11146027
TSK000237,S001,15.25921411,15.25921411
TSK000237,S002,107.10732453,107.10732453
TSK000237,S003,53.49510953,53.49510953
TSK000237,S004,31.82142938,31.82142938
TSK000237,S005,15.25921411,15.25921411
TSK000237,S006,35.39919734,35.39919734
TSK000237,S007,15.25921411,15.25921411
TSK000237,S008,15.25921411,15.25921411
TSK000237,S009,25.47376689,25.47376689
TSK000237,S010,58.93412678,58.93412678
TSK000237,S011,28.47222523,28.47222523
TSK000237,S012,56.01462919,56.01462919
TSK000237,S013,27.53782244,27.53782244
TSK000237,S014,15.25921411,15.25921411
TSK000237,S015,68.72110072,68.72110072
TSK000237,S016,98.93878688,98.93878688
TSK000237,S017,36.14302552,36.14302552
TSK000237,S018,33.02145224,33.02145224
TSK000237,S019,15.25921411,15.25921411
TSK000237,S020,15.25921411,15.25921411
TSK000237,S021,53.49510953,53.49510953
TSK000237,S022,75.14953553,75.14953553
TSK000237,S023,77.57909899,77.57909899
TSK000237,S024,82.25027618,82.25027618
TSK000237,S025,40.88018382,40.88018382
TSK000237,S026,36.22407926,36.22407926
TSK000237,S027,40.38595945,40.38595945
TSK000237,S028,19.47122467,19.47122467
TSK000237,S029,63.45970522,63.45970522
TSK000237,S030,15.25921411,15.25921411
TSK000237,S031,40.36473982,40.36473982
TSK000237,S032,41.35459314,41.35459314
TSK000237,S033,49.1972091,49.1972091
TSK000237,S034,15.25921411,15.25921411
TSK000237,S035,41.81214751,41.81214751
TSK000237,S036,58.93412678,58.93412678
TSK000237,S037,25.00872059,25.00872059
TSK000237,S038,58.26687417,58.26687417
TSK000237,S039,91.85577982,91.85577982
TSK000237,S040,26.13406027,26.13406027
TSK000237,S041,135.99639911,135.99639911
TSK000237,S042,15.25921411,15.25921411
TSK000237,S043,51.92806717,51.92806717
TSK000237,S044,15.25921411,15.25921411
TSK000237,S045,44.63188012,44.63188012
TSK000237,S046,40.71742166,40.71742166
TSK000237,S047,15.25921411,15.25921411
TSK000237,S048,67.80383985,67.80383985
TSK000237,S049,34.47774084,34.47774084
TSK000237,S050,15.25921411,15.25921411
TSK000237,S051,72.29512324,72.29512324
TSK000237,S052,29.23662912,29.23662912
TSK000237,S053,15.25921411,15.25921411
TSK000237,S054,118.41289519,118.41289519
TSK000237,S055,33.02145224,33.02145224
TSK000237,S056,50.7531652,50.7531652
TSK000237,S057,15.25921411,15.25921411
TSK000237,S058,94.27298269,94.27298269
TSK000237,S059,33.69081002,33.69081002
TSK000237,S060,39.31531989,39.31531989
TSK000237,S061,32.85755768,32.85755768
TSK000237,S062,22.18238643,22.18238643
TSK000237,S063,36.22407926,36.22407926
TSK000237,S064,15.25921411,15.25921411
TSK000237,S065,93.79989574,93.79989574
TSK000237,S066,50.56209674,50.56209674
TSK000237,S067,40.88018382,40.88018382
TSK000237,S068,36.66715969,36.66715969
TSK000237,S069,32.85755768,32.85755768
TSK000237,S070,57.59605367,57.59605367
TSK000237,S071,33.67337273,33.67337273
TSK000237,S072,15.25921411,15.25921411
TSK000237,S073,50.70514595,50.70514595
TSK000237,S074,15.25921411,15.25921411
TSK000237,S075,15.25921411,15.25921411
TSK000237,S076,75.14953553,75.14953553
TSK000237,S077,15.25921411,15.25921411
TSK000237,S078,97.63674287,97.63674287
TSK000237,S079,42.28030509,42.28030509
TSK000237,S080,41.20932268,41.20932268
TSK000237,S081,163.94041823,163.94041823
TSK000237,S082,101.16384025,101.16384025
TSK000237,S083,15.25921411,15.25921411
TSK000237,S084,102.86319941,102.86319941
TSK000237,S085,73.60317472,73.60317472
TSK000237,S086,42.86050528,42.86050528
TSK000237,S087,15.25921411,15.25921411
TSK000237,S088,15.25921411,15.25921411
TSK000237,S089,92.56907415,92.56907415
TSK000237,S090,126.678087,126.678087
TSK000237,S091,49.1972091,49.1972091
TSK000237,S092,39.62585488,39.62585488
TSK000237,S093,48.63293811,48.63293811
TSK000237,S094,42.40491963,42.40491963
TSK000237,S095,52.60249019,52.60249019
TSK000237,S096,58.26687417,58.26687417
TSK000237,S097,79.16060094,79.16060094
TSK000237,S098,129.01616532,129.01616532
TSK000237,S099,65.43383264,65.43383264
TSK000237,S100,77.2440446,77.2440446
TSK000357,S001,15.02480065,15.02480065
TSK000357,S002,100.46692263,100.46692263
TSK000357,S003,50.59391607,50.59391607
TSK000357,S004,31.7655604,31.7655604
TSK000357,S005,15.02480065,15.02480065
TSK000357,S006,37.17923201,37.17923201
TSK000357,S007,15.02480065,15.02480065
TSK000357,S008,15.02480065,15.02480065
TSK000357,S009,25.32892465,25.32892465
TSK000357,S010,60.06353272,60.06353272
TSK000357,S011,28.29013667,28.29013667
TSK000357,S012,55.00076324,55.00076324
TSK000357,S013,27.86921995,27.86921995
TSK000357,S014,15.02480065,15.02480065
TSK000357,S015,65.82093008,65.82093008
TSK000357,S016,96.83941761,96.83941761
TSK000357,S017,35.63483319,35.63483319
TSK000357,S018,33.11190633,33.11190633
TSK000357,S019,15.02480065,15.02480065
TSK000357,S020,15.02480065,15.02480065
TSK000357,S021,50.59391607,50.59391607
TSK000357,S022,71.88043222,71.88043222
TSK000357,S023,74.34059057,74.34059057
TSK000357,S024,79.91302567,79.91302567
TSK000357,S025,39.96959048,39.96959048
TSK000357,S026,35.78975737,35.78975737
TSK000357,S027,40.74545559,40.74545559
TSK000357,S028,19.70797263,19.70797263
TSK000357,S029,64.1839856,64.1839856
TSK000357,S030,15.02480065,15.02480065
TSK000357,S031,39.31340995,39.31340995
TSK000357,S032,41.54852533,41.54852533
TSK000357,S033,51.29503537,51.29503537
TSK000357,S034,15.02480065,15.02480065
TSK000357,S035,42.51064745,42.51064745
TSK000357,S036,60.06353272,60.06353272
TSK000357,S037,25.45499116,25.45499116
TSK000357,S038,55.15395212,55.15395212
TSK000357,S039,89.15217473,89.15217473
TSK000357,S040,26.37035343,26.37035343
TSK000357,S041,130.3130859,130.3130859
TSK000357,S042,15.02480065,15.02480065
TSK000357,S043,52.08366105,52.08366105
TSK000357,S044,15.02480065,15.02480065
TSK000357,S045,44.52664899,44.52664899
TSK000357,S046,39.88637505,39.88637505
TSK000357,S047,15.02480065,15.02480065
TSK000357,S048,64.88250943,64.88250943
TSK000357,S049,34.44145502,34.44145502
TSK000357,S050,15.02480065,15.02480065
TSK000357,S051,70.31822122,70.31822122
TSK000357,S052,30.21018471,30.21018471
TSK000357,S053,15.02480065,15.02480065
TSK000357,S054,121.25564351,121.25564351
TSK000357,S055,33.11190633,33.11190633
TSK000357,S056,48.69993533,48.69993533
TSK000357,S057,15.02480065,15.02480065
TSK000357,S058,89.76475338,89.76475338
TSK000357,S059,33.69734494,33.69734494
TSK000357,S060,39.33407317,39.33407317
TSK000357,S061,34.29475605,34.29475605
TSK000357,S062,21.54417373,21.54417373
TSK000357,S063,35.78975737,35.78975737
TSK000357,S064,15.02480065,15.02480065
TSK000357,S065,93.20759794,93.20759794
TSK000357,S066,47.86546759,47.86546759
TSK000357,S067,39.96959048,39.96959048
TSK000357,S068,37.4347513,37.4347513
TSK000357,S069,34.29475605,34.29475605
TSK000357,S070,55.10816647,55.10816647
TSK000357,S071,33.10443329,33.10443329
TSK000357,S072,15.02480065,15.02480065
TSK000357,S073,51.49155427,51.49155427
TSK000357,S074,15.02480065,15.02480065
TSK000357,S075,15.02480065,15.02480065
TSK000357,S076,71.88043222,71.88043222
TSK000357,S077,15.02480065,15.02480065
TSK000357,S078,94.98907405,94.98907405
TSK000357,S079,41.89762645,41.89762645
TSK000357,S080,41.38689875,41.38689875
TSK000357,S081,155.5873213,155.5873213
TSK000357,S082,97.64092974,97.64092974
TSK000357,S083,15.02480065,15.02480065
TSK000357,S084,100.70976828,100.70976828
TSK000357,S085,72.86548339,72.86548339
TSK000357,S086,44.05797433,44.05797433
TSK000357,S087,15.02480065,15.02480065
TSK000357,S088,15.02480065,15.02480065
TSK000357,S089,88.21544793,88.21544793
TSK000357,S090,122.26045241,122.26045241
TSK000357,S091,51.29503537,51.29503537
TSK000357,S092,39.09370982,39.09370982
TSK000357,S093,47.20352148,47.20352148
TSK000357,S094,41.75580807,41.75580807
TSK000357,S095,50.93124796,50.93124796
TSK000357,S096,55.15395212,55.15395212
TSK000357,S097,74.46935605,74.46935605
TSK000357,S098,125.42168186,125.42168186
TSK000357,S099,66.11389086,66.11389086
TSK000357,S100,76.56208614,76.56208614
TSK000410,S001,7.11385366,7.11385366
TSK000410,S002,39.87139109,39.87139109
TSK000410,S003,22.28383107,22.28383107
TSK000410,S004,16.51974373,16.51974373
TSK000410,S005,7.11385366,7.11385366
TSK000410,S006,20.40867985,20.40867985
TSK000410,S007,7.11385366,7.11385366
TSK000410,S008,7.11385366,7.11385366
TSK000410,S009,12.79428262,12.79428262
TSK000410,S010,32.09076911,32.09076911
TSK000410,S011,14.51704975,14.51704975
TSK000410,S012,27.23603771,27.23603771
TSK000410,S013,14.59486363,14.59486363
TSK000410,S014,7.11385366,7.11385366
TSK000410,S015,27.80461117,27.80461117
TSK000410,S016,48.19553066,48.19553066
TSK000410,S017,16.5863954,16.5863954
TSK000410,S018,16.80611121,16.80611121
TSK000410,S019,7.11385366,7.11385366
TSK000410,S020,7.11385366,7.11385366
TSK000410,S021,22.28383107,22.28383107
TSK000410,S022,34.13069389,34.13069389
TSK000410,S023,35.32762466,35.32762466
TSK000410,S024,38.05861541,38.05861541
TSK000410,S025,17.79819216,17.79819216
TSK000410,S026,16.97150387,16.97150387
TSK000410,S027,20.63872686,20.63872686
TSK000410,S028,9.96635006,9.96635006
TSK000410,S029,31.62496902,31.62496902
TSK000410,S030,7.11385366,7.11385366
TSK000410,S031,17.4962878,17.4962878
TSK000410,S032,21.61011261,21.61011261
TSK000410,S033,27.46774534,27.46774534
TSK000410,S034,7.11385366,7.11385366
TSK000410,S035,22.58855798,22.58855798
TSK000410,S036,32.09076911,32.09076911
TSK000410,S037,13.37896096,13.37896096
TSK000410,S038,25.44358986,25.44358986
TSK000410,S039,40.07355183,40.07355183
TSK000410,S040,13.74454864,13.74454864
TSK000410,S041,53.15234273,53.15234273
TSK000410,S042,7.11385366,7.11385366
TSK000410,S043,25.57586133,25.57586133
TSK000410,S044,7.11385366,7.11385366
TSK000410,S045,21.5163846,21.5163846
TSK000410,S046,17.63246334,17.63246334
TSK000410,S047,7.11385366,7.11385366
TSK000410,S048,31.38467355,31.38467355
TSK000410,S049,18.04898477,18.04898477
TSK000410,S050,7.11385366,7.11385366
TSK000410,S051,34.55513207,34.55513207
TSK000410,S052,16.45980595,16.45980595
TSK000410,S053,7.11385366,7.11385366
TSK000410,S054,65.6001906,65.6001906
TSK000410,S055,16.80611121,16.80611121
TSK000410,S056,23.45626722,23.45626722
TSK000410,S057,7.11385366,7.11385366
TSK000410,S058,40.32167676,40.32167676
TSK000410,S059,17.2366524,17.2366524
TSK000410,S060,19.83585702,19.83585702
TSK000410,S061,18.81097699,18.81097699
TSK000410,S062,10.25239502,10.25239502
TSK000410,S063,16.97150387,16.97150387
TSK000410,S064,7.11385366,7.11385366
TSK000410,S065,47.35195991,47.35195991
TSK000410,S066,21.01141917,21.01141917
TSK000410,S067,17.79819216,17.79819216
TSK000410,S068,20.99675148,20.99675148
TSK000410,S069,18.81097699,18.81097699
TSK000410,S070,26.49074996,26.49074996
TSK000410,S071,15.15852346,15.15852346
TSK000410,S072,7.11385366,7.11385366
TSK000410,S073,27.16113681,27.16113681
TSK000410,S074,7.11385366,7.11385366
TSK000410,S075,7.11385366,7.11385366
TSK000410,S076,34.13069389,34.13069389
TSK000410,S077,7.11385366,7.11385366
TSK000410,S078,44.71742668,44.71742668
TSK000410,S079,20.22561168,20.22561168
TSK000410,S080,20.31685936,20.31685936
TSK000410,S081,65.18327796,65.18327796
TSK000410,S082,43.25768809,43.25768809
TSK000410,S083,7.11385366,7.11385366
TSK000410,S084,48.24050683,48.24050683
TSK000410,S085,34.71240453,34.71240453
TSK000410,S086,23.7367914,23.7367914
TSK000410,S087,7.11385366,7.11385366
TSK000410,S088,7.11385366,7.11385366
TSK000410,S089,34.89958423,34.89958423
TSK000410,S090,53.1044508,53.1044508
TSK000410,S091,27.46774534,27.46774534
TSK000410,S092,19.65771936,19.65771936
TSK000410,S093,23.17611959,23.17611959
TSK000410,S094,21.35357641,21.35357641
TSK000410,S095,23.29575187,23.29575187
TSK000410,S096,25.44358986,25.44358986
TSK000410,S097,30.58278423,30.58278423
TSK000410,S098,59.75318838,59.75318838
TSK000410,S099,34.56318997,34.56318997
TSK000410,S100,35.71936783,35.71936783
TSK000436,S001,8.39484343,8.39484343
TSK000436,S002,55.64678173,55.64678173
TSK000436,S003,30.27716099,30.27716099
TSK000436,S004,18.96058914,18.96058914
TSK000436,S005,8.39484343,8.39484343
TSK000436,S006,20.89277169,20.89277169
TSK000436,S007,8.39484343,8.39484343
TSK000436,S008,8.39484343,8.39484343
TSK000436,S009,14.86078402,14.86078402
TSK000436,S010,35.67279204,35.67279204
TSK000436,S011,16.83742701,16.83742701
TSK000436,S012,33.0319136,33.0319136
TSK000436,S013,16.17626405,16.17626405
TSK000436,S014,8.39484343,8.39484343
TSK000436,S015,34.54055025,34.54055025
TSK000436,S016,59.08717063,59.08717063
TSK000436,S017,19.52101294,19.52101294
TSK000436,S018,19.4084182,19.4084182
TSK000436,S019,8.39484343,8.39484343
TSK000436,S020,8.39484343,8.39484343
TSK000436,S021,30.27716099,30.27716099
TSK000436,S022,44.93637344,44.93637344
TSK000436,S023,46.11790183,46.11790183
TSK000436,S024,46.8006778,46.8006778
TSK000436,S025,21.44410866,21.44410866
TSK000436,S026,19.70281195,19.70281195
TSK000436,S027,23.13639143,23.13639143
TSK000436,S028,11.0101432,11.0101432
TSK000436,S029,35.33978297,35.33978297
TSK000436,S030,8.39484343,8.39484343
TSK000436,S031,21.21305524,21.21305524
TSK000436,S032,24.75324945,24.75324945
TSK000436,S033,29.14126422,29.14126422
TSK000436,S034,8.39484343,8.39484343
TSK000436,S035,25.05854466,25.05854466
TSK000436,S036,35.67279204,35.67279204
TSK000436,S037,14.5754005,14.5754005
TSK000436,S038,34.40209458,34.40209458
TSK000436,S039,50.13518,50.13518
TSK000436,S040,15.31249046,15.31249046
TSK000436,S041,68.70214141,68.70214141
TSK000436,S042,8.39484343,8.39484343
TSK000436,S043,29.22926006,29.22926006
TSK000436,S044,8.39484343,8.39484343
TSK000436,S045,24.75928071,24.75928071
TSK000436,S046,21.23833364,21.23833364
TSK000436,S047,8.39484343,8.39484343
TSK000436,S048,41.34043467,41.34043467
TSK000436,S049,20.40841167,20.40841167
TSK000436,S050,8.39484343,8.39484343
TSK000436,S051,43.81053779,43.81053779
TSK000436,S052,17.27834351,17.27834351
TSK000436,S053,8.39484343,8.39484343
TSK000436,S054,72.65414352,72.65414352
TSK000436,S055,19.4084182,19.4084182
TSK000436,S056,30.62375126,30.62375126
TSK000436,S057,8.39484343,8.39484343
TSK000436,S058,53.77568681,53.77568681
TSK000436,S059,19.9323209,19.9323209
TSK000436,S060,22.59706707,22.59706707
TSK000436,S061,19.4267715,19.4267715
TSK000436,S062,12.74106176,12.74106176
TSK000436,S063,19.70281195,19.70281195
TSK000436,S064,8.39484343,8.39484343
TSK000436,S065,56.39092039,56.39092039
TSK000436,S066,28.44173827,28.44173827
TSK000436,S067,21.44410866,21.44410866
TSK000436,S068,22.40967296,22.40967296
TSK000436,S069,19.4267715,19.4267715
TSK000436,S070,34.90955862,34.90955862
TSK000436,S071,17.957602,17.957602
TSK000436,S072,8.39484343,8.39484343
TSK000436,S073,30.47625349,30.47625349
TSK000436,S074,8.39484343,8.39484343
TSK000436,S075,8.39484343,8.39484343
TSK000436,S076,44.93637344,44.93637344
TSK000436,S077,8.39484343,8.39484343
TSK000436,S078,56.52926767,56.52926767
TSK000436,S079,23.4752864,23.4752864
TSK000436,S080,22.74011986,22.74011986
TSK000436,S081,87.32130078,87.32130078
TSK000436,S082,55.04043324,55.04043324
TSK000436,S083,8.39484343,8.39484343
TSK000436,S084,59.83420239,59.83420239
TSK000436,S085,40.43098143,40.43098143
TSK000436,S086,25.65912032,25.65912032
TSK000436,S087,8.39484343,8.39484343
TSK000436,S088,8.39484343,8.39484343
TSK000436,S089,45.6775395,45.6775395
TSK000436,S090,67.12715221,67.12715221
TSK000436,S091,29.14126422,29.14126422
TSK000436,S092,23.65708056,23.65708056
TSK000436,S093,29.23217728,29.23217728
TSK000436,S094,25.60605568,25.60605568
TSK000436,S095,29.59649135,29.59649135
TSK000436,S096,34.40209458,34.40209458
TSK000436,S097,42.24819586,42.24819586
TSK000436,S098,74.09687013,74.09687013
TSK000436,S099,39.54705262,39.54705262
TSK000436,S100,42.0029438,42.0029438
TSK000486,S001,5.14416981,5.14416981
TSK000486,S002,23.95216286,23.95216286
TSK000486,S003,13.85412947,13.85412947
TSK000486,S004,12.15233017,12.15233017
TSK000486,S005,5.14416981,5.14416981
TSK000486,S006,15.52170016,15.52170016
TSK000486,S007,5.14416981,5.14416981
TSK000486,S008,5.14416981,5.14416981
TSK000486,S009,9.26769392,9.26769392
TSK000486,S010,23.20781187,23.20781187
TSK000486,S011,10.62866015,10.62866015
TSK000486,S012,18.8387908,18.8387908
TSK000486,S013,10.89440358,10.89440358
TSK000486,S014,5.14416981,5.14416981
TSK000486,S015,20.58503404,20.58503404
TSK000486,S016,33.01457844,33.01457844
TSK000486,S017,11.83988156,11.83988156
TSK000486,S018,11.8454686,11.8454686
TSK000486,S019,5.14416981,5.14416981
TSK000486,S020,5.14416981,5.14416981
TSK000486,S021,13.85412947,13.85412947
TSK000486,S022,21.84103461,21.84103461
TSK000486,S023,22.99939402,22.99939402
TSK000486,S024,26.87932633,26.87932633
TSK000486,S025,12.43119139,12.43119139
TSK000486,S026,12.42065693,12.42065693
TSK000486,S027,15.04194554,15.04194554
TSK000486,S028,7.40266729,7.40266729
TSK000486,S029,22.64624933,22.64624933
TSK000486,S030,5.14416981,5.14416981
TSK000486,S031,12.30671528,12.30671528
TSK000486,S032,15.48823341,15.48823341
TSK000486,S033,19.83420766,19.83420766
TSK000486,S034,5.14416981,5.14416981
TSK000486,S035,16.55921927,16.55921927
TSK000486,S036,23.20781187,23.20781187
TSK000486,S037,10.10238553,10.10238553
TSK000486,S038,16.03160042,16.03160042
TSK000486,S039,26.65251608,26.65251608
TSK000486,S040,10.27062026,10.27062026
TSK000486,S041,34.36400973,34.36400973
TSK000486,S042,5.14416981,5.14416981
TSK000486,S043,18.16198014,18.16198014
TSK000486,S044,5.14416981,5.14416981
TSK000486,S045,15.37324879,15.37324879
TSK000486,S046,12.16517703,12.16517703
TSK000486,S047,5.14416981,5.14416981
TSK000486,S048,20.0731678,20.0731678
TSK000486,S049,13.78128704,13.78128704
TSK000486,S050,5.14416981,5.14416981
TSK000486,S051,22.44395969,22.44395969
TSK000486,S052,12.71396876,12.71396876
TSK000486,S053,5.14416981,5.14416981
TSK000486,S054,47.02184088,47.02184088
TSK000486,S055,11.8454686,11.8454686
TSK000486,S056,15.13791446,15.13791446
TSK000486,S057,5.14416981,5.14416981
TSK000486,S058,25.34441356,25.34441356
TSK000486,S059,12.29294731,12.29294731
TSK000486,S060,14.50870566,14.50870566
TSK000486,S061,14.42730349,14.42730349
TSK000486,S062,7.04567912,7.04567912
TSK000486,S063,12.42065693,12.42065693
TSK000486,S064,5.14416981,5.14416981
TSK000486,S065,32.41627466,32.41627466
TSK000486,S066,13.12356435,13.12356435
TSK000486,S067,12.43119139,12.43119139
TSK000486,S068,16.65751584,16.65751584
TSK000486,S069,14.42730349,14.42730349
TSK000486,S070,16.92539512,16.92539512
TSK000486,S071,10.7773905,10.7773905
TSK000486,S072,5.14416981,5.14416981
TSK000486,S073,19.47480018,19.47480018
TSK000486,S074,5.14416981,5.14416981
TSK000486,S075,5.14416981,5.14416981
TSK000486,S076,21.84103461,21.84103461
TSK000486,S077,5.14416981,5.14416981
TSK000486,S078,28.86444356,28.86444356
TSK000486,S079,14.66329434,14.66329434
TSK000486,S080,14.99458525,14.99458525
TSK000486,S081,40.88733568,40.88733568
TSK000486,S082,28.35109677,28.35109677
TSK000486,S083,5.14416981,5.14416981
TSK000486,S084,31.71111604,31.71111604
TSK000486,S085,25.12943477,25.12943477
TSK000486,S086,17.59378653,17.59378653
TSK000486,S087,5.14416981,5.14416981
TSK000486,S088,5.14416981,5.14416981
TSK000486,S089,22.54049651,22.54049651
TSK000486,S090,35.24118378,35.24118378
TSK000486,S091,19.83420766,19.83420766
TSK000486,S092,13.5981548,13.5981548
TSK000486,S093,15.45753997,15.45753997
TSK000486,S094,15.10380347,15.10380347
TSK000486,S095,15.18150401,15.18150401
TSK000486,S096,16.03160042,16.03160042
TSK000486,S097,18.61903751,18.61903751
TSK000486,S098,40.79076464,40.79076464
TSK000486,S099,24.20294191,24.20294191
TSK000486,S100,24.79171654,24.79171654
TSK000501,S001,1.94475516,1.94475516
TSK000501,S002,6.03893055,6.03893055
TSK000501,S003,3.84076301,3.84076301
TSK000501,S004,4.65367981,4.65367981
TSK000501,S005,1.94475516,1.94475516
TSK000501,S006,5.59960844,5.59960844
TSK000501,S007,1.94475516,1.94475516
TSK000501,S008,1.94475516,1.94475516
TSK000501,S009,3.42947121,3.42947121
TSK000501,S010,7.89546134,7.89546134
TSK000501,S011,4.07400865,4.07400865
TSK000501,S012,6.34539835,6.34539835
TSK000501,S013,4.14988061,4.14988061
TSK000501,S014,1.94475516,1.94475516
TSK000501,S015,9.11059285,9.11059285
TSK000501,S016,10.93582349,10.93582349
TSK000501,S017,4.25103462,4.25103462
TSK000501,S018,3.90083033,3.90083033
TSK000501,S019,1.94475516,1.94475516
TSK000501,S020,1.94475516,1.94475516
TSK000501,S021,3.84076301,3.84076301
TSK000501,S022,6.3645018,6.3645018
TSK000501,S023,7.09774571,7.09774571
TSK000501,S024,10.06952886,10.06952886
TSK000501,S025,4.29487041,4.29487041
TSK000501,S026,4.76171685,4.76171685
TSK000501,S027,5.35350253,5.35350253
TSK000501,S028,2.75673108,2.75673108
TSK000501,S029,7.47234268,7.47234268
TSK000501,S030,1.94475516,1.94475516
TSK000501,S031,4.42238149,4.42238149
TSK000501,S032,5.37166023,5.37166023
TSK000501,S033,6.14776833,6.14776833
TSK000501,S034,1.94475516,1.94475516
TSK000501,S035,5.91730477,5.91730477
TSK000501,S036,7.89546134,7.89546134
TSK000501,S037,3.89941383,3.89941383
TSK000501,S038,4.68061262,4.68061262
TSK000501,S039,8.13667917,8.13667917
TSK000501,S040,3.9582992,3.9582992
TSK000501,S041,9.99575281,9.99575281
TSK000501,S042,1.94475516,1.94475516
TSK000501,S043,6.04368664,6.04368664
TSK000501,S044,1.94475516,1.94475516
TSK000501,S045,5.31244267,5.31244267
TSK000501,S046,3.99654081,3.99654081
TSK000501,S047,1.94475516,1.94475516
TSK000501,S048,5.84215688,5.84215688
TSK000501,S049,5.81946293,5.81946293
TSK000501,S050,1.94475516,1.94475516
TSK000501,S051,6.33192047,6.33192047
TSK000501,S052,5.02095554,5.02095554
TSK000501,S053,1.94475516,1.94475516
TSK000501,S054,15.31743585,15.31743585
TSK000501,S055,3.90083033,3.90083033
TSK000501,S056,4.4876567,4.4876567
TSK000501,S057,1.94475516,1.94475516
TSK000501,S058,7.01452357,7.01452357
TSK000501,S059,4.25673707,4.25673707
TSK000501,S060,5.37837674,5.37837674
TSK000501,S061,5.43488706,5.43488706
TSK000501,S062,2.43381049,2.43381049
TSK000501,S063,4.76171685,4.76171685
TSK000501,S064,1.94475516,1.94475516
TSK000501,S065,10.04270818,10.04270818
TSK000501,S066,3.6817316,3.6817316
TSK000501,S067,4.29487041,4.29487041
TSK000501,S068,7.30065826,7.30065826
TSK000501,S069,5.43488706,5.43488706
TSK000501,S070,4.90725199,4.90725199
TSK000501,S071,3.85843576,3.85843576
TSK000501,S072,1.94475516,1.94475516
TSK000501,S073,6.5102949,6.5102949
TSK000501,S074,1.94475516,1.94475516
TSK000501,S075,1.94475516,1.94475516
TSK000501,S076,6.3645018,6.3645018
TSK000501,S077,1.94475516,1.94475516
TSK000501,S078,7.82105973,7.82105973
TSK000501,S079,5.43605345,5.43605345
TSK000501,S080,5.57462658,5.57462658
TSK000501,S081,11.3524317,11.3524317
TSK000501,S082,8.43918715,8.43918715
TSK000501,S083,1.94475516,1.94475516
TSK000501,S084,8.95140446,8.95140446
TSK000501,S085,9.32406336,9.32406336
TSK000501,S086,6.27634323,6.27634323
TSK000501,S087,1.94475516,1.94475516
TSK000501,S088,1.94475516,1.94475516
TSK000501,S089,6.75233297,6.75233297
TSK000501,S090,10.92617136,10.92617136
TSK000501,S091,6.14776833,6.14776833
TSK000501,S092,4.50806685,4.50806685
TSK000501,S093,4.87466678,4.87466678
TSK000501,S094,5.42641835,5.42641835
TSK000501,S095,4.37949782,4.37949782
TSK000501,S096,4.68061262,4.68061262
TSK000501,S097,4.87800123,4.87800123
TSK000501,S098,13.65536287,13.65536287
TSK000501,S099,7.60520364,7.60520364
TSK000501,S100,7.93812597,7.93812597
TSK000531,S001,22.93167581,22.93167581
TSK000531,S002,169.88527791,169.88527791
TSK000531,S003,90.9857177,90.9857177
TSK000531,S004,51.15163903,51.15163903
TSK000531,S005,22.93167581,22.93167581
TSK000531,S006,55.52202332,55.52202332
TSK000531,S007,22.93167581,22.93167581
TSK000531,S008,22.93167581,22.93167581
TSK000531,S009,40.67774723,40.67774723
TSK000531,S010,98.92033704,98.92033704
TSK000531,S011,45.55594386,45.55594386
TSK000531,S012,93.78531329,93.78531329
TSK000531,S013,43.2422584,43.2422584
TSK000531,S014,22.93167581,22.93167581
TSK000531,S015,90.85622686,90.85622686
TSK000531,S016,168.82549391,168.82549391
TSK000531,S017,54.10777603,54.10777603
TSK000531,S018,54.79626925,54.79626925
TSK000531,S019,22.93167581,22.93167581
TSK000531,S020,22.93167581,22.93167581
TSK000531,S021,90.9857177,90.9857177
TSK000531,S022,133.38531727,133.38531727
TSK000531,S023,135.34710082,135.34710082
TSK000531,S024,129.67995314,129.67995314
TSK000531,S025,60.41107036,60.41107036
TSK000531,S026,53.32095393,53.32095393
TSK000531,S027,63.45363157,63.45363157
TSK000531,S028,29.63305334,29.63305334
TSK000531,S029,98.95535359,98.95535359
TSK000531,S030,22.93167581,22.93167581
TSK000531,S031,59.23950421,59.23950421
TSK000531,S032,68.79567662,68.79567662
TSK000531,S033,81.95538071,81.95538071
TSK000531,S034,22.93167581,22.93167581
TSK000531,S035,68.43949242,68.43949242
TSK000531,S036,98.92033704,98.92033704
TSK000531,S037,38.55805987,38.55805987
TSK000531,S038,102.50702067,102.50702067
TSK000531,S039,146.31793148,146.31793148
TSK000531,S040,40.83146432,40.83146432
TSK000531,S041,203.39464442,203.39464442
TSK000531,S042,22.93167581,22.93167581
TSK000531,S043,82.10237083,82.10237083
TSK000531,S044,22.93167581,22.93167581
TSK000531,S045,68.96246061,68.96246061
TSK000531,S046,60.56568752,60.56568752
TSK000531,S047,22.93167581,22.93167581
TSK000531,S048,122.74524811,122.74524811
TSK000531,S049,52.80768883,52.80768883
TSK000531,S050,22.93167581,22.93167581
TSK000531,S051,129.97340363,129.97340363
TSK000531,S052,44.7091495,44.7091495
TSK000531,S053,22.93167581,22.93167581
TSK000531,S054,203.70033859,203.70033859
TSK000531,S055,54.79626925,54.79626925
TSK000531,S056,90.51715292,90.51715292
TSK000531,S057,22.93167581,22.93167581
TSK000531,S058,161.22037143,161.22037143
TSK000531,S059,55.55554141,55.55554141
TSK000531,S060,61.47435832,61.47435832
TSK000531,S061,50.93771584,50.93771584
TSK000531,S062,36.15631765,36.15631765
TSK000531,S063,53.32095393,53.32095393
TSK000531,S064,22.93167581,22.93167581
TSK000531,S065,162.55449951,162.55449951
TSK000531,S066,85.27755016,85.27755016
TSK000531,S067,60.41107036,60.41107036
TSK000531,S068,55.65819937,55.65819937
TSK000531,S069,50.93771584,50.93771584
TSK000531,S070,103.72287933,103.72287933
TSK000531,S071,49.90035197,49.90035197
TSK000531,S072,22.93167581,22.93167581
TSK000531,S073,85.12241469,85.12241469
TSK000531,S074,22.93167581,22.93167581
TSK000531,S075,22.93167581,22.93167581
TSK000531,S076,133.38531727,133.38531727
TSK000531,S077,22.93167581,22.93167581
TSK000531,S078,168.73144414,168.73144414
TSK000531,S079,64.20819529,64.20819529
TSK000531,S080,61.4820423,61.4820423
TSK000531,S081,261.83202261,261.83202261
TSK000531,S082,161.87326995,161.87326995
TSK000531,S083,22.93167581,22.93167581
TSK000531,S084,176.88403714,176.88403714
TSK000531,S085,110.66595419,110.66595419
TSK000531,S086,69.59872732,69.59872732
TSK000531,S087,22.93167581,22.93167581
TSK000531,S088,22.93167581,22.93167581
TSK000531,S089,134.82572333,134.82572333
TSK000531,S090,195.6922312,195.6922312
TSK000531,S091,81.95538071,81.95538071
TSK000531,S092,67.30642382,67.30642382
TSK000531,S093,84.89805607,84.89805607
TSK000531,S094,71.3092023,71.3092023
TSK000531,S095,87.50273981,87.50273981
TSK000531,S096,102.50702067,102.50702067
TSK000531,S097,128.21565487,128.21565487
TSK000531,S098,211.72206041,211.72206041
TSK000531,S099,112.70550565,112.70550565
TSK000531,S100,119.87622528,119.87622528
TSK000577,S001,26.38962661,26.38962661
TSK000577,S002,200.89278237,200.89278237
TSK000577,S003,99.03439179,99.03439179
TSK000577,S004,54.60202222,54.60202222
TSK000577,S005,26.38962661,26.38962661
TSK000577,S006,60.11226293,60.11226293
TSK000577,S007,26.38962661,26.38962661
TSK000577,S008,26.38962661,26.38962661
TSK000577,S009,44.12838654,44.12838654
TSK000577,S010,103.00396134,103.00396134
TSK000577,S011,48.95141418,48.95141418
TSK000577,S012,99.74102849,99.74102849
TSK000577,S013,46.9635976,46.9635976
TSK000577,S014,26.38962661,26.38962661
TSK000577,S015,115.63684199,115.63684199
TSK000577,S016,177.07441353,177.07441353
TSK000577,S017,63.64677924,63.64677924
TSK000577,S018,58.38664493,58.38664493
TSK000577,S019,26.38962661,26.38962661
TSK000577,S020,26.38962661,26.38962661
TSK000577,S021,99.03439179,99.03439179
TSK000577,S022,137.91865623,137.91865623
TSK000577,S023,140.72375163,140.72375163
TSK000577,S024,143.20532737,143.20532737
TSK000577,S025,72.87137625,72.87137625
TSK000577,S026,62.87866317,62.87866317
TSK000577,S027,70.32393015,70.32393015
TSK000577,S028,33.35732644,33.35732644
TSK000577,S029,112.33453695,112.33453695
TSK000577,S030,26.38962661,26.38962661
TSK000577,S031,71.60052332,71.60052332
TSK000577,S032,72.38489729,72.38489729
TSK000577,S033,86.74636222,86.74636222
TSK000577,S034,26.38962661,26.38962661
TSK000577,S035,72.3246275,72.3246275
TSK000577,S036,103.00396134,103.00396134
TSK000577,S037,42.3631228,42.3631228
TSK000577,S038,107.20509971,107.20509971
TSK000577,S039,167.19420823,167.19420823
TSK000577,S040,44.49956177,44.49956177
TSK000577,S041,250.72465612,250.72465612
TSK000577,S042,26.38962661,26.38962661
TSK000577,S043,91.99847241,91.99847241
TSK000577,S044,26.38962661,26.38962661
TSK000577,S045,78.71767143,78.71767143
TSK000577,S046,73.09417912,73.09417912
TSK000577,S047,26.38962661,26.38962661
TSK000577,S048,124.34430338,124.34430338
TSK000577,S049,57.06995772,57.06995772
TSK000577,S050,26.38962661,26.38962661
TSK000577,S051,132.33591677,132.33591677
TSK000577,S052,48.79914517,48.79914517
TSK000577,S053,26.38962661,26.38962661
TSK000577,S054,208.58195833,208.58195833
TSK000577,S055,58.38664493,58.38664493
TSK000577,S056,92.72209696,92.72209696
TSK000577,S057,26.38962661,26.38962661
TSK000577,S058,174.47679237,174.47679237
TSK000577,S059,59.07258788,59.07258788
TSK000577,S060,68.12084945,68.12084945
TSK000577,S061,55.31080231,55.31080231
TSK000577,S062,39.3385586,39.3385586
TSK000577,S063,62.87866317,62.87866317
TSK000577,S064,26.38962661,26.38962661
TSK000577,S065,168.64418715,168.64418715
TSK000577,S066,93.46193106,93.46193106
TSK000577,S067,72.87137625,72.87137625
TSK000577,S068,59.49894637,59.49894637
TSK000577,S069,55.31080231,55.31080231
TSK000577,S070,105.63597977,105.63597977
TSK000577,S071,59.41777115,59.41777115
TSK000577,S072,26.38962661,26.38962661
TSK000577,S073,89.047625,89.047625
TSK000577,S074,26.38962661,26.38962661
TSK000577,S075,26.38962661,26.38962661
TSK000577,S076,137.91865623,137.91865623
TSK000577,S077,26.38962661,26.38962661
TSK000577,S078,179.97636839,179.97636839
TSK000577,S079,73.77240483,73.77240483
TSK000577,S080,71.39851022,71.39851022
TSK000577,S081,304.23724093,304.23724093
TSK000577,S082,185.22314927,185.22314927
TSK000577,S083,26.38962661,26.38962661
TSK000577,S084,188.39394918,188.39394918
TSK000577,S085,127.73776636,127.73776636
TSK000577,S086,73.78797153,73.78797153
TSK000577,S087,26.38962661,26.38962661
TSK000577,S088,26.38962661,26.38962661
TSK000577,S089,170.41781821,170.41781821
TSK000577,S090,231.0699798,231.0699798
TSK000577,S091,86.74636222,86.74636222
TSK000577,S092,70.47224149,70.47224149
TSK000577,S093,87.65227574,87.65227574
TSK000577,S094,74.35221826,74.35221826
TSK000577,S095,96.31414009,96.31414009
TSK000577,S096,107.20509971,107.20509971
TSK000577,S097,147.79651902,147.79651902
TSK000577,S098,231.6061469,231.6061469
TSK000577,S099,116.52773313,116.52773313
TSK000577,S100,138.69581981,138.69581981
TSK000669,S001,6.42792512,6.42792512
TSK000669,S002,38.01415169,38.01415169
TSK000669,S003,21.05546984,21.05546984
TSK000669,S004,14.7271986,14.7271986
TSK000669,S005,6.42792512,6.42792512
TSK000669,S006,16.87509899,16.87509899
TSK000669,S007,6.42792512,6.42792512
TSK000669,S008,6.42792512,6.42792512
TSK000669,S009,11.4118214,11.4118214
TSK000669,S010,27.50497149,27.50497149
TSK000669,S011,13.02122452,13.02122452
TSK000669,S012,24.53931384,24.53931384
TSK000669,S013,12.74516045,12.74516045
TSK000669,S014,6.42792512,6.42792512
TSK000669,S015,26.67786127,26.67786127
TSK000669,S016,43.60144377,43.60144377
TSK000669,S017,14.82991446,14.82991446
TSK000669,S018,14.65444838,14.65444838
TSK000669,S019,6.42792512,6.42792512
TSK000669,S020,6.42792512,6.42792512
TSK000669,S021,21.05546984,21.05546984
TSK000669,S022,31.76346466,31.76346466
TSK000669,S023,32.91943648,32.91943648
TSK000669,S024,35.16601012,35.16601012
TSK000669,S025,16.03487462,16.03487462
TSK000669,S026,15.23145263,15.23145263
TSK000669,S027,17.91311019,17.91311019
TSK000669,S028,8.64965374,8.64965374
TSK000669,S029,27.05376257,27.05376257
TSK000669,S030,6.42792512,6.42792512
TSK000669,S031,15.92138142,15.92138142
TSK000669,S032,18.90830105,18.90830105
TSK000669,S033,22.57193639,22.57193639
TSK000669,S034,6.42792512,6.42792512
TSK000669,S035,19.50222675,19.50222675
TSK000669,S036,27.50497149,27.50497149
TSK000669,S037,11.60257058,11.60257058
TSK000669,S038,24.09502799,24.09502799
TSK000669,S039,36.30620463,36.30620463
TSK000669,S040,12.06474759,12.06474759
TSK000669,S041,48.87396372,48.87396372
TSK000669,S042,6.42792512,6.42792512
TSK000669,S043,22.19976036,22.19976036
TSK000669,S044,6.42792512,6.42792512
TSK000669,S045,18.86559644,18.86559644
TSK000669,S046,15.76265253,15.76265253
TSK000669,S047,6.42792512,6.42792512
TSK000669,S048,29.21273819,29.21273819
TSK000669,S049,16.27990064,16.27990064
TSK000669,S050,6.42792512,6.42792512
TSK000669,S051,31.27497305,31.27497305
TSK000669,S052,14.05557764,14.05557764
TSK000669,S053,6.42792512,6.42792512
TSK000669,S054,55.71158963,55.71158963
TSK000669,S055,14.65444838,14.65444838
TSK000669,S056,21.75443713,21.75443713
TSK000669,S057,6.42792512,6.42792512
TSK000669,S058,37.63070315,37.63070315
TSK000669,S059,15.16185218,15.16185218
TSK000669,S060,17.50253851,17.50253851
TSK000669,S061,15.76475594,15.76475594
TSK000669,S062,9.4097875,9.4097875
TSK000669,S063,15.23145263,15.23145263
TSK000669,S064,6.42792512,6.42792512
TSK000669,S065,41.69212577,41.69212577
TSK000669,S066,19.82855556,19.82855556
TSK000669,S067,16.03487462,16.03487462
TSK000669,S068,18.5276088,18.5276088
TSK000669,S069,15.76475594,15.76475594
TSK000669,S070,24.65403584,24.65403584
TSK000669,S071,13.59869159,13.59869159
TSK000669,S072,6.42792512,6.42792512
TSK000669,S073,23.33969216,23.33969216
TSK000669,S074,6.42792512,6.42792512
TSK000669,S075,6.42792512,6.42792512
TSK000669,S076,31.76346466,31.76346466
TSK000669,S077,6.42792512,6.42792512
TSK000669,S078,40.21779171,40.21779171
TSK000669,S079,18.03851571,18.03851571
TSK000669,S080,17.75762918,17.75762918
TSK000669,S081,61.03087289,61.03087289
TSK000669,S082,39.48630688,39.48630688
TSK000669,S083,6.42792512,6.42792512
TSK000669,S084,43.05792017,43.05792017
TSK000669,S085,31.02592155,31.02592155
TSK000669,S086,20.18827349,20.18827349
TSK000669,S087,6.42792512,6.42792512
TSK000669,S088,6.42792512,6.42792512
TSK000669,S089,32.45862889,32.45862889
TSK000669,S090,48.5190014,48.5190014
TSK000669,S091,22.57193639,22.57193639
TSK000669,S092,17.58729552,17.58729552
TSK000669,S093,21.19271331,21.19271331
TSK000669,S094,19.30490142,19.30490142
TSK000669,S095,21.16596165,21.16596165
TSK000669,S096,24.09502799,24.09502799
TSK000669,S097,29.05767743,29.05767743
TSK000669,S098,54.51718638,54.51718638
TSK000669,S099,29.76281919,29.76281919
TSK000669,S100,31.35417207,31.35417207
TSK000731,S001,2.36954884,2.36954884
TSK000731,S002,7.19157764,7.19157764
TSK000731,S003,4.60262476,4.60262476
TSK000731,S004,5.69755478,5.69755478
TSK000731,S005,2.36954884,2.36954884
TSK000731,S006,7.069451,7.069451
TSK000731,S007,2.36954884,2.36954884
TSK000731,S008,2.36954884,2.36954884
TSK000731,S009,4.20414859,4.20414859
TSK000731,S010,9.88230548,9.88230548
TSK000731,S011,4.97587414,4.97587414
TSK000731,S012,7.77595746,7.77595746
TSK000731,S013,5.12137811,5.12137811
TSK000731,S014,2.36954884,2.36954884
TSK000731,S015,10.80931324,10.80931324
TSK000731,S016,13.38411703,13.38411703
TSK000731,S017,5.21301612,5.21301612
TSK000731,S018,4.85784273,4.85784273
TSK000731,S019,2.36954884,2.36954884
TSK000731,S020,2.36954884,2.36954884
TSK000731,S021,4.60262476,4.60262476
TSK000731,S022,7.69877343,7.69877343
TSK000731,S023,8.56810076,8.56810076
TSK000731,S024,12.15642666,12.15642666
TSK000731,S025,5.25777021,5.25777021
TSK000731,S026,5.8144863,5.8144863
TSK000731,S027,6.64782721,6.64782721
TSK000731,S028,3.4141018,3.4141018
TSK000731,S029,9.38052837,9.38052837
TSK000731,S030,2.36954884,2.36954884
TSK000731,S031,5.38159678,5.38159678
TSK000731,S032,6.65890084,6.65890084
TSK000731,S033,7.88692989,7.88692989
TSK000731,S034,2.36954884,2.36954884
TSK000731,S035,7.36112988,7.36112988
TSK000731,S036,9.88230548,9.88230548
TSK000731,S037,4.82065496,4.82065496
TSK000731,S038,5.59750991,5.59750991
TSK000731,S039,9.98422605,9.98422605
TSK000731,S040,4.872822,4.872822
TSK000731,S041,12.18296798,12.18296798
TSK000731,S042,2.36954884,2.36954884
TSK000731,S043,7.53633279,7.53633279
TSK000731,S044,2.36954884,2.36954884
TSK000731,S045,6.58113519,6.58113519
TSK000731,S046,4.92129948,4.92129948
TSK000731,S047,2.36954884,2.36954884
TSK000731,S048,7.06638035,7.06638035
TSK000731,S049,7.06829665,7.06829665
TSK000731,S050,2.36954884,2.36954884
TSK000731,S051,7.8013319,7.8013319
TSK000731,S052,6.23095339,6.23095339
TSK000731,S053,2.36954884,2.36954884
TSK000731,S054,19.30548655,19.30548655
TSK000731,S055,4.85784273,4.85784273
TSK000731,S056,5.43785226,5.43785226
TSK000731,S057,2.36954884,2.36954884
TSK000731,S058,8.47924988,8.47924988
TSK000731,S059,5.2655639,5.2655639
TSK000731,S060,6.62097985,6.62097985
TSK000731,S061,6.80784429,6.80784429
TSK000731,S062,2.95356788,2.95356788
TSK000731,S063,5.8144863,5.8144863
TSK000731,S064,2.36954884,2.36954884
TSK000731,S065,12.49721927,12.49721927
TSK000731,S066,4.4153211,4.4153211
TSK000731,S067,5.25777021,5.25777021
TSK000731,S068,8.91822818,8.91822818
TSK000731,S069,6.80784429,6.80784429
TSK000731,S070,5.93662543,5.93662543
TSK000731,S071,4.72541455,4.72541455
TSK000731,S072,2.36954884,2.36954884
TSK000731,S073,8.15005781,8.15005781
TSK000731,S074,2.36954884,2.36954884
TSK000731,S075,2.36954884,2.36954884
TSK000731,S076,7.69877343,7.69877343
TSK000731,S077,2.36954884,2.36954884
TSK000731,S078,9.6927017,9.6927017
TSK000731,S079,6.66370283,6.66370283
TSK000731,S080,6.88649221,6.88649221
TSK000731,S081,13.69146269,13.69146269
TSK000731,S082,10.32218059,10.32218059
TSK000731,S083,2.36954884,2.36954884
TSK000731,S084,11.11909709,11.11909709
TSK000731,S085,11.419366,11.419366
TSK000731,S086,7.85274474,7.85274474
TSK000731,S087,2.36954884,2.36954884
TSK000731,S088,2.36954884,2.36954884
TSK000731,S089,8.16586446,8.16586446
TSK000731,S090,13.3372295,13.3372295
TSK000731,S091,7.88692989,7.88692989
TSK000731,S092,5.54667926,5.54667926
TSK000731,S093,5.94407885,5.94407885
TSK000731,S094,6.62256431,6.62256431
TSK000731,S095,5.37806668,5.37806668
TSK000731,S096,5.59750991,5.59750991
TSK000731,S097,5.82426089,5.82426089
TSK000731,S098,16.63639899,16.63639899
TSK000731,S099,9.55419589,9.55419589
TSK000731,S100,9.87297391,9.87297391
TSK000806,S001,10.87261568,10.87261568
TSK000806,S002,73.03722576,73.03722576
TSK000806,S003,39.66097417,39.66097417
TSK000806,S004,24.64875952,24.64875952
TSK000806,S005,10.87261568,10.87261568
TSK000806,S006,28.34973177,28.34973177
TSK000806,S007,10.87261568,10.87261568
TSK000806,S008,10.87261568,10.87261568
TSK000806,S009,19.40740578,19.40740578
TSK000806,S010,47.9139302,47.9139302
TSK000806,S011,21.8301491,21.8301491
TSK000806,S012,43.432602,43.432602
TSK000806,S013,21.23232209,21.23232209
TSK000806,S014,10.87261568,10.87261568
TSK000806,S015,42.63068754,42.63068754
TSK000806,S016,77.68904603,77.68904603
TSK000806,S017,25.56592403,25.56592403
TSK000806,S018,25.95187581,25.95187581
TSK000806,S019,10.87261568,10.87261568
TSK000806,S020,10.87261568,10.87261568
TSK000806,S021,39.66097417,39.66097417
TSK000806,S022,59.02905823,59.02905823
TSK000806,S023,60.27878444,60.27878444
TSK000806,S024,60.14852735,60.14852735
TSK000806,S025,28.11999135,28.11999135
TSK000806,S026,25.5385466,25.5385466
TSK000806,S027,30.73200334,30.73200334
TSK000806,S028,14.53816184,14.53816184
TSK000806,S029,47.66711736,47.66711736
TSK000806,S030,10.87261568,10.87261568
TSK000806,S031,27.57522797,27.57522797
TSK000806,S032,32.86167989,32.86167989
TSK000806,S033,40.3433152,40.3433152
TSK000806,S034,10.87261568,10.87261568
TSK000806,S035,33.34846413,33.34846413
TSK000806,S036,47.9139302,47.9139302
TSK000806,S037,19.15134403,19.15134403
TSK000806,S038,44.86297968,44.86297968
TSK000806,S039,66.37028758,66.37028758
TSK000806,S040,20.01852285,20.01852285
TSK000806,S041,90.71826537,90.71826537
TSK000806,S042,10.87261568,10.87261568
TSK000806,S043,39.12334727,39.12334727
TSK000806,S044,10.87261568,10.87261568
TSK000806,S045,32.85268669,32.85268669
TSK000806,S046,28.09153066,28.09153066
TSK000806,S047,10.87261568,10.87261568
TSK000806,S048,54.30654059,54.30654059
TSK000806,S049,25.97919615,25.97919615
TSK000806,S050,10.87261568,10.87261568
TSK000806,S051,58.37571073,58.37571073
TSK000806,S052,22.77657662,22.77657662
TSK000806,S053,10.87261568,10.87261568
TSK000806,S054,98.4687182,98.4687182
TSK000806,S055,25.95187581,25.95187581
TSK000806,S056,40.23365856,40.23365856
TSK000806,S057,10.87261568,10.87261568
TSK000806,S058,70.8116422,70.8116422
TSK000806,S059,26.40374487,26.40374487
TSK000806,S060,29.64019194,29.64019194
TSK000806,S061,26.02750774,26.02750774
TSK000806,S062,16.57902395,16.57902395
TSK000806,S063,25.5385466,25.5385466
TSK000806,S064,10.87261568,10.87261568
TSK000806,S065,75.50713923,75.50713923
TSK000806,S066,37.24629359,37.24629359
TSK000806,S067,28.11999135,28.11999135
TSK000806,S068,28.55306025,28.55306025
TSK000806,S069,26.02750774,26.02750774
TSK000806,S070,45.87413625,45.87413625
TSK000806,S071,23.49326626,23.49326626
TSK000806,S072,10.87261568,10.87261568
TSK000806,S073,40.963597,40.963597
TSK000806,S074,10.87261568,10.87261568
TSK000806,S075,10.87261568,10.87261568
TSK000806,S076,59.02905823,59.02905823
TSK000806,S077,10.87261568,10.87261568
TSK000806,S078,75.74172004,75.74172004
TSK000806,S079,30.65117522,30.65117522
TSK000806,S080,29.93981085,29.93981085
TSK000806,S081,114.80467115,114.80467115
TSK000806,S082,72.77738182,72.77738182
TSK000806,S083,10.87261568,10.87261568
TSK000806,S084,80.21735572,80.21735572
TSK000806,S085,52.7355944,52.7355944
TSK000806,S086,34.39411409,34.39411409
TSK000806,S087,10.87261568,10.87261568
TSK000806,S088,10.87261568,10.87261568
TSK000806,S089,59.89298036,59.89298036
TSK000806,S090,88.42936644,88.42936644
TSK000806,S091,40.3433152,40.3433152
TSK000806,S092,31.25130229,31.25130229
TSK000806,S093,38.43817841,38.43817841
TSK000806,S094,33.37665513,33.37665513
TSK000806,S095,39.30636916,39.30636916
TSK000806,S096,44.86297968,44.86297968
TSK000806,S097,55.41005752,55.41005752
TSK000806,S098,96.97318847,96.97318847
TSK000806,S099,53.43219118,53.43219118
TSK000806,S100,56.14953027,56.14953027
TSK000869,S001,10.42060089,10.42060089
TSK000869,S002,69.03205695,69.03205695
TSK000869,S003,37.56349789,37.56349789
TSK000869,S004,23.6724297,23.6724297
TSK000869,S005,10.42060089,10.42060089
TSK000869,S006,27.40310201,27.40310201
TSK000869,S007,10.42060089,10.42060089
TSK000869,S008,10.42060089,10.42060089
TSK000869,S009,18.61283816,18.61283816
TSK000869,S010,46.01788361,46.01788361
TSK000869,S011,20.95134749,20.95134749
TSK000869,S012,41.48382811,41.48382811
TSK000869,S013,20.43667787,20.43667787
TSK000869,S014,10.42060089,10.42060089
TSK000869,S015,40.84144775,40.84144775
TSK000869,S016,74.13911491,74.13911491
TSK000869,S017,24.48655015,24.48655015
TSK000869,S018,24.85396934,24.85396934
TSK000869,S019,10.42060089,10.42060089
TSK000869,S020,10.42060089,10.42060089
TSK000869,S021,37.56349789,37.56349789
TSK000869,S022,56.02617377,56.02617377
TSK000869,S023,57.26967619,57.26967619
TSK000869,S024,57.48752551,57.48752551
TSK000869,S025,26.87824922,26.87824922
TSK000869,S026,24.50901194,24.50901194
TSK000869,S027,29.52175562,29.52175562
TSK000869,S028,13.99030088,13.99030088
TSK000869,S029,45.74451812,45.74451812
TSK000869,S030,10.42060089,10.42060089
TSK000869,S031,26.36211521,26.36211521
TSK000869,S032,31.51120036,31.51120036
TSK000869,S033,38.80512422,38.80512422
TSK000869,S034,10.42060089,10.42060089
TSK000869,S035,32.05900555,32.05900555
TSK000869,S036,46.01788361,46.01788361
TSK000869,S037,18.46006854,18.46006854
TSK000869,S038,42.51890117,42.51890117
TSK000869,S039,63.20381657,63.20381657
TSK000869,S040,19.26617592,19.26617592
TSK000869,S041,86.19042631,86.19042631
TSK000869,S042,10.42060089,10.42060089
TSK000869,S043,37.49778959,37.49778959
TSK000869,S044,10.42060089,10.42060089
TSK000869,S045,31.49175151,31.49175151
TSK000869,S046,26.83360671,26.83360671
TSK000869,S047,10.42060089,10.42060089
TSK000869,S048,51.54200346,51.54200346
TSK000869,S049,25.02682505,25.02682505
TSK000869,S050,10.42060089,10.42060089
TSK000869,S051,55.50687203,55.50687203
TSK000869,S052,22.02194755,22.02194755
TSK000869,S053,10.42060089,10.42060089
TSK000869,S054,94.53162158,94.53162158
TSK000869,S055,24.85396934,24.85396934
TSK000869,S056,38.21063618,38.21063618
TSK000869,S057,10.42060089,10.42060089
TSK000869,S058,67.13354789,67.13354789
TSK000869,S059,25.30295079,25.30295079
TSK000869,S060,28.46333396,28.46333396
TSK000869,S061,25.16658667,25.16658667
TSK000869,S062,15.81696019,15.81696019
TSK000869,S063,24.50901194,24.50901194
TSK000869,S064,10.42060089,10.42060089
TSK000869,S065,72.12338758,72.12338758
TSK000869,S066,35.28683365,35.28683365
TSK000869,S067,26.87824922,26.87824922
TSK000869,S068,27.64872423,27.64872423
TSK000869,S069,25.16658667,25.16658667
TSK000869,S070,43.53636485,43.53636485
TSK000869,S071,22.49111622,22.49111622
TSK000869,S072,10.42060089,10.42060089
TSK000869,S073,39.30897116,39.30897116
TSK000869,S074,10.42060089,10.42060089
TSK000869,S075,10.42060089,10.42060089
TSK000869,S076,56.02617377,56.02617377
TSK000869,S077,10.42060089,10.42060089
TSK000869,S078,72.00620911,72.00620911
TSK000869,S079,29.39857298,29.39857298
TSK000869,S080,28.78580067,28.78580067
TSK000869,S081,108.81778877,108.81778877
TSK000869,S082,69.22099505,69.22099505
TSK000869,S083,10.42060089,10.42060089
TSK000869,S084,76.369329,76.369329
TSK000869,S085,50.56978108,50.56978108
TSK000869,S086,33.11891406,33.11891406
TSK000869,S087,10.42060089,10.42060089
TSK000869,S088,10.42060089,10.42060089
TSK000869,S089,56.8788931,56.8788931
TSK000869,S090,84.17388463,84.17388463
TSK000869,S091,38.80512422,38.80512422
TSK000869,S092,29.85692002,29.85692002
TSK000869,S093,36.59961513,36.59961513
TSK000869,S094,31.93022307,31.93022307
TSK000869,S095,37.3778261,37.3778261
TSK000869,S096,42.51890117,42.51890117
TSK000869,S097,52.41240799,52.41240799
TSK000869,S098,92.49102883,92.49102883
TSK000869,S099,51.1684991,51.1684991
TSK000869,S100,53.69522053,53.69522053
TSK000989,S001,5.82435439,5.82435439
TSK000989,S002,32.78517594,32.78517594
TSK000989,S003,18.30987943,18.30987943
TSK000989,S004,13.41474114,13.41474114
TSK000989,S005,5.82435439,5.82435439
TSK000989,S006,15.55190401,15.55190401
TSK000989,S007,5.82435439,5.82435439
TSK000989,S008,5.82435439,5.82435439
TSK000989,S009,10.3458574,10.3458574
TSK000989,S010,24.92499206,24.92499206
TSK000989,S011,11.84319173,11.84319173
TSK000989,S012,21.94448681,21.94448681
TSK000989,S013,11.66462154,11.66462154
TSK000989,S014,5.82435439,5.82435439
TSK000989,S015,24.33352525,24.33352525
TSK000989,S016,38.88362918,38.88362918
TSK000989,S017,13.38529289,13.38529289
TSK000989,S018,13.17472371,13.17472371
TSK000989,S019,5.82435439,5.82435439
TSK000989,S020,5.82435439,5.82435439
TSK000989,S021,18.30987943,18.30987943
TSK000989,S022,27.81552488,27.81552488
TSK000989,S023,28.96229696,28.96229696
TSK000989,S024,31.64512073,31.64512073
TSK000989,S025,14.38020357,14.38020357
TSK000989,S026,13.8517105,13.8517105
TSK000989,S027,16.27199313,16.27199313
TSK000989,S028,7.90440705,7.90440705
TSK000989,S029,24.43987624,24.43987624
TSK000989,S030,5.82435439,5.82435439
TSK000989,S031,14.30902916,14.30902916
TSK000989,S032,17.08660983,17.08660983
TSK000989,S033,20.44572859,20.44572859
TSK000989,S034,5.82435439,5.82435439
TSK000989,S035,17.74855408,17.74855408
TSK000989,S036,24.92499206,24.92499206
TSK000989,S037,10.658994,10.658994
TSK000989,S038,21.02731932,21.02731932
TSK000989,S039,32.10732873,32.10732873
TSK000989,S040,11.04496312,11.04496312
TSK000989,S041,42.90113727,42.90113727
TSK000989,S042,5.82435439,5.82435439
TSK000989,S043,20.00351266,20.00351266
TSK000989,S044,5.82435439,5.82435439
TSK000989,S045,17.03183123,17.03183123
TSK000989,S046,14.08406216,14.08406216
TSK000989,S047,5.82435439,5.82435439
TSK000989,S048,25.57836624,25.57836624
TSK000989,S049,14.99907114,14.99907114
TSK000989,S050,5.82435439,5.82435439
TSK000989,S051,27.47452512,27.47452512
TSK000989,S052,13.01240354,13.01240354
TSK000989,S053,5.82435439,5.82435439
TSK000989,S054,50.34398709,50.34398709
TSK000989,S055,13.17472371,13.17472371
TSK000989,S056,19.09171727,19.09171727
TSK000989,S057,5.82435439,5.82435439
TSK000989,S058,32.80093822,32.80093822
TSK000989,S059,13.68056408,13.68056408
TSK000989,S060,15.91564565,15.91564565
TSK000989,S061,14.56608818,14.56608818
TSK000989,S062,8.40106605,8.40106605
TSK000989,S063,13.8517105,13.8517105
TSK000989,S064,5.82435439,5.82435439
TSK000989,S065,37.15902316,37.15902316
TSK000989,S066,17.26263129,17.26263129
TSK000989,S067,14.38020357,14.38020357
TSK000989,S068,17.28911091,17.28911091
TSK000989,S069,14.56608818,14.56608818
TSK000989,S070,21.58070552,21.58070552
TSK000989,S071,12.2594283,12.2594283
TSK000989,S072,5.82435439,5.82435439
TSK000989,S073,21.09330909,21.09330909
TSK000989,S074,5.82435439,5.82435439
TSK000989,S075,5.82435439,5.82435439
TSK000989,S076,27.81552488,27.81552488
TSK000989,S077,5.82435439,5.82435439
TSK000989,S078,35.26278521,35.26278521
TSK000989,S079,16.35785116,16.35785116
TSK000989,S080,16.1938923,16.1938923
TSK000989,S081,53.17582659,53.17582659
TSK000989,S082,34.78336151,34.78336151
TSK000989,S083,5.82435439,5.82435439
TSK000989,S084,37.93822027,37.93822027
TSK000989,S085,28.12265041,28.12265041
TSK000989,S086,18.43998881,18.43998881
TSK000989,S087,5.82435439,5.82435439
TSK000989,S088,5.82435439,5.82435439
TSK000989,S089,28.49412959,28.49412959
TSK000989,S090,42.88952523,42.88952523
TSK000989,S091,20.44572859,20.44572859
TSK000989,S092,15.72667607,15.72667607
TSK000989,S093,18.76045708,18.76045708
TSK000989,S094,17.37762267,17.37762267
TSK000989,S095,18.61327869,18.61327869
TSK000989,S096,21.02731932,21.02731932
TSK000989,S097,25.14026452,25.14026452
TSK000989,S098,48.57637961,48.57637961
TSK000989,S099,26.70161357,26.70161357
TSK000989,S100,28.0588769,28.0588769
TSK000992,S001,6.27878272,6.27878272
TSK000992,S002,36.71502267,36.71502267
TSK000992,S003,20.37376997,20.37376997
TSK000992,S004,14.40340954,14.40340954
TSK000992,S005,6.27878272,6.27878272
TSK000992,S006,16.55163953,16.55163953
TSK000992,S007,6.27878272,6.27878272
TSK000992,S008,6.27878272,6.27878272
TSK000992,S009,11.14871668,11.14871668
TSK000992,S010,26.87031161,26.87031161
TSK000992,S011,12.73040344,12.73040344
TSK000992,S012,23.89769668,23.89769668
TSK000992,S013,12.47923184,12.47923184
TSK000992,S014,6.27878272,6.27878272
TSK000992,S015,26.09592287,26.09592287
TSK000992,S016,42.43434703,42.43434703
TSK000992,S017,14.47314626,14.47314626
TSK000992,S018,14.2896192,14.2896192
TSK000992,S019,6.27878272,6.27878272
TSK000992,S020,6.27878272,6.27878272
TSK000992,S021,20.37376997,20.37376997
TSK000992,S022,30.78427152,30.78427152
TSK000992,S023,31.93802272,31.93802272
TSK000992,S024,34.294085,34.294085
TSK000992,S025,15.6258031,15.6258031
TSK000992,S026,14.89081502,14.89081502
TSK000992,S027,17.50907475,17.50907475
TSK000992,S028,8.4663137,8.4663137
TSK000992,S029,26.41063263,26.41063263
TSK000992,S030,6.27878272,6.27878272
TSK000992,S031,15.52252478,15.52252478
TSK000992,S032,18.45925057,18.45925057
TSK000992,S033,22.05082815,22.05082815
TSK000992,S034,6.27878272,6.27878272
TSK000992,S035,19.07078047,19.07078047
TSK000992,S036,26.87031161,26.87031161
TSK000992,S037,11.37062745,11.37062745
TSK000992,S038,23.33330845,23.33330845
TSK000992,S039,35.26692882,35.26692882
TSK000992,S040,11.8136574,11.8136574
TSK000992,S041,47.3937479,47.3937479
TSK000992,S042,6.27878272,6.27878272
TSK000992,S043,21.65858589,21.65858589
TSK000992,S044,6.27878272,6.27878272
TSK000992,S045,18.41345077,18.41345077
TSK000992,S046,15.34780738,15.34780738
TSK000992,S047,6.27878272,6.27878272
TSK000992,S048,28.31130559,28.31130559
TSK000992,S049,15.96394838,15.96394838
TSK000992,S050,6.27878272,6.27878272
TSK000992,S051,30.3340895,30.3340895
TSK000992,S052,13.7999119,13.7999119
TSK000992,S053,6.27878272,6.27878272
TSK000992,S054,54.39179103,54.39179103
TSK000992,S055,14.2896192,14.2896192
TSK000992,S056,21.09419398,21.09419398
TSK000992,S057,6.27878272,6.27878272
TSK000992,S058,36.43244042,36.43244042
TSK000992,S059,14.79650099,14.79650099
TSK000992,S060,17.11133134,17.11133134
TSK000992,S061,15.47147047,15.47147047
TSK000992,S062,9.16000822,9.16000822
TSK000992,S063,14.89081502,14.89081502
TSK000992,S064,6.27878272,6.27878272
TSK000992,S065,40.57287236,40.57287236
TSK000992,S066,19.191525,19.191525
TSK000992,S067,15.6258031,15.6258031
TSK000992,S068,18.22340754,18.22340754
TSK000992,S069,15.47147047,15.47147047
TSK000992,S070,23.8917584,23.8917584
TSK000992,S071,13.26782473,13.26782473
TSK000992,S072,6.27878272,6.27878272
TSK000992,S073,22.78679931,22.78679931
TSK000992,S074,6.27878272,6.27878272
TSK000992,S075,6.27878272,6.27878272
TSK000992,S076,30.78427152,30.78427152
TSK000992,S077,6.27878272,6.27878272
TSK000992,S078,38.99145678,38.99145678
TSK000992,S079,17.62370139,17.62370139
TSK000992,S080,17.37257904,17.37257904
TSK000992,S081,59.08165234,59.08165234
TSK000992,S082,38.32149403,38.32149403
TSK000992,S083,6.27878272,6.27878272
TSK000992,S084,41.79174489,41.79174489
TSK000992,S085,30.30919071,30.30919071
TSK000992,S086,19.75896658,19.75896658
TSK000992,S087,6.27878272,6.27878272
TSK000992,S088,6.27878272,6.27878272
TSK000992,S089,31.47543863,31.47543863
TSK000992,S090,47.12483051,47.12483051
TSK000992,S091,22.05082815,22.05082815
TSK000992,S092,17.12746017,17.12746017
TSK000992,S093,20.59035546,20.59035546
TSK000992,S094,18.82842632,18.82842632
TSK000992,S095,20.53386277,20.53386277
TSK000992,S096,23.33330845,23.33330845
TSK000992,S097,28.08463439,28.08463439
TSK000992,S098,53.04659765,53.04659765
TSK000992,S099,29.00867489,29.00867489
TSK000992,S100,30.54097439,30.54097439
TSK001005,S001,6.50574407,6.50574407
TSK001005,S002,39.68677468,39.68677468
TSK001005,S003,21.87184068,21.87184068
TSK001005,S004,14.8228491,14.8228491
TSK001005,S005,6.50574407,6.50574407
TSK001005,S006,16.54960083,16.54960083
TSK001005,S007,6.50574407,6.50574407
TSK001005,S008,6.50574407,6.50574407
TSK001005,S009,11.50745303,11.50745303
TSK001005,S010,27.43342147,27.43342147
TSK001005,S011,13.13472611,13.13472611
TSK001005,S012,24.93549855,24.93549855
TSK001005,S013,12.73252383,12.73252383
TSK001005,S014,6.50574407,6.50574407
TSK001005,S015,27.35588269,27.35588269
TSK001005,S016,44.39729045,44.39729045
TSK001005,S017,14.98812816,14.98812816
TSK001005,S018,14.73035406,14.73035406
TSK001005,S019,6.50574407,6.50574407
TSK001005,S020,6.50574407,6.50574407
TSK001005,S021,21.87184068,21.87184068
TSK001005,S022,32.79046789,32.79046789
TSK001005,S023,33.94017058,33.94017058
TSK001005,S024,35.89093512,35.89093512
TSK001005,S025,16.27684113,16.27684113
TSK001005,S026,15.3672964,15.3672964
TSK001005,S027,17.91437512,17.91437512
TSK001005,S028,8.63092806,8.63092806
TSK001005,S029,26.99956806,26.99956806
TSK001005,S030,6.50574407,6.50574407
TSK001005,S031,16.19218593,16.19218593
TSK001005,S032,18.98882059,18.98882059
TSK001005,S033,22.24007696,22.24007696
TSK001005,S034,6.50574407,6.50574407
TSK001005,S035,19.46110627,19.46110627
TSK001005,S036,27.43342147,27.43342147
TSK001005,S037,11.55215153,11.55215153
TSK001005,S038,25.0130216,25.0130216
TSK001005,S039,37.0930656,37.0930656
TSK001005,S040,12.06892783,12.06892783
TSK001005,S041,50.25736338,50.25736338
TSK001005,S042,6.50574407,6.50574407
TSK001005,S043,22.26780715,22.26780715
TSK001005,S044,6.50574407,6.50574407
TSK001005,S045,18.96349659,18.96349659
TSK001005,S046,15.98831929,15.98831929
TSK001005,S047,6.50574407,6.50574407
TSK001005,S048,30.15994904,30.15994904
TSK001005,S049,16.36842251,16.36842251
TSK001005,S050,6.50574407,6.50574407
TSK001005,S051,32.01887043,32.01887043
TSK001005,S052,13.89221742,13.89221742
TSK001005,S053,6.50574407,6.50574407
TSK001005,S054,55.47769608,55.47769608
TSK001005,S055,14.73035406,14.73035406
TSK001005,S056,22.42138837,22.42138837
TSK001005,S057,6.50574407,6.50574407
TSK001005,S058,38.93720596,38.93720596
TSK001005,S059,15.25717917,15.25717917
TSK001005,S060,17.57763043,17.57763043
TSK001005,S061,15.50772709,15.50772709
TSK001005,S062,9.6140817,9.6140817
TSK001005,S063,15.3672964,15.3672964
TSK001005,S064,6.50574407,6.50574407
TSK001005,S065,42.15238063,42.15238063
TSK001005,S066,20.58297889,20.58297889
TSK001005,S067,16.27684113,16.27684113
TSK001005,S068,18.42781825,18.42781825
TSK001005,S069,15.50772709,15.50772709
TSK001005,S070,25.45500951,25.45500951
TSK001005,S071,13.76211954,13.76211954
TSK001005,S072,6.50574407,6.50574407
TSK001005,S073,23.31928457,23.31928457
TSK001005,S074,6.50574407,6.50574407
TSK001005,S075,6.50574407,6.50574407
TSK001005,S076,32.79046789,32.79046789
TSK001005,S077,6.50574407,6.50574407
TSK001005,S078,41.13318487,41.13318487
TSK001005,S079,18.18748036,18.18748036
TSK001005,S080,17.76809032,17.76809032
TSK001005,S081,63.21052909,63.21052909
TSK001005,S082,40.47717873,40.47717873
TSK001005,S083,6.50574407,6.50574407
TSK001005,S084,43.87337557,43.87337557
TSK001005,S085,31.30564473,31.30564473
TSK001005,S086,20.0320017,20.0320017
TSK001005,S087,6.50574407,6.50574407
TSK001005,S088,6.50574407,6.50574407
TSK001005,S089,33.47434769,33.47434769
TSK001005,S090,49.68771699,49.68771699
TSK001005,S091,22.24007696,22.24007696
TSK001005,S092,17.83795999,17.83795999
TSK001005,S093,21.69712052,21.69712052
TSK001005,S094,19.58799063,19.58799063
TSK001005,S095,21.68356768,21.68356768
TSK001005,S096,25.0130216,25.0130216
TSK001005,S097,30.27808365,30.27808365
TSK001005,S098,55.65351764,55.65351764
TSK001005,S099,29.83453353,29.83453353
TSK001005,S100,31.62744516,31.62744516
TSK001006,S001,0.52321263,0.52321263
TSK001006,S002,1.63318907,1.63318907
TSK001006,S003,1.03724143,1.03724143
TSK001006,S004,1.25061986,1.25061986
TSK001006,S005,0.52321263,0.52321263
TSK001006,S006,1.49392346,1.49392346
TSK001006,S007,0.52321263,0.52321263
TSK001006,S008,0.52321263,0.52321263
TSK001006,S009,0.92135293,0.92135293
TSK001006,S010,2.11080325,2.11080325
TSK001006,S011,1.0954514,1.0954514
TSK001006,S012,1.70488083,1.70488083
TSK001006,S013,1.11315775,1.11315775
TSK001006,S014,0.52321263,0.52321263
TSK001006,S015,2.46595085,2.46595085
TSK001006,S016,2.93911132,2.93911132
TSK001006,S017,1.1419842,1.1419842
TSK001006,S018,1.04411811,1.04411811
TSK001006,S019,0.52321263,0.52321263
TSK001006,S020,0.52321263,0.52321263
TSK001006,S021,1.03724143,1.03724143
TSK001006,S022,1.71514394,1.71514394
TSK001006,S023,1.91364233,1.91364233
TSK001006,S024,2.71482617,2.71482617
TSK001006,S025,1.15421919,1.15421919
TSK001006,S026,1.28043582,1.28043582
TSK001006,S027,1.43392159,1.43392159
TSK001006,S028,0.73884874,0.73884874
TSK001006,S029,1.99626639,1.99626639
TSK001006,S030,0.52321263,0.52321263
TSK001006,S031,1.19013289,1.19013289
TSK001006,S032,1.43937027,1.43937027
TSK001006,S033,1.63377027,1.63377027
TSK001006,S034,0.52321263,0.52321263
TSK001006,S035,1.58426188,1.58426188
TSK001006,S036,2.11080325,2.11080325
TSK001006,S037,1.04554561,1.04554561
TSK001006,S038,1.26464181,1.26464181
TSK001006,S039,2.18549145,2.18549145
TSK001006,S040,1.06238663,1.06238663
TSK001006,S041,2.68903948,2.68903948
TSK001006,S042,0.52321263,0.52321263
TSK001006,S043,1.61718138,1.61718138
TSK001006,S044,0.52321263,0.52321263
TSK001006,S045,1.42372478,1.42372478
TSK001006,S046,1.07257904,1.07257904
TSK001006,S047,0.52321263,0.52321263
TSK001006,S048,1.57440697,1.57440697
TSK001006,S049,1.56679348,1.56679348
TSK001006,S050,0.52321263,0.52321263
TSK001006,S051,1.69912312,1.69912312
TSK001006,S052,1.34505,1.34505
TSK001006,S053,0.52321263,0.52321263
TSK001006,S054,4.08821345,4.08821345
TSK001006,S055,1.04411811,1.04411811
TSK001006,S056,1.20888157,1.20888157
TSK001006,S057,0.52321263,0.52321263
TSK001006,S058,1.89061239,1.89061239
TSK001006,S059,1.14119275,1.14119275
TSK001006,S060,1.44352864,1.44352864
TSK001006,S061,1.45271341,1.45271341
TSK001006,S062,0.65539191,0.65539191
TSK001006,S063,1.28043582,1.28043582
TSK001006,S064,0.52321263,0.52321263
TSK001006,S065,2.68856301,2.68856301
TSK001006,S066,0.99412624,0.99412624
TSK001006,S067,1.15421919,1.15421919
TSK001006,S068,1.96298586,1.96298586
TSK001006,S069,1.45271341,1.45271341
TSK001006,S070,1.32240478,1.32240478
TSK001006,S071,1.03683188,1.03683188
TSK001006,S072,0.52321263,0.52321263
TSK001006,S073,1.74041163,1.74041163
TSK001006,S074,0.52321263,0.52321263
TSK001006,S075,0.52321263,0.52321263
TSK001006,S076,1.71514394,1.71514394
TSK001006,S077,0.52321263,0.52321263
TSK001006,S078,2.09583298,2.09583298
TSK001006,S079,1.46045103,1.46045103
TSK001006,S080,1.49498106,1.49498106
TSK001006,S081,3.06140823,3.06140823
TSK001006,S082,2.2684397,2.2684397
TSK001006,S083,0.52321263,0.52321263
TSK001006,S084,2.39743178,2.39743178
TSK001006,S085,2.50553454,2.50553454
TSK001006,S086,1.67809502,1.67809502
TSK001006,S087,0.52321263,0.52321263
TSK001006,S088,0.52321263,0.52321263
TSK001006,S089,1.81976335,1.81976335
TSK001006,S090,2.93830604,2.93830604
TSK001006,S091,1.63377027,1.63377027
TSK001006,S092,1.21009071,1.21009071
TSK001006,S093,1.31123311,1.31123311
TSK001006,S094,1.45935819,1.45935819
TSK001006,S095,1.17611076,1.17611076
TSK001006,S096,1.26464181,1.26464181
TSK001006,S097,1.31844823,1.31844823
TSK001006,S098,3.6738959,3.6738959
TSK001006,S099,2.03140993,2.03140993
TSK001006,S100,2.12540879,2.12540879
TSK001022,S001,0.10071586,0.10071586
TSK001022,S002,0.30087555,0.30087555
TSK001022,S003,0.19340958,0.19340958
TSK001022,S004,0.24295904,0.24295904
TSK001022,S005,0.10071586,0.10071586
TSK001022,S006,0.3075923,0.3075923
TSK001022,S007,0.10071586,0.10071586
TSK001022,S008,0.10071586,0.10071586
TSK001022,S009,0.17943127,0.17943127
TSK001022,S010,0.42759776,0.42759776
TSK001022,S011,0.21184095,0.21184095
TSK001022,S012,0.33179456,0.33179456
TSK001022,S013,0.21955471,0.21955471
TSK001022,S014,0.10071586,0.10071586
TSK001022,S015,0.45104571,0.45104571
TSK001022,S016,0.57059874,0.57059874
TSK001022,S017,0.22253865,0.22253865
TSK001022,S018,0.20950374,0.20950374
TSK001022,S019,0.10071586,0.10071586
TSK001022,S020,0.10071586,0.10071586
TSK001022,S021,0.19340958,0.19340958
TSK001022,S022,0.32561854,0.32561854
TSK001022,S023,0.36187464,0.36187464
TSK001022,S024,0.51345455,0.51345455
TSK001022,S025,0.22419139,0.22419139
TSK001022,S026,0.24750533,0.24750533
TSK001022,S027,0.28616221,0.28616221
TSK001022,S028,0.1467052,0.1467052
TSK001022,S029,0.40666679,0.40666679
TSK001022,S030,0.10071586,0.10071586
TSK001022,S031,0.22854561,0.22854561
TSK001022,S032,0.28631441,0.28631441
TSK001022,S033,0.3466498,0.3466498
TSK001022,S034,0.10071586,0.10071586
TSK001022,S035,0.31724,0.31724
TSK001022,S036,0.42759776,0.42759776
TSK001022,S037,0.20690105,0.20690105
TSK001022,S038,0.23487751,0.23487751
TSK001022,S039,0.42639654,0.42639654
TSK001022,S040,0.20855403,0.20855403
TSK001022,S041,0.51793838,0.51793838
TSK001022,S042,0.10071586,0.10071586
TSK001022,S043,0.32529832,0.32529832
TSK001022,S044,0.10071586,0.10071586
TSK001022,S045,0.28284726,0.28284726
TSK001022,S046,0.21066879,0.21066879
TSK001022,S047,0.10071586,0.10071586
TSK001022,S048,0.29885582,0.29885582
TSK001022,S049,0.29978943,0.29978943
TSK001022,S050,0.10071586,0.10071586
TSK001022,S051,0.3340777,0.3340777
TSK001022,S052,0.26810644,0.26810644
TSK001022,S053,0.10071586,0.10071586
TSK001022,S054,0.83907552,0.83907552
TSK001022,S055,0.20950374,0.20950374
TSK001022,S056,0.23026582,0.23026582
TSK001022,S057,0.10071586,0.10071586
TSK001022,S058,0.35845979,0.35845979
TSK001022,S059,0.22608639,0.22608639
TSK001022,S060,0.28337382,0.28337382
TSK001022,S061,0.29471755,0.29471755
TSK001022,S062,0.1251973,0.1251973
TSK001022,S063,0.24750533,0.24750533
TSK001022,S064,0.10071586,0.10071586
TSK001022,S065,0.53870356,0.53870356
TSK001022,S066,0.18563471,0.18563471
TSK001022,S067,0.22419139,0.22419139
TSK001022,S068,0.37972202,0.37972202
TSK001022,S069,0.29471755,0.29471755
TSK001022,S070,0.25110626,0.25110626
TSK001022,S071,0.201547,0.201547
TSK001022,S072,0.10071586,0.10071586
TSK001022,S073,0.35268681,0.35268681
TSK001022,S074,0.10071586,0.10071586
TSK001022,S075,0.10071586,0.10071586
TSK001022,S076,0.32561854,0.32561854
TSK001022,S077,0.10071586,0.10071586
TSK001022,S078,0.41668693,0.41668693
TSK001022,S079,0.28439564,0.28439564
TSK001022,S080,0.29541997,0.29541997
TSK001022,S081,0.57789044,0.57789044
TSK001022,S082,0.43987824,0.43987824
TSK001022,S083,0.10071586,0.10071586
TSK001022,S084,0.4787313,0.4787313
TSK001022,S085,0.4870616,0.4870616
TSK001022,S086,0.33969642,0.33969642
TSK001022,S087,0.10071586,0.10071586
TSK001022,S088,0.10071586,0.10071586
TSK001022,S089,0.34531469,0.34531469
TSK001022,S090,0.56759342,0.56759342
TSK001022,S091,0.3466498,0.3466498
TSK001022,S092,0.23731121,0.23731121
TSK001022,S093,0.25278216,0.25278216
TSK001022,S094,0.28179978,0.28179978
TSK001022,S095,0.22979976,0.22979976
TSK001022,S096,0.23487751,0.23487751
TSK001022,S097,0.244119,0.244119
TSK001022,S098,0.70706812,0.70706812
TSK001022,S099,0.41438807,0.41438807
TSK001022,S100,0.42543395,0.42543395
TSK001024,S001,7.68835537,7.68835537
TSK001024,S002,48.10891621,48.10891621
TSK001024,S003,26.40706999,26.40706999
TSK001024,S004,17.52876453,17.52876453
TSK001024,S005,7.68835537,7.68835537
TSK001024,S006,20.04815636,20.04815636
TSK001024,S007,7.68835537,7.68835537
TSK001024,S008,7.68835537,7.68835537
TSK001024,S009,13.67239827,13.67239827
TSK001024,S010,33.22662864,33.22662864
TSK001024,S011,15.51300735,15.51300735
TSK001024,S012,29.90714758,29.90714758
TSK001024,S013,15.12717032,15.12717032
TSK001024,S014,7.68835537,7.68835537
TSK001024,S015,31.26308198,31.26308198
TSK001024,S016,53.29864372,53.29864372
TSK001024,S017,17.8698691,17.8698691
TSK001024,S018,17.83944478,17.83944478
TSK001024,S019,7.68835537,7.68835537
TSK001024,S020,7.68835537,7.68835537
TSK001024,S021,26.40706999,26.40706999
TSK001024,S022,39.57997484,39.57997484
TSK001024,S023,40.76131741,40.76131741
TSK001024,S024,42.29478541,42.29478541
TSK001024,S025,19.46665563,19.46665563
TSK001024,S026,18.1474902,18.1474902
TSK001024,S027,21.5139943,21.5139943
TSK001024,S028,10.30079353,10.30079353
TSK001024,S029,32.83550072,32.83550072
TSK001024,S030,7.68835537,7.68835537
TSK001024,S031,19.23645698,19.23645698
TSK001024,S032,22.84003508,22.84003508
TSK001024,S033,27.51270418,27.51270418
TSK001024,S034,7.68835537,7.68835537
TSK001024,S035,23.38516426,23.38516426
TSK001024,S036,33.22662864,33.22662864
TSK001024,S037,13.71518839,13.71518839
TSK001024,S038,30.06966049,30.06966049
TSK001024,S039,44.87185964,44.87185964
TSK001024,S040,14.29952047,14.29952047
TSK001024,S041,60.84027109,60.84027109
TSK001024,S042,7.68835537,7.68835537
TSK001024,S043,26.96387636,26.96387636
TSK001024,S044,7.68835537,7.68835537
TSK001024,S045,22.80947184,22.80947184
TSK001024,S046,19.26039749,19.26039749
TSK001024,S047,7.68835537,7.68835537
TSK001024,S048,36.40694779,36.40694779
TSK001024,S049,19.0179386,19.0179386
TSK001024,S050,7.68835537,7.68835537
TSK001024,S051,39.00165068,39.00165068
TSK001024,S052,16.48009681,16.48009681
TSK001024,S053,7.68835537,7.68835537
TSK001024,S054,67.68564844,67.68564844
TSK001024,S055,17.83944478,17.83944478
TSK001024,S056,27.04759315,27.04759315
TSK001024,S057,7.68835537,7.68835537
TSK001024,S058,47.1517423,47.1517423
TSK001024,S059,18.3342354,18.3342354
TSK001024,S060,20.92342027,20.92342027
TSK001024,S061,18.6079358,18.6079358
TSK001024,S062,11.45495849,11.45495849
TSK001024,S063,18.1474902,18.1474902
TSK001024,S064,7.68835537,7.68835537
TSK001024,S065,51.26116266,51.26116266
TSK001024,S066,24.83700073,24.83700073
TSK001024,S067,19.46665563,19.46665563
TSK001024,S068,21.32830824,21.32830824
TSK001024,S069,18.6079358,18.6079358
TSK001024,S070,30.73768075,30.73768075
TSK001024,S071,16.40309786,16.40309786
TSK001024,S072,7.68835537,7.68835537
TSK001024,S073,28.28692047,28.28692047
TSK001024,S074,7.68835537,7.68835537
TSK001024,S075,7.68835537,7.68835537
TSK001024,S076,39.57997484,39.57997484
TSK001024,S077,7.68835537,7.68835537
TSK001024,S078,50.33682001,50.33682001
TSK001024,S079,21.60417919,21.60417919
TSK001024,S080,21.18108174,21.18108174
TSK001024,S081,76.47046894,76.47046894
TSK001024,S082,48.98975512,48.98975512
TSK001024,S083,7.68835537,7.68835537
TSK001024,S084,53.62097991,53.62097991
TSK001024,S085,37.16694209,37.16694209
TSK001024,S086,24.15451567,24.15451567
TSK001024,S087,7.68835537,7.68835537
TSK001024,S088,7.68835537,7.68835537
TSK001024,S089,40.32080643,40.32080643
TSK001024,S090,59.90907996,59.90907996
TSK001024,S091,27.51270418,27.51270418
TSK001024,S092,21.46390708,21.46390708
TSK001024,S093,26.11432997,26.11432997
TSK001024,S094,23.30102989,23.30102989
TSK001024,S095,26.34098729,26.34098729
TSK001024,S096,30.06966049,30.06966049
TSK001024,S097,36.64741061,36.64741061
TSK001024,S098,66.61732815,66.61732815
TSK001024,S099,36.42231775,36.42231775
TSK001024,S100,38.36093687,38.36093687
TSK001068,S001,15.8968402,15.8968402
TSK001068,S002,117.43238994,117.43238994
TSK001068,S003,62.91783497,62.91783497
TSK001068,S004,35.48636632,35.48636632
TSK001068,S005,15.8968402,15.8968402
TSK001068,S006,38.67727499,38.67727499
TSK001068,S007,15.8968402,15.8968402
TSK001068,S008,15.8968402,15.8968402
TSK001068,S009,28.21532582,28.21532582
TSK001068,S010,68.73504347,68.73504347
TSK001068,S011,31.59422035,31.59422035
TSK001068,S012,65.00059536,65.00059536
TSK001068,S013,30.03290648,30.03290648
TSK001068,S014,15.8968402,15.8968402
TSK001068,S015,62.82836507,62.82836507
TSK001068,S016,116.98252303,116.98252303
TSK001068,S017,37.52201801,37.52201801
TSK001068,S018,38.03577892,38.03577892
TSK001068,S019,15.8968402,15.8968402
TSK001068,S020,15.8968402,15.8968402
TSK001068,S021,62.91783497,62.91783497
TSK001068,S022,92.29545037,92.29545037
TSK001068,S023,93.65472306,93.65472306
TSK001068,S024,89.79769247,89.79769247
TSK001068,S025,41.87262494,41.87262494
TSK001068,S026,36.97837422,36.97837422
TSK001068,S027,44.06998053,44.06998053
TSK001068,S028,20.58567027,20.58567027
TSK001068,S029,68.75695431,68.75695431
TSK001068,S030,15.8968402,15.8968402
TSK001068,S031,41.04564178,41.04564178
TSK001068,S032,47.75414224,47.75414224
TSK001068,S033,57.05520428,57.05520428
TSK001068,S034,15.8968402,15.8968402
TSK001068,S035,47.54762005,47.54762005
TSK001068,S036,68.73504347,68.73504347
TSK001068,S037,26.79261898,26.79261898
TSK001068,S038,70.8821248,70.8821248
TSK001068,S039,101.36273452,101.36273452
TSK001068,S040,28.35197938,28.35197938
TSK001068,S041,140.80518533,140.80518533
TSK001068,S042,15.8968402,15.8968402
TSK001068,S043,57.00530186,57.00530186
TSK001068,S044,15.8968402,15.8968402
TSK001068,S045,47.86405148,47.86405148
TSK001068,S046,41.98935009,41.98935009
TSK001068,S047,15.8968402,15.8968402
TSK001068,S048,84.93242558,84.93242558
TSK001068,S049,36.62906868,36.62906868
TSK001068,S050,15.8968402,15.8968402
TSK001068,S051,90.031654,90.031654
TSK001068,S052,31.10199638,31.10199638
TSK001068,S053,15.8968402,15.8968402
TSK001068,S054,141.58419719,141.58419719
TSK001068,S055,38.03577892,38.03577892
TSK001068,S056,62.64279843,62.64279843
TSK001068,S057,15.8968402,15.8968402
TSK001068,S058,111.53758891,111.53758891
TSK001068,S059,38.55277626,38.55277626
TSK001068,S060,42.66513422,42.66513422
TSK001068,S061,35.46490525,35.46490525
TSK001068,S062,25.0395506,25.0395506
TSK001068,S063,36.97837422,36.97837422
TSK001068,S064,15.8968402,15.8968402
TSK001068,S065,112.75926808,112.75926808
TSK001068,S066,58.97385591,58.97385591
TSK001068,S067,41.87262494,41.87262494
TSK001068,S068,38.66861252,38.66861252
TSK001068,S069,35.46490525,35.46490525
TSK001068,S070,71.77015611,71.77015611
TSK001068,S071,34.59821214,34.59821214
TSK001068,S072,15.8968402,15.8968402
TSK001068,S073,59.13458202,59.13458202
TSK001068,S074,15.8968402,15.8968402
TSK001068,S075,15.8968402,15.8968402
TSK001068,S076,92.29545037,92.29545037
TSK001068,S077,15.8968402,15.8968402
TSK001068,S078,116.90231821,116.90231821
TSK001068,S079,44.53729621,44.53729621
TSK001068,S080,42.693277,42.693277
TSK001068,S081,181.12231244,181.12231244
TSK001068,S082,112.09830158,112.09830158
TSK001068,S083,15.8968402,15.8968402
TSK001068,S084,122.59841218,122.59841218
TSK001068,S085,76.75385202,76.75385202
TSK001068,S086,48.39424459,48.39424459
TSK001068,S087,15.8968402,15.8968402
TSK001068,S088,15.8968402,15.8968402
TSK001068,S089,93.29752902,93.29752902
TSK001068,S090,135.52212713,135.52212713
TSK001068,S091,57.05520428,57.05520428
TSK001068,S092,46.66199062,46.66199062
TSK001068,S093,58.79385088,58.79385088
TSK001068,S094,49.4238492,49.4238492
TSK001068,S095,60.60493775,60.60493775
TSK001068,S096,70.8821248,70.8821248
TSK001068,S097,88.64134282,88.64134282
TSK001068,S098,146.65403792,146.65403792
TSK001068,S099,78.26884767,78.26884767
TSK001068,S100,83.17464499,83.17464499
TSK001090,S001,1.54077615,1.54077615
TSK001090,S002,4.76152746,4.76152746
TSK001090,S003,3.03230233,3.03230233
TSK001090,S004,3.69075704,3.69075704
TSK001090,S005,1.54077615,1.54077615
TSK001090,S006,4.47043787,4.47043787
TSK001090,S007,1.54077615,1.54077615
TSK001090,S008,1.54077615,1.54077615
TSK001090,S009,2.72060288,2.72060288
TSK001090,S010,6.29151894,6.29151894
TSK001090,S011,3.22937701,3.22937701
TSK001090,S012,5.03342573,5.03342573
TSK001090,S013,3.29680502,3.29680502
TSK001090,S014,1.54077615,1.54077615
TSK001090,S015,7.1779018,7.1779018
TSK001090,S016,8.67236841,8.67236841
TSK001090,S017,3.37258748,3.37258748
TSK001090,S018,3.1049935,3.1049935
TSK001090,S019,1.54077615,1.54077615
TSK001090,S020,1.54077615,1.54077615
TSK001090,S021,3.03230233,3.03230233
TSK001090,S022,5.03470766,5.03470766
TSK001090,S023,5.61231621,5.61231621
TSK001090,S024,7.96228506,7.96228506
TSK001090,S025,3.40612363,3.40612363
TSK001090,S026,3.77432417,3.77432417
TSK001090,S027,4.2586644,4.2586644
TSK001090,S028,2.19169665,2.19169665
TSK001090,S029,5.9581916,5.9581916
TSK001090,S030,1.54077615,1.54077615
TSK001090,S031,3.50279831,3.50279831
TSK001090,S032,4.27152644,4.27152644
TSK001090,S033,4.92535719,4.92535719
TSK001090,S034,1.54077615,1.54077615
TSK001090,S035,4.70898288,4.70898288
TSK001090,S036,6.29151894,6.29151894
TSK001090,S037,3.09898115,3.09898115
TSK001090,S038,3.69377403,3.69377403
TSK001090,S039,6.45615476,6.45615476
TSK001090,S040,3.14293429,3.14293429
TSK001090,S041,7.91989003,7.91989003
TSK001090,S042,1.54077615,1.54077615
TSK001090,S043,4.81203732,4.81203732
TSK001090,S044,1.54077615,1.54077615
TSK001090,S045,4.22383595,4.22383595
TSK001090,S046,3.17349169,3.17349169
TSK001090,S047,1.54077615,1.54077615
TSK001090,S048,4.6214263,4.6214263
TSK001090,S049,4.60752376,4.60752376
TSK001090,S050,1.54077615,1.54077615
TSK001090,S051,5.02851117,5.02851117
TSK001090,S052,3.99358473,3.99358473
TSK001090,S053,1.54077615,1.54077615
TSK001090,S054,12.2241497,12.2241497
TSK001090,S055,3.1049935,3.1049935
TSK001090,S056,3.55130411,3.55130411
TSK001090,S057,1.54077615,1.54077615
TSK001090,S058,5.54811213,5.54811213
TSK001090,S059,3.38339346,3.38339346
TSK001090,S060,4.27049005,4.27049005
TSK001090,S061,4.33153497,4.33153497
TSK001090,S062,1.92660569,1.92660569
TSK001090,S063,3.77432417,3.77432417
TSK001090,S064,1.54077615,1.54077615
TSK001090,S065,7.99253656,7.99253656
TSK001090,S066,2.90719762,2.90719762
TSK001090,S067,3.40612363,3.40612363
TSK001090,S068,5.78726688,5.78726688
TSK001090,S069,4.33153497,4.33153497
TSK001090,S070,3.88201775,3.88201775
TSK001090,S071,3.06026701,3.06026701
TSK001090,S072,1.54077615,1.54077615
TSK001090,S073,5.18795056,5.18795056
TSK001090,S074,1.54077615,1.54077615
TSK001090,S075,1.54077615,1.54077615
TSK001090,S076,5.03470766,5.03470766
TSK001090,S077,1.54077615,1.54077615
TSK001090,S078,6.21892756,6.21892756
TSK001090,S079,4.31238636,4.31238636
TSK001090,S080,4.42961329,4.42961329
TSK001090,S081,8.97481998,8.97481998
TSK001090,S082,6.69159968,6.69159968
TSK001090,S083,1.54077615,1.54077615
TSK001090,S084,7.12124619,7.12124619
TSK001090,S085,7.39528636,7.39528636
TSK001090,S086,5.00090655,5.00090655
TSK001090,S087,1.54077615,1.54077615
TSK001090,S088,1.54077615,1.54077615
TSK001090,S089,5.34122352,5.34122352
TSK001090,S090,8.65987736,8.65987736
TSK001090,S091,4.92535719,4.92535719
TSK001090,S092,3.5790522,3.5790522
TSK001090,S093,3.86270411,3.86270411
TSK001090,S094,4.30069871,4.30069871
TSK001090,S095,3.47554121,3.47554121
TSK001090,S096,3.69377403,3.69377403
TSK001090,S097,3.84826306,3.84826306
TSK001090,S098,10.81853344,10.81853344
TSK001090,S099,6.06507891,6.06507891
TSK001090,S100,6.31686571,6.31686571
TSK001109,S001,1.54077615,1.54077615
TSK001109,S002,4.76152746,4.76152746
TSK001109,S003,3.03230233,3.03230233
TSK001109,S004,3.69075704,3.69075704
TSK001109,S005,1.54077615,1.54077615
TSK001109,S006,4.47043787,4.47043787
TSK001109,S007,1.54077615,1.54077615
TSK001109,S008,1.54077615,1.54077615
TSK001109,S009,2.72060288,2.72060288
TSK001109,S010,6.29151894,6.29151894
TSK001109,S011,3.22937701,3.22937701
TSK001109,S012,5.03342573,5.03342573
TSK001109,S013,3.29680502,3.29680502
TSK001109,S014,1.54077615,1.54077615
TSK001109,S015,7.1779018,7.1779018
TSK001109,S016,8.67236841,8.67236841
TSK001109,S017,3.37258748,3.37258748
TSK001109,S018,3.1049935,3.1049935
TSK001109,S019,1.54077615,1.54077615
TSK001109,S020,1.54077615,1.54077615
TSK001109,S021,3.03230233,3.03230233
TSK001109,S022,5.03470766,5.03470766
TSK001109,S023,5.61231621,5.61231621
TSK001109,S024,7.96228506,7.96228506
TSK001109,S025,3.40612363,3.40612363
TSK001109,S026,3.77432417,3.77432417
TSK001109,S027,4.2586644,4.2586644
TSK001109,S028,2.19169665,2.19169665
TSK001109,S029,5.9581916,5.9581916
TSK001109,S030,1.54077615,1.54077615
TSK001109,S031,3.50279831,3.50279831
TSK001109,S032,4.27152644,4.27152644
TSK001109,S033,4.92535719,4.92535719
TSK001109,S034,1.54077615,1.54077615
TSK001109,S035,4.70898288,4.70898288
TSK001109,S036,6.29151894,6.29151894
TSK001109,S037,3.09898115,3.09898115
TSK001109,S038,3.69377403,3.69377403
TSK001109,S039,6.45615476,6.45615476
TSK001109,S040,3.14293429,3.14293429
TSK001109,S041,7.91989003,7.91989003
TSK001109,S042,1.54077615,1.54077615
TSK001109,S043,4.81203732,4.81203732
TSK001109,S044,1.54077615,1.54077615
TSK001109,S045,4.22383595,4.22383595
TSK001109,S046,3.17349169,3.17349169
TSK001109,S047,1.54077615,1.54077615
TSK001109,S048,4.6214263,4.6214263
TSK001109,S049,4.60752376,4.60752376
TSK001109,S050,1.54077615,1.54077615
TSK001109,S051,5.02851117,5.02851117
TSK001109,S052,3.99358473,3.99358473
TSK001109,S053,1.54077615,1.54077615
TSK001109,S054,12.2241497,12.2241497
TSK001109,S055,3.1049935,3.1049935
TSK001109,S056,3.55130411,3.55130411
TSK001109,S057,1.54077615,1.54077615
TSK001109,S058,5.54811213,5.54811213
TSK001109,S059,3.38339346,3.38339346
TSK001109,S060,4.27049005,4.27049005
TSK001109,S061,4.33153497,4.33153497
TSK001109,S062,1.92660569,1.92660569
TSK001109,S063,3.77432417,3.77432417
TSK001109,S064,1.54077615,1.54077615
TSK001109,S065,7.99253656,7.99253656
TSK001109,S066,2.90719762,2.90719762
TSK001109,S067,3.40612363,3.40612363
TSK001109,S068,5.78726688,5.78726688
TSK001109,S069,4.33153497,4.33153497
TSK001109,S070,3.88201775,3.88201775
TSK001109,S071,3.06026701,3.06026701
TSK001109,S072,1.54077615,1.54077615
TSK001109,S073,5.18795056,5.18795056
TSK001109,S074,1.54077615,1.54077615
TSK001109,S075,1.54077615,1.54077615
TSK001109,S076,5.03470766,5.03470766
TSK001109,S077,1.54077615,1.54077615
TSK001109,S078,6.21892756,6.21892756
TSK001109,S079,4.31238636,4.31238636
TSK001109,S080,4.42961329,4.42961329
TSK001109,S081,8.97481998,8.97481998
TSK001109,S082,6.69159968,6.69159968
TSK001109,S083,1.54077615,1.54077615
TSK001109,S084,7.12124619,7.12124619
TSK001109,S085,7.39528636,7.39528636
TSK001109,S086,5.00090655,5.00090655
TSK001109,S087,1.54077615,1.54077615
TSK001109,S088,1.54077615,1.54077615
TSK001109,S089,5.34122352,5.34122352
TSK001109,S090,8.65987736,8.65987736
TSK001109,S091,4.92535719,4.92535719
TSK001109,S092,3.5790522,3.5790522
TSK001109,S093,3.86270411,3.86270411
TSK001109,S094,4.30069871,4.30069871
TSK001109,S095,3.47554121,3.47554121
TSK001109,S096,3.69377403,3.69377403
TSK001109,S097,3.84826306,3.84826306
TSK001109,S098,10.81853344,10.81853344
TSK001109,S099,6.06507891,6.06507891
TSK001109,S100,6.31686571,6.31686571
TSK001116,S001,8.52019443,8.52019443
TSK001116,S002,53.27115663,53.27115663
TSK001116,S003,29.24431287,29.24431287
TSK001116,S004,19.48821468,19.48821468
TSK001116,S005,8.52019443,8.52019443
TSK001116,S006,22.88754006,22.88754006
TSK001116,S007,8.52019443,8.52019443
TSK001116,S008,8.52019443,8.52019443
TSK001116,S009,15.2270999,15.2270999
TSK001116,S010,37.60992337,37.60992337
TSK001116,S011,17.21515764,17.21515764
TSK001116,S012,33.35713936,33.35713936
TSK001116,S013,16.92748552,16.92748552
TSK001116,S014,8.52019443,8.52019443
TSK001116,S015,33.72466207,33.72466207
TSK001116,S016,59.41666118,59.41666118
TSK001116,S017,19.91825884,19.91825884
TSK001116,S018,20.11400563,20.11400563
TSK001116,S019,8.52019443,8.52019443
TSK001116,S020,8.52019443,8.52019443
TSK001116,S021,29.24431287,29.24431287
TSK001116,S022,43.96042527,43.96042527
TSK001116,S023,45.16971151,45.16971151
TSK001116,S024,46.59244553,46.59244553
TSK001116,S025,21.68850129,21.68850129
TSK001116,S026,20.13513844,20.13513844
TSK001116,S027,24.20641756,24.20641756
TSK001116,S028,11.56296516,11.56296516
TSK001116,S029,37.23894139,37.23894139
TSK001116,S030,8.52019443,8.52019443
TSK001116,S031,21.32976174,21.32976174
TSK001116,S032,25.66672042,25.66672042
TSK001116,S033,31.68380591,31.68380591
TSK001116,S034,8.52019443,8.52019443
TSK001116,S035,26.34920835,26.34920835
TSK001116,S036,37.60992337,37.60992337
TSK001116,S037,15.36794589,15.36794589
TSK001116,S038,33.22780794,33.22780794
TSK001116,S039,50.15608345,50.15608345
TSK001116,S040,15.96563334,15.96563334
TSK001116,S041,67.81623378,67.81623378
TSK001116,S042,8.52019443,8.52019443
TSK001116,S043,30.43118964,30.43118964
TSK001116,S044,8.52019443,8.52019443
TSK001116,S045,25.62039815,25.62039815
TSK001116,S046,21.5548967,21.5548967
TSK001116,S047,8.52019443,8.52019443
TSK001116,S048,40.43583737,40.43583737
TSK001116,S049,20.94004572,20.94004572
TSK001116,S050,8.52019443,8.52019443
TSK001116,S051,43.71955101,43.71955101
TSK001116,S052,18.5276583,18.5276583
TSK001116,S053,8.52019443,8.52019443
TSK001116,S054,76.97912607,76.97912607
TSK001116,S055,20.11400563,20.11400563
TSK001116,S056,30.05468366,30.05468366
TSK001116,S057,8.52019443,8.52019443
TSK001116,S058,52.40803574,52.40803574
TSK001116,S059,20.5715986,20.5715986
TSK001116,S060,23.37563697,23.37563697
TSK001116,S061,21.1026324,21.1026324
TSK001116,S062,12.69317112,12.69317112
TSK001116,S063,20.13513844,20.13513844
TSK001116,S064,8.52019443,8.52019443
TSK001116,S065,57.76297262,57.76297262
TSK001116,S066,27.5060364,27.5060364
TSK001116,S067,21.68850129,21.68850129
TSK001116,S068,23.56646823,23.56646823
TSK001116,S069,21.1026324,21.1026324
TSK001116,S070,34.14465795,34.14465795
TSK001116,S071,18.26779394,18.26779394
TSK001116,S072,8.52019443,8.52019443
TSK001116,S073,32.01767521,32.01767521
TSK001116,S074,8.52019443,8.52019443
TSK001116,S075,8.52019443,8.52019443
TSK001116,S076,43.96042527,43.96042527
TSK001116,S077,8.52019443,8.52019443
TSK001116,S078,56.59957878,56.59957878
TSK001116,S079,24.05913191,24.05913191
TSK001116,S080,23.72760345,23.72760345
TSK001116,S081,84.90704671,84.90704671
TSK001116,S082,54.68404117,54.68404117
TSK001116,S083,8.52019443,8.52019443
TSK001116,S084,60.35881747,60.35881747
TSK001116,S085,41.3619099,41.3619099
TSK001116,S086,27.34548363,27.34548363
TSK001116,S087,8.52019443,8.52019443
TSK001116,S088,8.52019443,8.52019443
TSK001116,S089,44.75155547,44.75155547
TSK001116,S090,66.76076389,66.76076389
TSK001116,S091,31.68380591,31.68380591
TSK001116,S092,24.00614849,24.00614849
TSK001116,S093,29.07576562,29.07576562
TSK001116,S094,25.88634844,25.88634844
TSK001116,S095,29.47316103,29.47316103
TSK001116,S096,33.22780794,33.22780794
TSK001116,S097,40.58173834,40.58173834
TSK001116,S098,74.04658048,74.04658048
TSK001116,S099,41.30254018,41.30254018
TSK001116,S100,43.21288609,43.21288609
TSK001171,S001,9.62272949,9.62272949
TSK001171,S002,62.93880725,62.93880725
TSK001171,S003,34.31334297,34.31334297
TSK001171,S004,21.87712124,21.87712124
TSK001171,S005,9.62272949,9.62272949
TSK001171,S006,25.24699328,25.24699328
TSK001171,S007,9.62272949,9.62272949
TSK001171,S008,9.62272949,9.62272949
TSK001171,S009,17.16942835,17.16942835
TSK001171,S010,42.27580213,42.27580213
TSK001171,S011,19.36259798,19.36259798
TSK001171,S012,38.1042343,38.1042343
TSK001171,S013,18.8836467,18.8836467
TSK001171,S014,9.62272949,9.62272949
TSK001171,S015,38.05066747,38.05066747
TSK001171,S016,68.05641616,68.05641616
TSK001171,S017,22.55387438,22.55387438
TSK001171,S018,22.80365981,22.80365981
TSK001171,S019,9.62272949,9.62272949
TSK001171,S020,9.62272949,9.62272949
TSK001171,S021,34.31334297,34.31334297
TSK001171,S022,51.23222992,51.23222992
TSK001171,S023,52.45745545,52.45745545
TSK001171,S024,53.05547716,53.05547716
TSK001171,S025,24.71439259,24.71439259
TSK001171,S026,22.65061317,22.65061317
TSK001171,S027,27.17980097,27.17980097
TSK001171,S028,12.91096527,12.91096527
TSK001171,S029,41.96826522,41.96826522
TSK001171,S030,9.62272949,9.62272949
TSK001171,S031,24.28233231,24.28233231
TSK001171,S032,28.97645634,28.97645634
TSK001171,S033,35.49735085,35.49735085
TSK001171,S034,9.62272949,9.62272949
TSK001171,S035,29.52158837,29.52158837
TSK001171,S036,42.27580213,42.27580213
TSK001171,S037,17.0715828,17.0715828
TSK001171,S038,38.89222569,38.89222569
TSK001171,S039,57.85462589,57.85462589
TSK001171,S040,17.81367768,17.81367768
TSK001171,S041,78.79794335,78.79794335
TSK001171,S042,9.62272949,9.62272949
TSK001171,S043,34.41806677,34.41806677
TSK001171,S044,9.62272949,9.62272949
TSK001171,S045,28.95402707,28.95402707
TSK001171,S046,24.62223015,24.62223015
TSK001171,S047,9.62272949,9.62272949
TSK001171,S048,47.13028043,47.13028043
TSK001171,S049,23.27082359,23.27082359
TSK001171,S050,9.62272949,9.62272949
TSK001171,S051,50.69126628,50.69126628
TSK001171,S052,20.39862203,20.39862203
TSK001171,S053,9.62272949,9.62272949
TSK001171,S054,86.67653121,86.67653121
TSK001171,S055,22.80365981,22.80365981
TSK001171,S056,34.95622431,34.95622431
TSK001171,S057,9.62272949,9.62272949
TSK001171,S058,61.30991371,61.30991371
TSK001171,S059,23.2663406,23.2663406
TSK001171,S060,26.25935488,26.25935488
TSK001171,S061,23.24442889,23.24442889
TSK001171,S062,14.544411,14.544411
TSK001171,S063,22.65061317,22.65061317
TSK001171,S064,9.62272949,9.62272949
TSK001171,S065,66.0291109,66.0291109
TSK001171,S066,32.24236886,32.24236886
TSK001171,S067,24.71439259,24.71439259
TSK001171,S068,25.79868515,25.79868515
TSK001171,S069,23.24442889,23.24442889
TSK001171,S070,39.80567137,39.80567137
TSK001171,S071,20.71313579,20.71313579
TSK001171,S072,9.62272949,9.62272949
TSK001171,S073,36.08511142,36.08511142
TSK001171,S074,9.62272949,9.62272949
TSK001171,S075,9.62272949,9.62272949
TSK001171,S076,51.23222992,51.23222992
TSK001171,S077,9.62272949,9.62272949
TSK001171,S078,65.68294049,65.68294049
TSK001171,S079,27.121316,27.121316
TSK001171,S080,26.56186396,26.56186396
TSK001171,S081,99.3912691,99.3912691
TSK001171,S082,63.31950501,63.31950501
TSK001171,S083,9.62272949,9.62272949
TSK001171,S084,69.72895122,69.72895122
TSK001171,S085,46.65429335,46.65429335
TSK001171,S086,30.49472999,30.49472999
TSK001171,S087,9.62272949,9.62272949
TSK001171,S088,9.62272949,9.62272949
TSK001171,S089,52.05205083,52.05205083
TSK001171,S090,77.09548999,77.09548999
TSK001171,S091,35.49735085,35.49735085
TSK001171,S092,27.40616968,27.40616968
TSK001171,S093,33.54089613,33.54089613
TSK001171,S094,29.41090268,29.41090268
TSK001171,S095,34.15800317,34.15800317
TSK001171,S096,38.89222569,38.89222569
TSK001171,S097,47.82069629,47.82069629
TSK001171,S098,84.94158823,84.94158823
TSK001171,S099,46.8569005,46.8569005
TSK001171,S100,49.21475636,49.21475636
TSK001231,S001,4.80455554,4.80455554
TSK001231,S002,21.74232437,21.74232437
TSK001231,S003,12.64841655,12.64841655
TSK001231,S004,11.35988119,11.35988119
TSK001231,S005,4.80455554,4.80455554
TSK001231,S006,14.41327465,14.41327465
TSK001231,S007,4.80455554,4.80455554
TSK001231,S008,4.80455554,4.80455554
TSK001231,S009,8.63723844,8.63723844
TSK001231,S010,21.45964221,21.45964221
TSK001231,S011,9.93765559,9.93765559
TSK001231,S012,17.42395353,17.42395353
TSK001231,S013,10.17495227,10.17495227
TSK001231,S014,4.80455554,4.80455554
TSK001231,S015,19.54156327,19.54156327
TSK001231,S016,30.49757013,30.49757013
TSK001231,S017,11.00645908,11.00645908
TSK001231,S018,10.92860042,10.92860042
TSK001231,S019,4.80455554,4.80455554
TSK001231,S020,4.80455554,4.80455554
TSK001231,S021,12.64841655,12.64841655
TSK001231,S022,19.9995821,19.9995821
TSK001231,S023,21.14729649,21.14729649
TSK001231,S024,25.09697264,25.09697264
TSK001231,S025,11.52114832,11.52114832
TSK001231,S026,11.61346764,11.61346764
TSK001231,S027,13.96425233,13.96425233
TSK001231,S028,6.89911973,6.89911973
TSK001231,S029,20.88852497,20.88852497
TSK001231,S030,4.80455554,4.80455554
TSK001231,S031,11.44563929,11.44563929
TSK001231,S032,14.34999271,14.34999271
TSK001231,S033,18.1933374,18.1933374
TSK001231,S034,4.80455554,4.80455554
TSK001231,S035,15.37645871,15.37645871
TSK001231,S036,21.45964221,21.45964221
TSK001231,S037,9.44523844,9.44523844
TSK001231,S038,14.68871781,14.68871781
TSK001231,S039,24.46998807,24.46998807
TSK001231,S040,9.60343513,9.60343513
TSK001231,S041,31.45312682,31.45312682
TSK001231,S042,4.80455554,4.80455554
TSK001231,S043,16.76841393,16.76841393
TSK001231,S044,4.80455554,4.80455554
TSK001231,S045,14.23982143,14.23982143
TSK001231,S046,11.22745691,11.22745691
TSK001231,S047,4.80455554,4.80455554
TSK001231,S048,18.37927816,18.37927816
TSK001231,S049,13.00439651,13.00439651
TSK001231,S050,4.80455554,4.80455554
TSK001231,S051,20.49178322,20.49178322
TSK001231,S052,11.90851722,11.90851722
TSK001231,S053,4.80455554,4.80455554
TSK001231,S054,43.32242965,43.32242965
TSK001231,S055,10.92860042,10.92860042
TSK001231,S056,13.87706637,13.87706637
TSK001231,S057,4.80455554,4.80455554
TSK001231,S058,23.1284006,23.1284006
TSK001231,S059,11.38929742,11.38929742
TSK001231,S060,13.52080448,13.52080448
TSK001231,S061,13.4509466,13.4509466
TSK001231,S062,6.53255196,6.53255196
TSK001231,S063,11.61346764,11.61346764
TSK001231,S064,4.80455554,4.80455554
TSK001231,S065,29.77450594,29.77450594
TSK001231,S066,11.99049717,11.99049717
TSK001231,S067,11.52114832,11.52114832
TSK001231,S068,15.7703175,15.7703175
TSK001231,S069,13.4509466,13.4509466
TSK001231,S070,15.49298169,15.49298169
TSK001231,S071,10.01703929,10.01703929
TSK001231,S072,4.80455554,4.80455554
TSK001231,S073,17.9833999,17.9833999
TSK001231,S074,4.80455554,4.80455554
TSK001231,S075,4.80455554,4.80455554
TSK001231,S076,19.9995821,19.9995821
TSK001231,S077,4.80455554,4.80455554
TSK001231,S078,26.27923057,26.27923057
TSK001231,S079,13.66794874,13.66794874
TSK001231,S080,13.97449557,13.97449557
TSK001231,S081,37.32343435,37.32343435
TSK001231,S082,25.98691533,25.98691533
TSK001231,S083,4.80455554,4.80455554
TSK001231,S084,28.94435269,28.94435269
TSK001231,S085,23.4264468,23.4264468
TSK001231,S086,16.33010188,16.33010188
TSK001231,S087,4.80455554,4.80455554
TSK001231,S088,4.80455554,4.80455554
TSK001231,S089,20.67988296,20.67988296
TSK001231,S090,32.39849297,32.39849297
TSK001231,S091,18.1933374,18.1933374
TSK001231,S092,12.55913263,12.55913263
TSK001231,S093,14.228935,14.228935
TSK001231,S094,14.04475367,14.04475367
TSK001231,S095,13.88343034,13.88343034
TSK001231,S096,14.68871781,14.68871781
TSK001231,S097,16.93951293,16.93951293
TSK001231,S098,37.71969795,37.71969795
TSK001231,S099,22.24357397,22.24357397
TSK001231,S100,22.82634028,22.82634028
TSK001308,S001,0.54330184,0.54330184
TSK001308,S002,1.65327828,1.65327828
TSK001308,S003,1.05733063,1.05733063
TSK001308,S004,1.30564681,1.30564681
TSK001308,S005,0.54330184,0.54330184
TSK001308,S006,1.6144587,1.6144587
TSK001308,S007,0.54330184,0.54330184
TSK001308,S008,0.54330184,0.54330184
TSK001308,S009,0.96327823,0.96327823
TSK001308,S010,2.25899754,2.25899754
TSK001308,S011,1.14057932,1.14057932
TSK001308,S012,1.78174388,1.78174388
TSK001308,S013,1.17255193,1.17255193
TSK001308,S014,0.54330184,0.54330184
TSK001308,S015,2.48604006,2.48604006
TSK001308,S016,3.0672164,3.0672164
TSK001308,S017,1.19439082,1.19439082
TSK001308,S018,1.11108213,1.11108213
TSK001308,S019,0.54330184,0.54330184
TSK001308,S020,0.54330184,0.54330184
TSK001308,S021,1.05733063,1.05733063
TSK001308,S022,1.76667712,1.76667712
TSK001308,S023,1.96663125,1.96663125
TSK001308,S024,2.79023348,2.79023348
TSK001308,S025,1.20487892,1.20487892
TSK001308,S026,1.33284245,1.33284245
TSK001308,S027,1.52097481,1.52097481
TSK001308,S028,0.78135633,0.78135633
TSK001308,S029,2.14358724,2.14358724
TSK001308,S030,0.54330184,0.54330184
TSK001308,S031,1.23409622,1.23409622
TSK001308,S032,1.52380316,1.52380316
TSK001308,S033,1.79797769,1.79797769
TSK001308,S034,0.54330184,0.54330184
TSK001308,S035,1.68383447,1.68383447
TSK001308,S036,2.25899754,2.25899754
TSK001308,S037,1.10348404,1.10348404
TSK001308,S038,1.28618675,1.28618675
TSK001308,S039,2.28739322,2.28739322
TSK001308,S040,1.11595784,1.11595784
TSK001308,S041,2.79327043,2.79327043
TSK001308,S042,0.54330184,0.54330184
TSK001308,S043,1.72345037,1.72345037
TSK001308,S044,0.54330184,0.54330184
TSK001308,S045,1.50611964,1.50611964
TSK001308,S046,1.1270237,1.1270237
TSK001308,S047,0.54330184,0.54330184
TSK001308,S048,1.62157294,1.62157294
TSK001308,S049,1.62123815,1.62123815
TSK001308,S050,0.54330184,0.54330184
TSK001308,S051,1.7864675,1.7864675
TSK001308,S052,1.42569797,1.42569797
TSK001308,S053,0.54330184,0.54330184
TSK001308,S054,4.40964075,4.40964075
TSK001308,S055,1.11108213,1.11108213
TSK001308,S056,1.24760425,1.24760425
TSK001308,S057,0.54330184,0.54330184
TSK001308,S058,1.9459305,1.9459305
TSK001308,S059,1.20524529,1.20524529
TSK001308,S060,1.51631562,1.51631562
TSK001308,S061,1.55607092,1.55607092
TSK001308,S062,0.67751916,0.67751916
TSK001308,S063,1.33284245,1.33284245
TSK001308,S064,0.54330184,0.54330184
TSK001308,S065,2.8585934,2.8585934
TSK001308,S066,1.01421545,1.01421545
TSK001308,S067,1.20487892,1.20487892
TSK001308,S068,2.04421613,2.04421613
TSK001308,S069,1.55607092,1.55607092
TSK001308,S070,1.36229204,1.36229204
TSK001308,S071,1.08283325,1.08283325
TSK001308,S072,0.54330184,0.54330184
TSK001308,S073,1.8629849,1.8629849
TSK001308,S074,0.54330184,0.54330184
TSK001308,S075,0.54330184,0.54330184
TSK001308,S076,1.76667712,1.76667712
TSK001308,S077,0.54330184,0.54330184
TSK001308,S078,2.2181151,2.2181151
TSK001308,S079,1.52683275,1.52683275
TSK001308,S080,1.57650248,1.57650248
TSK001308,S081,3.14292964,3.14292964
TSK001308,S082,2.36568311,2.36568311
TSK001308,S083,0.54330184,0.54330184
TSK001308,S084,2.54387919,2.54387919
TSK001308,S085,2.61675304,2.61675304
TSK001308,S086,1.79513648,1.79513648
TSK001308,S087,0.54330184,0.54330184
TSK001308,S088,0.54330184,0.54330184
TSK001308,S089,1.87391687,1.87391687
TSK001308,S090,3.05738554,3.05738554
TSK001308,S091,1.79797769,1.79797769
TSK001308,S092,1.27035833,1.27035833
TSK001308,S093,1.3627663,1.3627663
TSK001308,S094,1.51817007,1.51817007
TSK001308,S095,1.23201116,1.23201116
TSK001308,S096,1.28618675,1.28618675
TSK001308,S097,1.33853744,1.33853744
TSK001308,S098,3.81452034,3.81452034
TSK001308,S099,2.183098,2.183098
TSK001308,S100,2.25846339,2.25846339
TSK001345,S001,2.29839138,2.29839138
TSK001345,S002,7.12042017,7.12042017
TSK001345,S003,4.53146729,4.53146729
TSK001345,S004,5.50264519,5.50264519
TSK001345,S005,2.29839138,2.29839138
TSK001345,S006,6.64250619,6.64250619
TSK001345,S007,2.29839138,2.29839138
TSK001345,S008,2.29839138,2.29839138
TSK001345,S009,4.05564604,4.05564604
TSK001345,S010,9.35739024,9.35739024
TSK001345,S011,4.81602765,4.81602765
TSK001345,S012,7.50370279,7.50370279
TSK001345,S013,4.9109995,4.9109995
TSK001345,S014,2.29839138,2.29839138
TSK001345,S015,10.73815577,10.73815577
TSK001345,S016,12.93035926,12.93035926
TSK001345,S017,5.02738794,5.02738794
TSK001345,S018,4.62065117,4.62065117
TSK001345,S019,2.29839138,2.29839138
TSK001345,S020,2.29839138,2.29839138
TSK001345,S021,4.53146729,4.53146729
TSK001345,S022,7.51623906,7.51623906
TSK001345,S023,8.38041005,8.38041005
TSK001345,S024,11.88932834,11.88932834
TSK001345,S025,5.07832964,5.07832964
TSK001345,S026,5.62885812,5.62885812
TSK001345,S027,6.33947818,6.33947818
TSK001345,S028,3.26353672,3.26353672
TSK001345,S029,8.85870693,8.85870693
TSK001345,S030,2.29839138,2.29839138
TSK001345,S031,5.22587536,5.22587536
TSK001345,S032,6.35983322,6.35983322
TSK001345,S033,7.30529493,7.30529493
TSK001345,S034,2.29839138,2.29839138
TSK001345,S035,7.00843634,7.00843634
TSK001345,S036,9.35739024,9.35739024
TSK001345,S037,4.6154327,4.6154327
TSK001345,S038,5.5211961,5.5211961
TSK001345,S039,9.62328236,9.62328236
TSK001345,S040,4.68306875,4.68306875
TSK001345,S041,11.81377415,11.81377415
TSK001345,S042,2.29839138,2.29839138
TSK001345,S043,7.15992009,7.15992009
TSK001345,S044,2.29839138,2.29839138
TSK001345,S045,6.28928644,6.28928644
TSK001345,S046,4.72845243,4.72845243
TSK001345,S047,2.29839138,2.29839138
TSK001345,S048,6.89931499,6.89931499
TSK001345,S049,6.87544959,6.87544959
TSK001345,S050,2.29839138,2.29839138
TSK001345,S051,7.4919516,7.4919516
TSK001345,S052,5.94529225,5.94529225
TSK001345,S053,2.29839138,2.29839138
TSK001345,S054,18.16696705,18.16696705
TSK001345,S055,4.62065117,4.62065117
TSK001345,S056,5.30069366,5.30069366
TSK001345,S057,2.29839138,2.29839138
TSK001345,S058,8.28330903,8.28330903
TSK001345,S059,5.03868501,5.03868501
TSK001345,S060,6.36316293,6.36316293
TSK001345,S061,6.44174427,6.44174427
TSK001345,S062,2.87519153,2.87519153
TSK001345,S063,5.62885812,5.62885812
TSK001345,S064,2.29839138,2.29839138
TSK001345,S065,11.89495895,11.89495895
TSK001345,S066,4.34416363,4.34416363
TSK001345,S067,5.07832964,5.07832964
TSK001345,S068,8.6305045,8.6305045
TSK001345,S069,6.44174427,6.44174427
TSK001345,S070,5.79534176,5.79534176
TSK001345,S071,4.56247426,4.56247426
TSK001345,S072,2.29839138,2.29839138
TSK001345,S073,7.71589412,7.71589412
TSK001345,S074,2.29839138,2.29839138
TSK001345,S075,2.29839138,2.29839138
TSK001345,S076,7.51623906,7.51623906
TSK001345,S077,2.29839138,2.29839138
TSK001345,S078,9.25956928,9.25956928
TSK001345,S079,6.4285738,6.4285738
TSK001345,S080,6.59773727,6.59773727
TSK001345,S081,13.40270774,13.40270774
TSK001345,S082,9.97773719,9.97773719
TSK001345,S083,2.29839138,2.29839138
TSK001345,S084,10.60036946,10.60036946
TSK001345,S085,11.02542175,11.02542175
TSK001345,S086,7.43817514,7.43817514
TSK001345,S087,2.29839138,2.29839138
TSK001345,S088,2.29839138,2.29839138
TSK001345,S089,7.97404868,7.97404868
TSK001345,S090,12.91544103,12.91544103
TSK001345,S091,7.30529493,7.30529493
TSK001345,S092,5.33320686,5.33320686
TSK001345,S093,5.76154447,5.76154447
TSK001345,S094,6.41424824,6.41424824
TSK001345,S095,5.18006329,5.18006329
TSK001345,S096,5.5211961,5.5211961
TSK001345,S097,5.75310342,5.75310342
TSK001345,S098,16.13829671,16.13829671
TSK001345,S099,9.01690544,9.01690544
TSK001345,S100,9.40168459,9.40168459
TSK001494,S001,5.33501722,5.33501722
TSK001494,S002,25.44422503,25.44422503
TSK001494,S003,14.64756792,14.64756792
TSK001494,S004,12.57921217,12.57921217
TSK001494,S005,5.33501722,5.33501722
TSK001494,S006,16.02024885,16.02024885
TSK001494,S007,5.33501722,5.33501722
TSK001494,S008,5.33501722,5.33501722
TSK001494,S009,9.61150339,9.61150339
TSK001494,S010,24.0889019,24.0889019
TSK001494,S011,11.00735275,11.00735275
TSK001494,S012,19.64930986,19.64930986
TSK001494,S013,11.26061886,11.26061886
TSK001494,S014,5.33501722,5.33501722
TSK001494,S015,21.26559198,21.26559198
TSK001494,S016,34.47603088,34.47603088
TSK001494,S017,12.30119801,12.30119801
TSK001494,S018,12.33191489,12.33191489
TSK001494,S019,5.33501722,5.33501722
TSK001494,S020,5.33501722,5.33501722
TSK001494,S021,14.64756792,14.64756792
TSK001494,S022,23.00566699,23.00566699
TSK001494,S023,24.16813993,24.16813993
TSK001494,S024,27.94883894,27.94883894
TSK001494,S025,12.94976821,12.94976821
TSK001494,S026,12.86372155,12.86372155
TSK001494,S027,15.59484604,15.59484604
TSK001494,S028,7.65686305,7.65686305
TSK001494,S029,23.53596273,23.53596273
TSK001494,S030,5.33501722,5.33501722
TSK001494,S031,12.80636987,12.80636987
TSK001494,S032,16.08918702,16.08918702
TSK001494,S033,20.6044232,20.6044232
TSK001494,S034,5.33501722,5.33501722
TSK001494,S035,17.15690283,17.15690283
TSK001494,S036,24.0889019,24.0889019
TSK001494,S037,10.42854523,10.42854523
TSK001494,S038,16.91718236,16.91718236
TSK001494,S039,27.94052274,27.94052274
TSK001494,S040,10.61364229,10.61364229
TSK001494,S041,36.15350331,36.15350331
TSK001494,S042,5.33501722,5.33501722
TSK001494,S043,18.89118566,18.89118566
TSK001494,S044,5.33501722,5.33501722
TSK001494,S045,15.9754634,15.9754634
TSK001494,S046,12.69444903,12.69444903
TSK001494,S047,5.33501722,5.33501722
TSK001494,S048,21.14501116,21.14501116
TSK001494,S049,14.1986613,14.1986613
TSK001494,S050,5.33501722,5.33501722
TSK001494,S051,23.60462629,23.60462629
TSK001494,S052,13.09194443,13.09194443
TSK001494,S053,5.33501722,5.33501722
TSK001494,S054,48.8686731,48.8686731
TSK001494,S055,12.33191489,12.33191489
TSK001494,S056,15.92756583,15.92756583
TSK001494,S057,5.33501722,5.33501722
TSK001494,S058,26.76108641,26.76108641
TSK001494,S059,12.77678249,12.77678249
TSK001494,S060,15.03140227,15.03140227
TSK001494,S061,14.87281978,14.87281978
TSK001494,S062,7.35263883,7.35263883
TSK001494,S063,12.86372155,12.86372155
TSK001494,S064,5.33501722,5.33501722
TSK001494,S065,33.86969753,33.86969753
TSK001494,S066,13.86645929,13.86645929
TSK001494,S067,12.94976821,12.94976821
TSK001494,S068,17.09105001,17.09105001
TSK001494,S069,14.87281978,14.87281978
TSK001494,S070,17.83177942,17.83177942
TSK001494,S071,11.20235559,11.20235559
TSK001494,S072,5.33501722,5.33501722
TSK001494,S073,20.23519496,20.23519496
TSK001494,S074,5.33501722,5.33501722
TSK001494,S075,5.33501722,5.33501722
TSK001494,S076,23.00566699,23.00566699
TSK001494,S077,5.33501722,5.33501722
TSK001494,S078,30.38652074,30.38652074
TSK001494,S079,15.20565867,15.20565867
TSK001494,S080,15.51992045,15.51992045
TSK001494,S081,43.18253635,43.18253635
TSK001494,S082,29.7760263,29.7760263
TSK001494,S083,5.33501722,5.33501722
TSK001494,S084,33.30484737,33.30484737
TSK001494,S085,26.06272606,26.06272606
TSK001494,S086,18.20825994,18.20825994
TSK001494,S087,5.33501722,5.33501722
TSK001494,S088,5.33501722,5.33501722
TSK001494,S089,23.71253324,23.71253324
TSK001494,S090,36.94964613,36.94964613
TSK001494,S091,20.6044232,20.6044232
TSK001494,S092,14.18473692,14.18473692
TSK001494,S093,16.19578163,16.19578163
TSK001494,S094,15.70761265,15.70761265
TSK001494,S095,15.9582004,15.9582004
TSK001494,S096,16.91718236,16.91718236
TSK001494,S097,19.74213201,19.74213201
TSK001494,S098,42.60938714,42.60938714
TSK001494,S099,25.22307117,25.22307117
TSK001494,S100,25.85817369,25.85817369
TSK001587,S001,1.94240104,1.94240104
TSK001587,S002,6.14575444,6.14575444
TSK001587,S003,3.8889691,3.8889691
TSK001587,S004,4.62927802,4.62927802
TSK001587,S005,1.94240104,1.94240104
TSK001587,S006,5.42364579,5.42364579
TSK001587,S007,1.94240104,1.94240104
TSK001587,S008,1.94240104,1.94240104
TSK001587,S009,3.40778098,3.40778098
TSK001587,S010,7.70607862,7.70607862
TSK001587,S011,4.06086323,4.06086323
TSK001587,S012,6.30718052,6.30718052
TSK001587,S013,4.10025846,4.10025846
TSK001587,S014,1.94240104,1.94240104
TSK001587,S015,9.29932774,9.29932774
TSK001587,S016,10.88173135,10.88173135
TSK001587,S017,4.22296705,4.22296705
TSK001587,S018,3.82413828,3.82413828
TSK001587,S019,1.94240104,1.94240104
TSK001587,S020,1.94240104,1.94240104
TSK001587,S021,3.8889691,3.8889691
TSK001587,S022,6.3951505,6.3951505
TSK001587,S023,7.14401901,7.14401901
TSK001587,S024,10.13454974,10.13454974
TSK001587,S025,4.27268608,4.27268608
TSK001587,S026,4.74726747,4.74726747
TSK001587,S027,5.26133415,5.26133415
TSK001587,S028,2.71552969,2.71552969
TSK001587,S029,7.27403394,7.27403394
TSK001587,S030,1.94240104,1.94240104
TSK001587,S031,4.42166887,4.42166887
TSK001587,S032,5.28704748,5.28704748
TSK001587,S033,5.8685662,5.8685662
TSK001587,S034,1.94240104,1.94240104
TSK001587,S035,5.80638543,5.80638543
TSK001587,S036,7.70607862,7.70607862
TSK001587,S037,3.84704114,3.84704114
TSK001587,S038,4.74728613,4.74728613
TSK001587,S039,8.07865743,8.07865743
TSK001587,S040,3.91928249,3.91928249
TSK001587,S041,9.98102066,9.98102066
TSK001587,S042,1.94240104,1.94240104
TSK001587,S043,5.91806606,5.91806606
TSK001587,S044,1.94240104,1.94240104
TSK001587,S045,5.23175078,5.23175078
TSK001587,S046,3.95618674,3.95618674
TSK001587,S047,1.94240104,1.94240104
TSK001587,S048,5.87066208,5.87066208
TSK001587,S049,5.82772011,5.82772011
TSK001587,S050,1.94240104,1.94240104
TSK001587,S051,6.26505752,6.26505752
TSK001587,S052,4.93720494,4.93720494
TSK001587,S053,1.94240104,1.94240104
TSK001587,S054,14.8584727,14.8584727
TSK001587,S055,3.82413828,3.82413828
TSK001587,S056,4.5028276,4.5028276
TSK001587,S057,1.94240104,1.94240104
TSK001587,S058,7.0522919,7.0522919
TSK001587,S059,4.19739301,4.19739301
TSK001587,S060,5.32537166,5.32537166
TSK001587,S061,5.30088897,5.30088897
TSK001587,S062,2.43899785,2.43899785
TSK001587,S063,4.74726747,4.74726747
TSK001587,S064,1.94240104,1.94240104
TSK001587,S065,9.85165684,9.85165684
TSK001587,S066,3.72569685,3.72569685
TSK001587,S067,4.27268608,4.27268608
TSK001587,S068,7.27612832,7.27612832
TSK001587,S069,5.30088897,5.30088897
TSK001587,S070,4.93046924,4.93046924
TSK001587,S071,3.83718459,3.83718459
TSK001587,S072,1.94240104,1.94240104
TSK001587,S073,6.35311723,6.35311723
TSK001587,S074,1.94240104,1.94240104
TSK001587,S075,1.94240104,1.94240104
TSK001587,S076,6.3951505,6.3951505
TSK001587,S077,1.94240104,1.94240104
TSK001587,S078,7.6996215,7.6996215
TSK001587,S079,5.40187211,5.40187211
TSK001587,S080,5.50328341,5.50328341
TSK001587,S081,11.43516333,11.43516333
TSK001587,S082,8.40180371,8.40180371
TSK001587,S083,1.94240104,1.94240104
TSK001587,S084,8.79489451,8.79489451
TSK001587,S085,9.27256235,9.27256235
TSK001587,S086,6.12785541,6.12785541
TSK001587,S087,1.94240104,1.94240104
TSK001587,S088,1.94240104,1.94240104
TSK001587,S089,6.7862524,6.7862524
TSK001587,S090,10.89617896,10.89617896
TSK001587,S091,5.8685662,5.8685662
TSK001587,S092,4.46563919,4.46563919
TSK001587,S093,4.86558654,4.86558654
TSK001587,S094,5.41240864,5.41240864
TSK001587,S095,4.34542736,4.34542736
TSK001587,S096,4.74728613,4.74728613
TSK001587,S097,4.95386701,4.95386701
TSK001587,S098,13.64000608,13.64000608
TSK001587,S099,7.39865215,7.39865215
TSK001587,S100,7.79073809,7.79073809
TSK001642,S001,2.31973381,2.31973381
TSK001642,S002,7.14176261,7.14176261
TSK001642,S003,4.55280973,4.55280973
TSK001642,S004,5.56110491,5.56110491
TSK001642,S005,2.31973381,2.31973381
TSK001642,S006,6.77056082,6.77056082
TSK001642,S007,2.31973381,2.31973381
TSK001642,S008,2.31973381,2.31973381
TSK001642,S009,4.10018678,4.10018678
TSK001642,S010,9.51482938,9.51482938
TSK001642,S011,4.86397081,4.86397081
TSK001642,S012,7.58536081,7.58536081
TSK001642,S013,4.97409888,4.97409888
TSK001642,S014,2.31973381,2.31973381
TSK001642,S015,10.75949821,10.75949821
TSK001642,S016,13.06645596,13.06645596
TSK001642,S017,5.08306387,5.08306387
TSK001642,S018,4.69179263,4.69179263
TSK001642,S019,2.31973381,2.31973381
TSK001642,S020,2.31973381,2.31973381
TSK001642,S021,4.55280973,4.55280973
TSK001642,S022,7.57098705,7.57098705
TSK001642,S023,8.43670459,8.43670459
TSK001642,S024,11.96943981,11.96943981
TSK001642,S025,5.1321497,5.1321497
TSK001642,S026,5.68453404,5.68453404
TSK001642,S027,6.43196207,6.43196207
TSK001642,S028,3.30869608,3.30869608
TSK001642,S029,9.01521814,9.01521814
TSK001642,S030,2.31973381,2.31973381
TSK001642,S031,5.27258127,5.27258127
TSK001642,S032,6.44953332,6.44953332
TSK001642,S033,7.47974616,7.47974616
TSK001642,S034,2.31973381,2.31973381
TSK001642,S035,7.1142206,7.1142206
TSK001642,S036,9.51482938,9.51482938
TSK001642,S037,4.67698552,4.67698552
TSK001642,S038,5.54408509,5.54408509
TSK001642,S039,9.73154111,9.73154111
TSK001642,S040,4.73998192,4.73998192
TSK001642,S041,11.92450738,11.92450738
TSK001642,S042,2.31973381,2.31973381
TSK001642,S043,7.27281849,7.27281849
TSK001642,S044,2.31973381,2.31973381
TSK001642,S045,6.37682137,6.37682137
TSK001642,S046,4.78629353,4.78629353
TSK001642,S047,2.31973381,2.31973381
TSK001642,S048,6.94942332,6.94942332
TSK001642,S049,6.93329069,6.93329069
TSK001642,S050,2.31973381,2.31973381
TSK001642,S051,7.58474481,7.58474481
TSK001642,S052,6.03097131,6.03097131
TSK001642,S053,2.31973381,2.31973381
TSK001642,S054,18.50844605,18.50844605
TSK001642,S055,4.69179263,4.69179263
TSK001642,S056,5.34183198,5.34183198
TSK001642,S057,2.31973381,2.31973381
TSK001642,S058,8.34207806,8.34207806
TSK001642,S059,5.10673336,5.10673336
TSK001642,S060,6.4404906,6.4404906
TSK001642,S061,6.55154956,6.55154956
TSK001642,S062,2.89869915,2.89869915
TSK001642,S063,5.68453404,5.68453404
TSK001642,S064,2.31973381,2.31973381
TSK001642,S065,12.07559639,12.07559639
TSK001642,S066,4.36550606,4.36550606
TSK001642,S067,5.1321497,5.1321497
TSK001642,S068,8.71680219,8.71680219
TSK001642,S069,6.55154956,6.55154956
TSK001642,S070,5.83771732,5.83771732
TSK001642,S071,4.61134535,4.61134535
TSK001642,S072,2.31973381,2.31973381
TSK001642,S073,7.84611392,7.84611392
TSK001642,S074,2.31973381,2.31973381
TSK001642,S075,2.31973381,2.31973381
TSK001642,S076,7.57098705,7.57098705
TSK001642,S077,2.31973381,2.31973381
TSK001642,S078,9.38947977,9.38947977
TSK001642,S079,6.49909664,6.49909664
TSK001642,S080,6.68434426,6.68434426
TSK001642,S081,13.48931473,13.48931473
TSK001642,S082,10.08104696,10.08104696
TSK001642,S083,2.31973381,2.31973381
TSK001642,S084,10.75595273,10.75595273
TSK001642,S085,11.14357844,11.14357844
TSK001642,S086,7.56251803,7.56251803
TSK001642,S087,2.31973381,2.31973381
TSK001642,S088,2.31973381,2.31973381
TSK001642,S089,8.03158047,8.03158047
TSK001642,S090,13.0419491,13.0419491
TSK001642,S091,7.47974616,7.47974616
TSK001642,S092,5.39723417,5.39723417
TSK001642,S093,5.81629247,5.81629247
TSK001642,S094,6.476729,6.476729
TSK001642,S095,5.23945094,5.23945094
TSK001642,S096,5.54408509,5.54408509
TSK001642,S097,5.77444585,5.77444585
TSK001642,S098,16.28769377,16.28769377
TSK001642,S099,9.17805631,9.17805631
TSK001642,S100,9.54303957,9.54303957
TSK001711,S001,2.31381106,2.31381106
TSK001711,S002,7.13583986,7.13583986
TSK001711,S003,4.54688698,4.54688698
TSK001711,S004,5.54488173,5.54488173
TSK001711,S005,2.31381106,2.31381106
TSK001711,S006,6.73502432,6.73502432
TSK001711,S007,2.31381106,2.31381106
TSK001711,S008,2.31381106,2.31381106
TSK001711,S009,4.08782626,4.08782626
TSK001711,S010,9.47113837,9.47113837
TSK001711,S011,4.85066608,4.85066608
TSK001711,S012,7.56269986,7.56269986
TSK001711,S013,4.95658815,4.95658815
TSK001711,S014,2.31381106,2.31381106
TSK001711,S015,10.75357546,10.75357546
TSK001711,S016,13.0286877,13.0286877
TSK001711,S017,5.06761321,5.06761321
TSK001711,S018,4.67205013,4.67205013
TSK001711,S019,2.31381106,2.31381106
TSK001711,S020,2.31381106,2.31381106
TSK001711,S021,4.54688698,4.54688698
TSK001711,S022,7.55579391,7.55579391
TSK001711,S023,8.42108227,8.42108227
TSK001711,S024,11.94720803,11.94720803
TSK001711,S025,5.11721407,5.11721407
TSK001711,S026,5.66908339,5.66908339
TSK001711,S027,6.40629682,6.40629682
TSK001711,S028,3.29616388,3.29616388
TSK001711,S029,8.97178464,8.97178464
TSK001711,S030,2.31381106,2.31381106
TSK001711,S031,5.25961989,5.25961989
TSK001711,S032,6.4246406,6.4246406
TSK001711,S033,7.43133411,7.43133411
TSK001711,S034,2.31381106,2.31381106
TSK001711,S035,7.08486436,7.08486436
TSK001711,S036,9.47113837,9.47113837
TSK001711,S037,4.65990397,4.65990397
TSK001711,S038,5.53773316,5.53773316
TSK001711,S039,9.70149817,9.70149817
TSK001711,S040,4.72418792,4.72418792
TSK001711,S041,11.89377775,11.89377775
TSK001711,S042,2.31381106,2.31381106
TSK001711,S043,7.24148801,7.24148801
TSK001711,S044,2.31381106,2.31381106
TSK001711,S045,6.35252951,6.35252951
TSK001711,S046,4.77024202,4.77024202
TSK001711,S047,2.31381106,2.31381106
TSK001711,S048,6.93551774,6.93551774
TSK001711,S049,6.91723918,6.91723918
TSK001711,S050,2.31381106,2.31381106
TSK001711,S051,7.55899372,7.55899372
TSK001711,S052,6.00719447,6.00719447
TSK001711,S053,2.31381106,2.31381106
TSK001711,S054,18.41368205,18.41368205
TSK001711,S055,4.67205013,4.67205013
TSK001711,S056,5.33041567,5.33041567
TSK001711,S057,2.31381106,2.31381106
TSK001711,S058,8.32576904,8.32576904
TSK001711,S059,5.08784923,5.08784923
TSK001711,S060,6.41903136,6.41903136
TSK001711,S061,6.52107744,6.52107744
TSK001711,S062,2.89217554,2.89217554
TSK001711,S063,5.66908339,5.66908339
TSK001711,S064,2.31381106,2.31381106
TSK001711,S065,12.02546761,12.02546761
TSK001711,S066,4.35958331,4.35958331
TSK001711,S067,5.11721407,5.11721407
TSK001711,S068,8.69285367,8.69285367
TSK001711,S069,6.52107744,6.52107744
TSK001711,S070,5.82595766,5.82595766
TSK001711,S071,4.59778311,4.59778311
TSK001711,S072,2.31381106,2.31381106
TSK001711,S073,7.80997656,7.80997656
TSK001711,S074,2.31381106,2.31381106
TSK001711,S075,2.31381106,2.31381106
TSK001711,S076,7.55579391,7.55579391
TSK001711,S077,2.31381106,2.31381106
TSK001711,S078,9.35342825,9.35342825
TSK001711,S079,6.47952582,6.47952582
TSK001711,S080,6.66030991,6.66030991
TSK001711,S081,13.46528038,13.46528038
TSK001711,S082,10.05237742,10.05237742
TSK001711,S083,2.31381106,2.31381106
TSK001711,S084,10.71277674,10.71277674
TSK001711,S085,11.11078872,11.11078872
TSK001711,S086,7.52801158,7.52801158
TSK001711,S087,2.31381106,2.31381106
TSK001711,S088,2.31381106,2.31381106
TSK001711,S089,8.01561479,8.01561479
TSK001711,S090,13.00684178,13.00684178
TSK001711,S091,7.43133411,7.43133411
TSK001711,S092,5.37946592,5.37946592
TSK001711,S093,5.80109932,5.80109932
TSK001711,S094,6.45938994,6.45938994
TSK001711,S095,5.22297025,5.22297025
TSK001711,S096,5.53773316,5.53773316
TSK001711,S097,5.7685231,5.7685231
TSK001711,S098,16.24623452,16.24623452
TSK001711,S099,9.13333525,9.13333525
TSK001711,S100,9.50381208,9.50381208
TSK001745,S001,14.76374894,14.76374894
TSK001745,S002,101.08174548,101.08174548
TSK001745,S003,50.69748643,50.69748643
TSK001745,S004,30.97035332,30.97035332
TSK001745,S005,14.76374894,14.76374894
TSK001745,S006,35.17723754,35.17723754
TSK001745,S007,14.76374894,14.76374894
TSK001745,S008,14.76374894,14.76374894
TSK001745,S009,24.73703645,24.73703645
TSK001745,S010,57.74695019,57.74695019
TSK001745,S011,27.65661458,27.65661458
TSK001745,S012,54.01795102,54.01795102
TSK001745,S013,26.95734498,26.95734498
TSK001745,S014,14.76374894,14.76374894
TSK001745,S015,65.92436059,65.92436059
TSK001745,S016,95.25739981,95.25739981
TSK001745,S017,34.93970189,34.93970189
TSK001745,S018,32.12253053,32.12253053
TSK001745,S019,14.76374894,14.76374894
TSK001745,S020,14.76374894,14.76374894
TSK001745,S021,50.69748643,50.69748643
TSK001745,S022,71.57553687,71.57553687
TSK001745,S023,74.01027275,74.01027275
TSK001745,S024,79.13239577,79.13239577
TSK001745,S025,39.35496562,39.35496562
TSK001745,S026,35.08452596,35.08452596
TSK001745,S027,39.42619188,39.42619188
TSK001745,S028,19.05541484,19.05541484
TSK001745,S029,61.93553845,61.93553845
TSK001745,S030,14.76374894,14.76374894
TSK001745,S031,38.81572847,38.81572847
TSK001745,S032,40.29012952,40.29012952
TSK001745,S033,48.61241078,48.61241078
TSK001745,S034,14.76374894,14.76374894
TSK001745,S035,40.96237455,40.96237455
TSK001745,S036,57.74695019,57.74695019
TSK001745,S037,24.5486492,24.5486492
TSK001745,S038,55.26523228,55.26523228
TSK001745,S039,88.03508013,88.03508013
TSK001745,S040,25.55643907,25.55643907
TSK001745,S041,129.56941634,129.56941634
TSK001745,S042,14.76374894,14.76374894
TSK001745,S043,50.51191749,50.51191749
TSK001745,S044,14.76374894,14.76374894
TSK001745,S045,43.33889206,43.33889206
TSK001745,S046,39.20565177,39.20565177
TSK001745,S047,14.76374894,14.76374894
TSK001745,S048,64.5937819,64.5937819
TSK001745,S049,33.65206611,33.65206611
TSK001745,S050,14.76374894,14.76374894
TSK001745,S051,69.31415945,69.31415945
TSK001745,S052,28.90041517,28.90041517
TSK001745,S053,14.76374894,14.76374894
TSK001745,S054,116.17732218,116.17732218
TSK001745,S055,32.12253053,32.12253053
TSK001745,S056,48.41570261,48.41570261
TSK001745,S057,14.76374894,14.76374894
TSK001745,S058,89.57405838,89.57405838
TSK001745,S059,32.76192182,32.76192182
TSK001745,S060,38.2695436,38.2695436
TSK001745,S061,32.59026058,32.59026058
TSK001745,S062,21.30859743,21.30859743
TSK001745,S063,35.08452596,35.08452596
TSK001745,S064,14.76374894,14.76374894
TSK001745,S065,90.80782995,90.80782995
TSK001745,S066,47.94106839,47.94106839
TSK001745,S067,39.35496562,39.35496562
TSK001745,S068,36.14464697,36.14464697
TSK001745,S069,32.59026058,32.59026058
TSK001745,S070,54.86637189,54.86637189
TSK001745,S071,32.51106075,32.51106075
TSK001745,S072,14.76374894,14.76374894
TSK001745,S073,49.59568078,49.59568078
TSK001745,S074,14.76374894,14.76374894
TSK001745,S075,14.76374894,14.76374894
TSK001745,S076,71.57553687,71.57553687
TSK001745,S077,14.76374894,14.76374894
TSK001745,S078,93.56698109,93.56698109
TSK001745,S079,40.98143661,40.98143661
TSK001745,S080,40.17321789,40.17321789
TSK001745,S081,155.54001773,155.54001773
TSK001745,S082,96.70382249,96.70382249
TSK001745,S083,14.76374894,14.76374894
TSK001745,S084,98.86752691,98.86752691
TSK001745,S085,71.3436628,71.3436628
TSK001745,S086,42.18660693,42.18660693
TSK001745,S087,14.76374894,14.76374894
TSK001745,S088,14.76374894,14.76374894
TSK001745,S089,88.02060589,88.02060589
TSK001745,S090,121.12708886,121.12708886
TSK001745,S091,48.61241078,48.61241078
TSK001745,S092,38.28716125,38.28716125
TSK001745,S093,46.64709044,46.64709044
TSK001745,S094,40.98649134,40.98649134
TSK001745,S095,50.34416318,50.34416318
TSK001745,S096,55.26523228,55.26523228
TSK001745,S097,74.8176756,74.8176756
TSK001745,S098,123.86142917,123.86142917
TSK001745,S099,63.80777217,63.80777217
TSK001745,S100,74.7140557,74.7140557
TSK001785,S001,26.22586698,26.22586698
TSK001785,S002,194.57835912,194.57835912
TSK001785,S003,104.18970991,104.18970991
TSK001785,S004,58.47679175,58.47679175
TSK001785,S005,26.22586698,26.22586698
TSK001785,S006,63.33669913,63.33669913
TSK001785,S007,26.22586698,26.22586698
TSK001785,S008,26.22586698,26.22586698
TSK001785,S009,46.50710252,46.50710252
TSK001785,S010,112.99251458,112.99251458
TSK001785,S011,52.08846508,52.08846508
TSK001785,S012,107.26967929,107.26967929
TSK001785,S013,49.40588184,49.40588184
TSK001785,S014,26.22586698,26.22586698
TSK001785,S015,104.04136305,104.04136305
TSK001785,S016,193.12206811,193.12206811
TSK001785,S017,61.8692666,61.8692666
TSK001785,S018,62.62537643,62.62537643
TSK001785,S019,26.22586698,26.22586698
TSK001785,S020,26.22586698,26.22586698
TSK001785,S021,104.18970991,104.18970991
TSK001785,S022,152.69289554,152.69289554
TSK001785,S023,154.93708348,154.93708348
TSK001785,S024,148.39444001,148.39444001
TSK001785,S025,69.09434222,69.09434222
TSK001785,S026,60.96787011,60.96787011
TSK001785,S027,72.49835232,72.49835232
TSK001785,S028,33.85281182,33.85281182
TSK001785,S029,113.03458849,113.03458849
TSK001785,S030,26.22586698,26.22586698
TSK001785,S031,67.7671907,67.7671907
TSK001785,S032,78.62416312,78.62416312
TSK001785,S033,93.52127486,93.52127486
TSK001785,S034,26.22586698,26.22586698
TSK001785,S035,78.18216754,78.18216754
TSK001785,S036,112.99251458,112.99251458
TSK001785,S037,44.04284999,44.04284999
TSK001785,S038,117.38544238,117.38544238
TSK001785,S039,167.39578105,167.39578105
TSK001785,S040,46.65709181,46.65709181
TSK001785,S041,232.77859095,232.77859095
TSK001785,S042,26.22586698,26.22586698
TSK001785,S043,93.81957427,93.81957427
TSK001785,S044,26.22586698,26.22586698
TSK001785,S045,78.81980317,78.81980317
TSK001785,S046,69.26298795,69.26298795
TSK001785,S047,26.22586698,26.22586698
TSK001785,S048,140.51324708,140.51324708
TSK001785,S049,60.37529554,60.37529554
TSK001785,S050,26.22586698,26.22586698
TSK001785,S051,148.70385741,148.70385741
TSK001785,S052,51.03872307,51.03872307
TSK001785,S053,26.22586698,26.22586698
TSK001785,S054,232.64181845,232.64181845
TSK001785,S055,62.62537643,62.62537643
TSK001785,S056,103.61113579,103.61113579
TSK001785,S057,26.22586698,26.22586698
TSK001785,S058,184.57271056,184.57271056
TSK001785,S059,63.50173914,63.50173914
TSK001785,S060,70.26285061,70.26285061
TSK001785,S061,58.12335476,58.12335476
TSK001785,S062,41.37166722,41.37166722
TSK001785,S063,60.96787011,60.96787011
TSK001785,S064,26.22586698,26.22586698
TSK001785,S065,185.8439109,185.8439109
TSK001785,S066,97.65033818,97.65033818
TSK001785,S067,69.09434222,69.09434222
TSK001785,S068,63.58083124,63.58083124
TSK001785,S069,58.12335476,58.12335476
TSK001785,S070,118.73722457,118.73722457
TSK001785,S071,57.06353295,57.06353295
TSK001785,S072,26.22586698,26.22586698
TSK001785,S073,97.24283057,97.24283057
TSK001785,S074,26.22586698,26.22586698
TSK001785,S075,26.22586698,26.22586698
TSK001785,S076,152.69289554,152.69289554
TSK001785,S077,26.22586698,26.22586698
TSK001785,S078,193.02737891,193.02737891
TSK001785,S079,73.4091411,73.4091411
TSK001785,S080,70.25206983,70.25206983
TSK001785,S081,299.77634148,299.77634148
TSK001785,S082,185.2266803,185.2266803
TSK001785,S083,26.22586698,26.22586698
TSK001785,S084,202.31294361,202.31294361
TSK001785,S085,126.5313933,126.5313933
TSK001785,S086,79.47103897,79.47103897
TSK001785,S087,26.22586698,26.22586698
TSK001785,S088,26.22586698,26.22586698
TSK001785,S089,154.33717359,154.33717359
TSK001785,S090,223.92128593,223.92128593
TSK001785,S091,93.52127486,93.52127486
TSK001785,S092,76.97223185,76.97223185
TSK001785,S093,97.1450822,97.1450822
TSK001785,S094,81.56114544,81.56114544
TSK001785,S095,100.1192594,100.1192594
TSK001785,S096,117.38544238,117.38544238
TSK001785,S097,146.84094551,146.84094551
TSK001785,S098,242.23701863,242.23701863
TSK001785,S099,128.77719968,128.77719968
TSK001785,S100,137.03387394,137.03387394
TSK001879,S001,2.42508093,2.42508093
TSK001879,S002,7.53825109,7.53825109
TSK001879,S003,4.79298407,4.79298407
TSK001879,S004,5.80178827,5.80178827
TSK001879,S005,2.42508093,2.42508093
TSK001879,S006,6.97107571,6.97107571
TSK001879,S007,2.42508093,2.42508093
TSK001879,S008,2.42508093,2.42508093
TSK001879,S009,4.27530221,4.27530221
TSK001879,S010,9.83324369,9.83324369
TSK001879,S011,5.07966765,5.07966765
TSK001879,S012,7.91053266,7.91053266
TSK001879,S013,5.17179422,5.17179422
TSK001879,S014,2.42508093,2.42508093
TSK001879,S015,11.37441601,11.37441601
TSK001879,S016,13.63402038,13.63402038
TSK001879,S017,5.29941206,5.29941206
TSK001879,S018,4.85936307,4.85936307
TSK001879,S019,2.42508093,2.42508093
TSK001879,S020,2.42508093,2.42508093
TSK001879,S021,4.79298407,4.79298407
TSK001879,S022,7.9390587,7.9390587
TSK001879,S023,8.8545306,8.8545306
TSK001879,S024,12.56182614,12.56182614
TSK001879,S025,5.35448002,5.35448002
TSK001879,S026,5.93719742,5.93719742
TSK001879,S027,6.66988707,6.66988707
TSK001879,S028,3.43501723,3.43501723
TSK001879,S029,9.30497647,9.30497647
TSK001879,S030,2.42508093,2.42508093
TSK001879,S031,5.51496125,5.51496125
TSK001879,S032,6.69304691,6.69304691
TSK001879,S033,7.6476183,7.6476183
TSK001879,S034,2.42508093,2.42508093
TSK001879,S035,7.37170627,7.37170627
TSK001879,S036,9.83324369,9.83324369
TSK001879,S037,4.85925732,4.85925732
TSK001879,S038,5.84159464,5.84159464
TSK001879,S039,10.14302906,10.14302906
TSK001879,S040,4.93360342,4.93360342
TSK001879,S041,12.46437624,12.46437624
TSK001879,S042,2.42508093,2.42508093
TSK001879,S043,7.52830913,7.52830913
TSK001879,S044,2.42508093,2.42508093
TSK001879,S045,6.61946634,6.61946634
TSK001879,S046,4.98120198,4.98120198
TSK001879,S047,2.42508093,2.42508093
TSK001879,S048,7.28751275,7.28751275
TSK001879,S049,7.25782916,7.25782916
TSK001879,S050,2.42508093,2.42508093
TSK001879,S051,7.8917687,7.8917687
TSK001879,S052,6.25575323,6.25575323
TSK001879,S053,2.42508093,2.42508093
TSK001879,S054,19.07054063,19.07054063
TSK001879,S055,4.85936307,4.85936307
TSK001879,S056,5.59744851,5.59744851
TSK001879,S057,2.42508093,2.42508093
TSK001879,S058,8.75016615,8.75016615
TSK001879,S059,5.3043876,5.3043876
TSK001879,S060,6.70358128,6.70358128
TSK001879,S061,6.76852264,6.76852264
TSK001879,S062,3.03548113,3.03548113
TSK001879,S063,5.93719742,5.93719742
TSK001879,S064,2.42508093,2.42508093
TSK001879,S065,12.51089231,12.51089231
TSK001879,S066,4.59437151,4.59437151
TSK001879,S067,5.35448002,5.35448002
TSK001879,S068,9.10274132,9.10274132
TSK001879,S069,6.76852264,6.76852264
TSK001879,S070,6.12126179,6.12126179
TSK001879,S071,4.81028011,4.81028011
TSK001879,S072,2.42508093,2.42508093
TSK001879,S073,8.10804633,8.10804633
TSK001879,S074,2.42508093,2.42508093
TSK001879,S075,2.42508093,2.42508093
TSK001879,S076,7.9390587,7.9390587
TSK001879,S077,2.42508093,2.42508093
TSK001879,S078,9.74509961,9.74509961
TSK001879,S079,6.77679348,6.77679348
TSK001879,S080,6.94706588,6.94706588
TSK001879,S081,14.16290249,14.16290249
TSK001879,S082,10.52168638,10.52168638
TSK001879,S083,2.42508093,2.42508093
TSK001879,S084,11.15232125,11.15232125
TSK001879,S085,11.62422303,11.62422303
TSK001879,S086,7.81688613,7.81688613
TSK001879,S087,2.42508093,2.42508093
TSK001879,S088,2.42508093,2.42508093
TSK001879,S089,8.42293384,8.42293384
TSK001879,S090,13.62362923,13.62362923
TSK001879,S091,7.6476183,7.6476183
TSK001879,S092,5.61896807,5.61896807
TSK001879,S093,6.07842029,6.07842029
TSK001879,S094,6.76615533,6.76615533
TSK001879,S095,5.45920446,5.45920446
TSK001879,S096,5.84159464,5.84159464
TSK001879,S097,6.08837936,6.08837936
TSK001879,S098,17.02811573,17.02811573
TSK001879,S099,9.47010023,9.47010023
TSK001879,S100,9.88931711,9.88931711
TSK001977,S001,14.87083773,14.87083773
TSK001977,S002,101.18883426,101.18883426
TSK001977,S003,50.80457521,50.80457521
TSK001977,S004,31.26368348,31.26368348
TSK001977,S005,14.87083773,14.87083773
TSK001977,S006,35.81977027,35.81977027
TSK001977,S007,14.87083773,14.87083773
TSK001977,S008,14.87083773,14.87083773
TSK001977,S009,24.96052609,24.96052609
TSK001977,S010,58.536924,58.536924
TSK001977,S011,27.89717635,27.89717635
TSK001977,S012,54.42768203,54.42768203
TSK001977,S013,27.27395531,27.27395531
TSK001977,S014,14.87083773,14.87083773
TSK001977,S015,66.03144937,66.03144937
TSK001977,S016,95.94028483,95.94028483
TSK001977,S017,35.21906395,35.21906395
TSK001977,S018,32.47949316,32.47949316
TSK001977,S019,14.87083773,14.87083773
TSK001977,S020,14.87083773,14.87083773
TSK001977,S021,50.80457521,50.80457521
TSK001977,S022,71.85024289,71.85024289
TSK001977,S023,74.29273883,74.29273883
TSK001977,S024,79.53436673,79.53436673
TSK001977,S025,39.62501561,39.62501561
TSK001977,S026,35.36388801,35.36388801
TSK001977,S027,39.8902433,39.8902433
TSK001977,S028,19.28200851,19.28200851
TSK001977,S029,62.72085623,62.72085623
TSK001977,S030,14.87083773,14.87083773
TSK001977,S031,39.05008219,39.05008219
TSK001977,S032,40.74021283,40.74021283
TSK001977,S033,49.48774522,49.48774522
TSK001977,S034,14.87083773,14.87083773
TSK001977,S035,41.49316246,41.49316246
TSK001977,S036,58.536924,58.536924
TSK001977,S037,24.85749947,24.85749947
TSK001977,S038,55.38008112,55.38008112
TSK001977,S039,88.57828413,88.57828413
TSK001977,S040,25.84200917,25.84200917
TSK001977,S041,130.12503643,130.12503643
TSK001977,S042,14.87083773,14.87083773
TSK001977,S043,51.07840166,51.07840166
TSK001977,S044,14.87083773,14.87083773
TSK001977,S045,43.77811129,43.77811129
TSK001977,S046,39.4958779,39.4958779
TSK001977,S047,14.87083773,14.87083773
TSK001977,S048,64.84520775,64.84520775
TSK001977,S049,33.94229224,33.94229224
TSK001977,S050,14.87083773,14.87083773
TSK001977,S051,69.77976287,69.77976287
TSK001977,S052,29.33032233,29.33032233
TSK001977,S053,14.87083773,14.87083773
TSK001977,S054,117.89074278,117.89074278
TSK001977,S055,32.47949316,32.47949316
TSK001977,S056,48.62212013,48.62212013
TSK001977,S057,14.87083773,14.87083773
TSK001977,S058,89.86894055,89.86894055
TSK001977,S059,33.10336433,33.10336433
TSK001977,S060,38.65754646,38.65754646
TSK001977,S061,33.14122463,33.14122463
TSK001977,S062,21.4265503,21.4265503
TSK001977,S063,35.36388801,35.36388801
TSK001977,S064,14.87083773,14.87083773
TSK001977,S065,91.71420462,91.71420462
TSK001977,S066,48.04815717,48.04815717
TSK001977,S067,39.62501561,39.62501561
TSK001977,S068,36.57765816,36.57765816
TSK001977,S069,33.14122463,33.14122463
TSK001977,S070,55.07899746,55.07899746
TSK001977,S071,32.75627856,32.75627856
TSK001977,S072,14.87083773,14.87083773
TSK001977,S073,50.24907759,50.24907759
TSK001977,S074,14.87083773,14.87083773
TSK001977,S075,14.87083773,14.87083773
TSK001977,S076,71.85024289,71.85024289
TSK001977,S077,14.87083773,14.87083773
TSK001977,S078,94.21882589,94.21882589
TSK001977,S079,41.33529521,41.33529521
TSK001977,S080,40.60778109,40.60778109
TSK001977,S081,155.97458093,155.97458093
TSK001977,S082,97.2221943,97.2221943
TSK001977,S083,14.87083773,14.87083773
TSK001977,S084,99.64818866,99.64818866
TSK001977,S085,71.93653116,71.93653116
TSK001977,S086,42.81051552,42.81051552
TSK001977,S087,14.87083773,14.87083773
TSK001977,S088,14.87083773,14.87083773
TSK001977,S089,88.30928002,88.30928002
TSK001977,S090,121.76186153,121.76186153
TSK001977,S091,49.48774522,49.48774522
TSK001977,S092,38.60842761,38.60842761
TSK001977,S093,46.92179646,46.92179646
TSK001977,S094,41.29999765,41.29999765
TSK001977,S095,50.64214938,50.64214938
TSK001977,S096,55.38008112,55.38008112
TSK001977,S097,74.92476439,74.92476439
TSK001977,S098,124.61105069,124.61105069
TSK001977,S099,64.61637011,64.61637011
TSK001977,S100,75.42332491,75.42332491
TSK001999,S001,0.10071586,0.10071586
TSK001999,S002,0.30087555,0.30087555
TSK001999,S003,0.19340958,0.19340958
TSK001999,S004,0.24295904,0.24295904
TSK001999,S005,0.10071586,0.10071586
TSK001999,S006,0.3075923,0.3075923
TSK001999,S007,0.10071586,0.10071586
TSK001999,S008,0.10071586,0.10071586
TSK001999,S009,0.17943127,0.17943127
TSK001999,S010,0.42759776,0.42759776
TSK001999,S011,0.21184095,0.21184095
TSK001999,S012,0.33179456,0.33179456
TSK001999,S013,0.21955471,0.21955471
TSK001999,S014,0.10071586,0.10071586
TSK001999,S015,0.45104571,0.45104571
TSK001999,S016,0.57059874,0.57059874
TSK001999,S017,0.22253865,0.22253865
TSK001999,S018,0.20950374,0.20950374
TSK001999,S019,0.10071586,0.10071586
TSK001999,S020,0.10071586,0.10071586
TSK001999,S021,0.19340958,0.19340958
TSK001999,S022,0.32561854,0.32561854
TSK001999,S023,0.36187464,0.36187464
TSK001999,S024,0.51345455,0.51345455
TSK001999,S025,0.22419139,0.22419139
TSK001999,S026,0.24750533,0.24750533
TSK001999,S027,0.28616221,0.28616221
TSK001999,S028,0.1467052,0.1467052
TSK001999,S029,0.40666679,0.40666679
TSK001999,S030,0.10071586,0.10071586
TSK001999,S031,0.22854561,0.22854561
TSK001999,S032,0.28631441,0.28631441
TSK001999,S033,0.3466498,0.3466498
TSK001999,S034,0.10071586,0.10071586
TSK001999,S035,0.31724,0.31724
TSK001999,S036,0.42759776,0.42759776
TSK001999,S037,0.20690105,0.20690105
TSK001999,S038,0.23487751,0.23487751
TSK001999,S039,0.42639654,0.42639654
TSK001999,S040,0.20855403,0.20855403
TSK001999,S041,0.51793838,0.51793838
TSK001999,S042,0.10071586,0.10071586
TSK001999,S043,0.32529832,0.32529832
TSK001999,S044,0.10071586,0.10071586
TSK001999,S045,0.28284726,0.28284726
TSK001999,S046,0.21066879,0.21066879
TSK001999,S047,0.10071586,0.10071586
TSK001999,S048,0.29885582,0.29885582
TSK001999,S049,0.29978943,0.29978943
TSK001999,S050,0.10071586,0.10071586
TSK001999,S051,0.3340777,0.3340777
TSK001999,S052,0.26810644,0.26810644
TSK001999,S053,0.10071586,0.10071586
TSK001999,S054,0.83907552,0.83907552
TSK001999,S055,0.20950374,0.20950374
TSK001999,S056,0.23026582,0.23026582
TSK001999,S057,0.10071586,0.10071586
TSK001999,S058,0.35845979,0.35845979
TSK001999,S059,0.22608639,0.22608639
TSK001999,S060,0.28337382,0.28337382
TSK001999,S061,0.29471755,0.29471755
TSK001999,S062,0.1251973,0.1251973
TSK001999,S063,0.24750533,0.24750533
TSK001999,S064,0.10071586,0.10071586
TSK001999,S065,0.53870356,0.53870356
TSK001999,S066,0.18563471,0.18563471
TSK001999,S067,0.22419139,0.22419139
TSK001999,S068,0.37972202,0.37972202
TSK001999,S069,0.29471755,0.29471755
TSK001999,S070,0.25110626,0.25110626
TSK001999,S071,0.201547,0.201547
TSK001999,S072,0.10071586,0.10071586
TSK001999,S073,0.35268681,0.35268681
TSK001999,S074,0.10071586,0.10071586
TSK001999,S075,0.10071586,0.10071586
TSK001999,S076,0.32561854,0.32561854
TSK001999,S077,0.10071586,0.10071586
TSK001999,S078,0.41668693,0.41668693
TSK001999,S079,0.28439564,0.28439564
TSK001999,S080,0.29541997,0.29541997
TSK001999,S081,0.57789044,0.57789044
TSK001999,S082,0.43987824,0.43987824
TSK001999,S083,0.10071586,0.10071586
TSK001999,S084,0.4787313,0.4787313
TSK001999,S085,0.4870616,0.4870616
TSK001999,S086,0.33969642,0.33969642
TSK001999,S087,0.10071586,0.10071586
TSK001999,S088,0.10071586,0.10071586
TSK001999,S089,0.34531469,0.34531469
TSK001999,S090,0.56759342,0.56759342
TSK001999,S091,0.3466498,0.3466498
TSK001999,S092,0.23731121,0.23731121
TSK001999,S093,0.25278216,0.25278216
TSK001999,S094,0.28179978,0.28179978
TSK001999,S095,0.22979976,0.22979976
TSK001999,S096,0.23487751,0.23487751
TSK001999,S097,0.244119,0.244119
TSK001999,S098,0.70706812,0.70706812
TSK001999,S099,0.41438807,0.41438807
TSK001999,S100,0.42543395,0.42543395
TSK002041,S001,9.16038228,9.16038228
TSK002041,S002,62.58422368,62.58422368
TSK002041,S003,33.90090098,33.90090098
TSK002041,S004,20.60275186,20.60275186
TSK002041,S005,9.16038228,9.16038228
TSK002041,S006,22.41936539,22.41936539
TSK002041,S007,9.16038228,9.16038228
TSK002041,S008,9.16038228,9.16038228
TSK002041,S009,16.20001784,16.20001784
TSK002041,S010,38.82152918,38.82152918
TSK002041,S011,18.31984917,18.31984917
TSK002041,S012,36.34190561,36.34190561
TSK002041,S013,17.50030679,17.50030679
TSK002041,S014,9.16038228,9.16038228
TSK002041,S015,37.62887697,37.62887697
TSK002041,S016,65.12836027,65.12836027
TSK002041,S017,21.34472453,21.34472453
TSK002041,S018,21.25010365,21.25010365
TSK002041,S019,9.16038228,9.16038228
TSK002041,S020,9.16038228,9.16038228
TSK002041,S021,33.90090098,33.90090098
TSK002041,S022,50.10211635,50.10211635
TSK002041,S023,51.2930338,51.2930338
TSK002041,S024,51.34924647,51.34924647
TSK002041,S025,23.55156341,23.55156341
TSK002041,S026,21.43995175,21.43995175
TSK002041,S027,25.15359564,25.15359564
TSK002041,S028,11.92027367,11.92027367
TSK002041,S029,38.53549569,38.53549569
TSK002041,S030,9.16038228,9.16038228
TSK002041,S031,23.27732029,23.27732029
TSK002041,S032,27.01659842,27.01659842
TSK002041,S033,31.65275927,31.65275927
TSK002041,S034,9.16038228,9.16038228
TSK002041,S035,27.20111262,27.20111262
TSK002041,S036,38.82152918,38.82152918
TSK002041,S037,15.71957433,15.71957433
TSK002041,S038,38.45276607,38.45276607
TSK002041,S039,55.53588313,55.53588313
TSK002041,S040,16.56701196,16.56701196
TSK002041,S041,76.46529459,76.46529459
TSK002041,S042,9.16038228,9.16038228
TSK002041,S043,31.94909911,31.94909911
TSK002041,S044,9.16038228,9.16038228
TSK002041,S045,27.04278183,27.04278183
TSK002041,S046,23.37019998,23.37019998
TSK002041,S047,9.16038228,9.16038228
TSK002041,S048,46.09642854,46.09642854
TSK002041,S049,22.0095263,22.0095263
TSK002041,S050,9.16038228,9.16038228
TSK002041,S051,48.708465,48.708465
TSK002041,S052,18.51038433,18.51038433
TSK002041,S053,9.16038228,9.16038228
TSK002041,S054,79.1790375,79.1790375
TSK002041,S055,21.25010365,21.25010365
TSK002041,S056,34.09996467,34.09996467
TSK002041,S057,9.16038228,9.16038228
TSK002041,S058,60.1105868,60.1105868
TSK002041,S059,21.7818657,21.7818657
TSK002041,S060,24.57020589,24.57020589
TSK002041,S061,20.82126424,20.82126424
TSK002041,S062,14.04317169,14.04317169
TSK002041,S063,21.43995175,21.43995175
TSK002041,S064,9.16038228,9.16038228
TSK002041,S065,62.102506,62.102506
TSK002041,S066,31.82574097,31.82574097
TSK002041,S067,23.55156341,23.55156341
TSK002041,S068,23.90118917,23.90118917
TSK002041,S069,20.82126424,20.82126424
TSK002041,S070,38.93136029,38.93136029
TSK002041,S071,19.65342991,19.65342991
TSK002041,S072,9.16038228,9.16038228
TSK002041,S073,33.23066077,33.23066077
TSK002041,S074,9.16038228,9.16038228
TSK002041,S075,9.16038228,9.16038228
TSK002041,S076,50.10211635,50.10211635
TSK002041,S077,9.16038228,9.16038228
TSK002041,S078,62.8985004,62.8985004
TSK002041,S079,25.58625035,25.58625035
TSK002041,S080,24.66504098,24.66504098
TSK002041,S081,97.64102236,97.64102236
TSK002041,S082,61.12297788,61.12297788
TSK002041,S083,9.16038228,9.16038228
TSK002041,S084,66.3752761,66.3752761
TSK002041,S085,44.08442186,44.08442186
TSK002041,S086,27.75985972,27.75985972
TSK002041,S087,9.16038228,9.16038228
TSK002041,S088,9.16038228,9.16038228
TSK002041,S089,50.86018273,50.86018273
TSK002041,S090,74.40271314,74.40271314
TSK002041,S091,31.65275927,31.65275927
TSK002041,S092,26.02029079,26.02029079
TSK002041,S093,32.37546985,32.37546985
TSK002041,S094,28.06109925,28.06109925
TSK002041,S095,32.89181538,32.89181538
TSK002041,S096,38.45276607,38.45276607
TSK002041,S097,47.43555566,47.43555566
TSK002041,S098,81.7451331,81.7451331
TSK002041,S099,43.33098546,43.33098546
TSK002041,S100,46.1361821,46.1361821
TSK002167,S001,26.66816719,26.66816719
TSK002167,S002,195.02065933,195.02065933
TSK002167,S003,104.63201012,104.63201012
TSK002167,S004,59.68830973,59.68830973
TSK002167,S005,26.66816719,26.66816719
TSK002167,S006,65.9905004,65.9905004
TSK002167,S007,26.66816719,26.66816719
TSK002167,S008,26.66816719,26.66816719
TSK002167,S009,47.43016384,47.43016384
TSK002167,S010,116.25527991,116.25527991
TSK002167,S011,53.08203802,53.08203802
TSK002167,S012,108.96195837,108.96195837
TSK002167,S013,50.71355203,50.71355203
TSK002167,S014,26.66816719,26.66816719
TSK002167,S015,104.48366326,104.48366326
TSK002167,S016,195.94253323,195.94253323
TSK002167,S017,63.02309324,63.02309324
TSK002167,S018,64.09971047,64.09971047
TSK002167,S019,26.66816719,26.66816719
TSK002167,S020,26.66816719,26.66816719
TSK002167,S021,104.63201012,104.63201012
TSK002167,S022,153.82749174,153.82749174
TSK002167,S023,156.10373041,156.10373041
TSK002167,S024,150.05466834,150.05466834
TSK002167,S025,70.20970798,70.20970798
TSK002167,S026,62.12169675,62.12169675
TSK002167,S027,74.41498657,74.41498657
TSK002167,S028,34.78869343,34.78869343
TSK002167,S029,116.27812338,116.27812338
TSK002167,S030,26.66816719,26.66816719
TSK002167,S031,68.73512305,68.73512305
TSK002167,S032,80.48310605,80.48310605
TSK002167,S033,97.13659834,97.13659834
TSK002167,S034,26.66816719,26.66816719
TSK002167,S035,80.37443816,80.37443816
TSK002167,S036,116.25527991,116.25527991
TSK002167,S037,45.31846944,45.31846944
TSK002167,S038,117.85979334,117.85979334
TSK002167,S039,169.63933286,169.63933286
TSK002167,S040,47.83655904,47.83655904
TSK002167,S041,235.07342393,235.07342393
TSK002167,S042,26.66816719,26.66816719
TSK002167,S043,96.15927829,96.15927829
TSK002167,S044,26.66816719,26.66816719
TSK002167,S045,80.63387506,80.63387506
TSK002167,S046,70.46168563,70.46168563
TSK002167,S047,26.66816719,26.66816719
TSK002167,S048,141.55169106,141.55169106
TSK002167,S049,61.57399322,61.57399322
TSK002167,S050,26.66816719,26.66816719
TSK002167,S051,150.62690181,150.62690181
TSK002167,S052,52.81433407,52.81433407
TSK002167,S053,26.66816719,26.66816719
TSK002167,S054,239.71862185,239.71862185
TSK002167,S055,64.09971047,64.09971047
TSK002167,S056,104.46368547,104.46368547
TSK002167,S057,26.66816719,26.66816719
TSK002167,S058,185.79063868,185.79063868
TSK002167,S059,64.9119717,64.9119717
TSK002167,S060,71.86538762,71.86538762
TSK002167,S061,60.3989573,60.3989573
TSK002167,S062,41.85883847,41.85883847
TSK002167,S063,62.12169675,62.12169675
TSK002167,S064,26.66816719,26.66816719
TSK002167,S065,189.58743734,189.58743734
TSK002167,S066,98.09263839,98.09263839
TSK002167,S067,70.20970798,70.20970798
TSK002167,S068,65.36926253,65.36926253
TSK002167,S069,60.3989573,60.3989573
TSK002167,S070,119.61541485,119.61541485
TSK002167,S071,58.07633633,58.07633633
TSK002167,S072,26.66816719,26.66816719
TSK002167,S073,99.94150288,99.94150288
TSK002167,S074,26.66816719,26.66816719
TSK002167,S075,26.66816719,26.66816719
TSK002167,S076,153.82749174,153.82749174
TSK002167,S077,26.66816719,26.66816719
TSK002167,S078,195.71964107,195.71964107
TSK002167,S079,74.87065485,74.87065485
TSK002167,S080,72.04691127,72.04691127
TSK002167,S081,301.57118292,301.57118292
TSK002167,S082,187.36766974,187.36766974
TSK002167,S083,26.66816719,26.66816719
TSK002167,S084,205.53724806,205.53724806
TSK002167,S085,128.98006984,128.98006984
TSK002167,S086,82.04791847,82.04791847
TSK002167,S087,26.66816719,26.66816719
TSK002167,S088,26.66816719,26.66816719
TSK002167,S089,155.52946112,155.52946112
TSK002167,S090,226.54303646,226.54303646
TSK002167,S091,97.13659834,97.13659834
TSK002167,S092,78.29913249,78.29913249
TSK002167,S093,98.27967839,98.27967839
TSK002167,S094,82.85599534,82.85599534
TSK002167,S095,101.35000781,101.35000781
TSK002167,S096,117.85979334,117.85979334
TSK002167,S097,147.28324572,147.28324572
TSK002167,S098,245.33312012,245.33312012
TSK002167,S099,132.11688679,132.11688679
TSK002167,S100,139.96331158,139.96331158
TSK002242,S001,7.68835537,7.68835537
TSK002242,S002,48.10891621,48.10891621
TSK002242,S003,26.40706999,26.40706999
TSK002242,S004,17.52876453,17.52876453
TSK002242,S005,7.68835537,7.68835537
TSK002242,S006,20.04815636,20.04815636
TSK002242,S007,7.68835537,7.68835537
TSK002242,S008,7.68835537,7.68835537
TSK002242,S009,13.67239827,13.67239827
TSK002242,S010,33.22662864,33.22662864
TSK002242,S011,15.51300735,15.51300735
TSK002242,S012,29.90714758,29.90714758
TSK002242,S013,15.12717032,15.12717032
TSK002242,S014,7.68835537,7.68835537
TSK002242,S015,31.26308198,31.26308198
TSK002242,S016,53.29864372,53.29864372
TSK002242,S017,17.8698691,17.8698691
TSK002242,S018,17.83944478,17.83944478
TSK002242,S019,7.68835537,7.68835537
TSK002242,S020,7.68835537,7.68835537
TSK002242,S021,26.40706999,26.40706999
TSK002242,S022,39.57997484,39.57997484
TSK002242,S023,40.76131741,40.76131741
TSK002242,S024,42.29478541,42.29478541
TSK002242,S025,19.46665563,19.46665563
TSK002242,S026,18.1474902,18.1474902
TSK002242,S027,21.5139943,21.5139943
TSK002242,S028,10.30079353,10.30079353
TSK002242,S029,32.83550072,32.83550072
TSK002242,S030,7.68835537,7.68835537
TSK002242,S031,19.23645698,19.23645698
TSK002242,S032,22.84003508,22.84003508
TSK002242,S033,27.51270418,27.51270418
TSK002242,S034,7.68835537,7.68835537
TSK002242,S035,23.38516426,23.38516426
TSK002242,S036,33.22662864,33.22662864
TSK002242,S037,13.71518839,13.71518839
TSK002242,S038,30.06966049,30.06966049
TSK002242,S039,44.87185964,44.87185964
TSK002242,S040,14.29952047,14.29952047
TSK002242,S041,60.84027109,60.84027109
TSK002242,S042,7.68835537,7.68835537
TSK002242,S043,26.96387636,26.96387636
TSK002242,S044,7.68835537,7.68835537
TSK002242,S045,22.80947184,22.80947184
TSK002242,S046,19.26039749,19.26039749
TSK002242,S047,7.68835537,7.68835537
TSK002242,S048,36.40694779,36.40694779
TSK002242,S049,19.0179386,19.0179386
TSK002242,S050,7.68835537,7.68835537
TSK002242,S051,39.00165068,39.00165068
TSK002242,S052,16.48009681,16.48009681
TSK002242,S053,7.68835537,7.68835537
TSK002242,S054,67.68564844,67.68564844
TSK002242,S055,17.83944478,17.83944478
TSK002242,S056,27.04759315,27.04759315
TSK002242,S057,7.68835537,7.68835537
TSK002242,S058,47.1517423,47.1517423
TSK002242,S059,18.3342354,18.3342354
TSK002242,S060,20.92342027,20.92342027
TSK002242,S061,18.6079358,18.6079358
TSK002242,S062,11.45495849,11.45495849
TSK002242,S063,18.1474902,18.1474902
TSK002242,S064,7.68835537,7.68835537
TSK002242,S065,51.26116266,51.26116266
TSK002242,S066,24.83700073,24.83700073
TSK002242,S067,19.46665563,19.46665563
TSK002242,S068,21.32830824,21.32830824
TSK002242,S069,18.6079358,18.6079358
TSK002242,S070,30.73768075,30.73768075
TSK002242,S071,16.40309786,16.40309786
TSK002242,S072,7.68835537,7.68835537
TSK002242,S073,28.28692047,28.28692047
TSK002242,S074,7.68835537,7.68835537
TSK002242,S075,7.68835537,7.68835537
TSK002242,S076,39.57997484,39.57997484
TSK002242,S077,7.68835537,7.68835537
TSK002242,S078,50.33682001,50.33682001
TSK002242,S079,21.60417919,21.60417919
TSK002242,S080,21.18108174,21.18108174
TSK002242,S081,76.47046894,76.47046894
TSK002242,S082,48.98975512,48.98975512
TSK002242,S083,7.68835537,7.68835537
TSK002242,S084,53.62097991,53.62097991
TSK002242,S085,37.16694209,37.16694209
TSK002242,S086,24.15451567,24.15451567
TSK002242,S087,7.68835537,7.68835537
TSK002242,S088,7.68835537,7.68835537
TSK002242,S089,40.32080643,40.32080643
TSK002242,S090,59.90907996,59.90907996
TSK002242,S091,27.51270418,27.51270418
TSK002242,S092,21.46390708,21.46390708
TSK002242,S093,26.11432997,26.11432997
TSK002242,S094,23.30102989,23.30102989
TSK002242,S095,26.34098729,26.34098729
TSK002242,S096,30.06966049,30.06966049
TSK002242,S097,36.64741061,36.64741061
TSK002242,S098,66.61732815,66.61732815
TSK002242,S099,36.42231775,36.42231775
TSK002242,S100,38.36093687,38.36093687
TSK002339,S001,2.32537982,2.32537982
TSK002339,S002,7.14740861,7.14740861
TSK002339,S003,4.55845573,4.55845573
TSK002339,S004,5.57657006,5.57657006
TSK002339,S005,2.32537982,2.32537982
TSK002339,S006,6.80443685,6.80443685
TSK002339,S007,2.32537982,2.32537982
TSK002339,S008,2.32537982,2.32537982
TSK002339,S009,4.11196975,4.11196975
TSK002339,S010,9.5564789,9.5564789
TSK002339,S011,4.87665386,4.87665386
TSK002339,S012,7.60696292,7.60696292
TSK002339,S013,4.99079142,4.99079142
TSK002339,S014,2.32537982,2.32537982
TSK002339,S015,10.76514422,10.76514422
TSK002339,S016,13.10245947,13.10245947
TSK002339,S017,5.09779258,5.09779258
TSK002339,S018,4.71061265,4.71061265
TSK002339,S019,2.32537982,2.32537982
TSK002339,S020,2.32537982,2.32537982
TSK002339,S021,4.55845573,4.55845573
TSK002339,S022,7.58547028,7.58547028
TSK002339,S023,8.45159696,8.45159696
TSK002339,S024,11.99063278,11.99063278
TSK002339,S025,5.14638745,5.14638745
TSK002339,S026,5.69926275,5.69926275
TSK002339,S027,6.4564281,6.4564281
TSK002339,S028,3.3206427,3.3206427
TSK002339,S029,9.05662218,9.05662218
TSK002339,S030,2.32537982,2.32537982
TSK002339,S031,5.28493702,5.28493702
TSK002339,S032,6.47326291,6.47326291
TSK002339,S033,7.52589612,7.52589612
TSK002339,S034,2.32537982,2.32537982
TSK002339,S035,7.14220515,7.14220515
TSK002339,S036,9.5564789,9.5564789
TSK002339,S037,4.69326893,4.69326893
TSK002339,S038,5.55014023,5.55014023
TSK002339,S039,9.76018027,9.76018027
TSK002339,S040,4.75503793,4.75503793
TSK002339,S041,11.95380115,11.95380115
TSK002339,S042,2.32537982,2.32537982
TSK002339,S043,7.30268505,7.30268505
TSK002339,S044,2.32537982,2.32537982
TSK002339,S045,6.39997817,6.39997817
TSK002339,S046,4.80159502,4.80159502
TSK002339,S047,2.32537982,2.32537982
TSK002339,S048,6.96267916,6.96267916
TSK002339,S049,6.94859219,6.94859219
TSK002339,S050,2.32537982,2.32537982
TSK002339,S051,7.60929266,7.60929266
TSK002339,S052,6.05363716,6.05363716
TSK002339,S053,2.32537982,2.32537982
TSK002339,S054,18.59878214,18.59878214
TSK002339,S055,4.71061265,4.71061265
TSK002339,S056,5.35271486,5.35271486
TSK002339,S057,2.32537982,2.32537982
TSK002339,S058,8.35762503,8.35762503
TSK002339,S059,5.12473512,5.12473512
TSK002339,S060,6.46094715,6.46094715
TSK002339,S061,6.58059785,6.58059785
TSK002339,S062,2.90491793,2.90491793
TSK002339,S063,5.69926275,5.69926275
TSK002339,S064,2.32537982,2.32537982
TSK002339,S065,12.12338288,12.12338288
TSK002339,S066,4.37115207,4.37115207
TSK002339,S067,5.14638745,5.14638745
TSK002339,S068,8.73963169,8.73963169
TSK002339,S069,6.58059785,6.58059785
TSK002339,S070,5.84892751,5.84892751
TSK002339,S071,4.62427389,4.62427389
TSK002339,S072,2.32537982,2.32537982
TSK002339,S073,7.88056274,7.88056274
TSK002339,S074,2.32537982,2.32537982
TSK002339,S075,2.32537982,2.32537982
TSK002339,S076,7.58547028,7.58547028
TSK002339,S077,2.32537982,2.32537982
TSK002339,S078,9.42384676,9.42384676
TSK002339,S079,6.51775301,6.51775301
TSK002339,S080,6.70725559,6.70725559
TSK002339,S081,13.51222606,13.51222606
TSK002339,S082,10.1083769,10.1083769
TSK002339,S083,2.32537982,2.32537982
TSK002339,S084,10.7971113,10.7971113
TSK002339,S085,11.17483603,11.17483603
TSK002339,S086,7.59541215,7.59541215
TSK002339,S087,2.32537982,2.32537982
TSK002339,S088,2.32537982,2.32537982
TSK002339,S089,8.04680013,8.04680013
TSK002339,S090,13.075416,13.075416
TSK002339,S091,7.52589612,7.52589612
TSK002339,S092,5.41417219,5.41417219
TSK002339,S093,5.8307757,5.8307757
TSK002339,S094,6.49325789,6.49325789
TSK002339,S095,5.25516157,5.25516157
TSK002339,S096,5.55014023,5.55014023
TSK002339,S097,5.78009186,5.78009186
TSK002339,S098,16.32721581,16.32721581
TSK002339,S099,9.22068774,9.22068774
TSK002339,S100,9.58043413,9.58043413
TSK002344,S001,1.84188164,1.84188164
TSK002344,S002,5.68130834,5.68130834
TSK002344,S003,3.61991567,3.61991567
TSK002344,S004,4.41378746,4.41378746
TSK002344,S005,1.84188164,1.84188164
TSK002344,S006,5.35998919,5.35998919
TSK002344,S007,1.84188164,1.84188164
TSK002344,S008,1.84188164,1.84188164
TSK002344,S009,3.25392566,3.25392566
TSK002344,S010,7.53795539,7.53795539
TSK002344,S011,3.86124939,3.86124939
TSK002344,S012,6.01995381,6.01995381
TSK002344,S013,3.94527782,3.94527782
TSK002344,S014,1.84188164,1.84188164
TSK002344,S015,8.56184499,8.56184499
TSK002344,S016,10.37100599,10.37100599
TSK002344,S017,4.03383051,4.03383051
TSK002344,S018,3.7185569,3.7185569
TSK002344,S019,1.84188164,1.84188164
TSK002344,S020,1.84188164,1.84188164
TSK002344,S021,3.61991567,3.61991567
TSK002344,S022,6.01500465,6.01500465
TSK002344,S023,6.70393852,6.70393852
TSK002344,S024,9.51104662,9.51104662
TSK002344,S025,4.07336192,4.07336192
TSK002344,S026,4.51273695,4.51273695
TSK002344,S027,5.09897408,5.09897408
TSK002344,S028,2.62357052,2.62357052
TSK002344,S029,7.14037571,7.14037571
TSK002344,S030,1.84188164,1.84188164
TSK002344,S031,4.18689448,4.18689448
TSK002344,S032,5.11363673,5.11363673
TSK002344,S033,5.91346195,5.91346195
TSK002344,S034,1.84188164,1.84188164
TSK002344,S035,5.63899587,5.63899587
TSK002344,S036,7.53795539,7.53795539
TSK002344,S037,3.70908162,3.70908162
TSK002344,S038,4.40882199,4.40882199
TSK002344,S039,7.72237829,7.72237829
TSK002344,S040,3.76036095,3.76036095
TSK002344,S041,9.46787867,9.46787867
TSK002344,S042,1.84188164,1.84188164
TSK002344,S043,5.76355847,5.76355847
TSK002344,S044,1.84188164,1.84188164
TSK002344,S045,5.05626419,5.05626419
TSK002344,S046,3.79701149,3.79701149
TSK002344,S047,1.84188164,1.84188164
TSK002344,S048,5.52121913,5.52121913
TSK002344,S049,5.50650735,5.50650735
TSK002344,S050,1.84188164,1.84188164
TSK002344,S051,6.01677549,6.01677549
TSK002344,S052,4.78133722,4.78133722
TSK002344,S053,1.84188164,1.84188164
TSK002344,S054,14.6544865,14.6544865
TSK002344,S055,3.7185569,3.7185569
TSK002344,S056,4.24337765,4.24337765
TSK002344,S057,1.84188164,1.84188164
TSK002344,S058,6.62799707,6.62799707
TSK002344,S059,4.0496903,4.0496903
TSK002344,S060,5.10942318,5.10942318
TSK002344,S061,5.19001171,5.19001171
TSK002344,S062,2.3023465,2.3023465
TSK002344,S063,4.51273695,4.51273695
TSK002344,S064,1.84188164,1.84188164
TSK002344,S065,9.57130606,9.57130606
TSK002344,S066,3.47077955,3.47077955
TSK002344,S067,4.07336192,4.07336192
TSK002344,S068,6.91971738,6.91971738
TSK002344,S069,5.19001171,5.19001171
TSK002344,S070,4.63791601,4.63791601
TSK002344,S071,3.65987834,3.65987834
TSK002344,S072,1.84188164,1.84188164
TSK002344,S073,6.21585034,6.21585034
TSK002344,S074,1.84188164,1.84188164
TSK002344,S075,1.84188164,1.84188164
TSK002344,S076,6.01500465,6.01500465
TSK002344,S077,1.84188164,1.84188164
TSK002344,S078,7.44479366,7.44479366
TSK002344,S079,5.15772942,5.15772942
TSK002344,S080,5.30134603,5.30134603
TSK002344,S081,10.71964327,10.71964327
TSK002344,S082,8.00185868,8.00185868
TSK002344,S083,1.84188164,1.84188164
TSK002344,S084,8.52661856,8.52661856
TSK002344,S085,8.84429052,8.84429052
TSK002344,S086,5.99146239,5.99146239
TSK002344,S087,1.84188164,1.84188164
TSK002344,S088,1.84188164,1.84188164
TSK002344,S089,6.38106934,6.38106934
TSK002344,S090,10.35380751,10.35380751
TSK002344,S091,5.91346195,5.91346195
TSK002344,S092,4.28196532,4.28196532
TSK002344,S093,4.61787048,4.61787048
TSK002344,S094,5.14186094,5.14186094
TSK002344,S095,4.15745409,4.15745409
TSK002344,S096,4.40882199,4.40882199
TSK002344,S097,4.59261462,4.59261462
TSK002344,S098,12.93263015,12.93263015
TSK002344,S099,7.26891183,7.26891183
TSK002344,S100,7.56429953,7.56429953
TSK002376,S001,7.68835537,7.68835537
TSK002376,S002,48.10891621,48.10891621
TSK002376,S003,26.40706999,26.40706999
TSK002376,S004,17.52876453,17.52876453
TSK002376,S005,7.68835537,7.68835537
TSK002376,S006,20.04815636,20.04815636
TSK002376,S007,7.68835537,7.68835537
TSK002376,S008,7.68835537,7.68835537
TSK002376,S009,13.67239827,13.67239827
TSK002376,S010,33.22662864,33.22662864
TSK002376,S011,15.51300735,15.51300735
TSK002376,S012,29.90714758,29.90714758
TSK002376,S013,15.12717032,15.12717032
TSK002376,S014,7.68835537,7.68835537
TSK002376,S015,31.26308198,31.26308198
TSK002376,S016,53.29864372,53.29864372
TSK002376,S017,17.8698691,17.8698691
TSK002376,S018,17.83944478,17.83944478
TSK002376,S019,7.68835537,7.68835537
TSK002376,S020,7.68835537,7.68835537
TSK002376,S021,26.40706999,26.40706999
TSK002376,S022,39.57997484,39.57997484
TSK002376,S023,40.76131741,40.76131741
TSK002376,S024,42.29478541,42.29478541
TSK002376,S025,19.46665563,19.46665563
TSK002376,S026,18.1474902,18.1474902
TSK002376,S027,21.5139943,21.5139943
TSK002376,S028,10.30079353,10.30079353
TSK002376,S029,32.83550072,32.83550072
TSK002376,S030,7.68835537,7.68835537
TSK002376,S031,19.23645698,19.23645698
TSK002376,S032,22.84003508,22.84003508
TSK002376,S033,27.51270418,27.51270418
TSK002376,S034,7.68835537,7.68835537
TSK002376,S035,23.38516426,23.38516426
TSK002376,S036,33.22662864,33.22662864
TSK002376,S037,13.71518839,13.71518839
TSK002376,S038,30.06966049,30.06966049
TSK002376,S039,44.87185964,44.87185964
TSK002376,S040,14.29952047,14.29952047
TSK002376,S041,60.84027109,60.84027109
TSK002376,S042,7.68835537,7.68835537
TSK002376,S043,26.96387636,26.96387636
TSK002376,S044,7.68835537,7.68835537
TSK002376,S045,22.80947184,22.80947184
TSK002376,S046,19.26039749,19.26039749
TSK002376,S047,7.68835537,7.68835537
TSK002376,S048,36.40694779,36.40694779
TSK002376,S049,19.0179386,19.0179386
TSK002376,S050,7.68835537,7.68835537
TSK002376,S051,39.00165068,39.00165068
TSK002376,S052,16.48009681,16.48009681
TSK002376,S053,7.68835537,7.68835537
TSK002376,S054,67.68564844,67.68564844
TSK002376,S055,17.83944478,17.83944478
TSK002376,S056,27.04759315,27.04759315
TSK002376,S057,7.68835537,7.68835537
TSK002376,S058,47.1517423,47.1517423
TSK002376,S059,18.3342354,18.3342354
TSK002376,S060,20.92342027,20.92342027
TSK002376,S061,18.6079358,18.6079358
TSK002376,S062,11.45495849,11.45495849
TSK002376,S063,18.1474902,18.1474902
TSK002376,S064,7.68835537,7.68835537
TSK002376,S065,51.26116266,51.26116266
TSK002376,S066,24.83700073,24.83700073
TSK002376,S067,19.46665563,19.46665563
TSK002376,S068,21.32830824,21.32830824
TSK002376,S069,18.6079358,18.6079358
TSK002376,S070,30.73768075,30.73768075
TSK002376,S071,16.40309786,16.40309786
TSK002376,S072,7.68835537,7.68835537
TSK002376,S073,28.28692047,28.28692047
TSK002376,S074,7.68835537,7.68835537
TSK002376,S075,7.68835537,7.68835537
TSK002376,S076,39.57997484,39.57997484
TSK002376,S077,7.68835537,7.68835537
TSK002376,S078,50.33682001,50.33682001
TSK002376,S079,21.60417919,21.60417919
TSK002376,S080,21.18108174,21.18108174
TSK002376,S081,76.47046894,76.47046894
TSK002376,S082,48.98975512,48.98975512
TSK002376,S083,7.68835537,7.68835537
TSK002376,S084,53.62097991,53.62097991
TSK002376,S085,37.16694209,37.16694209
TSK002376,S086,24.15451567,24.15451567
TSK002376,S087,7.68835537,7.68835537
TSK002376,S088,7.68835537,7.68835537
TSK002376,S089,40.32080643,40.32080643
TSK002376,S090,59.90907996,59.90907996
TSK002376,S091,27.51270418,27.51270418
TSK002376,S092,21.46390708,21.46390708
TSK002376,S093,26.11432997,26.11432997
TSK002376,S094,23.30102989,23.30102989
TSK002376,S095,26.34098729,26.34098729
TSK002376,S096,30.06966049,30.06966049
TSK002376,S097,36.64741061,36.64741061
TSK002376,S098,66.61732815,66.61732815
TSK002376,S099,36.42231775,36.42231775
TSK002376,S100,38.36093687,38.36093687
TSK002390,S001,26.38962661,26.38962661
TSK002390,S002,200.89278237,200.89278237
TSK002390,S003,99.03439179,99.03439179
TSK002390,S004,54.60202222,54.60202222
TSK002390,S005,26.38962661,26.38962661
TSK002390,S006,60.11226293,60.11226293
TSK002390,S007,26.38962661,26.38962661
TSK002390,S008,26.38962661,26.38962661
TSK002390,S009,44.12838654,44.12838654
TSK002390,S010,103.00396134,103.00396134
TSK002390,S011,48.95141418,48.95141418
TSK002390,S012,99.74102849,99.74102849
TSK002390,S013,46.9635976,46.9635976
TSK002390,S014,26.38962661,26.38962661
TSK002390,S015,115.63684199,115.63684199
TSK002390,S016,177.07441353,177.07441353
TSK002390,S017,63.64677924,63.64677924
TSK002390,S018,58.38664493,58.38664493
TSK002390,S019,26.38962661,26.38962661
TSK002390,S020,26.38962661,26.38962661
TSK002390,S021,99.03439179,99.03439179
TSK002390,S022,137.91865623,137.91865623
TSK002390,S023,140.72375163,140.72375163
TSK002390,S024,143.20532737,143.20532737
TSK002390,S025,72.87137625,72.87137625
TSK002390,S026,62.87866317,62.87866317
TSK002390,S027,70.32393015,70.32393015
TSK002390,S028,33.35732644,33.35732644
TSK002390,S029,112.33453695,112.33453695
TSK002390,S030,26.38962661,26.38962661
TSK002390,S031,71.60052332,71.60052332
TSK002390,S032,72.38489729,72.38489729
TSK002390,S033,86.74636222,86.74636222
TSK002390,S034,26.38962661,26.38962661
TSK002390,S035,72.3246275,72.3246275
TSK002390,S036,103.00396134,103.00396134
TSK002390,S037,42.3631228,42.3631228
TSK002390,S038,107.20509971,107.20509971
TSK002390,S039,167.19420823,167.19420823
TSK002390,S040,44.49956177,44.49956177
TSK002390,S041,250.72465612,250.72465612
TSK002390,S042,26.38962661,26.38962661
TSK002390,S043,91.99847241,91.99847241
TSK002390,S044,26.38962661,26.38962661
TSK002390,S045,78.71767143,78.71767143
TSK002390,S046,73.09417912,73.09417912
TSK002390,S047,26.38962661,26.38962661
TSK002390,S048,124.34430338,124.34430338
TSK002390,S049,57.06995772,57.06995772
TSK002390,S050,26.38962661,26.38962661
TSK002390,S051,132.33591677,132.33591677
TSK002390,S052,48.79914517,48.79914517
TSK002390,S053,26.38962661,26.38962661
TSK002390,S054,208.58195833,208.58195833
TSK002390,S055,58.38664493,58.38664493
TSK002390,S056,92.72209696,92.72209696
TSK002390,S057,26.38962661,26.38962661
TSK002390,S058,174.47679237,174.47679237
TSK002390,S059,59.07258788,59.07258788
TSK002390,S060,68.12084945,68.12084945
TSK002390,S061,55.31080231,55.31080231
TSK002390,S062,39.3385586,39.3385586
TSK002390,S063,62.87866317,62.87866317
TSK002390,S064,26.38962661,26.38962661
TSK002390,S065,168.64418715,168.64418715
TSK002390,S066,93.46193106,93.46193106
TSK002390,S067,72.87137625,72.87137625
TSK002390,S068,59.49894637,59.49894637
TSK002390,S069,55.31080231,55.31080231
TSK002390,S070,105.63597977,105.63597977
TSK002390,S071,59.41777115,59.41777115
TSK002390,S072,26.38962661,26.38962661
TSK002390,S073,89.047625,89.047625
TSK002390,S074,26.38962661,26.38962661
TSK002390,S075,26.38962661,26.38962661
TSK002390,S076,137.91865623,137.91865623
TSK002390,S077,26.38962661,26.38962661
TSK002390,S078,179.97636839,179.97636839
TSK002390,S079,73.77240483,73.77240483
TSK002390,S080,71.39851022,71.39851022
TSK002390,S081,304.23724093,304.23724093
TSK002390,S082,185.22314927,185.22314927
TSK002390,S083,26.38962661,26.38962661
TSK002390,S084,188.39394918,188.39394918
TSK002390,S085,127.73776636,127.73776636
TSK002390,S086,73.78797153,73.78797153
TSK002390,S087,26.38962661,26.38962661
TSK002390,S088,26.38962661,26.38962661
TSK002390,S089,170.41781821,170.41781821
TSK002390,S090,231.0699798,231.0699798
TSK002390,S091,86.74636222,86.74636222
TSK002390,S092,70.47224149,70.47224149
TSK002390,S093,87.65227574,87.65227574
TSK002390,S094,74.35221826,74.35221826
TSK002390,S095,96.31414009,96.31414009
TSK002390,S096,107.20509971,107.20509971
TSK002390,S097,147.79651902,147.79651902
TSK002390,S098,231.6061469,231.6061469
TSK002390,S099,116.52773313,116.52773313
TSK002390,S100,138.69581981,138.69581981
TSK002442,S001,17.69226402,17.69226402
TSK002442,S002,125.7808129,125.7808129
TSK002442,S003,62.68897034,62.68897034
TSK002442,S004,36.99968745,36.99968745
TSK002442,S005,17.69226402,17.69226402
TSK002442,S006,41.9190545,41.9190545
TSK002442,S007,17.69226402,17.69226402
TSK002442,S008,17.69226402,17.69226402
TSK002442,S009,29.67839458,29.67839458
TSK002442,S010,69.63508951,69.63508951
TSK002442,S011,33.06441622,33.06441622
TSK002442,S012,65.62025609,65.62025609
TSK002442,S013,32.13401562,32.13401562
TSK002442,S014,17.69226402,17.69226402
TSK002442,S015,77.91236847,77.91236847
TSK002442,S016,115.98656295,115.98656295
TSK002442,S017,42.2281731,42.2281731
TSK002442,S018,38.92135256,38.92135256
TSK002442,S019,17.69226402,17.69226402
TSK002442,S020,17.69226402,17.69226402
TSK002442,S021,62.68897034,62.68897034
TSK002442,S022,88.15418817,88.15418817
TSK002442,S023,90.63943145,90.63943145
TSK002442,S024,95.07769889,95.07769889
TSK002442,S025,47.82560429,47.82560429
TSK002442,S026,42.12195075,42.12195075
TSK002442,S027,47.44255108,47.44255108
TSK002442,S028,22.76174383,22.76174383
TSK002442,S029,75.10779445,75.10779445
TSK002442,S030,17.69226402,17.69226402
TSK002442,S031,47.05403311,47.05403311
TSK002442,S032,48.59108291,48.59108291
TSK002442,S033,58.90871902,58.90871902
TSK002442,S034,17.69226402,17.69226402
TSK002442,S035,49.15519545,49.15519545
TSK002442,S036,69.63508951,69.63508951
TSK002442,S037,29.18044411,29.18044411
TSK002442,S038,68.1307524,68.1307524
TSK002442,S039,108.03702222,108.03702222
TSK002442,S040,30.43838606,30.43838606
TSK002442,S041,159.94497689,159.94497689
TSK002442,S042,17.69226402,17.69226402
TSK002442,S043,61.26041047,61.26041047
TSK002442,S044,17.69226402,17.69226402
TSK002442,S045,52.44026617,52.44026617
TSK002442,S046,47.80760967,47.80760967
TSK002442,S047,17.69226402,17.69226402
TSK002442,S048,79.52708827,79.52708827
TSK002442,S049,39.5530542,39.5530542
TSK002442,S050,17.69226402,17.69226402
TSK002442,S051,85.30159174,85.30159174
TSK002442,S052,34.15018636,34.15018636
TSK002442,S053,17.69226402,17.69226402
TSK002442,S054,140.62622216,140.62622216
TSK002442,S055,38.92135256,38.92135256
TSK002442,S056,59.50279368,59.50279368
TSK002442,S057,17.69226402,17.69226402
TSK002442,S058,110.76549717,110.76549717
TSK002442,S059,39.5369741,39.5369741
TSK002442,S060,45.9299714,45.9299714
TSK002442,S061,38.6742942,38.6742942
TSK002442,S062,25.82568814,25.82568814
TSK002442,S063,42.12195075,42.12195075
TSK002442,S064,17.69226402,17.69226402
TSK002442,S065,110.86437396,110.86437396
TSK002442,S066,59.23734683,59.23734683
TSK002442,S067,47.82560429,47.82560429
TSK002442,S068,42.15617362,42.15617362
TSK002442,S069,38.6742942,38.6742942
TSK002442,S070,67.55421893,67.55421893
TSK002442,S071,39.326253,39.326253
TSK002442,S072,17.69226402,17.69226402
TSK002442,S073,59.93058246,59.93058246
TSK002442,S074,17.69226402,17.69226402
TSK002442,S075,17.69226402,17.69226402
TSK002442,S076,88.15418817,88.15418817
TSK002442,S077,17.69226402,17.69226402
TSK002442,S078,115.54159037,115.54159037
TSK002442,S079,49.32639222,49.32639222
TSK002442,S080,48.22079062,48.22079062
TSK002442,S081,192.57881716,192.57881716
TSK002442,S082,118.9958023,118.9958023
TSK002442,S083,17.69226402,17.69226402
TSK002442,S084,121.72690601,121.72690601
TSK002442,S085,85.6532007,85.6532007
TSK002442,S086,50.53749529,50.53749529
TSK002442,S087,17.69226402,17.69226402
TSK002442,S088,17.69226402,17.69226402
TSK002442,S089,108.56304431,108.56304431
TSK002442,S090,148.77700871,148.77700871
TSK002442,S091,58.90871902,58.90871902
TSK002442,S092,46.49124435,46.49124435
TSK002442,S093,56.97362379,56.97362379
TSK002442,S094,49.43359824,49.43359824
TSK002442,S095,61.95598298,61.95598298
TSK002442,S096,68.1307524,68.1307524
TSK002442,S097,92.89259359,92.89259359
TSK002442,S098,151.00024693,151.00024693
TSK002442,S099,77.59376543,77.59376543
TSK002442,S100,91.15143522,91.15143522
TSK002579,S001,6.3958624,6.3958624
TSK002579,S002,33.9729114,33.9729114
TSK002579,S003,19.16676166,19.16676166
TSK002579,S004,14.93477226,14.93477226
TSK002579,S005,6.3958624,6.3958624
TSK002579,S006,18.67476653,18.67476653
TSK002579,S007,6.3958624,6.3958624
TSK002579,S008,6.3958624,6.3958624
TSK002579,S009,11.51276883,11.51276883
TSK002579,S010,28.89143887,28.89143887
TSK002579,S011,13.10332443,13.10332443
TSK002579,S012,24.16916409,24.16916409
TSK002579,S013,13.26051497,13.26051497
TSK002579,S014,6.3958624,6.3958624
TSK002579,S015,25.13694968,25.13694968
TSK002579,S016,42.64379644,42.64379644
TSK002579,S017,14.85887576,14.85887576
TSK002579,S018,15.00885012,15.00885012
TSK002579,S019,6.3958624,6.3958624
TSK002579,S020,6.3958624,6.3958624
TSK002579,S021,19.16676166,19.16676166
TSK002579,S022,29.60126457,29.60126457
TSK002579,S023,30.78484899,30.78484899
TSK002579,S024,33.95758756,33.95758756
TSK002579,S025,15.83906661,15.83906661
TSK002579,S026,15.3166497,15.3166497
TSK002579,S027,18.61871758,18.61871758
TSK002579,S028,9.04282505,9.04282505
TSK002579,S029,28.38948834,28.38948834
TSK002579,S030,6.3958624,6.3958624
TSK002579,S031,15.59855545,15.59855545
TSK002579,S032,19.39333555,19.39333555
TSK002579,S033,24.74317445,24.74317445
TSK002579,S034,6.3958624,6.3958624
TSK002579,S035,20.41631945,20.41631945
TSK002579,S036,28.89143887,28.89143887
TSK002579,S037,12.20105371,12.20105371
TSK002579,S038,21.96270298,21.96270298
TSK002579,S039,35.15779916,35.15779916
TSK002579,S040,12.49041569,12.49041569
TSK002579,S041,46.24488397,46.24488397
TSK002579,S042,6.3958624,6.3958624
TSK002579,S043,22.89393959,22.89393959
TSK002579,S044,6.3958624,6.3958624
TSK002579,S045,19.29034416,19.29034416
TSK002579,S046,15.63863728,15.63863728
TSK002579,S047,6.3958624,6.3958624
TSK002579,S048,27.21557026,27.21557026
TSK002579,S049,16.50065389,16.50065389
TSK002579,S050,6.3958624,6.3958624
TSK002579,S051,30.11604744,30.11604744
TSK002579,S052,15.1228846,15.1228846
TSK002579,S053,6.3958624,6.3958624
TSK002579,S054,58.91663539,58.91663539
TSK002579,S055,15.00885012,15.00885012
TSK002579,S056,20.39306851,20.39306851
TSK002579,S057,6.3958624,6.3958624
TSK002579,S058,34.79668595,34.79668595
TSK002579,S059,15.4437254,15.4437254
TSK002579,S060,17.90639646,17.90639646
TSK002579,S061,17.25243746,17.25243746
TSK002579,S062,9.07637232,9.07637232
TSK002579,S063,15.3166497,15.3166497
TSK002579,S064,6.3958624,6.3958624
TSK002579,S065,41.91947842,41.91947842
TSK002579,S066,18.09557719,18.09557719
TSK002579,S067,15.83906661,15.83906661
TSK002579,S068,19.43984899,19.43984899
TSK002579,S069,17.25243746,17.25243746
TSK002579,S070,22.96523039,22.96523039
TSK002579,S071,13.56239322,13.56239322
TSK002579,S072,6.3958624,6.3958624
TSK002579,S073,24.38898628,24.38898628
TSK002579,S074,6.3958624,6.3958624
TSK002579,S075,6.3958624,6.3958624
TSK002579,S076,29.60126457,29.60126457
TSK002579,S077,6.3958624,6.3958624
TSK002579,S078,38.91220602,38.91220602
TSK002579,S079,18.20451345,18.20451345
TSK002579,S080,18.39507823,18.39507823
TSK002579,S081,56.21518293,56.21518293
TSK002579,S082,37.78711005,37.78711005
TSK002579,S083,6.3958624,6.3958624
TSK002579,S084,42.20032164,42.20032164
TSK002579,S085,31.22826648,31.22826648
TSK002579,S086,21.53407659,21.53407659
TSK002579,S087,6.3958624,6.3958624
TSK002579,S088,6.3958624,6.3958624
TSK002579,S089,30.34613148,30.34613148
TSK002579,S090,46.55051271,46.55051271
TSK002579,S091,24.74317445,24.74317445
TSK002579,S092,17.44784907,17.44784907
TSK002579,S093,20.34426724,20.34426724
TSK002579,S094,19.07208978,19.07208978
TSK002579,S095,20.31989297,20.31989297
TSK002579,S096,21.96270298,21.96270298
TSK002579,S097,26.15326479,26.15326479
TSK002579,S098,52.80552759,52.80552759
TSK002579,S099,30.81758061,30.81758061
TSK002579,S100,31.75052133,31.75052133
TSK002658,S001,3.07286971,3.07286971
TSK002658,S002,10.08381698,10.08381698
TSK002658,S003,6.31963122,6.31963122
TSK002658,S004,7.3479796,7.3479796
TSK002658,S005,3.07286971,3.07286971
TSK002658,S006,8.95550896,8.95550896
TSK002658,S007,3.07286971,3.07286971
TSK002658,S008,3.07286971,3.07286971
TSK002658,S009,5.4389132,5.4389132
TSK002658,S010,12.70388013,12.70388013
TSK002658,S011,6.42925364,6.42925364
TSK002658,S012,10.18561884,10.18561884
TSK002658,S013,6.56592846,6.56592846
TSK002658,S014,3.07286971,3.07286971
TSK002658,S015,14.07393079,14.07393079
TSK002658,S016,17.59002055,17.59002055
TSK002658,S017,6.76782603,6.76782603
TSK002658,S018,6.29844862,6.29844862
TSK002658,S019,3.07286971,3.07286971
TSK002658,S020,3.07286971,3.07286971
TSK002658,S021,6.31963122,6.31963122
TSK002658,S022,10.40741897,10.40741897
TSK002658,S023,11.50377111,11.50377111
TSK002658,S024,15.90278575,15.90278575
TSK002658,S025,6.86965904,6.86965904
TSK002658,S026,7.51407572,7.51407572
TSK002658,S027,8.55139656,8.55139656
TSK002658,S028,4.37645523,4.37645523
TSK002658,S029,12.07896448,12.07896448
TSK002658,S030,3.07286971,3.07286971
TSK002658,S031,7.03041636,7.03041636
TSK002658,S032,8.60651017,8.60651017
TSK002658,S033,10.06363778,10.06363778
TSK002658,S034,3.07286971,3.07286971
TSK002658,S035,9.45012485,9.45012485
TSK002658,S036,12.70388013,12.70388013
TSK002658,S037,6.16177479,6.16177479
TSK002658,S038,7.63699955,7.63699955
TSK002658,S039,13.24528762,13.24528762
TSK002658,S040,6.25127242,6.25127242
TSK002658,S041,16.37066994,16.37066994
TSK002658,S042,3.07286971,3.07286971
TSK002658,S043,9.74680305,9.74680305
TSK002658,S044,3.07286971,3.07286971
TSK002658,S045,8.51469177,8.51469177
TSK002658,S046,6.44242578,6.44242578
TSK002658,S047,3.07286971,3.07286971
TSK002658,S048,9.55493383,9.55493383
TSK002658,S049,9.07302062,9.07302062
TSK002658,S050,3.07286971,3.07286971
TSK002658,S051,10.43835185,10.43835185
TSK002658,S052,7.918058,7.918058
TSK002658,S053,3.07286971,3.07286971
TSK002658,S054,24.8214373,24.8214373
TSK002658,S055,6.29844862,6.29844862
TSK002658,S056,7.32142065,7.32142065
TSK002658,S057,3.07286971,3.07286971
TSK002658,S058,11.56149942,11.56149942
TSK002658,S059,6.8190267,6.8190267
TSK002658,S060,8.53418061,8.53418061
TSK002658,S061,8.63353022,8.63353022
TSK002658,S062,3.88708568,3.88708568
TSK002658,S063,7.51407572,7.51407572
TSK002658,S064,3.07286971,3.07286971
TSK002658,S065,16.35277168,16.35277168
TSK002658,S066,6.04730267,6.04730267
TSK002658,S067,6.86965904,6.86965904
TSK002658,S068,11.3480165,11.3480165
TSK002658,S069,8.63353022,8.63353022
TSK002658,S070,8.03080899,8.03080899
TSK002658,S071,6.14364127,6.14364127
TSK002658,S072,3.07286971,3.07286971
TSK002658,S073,10.50006688,10.50006688
TSK002658,S074,3.07286971,3.07286971
TSK002658,S075,3.07286971,3.07286971
TSK002658,S076,10.40741897,10.40741897
TSK002658,S077,3.07286971,3.07286971
TSK002658,S078,12.98910398,12.98910398
TSK002658,S079,8.61919674,8.61919674
TSK002658,S080,8.84785864,8.84785864
TSK002658,S081,18.69469203,18.69469203
TSK002658,S082,13.78158355,13.78158355
TSK002658,S083,3.07286971,3.07286971
TSK002658,S084,14.77590668,14.77590668
TSK002658,S085,14.77995433,14.77995433
TSK002658,S086,10.03591288,10.03591288
TSK002658,S087,3.07286971,3.07286971
TSK002658,S088,3.07286971,3.07286971
TSK002658,S089,10.99526778,10.99526778
TSK002658,S090,17.73041215,17.73041215
TSK002658,S091,10.06363778,10.06363778
TSK002658,S092,7.25696657,7.25696657
TSK002658,S093,7.88965891,7.88965891
TSK002658,S094,8.63114485,8.63114485
TSK002658,S095,7.19084557,7.19084557
TSK002658,S096,7.63699955,7.63699955
TSK002658,S097,8.09581855,8.09581855
TSK002658,S098,21.91550476,21.91550476
TSK002658,S099,12.37914372,12.37914372
TSK002658,S100,12.86423147,12.86423147
TSK002675,S001,2.32537982,2.32537982
TSK002675,S002,7.14740861,7.14740861
TSK002675,S003,4.55845573,4.55845573
TSK002675,S004,5.57657006,5.57657006
TSK002675,S005,2.32537982,2.32537982
TSK002675,S006,6.80443685,6.80443685
TSK002675,S007,2.32537982,2.32537982
TSK002675,S008,2.32537982,2.32537982
TSK002675,S009,4.11196975,4.11196975
TSK002675,S010,9.5564789,9.5564789
TSK002675,S011,4.87665386,4.87665386
TSK002675,S012,7.60696292,7.60696292
TSK002675,S013,4.99079142,4.99079142
TSK002675,S014,2.32537982,2.32537982
TSK002675,S015,10.76514422,10.76514422
TSK002675,S016,13.10245947,13.10245947
TSK002675,S017,5.09779258,5.09779258
TSK002675,S018,4.71061265,4.71061265
TSK002675,S019,2.32537982,2.32537982
TSK002675,S020,2.32537982,2.32537982
TSK002675,S021,4.55845573,4.55845573
TSK002675,S022,7.58547028,7.58547028
TSK002675,S023,8.45159696,8.45159696
TSK002675,S024,11.99063278,11.99063278
TSK002675,S025,5.14638745,5.14638745
TSK002675,S026,5.69926275,5.69926275
TSK002675,S027,6.4564281,6.4564281
TSK002675,S028,3.3206427,3.3206427
TSK002675,S029,9.05662218,9.05662218
TSK002675,S030,2.32537982,2.32537982
TSK002675,S031,5.28493702,5.28493702
TSK002675,S032,6.47326291,6.47326291
TSK002675,S033,7.52589612,7.52589612
TSK002675,S034,2.32537982,2.32537982
TSK002675,S035,7.14220515,7.14220515
TSK002675,S036,9.5564789,9.5564789
TSK002675,S037,4.69326893,4.69326893
TSK002675,S038,5.55014023,5.55014023
TSK002675,S039,9.76018027,9.76018027
TSK002675,S040,4.75503793,4.75503793
TSK002675,S041,11.95380115,11.95380115
TSK002675,S042,2.32537982,2.32537982
TSK002675,S043,7.30268505,7.30268505
TSK002675,S044,2.32537982,2.32537982
TSK002675,S045,6.39997817,6.39997817
TSK002675,S046,4.80159502,4.80159502
TSK002675,S047,2.32537982,2.32537982
TSK002675,S048,6.96267916,6.96267916
TSK002675,S049,6.94859219,6.94859219
TSK002675,S050,2.32537982,2.32537982
TSK002675,S051,7.60929266,7.60929266
TSK002675,S052,6.05363716,6.05363716
TSK002675,S053,2.32537982,2.32537982
TSK002675,S054,18.59878214,18.59878214
TSK002675,S055,4.71061265,4.71061265
TSK002675,S056,5.35271486,5.35271486
TSK002675,S057,2.32537982,2.32537982
TSK002675,S058,8.35762503,8.35762503
TSK002675,S059,5.12473512,5.12473512
TSK002675,S060,6.46094715,6.46094715
TSK002675,S061,6.58059785,6.58059785
TSK002675,S062,2.90491793,2.90491793
TSK002675,S063,5.69926275,5.69926275
TSK002675,S064,2.32537982,2.32537982
TSK002675,S065,12.12338288,12.12338288
TSK002675,S066,4.37115207,4.37115207
TSK002675,S067,5.14638745,5.14638745
TSK002675,S068,8.73963169,8.73963169
TSK002675,S069,6.58059785,6.58059785
TSK002675,S070,5.84892751,5.84892751
TSK002675,S071,4.62427389,4.62427389
TSK002675,S072,2.32537982,2.32537982
TSK002675,S073,7.88056274,7.88056274
TSK002675,S074,2.32537982,2.32537982
TSK002675,S075,2.32537982,2.32537982
TSK002675,S076,7.58547028,7.58547028
TSK002675,S077,2.32537982,2.32537982
TSK002675,S078,9.42384676,9.42384676
TSK002675,S079,6.51775301,6.51775301
TSK002675,S080,6.70725559,6.70725559
TSK002675,S081,13.51222606,13.51222606
TSK002675,S082,10.1083769,10.1083769
TSK002675,S083,2.32537982,2.32537982
TSK002675,S084,10.7971113,10.7971113
TSK002675,S085,11.17483603,11.17483603
TSK002675,S086,7.59541215,7.59541215
TSK002675,S087,2.32537982,2.32537982
TSK002675,S088,2.32537982,2.32537982
TSK002675,S089,8.04680013,8.04680013
TSK002675,S090,13.075416,13.075416
TSK002675,S091,7.52589612,7.52589612
TSK002675,S092,5.41417219,5.41417219
TSK002675,S093,5.8307757,5.8307757
TSK002675,S094,6.49325789,6.49325789
TSK002675,S095,5.25516157,5.25516157
TSK002675,S096,5.55014023,5.55014023
TSK002675,S097,5.78009186,5.78009186
TSK002675,S098,16.32721581,16.32721581
TSK002675,S099,9.22068774,9.22068774
TSK002675,S100,9.58043413,9.58043413
TSK002723,S001,4.45109978,4.45109978
TSK002723,S002,19.04755244,19.04755244
TSK002723,S003,11.2107,11.2107
TSK002723,S004,10.56422879,10.56422879
TSK002723,S005,4.45109978,4.45109978
TSK002723,S006,13.45587212,13.45587212
TSK002723,S007,4.45109978,4.45109978
TSK002723,S008,4.45109978,4.45109978
TSK002723,S009,7.99762062,7.99762062
TSK002723,S010,19.80007309,19.80007309
TSK002723,S011,9.23366803,9.23366803
TSK002723,S012,15.92707837,15.92707837
TSK002723,S013,9.48627284,9.48627284
TSK002723,S014,4.45109978,4.45109978
TSK002723,S015,18.30695616,18.30695616
TSK002723,S016,27.80379495,27.80379495
TSK002723,S017,10.15015963,10.15015963
TSK002723,S018,10.01979561,10.01979561
TSK002723,S019,4.45109978,4.45109978
TSK002723,S020,4.45109978,4.45109978
TSK002723,S021,11.2107,11.2107
TSK002723,S022,17.87822173,17.87822173
TSK002723,S023,19.01780567,19.01780567
TSK002723,S024,23.13481117,23.13481117
TSK002723,S025,10.56269311,10.56269311
TSK002723,S026,10.79000926,10.79000926
TSK002723,S027,12.92581633,12.92581633
TSK002723,S028,6.42045511,6.42045511
TSK002723,S029,19.21387685,19.21387685
TSK002723,S030,4.45109978,4.45109978
TSK002723,S031,10.52458414,10.52458414
TSK002723,S032,13.22640516,13.22640516
TSK002723,S033,16.72525091,16.72525091
TSK002723,S034,4.45109978,4.45109978
TSK002723,S035,14.2511751,14.2511751
TSK002723,S036,19.80007309,19.80007309
TSK002723,S037,8.82936111,8.82936111
TSK002723,S038,13.08447578,13.08447578
TSK002723,S039,22.10141847,22.10141847
TSK002723,S040,8.95940342,8.95940342
TSK002723,S041,28.18105007,28.18105007
TSK002723,S042,4.45109978,4.45109978
TSK002723,S043,15.40312609,15.40312609
TSK002723,S044,4.45109978,4.45109978
TSK002723,S045,13.11498533,13.11498533
TSK002723,S046,10.24786255,10.24786255
TSK002723,S047,4.45109978,4.45109978
TSK002723,S048,16.42706248,16.42706248
TSK002723,S049,12.22614322,12.22614322
TSK002723,S050,4.45109978,4.45109978
TSK002723,S051,18.35962901,18.35962901
TSK002723,S052,11.18803583,11.18803583
TSK002723,S053,4.45109978,4.45109978
TSK002723,S054,39.83843801,39.83843801
TSK002723,S055,10.01979561,10.01979561
TSK002723,S056,12.43683483,12.43683483
TSK002723,S057,4.45109978,4.45109978
TSK002723,S058,20.55164097,20.55164097
TSK002723,S059,10.48664855,10.48664855
TSK002723,S060,12.54385795,12.54385795
TSK002723,S061,12.59756729,12.59756729
TSK002723,S062,5.96915138,5.96915138
TSK002723,S063,10.79000926,10.79000926
TSK002723,S064,4.45109978,4.45109978
TSK002723,S065,27.07418785,27.07418785
TSK002723,S066,10.64372514,10.64372514
TSK002723,S067,10.56269311,10.56269311
TSK002723,S068,14.94957644,14.94957644
TSK002723,S069,12.59756729,12.59756729
TSK002723,S070,13.84212587,13.84212587
TSK002723,S071,9.22935487,9.22935487
TSK002723,S072,4.45109978,4.45109978
TSK002723,S073,16.55382917,16.55382917
TSK002723,S074,4.45109978,4.45109978
TSK002723,S075,4.45109978,4.45109978
TSK002723,S076,17.87822173,17.87822173
TSK002723,S077,4.45109978,4.45109978
TSK002723,S078,23.47928678,23.47928678
TSK002723,S079,12.6588204,12.6588204
TSK002723,S080,12.98842828,12.98842828
TSK002723,S081,33.15279307,33.15279307
TSK002723,S082,23.37430845,23.37430845
TSK002723,S083,4.45109978,4.45109978
TSK002723,S084,26.00338053,26.00338053
TSK002723,S085,21.69146298,21.69146298
TSK002723,S086,15.16586162,15.16586162
TSK002723,S087,4.45109978,4.45109978
TSK002723,S088,4.45109978,4.45109978
TSK002723,S089,18.54388778,18.54388778
TSK002723,S090,29.26478401,29.26478401
TSK002723,S091,16.72525091,16.72525091
TSK002723,S092,11.473503,11.473503
TSK002723,S093,12.87479271,12.87479271
TSK002723,S094,12.92885568,12.92885568
TSK002723,S095,12.45790871,12.45790871
TSK002723,S096,13.08447578,13.08447578
TSK002723,S097,14.908636,14.908636
TSK002723,S098,34.37698748,34.37698748
TSK002723,S099,20.33207801,20.33207801
TSK002723,S100,20.84081434,20.84081434
TSK002816,S001,6.49251594,6.49251594
TSK002816,S002,38.57812174,38.57812174
TSK002816,S003,21.3513226,21.3513226
TSK002816,S004,14.86732684,14.86732684
TSK002816,S005,6.49251594,6.49251594
TSK002816,S006,17.01451686,17.01451686
TSK002816,S007,6.49251594,6.49251594
TSK002816,S008,6.49251594,6.49251594
TSK002816,S009,11.52571103,11.52571103
TSK002816,S010,27.77928798,27.77928798
TSK002816,S011,13.14712219,13.14712219
TSK002816,S012,24.81726917,24.81726917
TSK002816,S013,12.86012508,12.86012508
TSK002816,S014,6.49251594,6.49251594
TSK002816,S015,26.93039283,26.93039283
TSK002816,S016,44.10714378,44.10714378
TSK002816,S017,14.9843865,14.9843865
TSK002816,S018,14.81229484,14.81229484
TSK002816,S019,6.49251594,6.49251594
TSK002816,S020,6.49251594,6.49251594
TSK002816,S021,21.3513226,21.3513226
TSK002816,S022,32.18823096,32.18823096
TSK002816,S023,33.34515448,33.34515448
TSK002816,S024,35.54398879,35.54398879
TSK002816,S025,16.21207439,16.21207439
TSK002816,S026,15.37892,15.37892
TSK002816,S027,18.08780793,18.08780793
TSK002816,S028,8.72890069,8.72890069
TSK002816,S029,27.33176473,27.33176473
TSK002816,S030,6.49251594,6.49251594
TSK002816,S031,16.09420338,16.09420338
TSK002816,S032,19.10256916,19.10256916
TSK002816,S033,22.79680466,22.79680466
TSK002816,S034,6.49251594,6.49251594
TSK002816,S035,19.68871919,19.68871919
TSK002816,S036,27.77928798,27.77928798
TSK002816,S037,11.7027897,11.7027897
TSK002816,S038,24.42561653,24.42561653
TSK002816,S039,36.75662557,36.75662557
TSK002816,S040,12.1733191,12.1733191
TSK002816,S041,49.51584176,49.51584176
TSK002816,S042,6.49251594,6.49251594
TSK002816,S043,22.43384404,22.43384404
TSK002816,S044,6.49251594,6.49251594
TSK002816,S045,19.06122628,19.06122628
TSK002816,S046,15.94232672,15.94232672
TSK002816,S047,6.49251594,6.49251594
TSK002816,S048,29.60377497,29.60377497
TSK002816,S049,16.41663079,16.41663079
TSK002816,S050,6.49251594,6.49251594
TSK002816,S051,31.68279342,31.68279342
TSK002816,S052,14.16590161,14.16590161
TSK002816,S053,6.49251594,6.49251594
TSK002816,S054,56.28192613,56.28192613
TSK002816,S055,14.81229484,14.81229484
TSK002816,S056,22.04081101,22.04081101
TSK002816,S057,6.49251594,6.49251594
TSK002816,S058,38.15056718,38.15056718
TSK002816,S059,15.31995052,15.31995052
TSK002816,S060,17.67178912,17.67178912
TSK002816,S061,15.89121955,15.89121955
TSK002816,S062,9.51806201,9.51806201
TSK002816,S063,15.37892,15.37892
TSK002816,S064,6.49251594,6.49251594
TSK002816,S065,42.17668689,42.17668689
TSK002816,S066,20.10501076,20.10501076
TSK002816,S067,16.21207439,16.21207439
TSK002816,S068,18.65900417,18.65900417
TSK002816,S069,15.89121955,15.89121955
TSK002816,S070,24.98470782,24.98470782
TSK002816,S071,13.74197149,13.74197149
TSK002816,S072,6.49251594,6.49251594
TSK002816,S073,23.57872334,23.57872334
TSK002816,S074,6.49251594,6.49251594
TSK002816,S075,6.49251594,6.49251594
TSK002816,S076,32.18823096,32.18823096
TSK002816,S077,6.49251594,6.49251594
TSK002816,S078,40.7492662,40.7492662
TSK002816,S079,18.21807314,18.21807314
TSK002816,S080,17.92413049,17.92413049
TSK002816,S081,61.87661187,61.87661187
TSK002816,S082,39.99128234,39.99128234
TSK002816,S083,6.49251594,6.49251594
TSK002816,S084,43.606486,43.606486
TSK002816,S085,31.33619735,31.33619735
TSK002816,S086,20.37368564,20.37368564
TSK002816,S087,6.49251594,6.49251594
TSK002816,S088,6.49251594,6.49251594
TSK002816,S089,32.88510826,32.88510826
TSK002816,S090,49.12338603,49.12338603
TSK002816,S091,22.79680466,22.79680466
TSK002816,S092,17.78645618,17.78645618
TSK002816,S093,21.4538397,21.4538397
TSK002816,S094,19.51130046,19.51130046
TSK002816,S095,21.4399652,21.4399652
TSK002816,S096,24.42561653,24.42561653
TSK002816,S097,29.48004535,29.48004535
TSK002816,S098,55.15456875,55.15456875
TSK002816,S099,30.08899127,30.08899127
TSK002816,S100,31.70614931,31.70614931
TSK002970,S001,0.54330184,0.54330184
TSK002970,S002,1.65327828,1.65327828
TSK002970,S003,1.05733063,1.05733063
TSK002970,S004,1.30564681,1.30564681
TSK002970,S005,0.54330184,0.54330184
TSK002970,S006,1.6144587,1.6144587
TSK002970,S007,0.54330184,0.54330184
TSK002970,S008,0.54330184,0.54330184
TSK002970,S009,0.96327823,0.96327823
TSK002970,S010,2.25899754,2.25899754
TSK002970,S011,1.14057932,1.14057932
TSK002970,S012,1.78174388,1.78174388
TSK002970,S013,1.17255193,1.17255193
TSK002970,S014,0.54330184,0.54330184
TSK002970,S015,2.48604006,2.48604006
TSK002970,S016,3.0672164,3.0672164
TSK002970,S017,1.19439082,1.19439082
TSK002970,S018,1.11108213,1.11108213
TSK002970,S019,0.54330184,0.54330184
TSK002970,S020,0.54330184,0.54330184
TSK002970,S021,1.05733063,1.05733063
TSK002970,S022,1.76667712,1.76667712
TSK002970,S023,1.96663125,1.96663125
TSK002970,S024,2.79023348,2.79023348
TSK002970,S025,1.20487892,1.20487892
TSK002970,S026,1.33284245,1.33284245
TSK002970,S027,1.52097481,1.52097481
TSK002970,S028,0.78135633,0.78135633
TSK002970,S029,2.14358724,2.14358724
TSK002970,S030,0.54330184,0.54330184
TSK002970,S031,1.23409622,1.23409622
TSK002970,S032,1.52380316,1.52380316
TSK002970,S033,1.79797769,1.79797769
TSK002970,S034,0.54330184,0.54330184
TSK002970,S035,1.68383447,1.68383447
TSK002970,S036,2.25899754,2.25899754
TSK002970,S037,1.10348404,1.10348404
TSK002970,S038,1.28618675,1.28618675
TSK002970,S039,2.28739322,2.28739322
TSK002970,S040,1.11595784,1.11595784
TSK002970,S041,2.79327043,2.79327043
TSK002970,S042,0.54330184,0.54330184
TSK002970,S043,1.72345037,1.72345037
TSK002970,S044,0.54330184,0.54330184
TSK002970,S045,1.50611964,1.50611964
TSK002970,S046,1.1270237,1.1270237
TSK002970,S047,0.54330184,0.54330184
TSK002970,S048,1.62157294,1.62157294
TSK002970,S049,1.62123815,1.62123815
TSK002970,S050,0.54330184,0.54330184
TSK002970,S051,1.7864675,1.7864675
TSK002970,S052,1.42569797,1.42569797
TSK002970,S053,0.54330184,0.54330184
TSK002970,S054,4.40964075,4.40964075
TSK002970,S055,1.11108213,1.11108213
TSK002970,S056,1.24760425,1.24760425
TSK002970,S057,0.54330184,0.54330184
TSK002970,S058,1.9459305,1.9459305
TSK002970,S059,1.20524529,1.20524529
TSK002970,S060,1.51631562,1.51631562
TSK002970,S061,1.55607092,1.55607092
TSK002970,S062,0.67751916,0.67751916
TSK002970,S063,1.33284245,1.33284245
TSK002970,S064,0.54330184,0.54330184
TSK002970,S065,2.8585934,2.8585934
TSK002970,S066,1.01421545,1.01421545
TSK002970,S067,1.20487892,1.20487892
TSK002970,S068,2.04421613,2.04421613
TSK002970,S069,1.55607092,1.55607092
TSK002970,S070,1.36229204,1.36229204
TSK002970,S071,1.08283325,1.08283325
TSK002970,S072,0.54330184,0.54330184
TSK002970,S073,1.8629849,1.8629849
TSK002970,S074,0.54330184,0.54330184
TSK002970,S075,0.54330184,0.54330184
TSK002970,S076,1.76667712,1.76667712
TSK002970,S077,0.54330184,0.54330184
TSK002970,S078,2.2181151,2.2181151
TSK002970,S079,1.52683275,1.52683275
TSK002970,S080,1.57650248,1.57650248
TSK002970,S081,3.14292964,3.14292964
TSK002970,S082,2.36568311,2.36568311
TSK002970,S083,0.54330184,0.54330184
TSK002970,S084,2.54387919,2.54387919
TSK002970,S085,2.61675304,2.61675304
TSK002970,S086,1.79513648,1.79513648
TSK002970,S087,0.54330184,0.54330184
TSK002970,S088,0.54330184,0.54330184
TSK002970,S089,1.87391687,1.87391687
TSK002970,S090,3.05738554,3.05738554
TSK002970,S091,1.79797769,1.79797769
TSK002970,S092,1.27035833,1.27035833
TSK002970,S093,1.3627663,1.3627663
TSK002970,S094,1.51817007,1.51817007
TSK002970,S095,1.23201116,1.23201116
TSK002970,S096,1.28618675,1.28618675
TSK002970,S097,1.33853744,1.33853744
TSK002970,S098,3.81452034,3.81452034
TSK002970,S099,2.183098,2.183098
TSK002970,S100,2.25846339,2.25846339
TSK002997,S001,6.14997942,6.14997942
TSK002997,S002,35.77785602,35.77785602
TSK002997,S003,19.87061455,19.87061455
TSK002997,S004,14.110161,14.110161
TSK002997,S005,6.14997942,6.14997942
TSK002997,S006,16.18047198,16.18047198
TSK002997,S007,6.14997942,6.14997942
TSK002997,S008,6.14997942,6.14997942
TSK002997,S009,10.91375529,10.91375529
TSK002997,S010,26.24739411,26.24739411
TSK002997,S011,12.47213861,12.47213861
TSK002997,S012,23.35498611,23.35498611
TSK002997,S013,12.22144527,12.22144527
TSK002997,S014,6.14997942,6.14997942
TSK002997,S015,25.66289306,25.66289306
TSK002997,S016,41.46112841,41.46112841
TSK002997,S017,14.15984163,14.15984163
TSK002997,S018,13.95328142,13.95328142
TSK002997,S019,6.14997942,6.14997942
TSK002997,S020,6.14997942,6.14997942
TSK002997,S021,19.87061455,19.87061455
TSK002997,S022,30.03448598,30.03448598
TSK002997,S023,31.18493954,31.18493954
TSK002997,S024,33.59122008,33.59122008
TSK002997,S025,15.27781677,15.27781677
TSK002997,S026,14.5888491,14.5888491
TSK002997,S027,17.12121139,17.12121139
TSK002997,S028,8.28672684,8.28672684
TSK002997,S029,25.78280326,25.78280326
TSK002997,S030,6.14997942,6.14997942
TSK002997,S031,15.18970756,15.18970756
TSK002997,S032,18.04287069,18.04287069
TSK002997,S033,21.48862634,21.48862634
TSK002997,S034,6.14997942,6.14997942
TSK002997,S035,18.64871366,18.64871366
TSK002997,S036,26.24739411,26.24739411
TSK002997,S037,11.13846706,11.13846706
TSK002997,S038,22.77216789,22.77216789
TSK002997,S039,34.41481999,34.41481999
TSK002997,S040,11.57324797,11.57324797
TSK002997,S041,46.22890917,46.22890917
TSK002997,S042,6.14997942,6.14997942
TSK002997,S043,21.15139881,21.15139881
TSK002997,S044,6.14997942,6.14997942
TSK002997,S045,17.99732653,17.99732653
TSK002997,S046,14.9912472,14.9912472
TSK002997,S047,6.14997942,6.14997942
TSK002997,S048,27.62139053,27.62139053
TSK002997,S049,15.67690326,15.67690326
TSK002997,S050,6.14997942,6.14997942
TSK002997,S051,29.56851064,29.56851064
TSK002997,S052,13.52398388,13.52398388
TSK002997,S053,6.14997942,6.14997942
TSK002997,S054,53.08060188,53.08060188
TSK002997,S055,13.95328142,13.95328142
TSK002997,S056,20.58389165,20.58389165
TSK002997,S057,6.14997942,6.14997942
TSK002997,S058,35.5241483,35.5241483
TSK002997,S059,14.46326964,14.46326964
TSK002997,S060,16.74950488,16.74950488
TSK002997,S061,15.14200607,15.14200607
TSK002997,S062,8.9580326,8.9580326
TSK002997,S063,14.5888491,14.5888491
TSK002997,S064,6.14997942,6.14997942
TSK002997,S065,39.58326794,39.58326794
TSK002997,S066,18.7197691,18.7197691
TSK002997,S067,15.27781677,15.27781677
TSK002997,S068,17.91266763,17.91266763
TSK002997,S069,15.14200607,15.14200607
TSK002997,S070,23.30834348,23.30834348
TSK002997,S071,12.9803684,12.9803684
TSK002997,S072,6.14997942,6.14997942
TSK002997,S073,22.25192415,22.25192415
TSK002997,S074,6.14997942,6.14997942
TSK002997,S075,6.14997942,6.14997942
TSK002997,S076,30.03448598,30.03448598
TSK002997,S077,6.14997942,6.14997942
TSK002997,S078,37.98354442,37.98354442
TSK002997,S079,17.25292209,17.25292209
TSK002997,S080,17.00466046,17.00466046
TSK002997,S081,57.61422704,57.61422704
TSK002997,S082,37.38669848,37.38669848
TSK002997,S083,6.14997942,6.14997942
TSK002997,S084,40.72699851,40.72699851
TSK002997,S085,29.67269456,29.67269456
TSK002997,S086,19.31756342,19.31756342
TSK002997,S087,6.14997942,6.14997942
TSK002997,S088,6.14997942,6.14997942
TSK002997,S089,30.71971735,30.71971735
TSK002997,S090,46.00276144,46.00276144
TSK002997,S091,21.48862634,21.48862634
TSK002997,S092,16.73232818,16.73232818
TSK002997,S093,20.1054598,20.1054598
TSK002997,S094,18.42333438,18.42333438
TSK002997,S095,20.02285113,20.02285113
TSK002997,S096,22.77216789,22.77216789
TSK002997,S097,27.37668428,27.37668428
TSK002997,S098,51.84510906,51.84510906
TSK002997,S099,28.29759984,28.29759984
TSK002997,S100,29.81061831,29.81061831
TSK003207,S001,2.05655484,2.05655484
TSK003207,S002,6.15073024,6.15073024
TSK003207,S003,3.9525627,3.9525627
TSK003207,S004,4.95991374,4.95991374
TSK003207,S005,2.05655484,2.05655484
TSK003207,S006,6.27040656,6.27040656
TSK003207,S007,2.05655484,2.05655484
TSK003207,S008,2.05655484,2.05655484
TSK003207,S009,3.6627923,3.6627923
TSK003207,S010,8.72018657,8.72018657
TSK003207,S011,4.32515287,4.32515287
TSK003207,S012,6.77315368,6.77315368
TSK003207,S013,4.48041882,4.48041882
TSK003207,S014,2.05655484,2.05655484
TSK003207,S015,9.22239254,9.22239254
TSK003207,S016,11.64874904,11.64874904
TSK003207,S017,4.54268598,4.54268598
TSK003207,S018,4.27349595,4.27349595
TSK003207,S019,2.05655484,2.05655484
TSK003207,S020,2.05655484,2.05655484
TSK003207,S021,3.9525627,3.9525627
TSK003207,S022,6.6512923,6.6512923
TSK003207,S023,7.39263764,7.39263764
TSK003207,S024,10.48918276,10.48918276
TSK003207,S025,4.57680006,4.57680006
TSK003207,S026,5.05336821,5.05336821
TSK003207,S027,5.83796784,5.83796784
TSK003207,S028,2.99329274,2.99329274
TSK003207,S029,8.29220706,8.29220706
TSK003207,S030,2.05655484,2.05655484
TSK003207,S031,4.66704458,4.66704458
TSK003207,S032,5.84154297,5.84154297
TSK003207,S033,7.06160925,7.06160925
TSK003207,S034,2.05655484,2.05655484
TSK003207,S035,6.47144235,6.47144235
TSK003207,S036,8.72018657,8.72018657
TSK003207,S037,4.22185061,4.22185061
TSK003207,S038,4.80051373,4.80051373
TSK003207,S039,8.70377904,8.70377904
TSK003207,S040,4.2564317,4.2564317
TSK003207,S041,10.57581496,10.57581496
TSK003207,S042,2.05655484,2.05655484
TSK003207,S043,6.63509079,6.63509079
TSK003207,S044,2.05655484,2.05655484
TSK003207,S045,5.77098341,5.77098341
TSK003207,S046,4.29953416,4.29953416
TSK003207,S047,2.05655484,2.05655484
TSK003207,S048,6.1046431,6.1046431
TSK003207,S049,6.12245628,6.12245628
TSK003207,S050,2.05655484,2.05655484
TSK003207,S051,6.81800606,6.81800606
TSK003207,S052,5.46977457,5.46977457
TSK003207,S053,2.05655484,2.05655484
TSK003207,S054,17.10623085,17.10623085
TSK003207,S055,4.27349595,4.27349595
TSK003207,S056,4.70315464,4.70315464
TSK003207,S057,2.05655484,2.05655484
TSK003207,S058,7.32237778,7.32237778
TSK003207,S059,4.61319984,4.61319984
TSK003207,S060,5.78344808,5.78344808
TSK003207,S061,6.01008835,6.01008835
TSK003207,S062,2.55695218,2.55695218
TSK003207,S063,5.05336821,5.05336821
TSK003207,S064,2.05655484,2.05655484
TSK003207,S065,10.98895481,10.98895481
TSK003207,S066,3.79353128,3.79353128
TSK003207,S067,4.57680006,4.57680006
TSK003207,S068,7.75271787,7.75271787
TSK003207,S069,6.01008835,6.01008835
TSK003207,S070,5.12923108,5.12923108
TSK003207,S071,4.11444084,4.11444084
TSK003207,S072,2.05655484,2.05655484
TSK003207,S073,7.19243502,7.19243502
TSK003207,S074,2.05655484,2.05655484
TSK003207,S075,2.05655484,2.05655484
TSK003207,S076,6.6512923,6.6512923
TSK003207,S077,2.05655484,2.05655484
TSK003207,S078,8.50157956,8.50157956
TSK003207,S079,5.8054785,5.8054785
TSK003207,S080,6.02830647,6.02830647
TSK003207,S081,11.80611159,11.80611159
TSK003207,S082,8.98036244,8.98036244
TSK003207,S083,2.05655484,2.05655484
TSK003207,S084,9.76640798,9.76640798
TSK003207,S085,9.94301235,9.94301235
TSK003207,S086,6.92769793,6.92769793
TSK003207,S087,2.05655484,2.05655484
TSK003207,S088,2.05655484,2.05655484
TSK003207,S089,7.05370604,7.05370604
TSK003207,S090,11.58886806,11.58886806
TSK003207,S091,7.06160925,7.06160925
TSK003207,S092,4.84346591,4.84346591
TSK003207,S093,5.16145728,5.16145728
TSK003207,S094,5.75371599,5.75371599
TSK003207,S095,4.6905926,4.6905926
TSK003207,S096,4.80051373,4.80051373
TSK003207,S097,4.98980092,4.98980092
TSK003207,S098,14.43796068,14.43796068
TSK003207,S099,8.4493723,8.4493723
TSK003207,S100,8.67859636,8.67859636
TSK003223,S001,9.44559751,9.44559751
TSK003223,S002,61.69002265,61.69002265
TSK003223,S003,33.63992991,33.63992991
TSK003223,S004,21.47089339,21.47089339
TSK003223,S005,9.44559751,9.44559751
TSK003223,S006,24.71667448,24.71667448
TSK003223,S007,9.44559751,9.44559751
TSK003223,S008,9.44559751,9.44559751
TSK003223,S009,16.84463082,16.84463082
TSK003223,S010,41.40295739,41.40295739
TSK003223,S011,19.00589037,19.00589037
TSK003223,S012,37.36036192,37.36036192
TSK003223,S013,18.52304481,18.52304481
TSK003223,S014,9.44559751,9.44559751
TSK003223,S015,37.47022039,37.47022039
TSK003223,S016,66.72555149,66.72555149
TSK003223,S017,22.12188977,22.12188977
TSK003223,S018,22.33651929,22.33651929
TSK003223,S019,9.44559751,9.44559751
TSK003223,S020,9.44559751,9.44559751
TSK003223,S021,33.63992991,33.63992991
TSK003223,S022,50.22187694,50.22187694
TSK003223,S023,51.4422687,51.4422687
TSK003223,S024,52.09974918,52.09974918
TSK003223,S025,24.23698471,24.23698471
TSK003223,S026,22.23366038,22.23366038
TSK003223,S027,26.63797606,26.63797606
TSK003223,S028,12.6593933,12.6593933
TSK003223,S029,41.08918602,41.08918602
TSK003223,S030,9.44559751,9.44559751
TSK003223,S031,23.82715975,23.82715975
TSK003223,S032,28.39765863,28.39765863
TSK003223,S033,34.6999145,34.6999145
TSK003223,S034,9.44559751,9.44559751
TSK003223,S035,28.93044591,28.93044591
TSK003223,S036,41.40295739,41.40295739
TSK003223,S037,16.74541579,16.74541579
TSK003223,S038,38.14147928,38.14147928
TSK003223,S039,56.69263458,56.69263458
TSK003223,S040,17.47796107,17.47796107
TSK003223,S041,77.22062462,77.22062462
TSK003223,S042,9.44559751,9.44559751
TSK003223,S043,33.71195426,33.71195426
TSK003223,S044,9.44559751,9.44559751
TSK003223,S045,28.37621516,28.37621516
TSK003223,S046,24.13225448,24.13225448
TSK003223,S047,9.44559751,9.44559751
TSK003223,S048,46.20068436,46.20068436
TSK003223,S049,22.8730045,22.8730045
TSK003223,S050,9.44559751,9.44559751
TSK003223,S051,49.64860902,49.64860902
TSK003223,S052,20.00722365,20.00722365
TSK003223,S053,9.44559751,9.44559751
TSK003223,S054,84.83625364,84.83625364
TSK003223,S055,22.33651929,22.33651929
TSK003223,S056,34.26742204,34.26742204
TSK003223,S057,9.44559751,9.44559751
TSK003223,S058,60.08822612,60.08822612
TSK003223,S059,22.80424244,22.80424244
TSK003223,S060,25.75657556,25.75657556
TSK003223,S061,22.77484866,22.77484866
TSK003223,S062,14.2696271,14.2696271
TSK003223,S063,22.23366038,22.23366038
TSK003223,S064,9.44559751,9.44559751
TSK003223,S065,64.6632158,64.6632158
TSK003223,S066,31.61058237,31.61058237
TSK003223,S067,24.23698471,24.23698471
TSK003223,S068,25.3609516,25.3609516
TSK003223,S069,22.77484866,22.77484866
TSK003223,S070,39.01957359,39.01957359
TSK003223,S071,20.31745157,20.31745157
TSK003223,S072,9.44559751,9.44559751
TSK003223,S073,35.33711744,35.33711744
TSK003223,S074,9.44559751,9.44559751
TSK003223,S075,9.44559751,9.44559751
TSK003223,S076,50.22187694,50.22187694
TSK003223,S077,9.44559751,9.44559751
TSK003223,S078,64.30793038,64.30793038
TSK003223,S079,26.60870096,26.60870096
TSK003223,S080,26.04823585,26.04823585
TSK003223,S081,97.42001767,97.42001767
TSK003223,S082,62.04937399,62.04937399
TSK003223,S083,9.44559751,9.44559751
TSK003223,S084,68.2709255,68.2709255
TSK003223,S085,45.77518393,45.77518393
TSK003223,S086,29.87240834,29.87240834
TSK003223,S087,9.44559751,9.44559751
TSK003223,S088,9.44559751,9.44559751
TSK003223,S089,51.03299708,51.03299708
TSK003223,S090,75.57015814,75.57015814
TSK003223,S091,34.6999145,34.6999145
TSK003223,S092,26.86321081,26.86321081
TSK003223,S093,32.88170942,32.88170942
TSK003223,S094,28.85520192,28.85520192
TSK003223,S095,33.46280811,33.46280811
TSK003223,S096,38.14147928,38.14147928
TSK003223,S097,46.87578557,46.87578557
TSK003223,S098,83.30413076,83.30413076
TSK003223,S099,45.86607574,45.86607574
TSK003223,S100,48.20428512,48.20428512
TSK003237,S001,6.42792512,6.42792512
TSK003237,S002,38.01415169,38.01415169
TSK003237,S003,21.05546984,21.05546984
TSK003237,S004,14.7271986,14.7271986
TSK003237,S005,6.42792512,6.42792512
TSK003237,S006,16.87509899,16.87509899
TSK003237,S007,6.42792512,6.42792512
TSK003237,S008,6.42792512,6.42792512
TSK003237,S009,11.4118214,11.4118214
TSK003237,S010,27.50497149,27.50497149
TSK003237,S011,13.02122452,13.02122452
TSK003237,S012,24.53931384,24.53931384
TSK003237,S013,12.74516045,12.74516045
TSK003237,S014,6.42792512,6.42792512
TSK003237,S015,26.67786127,26.67786127
TSK003237,S016,43.60144377,43.60144377
TSK003237,S017,14.82991446,14.82991446
TSK003237,S018,14.65444838,14.65444838
TSK003237,S019,6.42792512,6.42792512
TSK003237,S020,6.42792512,6.42792512
TSK003237,S021,21.05546984,21.05546984
TSK003237,S022,31.76346466,31.76346466
TSK003237,S023,32.91943648,32.91943648
TSK003237,S024,35.16601012,35.16601012
TSK003237,S025,16.03487462,16.03487462
TSK003237,S026,15.23145263,15.23145263
TSK003237,S027,17.91311019,17.91311019
TSK003237,S028,8.64965374,8.64965374
TSK003237,S029,27.05376257,27.05376257
TSK003237,S030,6.42792512,6.42792512
TSK003237,S031,15.92138142,15.92138142
TSK003237,S032,18.90830105,18.90830105
TSK003237,S033,22.57193639,22.57193639
TSK003237,S034,6.42792512,6.42792512
TSK003237,S035,19.50222675,19.50222675
TSK003237,S036,27.50497149,27.50497149
TSK003237,S037,11.60257058,11.60257058
TSK003237,S038,24.09502799,24.09502799
TSK003237,S039,36.30620463,36.30620463
TSK003237,S040,12.06474759,12.06474759
TSK003237,S041,48.87396372,48.87396372
TSK003237,S042,6.42792512,6.42792512
TSK003237,S043,22.19976036,22.19976036
TSK003237,S044,6.42792512,6.42792512
TSK003237,S045,18.86559644,18.86559644
TSK003237,S046,15.76265253,15.76265253
TSK003237,S047,6.42792512,6.42792512
TSK003237,S048,29.21273819,29.21273819
TSK003237,S049,16.27990064,16.27990064
TSK003237,S050,6.42792512,6.42792512
TSK003237,S051,31.27497305,31.27497305
TSK003237,S052,14.05557764,14.05557764
TSK003237,S053,6.42792512,6.42792512
TSK003237,S054,55.71158963,55.71158963
TSK003237,S055,14.65444838,14.65444838
TSK003237,S056,21.75443713,21.75443713
TSK003237,S057,6.42792512,6.42792512
TSK003237,S058,37.63070315,37.63070315
TSK003237,S059,15.16185218,15.16185218
TSK003237,S060,17.50253851,17.50253851
TSK003237,S061,15.76475594,15.76475594
TSK003237,S062,9.4097875,9.4097875
TSK003237,S063,15.23145263,15.23145263
TSK003237,S064,6.42792512,6.42792512
TSK003237,S065,41.69212577,41.69212577
TSK003237,S066,19.82855556,19.82855556
TSK003237,S067,16.03487462,16.03487462
TSK003237,S068,18.5276088,18.5276088
TSK003237,S069,15.76475594,15.76475594
TSK003237,S070,24.65403584,24.65403584
TSK003237,S071,13.59869159,13.59869159
TSK003237,S072,6.42792512,6.42792512
TSK003237,S073,23.33969216,23.33969216
TSK003237,S074,6.42792512,6.42792512
TSK003237,S075,6.42792512,6.42792512
TSK003237,S076,31.76346466,31.76346466
TSK003237,S077,6.42792512,6.42792512
TSK003237,S078,40.21779171,40.21779171
TSK003237,S079,18.03851571,18.03851571
TSK003237,S080,17.75762918,17.75762918
TSK003237,S081,61.03087289,61.03087289
TSK003237,S082,39.48630688,39.48630688
TSK003237,S083,6.42792512,6.42792512
TSK003237,S084,43.05792017,43.05792017
TSK003237,S085,31.02592155,31.02592155
TSK003237,S086,20.18827349,20.18827349
TSK003237,S087,6.42792512,6.42792512
TSK003237,S088,6.42792512,6.42792512
TSK003237,S089,32.45862889,32.45862889
TSK003237,S090,48.5190014,48.5190014
TSK003237,S091,22.57193639,22.57193639
TSK003237,S092,17.58729552,17.58729552
TSK003237,S093,21.19271331,21.19271331
TSK003237,S094,19.30490142,19.30490142
TSK003237,S095,21.16596165,21.16596165
TSK003237,S096,24.09502799,24.09502799
TSK003237,S097,29.05767743,29.05767743
TSK003237,S098,54.51718638,54.51718638
TSK003237,S099,29.76281919,29.76281919
TSK003237,S100,31.35417207,31.35417207
TSK003282,S001,15.97660929,15.97660929
TSK003282,S002,118.02165641,118.02165641
TSK003282,S003,63.2335517,63.2335517
TSK003282,S004,35.66443411,35.66443411
TSK003282,S005,15.97660929,15.97660929
TSK003282,S006,38.8713545,38.8713545
TSK003282,S007,15.97660929,15.97660929
TSK003282,S008,15.97660929,15.97660929
TSK003282,S009,28.3569081,28.3569081
TSK003282,S010,69.0799505,69.0799505
TSK003282,S011,31.75275766,31.75275766
TSK003282,S012,65.32676322,65.32676322
TSK003282,S013,30.18360924,30.18360924
TSK003282,S014,15.97660929,15.97660929
TSK003282,S015,63.14363285,63.14363285
TSK003282,S016,117.5695321,117.5695321
TSK003282,S017,37.71030054,37.71030054
TSK003282,S018,38.22663946,38.22663946
TSK003282,S019,15.97660929,15.97660929
TSK003282,S020,15.97660929,15.97660929
TSK003282,S021,63.2335517,63.2335517
TSK003282,S022,92.75858166,92.75858166
TSK003282,S023,94.12467508,94.12467508
TSK003282,S024,90.24829021,90.24829021
TSK003282,S025,42.08273847,42.08273847
TSK003282,S026,37.16392879,37.16392879
TSK003282,S027,44.29112022,44.29112022
TSK003282,S028,20.68896754,20.68896754
TSK003282,S029,69.10197128,69.10197128
TSK003282,S030,15.97660929,15.97660929
TSK003282,S031,41.25160558,41.25160558
TSK003282,S032,47.99376876,47.99376876
TSK003282,S033,57.34150279,57.34150279
TSK003282,S034,15.97660929,15.97660929
TSK003282,S035,47.78621025,47.78621025
TSK003282,S036,69.0799505,69.0799505
TSK003282,S037,26.92706223,26.92706223
TSK003282,S038,71.23780571,71.23780571
TSK003282,S039,101.87136473,101.87136473
TSK003282,S040,28.49424737,28.49424737
TSK003282,S041,141.51173465,141.51173465
TSK003282,S042,15.97660929,15.97660929
TSK003282,S043,57.29134997,57.29134997
TSK003282,S044,15.97660929,15.97660929
TSK003282,S045,48.10422951,48.10422951
TSK003282,S046,42.20004934,42.20004934
TSK003282,S047,15.97660929,15.97660929
TSK003282,S048,85.35860979,85.35860979
TSK003282,S049,36.81287046,36.81287046
TSK003282,S050,15.97660929,15.97660929
TSK003282,S051,90.48342574,90.48342574
TSK003282,S052,31.25806375,31.25806375
TSK003282,S053,15.97660929,15.97660929
TSK003282,S054,142.29465552,142.29465552
TSK003282,S055,38.22663946,38.22663946
TSK003282,S056,62.95713505,62.95713505
TSK003282,S057,15.97660929,15.97660929
TSK003282,S058,112.09727573,112.09727573
TSK003282,S059,38.74623105,38.74623105
TSK003282,S060,42.8792245,42.8792245
TSK003282,S061,35.64286535,35.64286535
TSK003282,S062,25.16519709,25.16519709
TSK003282,S063,37.16392879,37.16392879
TSK003282,S064,15.97660929,15.97660929
TSK003282,S065,113.3250852,113.3250852
TSK003282,S066,59.26978207,59.26978207
TSK003282,S067,42.08273847,42.08273847
TSK003282,S068,38.86264857,38.86264857
TSK003282,S069,35.64286535,35.64286535
TSK003282,S070,72.1302931,72.1302931
TSK003282,S071,34.77182324,34.77182324
TSK003282,S072,15.97660929,15.97660929
TSK003282,S073,59.43131469,59.43131469
TSK003282,S074,15.97660929,15.97660929
TSK003282,S075,15.97660929,15.97660929
TSK003282,S076,92.75858166,92.75858166
TSK003282,S077,15.97660929,15.97660929
TSK003282,S078,117.48892483,117.48892483
TSK003282,S079,44.76078085,44.76078085
TSK003282,S080,42.9075085,42.9075085
TSK003282,S081,182.03116992,182.03116992
TSK003282,S082,112.66080202,112.66080202
TSK003282,S083,15.97660929,15.97660929
TSK003282,S084,123.21360134,123.21360134
TSK003282,S085,77.1389968,77.1389968
TSK003282,S086,48.63708309,48.63708309
TSK003282,S087,15.97660929,15.97660929
TSK003282,S088,15.97660929,15.97660929
TSK003282,S089,93.76568866,93.76568866
TSK003282,S090,136.20216648,136.20216648
TSK003282,S091,57.34150279,57.34150279
TSK003282,S092,46.89613681,46.89613681
TSK003282,S093,59.08887379,59.08887379
TSK003282,S094,49.67185417,49.67185417
TSK003282,S095,60.90904854,60.90904854
TSK003282,S096,71.23780571,71.23780571
TSK003282,S097,89.08613809,89.08613809
TSK003282,S098,147.38993632,147.38993632
TSK003282,S099,78.66159457,78.66159457
TSK003282,S100,83.5920088,83.5920088
TSK003325,S001,1.94475516,1.94475516
TSK003325,S002,6.03893055,6.03893055
TSK003325,S003,3.84076301,3.84076301
TSK003325,S004,4.65367981,4.65367981
TSK003325,S005,1.94475516,1.94475516
TSK003325,S006,5.59960844,5.59960844
TSK003325,S007,1.94475516,1.94475516
TSK003325,S008,1.94475516,1.94475516
TSK003325,S009,3.42947121,3.42947121
TSK003325,S010,7.89546134,7.89546134
TSK003325,S011,4.07400865,4.07400865
TSK003325,S012,6.34539835,6.34539835
TSK003325,S013,4.14988061,4.14988061
TSK003325,S014,1.94475516,1.94475516
TSK003325,S015,9.11059285,9.11059285
TSK003325,S016,10.93582349,10.93582349
TSK003325,S017,4.25103462,4.25103462
TSK003325,S018,3.90083033,3.90083033
TSK003325,S019,1.94475516,1.94475516
TSK003325,S020,1.94475516,1.94475516
TSK003325,S021,3.84076301,3.84076301
TSK003325,S022,6.3645018,6.3645018
TSK003325,S023,7.09774571,7.09774571
TSK003325,S024,10.06952886,10.06952886
TSK003325,S025,4.29487041,4.29487041
TSK003325,S026,4.76171685,4.76171685
TSK003325,S027,5.35350253,5.35350253
TSK003325,S028,2.75673108,2.75673108
TSK003325,S029,7.47234268,7.47234268
TSK003325,S030,1.94475516,1.94475516
TSK003325,S031,4.42238149,4.42238149
TSK003325,S032,5.37166023,5.37166023
TSK003325,S033,6.14776833,6.14776833
TSK003325,S034,1.94475516,1.94475516
TSK003325,S035,5.91730477,5.91730477
TSK003325,S036,7.89546134,7.89546134
TSK003325,S037,3.89941383,3.89941383
TSK003325,S038,4.68061262,4.68061262
TSK003325,S039,8.13667917,8.13667917
TSK003325,S040,3.9582992,3.9582992
TSK003325,S041,9.99575281,9.99575281
TSK003325,S042,1.94475516,1.94475516
TSK003325,S043,6.04368664,6.04368664
TSK003325,S044,1.94475516,1.94475516
TSK003325,S045,5.31244267,5.31244267
TSK003325,S046,3.99654081,3.99654081
TSK003325,S047,1.94475516,1.94475516
TSK003325,S048,5.84215688,5.84215688
TSK003325,S049,5.81946293,5.81946293
TSK003325,S050,1.94475516,1.94475516
TSK003325,S051,6.33192047,6.33192047
TSK003325,S052,5.02095554,5.02095554
TSK003325,S053,1.94475516,1.94475516
TSK003325,S054,15.31743585,15.31743585
TSK003325,S055,3.90083033,3.90083033
TSK003325,S056,4.4876567,4.4876567
TSK003325,S057,1.94475516,1.94475516
TSK003325,S058,7.01452357,7.01452357
TSK003325,S059,4.25673707,4.25673707
TSK003325,S060,5.37837674,5.37837674
TSK003325,S061,5.43488706,5.43488706
TSK003325,S062,2.43381049,2.43381049
TSK003325,S063,4.76171685,4.76171685
TSK003325,S064,1.94475516,1.94475516
TSK003325,S065,10.04270818,10.04270818
TSK003325,S066,3.6817316,3.6817316
TSK003325,S067,4.29487041,4.29487041
TSK003325,S068,7.30065826,7.30065826
TSK003325,S069,5.43488706,5.43488706
TSK003325,S070,4.90725199,4.90725199
TSK003325,S071,3.85843576,3.85843576
TSK003325,S072,1.94475516,1.94475516
TSK003325,S073,6.5102949,6.5102949
TSK003325,S074,1.94475516,1.94475516
TSK003325,S075,1.94475516,1.94475516
TSK003325,S076,6.3645018,6.3645018
TSK003325,S077,1.94475516,1.94475516
TSK003325,S078,7.82105973,7.82105973
TSK003325,S079,5.43605345,5.43605345
TSK003325,S080,5.57462658,5.57462658
TSK003325,S081,11.3524317,11.3524317
TSK003325,S082,8.43918715,8.43918715
TSK003325,S083,1.94475516,1.94475516
TSK003325,S084,8.95140446,8.95140446
TSK003325,S085,9.32406336,9.32406336
TSK003325,S086,6.27634323,6.27634323
TSK003325,S087,1.94475516,1.94475516
TSK003325,S088,1.94475516,1.94475516
TSK003325,S089,6.75233297,6.75233297
TSK003325,S090,10.92617136,10.92617136
TSK003325,S091,6.14776833,6.14776833
TSK003325,S092,4.50806685,4.50806685
TSK003325,S093,4.87466678,4.87466678
TSK003325,S094,5.42641835,5.42641835
TSK003325,S095,4.37949782,4.37949782
TSK003325,S096,4.68061262,4.68061262
TSK003325,S097,4.87800123,4.87800123
TSK003325,S098,13.65536287,13.65536287
TSK003325,S099,7.60520364,7.60520364
TSK003325,S100,7.93812597,7.93812597
TSK003361,S001,4.92949922,4.92949922
TSK003361,S002,22.60360764,22.60360764
TSK003361,S003,13.11435823,13.11435823
TSK003361,S004,11.64786445,11.64786445
TSK003361,S005,4.92949922,4.92949922
TSK003361,S006,14.79707096,14.79707096
TSK003361,S007,4.92949922,4.92949922
TSK003361,S008,4.92949922,4.92949922
TSK003361,S009,8.86716054,8.86716054
TSK003361,S010,22.08324451,22.08324451
TSK003361,S011,10.19001906,10.19001906
TSK003361,S012,17.94745102,17.94745102
TSK003361,S013,10.43228893,10.43228893
TSK003361,S014,4.92949922,4.92949922
TSK003361,S015,19.94362742,19.94362742
TSK003361,S016,31.43264582,31.43264582
TSK003361,S017,11.31171801,11.31171801
TSK003361,S018,11.26035951,11.26035951
TSK003361,S019,4.92949922,4.92949922
TSK003361,S020,4.92949922,4.92949922
TSK003361,S021,13.11435823,13.11435823
TSK003361,S022,20.7021011,20.7021011
TSK003361,S023,21.85337124,21.85337124
TSK003361,S024,25.76580309,25.76580309
TSK003361,S025,11.85733657,11.85733657
TSK003361,S026,11.90839811,11.90839811
TSK003361,S027,14.35056268,14.35056268
TSK003361,S028,7.07882183,7.07882183
TSK003361,S029,21.51627035,21.51627035
TSK003361,S030,4.92949922,4.92949922
TSK003361,S031,11.76547113,11.76547113
TSK003361,S032,14.76128534,14.76128534
TSK003361,S033,18.76770483,18.76770483
TSK003361,S034,4.92949922,4.92949922
TSK003361,S035,15.79867157,15.79867157
TSK003361,S036,22.08324451,22.08324451
TSK003361,S037,9.67868023,9.67868023
TSK003361,S038,15.20803018,15.20803018
TSK003361,S039,25.28481003,25.28481003
TSK003361,S040,9.84273523,9.84273523
TSK003361,S041,32.55369807,32.55369807
TSK003361,S042,4.92949922,4.92949922
TSK003361,S043,17.27070184,17.27070184
TSK003361,S044,4.92949922,4.92949922
TSK003361,S045,14.65010852,14.65010852
TSK003361,S046,11.57289009,11.57289009
TSK003361,S047,4.92949922,4.92949922
TSK003361,S048,19.02560527,19.02560527
TSK003361,S049,13.2865083,13.2865083
TSK003361,S050,4.92949922,4.92949922
TSK003361,S051,21.22226566,21.22226566
TSK003361,S052,12.19043702,12.19043702
TSK003361,S053,4.92949922,4.92949922
TSK003361,S054,44.63865853,44.63865853
TSK003361,S055,11.26035951,11.26035951
TSK003361,S056,14.35658278,14.35658278
TSK003361,S057,4.92949922,4.92949922
TSK003361,S058,23.97673852,23.97673852
TSK003361,S059,11.71712301,11.71712301
TSK003361,S060,13.87798894,13.87798894
TSK003361,S061,13.79024277,13.79024277
TSK003361,S062,6.72492112,6.72492112
TSK003361,S063,11.90839811,11.90839811
TSK003361,S064,4.92949922,4.92949922
TSK003361,S065,30.74040284,30.74040284
TSK003361,S066,12.42783697,12.42783697
TSK003361,S067,11.85733657,11.85733657
TSK003361,S068,16.08416828,16.08416828
TSK003361,S069,13.79024277,13.79024277
TSK003361,S070,16.03953803,16.03953803
TSK003361,S071,10.2963245,10.2963245
TSK003361,S072,4.92949922,4.92949922
TSK003361,S073,18.51709045,18.51709045
TSK003361,S074,4.92949922,4.92949922
TSK003361,S075,4.92949922,4.92949922
TSK003361,S076,20.7021011,20.7021011
TSK003361,S077,4.92949922,4.92949922
TSK003361,S078,27.24370116,27.24370116
TSK003361,S079,14.0308599,14.0308599
TSK003361,S080,14.34054088,14.34054088
TSK003361,S081,38.69102226,38.69102226
TSK003361,S082,26.87529062,26.87529062
TSK003361,S083,4.92949922,4.92949922
TSK003361,S084,29.96975539,29.96975539
TSK003361,S085,24.04839909,24.04839909
TSK003361,S086,16.77655132,16.77655132
TSK003361,S087,4.92949922,4.92949922
TSK003361,S088,4.92949922,4.92949922
TSK003361,S089,21.3888023,21.3888023
TSK003361,S090,33.46573488,33.46573488
TSK003361,S091,18.76770483,18.76770483
TSK003361,S092,12.94190863,12.94190863
TSK003361,S093,14.69016534,14.69016534
TSK003361,S094,14.43605027,14.43605027
TSK003361,S095,14.37010555,14.37010555
TSK003361,S096,15.20803018,15.20803018
TSK003361,S097,17.59200244,17.59200244
TSK003361,S098,38.86745167,38.86745167
TSK003361,S099,22.94880375,22.94880375
TSK003361,S100,23.54206859,23.54206859
TSK003387,S001,9.4996256,9.4996256
TSK003387,S002,62.06440415,62.06440415
TSK003387,S003,33.84231329,33.84231329
TSK003387,S004,21.59527962,21.59527962
TSK003387,S005,9.4996256,9.4996256
TSK003387,S006,24.88166869,24.88166869
TSK003387,S007,9.4996256,9.4996256
TSK003387,S008,9.4996256,9.4996256
TSK003387,S009,16.94397215,16.94397215
TSK003387,S010,41.67182751,41.67182751
TSK003387,S011,19.11494246,19.11494246
TSK003387,S012,37.58685257,37.58685257
TSK003387,S013,18.63402608,18.63402608
TSK003387,S014,9.4996256,9.4996256
TSK003387,S015,37.64481308,37.64481308
TSK003387,S016,67.13026203,67.13026203
TSK003387,S017,22.25383505,22.25383505
TSK003387,S018,22.47975453,22.47975453
TSK003387,S019,9.4996256,9.4996256
TSK003387,S020,9.4996256,9.4996256
TSK003387,S021,33.84231329,33.84231329
TSK003387,S022,50.52666935,50.52666935
TSK003387,S023,51.74858416,51.74858416
TSK003387,S024,52.38949261,52.38949261
TSK003387,S025,24.38241486,24.38241486
TSK003387,S026,22.36111213,22.36111213
TSK003387,S027,26.80461432,26.80461432
TSK003387,S028,12.73687625,12.73687625
TSK003387,S029,41.35987299,41.35987299
TSK003387,S030,9.4996256,9.4996256
TSK003387,S031,23.96558391,23.96558391
TSK003387,S032,28.57520879,28.57520879
TSK003387,S033,34.94710122,34.94710122
TSK003387,S034,9.4996256,9.4996256
TSK003387,S035,29.11249823,29.11249823
TSK003387,S036,41.67182751,41.67182751
TSK003387,S037,16.84602524,16.84602524
TSK003387,S038,38.3670583,38.3670583
TSK003387,S039,57.04545794,57.04545794
TSK003387,S040,17.58119102,17.58119102
TSK003387,S041,77.69772837,77.69772837
TSK003387,S042,9.4996256,9.4996256
TSK003387,S043,33.92873414,33.92873414
TSK003387,S044,9.4996256,9.4996256
TSK003387,S045,28.55336134,28.55336134
TSK003387,S046,24.28164455,24.28164455
TSK003387,S047,9.4996256,9.4996256
TSK003387,S048,46.48110159,46.48110159
TSK003387,S049,22.99484583,22.99484583
TSK003387,S050,9.4996256,9.4996256
TSK003387,S051,49.96497871,49.96497871
TSK003387,S052,20.12855081,20.12855081
TSK003387,S053,9.4996256,9.4996256
TSK003387,S054,85.40361222,85.40361222
TSK003387,S055,22.47975453,22.47975453
TSK003387,S056,34.47540502,34.47540502
TSK003387,S057,9.4996256,9.4996256
TSK003387,S058,60.45639661,60.45639661
TSK003387,S059,22.94581421,22.94581421
TSK003387,S060,25.91077671,25.91077671
TSK003387,S061,22.92076486,22.92076486
TSK003387,S062,14.35295596,14.35295596
TSK003387,S063,22.36111213,22.36111213
TSK003387,S064,9.4996256,9.4996256
TSK003387,S065,65.08064644,65.08064644
TSK003387,S066,31.80052215,31.80052215
TSK003387,S067,24.38241486,24.38241486
TSK003387,S068,25.49616114,25.49616114
TSK003387,S069,22.92076486,22.92076486
TSK003387,S070,39.25670396,39.25670396
TSK003387,S071,20.43820193,20.43820193
TSK003387,S072,9.4996256,9.4996256
TSK003387,S073,35.56729146,35.56729146
TSK003387,S074,9.4996256,9.4996256
TSK003387,S075,9.4996256,9.4996256
TSK003387,S076,50.52666935,50.52666935
TSK003387,S077,9.4996256,9.4996256
TSK003387,S078,64.72552523,64.72552523
TSK003387,S079,26.76549885,26.76549885
TSK003387,S080,26.20614847,26.20614847
TSK003387,S081,98.01366348,98.01366348
TSK003387,S082,62.43427417,62.43427417
TSK003387,S083,9.4996256,9.4996256
TSK003387,S084,68.71463244,68.71463244
TSK003387,S085,46.0439439,46.0439439
TSK003387,S086,30.06471797,30.06471797
TSK003387,S087,9.4996256,9.4996256
TSK003387,S088,9.4996256,9.4996256
TSK003387,S089,51.34053097,51.34053097
TSK003387,S090,76.03251752,76.03251752
TSK003387,S091,34.94710122,34.94710122
TSK003387,S092,27.02875162,27.02875162
TSK003387,S093,33.08152629,33.08152629
TSK003387,S094,29.02447365,29.02447365
TSK003387,S095,33.67362331,33.67362331
TSK003387,S096,38.3670583,38.3670583
TSK003387,S097,47.15932883,47.15932883
TSK003387,S098,83.80116369,83.80116369
TSK003387,S099,46.17040146,46.17040146
TSK003387,S100,48.51348459,48.51348459
TSK003434,S001,9.59384367,9.59384367
TSK003434,S002,61.3065224,61.3065224
TSK003434,S003,33.54192493,33.54192493
TSK003434,S004,21.91613824,21.91613824
TSK003434,S005,9.59384367,9.59384367
TSK003434,S006,25.87036081,25.87036081
TSK003434,S007,9.59384367,9.59384367
TSK003434,S008,9.59384367,9.59384367
TSK003434,S009,17.1762779,17.1762779
TSK003434,S010,42.71180204,42.71180204
TSK003434,S011,19.35934905,19.35934905
TSK003434,S012,37.89474146,37.89474146
TSK003434,S013,19.04226323,19.04226323
TSK003434,S014,9.59384367,9.59384367
TSK003434,S015,37.41834447,37.41834447
TSK003434,S016,67.57099212,67.57099212
TSK003434,S017,22.52355372,22.52355372
TSK003434,S018,22.89185346,22.89185346
TSK003434,S019,9.59384367,9.59384367
TSK003434,S020,9.59384367,9.59384367
TSK003434,S021,33.54192493,33.54192493
TSK003434,S022,50.32629174,50.32629174
TSK003434,S023,51.56139646,51.56139646
TSK003434,S024,52.51189605,52.51189605
TSK003434,S025,24.59557623,24.59557623
TSK003434,S026,22.642783,22.642783
TSK003434,S027,27.39239016,27.39239016
TSK003434,S028,13.03421896,13.03421896
TSK003434,S029,42.38467032,42.38467032
TSK003434,S030,9.59384367,9.59384367
TSK003434,S031,24.11807168,24.11807168
TSK003434,S032,29.1029265,29.1029265
TSK003434,S033,36.23440204,36.23440204
TSK003434,S034,9.59384367,9.59384367
TSK003434,S035,29.80754733,29.80754733
TSK003434,S036,42.71180204,42.71180204
TSK003434,S037,17.26460912,17.26460912
TSK003434,S038,38.02221348,38.02221348
TSK003434,S039,57.31386314,57.31386314
TSK003434,S040,17.94108165,17.94108165
TSK003434,S041,77.66314897,77.66314897
TSK003434,S042,9.59384367,9.59384367
TSK003434,S043,34.61072096,34.61072096
TSK003434,S044,9.59384367,9.59384367
TSK003434,S045,29.05801618,29.05801618
TSK003434,S046,24.52909968,24.52909968
TSK003434,S047,9.59384367,9.59384367
TSK003434,S048,46.29383586,46.29383586
TSK003434,S049,23.31557713,23.31557713
TSK003434,S050,9.59384367,9.59384367
TSK003434,S051,50.15793596,50.15793596
TSK003434,S052,20.76098802,20.76098802
TSK003434,S053,9.59384367,9.59384367
TSK003434,S054,87.70132569,87.70132569
TSK003434,S055,22.89185346,22.89185346
TSK003434,S056,34.3808074,34.3808074
TSK003434,S057,9.59384367,9.59384367
TSK003434,S058,60.13226793,60.13226793
TSK003434,S059,23.32785573,23.32785573
TSK003434,S060,26.36267175,26.36267175
TSK003434,S061,23.75675812,23.75675812
TSK003434,S062,14.39337508,14.39337508
TSK003434,S063,22.642783,22.642783
TSK003434,S064,9.59384367,9.59384367
TSK003434,S065,65.98408389,65.98408389
TSK003434,S066,31.53323219,31.53323219
TSK003434,S067,24.59557623,24.59557623
TSK003434,S068,26.09856936,26.09856936
TSK003434,S069,23.75675812,23.75675812
TSK003434,S070,39.09837076,39.09837076
TSK003434,S071,20.6618372,20.6618372
TSK003434,S072,9.59384367,9.59384367
TSK003434,S073,36.40675091,36.40675091
TSK003434,S074,9.59384367,9.59384367
TSK003434,S075,9.59384367,9.59384367
TSK003434,S076,50.32629174,50.32629174
TSK003434,S077,9.59384367,9.59384367
TSK003434,S078,65.06302062,65.06302062
TSK003434,S079,27.13462643,27.13462643
TSK003434,S080,26.75161755,26.75161755
TSK003434,S081,97.40013704,97.40013704
TSK003434,S082,62.56218781,62.56218781
TSK003434,S083,9.59384367,9.59384367
TSK003434,S084,69.26887378,69.26887378
TSK003434,S085,46.64628966,46.64628966
TSK003434,S086,30.93937608,30.93937608
TSK003434,S087,9.59384367,9.59384367
TSK003434,S088,9.59384367,9.59384367
TSK003434,S089,51.1638952,51.1638952
TSK003434,S090,76.21301464,76.21301464
TSK003434,S091,36.23440204,36.23440204
TSK003434,S092,27.30221186,27.30221186
TSK003434,S093,33.16037043,33.16037043
TSK003434,S094,29.2707691,29.2707691
TSK003434,S095,33.77493634,33.77493634
TSK003434,S096,38.02221348,38.02221348
TSK003434,S097,46.64306538,46.64306538
TSK003434,S098,84.14460055,84.14460055
TSK003434,S099,47.15744698,47.15744698
TSK003434,S100,49.26688157,49.26688157
TSK003530,S001,9.48580201,9.48580201
TSK003530,S002,61.73022715,61.73022715
TSK003530,S003,33.68013441,33.68013441
TSK003530,S004,21.58101876,21.58101876
TSK003530,S005,9.48580201,9.48580201
TSK003530,S006,24.95790148,24.95790148
TSK003530,S007,9.48580201,9.48580201
TSK003530,S008,9.48580201,9.48580201
TSK003530,S009,16.92853586,16.92853586
TSK003530,S010,41.69953841,41.69953841
TSK003530,S011,19.09620483,19.09620483
TSK003530,S012,37.51418783,37.51418783
TSK003530,S013,18.64191029,18.64191029
TSK003530,S014,9.48580201,9.48580201
TSK003530,S015,37.51042489,37.51042489
TSK003530,S016,66.98192801,66.98192801
TSK003530,S017,22.22677108,22.22677108
TSK003530,S018,22.47053429,22.47053429
TSK003530,S019,9.48580201,9.48580201
TSK003530,S020,9.48580201,9.48580201
TSK003530,S021,33.68013441,33.68013441
TSK003530,S022,50.32501022,50.32501022
TSK003530,S023,51.54831536,51.54831536
TSK003530,S024,52.25066172,52.25066172
TSK003530,S025,24.33836997,24.33836997
TSK003530,S026,22.33854168,22.33854168
TSK003530,S027,26.81219556,26.81219556
TSK003530,S028,12.74446369,12.74446369
TSK003530,S029,41.38401902,41.38401902
TSK003530,S030,9.48580201,9.48580201
TSK003530,S031,23.91514351,23.91514351
TSK003530,S032,28.56663406,28.56663406
TSK003530,S033,35.02854259,35.02854259
TSK003530,S034,9.48580201,9.48580201
TSK003530,S035,29.12972039,29.12972039
TSK003530,S036,41.69953841,41.69953841
TSK003530,S037,16.8613679,16.8613679
TSK003530,S038,38.18459715,38.18459715
TSK003530,S039,56.89657044,56.89657044
TSK003530,S040,17.58517307,17.58517307
TSK003530,S041,77.42922188,77.42922188
TSK003530,S042,9.48580201,9.48580201
TSK003530,S043,33.92463024,33.92463024
TSK003530,S044,9.48580201,9.48580201
TSK003530,S045,28.54111188,28.54111188
TSK003530,S046,24.2412145,24.2412145
TSK003530,S047,9.48580201,9.48580201
TSK003530,S048,46.29507753,46.29507753
TSK003530,S049,22.98196452,22.98196452
TSK003530,S050,9.48580201,9.48580201
TSK003530,S051,49.8234112,49.8234112
TSK003530,S052,20.16862433,20.16862433
TSK003530,S053,9.48580201,9.48580201
TSK003530,S054,85.47952564,85.47952564
TSK003530,S055,22.47053429,22.47053429
TSK003530,S056,34.34491767,34.34491767
TSK003530,S057,9.48580201,9.48580201
TSK003530,S058,60.19893416,60.19893416
TSK003530,S059,22.9324307,22.9324307
TSK003530,S060,25.90224404,25.90224404
TSK003530,S061,22.9816979,22.9816979
TSK003530,S062,14.31391032,14.31391032
TSK003530,S063,22.33854168,22.33854168
TSK003530,S064,9.48580201,9.48580201
TSK003530,S065,65.00349737,65.00349737
TSK003530,S066,31.65078687,31.65078687
TSK003530,S067,24.33836997,24.33836997
TSK003530,S068,25.52351762,25.52351762
TSK003530,S069,22.9816979,22.9816979
TSK003530,S070,39.09939991,39.09939991
TSK003530,S071,20.40951405,20.40951405
TSK003530,S072,9.48580201,9.48580201
TSK003530,S073,35.58242316,35.58242316
TSK003530,S074,9.48580201,9.48580201
TSK003530,S075,9.48580201,9.48580201
TSK003530,S076,50.32501022,50.32501022
TSK003530,S077,9.48580201,9.48580201
TSK003530,S078,64.55265342,64.55265342
TSK003530,S079,26.74155062,26.74155062
TSK003530,S080,26.21138455,26.21138455
TSK003530,S081,97.58316637,97.58316637
TSK003530,S082,62.24398707,62.24398707
TSK003530,S083,9.48580201,9.48580201
TSK003530,S084,68.56401047,68.56401047
TSK003530,S085,45.99776537,45.99776537
TSK003530,S086,30.10664325,30.10664325
TSK003530,S087,9.48580201,9.48580201
TSK003530,S088,9.48580201,9.48580201
TSK003530,S089,51.14137442,51.14137442
TSK003530,S090,75.80847177,75.80847177
TSK003530,S091,35.02854259,35.02854259
TSK003530,S092,26.98382431,26.98382431
TSK003530,S093,32.9848427,32.9848427
TSK003530,S094,28.97290205,28.97290205
TSK003530,S095,33.57468151,33.57468151
TSK003530,S096,38.18459715,38.18459715
TSK003530,S097,46.91599007,46.91599007
TSK003530,S098,83.58556226,83.58556226
TSK003530,S099,46.16964885,46.16964885
TSK003530,S100,48.4705671,48.4705671
TSK003785,S001,5.28099506,5.28099506
TSK003785,S002,26.1244209,26.1244209
TSK003785,S003,14.93356128,14.93356128
TSK003785,S004,12.37714097,12.37714097
TSK003785,S005,5.28099506,5.28099506
TSK003785,S006,15.33130425,15.33130425
TSK003785,S007,5.28099506,5.28099506
TSK003785,S008,5.28099506,5.28099506
TSK003785,S009,9.46802039,9.46802039
TSK003785,S010,23.39316575,23.39316575
TSK003785,S011,10.85777306,10.85777306
TSK003785,S012,19.48793753,19.48793753
TSK003785,S013,10.98916199,10.98916199
TSK003785,S014,5.28099506,5.28099506
TSK003785,S015,21.48789184,21.48789184
TSK003785,S016,34.26947655,34.26947655
TSK003785,S017,12.13964912,12.13964912
TSK003785,S018,12.06736527,12.06736527
TSK003785,S019,5.28099506,5.28099506
TSK003785,S020,5.28099506,5.28099506
TSK003785,S021,14.93356128,14.93356128
TSK003785,S022,23.24799905,23.24799905
TSK003785,S023,24.40107503,24.40107503
TSK003785,S024,27.94532328,27.94532328
TSK003785,S025,12.83459046,12.83459046
TSK003785,S026,12.69187396,12.69187396
TSK003785,S027,15.20608465,15.20608465
TSK003785,S028,7.45812776,7.45812776
TSK003785,S029,22.85212319,22.85212319
TSK003785,S030,5.28099506,5.28099506
TSK003785,S031,12.73441812,12.73441812
TSK003785,S032,15.74863236,15.74863236
TSK003785,S033,19.71722704,19.71722704
TSK003785,S034,5.28099506,5.28099506
TSK003785,S035,16.69263541,16.69263541
TSK003785,S036,23.39316575,23.39316575
TSK003785,S037,10.1462048,10.1462048
TSK003785,S038,17.24345018,17.24345018
TSK003785,S039,27.84702532,27.84702532
TSK003785,S040,10.37597065,10.37597065
TSK003785,S041,36.32422395,36.32422395
TSK003785,S042,5.28099506,5.28099506
TSK003785,S043,18.4472273,18.4472273
TSK003785,S044,5.28099506,5.28099506
TSK003785,S045,15.65202552,15.65202552
TSK003785,S046,12.55483919,12.55483919
TSK003785,S047,5.28099506,5.28099506
TSK003785,S048,21.37014059,21.37014059
TSK003785,S049,13.99591252,13.99591252
TSK003785,S050,5.28099506,5.28099506
TSK003785,S051,23.55645688,23.55645688
TSK003785,S052,12.65604006,12.65604006
TSK003785,S053,5.28099506,5.28099506
TSK003785,S054,47.32341601,47.32341601
TSK003785,S055,12.06736527,12.06736527
TSK003785,S056,16.0614314,16.0614314
TSK003785,S057,5.28099506,5.28099506
TSK003785,S058,27.11516688,27.11516688
TSK003785,S059,12.53419561,12.53419561
TSK003785,S060,14.74043496,14.74043496
TSK003785,S061,14.29222419,14.29222419
TSK003785,S062,7.34772844,7.34772844
TSK003785,S063,12.69187396,12.69187396
TSK003785,S064,5.28099506,5.28099506
TSK003785,S065,33.32113296,33.32113296
TSK003785,S066,14.12393317,14.12393317
TSK003785,S067,12.83459046,12.83459046
TSK003785,S068,16.68180763,16.68180763
TSK003785,S069,14.29222419,14.29222419
TSK003785,S070,18.0221378,18.0221378
TSK003785,S071,11.07185461,11.07185461
TSK003785,S072,5.28099506,5.28099506
TSK003785,S073,19.6775933,19.6775933
TSK003785,S074,5.28099506,5.28099506
TSK003785,S075,5.28099506,5.28099506
TSK003785,S076,23.24799905,23.24799905
TSK003785,S077,5.28099506,5.28099506
TSK003785,S078,30.26104643,30.26104643
TSK003785,S079,14.97734834,14.97734834
TSK003785,S080,15.16013374,15.16013374
TSK003785,S081,43.82140659,43.82140659
TSK003785,S082,29.79728614,29.79728614
TSK003785,S083,5.28099506,5.28099506
TSK003785,S084,33.02528489,33.02528489
TSK003785,S085,25.69408297,25.69408297
TSK003785,S086,17.61284984,17.61284984
TSK003785,S087,5.28099506,5.28099506
TSK003785,S088,5.28099506,5.28099506
TSK003785,S089,23.93795078,23.93795078
TSK003785,S090,36.95512043,36.95512043
TSK003785,S091,19.71722704,19.71722704
TSK003785,S092,14.0305925,14.0305925
TSK003785,S093,16.19752023,16.19752023
TSK003785,S094,15.57490675,15.57490675
TSK003785,S095,15.94648319,15.94648319
TSK003785,S096,17.24345018,17.24345018
TSK003785,S097,20.21413572,20.21413572
TSK003785,S098,42.50359298,42.50359298
TSK003785,S099,24.57766543,24.57766543
TSK003785,S100,25.38889962,25.38889962
TSK003879,S001,1.2177292,1.2177292
TSK003879,S002,3.91078679,3.91078679
TSK003879,S003,2.46488103,2.46488103
TSK003879,S004,2.89266481,2.89266481
TSK003879,S005,1.2177292,1.2177292
TSK003879,S006,3.31437284,3.31437284
TSK003879,S007,1.2177292,1.2177292
TSK003879,S008,1.2177292,1.2177292
TSK003879,S009,2.12750816,2.12750816
TSK003879,S010,4.73987712,4.73987712
TSK003879,S011,2.5416682,2.5416682
TSK003879,S012,3.93860541,3.93860541
TSK003879,S013,2.54791004,2.54791004
TSK003879,S014,1.2177292,1.2177292
TSK003879,S015,5.931258,5.931258
TSK003879,S016,6.80124731,6.80124731
TSK003879,S017,2.63583387,2.63583387
TSK003879,S018,2.36092109,2.36092109
TSK003879,S019,1.2177292,1.2177292
TSK003879,S020,1.2177292,1.2177292
TSK003879,S021,2.46488103,2.46488103
TSK003879,S022,4.02869898,4.02869898
TSK003879,S023,4.50655492,4.50655492
TSK003879,S024,6.39271132,6.39271132
TSK003879,S025,2.67001482,2.67001482
TSK003879,S026,2.97174929,2.97174929
TSK003879,S027,3.25496906,3.25496906
TSK003879,S028,1.68321241,1.68321241
TSK003879,S029,4.46423245,4.46423245
TSK003879,S030,1.2177292,1.2177292
TSK003879,S031,2.77438461,2.77438461
TSK003879,S032,3.2749329,3.2749329
TSK003879,S033,3.54127171,3.54127171
TSK003879,S034,1.2177292,1.2177292
TSK003879,S035,3.58750733,3.58750733
TSK003879,S036,4.73987712,4.73987712
TSK003879,S037,2.38761418,2.38761418
TSK003879,S038,3.01285982,3.01285982
TSK003879,S039,5.0402335,5.0402335
TSK003879,S040,2.43971452,2.43971452
TSK003879,S041,6.25596184,6.25596184
TSK003879,S042,1.2177292,1.2177292
TSK003879,S043,3.65014267,3.65014267
TSK003879,S044,1.2177292,1.2177292
TSK003879,S045,3.24221877,3.24221877
TSK003879,S046,2.46219563,2.46219563
TSK003879,S047,1.2177292,1.2177292
TSK003879,S048,3.69847895,3.69847895
TSK003879,S049,3.66127329,3.66127329
TSK003879,S050,1.2177292,1.2177292
TSK003879,S051,3.89765951,3.89765951
TSK003879,S052,3.05583175,3.05583175
TSK003879,S053,1.2177292,1.2177292
TSK003879,S054,9.09166851,9.09166851
TSK003879,S055,2.36092109,2.36092109
TSK003879,S056,2.83336142,2.83336142
TSK003879,S057,1.2177292,1.2177292
TSK003879,S058,4.44468425,4.44468425
TSK003879,S059,2.60393987,2.60393987
TSK003879,S060,3.31499582,3.31499582
TSK003879,S061,3.25859907,3.25859907
TSK003879,S062,1.53318107,1.53318107
TSK003879,S063,2.97174929,2.97174929
TSK003879,S064,1.2177292,1.2177292
TSK003879,S065,6.08545412,6.08545412
TSK003879,S066,2.3602737,2.3602737
TSK003879,S067,2.67001482,2.67001482
TSK003879,S068,4.5535873,4.5535873
TSK003879,S069,3.25859907,3.25859907
TSK003879,S070,3.10579738,3.10579738
TSK003879,S071,2.39719578,2.39719578
TSK003879,S072,1.2177292,1.2177292
TSK003879,S073,3.9071643,3.9071643
TSK003879,S074,1.2177292,1.2177292
TSK003879,S075,1.2177292,1.2177292
TSK003879,S076,4.02869898,4.02869898
TSK003879,S077,1.2177292,1.2177292
TSK003879,S078,4.7702474,4.7702474
TSK003879,S079,3.37253899,3.37253899
TSK003879,S080,3.41735089,3.41735089
TSK003879,S081,7.2178627,7.2178627
TSK003879,S082,5.2534745,5.2534745
TSK003879,S083,1.2177292,1.2177292
TSK003879,S084,5.43979979,5.43979979
TSK003879,S085,5.79275248,5.79275248
TSK003879,S086,3.77020743,3.77020743
TSK003879,S087,1.2177292,1.2177292
TSK003879,S088,1.2177292,1.2177292
TSK003879,S089,4.27578559,4.27578559
TSK003879,S090,6.82252318,6.82252318
TSK003879,S091,3.54127171,3.54127171
TSK003879,S092,2.78084362,2.78084362
TSK003879,S093,3.04871861,3.04871861
TSK003879,S094,3.38937045,3.38937045
TSK003879,S095,2.70964062,2.70964062
TSK003879,S096,3.01285982,3.01285982
TSK003879,S097,3.14715328,3.14715328
TSK003879,S098,8.55178157,8.55178157
TSK003879,S099,4.53825858,4.53825858
TSK003879,S100,4.81427939,4.81427939
TSK003975,S001,24.84169754,24.84169754
TSK003975,S002,182.2036033,182.2036033
TSK003975,S003,97.71581273,97.71581273
TSK003975,S004,55.55750736,55.55750736
TSK003975,S005,24.84169754,24.84169754
TSK003975,S006,61.16950957,61.16950957
TSK003975,S007,24.84169754,24.84169754
TSK003975,S008,24.84169754,24.84169754
TSK003975,S009,44.15536452,44.15536452
TSK003975,S010,108.03514507,108.03514507
TSK003975,S011,49.42463804,49.42463804
TSK003975,S012,101.52149496,101.52149496
TSK003975,S013,47.15006631,47.15006631
TSK003975,S014,24.84169754,24.84169754
TSK003975,S015,97.57715042,97.57715042
TSK003975,S016,182.60564775,182.60564775
TSK003975,S017,58.68573605,58.68573605
TSK003975,S018,59.6301213,59.6301213
TSK003975,S019,24.84169754,24.84169754
TSK003975,S020,24.84169754,24.84169754
TSK003975,S021,97.71581273,97.71581273
TSK003975,S022,143.56585129,143.56585129
TSK003975,S023,145.68729516,145.68729516
TSK003975,S024,139.93773677,139.93773677
TSK003975,S025,65.41061935,65.41061935
TSK003975,S026,57.84318559,57.84318559
TSK003975,S027,69.18649652,69.18649652
TSK003975,S028,32.33669164,32.33669164
TSK003975,S029,108.06021406,108.06021406
TSK003975,S030,24.84169754,24.84169754
TSK003975,S031,64.06079562,64.06079562
TSK003975,S032,74.86962031,74.86962031
TSK003975,S033,90.09645018,90.09645018
TSK003975,S034,24.84169754,24.84169754
TSK003975,S035,74.70362174,74.70362174
TSK003975,S036,108.03514507,108.03514507
TSK003975,S037,42.11338658,42.11338658
TSK003975,S038,110.07384947,110.07384947
TSK003975,S039,158.13110856,158.13110856
TSK003975,S040,44.48567137,44.48567137
TSK003975,S041,219.28354244,219.28354244
TSK003975,S042,24.84169754,24.84169754
TSK003975,S043,89.42948167,89.42948167
TSK003975,S044,24.84169754,24.84169754
TSK003975,S045,75.01921921,75.01921921
TSK003975,S046,65.63004088,65.63004088
TSK003975,S047,24.84169754,24.84169754
TSK003975,S048,132.11003803,132.11003803
TSK003975,S049,57.32256531,57.32256531
TSK003975,S050,24.84169754,24.84169754
TSK003975,S051,140.42181649,140.42181649
TSK003975,S052,49.02326002,49.02326002
TSK003975,S053,24.84169754,24.84169754
TSK003975,S054,222.70123813,222.70123813
TSK003975,S055,59.6301213,59.6301213
TSK003975,S056,97.47918472,97.47918472
TSK003975,S057,24.84169754,24.84169754
TSK003975,S058,173.42623608,173.42623608
TSK003975,S059,60.40174493,60.40174493
TSK003975,S060,66.86405154,66.86405154
TSK003975,S061,56.01609762,56.01609762
TSK003975,S062,39.03200089,39.03200089
TSK003975,S063,57.84318559,57.84318559
TSK003975,S064,24.84169754,24.84169754
TSK003975,S065,176.48702544,176.48702544
TSK003975,S066,91.60335199,91.60335199
TSK003975,S067,65.41061935,65.41061935
TSK003975,S068,60.75608492,60.75608492
TSK003975,S069,56.01609762,56.01609762
TSK003975,S070,111.63680523,111.63680523
TSK003975,S071,54.08917584,54.08917584
TSK003975,S072,24.84169754,24.84169754
TSK003975,S073,92.89540999,92.89540999
TSK003975,S074,24.84169754,24.84169754
TSK003975,S075,24.84169754,24.84169754
TSK003975,S076,143.56585129,143.56585129
TSK003975,S077,24.84169754,24.84169754
TSK003975,S078,182.42208549,182.42208549
TSK003975,S079,69.70038203,69.70038203
TSK003975,S080,66.99655656,66.99655656
TSK003975,S081,281.53675341,281.53675341
TSK003975,S082,174.72190623,174.72190623
TSK003975,S083,24.84169754,24.84169754
TSK003975,S084,191.49593587,191.49593587
TSK003975,S085,120.08656554,120.08656554
TSK003975,S086,76.19351556,76.19351556
TSK003975,S087,24.84169754,24.84169754
TSK003975,S088,24.84169754,24.84169754
TSK003975,S089,145.14556024,145.14556024
TSK003975,S090,211.24685989,211.24685989
TSK003975,S091,90.09645018,90.09645018
TSK003975,S092,72.93105548,72.93105548
TSK003975,S093,91.64437595,91.64437595
TSK003975,S094,77.19662652,77.19662652
TSK003975,S095,94.49568041,94.49568041
TSK003975,S096,110.07384947,110.07384947
TSK003975,S097,137.58263995,137.58263995
TSK003975,S098,228.71858556,228.71858556
TSK003975,S099,122.8463885,122.8463885
TSK003975,S100,130.25986584,130.25986584
TSK004016,S001,2.01599042,2.01599042
TSK004016,S002,6.21934382,6.21934382
TSK004016,S003,3.96255848,3.96255848
TSK004016,S004,4.83084894,4.83084894
TSK004016,S005,2.01599042,2.01599042
TSK004016,S006,5.86518208,5.86518208
TSK004016,S007,2.01599042,2.01599042
TSK004016,S008,2.01599042,2.01599042
TSK004016,S009,3.56135882,3.56135882
TSK004016,S010,8.24893362,8.24893362
TSK004016,S011,4.22617271,4.22617271
TSK004016,S012,6.58873989,6.58873989
TSK004016,S013,4.31782707,4.31782707
TSK004016,S014,2.01599042,2.01599042
TSK004016,S015,9.37291712,9.37291712
TSK004016,S016,11.35099697,11.35099697
TSK004016,S017,4.41493935,4.41493935
TSK004016,S018,4.06943622,4.06943622
TSK004016,S019,2.01599042,2.01599042
TSK004016,S020,2.01599042,2.01599042
TSK004016,S021,3.96255848,3.96255848
TSK004016,S022,6.58392326,6.58392326
TSK004016,S023,7.33812433,7.33812433
TSK004016,S024,10.41077655,10.41077655
TSK004016,S025,4.4582593,4.4582593
TSK004016,S026,4.93923977,4.93923977
TSK004016,S027,5.58022147,5.58022147
TSK004016,S028,2.87124055,2.87124055
TSK004016,S029,7.8136894,7.8136894
TSK004016,S030,2.01599042,2.01599042
TSK004016,S031,4.5827123,4.5827123
TSK004016,S032,5.59633618,5.59633618
TSK004016,S033,6.47007941,6.47007941
TSK004016,S034,2.01599042,2.01599042
TSK004016,S035,6.17113279,6.17113279
TSK004016,S036,8.24893362,8.24893362
TSK004016,S037,4.05927719,4.05927719
TSK004016,S038,4.82620807,4.82620807
TSK004016,S039,8.4519369,8.4519369
TSK004016,S040,4.11552084,4.11552084
TSK004016,S041,10.36283223,10.36283223
TSK004016,S042,2.01599042,2.01599042
TSK004016,S043,6.30734322,6.30734322
TSK004016,S044,2.01599042,2.01599042
TSK004016,S045,5.5335739,5.5335739
TSK004016,S046,4.15562462,4.15562462
TSK004016,S047,2.01599042,2.01599042
TSK004016,S048,6.04343715,6.04343715
TSK004016,S049,6.027158,6.027158
TSK004016,S050,2.01599042,2.01599042
TSK004016,S051,6.58501135,6.58501135
TSK004016,S052,5.23262898,5.23262898
TSK004016,S053,2.01599042,2.01599042
TSK004016,S054,16.0359028,16.0359028
TSK004016,S055,4.06943622,4.06943622
TSK004016,S056,4.6446738,4.6446738
TSK004016,S057,2.01599042,2.01599042
TSK004016,S058,7.25492933,7.25492933
TSK004016,S059,4.43202582,4.43202582
TSK004016,S060,5.59199985,5.59199985
TSK004016,S061,5.679501,5.679501
TSK004016,S062,2.52005283,2.52005283
TSK004016,S063,4.93923977,4.93923977
TSK004016,S064,2.01599042,2.01599042
TSK004016,S065,10.4745003,10.4745003
TSK004016,S066,3.79928623,3.79928623
TSK004016,S067,4.4582593,4.4582593
TSK004016,S068,7.57368538,7.57368538
TSK004016,S069,5.679501,5.679501
TSK004016,S070,5.07658149,5.07658149
TSK004016,S071,4.00569361,4.00569361
TSK004016,S072,2.01599042,2.01599042
TSK004016,S073,6.80211911,6.80211911
TSK004016,S074,2.01599042,2.01599042
TSK004016,S075,2.01599042,2.01599042
TSK004016,S076,6.58392326,6.58392326
TSK004016,S077,2.01599042,2.01599042
TSK004016,S078,8.14755686,8.14755686
TSK004016,S079,5.64503703,5.64503703
TSK004016,S080,5.80190699,5.80190699
TSK004016,S081,11.73378691,11.73378691
TSK004016,S082,8.75801897,8.75801897
TSK004016,S083,2.01599042,2.01599042
TSK004016,S084,9.33135043,9.33135043
TSK004016,S085,9.67997023,9.67997023
TSK004016,S086,6.55659354,6.55659354
TSK004016,S087,2.01599042,2.01599042
TSK004016,S088,2.01599042,2.01599042
TSK004016,S089,6.98462378,6.98462378
TSK004016,S090,11.33238268,11.33238268
TSK004016,S091,6.47007941,6.47007941
TSK004016,S092,4.68640734,4.68640734
TSK004016,S093,5.0543593,5.0543593
TSK004016,S094,5.62784422,5.62784422
TSK004016,S095,4.55019782,4.55019782
TSK004016,S096,4.82620807,4.82620807
TSK004016,S097,5.02745639,5.02745639
TSK004016,S098,14.15513175,14.15513175
TSK004016,S099,7.95430531,7.95430531
TSK004016,S100,8.27813443,8.27813443
TSK004030,S001,2.32537982,2.32537982
TSK004030,S002,7.14740861,7.14740861
TSK004030,S003,4.55845573,4.55845573
TSK004030,S004,5.57657006,5.57657006
TSK004030,S005,2.32537982,2.32537982
TSK004030,S006,6.80443685,6.80443685
TSK004030,S007,2.32537982,2.32537982
TSK004030,S008,2.32537982,2.32537982
TSK004030,S009,4.11196975,4.11196975
TSK004030,S010,9.5564789,9.5564789
TSK004030,S011,4.87665386,4.87665386
TSK004030,S012,7.60696292,7.60696292
TSK004030,S013,4.99079142,4.99079142
TSK004030,S014,2.32537982,2.32537982
TSK004030,S015,10.76514422,10.76514422
TSK004030,S016,13.10245947,13.10245947
TSK004030,S017,5.09779258,5.09779258
TSK004030,S018,4.71061265,4.71061265
TSK004030,S019,2.32537982,2.32537982
TSK004030,S020,2.32537982,2.32537982
TSK004030,S021,4.55845573,4.55845573
TSK004030,S022,7.58547028,7.58547028
TSK004030,S023,8.45159696,8.45159696
TSK004030,S024,11.99063278,11.99063278
TSK004030,S025,5.14638745,5.14638745
TSK004030,S026,5.69926275,5.69926275
TSK004030,S027,6.4564281,6.4564281
TSK004030,S028,3.3206427,3.3206427
TSK004030,S029,9.05662218,9.05662218
TSK004030,S030,2.32537982,2.32537982
TSK004030,S031,5.28493702,5.28493702
TSK004030,S032,6.47326291,6.47326291
TSK004030,S033,7.52589612,7.52589612
TSK004030,S034,2.32537982,2.32537982
TSK004030,S035,7.14220515,7.14220515
TSK004030,S036,9.5564789,9.5564789
TSK004030,S037,4.69326893,4.69326893
TSK004030,S038,5.55014023,5.55014023
TSK004030,S039,9.76018027,9.76018027
TSK004030,S040,4.75503793,4.75503793
TSK004030,S041,11.95380115,11.95380115
TSK004030,S042,2.32537982,2.32537982
TSK004030,S043,7.30268505,7.30268505
TSK004030,S044,2.32537982,2.32537982
TSK004030,S045,6.39997817,6.39997817
TSK004030,S046,4.80159502,4.80159502
TSK004030,S047,2.32537982,2.32537982
TSK004030,S048,6.96267916,6.96267916
TSK004030,S049,6.94859219,6.94859219
TSK004030,S050,2.32537982,2.32537982
TSK004030,S051,7.60929266,7.60929266
TSK004030,S052,6.05363716,6.05363716
TSK004030,S053,2.32537982,2.32537982
TSK004030,S054,18.59878214,18.59878214
TSK004030,S055,4.71061265,4.71061265
TSK004030,S056,5.35271486,5.35271486
TSK004030,S057,2.32537982,2.32537982
TSK004030,S058,8.35762503,8.35762503
TSK004030,S059,5.12473512,5.12473512
TSK004030,S060,6.46094715,6.46094715
TSK004030,S061,6.58059785,6.58059785
TSK004030,S062,2.90491793,2.90491793
TSK004030,S063,5.69926275,5.69926275
TSK004030,S064,2.32537982,2.32537982
TSK004030,S065,12.12338288,12.12338288
TSK004030,S066,4.37115207,4.37115207
TSK004030,S067,5.14638745,5.14638745
TSK004030,S068,8.73963169,8.73963169
TSK004030,S069,6.58059785,6.58059785
TSK004030,S070,5.84892751,5.84892751
TSK004030,S071,4.62427389,4.62427389
TSK004030,S072,2.32537982,2.32537982
TSK004030,S073,7.88056274,7.88056274
TSK004030,S074,2.32537982,2.32537982
TSK004030,S075,2.32537982,2.32537982
TSK004030,S076,7.58547028,7.58547028
TSK004030,S077,2.32537982,2.32537982
TSK004030,S078,9.42384676,9.42384676
TSK004030,S079,6.51775301,6.51775301
TSK004030,S080,6.70725559,6.70725559
TSK004030,S081,13.51222606,13.51222606
TSK004030,S082,10.1083769,10.1083769
TSK004030,S083,2.32537982,2.32537982
TSK004030,S084,10.7971113,10.7971113
TSK004030,S085,11.17483603,11.17483603
TSK004030,S086,7.59541215,7.59541215
TSK004030,S087,2.32537982,2.32537982
TSK004030,S088,2.32537982,2.32537982
TSK004030,S089,8.04680013,8.04680013
TSK004030,S090,13.075416,13.075416
TSK004030,S091,7.52589612,7.52589612
TSK004030,S092,5.41417219,5.41417219
TSK004030,S093,5.8307757,5.8307757
TSK004030,S094,6.49325789,6.49325789
TSK004030,S095,5.25516157,5.25516157
TSK004030,S096,5.55014023,5.55014023
TSK004030,S097,5.78009186,5.78009186
TSK004030,S098,16.32721581,16.32721581
TSK004030,S099,9.22068774,9.22068774
TSK004030,S100,9.58043413,9.58043413
TSK004260,S001,8.38745542,8.38745542
TSK004260,S002,53.13841762,53.13841762
TSK004260,S003,29.11157387,29.11157387
TSK004260,S004,19.12462524,19.12462524
TSK004260,S005,8.38745542,8.38745542
TSK004260,S006,22.09110604,22.09110604
TSK004260,S007,8.38745542,8.38745542
TSK004260,S008,8.38745542,8.38745542
TSK004260,S009,14.95007937,14.95007937
TSK004260,S010,36.63073276,36.63073276
TSK004260,S011,16.91697583,16.91697583
TSK004260,S012,32.8492684,32.8492684
TSK004260,S013,16.53503977,16.53503977
TSK004260,S014,8.38745542,8.38745542
TSK004260,S015,33.59192307,33.59192307
TSK004260,S016,58.57020957,58.57020957
TSK004260,S017,19.57198318,19.57198318
TSK004260,S018,19.67154229,19.67154229
TSK004260,S019,8.38745542,8.38745542
TSK004260,S020,8.38745542,8.38745542
TSK004260,S021,29.11157387,29.11157387
TSK004260,S022,43.61992087,43.61992087
TSK004260,S023,44.81958834,44.81958834
TSK004260,S024,46.09419333,46.09419333
TSK004260,S025,21.35376815,21.35376815
TSK004260,S026,19.78886279,19.78886279
TSK004260,S027,23.63121522,23.63121522
TSK004260,S028,11.28209712,11.28209712
TSK004260,S029,36.26552204,36.26552204
TSK004260,S030,8.38745542,8.38745542
TSK004260,S031,21.03927493,21.03927493
TSK004260,S032,25.10883186,25.10883186
TSK004260,S033,30.59880885,30.59880885
TSK004260,S034,8.38745542,8.38745542
TSK004260,S035,25.6912846,25.6912846
TSK004260,S036,36.63073276,36.63073276
TSK004260,S037,14.98511891,14.98511891
TSK004260,S038,33.08545017,33.08545017
TSK004260,S039,49.48276967,49.48276967
TSK004260,S040,15.61166267,15.61166267
TSK004260,S041,67.12752997,67.12752997
TSK004260,S042,8.38745542,8.38745542
TSK004260,S043,29.72901955,29.72901955
TSK004260,S044,8.38745542,8.38745542
TSK004260,S045,25.07597587,25.07597587
TSK004260,S046,21.19515476,21.19515476
TSK004260,S047,8.38745542,8.38745542
TSK004260,S048,40.12418928,40.12418928
TSK004260,S049,20.58030378,20.58030378
TSK004260,S050,8.38745542,8.38745542
TSK004260,S051,43.14242491,43.14242491
TSK004260,S052,17.99477853,17.99477853
TSK004260,S053,8.38745542,8.38745542
TSK004260,S054,74.85530203,74.85530203
TSK004260,S055,19.67154229,19.67154229
TSK004260,S056,29.79882442,29.79882442
TSK004260,S057,8.38745542,8.38745542
TSK004260,S058,52.04252255,52.04252255
TSK004260,S059,20.14837279,20.14837279
TSK004260,S060,22.89469856,22.89469856
TSK004260,S061,20.41969985,20.41969985
TSK004260,S062,12.54696584,12.54696584
TSK004260,S063,19.78886279,19.78886279
TSK004260,S064,8.38745542,8.38745542
TSK004260,S065,56.63950048,56.63950048
TSK004260,S066,27.37329739,27.37329739
TSK004260,S067,21.35376815,21.35376815
TSK004260,S068,23.02974096,23.02974096
TSK004260,S069,20.41969985,20.41969985
TSK004260,S070,33.8811037,33.8811037
TSK004260,S071,17.96384086,17.96384086
TSK004260,S072,8.38745542,8.38745542
TSK004260,S073,31.20777492,31.20777492
TSK004260,S074,8.38745542,8.38745542
TSK004260,S075,8.38745542,8.38745542
TSK004260,S076,43.61992087,43.61992087
TSK004260,S077,8.38745542,8.38745542
TSK004260,S078,55.79160225,55.79160225
TSK004260,S079,23.62051607,23.62051607
TSK004260,S080,23.18895242,23.18895242
TSK004260,S081,84.36839568,84.36839568
TSK004260,S082,54.04150745,54.04150745
TSK004260,S083,8.38745542,8.38745542
TSK004260,S084,59.39116938,59.39116938
TSK004260,S085,40.627036,40.627036
TSK004260,S086,26.57213466,26.57213466
TSK004260,S087,8.38745542,8.38745542
TSK004260,S088,8.38745542,8.38745542
TSK004260,S089,44.39373728,44.39373728
TSK004260,S090,65.97394865,65.97394865
TSK004260,S091,30.59880885,30.59880885
TSK004260,S092,23.60793148,23.60793148
TSK004260,S093,28.73526122,28.73526122
TSK004260,S094,25.49775021,25.49775021
TSK004260,S095,29.10380033,29.10380033
TSK004260,S096,33.08545017,33.08545017
TSK004260,S097,40.44899934,40.44899934
TSK004260,S098,73.11740746,73.11740746
TSK004260,S099,40.30026452,40.30026452
TSK004260,S100,42.33373066,42.33373066
TSK004292,S001,8.28846971,8.28846971
TSK004292,S002,53.03943191,53.03943191
TSK004292,S003,29.01258815,29.01258815
TSK004292,S004,18.85349045,18.85349045
TSK004292,S005,8.28846971,8.28846971
TSK004292,S006,21.49719174,21.49719174
TSK004292,S007,8.28846971,8.28846971
TSK004292,S008,8.28846971,8.28846971
TSK004292,S009,14.74350049,14.74350049
TSK004292,S010,35.90053378,35.90053378
TSK004292,S011,16.69461661,16.69461661
TSK004292,S012,32.47054044,32.47054044
TSK004292,S013,16.24238635,16.24238635
TSK004292,S014,8.28846971,8.28846971
TSK004292,S015,33.49293735,33.49293735
TSK004292,S016,57.9389963,57.9389963
TSK004292,S017,19.31375958,19.31375958
TSK004292,S018,19.3415899,19.3415899
TSK004292,S019,8.28846971,8.28846971
TSK004292,S020,8.28846971,8.28846971
TSK004292,S021,29.01258815,29.01258815
TSK004292,S022,43.36600099,43.36600099
TSK004292,S023,44.55849559,44.55849559
TSK004292,S024,45.72263825,45.72263825
TSK004292,S025,21.10415199,21.10415199
TSK004292,S026,19.53063918,19.53063918
TSK004292,S027,23.20227711,23.20227711
TSK004292,S028,11.07264909,11.07264909
TSK004292,S029,35.53962678,35.53962678
TSK004292,S030,8.28846971,8.28846971
TSK004292,S031,20.82265402,20.82265402
TSK004292,S032,24.69280494,24.69280494
TSK004292,S033,29.78970821,29.78970821
TSK004292,S034,8.28846971,8.28846971
TSK004292,S035,25.20065974,25.20065974
TSK004292,S036,35.90053378,35.90053378
TSK004292,S037,14.69963836,14.69963836
TSK004292,S038,32.97929158,32.97929158
TSK004292,S039,48.98066821,48.98066821
TSK004292,S040,15.34770076,15.34770076
TSK004292,S041,66.61395191,66.61395191
TSK004292,S042,8.28846971,8.28846971
TSK004292,S043,29.20539946,29.20539946
TSK004292,S044,8.28846971,8.28846971
TSK004292,S045,24.66999097,24.66999097
TSK004292,S046,20.92688913,20.92688913
TSK004292,S047,8.28846971,8.28846971
TSK004292,S048,39.89178803,39.89178803
TSK004292,S049,20.31203815,20.31203815
TSK004292,S050,8.28846971,8.28846971
TSK004292,S051,42.71205223,42.71205223
TSK004292,S052,17.59740109,17.59740109
TSK004292,S053,8.28846971,8.28846971
TSK004292,S054,73.27153056,73.27153056
TSK004292,S055,19.3415899,19.3415899
TSK004292,S056,29.60802587,29.60802587
TSK004292,S057,8.28846971,8.28846971
TSK004292,S058,51.76995318,51.76995318
TSK004292,S059,19.83276616,19.83276616
TSK004292,S060,22.53605466,22.53605466
TSK004292,S061,19.91042551,19.91042551
TSK004292,S062,12.43793809,12.43793809
TSK004292,S063,19.53063918,19.53063918
TSK004292,S064,8.28846971,8.28846971
TSK004292,S065,55.80170833,55.80170833
TSK004292,S066,27.27431168,27.27431168
TSK004292,S067,21.10415199,21.10415199
TSK004292,S068,22.62949436,22.62949436
TSK004292,S069,19.91042551,19.91042551
TSK004292,S070,33.68456684,33.68456684
TSK004292,S071,17.73717792,17.73717792
TSK004292,S072,8.28846971,8.28846971
TSK004292,S073,30.60381859,30.60381859
TSK004292,S074,8.28846971,8.28846971
TSK004292,S075,8.28846971,8.28846971
TSK004292,S076,43.36600099,43.36600099
TSK004292,S077,8.28846971,8.28846971
TSK004292,S078,55.18908049,55.18908049
TSK004292,S079,23.29343284,23.29343284
TSK004292,S080,22.78727126,22.78727126
TSK004292,S081,83.96671451,83.96671451
TSK004292,S082,53.5623592,53.5623592
TSK004292,S083,8.28846971,8.28846971
TSK004292,S084,58.66957785,58.66957785
TSK004292,S085,40.07902812,40.07902812
TSK004292,S086,25.99543527,25.99543527
TSK004292,S087,8.28846971,8.28846971
TSK004292,S088,8.28846971,8.28846971
TSK004292,S089,44.12690622,44.12690622
TSK004292,S090,65.38720723,65.38720723
TSK004292,S091,29.78970821,29.78970821
TSK004292,S092,23.31097433,23.31097433
TSK004292,S093,28.48134134,28.48134134
TSK004292,S094,25.20796593,25.20796593
TSK004292,S095,28.82836181,28.82836181
TSK004292,S096,32.97929158,32.97929158
TSK004292,S097,40.35001362,40.35001362
TSK004292,S098,72.42450744,72.42450744
TSK004292,S099,39.55285063,39.55285063
TSK004292,S100,41.67812961,41.67812961
TSK004342,S001,0.10071586,0.10071586
TSK004342,S002,0.30087555,0.30087555
TSK004342,S003,0.19340958,0.19340958
TSK004342,S004,0.24295904,0.24295904
TSK004342,S005,0.10071586,0.10071586
TSK004342,S006,0.3075923,0.3075923
TSK004342,S007,0.10071586,0.10071586
TSK004342,S008,0.10071586,0.10071586
TSK004342,S009,0.17943127,0.17943127
TSK004342,S010,0.42759776,0.42759776
TSK004342,S011,0.21184095,0.21184095
TSK004342,S012,0.33179456,0.33179456
TSK004342,S013,0.21955471,0.21955471
TSK004342,S014,0.10071586,0.10071586
TSK004342,S015,0.45104571,0.45104571
TSK004342,S016,0.57059874,0.57059874
TSK004342,S017,0.22253865,0.22253865
TSK004342,S018,0.20950374,0.20950374
TSK004342,S019,0.10071586,0.10071586
TSK004342,S020,0.10071586,0.10071586
TSK004342,S021,0.19340958,0.19340958
TSK004342,S022,0.32561854,0.32561854
TSK004342,S023,0.36187464,0.36187464
TSK004342,S024,0.51345455,0.51345455
TSK004342,S025,0.22419139,0.22419139
TSK004342,S026,0.24750533,0.24750533
TSK004342,S027,0.28616221,0.28616221
TSK004342,S028,0.1467052,0.1467052
TSK004342,S029,0.40666679,0.40666679
TSK004342,S030,0.10071586,0.10071586
TSK004342,S031,0.22854561,0.22854561
TSK004342,S032,0.28631441,0.28631441
TSK004342,S033,0.3466498,0.3466498
TSK004342,S034,0.10071586,0.10071586
TSK004342,S035,0.31724,0.31724
TSK004342,S036,0.42759776,0.42759776
TSK004342,S037,0.20690105,0.20690105
TSK004342,S038,0.23487751,0.23487751
TSK004342,S039,0.42639654,0.42639654
TSK004342,S040,0.20855403,0.20855403
TSK004342,S041,0.51793838,0.51793838
TSK004342,S042,0.10071586,0.10071586
TSK004342,S043,0.32529832,0.32529832
TSK004342,S044,0.10071586,0.10071586
TSK004342,S045,0.28284726,0.28284726
TSK004342,S046,0.21066879,0.21066879
TSK004342,S047,0.10071586,0.10071586
TSK004342,S048,0.29885582,0.29885582
TSK004342,S049,0.29978943,0.29978943
TSK004342,S050,0.10071586,0.10071586
TSK004342,S051,0.3340777,0.3340777
TSK004342,S052,0.26810644,0.26810644
TSK004342,S053,0.10071586,0.10071586
TSK004342,S054,0.83907552,0.83907552
TSK004342,S055,0.20950374,0.20950374
TSK004342,S056,0.23026582,0.23026582
TSK004342,S057,0.10071586,0.10071586
TSK004342,S058,0.35845979,0.35845979
TSK004342,S059,0.22608639,0.22608639
TSK004342,S060,0.28337382,0.28337382
TSK004342,S061,0.29471755,0.29471755
TSK004342,S062,0.1251973,0.1251973
TSK004342,S063,0.24750533,0.24750533
TSK004342,S064,0.10071586,0.10071586
TSK004342,S065,0.53870356,0.53870356
TSK004342,S066,0.18563471,0.18563471
TSK004342,S067,0.22419139,0.22419139
TSK004342,S068,0.37972202,0.37972202
TSK004342,S069,0.29471755,0.29471755
TSK004342,S070,0.25110626,0.25110626
TSK004342,S071,0.201547,0.201547
TSK004342,S072,0.10071586,0.10071586
TSK004342,S073,0.35268681,0.35268681
TSK004342,S074,0.10071586,0.10071586
TSK004342,S075,0.10071586,0.10071586
TSK004342,S076,0.32561854,0.32561854
TSK004342,S077,0.10071586,0.10071586
TSK004342,S078,0.41668693,0.41668693
TSK004342,S079,0.28439564,0.28439564
TSK004342,S080,0.29541997,0.29541997
TSK004342,S081,0.57789044,0.57789044
TSK004342,S082,0.43987824,0.43987824
TSK004342,S083,0.10071586,0.10071586
TSK004342,S084,0.4787313,0.4787313
TSK004342,S085,0.4870616,0.4870616
TSK004342,S086,0.33969642,0.33969642
TSK004342,S087,0.10071586,0.10071586
TSK004342,S088,0.10071586,0.10071586
TSK004342,S089,0.34531469,0.34531469
TSK004342,S090,0.56759342,0.56759342
TSK004342,S091,0.3466498,0.3466498
TSK004342,S092,0.23731121,0.23731121
TSK004342,S093,0.25278216,0.25278216
TSK004342,S094,0.28179978,0.28179978
TSK004342,S095,0.22979976,0.22979976
TSK004342,S096,0.23487751,0.23487751
TSK004342,S097,0.244119,0.244119
TSK004342,S098,0.70706812,0.70706812
TSK004342,S099,0.41438807,0.41438807
TSK004342,S100,0.42543395,0.42543395
TSK004354,S001,7.96553096,7.96553096
TSK004354,S002,52.71649316,52.71649316
TSK004354,S003,28.6896494,28.6896494
TSK004354,S004,17.9689191,17.9689191
TSK004354,S005,7.96553096,7.96553096
TSK004354,S006,19.55955925,19.55955925
TSK004354,S007,7.96553096,7.96553096
TSK004354,S008,7.96553096,7.96553096
TSK004354,S009,14.06954136,14.06954136
TSK004354,S010,33.51827547,33.51827547
TSK004354,S011,15.96917449,15.96917449
TSK004354,S012,31.2349487,31.2349487
TSK004354,S013,15.28761091,15.28761091
TSK004354,S014,7.96553096,7.96553096
TSK004354,S015,33.16999861,33.16999861
TSK004354,S016,55.87967674,55.87967674
TSK004354,S017,18.47131067,18.47131067
TSK004354,S018,18.2651274,18.2651274
TSK004354,S019,7.96553096,7.96553096
TSK004354,S020,7.96553096,7.96553096
TSK004354,S021,28.6896494,28.6896494
TSK004354,S022,42.53759289,42.53759289
TSK004354,S023,43.70668613,43.70668613
TSK004354,S024,44.51044787,44.51044787
TSK004354,S025,20.28978471,20.28978471
TSK004354,S026,18.68819027,18.68819027
TSK004354,S027,21.80287586,21.80287586
TSK004354,S028,10.38932941,10.38932941
TSK004354,S029,33.17140929,33.17140929
TSK004354,S030,7.96553096,7.96553096
TSK004354,S031,20.11593299,20.11593299
TSK004354,S032,23.33552614,23.33552614
TSK004354,S033,27.15003496,27.15003496
TSK004354,S034,7.96553096,7.96553096
TSK004354,S035,23.60000681,23.60000681
TSK004354,S036,33.51827547,33.51827547
TSK004354,S037,13.76826429,13.76826429
TSK004354,S038,32.63295147,32.63295147
TSK004354,S039,47.3425731,47.3425731
TSK004354,S040,14.48653076,14.48653076
TSK004354,S041,64.93841463,64.93841463
TSK004354,S042,7.96553096,7.96553096
TSK004354,S043,27.49710028,27.49710028
TSK004354,S044,7.96553096,7.96553096
TSK004354,S045,23.34547407,23.34547407
TSK004354,S046,20.05167831,20.05167831
TSK004354,S047,7.96553096,7.96553096
TSK004354,S048,39.13358401,39.13358401
TSK004354,S049,19.43682733,19.43682733
TSK004354,S050,7.96553096,7.96553096
TSK004354,S051,41.30797071,41.30797071
TSK004354,S052,16.30096582,16.30096582
TSK004354,S053,7.96553096,7.96553096
TSK004354,S054,68.10451057,68.10451057
TSK004354,S055,18.2651274,18.2651274
TSK004354,S056,28.98554973,28.98554973
TSK004354,S057,7.96553096,7.96553096
TSK004354,S058,50.88070155,50.88070155
TSK004354,S059,18.80310638,18.80310638
TSK004354,S060,21.36598672,21.36598672
TSK004354,S061,18.24892905,18.24892905
TSK004354,S062,12.08223744,12.08223744
TSK004354,S063,18.68819027,18.68819027
TSK004354,S064,7.96553096,7.96553096
TSK004354,S065,53.06842964,53.06842964
TSK004354,S066,26.95137293,26.95137293
TSK004354,S067,20.28978471,20.28978471
TSK004354,S068,21.32369855,21.32369855
TSK004354,S069,18.24892905,18.24892905
TSK004354,S070,33.04336962,33.04336962
TSK004354,S071,16.99769498,16.99769498
TSK004354,S072,7.96553096,7.96553096
TSK004354,S073,28.63342419,28.63342419
TSK004354,S074,7.96553096,7.96553096
TSK004354,S075,7.96553096,7.96553096
TSK004354,S076,42.53759289,42.53759289
TSK004354,S077,7.96553096,7.96553096
TSK004354,S078,53.22336637,53.22336637
TSK004354,S079,22.22633088,22.22633088
TSK004354,S080,21.47679517,21.47679517
TSK004354,S081,82.65623843,82.65623843
TSK004354,S082,51.99914844,51.99914844
TSK004354,S083,7.96553096,7.96553096
TSK004354,S084,56.31540117,56.31540117
TSK004354,S085,38.29116432,38.29116432
TSK004354,S086,24.11396603,24.11396603
TSK004354,S087,7.96553096,7.96553096
TSK004354,S088,7.96553096,7.96553096
TSK004354,S089,43.25637568,43.25637568
TSK004354,S090,63.47297609,63.47297609
TSK004354,S091,27.15003496,27.15003496
TSK004354,S092,22.34215808,22.34215808
TSK004354,S093,27.65293325,27.65293325
TSK004354,S094,24.26255105,24.26255105
TSK004354,S095,27.92974964,27.92974964
TSK004354,S096,32.63295147,32.63295147
TSK004354,S097,40.02707487,40.02707487
TSK004354,S098,70.1639362,70.1639362
TSK004354,S099,37.11442906,37.11442906
TSK004354,S100,39.53924543,39.53924543
TSK004564,S001,0.10071586,0.10071586
TSK004564,S002,0.30087555,0.30087555
TSK004564,S003,0.19340958,0.19340958
TSK004564,S004,0.24295904,0.24295904
TSK004564,S005,0.10071586,0.10071586
TSK004564,S006,0.3075923,0.3075923
TSK004564,S007,0.10071586,0.10071586
TSK004564,S008,0.10071586,0.10071586
TSK004564,S009,0.17943127,0.17943127
TSK004564,S010,0.42759776,0.42759776
TSK004564,S011,0.21184095,0.21184095
TSK004564,S012,0.33179456,0.33179456
TSK004564,S013,0.21955471,0.21955471
TSK004564,S014,0.10071586,0.10071586
TSK004564,S015,0.45104571,0.45104571
TSK004564,S016,0.57059874,0.57059874
TSK004564,S017,0.22253865,0.22253865
TSK004564,S018,0.20950374,0.20950374
TSK004564,S019,0.10071586,0.10071586
TSK004564,S020,0.10071586,0.10071586
TSK004564,S021,0.19340958,0.19340958
TSK004564,S022,0.32561854,0.32561854
TSK004564,S023,0.36187464,0.36187464
TSK004564,S024,0.51345455,0.51345455
TSK004564,S025,0.22419139,0.22419139
TSK004564,S026,0.24750533,0.24750533
TSK004564,S027,0.28616221,0.28616221
TSK004564,S028,0.1467052,0.1467052
TSK004564,S029,0.40666679,0.40666679
TSK004564,S030,0.10071586,0.10071586
TSK004564,S031,0.22854561,0.22854561
TSK004564,S032,0.28631441,0.28631441
TSK004564,S033,0.3466498,0.3466498
TSK004564,S034,0.10071586,0.10071586
TSK004564,S035,0.31724,0.31724
TSK004564,S036,0.42759776,0.42759776
TSK004564,S037,0.20690105,0.20690105
TSK004564,S038,0.23487751,0.23487751
TSK004564,S039,0.42639654,0.42639654
TSK004564,S040,0.20855403,0.20855403
TSK004564,S041,0.51793838,0.51793838
TSK004564,S042,0.10071586,0.10071586
TSK004564,S043,0.32529832,0.32529832
TSK004564,S044,0.10071586,0.10071586
TSK004564,S045,0.28284726,0.28284726
TSK004564,S046,0.21066879,0.21066879
TSK004564,S047,0.10071586,0.10071586
TSK004564,S048,0.29885582,0.29885582
TSK004564,S049,0.29978943,0.29978943
TSK004564,S050,0.10071586,0.10071586
TSK004564,S051,0.3340777,0.3340777
TSK004564,S052,0.26810644,0.26810644
TSK004564,S053,0.10071586,0.10071586
TSK004564,S054,0.83907552,0.83907552
TSK004564,S055,0.20950374,0.20950374
TSK004564,S056,0.23026582,0.23026582
TSK004564,S057,0.10071586,0.10071586
TSK004564,S058,0.35845979,0.35845979
TSK004564,S059,0.22608639,0.22608639
TSK004564,S060,0.28337382,0.28337382
TSK004564,S061,0.29471755,0.29471755
TSK004564,S062,0.1251973,0.1251973
TSK004564,S063,0.24750533,0.24750533
TSK004564,S064,0.10071586,0.10071586
TSK004564,S065,0.53870356,0.53870356
TSK004564,S066,0.18563471,0.18563471
TSK004564,S067,0.22419139,0.22419139
TSK004564,S068,0.37972202,0.37972202
TSK004564,S069,0.29471755,0.29471755
TSK004564,S070,0.25110626,0.25110626
TSK004564,S071,0.201547,0.201547
TSK004564,S072,0.10071586,0.10071586
TSK004564,S073,0.35268681,0.35268681
TSK004564,S074,0.10071586,0.10071586
TSK004564,S075,0.10071586,0.10071586
TSK004564,S076,0.32561854,0.32561854
TSK004564,S077,0.10071586,0.10071586
TSK004564,S078,0.41668693,0.41668693
TSK004564,S079,0.28439564,0.28439564
TSK004564,S080,0.29541997,0.29541997
TSK004564,S081,0.57789044,0.57789044
TSK004564,S082,0.43987824,0.43987824
TSK004564,S083,0.10071586,0.10071586
TSK004564,S084,0.4787313,0.4787313
TSK004564,S085,0.4870616,0.4870616
TSK004564,S086,0.33969642,0.33969642
TSK004564,S087,0.10071586,0.10071586
TSK004564,S088,0.10071586,0.10071586
TSK004564,S089,0.34531469,0.34531469
TSK004564,S090,0.56759342,0.56759342
TSK004564,S091,0.3466498,0.3466498
TSK004564,S092,0.23731121,0.23731121
TSK004564,S093,0.25278216,0.25278216
TSK004564,S094,0.28179978,0.28179978
TSK004564,S095,0.22979976,0.22979976
TSK004564,S096,0.23487751,0.23487751
TSK004564,S097,0.244119,0.244119
TSK004564,S098,0.70706812,0.70706812
TSK004564,S099,0.41438807,0.41438807
TSK004564,S100,0.42543395,0.42543395
TSK004683,S001,2.29766759,2.29766759
TSK004683,S002,7.11969639,7.11969639
TSK004683,S003,4.53074351,4.53074351
TSK004683,S004,5.50066266,5.50066266
TSK004683,S005,2.29766759,2.29766759
TSK004683,S006,6.6381635,6.6381635
TSK004683,S007,2.29766759,2.29766759
TSK004683,S008,2.29766759,2.29766759
TSK004683,S009,4.05413554,4.05413554
TSK004683,S010,9.35205104,9.35205104
TSK004683,S011,4.81440177,4.81440177
TSK004683,S012,7.50093354,7.50093354
TSK004683,S013,4.90885963,4.90885963
TSK004683,S014,2.29766759,2.29766759
TSK004683,S015,10.73743199,10.73743199
TSK004683,S016,12.92574384,12.92574384
TSK004683,S017,5.02549982,5.02549982
TSK004683,S018,4.61823857,4.61823857
TSK004683,S019,2.29766759,2.29766759
TSK004683,S020,2.29766759,2.29766759
TSK004683,S021,4.53074351,4.53074351
TSK004683,S022,7.5143824,7.5143824
TSK004683,S023,8.37850094,8.37850094
TSK004683,S024,11.88661154,11.88661154
TSK004683,S025,5.07650445,5.07650445
TSK004683,S026,5.62697,5.62697
TSK004683,S027,6.33634179,6.33634179
TSK004683,S028,3.26200524,3.26200524
TSK004683,S029,8.8533992,8.8533992
TSK004683,S030,2.29766759,2.29766759
TSK004683,S031,5.22429143,5.22429143
TSK004683,S032,6.35679124,6.35679124
TSK004683,S033,7.2993788,7.2993788
TSK004683,S034,2.29766759,2.29766759
TSK004683,S035,7.00484891,7.00484891
TSK004683,S036,9.35205104,9.35205104
TSK004683,S037,4.61334527,4.61334527
TSK004683,S038,5.52041987,5.52041987
TSK004683,S039,9.61961101,9.61961101
TSK004683,S040,4.68113867,4.68113867
TSK004683,S041,11.81001888,11.81001888
TSK004683,S042,2.29766759,2.29766759
TSK004683,S043,7.1560914,7.1560914
TSK004683,S044,2.29766759,2.29766759
TSK004683,S045,6.28631789,6.28631789
TSK004683,S046,4.72649088,4.72649088
TSK004683,S047,2.29766759,2.29766759
TSK004683,S048,6.89761568,6.89761568
TSK004683,S049,6.87348804,6.87348804
TSK004683,S050,2.29766759,2.29766759
TSK004683,S051,7.48880473,7.48880473
TSK004683,S052,5.94238664,5.94238664
TSK004683,S053,2.29766759,2.29766759
TSK004683,S054,18.15538655,18.15538655
TSK004683,S055,4.61823857,4.61823857
TSK004683,S056,5.29929855,5.29929855
TSK004683,S057,2.29766759,2.29766759
TSK004683,S058,8.28131601,8.28131601
TSK004683,S059,5.0363773,5.0363773
TSK004683,S060,6.36054054,6.36054054
TSK004683,S061,6.43802046,6.43802046
TSK004683,S062,2.87439433,2.87439433
TSK004683,S063,5.62697,5.62697
TSK004683,S064,2.29766759,2.29766759
TSK004683,S065,11.88883304,11.88883304
TSK004683,S066,4.34343985,4.34343985
TSK004683,S067,5.07650445,5.07650445
TSK004683,S068,8.62757791,8.62757791
TSK004683,S069,6.43802046,6.43802046
TSK004683,S070,5.79390469,5.79390469
TSK004683,S071,4.56081691,4.56081691
TSK004683,S072,2.29766759,2.29766759
TSK004683,S073,7.71147801,7.71147801
TSK004683,S074,2.29766759,2.29766759
TSK004683,S075,2.29766759,2.29766759
TSK004683,S076,7.5143824,7.5143824
TSK004683,S077,2.29766759,2.29766759
TSK004683,S078,9.25516366,9.25516366
TSK004683,S079,6.42618218,6.42618218
TSK004683,S080,6.59480018,6.59480018
TSK004683,S081,13.39977066,13.39977066
TSK004683,S082,9.97423367,9.97423367
TSK004683,S083,2.29766759,2.29766759
TSK004683,S084,10.5950932,10.5950932
TSK004683,S085,11.02141473,11.02141473
TSK004683,S086,7.43395832,7.43395832
TSK004683,S087,2.29766759,2.29766759
TSK004683,S088,2.29766759,2.29766759
TSK004683,S089,7.97209761,7.97209761
TSK004683,S090,12.91115079,12.91115079
TSK004683,S091,7.2993788,7.2993788
TSK004683,S092,5.33103551,5.33103551
TSK004683,S093,5.75968782,5.75968782
TSK004683,S094,6.41212935,6.41212935
TSK004683,S095,5.17804929,5.17804929
TSK004683,S096,5.52041987,5.52041987
TSK004683,S097,5.75237964,5.75237964
TSK004683,S098,16.13323024,16.13323024
TSK004683,S099,9.01144036,9.01144036
TSK004683,S100,9.39689085,9.39689085
TSK004790,S001,22.93167581,22.93167581
TSK004790,S002,169.88527791,169.88527791
TSK004790,S003,90.9857177,90.9857177
TSK004790,S004,51.15163903,51.15163903
TSK004790,S005,22.93167581,22.93167581
TSK004790,S006,55.52202332,55.52202332
TSK004790,S007,22.93167581,22.93167581
TSK004790,S008,22.93167581,22.93167581
TSK004790,S009,40.67774723,40.67774723
TSK004790,S010,98.92033704,98.92033704
TSK004790,S011,45.55594386,45.55594386
TSK004790,S012,93.78531329,93.78531329
TSK004790,S013,43.2422584,43.2422584
TSK004790,S014,22.93167581,22.93167581
TSK004790,S015,90.85622686,90.85622686
TSK004790,S016,168.82549391,168.82549391
TSK004790,S017,54.10777603,54.10777603
TSK004790,S018,54.79626925,54.79626925
TSK004790,S019,22.93167581,22.93167581
TSK004790,S020,22.93167581,22.93167581
TSK004790,S021,90.9857177,90.9857177
TSK004790,S022,133.38531727,133.38531727
TSK004790,S023,135.34710082,135.34710082
TSK004790,S024,129.67995314,129.67995314
TSK004790,S025,60.41107036,60.41107036
TSK004790,S026,53.32095393,53.32095393
TSK004790,S027,63.45363157,63.45363157
TSK004790,S028,29.63305334,29.63305334
TSK004790,S029,98.95535359,98.95535359
TSK004790,S030,22.93167581,22.93167581
TSK004790,S031,59.23950421,59.23950421
TSK004790,S032,68.79567662,68.79567662
TSK004790,S033,81.95538071,81.95538071
TSK004790,S034,22.93167581,22.93167581
TSK004790,S035,68.43949242,68.43949242
TSK004790,S036,98.92033704,98.92033704
TSK004790,S037,38.55805987,38.55805987
TSK004790,S038,102.50702067,102.50702067
TSK004790,S039,146.31793148,146.31793148
TSK004790,S040,40.83146432,40.83146432
TSK004790,S041,203.39464442,203.39464442
TSK004790,S042,22.93167581,22.93167581
TSK004790,S043,82.10237083,82.10237083
TSK004790,S044,22.93167581,22.93167581
TSK004790,S045,68.96246061,68.96246061
TSK004790,S046,60.56568752,60.56568752
TSK004790,S047,22.93167581,22.93167581
TSK004790,S048,122.74524811,122.74524811
TSK004790,S049,52.80768883,52.80768883
TSK004790,S050,22.93167581,22.93167581
TSK004790,S051,129.97340363,129.97340363
TSK004790,S052,44.7091495,44.7091495
TSK004790,S053,22.93167581,22.93167581
TSK004790,S054,203.70033859,203.70033859
TSK004790,S055,54.79626925,54.79626925
TSK004790,S056,90.51715292,90.51715292
TSK004790,S057,22.93167581,22.93167581
TSK004790,S058,161.22037143,161.22037143
TSK004790,S059,55.55554141,55.55554141
TSK004790,S060,61.47435832,61.47435832
TSK004790,S061,50.93771584,50.93771584
TSK004790,S062,36.15631765,36.15631765
TSK004790,S063,53.32095393,53.32095393
TSK004790,S064,22.93167581,22.93167581
TSK004790,S065,162.55449951,162.55449951
TSK004790,S066,85.27755016,85.27755016
TSK004790,S067,60.41107036,60.41107036
TSK004790,S068,55.65819937,55.65819937
TSK004790,S069,50.93771584,50.93771584
TSK004790,S070,103.72287933,103.72287933
TSK004790,S071,49.90035197,49.90035197
TSK004790,S072,22.93167581,22.93167581
TSK004790,S073,85.12241469,85.12241469
TSK004790,S074,22.93167581,22.93167581
TSK004790,S075,22.93167581,22.93167581
TSK004790,S076,133.38531727,133.38531727
TSK004790,S077,22.93167581,22.93167581
TSK004790,S078,168.73144414,168.73144414
TSK004790,S079,64.20819529,64.20819529
TSK004790,S080,61.4820423,61.4820423
TSK004790,S081,261.83202261,261.83202261
TSK004790,S082,161.87326995,161.87326995
TSK004790,S083,22.93167581,22.93167581
TSK004790,S084,176.88403714,176.88403714
TSK004790,S085,110.66595419,110.66595419
TSK004790,S086,69.59872732,69.59872732
TSK004790,S087,22.93167581,22.93167581
TSK004790,S088,22.93167581,22.93167581
TSK004790,S089,134.82572333,134.82572333
TSK004790,S090,195.6922312,195.6922312
TSK004790,S091,81.95538071,81.95538071
TSK004790,S092,67.30642382,67.30642382
TSK004790,S093,84.89805607,84.89805607
TSK004790,S094,71.3092023,71.3092023
TSK004790,S095,87.50273981,87.50273981
TSK004790,S096,102.50702067,102.50702067
TSK004790,S097,128.21565487,128.21565487
TSK004790,S098,211.72206041,211.72206041
TSK004790,S099,112.70550565,112.70550565
TSK004790,S100,119.87622528,119.87622528
TSK004795,S001,1.29878708,1.29878708
TSK004795,S002,4.24659336,4.24659336
TSK004795,S003,2.66391273,2.66391273
TSK004795,S004,3.0728013,3.0728013
TSK004795,S005,1.29878708,1.29878708
TSK004795,S006,3.42309828,3.42309828
TSK004795,S007,1.29878708,1.29878708
TSK004795,S008,1.29878708,1.29878708
TSK004795,S009,2.25752543,2.25752543
TSK004795,S010,4.93645323,4.93645323
TSK004795,S011,2.70542133,2.70542133
TSK004795,S012,4.18058144,4.18058144
TSK004795,S013,2.68801443,2.68801443
TSK004795,S014,1.29878708,1.29878708
TSK004795,S015,6.45819022,6.45819022
TSK004795,S016,7.22695062,7.22695062
TSK004795,S017,2.79612763,2.79612763
TSK004795,S018,2.47047573,2.47047573
TSK004795,S019,1.29878708,1.29878708
TSK004795,S020,1.29878708,1.29878708
TSK004795,S021,2.66391273,2.66391273
TSK004795,S022,4.32223428,4.32223428
TSK004795,S023,4.84281942,4.84281942
TSK004795,S024,6.86930588,6.86930588
TSK004795,S025,2.83650997,2.83650997
TSK004795,S026,3.16381883,3.16381883
TSK004795,S027,3.41496308,3.41496308
TSK004795,S028,1.77021235,1.77021235
TSK004795,S029,4.63621809,4.63621809
TSK004795,S030,1.29878708,1.29878708
TSK004795,S031,2.96213016,2.96213016
TSK004795,S032,3.44126749,3.44126749
TSK004795,S033,3.59725898,3.59725898
TSK004795,S034,1.29878708,1.29878708
TSK004795,S035,3.75768656,3.75768656
TSK004795,S036,4.93645323,4.93645323
TSK004795,S037,2.51502883,2.51502883
TSK004795,S038,3.26125397,3.26125397
TSK004795,S039,5.34387536,5.34387536
TSK004795,S040,2.57947774,2.57947774
TSK004795,S041,6.67064761,6.67064761
TSK004795,S042,1.29878708,1.29878708
TSK004795,S043,3.8148693,3.8148693
TSK004795,S044,1.29878708,1.29878708
TSK004795,S045,3.40892152,3.40892152
TSK004795,S046,2.6026014,2.6026014
TSK004795,S047,1.29878708,1.29878708
TSK004795,S048,3.96819738,3.96819738
TSK004795,S049,3.91510533,3.91510533
TSK004795,S050,1.29878708,1.29878708
TSK004795,S051,4.1179539,4.1179539
TSK004795,S052,3.20787136,3.20787136
TSK004795,S053,1.29878708,1.29878708
TSK004795,S054,9.40556769,9.40556769
TSK004795,S055,2.47047573,2.47047573
TSK004795,S056,3.03559004,3.03559004
TSK004795,S057,1.29878708,1.29878708
TSK004795,S058,4.77113871,4.77113871
TSK004795,S059,2.74142954,2.74142954
TSK004795,S060,3.50490722,3.50490722
TSK004795,S061,3.39123456,3.39123456
TSK004795,S062,1.64061625,1.64061625
TSK004795,S063,3.16381883,3.16381883
TSK004795,S064,1.29878708,1.29878708
TSK004795,S065,6.37221375,6.37221375
TSK004795,S066,2.54941012,2.54941012
TSK004795,S067,2.83650997,2.83650997
TSK004795,S068,4.84631713,4.84631713
TSK004795,S069,3.39123456,3.39123456
TSK004795,S070,3.33181826,3.33181826
TSK004795,S071,2.54579856,2.54579856
TSK004795,S072,1.29878708,1.29878708
TSK004795,S073,4.06850186,4.06850186
TSK004795,S074,1.29878708,1.29878708
TSK004795,S075,1.29878708,1.29878708
TSK004795,S076,4.32223428,4.32223428
TSK004795,S077,1.29878708,1.29878708
TSK004795,S078,5.01372263,5.01372263
TSK004795,S079,3.57877657,3.57877657
TSK004795,S080,3.60210422,3.60210422
TSK004795,S081,7.76212391,7.76212391
TSK004795,S082,5.58520264,5.58520264
TSK004795,S083,1.29878708,1.29878708
TSK004795,S084,5.70555286,5.70555286
TSK004795,S085,6.1517489,6.1517489
TSK004795,S086,3.92798848,3.92798848
TSK004795,S087,1.29878708,1.29878708
TSK004795,S088,1.29878708,1.29878708
TSK004795,S089,4.58824186,4.58824186
TSK004795,S090,7.26557406,7.26557406
TSK004795,S091,3.59725898,3.59725898
TSK004795,S092,2.94149823,2.94149823
TSK004795,S093,3.24955307,3.24955307
TSK004795,S094,3.61006179,3.61006179
TSK004795,S095,2.87097997,2.87097997
TSK004795,S096,3.26125397,3.26125397
TSK004795,S097,3.41072425,3.41072425
TSK004795,S098,9.12180484,9.12180484
TSK004795,S099,4.70982654,4.70982654
TSK004795,S100,5.04361677,5.04361677
TSK004806,S001,9.74409732,9.74409732
TSK004806,S002,66.34041126,66.34041126
TSK004806,S003,35.95378435,35.95378435
TSK004806,S004,21.96787457,21.96787457
TSK004806,S005,9.74409732,9.74409732
TSK004806,S006,24.34534617,24.34534617
TSK004806,S007,9.74409732,9.74409732
TSK004806,S008,9.74409732,9.74409732
TSK004806,S009,17.28537696,17.28537696
TSK004806,S010,41.84321043,41.84321043
TSK004806,S011,19.50913369,19.50913369
TSK004806,S012,38.7710777,38.7710777
TSK004806,S013,18.74326078,18.74326078
TSK004806,S014,9.74409732,9.74409732
TSK004806,S015,39.40654801,39.40654801
TSK004806,S016,69.44660179,69.44660179
TSK004806,S017,22.77835622,22.77835622
TSK004806,S018,22.83081039,22.83081039
TSK004806,S019,9.74409732,9.74409732
TSK004806,S020,9.74409732,9.74409732
TSK004806,S021,35.95378435,35.95378435
TSK004806,S022,53.24534388,53.24534388
TSK004806,S023,54.4548711,54.4548711
TSK004806,S024,54.4012863,54.4012863
TSK004806,S025,25.11450401,25.11450401
TSK004806,S026,22.82908393,22.82908393
TSK004806,S027,27.01473616,27.01473616
TSK004806,S028,12.79057915,12.79057915
TSK004806,S029,41.57305308,41.57305308
TSK004806,S030,9.74409732,9.74409732
TSK004806,S031,24.75465595,24.75465595
TSK004806,S032,28.97945139,28.97945139
TSK004806,S033,34.49850604,34.49850604
TSK004806,S034,9.74409732,9.74409732
TSK004806,S035,29.24523151,29.24523151
TSK004806,S036,41.84321043,41.84321043
TSK004806,S037,16.85628875,16.85628875
TSK004806,S038,40.73888376,40.73888376
TSK004806,S039,59.27679765,59.27679765
TSK004806,S040,17.71909629,17.71909629
TSK004806,S041,81.44260598,81.44260598
TSK004806,S042,9.74409732,9.74409732
TSK004806,S043,34.35335067,34.35335067
TSK004806,S044,9.74409732,9.74409732
TSK004806,S045,28.99669632,28.99669632
TSK004806,S046,24.98152597,24.98152597
TSK004806,S047,9.74409732,9.74409732
TSK004806,S048,48.98768663,48.98768663
TSK004806,S049,23.34803609,23.34803609
TSK004806,S050,9.74409732,9.74409732
TSK004806,S051,52.05310724,52.05310724
TSK004806,S052,19.90728841,19.90728841
TSK004806,S053,9.74409732,9.74409732
TSK004806,S054,85.5763761,85.5763761
TSK004806,S055,22.83081039,22.83081039
TSK004806,S056,36.25344692,36.25344692
TSK004806,S057,9.74409732,9.74409732
TSK004806,S058,63.89062014,63.89062014
TSK004806,S059,23.33904505,23.33904505
TSK004806,S060,26.27361655,26.27361655
TSK004806,S061,22.51669601,22.51669601
TSK004806,S062,14.92199128,14.92199128
TSK004806,S063,22.82908393,22.82908393
TSK004806,S064,9.74409732,9.74409732
TSK004806,S065,66.64829306,66.64829306
TSK004806,S066,33.75539495,33.75539495
TSK004806,S067,25.11450401,25.11450401
TSK004806,S068,25.43698186,25.43698186
TSK004806,S069,22.51669601,22.51669601
TSK004806,S070,41.37631191,41.37631191
TSK004806,S071,20.96067911,20.96067911
TSK004806,S072,9.74409732,9.74409732
TSK004806,S073,35.80705754,35.80705754
TSK004806,S074,9.74409732,9.74409732
TSK004806,S075,9.74409732,9.74409732
TSK004806,S076,53.24534388,53.24534388
TSK004806,S077,9.74409732,9.74409732
TSK004806,S078,67.33022769,67.33022769
TSK004806,S079,27.29985778,27.29985778
TSK004806,S080,26.42636855,26.42636855
TSK004806,S081,103.71743288,103.71743288
TSK004806,S082,65.17026401,65.17026401
TSK004806,S083,9.74409732,9.74409732
TSK004806,S084,71.12414085,71.12414085
TSK004806,S085,47.01542612,47.01542612
TSK004806,S086,29.94788134,29.94788134
TSK004806,S087,9.74409732,9.74409732
TSK004806,S088,9.74409732,9.74409732
TSK004806,S089,54.03690784,54.03690784
TSK004806,S090,79.26998597,79.26998597
TSK004806,S091,34.49850604,34.49850604
TSK004806,S092,27.8056663,27.8056663
TSK004806,S093,34.47912044,34.47912044
TSK004806,S094,29.87989518,29.87989518
TSK004806,S095,35.1149638,35.1149638
TSK004806,S096,40.73888376,40.73888376
TSK004806,S097,50.29216859,50.29216859
TSK004806,S098,87.00797917,87.00797917
TSK004806,S099,46.71224974,46.71224974
TSK004806,S100,49.52056558,49.52056558
TSK004821,S001,10.19473729,10.19473729
TSK004821,S002,69.37221089,69.37221089
TSK004821,S003,37.59975635,37.59975635
TSK004821,S004,23.01205547,23.01205547
TSK004821,S005,10.19473729,10.19473729
TSK004821,S006,25.76668276,25.76668276
TSK004821,S007,10.19473729,10.19473729
TSK004821,S008,10.19473729,10.19473729
TSK004821,S009,18.11777197,18.11777197
TSK004821,S010,44.12259621,44.12259621
TSK004821,S011,20.42221332,20.42221332
TSK004821,S012,40.65459298,40.65459298
TSK004821,S013,19.68276617,19.68276617
TSK004821,S014,10.19473729,10.19473729
TSK004821,S015,40.82860413,40.82860413
TSK004821,S016,72.80516093,72.80516093
TSK004821,S017,23.88144339,23.88144339
TSK004821,S018,24.03596731,24.03596731
TSK004821,S019,10.19473729,10.19473729
TSK004821,S020,10.19473729,10.19473729
TSK004821,S021,37.59975635,37.59975635
TSK004821,S022,55.74043316,55.74043316
TSK004821,S023,56.96334228,56.96334228
TSK004821,S024,56.79333306,56.79333306
TSK004821,S025,26.32490943,26.32490943
TSK004821,S026,23.8959658,23.8959658
TSK004821,S027,28.42377999,28.42377999
TSK004821,S028,13.44730041,13.44730041
TSK004821,S029,43.86641141,43.86641141
TSK004821,S030,10.19473729,10.19473729
TSK004821,S031,25.90350463,25.90350463
TSK004821,S032,30.47441622,30.47441622
TSK004821,S033,36.61539815,36.61539815
TSK004821,S034,10.19473729,10.19473729
TSK004821,S035,30.78801935,30.78801935
TSK004821,S036,44.12259621,44.12259621
TSK004821,S037,17.71111564,17.71111564
TSK004821,S038,42.57285862,42.57285862
TSK004821,S039,62.19730291,62.19730291
TSK004821,S040,18.59170596,18.59170596
TSK004821,S041,85.36624302,85.36624302
TSK004821,S042,10.19473729,10.19473729
TSK004821,S043,36.18105414,36.18105414
TSK004821,S044,10.19473729,10.19473729
TSK004821,S045,30.48685161,30.48685161
TSK004821,S046,26.22672434,26.22672434
TSK004821,S047,10.19473729,10.19473729
TSK004821,S048,51.28304836,51.28304836
TSK004821,S049,24.3712681,24.3712681
TSK004821,S050,10.19473729,10.19473729
TSK004821,S051,54.66879304,54.66879304
TSK004821,S052,20.94636476,20.94636476
TSK004821,S053,10.19473729,10.19473729
TSK004821,S054,90.39288811,90.39288811
TSK004821,S055,24.03596731,24.03596731
TSK004821,S056,37.95874933,37.95874933
TSK004821,S057,10.19473729,10.19473729
TSK004821,S058,66.89924788,66.89924788
TSK004821,S059,24.52857827,24.52857827
TSK004821,S060,27.57156991,27.57156991
TSK004821,S061,23.77121408,23.77121408
TSK004821,S062,15.61026875,15.61026875
TSK004821,S063,23.8959658,23.8959658
TSK004821,S064,10.19473729,10.19473729
TSK004821,S065,70.14132037,70.14132037
TSK004821,S066,35.30110611,35.30110611
TSK004821,S067,26.32490943,26.32490943
TSK004821,S068,26.58835587,26.58835587
TSK004821,S069,23.77121408,23.77121408
TSK004821,S070,43.31734972,43.31734972
TSK004821,S071,21.96868061,21.96868061
TSK004821,S072,10.19473729,10.19473729
TSK004821,S073,37.75511705,37.75511705
TSK004821,S074,10.19473729,10.19473729
TSK004821,S075,10.19473729,10.19473729
TSK004821,S076,55.74043316,55.74043316
TSK004821,S077,10.19473729,10.19473729
TSK004821,S078,70.78815701,70.78815701
TSK004821,S079,28.6138479,28.6138479
TSK004821,S080,27.76088846,27.76088846
TSK004821,S081,108.56275324,108.56275324
TSK004821,S082,68.34566618,68.34566618
TSK004821,S083,10.19473729,10.19473729
TSK004821,S084,74.8108938,74.8108938
TSK004821,S085,49.26572021,49.26572021
TSK004821,S086,31.58663946,31.58663946
TSK004821,S087,10.19473729,10.19473729
TSK004821,S088,10.19473729,10.19473729
TSK004821,S089,56.55608454,56.55608454
TSK004821,S090,83.08615036,83.08615036
TSK004821,S091,36.61539815,36.61539815
TSK004821,S092,29.18543646,29.18543646
TSK004821,S093,36.12839812,36.12839812
TSK004821,S094,31.28861579,31.28861579
TSK004821,S095,36.85618862,36.85618862
TSK004821,S096,42.57285862,42.57285862
TSK004821,S097,52.59206408,52.59206408
TSK004821,S098,91.11995003,91.11995003
TSK004821,S099,49.27997424,49.27997424
TSK004821,S100,52.11334588,52.11334588
TSK004881,S001,3.01152614,3.01152614
TSK004881,S002,10.02247341,10.02247341
TSK004881,S003,6.25828765,6.25828765
TSK004881,S004,7.17995158,7.17995158
TSK004881,S005,3.01152614,3.01152614
TSK004881,S006,8.58744758,8.58744758
TSK004881,S007,3.01152614,3.01152614
TSK004881,S008,3.01152614,3.01152614
TSK004881,S009,5.31089185,5.31089185
TSK004881,S010,12.25136021,12.25136021
TSK004881,S011,6.29145288,6.29145288
TSK004881,S012,9.95091303,9.95091303
TSK004881,S013,6.38456488,6.38456488
TSK004881,S014,3.01152614,3.01152614
TSK004881,S015,14.01258722,14.01258722
TSK004881,S016,17.1988442,17.1988442
TSK004881,S017,6.60779934,6.60779934
TSK004881,S018,6.09397007,6.09397007
TSK004881,S019,3.01152614,3.01152614
TSK004881,S020,3.01152614,3.01152614
TSK004881,S021,6.25828765,6.25828765
TSK004881,S022,10.25005939,10.25005939
TSK004881,S023,11.34196634,11.34196634
TSK004881,S024,15.67252512,15.67252512
TSK004881,S025,6.71496657,6.71496657
TSK004881,S026,7.35404903,7.35404903
TSK004881,S027,8.28557445,8.28557445
TSK004881,S028,4.24665581,4.24665581
TSK004881,S029,11.62911167,11.62911167
TSK004881,S030,3.01152614,3.01152614
TSK004881,S031,6.89617175,6.89617175
TSK004881,S032,8.34868939,8.34868939
TSK004881,S033,9.56222082,9.56222082
TSK004881,S034,3.01152614,3.01152614
TSK004881,S035,9.14607414,9.14607414
TSK004881,S036,12.25136021,12.25136021
TSK004881,S037,5.9848564,5.9848564
TSK004881,S038,7.5712108,7.5712108
TSK004881,S039,12.93412461,12.93412461
TSK004881,S040,6.08768959,6.08768959
TSK004881,S041,16.05239464,16.05239464
TSK004881,S042,3.01152614,3.01152614
TSK004881,S043,9.42230449,9.42230449
TSK004881,S044,3.01152614,3.01152614
TSK004881,S045,8.26309425,8.26309425
TSK004881,S046,6.27617583,6.27617583
TSK004881,S047,3.01152614,3.01152614
TSK004881,S048,9.41090981,9.41090981
TSK004881,S049,8.90677067,8.90677067
TSK004881,S050,3.01152614,3.01152614
TSK004881,S051,10.1716407,10.1716407
TSK004881,S052,7.67179471,7.67179471
TSK004881,S053,3.01152614,3.01152614
TSK004881,S054,23.83994028,23.83994028
TSK004881,S055,6.09397007,6.09397007
TSK004881,S056,7.20317871,7.20317871
TSK004881,S057,3.01152614,3.01152614
TSK004881,S058,11.39258236,11.39258236
TSK004881,S059,6.62343852,6.62343852
TSK004881,S060,8.31192132,8.31192132
TSK004881,S061,8.31792202,8.31792202
TSK004881,S062,3.81951886,3.81951886
TSK004881,S063,7.35404903,7.35404903
TSK004881,S064,3.01152614,3.01152614
TSK004881,S065,15.83357398,15.83357398
TSK004881,S066,5.9859591,5.9859591
TSK004881,S067,6.71496657,6.71496657
TSK004881,S068,11.09997514,11.09997514
TSK004881,S069,8.31792202,8.31792202
TSK004881,S070,7.90901089,7.90901089
TSK004881,S071,6.0031734,6.0031734
TSK004881,S072,3.01152614,3.01152614
TSK004881,S073,10.12578224,10.12578224
TSK004881,S074,3.01152614,3.01152614
TSK004881,S075,3.01152614,3.01152614
TSK004881,S076,10.25005939,10.25005939
TSK004881,S077,3.01152614,3.01152614
TSK004881,S078,12.61570838,12.61570838
TSK004881,S079,8.41649626,8.41649626
TSK004881,S080,8.59892823,8.59892823
TSK004881,S081,18.44576163,18.44576163
TSK004881,S082,13.48464514,13.48464514
TSK004881,S083,3.01152614,3.01152614
TSK004881,S084,14.32872099,14.32872099
TSK004881,S085,14.44034213,14.44034213
TSK004881,S086,9.67851994,9.67851994
TSK004881,S087,3.01152614,3.01152614
TSK004881,S088,3.01152614,3.01152614
TSK004881,S089,10.82990687,10.82990687
TSK004881,S090,17.36679595,17.36679595
TSK004881,S091,9.56222082,9.56222082
TSK004881,S092,7.07293588,7.07293588
TSK004881,S093,7.73229933,7.73229933
TSK004881,S094,8.45155934,8.45155934
TSK004881,S095,7.02015044,7.02015044
TSK004881,S096,7.5712108,7.5712108
TSK004881,S097,8.03447499,8.03447499
TSK004881,S098,21.48609981,21.48609981
TSK004881,S099,11.91595536,11.91595536
TSK004881,S100,12.45794149,12.45794149
TSK004956,S001,1.84188164,1.84188164
TSK004956,S002,5.68130834,5.68130834
TSK004956,S003,3.61991567,3.61991567
TSK004956,S004,4.41378746,4.41378746
TSK004956,S005,1.84188164,1.84188164
TSK004956,S006,5.35998919,5.35998919
TSK004956,S007,1.84188164,1.84188164
TSK004956,S008,1.84188164,1.84188164
TSK004956,S009,3.25392566,3.25392566
TSK004956,S010,7.53795539,7.53795539
TSK004956,S011,3.86124939,3.86124939
TSK004956,S012,6.01995381,6.01995381
TSK004956,S013,3.94527782,3.94527782
TSK004956,S014,1.84188164,1.84188164
TSK004956,S015,8.56184499,8.56184499
TSK004956,S016,10.37100599,10.37100599
TSK004956,S017,4.03383051,4.03383051
TSK004956,S018,3.7185569,3.7185569
TSK004956,S019,1.84188164,1.84188164
TSK004956,S020,1.84188164,1.84188164
TSK004956,S021,3.61991567,3.61991567
TSK004956,S022,6.01500465,6.01500465
TSK004956,S023,6.70393852,6.70393852
TSK004956,S024,9.51104662,9.51104662
TSK004956,S025,4.07336192,4.07336192
TSK004956,S026,4.51273695,4.51273695
TSK004956,S027,5.09897408,5.09897408
TSK004956,S028,2.62357052,2.62357052
TSK004956,S029,7.14037571,7.14037571
TSK004956,S030,1.84188164,1.84188164
TSK004956,S031,4.18689448,4.18689448
TSK004956,S032,5.11363673,5.11363673
TSK004956,S033,5.91346195,5.91346195
TSK004956,S034,1.84188164,1.84188164
TSK004956,S035,5.63899587,5.63899587
TSK004956,S036,7.53795539,7.53795539
TSK004956,S037,3.70908162,3.70908162
TSK004956,S038,4.40882199,4.40882199
TSK004956,S039,7.72237829,7.72237829
TSK004956,S040,3.76036095,3.76036095
TSK004956,S041,9.46787867,9.46787867
TSK004956,S042,1.84188164,1.84188164
TSK004956,S043,5.76355847,5.76355847
TSK004956,S044,1.84188164,1.84188164
TSK004956,S045,5.05626419,5.05626419
TSK004956,S046,3.79701149,3.79701149
TSK004956,S047,1.84188164,1.84188164
TSK004956,S048,5.52121913,5.52121913
TSK004956,S049,5.50650735,5.50650735
TSK004956,S050,1.84188164,1.84188164
TSK004956,S051,6.01677549,6.01677549
TSK004956,S052,4.78133722,4.78133722
TSK004956,S053,1.84188164,1.84188164
TSK004956,S054,14.6544865,14.6544865
TSK004956,S055,3.7185569,3.7185569
TSK004956,S056,4.24337765,4.24337765
TSK004956,S057,1.84188164,1.84188164
TSK004956,S058,6.62799707,6.62799707
TSK004956,S059,4.0496903,4.0496903
TSK004956,S060,5.10942318,5.10942318
TSK004956,S061,5.19001171,5.19001171
TSK004956,S062,2.3023465,2.3023465
TSK004956,S063,4.51273695,4.51273695
TSK004956,S064,1.84188164,1.84188164
TSK004956,S065,9.57130606,9.57130606
TSK004956,S066,3.47077955,3.47077955
TSK004956,S067,4.07336192,4.07336192
TSK004956,S068,6.91971738,6.91971738
TSK004956,S069,5.19001171,5.19001171
TSK004956,S070,4.63791601,4.63791601
TSK004956,S071,3.65987834,3.65987834
TSK004956,S072,1.84188164,1.84188164
TSK004956,S073,6.21585034,6.21585034
TSK004956,S074,1.84188164,1.84188164
TSK004956,S075,1.84188164,1.84188164
TSK004956,S076,6.01500465,6.01500465
TSK004956,S077,1.84188164,1.84188164
TSK004956,S078,7.44479366,7.44479366
TSK004956,S079,5.15772942,5.15772942
TSK004956,S080,5.30134603,5.30134603
TSK004956,S081,10.71964327,10.71964327
TSK004956,S082,8.00185868,8.00185868
TSK004956,S083,1.84188164,1.84188164
TSK004956,S084,8.52661856,8.52661856
TSK004956,S085,8.84429052,8.84429052
TSK004956,S086,5.99146239,5.99146239
TSK004956,S087,1.84188164,1.84188164
TSK004956,S088,1.84188164,1.84188164
TSK004956,S089,6.38106934,6.38106934
TSK004956,S090,10.35380751,10.35380751
TSK004956,S091,5.91346195,5.91346195
TSK004956,S092,4.28196532,4.28196532
TSK004956,S093,4.61787048,4.61787048
TSK004956,S094,5.14186094,5.14186094
TSK004956,S095,4.15745409,4.15745409
TSK004956,S096,4.40882199,4.40882199
TSK004956,S097,4.59261462,4.59261462
TSK004956,S098,12.93263015,12.93263015
TSK004956,S099,7.26891183,7.26891183
TSK004956,S100,7.56429953,7.56429953
TSK004964,S001,2.33887555,2.33887555
TSK004964,S002,7.16090434,7.16090434
TSK004964,S003,4.57195146,4.57195146
TSK004964,S004,5.61353662,5.61353662
TSK004964,S005,2.33887555,2.33887555
TSK004964,S006,6.88541122,6.88541122
TSK004964,S007,2.33887555,2.33887555
TSK004964,S008,2.33887555,2.33887555
TSK004964,S009,4.14013475,4.14013475
TSK004964,S010,9.65603434,9.65603434
TSK004964,S011,4.90697035,4.90697035
TSK004964,S012,7.65859875,7.65859875
TSK004964,S013,5.03069183,5.03069183
TSK004964,S014,2.33887555,2.33887555
TSK004964,S015,10.77863994,10.77863994
TSK004964,S016,13.18851918,13.18851918
TSK004964,S017,5.13299882,5.13299882
TSK004964,S018,4.75559841,4.75559841
TSK004964,S019,2.33887555,2.33887555
TSK004964,S020,2.33887555,2.33887555
TSK004964,S021,4.57195146,4.57195146
TSK004964,S022,7.62008975,7.62008975
TSK004964,S023,8.48719438,8.48719438
TSK004964,S024,12.04129066,12.04129066
TSK004964,S025,5.18042015,5.18042015
TSK004964,S026,5.734469,5.734469
TSK004964,S027,6.51490958,6.51490958
TSK004964,S028,3.34919887,3.34919887
TSK004964,S029,9.15559085,9.15559085
TSK004964,S030,2.33887555,2.33887555
TSK004964,S031,5.31447115,5.31447115
TSK004964,S032,6.52998408,6.52998408
TSK004964,S033,7.63620902,7.63620902
TSK004964,S034,2.33887555,2.33887555
TSK004964,S035,7.20909701,7.20909701
TSK004964,S036,9.65603434,9.65603434
TSK004964,S037,4.73219139,4.73219139
TSK004964,S038,5.56461391,5.56461391
TSK004964,S039,9.82863685,9.82863685
TSK004964,S040,4.79102654,4.79102654
TSK004964,S041,12.02382246,12.02382246
TSK004964,S042,2.33887555,2.33887555
TSK004964,S043,7.37407549,7.37407549
TSK004964,S044,2.33887555,2.33887555
TSK004964,S045,6.45533021,6.45533021
TSK004964,S046,4.8381704,4.8381704
TSK004964,S047,2.33887555,2.33887555
TSK004964,S048,6.99436478,6.99436478
TSK004964,S049,6.98516756,6.98516756
TSK004964,S050,2.33887555,2.33887555
TSK004964,S051,7.66796973,7.66796973
TSK004964,S052,6.10781566,6.10781566
TSK004964,S053,2.33887555,2.33887555
TSK004964,S054,18.81471378,18.81471378
TSK004964,S055,4.75559841,4.75559841
TSK004964,S056,5.37872837,5.37872837
TSK004964,S057,2.33887555,2.33887555
TSK004964,S058,8.39478718,8.39478718
TSK004964,S059,5.16776498,5.16776498
TSK004964,S060,6.50984471,6.50984471
TSK004964,S061,6.65003239,6.65003239
TSK004964,S062,2.91978279,2.91978279
TSK004964,S063,5.734469,5.734469
TSK004964,S064,2.33887555,2.33887555
TSK004964,S065,12.23760758,12.23760758
TSK004964,S066,4.3846478,4.3846478
TSK004964,S067,5.18042015,5.18042015
TSK004964,S068,8.79420137,8.79420137
TSK004964,S069,6.65003239,6.65003239
TSK004964,S070,5.87572337,5.87572337
TSK004964,S071,4.65517714,4.65517714
TSK004964,S072,2.33887555,2.33887555
TSK004964,S073,7.96290624,7.96290624
TSK004964,S074,2.33887555,2.33887555
TSK004964,S075,2.33887555,2.33887555
TSK004964,S076,7.62008975,7.62008975
TSK004964,S077,2.33887555,2.33887555
TSK004964,S078,9.50599467,9.50599467
TSK004964,S079,6.56234759,6.56234759
TSK004964,S080,6.76202086,6.76202086
TSK004964,S081,13.56699133,13.56699133
TSK004964,S082,10.17370405,10.17370405
TSK004964,S083,2.33887555,2.33887555
TSK004964,S084,10.89549319,10.89549319
TSK004964,S085,11.24955151,11.24955151
TSK004964,S086,7.67403943,7.67403943
TSK004964,S087,2.33887555,2.33887555
TSK004964,S088,2.33887555,2.33887555
TSK004964,S089,8.08317992,8.08317992
TSK004964,S090,13.15541241,13.15541241
TSK004964,S091,7.63620902,7.63620902
TSK004964,S092,5.45465937,5.45465937
TSK004964,S093,5.86539517,5.86539517
TSK004964,S094,6.53276712,6.53276712
TSK004964,S095,5.2927149,5.2927149
TSK004964,S096,5.56461391,5.56461391
TSK004964,S097,5.79358759,5.79358759
TSK004964,S098,16.4216859,16.4216859
TSK004964,S099,9.32259026,9.32259026
TSK004964,S100,9.66981888,9.66981888
TSK005035,S001,10.45790564,10.45790564
TSK005035,S002,72.50626589,72.50626589
TSK005035,S003,39.19242897,39.19242897
TSK005035,S004,23.52137996,23.52137996
TSK005035,S005,10.45790564,10.45790564
TSK005035,S006,25.9192327,25.9192327
TSK005035,S007,10.45790564,10.45790564
TSK005035,S008,10.45790564,10.45790564
TSK005035,S009,18.54679124,18.54679124
TSK005035,S010,44.90175242,44.90175242
TSK005035,S011,20.90302307,20.90302307
TSK005035,S012,41.83870956,41.83870956
TSK005035,S013,20.02391467,20.02391467
TSK005035,S014,10.45790564,10.45790564
TSK005035,S015,42.17222702,42.17222702
TSK005035,S016,75.02267882,75.02267882
TSK005035,S017,24.48733679,24.48733679
TSK005035,S018,24.58288419,24.58288419
TSK005035,S019,10.45790564,10.45790564
TSK005035,S020,10.45790564,10.45790564
TSK005035,S021,39.19242897,39.19242897
TSK005035,S022,57.90492668,57.90492668
TSK005035,S023,59.12546945,59.12546945
TSK005035,S024,58.56031249,58.56031249
TSK005035,S025,27.07086761,27.07086761
TSK005035,S026,24.46158996,24.46158996
TSK005035,S027,28.9594149,28.9594149
TSK005035,S028,13.67402697,13.67402697
TSK005035,S029,44.67145873,44.67145873
TSK005035,S030,10.45790564,10.45790564
TSK005035,S031,26.66034802,26.66034802
TSK005035,S032,31.13666708,31.13666708
TSK005035,S033,37.02406766,37.02406766
TSK005035,S034,10.45790564,10.45790564
TSK005035,S035,31.32405779,31.32405779
TSK005035,S036,44.90175242,44.90175242
TSK005035,S037,17.97533108,17.97533108
TSK005035,S038,44.3573865,44.3573865
TSK005035,S039,64.23810265,64.23810265
TSK005035,S040,18.92745123,18.92745123
TSK005035,S041,88.49517238,88.49517238
TSK005035,S042,10.45790564,10.45790564
TSK005035,S043,36.95463756,36.95463756
TSK005035,S044,10.45790564,10.45790564
TSK005035,S045,31.16790352,31.16790352
TSK005035,S046,26.96653001,26.96653001
TSK005035,S047,10.45790564,10.45790564
TSK005035,S048,53.27714654,53.27714654
TSK005035,S049,24.86419238,24.86419238
TSK005035,S050,10.45790564,10.45790564
TSK005035,S051,56.5430616,56.5430616
TSK005035,S052,21.14640596,21.14640596
TSK005035,S053,10.45790564,10.45790564
TSK005035,S054,91.94116586,91.94116586
TSK005035,S055,24.58288419,24.58288419
TSK005035,S056,39.39660779,39.39660779
TSK005035,S057,10.45790564,10.45790564
TSK005035,S058,69.59007207,69.59007207
TSK005035,S059,25.09261838,25.09261838
TSK005035,S060,28.15269801,28.15269801
TSK005035,S061,23.94177453,23.94177453
TSK005035,S062,16.1135982,16.1135982
TSK005035,S063,24.46158996,24.46158996
TSK005035,S064,10.45790564,10.45790564
TSK005035,S065,72.01159059,72.01159059
TSK005035,S066,36.78226392,36.78226392
TSK005035,S067,27.07086761,27.07086761
TSK005035,S068,26.90639965,26.90639965
TSK005035,S069,23.94177453,23.94177453
TSK005035,S070,45.00360388,45.00360388
TSK005035,S071,22.54471672,22.54471672
TSK005035,S072,10.45790564,10.45790564
TSK005035,S073,38.46936243,38.46936243
TSK005035,S074,10.45790564,10.45790564
TSK005035,S075,10.45790564,10.45790564
TSK005035,S076,57.90492668,57.90492668
TSK005035,S077,10.45790564,10.45790564
TSK005035,S078,73.18520037,73.18520037
TSK005035,S079,29.28871428,29.28871428
TSK005035,S080,28.27918561,28.27918561
TSK005035,S081,112.98592707,112.98592707
TSK005035,S082,70.72517526,70.72517526
TSK005035,S083,10.45790564,10.45790564
TSK005035,S084,77.17609006,77.17609006
TSK005035,S085,50.45067761,50.45067761
TSK005035,S086,32.0224166,32.0224166
TSK005035,S087,10.45790564,10.45790564
TSK005035,S088,10.45790564,10.45790564
TSK005035,S089,58.71631863,58.71631863
TSK005035,S090,85.91959026,85.91959026
TSK005035,S091,37.02406766,37.02406766
TSK005035,S092,30.00591785,30.00591785
TSK005035,S093,37.35214038,37.35214038
TSK005035,S094,32.15854757,32.15854757
TSK005035,S095,38.13044781,38.13044781
TSK005035,S096,44.3573865,44.3573865
TSK005035,S097,54.91206102,54.91206102
TSK005035,S098,94.02709488,94.02709488
TSK005035,S099,50.33843348,50.33843348
TSK005035,S100,53.42047756,53.42047756
TSK005126,S001,1.84188164,1.84188164
TSK005126,S002,5.68130834,5.68130834
TSK005126,S003,3.61991567,3.61991567
TSK005126,S004,4.41378746,4.41378746
TSK005126,S005,1.84188164,1.84188164
TSK005126,S006,5.35998919,5.35998919
TSK005126,S007,1.84188164,1.84188164
TSK005126,S008,1.84188164,1.84188164
TSK005126,S009,3.25392566,3.25392566
TSK005126,S010,7.53795539,7.53795539
TSK005126,S011,3.86124939,3.86124939
TSK005126,S012,6.01995381,6.01995381
TSK005126,S013,3.94527782,3.94527782
TSK005126,S014,1.84188164,1.84188164
TSK005126,S015,8.56184499,8.56184499
TSK005126,S016,10.37100599,10.37100599
TSK005126,S017,4.03383051,4.03383051
TSK005126,S018,3.7185569,3.7185569
TSK005126,S019,1.84188164,1.84188164
TSK005126,S020,1.84188164,1.84188164
TSK005126,S021,3.61991567,3.61991567
TSK005126,S022,6.01500465,6.01500465
TSK005126,S023,6.70393852,6.70393852
TSK005126,S024,9.51104662,9.51104662
TSK005126,S025,4.07336192,4.07336192
TSK005126,S026,4.51273695,4.51273695
TSK005126,S027,5.09897408,5.09897408
TSK005126,S028,2.62357052,2.62357052
TSK005126,S029,7.14037571,7.14037571
TSK005126,S030,1.84188164,1.84188164
TSK005126,S031,4.18689448,4.18689448
TSK005126,S032,5.11363673,5.11363673
TSK005126,S033,5.91346195,5.91346195
TSK005126,S034,1.84188164,1.84188164
TSK005126,S035,5.63899587,5.63899587
TSK005126,S036,7.53795539,7.53795539
TSK005126,S037,3.70908162,3.70908162
TSK005126,S038,4.40882199,4.40882199
TSK005126,S039,7.72237829,7.72237829
TSK005126,S040,3.76036095,3.76036095
TSK005126,S041,9.46787867,9.46787867
TSK005126,S042,1.84188164,1.84188164
TSK005126,S043,5.76355847,5.76355847
TSK005126,S044,1.84188164,1.84188164
TSK005126,S045,5.05626419,5.05626419
TSK005126,S046,3.79701149,3.79701149
TSK005126,S047,1.84188164,1.84188164
TSK005126,S048,5.52121913,5.52121913
TSK005126,S049,5.50650735,5.50650735
TSK005126,S050,1.84188164,1.84188164
TSK005126,S051,6.01677549,6.01677549
TSK005126,S052,4.78133722,4.78133722
TSK005126,S053,1.84188164,1.84188164
TSK005126,S054,14.6544865,14.6544865
TSK005126,S055,3.7185569,3.7185569
TSK005126,S056,4.24337765,4.24337765
TSK005126,S057,1.84188164,1.84188164
TSK005126,S058,6.62799707,6.62799707
TSK005126,S059,4.0496903,4.0496903
TSK005126,S060,5.10942318,5.10942318
TSK005126,S061,5.19001171,5.19001171
TSK005126,S062,2.3023465,2.3023465
TSK005126,S063,4.51273695,4.51273695
TSK005126,S064,1.84188164,1.84188164
TSK005126,S065,9.57130606,9.57130606
TSK005126,S066,3.47077955,3.47077955
TSK005126,S067,4.07336192,4.07336192
TSK005126,S068,6.91971738,6.91971738
TSK005126,S069,5.19001171,5.19001171
TSK005126,S070,4.63791601,4.63791601
TSK005126,S071,3.65987834,3.65987834
TSK005126,S072,1.84188164,1.84188164
TSK005126,S073,6.21585034,6.21585034
TSK005126,S074,1.84188164,1.84188164
TSK005126,S075,1.84188164,1.84188164
TSK005126,S076,6.01500465,6.01500465
TSK005126,S077,1.84188164,1.84188164
TSK005126,S078,7.44479366,7.44479366
TSK005126,S079,5.15772942,5.15772942
TSK005126,S080,5.30134603,5.30134603
TSK005126,S081,10.71964327,10.71964327
TSK005126,S082,8.00185868,8.00185868
TSK005126,S083,1.84188164,1.84188164
TSK005126,S084,8.52661856,8.52661856
TSK005126,S085,8.84429052,8.84429052
TSK005126,S086,5.99146239,5.99146239
TSK005126,S087,1.84188164,1.84188164
TSK005126,S088,1.84188164,1.84188164
TSK005126,S089,6.38106934,6.38106934
TSK005126,S090,10.35380751,10.35380751
TSK005126,S091,5.91346195,5.91346195
TSK005126,S092,4.28196532,4.28196532
TSK005126,S093,4.61787048,4.61787048
TSK005126,S094,5.14186094,5.14186094
TSK005126,S095,4.15745409,4.15745409
TSK005126,S096,4.40882199,4.40882199
TSK005126,S097,4.59261462,4.59261462
TSK005126,S098,12.93263015,12.93263015
TSK005126,S099,7.26891183,7.26891183
TSK005126,S100,7.56429953,7.56429953
TSK005261,S001,9.19705654,9.19705654
TSK005261,S002,59.0179692,59.0179692
TSK005261,S003,32.26906314,32.26906314
TSK005261,S004,20.96867253,20.96867253
TSK005261,S005,9.19705654,9.19705654
TSK005261,S006,24.42960161,24.42960161
TSK005261,S007,9.19705654,9.19705654
TSK005261,S008,9.19705654,9.19705654
TSK005261,S009,16.42740708,16.42740708
TSK005261,S010,40.55059943,40.55059943
TSK005261,S011,18.54074082,18.54074082
TSK005261,S012,36.25982611,36.25982611
TSK005261,S013,18.15705751,18.15705751
TSK005261,S014,9.19705654,9.19705654
TSK005261,S015,36.30959359,36.30959359
TSK005261,S016,64.68535621,64.68535621
TSK005261,S017,21.54158966,21.54158966
TSK005261,S018,21.78688756,21.78688756
TSK005261,S019,9.19705654,9.19705654
TSK005261,S020,9.19705654,9.19705654
TSK005261,S021,32.26906314,32.26906314
TSK005261,S022,48.32700254,48.32700254
TSK005261,S023,49.54748013,49.54748013
TSK005261,S024,50.5090906,50.5090906
TSK005261,S025,23.54074043,23.54074043
TSK005261,S026,21.68735429,21.68735429
TSK005261,S027,26.07148571,26.07148571
TSK005261,S028,12.41217401,12.41217401
TSK005261,S029,40.21611866,40.21611866
TSK005261,S030,9.19705654,9.19705654
TSK005261,S031,23.13052068,23.13052068
TSK005261,S032,27.72772426,27.72772426
TSK005261,S033,34.13928026,34.13928026
TSK005261,S034,9.19705654,9.19705654
TSK005261,S035,28.34717364,28.34717364
TSK005261,S036,40.55059943,40.55059943
TSK005261,S037,16.44628474,16.44628474
TSK005261,S038,36.60674253,36.60674253
TSK005261,S039,54.83603116,54.83603116
TSK005261,S040,17.12418211,17.12418211
TSK005261,S041,74.44239746,74.44239746
TSK005261,S042,9.19705654,9.19705654
TSK005261,S043,32.9193598,32.9193598
TSK005261,S044,9.19705654,9.19705654
TSK005261,S045,27.69308601,27.69308601
TSK005261,S046,23.43623334,23.43623334
TSK005261,S047,9.19705654,9.19705654
TSK005261,S048,44.45538769,44.45538769
TSK005261,S049,22.38539288,22.38539288
TSK005261,S050,9.19705654,9.19705654
TSK005261,S051,47.95170377,47.95170377
TSK005261,S052,19.7324428,19.7324428
TSK005261,S053,9.19705654,9.19705654
TSK005261,S054,83.10712614,83.10712614
TSK005261,S055,21.78688756,21.78688756
TSK005261,S056,33.00277379,33.00277379
TSK005261,S057,9.19705654,9.19705654
TSK005261,S058,57.74406926,57.74406926
TSK005261,S059,22.24397936,22.24397936
TSK005261,S060,25.17041668,25.17041668
TSK005261,S061,22.49513083,22.49513083
TSK005261,S062,13.81567318,13.81567318
TSK005261,S063,21.68735429,21.68735429
TSK005261,S064,9.19705654,9.19705654
TSK005261,S065,62.86109698,62.86109698
TSK005261,S066,30.33385289,30.33385289
TSK005261,S067,23.54074043,23.54074043
TSK005261,S068,24.98579196,24.98579196
TSK005261,S069,22.49513083,22.49513083
TSK005261,S070,37.54370806,37.54370806
TSK005261,S071,19.77076786,19.77076786
TSK005261,S072,9.19705654,9.19705654
TSK005261,S073,34.57320241,34.57320241
TSK005261,S074,9.19705654,9.19705654
TSK005261,S075,9.19705654,9.19705654
TSK005261,S076,48.32700254,48.32700254
TSK005261,S077,9.19705654,9.19705654
TSK005261,S078,62.12383242,62.12383242
TSK005261,S079,25.95182298,25.95182298
TSK005261,S080,25.50364623,25.50364623
TSK005261,S081,93.57905361,93.57905361
TSK005261,S082,59.91296045,59.91296045
TSK005261,S083,9.19705654,9.19705654
TSK005261,S084,66.08197639,66.08197639
TSK005261,S085,44.62882043,44.62882043
TSK005261,S086,29.35083222,29.35083222
TSK005261,S087,9.19705654,9.19705654
TSK005261,S088,9.19705654,9.19705654
TSK005261,S089,49.13827716,49.13827716
TSK005261,S090,73.02187381,73.02187381
TSK005261,S091,34.13928026,34.13928026
TSK005261,S092,26.09143865,26.09143865
TSK005261,S093,31.78098774,31.78098774
TSK005261,S094,28.04359707,28.04359707
TSK005261,S095,32.3137063,32.3137063
TSK005261,S096,36.60674253,36.60674253
TSK005261,S097,44.89093441,44.89093441
TSK005261,S098,80.66533275,80.66533275
TSK005261,S099,44.77335066,44.77335066
TSK005261,S100,46.92610929,46.92610929
TSK005334,S001,0.10071586,0.10071586
TSK005334,S002,0.30087555,0.30087555
TSK005334,S003,0.19340958,0.19340958
TSK005334,S004,0.24295904,0.24295904
TSK005334,S005,0.10071586,0.10071586
TSK005334,S006,0.3075923,0.3075923
TSK005334,S007,0.10071586,0.10071586
TSK005334,S008,0.10071586,0.10071586
TSK005334,S009,0.17943127,0.17943127
TSK005334,S010,0.42759776,0.42759776
TSK005334,S011,0.21184095,0.21184095
TSK005334,S012,0.33179456,0.33179456
TSK005334,S013,0.21955471,0.21955471
TSK005334,S014,0.10071586,0.10071586
TSK005334,S015,0.45104571,0.45104571
TSK005334,S016,0.57059874,0.57059874
TSK005334,S017,0.22253865,0.22253865
TSK005334,S018,0.20950374,0.20950374
TSK005334,S019,0.10071586,0.10071586
TSK005334,S020,0.10071586,0.10071586
TSK005334,S021,0.19340958,0.19340958
TSK005334,S022,0.32561854,0.32561854
TSK005334,S023,0.36187464,0.36187464
TSK005334,S024,0.51345455,0.51345455
TSK005334,S025,0.22419139,0.22419139
TSK005334,S026,0.24750533,0.24750533
TSK005334,S027,0.28616221,0.28616221
TSK005334,S028,0.1467052,0.1467052
TSK005334,S029,0.40666679,0.40666679
TSK005334,S030,0.10071586,0.10071586
TSK005334,S031,0.22854561,0.22854561
TSK005334,S032,0.28631441,0.28631441
TSK005334,S033,0.3466498,0.3466498
TSK005334,S034,0.10071586,0.10071586
TSK005334,S035,0.31724,0.31724
TSK005334,S036,0.42759776,0.42759776
TSK005334,S037,0.20690105,0.20690105
TSK005334,S038,0.23487751,0.23487751
TSK005334,S039,0.42639654,0.42639654
TSK005334,S040,0.20855403,0.20855403
TSK005334,S041,0.51793838,0.51793838
TSK005334,S042,0.10071586,0.10071586
TSK005334,S043,0.32529832,0.32529832
TSK005334,S044,0.10071586,0.10071586
TSK005334,S045,0.28284726,0.28284726
TSK005334,S046,0.21066879,0.21066879
TSK005334,S047,0.10071586,0.10071586
TSK005334,S048,0.29885582,0.29885582
TSK005334,S049,0.29978943,0.29978943
TSK005334,S050,0.10071586,0.10071586
TSK005334,S051,0.3340777,0.3340777
TSK005334,S052,0.26810644,0.26810644
TSK005334,S053,0.10071586,0.10071586
TSK005334,S054,0.83907552,0.83907552
TSK005334,S055,0.20950374,0.20950374
TSK005334,S056,0.23026582,0.23026582
TSK005334,S057,0.10071586,0.10071586
TSK005334,S058,0.35845979,0.35845979
TSK005334,S059,0.22608639,0.22608639
TSK005334,S060,0.28337382,0.28337382
TSK005334,S061,0.29471755,0.29471755
TSK005334,S062,0.1251973,0.1251973
TSK005334,S063,0.24750533,0.24750533
TSK005334,S064,0.10071586,0.10071586
TSK005334,S065,0.53870356,0.53870356
TSK005334,S066,0.18563471,0.18563471
TSK005334,S067,0.22419139,0.22419139
TSK005334,S068,0.37972202,0.37972202
TSK005334,S069,0.29471755,0.29471755
TSK005334,S070,0.25110626,0.25110626
TSK005334,S071,0.201547,0.201547
TSK005334,S072,0.10071586,0.10071586
TSK005334,S073,0.35268681,0.35268681
TSK005334,S074,0.10071586,0.10071586
TSK005334,S075,0.10071586,0.10071586
TSK005334,S076,0.32561854,0.32561854
TSK005334,S077,0.10071586,0.10071586
TSK005334,S078,0.41668693,0.41668693
TSK005334,S079,0.28439564,0.28439564
TSK005334,S080,0.29541997,0.29541997
TSK005334,S081,0.57789044,0.57789044
TSK005334,S082,0.43987824,0.43987824
TSK005334,S083,0.10071586,0.10071586
TSK005334,S084,0.4787313,0.4787313
TSK005334,S085,0.4870616,0.4870616
TSK005334,S086,0.33969642,0.33969642
TSK005334,S087,0.10071586,0.10071586
TSK005334,S088,0.10071586,0.10071586
TSK005334,S089,0.34531469,0.34531469
TSK005334,S090,0.56759342,0.56759342
TSK005334,S091,0.3466498,0.3466498
TSK005334,S092,0.23731121,0.23731121
TSK005334,S093,0.25278216,0.25278216
TSK005334,S094,0.28179978,0.28179978
TSK005334,S095,0.22979976,0.22979976
TSK005334,S096,0.23487751,0.23487751
TSK005334,S097,0.244119,0.244119
TSK005334,S098,0.70706812,0.70706812
TSK005334,S099,0.41438807,0.41438807
TSK005334,S100,0.42543395,0.42543395
TSK005385,S001,4.33689505,4.33689505
TSK005385,S002,18.1550124,18.1550124
TSK005385,S003,10.73604909,10.73604909
TSK005385,S004,10.30875516,10.30875516
TSK005385,S005,4.33689505,4.33689505
TSK005385,S006,13.15737594,13.15737594
TSK005385,S007,4.33689505,4.33689505
TSK005385,S008,4.33689505,4.33689505
TSK005385,S009,7.79186856,7.79186856
TSK005385,S010,19.27269061,19.27269061
TSK005385,S011,9.00704273,9.00704273
TSK005385,S012,15.44207674,15.44207674
TSK005385,S013,9.26707736,9.26707736
TSK005385,S014,4.33689505,4.33689505
TSK005385,S015,17.89982592,17.89982592
TSK005385,S016,26.92930992,26.92930992
TSK005385,S017,9.87409485,9.87409485
TSK005385,S018,9.72866484,9.72866484
TSK005385,S019,4.33689505,4.33689505
TSK005385,S020,4.33689505,4.33689505
TSK005385,S021,10.73604909,10.73604909
TSK005385,S022,17.18146317,17.18146317
TSK005385,S023,18.31858313,18.31858313
TSK005385,S024,22.49489324,22.49489324
TSK005385,S025,10.25238155,10.25238155
TSK005385,S026,10.524862,10.524862
TSK005385,S027,12.59488794,12.59488794
TSK005385,S028,6.26830507,6.26830507
TSK005385,S029,18.68133826,18.68133826
TSK005385,S030,4.33689505,4.33689505
TSK005385,S031,10.22560689,10.22560689
TSK005385,S032,12.86673947,12.86673947
TSK005385,S033,16.26415143,16.26415143
TSK005385,S034,4.33689505,4.33689505
TSK005385,S035,13.89342975,13.89342975
TSK005385,S036,19.27269061,19.27269061
TSK005385,S037,8.63412873,8.63412873
TSK005385,S038,12.55470484,12.55470484
TSK005385,S039,21.33074359,21.33074359
TSK005385,S040,8.75409494,8.75409494
TSK005385,S041,27.11040002,27.11040002
TSK005385,S042,4.33689505,4.33689505
TSK005385,S043,14.96669372,14.96669372
TSK005385,S044,4.33689505,4.33689505
TSK005385,S045,12.75457017,12.75457017
TSK005385,S046,9.93114464,9.93114464
TSK005385,S047,4.33689505,4.33689505
TSK005385,S048,15.78581694,15.78581694
TSK005385,S049,11.97635811,11.97635811
TSK005385,S050,4.33689505,4.33689505
TSK005385,S051,17.66515824,17.66515824
TSK005385,S052,10.96175566,10.96175566
TSK005385,S053,4.33689505,4.33689505
TSK005385,S054,38.73297846,38.73297846
TSK005385,S055,9.72866484,9.72866484
TSK005385,S056,11.96440531,11.96440531
TSK005385,S057,4.33689505,4.33689505
TSK005385,S058,19.70411284,19.70411284
TSK005385,S059,10.19708651,10.19708651
TSK005385,S060,12.23102995,12.23102995
TSK005385,S061,12.33083348,12.33083348
TSK005385,S062,5.78548806,5.78548806
TSK005385,S063,10.524862,10.524862
TSK005385,S064,4.33689505,4.33689505
TSK005385,S065,26.20440699,26.20440699
TSK005385,S066,10.19930737,10.19930737
TSK005385,S067,10.25238155,10.25238155
TSK005385,S068,14.690062,14.690062
TSK005385,S069,12.33083348,12.33083348
TSK005385,S070,13.29986856,13.29986856
TSK005385,S071,8.97504913,8.97504913
TSK005385,S072,4.33689505,4.33689505
TSK005385,S073,16.09870219,16.09870219
TSK005385,S074,4.33689505,4.33689505
TSK005385,S075,4.33689505,4.33689505
TSK005385,S076,17.18146317,17.18146317
TSK005385,S077,4.33689505,4.33689505
TSK005385,S078,22.56855213,22.56855213
TSK005385,S079,12.33424304,12.33424304
TSK005385,S080,12.6740014,12.6740014
TSK005385,S081,31.77970251,31.77970251
TSK005385,S082,22.52174269,22.52174269
TSK005385,S083,4.33689505,4.33689505
TSK005385,S084,25.04972826,25.04972826
TSK005385,S085,21.13294289,21.13294289
TSK005385,S086,14.79803207,14.79803207
TSK005385,S087,4.33689505,4.33689505
TSK005385,S088,4.33689505,4.33689505
TSK005385,S089,17.84269406,17.84269406
TSK005385,S090,28.24256866,28.24256866
TSK005385,S091,16.26415143,16.26415143
TSK005385,S092,11.12249071,11.12249071
TSK005385,S093,12.43308425,12.43308425
TSK005385,S094,12.56754227,12.56754227
TSK005385,S095,11.99318786,11.99318786
TSK005385,S096,12.55470484,12.55470484
TSK005385,S097,14.23679785,14.23679785
TSK005385,S098,33.28882791,33.28882791
TSK005385,S099,19.72151951,19.72151951
TSK005385,S100,20.20258823,20.20258823
TSK005481,S001,8.05359079,8.05359079
TSK005481,S002,49.22789877,49.22789877
TSK005481,S003,27.12136483,27.12136483
TSK005481,S004,18.47365562,18.47365562
TSK005481,S005,8.05359079,8.05359079
TSK005481,S006,21.8650538,21.8650538
TSK005481,S007,8.05359079,8.05359079
TSK005481,S008,8.05359079,8.05359079
TSK005481,S009,14.40306994,14.40306994
TSK005481,S010,35.61577095,35.61577095
TSK005481,S011,16.30448741,16.30448741
TSK005481,S012,31.35109669,31.35109669
TSK005481,S013,16.09228551,16.09228551
TSK005481,S014,8.05359079,8.05359079
TSK005481,S015,31.91198917,31.91198917
TSK005481,S016,55.76928486,55.76928486
TSK005481,S017,18.80148714,18.80148714
TSK005481,S018,18.9701735,18.9701735
TSK005481,S019,8.05359079,8.05359079
TSK005481,S020,8.05359079,8.05359079
TSK005481,S021,27.12136483,27.12136483
TSK005481,S022,40.9079254,40.9079254
TSK005481,S023,42.11010617,42.11010617
TSK005481,S024,43.87030483,43.87030483
TSK005481,S025,20.40929608,20.40929608
TSK005481,S026,19.06853561,19.06853561
TSK005481,S027,22.9379019,22.9379019
TSK005481,S028,10.98693734,10.98693734
TSK005481,S029,35.21856501,35.21856501
TSK005481,S030,8.05359079,8.05359079
TSK005481,S031,20.08324168,20.08324168
TSK005481,S032,24.25855844,24.25855844
TSK005481,S033,30.04063012,30.04063012
TSK005481,S034,8.05359079,8.05359079
TSK005481,S035,24.99372942,24.99372942
TSK005481,S036,35.61577095,35.61577095
TSK005481,S037,14.63864542,14.63864542
TSK005481,S038,30.85578614,30.85578614
TSK005481,S039,46.90983288,46.90983288
TSK005481,S040,15.17737909,15.17737909
TSK005481,S041,63.19826638,63.19826638
TSK005481,S042,8.05359079,8.05359079
TSK005481,S043,28.73352225,28.73352225
TSK005481,S044,8.05359079,8.05359079
TSK005481,S045,24.2028881,24.2028881
TSK005481,S046,20.25721728,20.25721728
TSK005481,S047,8.05359079,8.05359079
TSK005481,S048,37.62578282,37.62578282
TSK005481,S049,19.94994004,19.94994004
TSK005481,S050,8.05359079,8.05359079
TSK005481,S051,40.78130652,40.78130652
TSK005481,S052,17.72147302,17.72147302
TSK005481,S053,8.05359079,8.05359079
TSK005481,S054,72.83040167,72.83040167
TSK005481,S055,18.9701735,18.9701735
TSK005481,S056,27.99592322,27.99592322
TSK005481,S057,8.05359079,8.05359079
TSK005481,S058,48.67367488,48.67367488
TSK005481,S059,19.42654083,19.42654083
TSK005481,S060,22.14896905,22.14896905
TSK005481,S061,20.17633991,20.17633991
TSK005481,S062,11.91329114,11.91329114
TSK005481,S063,19.06853561,19.06853561
TSK005481,S064,8.05359079,8.05359079
TSK005481,S065,54.2586677,54.2586677
TSK005481,S066,25.52201752,25.52201752
TSK005481,S067,20.40929608,20.40929608
TSK005481,S068,22.60924966,22.60924966
TSK005481,S069,20.17633991,20.17633991
TSK005481,S070,31.76839434,31.76839434
TSK005481,S071,17.23245515,17.23245515
TSK005481,S072,8.05359079,8.05359079
TSK005481,S073,30.28133353,30.28133353
TSK005481,S074,8.05359079,8.05359079
TSK005481,S075,8.05359079,8.05359079
TSK005481,S076,40.9079254,40.9079254
TSK005481,S077,8.05359079,8.05359079
TSK005481,S078,52.76875735,52.76875735
TSK005481,S079,22.75991708,22.75991708
TSK005481,S080,22.51889128,22.51889128
TSK005481,S081,78.83349822,78.83349822
TSK005481,S082,51.04798565,51.04798565
TSK005481,S083,8.05359079,8.05359079
TSK005481,S084,56.40078335,56.40078335
TSK005481,S085,39.1175559,39.1175559
TSK005481,S086,25.99427124,25.99427124
TSK005481,S087,8.05359079,8.05359079
TSK005481,S088,8.05359079,8.05359079
TSK005481,S089,41.68626575,41.68626575
TSK005481,S090,62.40838171,62.40838171
TSK005481,S091,30.04063012,30.04063012
TSK005481,S092,22.56774613,22.56774613
TSK005481,S093,27.19528764,27.19528764
TSK005481,S094,24.39639257,24.39639257
TSK005481,S095,27.49958657,27.49958657
TSK005481,S096,30.85578614,30.85578614
TSK005481,S097,37.5526634,37.5526634
TSK005481,S098,69.45358145,69.45358145
TSK005481,S099,38.93629343,38.93629343
TSK005481,S100,40.66551969,40.66551969
TSK005530,S001,2.33887555,2.33887555
TSK005530,S002,7.16090434,7.16090434
TSK005530,S003,4.57195146,4.57195146
TSK005530,S004,5.61353662,5.61353662
TSK005530,S005,2.33887555,2.33887555
TSK005530,S006,6.88541122,6.88541122
TSK005530,S007,2.33887555,2.33887555
TSK005530,S008,2.33887555,2.33887555
TSK005530,S009,4.14013475,4.14013475
TSK005530,S010,9.65603434,9.65603434
TSK005530,S011,4.90697035,4.90697035
TSK005530,S012,7.65859875,7.65859875
TSK005530,S013,5.03069183,5.03069183
TSK005530,S014,2.33887555,2.33887555
TSK005530,S015,10.77863994,10.77863994
TSK005530,S016,13.18851918,13.18851918
TSK005530,S017,5.13299882,5.13299882
TSK005530,S018,4.75559841,4.75559841
TSK005530,S019,2.33887555,2.33887555
TSK005530,S020,2.33887555,2.33887555
TSK005530,S021,4.57195146,4.57195146
TSK005530,S022,7.62008975,7.62008975
TSK005530,S023,8.48719438,8.48719438
TSK005530,S024,12.04129066,12.04129066
TSK005530,S025,5.18042015,5.18042015
TSK005530,S026,5.734469,5.734469
TSK005530,S027,6.51490958,6.51490958
TSK005530,S028,3.34919887,3.34919887
TSK005530,S029,9.15559085,9.15559085
TSK005530,S030,2.33887555,2.33887555
TSK005530,S031,5.31447115,5.31447115
TSK005530,S032,6.52998408,6.52998408
TSK005530,S033,7.63620902,7.63620902
TSK005530,S034,2.33887555,2.33887555
TSK005530,S035,7.20909701,7.20909701
TSK005530,S036,9.65603434,9.65603434
TSK005530,S037,4.73219139,4.73219139
TSK005530,S038,5.56461391,5.56461391
TSK005530,S039,9.82863685,9.82863685
TSK005530,S040,4.79102654,4.79102654
TSK005530,S041,12.02382246,12.02382246
TSK005530,S042,2.33887555,2.33887555
TSK005530,S043,7.37407549,7.37407549
TSK005530,S044,2.33887555,2.33887555
TSK005530,S045,6.45533021,6.45533021
TSK005530,S046,4.8381704,4.8381704
TSK005530,S047,2.33887555,2.33887555
TSK005530,S048,6.99436478,6.99436478
TSK005530,S049,6.98516756,6.98516756
TSK005530,S050,2.33887555,2.33887555
TSK005530,S051,7.66796973,7.66796973
TSK005530,S052,6.10781566,6.10781566
TSK005530,S053,2.33887555,2.33887555
TSK005530,S054,18.81471378,18.81471378
TSK005530,S055,4.75559841,4.75559841
TSK005530,S056,5.37872837,5.37872837
TSK005530,S057,2.33887555,2.33887555
TSK005530,S058,8.39478718,8.39478718
TSK005530,S059,5.16776498,5.16776498
TSK005530,S060,6.50984471,6.50984471
TSK005530,S061,6.65003239,6.65003239
TSK005530,S062,2.91978279,2.91978279
TSK005530,S063,5.734469,5.734469
TSK005530,S064,2.33887555,2.33887555
TSK005530,S065,12.23760758,12.23760758
TSK005530,S066,4.3846478,4.3846478
TSK005530,S067,5.18042015,5.18042015
TSK005530,S068,8.79420137,8.79420137
TSK005530,S069,6.65003239,6.65003239
TSK005530,S070,5.87572337,5.87572337
TSK005530,S071,4.65517714,4.65517714
TSK005530,S072,2.33887555,2.33887555
TSK005530,S073,7.96290624,7.96290624
TSK005530,S074,2.33887555,2.33887555
TSK005530,S075,2.33887555,2.33887555
TSK005530,S076,7.62008975,7.62008975
TSK005530,S077,2.33887555,2.33887555
TSK005530,S078,9.50599467,9.50599467
TSK005530,S079,6.56234759,6.56234759
TSK005530,S080,6.76202086,6.76202086
TSK005530,S081,13.56699133,13.56699133
TSK005530,S082,10.17370405,10.17370405
TSK005530,S083,2.33887555,2.33887555
TSK005530,S084,10.89549319,10.89549319
TSK005530,S085,11.24955151,11.24955151
TSK005530,S086,7.67403943,7.67403943
TSK005530,S087,2.33887555,2.33887555
TSK005530,S088,2.33887555,2.33887555
TSK005530,S089,8.08317992,8.08317992
TSK005530,S090,13.15541241,13.15541241
TSK005530,S091,7.63620902,7.63620902
TSK005530,S092,5.45465937,5.45465937
TSK005530,S093,5.86539517,5.86539517
TSK005530,S094,6.53276712,6.53276712
TSK005530,S095,5.2927149,5.2927149
TSK005530,S096,5.56461391,5.56461391
TSK005530,S097,5.79358759,5.79358759
TSK005530,S098,16.4216859,16.4216859
TSK005530,S099,9.32259026,9.32259026
TSK005530,S100,9.66981888,9.66981888
TSK005640,S001,6.42792512,6.42792512
TSK005640,S002,38.01415169,38.01415169
TSK005640,S003,21.05546984,21.05546984
TSK005640,S004,14.7271986,14.7271986
TSK005640,S005,6.42792512,6.42792512
TSK005640,S006,16.87509899,16.87509899
TSK005640,S007,6.42792512,6.42792512
TSK005640,S008,6.42792512,6.42792512
TSK005640,S009,11.4118214,11.4118214
TSK005640,S010,27.50497149,27.50497149
TSK005640,S011,13.02122452,13.02122452
TSK005640,S012,24.53931384,24.53931384
TSK005640,S013,12.74516045,12.74516045
TSK005640,S014,6.42792512,6.42792512
TSK005640,S015,26.67786127,26.67786127
TSK005640,S016,43.60144377,43.60144377
TSK005640,S017,14.82991446,14.82991446
TSK005640,S018,14.65444838,14.65444838
TSK005640,S019,6.42792512,6.42792512
TSK005640,S020,6.42792512,6.42792512
TSK005640,S021,21.05546984,21.05546984
TSK005640,S022,31.76346466,31.76346466
TSK005640,S023,32.91943648,32.91943648
TSK005640,S024,35.16601012,35.16601012
TSK005640,S025,16.03487462,16.03487462
TSK005640,S026,15.23145263,15.23145263
TSK005640,S027,17.91311019,17.91311019
TSK005640,S028,8.64965374,8.64965374
TSK005640,S029,27.05376257,27.05376257
TSK005640,S030,6.42792512,6.42792512
TSK005640,S031,15.92138142,15.92138142
TSK005640,S032,18.90830105,18.90830105
TSK005640,S033,22.57193639,22.57193639
TSK005640,S034,6.42792512,6.42792512
TSK005640,S035,19.50222675,19.50222675
TSK005640,S036,27.50497149,27.50497149
TSK005640,S037,11.60257058,11.60257058
TSK005640,S038,24.09502799,24.09502799
TSK005640,S039,36.30620463,36.30620463
TSK005640,S040,12.06474759,12.06474759
TSK005640,S041,48.87396372,48.87396372
TSK005640,S042,6.42792512,6.42792512
TSK005640,S043,22.19976036,22.19976036
TSK005640,S044,6.42792512,6.42792512
TSK005640,S045,18.86559644,18.86559644
TSK005640,S046,15.76265253,15.76265253
TSK005640,S047,6.42792512,6.42792512
TSK005640,S048,29.21273819,29.21273819
TSK005640,S049,16.27990064,16.27990064
TSK005640,S050,6.42792512,6.42792512
TSK005640,S051,31.27497305,31.27497305
TSK005640,S052,14.05557764,14.05557764
TSK005640,S053,6.42792512,6.42792512
TSK005640,S054,55.71158963,55.71158963
TSK005640,S055,14.65444838,14.65444838
TSK005640,S056,21.75443713,21.75443713
TSK005640,S057,6.42792512,6.42792512
TSK005640,S058,37.63070315,37.63070315
TSK005640,S059,15.16185218,15.16185218
TSK005640,S060,17.50253851,17.50253851
TSK005640,S061,15.76475594,15.76475594
TSK005640,S062,9.4097875,9.4097875
TSK005640,S063,15.23145263,15.23145263
TSK005640,S064,6.42792512,6.42792512
TSK005640,S065,41.69212577,41.69212577
TSK005640,S066,19.82855556,19.82855556
TSK005640,S067,16.03487462,16.03487462
TSK005640,S068,18.5276088,18.5276088
TSK005640,S069,15.76475594,15.76475594
TSK005640,S070,24.65403584,24.65403584
TSK005640,S071,13.59869159,13.59869159
TSK005640,S072,6.42792512,6.42792512
TSK005640,S073,23.33969216,23.33969216
TSK005640,S074,6.42792512,6.42792512
TSK005640,S075,6.42792512,6.42792512
TSK005640,S076,31.76346466,31.76346466
TSK005640,S077,6.42792512,6.42792512
TSK005640,S078,40.21779171,40.21779171
TSK005640,S079,18.03851571,18.03851571
TSK005640,S080,17.75762918,17.75762918
TSK005640,S081,61.03087289,61.03087289
TSK005640,S082,39.48630688,39.48630688
TSK005640,S083,6.42792512,6.42792512
TSK005640,S084,43.05792017,43.05792017
TSK005640,S085,31.02592155,31.02592155
TSK005640,S086,20.18827349,20.18827349
TSK005640,S087,6.42792512,6.42792512
TSK005640,S088,6.42792512,6.42792512
TSK005640,S089,32.45862889,32.45862889
TSK005640,S090,48.5190014,48.5190014
TSK005640,S091,22.57193639,22.57193639
TSK005640,S092,17.58729552,17.58729552
TSK005640,S093,21.19271331,21.19271331
TSK005640,S094,19.30490142,19.30490142
TSK005640,S095,21.16596165,21.16596165
TSK005640,S096,24.09502799,24.09502799
TSK005640,S097,29.05767743,29.05767743
TSK005640,S098,54.51718638,54.51718638
TSK005640,S099,29.76281919,29.76281919
TSK005640,S100,31.35417207,31.35417207
TSK005851,S001,6.47945408,6.47945408
TSK005851,S002,34.28938353,34.28938353
TSK005851,S003,19.3582,19.3582
TSK005851,S004,15.14658206,15.14658206
TSK005851,S005,6.47945408,6.47945408
TSK005851,S006,19.06060508,19.06060508
TSK005851,S007,6.47945408,6.47945408
TSK005851,S008,6.47945408,6.47945408
TSK005851,S009,11.67747052,11.67747052
TSK005851,S010,29.4138047,29.4138047
TSK005851,S011,13.28215021,13.28215021
TSK005851,S012,24.50336817,24.50336817
TSK005851,S013,13.47221399,13.47221399
TSK005851,S014,6.47945408,6.47945408
TSK005851,S015,25.30818562,25.30818562
TSK005851,S016,43.22059523,43.22059523
TSK005851,S017,15.07040025,15.07040025
TSK005851,S018,15.2606949,15.2606949
TSK005851,S019,6.47945408,6.47945408
TSK005851,S020,6.47945408,6.47945408
TSK005851,S021,19.3582,19.3582
TSK005851,S022,29.93651325,29.93651325
TSK005851,S023,31.12441615,31.12441615
TSK005851,S024,34.33456184,34.33456184
TSK005851,S025,16.05654035,16.05654035
TSK005851,S026,15.52490763,15.52490763
TSK005851,S027,18.9318912,18.9318912
TSK005851,S028,9.19292134,9.19292134
TSK005851,S029,28.91124815,28.91124815
TSK005851,S030,6.47945408,6.47945408
TSK005851,S031,15.79616418,15.79616418
TSK005851,S032,19.70866121,19.70866121
TSK005851,S033,25.28510194,25.28510194
TSK005851,S034,6.47945408,6.47945408
TSK005851,S035,20.76831554,20.76831554
TSK005851,S036,29.4138047,29.4138047
TSK005851,S037,12.40200163,12.40200163
TSK005851,S038,22.17421467,22.17421467
TSK005851,S039,35.6390751,35.6390751
TSK005851,S040,12.68363467,12.68363467
TSK005851,S041,46.82164346,46.82164346
TSK005851,S042,6.47945408,6.47945408
TSK005851,S043,23.28595285,23.28595285
TSK005851,S044,6.47945408,6.47945408
TSK005851,S045,19.60088032,19.60088032
TSK005851,S046,15.86733907,15.86733907
TSK005851,S047,6.47945408,6.47945408
TSK005851,S048,27.52346552,27.52346552
TSK005851,S049,16.70932917,16.70932917
TSK005851,S050,6.47945408,6.47945408
TSK005851,S051,30.53871036,30.53871036
TSK005851,S052,15.38898963,15.38898963
TSK005851,S053,6.47945408,6.47945408
TSK005851,S054,60.03813255,60.03813255
TSK005851,S055,15.2606949,15.2606949
TSK005851,S056,20.62968222,20.62968222
TSK005851,S057,6.47945408,6.47945408
TSK005851,S058,35.18635663,35.18635663
TSK005851,S059,15.68793832,15.68793832
TSK005851,S060,18.17905813,18.17905813
TSK005851,S061,17.58651385,17.58651385
TSK005851,S062,9.18575998,9.18575998
TSK005851,S063,15.52490763,15.52490763
TSK005851,S064,6.47945408,6.47945408
TSK005851,S065,42.59800972,42.59800972
TSK005851,S066,18.27796968,18.27796968
TSK005851,S067,16.05654035,16.05654035
TSK005851,S068,19.71733032,19.71733032
TSK005851,S069,17.58651385,17.58651385
TSK005851,S070,23.22560179,23.22560179
TSK005851,S071,13.75164983,13.75164983
TSK005851,S072,6.47945408,6.47945408
TSK005851,S073,24.82670302,24.82670302
TSK005851,S074,6.47945408,6.47945408
TSK005851,S075,6.47945408,6.47945408
TSK005851,S076,29.93651325,29.93651325
TSK005851,S077,6.47945408,6.47945408
TSK005851,S078,39.48552581,39.48552581
TSK005851,S079,18.46493306,18.46493306
TSK005851,S080,18.68970579,18.68970579
TSK005851,S081,56.82656609,56.82656609
TSK005851,S082,38.28142801,38.28142801
TSK005851,S083,6.47945408,6.47945408
TSK005851,S084,42.84593128,42.84593128
TSK005851,S085,31.66898503,31.66898503
TSK005851,S086,21.93206491,21.93206491
TSK005851,S087,6.47945408,6.47945408
TSK005851,S088,6.47945408,6.47945408
TSK005851,S089,30.68915343,30.68915343
TSK005851,S090,47.14930913,47.14930913
TSK005851,S091,25.28510194,25.28510194
TSK005851,S092,17.70113685,17.70113685
TSK005851,S093,20.60320411,20.60320411
TSK005851,S094,19.32487844,19.32487844
TSK005851,S095,20.59645897,20.59645897
TSK005851,S096,22.17421467,22.17421467
TSK005851,S097,26.4037022,26.4037022
TSK005851,S098,53.47705725,53.47705725
TSK005851,S099,31.37342797,31.37342797
TSK005851,S100,32.26880693,32.26880693
TSK005993,S001,6.63477162,6.63477162
TSK005993,S002,36.26264822,36.26264822
TSK005993,S003,20.35540675,20.35540675
TSK005993,S004,15.43807006,15.43807006
TSK005993,S005,6.63477162,6.63477162
TSK005993,S006,19.08922518,19.08922518
TSK005993,S007,6.63477162,6.63477162
TSK005993,S008,6.63477162,6.63477162
TSK005993,S009,11.92549554,11.92549554
TSK005993,S010,29.82361484,29.82361484
TSK005993,S011,13.56116457,13.56116457
TSK005993,S012,25.20984322,25.20984322
TSK005993,S013,13.65474395,13.65474395
TSK005993,S014,6.63477162,6.63477162
TSK005993,S015,26.14768526,26.14768526
TSK005993,S016,44.55255693,44.55255693
TSK005993,S017,15.42451693,15.42451693
TSK005993,S018,15.56925542,15.56925542
TSK005993,S019,6.63477162,6.63477162
TSK005993,S020,6.63477162,6.63477162
TSK005993,S021,20.35540675,20.35540675
TSK005993,S022,31.27808337,31.27808337
TSK005993,S023,32.4636668,32.4636668
TSK005993,S024,35.41094732,35.41094732
TSK005993,S025,16.50033623,16.50033623
TSK005993,S026,15.85352441,15.85352441
TSK005993,S027,19.22197759,19.22197759
TSK005993,S028,9.31251903,9.31251903
TSK005993,S029,29.33794606,29.33794606
TSK005993,S030,6.63477162,6.63477162
TSK005993,S031,16.25062962,16.25062962
TSK005993,S032,20.08040313,20.08040313
TSK005993,S033,25.45127563,25.45127563
TSK005993,S034,6.63477162,6.63477162
TSK005993,S035,21.05159674,21.05159674
TSK005993,S036,29.82361484,29.82361484
TSK005993,S037,12.53663587,12.53663587
TSK005993,S038,23.29208996,23.29208996
TSK005993,S039,36.87391086,36.87391086
TSK005993,S040,12.86602717,12.86602717
TSK005993,S041,48.74420783,48.74420783
TSK005993,S042,6.63477162,6.63477162
TSK005993,S043,23.71587929,23.71587929
TSK005993,S044,6.63477162,6.63477162
TSK005993,S045,19.98567715,19.98567715
TSK005993,S046,16.30510433,16.30510433
TSK005993,S047,6.63477162,6.63477162
TSK005993,S048,28.7595983,28.7595983
TSK005993,S049,16.99076039,16.99076039
TSK005993,S050,6.63477162,6.63477162
TSK005993,S051,31.67630281,31.67630281
TSK005993,S052,15.47017865,15.47017865
TSK005993,S053,6.63477162,6.63477162
TSK005993,S054,60.83727708,60.83727708
TSK005993,S055,15.56925542,15.56925542
TSK005993,S056,21.51834618,21.51834618
TSK005993,S057,6.63477162,6.63477162
TSK005993,S058,36.85908334,36.85908334
TSK005993,S059,16.0089839,16.0089839
TSK005993,S060,18.50599836,18.50599836
TSK005993,S061,17.63622681,17.63622681
TSK005993,S062,9.49200662,9.49200662
TSK005993,S063,15.85352441,15.85352441
TSK005993,S064,6.63477162,6.63477162
TSK005993,S065,43.6864367,43.6864367
TSK005993,S066,19.2045613,19.2045613
TSK005993,S067,16.50033623,16.50033623
TSK005993,S068,19.87291436,19.87291436
TSK005993,S069,17.63622681,17.63622681
TSK005993,S070,24.27090191,24.27090191
TSK005993,S071,14.09047228,14.09047228
TSK005993,S072,6.63477162,6.63477162
TSK005993,S073,25.20985917,25.20985917
TSK005993,S074,6.63477162,6.63477162
TSK005993,S075,6.63477162,6.63477162
TSK005993,S076,31.27808337,31.27808337
TSK005993,S077,6.63477162,6.63477162
TSK005993,S078,40.93445346,40.93445346
TSK005993,S079,18.85484415,18.85484415
TSK005993,S080,18.97193316,18.97193316
TSK005993,S081,59.58149973,59.58149973
TSK005993,S082,39.73337377,39.73337377
TSK005993,S083,6.63477162,6.63477162
TSK005993,S084,44.26106339,44.26106339
TSK005993,S085,32.3566166,32.3566166
TSK005993,S086,22.14200494,22.14200494
TSK005993,S087,6.63477162,6.63477162
TSK005993,S088,6.63477162,6.63477162
TSK005993,S089,32.0265485,32.0265485
TSK005993,S090,48.87638477,48.87638477
TSK005993,S091,25.45127563,25.45127563
TSK005993,S092,18.18670478,18.18670478
TSK005993,S093,21.34905719,21.34905719
TSK005993,S094,19.84258111,19.84258111
TSK005993,S095,21.37183812,21.37183812
TSK005993,S096,23.29208996,23.29208996
TSK005993,S097,27.86147648,27.86147648
TSK005993,S098,55.23865446,55.23865446
TSK005993,S099,31.95813225,31.95813225
TSK005993,S100,33.02148839,33.02148839
TSK006006,S001,2.29766759,2.29766759
TSK006006,S002,7.11969639,7.11969639
TSK006006,S003,4.53074351,4.53074351
TSK006006,S004,5.50066266,5.50066266
TSK006006,S005,2.29766759,2.29766759
TSK006006,S006,6.6381635,6.6381635
TSK006006,S007,2.29766759,2.29766759
TSK006006,S008,2.29766759,2.29766759
TSK006006,S009,4.05413554,4.05413554
TSK006006,S010,9.35205104,9.35205104
TSK006006,S011,4.81440177,4.81440177
TSK006006,S012,7.50093354,7.50093354
TSK006006,S013,4.90885963,4.90885963
TSK006006,S014,2.29766759,2.29766759
TSK006006,S015,10.73743199,10.73743199
TSK006006,S016,12.92574384,12.92574384
TSK006006,S017,5.02549982,5.02549982
TSK006006,S018,4.61823857,4.61823857
TSK006006,S019,2.29766759,2.29766759
TSK006006,S020,2.29766759,2.29766759
TSK006006,S021,4.53074351,4.53074351
TSK006006,S022,7.5143824,7.5143824
TSK006006,S023,8.37850094,8.37850094
TSK006006,S024,11.88661154,11.88661154
TSK006006,S025,5.07650445,5.07650445
TSK006006,S026,5.62697,5.62697
TSK006006,S027,6.33634179,6.33634179
TSK006006,S028,3.26200524,3.26200524
TSK006006,S029,8.8533992,8.8533992
TSK006006,S030,2.29766759,2.29766759
TSK006006,S031,5.22429143,5.22429143
TSK006006,S032,6.35679124,6.35679124
TSK006006,S033,7.2993788,7.2993788
TSK006006,S034,2.29766759,2.29766759
TSK006006,S035,7.00484891,7.00484891
TSK006006,S036,9.35205104,9.35205104
TSK006006,S037,4.61334527,4.61334527
TSK006006,S038,5.52041987,5.52041987
TSK006006,S039,9.61961101,9.61961101
TSK006006,S040,4.68113867,4.68113867
TSK006006,S041,11.81001888,11.81001888
TSK006006,S042,2.29766759,2.29766759
TSK006006,S043,7.1560914,7.1560914
TSK006006,S044,2.29766759,2.29766759
TSK006006,S045,6.28631789,6.28631789
TSK006006,S046,4.72649088,4.72649088
TSK006006,S047,2.29766759,2.29766759
TSK006006,S048,6.89761568,6.89761568
TSK006006,S049,6.87348804,6.87348804
TSK006006,S050,2.29766759,2.29766759
TSK006006,S051,7.48880473,7.48880473
TSK006006,S052,5.94238664,5.94238664
TSK006006,S053,2.29766759,2.29766759
TSK006006,S054,18.15538655,18.15538655
TSK006006,S055,4.61823857,4.61823857
TSK006006,S056,5.29929855,5.29929855
TSK006006,S057,2.29766759,2.29766759
TSK006006,S058,8.28131601,8.28131601
TSK006006,S059,5.0363773,5.0363773
TSK006006,S060,6.36054054,6.36054054
TSK006006,S061,6.43802046,6.43802046
TSK006006,S062,2.87439433,2.87439433
TSK006006,S063,5.62697,5.62697
TSK006006,S064,2.29766759,2.29766759
TSK006006,S065,11.88883304,11.88883304
TSK006006,S066,4.34343985,4.34343985
TSK006006,S067,5.07650445,5.07650445
TSK006006,S068,8.62757791,8.62757791
TSK006006,S069,6.43802046,6.43802046
TSK006006,S070,5.79390469,5.79390469
TSK006006,S071,4.56081691,4.56081691
TSK006006,S072,2.29766759,2.29766759
TSK006006,S073,7.71147801,7.71147801
TSK006006,S074,2.29766759,2.29766759
TSK006006,S075,2.29766759,2.29766759
TSK006006,S076,7.5143824,7.5143824
TSK006006,S077,2.29766759,2.29766759
TSK006006,S078,9.25516366,9.25516366
TSK006006,S079,6.42618218,6.42618218
TSK006006,S080,6.59480018,6.59480018
TSK006006,S081,13.39977066,13.39977066
TSK006006,S082,9.97423367,9.97423367
TSK006006,S083,2.29766759,2.29766759
TSK006006,S084,10.5950932,10.5950932
TSK006006,S085,11.02141473,11.02141473
TSK006006,S086,7.43395832,7.43395832
TSK006006,S087,2.29766759,2.29766759
TSK006006,S088,2.29766759,2.29766759
TSK006006,S089,7.97209761,7.97209761
TSK006006,S090,12.91115079,12.91115079
TSK006006,S091,7.2993788,7.2993788
TSK006006,S092,5.33103551,5.33103551
TSK006006,S093,5.75968782,5.75968782
TSK006006,S094,6.41212935,6.41212935
TSK006006,S095,5.17804929,5.17804929
TSK006006,S096,5.52041987,5.52041987
TSK006006,S097,5.75237964,5.75237964
TSK006006,S098,16.13323024,16.13323024
TSK006006,S099,9.01144036,9.01144036
TSK006006,S100,9.39689085,9.39689085
TSK006098,S001,6.41506131,6.41506131
TSK006098,S002,36.85130125,36.85130125
TSK006098,S003,20.51004856,20.51004856
TSK006098,S004,14.77669436,14.77669436
TSK006098,S005,6.41506131,6.41506131
TSK006098,S006,17.36931105,17.36931105
TSK006098,S007,6.41506131,6.41506131
TSK006098,S008,6.41506131,6.41506131
TSK006098,S009,11.43312417,11.43312417
TSK006098,S010,27.87561307,27.87561307
TSK006098,S011,13.03653649,13.03653649
TSK006098,S012,24.41911041,24.41911041
TSK006098,S013,12.88214245,12.88214245
TSK006098,S014,6.41506131,6.41506131
TSK006098,S015,26.23220146,26.23220146
TSK006098,S016,43.30336991,43.30336991
TSK006098,S017,14.82865562,14.82865562
TSK006098,S018,14.74388116,14.74388116
TSK006098,S019,6.41506131,6.41506131
TSK006098,S020,6.41506131,6.41506131
TSK006098,S021,20.51004856,20.51004856
TSK006098,S022,31.13385573,31.13385573
TSK006098,S023,32.29748218,32.29748218
TSK006098,S024,34.80562346,34.80562346
TSK006098,S025,15.96946215,15.96946215
TSK006098,S026,15.24632437,15.24632437
TSK006098,S027,18.09961529,18.09961529
TSK006098,S028,8.75467129,8.75467129
TSK006098,S029,27.41000894,27.41000894
TSK006098,S030,6.41506131,6.41506131
TSK006098,S031,15.82075763,15.82075763
TSK006098,S032,19.03201565,19.03201565
TSK006098,S033,23.16475748,23.16475748
TSK006098,S034,6.41506131,6.41506131
TSK006098,S035,19.74624825,19.74624825
TSK006098,S036,27.87561307,27.87561307
TSK006098,S037,11.76366279,11.76366279
TSK006098,S038,23.4794623,23.4794623
TSK006098,S039,35.95819702,35.95819702
TSK006098,S040,12.17706697,12.17706697
TSK006098,S041,48.10081651,48.10081651
TSK006098,S042,6.41506131,6.41506131
TSK006098,S043,22.37947987,22.37947987
TSK006098,S044,6.41506131,6.41506131
TSK006098,S045,18.97239049,18.97239049
TSK006098,S046,15.71714211,15.71714211
TSK006098,S047,6.41506131,6.41506131
TSK006098,S048,28.63126402,28.63126402
TSK006098,S049,16.3332831,16.3332831
TSK006098,S050,6.41506131,6.41506131
TSK006098,S051,30.9266051,30.9266051
TSK006098,S052,14.3470013,14.3470013
TSK006098,S053,6.41506131,6.41506131
TSK006098,S054,56.57224843,56.57224843
TSK006098,S055,14.74388116,14.74388116
TSK006098,S056,21.3568759,21.3568759
TSK006098,S057,6.41506131,6.41506131
TSK006098,S058,36.8077003,36.8077003
TSK006098,S059,15.23101243,15.23101243
TSK006098,S060,17.60509434,17.60509434
TSK006098,S061,16.17261393,16.17261393
TSK006098,S062,9.31011217,9.31011217
TSK006098,S063,15.24632437,15.24632437
TSK006098,S064,6.41506131,6.41506131
TSK006098,S065,41.72630273,41.72630273
TSK006098,S066,19.32780359,19.32780359
TSK006098,S067,15.96946215,15.96946215
TSK006098,S068,18.77444704,18.77444704
TSK006098,S069,16.17261393,16.17261393
TSK006098,S070,24.16234053,24.16234053
TSK006098,S071,13.57988294,13.57988294
TSK006098,S072,6.41506131,6.41506131
TSK006098,S073,23.6182962,23.6182962
TSK006098,S074,6.41506131,6.41506131
TSK006098,S075,6.41506131,6.41506131
TSK006098,S076,31.13385573,31.13385573
TSK006098,S077,6.41506131,6.41506131
TSK006098,S078,39.82097862,39.82097862
TSK006098,S079,18.07401325,18.07401325
TSK006098,S080,17.9255936,17.9255936
TSK006098,S081,59.6346669,59.6346669
TSK006098,S082,38.98116139,38.98116139
TSK006098,S083,6.41506131,6.41506131
TSK006098,S084,42.78519604,42.78519604
TSK006098,S085,31.06366057,31.06366057
TSK006098,S086,20.55293748,20.55293748
TSK006098,S087,6.41506131,6.41506131
TSK006098,S088,6.41506131,6.41506131
TSK006098,S089,31.8427983,31.8427983
TSK006098,S090,47.93262677,47.93262677
TSK006098,S091,23.16475748,23.16475748
TSK006098,S092,17.53629594,17.53629594
TSK006098,S093,20.93993966,20.93993966
TSK006098,S094,19.22738683,19.22738683
TSK006098,S095,20.91307275,20.91307275
TSK006098,S096,23.4794623,23.4794623
TSK006098,S097,28.22091297,28.22091297
TSK006098,S098,54.00054776,54.00054776
TSK006098,S099,30.03767698,30.03767698
TSK006098,S100,31.44357315,31.44357315
TSK006150,S001,0.10071586,0.10071586
TSK006150,S002,0.30087555,0.30087555
TSK006150,S003,0.19340958,0.19340958
TSK006150,S004,0.24295904,0.24295904
TSK006150,S005,0.10071586,0.10071586
TSK006150,S006,0.3075923,0.3075923
TSK006150,S007,0.10071586,0.10071586
TSK006150,S008,0.10071586,0.10071586
TSK006150,S009,0.17943127,0.17943127
TSK006150,S010,0.42759776,0.42759776
TSK006150,S011,0.21184095,0.21184095
TSK006150,S012,0.33179456,0.33179456
TSK006150,S013,0.21955471,0.21955471
TSK006150,S014,0.10071586,0.10071586
TSK006150,S015,0.45104571,0.45104571
TSK006150,S016,0.57059874,0.57059874
TSK006150,S017,0.22253865,0.22253865
TSK006150,S018,0.20950374,0.20950374
TSK006150,S019,0.10071586,0.10071586
TSK006150,S020,0.10071586,0.10071586
TSK006150,S021,0.19340958,0.19340958
TSK006150,S022,0.32561854,0.32561854
TSK006150,S023,0.36187464,0.36187464
TSK006150,S024,0.51345455,0.51345455
TSK006150,S025,0.22419139,0.22419139
TSK006150,S026,0.24750533,0.24750533
TSK006150,S027,0.28616221,0.28616221
TSK006150,S028,0.1467052,0.1467052
TSK006150,S029,0.40666679,0.40666679
TSK006150,S030,0.10071586,0.10071586
TSK006150,S031,0.22854561,0.22854561
TSK006150,S032,0.28631441,0.28631441
TSK006150,S033,0.3466498,0.3466498
TSK006150,S034,0.10071586,0.10071586
TSK006150,S035,0.31724,0.31724
TSK006150,S036,0.42759776,0.42759776
TSK006150,S037,0.20690105,0.20690105
TSK006150,S038,0.23487751,0.23487751
TSK006150,S039,0.42639654,0.42639654
TSK006150,S040,0.20855403,0.20855403
TSK006150,S041,0.51793838,0.51793838
TSK006150,S042,0.10071586,0.10071586
TSK006150,S043,0.32529832,0.32529832
TSK006150,S044,0.10071586,0.10071586
TSK006150,S045,0.28284726,0.28284726
TSK006150,S046,0.21066879,0.21066879
TSK006150,S047,0.10071586,0.10071586
TSK006150,S048,0.29885582,0.29885582
TSK006150,S049,0.29978943,0.29978943
TSK006150,S050,0.10071586,0.10071586
TSK006150,S051,0.3340777,0.3340777
TSK006150,S052,0.26810644,0.26810644
TSK006150,S053,0.10071586,0.10071586
TSK006150,S054,0.83907552,0.83907552
TSK006150,S055,0.20950374,0.20950374
TSK006150,S056,0.23026582,0.23026582
TSK006150,S057,0.10071586,0.10071586
TSK006150,S058,0.35845979,0.35845979
TSK006150,S059,0.22608639,0.22608639
TSK006150,S060,0.28337382,0.28337382
TSK006150,S061,0.29471755,0.29471755
TSK006150,S062,0.1251973,0.1251973
TSK006150,S063,0.24750533,0.24750533
TSK006150,S064,0.10071586,0.10071586
TSK006150,S065,0.53870356,0.53870356
TSK006150,S066,0.18563471,0.18563471
TSK006150,S067,0.22419139,0.22419139
TSK006150,S068,0.37972202,0.37972202
TSK006150,S069,0.29471755,0.29471755
TSK006150,S070,0.25110626,0.25110626
TSK006150,S071,0.201547,0.201547
TSK006150,S072,0.10071586,0.10071586
TSK006150,S073,0.35268681,0.35268681
TSK006150,S074,0.10071586,0.10071586
TSK006150,S075,0.10071586,0.10071586
TSK006150,S076,0.32561854,0.32561854
TSK006150,S077,0.10071586,0.10071586
TSK006150,S078,0.41668693,0.41668693
TSK006150,S079,0.28439564,0.28439564
TSK006150,S080,0.29541997,0.29541997
TSK006150,S081,0.57789044,0.57789044
TSK006150,S082,0.43987824,0.43987824
TSK006150,S083,0.10071586,0.10071586
TSK006150,S084,0.4787313,0.4787313
TSK006150,S085,0.4870616,0.4870616
TSK006150,S086,0.33969642,0.33969642
TSK006150,S087,0.10071586,0.10071586
TSK006150,S088,0.10071586,0.10071586
TSK006150,S089,0.34531469,0.34531469
TSK006150,S090,0.56759342,0.56759342
TSK006150,S091,0.3466498,0.3466498
TSK006150,S092,0.23731121,0.23731121
TSK006150,S093,0.25278216,0.25278216
TSK006150,S094,0.28179978,0.28179978
TSK006150,S095,0.22979976,0.22979976
TSK006150,S096,0.23487751,0.23487751
TSK006150,S097,0.244119,0.244119
TSK006150,S098,0.70706812,0.70706812
TSK006150,S099,0.41438807,0.41438807
TSK006150,S100,0.42543395,0.42543395
TSK006200,S001,1.44760888,1.44760888
TSK006200,S002,4.66836019,4.66836019
TSK006200,S003,2.93913506,2.93913506
TSK006200,S004,3.43555974,3.43555974
TSK006200,S005,1.44760888,1.44760888
TSK006200,S006,3.91143425,3.91143425
TSK006200,S007,1.44760888,1.44760888
TSK006200,S008,1.44760888,1.44760888
TSK006200,S009,2.52616684,2.52616684
TSK006200,S010,5.60424155,5.60424155
TSK006200,S011,3.02008822,3.02008822
TSK006200,S012,4.67695966,4.67695966
TSK006200,S013,3.02135397,3.02135397
TSK006200,S014,1.44760888,1.44760888
TSK006200,S015,7.08473454,7.08473454
TSK006200,S016,8.07825829,8.07825829
TSK006200,S017,3.12954243,3.12954243
TSK006200,S018,2.79443594,2.79443594
TSK006200,S019,1.44760888,1.44760888
TSK006200,S020,1.44760888,1.44760888
TSK006200,S021,2.93913506,2.93913506
TSK006200,S022,4.79571336,4.79571336
TSK006200,S023,5.36657066,5.36657066
TSK006200,S024,7.61257024,7.61257024
TSK006200,S025,3.17118008,3.17118008
TSK006200,S026,3.53127912,3.53127912
TSK006200,S027,3.85493957,3.85493957
TSK006200,S028,1.99456011,1.99456011
TSK006200,S029,5.27496496,5.27496496
TSK006200,S030,1.44760888,1.44760888
TSK006200,S031,3.29891052,3.29891052
TSK006200,S032,3.87995386,3.87995386
TSK006200,S033,4.16381603,4.16381603
TSK006200,S034,1.44760888,1.44760888
TSK006200,S035,4.24719729,4.24719729
TSK006200,S036,5.60424155,5.60424155
TSK006200,S037,2.83028135,2.83028135
TSK006200,S038,3.59385551,3.59385551
TSK006200,S039,5.98356716,5.98356716
TSK006200,S040,2.89448824,2.89448824
TSK006200,S041,7.43650043,7.43650043
TSK006200,S042,1.44760888,1.44760888
TSK006200,S043,4.31919597,4.31919597
TSK006200,S044,1.44760888,1.44760888
TSK006200,S045,3.84171512,3.84171512
TSK006200,S046,2.92099489,2.92099489
TSK006200,S047,1.44760888,1.44760888
TSK006200,S048,4.40268575,4.40268575
TSK006200,S049,4.35502696,4.35502696
TSK006200,S050,1.44760888,1.44760888
TSK006200,S051,4.62343609,4.62343609
TSK006200,S052,3.61956541,3.61956541
TSK006200,S053,1.44760888,1.44760888
TSK006200,S054,10.7334734,10.7334734
TSK006200,S055,2.79443594,2.79443594
TSK006200,S056,3.37172083,3.37172083
TSK006200,S057,1.44760888,1.44760888
TSK006200,S058,5.29156458,5.29156458
TSK006200,S059,3.0863384,3.0863384
TSK006200,S060,3.93292748,3.93292748
TSK006200,S061,3.85219613,3.85219613
TSK006200,S062,1.82398667,1.82398667
TSK006200,S063,3.53127912,3.53127912
TSK006200,S064,1.44760888,1.44760888
TSK006200,S065,7.2039904,7.2039904
TSK006200,S066,2.81403035,2.81403035
TSK006200,S067,3.17118008,3.17118008
TSK006200,S068,5.41054705,5.41054705
TSK006200,S069,3.85219613,3.85219613
TSK006200,S070,3.69703346,3.69703346
TSK006200,S071,2.84692747,2.84692747
TSK006200,S072,1.44760888,1.44760888
TSK006200,S073,4.6194952,4.6194952
TSK006200,S074,1.44760888,1.44760888
TSK006200,S075,1.44760888,1.44760888
TSK006200,S076,4.79571336,4.79571336
TSK006200,S077,1.44760888,1.44760888
TSK006200,S078,5.65182244,5.65182244
TSK006200,S079,4.00452929,4.00452929
TSK006200,S080,4.05154321,4.05154321
TSK006200,S081,8.59674991,8.59674991
TSK006200,S082,6.24061608,6.24061608
TSK006200,S083,1.44760888,1.44760888
TSK006200,S084,6.4420703,6.4420703
TSK006200,S085,6.87949076,6.87949076
TSK006200,S086,4.45810594,4.45810594
TSK006200,S087,1.44760888,1.44760888
TSK006200,S088,1.44760888,1.44760888
TSK006200,S089,5.09007697,5.09007697
TSK006200,S090,8.107625,8.107625
TSK006200,S091,4.16381603,4.16381603
TSK006200,S092,3.29955039,3.29955039
TSK006200,S093,3.62370981,3.62370981
TSK006200,S094,4.02794815,4.02794815
TSK006200,S095,3.21629316,3.21629316
TSK006200,S096,3.59385551,3.59385551
TSK006200,S097,3.75509579,3.75509579
TSK006200,S098,10.16636256,10.16636256
TSK006200,S099,5.36159852,5.36159852
TSK006200,S100,5.69980134,5.69980134
TSK006510,S001,5.92036373,5.92036373
TSK006510,S002,29.76022821,29.76022821
TSK006510,S003,16.96057719,16.96057719
TSK006510,S004,13.90767647,13.90767647
TSK006510,S005,5.92036373,5.92036373
TSK006510,S006,17.67867292,17.67867292
TSK006510,S007,5.92036373,5.92036373
TSK006510,S008,5.92036373,5.92036373
TSK006510,S009,10.67689659,10.67689659
TSK006510,S010,26.89665505,26.89665505
TSK006510,S011,12.17884387,12.17884387
TSK006510,S012,22.11917917,22.11917917
TSK006510,S013,12.42344739,12.42344739
TSK006510,S014,5.92036373,5.92036373
TSK006510,S015,23.25496637,23.25496637
TSK006510,S016,38.90953994,38.90953994
TSK006510,S017,13.72340833,13.72340833
TSK006510,S018,13.85383775,13.85383775
TSK006510,S019,5.92036373,5.92036373
TSK006510,S020,5.92036373,5.92036373
TSK006510,S021,16.96057719,16.96057719
TSK006510,S022,26.44266425,26.44266425
TSK006510,S023,27.61969729,27.61969729
TSK006510,S024,31.15849112,31.15849112
TSK006510,S025,14.53282761,14.53282761
TSK006510,S026,14.23360286,14.23360286
TSK006510,S027,17.34547299,17.34547299
TSK006510,S028,8.46643518,8.46643518
TSK006510,S029,26.36677976,26.36677976
TSK006510,S030,5.92036373,5.92036373
TSK006510,S031,14.32245278,14.32245278
TSK006510,S032,17.9726055,17.9726055
TSK006510,S033,23.12472312,23.12472312
TSK006510,S034,5.92036373,5.92036373
TSK006510,S035,19.05971627,19.05971627
TSK006510,S036,26.89665505,26.89665505
TSK006510,S037,11.47376574,11.47376574
TSK006510,S038,19.49713862,19.49713862
TSK006510,S039,31.82695799,31.82695799
TSK006510,S040,11.69890891,11.69890891
TSK006510,S041,41.48215626,41.48215626
TSK006510,S042,5.92036373,5.92036373
TSK006510,S043,21.18380539,21.18380539
TSK006510,S044,5.92036373,5.92036373
TSK006510,S045,17.85862428,17.85862428
TSK006510,S046,14.3153647,14.3153647
TSK006510,S047,5.92036373,5.92036373
TSK006510,S048,24.30767788,24.30767788
TSK006510,S049,15.49875983,15.49875983
TSK006510,S050,5.92036373,5.92036373
TSK006510,S051,27.09830649,27.09830649
TSK006510,S052,14.32887987,14.32887987
TSK006510,S053,5.92036373,5.92036373
TSK006510,S054,54.77446379,54.77446379
TSK006510,S055,13.85383775,13.85383775
TSK006510,S056,18.26512701,18.26512701
TSK006510,S057,5.92036373,5.92036373
TSK006510,S058,30.92789062,30.92789062
TSK006510,S059,14.28568637,14.28568637
TSK006510,S060,16.66832242,16.66832242
TSK006510,S061,16.34655361,16.34655361
TSK006510,S062,8.27475879,8.27475879
TSK006510,S063,14.23360286,14.23360286
TSK006510,S064,5.92036373,5.92036373
TSK006510,S065,38.35985727,38.35985727
TSK006510,S066,16.03455742,16.03455742
TSK006510,S067,14.53282761,14.53282761
TSK006510,S068,18.48838137,18.48838137
TSK006510,S069,16.34655361,16.34655361
TSK006510,S070,20.50623369,20.50623369
TSK006510,S071,12.50817243,12.50817243
TSK006510,S072,5.92036373,5.92036373
TSK006510,S073,22.64821961,22.64821961
TSK006510,S074,5.92036373,5.92036373
TSK006510,S075,5.92036373,5.92036373
TSK006510,S076,26.44266425,26.44266425
TSK006510,S077,5.92036373,5.92036373
TSK006510,S078,34.98277886,34.98277886
TSK006510,S079,16.88679517,16.88679517
TSK006510,S080,17.18100387,17.18100387
TSK006510,S081,49.91792471,49.91792471
TSK006510,S082,34.04617478,34.04617478
TSK006510,S083,5.92036373,5.92036373
TSK006510,S084,38.15246399,38.15246399
TSK006510,S085,28.94987704,28.94987704
TSK006510,S086,20.19240748,20.19240748
TSK006510,S087,5.92036373,5.92036373
TSK006510,S088,5.92036373,5.92036373
TSK006510,S089,27.17573869,27.17573869
TSK006510,S090,42.07419507,42.07419507
TSK006510,S091,23.12472312,23.12472312
TSK006510,S092,15.98102952,15.98102952
TSK006510,S093,18.41029245,18.41029245
TSK006510,S094,17.55052985,17.55052985
TSK006510,S095,18.29126229,18.29126229
TSK006510,S096,19.49713862,19.49713862
TSK006510,S097,23.0002839,23.0002839
TSK006510,S098,48.09071401,48.09071401
TSK006510,S099,28.43609703,28.43609703
TSK006510,S100,29.1686145,29.1686145
TSK006528,S001,3.02265122,3.02265122
TSK006528,S002,10.03359849,10.03359849
TSK006528,S003,6.26941273,6.26941273
TSK006528,S004,7.2104246,7.2104246
TSK006528,S005,3.02265122,3.02265122
TSK006528,S006,8.65419802,8.65419802
TSK006528,S007,3.02265122,3.02265122
TSK006528,S008,3.02265122,3.02265122
TSK006528,S009,5.33410939,5.33410939
TSK006528,S010,12.33342778,12.33342778
TSK006528,S011,6.31644399,6.31644399
TSK006528,S012,9.99347853,9.99347853
TSK006528,S013,6.4174564,6.4174564
TSK006528,S014,3.02265122,3.02265122
TSK006528,S015,14.0237123,14.0237123
TSK006528,S016,17.2697867,17.2697867
TSK006528,S017,6.63682127,6.63682127
TSK006528,S018,6.13105365,6.13105365
TSK006528,S019,3.02265122,3.02265122
TSK006528,S020,3.02265122,3.02265122
TSK006528,S021,6.26941273,6.26941273
TSK006528,S022,10.27859762,10.27859762
TSK006528,S023,11.37131074,11.37131074
TSK006528,S024,15.71428446,15.71428446
TSK006528,S025,6.7430211,6.7430211
TSK006528,S026,7.38307096,7.38307096
TSK006528,S027,8.3337831,8.3337831
TSK006528,S028,4.27019582,4.27019582
TSK006528,S029,11.71069555,11.71069555
TSK006528,S030,3.02265122,3.02265122
TSK006528,S031,6.92051793,6.92051793
TSK006528,S032,8.39544695,8.39544695
TSK006528,S033,9.65315621,9.65315621
TSK006528,S034,3.02265122,3.02265122
TSK006528,S035,9.20121581,9.20121581
TSK006528,S036,12.33342778,12.33342778
TSK006528,S037,6.01694175,6.01694175
TSK006528,S038,7.58314204,7.58314204
TSK006528,S039,12.99055614,12.99055614
TSK006528,S040,6.11735645,6.11735645
TSK006528,S041,16.11011604,16.11011604
TSK006528,S042,3.02265122,3.02265122
TSK006528,S043,9.48115451,9.48115451
TSK006528,S044,3.02265122,3.02265122
TSK006528,S045,8.30872318,8.30872318
TSK006528,S046,6.30632639,6.30632639
TSK006528,S047,3.02265122,3.02265122
TSK006528,S048,9.43702955,9.43702955
TSK006528,S049,8.93692123,8.93692123
TSK006528,S050,3.02265122,3.02265122
TSK006528,S051,10.22001058,10.22001058
TSK006528,S052,7.71645623,7.71645623
TSK006528,S053,3.02265122,3.02265122
TSK006528,S054,24.01794145,24.01794145
TSK006528,S055,6.13105365,6.13105365
TSK006528,S056,7.22462269,7.22462269
TSK006528,S057,3.02265122,3.02265122
TSK006528,S058,11.42321662,11.42321662
TSK006528,S059,6.65890977,6.65890977
TSK006528,S060,8.35222955,8.35222955
TSK006528,S061,8.37515972,8.37515972
TSK006528,S062,3.83177256,3.83177256
TSK006528,S063,7.38307096,7.38307096
TSK006528,S064,3.02265122,3.02265122
TSK006528,S065,15.92773402,15.92773402
TSK006528,S066,5.99708418,5.99708418
TSK006528,S067,6.7430211,6.7430211
TSK006528,S068,11.14495913,11.14495913
TSK006528,S069,8.37515972,8.37515972
TSK006528,S070,7.93109981,7.93109981
TSK006528,S071,6.0286482,6.0286482
TSK006528,S072,3.02265122,3.02265122
TSK006528,S073,10.19366131,10.19366131
TSK006528,S074,3.02265122,3.02265122
TSK006528,S075,3.02265122,3.02265122
TSK006528,S076,10.27859762,10.27859762
TSK006528,S077,3.02265122,3.02265122
TSK006528,S078,12.68342621,12.68342621
TSK006528,S079,8.45325738,8.45325738
TSK006528,S080,8.64407346,8.64407346
TSK006528,S081,18.49090685,18.49090685
TSK006528,S082,13.53849694,13.53849694
TSK006528,S083,3.02265122,3.02265122
TSK006528,S084,14.40982116,14.40982116
TSK006528,S085,14.50193312,14.50193312
TSK006528,S086,9.74333559,9.74333559
TSK006528,S087,3.02265122,3.02265122
TSK006528,S088,3.02265122,3.02265122
TSK006528,S089,10.85989619,10.85989619
TSK006528,S090,17.43274022,17.43274022
TSK006528,S091,9.65315621,9.65315621
TSK006528,S092,7.1063111,7.1063111
TSK006528,S093,7.76083756,7.76083756
TSK006528,S094,8.4841284,8.4841284
TSK006528,S095,7.05110716,7.05110716
TSK006528,S096,7.58314204,7.58314204
TSK006528,S097,8.04560006,8.04560006
TSK006528,S098,21.56397532,21.56397532
TSK006528,S099,11.99995772,11.99995772
TSK006528,S100,12.53162494,12.53162494
TSK006603,S001,1.44760888,1.44760888
TSK006603,S002,4.66836019,4.66836019
TSK006603,S003,2.93913506,2.93913506
TSK006603,S004,3.43555974,3.43555974
TSK006603,S005,1.44760888,1.44760888
TSK006603,S006,3.91143425,3.91143425
TSK006603,S007,1.44760888,1.44760888
TSK006603,S008,1.44760888,1.44760888
TSK006603,S009,2.52616684,2.52616684
TSK006603,S010,5.60424155,5.60424155
TSK006603,S011,3.02008822,3.02008822
TSK006603,S012,4.67695966,4.67695966
TSK006603,S013,3.02135397,3.02135397
TSK006603,S014,1.44760888,1.44760888
TSK006603,S015,7.08473454,7.08473454
TSK006603,S016,8.07825829,8.07825829
TSK006603,S017,3.12954243,3.12954243
TSK006603,S018,2.79443594,2.79443594
TSK006603,S019,1.44760888,1.44760888
TSK006603,S020,1.44760888,1.44760888
TSK006603,S021,2.93913506,2.93913506
TSK006603,S022,4.79571336,4.79571336
TSK006603,S023,5.36657066,5.36657066
TSK006603,S024,7.61257024,7.61257024
TSK006603,S025,3.17118008,3.17118008
TSK006603,S026,3.53127912,3.53127912
TSK006603,S027,3.85493957,3.85493957
TSK006603,S028,1.99456011,1.99456011
TSK006603,S029,5.27496496,5.27496496
TSK006603,S030,1.44760888,1.44760888
TSK006603,S031,3.29891052,3.29891052
TSK006603,S032,3.87995386,3.87995386
TSK006603,S033,4.16381603,4.16381603
TSK006603,S034,1.44760888,1.44760888
TSK006603,S035,4.24719729,4.24719729
TSK006603,S036,5.60424155,5.60424155
TSK006603,S037,2.83028135,2.83028135
TSK006603,S038,3.59385551,3.59385551
TSK006603,S039,5.98356716,5.98356716
TSK006603,S040,2.89448824,2.89448824
TSK006603,S041,7.43650043,7.43650043
TSK006603,S042,1.44760888,1.44760888
TSK006603,S043,4.31919597,4.31919597
TSK006603,S044,1.44760888,1.44760888
TSK006603,S045,3.84171512,3.84171512
TSK006603,S046,2.92099489,2.92099489
TSK006603,S047,1.44760888,1.44760888
TSK006603,S048,4.40268575,4.40268575
TSK006603,S049,4.35502696,4.35502696
TSK006603,S050,1.44760888,1.44760888
TSK006603,S051,4.62343609,4.62343609
TSK006603,S052,3.61956541,3.61956541
TSK006603,S053,1.44760888,1.44760888
TSK006603,S054,10.7334734,10.7334734
TSK006603,S055,2.79443594,2.79443594
TSK006603,S056,3.37172083,3.37172083
TSK006603,S057,1.44760888,1.44760888
TSK006603,S058,5.29156458,5.29156458
TSK006603,S059,3.0863384,3.0863384
TSK006603,S060,3.93292748,3.93292748
TSK006603,S061,3.85219613,3.85219613
TSK006603,S062,1.82398667,1.82398667
TSK006603,S063,3.53127912,3.53127912
TSK006603,S064,1.44760888,1.44760888
TSK006603,S065,7.2039904,7.2039904
TSK006603,S066,2.81403035,2.81403035
TSK006603,S067,3.17118008,3.17118008
TSK006603,S068,5.41054705,5.41054705
TSK006603,S069,3.85219613,3.85219613
TSK006603,S070,3.69703346,3.69703346
TSK006603,S071,2.84692747,2.84692747
TSK006603,S072,1.44760888,1.44760888
TSK006603,S073,4.6194952,4.6194952
TSK006603,S074,1.44760888,1.44760888
TSK006603,S075,1.44760888,1.44760888
TSK006603,S076,4.79571336,4.79571336
TSK006603,S077,1.44760888,1.44760888
TSK006603,S078,5.65182244,5.65182244
TSK006603,S079,4.00452929,4.00452929
TSK006603,S080,4.05154321,4.05154321
TSK006603,S081,8.59674991,8.59674991
TSK006603,S082,6.24061608,6.24061608
TSK006603,S083,1.44760888,1.44760888
TSK006603,S084,6.4420703,6.4420703
TSK006603,S085,6.87949076,6.87949076
TSK006603,S086,4.45810594,4.45810594
TSK006603,S087,1.44760888,1.44760888
TSK006603,S088,1.44760888,1.44760888
TSK006603,S089,5.09007697,5.09007697
TSK006603,S090,8.107625,8.107625
TSK006603,S091,4.16381603,4.16381603
TSK006603,S092,3.29955039,3.29955039
TSK006603,S093,3.62370981,3.62370981
TSK006603,S094,4.02794815,4.02794815
TSK006603,S095,3.21629316,3.21629316
TSK006603,S096,3.59385551,3.59385551
TSK006603,S097,3.75509579,3.75509579
TSK006603,S098,10.16636256,10.16636256
TSK006603,S099,5.36159852,5.36159852
TSK006603,S100,5.69980134,5.69980134
TSK006913,S001,9.03432234,9.03432234
TSK006913,S002,49.01466865,49.01466865
TSK006913,S003,25.67793464,25.67793464
TSK006913,S004,19.51712325,19.51712325
TSK006913,S005,9.03432234,9.03432234
TSK006913,S006,23.85030392,23.85030392
TSK006913,S007,9.03432234,9.03432234
TSK006913,S008,9.03432234,9.03432234
TSK006913,S009,15.27095793,15.27095793
TSK006913,S010,36.15991888,36.15991888
TSK006913,S011,17.27804574,17.27804574
TSK006913,S012,31.2504955,31.2504955
TSK006913,S013,17.42849009,17.42849009
TSK006913,S014,9.03432234,9.03432234
TSK006913,S015,40.91220737,40.91220737
TSK006913,S016,54.34885616,54.34885616
TSK006913,S017,20.7407433,20.7407433
TSK006913,S018,19.33083159,19.33083159
TSK006913,S019,9.03432234,9.03432234
TSK006913,S020,9.03432234,9.03432234
TSK006913,S021,25.67793464,25.67793464
TSK006913,S022,37.58094027,37.58094027
TSK006913,S023,39.94467973,39.94467973
TSK006913,S024,47.08455618,47.08455618
TSK006913,S025,22.59600871,22.59600871
TSK006913,S026,21.41990847,21.41990847
TSK006913,S027,24.54680655,24.54680655
TSK006913,S028,12.23264331,12.23264331
TSK006913,S029,37.59341824,37.59341824
TSK006913,S030,9.03432234,9.03432234
TSK006913,S031,22.38335511,22.38335511
TSK006913,S032,24.73928675,24.73928675
TSK006913,S033,30.81509047,30.81509047
TSK006913,S034,9.03432234,9.03432234
TSK006913,S035,26.0213527,26.0213527
TSK006913,S036,36.15991888,36.15991888
TSK006913,S037,16.14303169,16.14303169
TSK006913,S038,28.42183971,28.42183971
TSK006913,S039,48.01728033,48.01728033
TSK006913,S040,16.50886506,16.50886506
TSK006913,S041,67.53024217,67.53024217
TSK006913,S042,9.03432234,9.03432234
TSK006913,S043,30.29919062,30.29919062
TSK006913,S044,9.03432234,9.03432234
TSK006913,S045,26.03328062,26.03328062
TSK006913,S046,22.26210416,22.26210416
TSK006913,S047,9.03432234,9.03432234
TSK006913,S048,33.99170971,33.99170971
TSK006913,S049,22.45741232,22.45741232
TSK006913,S050,9.03432234,9.03432234
TSK006913,S051,37.47600161,37.47600161
TSK006913,S052,19.74896127,19.74896127
TSK006913,S053,9.03432234,9.03432234
TSK006913,S054,72.19952367,72.19952367
TSK006913,S055,19.33083159,19.33083159
TSK006913,S056,25.78839157,25.78839157
TSK006913,S057,9.03432234,9.03432234
TSK006913,S058,45.85626568,45.85626568
TSK006913,S059,19.94780308,19.94780308
TSK006913,S060,23.78998045,23.78998045
TSK006913,S061,22.23261488,22.23261488
TSK006913,S062,12.24906727,12.24906727
TSK006913,S063,21.41990847,21.41990847
TSK006913,S064,9.03432234,9.03432234
TSK006913,S065,52.38230815,52.38230815
TSK006913,S066,24.40123045,24.40123045
TSK006913,S067,22.59600871,22.59600871
TSK006913,S068,25.38643307,25.38643307
TSK006913,S069,22.23261488,22.23261488
TSK006913,S070,28.86112819,28.86112819
TSK006913,S071,19.15882754,19.15882754
TSK006913,S072,9.03432234,9.03432234
TSK006913,S073,30.67213532,30.67213532
TSK006913,S074,9.03432234,9.03432234
TSK006913,S075,9.03432234,9.03432234
TSK006913,S076,37.58094027,37.58094027
TSK006913,S077,9.03432234,9.03432234
TSK006913,S078,49.8615356,49.8615356
TSK006913,S079,24.88425873,24.88425873
TSK006913,S080,25.08867192,25.08867192
TSK006913,S081,78.74893805,78.74893805
TSK006913,S082,51.69495925,51.69495925
TSK006913,S083,9.03432234,9.03432234
TSK006913,S084,53.88489319,53.88489319
TSK006913,S085,43.67553203,43.67553203
TSK006913,S086,27.34722136,27.34722136
TSK006913,S087,9.03432234,9.03432234
TSK006913,S088,9.03432234,9.03432234
TSK006913,S089,45.65497649,45.65497649
TSK006913,S090,65.26168389,65.26168389
TSK006913,S091,30.81509047,30.81509047
TSK006913,S092,22.33649768,22.33649768
TSK006913,S093,25.95984821,25.95984821
TSK006913,S094,24.48205613,24.48205613
TSK006913,S095,27.03076501,27.03076501
TSK006913,S096,28.42183971,28.42183971
TSK006913,S097,36.84980557,36.84980557
TSK006913,S098,69.62417574,69.62417574
TSK006913,S099,38.26885848,38.26885848
TSK006913,S100,43.06450367,43.06450367
TSK006931,S001,8.25036672,8.25036672
TSK006931,S002,50.18538487,50.18538487
TSK006931,S003,27.67042476,27.67042476
TSK006931,S004,18.95660118,18.95660118
TSK006931,S005,8.25036672,8.25036672
TSK006931,S006,22.66773465,22.66773465
TSK006931,S007,8.25036672,8.25036672
TSK006931,S008,8.25036672,8.25036672
TSK006931,S009,14.78188246,14.78188246
TSK006931,S010,36.75940065,36.75940065
TSK006931,S011,16.71727633,16.71727633
TSK006931,S012,32.15093499,32.15093499
TSK006931,S013,16.5582869,16.5582869
TSK006931,S014,8.25036672,8.25036672
TSK006931,S015,32.39505741,32.39505741
TSK006931,S016,57.16699975,57.16699975
TSK006931,S017,19.2934501,19.2934501
TSK006931,S018,19.53856949,19.53856949
TSK006931,S019,8.25036672,8.25036672
TSK006931,S020,8.25036672,8.25036672
TSK006931,S021,27.67042476,27.67042476
TSK006931,S022,41.80735316,41.80735316
TSK006931,S023,43.01811294,43.01811294
TSK006931,S024,44.81538057,44.81538057
TSK006931,S025,20.92732532,20.92732532
TSK006931,S026,19.54982826,19.54982826
TSK006931,S027,23.63035165,23.63035165
TSK006931,S028,11.31582997,11.31582997
TSK006931,S029,36.36353156,36.36353156
TSK006931,S030,8.25036672,8.25036672
TSK006931,S031,20.56180749,20.56180749
TSK006931,S032,24.96798726,24.96798726
TSK006931,S033,31.1873568,31.1873568
TSK006931,S034,8.25036672,8.25036672
TSK006931,S035,25.76545792,25.76545792
TSK006931,S036,36.75940065,36.75940065
TSK006931,S037,15.07505553,15.07505553
TSK006931,S038,31.46488874,31.46488874
TSK006931,S039,48.09501357,48.09501357
TSK006931,S040,15.60512465,15.60512465
TSK006931,S041,64.68650271,64.68650271
TSK006931,S042,8.25036672,8.25036672
TSK006931,S043,29.61054172,29.61054172
TSK006931,S044,8.25036672,8.25036672
TSK006931,S045,24.90441028,24.90441028
TSK006931,S046,20.79755194,20.79755194
TSK006931,S047,8.25036672,8.25036672
TSK006931,S048,38.45244218,38.45244218
TSK006931,S049,20.42485756,20.42485756
TSK006931,S050,8.25036672,8.25036672
TSK006931,S051,41.83030051,41.83030051
TSK006931,S052,18.28449265,18.28449265
TSK006931,S053,8.25036672,8.25036672
TSK006931,S054,75.27334582,75.27334582
TSK006931,S055,19.53856949,19.53856949
TSK006931,S056,28.62179859,28.62179859
TSK006931,S057,8.25036672,8.25036672
TSK006931,S058,49.73650224,49.73650224
TSK006931,S059,19.98106197,19.98106197
TSK006931,S060,22.76325424,22.76325424
TSK006931,S061,20.87516194,20.87516194
TSK006931,S062,12.18659195,12.18659195
TSK006931,S063,19.54982826,19.54982826
TSK006931,S064,8.25036672,8.25036672
TSK006931,S065,55.8295046,55.8295046
TSK006931,S066,26.04152893,26.04152893
TSK006931,S067,20.92732532,20.92732532
TSK006931,S068,23.20721931,23.20721931
TSK006931,S069,20.87516194,20.87516194
TSK006931,S070,32.46745292,32.46745292
TSK006931,S071,17.67600018,17.67600018
TSK006931,S072,8.25036672,8.25036672
TSK006931,S073,31.24573747,31.24573747
TSK006931,S074,8.25036672,8.25036672
TSK006931,S075,8.25036672,8.25036672
TSK006931,S076,41.80735316,41.80735316
TSK006931,S077,8.25036672,8.25036672
TSK006931,S078,54.1772177,54.1772177
TSK006931,S079,23.35853394,23.35853394
TSK006931,S080,23.17176407,23.17176407
TSK006931,S081,80.52106159,80.52106159
TSK006931,S082,52.2934562,52.2934562
TSK006931,S083,8.25036672,8.25036672
TSK006931,S084,57.95362511,57.95362511
TSK006931,S085,40.13487924,40.13487924
TSK006931,S086,26.84990544,26.84990544
TSK006931,S087,8.25036672,8.25036672
TSK006931,S088,8.25036672,8.25036672
TSK006931,S089,42.60113573,42.60113573
TSK006931,S090,63.91222251,63.91222251
TSK006931,S091,31.1873568,31.1873568
TSK006931,S092,23.16628186,23.16628186
TSK006931,S093,27.84544083,27.84544083
TSK006931,S094,24.99882534,24.99882534
TSK006931,S095,28.19074352,28.19074352
TSK006931,S096,31.46488874,31.46488874
TSK006931,S097,38.29444533,38.29444533
TSK006931,S098,71.11320136,71.11320136
TSK006931,S099,40.17602562,40.17602562
TSK006931,S100,41.85330644,41.85330644
TSK006946,S001,3.08777606,3.08777606
TSK006946,S002,10.09872333,10.09872333
TSK006946,S003,6.33453757,6.33453757
TSK006946,S004,7.38881005,7.38881005
TSK006946,S005,3.08777606,3.08777606
TSK006946,S006,9.04494708,9.04494708
TSK006946,S007,3.08777606,3.08777606
TSK006946,S008,3.08777606,3.08777606
TSK006946,S009,5.47002211,5.47002211
TSK006946,S010,12.81384148,12.81384148
TSK006946,S011,6.46273893,6.46273893
TSK006946,S012,10.24265185,10.24265185
TSK006946,S013,6.60999941,6.60999941
TSK006946,S014,3.08777606,3.08777606
TSK006946,S015,14.08883714,14.08883714
TSK006946,S016,17.68507556,17.68507556
TSK006946,S017,6.80671217,6.80671217
TSK006946,S018,6.34813647,6.34813647
TSK006946,S019,3.08777606,3.08777606
TSK006946,S020,3.08777606,3.08777606
TSK006946,S021,6.33453757,6.33453757
TSK006946,S022,10.445657,10.445657
TSK006946,S023,11.54308931,11.54308931
TSK006946,S024,15.95873858,15.95873858
TSK006946,S025,6.90724897,6.90724897
TSK006946,S026,7.55296186,7.55296186
TSK006946,S027,8.61599076,8.61599076
TSK006946,S028,4.40799621,4.40799621
TSK006946,S029,12.18827773,12.18827773
TSK006946,S030,3.08777606,3.08777606
TSK006946,S031,7.06303751,7.06303751
TSK006946,S032,8.66916006,8.66916006
TSK006946,S033,10.18548101,10.18548101
TSK006946,S034,3.08777606,3.08777606
TSK006946,S035,9.52400852,9.52400852
TSK006946,S036,12.81384148,12.81384148
TSK006946,S037,6.20476558,6.20476558
TSK006946,S038,7.65298607,7.65298607
TSK006946,S039,13.32089955,13.32089955
TSK006946,S040,6.2910227,6.2910227
TSK006946,S041,16.44801015,16.44801015
TSK006946,S042,3.08777606,3.08777606
TSK006946,S043,9.8256555,9.8256555
TSK006946,S044,3.08777606,3.08777606
TSK006946,S045,8.57582942,8.57582942
TSK006946,S046,6.48282415,6.48282415
TSK006946,S047,3.08777606,3.08777606
TSK006946,S048,9.58993136,9.58993136
TSK006946,S049,9.113419,9.113419
TSK006946,S050,3.08777606,3.08777606
TSK006946,S051,10.50316208,10.50316208
TSK006946,S052,7.97789945,7.97789945
TSK006946,S053,3.08777606,3.08777606
TSK006946,S054,25.05993895,25.05993895
TSK006946,S055,6.34813647,6.34813647
TSK006946,S056,7.35015319,7.35015319
TSK006946,S057,3.08777606,3.08777606
TSK006946,S058,11.6025459,11.6025459
TSK006946,S059,6.8665542,6.8665542
TSK006946,S060,8.58818913,8.58818913
TSK006946,S061,8.71022232,8.71022232
TSK006946,S062,3.90350427,3.90350427
TSK006946,S063,7.55296186,7.55296186
TSK006946,S064,3.08777606,3.08777606
TSK006946,S065,16.4789356,16.4789356
TSK006946,S066,6.06220902,6.06220902
TSK006946,S067,6.90724897,6.90724897
TSK006946,S068,11.40829002,11.40829002
TSK006946,S069,8.71022232,8.71022232
TSK006946,S070,8.06040566,8.06040566
TSK006946,S071,6.17777466,6.17777466
TSK006946,S072,3.08777606,3.08777606
TSK006946,S073,10.59101724,10.59101724
TSK006946,S074,3.08777606,3.08777606
TSK006946,S075,3.08777606,3.08777606
TSK006946,S076,10.445657,10.445657
TSK006946,S077,3.08777606,3.08777606
TSK006946,S078,13.07983831,13.07983831
TSK006946,S079,8.66845251,8.66845251
TSK006946,S080,8.90834819,8.90834819
TSK006946,S081,18.75518158,18.75518158
TSK006946,S082,13.85373894,13.85373894
TSK006946,S083,3.08777606,3.08777606
TSK006946,S084,14.88457184,14.88457184
TSK006946,S085,14.86247935,14.86247935
TSK006946,S086,10.12275859,10.12275859
TSK006946,S087,3.08777606,3.08777606
TSK006946,S088,3.08777606,3.08777606
TSK006946,S089,11.03545012,11.03545012
TSK006946,S090,17.81877009,17.81877009
TSK006946,S091,10.18548101,10.18548101
TSK006946,S092,7.30168563,7.30168563
TSK006946,S093,7.92789694,7.92789694
TSK006946,S094,8.67478374,8.67478374
TSK006946,S095,7.23232412,7.23232412
TSK006946,S096,7.65298607,7.65298607
TSK006946,S097,8.1107249,8.1107249
TSK006946,S098,22.01984923,22.01984923
TSK006946,S099,12.49169749,12.49169749
TSK006946,S100,12.96295905,12.96295905
TSK006964,S001,2.73420084,2.73420084
TSK006964,S002,8.53883173,8.53883173
TSK006964,S003,5.42231864,5.42231864
TSK006964,S004,6.53480218,6.53480218
TSK006964,S005,2.73420084,2.73420084
TSK006964,S006,7.80082157,7.80082157
TSK006964,S007,2.73420084,2.73420084
TSK006964,S008,2.73420084,2.73420084
TSK006964,S009,4.81416586,4.81416586
TSK006964,S010,11.02412309,11.02412309
TSK006964,S011,5.7243053,5.7243053
TSK006964,S012,8.90825074,8.90825074
TSK006964,S013,5.81552039,5.81552039
TSK006964,S014,2.73420084,2.73420084
TSK006964,S015,12.89376628,12.89376628
TSK006964,S016,15.35771079,15.35771079
TSK006964,S017,5.96694467,5.96694467
TSK006964,S018,5.45374453,5.45374453
TSK006964,S019,2.73420084,2.73420084
TSK006964,S020,2.73420084,2.73420084
TSK006964,S021,5.42231864,5.42231864
TSK006964,S022,8.96437276,8.96437276
TSK006964,S023,10.00228086,10.00228086
TSK006964,S024,14.18990904,14.18990904
TSK006964,S025,6.03109667,6.03109667
TSK006964,S026,6.69097858,6.69097858
TSK006964,S027,7.49028109,7.49028109
TSK006964,S028,3.85970233,3.85970233
TSK006964,S029,10.42523616,10.42523616
TSK006964,S030,2.73420084,2.73420084
TSK006964,S031,6.21955564,6.21955564
TSK006964,S032,7.51902856,7.51902856
TSK006964,S033,8.52792569,8.52792569
TSK006964,S034,2.73420084,2.73420084
TSK006964,S035,8.27527547,8.27527547
TSK006964,S036,11.02412309,11.02412309
TSK006964,S037,5.46208298,5.46208298
TSK006964,S038,6.61136992,6.61136992
TSK006964,S039,11.41918506,11.41918506
TSK006964,S040,5.55057582,5.55057582
TSK006964,S041,14.05226823,14.05226823
TSK006964,S042,2.73420084,2.73420084
TSK006964,S043,8.44678028,8.44678028
TSK006964,S044,2.73420084,2.73420084
TSK006964,S045,7.43740758,7.43740758
TSK006964,S046,5.60379263,5.60379263
TSK006964,S047,2.73420084,2.73420084
TSK006964,S048,8.22881021,8.22881021
TSK006964,S049,8.1882911,8.1882911
TSK006964,S050,2.73420084,2.73420084
TSK006964,S051,8.87712654,8.87712654
TSK006964,S052,7.02614619,7.02614619
TSK006964,S053,2.73420084,2.73420084
TSK006964,S054,21.34824326,21.34824326
TSK006964,S055,5.45374453,5.45374453
TSK006964,S056,6.31810915,6.31810915
TSK006964,S057,2.73420084,2.73420084
TSK006964,S058,9.88162023,9.88162023
TSK006964,S059,5.96167886,5.96167886
TSK006964,S060,7.5419017,7.5419017
TSK006964,S061,7.58697542,7.58697542
TSK006964,S062,3.42523627,3.42523627
TSK006964,S063,6.69097858,6.69097858
TSK006964,S064,2.73420084,2.73420084
TSK006964,S065,14.04340954,14.04340954
TSK006964,S066,5.19684743,5.19684743
TSK006964,S067,6.03109667,6.03109667
TSK006964,S068,10.25759053,10.25759053
TSK006964,S069,7.58697542,7.58697542
TSK006964,S070,6.91166697,6.91166697
TSK006964,S071,5.41766956,5.41766956
TSK006964,S072,2.73420084,2.73420084
TSK006964,S073,9.08963624,9.08963624
TSK006964,S074,2.73420084,2.73420084
TSK006964,S075,2.73420084,2.73420084
TSK006964,S076,8.96437276,8.96437276
TSK006964,S077,2.73420084,2.73420084
TSK006964,S078,10.94834325,10.94834325
TSK006964,S079,7.63101729,7.63101729
TSK006964,S080,7.8101274,7.8101274
TSK006964,S081,16.0017711,16.0017711
TSK006964,S082,11.85341439,11.85341439
TSK006964,S083,2.73420084,2.73420084
TSK006964,S084,12.52321837,12.52321837
TSK006964,S085,13.09195148,13.09195148
TSK006964,S086,8.7642863,8.7642863
TSK006964,S087,2.73420084,2.73420084
TSK006964,S088,2.73420084,2.73420084
TSK006964,S089,9.51122728,9.51122728
TSK006964,S090,15.35437294,15.35437294
TSK006964,S091,8.52792569,8.52792569
TSK006964,S092,6.32234758,6.32234758
TSK006964,S093,6.85211777,6.85211777
TSK006964,S094,7.62603476,7.62603476
TSK006964,S095,6.14507174,6.14507174
TSK006964,S096,6.61136992,6.61136992
TSK006964,S097,6.89289194,6.89289194
TSK006964,S098,19.19906137,19.19906137
TSK006964,S099,10.608597,10.608597
TSK006964,S100,11.10196785,11.10196785
TSK006977,S001,5.50613643,5.50613643
TSK006977,S002,27.02845693,27.02845693
TSK006977,S003,15.47309798,15.47309798
TSK006977,S004,12.94381136,12.94381136
TSK006977,S005,5.50613643,5.50613643
TSK006977,S006,16.34482947,16.34482947
TSK006977,S007,5.50613643,5.50613643
TSK006977,S008,5.50613643,5.50613643
TSK006977,S009,9.90945589,9.90945589
TSK006977,S010,24.77916234,24.77916234
TSK006977,S011,11.33742667,11.33742667
TSK006977,S012,20.39125422,20.39125422
TSK006977,S013,11.55147776,11.55147776
TSK006977,S014,5.50613643,5.50613643
TSK006977,S015,21.96853435,21.96853435
TSK006977,S016,35.83270211,35.83270211
TSK006977,S017,12.70790677,12.70790677
TSK006977,S018,12.73972604,12.73972604
TSK006977,S019,5.50613643,5.50613643
TSK006977,S020,5.50613643,5.50613643
TSK006977,S021,15.47309798,15.47309798
TSK006977,S022,24.17774463,24.17774463
TSK006977,S023,25.34206599,25.34206599
TSK006977,S024,28.97466785,28.97466785
TSK006977,S025,13.42180406,13.42180406
TSK006977,S026,13.25060892,13.25060892
TSK006977,S027,16.03868599,16.03868599
TSK006977,S028,7.85644796,7.85644796
TSK006977,S029,24.23715943,24.23715943
TSK006977,S030,5.50613643,5.50613643
TSK006977,S031,13.26990298,13.26990298
TSK006977,S032,16.58992635,16.58992635
TSK006977,S033,21.14546716,21.14546716
TSK006977,S034,5.50613643,5.50613643
TSK006977,S035,17.62685485,17.62685485
TSK006977,S036,24.77916234,24.77916234
TSK006977,S037,10.67852281,10.67852281
TSK006977,S038,17.84016093,17.84016093
TSK006977,S039,29.15597204,29.15597204
TSK006977,S040,10.88978883,10.88978883
TSK006977,S041,37.90937471,37.90937471
TSK006977,S042,5.50613643,5.50613643
TSK006977,S043,19.49192315,19.49192315
TSK006977,S044,5.50613643,5.50613643
TSK006977,S045,16.48123855,16.48123855
TSK006977,S046,13.17129078,13.17129078
TSK006977,S047,5.50613643,5.50613643
TSK006977,S048,22.22417695,22.22417695
TSK006977,S049,14.55398268,14.55398268
TSK006977,S050,5.50613643,5.50613643
TSK006977,S051,24.70797341,24.70797341
TSK006977,S052,13.35733984,13.35733984
TSK006977,S053,5.50613643,5.50613643
TSK006977,S054,50.29608161,50.29608161
TSK006977,S055,12.73972604,12.73972604
TSK006977,S056,16.71546184,16.71546184
TSK006977,S057,5.50613643,5.50613643
TSK006977,S058,28.20006972,28.20006972
TSK006977,S059,13.18699568,13.18699568
TSK006977,S060,15.46810569,15.46810569
TSK006977,S061,15.1707099,15.1707099
TSK006977,S062,7.64618901,7.64618901
TSK006977,S063,13.25060892,13.25060892
TSK006977,S064,5.50613643,5.50613643
TSK006977,S065,35.14222584,35.14222584
TSK006977,S066,14.63709934,14.63709934
TSK006977,S067,13.42180406,13.42180406
TSK006977,S068,17.41573412,17.41573412
TSK006977,S069,15.1707099,15.1707099
TSK006977,S070,18.74435175,18.74435175
TSK006977,S071,11.5811099,11.5811099
TSK006977,S072,5.50613643,5.50613643
TSK006977,S073,20.84047273,20.84047273
TSK006977,S074,5.50613643,5.50613643
TSK006977,S075,5.50613643,5.50613643
TSK006977,S076,24.17774463,24.17774463
TSK006977,S077,5.50613643,5.50613643
TSK006977,S078,31.81950555,31.81950555
TSK006977,S079,15.67524406,15.67524406
TSK006977,S080,15.94377626,15.94377626
TSK006977,S081,45.52845718,45.52845718
TSK006977,S082,31.14855347,31.14855347
TSK006977,S083,5.50613643,5.50613643
TSK006977,S084,34.77217532,34.77217532
TSK006977,S085,26.8761956,26.8761956
TSK006977,S086,18.66501947,18.66501947
TSK006977,S087,5.50613643,5.50613643
TSK006977,S088,5.50613643,5.50613643
TSK006977,S089,24.88793804,24.88793804
TSK006977,S090,38.59080576,38.59080576
TSK006977,S091,21.14546716,21.14546716
TSK006977,S092,14.71334178,14.71334178
TSK006977,S093,16.90480109,16.90480109
TSK006977,S094,16.25754487,16.25754487
TSK006977,S095,16.70112496,16.70112496
TSK006977,S096,17.84016093,17.84016093
TSK006977,S097,20.92566687,20.92566687
TSK006977,S098,44.33142117,44.33142117
TSK006977,S099,26.05804229,26.05804229
TSK006977,S100,26.77697793,26.77697793
