task_id,scenario_id,self_base_loss,outsourced_loss
TSK000044,S001,81.34973218,81.34973218
TSK000044,S002,73.1188919,73.1188919
TSK000044,S003,63.94637877,63.94637877
TSK000044,S004,116.71361475,116.71361475
TSK000044,S005,34.2812681,34.2812681
TSK000044,S006,58.65608742,58.65608742
TSK000044,S007,15.62130632,15.62130632
TSK000044,S008,24.96257321,24.96257321
TSK000044,S009,37.04779898,37.04779898
TSK000044,S010,99.96509889,99.96509889
TSK000044,S011,15.62130632,15.62130632
TSK000044,S012,15.62130632,15.62130632
TSK000044,S013,34.16076788,34.16076788
TSK000044,S014,29.51765911,29.51765911
TSK000044,S015,15.62130632,15.62130632
TSK000044,S016,37.0240717,37.0240717
TSK000044,S017,46.25506599,46.25506599
TSK000044,S018,15.62130632,15.62130632
TSK000044,S019,58.69832203,58.69832203
TSK000044,S020,15.62130632,15.62130632
TSK000044,S021,138.45316059,138.45316059
TSK000044,S022,66.61612944,66.61612944
TSK000044,S023,29.45985561,29.45985561
TSK000044,S024,50.91536249,50.91536249
TSK000044,S025,46.25723615,46.25723615
TSK000044,S026,45.98782868,45.98782868
TSK000044,S027,27.61722236,27.61722236
TSK000044,S028,39.35916193,39.35916193
TSK000044,S029,29.89275639,29.89275639
TSK000044,S030,22.95194052,22.95194052
TSK000044,S031,58.21890212,58.21890212
TSK000044,S032,83.0095217,83.0095217
TSK000044,S033,15.62130632,15.62130632
TSK000044,S034,15.62130632,15.62130632
TSK000044,S035,63.94637877,63.94637877
TSK000044,S036,22.04122779,22.04122779
TSK000044,S037,101.83507906,101.83507906
TSK000044,S038,59.36910514,59.36910514
TSK000044,S039,34.05555144,34.05555144
TSK000044,S040,71.04589243,71.04589243
TSK000044,S041,15.62130632,15.62130632
TSK000044,S042,26.95057193,26.95057193
TSK000044,S043,64.35284772,64.35284772
TSK000044,S044,15.62130632,15.62130632
TSK000044,S045,29.89275639,29.89275639
TSK000044,S046,180.00420393,180.00420393
TSK000044,S047,36.13071967,36.13071967
TSK000044,S048,15.62130632,15.62130632
TSK000044,S049,15.62130632,15.62130632
TSK000044,S050,113.07669289,113.07669289
TSK000044,S051,106.21854305,106.21854305
TSK000044,S052,35.01239422,35.01239422
TSK000044,S053,15.62130632,15.62130632
TSK000044,S054,88.28338784,88.28338784
TSK000044,S055,53.6347308,53.6347308
TSK000044,S056,15.62130632,15.62130632
TSK000044,S057,76.08282482,76.08282482
TSK000044,S058,15.62130632,15.62130632
TSK000044,S059,61.23306602,61.23306602
TSK000044,S060,15.62130632,15.62130632
TSK000044,S061,128.1777252,128.1777252
TSK000044,S062,72.31811843,72.31811843
TSK000044,S063,41.5751685,41.5751685
TSK000044,S064,58.69832203,58.69832203
TSK000044,S065,15.62130632,15.62130632
TSK000044,S066,201.16819511,201.16819511
TSK000044,S067,62.84680788,62.84680788
TSK000044,S068,29.99586761,29.99586761
TSK000044,S069,111.28537227,111.28537227
TSK000044,S070,15.62130632,15.62130632
TSK000044,S071,52.85307491,52.85307491
TSK000044,S072,15.62130632,15.62130632
TSK000044,S073,15.62130632,15.62130632
TSK000044,S074,110.06683716,110.06683716
TSK000044,S075,35.97820959,35.97820959
TSK000044,S076,28.42437484,28.42437484
TSK000044,S077,44.85860405,44.85860405
TSK000044,S078,35.97820959,35.97820959
TSK000044,S079,15.62130632,15.62130632
TSK000044,S080,120.58981011,120.58981011
TSK000044,S081,62.84680788,62.84680788
TSK000044,S082,15.62130632,15.62130632
TSK000044,S083,36.80323397,36.80323397
TSK000044,S084,15.62130632,15.62130632
TSK000044,S085,18.66754303,18.66754303
TSK000044,S086,53.6347308,53.6347308
TSK000044,S087,49.22446805,49.22446805
TSK000044,S088,22.58044619,22.58044619
TSK000044,S089,59.98678061,59.98678061
TSK000044,S090,53.21527764,53.21527764
TSK000044,S091,15.62130632,15.62130632
TSK000044,S092,29.21828457,29.21828457
TSK000044,S093,15.62130632,15.62130632
TSK000044,S094,41.01721847,41.01721847
TSK000044,S095,56.07874236,56.07874236
TSK000044,S096,15.62130632,15.62130632
TSK000044,S097,101.8538172,101.8538172
TSK000044,S098,15.62130632,15.62130632
TSK000044,S099,83.82102989,83.82102989
TSK000044,S100,15.62130632,15.62130632
TSK000048,S001,8.86283316,8.86283316
TSK000048,S002,7.98819003,7.98819003
TSK000048,S003,7.19241881,7.19241881
TSK000048,S004,10.26291609,10.26291609
TSK000048,S005,5.76790041,5.76790041
TSK000048,S006,7.39478336,7.39478336
TSK000048,S007,2.21703306,2.21703306
TSK000048,S008,5.4574449,5.4574449
TSK000048,S009,3.73582195,3.73582195
TSK000048,S010,9.21059527,9.21059527
TSK000048,S011,2.21703306,2.21703306
TSK000048,S012,2.21703306,2.21703306
TSK000048,S013,5.05459277,5.05459277
TSK000048,S014,3.92371317,3.92371317
TSK000048,S015,2.21703306,2.21703306
TSK000048,S016,6.15435632,6.15435632
TSK000048,S017,4.46965979,4.46965979
TSK000048,S018,2.21703306,2.21703306
TSK000048,S019,4.26280531,4.26280531
TSK000048,S020,2.21703306,2.21703306
TSK000048,S021,11.27373935,11.27373935
TSK000048,S022,8.16087977,8.16087977
TSK000048,S023,3.1589586,3.1589586
TSK000048,S024,7.31000801,7.31000801
TSK000048,S025,5.2888072,5.2888072
TSK000048,S026,5.93291879,5.93291879
TSK000048,S027,4.46611325,4.46611325
TSK000048,S028,4.66691443,4.66691443
TSK000048,S029,4.47625118,4.47625118
TSK000048,S030,3.64435483,3.64435483
TSK000048,S031,6.72177782,6.72177782
TSK000048,S032,9.84898334,9.84898334
TSK000048,S033,2.21703306,2.21703306
TSK000048,S034,2.21703306,2.21703306
TSK000048,S035,7.19241881,7.19241881
TSK000048,S036,2.52192181,2.52192181
TSK000048,S037,9.22723701,9.22723701
TSK000048,S038,7.81907811,7.81907811
TSK000048,S039,5.94175145,5.94175145
TSK000048,S040,7.01293544,7.01293544
TSK000048,S041,2.21703306,2.21703306
TSK000048,S042,3.68990194,3.68990194
TSK000048,S043,6.98588718,6.98588718
TSK000048,S044,2.21703306,2.21703306
TSK000048,S045,4.47625118,4.47625118
TSK000048,S046,13.07255807,13.07255807
TSK000048,S047,5.23105469,5.23105469
TSK000048,S048,2.21703306,2.21703306
TSK000048,S049,2.21703306,2.21703306
TSK000048,S050,6.92777713,6.92777713
TSK000048,S051,8.49209778,8.49209778
TSK000048,S052,3.73029895,3.73029895
TSK000048,S053,2.21703306,2.21703306
TSK000048,S054,8.15205181,8.15205181
TSK000048,S055,6.11092048,6.11092048
TSK000048,S056,2.21703306,2.21703306
TSK000048,S057,6.68106394,6.68106394
TSK000048,S058,2.21703306,2.21703306
TSK000048,S059,8.68181686,8.68181686
TSK000048,S060,2.21703306,2.21703306
TSK000048,S061,10.77589179,10.77589179
TSK000048,S062,7.66946346,7.66946346
TSK000048,S063,6.26758759,6.26758759
TSK000048,S064,4.26280531,4.26280531
TSK000048,S065,2.21703306,2.21703306
TSK000048,S066,15.81933941,15.81933941
TSK000048,S067,5.12475233,5.12475233
TSK000048,S068,5.61867989,5.61867989
TSK000048,S069,12.97978334,12.97978334
TSK000048,S070,2.21703306,2.21703306
TSK000048,S071,6.85754142,6.85754142
TSK000048,S072,2.21703306,2.21703306
TSK000048,S073,2.21703306,2.21703306
TSK000048,S074,10.34418862,10.34418862
TSK000048,S075,6.53123117,6.53123117
TSK000048,S076,4.89747653,4.89747653
TSK000048,S077,5.25291656,5.25291656
TSK000048,S078,6.53123117,6.53123117
TSK000048,S079,2.21703306,2.21703306
TSK000048,S080,10.00727915,10.00727915
TSK000048,S081,5.12475233,5.12475233
TSK000048,S082,2.21703306,2.21703306
TSK000048,S083,4.81514887,4.81514887
TSK000048,S084,2.21703306,2.21703306
TSK000048,S085,3.4796603,3.4796603
TSK000048,S086,6.11092048,6.11092048
TSK000048,S087,5.2132693,5.2132693
TSK000048,S088,3.81904677,3.81904677
TSK000048,S089,4.9044515,4.9044515
TSK000048,S090,4.38953529,4.38953529
TSK000048,S091,2.21703306,2.21703306
TSK000048,S092,4.67046188,4.67046188
TSK000048,S093,2.21703306,2.21703306
TSK000048,S094,4.77956474,4.77956474
TSK000048,S095,8.47686125,8.47686125
TSK000048,S096,2.21703306,2.21703306
TSK000048,S097,11.78769301,11.78769301
TSK000048,S098,2.21703306,2.21703306
TSK000048,S099,9.16914396,9.16914396
TSK000048,S100,2.21703306,2.21703306
TSK000084,S001,37.41746017,37.41746017
TSK000084,S002,33.21551115,33.21551115
TSK000084,S003,29.11860952,29.11860952
TSK000084,S004,49.51786257,49.51786257
TSK000084,S005,18.42779059,18.42779059
TSK000084,S006,28.63843434,28.63843434
TSK000084,S007,7.50749143,7.50749143
TSK000084,S008,13.94245434,13.94245434
TSK000084,S009,16.2519209,16.2519209
TSK000084,S010,43.56404168,43.56404168
TSK000084,S011,7.50749143,7.50749143
TSK000084,S012,7.50749143,7.50749143
TSK000084,S013,17.08486403,17.08486403
TSK000084,S014,14.09459745,14.09459745
TSK000084,S015,7.50749143,7.50749143
TSK000084,S016,19.77312481,19.77312481
TSK000084,S017,20.27072566,20.27072566
TSK000084,S018,7.50749143,7.50749143
TSK000084,S019,23.97204032,23.97204032
TSK000084,S020,7.50749143,7.50749143
TSK000084,S021,58.63979022,58.63979022
TSK000084,S022,31.57422364,31.57422364
TSK000084,S023,13.3018538,13.3018538
TSK000084,S024,25.27312456,25.27312456
TSK000084,S025,21.4183903,21.4183903
TSK000084,S026,21.5660181,21.5660181
TSK000084,S027,14.02437337,14.02437337
TSK000084,S028,18.48909501,18.48909501
TSK000084,S029,14.83000081,14.83000081
TSK000084,S030,11.46627274,11.46627274
TSK000084,S031,26.98409849,26.98409849
TSK000084,S032,39.97523675,39.97523675
TSK000084,S033,7.50749143,7.50749143
TSK000084,S034,7.50749143,7.50749143
TSK000084,S035,29.11860952,29.11860952
TSK000084,S036,9.96126194,9.96126194
TSK000084,S037,44.27548851,44.27548851
TSK000084,S038,27.93595138,27.93595138
TSK000084,S039,18.24054478,18.24054478
TSK000084,S040,31.60481063,31.60481063
TSK000084,S041,7.50749143,7.50749143
TSK000084,S042,13.31812493,13.31812493
TSK000084,S043,29.4466392,29.4466392
TSK000084,S044,7.50749143,7.50749143
TSK000084,S045,14.83000081,14.83000081
TSK000084,S046,73.85496316,73.85496316
TSK000084,S047,17.97480348,17.97480348
TSK000084,S048,7.50749143,7.50749143
TSK000084,S049,7.50749143,7.50749143
TSK000084,S050,44.82273967,44.82273967
TSK000084,S051,44.42358035,44.42358035
TSK000084,S052,15.40254644,15.40254644
TSK000084,S053,7.50749143,7.50749143
TSK000084,S054,38.00195122,38.00195122
TSK000084,S055,24.49922564,24.49922564
TSK000084,S056,7.50749143,7.50749143
TSK000084,S057,32.88857194,32.88857194
TSK000084,S058,7.50749143,7.50749143
TSK000084,S059,29.32885941,29.32885941
TSK000084,S060,7.50749143,7.50749143
TSK000084,S061,54.95951732,54.95951732
TSK000084,S062,32.5576401,32.5576401
TSK000084,S063,20.7592552,20.7592552
TSK000084,S064,23.97204032,23.97204032
TSK000084,S065,7.50749143,7.50749143
TSK000084,S066,84.74158979,84.74158979
TSK000084,S067,26.23986223,26.23986223
TSK000084,S068,16.23852928,16.23852928
TSK000084,S069,49.69119213,49.69119213
TSK000084,S070,7.50749143,7.50749143
TSK000084,S071,25.49384103,25.49384103
TSK000084,S072,7.50749143,7.50749143
TSK000084,S073,7.50749143,7.50749143
TSK000084,S074,48.79354467,48.79354467
TSK000084,S075,18.88770081,18.88770081
TSK000084,S076,15.08053297,15.08053297
TSK000084,S077,21.16856731,21.16856731
TSK000084,S078,18.88770081,18.88770081
TSK000084,S079,7.50749143,7.50749143
TSK000084,S080,52.06462159,52.06462159
TSK000084,S081,26.23986223,26.23986223
TSK000084,S082,7.50749143,7.50749143
TSK000084,S083,17.44491001,17.44491001
TSK000084,S084,7.50749143,7.50749143
TSK000084,S085,9.74001126,9.74001126
TSK000084,S086,24.49922564,24.49922564
TSK000084,S087,21.88247333,21.88247333
TSK000084,S088,11.56469117,11.56469117
TSK000084,S089,25.12349607,25.12349607
TSK000084,S090,22.41917538,22.41917538
TSK000084,S091,7.50749143,7.50749143
TSK000084,S092,14.84001025,14.84001025
TSK000084,S093,7.50749143,7.50749143
TSK000084,S094,19.1502166,19.1502166
TSK000084,S095,28.12123104,28.12123104
TSK000084,S096,7.50749143,7.50749143
TSK000084,S097,46.57050271,46.57050271
TSK000084,S098,7.50749143,7.50749143
TSK000084,S099,38.12453448,38.12453448
TSK000084,S100,7.50749143,7.50749143
TSK000156,S001,83.93705304,83.93705304
TSK000156,S002,72.60353586,72.60353586
TSK000156,S003,60.88244816,60.88244816
TSK000156,S004,120.07697336,120.07697336
TSK000156,S005,35.06041845,35.06041845
TSK000156,S006,55.98264744,55.98264744
TSK000156,S007,16.48033056,16.48033056
TSK000156,S008,26.55472897,26.55472897
TSK000156,S009,40.12778628,40.12778628
TSK000156,S010,100.5164362,100.5164362
TSK000156,S011,16.48033056,16.48033056
TSK000156,S012,16.48033056,16.48033056
TSK000156,S013,33.88048842,33.88048842
TSK000156,S014,30.85208706,30.85208706
TSK000156,S015,16.48033056,16.48033056
TSK000156,S016,37.57484392,37.57484392
TSK000156,S017,44.52718238,44.52718238
TSK000156,S018,16.48033056,16.48033056
TSK000156,S019,55.77551436,55.77551436
TSK000156,S020,16.48033056,16.48033056
TSK000156,S021,139.79549057,139.79549057
TSK000156,S022,69.74182406,69.74182406
TSK000156,S023,28.35581933,28.35581933
TSK000156,S024,49.21837202,49.21837202
TSK000156,S025,43.65859463,43.65859463
TSK000156,S026,43.62576975,43.62576975
TSK000156,S027,27.99697953,27.99697953
TSK000156,S028,39.52824563,39.52824563
TSK000156,S029,29.82944039,29.82944039
TSK000156,S030,23.49604456,23.49604456
TSK000156,S031,61.65117559,61.65117559
TSK000156,S032,77.82451147,77.82451147
TSK000156,S033,16.48033056,16.48033056
TSK000156,S034,16.48033056,16.48033056
TSK000156,S035,60.88244816,60.88244816
TSK000156,S036,21.79453464,21.79453464
TSK000156,S037,93.60183471,93.60183471
TSK000156,S038,58.33565983,58.33565983
TSK000156,S039,34.78092985,34.78092985
TSK000156,S040,72.03998591,72.03998591
TSK000156,S041,16.48033056,16.48033056
TSK000156,S042,27.086894,27.086894
TSK000156,S043,61.37414216,61.37414216
TSK000156,S044,16.48033056,16.48033056
TSK000156,S045,29.82944039,29.82944039
TSK000156,S046,180.90337378,180.90337378
TSK000156,S047,35.62496999,35.62496999
TSK000156,S048,16.48033056,16.48033056
TSK000156,S049,16.48033056,16.48033056
TSK000156,S050,124.48525673,124.48525673
TSK000156,S051,98.96827531,98.96827531
TSK000156,S052,32.92269176,32.92269176
TSK000156,S053,16.48033056,16.48033056
TSK000156,S054,78.85936253,78.85936253
TSK000156,S055,55.42728264,55.42728264
TSK000156,S056,16.48033056,16.48033056
TSK000156,S057,75.68303537,75.68303537
TSK000156,S058,16.48033056,16.48033056
TSK000156,S059,68.33710049,68.33710049
TSK000156,S060,16.48033056,16.48033056
TSK000156,S061,122.40725955,122.40725955
TSK000156,S062,66.19469292,66.19469292
TSK000156,S063,44.34104816,44.34104816
TSK000156,S064,55.77551436,55.77551436
TSK000156,S065,16.48033056,16.48033056
TSK000156,S066,202.56335564,202.56335564
TSK000156,S067,65.38123737,65.38123737
TSK000156,S068,31.04122977,31.04122977
TSK000156,S069,109.00656221,109.00656221
TSK000156,S070,16.48033056,16.48033056
TSK000156,S071,50.39861374,50.39861374
TSK000156,S072,16.48033056,16.48033056
TSK000156,S073,16.48033056,16.48033056
TSK000156,S074,109.86366782,109.86366782
TSK000156,S075,36.27992472,36.27992472
TSK000156,S076,29.28838045,29.28838045
TSK000156,S077,42.74247617,42.74247617
TSK000156,S078,36.27992472,36.27992472
TSK000156,S079,16.48033056,16.48033056
TSK000156,S080,112.50787879,112.50787879
TSK000156,S081,65.38123737,65.38123737
TSK000156,S082,16.48033056,16.48033056
TSK000156,S083,39.16428116,39.16428116
TSK000156,S084,16.48033056,16.48033056
TSK000156,S085,19.87255919,19.87255919
TSK000156,S086,55.42728264,55.42728264
TSK000156,S087,51.00750747,51.00750747
TSK000156,S088,23.3865925,23.3865925
TSK000156,S089,57.38306772,57.38306772
TSK000156,S090,48.04828904,48.04828904
TSK000156,S091,16.48033056,16.48033056
TSK000156,S092,29.49133305,29.49133305
TSK000156,S093,16.48033056,16.48033056
TSK000156,S094,39.10416184,39.10416184
TSK000156,S095,60.45027794,60.45027794
TSK000156,S096,16.48033056,16.48033056
TSK000156,S097,107.01969924,107.01969924
TSK000156,S098,16.48033056,16.48033056
TSK000156,S099,86.5626274,86.5626274
TSK000156,S100,16.48033056,16.48033056
TSK000217,S001,33.51942871,33.51942871
TSK000217,S002,29.88125507,29.88125507
TSK000217,S003,26.25186802,26.25186802
TSK000217,S004,44.63191001,44.63191001
TSK000217,S005,16.50662731,16.50662731
TSK000217,S006,25.55653004,25.55653004
TSK000217,S007,6.82461745,6.82461745
TSK000217,S008,12.80564709,12.80564709
TSK000217,S009,14.67106648,14.67106648
TSK000217,S010,39.08840355,39.08840355
TSK000217,S011,6.82461745,6.82461745
TSK000217,S012,6.82461745,6.82461745
TSK000217,S013,15.40930277,15.40930277
TSK000217,S014,12.74144164,12.74144164
TSK000217,S015,6.82461745,6.82461745
TSK000217,S016,17.72049835,17.72049835
TSK000217,S017,18.23283281,18.23283281
TSK000217,S018,6.82461745,6.82461745
TSK000217,S019,21.54336056,21.54336056
TSK000217,S020,6.82461745,6.82461745
TSK000217,S021,52.54989096,52.54989096
TSK000217,S022,28.35456715,28.35456715
TSK000217,S023,11.96775908,11.96775908
TSK000217,S024,22.76711849,22.76711849
TSK000217,S025,19.23904423,19.23904423
TSK000217,S026,19.54347693,19.54347693
TSK000217,S027,12.72803543,12.72803543
TSK000217,S028,16.5938833,16.5938833
TSK000217,S029,13.43005645,13.43005645
TSK000217,S030,10.43725059,10.43725059
TSK000217,S031,24.25485347,24.25485347
TSK000217,S032,35.60037227,35.60037227
TSK000217,S033,6.82461745,6.82461745
TSK000217,S034,6.82461745,6.82461745
TSK000217,S035,26.25186802,26.25186802
TSK000217,S036,9.01820429,9.01820429
TSK000217,S037,39.6986438,39.6986438
TSK000217,S038,25.34730247,25.34730247
TSK000217,S039,16.43591733,16.43591733
TSK000217,S040,28.34731588,28.34731588
TSK000217,S041,6.82461745,6.82461745
TSK000217,S042,11.9483135,11.9483135
TSK000217,S043,26.41299603,26.41299603
TSK000217,S044,6.82461745,6.82461745
TSK000217,S045,13.43005645,13.43005645
TSK000217,S046,66.27463934,66.27463934
TSK000217,S047,16.19699307,16.19699307
TSK000217,S048,6.82461745,6.82461745
TSK000217,S049,6.82461745,6.82461745
TSK000217,S050,40.19493071,40.19493071
TSK000217,S051,39.91189403,39.91189403
TSK000217,S052,13.9655619,13.9655619
TSK000217,S053,6.82461745,6.82461745
TSK000217,S054,34.23849387,34.23849387
TSK000217,S055,22.09423233,22.09423233
TSK000217,S056,6.82461745,6.82461745
TSK000217,S057,29.46421211,29.46421211
TSK000217,S058,6.82461745,6.82461745
TSK000217,S059,26.68739986,26.68739986
TSK000217,S060,6.82461745,6.82461745
TSK000217,S061,49.18667016,49.18667016
TSK000217,S062,29.28831193,29.28831193
TSK000217,S063,18.77598827,18.77598827
TSK000217,S064,21.54336056,21.54336056
TSK000217,S065,6.82461745,6.82461745
TSK000217,S066,75.8639332,75.8639332
TSK000217,S067,23.62468864,23.62468864
TSK000217,S068,14.7247243,14.7247243
TSK000217,S069,45.2545361,45.2545361
TSK000217,S070,6.82461745,6.82461745
TSK000217,S071,22.90933137,22.90933137
TSK000217,S072,6.82461745,6.82461745
TSK000217,S073,6.82461745,6.82461745
TSK000217,S074,43.62016415,43.62016415
TSK000217,S075,17.22339409,17.22339409
TSK000217,S076,13.60719658,13.60719658
TSK000217,S077,18.94687829,18.94687829
TSK000217,S078,17.22339409,17.22339409
TSK000217,S079,6.82461745,6.82461745
TSK000217,S080,46.44623843,46.44623843
TSK000217,S081,23.62468864,23.62468864
TSK000217,S082,6.82461745,6.82461745
TSK000217,S083,15.77907462,15.77907462
TSK000217,S084,6.82461745,6.82461745
TSK000217,S085,8.93333729,8.93333729
TSK000217,S086,22.09423233,22.09423233
TSK000217,S087,19.76239562,19.76239562
TSK000217,S088,10.5287252,10.5287252
TSK000217,S089,22.60198669,22.60198669
TSK000217,S090,20.14559753,20.14559753
TSK000217,S091,6.82461745,6.82461745
TSK000217,S092,13.44733004,13.44733004
TSK000217,S093,6.82461745,6.82461745
TSK000217,S094,17.18973697,17.18973697
TSK000217,S095,25.40801773,25.40801773
TSK000217,S096,6.82461745,6.82461745
TSK000217,S097,42.05325506,42.05325506
TSK000217,S098,6.82461745,6.82461745
TSK000217,S099,34.28824147,34.28824147
TSK000217,S100,6.82461745,6.82461745
TSK000273,S001,9.39689085,9.39689085
TSK000273,S002,8.36682174,8.36682174
TSK000273,S003,7.50093354,7.50093354
TSK000273,S004,10.51884308,10.51884308
TSK000273,S005,6.2306725,6.2306725
TSK000273,S006,7.97792294,7.97792294
TSK000273,S007,2.29766759,2.29766759
TSK000273,S008,5.67948202,5.67948202
TSK000273,S009,3.85151497,3.85151497
TSK000273,S010,9.61961101,9.61961101
TSK000273,S011,2.29766759,2.29766759
TSK000273,S012,2.29766759,2.29766759
TSK000273,S013,5.34791549,5.34791549
TSK000273,S014,4.10484871,4.10484871
TSK000273,S015,2.29766759,2.29766759
TSK000273,S016,6.6381635,6.6381635
TSK000273,S017,4.64612087,4.64612087
TSK000273,S018,2.29766759,2.29766759
TSK000273,S019,4.34343985,4.34343985
TSK000273,S020,2.29766759,2.29766759
TSK000273,S021,11.72365666,11.72365666
TSK000273,S022,8.64585557,8.64585557
TSK000273,S023,3.30386704,3.30386704
TSK000273,S024,7.74473331,7.74473331
TSK000273,S025,5.57862406,5.57862406
TSK000273,S026,6.15729314,6.15729314
TSK000273,S027,4.68113867,4.68113867
TSK000273,S028,4.94387652,4.94387652
TSK000273,S029,4.69478244,4.69478244
TSK000273,S030,3.7916005,3.7916005
TSK000273,S031,7.08054305,7.08054305
TSK000273,S032,10.66117173,10.66117173
TSK000273,S033,2.29766759,2.29766759
TSK000273,S034,2.29766759,2.29766759
TSK000273,S035,7.50093354,7.50093354
TSK000273,S036,2.60255634,2.60255634
TSK000273,S037,9.64910753,9.64910753
TSK000273,S038,8.10071466,8.10071466
TSK000273,S039,6.34609272,6.34609272
TSK000273,S040,7.36585759,7.36585759
TSK000273,S041,2.29766759,2.29766759
TSK000273,S042,3.93998585,3.93998585
TSK000273,S043,7.37737367,7.37737367
TSK000273,S044,2.29766759,2.29766759
TSK000273,S045,4.69478244,4.69478244
TSK000273,S046,13.39977066,13.39977066
TSK000273,S047,5.54073804,5.54073804
TSK000273,S048,2.29766759,2.29766759
TSK000273,S049,2.29766759,2.29766759
TSK000273,S050,7.00841167,7.00841167
TSK000273,S051,8.73516999,8.73516999
TSK000273,S052,3.8121021,3.8121021
TSK000273,S053,2.29766759,2.29766759
TSK000273,S054,8.39979849,8.39979849
TSK000273,S055,6.37269055,6.37269055
TSK000273,S056,2.29766759,2.29766759
TSK000273,S057,6.9919159,6.9919159
TSK000273,S058,2.29766759,2.29766759
TSK000273,S059,8.97630819,8.97630819
TSK000273,S060,2.29766759,2.29766759
TSK000273,S061,11.28540854,11.28540854
TSK000273,S062,8.01887976,8.01887976
TSK000273,S063,6.59480018,6.59480018
TSK000273,S064,4.34343985,4.34343985
TSK000273,S065,2.29766759,2.29766759
TSK000273,S066,16.47142736,16.47142736
TSK000273,S067,5.23927674,5.23927674
TSK000273,S068,5.94238664,5.94238664
TSK000273,S069,13.19948322,13.19948322
TSK000273,S070,2.29766759,2.29766759
TSK000273,S071,7.27356886,7.27356886
TSK000273,S072,2.29766759,2.29766759
TSK000273,S073,2.29766759,2.29766759
TSK000273,S074,10.94953191,10.94953191
TSK000273,S075,6.82104804,6.82104804
TSK000273,S076,5.21300296,5.21300296
TSK000273,S077,5.60350148,5.60350148
TSK000273,S078,6.82104804,6.82104804
TSK000273,S079,2.29766759,2.29766759
TSK000273,S080,10.5950932,10.5950932
TSK000273,S081,5.23927674,5.23927674
TSK000273,S082,2.29766759,2.29766759
TSK000273,S083,5.02549982,5.02549982
TSK000273,S084,2.29766759,2.29766759
TSK000273,S085,3.59885917,3.59885917
TSK000273,S086,6.37269055,6.37269055
TSK000273,S087,5.38739314,5.38739314
TSK000273,S088,3.98615892,3.98615892
TSK000273,S089,5.02949346,5.02949346
TSK000273,S090,4.52392617,4.52392617
TSK000273,S091,2.29766759,2.29766759
TSK000273,S092,4.90885963,4.90885963
TSK000273,S093,2.29766759,2.29766759
TSK000273,S094,5.05652683,5.05652683
TSK000273,S095,8.94197058,8.94197058
TSK000273,S096,2.29766759,2.29766759
TSK000273,S097,12.26098265,12.26098265
TSK000273,S098,2.29766759,2.29766759
TSK000273,S099,9.61204957,9.61204957
TSK000273,S100,2.29766759,2.29766759
TSK000449,S001,12.86450027,12.86450027
TSK000449,S002,11.40001635,11.40001635
TSK000449,S003,10.18479166,10.18479166
TSK000449,S004,14.43916628,14.43916628
TSK000449,S005,8.40350922,8.40350922
TSK000449,S006,10.90051825,10.90051825
TSK000449,S007,3.07170119,3.07170119
TSK000449,S008,7.47174813,7.47174813
TSK000449,S009,5.24442949,5.24442949
TSK000449,S010,13.24801801,13.24801801
TSK000449,S011,3.07170119,3.07170119
TSK000449,S012,3.07170119,3.07170119
TSK000449,S013,7.19434578,7.19434578
TSK000449,S014,5.5270317,5.5270317
TSK000449,S015,3.07170119,3.07170119
TSK000449,S016,8.95224884,8.95224884
TSK000449,S017,6.36518949,6.36518949
TSK000449,S018,3.07170119,3.07170119
TSK000449,S019,6.05058689,6.05058689
TSK000449,S020,3.07170119,3.07170119
TSK000449,S021,16.27988616,16.27988616
TSK000449,S022,11.75066101,11.75066101
TSK000449,S023,4.50452125,4.50452125
TSK000449,S024,10.43928688,10.43928688
TSK000449,S025,7.59984809,7.59984809
TSK000449,S026,8.27768866,8.27768866
TSK000449,S027,6.24838644,6.24838644
TSK000449,S028,6.73160258,6.73160258
TSK000449,S029,6.29017944,6.29017944
TSK000449,S030,5.04982885,5.04982885
TSK000449,S031,9.63533094,9.63533094
TSK000449,S032,14.63336348,14.63336348
TSK000449,S033,3.07170119,3.07170119
TSK000449,S034,3.07170119,3.07170119
TSK000449,S035,10.18479166,10.18479166
TSK000449,S036,3.51565516,3.51565516
TSK000449,S037,13.31146014,13.31146014
TSK000449,S038,10.87057523,10.87057523
TSK000449,S039,8.50838242,8.50838242
TSK000449,S040,10.11471418,10.11471418
TSK000449,S041,3.07170119,3.07170119
TSK000449,S042,5.33942884,5.33942884
TSK000449,S043,10.08703725,10.08703725
TSK000449,S044,3.07170119,3.07170119
TSK000449,S045,6.29017944,6.29017944
TSK000449,S046,18.70515912,18.70515912
TSK000449,S047,7.46471165,7.46471165
TSK000449,S048,3.07170119,3.07170119
TSK000449,S049,3.07170119,3.07170119
TSK000449,S050,9.91387785,9.91387785
TSK000449,S051,12.10216722,12.10216722
TSK000449,S052,5.15371013,5.15371013
TSK000449,S053,3.07170119,3.07170119
TSK000449,S054,11.50895863,11.50895863
TSK000449,S055,8.64577146,8.64577146
TSK000449,S056,3.07170119,3.07170119
TSK000449,S057,9.67169472,9.67169472
TSK000449,S058,3.07170119,3.07170119
TSK000449,S059,11.98931815,11.98931815
TSK000449,S060,3.07170119,3.07170119
TSK000449,S061,15.66895202,15.66895202
TSK000449,S062,10.93965062,10.93965062
TSK000449,S063,8.84451479,8.84451479
TSK000449,S064,6.05058689,6.05058689
TSK000449,S065,3.07170119,3.07170119
TSK000449,S066,22.95129409,22.95129409
TSK000449,S067,7.23050048,7.23050048
TSK000449,S068,7.91371346,7.91371346
TSK000449,S069,17.70612874,17.70612874
TSK000449,S070,3.07170119,3.07170119
TSK000449,S071,9.85901018,9.85901018
TSK000449,S072,3.07170119,3.07170119
TSK000449,S073,3.07170119,3.07170119
TSK000449,S074,15.13086552,15.13086552
TSK000449,S075,9.04763503,9.04763503
TSK000449,S076,6.98319063,6.98319063
TSK000449,S077,7.6553398,7.6553398
TSK000449,S078,9.04763503,9.04763503
TSK000449,S079,3.07170119,3.07170119
TSK000449,S080,14.78204967,14.78204967
TSK000449,S081,7.23050048,7.23050048
TSK000449,S082,3.07170119,3.07170119
TSK000449,S083,6.7660546,6.7660546
TSK000449,S084,3.07170119,3.07170119
TSK000449,S085,4.74924393,4.74924393
TSK000449,S086,8.64577146,8.64577146
TSK000449,S087,7.31776847,7.31776847
TSK000449,S088,5.30135428,5.30135428
TSK000449,S089,6.94710688,6.94710688
TSK000449,S090,6.25525167,6.25525167
TSK000449,S091,3.07170119,3.07170119
TSK000449,S092,6.56304696,6.56304696
TSK000449,S093,3.07170119,3.07170119
TSK000449,S094,6.88855518,6.88855518
TSK000449,S095,12.00299759,12.00299759
TSK000449,S096,3.07170119,3.07170119
TSK000449,S097,16.60194374,16.60194374
TSK000449,S098,3.07170119,3.07170119
TSK000449,S099,13.09988365,13.09988365
TSK000449,S100,3.07170119,3.07170119
TSK000590,S001,119.87622528,119.87622528
TSK000590,S002,107.34147343,107.34147343
TSK000590,S003,93.78531329,93.78531329
TSK000590,S004,169.945453,169.945453
TSK000590,S005,51.46812922,51.46812922
TSK000590,S006,87.22791618,87.22791618
TSK000590,S007,22.93167581,22.93167581
TSK000590,S008,37.01742655,37.01742655
TSK000590,S009,54.08282876,54.08282876
TSK000590,S010,146.31793148,146.31793148
TSK000590,S011,22.93167581,22.93167581
TSK000590,S012,22.93167581,22.93167581
TSK000590,S013,50.61543378,50.61543378
TSK000590,S014,43.4463301,43.4463301
TSK000590,S015,22.93167581,22.93167581
TSK000590,S016,55.52202332,55.52202332
TSK000590,S017,67.65186549,67.65186549
TSK000590,S018,22.93167581,22.93167581
TSK000590,S019,85.27755016,85.27755016
TSK000590,S020,22.93167581,22.93167581
TSK000590,S021,202.18588456,202.18588456
TSK000590,S022,98.35563639,98.35563639
TSK000590,S023,43.21765582,43.21765582
TSK000590,S024,75.43058142,75.43058142
TSK000590,S025,68.10876172,68.10876172
TSK000590,S026,67.45688325,67.45688325
TSK000590,S027,40.83146432,40.83146432
TSK000590,S028,58.07364051,58.07364051
TSK000590,S029,44.13890531,44.13890531
TSK000590,S030,33.80802912,33.80802912
TSK000590,S031,85.69701785,85.69701785
TSK000590,S032,123.39179609,123.39179609
TSK000590,S033,22.93167581,22.93167581
TSK000590,S034,22.93167581,22.93167581
TSK000590,S035,93.78531329,93.78531329
TSK000590,S036,32.22330408,32.22330408
TSK000590,S037,149.07583269,149.07583269
TSK000590,S038,87.05297956,87.05297956
TSK000590,S039,50.90755232,50.90755232
TSK000590,S040,104.23828321,104.23828321
TSK000590,S041,22.93167581,22.93167581
TSK000590,S042,40.00694996,40.00694996
TSK000590,S043,94.7057308,94.7057308
TSK000590,S044,22.93167581,22.93167581
TSK000590,S045,44.13890531,44.13890531
TSK000590,S046,261.83202261,261.83202261
TSK000590,S047,53.53205876,53.53205876
TSK000590,S048,22.93167581,22.93167581
TSK000590,S049,22.93167581,22.93167581
TSK000590,S050,163.98000948,163.98000948
TSK000590,S051,154.70435482,154.70435482
TSK000590,S052,51.00130457,51.00130457
TSK000590,S053,22.93167581,22.93167581
TSK000590,S054,128.7653041,128.7653041
TSK000590,S055,78.67402762,78.67402762
TSK000590,S056,22.93167581,22.93167581
TSK000590,S057,111.35989099,111.35989099
TSK000590,S058,22.93167581,22.93167581
TSK000590,S059,89.80216897,89.80216897
TSK000590,S060,22.93167581,22.93167581
TSK000590,S061,187.55269777,187.55269777
TSK000590,S062,106.06555727,106.06555727
TSK000590,S063,61.4820423,61.4820423
TSK000590,S064,85.27755016,85.27755016
TSK000590,S065,22.93167581,22.93167581
TSK000590,S066,293.76337078,293.76337078
TSK000590,S067,91.41736161,91.41736161
TSK000590,S068,44.7091495,44.7091495
TSK000590,S069,161.94407888,161.94407888
TSK000590,S070,22.93167581,22.93167581
TSK000590,S071,78.16020928,78.16020928
TSK000590,S072,22.93167581,22.93167581
TSK000590,S073,22.93167581,22.93167581
TSK000590,S074,161.72418228,161.72418228
TSK000590,S075,53.23180498,53.23180498
TSK000590,S076,42.40196419,42.40196419
TSK000590,S077,66.3277552,66.3277552
TSK000590,S078,53.23180498,53.23180498
TSK000590,S079,22.93167581,22.93167581
TSK000590,S080,176.88403714,176.88403714
TSK000590,S081,91.41736161,91.41736161
TSK000590,S082,22.93167581,22.93167581
TSK000590,S083,54.10777603,54.10777603
TSK000590,S084,22.93167581,22.93167581
TSK000590,S085,27.4949006,27.4949006
TSK000590,S086,78.67402762,78.67402762
TSK000590,S087,71.94016043,71.94016043
TSK000590,S088,33.34988512,33.34988512
TSK000590,S089,87.32011132,87.32011132
TSK000590,S090,77.5570581,77.5570581
TSK000590,S091,22.93167581,22.93167581
TSK000590,S092,43.2422584,43.2422584
TSK000590,S093,22.93167581,22.93167581
TSK000590,S094,60.47336535,60.47336535
TSK000590,S095,83.02522731,83.02522731
TSK000590,S096,22.93167581,22.93167581
TSK000590,S097,149.30877977,149.30877977
TSK000590,S098,22.93167581,22.93167581
TSK000590,S099,123.08808827,123.08808827
TSK000590,S100,22.93167581,22.93167581
TSK000621,S001,5.72277118,5.72277118
TSK000621,S002,5.19588853,5.19588853
TSK000621,S003,4.69022889,4.69022889
TSK000621,S004,6.76048093,6.76048093
TSK000621,S005,3.68187607,3.68187607
TSK000621,S006,4.72412588,4.72412588
TSK000621,S007,1.45107698,1.45107698
TSK000621,S008,3.56328566,3.56328566
TSK000621,S009,2.45258559,2.45258559
TSK000621,S010,6.00115894,6.00115894
TSK000621,S011,1.45107698,1.45107698
TSK000621,S012,1.45107698,1.45107698
TSK000621,S013,3.26792446,3.26792446
TSK000621,S014,2.55395097,2.55395097
TSK000621,S015,1.45107698,1.45107698
TSK000621,S016,3.93224282,3.93224282
TSK000621,S017,2.92032582,2.92032582
TSK000621,S018,1.45107698,1.45107698
TSK000621,S019,2.81749844,2.81749844
TSK000621,S020,1.45107698,1.45107698
TSK000621,S021,7.36410112,7.36410112
TSK000621,S022,5.27201812,5.27201812
TSK000621,S023,2.0565113,2.0565113
TSK000621,S024,4.72222976,4.72222976
TSK000621,S025,3.42565479,3.42565479
TSK000621,S026,3.88000449,3.88000449
TSK000621,S027,2.90373649,2.90373649
TSK000621,S028,3.01501752,3.01501752
TSK000621,S029,2.90921508,2.90921508
TSK000621,S030,2.3798575,2.3798575
TSK000621,S031,4.35734647,4.35734647
TSK000621,S032,6.27888505,6.27888505
TSK000621,S033,1.45107698,1.45107698
TSK000621,S034,1.45107698,1.45107698
TSK000621,S035,4.69022889,4.69022889
TSK000621,S036,1.65471965,1.65471965
TSK000621,S037,6.0075342,6.0075342
TSK000621,S038,5.11870126,5.11870126
TSK000621,S039,3.81954167,3.81954167
TSK000621,S040,4.55397241,4.55397241
TSK000621,S041,1.45107698,1.45107698
TSK000621,S042,2.37235818,2.37235818
TSK000621,S043,4.52168571,4.52168571
TSK000621,S044,1.45107698,1.45107698
TSK000621,S045,2.90921508,2.90921508
TSK000621,S046,8.61082333,8.61082333
TSK000621,S047,3.37975476,3.37975476
TSK000621,S048,1.45107698,1.45107698
TSK000621,S049,1.45107698,1.45107698
TSK000621,S050,4.59749849,4.59749849
TSK000621,S051,5.58244812,5.58244812
TSK000621,S052,2.46139346,2.46139346
TSK000621,S053,1.45107698,1.45107698
TSK000621,S054,5.35359938,5.35359938
TSK000621,S055,3.9851066,3.9851066
TSK000621,S056,1.45107698,1.45107698
TSK000621,S057,4.34782058,4.34782058
TSK000621,S058,1.45107698,1.45107698
TSK000621,S059,5.69020547,5.69020547
TSK000621,S060,1.45107698,1.45107698
TSK000621,S061,7.00959938,7.00959938
TSK000621,S062,4.99377635,4.99377635
TSK000621,S063,4.06561664,4.06561664
TSK000621,S064,2.81749844,2.81749844
TSK000621,S065,1.45107698,1.45107698
TSK000621,S066,10.32566897,10.32566897
TSK000621,S067,3.38071719,3.38071719
TSK000621,S068,3.63348804,3.63348804
TSK000621,S069,8.58850187,8.58850187
TSK000621,S070,1.45107698,1.45107698
TSK000621,S071,4.42691101,4.42691101
TSK000621,S072,1.45107698,1.45107698
TSK000621,S073,1.45107698,1.45107698
TSK000621,S074,6.68591844,6.68591844
TSK000621,S075,4.25550023,4.25550023
TSK000621,S076,3.1547951,3.1547951
TSK000621,S077,3.37927448,3.37927448
TSK000621,S078,4.25550023,4.25550023
TSK000621,S079,1.45107698,1.45107698
TSK000621,S080,6.4673522,6.4673522
TSK000621,S081,3.38071719,3.38071719
TSK000621,S082,1.45107698,1.45107698
TSK000621,S083,3.13858963,3.13858963
TSK000621,S084,1.45107698,1.45107698
TSK000621,S085,2.28019617,2.28019617
TSK000621,S086,3.9851066,3.9851066
TSK000621,S087,3.41786269,3.41786269
TSK000621,S088,2.48921282,2.48921282
TSK000621,S089,3.22969454,3.22969454
TSK000621,S090,2.88232197,2.88232197
TSK000621,S091,1.45107698,1.45107698
TSK000621,S092,3.03160746,3.03160746
TSK000621,S093,1.45107698,1.45107698
TSK000621,S094,3.09025943,3.09025943
TSK000621,S095,5.49039562,5.49039562
TSK000621,S096,1.45107698,1.45107698
TSK000621,S097,7.69876489,7.69876489
TSK000621,S098,1.45107698,1.45107698
TSK000621,S099,5.96097579,5.96097579
TSK000621,S100,1.45107698,1.45107698
TSK000622,S001,26.73256083,26.73256083
TSK000622,S002,23.22853481,23.22853481
TSK000622,S003,20.34740833,20.34740833
TSK000622,S004,31.64324426,31.64324426
TSK000622,S005,15.32470333,15.32470333
TSK000622,S006,21.93458006,21.93458006
TSK000622,S007,5.49558181,5.49558181
TSK000622,S008,11.54482802,11.54482802
TSK000622,S009,10.82503955,10.82503955
TSK000622,S010,29.08278376,29.08278376
TSK000622,S011,5.49558181,5.49558181
TSK000622,S012,5.49558181,5.49558181
TSK000622,S013,13.18306306,13.18306306
TSK000622,S014,10.33932623,10.33932623
TSK000622,S015,5.49558181,5.49558181
TSK000622,S016,16.34245759,16.34245759
TSK000622,S017,13.5710098,13.5710098
TSK000622,S018,5.49558181,5.49558181
TSK000622,S019,14.58215281,14.58215281
TSK000622,S020,5.49558181,5.49558181
TSK000622,S021,37.77980821,37.77980821
TSK000622,S022,23.22421861,23.22421861
TSK000622,S023,9.23447246,9.23447246
TSK000622,S024,19.39442549,19.39442549
TSK000622,S025,15.34953649,15.34953649
TSK000622,S026,15.45051063,15.45051063
TSK000622,S027,10.8765523,10.8765523
TSK000622,S028,13.48169342,13.48169342
TSK000622,S029,11.28232674,11.28232674
TSK000622,S030,8.71349671,8.71349671
TSK000622,S031,19.33863701,19.33863701
TSK000622,S032,30.28983536,30.28983536
TSK000622,S033,5.49558181,5.49558181
TSK000622,S034,5.49558181,5.49558181
TSK000622,S035,20.34740833,20.34740833
TSK000622,S036,6.84978593,6.84978593
TSK000622,S037,29.50585236,29.50585236
TSK000622,S038,20.04867008,20.04867008
TSK000622,S039,14.99662169,14.99662169
TSK000622,S040,21.66357148,21.66357148
TSK000622,S041,5.49558181,5.49558181
TSK000622,S042,10.23979422,10.23979422
TSK000622,S043,20.86942044,20.86942044
TSK000622,S044,5.49558181,5.49558181
TSK000622,S045,11.28232674,11.28232674
TSK000622,S046,45.36628143,45.36628143
TSK000622,S047,13.8182181,13.8182181
TSK000622,S048,5.49558181,5.49558181
TSK000622,S049,5.49558181,5.49558181
TSK000622,S050,26.13907686,26.13907686
TSK000622,S051,27.99132206,27.99132206
TSK000622,S052,10.21634464,10.21634464
TSK000622,S053,5.49558181,5.49558181
TSK000622,S054,24.7824618,24.7824618
TSK000622,S055,17.17276209,17.17276209
TSK000622,S056,5.49558181,5.49558181
TSK000622,S057,21.78614414,21.78614414
TSK000622,S058,5.49558181,5.49558181
TSK000622,S059,21.35772674,21.35772674
TSK000622,S060,5.49558181,5.49558181
TSK000622,S061,36.08543066,36.08543066
TSK000622,S062,22.52839174,22.52839174
TSK000622,S063,15.92438561,15.92438561
TSK000622,S064,14.58215281,14.58215281
TSK000622,S065,5.49558181,5.49558181
TSK000622,S066,54.29154269,54.29154269
TSK000622,S067,16.42916142,16.42916142
TSK000622,S068,13.34966064,13.34966064
TSK000622,S069,33.32268867,33.32268867
TSK000622,S070,5.49558181,5.49558181
TSK000622,S071,19.08071116,19.08071116
TSK000622,S072,5.49558181,5.49558181
TSK000622,S073,5.49558181,5.49558181
TSK000622,S074,33.49153444,33.49153444
TSK000622,S075,14.99546307,14.99546307
TSK000622,S076,12.2740231,12.2740231
TSK000622,S077,15.5794302,15.5794302
TSK000622,S078,14.99546307,14.99546307
TSK000622,S079,5.49558181,5.49558181
TSK000622,S080,34.6919796,34.6919796
TSK000622,S081,16.42916142,16.42916142
TSK000622,S082,5.49558181,5.49558181
TSK000622,S083,12.68488343,12.68488343
TSK000622,S084,5.49558181,5.49558181
TSK000622,S085,7.62290618,7.62290618
TSK000622,S086,17.17276209,17.17276209
TSK000622,S087,14.81010153,14.81010153
TSK000622,S088,8.99790186,8.99790186
TSK000622,S089,15.82263043,15.82263043
TSK000622,S090,14.26742992,14.26742992
TSK000622,S091,5.49558181,5.49558181
TSK000622,S092,11.53836748,11.53836748
TSK000622,S093,5.49558181,5.49558181
TSK000622,S094,13.86698521,13.86698521
TSK000622,S095,21.69618159,21.69618159
TSK000622,S096,5.49558181,5.49558181
TSK000622,S097,32.61006087,32.61006087
TSK000622,S098,5.49558181,5.49558181
TSK000622,S099,26.71255453,26.71255453
TSK000622,S100,5.49558181,5.49558181
TSK000651,S001,43.13609369,43.13609369
TSK000651,S002,36.86690936,36.86690936
TSK000651,S003,31.2939005,31.2939005
TSK000651,S004,55.14210874,55.14210874
TSK000651,S005,22.44996504,22.44996504
TSK000651,S006,32.16619809,32.16619809
TSK000651,S007,9.04380062,9.04380062
TSK000651,S008,17.25676607,17.25676607
TSK000651,S009,19.15110945,19.15110945
TSK000651,S010,48.09036307,48.09036307
TSK000651,S011,9.04380062,9.04380062
TSK000651,S012,9.04380062,9.04380062
TSK000651,S013,19.79332226,19.79332226
TSK000651,S014,16.66641001,16.66641001
TSK000651,S015,9.04380062,9.04380062
TSK000651,S016,23.89304979,23.89304979
TSK000651,S017,21.70840883,21.70840883
TSK000651,S018,9.04380062,9.04380062
TSK000651,S019,24.43371308,24.43371308
TSK000651,S020,9.04380062,9.04380062
TSK000651,S021,63.97889094,63.97889094
TSK000651,S022,37.16471737,37.16471737
TSK000651,S023,14.54525156,14.54525156
TSK000651,S024,28.59144328,28.59144328
TSK000651,S025,23.21797786,23.21797786
TSK000651,S026,23.38461484,23.38461484
TSK000651,S027,16.52939085,16.52939085
TSK000651,S028,21.16817939,21.16817939
TSK000651,S029,17.16818567,17.16818567
TSK000651,S030,13.53860559,13.53860559
TSK000651,S031,31.79475764,31.79475764
TSK000651,S032,44.06362434,44.06362434
TSK000651,S033,9.04380062,9.04380062
TSK000651,S034,9.04380062,9.04380062
TSK000651,S035,31.2939005,31.2939005
TSK000651,S036,11.12510239,11.12510239
TSK000651,S037,45.79382877,45.79382877
TSK000651,S038,31.48423826,31.48423826
TSK000651,S039,22.0569599,22.0569599
TSK000651,S040,35.46366817,35.46366817
TSK000651,S041,9.04380062,9.04380062
TSK000651,S042,15.64328005,15.64328005
TSK000651,S043,31.92913389,31.92913389
TSK000651,S044,9.04380062,9.04380062
TSK000651,S045,17.16818567,17.16818567
TSK000651,S046,78.86269582,78.86269582
TSK000651,S047,20.70453883,20.70453883
TSK000651,S048,9.04380062,9.04380062
TSK000651,S049,9.04380062,9.04380062
TSK000651,S050,51.43487797,51.43487797
TSK000651,S051,44.978789,44.978789
TSK000651,S052,16.14722022,16.14722022
TSK000651,S053,9.04380062,9.04380062
TSK000651,S054,37.61113092,37.61113092
TSK000651,S055,28.11411936,28.11411936
TSK000651,S056,9.04380062,9.04380062
TSK000651,S057,35.90904165,35.90904165
TSK000651,S058,9.04380062,9.04380062
TSK000651,S059,36.7473627,36.7473627
TSK000651,S060,9.04380062,9.04380062
TSK000651,S061,57.65500698,57.65500698
TSK000651,S062,33.80330339,33.80330339
TSK000651,S063,25.12335522,25.12335522
TSK000651,S064,24.43371308,24.43371308
TSK000651,S065,9.04380062,9.04380062
TSK000651,S066,91.97840043,91.97840043
TSK000651,S067,29.30860859,29.30860859
TSK000651,S068,19.77595479,19.77595479
TSK000651,S069,55.32475077,55.32475077
TSK000651,S070,9.04380062,9.04380062
TSK000651,S071,28.29655267,28.29655267
TSK000651,S072,9.04380062,9.04380062
TSK000651,S073,9.04380062,9.04380062
TSK000651,S074,54.01455727,54.01455727
TSK000651,S075,22.23890979,22.23890979
TSK000651,S076,18.30733241,18.30733241
TSK000651,S077,23.3997177,23.3997177
TSK000651,S078,22.23890979,22.23890979
TSK000651,S079,9.04380062,9.04380062
TSK000651,S080,53.98018816,53.98018816
TSK000651,S081,29.30860859,29.30860859
TSK000651,S082,9.04380062,9.04380062
TSK000651,S083,20.76776581,20.76776581
TSK000651,S084,9.04380062,9.04380062
TSK000651,S085,11.92836571,11.92836571
TSK000651,S086,28.11411936,28.11411936
TSK000651,S087,24.89226014,24.89226014
TSK000651,S088,13.87379286,13.87379286
TSK000651,S089,26.07457678,26.07457678
TSK000651,S090,22.28313423,22.28313423
TSK000651,S091,9.04380062,9.04380062
TSK000651,S092,17.45125839,17.45125839
TSK000651,S093,9.04380062,9.04380062
TSK000651,S094,21.03952551,21.03952551
TSK000651,S095,34.74145625,34.74145625
TSK000651,S096,9.04380062,9.04380062
TSK000651,S097,54.68787551,54.68787551
TSK000651,S098,9.04380062,9.04380062
TSK000651,S099,44.09281301,44.09281301
TSK000651,S100,9.04380062,9.04380062
TSK000652,S001,140.27974333,140.27974333
TSK000652,S002,124.95119222,124.95119222
TSK000652,S003,109.02323352,109.02323352
TSK000652,S004,195.54763565,195.54763565
TSK000652,S005,61.77642374,61.77642374
TSK000652,S006,103.36445974,103.36445974
TSK000652,S007,26.6920099,26.6920099
TSK000652,S008,43.69674133,43.69674133
TSK000652,S009,62.45746861,62.45746861
TSK000652,S010,169.61169643,169.61169643
TSK000652,S011,26.6920099,26.6920099
TSK000652,S012,26.6920099,26.6920099
TSK000652,S013,59.68018247,59.68018247
TSK000652,S014,50.7587438,50.7587438
TSK000652,S015,26.6920099,26.6920099
TSK000652,S016,66.54003527,66.54003527
TSK000652,S017,78.33812331,78.33812331
TSK000652,S018,26.6920099,26.6920099
TSK000652,S019,97.80768529,97.80768529
TSK000652,S020,26.6920099,26.6920099
TSK000652,S021,233.60945663,233.60945663
TSK000652,S022,115.4065316,115.4065316
TSK000652,S023,50.25768488,50.25768488
TSK000652,S024,88.92354742,88.92354742
TSK000652,S025,79.6109396,79.6109396
TSK000652,S026,78.43342245,78.43342245
TSK000652,S027,48.00078185,48.00078185
TSK000652,S028,68.07900236,68.07900236
TSK000652,S029,51.79670666,51.79670666
TSK000652,S030,39.53996328,39.53996328
TSK000652,S031,100.13041484,100.13041484
TSK000652,S032,146.13408529,146.13408529
TSK000652,S033,26.6920099,26.6920099
TSK000652,S034,26.6920099,26.6920099
TSK000652,S035,109.02323352,109.02323352
TSK000652,S036,37.29063293,37.29063293
TSK000652,S037,172.84277303,172.84277303
TSK000652,S038,101.16567824,101.16567824
TSK000652,S039,60.74954488,60.74954488
TSK000652,S040,121.24101816,121.24101816
TSK000652,S041,26.6920099,26.6920099
TSK000652,S042,47.29275775,47.29275775
TSK000652,S043,110.62329816,110.62329816
TSK000652,S044,26.6920099,26.6920099
TSK000652,S045,51.79670666,51.79670666
TSK000652,S046,300.83199762,300.83199762
TSK000652,S047,63.11555646,63.11555646
TSK000652,S048,26.6920099,26.6920099
TSK000652,S049,26.6920099,26.6920099
TSK000652,S050,187.58072334,187.58072334
TSK000652,S051,178.07742947,178.07742947
TSK000652,S052,58.71776533,58.71776533
TSK000652,S053,26.6920099,26.6920099
TSK000652,S054,148.52069196,148.52069196
TSK000652,S055,91.47637925,91.47637925
TSK000652,S056,26.6920099,26.6920099
TSK000652,S057,129.08541422,129.08541422
TSK000652,S058,26.6920099,26.6920099
TSK000652,S059,104.38681761,104.38681761
TSK000652,S060,26.6920099,26.6920099
TSK000652,S061,217.31310986,217.31310986
TSK000652,S062,123.3020764,123.3020764
TSK000652,S063,72.3000488,72.3000488
TSK000652,S064,97.80768529,97.80768529
TSK000652,S065,26.6920099,26.6920099
TSK000652,S066,339.4091445,339.4091445
TSK000652,S067,105.03586582,105.03586582
TSK000652,S068,53.14457198,53.14457198
TSK000652,S069,186.1805402,186.1805402
TSK000652,S070,26.6920099,26.6920099
TSK000652,S071,91.91315109,91.91315109
TSK000652,S072,26.6920099,26.6920099
TSK000652,S073,26.6920099,26.6920099
TSK000652,S074,188.48687655,188.48687655
TSK000652,S075,62.64133517,62.64133517
TSK000652,S076,50.45860657,50.45860657
TSK000652,S077,77.98235725,77.98235725
TSK000652,S078,62.64133517,62.64133517
TSK000652,S079,26.6920099,26.6920099
TSK000652,S080,205.66293787,205.66293787
TSK000652,S081,105.03586582,105.03586582
TSK000652,S082,26.6920099,26.6920099
TSK000652,S083,63.11359268,63.11359268
TSK000652,S084,26.6920099,26.6920099
TSK000652,S085,32.15283119,32.15283119
TSK000652,S086,91.47637925,91.47637925
TSK000652,S087,83.21412769,83.21412769
TSK000652,S088,39.14910776,39.14910776
TSK000652,S089,100.43202201,100.43202201
TSK000652,S090,89.35765351,89.35765351
TSK000652,S091,26.6920099,26.6920099
TSK000652,S092,50.9056668,50.9056668
TSK000652,S093,26.6920099,26.6920099
TSK000652,S094,70.81628136,70.81628136
TSK000652,S095,97.78795782,97.78795782
TSK000652,S096,26.6920099,26.6920099
TSK000652,S097,173.44944257,173.44944257
TSK000652,S098,26.6920099,26.6920099
TSK000652,S099,143.33897816,143.33897816
TSK000652,S100,26.6920099,26.6920099
TSK000744,S001,9.23361107,9.23361107
TSK000744,S002,8.35398591,8.35398591
TSK000744,S003,7.53174405,7.53174405
TSK000744,S004,10.80381177,10.80381177
TSK000744,S005,5.97374997,5.97374997
TSK000744,S006,7.66182117,7.66182117
TSK000744,S007,2.32607936,2.32607936
TSK000744,S008,5.71862728,5.71862728
TSK000744,S009,3.92578075,3.92578075
TSK000744,S010,9.64084719,9.64084719
TSK000744,S011,2.32607936,2.32607936
TSK000744,S012,2.32607936,2.32607936
TSK000744,S013,5.2695165,5.2695165
TSK000744,S014,4.10487883,4.10487883
TSK000744,S015,2.32607936,2.32607936
TSK000744,S016,6.3770663,6.3770663
TSK000744,S017,4.68522666,4.68522666
TSK000744,S018,2.32607936,2.32607936
TSK000744,S019,4.49536994,4.49536994
TSK000744,S020,2.32607936,2.32607936
TSK000744,S021,11.81597251,11.81597251
TSK000744,S022,8.50437874,8.50437874
TSK000744,S023,3.30509796,3.30509796
TSK000744,S024,7.61759633,7.61759633
TSK000744,S025,5.51895097,5.51895097
TSK000744,S026,6.22208983,6.22208983
TSK000744,S027,4.66959924,4.66959924
TSK000744,S028,4.86346554,4.86346554
TSK000744,S029,4.67927047,4.67927047
TSK000744,S030,3.81908193,3.81908193
TSK000744,S031,7.01722425,7.01722425
TSK000744,S032,10.19371795,10.19371795
TSK000744,S033,2.32607936,2.32607936
TSK000744,S034,2.32607936,2.32607936
TSK000744,S035,7.53174405,7.53174405
TSK000744,S036,2.64937648,2.64937648
TSK000744,S037,9.65453813,9.65453813
TSK000744,S038,8.20451014,8.20451014
TSK000744,S039,6.1760776,6.1760776
TSK000744,S040,7.3277592,7.3277592
TSK000744,S041,2.32607936,2.32607936
TSK000744,S042,3.83573438,3.83573438
TSK000744,S043,7.28721108,7.28721108
TSK000744,S044,2.32607936,2.32607936
TSK000744,S045,4.67927047,4.67927047
TSK000744,S046,13.761157,13.761157
TSK000744,S047,5.45159834,5.45159834
TSK000744,S048,2.32607936,2.32607936
TSK000744,S049,2.32607936,2.32607936
TSK000744,S050,7.32124572,7.32124572
TSK000744,S051,8.93003172,8.93003172
TSK000744,S052,3.93035265,3.93035265
TSK000744,S053,2.32607936,2.32607936
TSK000744,S054,8.56801628,8.56801628
TSK000744,S055,6.39933164,6.39933164
TSK000744,S056,2.32607936,2.32607936
TSK000744,S057,6.98879572,6.98879572
TSK000744,S058,2.32607936,2.32607936
TSK000744,S059,9.11538319,9.11538319
TSK000744,S060,2.32607936,2.32607936
TSK000744,S061,11.2697267,11.2697267
TSK000744,S062,8.02500544,8.02500544
TSK000744,S063,6.54532038,6.54532038
TSK000744,S064,4.49536994,4.49536994
TSK000744,S065,2.32607936,2.32607936
TSK000744,S066,16.57381335,16.57381335
TSK000744,S067,5.39893068,5.39893068
TSK000744,S068,5.85831215,5.85831215
TSK000744,S069,13.69586384,13.69586384
TSK000744,S070,2.32607936,2.32607936
TSK000744,S071,7.14356457,7.14356457
TSK000744,S072,2.32607936,2.32607936
TSK000744,S073,2.32607936,2.32607936
TSK000744,S074,10.78247135,10.78247135
TSK000744,S075,6.83638922,6.83638922
TSK000744,S076,5.09608162,5.09608162
TSK000744,S077,5.46219422,5.46219422
TSK000744,S078,6.83638922,6.83638922
TSK000744,S079,2.32607936,2.32607936
TSK000744,S080,10.43061416,10.43061416
TSK000744,S081,5.39893068,5.39893068
TSK000744,S082,2.32607936,2.32607936
TSK000744,S083,5.0411471,5.0411471
TSK000744,S084,2.32607936,2.32607936
TSK000744,S085,3.65307394,3.65307394
TSK000744,S086,6.39933164,6.39933164
TSK000744,S087,5.47445254,5.47445254
TSK000744,S088,3.99820814,3.99820814
TSK000744,S089,5.16209229,5.16209229
TSK000744,S090,4.61321,4.61321
TSK000744,S091,2.32607936,2.32607936
TSK000744,S092,4.87909393,4.87909393
TSK000744,S093,2.32607936,2.32607936
TSK000744,S094,4.98291738,4.98291738
TSK000744,S095,8.84555152,8.84555152
TSK000744,S096,2.32607936,2.32607936
TSK000744,S097,12.35376536,12.35376536
TSK000744,S098,2.32607936,2.32607936
TSK000744,S099,9.5864648,9.5864648
TSK000744,S100,2.32607936,2.32607936
TSK000900,S001,140.27974333,140.27974333
TSK000900,S002,124.95119222,124.95119222
TSK000900,S003,109.02323352,109.02323352
TSK000900,S004,195.54763565,195.54763565
TSK000900,S005,61.77642374,61.77642374
TSK000900,S006,103.36445974,103.36445974
TSK000900,S007,26.6920099,26.6920099
TSK000900,S008,43.69674133,43.69674133
TSK000900,S009,62.45746861,62.45746861
TSK000900,S010,169.61169643,169.61169643
TSK000900,S011,26.6920099,26.6920099
TSK000900,S012,26.6920099,26.6920099
TSK000900,S013,59.68018247,59.68018247
TSK000900,S014,50.7587438,50.7587438
TSK000900,S015,26.6920099,26.6920099
TSK000900,S016,66.54003527,66.54003527
TSK000900,S017,78.33812331,78.33812331
TSK000900,S018,26.6920099,26.6920099
TSK000900,S019,97.80768529,97.80768529
TSK000900,S020,26.6920099,26.6920099
TSK000900,S021,233.60945663,233.60945663
TSK000900,S022,115.4065316,115.4065316
TSK000900,S023,50.25768488,50.25768488
TSK000900,S024,88.92354742,88.92354742
TSK000900,S025,79.6109396,79.6109396
TSK000900,S026,78.43342245,78.43342245
TSK000900,S027,48.00078185,48.00078185
TSK000900,S028,68.07900236,68.07900236
TSK000900,S029,51.79670666,51.79670666
TSK000900,S030,39.53996328,39.53996328
TSK000900,S031,100.13041484,100.13041484
TSK000900,S032,146.13408529,146.13408529
TSK000900,S033,26.6920099,26.6920099
TSK000900,S034,26.6920099,26.6920099
TSK000900,S035,109.02323352,109.02323352
TSK000900,S036,37.29063293,37.29063293
TSK000900,S037,172.84277303,172.84277303
TSK000900,S038,101.16567824,101.16567824
TSK000900,S039,60.74954488,60.74954488
TSK000900,S040,121.24101816,121.24101816
TSK000900,S041,26.6920099,26.6920099
TSK000900,S042,47.29275775,47.29275775
TSK000900,S043,110.62329816,110.62329816
TSK000900,S044,26.6920099,26.6920099
TSK000900,S045,51.79670666,51.79670666
TSK000900,S046,300.83199762,300.83199762
TSK000900,S047,63.11555646,63.11555646
TSK000900,S048,26.6920099,26.6920099
TSK000900,S049,26.6920099,26.6920099
TSK000900,S050,187.58072334,187.58072334
TSK000900,S051,178.07742947,178.07742947
TSK000900,S052,58.71776533,58.71776533
TSK000900,S053,26.6920099,26.6920099
TSK000900,S054,148.52069196,148.52069196
TSK000900,S055,91.47637925,91.47637925
TSK000900,S056,26.6920099,26.6920099
TSK000900,S057,129.08541422,129.08541422
TSK000900,S058,26.6920099,26.6920099
TSK000900,S059,104.38681761,104.38681761
TSK000900,S060,26.6920099,26.6920099
TSK000900,S061,217.31310986,217.31310986
TSK000900,S062,123.3020764,123.3020764
TSK000900,S063,72.3000488,72.3000488
TSK000900,S064,97.80768529,97.80768529
TSK000900,S065,26.6920099,26.6920099
TSK000900,S066,339.4091445,339.4091445
TSK000900,S067,105.03586582,105.03586582
TSK000900,S068,53.14457198,53.14457198
TSK000900,S069,186.1805402,186.1805402
TSK000900,S070,26.6920099,26.6920099
TSK000900,S071,91.91315109,91.91315109
TSK000900,S072,26.6920099,26.6920099
TSK000900,S073,26.6920099,26.6920099
TSK000900,S074,188.48687655,188.48687655
TSK000900,S075,62.64133517,62.64133517
TSK000900,S076,50.45860657,50.45860657
TSK000900,S077,77.98235725,77.98235725
TSK000900,S078,62.64133517,62.64133517
TSK000900,S079,26.6920099,26.6920099
TSK000900,S080,205.66293787,205.66293787
TSK000900,S081,105.03586582,105.03586582
TSK000900,S082,26.6920099,26.6920099
TSK000900,S083,63.11359268,63.11359268
TSK000900,S084,26.6920099,26.6920099
TSK000900,S085,32.15283119,32.15283119
TSK000900,S086,91.47637925,91.47637925
TSK000900,S087,83.21412769,83.21412769
TSK000900,S088,39.14910776,39.14910776
TSK000900,S089,100.43202201,100.43202201
TSK000900,S090,89.35765351,89.35765351
TSK000900,S091,26.6920099,26.6920099
TSK000900,S092,50.9056668,50.9056668
TSK000900,S093,26.6920099,26.6920099
TSK000900,S094,70.81628136,70.81628136
TSK000900,S095,97.78795782,97.78795782
TSK000900,S096,26.6920099,26.6920099
TSK000900,S097,173.44944257,173.44944257
TSK000900,S098,26.6920099,26.6920099
TSK000900,S099,143.33897816,143.33897816
TSK000900,S100,26.6920099,26.6920099
TSK000917,S001,25.97907322,25.97907322
TSK000917,S002,22.54467926,22.54467926
TSK000917,S003,19.75087139,19.75087139
TSK000917,S004,30.49071229,30.49071229
TSK000917,S005,15.05376889,15.05376889
TSK000917,S006,21.41981871,21.41981871
TSK000917,S007,5.35707877,5.35707877
TSK000917,S008,11.35844153,11.35844153
TSK000917,S009,10.46868702,10.46868702
TSK000917,S010,28.11489515,28.11489515
TSK000917,S011,5.35707877,5.35707877
TSK000917,S012,5.35707877,5.35707877
TSK000917,S013,12.89126376,12.89126376
TSK000917,S014,10.07561993,10.07561993
TSK000917,S015,5.35707877,5.35707877
TSK000917,S016,16.04763302,16.04763302
TSK000917,S017,13.12538127,13.12538127
TSK000917,S018,5.35707877,5.35707877
TSK000917,S019,13.98581837,13.98581837
TSK000917,S020,5.35707877,5.35707877
TSK000917,S021,36.40916849,36.40916849
TSK000917,S022,22.62393263,22.62393263
TSK000917,S023,8.95753406,8.95753406
TSK000917,S024,18.95600393,18.95600393
TSK000917,S025,14.92385713,14.92385713
TSK000917,S026,15.03301973,15.03301973
TSK000917,S027,10.64480091,10.64480091
TSK000917,S028,13.12405829,13.12405829
TSK000917,S029,11.0251692,11.0251692
TSK000917,S030,8.51773869,8.51773869
TSK000917,S031,18.80344593,18.80344593
TSK000917,S032,29.55126551,29.55126551
TSK000917,S033,5.35707877,5.35707877
TSK000917,S034,5.35707877,5.35707877
TSK000917,S035,19.75087139,19.75087139
TSK000917,S036,6.64305064,6.64305064
TSK000917,S037,28.51789168,28.51789168
TSK000917,S038,19.51153586,19.51153586
TSK000917,S039,14.72684383,14.72684383
TSK000917,S040,20.98690833,20.98690833
TSK000917,S041,5.35707877,5.35707877
TSK000917,S042,10.00641739,10.00641739
TSK000917,S043,20.27086855,20.27086855
TSK000917,S044,5.35707877,5.35707877
TSK000917,S045,11.0251692,11.0251692
TSK000917,S046,43.54303365,43.54303365
TSK000917,S047,13.50783759,13.50783759
TSK000917,S048,5.35707877,5.35707877
TSK000917,S049,5.35707877,5.35707877
TSK000917,S050,24.96602856,24.96602856
TSK000917,S051,26.9304711,26.9304711
TSK000917,S052,9.88066686,9.88066686
TSK000917,S053,5.35707877,5.35707877
TSK000917,S054,23.9201836,23.9201836
TSK000917,S055,16.67379337,16.67379337
TSK000917,S056,5.35707877,5.35707877
TSK000917,S057,21.04454995,21.04454995
TSK000917,S058,5.35707877,5.35707877
TSK000917,S059,20.81321211,20.81321211
TSK000917,S060,5.35707877,5.35707877
TSK000917,S061,34.82792936,34.82792936
TSK000917,S062,21.84686104,21.84686104
TSK000917,S063,15.5689462,15.5689462
TSK000917,S064,13.98581837,13.98581837
TSK000917,S065,5.35707877,5.35707877
TSK000917,S066,52.29156313,52.29156313
TSK000917,S067,15.80097426,15.80097426
TSK000917,S068,13.11557171,13.11557171
TSK000917,S069,32.26975232,32.26975232
TSK000917,S070,5.35707877,5.35707877
TSK000917,S071,18.61229285,18.61229285
TSK000917,S072,5.35707877,5.35707877
TSK000917,S073,5.35707877,5.35707877
TSK000917,S074,32.43946457,32.43946457
TSK000917,S075,14.70485095,14.70485095
TSK000917,S076,12.04643027,12.04643027
TSK000917,S077,15.17322726,15.17322726
TSK000917,S078,14.70485095,14.70485095
TSK000917,S079,5.35707877,5.35707877
TSK000917,S080,33.514388,33.514388
TSK000917,S081,15.80097426,15.80097426
TSK000917,S082,5.35707877,5.35707877
TSK000917,S083,12.35388028,12.35388028
TSK000917,S084,5.35707877,5.35707877
TSK000917,S085,7.47134401,7.47134401
TSK000917,S086,16.67379337,16.67379337
TSK000917,S087,14.34174413,14.34174413
TSK000917,S088,8.81032038,8.81032038
TSK000917,S089,15.22429919,15.22429919
TSK000917,S090,13.73882258,13.73882258
TSK000917,S091,5.35707877,5.35707877
TSK000917,S092,11.29311248,11.29311248
TSK000917,S093,5.35707877,5.35707877
TSK000917,S094,13.49223381,13.49223381
TSK000917,S095,21.21871101,21.21871101
TSK000917,S096,5.35707877,5.35707877
TSK000917,S097,31.66360529,31.66360529
TSK000917,S098,5.35707877,5.35707877
TSK000917,S099,25.92938654,25.92938654
TSK000917,S100,5.35707877,5.35707877
TSK001107,S001,5.72277118,5.72277118
TSK001107,S002,5.19588853,5.19588853
TSK001107,S003,4.69022889,4.69022889
TSK001107,S004,6.76048093,6.76048093
TSK001107,S005,3.68187607,3.68187607
TSK001107,S006,4.72412588,4.72412588
TSK001107,S007,1.45107698,1.45107698
TSK001107,S008,3.56328566,3.56328566
TSK001107,S009,2.45258559,2.45258559
TSK001107,S010,6.00115894,6.00115894
TSK001107,S011,1.45107698,1.45107698
TSK001107,S012,1.45107698,1.45107698
TSK001107,S013,3.26792446,3.26792446
TSK001107,S014,2.55395097,2.55395097
TSK001107,S015,1.45107698,1.45107698
TSK001107,S016,3.93224282,3.93224282
TSK001107,S017,2.92032582,2.92032582
TSK001107,S018,1.45107698,1.45107698
TSK001107,S019,2.81749844,2.81749844
TSK001107,S020,1.45107698,1.45107698
TSK001107,S021,7.36410112,7.36410112
TSK001107,S022,5.27201812,5.27201812
TSK001107,S023,2.0565113,2.0565113
TSK001107,S024,4.72222976,4.72222976
TSK001107,S025,3.42565479,3.42565479
TSK001107,S026,3.88000449,3.88000449
TSK001107,S027,2.90373649,2.90373649
TSK001107,S028,3.01501752,3.01501752
TSK001107,S029,2.90921508,2.90921508
TSK001107,S030,2.3798575,2.3798575
TSK001107,S031,4.35734647,4.35734647
TSK001107,S032,6.27888505,6.27888505
TSK001107,S033,1.45107698,1.45107698
TSK001107,S034,1.45107698,1.45107698
TSK001107,S035,4.69022889,4.69022889
TSK001107,S036,1.65471965,1.65471965
TSK001107,S037,6.0075342,6.0075342
TSK001107,S038,5.11870126,5.11870126
TSK001107,S039,3.81954167,3.81954167
TSK001107,S040,4.55397241,4.55397241
TSK001107,S041,1.45107698,1.45107698
TSK001107,S042,2.37235818,2.37235818
TSK001107,S043,4.52168571,4.52168571
TSK001107,S044,1.45107698,1.45107698
TSK001107,S045,2.90921508,2.90921508
TSK001107,S046,8.61082333,8.61082333
TSK001107,S047,3.37975476,3.37975476
TSK001107,S048,1.45107698,1.45107698
TSK001107,S049,1.45107698,1.45107698
TSK001107,S050,4.59749849,4.59749849
TSK001107,S051,5.58244812,5.58244812
TSK001107,S052,2.46139346,2.46139346
TSK001107,S053,1.45107698,1.45107698
TSK001107,S054,5.35359938,5.35359938
TSK001107,S055,3.9851066,3.9851066
TSK001107,S056,1.45107698,1.45107698
TSK001107,S057,4.34782058,4.34782058
TSK001107,S058,1.45107698,1.45107698
TSK001107,S059,5.69020547,5.69020547
TSK001107,S060,1.45107698,1.45107698
TSK001107,S061,7.00959938,7.00959938
TSK001107,S062,4.99377635,4.99377635
TSK001107,S063,4.06561664,4.06561664
TSK001107,S064,2.81749844,2.81749844
TSK001107,S065,1.45107698,1.45107698
TSK001107,S066,10.32566897,10.32566897
TSK001107,S067,3.38071719,3.38071719
TSK001107,S068,3.63348804,3.63348804
TSK001107,S069,8.58850187,8.58850187
TSK001107,S070,1.45107698,1.45107698
TSK001107,S071,4.42691101,4.42691101
TSK001107,S072,1.45107698,1.45107698
TSK001107,S073,1.45107698,1.45107698
TSK001107,S074,6.68591844,6.68591844
TSK001107,S075,4.25550023,4.25550023
TSK001107,S076,3.1547951,3.1547951
TSK001107,S077,3.37927448,3.37927448
TSK001107,S078,4.25550023,4.25550023
TSK001107,S079,1.45107698,1.45107698
TSK001107,S080,6.4673522,6.4673522
TSK001107,S081,3.38071719,3.38071719
TSK001107,S082,1.45107698,1.45107698
TSK001107,S083,3.13858963,3.13858963
TSK001107,S084,1.45107698,1.45107698
TSK001107,S085,2.28019617,2.28019617
TSK001107,S086,3.9851066,3.9851066
TSK001107,S087,3.41786269,3.41786269
TSK001107,S088,2.48921282,2.48921282
TSK001107,S089,3.22969454,3.22969454
TSK001107,S090,2.88232197,2.88232197
TSK001107,S091,1.45107698,1.45107698
TSK001107,S092,3.03160746,3.03160746
TSK001107,S093,1.45107698,1.45107698
TSK001107,S094,3.09025943,3.09025943
TSK001107,S095,5.49039562,5.49039562
TSK001107,S096,1.45107698,1.45107698
TSK001107,S097,7.69876489,7.69876489
TSK001107,S098,1.45107698,1.45107698
TSK001107,S099,5.96097579,5.96097579
TSK001107,S100,1.45107698,1.45107698
TSK001136,S001,0.42543395,0.42543395
TSK001136,S002,0.37238142,0.37238142
TSK001136,S003,0.33179456,0.33179456
TSK001136,S004,0.45358303,0.45358303
TSK001136,S005,0.28928428,0.28928428
TSK001136,S006,0.36978442,0.36978442
TSK001136,S007,0.10071586,0.10071586
TSK001136,S008,0.25045913,0.25045913
TSK001136,S009,0.16753735,0.16753735
TSK001136,S010,0.42639654,0.42639654
TSK001136,S011,0.10071586,0.10071586
TSK001136,S012,0.10071586,0.10071586
TSK001136,S013,0.24141773,0.24141773
TSK001136,S014,0.1823878,0.1823878
TSK001136,S015,0.10071586,0.10071586
TSK001136,S016,0.3075923,0.3075923
TSK001136,S017,0.20454608,0.20454608
TSK001136,S018,0.10071586,0.10071586
TSK001136,S019,0.18563471,0.18563471
TSK001136,S020,0.10071586,0.10071586
TSK001136,S021,0.51644348,0.51644348
TSK001136,S022,0.39100786,0.39100786
TSK001136,S023,0.14673994,0.14673994
TSK001136,S024,0.35027435,0.35027435
TSK001136,S025,0.2507621,0.2507621
TSK001136,S026,0.27044761,0.27044761
TSK001136,S027,0.20855403,0.20855403
TSK001136,S028,0.22356263,0.22356263
TSK001136,S029,0.2093526,0.2093526
TSK001136,S030,0.16714029,0.16714029
TSK001136,S031,0.31767283,0.31767283
TSK001136,S032,0.49633604,0.49633604
TSK001136,S033,0.10071586,0.10071586
TSK001136,S034,0.10071586,0.10071586
TSK001136,S035,0.33179456,0.33179456
TSK001136,S036,0.11337162,0.11337162
TSK001136,S037,0.42847239,0.42847239
TSK001136,S038,0.35491081,0.35491081
TSK001136,S039,0.29020503,0.29020503
TSK001136,S040,0.32912905,0.32912905
TSK001136,S041,0.10071586,0.10071586
TSK001136,S042,0.18011136,0.18011136
TSK001136,S043,0.33216146,0.33216146
TSK001136,S044,0.10071586,0.10071586
TSK001136,S045,0.2093526,0.2093526
TSK001136,S046,0.57789044,0.57789044
TSK001136,S047,0.25050536,0.25050536
TSK001136,S048,0.10071586,0.10071586
TSK001136,S049,0.10071586,0.10071586
TSK001136,S050,0.29625618,0.29625618
TSK001136,S051,0.37869231,0.37869231
TSK001136,S052,0.16365659,0.16365659
TSK001136,S053,0.10071586,0.10071586
TSK001136,S054,0.36508085,0.36508085
TSK001136,S055,0.28186562,0.28186562
TSK001136,S056,0.10071586,0.10071586
TSK001136,S057,0.31082034,0.31082034
TSK001136,S058,0.10071586,0.10071586
TSK001136,S059,0.39210766,0.39210766
TSK001136,S060,0.10071586,0.10071586
TSK001136,S061,0.50219973,0.50219973
TSK001136,S062,0.35600341,0.35600341
TSK001136,S063,0.29541997,0.29541997
TSK001136,S064,0.18563471,0.18563471
TSK001136,S065,0.10071586,0.10071586
TSK001136,S066,0.72691191,0.72691191
TSK001136,S067,0.22506515,0.22506515
TSK001136,S068,0.26810644,0.26810644
TSK001136,S069,0.56245532,0.56245532
TSK001136,S070,0.10071586,0.10071586
TSK001136,S071,0.32947809,0.32947809
TSK001136,S072,0.10071586,0.10071586
TSK001136,S073,0.10071586,0.10071586
TSK001136,S074,0.49460493,0.49460493
TSK001136,S075,0.30233441,0.30233441
TSK001136,S076,0.23728829,0.23728829
TSK001136,S077,0.25581983,0.25581983
TSK001136,S078,0.30233441,0.30233441
TSK001136,S079,0.10071586,0.10071586
TSK001136,S080,0.4787313,0.4787313
TSK001136,S081,0.22506515,0.22506515
TSK001136,S082,0.10071586,0.10071586
TSK001136,S083,0.22253865,0.22253865
TSK001136,S084,0.10071586,0.10071586
TSK001136,S085,0.15728197,0.15728197
TSK001136,S086,0.28186562,0.28186562
TSK001136,S087,0.23516106,0.23516106
TSK001136,S088,0.17653219,0.17653219
TSK001136,S089,0.21705382,0.21705382
TSK001136,S090,0.19668725,0.19668725
TSK001136,S091,0.10071586,0.10071586
TSK001136,S092,0.21955471,0.21955471
TSK001136,S093,0.10071586,0.10071586
TSK001136,S094,0.22823868,0.22823868
TSK001136,S095,0.40198354,0.40198354
TSK001136,S096,0.10071586,0.10071586
TSK001136,S097,0.54029569,0.54029569
TSK001136,S098,0.10071586,0.10071586
TSK001136,S099,0.42832743,0.42832743
TSK001136,S100,0.10071586,0.10071586
TSK001197,S001,43.24313464,43.24313464
TSK001197,S002,38.17919022,38.17919022
TSK001197,S003,33.38207356,33.38207356
TSK001197,S004,56.71728023,56.71728023
TSK001197,S005,21.34857847,21.34857847
TSK001197,S006,33.28436462,33.28436462
TSK001197,S007,8.52484751,8.52484751
TSK001197,S008,15.65789977,15.65789977
TSK001197,S009,18.58946935,18.58946935
TSK001197,S010,50.20223511,50.20223511
TSK001197,S011,8.52484751,8.52484751
TSK001197,S012,8.52484751,8.52484751
TSK001197,S013,19.6048586,19.6048586
TSK001197,S014,16.11585447,16.11585447
TSK001197,S015,8.52484751,8.52484751
TSK001197,S016,22.89113784,22.89113784
TSK001197,S017,23.2908664,23.2908664
TSK001197,S018,8.52484751,8.52484751
TSK001197,S019,27.5391114,27.5391114
TSK001197,S020,8.52484751,8.52484751
TSK001197,S021,67.64574147,67.64574147
TSK001197,S022,36.3969514,36.3969514
TSK001197,S023,15.28627257,15.28627257
TSK001197,S024,29.04109615,29.04109615
TSK001197,S025,24.6732817,24.6732817
TSK001197,S026,24.57564112,24.57564112
TSK001197,S027,15.9710683,15.9710683
TSK001197,S028,21.32582026,21.32582026
TSK001197,S029,16.92888185,16.92888185
TSK001197,S030,13.00571966,13.00571966
TSK001197,S031,31.05923537,31.05923537
TSK001197,S032,46.56641265,46.56641265
TSK001197,S033,8.52484751,8.52484751
TSK001197,S034,8.52484751,8.52484751
TSK001197,S035,33.38207356,33.38207356
TSK001197,S036,11.35861115,11.35861115
TSK001197,S037,51.06468569,51.06468569
TSK001197,S038,31.78658929,31.78658929
TSK001197,S039,20.97661838,20.97661838
TSK001197,S040,36.44999425,36.44999425
TSK001197,S041,8.52484751,8.52484751
TSK001197,S042,15.38083605,15.38083605
TSK001197,S043,33.97447256,33.97447256
TSK001197,S044,8.52484751,8.52484751
TSK001197,S045,16.92888185,16.92888185
TSK001197,S046,85.00716656,85.00716656
TSK001197,S047,20.64819539,20.64819539
TSK001197,S048,8.52484751,8.52484751
TSK001197,S049,8.52484751,8.52484751
TSK001197,S050,51.60159569,51.60159569
TSK001197,S051,51.07319601,51.07319601
TSK001197,S052,17.52155648,17.52155648
TSK001197,S053,8.52484751,8.52484751
TSK001197,S054,43.55995447,43.55995447
TSK001197,S055,28.07670272,28.07670272
TSK001197,S056,8.52484751,8.52484751
TSK001197,S057,37.96700722,37.96700722
TSK001197,S058,8.52484751,8.52484751
TSK001197,S059,33.25981976,33.25981976
TSK001197,S060,8.52484751,8.52484751
TSK001197,S061,63.51722654,63.51722654
TSK001197,S062,37.41923525,37.41923525
TSK001197,S063,23.73706714,23.73706714
TSK001197,S064,27.5391114,27.5391114
TSK001197,S065,8.52484751,8.52484751
TSK001197,S066,97.86923113,97.86923113
TSK001197,S067,30.08772316,30.08772316
TSK001197,S068,18.5298303,18.5298303
TSK001197,S069,56.22542112,56.22542112
TSK001197,S070,8.52484751,8.52484751
TSK001197,S071,29.37182044,29.37182044
TSK001197,S072,8.52484751,8.52484751
TSK001197,S073,8.52484751,8.52484751
TSK001197,S074,56.49955089,56.49955089
TSK001197,S075,21.39038738,21.39038738
TSK001197,S076,17.31069817,17.31069817
TSK001197,S077,24.50039641,24.50039641
TSK001197,S078,21.39038738,21.39038738
TSK001197,S079,8.52484751,8.52484751
TSK001197,S080,60.41619061,60.41619061
TSK001197,S081,30.08772316,30.08772316
TSK001197,S082,8.52484751,8.52484751
TSK001197,S083,19.93008742,19.93008742
TSK001197,S084,8.52484751,8.52484751
TSK001197,S085,10.94775535,10.94775535
TSK001197,S086,28.07670272,28.07670272
TSK001197,S087,25.02206279,25.02206279
TSK001197,S088,13.11921485,13.11921485
TSK001197,S089,28.83717515,28.83717515
TSK001197,S090,25.7730779,25.7730779
TSK001197,S091,8.52484751,8.52484751
TSK001197,S092,16.93321756,16.93321756
TSK001197,S093,8.52484751,8.52484751
TSK001197,S094,22.08226436,22.08226436
TSK001197,S095,32.19937305,32.19937305
TSK001197,S096,8.52484751,8.52484751
TSK001197,S097,53.28543362,53.28543362
TSK001197,S098,8.52484751,8.52484751
TSK001197,S099,43.83739622,43.83739622
TSK001197,S100,8.52484751,8.52484751
TSK001330,S001,39.5558568,39.5558568
TSK001330,S002,34.8212165,34.8212165
TSK001330,S003,30.4505155,30.4505155
TSK001330,S004,51.01668819,51.01668819
TSK001330,S005,20.05195061,20.05195061
TSK001330,S006,30.78888069,30.78888069
TSK001330,S007,7.84517461,7.84517461
TSK001330,S008,14.75550228,14.75550228
TSK001330,S009,16.83084375,16.83084375
TSK001330,S010,45.43586432,45.43586432
TSK001330,S011,7.84517461,7.84517461
TSK001330,S012,7.84517461,7.84517461
TSK001330,S013,18.18624136,18.18624136
TSK001330,S014,14.82475428,14.82475428
TSK001330,S015,7.84517461,7.84517461
TSK001330,S016,21.47804367,21.47804367
TSK001330,S017,21.09508763,21.09508763
TSK001330,S018,7.84517461,7.84517461
TSK001330,S019,24.58396469,24.58396469
TSK001330,S020,7.84517461,7.84517461
TSK001330,S021,60.88206663,60.88206663
TSK001330,S022,33.4658056,33.4658056
TSK001330,S023,13.92549734,13.92549734
TSK001330,S024,26.90901124,26.90901124
TSK001330,S025,22.58888706,22.58888706
TSK001330,S026,22.52488085,22.52488085
TSK001330,S027,14.84244535,14.84244535
TSK001330,S028,19.57822575,19.57822575
TSK001330,S029,15.67436586,15.67436586
TSK001330,S030,12.04867238,12.04867238
TSK001330,S031,28.4379967,28.4379967
TSK001330,S032,42.98329639,42.98329639
TSK001330,S033,7.84517461,7.84517461
TSK001330,S034,7.84517461,7.84517461
TSK001330,S035,30.4505155,30.4505155
TSK001330,S036,10.33981626,10.33981626
TSK001330,S037,46.19994184,46.19994184
TSK001330,S038,29.14736851,29.14736851
TSK001330,S039,19.67943244,19.67943244
TSK001330,S040,33.12499272,33.12499272
TSK001330,S041,7.84517461,7.84517461
TSK001330,S042,14.24791831,14.24791831
TSK001330,S043,31.04185512,31.04185512
TSK001330,S044,7.84517461,7.84517461
TSK001330,S045,15.67436586,15.67436586
TSK001330,S046,75.9807349,75.9807349
TSK001330,S047,19.13899324,19.13899324
TSK001330,S048,7.84517461,7.84517461
TSK001330,S049,7.84517461,7.84517461
TSK001330,S050,45.78011588,45.78011588
TSK001330,S051,45.82688151,45.82688151
TSK001330,S052,15.86202896,15.86202896
TSK001330,S053,7.84517461,7.84517461
TSK001330,S054,39.30107358,39.30107358
TSK001330,S055,25.62502457,25.62502457
TSK001330,S056,7.84517461,7.84517461
TSK001330,S057,34.31475046,34.31475046
TSK001330,S058,7.84517461,7.84517461
TSK001330,S059,30.58530492,30.58530492
TSK001330,S060,7.84517461,7.84517461
TSK001330,S061,57.32229494,57.32229494
TSK001330,S062,34.06966308,34.06966308
TSK001330,S063,22.00580913,22.00580913
TSK001330,S064,24.58396469,24.58396469
TSK001330,S065,7.84517461,7.84517461
TSK001330,S066,87.99948633,87.99948633
TSK001330,S067,26.97792254,26.97792254
TSK001330,S068,17.40131945,17.40131945
TSK001330,S069,51.0159206,51.0159206
TSK001330,S070,7.84517461,7.84517461
TSK001330,S071,27.0886303,27.0886303
TSK001330,S072,7.84517461,7.84517461
TSK001330,S073,7.84517461,7.84517461
TSK001330,S074,51.33597928,51.33597928
TSK001330,S075,19.97729224,19.97729224
TSK001330,S076,16.21359083,16.21359083
TSK001330,S077,22.51936045,22.51936045
TSK001330,S078,19.97729224,19.97729224
TSK001330,S079,7.84517461,7.84517461
TSK001330,S080,54.62686989,54.62686989
TSK001330,S081,26.97792254,26.97792254
TSK001330,S082,7.84517461,7.84517461
TSK001330,S083,18.30766747,18.30766747
TSK001330,S084,7.84517461,7.84517461
TSK001330,S085,10.20733937,10.20733937
TSK001330,S086,25.62502457,25.62502457
TSK001330,S087,22.71306671,22.71306671
TSK001330,S088,12.20495011,12.20495011
TSK001330,S089,25.876897,25.876897
TSK001330,S090,23.1603444,23.1603444
TSK001330,S091,7.84517461,7.84517461
TSK001330,S092,15.74000273,15.74000273
TSK001330,S093,7.84517461,7.84517461
TSK001330,S094,20.24959999,20.24959999
TSK001330,S095,29.87648947,29.87648947
TSK001330,S096,7.84517461,7.84517461
TSK001330,S097,48.63252448,48.63252448
TSK001330,S098,7.84517461,7.84517461
TSK001330,S099,39.99276554,39.99276554
TSK001330,S100,7.84517461,7.84517461
TSK001352,S001,38.38774546,38.38774546
TSK001352,S002,34.13542224,34.13542224
TSK001352,S003,29.92912584,29.92912584
TSK001352,S004,51.2098087,51.2098087
TSK001352,S005,18.67638871,18.67638871
TSK001352,S006,29.22044481,29.22044481
TSK001352,S007,7.69234047,7.69234047
TSK001352,S008,14.14915584,14.14915584
TSK001352,S009,16.76151134,16.76151134
TSK001352,S010,44.91302901,44.91302901
TSK001352,S011,7.69234047,7.69234047
TSK001352,S012,7.69234047,7.69234047
TSK001352,S013,17.42857852,17.42857852
TSK001352,S014,14.43631786,14.43631786
TSK001352,S015,7.69234047,7.69234047
TSK001352,S016,20.05096725,20.05096725
TSK001352,S017,20.89620856,20.89620856
TSK001352,S018,7.69234047,7.69234047
TSK001352,S019,24.86665745,24.86665745
TSK001352,S020,7.69234047,7.69234047
TSK001352,S021,60.59800427,60.59800427
TSK001352,S022,32.32518473,32.32518473
TSK001352,S023,13.6775075,13.6775075
TSK001352,S024,25.79176458,25.79176458
TSK001352,S025,21.97095541,21.97095541
TSK001352,S026,22.13013096,22.13013096
TSK001352,S027,14.30400065,14.30400065
TSK001352,S028,18.94093418,18.94093418
TSK001352,S029,15.14771612,15.14771612
TSK001352,S030,11.7152081,11.7152081
TSK001352,S031,27.68089685,27.68089685
TSK001352,S032,40.81936602,40.81936602
TSK001352,S033,7.69234047,7.69234047
TSK001352,S034,7.69234047,7.69234047
TSK001352,S035,29.92912584,29.92912584
TSK001352,S036,10.25189025,10.25189025
TSK001352,S037,45.65083138,45.65083138
TSK001352,S038,28.66433331,28.66433331
TSK001352,S039,18.50899468,18.50899468
TSK001352,S040,32.52309518,32.52309518
TSK001352,S041,7.69234047,7.69234047
TSK001352,S042,13.58728524,13.58728524
TSK001352,S043,30.22954364,30.22954364
TSK001352,S044,7.69234047,7.69234047
TSK001352,S045,15.14771612,15.14771612
TSK001352,S046,76.56030177,76.56030177
TSK001352,S047,18.34126355,18.34126355
TSK001352,S048,7.69234047,7.69234047
TSK001352,S049,7.69234047,7.69234047
TSK001352,S050,46.61142633,46.61142633
TSK001352,S051,45.97815687,45.97815687
TSK001352,S052,15.89263917,15.89263917
TSK001352,S053,7.69234047,7.69234047
TSK001352,S054,39.24695223,39.24695223
TSK001352,S055,25.17579949,25.17579949
TSK001352,S056,7.69234047,7.69234047
TSK001352,S057,33.92310222,33.92310222
TSK001352,S058,7.69234047,7.69234047
TSK001352,S059,30.0639212,30.0639212
TSK001352,S060,7.69234047,7.69234047
TSK001352,S061,56.72025715,56.72025715
TSK001352,S062,33.48476942,33.48476942
TSK001352,S063,21.18907586,21.18907586
TSK001352,S064,24.86665745,24.86665745
TSK001352,S065,7.69234047,7.69234047
TSK001352,S066,87.6005675,87.6005675
TSK001352,S067,27.1713061,27.1713061
TSK001352,S068,16.48152109,16.48152109
TSK001352,S069,51.24215667,51.24215667
TSK001352,S070,7.69234047,7.69234047
TSK001352,S071,26.06591081,26.06591081
TSK001352,S072,7.69234047,7.69234047
TSK001352,S073,7.69234047,7.69234047
TSK001352,S074,50.20031023,50.20031023
TSK001352,S075,19.2308735,19.2308735
TSK001352,S076,15.31648424,15.31648424
TSK001352,S077,21.66842788,21.66842788
TSK001352,S078,19.2308735,19.2308735
TSK001352,S079,7.69234047,7.69234047
TSK001352,S080,53.67247475,53.67247475
TSK001352,S081,27.1713061,27.1713061
TSK001352,S082,7.69234047,7.69234047
TSK001352,S083,17.88013717,17.88013717
TSK001352,S084,7.69234047,7.69234047
TSK001352,S085,9.93082006,9.93082006
TSK001352,S086,25.17579949,25.17579949
TSK001352,S087,22.54405819,22.54405819
TSK001352,S088,11.79359134,11.79359134
TSK001352,S089,26.00475876,26.00475876
TSK001352,S090,23.18888316,23.18888316
TSK001352,S091,7.69234047,7.69234047
TSK001352,S092,15.13191403,15.13191403
TSK001352,S093,7.69234047,7.69234047
TSK001352,S094,19.62859084,19.62859084
TSK001352,S095,28.68915277,28.68915277
TSK001352,S096,7.69234047,7.69234047
TSK001352,S097,47.8624535,47.8624535
TSK001352,S098,7.69234047,7.69234047
TSK001352,S099,39.17459864,39.17459864
TSK001352,S100,7.69234047,7.69234047
TSK001353,S001,9.09125529,9.09125529
TSK001353,S002,8.15013483,8.15013483
TSK001353,S003,7.32437384,7.32437384
TSK001353,S004,10.37237878,10.37237878
TSK001353,S005,5.96583294,5.96583294
TSK001353,S006,7.64419835,7.64419835
TSK001353,S007,2.25152131,2.25152131
TSK001353,S008,5.55241253,5.55241253
TSK001353,S009,3.78530508,3.78530508
TSK001353,S010,9.38553564,9.38553564
TSK001353,S011,2.25152131,2.25152131
TSK001353,S012,2.25152131,2.25152131
TSK001353,S013,5.18005001,5.18005001
TSK001353,S014,4.00118676,4.00118676
TSK001353,S015,2.25152131,2.25152131
TSK001353,S016,6.36128578,6.36128578
TSK001353,S017,4.54513407,4.54513407
TSK001353,S018,2.25152131,2.25152131
TSK001353,S019,4.29729356,4.29729356
TSK001353,S020,2.25152131,2.25152131
TSK001353,S021,11.46617376,11.46617376
TSK001353,S022,8.36830907,8.36830907
TSK001353,S023,3.22093748,3.22093748
TSK001353,S024,7.49594464,7.49594464
TSK001353,S025,5.41276495,5.41276495
TSK001353,S026,6.02888608,6.02888608
TSK001353,S027,4.5580819,4.5580819
TSK001353,S028,4.78537405,4.78537405
TSK001353,S029,4.56971932,4.56971932
TSK001353,S030,3.70733336,3.70733336
TSK001353,S031,6.87522552,6.87522552
TSK001353,S032,10.19636493,10.19636493
TSK001353,S033,2.25152131,2.25152131
TSK001353,S034,2.25152131,2.25152131
TSK001353,S035,7.32437384,7.32437384
TSK001353,S036,2.55641005,2.55641005
TSK001353,S037,9.40767551,9.40767551
TSK001353,S038,7.93953705,7.93953705
TSK001353,S039,6.1146925,6.1146925
TSK001353,S040,7.16388399,7.16388399
TSK001353,S041,2.25152131,2.25152131
TSK001353,S042,3.79686548,3.79686548
TSK001353,S043,7.1533301,7.1533301
TSK001353,S044,2.25152131,2.25152131
TSK001353,S045,4.56971932,4.56971932
TSK001353,S046,13.21251036,13.21251036
TSK001353,S047,5.36350954,5.36350954
TSK001353,S048,2.25152131,2.25152131
TSK001353,S049,2.25152131,2.25152131
TSK001353,S050,6.96226538,6.96226538
TSK001353,S051,8.59606235,8.59606235
TSK001353,S052,3.76528702,3.76528702
TSK001353,S053,2.25152131,2.25152131
TSK001353,S054,8.2580157,8.2580157
TSK001353,S055,6.22288232,6.22288232
TSK001353,S056,2.25152131,2.25152131
TSK001353,S057,6.81401862,6.81401862
TSK001353,S058,2.25152131,2.25152131
TSK001353,S059,8.80777392,8.80777392
TSK001353,S060,2.25152131,2.25152131
TSK001353,S061,10.99381751,10.99381751
TSK001353,S062,7.81891252,7.81891252
TSK001353,S063,6.40753989,6.40753989
TSK001353,S064,4.29729356,4.29729356
TSK001353,S065,2.25152131,2.25152131
TSK001353,S066,16.09824434,16.09824434
TSK001353,S067,5.17373564,5.17373564
TSK001353,S068,5.7571327,5.7571327
TSK001353,S069,13.07375131,13.07375131
TSK001353,S070,2.25152131,2.25152131
TSK001353,S071,7.03548077,7.03548077
TSK001353,S072,2.25152131,2.25152131
TSK001353,S073,2.25152131,2.25152131
TSK001353,S074,10.60310037,10.60310037
TSK001353,S075,6.65518892,6.65518892
TSK001353,S076,5.03243053,5.03243053
TSK001353,S077,5.40286545,5.40286545
TSK001353,S078,6.65518892,6.65518892
TSK001353,S079,2.25152131,2.25152131
TSK001353,S080,10.25869345,10.25869345
TSK001353,S081,5.17373564,5.17373564
TSK001353,S082,2.25152131,2.25152131
TSK001353,S083,4.9051182,4.9051182
TSK001353,S084,2.25152131,2.25152131
TSK001353,S085,3.53064292,3.53064292
TSK001353,S086,6.22288232,6.22288232
TSK001353,S087,5.28774391,5.28774391
TSK001353,S088,3.89052241,3.89052241
TSK001353,S089,4.95793327,4.95793327
TSK001353,S090,4.4470157,4.4470157
TSK001353,S091,2.25152131,2.25152131
TSK001353,S092,4.77242713,4.77242713
TSK001353,S093,2.25152131,2.25152131
TSK001353,S094,4.89802436,4.89802436
TSK001353,S095,8.67579344,8.67579344
TSK001353,S096,2.25152131,2.25152131
TSK001353,S097,11.990124,11.990124
TSK001353,S098,2.25152131,2.25152131
TSK001353,S099,9.35857939,9.35857939
TSK001353,S100,2.25152131,2.25152131
TSK001375,S001,73.34289603,73.34289603
TSK001375,S002,62.8698388,62.8698388
TSK001375,S003,52.79794086,52.79794086
TSK001375,S004,100.18734439,100.18734439
TSK001375,S005,33.30409995,33.30409995
TSK001375,S006,51.18247551,51.18247551
TSK001375,S007,14.46422252,14.46422252
TSK001375,S008,24.65207522,24.65207522
TSK001375,S009,33.87096515,33.87096515
TSK001375,S010,85.49026497,85.49026497
TSK001375,S011,14.46422252,14.46422252
TSK001375,S012,14.46422252,14.46422252
TSK001375,S013,30.77813826,30.77813826
TSK001375,S014,27.14553216,27.14553216
TSK001375,S015,14.46422252,14.46422252
TSK001375,S016,35.57610133,35.57610133
TSK001375,S017,37.97896522,37.97896522
TSK001375,S018,14.46422252,14.46422252
TSK001375,S019,45.95676977,45.95676977
TSK001375,S020,14.46422252,14.46422252
TSK001375,S021,117.34325481,117.34325481
TSK001375,S022,61.58164511,61.58164511
TSK001375,S023,24.58697462,24.58697462
TSK001375,S024,44.70247798,44.70247798
TSK001375,S025,38.4646133,38.4646133
TSK001375,S026,38.16319601,38.16319601
TSK001375,S027,25.35041074,25.35041074
TSK001375,S028,34.94780466,34.94780466
TSK001375,S029,26.81113779,26.81113779
TSK001375,S030,20.99677172,20.99677172
TSK001375,S031,53.73546709,53.73546709
TSK001375,S032,70.94643077,70.94643077
TSK001375,S033,14.46422252,14.46422252
TSK001375,S034,14.46422252,14.46422252
TSK001375,S035,52.79794086,52.79794086
TSK001375,S036,18.72321324,18.72321324
TSK001375,S037,80.14853961,80.14853961
TSK001375,S038,51.00749157,51.00749157
TSK001375,S039,32.68961654,32.68961654
TSK001375,S040,61.90112017,61.90112017
TSK001375,S041,14.46422252,14.46422252
TSK001375,S042,24.62691644,24.62691644
TSK001375,S043,53.75956522,53.75956522
TSK001375,S044,14.46422252,14.46422252
TSK001375,S045,26.81113779,26.81113779
TSK001375,S046,149.26596638,149.26596638
TSK001375,S047,32.33406778,32.33406778
TSK001375,S048,14.46422252,14.46422252
TSK001375,S049,14.46422252,14.46422252
TSK001375,S050,101.05290924,101.05290924
TSK001375,S051,82.58565016,82.58565016
TSK001375,S052,27.86432924,27.86432924
TSK001375,S053,14.46422252,14.46422252
TSK001375,S054,66.65929491,66.65929491
TSK001375,S055,47.84710204,47.84710204
TSK001375,S056,14.46422252,14.46422252
TSK001375,S057,64.28593496,64.28593496
TSK001375,S058,14.46422252,14.46422252
TSK001375,S059,59.52790204,59.52790204
TSK001375,S060,14.46422252,14.46422252
TSK001375,S061,103.87030837,103.87030837
TSK001375,S062,57.40390344,57.40390344
TSK001375,S063,39.73691057,39.73691057
TSK001375,S064,45.95676977,45.95676977
TSK001375,S065,14.46422252,14.46422252
TSK001375,S066,169.79367615,169.79367615
TSK001375,S067,54.19116646,54.19116646
TSK001375,S068,29.01487017,29.01487017
TSK001375,S069,92.60518428,92.60518428
TSK001375,S070,14.46422252,14.46422252
TSK001375,S071,45.3058974,45.3058974
TSK001375,S072,14.46422252,14.46422252
TSK001375,S073,14.46422252,14.46422252
TSK001375,S074,94.72131268,94.72131268
TSK001375,S075,33.17476165,33.17476165
TSK001375,S076,27.31307995,27.31307995
TSK001375,S077,38.21669472,38.21669472
TSK001375,S078,33.17476165,33.17476165
TSK001375,S079,14.46422252,14.46422252
TSK001375,S080,96.40185708,96.40185708
TSK001375,S081,54.19116646,54.19116646
TSK001375,S082,14.46422252,14.46422252
TSK001375,S083,34.232288,34.232288
TSK001375,S084,14.46422252,14.46422252
TSK001375,S085,17.88739323,17.88739323
TSK001375,S086,47.84710204,47.84710204
TSK001375,S087,43.37140961,43.37140961
TSK001375,S088,21.13374981,21.13374981
TSK001375,S089,47.8016324,47.8016324
TSK001375,S090,40.32385934,40.32385934
TSK001375,S091,14.46422252,14.46422252
TSK001375,S092,26.77708317,26.77708317
TSK001375,S093,14.46422252,14.46422252
TSK001375,S094,34.62014865,34.62014865
TSK001375,S095,54.43059387,54.43059387
TSK001375,S096,14.46422252,14.46422252
TSK001375,S097,92.35202838,92.35202838
TSK001375,S098,14.46422252,14.46422252
TSK001375,S099,74.95896776,74.95896776
TSK001375,S100,14.46422252,14.46422252
TSK001386,S001,43.08913709,43.08913709
TSK001386,S002,36.83361846,36.83361846
TSK001386,S003,31.26677459,31.26677459
TSK001386,S004,55.11960656,55.11960656
TSK001386,S005,22.40927617,22.40927617
TSK001386,S006,32.114926,32.114926
TSK001386,S007,9.03671089,9.03671089
TSK001386,S008,17.23724363,17.23724363
TSK001386,S009,19.14093723,19.14093723
TSK001386,S010,48.05440069,48.05440069
TSK001386,S011,9.03671089,9.03671089
TSK001386,S012,9.03671089,9.03671089
TSK001386,S013,19.76753209,19.76753209
TSK001386,S014,16.65048381,16.65048381
TSK001386,S015,9.03671089,9.03671089
TSK001386,S016,23.85051143,23.85051143
TSK001386,S017,21.69289363,21.69289363
TSK001386,S018,9.03671089,9.03671089
TSK001386,S019,24.42662335,24.42662335
TSK001386,S020,9.03671089,9.03671089
TSK001386,S021,63.93933232,63.93933232
TSK001386,S022,37.12207626,37.12207626
TSK001386,S023,14.5325106,14.5325106
TSK001386,S024,28.5532204,28.5532204
TSK001386,S025,23.19249594,23.19249594
TSK001386,S026,23.3648869,23.3648869
TSK001386,S027,16.51048491,16.51048491
TSK001386,S028,21.14382772,21.14382772
TSK001386,S029,17.14897148,17.14897148
TSK001386,S030,13.52565913,13.52565913
TSK001386,S031,31.76321349,31.76321349
TSK001386,S032,43.99221331,43.99221331
TSK001386,S033,9.03671089,9.03671089
TSK001386,S034,9.03671089,9.03671089
TSK001386,S035,31.26677459,31.26677459
TSK001386,S036,11.11801266,11.11801266
TSK001386,S037,45.75673613,45.75673613
TSK001386,S038,31.45947559,31.45947559
TSK001386,S039,22.02140852,22.02140852
TSK001386,S040,35.43263777,35.43263777
TSK001386,S041,9.03671089,9.03671089
TSK001386,S042,15.62129162,15.62129162
TSK001386,S043,31.89471275,31.89471275
TSK001386,S044,9.03671089,9.03671089
TSK001386,S045,17.14897148,17.14897148
TSK001386,S046,78.83392591,78.83392591
TSK001386,S047,20.67731017,20.67731017
TSK001386,S048,9.03671089,9.03671089
TSK001386,S049,9.03671089,9.03671089
TSK001386,S050,51.42778824,51.42778824
TSK001386,S051,44.95741707,44.95741707
TSK001386,S052,16.14002774,16.14002774
TSK001386,S053,9.03671089,9.03671089
TSK001386,S054,37.58934799,37.58934799
TSK001386,S055,28.09110344,28.09110344
TSK001386,S056,9.03671089,9.03671089
TSK001386,S057,35.88171024,35.88171024
TSK001386,S058,9.03671089,9.03671089
TSK001386,S059,36.72146978,36.72146978
TSK001386,S060,9.03671089,9.03671089
TSK001386,S061,57.61020813,57.61020813
TSK001386,S062,33.77258124,33.77258124
TSK001386,S063,25.09458532,25.09458532
TSK001386,S064,24.42662335,24.42662335
TSK001386,S065,9.03671089,9.03671089
TSK001386,S066,91.92106611,91.92106611
TSK001386,S067,29.29853912,29.29853912
TSK001386,S068,19.74749313,19.74749313
TSK001386,S069,55.30543383,55.30543383
TSK001386,S070,9.03671089,9.03671089
TSK001386,S071,28.25997379,28.25997379
TSK001386,S072,9.03671089,9.03671089
TSK001386,S073,9.03671089,9.03671089
TSK001386,S074,53.96133294,53.96133294
TSK001386,S075,22.21342787,22.21342787
TSK001386,S076,18.27959,18.27959
TSK001386,S077,23.3688928,23.3688928
TSK001386,S078,22.21342787,22.21342787
TSK001386,S079,9.03671089,9.03671089
TSK001386,S080,53.92850507,53.92850507
TSK001386,S081,29.29853912,29.29853912
TSK001386,S082,9.03671089,9.03671089
TSK001386,S083,20.74927087,20.74927087
TSK001386,S084,9.03671089,9.03671089
TSK001386,S085,11.91788524,11.91788524
TSK001386,S086,28.09110344,28.09110344
TSK001386,S087,24.87695044,24.87695044
TSK001386,S088,13.85909965,13.85909965
TSK001386,S089,26.06358256,26.06358256
TSK001386,S090,22.27131802,22.27131802
TSK001386,S091,9.03671089,9.03671089
TSK001386,S092,17.43029745,17.43029745
TSK001386,S093,9.03671089,9.03671089
TSK001386,S094,21.01517383,21.01517383
TSK001386,S095,34.70056188,34.70056188
TSK001386,S096,9.03671089,9.03671089
TSK001386,S097,54.64626189,54.64626189
TSK001386,S098,9.03671089,9.03671089
TSK001386,S099,44.05387088,44.05387088
TSK001386,S100,9.03671089,9.03671089
TSK001500,S001,10.17280751,10.17280751
TSK001500,S002,8.91692458,8.91692458
TSK001500,S003,7.94916549,7.94916549
TSK001500,S004,10.89067186,10.89067186
TSK001500,S005,6.90302042,6.90302042
TSK001500,S006,8.82514923,8.82514923
TSK001500,S007,2.41481913,2.41481913
TSK001500,S008,6.00207319,6.00207319
TSK001500,S009,4.01960195,4.01960195
TSK001500,S010,10.21385791,10.21385791
TSK001500,S011,2.41481913,2.41481913
TSK001500,S012,2.41481913,2.41481913
TSK001500,S013,5.77407541,5.77407541
TSK001500,S014,4.36801519,4.36801519
TSK001500,S015,2.41481913,2.41481913
TSK001500,S016,7.34107269,7.34107269
TSK001500,S017,4.90249596,4.90249596
TSK001500,S018,2.41481913,2.41481913
TSK001500,S019,4.46059138,4.46059138
TSK001500,S020,2.41481913,2.41481913
TSK001500,S021,12.37732825,12.37732825
TSK001500,S022,9.35046261,9.35046261
TSK001500,S023,3.51440022,3.51440022
TSK001500,S024,8.37633287,8.37633287
TSK001500,S025,5.99969044,5.99969044
TSK001500,S026,6.48328001,6.48328001
TSK001500,S027,4.99354275,4.99354275
TSK001500,S028,5.34626656,5.34626656
TSK001500,S029,5.01228007,5.01228007
TSK001500,S030,4.00552938,4.00552938
TSK001500,S031,7.60178247,7.60178247
TSK001500,S032,11.84117629,11.84117629
TSK001500,S033,2.41481913,2.41481913
TSK001500,S034,2.41481913,2.41481913
TSK001500,S035,7.94916549,7.94916549
TSK001500,S036,2.71970787,2.71970787
TSK001500,S037,10.26203076,10.26203076
TSK001500,S038,8.50989609,8.50989609
TSK001500,S039,6.93354822,6.93354822
TSK001500,S040,7.87860777,7.87860777
TSK001500,S041,2.41481913,2.41481913
TSK001500,S042,4.30332538,4.30332538
TSK001500,S043,7.94615284,7.94615284
TSK001500,S044,2.41481913,2.41481913
TSK001500,S045,5.01228007,5.01228007
TSK001500,S046,13.87516817,13.87516817
TSK001500,S047,5.99066783,5.99066783
TSK001500,S048,2.41481913,2.41481913
TSK001500,S049,2.41481913,2.41481913
TSK001500,S050,7.1255632,7.1255632
TSK001500,S051,9.08832244,9.08832244
TSK001500,S052,3.93095148,3.93095148
TSK001500,S053,2.41481913,2.41481913
TSK001500,S054,8.75974233,8.75974233
TSK001500,S055,6.75300857,6.75300857
TSK001500,S056,2.41481913,2.41481913
TSK001500,S057,7.44354355,7.44354355
TSK001500,S058,2.41481913,2.41481913
TSK001500,S059,9.40416596,9.40416596
TSK001500,S060,2.41481913,2.41481913
TSK001500,S061,12.02567039,12.02567039
TSK001500,S062,8.5265364,8.5265364
TSK001500,S063,7.0701977,7.0701977
TSK001500,S064,4.46059138,4.46059138
TSK001500,S065,2.41481913,2.41481913
TSK001500,S066,17.4188267,17.4188267
TSK001500,S067,5.40566587,5.40566587
TSK001500,S068,6.41269061,6.41269061
TSK001500,S069,13.5186787,13.5186787
TSK001500,S070,2.41481913,2.41481913
TSK001500,S071,7.87800284,7.87800284
TSK001500,S072,2.41481913,2.41481913
TSK001500,S073,2.41481913,2.41481913
TSK001500,S074,11.82901732,11.82901732
TSK001500,S075,7.24211441,7.24211441
TSK001500,S076,5.67142199,5.67142199
TSK001500,S077,6.11285596,6.11285596
TSK001500,S078,7.24211441,7.24211441
TSK001500,S079,2.41481913,2.41481913
TSK001500,S080,11.44911088,11.44911088
TSK001500,S081,5.40566587,5.40566587
TSK001500,S082,2.41481913,2.41481913
TSK001500,S083,5.33111251,5.33111251
TSK001500,S084,2.41481913,2.41481913
TSK001500,S085,3.77203969,3.77203969
TSK001500,S086,6.75300857,6.75300857
TSK001500,S087,5.64037254,5.64037254
TSK001500,S088,4.22895122,4.22895122
TSK001500,S089,5.21116322,5.21116322
TSK001500,S090,4.71917873,4.71917873
TSK001500,S091,2.41481913,2.41481913
TSK001500,S092,5.25522068,5.25522068
TSK001500,S093,2.41481913,2.41481913
TSK001500,S094,5.45891687,5.45891687
TSK001500,S095,9.61771419,9.61771419
TSK001500,S096,2.41481913,2.41481913
TSK001500,S097,12.9486112,12.9486112
TSK001500,S098,2.41481913,2.41481913
TSK001500,S099,10.25553407,10.25553407
TSK001500,S100,2.41481913,2.41481913
TSK001511,S001,48.13641621,48.13641621
TSK001511,S002,42.61527752,42.61527752
TSK001511,S003,37.25071121,37.25071121
TSK001511,S004,64.17562931,64.17562931
TSK001511,S005,23.12081454,23.12081454
TSK001511,S006,36.63758748,36.63758748
TSK001511,S007,9.42348564,9.42348564
TSK001511,S008,16.87255832,16.87255832
TSK001511,S009,20.89724435,20.89724435
TSK001511,S010,56.47483973,56.47483973
TSK001511,S011,9.42348564,9.42348564
TSK001511,S012,9.42348564,9.42348564
TSK001511,S013,21.5039252,21.5039252
TSK001511,S014,17.828138,17.828138
TSK001511,S015,9.42348564,9.42348564
TSK001511,S016,24.81871364,24.81871364
TSK001511,S017,26.17829748,26.17829748
TSK001511,S018,9.42348564,9.42348564
TSK001511,S019,31.39571755,31.39571755
TSK001511,S020,9.42348564,9.42348564
TSK001511,S021,76.52237476,76.52237476
TSK001511,S022,40.29811458,40.29811458
TSK001511,S023,17.08234168,17.08234168
TSK001511,S024,31.89411726,31.89411726
TSK001511,S025,27.43715879,27.43715879
TSK001511,S026,27.28353452,27.28353452
TSK001511,S027,17.47849153,17.47849153
TSK001511,S028,23.64947064,23.64947064
TSK001511,S029,18.6006147,18.6006147
TSK001511,S030,14.27740658,14.27740658
TSK001511,S031,34.53389283,34.53389283
TSK001511,S032,51.376401,51.376401
TSK001511,S033,9.42348564,9.42348564
TSK001511,S034,9.42348564,9.42348564
TSK001511,S035,37.25071121,37.25071121
TSK001511,S036,12.69808582,12.69808582
TSK001511,S037,57.46757735,57.46757735
TSK001511,S038,35.27017166,35.27017166
TSK001511,S039,22.73863243,22.73863243
TSK001511,S040,40.83840294,40.83840294
TSK001511,S041,9.42348564,9.42348564
TSK001511,S042,16.90041074,16.90041074
TSK001511,S043,37.86003279,37.86003279
TSK001511,S044,9.42348564,9.42348564
TSK001511,S045,18.6006147,18.6006147
TSK001511,S046,96.80224688,96.80224688
TSK001511,S047,22.66808179,22.66808179
TSK001511,S048,9.42348564,9.42348564
TSK001511,S049,9.42348564,9.42348564
TSK001511,S050,59.18424854,59.18424854
TSK001511,S051,57.93860538,57.93860538
TSK001511,S052,19.69416087,19.69416087
TSK001511,S053,9.42348564,9.42348564
TSK001511,S054,49.14264013,49.14264013
TSK001511,S055,31.31276971,31.31276971
TSK001511,S056,9.42348564,9.42348564
TSK001511,S057,42.77294423,42.77294423
TSK001511,S058,9.42348564,9.42348564
TSK001511,S059,36.79169055,36.79169055
TSK001511,S060,9.42348564,9.42348564
TSK001511,S061,71.66569701,71.66569701
TSK001511,S062,41.83892732,41.83892732
TSK001511,S063,26.04889596,26.04889596
TSK001511,S064,31.39571755,31.39571755
TSK001511,S065,9.42348564,9.42348564
TSK001511,S066,110.82143177,110.82143177
TSK001511,S067,34.15171887,34.15171887
TSK001511,S068,20.05747014,20.05747014
TSK001511,S069,63.03859571,63.03859571
TSK001511,S070,9.42348564,9.42348564
TSK001511,S071,32.41776534,32.41776534
TSK001511,S072,9.42348564,9.42348564
TSK001511,S073,9.42348564,9.42348564
TSK001511,S074,63.32527433,63.32527433
TSK001511,S075,23.28161877,23.28161877
TSK001511,S076,18.79598285,18.79598285
TSK001511,S077,27.14129934,27.14129934
TSK001511,S078,23.28161877,23.28161877
TSK001511,S079,9.42348564,9.42348564
TSK001511,S080,68.05206297,68.05206297
TSK001511,S081,34.15171887,34.15171887
TSK001511,S082,9.42348564,9.42348564
TSK001511,S083,22.07853885,22.07853885
TSK001511,S084,9.42348564,9.42348564
TSK001511,S085,11.93258086,11.93258086
TSK001511,S086,31.31276971,31.31276971
TSK001511,S087,28.05623111,28.05623111
TSK001511,S088,14.33900939,14.33900939
TSK001511,S089,32.70877194,32.70877194
TSK001511,S090,29.19464083,29.19464083
TSK001511,S091,9.42348564,9.42348564
TSK001511,S092,18.52898505,18.52898505
TSK001511,S093,9.42348564,9.42348564
TSK001511,S094,24.51650001,24.51650001
TSK001511,S095,35.30611273,35.30611273
TSK001511,S096,9.42348564,9.42348564
TSK001511,S097,59.42258772,59.42258772
TSK001511,S098,9.42348564,9.42348564
TSK001511,S099,48.91814816,48.91814816
TSK001511,S100,9.42348564,9.42348564
TSK001524,S001,12.62278145,12.62278145
TSK001524,S002,11.07201877,11.07201877
TSK001524,S003,9.8728248,9.8728248
TSK001524,S004,13.54028773,13.54028773
TSK001524,S005,8.55701011,8.55701011
TSK001524,S006,10.94040748,10.94040748
TSK001524,S007,3.00030225,3.00030225
TSK001524,S008,7.45546982,7.45546982
TSK001524,S009,4.99574105,4.99574105
TSK001524,S010,12.68449381,12.68449381
TSK001524,S011,3.00030225,3.00030225
TSK001524,S012,3.00030225,3.00030225
TSK001524,S013,7.16550905,7.16550905
TSK001524,S014,5.42407014,5.42407014
TSK001524,S015,3.00030225,3.00030225
TSK001524,S016,9.10072716,9.10072716
TSK001524,S017,6.09004597,6.09004597
TSK001524,S018,3.00030225,3.00030225
TSK001524,S019,5.5478677,5.5478677
TSK001524,S020,3.00030225,3.00030225
TSK001524,S021,15.37516169,15.37516169
TSK001524,S022,11.60288731,11.60288731
TSK001524,S023,4.36414692,4.36414692
TSK001524,S024,10.39407709,10.39407709
TSK001524,S025,7.44676062,7.44676062
TSK001524,S026,8.0545105,8.0545105
TSK001524,S027,6.20015799,6.20015799
TSK001524,S028,6.63415196,6.63415196
TSK001524,S029,6.22319426,6.22319426
TSK001524,S030,4.97554372,4.97554372
TSK001524,S031,9.43597763,9.43597763
TSK001524,S032,14.67681076,14.67681076
TSK001524,S033,3.00030225,3.00030225
TSK001524,S034,3.00030225,3.00030225
TSK001524,S035,9.8728248,9.8728248
TSK001524,S036,3.37997502,3.37997502
TSK001524,S037,12.74339364,12.74339364
TSK001524,S038,10.5733701,10.5733701
TSK001524,S039,8.59997586,8.59997586
TSK001524,S040,9.78119847,9.78119847
TSK001524,S041,3.00030225,3.00030225
TSK001524,S042,5.33767202,5.33767202
TSK001524,S043,9.8620442,9.8620442
TSK001524,S044,3.00030225,3.00030225
TSK001524,S045,6.22319426,6.22319426
TSK001524,S046,17.25079131,17.25079131
TSK001524,S047,7.43384192,7.43384192
TSK001524,S048,3.00030225,3.00030225
TSK001524,S049,3.00030225,3.00030225
TSK001524,S050,8.86651185,8.86651185
TSK001524,S051,11.2969416,11.2969416
TSK001524,S052,4.88821712,4.88821712
TSK001524,S053,3.00030225,3.00030225
TSK001524,S054,10.88737037,10.88737037
TSK001524,S055,8.3872309,8.3872309
TSK001524,S056,3.00030225,3.00030225
TSK001524,S057,9.24298438,9.24298438
TSK001524,S058,3.00030225,3.00030225
TSK001524,S059,11.68590017,11.68590017
TSK001524,S060,3.00030225,3.00030225
TSK001524,S061,14.93219912,14.93219912
TSK001524,S062,10.58834999,10.58834999
TSK001524,S063,8.77667714,8.77667714
TSK001524,S064,5.5478677,5.5478677
TSK001524,S065,3.00030225,3.00030225
TSK001524,S066,21.6361271,21.6361271
TSK001524,S067,6.72188192,6.72188192
TSK001524,S068,7.95819172,7.95819172
TSK001524,S069,16.81596902,16.81596902
TSK001524,S070,3.00030225,3.00030225
TSK001524,S071,9.77509916,9.77509916
TSK001524,S072,3.00030225,3.00030225
TSK001524,S073,3.00030225,3.00030225
TSK001524,S074,14.6791924,14.6791924
TSK001524,S075,8.9939301,8.9939301
TSK001524,S076,7.0357955,7.0357955
TSK001524,S077,7.58253573,7.58253573
TSK001524,S078,8.9939301,8.9939301
TSK001524,S079,3.00030225,3.00030225
TSK001524,S080,14.20758636,14.20758636
TSK001524,S081,6.72188192,6.72188192
TSK001524,S082,3.00030225,3.00030225
TSK001524,S083,6.62092388,6.62092388
TSK001524,S084,3.00030225,3.00030225
TSK001524,S085,4.68715897,4.68715897
TSK001524,S086,8.3872309,8.3872309
TSK001524,S087,7.00910914,7.00910914
TSK001524,S088,5.25208414,5.25208414
TSK001524,S089,6.47878007,6.47878007
TSK001524,S090,5.86532813,5.86532813
TSK001524,S091,3.00030225,3.00030225
TSK001524,S092,6.52404107,6.52404107
TSK001524,S093,3.00030225,3.00030225
TSK001524,S094,6.77443348,6.77443348
TSK001524,S095,11.93737416,11.93737416
TSK001524,S096,3.00030225,3.00030225
TSK001524,S097,16.08459064,16.08459064
TSK001524,S098,3.00030225,3.00030225
TSK001524,S099,12.73352143,12.73352143
TSK001524,S100,3.00030225,3.00030225
TSK001529,S001,139.96331158,139.96331158
TSK001529,S002,124.83756254,124.83756254
TSK001529,S003,108.96195837,108.96195837
TSK001529,S004,195.95320073,195.95320073
TSK001529,S005,61.2426594,61.2426594
TSK001529,S006,102.80267441,102.80267441
TSK001529,S007,26.66816719,26.66816719
TSK001529,S008,43.50167805,43.50167805
TSK001529,S009,62.52816718,62.52816718
TSK001529,S010,169.63933286,169.63933286
TSK001529,S011,26.66816719,26.66816719
TSK001529,S012,26.66816719,26.66816719
TSK001529,S013,59.4309803,59.4309803
TSK001529,S014,50.66522939,50.66522939
TSK001529,S015,26.66816719,26.66816719
TSK001529,S016,65.9905004,65.9905004
TSK001529,S017,78.37246413,78.37246413
TSK001529,S018,26.66816719,26.66816719
TSK001529,S019,98.09263839,98.09263839
TSK001529,S020,26.66816719,26.66816719
TSK001529,S021,233.84409721,233.84409721
TSK001529,S022,115.06715773,115.06715773
TSK001529,S023,50.22477821,50.22477821
TSK001529,S024,88.55626681,88.55626681
TSK001529,S025,79.45435584,79.45435584
TSK001529,S026,78.38514093,78.38514093
TSK001529,S027,47.83655904,47.83655904
TSK001529,S028,67.89462304,67.89462304
TSK001529,S029,51.64289056,51.64289056
TSK001529,S030,39.45646799,39.45646799
TSK001529,S031,99.94343893,99.94343893
TSK001529,S032,145.36105937,145.36105937
TSK001529,S033,26.66816719,26.66816719
TSK001529,S034,26.66816719,26.66816719
TSK001529,S035,108.96195837,108.96195837
TSK001529,S036,37.31281117,37.31281117
TSK001529,S037,172.86216132,172.86216132
TSK001529,S038,101.11686555,101.11686555
TSK001529,S039,60.31258525,60.31258525
TSK001529,S040,121.15583429,121.15583429
TSK001529,S041,26.66816719,26.66816719
TSK001529,S042,47.06470243,47.06470243
TSK001529,S043,110.42517645,110.42517645
TSK001529,S044,26.66816719,26.66816719
TSK001529,S045,51.64289056,51.64289056
TSK001529,S046,301.57118292,301.57118292
TSK001529,S047,62.85291745,62.85291745
TSK001529,S048,26.66816719,26.66816719
TSK001529,S049,26.66816719,26.66816719
TSK001529,S050,188.25548555,188.25548555
TSK001529,S051,178.42941406,178.42941406
TSK001529,S052,58.83095838,58.83095838
TSK001529,S053,26.66816719,26.66816719
TSK001529,S054,148.73623532,148.73623532
TSK001529,S055,91.41992368,91.41992368
TSK001529,S056,26.66816719,26.66816719
TSK001529,S057,129.10720177,129.10720177
TSK001529,S058,26.66816719,26.66816719
TSK001529,S059,104.32971364,104.32971364
TSK001529,S060,26.66816719,26.66816719
TSK001529,S061,217.37370019,217.37370019
TSK001529,S062,123.23191779,123.23191779
TSK001529,S063,72.04691127,72.04691127
TSK001529,S064,98.09263839,98.09263839
TSK001529,S065,26.66816719,26.66816719
TSK001529,S066,339.7528125,339.7528125
TSK001529,S067,105.29347198,105.29347198
TSK001529,S068,52.81433407,52.81433407
TSK001529,S069,186.60821525,186.60821525
TSK001529,S070,26.66816719,26.66816719
TSK001529,S071,91.59125618,91.59125618
TSK001529,S072,26.66816719,26.66816719
TSK001529,S073,26.66816719,26.66816719
TSK001529,S074,188.25622642,188.25622642
TSK001529,S075,62.41106663,62.41106663
TSK001529,S076,50.13088267,50.13088267
TSK001529,S077,77.71338779,77.71338779
TSK001529,S078,62.41106663,62.41106663
TSK001529,S079,26.66816719,26.66816719
TSK001529,S080,205.53724806,205.53724806
TSK001529,S081,105.29347198,105.29347198
TSK001529,S082,26.66816719,26.66816719
TSK001529,S083,63.02309324,63.02309324
TSK001529,S084,26.66816719,26.66816719
TSK001529,S085,32.08586628,32.08586628
TSK001529,S086,91.41992368,91.41992368
TSK001529,S087,83.27369145,83.27369145
TSK001529,S088,39.02948569,39.02948569
TSK001529,S089,100.65141008,100.65141008
TSK001529,S090,89.5127527,89.5127527
TSK001529,S091,26.66816719,26.66816719
TSK001529,S092,50.71355203,50.71355203
TSK001529,S093,26.66816719,26.66816719
TSK001529,S094,70.64378775,70.64378775
TSK001529,S095,97.40651087,97.40651087
TSK001529,S096,26.66816719,26.66816719
TSK001529,S097,173.38235316,173.38235316
TSK001529,S098,26.66816719,26.66816719
TSK001529,S099,143.19380129,143.19380129
TSK001529,S100,26.66816719,26.66816719
TSK001550,S001,20.17538433,20.17538433
TSK001550,S002,17.52865059,17.52865059
TSK001550,S003,15.42690191,15.42690191
TSK001550,S004,22.94254467,22.94254467
TSK001550,S005,12.32543405,12.32543405
TSK001550,S006,16.9377021,16.9377021
TSK001550,S007,4.33181217,4.33181217
TSK001550,S008,9.70973477,9.70973477
TSK001550,S009,8.04823096,8.04823096
TSK001550,S010,21.31612414,21.31612414
TSK001550,S011,4.33181217,4.33181217
TSK001550,S012,4.33181217,4.33181217
TSK001550,S013,10.43874628,10.43874628
TSK001550,S014,8.05812131,8.05812131
TSK001550,S015,4.33181217,4.33181217
TSK001550,S016,13.12556637,13.12556637
TSK001550,S017,10.02322756,10.02322756
TSK001550,S018,4.33181217,4.33181217
TSK001550,S019,10.20300056,10.20300056
TSK001550,S020,4.33181217,4.33181217
TSK001550,S021,27.0876879,27.0876879
TSK001550,S022,17.85928119,17.85928119
TSK001550,S023,6.94617288,6.94617288
TSK001550,S024,15.28533533,15.28533533
TSK001550,S025,11.67327716,11.67327716
TSK001550,S026,11.98681684,11.98681684
TSK001550,S027,8.7394714,8.7394714
TSK001550,S028,10.31377131,10.31377131
TSK001550,S029,8.95851001,8.95851001
TSK001550,S030,6.989795,6.989795
TSK001550,S031,14.72990501,14.72990501
TSK001550,S032,23.17843342,23.17843342
TSK001550,S033,4.33181217,4.33181217
TSK001550,S034,4.33181217,4.33181217
TSK001550,S035,15.42690191,15.42690191
TSK001550,S036,5.20681634,5.20681634
TSK001550,S037,21.56776743,21.56776743
TSK001550,S038,15.60903749,15.60903749
TSK001550,S039,12.14391929,12.14391929
TSK001550,S040,16.07511539,16.07511539
TSK001550,S041,4.33181217,4.33181217
TSK001550,S042,8.00823123,8.00823123
TSK001550,S043,15.73817227,15.73817227
TSK001550,S044,4.33181217,4.33181217
TSK001550,S045,8.95851001,8.95851001
TSK001550,S046,31.78619489,31.78619489
TSK001550,S047,10.90463981,10.90463981
TSK001550,S048,4.33181217,4.33181217
TSK001550,S049,4.33181217,4.33181217
TSK001550,S050,17.70962194,17.70962194
TSK001550,S051,19.96496241,19.96496241
TSK001550,S052,7.66503385,7.66503385
TSK001550,S053,4.33181217,4.33181217
TSK001550,S054,18.13961734,18.13961734
TSK001550,S055,13.04823949,13.04823949
TSK001550,S056,4.33181217,4.33181217
TSK001550,S057,15.84135249,15.84135249
TSK001550,S058,4.33181217,4.33181217
TSK001550,S059,16.8358033,16.8358033
TSK001550,S060,4.33181217,4.33181217
TSK001550,S061,26.0466765,26.0466765
TSK001550,S062,16.91405717,16.91405717
TSK001550,S063,12.65282226,12.65282226
TSK001550,S064,10.20300056,10.20300056
TSK001550,S065,4.33181217,4.33181217
TSK001550,S066,38.70050703,38.70050703
TSK001550,S067,11.74600764,11.74600764
TSK001550,S068,10.93865696,10.93865696
TSK001550,S069,25.4072916,25.4072916
TSK001550,S070,4.33181217,4.33181217
TSK001550,S071,14.80525389,14.80525389
TSK001550,S072,4.33181217,4.33181217
TSK001550,S073,4.33181217,4.33181217
TSK001550,S074,24.66849155,24.66849155
TSK001550,S075,12.26779067,12.26779067
TSK001550,S076,9.92802424,9.92802424
TSK001550,S077,11.89597325,11.89597325
TSK001550,S078,12.26779067,12.26779067
TSK001550,S079,4.33181217,4.33181217
TSK001550,S080,25.02892188,25.02892188
TSK001550,S081,11.74600764,11.74600764
TSK001550,S082,4.33181217,4.33181217
TSK001550,S083,9.86182584,9.86182584
TSK001550,S084,4.33181217,4.33181217
TSK001550,S085,6.27604828,6.27604828
TSK001550,S086,13.04823949,13.04823949
TSK001550,S087,11.10823059,11.10823059
TSK001550,S088,7.28455362,7.28455362
TSK001550,S089,11.32423698,11.32423698
TSK001550,S090,10.23656129,10.23656129
TSK001550,S091,4.33181217,4.33181217
TSK001550,S092,9.25107213,9.25107213
TSK001550,S093,4.33181217,4.33181217
TSK001550,S094,10.57885425,10.57885425
TSK001550,S095,17.24085647,17.24085647
TSK001550,S096,4.33181217,4.33181217
TSK001550,S097,24.84163843,24.84163843
TSK001550,S098,4.33181217,4.33181217
TSK001550,S099,20.16290347,20.16290347
TSK001550,S100,4.33181217,4.33181217
TSK001805,S001,56.58227194,56.58227194
TSK001805,S002,50.57941938,50.57941938
TSK001805,S003,44.25927233,44.25927233
TSK001805,S004,78.67455744,78.67455744
TSK001805,S005,25.39508239,25.39508239
TSK001805,S006,41.79266789,41.79266789
TSK001805,S007,11.02535936,11.02535936
TSK001805,S008,18.70844529,18.70844529
TSK001805,S009,25.2771896,25.2771896
TSK001805,S010,68.10421262,68.10421262
TSK001805,S011,11.02535936,11.02535936
TSK001805,S012,11.02535936,11.02535936
TSK001805,S013,24.53104533,24.53104533
TSK001805,S014,20.8002925,20.8002925
TSK001805,S015,11.02535936,11.02535936
TSK001805,S016,27.34921083,27.34921083
TSK001805,S017,31.56600685,31.56600685
TSK001805,S018,11.02535936,11.02535936
TSK001805,S019,39.04351741,39.04351741
TSK001805,S020,11.02535936,11.02535936
TSK001805,S021,93.35509188,93.35509188
TSK001805,S022,46.85911302,46.85911302
TSK001805,S023,20.3312814,20.3312814
TSK001805,S024,36.45915333,36.45915333
TSK001805,S025,32.2421174,32.2421174
TSK001805,S026,32.16470401,32.16470401
TSK001805,S027,19.93319919,19.93319919
TSK001805,S028,27.59207658,27.59207658
TSK001805,S029,21.38094953,21.38094953
TSK001805,S030,16.44772904,16.44772904
TSK001805,S031,40.59079669,40.59079669
TSK001805,S032,58.84179629,58.84179629
TSK001805,S033,11.02535936,11.02535936
TSK001805,S034,11.02535936,11.02535936
TSK001805,S035,44.25927233,44.25927233
TSK001805,S036,15.2010055,15.2010055
TSK001805,S037,69.32580302,69.32580302
TSK001805,S038,41.5699986,41.5699986
TSK001805,S039,25.16221997,25.16221997
TSK001805,S040,48.77998601,48.77998601
TSK001805,S041,11.02535936,11.02535936
TSK001805,S042,19.27782756,19.27782756
TSK001805,S043,44.66148034,44.66148034
TSK001805,S044,11.02535936,11.02535936
TSK001805,S045,21.38094953,21.38094953
TSK001805,S046,119.95755857,119.95755857
TSK001805,S047,25.89449139,25.89449139
TSK001805,S048,11.02535936,11.02535936
TSK001805,S049,11.02535936,11.02535936
TSK001805,S050,74.44788567,74.44788567
TSK001805,S051,71.26304376,71.26304376
TSK001805,S052,23.89654823,23.89654823
TSK001805,S053,11.02535936,11.02535936
TSK001805,S054,59.83164383,59.83164383
TSK001805,S055,37.16456107,37.16456107
TSK001805,S056,11.02535936,11.02535936
TSK001805,S057,51.69048587,51.69048587
TSK001805,S058,11.02535936,11.02535936
TSK001805,S059,43.15276957,43.15276957
TSK001805,S060,11.02535936,11.02535936
TSK001805,S061,86.83647167,86.83647167
TSK001805,S062,49.85466471,49.85466471
TSK001805,S063,29.82095616,29.82095616
TSK001805,S064,39.04351741,39.04351741
TSK001805,S065,11.02535936,11.02535936
TSK001805,S066,135.39545063,135.39545063
TSK001805,S067,42.12468824,42.12468824
TSK001805,S068,22.23690338,22.23690338
TSK001805,S069,76.32435422,76.32435422
TSK001805,S070,11.02535936,11.02535936
TSK001805,S071,37.43159528,37.43159528
TSK001805,S072,11.02535936,11.02535936
TSK001805,S073,11.02535936,11.02535936
TSK001805,S074,75.5132766,75.5132766
TSK001805,S075,26.30293691,26.30293691
TSK001805,S076,20.91267427,20.91267427
TSK001805,S077,31.51788397,31.51788397
TSK001805,S078,26.30293691,26.30293691
TSK001805,S079,11.02535936,11.02535936
TSK001805,S080,81.94702954,81.94702954
TSK001805,S081,42.12468824,42.12468824
TSK001805,S082,11.02535936,11.02535936
TSK001805,S083,25.8570904,25.8570904
TSK001805,S084,11.02535936,11.02535936
TSK001805,S085,13.59827638,13.59827638
TSK001805,S086,37.16456107,37.16456107
TSK001805,S087,33.75067196,33.75067196
TSK001805,S088,16.34539424,16.34539424
TSK001805,S089,40.25785,40.25785
TSK001805,S090,35.79664004,35.79664004
TSK001805,S091,11.02535936,11.02535936
TSK001805,S092,21.0961784,21.0961784
TSK001805,S093,11.02535936,11.02535936
TSK001805,S094,28.68513625,28.68513625
TSK001805,S095,40.30122504,40.30122504
TSK001805,S096,11.02535936,11.02535936
TSK001805,S097,70.58787284,70.58787284
TSK001805,S098,11.02535936,11.02535936
TSK001805,S099,58.01271533,58.01271533
TSK001805,S100,11.02535936,11.02535936
TSK001970,S001,28.59915194,28.59915194
TSK001970,S002,24.85285794,24.85285794
TSK001970,S003,21.75000822,21.75000822
TSK001970,S004,34.12939094,34.12939094
TSK001970,S005,16.17396365,16.17396365
TSK001970,S006,23.35336368,23.35336368
TSK001970,S007,5.82715789,5.82715789
TSK001970,S008,12.06571028,12.06571028
TSK001970,S009,11.61778347,11.61778347
TSK001970,S010,31.29829891,31.29829891
TSK001970,S011,5.82715789,5.82715789
TSK001970,S012,5.82715789,5.82715789
TSK001970,S013,13.96282568,13.96282568
TSK001970,S014,10.98879928,10.98879928
TSK001970,S015,5.82715789,5.82715789
TSK001970,S016,17.25359848,17.25359848
TSK001970,S017,14.58326397,14.58326397
TSK001970,S018,5.82715789,5.82715789
TSK001970,S019,15.83445353,15.83445353
TSK001970,S020,5.82715789,5.82715789
TSK001970,S021,40.83218212,40.83218212
TSK001970,S022,24.75042822,24.75042822
TSK001970,S023,9.88672704,9.88672704
TSK001970,S024,20.56206359,20.56206359
TSK001970,S025,16.39623339,16.39623339
TSK001970,S026,16.43769418,16.43769418
TSK001970,S027,11.48405386,11.48405386
TSK001970,S028,14.38309409,14.38309409
TSK001970,S029,11.94322752,11.94322752
TSK001970,S030,9.20403033,9.20403033
TSK001970,S031,20.65092003,20.65092003
TSK001970,S032,32.30937106,32.30937106
TSK001970,S033,5.82715789,5.82715789
TSK001970,S034,5.82715789,5.82715789
TSK001970,S035,21.75000822,21.75000822
TSK001970,S036,7.31858089,7.31858089
TSK001970,S037,31.77018902,31.77018902
TSK001970,S038,21.31412821,21.31412821
TSK001970,S039,15.80512222,15.80512222
TSK001970,S040,23.25651942,23.25651942
TSK001970,S041,5.82715789,5.82715789
TSK001970,S042,10.87362495,10.87362495
TSK001970,S043,22.33064855,22.33064855
TSK001970,S044,5.82715789,5.82715789
TSK001970,S045,11.94322752,11.94322752
TSK001970,S046,49.24816455,49.24816455
TSK001970,S047,14.64611005,14.64611005
TSK001970,S048,5.82715789,5.82715789
TSK001970,S049,5.82715789,5.82715789
TSK001970,S050,28.55118153,28.55118153
TSK001970,S051,30.28463765,30.28463765
TSK001970,S052,10.94521887,10.94521887
TSK001970,S053,5.82715789,5.82715789
TSK001970,S054,26.67951112,26.67951112
TSK001970,S055,18.34839977,18.34839977
TSK001970,S056,5.82715789,5.82715789
TSK001970,S057,23.48199968,23.48199968
TSK001970,S058,5.82715789,5.82715789
TSK001970,S059,22.64648273,22.64648273
TSK001970,S060,5.82715789,5.82715789
TSK001970,S061,38.9494794,38.9494794
TSK001970,S062,24.12882255,24.12882255
TSK001970,S063,16.85442366,16.85442366
TSK001970,S064,15.83445353,15.83445353
TSK001970,S065,5.82715789,5.82715789
TSK001970,S066,58.74253544,58.74253544
TSK001970,S067,17.76781137,17.76781137
TSK001970,S068,14.03335006,14.03335006
TSK001970,S069,35.58471398,35.58471398
TSK001970,S070,5.82715789,5.82715789
TSK001970,S071,20.29637555,20.29637555
TSK001970,S072,5.82715789,5.82715789
TSK001970,S073,5.82715789,5.82715789
TSK001970,S074,36.00548053,36.00548053
TSK001970,S075,15.77053214,15.77053214
TSK001970,S076,12.93926774,12.93926774
TSK001970,S077,16.62693012,16.62693012
TSK001970,S078,15.77053214,15.77053214
TSK001970,S079,5.82715789,5.82715789
TSK001970,S080,37.44682678,37.44682678
TSK001970,S081,17.76781137,17.76781137
TSK001970,S082,5.82715789,5.82715789
TSK001970,S083,13.48891115,13.48891115
TSK001970,S084,5.82715789,5.82715789
TSK001970,S085,8.00611121,8.00611121
TSK001970,S086,18.34839977,18.34839977
TSK001970,S087,15.86652738,15.86652738
TSK001970,S088,9.48505949,9.48505949
TSK001970,S089,17.10815654,17.10815654
TSK001970,S090,15.41888679,15.41888679
TSK001970,S091,5.82715789,5.82715789
TSK001970,S092,12.18839909,12.18839909
TSK001970,S093,5.82715789,5.82715789
TSK001970,S094,14.80280769,14.80280769
TSK001970,S095,22.96233504,22.96233504
TSK001970,S096,5.82715789,5.82715789
TSK001970,S097,34.82475021,34.82475021
TSK001970,S098,5.82715789,5.82715789
TSK001970,S099,28.57887776,28.57887776
TSK001970,S100,5.82715789,5.82715789
TSK002043,S001,76.72116485,76.72116485
TSK002043,S002,68.56561648,68.56561648
TSK002043,S003,59.88903783,59.88903783
TSK002043,S004,107.93680036,107.93680036
TSK002043,S005,33.38078275,33.38078275
TSK002043,S006,56.15107363,56.15107363
TSK002043,S007,14.67900744,14.67900744
TSK002043,S008,23.93732719,23.93732719
TSK002043,S009,34.42532561,34.42532561
TSK002043,S010,93.21201523,93.21201523
TSK002043,S011,14.67900744,14.67900744
TSK002043,S012,14.67900744,14.67900744
TSK002043,S013,32.567929,32.567929
TSK002043,S014,27.83264662,27.83264662
TSK002043,S015,14.67900744,14.67900744
TSK002043,S016,35.98471353,35.98471353
TSK002043,S017,43.09337595,43.09337595
TSK002043,S018,14.67900744,14.67900744
TSK002043,S019,54.04180587,54.04180587
TSK002043,S020,14.67900744,14.67900744
TSK002043,S021,128.55513749,128.55513749
TSK002043,S022,63.06688083,63.06688083
TSK002043,S023,27.59192391,27.59192391
TSK002043,S024,48.51792775,48.51792775
TSK002043,S025,43.58678771,43.58678771
TSK002043,S026,43.12656552,43.12656552
TSK002043,S027,26.26690586,26.26690586
TSK002043,S028,37.21533469,37.21533469
TSK002043,S029,28.35383498,28.35383498
TSK002043,S030,21.70322159,21.70322159
TSK002043,S031,54.83861061,54.83861061
TSK002043,S032,79.3756425,79.3756425
TSK002043,S033,14.67900744,14.67900744
TSK002043,S034,14.67900744,14.67900744
TSK002043,S035,59.88903783,59.88903783
TSK002043,S036,20.54538585,20.54538585
TSK002043,S037,94.96631186,94.96631186
TSK002043,S038,55.65392936,55.65392936
TSK002043,S039,32.95863064,32.95863064
TSK002043,S040,66.51728467,66.51728467
TSK002043,S041,14.67900744,14.67900744
TSK002043,S042,25.74818972,25.74818972
TSK002043,S043,60.56926986,60.56926986
TSK002043,S044,14.67900744,14.67900744
TSK002043,S045,28.35383498,28.35383498
TSK002043,S046,166.03549121,166.03549121
TSK002043,S047,34.43677688,34.43677688
TSK002043,S048,14.67900744,14.67900744
TSK002043,S049,14.67900744,14.67900744
TSK002043,S050,103.73661252,103.73661252
TSK002043,S051,98.21817713,98.21817713
TSK002043,S052,32.43921737,32.43921737
TSK002043,S053,14.67900744,14.67900744
TSK002043,S054,81.87917739,81.87917739
TSK002043,S055,50.24817165,50.24817165
TSK002043,S056,14.67900744,14.67900744
TSK002043,S057,70.9210618,70.9210618
TSK002043,S058,14.67900744,14.67900744
TSK002043,S059,57.45491883,57.45491883
TSK002043,S060,14.67900744,14.67900744
TSK002043,S061,119.39689492,119.39689492
TSK002043,S062,67.70293884,67.70293884
TSK002043,S063,39.52794868,39.52794868
TSK002043,S064,54.04180587,54.04180587
TSK002043,S065,14.67900744,14.67900744
TSK002043,S066,186.74574007,186.74574007
TSK002043,S067,58.00542359,58.00542359
TSK002043,S068,28.9273052,28.9273052
TSK002043,S069,103.01911836,103.01911836
TSK002043,S070,14.67900744,14.67900744
TSK002043,S071,50.18225941,50.18225941
TSK002043,S072,14.67900744,14.67900744
TSK002043,S073,14.67900744,14.67900744
TSK002043,S074,103.24673242,103.24673242
TSK002043,S075,34.3007652,34.3007652
TSK002043,S076,27.41962018,27.41962018
TSK002043,S077,42.5470025,42.5470025
TSK002043,S078,34.3007652,34.3007652
TSK002043,S079,14.67900744,14.67900744
TSK002043,S080,112.74260899,112.74260899
TSK002043,S081,58.00542359,58.00542359
TSK002043,S082,14.67900744,14.67900744
TSK002043,S083,34.63731391,34.63731391
TSK002043,S084,14.67900744,14.67900744
TSK002043,S085,17.68153369,17.68153369
TSK002043,S086,50.24817165,50.24817165
TSK002043,S087,45.83481627,45.83481627
TSK002043,S088,21.45289393,21.45289393
TSK002043,S089,55.42769662,55.42769662
TSK002043,S090,49.26449374,49.26449374
TSK002043,S091,14.67900744,14.67900744
TSK002043,S092,27.82874432,27.82874432
TSK002043,S093,14.67900744,14.67900744
TSK002043,S094,38.73252003,38.73252003
TSK002043,S095,53.41112599,53.41112599
TSK002043,S096,14.67900744,14.67900744
TSK002043,S097,95.34127842,95.34127842
TSK002043,S098,14.67900744,14.67900744
TSK002043,S099,78.63647675,78.63647675
TSK002043,S100,14.67900744,14.67900744
TSK002145,S001,42.54608379,42.54608379
TSK002145,S002,37.5487044,37.5487044
TSK002145,S003,32.83253277,32.83253277
TSK002145,S004,55.66243592,55.66243592
TSK002145,S005,21.09245347,21.09245347
TSK002145,S006,32.80373793,32.80373793
TSK002145,S007,8.39707359,8.39707359
TSK002145,S008,15.48365226,15.48365226
TSK002145,S009,18.26258041,18.26258041
TSK002145,S010,49.31245272,49.31245272
TSK002145,S011,8.39707359,8.39707359
TSK002145,S012,8.39707359,8.39707359
TSK002145,S013,19.33316322,19.33316322
TSK002145,S014,15.87201692,15.87201692
TSK002145,S015,8.39707359,8.39707359
TSK002145,S016,22.61282902,22.61282902
TSK002145,S017,22.8814391,22.8814391
TSK002145,S018,8.39707359,8.39707359
TSK002145,S019,26.99437068,26.99437068
TSK002145,S020,8.39707359,8.39707359
TSK002145,S021,66.38832782,66.38832782
TSK002145,S022,35.84042202,35.84042202
TSK002145,S023,15.03111774,15.03111774
TSK002145,S024,28.63300148,28.63300148
TSK002145,S025,24.27972699,24.27972699
TSK002145,S026,24.19086952,24.19086952
TSK002145,S027,15.75564703,15.75564703
TSK002145,S028,20.99449674,20.99449674
TSK002145,S029,16.6902511,16.6902511
TSK002145,S030,12.82445197,12.82445197
TSK002145,S031,30.56454708,30.56454708
TSK002145,S032,45.87731459,45.87731459
TSK002145,S033,8.39707359,8.39707359
TSK002145,S034,8.39707359,8.39707359
TSK002145,S035,32.83253277,32.83253277
TSK002145,S036,11.16869518,11.16869518
TSK002145,S037,50.15636242,50.15636242
TSK002145,S038,31.29169353,31.29169353
TSK002145,S039,20.72273024,20.72273024
TSK002145,S040,35.82657959,35.82657959
TSK002145,S041,8.39707359,8.39707359
TSK002145,S042,15.16322432,15.16322432
TSK002145,S043,33.4214161,33.4214161
TSK002145,S044,8.39707359,8.39707359
TSK002145,S045,16.6902511,16.6902511
TSK002145,S046,83.34002856,83.34002856
TSK002145,S047,20.35924592,20.35924592
TSK002145,S048,8.39707359,8.39707359
TSK002145,S049,8.39707359,8.39707359
TSK002145,S050,50.53161678,50.53161678
TSK002145,S051,50.10210992,50.10210992
TSK002145,S052,17.21418335,17.21418335
TSK002145,S053,8.39707359,8.39707359
TSK002145,S054,42.76962248,42.76962248
TSK002145,S055,27.61696831,27.61696831
TSK002145,S056,8.39707359,8.39707359
TSK002145,S057,37.28530919,37.28530919
TSK002145,S058,8.39707359,8.39707359
TSK002145,S059,32.75794197,32.75794197
TSK002145,S060,8.39707359,8.39707359
TSK002145,S061,62.36164574,62.36164574
TSK002145,S062,36.79145852,36.79145852
TSK002145,S063,23.40672555,23.40672555
TSK002145,S064,26.99437068,26.99437068
TSK002145,S065,8.39707359,8.39707359
TSK002145,S066,96.03455563,96.03455563
TSK002145,S067,29.51328635,29.51328635
TSK002145,S068,18.31007882,18.31007882
TSK002145,S069,55.26201661,55.26201661
TSK002145,S070,8.39707359,8.39707359
TSK002145,S071,28.93678517,28.93678517
TSK002145,S072,8.39707359,8.39707359
TSK002145,S073,8.39707359,8.39707359
TSK002145,S074,55.52912442,55.52912442
TSK002145,S075,21.11984424,21.11984424
TSK002145,S076,17.09702867,17.09702867
TSK002145,S077,24.12334888,24.12334888
TSK002145,S078,21.11984424,21.11984424
TSK002145,S079,8.39707359,8.39707359
TSK002145,S080,59.33180114,59.33180114
TSK002145,S081,29.51328635,29.51328635
TSK002145,S082,8.39707359,8.39707359
TSK002145,S083,19.62436797,19.62436797
TSK002145,S084,8.39707359,8.39707359
TSK002145,S085,10.80730681,10.80730681
TSK002145,S086,27.61696831,27.61696831
TSK002145,S087,24.59198268,24.59198268
TSK002145,S088,12.9449915,12.9449915
TSK002145,S089,28.2897164,28.2897164
TSK002145,S090,25.28893034,25.28893034
TSK002145,S091,8.39707359,8.39707359
TSK002145,S092,16.70502458,16.70502458
TSK002145,S093,8.39707359,8.39707359
TSK002145,S094,21.73535231,21.73535231
TSK002145,S095,31.75509934,31.75509934
TSK002145,S096,8.39707359,8.39707359
TSK002145,S097,52.41386936,52.41386936
TSK002145,S098,8.39707359,8.39707359
TSK002145,S099,43.11516043,43.11516043
TSK002145,S100,8.39707359,8.39707359
TSK002197,S001,8.06619618,8.06619618
TSK002197,S002,7.16608486,7.16608486
TSK002197,S003,6.41938202,6.41938202
TSK002197,S004,8.97312199,8.97312199
TSK002197,S005,5.36619093,5.36619093
TSK002197,S006,6.86947243,6.86947243
TSK002197,S007,1.9640918,1.9640918
TSK002197,S008,4.85866506,4.85866506
TSK002197,S009,3.28915355,3.28915355
TSK002197,S010,8.23476358,8.23476358
TSK002197,S011,1.9640918,1.9640918
TSK002197,S012,1.9640918,1.9640918
TSK002197,S013,4.58885297,4.58885297
TSK002197,S014,3.51499532,3.51499532
TSK002197,S015,1.9640918,1.9640918
TSK002197,S016,5.71562828,5.71562828
TSK002197,S017,3.97379837,3.97379837
TSK002197,S018,1.9640918,1.9640918
TSK002197,S019,3.70106824,3.70106824
TSK002197,S020,1.9640918,1.9640918
TSK002197,S021,10.02793437,10.02793437
TSK002197,S022,7.4204644,7.4204644
TSK002197,S023,2.82896726,2.82896726
TSK002197,S024,6.64710836,6.64710836
TSK002197,S025,4.78416187,4.78416187
TSK002197,S026,5.26473757,5.26473757
TSK002197,S027,4.00986357,4.00986357
TSK002197,S028,4.24311423,4.24311423
TSK002197,S029,4.02202365,4.02202365
TSK002197,S030,3.2434644,3.2434644
TSK002197,S031,6.07069893,6.07069893
TSK002197,S032,9.18531736,9.18531736
TSK002197,S033,1.9640918,1.9640918
TSK002197,S034,1.9640918,1.9640918
TSK002197,S035,6.41938202,6.41938202
TSK002197,S036,2.2229596,2.2229596
TSK002197,S037,8.26191883,8.26191883
TSK002197,S038,6.92421616,6.92421616
TSK002197,S039,5.45459361,5.45459361
TSK002197,S040,6.31198757,6.31198757
TSK002197,S041,1.9640918,1.9640918
TSK002197,S042,3.38634025,3.38634025
TSK002197,S043,6.32809848,6.32809848
TSK002197,S044,1.9640918,1.9640918
TSK002197,S045,4.02202365,4.02202365
TSK002197,S046,11.43089923,11.43089923
TSK002197,S047,4.755257,4.755257
TSK002197,S048,1.9640918,1.9640918
TSK002197,S049,1.9640918,1.9640918
TSK002197,S050,5.96378016,5.96378016
TSK002197,S051,7.45657154,7.45657154
TSK002197,S052,3.25012433,3.25012433
TSK002197,S053,1.9640918,1.9640918
TSK002197,S054,7.1725898,7.1725898
TSK002197,S055,5.45376337,5.45376337
TSK002197,S056,1.9640918,1.9640918
TSK002197,S057,5.98758106,5.98758106
TSK002197,S058,1.9640918,1.9640918
TSK002197,S059,7.66975566,7.66975566
TSK002197,S060,1.9640918,1.9640918
TSK002197,S061,9.66562444,9.66562444
TSK002197,S062,6.86586461,6.86586461
TSK002197,S063,5.65309411,5.65309411
TSK002197,S064,3.70106824,3.70106824
TSK002197,S065,1.9640918,1.9640918
TSK002197,S066,14.09226127,14.09226127
TSK002197,S067,4.46724993,4.46724993
TSK002197,S068,5.09858234,5.09858234
TSK002197,S069,11.24318792,11.24318792
TSK002197,S070,1.9640918,1.9640918
TSK002197,S071,6.24399247,6.24399247
TSK002197,S072,1.9640918,1.9640918
TSK002197,S073,1.9640918,1.9640918
TSK002197,S074,9.39618298,9.39618298
TSK002197,S075,5.83905015,5.83905015
TSK002197,S076,4.47795092,4.47795092
TSK002197,S077,4.81526365,4.81526365
TSK002197,S078,5.83905015,5.83905015
TSK002197,S079,1.9640918,1.9640918
TSK002197,S080,9.09236577,9.09236577
TSK002197,S081,4.46724993,4.46724993
TSK002197,S082,1.9640918,1.9640918
TSK002197,S083,4.30147803,4.30147803
TSK002197,S084,1.9640918,1.9640918
TSK002197,S085,3.0752102,3.0752102
TSK002197,S086,5.45376337,5.45376337
TSK002197,S087,4.60279667,4.60279667
TSK002197,S088,3.41191802,3.41191802
TSK002197,S089,4.29085926,4.29085926
TSK002197,S090,3.86313931,3.86313931
TSK002197,S091,1.9640918,1.9640918
TSK002197,S092,4.20704981,4.20704981
TSK002197,S093,1.9640918,1.9640918
TSK002197,S094,4.33876072,4.33876072
TSK002197,S095,7.66862029,7.66862029
TSK002197,S096,1.9640918,1.9640918
TSK002197,S097,10.48799279,10.48799279
TSK002197,S098,1.9640918,1.9640918
TSK002197,S099,8.23390895,8.23390895
TSK002197,S100,1.9640918,1.9640918
TSK002339,S001,9.58043413,9.58043413
TSK002339,S002,8.49694871,8.49694871
TSK002339,S003,7.60696292,7.60696292
TSK002339,S004,10.60679927,10.60679927
TSK002339,S005,6.38971657,6.38971657
TSK002339,S006,8.17833454,8.17833454
TSK002339,S007,2.32537982,2.32537982
TSK002339,S008,5.75579104,5.75579104
TSK002339,S009,3.89127599,3.89127599
TSK002339,S010,9.76018027,9.76018027
TSK002339,S011,2.32537982,2.32537982
TSK002339,S012,2.32537982,2.32537982
TSK002339,S013,5.44872373,5.44872373
TSK002339,S014,4.16710081,4.16710081
TSK002339,S015,2.32537982,2.32537982
TSK002339,S016,6.80443685,6.80443685
TSK002339,S017,4.70676646,4.70676646
TSK002339,S018,2.32537982,2.32537982
TSK002339,S019,4.37115207,4.37115207
TSK002339,S020,2.32537982,2.32537982
TSK002339,S021,11.87828284,11.87828284
TSK002339,S022,8.81253055,8.81253055
TSK002339,S023,3.35366871,3.35366871
TSK002339,S024,7.89413835,7.89413835
TSK002339,S025,5.67822742,5.67822742
TSK002339,S026,6.23440541,6.23440541
TSK002339,S027,4.75503793,4.75503793
TSK002339,S028,5.03906198,5.03906198
TSK002339,S029,4.76988659,4.76988659
TSK002339,S030,3.84220543,3.84220543
TSK002339,S031,7.20384237,7.20384237
TSK002339,S032,10.94030211,10.94030211
TSK002339,S033,2.32537982,2.32537982
TSK002339,S034,2.32537982,2.32537982
TSK002339,S035,7.60696292,7.60696292
TSK002339,S036,2.63026856,2.63026856
TSK002339,S037,9.79409468,9.79409468
TSK002339,S038,8.19750663,8.19750663
TSK002339,S039,6.48505547,6.48505547
TSK002339,S040,7.48714878,7.48714878
TSK002339,S041,2.32537982,2.32537982
TSK002339,S042,4.02593391,4.02593391
TSK002339,S043,7.51191853,7.51191853
TSK002339,S044,2.32537982,2.32537982
TSK002339,S045,4.76988659,4.76988659
TSK002339,S046,13.51222606,13.51222606
TSK002339,S047,5.64716904,5.64716904
TSK002339,S048,2.32537982,2.32537982
TSK002339,S049,2.32537982,2.32537982
TSK002339,S050,7.03612389,7.03612389
TSK002339,S051,8.81870829,8.81870829
TSK002339,S052,3.84021595,3.84021595
TSK002339,S053,2.32537982,2.32537982
TSK002339,S054,8.4849433,8.4849433
TSK002339,S055,6.46265488,6.46265488
TSK002339,S056,2.32537982,2.32537982
TSK002339,S057,7.09874854,7.09874854
TSK002339,S058,2.32537982,2.32537982
TSK002339,S059,9.07751805,9.07751805
TSK002339,S060,2.32537982,2.32537982
TSK002339,S061,11.46051767,11.46051767
TSK002339,S062,8.13896607,8.13896607
TSK002339,S063,6.70725559,6.70725559
TSK002339,S064,4.37115207,4.37115207
TSK002339,S065,2.32537982,2.32537982
TSK002339,S066,16.69553491,16.69553491
TSK002339,S067,5.27863613,5.27863613
TSK002339,S068,6.05363716,6.05363716
TSK002339,S069,13.27498899,13.27498899
TSK002339,S070,2.32537982,2.32537982
TSK002339,S071,7.41654787,7.41654787
TSK002339,S072,2.32537982,2.32537982
TSK002339,S073,2.32537982,2.32537982
TSK002339,S074,11.15757441,11.15757441
TSK002339,S075,6.9206514,6.9206514
TSK002339,S076,5.32144209,5.32144209
TSK002339,S077,5.72398941,5.72398941
TSK002339,S078,6.9206514,6.9206514
TSK002339,S079,2.32537982,2.32537982
TSK002339,S080,10.7971113,10.7971113
TSK002339,S081,5.27863613,5.27863613
TSK002339,S082,2.32537982,2.32537982
TSK002339,S083,5.09779258,5.09779258
TSK002339,S084,2.32537982,2.32537982
TSK002339,S085,3.63982506,3.63982506
TSK002339,S086,6.46265488,6.46265488
TSK002339,S087,5.44723548,5.44723548
TSK002339,S088,4.0435915,4.0435915
TSK002339,S089,5.07246749,5.07246749
TSK002339,S090,4.57011321,4.57011321
TSK002339,S091,2.32537982,2.32537982
TSK002339,S092,4.99079142,4.99079142
TSK002339,S093,2.32537982,2.32537982
TSK002339,S094,5.15171229,5.15171229
TSK002339,S095,9.1018179,9.1018179
TSK002339,S096,2.32537982,2.32537982
TSK002339,S097,12.42364135,12.42364135
TSK002339,S098,2.32537982,2.32537982
TSK002339,S099,9.764266,9.764266
TSK002339,S100,2.32537982,2.32537982
TSK002362,S001,5.03242669,5.03242669
TSK002362,S002,4.60996185,4.60996185
TSK002362,S003,4.17411715,4.17411715
TSK002362,S004,6.08914593,6.08914593
TSK002362,S005,3.19190061,3.19190061
TSK002362,S006,4.09953865,4.09953865
TSK002362,S007,1.29709755,1.29709755
TSK002362,S008,3.17593126,3.17593126
TSK002362,S009,2.20025134,2.20025134
TSK002362,S010,5.33530528,5.33530528
TSK002362,S011,1.29709755,1.29709755
TSK002362,S012,1.29709755,1.29709755
TSK002362,S013,2.87818885,2.87818885
TSK002362,S014,2.26786149,2.26786149
TSK002362,S015,1.29709755,1.29709755
TSK002362,S016,3.4129611,3.4129611
TSK002362,S017,2.60498512,2.60498512
TSK002362,S018,1.29709755,1.29709755
TSK002362,S019,2.54772059,2.54772059
TSK002362,S020,1.29709755,1.29709755
TSK002362,S021,6.5670158,6.5670158
TSK002362,S022,4.63874675,4.63874675
TSK002362,S023,1.82650832,1.82650832
TSK002362,S024,4.1548737,4.1548737
TSK002362,S025,3.02390033,3.02390033
TSK002362,S026,3.46491076,3.46491076
TSK002362,S027,2.57497232,2.57497232
TSK002362,S028,2.65300595,2.65300595
TSK002362,S029,2.57863851,2.57863851
TSK002362,S030,2.12155355,2.12155355
TSK002362,S031,3.85012203,3.85012203
TSK002362,S032,5.43446128,5.43446128
TSK002362,S033,1.29709755,1.29709755
TSK002362,S034,1.29709755,1.29709755
TSK002362,S035,4.17411715,4.17411715
TSK002362,S036,1.48348237,1.48348237
TSK002362,S037,5.33619715,5.33619715
TSK002362,S038,4.57661391,4.57661391
TSK002362,S039,3.34036832,3.34036832
TSK002362,S040,4.03233162,4.03233162
TSK002362,S041,1.29709755,1.29709755
TSK002362,S042,2.07514486,2.07514486
TSK002362,S043,3.98795174,3.98795174
TSK002362,S044,1.29709755,1.29709755
TSK002362,S045,2.57863851,2.57863851
TSK002362,S046,7.75526785,7.75526785
TSK002362,S047,2.97425077,2.97425077
TSK002362,S048,1.29709755,1.29709755
TSK002362,S049,1.29709755,1.29709755
TSK002362,S050,4.17687317,4.17687317
TSK002362,S051,5.01588952,5.01588952
TSK002362,S052,2.22134462,2.22134462
TSK002362,S053,1.29709755,1.29709755
TSK002362,S054,4.80463725,4.80463725
TSK002362,S055,3.54672595,3.54672595
TSK002362,S056,1.29709755,1.29709755
TSK002362,S057,3.85982774,3.85982774
TSK002362,S058,1.29709755,1.29709755
TSK002362,S059,5.09474244,5.09474244
TSK002362,S060,1.29709755,1.29709755
TSK002362,S061,6.21963851,6.21963851
TSK002362,S062,4.43621217,4.43621217
TSK002362,S063,3.59524816,3.59524816
TSK002362,S064,2.54772059,2.54772059
TSK002362,S065,1.29709755,1.29709755
TSK002362,S066,9.19986163,9.19986163
TSK002362,S067,3.05017709,3.05017709
TSK002362,S068,3.20108875,3.20108875
TSK002362,S069,7.77618043,7.77618043
TSK002362,S070,1.29709755,1.29709755
TSK002362,S071,3.89177195,3.89177195
TSK002362,S072,1.29709755,1.29709755
TSK002362,S073,1.29709755,1.29709755
TSK002362,S074,5.88653949,5.88653949
TSK002362,S075,3.78341989,3.78341989
TSK002362,S076,2.76610862,2.76610862
TSK002362,S077,2.95808311,2.95808311
TSK002362,S078,3.78341989,3.78341989
TSK002362,S079,1.29709755,1.29709755
TSK002362,S080,5.69323643,5.69323643
TSK002362,S081,3.05017709,3.05017709
TSK002362,S082,1.29709755,1.29709755
TSK002362,S083,2.79172016,2.79172016
TSK002362,S084,1.29709755,1.29709755
TSK002362,S085,2.04112306,2.04112306
TSK002362,S086,3.54672595,3.54672595
TSK002362,S087,3.0612566,3.0612566
TSK002362,S088,2.21400211,2.21400211
TSK002362,S089,2.90790861,2.90790861
TSK002362,S090,2.5863794,2.5863794
TSK002362,S091,1.29709755,1.29709755
TSK002362,S092,2.6830193,2.6830193
TSK002362,S093,1.29709755,1.29709755
TSK002362,S094,2.72187142,2.72187142
TSK002362,S095,4.84625704,4.84625704
TSK002362,S096,1.29709755,1.29709755
TSK002362,S097,6.86433075,6.86433075
TSK002362,S098,1.29709755,1.29709755
TSK002362,S099,5.28549563,5.28549563
TSK002362,S100,1.29709755,1.29709755
TSK002442,S001,91.23143013,91.23143013
TSK002442,S002,78.43368863,78.43368863
TSK002442,S003,65.67838301,65.67838301
TSK002442,S004,127.96187942,127.96187942
TSK002442,S005,39.18133129,39.18133129
TSK002442,S006,61.94200852,61.94200852
TSK002442,S007,17.70510344,17.70510344
TSK002442,S008,28.84602866,28.84602866
TSK002442,S009,42.88193883,42.88193883
TSK002442,S010,108.15126006,108.15126006
TSK002442,S011,17.70510344,17.70510344
TSK002442,S012,17.70510344,17.70510344
TSK002442,S013,37.0819034,37.0819034
TSK002442,S014,33.35969821,33.35969821
TSK002442,S015,17.70510344,17.70510344
TSK002442,S016,41.93125038,41.93125038
TSK002442,S017,47.84047189,47.84047189
TSK002442,S018,17.70510344,17.70510344
TSK002442,S019,59.3123795,59.3123795
TSK002442,S020,17.70510344,17.70510344
TSK002442,S021,149.94904413,149.94904413
TSK002442,S022,75.9330913,75.9330913
TSK002442,S023,30.60003279,30.60003279
TSK002442,S024,53.93879685,53.93879685
TSK002442,S025,47.45252944,47.45252944
TSK002442,S026,46.990136,46.990136
TSK002442,S027,30.45416487,30.45416487
TSK002442,S028,43.04036173,43.04036173
TSK002442,S029,32.42405495,32.42405495
TSK002442,S030,25.38224026,25.38224026
TSK002442,S031,66.78805256,66.78805256
TSK002442,S032,86.18165682,86.18165682
TSK002442,S033,17.70510344,17.70510344
TSK002442,S034,17.70510344,17.70510344
TSK002442,S035,65.67838301,65.67838301
TSK002442,S036,23.33199038,23.33199038
TSK002442,S037,100.87059414,100.87059414
TSK002442,S038,62.69835622,62.69835622
TSK002442,S039,38.54650328,38.54650328
TSK002442,S040,77.79017254,77.79017254
TSK002442,S041,17.70510344,17.70510344
TSK002442,S042,29.76155168,29.76155168
TSK002442,S043,66.67636644,66.67636644
TSK002442,S044,17.70510344,17.70510344
TSK002442,S045,32.42405495,32.42405495
TSK002442,S046,192.82402308,192.82402308
TSK002442,S047,39.00954669,39.00954669
TSK002442,S048,17.70510344,17.70510344
TSK002442,S049,17.70510344,17.70510344
TSK002442,S050,132.05613085,132.05613085
TSK002442,S051,105.713966,105.713966
TSK002442,S052,35.05804345,35.05804345
TSK002442,S053,17.70510344,17.70510344
TSK002442,S054,84.40203819,84.40203819
TSK002442,S055,59.71008987,59.71008987
TSK002442,S056,17.70510344,17.70510344
TSK002442,S057,81.4787484,81.4787484
TSK002442,S058,17.70510344,17.70510344
TSK002442,S059,73.23867184,73.23867184
TSK002442,S060,17.70510344,17.70510344
TSK002442,S061,131.86432627,131.86432627
TSK002442,S062,71.51813865,71.51813865
TSK002442,S063,48.25114699,48.25114699
TSK002442,S064,59.3123795,59.3123795
TSK002442,S065,17.70510344,17.70510344
TSK002442,S066,217.34712968,217.34712968
TSK002442,S067,69.58812787,69.58812787
TSK002442,S068,34.16020013,34.16020013
TSK002442,S069,115.57596748,115.57596748
TSK002442,S070,17.70510344,17.70510344
TSK002442,S071,55.14448983,55.14448983
TSK002442,S072,17.70510344,17.70510344
TSK002442,S073,17.70510344,17.70510344
TSK002442,S074,119.06039468,119.06039468
TSK002442,S075,39.45489689,39.45489689
TSK002442,S076,32.32857608,32.32857608
TSK002442,S077,46.81119865,46.81119865
TSK002442,S078,39.45489689,39.45489689
TSK002442,S079,17.70510344,17.70510344
TSK002442,S080,121.85377946,121.85377946
TSK002442,S081,69.58812787,69.58812787
TSK002442,S082,17.70510344,17.70510344
TSK002442,S083,42.26231938,42.26231938
TSK002442,S084,17.70510344,17.70510344
TSK002442,S085,21.38820302,21.38820302
TSK002442,S086,59.71008987,59.71008987
TSK002442,S087,54.62497566,54.62497566
TSK002442,S088,25.35433149,25.35433149
TSK002442,S089,61.19511325,61.19511325
TSK002442,S090,51.38280001,51.38280001
TSK002442,S091,17.70510344,17.70510344
TSK002442,S092,32.15041606,32.15041606
TSK002442,S093,17.70510344,17.70510344
TSK002442,S094,42.58770428,42.58770428
TSK002442,S095,65.85270368,65.85270368
TSK002442,S096,17.70510344,17.70510344
TSK002442,S097,115.04835785,115.04835785
TSK002442,S098,17.70510344,17.70510344
TSK002442,S099,93.44695736,93.44695736
TSK002442,S100,17.70510344,17.70510344
TSK002456,S001,139.35757155,139.35757155
TSK002456,S002,124.4081101,124.4081101
TSK002456,S003,108.61203415,108.61203415
TSK002456,S004,195.66292268,195.66292268
TSK002456,S005,60.71777308,60.71777308
TSK002456,S006,102.14126462,102.14126462
TSK002456,S007,26.57670972,26.57670972
TSK002456,S008,43.24983865,43.24983865
TSK002456,S009,62.3969456,62.3969456
TSK002456,S010,169.17541818,169.17541818
TSK002456,S011,26.57670972,26.57670972
TSK002456,S012,26.57670972,26.57670972
TSK002456,S013,59.09828721,59.09828721
TSK002456,S014,50.45978146,50.45978146
TSK002456,S015,26.57670972,26.57670972
TSK002456,S016,65.44175561,65.44175561
TSK002456,S017,78.17231808,78.17231808
TSK002456,S018,26.57670972,26.57670972
TSK002456,S019,98.00118093,98.00118093
TSK002456,S020,26.57670972,26.57670972
TSK002456,S021,233.33379106,233.33379106
TSK002456,S022,114.51708747,114.51708747
TSK002456,S023,50.06041987,50.06041987
TSK002456,S024,88.06319178,88.06319178
TSK002456,S025,79.12563915,79.12563915
TSK002456,S026,78.1306506,78.1306506
TSK002456,S027,47.59267247,47.59267247
TSK002456,S028,67.58048652,67.58048652
TSK002456,S029,51.39502757,51.39502757
TSK002456,S030,39.2894587,39.2894587
TSK002456,S031,99.53651949,99.53651949
TSK002456,S032,144.43985736,144.43985736
TSK002456,S033,26.57670972,26.57670972
TSK002456,S034,26.57670972,26.57670972
TSK002456,S035,108.61203415,108.61203415
TSK002456,S036,37.2213537,37.2213537
TSK002456,S037,172.38366647,172.38366647
TSK002456,S038,100.79742716,100.79742716
TSK002456,S039,59.85397245,59.85397245
TSK002456,S040,120.75554219,120.75554219
TSK002456,S041,26.57670972,26.57670972
TSK002456,S042,46.78105174,46.78105174
TSK002456,S043,109.98114383,109.98114383
TSK002456,S044,26.57670972,26.57670972
TSK002456,S045,51.39502757,51.39502757
TSK002456,S046,301.20005118,301.20005118
TSK002456,S047,62.50166776,62.50166776
TSK002456,S048,26.57670972,26.57670972
TSK002456,S049,26.57670972,26.57670972
TSK002456,S050,188.16402809,188.16402809
TSK002456,S051,178.15371619,178.15371619
TSK002456,S052,58.73817545,58.73817545
TSK002456,S053,26.57670972,26.57670972
TSK002456,S054,148.45523557,148.45523557
TSK002456,S055,91.12301828,91.12301828
TSK002456,S056,26.57670972,26.57670972
TSK002456,S057,128.75462661,128.75462661
TSK002456,S058,26.57670972,26.57670972
TSK002456,S059,103.99569507,103.99569507
TSK002456,S060,26.57670972,26.57670972
TSK002456,S061,216.79579505,216.79579505
TSK002456,S062,122.8356021,122.8356021
TSK002456,S063,71.67577952,71.67577952
TSK002456,S064,98.00118093,98.00118093
TSK002456,S065,26.57670972,26.57670972
TSK002456,S066,339.01319995,339.01319995
TSK002456,S067,105.16357586,105.16357586
TSK002456,S068,52.44717874,52.44717874
TSK002456,S069,186.3590268,186.3590268
TSK002456,S070,26.57670972,26.57670972
TSK002456,S071,91.11938867,91.11938867
TSK002456,S072,26.57670972,26.57670972
TSK002456,S073,26.57670972,26.57670972
TSK002456,S074,187.56963269,187.56963269
TSK002456,S075,62.08234994,62.08234994
TSK002456,S076,49.77300563,49.77300563
TSK002456,S077,77.31574663,77.31574663
TSK002456,S078,62.08234994,62.08234994
TSK002456,S079,26.57670972,26.57670972
TSK002456,S080,204.87053639,204.87053639
TSK002456,S081,105.16357586,105.16357586
TSK002456,S082,26.57670972,26.57670972
TSK002456,S083,62.78450854,62.78450854
TSK002456,S084,26.57670972,26.57670972
TSK002456,S085,31.95066829,31.95066829
TSK002456,S086,91.12301828,91.12301828
TSK002456,S087,83.07619635,83.07619635
TSK002456,S088,38.8399434,38.8399434
TSK002456,S089,100.50958474,100.50958474
TSK002456,S090,89.36032359,89.36032359
TSK002456,S091,26.57670972,26.57670972
TSK002456,S092,50.44315605,50.44315605
TSK002456,S093,26.57670972,26.57670972
TSK002456,S094,70.32965124,70.32965124
TSK002456,S095,96.8789736,96.8789736
TSK002456,S096,26.57670972,26.57670972
TSK002456,S097,172.8455376,172.8455376
TSK002456,S098,26.57670972,26.57670972
TSK002456,S099,142.69144797,142.69144797
TSK002456,S100,26.57670972,26.57670972
TSK002504,S001,43.24313464,43.24313464
TSK002504,S002,38.17919022,38.17919022
TSK002504,S003,33.38207356,33.38207356
TSK002504,S004,56.71728023,56.71728023
TSK002504,S005,21.34857847,21.34857847
TSK002504,S006,33.28436462,33.28436462
TSK002504,S007,8.52484751,8.52484751
TSK002504,S008,15.65789977,15.65789977
TSK002504,S009,18.58946935,18.58946935
TSK002504,S010,50.20223511,50.20223511
TSK002504,S011,8.52484751,8.52484751
TSK002504,S012,8.52484751,8.52484751
TSK002504,S013,19.6048586,19.6048586
TSK002504,S014,16.11585447,16.11585447
TSK002504,S015,8.52484751,8.52484751
TSK002504,S016,22.89113784,22.89113784
TSK002504,S017,23.2908664,23.2908664
TSK002504,S018,8.52484751,8.52484751
TSK002504,S019,27.5391114,27.5391114
TSK002504,S020,8.52484751,8.52484751
TSK002504,S021,67.64574147,67.64574147
TSK002504,S022,36.3969514,36.3969514
TSK002504,S023,15.28627257,15.28627257
TSK002504,S024,29.04109615,29.04109615
TSK002504,S025,24.6732817,24.6732817
TSK002504,S026,24.57564112,24.57564112
TSK002504,S027,15.9710683,15.9710683
TSK002504,S028,21.32582026,21.32582026
TSK002504,S029,16.92888185,16.92888185
TSK002504,S030,13.00571966,13.00571966
TSK002504,S031,31.05923537,31.05923537
TSK002504,S032,46.56641265,46.56641265
TSK002504,S033,8.52484751,8.52484751
TSK002504,S034,8.52484751,8.52484751
TSK002504,S035,33.38207356,33.38207356
TSK002504,S036,11.35861115,11.35861115
TSK002504,S037,51.06468569,51.06468569
TSK002504,S038,31.78658929,31.78658929
TSK002504,S039,20.97661838,20.97661838
TSK002504,S040,36.44999425,36.44999425
TSK002504,S041,8.52484751,8.52484751
TSK002504,S042,15.38083605,15.38083605
TSK002504,S043,33.97447256,33.97447256
TSK002504,S044,8.52484751,8.52484751
TSK002504,S045,16.92888185,16.92888185
TSK002504,S046,85.00716656,85.00716656
TSK002504,S047,20.64819539,20.64819539
TSK002504,S048,8.52484751,8.52484751
TSK002504,S049,8.52484751,8.52484751
TSK002504,S050,51.60159569,51.60159569
TSK002504,S051,51.07319601,51.07319601
TSK002504,S052,17.52155648,17.52155648
TSK002504,S053,8.52484751,8.52484751
TSK002504,S054,43.55995447,43.55995447
TSK002504,S055,28.07670272,28.07670272
TSK002504,S056,8.52484751,8.52484751
TSK002504,S057,37.96700722,37.96700722
TSK002504,S058,8.52484751,8.52484751
TSK002504,S059,33.25981976,33.25981976
TSK002504,S060,8.52484751,8.52484751
TSK002504,S061,63.51722654,63.51722654
TSK002504,S062,37.41923525,37.41923525
TSK002504,S063,23.73706714,23.73706714
TSK002504,S064,27.5391114,27.5391114
TSK002504,S065,8.52484751,8.52484751
TSK002504,S066,97.86923113,97.86923113
TSK002504,S067,30.08772316,30.08772316
TSK002504,S068,18.5298303,18.5298303
TSK002504,S069,56.22542112,56.22542112
TSK002504,S070,8.52484751,8.52484751
TSK002504,S071,29.37182044,29.37182044
TSK002504,S072,8.52484751,8.52484751
TSK002504,S073,8.52484751,8.52484751
TSK002504,S074,56.49955089,56.49955089
TSK002504,S075,21.39038738,21.39038738
TSK002504,S076,17.31069817,17.31069817
TSK002504,S077,24.50039641,24.50039641
TSK002504,S078,21.39038738,21.39038738
TSK002504,S079,8.52484751,8.52484751
TSK002504,S080,60.41619061,60.41619061
TSK002504,S081,30.08772316,30.08772316
TSK002504,S082,8.52484751,8.52484751
TSK002504,S083,19.93008742,19.93008742
TSK002504,S084,8.52484751,8.52484751
TSK002504,S085,10.94775535,10.94775535
TSK002504,S086,28.07670272,28.07670272
TSK002504,S087,25.02206279,25.02206279
TSK002504,S088,13.11921485,13.11921485
TSK002504,S089,28.83717515,28.83717515
TSK002504,S090,25.7730779,25.7730779
TSK002504,S091,8.52484751,8.52484751
TSK002504,S092,16.93321756,16.93321756
TSK002504,S093,8.52484751,8.52484751
TSK002504,S094,22.08226436,22.08226436
TSK002504,S095,32.19937305,32.19937305
TSK002504,S096,8.52484751,8.52484751
TSK002504,S097,53.28543362,53.28543362
TSK002504,S098,8.52484751,8.52484751
TSK002504,S099,43.83739622,43.83739622
TSK002504,S100,8.52484751,8.52484751
TSK002531,S001,9.24915053,9.24915053
TSK002531,S002,8.26207806,8.26207806
TSK002531,S003,7.41558684,7.41558684
TSK002531,S004,10.44804411,10.44804411
TSK002531,S005,6.10265244,6.10265244
TSK002531,S006,7.81660474,7.81660474
TSK002531,S007,2.27536107,2.27536107
TSK002531,S008,5.61805825,5.61805825
TSK002531,S009,3.81950996,3.81950996
TSK002531,S010,9.50646197,9.50646197
TSK002531,S011,2.27536107,2.27536107
TSK002531,S012,2.27536107,2.27536107
TSK002531,S013,5.26677146,5.26677146
TSK002531,S014,4.05473984,4.05473984
TSK002531,S015,2.27536107,2.27536107
TSK002531,S016,6.50432435,6.50432435
TSK002531,S017,4.59730514,4.59730514
TSK002531,S018,2.27536107,2.27536107
TSK002531,S019,4.32113332,4.32113332
TSK002531,S020,2.27536107,2.27536107
TSK002531,S021,11.59919272,11.59919272
TSK002531,S022,8.51169314,8.51169314
TSK002531,S023,3.26377995,3.26377995
TSK002531,S024,7.62447205,7.62447205
TSK002531,S025,5.49844989,5.49844989
TSK002531,S026,6.0952228,6.0952228
TSK002531,S027,4.6216546,4.6216546
TSK002531,S028,4.86725845,4.86725845
TSK002531,S029,4.63432853,4.63432853
TSK002531,S030,3.75086684,3.75086684
TSK002531,S031,6.98129518,6.98129518
TSK002531,S032,10.43649006,10.43649006
TSK002531,S033,2.27536107,2.27536107
TSK002531,S034,2.27536107,2.27536107
TSK002531,S035,7.41558684,7.41558684
TSK002531,S036,2.58024981,2.58024981
TSK002531,S037,9.53240238,9.53240238
TSK002531,S038,8.02280346,8.02280346
TSK002531,S039,6.23423681,6.23423681
TSK002531,S040,7.26822613,7.26822613
TSK002531,S041,2.27536107,2.27536107
TSK002531,S042,3.87080329,3.87080329
TSK002531,S043,7.26907387,7.26907387
TSK002531,S044,2.27536107,2.27536107
TSK002531,S045,4.63432853,4.63432853
TSK002531,S046,13.30925142,13.30925142
TSK002531,S047,5.45506805,5.45506805
TSK002531,S048,2.27536107,2.27536107
TSK002531,S049,2.27536107,2.27536107
TSK002531,S050,6.98610514,6.98610514
TSK002531,S051,8.66792713,8.66792713
TSK002531,S052,3.78947229,3.78947229
TSK002531,S053,2.27536107,2.27536107
TSK002531,S054,8.3312625,8.3312625
TSK002531,S055,6.30027517,6.30027517
TSK002531,S056,2.27536107,2.27536107
TSK002531,S057,6.90592263,6.90592263
TSK002531,S058,2.27536107,2.27536107
TSK002531,S059,8.89484088,8.89484088
TSK002531,S060,2.27536107,2.27536107
TSK002531,S061,11.14445716,11.14445716
TSK002531,S062,7.92221815,7.92221815
TSK002531,S063,6.50428095,6.50428095
TSK002531,S064,4.32113332,4.32113332
TSK002531,S065,2.27536107,2.27536107
TSK002531,S066,16.29103546,16.29103546
TSK002531,S067,5.20759501,5.20759501
TSK002531,S068,5.85283725,5.85283725
TSK002531,S069,13.13870602,13.13870602
TSK002531,S070,2.27536107,2.27536107
TSK002531,S071,7.15848012,7.15848012
TSK002531,S072,2.27536107,2.27536107
TSK002531,S073,2.27536107,2.27536107
TSK002531,S074,10.78207133,10.78207133
TSK002531,S075,6.74087386,6.74087386
TSK002531,S076,5.12571655,5.12571655
TSK002531,S077,5.50651659,5.50651659
TSK002531,S078,6.74087386,6.74087386
TSK002531,S079,2.27536107,2.27536107
TSK002531,S080,10.43248186,10.43248186
TSK002531,S081,5.20759501,5.20759501
TSK002531,S082,2.27536107,2.27536107
TSK002531,S083,4.96730888,4.96730888
TSK002531,S084,2.27536107,2.27536107
TSK002531,S085,3.5658843,3.5658843
TSK002531,S086,6.30027517,6.30027517
TSK002531,S087,5.33922398,5.33922398
TSK002531,S088,3.93992945,3.93992945
TSK002531,S089,4.99490218,4.99490218
TSK002531,S090,4.48674863,4.48674863
TSK002531,S091,2.27536107,2.27536107
TSK002531,S092,4.8429099,4.8429099
TSK002531,S093,2.27536107,2.27536107
TSK002531,S094,4.97990876,4.97990876
TSK002531,S095,8.81330395,8.81330395
TSK002531,S096,2.27536107,2.27536107
TSK002531,S097,12.13005304,12.13005304
TSK002531,S098,2.27536107,2.27536107
TSK002531,S099,9.48952533,9.48952533
TSK002531,S100,2.27536107,2.27536107
TSK002612,S001,46.17332018,46.17332018
TSK002612,S002,41.46115602,41.46115602
TSK002612,S003,36.37275992,36.37275992
TSK002612,S004,64.49175037,64.49175037
TSK002612,S005,20.8131523,20.8131523
TSK002612,S006,34.00499807,34.00499807
TSK002612,S007,9.1663732,9.1663732
TSK002612,S008,15.85490079,15.85490079
TSK002612,S009,20.77866868,20.77866868
TSK002612,S010,55.59201326,55.59201326
TSK002612,S011,9.1663732,9.1663732
TSK002612,S012,9.1663732,9.1663732
TSK002612,S013,20.23191793,20.23191793
TSK002612,S014,17.17525555,17.17525555
TSK002612,S015,9.1663732,9.1663732
TSK002612,S016,22.42453917,22.42453917
TSK002612,S017,25.84197151,25.84197151
TSK002612,S018,9.1663732,9.1663732
TSK002612,S019,31.86566208,31.86566208
TSK002612,S020,9.1663732,9.1663732
TSK002612,S021,76.03714752,76.03714752
TSK002612,S022,38.38211271,38.38211271
TSK002612,S023,16.66480441,16.66480441
TSK002612,S024,30.0183666,30.0183666
TSK002612,S025,26.39850091,26.39850091
TSK002612,S026,26.61905337,26.61905337
TSK002612,S027,16.57435912,16.57435912
TSK002612,S028,22.57880872,22.57880872
TSK002612,S029,17.7160866,17.7160866
TSK002612,S030,13.71712332,13.71712332
TSK002612,S031,33.26122232,33.26122232
TSK002612,S032,47.74409828,47.74409828
TSK002612,S033,9.1663732,9.1663732
TSK002612,S034,9.1663732,9.1663732
TSK002612,S035,36.37275992,36.37275992
TSK002612,S036,12.54932928,12.54932928
TSK002612,S037,56.54057294,56.54057294
TSK002612,S038,34.45690667,34.45690667
TSK002612,S039,20.77483025,20.77483025
TSK002612,S040,39.82496616,39.82496616
TSK002612,S041,9.1663732,9.1663732
TSK002612,S042,15.79144156,15.79144156
TSK002612,S043,36.49439192,36.49439192
TSK002612,S044,9.1663732,9.1663732
TSK002612,S045,17.7160866,17.7160866
TSK002612,S046,97.76174495,97.76174495
TSK002612,S047,21.32878722,21.32878722
TSK002612,S048,9.1663732,9.1663732
TSK002612,S049,9.1663732,9.1663732
TSK002612,S050,60.57004076,60.57004076
TSK002612,S051,58.18518615,58.18518615
TSK002612,S052,19.7432569,19.7432569
TSK002612,S053,9.1663732,9.1663732
TSK002612,S054,49.04622263,49.04622263
TSK002612,S055,30.5564331,30.5564331
TSK002612,S056,9.1663732,9.1663732
TSK002612,S057,42.11152256,42.11152256
TSK002612,S058,9.1663732,9.1663732
TSK002612,S059,35.9140927,35.9140927
TSK002612,S060,9.1663732,9.1663732
TSK002612,S061,70.64819017,70.64819017
TSK002612,S062,40.85396224,40.85396224
TSK002612,S063,24.67744792,24.67744792
TSK002612,S064,31.86566208,31.86566208
TSK002612,S065,9.1663732,9.1663732
TSK002612,S066,110.13951387,110.13951387
TSK002612,S067,34.47174284,34.47174284
TSK002612,S068,18.51405387,18.51405387
TSK002612,S069,63.41088641,63.41088641
TSK002612,S070,9.1663732,9.1663732
TSK002612,S071,30.70027382,30.70027382
TSK002612,S072,9.1663732,9.1663732
TSK002612,S073,9.1663732,9.1663732
TSK002612,S074,61.41459039,61.41459039
TSK002612,S075,22.02846798,22.02846798
TSK002612,S076,17.29064802,17.29064802
TSK002612,S077,25.71218739,25.71218739
TSK002612,S078,22.02846798,22.02846798
TSK002612,S079,9.1663732,9.1663732
TSK002612,S080,66.44442223,66.44442223
TSK002612,S081,34.47174284,34.47174284
TSK002612,S082,9.1663732,9.1663732
TSK002612,S083,21.35967847,21.35967847
TSK002612,S084,9.1663732,9.1663732
TSK002612,S085,11.46804703,11.46804703
TSK002612,S086,30.5564331,30.5564331
TSK002612,S087,27.76982749,27.76982749
TSK002612,S088,13.6482045,13.6482045
TSK002612,S089,32.91915793,32.91915793
TSK002612,S090,29.23899065,29.23899065
TSK002612,S091,9.1663732,9.1663732
TSK002612,S092,17.50801828,17.50801828
TSK002612,S093,9.1663732,9.1663732
TSK002612,S094,23.47301952,23.47301952
TSK002612,S095,33.31261135,33.31261135
TSK002612,S096,9.1663732,9.1663732
TSK002612,S097,58.12545818,58.12545818
TSK002612,S098,9.1663732,9.1663732
TSK002612,S099,47.54147285,47.54147285
TSK002612,S100,9.1663732,9.1663732
TSK002629,S001,29.13805905,29.13805905
TSK002629,S002,25.33511028,25.33511028
TSK002629,S003,22.16927729,22.16927729
TSK002629,S004,34.91746041,34.91746041
TSK002629,S005,16.38523151,16.38523151
TSK002629,S006,23.73563202,23.73563202
TSK002629,S007,5.92508485,5.92508485
TSK002629,S008,12.20482693,12.20482693
TSK002629,S009,11.86380958,11.86380958
TSK002629,S010,31.97265344,31.97265344
TSK002629,S011,5.92508485,5.92508485
TSK002629,S012,5.92508485,5.92508485
TSK002629,S013,14.17711383,14.17711383
TSK002629,S014,11.17703344,11.17703344
TSK002629,S015,5.92508485,5.92508485
TSK002629,S016,17.48221798,17.48221798
TSK002629,S017,14.8929797,14.8929797
TSK002629,S018,5.92508485,5.92508485
TSK002629,S019,16.23886495,16.23886495
TSK002629,S020,5.92508485,5.92508485
TSK002629,S021,41.77879135,41.77879135
TSK002629,S022,25.18360718,25.18360718
TSK002629,S023,10.08147868,10.08147868
TSK002629,S024,20.88363982,20.88363982
TSK002629,S025,16.6999179,16.6999179
TSK002629,S026,16.73166924,16.73166924
TSK002629,S027,11.65308599,11.65308599
TSK002629,S028,14.64039752,14.64039752
TSK002629,S029,12.1294937,12.1294937
TSK002629,S030,9.34458867,9.34458867
TSK002629,S031,21.03236897,21.03236897
TSK002629,S032,32.85626032,32.85626032
TSK002629,S033,5.92508485,5.92508485
TSK002629,S034,5.92508485,5.92508485
TSK002629,S035,22.16927729,22.16927729
TSK002629,S036,7.46218433,7.46218433
TSK002629,S037,32.45881081,32.45881081
TSK002629,S038,21.69189508,21.69189508
TSK002629,S039,16.01184094,16.01184094
TSK002629,S040,23.73229602,23.73229602
TSK002629,S041,5.92508485,5.92508485
TSK002629,S042,11.04601014,11.04601014
TSK002629,S043,22.75662683,22.75662683
TSK002629,S044,5.92508485,5.92508485
TSK002629,S045,12.1294937,12.1294937
TSK002629,S046,50.48983433,50.48983433
TSK002629,S047,14.87389392,14.87389392
TSK002629,S048,5.92508485,5.92508485
TSK002629,S049,5.92508485,5.92508485
TSK002629,S050,29.34166049,29.34166049
TSK002629,S051,31.01050296,31.01050296
TSK002629,S052,11.17521532,11.17521532
TSK002629,S053,5.92508485,5.92508485
TSK002629,S054,27.27274855,27.27274855
TSK002629,S055,18.69933418,18.69933418
TSK002629,S056,5.92508485,5.92508485
TSK002629,S057,23.99852491,23.99852491
TSK002629,S058,5.92508485,5.92508485
TSK002629,S059,23.03002072,23.03002072
TSK002629,S060,5.92508485,5.92508485
TSK002629,S061,39.82420117,39.82420117
TSK002629,S062,24.60763113,24.60763113
TSK002629,S063,17.11350363,17.11350363
TSK002629,S064,16.23886495,16.23886495
TSK002629,S065,5.92508485,5.92508485
TSK002629,S066,60.12350257,60.12350257
TSK002629,S067,18.19573529,18.19573529
TSK002629,S068,14.21096831,14.21096831
TSK002629,S069,36.30377107,36.30377107
TSK002629,S070,5.92508485,5.92508485
TSK002629,S071,20.63682442,20.63682442
TSK002629,S072,5.92508485,5.92508485
TSK002629,S073,5.92508485,5.92508485
TSK002629,S074,36.74887189,36.74887189
TSK002629,S075,15.98379906,15.98379906
TSK002629,S076,13.11200884,13.11200884
TSK002629,S077,16.9215025,16.9215025
TSK002629,S078,15.98379906,15.98379906
TSK002629,S079,5.92508485,5.92508485
TSK002629,S080,38.27311324,38.27311324
TSK002629,S081,18.19573529,18.19573529
TSK002629,S082,5.92508485,5.92508485
TSK002629,S083,13.72408305,13.72408305
TSK002629,S084,5.92508485,5.92508485
TSK002629,S085,8.11527173,8.11527173
TSK002629,S086,18.69933418,18.69933418
TSK002629,S087,16.19130742,16.19130742
TSK002629,S088,9.62142769,9.62142769
TSK002629,S089,17.5167736,17.5167736
TSK002629,S090,15.78143281,15.78143281
TSK002629,S091,5.92508485,5.92508485
TSK002629,S092,12.36798085,12.36798085
TSK002629,S093,5.92508485,5.92508485
TSK002629,S094,15.07156921,15.07156921
TSK002629,S095,23.31201465,23.31201465
TSK002629,S096,5.92508485,5.92508485
TSK002629,S097,35.4889093,35.4889093
TSK002629,S098,5.92508485,5.92508485
TSK002629,S099,29.13176485,29.13176485
TSK002629,S100,5.92508485,5.92508485
TSK002632,S001,119.87622528,119.87622528
TSK002632,S002,107.34147343,107.34147343
TSK002632,S003,93.78531329,93.78531329
TSK002632,S004,169.945453,169.945453
TSK002632,S005,51.46812922,51.46812922
TSK002632,S006,87.22791618,87.22791618
TSK002632,S007,22.93167581,22.93167581
TSK002632,S008,37.01742655,37.01742655
TSK002632,S009,54.08282876,54.08282876
TSK002632,S010,146.31793148,146.31793148
TSK002632,S011,22.93167581,22.93167581
TSK002632,S012,22.93167581,22.93167581
TSK002632,S013,50.61543378,50.61543378
TSK002632,S014,43.4463301,43.4463301
TSK002632,S015,22.93167581,22.93167581
TSK002632,S016,55.52202332,55.52202332
TSK002632,S017,67.65186549,67.65186549
TSK002632,S018,22.93167581,22.93167581
TSK002632,S019,85.27755016,85.27755016
TSK002632,S020,22.93167581,22.93167581
TSK002632,S021,202.18588456,202.18588456
TSK002632,S022,98.35563639,98.35563639
TSK002632,S023,43.21765582,43.21765582
TSK002632,S024,75.43058142,75.43058142
TSK002632,S025,68.10876172,68.10876172
TSK002632,S026,67.45688325,67.45688325
TSK002632,S027,40.83146432,40.83146432
TSK002632,S028,58.07364051,58.07364051
TSK002632,S029,44.13890531,44.13890531
TSK002632,S030,33.80802912,33.80802912
TSK002632,S031,85.69701785,85.69701785
TSK002632,S032,123.39179609,123.39179609
TSK002632,S033,22.93167581,22.93167581
TSK002632,S034,22.93167581,22.93167581
TSK002632,S035,93.78531329,93.78531329
TSK002632,S036,32.22330408,32.22330408
TSK002632,S037,149.07583269,149.07583269
TSK002632,S038,87.05297956,87.05297956
TSK002632,S039,50.90755232,50.90755232
TSK002632,S040,104.23828321,104.23828321
TSK002632,S041,22.93167581,22.93167581
TSK002632,S042,40.00694996,40.00694996
TSK002632,S043,94.7057308,94.7057308
TSK002632,S044,22.93167581,22.93167581
TSK002632,S045,44.13890531,44.13890531
TSK002632,S046,261.83202261,261.83202261
TSK002632,S047,53.53205876,53.53205876
TSK002632,S048,22.93167581,22.93167581
TSK002632,S049,22.93167581,22.93167581
TSK002632,S050,163.98000948,163.98000948
TSK002632,S051,154.70435482,154.70435482
TSK002632,S052,51.00130457,51.00130457
TSK002632,S053,22.93167581,22.93167581
TSK002632,S054,128.7653041,128.7653041
TSK002632,S055,78.67402762,78.67402762
TSK002632,S056,22.93167581,22.93167581
TSK002632,S057,111.35989099,111.35989099
TSK002632,S058,22.93167581,22.93167581
TSK002632,S059,89.80216897,89.80216897
TSK002632,S060,22.93167581,22.93167581
TSK002632,S061,187.55269777,187.55269777
TSK002632,S062,106.06555727,106.06555727
TSK002632,S063,61.4820423,61.4820423
TSK002632,S064,85.27755016,85.27755016
TSK002632,S065,22.93167581,22.93167581
TSK002632,S066,293.76337078,293.76337078
TSK002632,S067,91.41736161,91.41736161
TSK002632,S068,44.7091495,44.7091495
TSK002632,S069,161.94407888,161.94407888
TSK002632,S070,22.93167581,22.93167581
TSK002632,S071,78.16020928,78.16020928
TSK002632,S072,22.93167581,22.93167581
TSK002632,S073,22.93167581,22.93167581
TSK002632,S074,161.72418228,161.72418228
TSK002632,S075,53.23180498,53.23180498
TSK002632,S076,42.40196419,42.40196419
TSK002632,S077,66.3277552,66.3277552
TSK002632,S078,53.23180498,53.23180498
TSK002632,S079,22.93167581,22.93167581
TSK002632,S080,176.88403714,176.88403714
TSK002632,S081,91.41736161,91.41736161
TSK002632,S082,22.93167581,22.93167581
TSK002632,S083,54.10777603,54.10777603
TSK002632,S084,22.93167581,22.93167581
TSK002632,S085,27.4949006,27.4949006
TSK002632,S086,78.67402762,78.67402762
TSK002632,S087,71.94016043,71.94016043
TSK002632,S088,33.34988512,33.34988512
TSK002632,S089,87.32011132,87.32011132
TSK002632,S090,77.5570581,77.5570581
TSK002632,S091,22.93167581,22.93167581
TSK002632,S092,43.2422584,43.2422584
TSK002632,S093,22.93167581,22.93167581
TSK002632,S094,60.47336535,60.47336535
TSK002632,S095,83.02522731,83.02522731
TSK002632,S096,22.93167581,22.93167581
TSK002632,S097,149.30877977,149.30877977
TSK002632,S098,22.93167581,22.93167581
TSK002632,S099,123.08808827,123.08808827
TSK002632,S100,22.93167581,22.93167581
TSK002784,S001,2.08564442,2.08564442
TSK002784,S002,1.90966053,1.90966053
TSK002784,S003,1.728835,1.728835
TSK002784,S004,2.5204265,2.5204265
TSK002784,S005,1.32386094,1.32386094
TSK002784,S006,1.70021849,1.70021849
TSK002784,S007,0.53710801,0.53710801
TSK002784,S008,1.31530355,1.31530355
TSK002784,S009,0.91091896,0.91091896
TSK002784,S010,2.20989471,2.20989471
TSK002784,S011,0.53710801,0.53710801
TSK002784,S012,0.53710801,0.53710801
TSK002784,S013,1.19274142,1.19274142
TSK002784,S014,0.93941204,0.93941204
TSK002784,S015,0.53710801,0.53710801
TSK002784,S016,1.41545782,1.41545782
TSK002784,S017,1.0788018,1.0788018
TSK002784,S018,0.53710801,0.53710801
TSK002784,S019,1.054341,1.054341
TSK002784,S020,0.53710801,0.53710801
TSK002784,S021,2.71963763,2.71963763
TSK002784,S022,1.92242803,1.92242803
TSK002784,S023,0.75658322,0.75658322
TSK002784,S024,1.72190008,1.72190008
TSK002784,S025,1.25297637,1.25297637
TSK002784,S026,1.43483872,1.43483872
TSK002784,S027,1.06670192,1.06670192
TSK002784,S028,1.0994775,1.0994775
TSK002784,S029,1.06824662,1.06824662
TSK002784,S030,0.87862706,0.87862706
TSK002784,S031,1.59524464,1.59524464
TSK002784,S032,2.25417411,2.25417411
TSK002784,S033,0.53710801,0.53710801
TSK002784,S034,0.53710801,0.53710801
TSK002784,S035,1.728835,1.728835
TSK002784,S036,0.61419309,0.61419309
TSK002784,S037,2.21036784,2.21036784
TSK002784,S038,1.89508168,1.89508168
TSK002784,S039,1.38479027,1.38479027
TSK002784,S040,1.67055553,1.67055553
TSK002784,S041,0.53710801,0.53710801
TSK002784,S042,0.86026754,0.86026754
TSK002784,S043,1.65251371,1.65251371
TSK002784,S044,0.53710801,0.53710801
TSK002784,S045,1.06824662,1.06824662
TSK002784,S046,3.21007986,3.21007986
TSK002784,S047,1.23260344,1.23260344
TSK002784,S048,0.53710801,0.53710801
TSK002784,S049,0.53710801,0.53710801
TSK002784,S050,1.72812633,1.72812633
TSK002784,S051,2.07644457,2.07644457
TSK002784,S052,0.91936782,0.91936782
TSK002784,S053,0.53710801,0.53710801
TSK002784,S054,1.98911272,1.98911272
TSK002784,S055,1.46897921,1.46897921
TSK002784,S056,0.53710801,0.53710801
TSK002784,S057,1.59887007,1.59887007
TSK002784,S058,0.53710801,0.53710801
TSK002784,S059,2.10947368,2.10947368
TSK002784,S060,0.53710801,0.53710801
TSK002784,S061,2.5764527,2.5764527
TSK002784,S062,1.8375641,1.8375641
TSK002784,S063,1.48957789,1.48957789
TSK002784,S064,1.054341,1.054341
TSK002784,S065,0.53710801,0.53710801
TSK002784,S066,3.81017062,3.81017062
TSK002784,S067,1.26242199,1.26242199
TSK002784,S068,1.32653291,1.32653291
TSK002784,S069,3.21785677,3.21785677
TSK002784,S070,0.53710801,0.53710801
TSK002784,S071,1.61293472,1.61293472
TSK002784,S072,0.53710801,0.53710801
TSK002784,S073,0.53710801,0.53710801
TSK002784,S074,2.43946685,2.43946685
TSK002784,S075,1.56709866,1.56709866
TSK002784,S076,1.14656736,1.14656736
TSK002784,S077,1.2262486,1.2262486
TSK002784,S078,1.56709866,1.56709866
TSK002784,S079,0.53710801,0.53710801
TSK002784,S080,2.35937833,2.35937833
TSK002784,S081,1.26242199,1.26242199
TSK002784,S082,0.53710801,0.53710801
TSK002784,S083,1.15630663,1.15630663
TSK002784,S084,0.53710801,0.53710801
TSK002784,S085,0.84513509,0.84513509
TSK002784,S086,1.46897921,1.46897921
TSK002784,S087,1.26748771,1.26748771
TSK002784,S088,0.91702311,0.91702311
TSK002784,S089,1.20366787,1.20366787
TSK002784,S090,1.07076558,1.07076558
TSK002784,S091,0.53710801,0.53710801
TSK002784,S092,1.11157761,1.11157761
TSK002784,S093,0.53710801,0.53710801
TSK002784,S094,1.1279589,1.1279589
TSK002784,S095,2.00808903,2.00808903
TSK002784,S096,0.53710801,0.53710801
TSK002784,S097,2.84279082,2.84279082
TSK002784,S098,0.53710801,0.53710801
TSK002784,S099,2.18956933,2.18956933
TSK002784,S100,0.53710801,0.53710801
TSK003036,S001,38.38774546,38.38774546
TSK003036,S002,34.13542224,34.13542224
TSK003036,S003,29.92912584,29.92912584
TSK003036,S004,51.2098087,51.2098087
TSK003036,S005,18.67638871,18.67638871
TSK003036,S006,29.22044481,29.22044481
TSK003036,S007,7.69234047,7.69234047
TSK003036,S008,14.14915584,14.14915584
TSK003036,S009,16.76151134,16.76151134
TSK003036,S010,44.91302901,44.91302901
TSK003036,S011,7.69234047,7.69234047
TSK003036,S012,7.69234047,7.69234047
TSK003036,S013,17.42857852,17.42857852
TSK003036,S014,14.43631786,14.43631786
TSK003036,S015,7.69234047,7.69234047
TSK003036,S016,20.05096725,20.05096725
TSK003036,S017,20.89620856,20.89620856
TSK003036,S018,7.69234047,7.69234047
TSK003036,S019,24.86665745,24.86665745
TSK003036,S020,7.69234047,7.69234047
TSK003036,S021,60.59800427,60.59800427
TSK003036,S022,32.32518473,32.32518473
TSK003036,S023,13.6775075,13.6775075
TSK003036,S024,25.79176458,25.79176458
TSK003036,S025,21.97095541,21.97095541
TSK003036,S026,22.13013096,22.13013096
TSK003036,S027,14.30400065,14.30400065
TSK003036,S028,18.94093418,18.94093418
TSK003036,S029,15.14771612,15.14771612
TSK003036,S030,11.7152081,11.7152081
TSK003036,S031,27.68089685,27.68089685
TSK003036,S032,40.81936602,40.81936602
TSK003036,S033,7.69234047,7.69234047
TSK003036,S034,7.69234047,7.69234047
TSK003036,S035,29.92912584,29.92912584
TSK003036,S036,10.25189025,10.25189025
TSK003036,S037,45.65083138,45.65083138
TSK003036,S038,28.66433331,28.66433331
TSK003036,S039,18.50899468,18.50899468
TSK003036,S040,32.52309518,32.52309518
TSK003036,S041,7.69234047,7.69234047
TSK003036,S042,13.58728524,13.58728524
TSK003036,S043,30.22954364,30.22954364
TSK003036,S044,7.69234047,7.69234047
TSK003036,S045,15.14771612,15.14771612
TSK003036,S046,76.56030177,76.56030177
TSK003036,S047,18.34126355,18.34126355
TSK003036,S048,7.69234047,7.69234047
TSK003036,S049,7.69234047,7.69234047
TSK003036,S050,46.61142633,46.61142633
TSK003036,S051,45.97815687,45.97815687
TSK003036,S052,15.89263917,15.89263917
TSK003036,S053,7.69234047,7.69234047
TSK003036,S054,39.24695223,39.24695223
TSK003036,S055,25.17579949,25.17579949
TSK003036,S056,7.69234047,7.69234047
TSK003036,S057,33.92310222,33.92310222
TSK003036,S058,7.69234047,7.69234047
TSK003036,S059,30.0639212,30.0639212
TSK003036,S060,7.69234047,7.69234047
TSK003036,S061,56.72025715,56.72025715
TSK003036,S062,33.48476942,33.48476942
TSK003036,S063,21.18907586,21.18907586
TSK003036,S064,24.86665745,24.86665745
TSK003036,S065,7.69234047,7.69234047
TSK003036,S066,87.6005675,87.6005675
TSK003036,S067,27.1713061,27.1713061
TSK003036,S068,16.48152109,16.48152109
TSK003036,S069,51.24215667,51.24215667
TSK003036,S070,7.69234047,7.69234047
TSK003036,S071,26.06591081,26.06591081
TSK003036,S072,7.69234047,7.69234047
TSK003036,S073,7.69234047,7.69234047
TSK003036,S074,50.20031023,50.20031023
TSK003036,S075,19.2308735,19.2308735
TSK003036,S076,15.31648424,15.31648424
TSK003036,S077,21.66842788,21.66842788
TSK003036,S078,19.2308735,19.2308735
TSK003036,S079,7.69234047,7.69234047
TSK003036,S080,53.67247475,53.67247475
TSK003036,S081,27.1713061,27.1713061
TSK003036,S082,7.69234047,7.69234047
TSK003036,S083,17.88013717,17.88013717
TSK003036,S084,7.69234047,7.69234047
TSK003036,S085,9.93082006,9.93082006
TSK003036,S086,25.17579949,25.17579949
TSK003036,S087,22.54405819,22.54405819
TSK003036,S088,11.79359134,11.79359134
TSK003036,S089,26.00475876,26.00475876
TSK003036,S090,23.18888316,23.18888316
TSK003036,S091,7.69234047,7.69234047
TSK003036,S092,15.13191403,15.13191403
TSK003036,S093,7.69234047,7.69234047
TSK003036,S094,19.62859084,19.62859084
TSK003036,S095,28.68915277,28.68915277
TSK003036,S096,7.69234047,7.69234047
TSK003036,S097,47.8624535,47.8624535
TSK003036,S098,7.69234047,7.69234047
TSK003036,S099,39.17459864,39.17459864
TSK003036,S100,7.69234047,7.69234047
TSK003051,S001,29.13805905,29.13805905
TSK003051,S002,25.33511028,25.33511028
TSK003051,S003,22.16927729,22.16927729
TSK003051,S004,34.91746041,34.91746041
TSK003051,S005,16.38523151,16.38523151
TSK003051,S006,23.73563202,23.73563202
TSK003051,S007,5.92508485,5.92508485
TSK003051,S008,12.20482693,12.20482693
TSK003051,S009,11.86380958,11.86380958
TSK003051,S010,31.97265344,31.97265344
TSK003051,S011,5.92508485,5.92508485
TSK003051,S012,5.92508485,5.92508485
TSK003051,S013,14.17711383,14.17711383
TSK003051,S014,11.17703344,11.17703344
TSK003051,S015,5.92508485,5.92508485
TSK003051,S016,17.48221798,17.48221798
TSK003051,S017,14.8929797,14.8929797
TSK003051,S018,5.92508485,5.92508485
TSK003051,S019,16.23886495,16.23886495
TSK003051,S020,5.92508485,5.92508485
TSK003051,S021,41.77879135,41.77879135
TSK003051,S022,25.18360718,25.18360718
TSK003051,S023,10.08147868,10.08147868
TSK003051,S024,20.88363982,20.88363982
TSK003051,S025,16.6999179,16.6999179
TSK003051,S026,16.73166924,16.73166924
TSK003051,S027,11.65308599,11.65308599
TSK003051,S028,14.64039752,14.64039752
TSK003051,S029,12.1294937,12.1294937
TSK003051,S030,9.34458867,9.34458867
TSK003051,S031,21.03236897,21.03236897
TSK003051,S032,32.85626032,32.85626032
TSK003051,S033,5.92508485,5.92508485
TSK003051,S034,5.92508485,5.92508485
TSK003051,S035,22.16927729,22.16927729
TSK003051,S036,7.46218433,7.46218433
TSK003051,S037,32.45881081,32.45881081
TSK003051,S038,21.69189508,21.69189508
TSK003051,S039,16.01184094,16.01184094
TSK003051,S040,23.73229602,23.73229602
TSK003051,S041,5.92508485,5.92508485
TSK003051,S042,11.04601014,11.04601014
TSK003051,S043,22.75662683,22.75662683
TSK003051,S044,5.92508485,5.92508485
TSK003051,S045,12.1294937,12.1294937
TSK003051,S046,50.48983433,50.48983433
TSK003051,S047,14.87389392,14.87389392
TSK003051,S048,5.92508485,5.92508485
TSK003051,S049,5.92508485,5.92508485
TSK003051,S050,29.34166049,29.34166049
TSK003051,S051,31.01050296,31.01050296
TSK003051,S052,11.17521532,11.17521532
TSK003051,S053,5.92508485,5.92508485
TSK003051,S054,27.27274855,27.27274855
TSK003051,S055,18.69933418,18.69933418
TSK003051,S056,5.92508485,5.92508485
TSK003051,S057,23.99852491,23.99852491
TSK003051,S058,5.92508485,5.92508485
TSK003051,S059,23.03002072,23.03002072
TSK003051,S060,5.92508485,5.92508485
TSK003051,S061,39.82420117,39.82420117
TSK003051,S062,24.60763113,24.60763113
TSK003051,S063,17.11350363,17.11350363
TSK003051,S064,16.23886495,16.23886495
TSK003051,S065,5.92508485,5.92508485
TSK003051,S066,60.12350257,60.12350257
TSK003051,S067,18.19573529,18.19573529
TSK003051,S068,14.21096831,14.21096831
TSK003051,S069,36.30377107,36.30377107
TSK003051,S070,5.92508485,5.92508485
TSK003051,S071,20.63682442,20.63682442
TSK003051,S072,5.92508485,5.92508485
TSK003051,S073,5.92508485,5.92508485
TSK003051,S074,36.74887189,36.74887189
TSK003051,S075,15.98379906,15.98379906
TSK003051,S076,13.11200884,13.11200884
TSK003051,S077,16.9215025,16.9215025
TSK003051,S078,15.98379906,15.98379906
TSK003051,S079,5.92508485,5.92508485
TSK003051,S080,38.27311324,38.27311324
TSK003051,S081,18.19573529,18.19573529
TSK003051,S082,5.92508485,5.92508485
TSK003051,S083,13.72408305,13.72408305
TSK003051,S084,5.92508485,5.92508485
TSK003051,S085,8.11527173,8.11527173
TSK003051,S086,18.69933418,18.69933418
TSK003051,S087,16.19130742,16.19130742
TSK003051,S088,9.62142769,9.62142769
TSK003051,S089,17.5167736,17.5167736
TSK003051,S090,15.78143281,15.78143281
TSK003051,S091,5.92508485,5.92508485
TSK003051,S092,12.36798085,12.36798085
TSK003051,S093,5.92508485,5.92508485
TSK003051,S094,15.07156921,15.07156921
TSK003051,S095,23.31201465,23.31201465
TSK003051,S096,5.92508485,5.92508485
TSK003051,S097,35.4889093,35.4889093
TSK003051,S098,5.92508485,5.92508485
TSK003051,S099,29.13176485,29.13176485
TSK003051,S100,5.92508485,5.92508485
TSK003211,S001,12.96322786,12.96322786
TSK003211,S002,11.4700114,11.4700114
TSK003211,S003,10.24182467,10.24182467
TSK003211,S004,14.48647775,14.48647775
TSK003211,S005,8.48905872,8.48905872
TSK003211,S006,11.00831927,11.00831927
TSK003211,S007,3.08660754,3.08660754
TSK003211,S008,7.51279461,7.51279461
TSK003211,S009,5.26581686,5.26581686
TSK003211,S010,13.32362995,13.32362995
TSK003211,S011,3.08660754,3.08660754
TSK003211,S012,3.08660754,3.08660754
TSK003211,S013,7.24857034,7.24857034
TSK003211,S014,5.56051699,5.56051699
TSK003211,S015,3.08660754,3.08660754
TSK003211,S016,9.04168695,9.04168695
TSK003211,S017,6.39781064,6.39781064
TSK003211,S018,3.08660754,3.08660754
TSK003211,S019,6.06549324,6.06549324
TSK003211,S020,3.08660754,3.08660754
TSK003211,S021,16.36305929,16.36305929
TSK003211,S022,11.84031517,11.84031517
TSK003211,S023,4.53130948,4.53130948
TSK003211,S024,10.51965157,10.51965157
TSK003211,S025,7.65342455,7.65342455
TSK003211,S026,8.31916721,8.31916721
TSK003211,S027,6.28813672,6.28813672
TSK003211,S028,6.78280266,6.78280266
TSK003211,S029,6.33057782,6.33057782
TSK003211,S030,5.07704914,5.07704914
TSK003211,S031,9.70165341,9.70165341
TSK003211,S032,14.78350718,14.78350718
TSK003211,S033,3.08660754,3.08660754
TSK003211,S034,3.08660754,3.08660754
TSK003211,S035,10.24182467,10.24182467
TSK003211,S036,3.53056151,3.53056151
TSK003211,S037,13.38944845,13.38944845
TSK003211,S038,10.92263945,10.92263945
TSK003211,S039,8.58313022,8.58313022
TSK003211,S040,10.17995648,10.17995648
TSK003211,S041,3.08660754,3.08660754
TSK003211,S042,5.38566014,5.38566014
TSK003211,S043,10.15940868,10.15940868
TSK003211,S044,3.08660754,3.08660754
TSK003211,S045,6.33057782,6.33057782
TSK003211,S046,18.76564867,18.76564867
TSK003211,S047,7.52196069,7.52196069
TSK003211,S048,3.08660754,3.08660754
TSK003211,S049,3.08660754,3.08660754
TSK003211,S050,9.92878421,9.92878421
TSK003211,S051,12.14710231,12.14710231
TSK003211,S052,5.16883251,5.16883251
TSK003211,S053,3.08660754,3.08660754
TSK003211,S054,11.55475786,11.55475786
TSK003211,S055,8.6941631,8.6941631
TSK003211,S056,3.08660754,3.08660754
TSK003211,S057,9.72915979,9.72915979
TSK003211,S058,3.08660754,3.08660754
TSK003211,S059,12.04375875,12.04375875
TSK003211,S060,3.08660754,3.08660754
TSK003211,S061,15.76314289,15.76314289
TSK003211,S062,11.00424482,11.00424482
TSK003211,S063,8.90500434,8.90500434
TSK003211,S064,6.06549324,6.06549324
TSK003211,S065,3.08660754,3.08660754
TSK003211,S066,23.07184112,23.07184112
TSK003211,S067,7.25167182,7.25167182
TSK003211,S068,7.9735549,7.9735549
TSK003211,S069,17.74674315,17.74674315
TSK003211,S070,3.08660754,3.08660754
TSK003211,S071,9.93591832,9.93591832
TSK003211,S072,3.08660754,3.08660754
TSK003211,S073,3.08660754,3.08660754
TSK003211,S074,15.24277118,15.24277118
TSK003211,S075,9.10121148,9.10121148
TSK003211,S076,7.04151984,7.04151984
TSK003211,S077,7.72015003,7.72015003
TSK003211,S078,9.10121148,9.10121148
TSK003211,S079,3.08660754,3.08660754
TSK003211,S080,14.89071482,14.89071482
TSK003211,S081,7.25167182,7.25167182
TSK003211,S082,3.08660754,3.08660754
TSK003211,S083,6.80494074,6.80494074
TSK003211,S084,3.08660754,3.08660754
TSK003211,S085,4.77127941,4.77127941
TSK003211,S086,8.6941631,8.6941631
TSK003211,S087,7.34995756,7.34995756
TSK003211,S088,5.33224716,5.33224716
TSK003211,S089,6.97022253,6.97022253
TSK003211,S090,6.2800956,6.2800956
TSK003211,S091,3.08660754,3.08660754
TSK003211,S092,6.60711792,6.60711792
TSK003211,S093,3.08660754,3.08660754
TSK003211,S094,6.93975526,6.93975526
TSK003211,S095,12.08897916,12.08897916
TSK003211,S096,3.08660754,3.08660754
TSK003211,S097,16.68943755,16.68943755
TSK003211,S098,3.08660754,3.08660754
TSK003211,S099,13.18176058,13.18176058
TSK003211,S100,3.08660754,3.08660754
TSK003264,S001,5.69980134,5.69980134
TSK003264,S002,5.17960357,5.17960357
TSK003264,S003,4.67695966,4.67695966
TSK003264,S004,6.74947351,6.74947351
TSK003264,S005,3.66197223,3.66197223
TSK003264,S006,4.69904503,4.69904503
TSK003264,S007,1.44760888,1.44760888
TSK003264,S008,3.55373584,3.55373584
TSK003264,S009,2.44760963,2.44760963
TSK003264,S010,5.98356716,5.98356716
TSK003264,S011,1.44760888,1.44760888
TSK003264,S012,1.44760888,1.44760888
TSK003264,S013,3.25530864,3.25530864
TSK003264,S014,2.54616033,2.54616033
TSK003264,S015,1.44760888,1.44760888
TSK003264,S016,3.91143425,3.91143425
TSK003264,S017,2.91273622,2.91273622
TSK003264,S018,1.44760888,1.44760888
TSK003264,S019,2.81403035,2.81403035
TSK003264,S020,1.44760888,1.44760888
TSK003264,S021,7.34475017,7.34475017
TSK003264,S022,5.2511593,5.2511593
TSK003264,S023,2.05027879,2.05027879
TSK003264,S024,4.70353221,4.70353221
TSK003264,S025,3.41318976,3.41318976
TSK003264,S026,3.87035414,3.87035414
TSK003264,S027,2.89448824,2.89448824
TSK003264,S028,3.00310538,3.00310538
TSK003264,S029,2.89981605,2.89981605
TSK003264,S030,2.37352446,2.37352446
TSK003264,S031,4.34191597,4.34191597
TSK003264,S032,6.24395281,6.24395281
TSK003264,S033,1.44760888,1.44760888
TSK003264,S034,1.44760888,1.44760888
TSK003264,S035,4.67695966,4.67695966
TSK003264,S036,1.65125155,1.65125155
TSK003264,S037,5.98938954,5.98938954
TSK003264,S038,5.10658807,5.10658807
TSK003264,S039,3.80215094,3.80215094
TSK003264,S040,4.53879322,4.53879322
TSK003264,S041,1.44760888,1.44760888
TSK003264,S042,2.36160206,2.36160206
TSK003264,S043,4.50484786,4.50484786
TSK003264,S044,1.44760888,1.44760888
TSK003264,S045,2.89981605,2.89981605
TSK003264,S046,8.59674991,8.59674991
TSK003264,S047,3.36643527,3.36643527
TSK003264,S048,1.44760888,1.44760888
TSK003264,S049,1.44760888,1.44760888
TSK003264,S050,4.59403039,4.59403039
TSK003264,S051,5.57199358,5.57199358
TSK003264,S052,2.4578751,2.4578751
TSK003264,S053,1.44760888,1.44760888
TSK003264,S054,5.34294379,5.34294379
TSK003264,S055,3.97384786,3.97384786
TSK003264,S056,1.44760888,1.44760888
TSK003264,S057,4.33445082,4.33445082
TSK003264,S058,1.44760888,1.44760888
TSK003264,S059,5.67753939,5.67753939
TSK003264,S060,1.44760888,1.44760888
TSK003264,S061,6.98768505,6.98768505
TSK003264,S062,4.97874795,4.97874795
TSK003264,S063,4.05154321,4.05154321
TSK003264,S064,2.81403035,2.81403035
TSK003264,S065,1.44760888,1.44760888
TSK003264,S066,10.29762264,10.29762264
TSK003264,S067,3.37579149,3.37579149
TSK003264,S068,3.61956541,3.61956541
TSK003264,S069,8.57905257,8.57905257
TSK003264,S070,1.44760888,1.44760888
TSK003264,S071,4.40901766,4.40901766
TSK003264,S072,1.44760888,1.44760888
TSK003264,S073,1.44760888,1.44760888
TSK003264,S074,6.6598826,6.6598826
TSK003264,S075,4.2430352,4.2430352
TSK003264,S076,3.1412243,3.1412243
TSK003264,S077,3.36419581,3.36419581
TSK003264,S078,4.2430352,4.2430352
TSK003264,S079,1.44760888,1.44760888
TSK003264,S080,6.4420703,6.4420703
TSK003264,S081,3.37579149,3.37579149
TSK003264,S082,1.44760888,1.44760888
TSK003264,S083,3.12954243,3.12954243
TSK003264,S084,1.44760888,1.44760888
TSK003264,S085,2.27506942,2.27506942
TSK003264,S086,3.97384786,3.97384786
TSK003264,S087,3.41037362,3.41037362
TSK003264,S088,2.48202532,2.48202532
TSK003264,S089,3.22431648,3.22431648
TSK003264,S090,2.87654182,2.87654182
TSK003264,S091,1.44760888,1.44760888
TSK003264,S092,3.02135397,3.02135397
TSK003264,S093,1.44760888,1.44760888
TSK003264,S094,3.07834728,3.07834728
TSK003264,S095,5.47039125,5.47039125
TSK003264,S096,1.44760888,1.44760888
TSK003264,S097,7.67840868,7.67840868
TSK003264,S098,1.44760888,1.44760888
TSK003264,S099,5.9419264,5.9419264
TSK003264,S100,1.44760888,1.44760888
TSK003322,S001,39.1475579,39.1475579
TSK003322,S002,34.48042898,34.48042898
TSK003322,S003,30.15935383,30.15935383
TSK003322,S004,50.54964416,50.54964416
TSK003322,S005,19.82912831,19.82912831
TSK003322,S006,30.44865955,30.44865955
TSK003322,S007,7.77504529,7.77504529
TSK003322,S008,14.62925601,14.62925601
TSK003322,S009,16.67617313,16.67617313
TSK003322,S010,44.98915403,44.98915403
TSK003322,S011,7.77504529,7.77504529
TSK003322,S012,7.77504529,7.77504529
TSK003322,S013,18.0038368,18.0038368
TSK003322,S014,14.68347861,14.68347861
TSK003322,S015,7.77504529,7.77504529
TSK003322,S016,21.24112414,21.24112414
TSK003322,S017,20.89274465,20.89274465
TSK003322,S018,7.77504529,7.77504529
TSK003322,S019,24.35684876,24.35684876
TSK003322,S020,7.77504529,7.77504529
TSK003322,S021,60.28577338,60.28577338
TSK003322,S022,33.12381779,33.12381779
TSK003322,S023,13.78985508,13.78985508
TSK003322,S024,26.636633,26.636633
TSK003322,S025,22.36156038,22.36156038
TSK003322,S026,22.31873461,22.31873461
TSK003322,S027,14.70261233,14.70261233
TSK003322,S028,19.37783979,19.37783979
TSK003322,S029,15.52483703,15.52483703
TSK003322,S030,11.94021004,11.94021004
TSK003322,S031,28.15376243,28.15376243
TSK003322,S032,42.50202876,42.50202876
TSK003322,S033,7.77504529,7.77504529
TSK003322,S034,7.77504529,7.77504529
TSK003322,S035,30.15935383,30.15935383
TSK003322,S036,10.24629067,10.24629067
TSK003322,S037,45.74274008,45.74274008
TSK003322,S038,28.88412146,28.88412146
TSK003322,S039,19.47341091,19.47341091
TSK003322,S040,32.79388925,32.79388925
TSK003322,S041,7.77504529,7.77504529
TSK003322,S042,14.09768542,14.09768542
TSK003322,S043,30.72670861,30.72670861
TSK003322,S044,7.77504529,7.77504529
TSK003322,S045,15.52483703,15.52483703
TSK003322,S046,75.26369485,75.26369485
TSK003322,S047,18.94562416,18.94562416
TSK003322,S048,7.77504529,7.77504529
TSK003322,S049,7.77504529,7.77504529
TSK003322,S050,45.35524951,45.35524951
TSK003322,S051,45.39488306,45.39488306
TSK003322,S052,15.72396196,15.72396196
TSK003322,S053,7.77504529,7.77504529
TSK003322,S054,38.93585176,38.93585176
TSK003322,S055,25.38044158,25.38044158
TSK003322,S056,7.77504529,7.77504529
TSK003322,S057,33.97319368,33.97319368
TSK003322,S058,7.77504529,7.77504529
TSK003322,S059,30.31591827,30.31591827
TSK003322,S060,7.77504529,7.77504529
TSK003322,S061,56.74806365,56.74806365
TSK003322,S062,33.73787482,33.73787482
TSK003322,S063,21.79206848,21.79206848
TSK003322,S064,24.35684876,24.35684876
TSK003322,S065,7.77504529,7.77504529
TSK003322,S066,87.13063917,87.13063917
TSK003322,S067,26.73037015,26.73037015
TSK003322,S068,17.23017313,17.23017313
TSK003322,S069,50.59319768,50.59319768
TSK003322,S070,7.77504529,7.77504529
TSK003322,S071,26.81121576,26.81121576
TSK003322,S072,7.77504529,7.77504529
TSK003322,S073,7.77504529,7.77504529
TSK003322,S074,50.80528588,50.80528588
TSK003322,S075,19.796279,19.796279
TSK003322,S076,16.04696855,16.04696855
TSK003322,S077,22.28165172,22.28165172
TSK003322,S078,19.796279,19.796279
TSK003322,S079,7.77504529,7.77504529
TSK003322,S080,54.05805738,54.05805738
TSK003322,S081,26.73037015,26.73037015
TSK003322,S082,7.77504529,7.77504529
TSK003322,S083,18.13511417,18.13511417
TSK003322,S084,7.77504529,7.77504529
TSK003322,S085,10.12190543,10.12190543
TSK003322,S086,25.38044158,25.38044158
TSK003322,S087,22.50358636,22.50358636
TSK003322,S088,12.09371402,12.09371402
TSK003322,S089,25.6366292,25.6366292
TSK003322,S090,22.94135969,22.94135969
TSK003322,S091,7.77504529,7.77504529
TSK003322,S092,15.58897775,15.58897775
TSK003322,S093,7.77504529,7.77504529
TSK003322,S094,20.04334501,20.04334501
TSK003322,S095,29.58219147,29.58219147
TSK003322,S096,7.77504529,7.77504529
TSK003322,S097,48.1751188,48.1751188
TSK003322,S098,7.77504529,7.77504529
TSK003322,S099,39.59988001,39.59988001
TSK003322,S100,7.77504529,7.77504529
TSK003378,S001,7.93812597,7.93812597
TSK003378,S002,7.07528672,7.07528672
TSK003378,S003,6.34539835,6.34539835
TSK003378,S004,8.91174918,8.91174918
TSK003378,S005,5.25521543,5.25521543
TSK003378,S006,6.72963209,6.72963209
TSK003378,S007,1.94475516,1.94475516
TSK003378,S008,4.80541924,4.80541924
TSK003378,S009,3.26140967,3.26140967
TSK003378,S010,8.13667917,8.13667917
TSK003378,S011,1.94475516,1.94475516
TSK003378,S012,1.94475516,1.94475516
TSK003378,S013,4.51851243,4.51851243
TSK003378,S014,3.47155794,3.47155794
TSK003378,S015,1.94475516,1.94475516
TSK003378,S016,5.59960844,5.59960844
TSK003378,S017,3.93148196,3.93148196
TSK003378,S018,1.94475516,1.94475516
TSK003378,S019,3.6817316,3.6817316
TSK003378,S020,1.94475516,1.94475516
TSK003378,S021,9.92004152,9.92004152
TSK003378,S022,7.30416432,7.30416432
TSK003378,S023,2.79421735,2.79421735
TSK003378,S024,6.54285865,6.54285865
TSK003378,S025,4.71466206,4.71466206
TSK003378,S026,5.21093127,5.21093127
TSK003378,S027,3.9582992,3.9582992
TSK003378,S028,4.17669708,4.17669708
TSK003378,S029,3.96961855,3.96961855
TSK003378,S030,3.20815401,3.20815401
TSK003378,S031,5.98466489,5.98466489
TSK003378,S032,8.99054975,8.99054975
TSK003378,S033,1.94475516,1.94475516
TSK003378,S034,1.94475516,1.94475516
TSK003378,S035,6.34539835,6.34539835
TSK003378,S036,2.20362296,2.20362296
TSK003378,S037,8.16075177,8.16075177
TSK003378,S038,6.85667803,6.85667803
TSK003378,S039,5.35763016,5.35763016
TSK003378,S040,6.22735473,6.22735473
TSK003378,S041,1.94475516,1.94475516
TSK003378,S042,3.32636864,3.32636864
TSK003378,S043,6.23421768,6.23421768
TSK003378,S044,1.94475516,1.94475516
TSK003378,S045,3.96961855,3.96961855
TSK003378,S046,11.3524317,11.3524317
TSK003378,S047,4.68099309,4.68099309
TSK003378,S048,1.94475516,1.94475516
TSK003378,S049,1.94475516,1.94475516
TSK003378,S050,5.94444352,5.94444352
TSK003378,S051,7.39828138,7.39828138
TSK003378,S052,3.23050744,3.23050744
TSK003378,S053,1.94475516,1.94475516
TSK003378,S054,7.11317867,7.11317867
TSK003378,S055,5.39098935,5.39098935
TSK003378,S056,1.94475516,1.94475516
TSK003378,S057,5.91303691,5.91303691
TSK003378,S058,1.94475516,1.94475516
TSK003378,S059,7.59913489,7.59913489
TSK003378,S060,1.94475516,1.94475516
TSK003378,S061,9.54343929,9.54343929
TSK003378,S062,6.7820725,6.7820725
TSK003378,S063,5.57462658,5.57462658
TSK003378,S064,3.6817316,3.6817316
TSK003378,S065,1.94475516,1.94475516
TSK003378,S066,13.9358867,13.9358867
TSK003378,S067,4.43978629,4.43978629
TSK003378,S068,5.02095554,5.02095554
TSK003378,S069,11.19050258,11.19050258
TSK003378,S070,1.94475516,1.94475516
TSK003378,S071,6.14422662,6.14422662
TSK003378,S072,1.94475516,1.94475516
TSK003378,S073,1.94475516,1.94475516
TSK003378,S074,9.25101806,9.25101806
TSK003378,S075,5.76955034,5.76955034
TSK003378,S076,4.40228581,4.40228581
TSK003378,S077,4.7311913,4.7311913
TSK003378,S078,5.76955034,5.76955034
TSK003378,S079,1.94475516,1.94475516
TSK003378,S080,8.95140446,8.95140446
TSK003378,S081,4.43978629,4.43978629
TSK003378,S082,1.94475516,1.94475516
TSK003378,S083,4.25103462,4.25103462
TSK003378,S084,1.94475516,1.94475516
TSK003378,S085,3.0466256,3.0466256
TSK003378,S086,5.39098935,5.39098935
TSK003378,S087,4.56104073,4.56104073
TSK003378,S088,3.37184353,3.37184353
TSK003378,S089,4.26087345,4.26087345
TSK003378,S090,3.83091158,3.83091158
TSK003378,S091,1.94475516,1.94475516
TSK003378,S092,4.14988061,4.14988061
TSK003378,S093,1.94475516,1.94475516
TSK003378,S094,4.27234357,4.27234357
TSK003378,S095,7.5570843,7.5570843
TSK003378,S096,1.94475516,1.94475516
TSK003378,S097,10.37449512,10.37449512
TSK003378,S098,1.94475516,1.94475516
TSK003378,S099,8.12769755,8.12769755
TSK003378,S100,1.94475516,1.94475516
TSK003455,S001,32.97603726,32.97603726
TSK003455,S002,29.38809444,29.38809444
TSK003455,S003,25.82167993,25.82167993
TSK003455,S004,43.80081644,43.80081644
TSK003455,S005,16.31120124,16.31120124
TSK003455,S006,25.18527082,25.18527082
TSK003455,S007,6.72473581,6.72473581
TSK003455,S008,12.67121884,12.67121884
TSK003455,S009,14.41409486,14.41409486
TSK003455,S010,38.39043043,38.39043043
TSK003455,S011,6.72473581,6.72473581
TSK003455,S012,6.72473581,6.72473581
TSK003455,S013,15.1988546,15.1988546
TSK003455,S014,12.55126578,12.55126578
TSK003455,S015,6.72473581,6.72473581
TSK003455,S016,17.50784292,17.50784292
TSK003455,S017,17.9114785,17.9114785
TSK003455,S018,6.72473581,6.72473581
TSK003455,S019,21.11334938,21.11334938
TSK003455,S020,6.72473581,6.72473581
TSK003455,S021,51.56149963,51.56149963
TSK003455,S022,27.9216518,27.9216518
TSK003455,S023,11.76804682,11.76804682
TSK003455,S024,22.4509259,22.4509259
TSK003455,S025,18.93205934,18.93205934
TSK003455,S026,19.24240538,19.24240538
TSK003455,S027,12.56089676,12.56089676
TSK003455,S028,16.33596497,16.33596497
TSK003455,S029,13.24459764,13.24459764
TSK003455,S030,10.29607494,10.29607494
TSK003455,S031,23.86889337,23.86889337
TSK003455,S032,35.06769988,35.06769988
TSK003455,S033,6.72473581,6.72473581
TSK003455,S034,6.72473581,6.72473581
TSK003455,S035,25.82167993,25.82167993
TSK003455,S036,8.86912227,8.86912227
TSK003455,S037,38.98619552,38.98619552
TSK003455,S038,24.95995168,24.95995168
TSK003455,S039,16.24133317,16.24133317
TSK003455,S040,27.85934497,27.85934497
TSK003455,S041,6.72473581,6.72473581
TSK003455,S042,11.77999802,11.77999802
TSK003455,S043,25.98134376,25.98134376
TSK003455,S044,6.72473581,6.72473581
TSK003455,S045,13.24459764,13.24459764
TSK003455,S046,64.9599015,64.9599015
TSK003455,S047,15.97314429,15.97314429
TSK003455,S048,6.72473581,6.72473581
TSK003455,S049,6.72473581,6.72473581
TSK003455,S050,39.34906715,39.34906715
TSK003455,S051,39.14691083,39.14691083
TSK003455,S052,13.72350286,13.72350286
TSK003455,S053,6.72473581,6.72473581
TSK003455,S054,33.61669535,33.61669535
TSK003455,S055,21.73440431,21.73440431
TSK003455,S056,6.72473581,6.72473581
TSK003455,S057,28.92942693,28.92942693
TSK003455,S058,6.72473581,6.72473581
TSK003455,S059,26.29472552,26.29472552
TSK003455,S060,6.72473581,6.72473581
TSK003455,S061,48.27985172,48.27985172
TSK003455,S062,28.79683165,28.79683165
TSK003455,S063,18.51964639,18.51964639
TSK003455,S064,21.11334938,21.11334938
TSK003455,S065,6.72473581,6.72473581
TSK003455,S066,74.42171493,74.42171493
TSK003455,S067,23.17170475,23.17170475
TSK003455,S068,14.55588537,14.55588537
TSK003455,S069,44.49526308,44.49526308
TSK003455,S070,6.72473581,6.72473581
TSK003455,S071,22.5715115,22.5715115
TSK003455,S072,6.72473581,6.72473581
TSK003455,S073,6.72473581,6.72473581
TSK003455,S074,42.86146363,42.86146363
TSK003455,S075,17.01380245,17.01380245
TSK003455,S076,13.44304291,13.44304291
TSK003455,S077,18.65392906,18.65392906
TSK003455,S078,17.01380245,17.01380245
TSK003455,S079,6.72473581,6.72473581
TSK003455,S080,45.59703004,45.59703004
TSK003455,S081,23.17170475,23.17170475
TSK003455,S082,6.72473581,6.72473581
TSK003455,S083,15.54036889,15.54036889
TSK003455,S084,6.72473581,6.72473581
TSK003455,S085,8.82403385,8.82403385
TSK003455,S086,21.73440431,21.73440431
TSK003455,S087,19.42465246,19.42465246
TSK003455,S088,10.39344274,10.39344274
TSK003455,S089,22.17052966,22.17052966
TSK003455,S090,19.7644152,19.7644152
TSK003455,S091,6.72473581,6.72473581
TSK003455,S092,13.27045113,13.27045113
TSK003455,S093,6.72473581,6.72473581
TSK003455,S094,16.91947656,16.91947656
TSK003455,S095,25.06366386,25.06366386
TSK003455,S096,6.72473581,6.72473581
TSK003455,S097,41.37072799,41.37072799
TSK003455,S098,6.72473581,6.72473581
TSK003455,S099,33.72346068,33.72346068
TSK003455,S100,6.72473581,6.72473581
TSK003535,S001,9.36237333,9.36237333
TSK003535,S002,8.3423498,8.3423498
TSK003535,S003,7.48099344,7.48099344
TSK003535,S004,10.50230187,10.50230187
TSK003535,S005,6.20076235,6.20076235
TSK003535,S006,7.94023314,7.94023314
TSK003535,S007,2.29245598,2.29245598
TSK003535,S008,5.66513119,5.66513119
TSK003535,S009,3.84403744,3.84403744
TSK003535,S010,9.59317527,9.59317527
TSK003535,S011,2.29245598,2.29245598
TSK003535,S012,2.29245598,2.29245598
TSK003535,S013,5.32895729,5.32895729
TSK003535,S014,4.09314145,4.09314145
TSK003535,S015,2.29245598,2.29245598
TSK003535,S016,6.60689381,6.60689381
TSK003535,S017,4.63471574,4.63471574
TSK003535,S018,2.29245598,2.29245598
TSK003535,S019,4.33822823,4.33822823
TSK003535,S020,2.29245598,2.29245598
TSK003535,S021,11.69457735,11.69457735
TSK003535,S022,8.61451035,8.61451035
TSK003535,S023,3.29450123,3.29450123
TSK003535,S024,7.7166359,7.7166359
TSK003535,S025,5.55989246,5.55989246
TSK003535,S026,6.14279125,6.14279125
TSK003535,S027,4.66724102,4.66724102
TSK003535,S028,4.92597575,4.92597575
TSK003535,S029,4.68065821,4.68065821
TSK003535,S030,3.78208363,3.78208363
TSK003535,S031,7.05735514,7.05735514
TSK003535,S032,10.60867792,10.60867792
TSK003535,S033,2.29245598,2.29245598
TSK003535,S034,2.29245598,2.29245598
TSK003535,S035,7.48099344,7.48099344
TSK003535,S036,2.59734472,2.59734472
TSK003535,S037,9.62184096,9.62184096
TSK003535,S038,8.08251177,8.08251177
TSK003535,S039,6.3199591,6.3199591
TSK003535,S040,7.34304733,7.34304733
TSK003535,S041,2.29245598,2.29245598
TSK003535,S042,3.92382228,3.92382228
TSK003535,S043,7.35207089,7.35207089
TSK003535,S044,2.29245598,2.29245598
TSK003535,S045,4.68065821,4.68065821
TSK003535,S046,13.37862207,13.37862207
TSK003535,S047,5.52072241,5.52072241
TSK003535,S048,2.29245598,2.29245598
TSK003535,S049,2.29245598,2.29245598
TSK003535,S050,7.00320005,7.00320005
TSK003535,S051,8.71945961,8.71945961
TSK003535,S052,3.80681495,3.80681495
TSK003535,S053,2.29245598,2.29245598
TSK003535,S054,8.38378599,8.38378599
TSK003535,S055,6.35577168,6.35577168
TSK003535,S056,2.29245598,2.29245598
TSK003535,S057,6.97182474,6.97182474
TSK003535,S058,2.29245598,2.29245598
TSK003535,S059,8.95727446,8.95727446
TSK003535,S060,2.29245598,2.29245598
TSK003535,S061,11.25247716,11.25247716
TSK003535,S062,7.99629609,7.99629609
TSK003535,S063,6.57365159,6.57365159
TSK003535,S064,4.33822823,4.33822823
TSK003535,S065,2.29245598,2.29245598
TSK003535,S066,16.42928124,16.42928124
TSK003535,S067,5.23187473,5.23187473
TSK003535,S068,5.92146464,5.92146464
TSK003535,S069,13.18528345,13.18528345
TSK003535,S070,2.29245598,2.29245598
TSK003535,S071,7.24667994,7.24667994
TSK003535,S072,2.29245598,2.29245598
TSK003535,S073,2.29245598,2.29245598
TSK003535,S074,10.91040702,10.91040702
TSK003535,S075,6.80231643,6.80231643
TSK003535,S076,5.19260967,5.19260967
TSK003535,S077,5.58084228,5.58084228
TSK003535,S078,6.80231643,6.80231643
TSK003535,S079,2.29245598,2.29245598
TSK003535,S080,10.55710127,10.55710127
TSK003535,S081,5.23187473,5.23187473
TSK003535,S082,2.29245598,2.29245598
TSK003535,S083,5.0119043,5.0119043
TSK003535,S084,2.29245598,2.29245598
TSK003535,S085,3.59115504,3.59115504
TSK003535,S086,6.35577168,6.35577168
TSK003535,S087,5.37613907,5.37613907
TSK003535,S088,3.97535803,3.97535803
TSK003535,S089,5.02141168,5.02141168
TSK003535,S090,4.51524015,4.51524015
TSK003535,S091,2.29245598,2.29245598
TSK003535,S092,4.89345137,4.89345137
TSK003535,S093,2.29245598,2.29245598
TSK003535,S094,5.03862606,5.03862606
TSK003535,S095,8.91190937,8.91190937
TSK003535,S096,2.29245598,2.29245598
TSK003535,S097,12.23039272,12.23039272
TSK003535,S098,2.29245598,2.29245598
TSK003535,S099,9.58342345,9.58342345
TSK003535,S100,2.29245598,2.29245598
TSK003583,S001,140.27974333,140.27974333
TSK003583,S002,124.95119222,124.95119222
TSK003583,S003,109.02323352,109.02323352
TSK003583,S004,195.54763565,195.54763565
TSK003583,S005,61.77642374,61.77642374
TSK003583,S006,103.36445974,103.36445974
TSK003583,S007,26.6920099,26.6920099
TSK003583,S008,43.69674133,43.69674133
TSK003583,S009,62.45746861,62.45746861
TSK003583,S010,169.61169643,169.61169643
TSK003583,S011,26.6920099,26.6920099
TSK003583,S012,26.6920099,26.6920099
TSK003583,S013,59.68018247,59.68018247
TSK003583,S014,50.7587438,50.7587438
TSK003583,S015,26.6920099,26.6920099
TSK003583,S016,66.54003527,66.54003527
TSK003583,S017,78.33812331,78.33812331
TSK003583,S018,26.6920099,26.6920099
TSK003583,S019,97.80768529,97.80768529
TSK003583,S020,26.6920099,26.6920099
TSK003583,S021,233.60945663,233.60945663
TSK003583,S022,115.4065316,115.4065316
TSK003583,S023,50.25768488,50.25768488
TSK003583,S024,88.92354742,88.92354742
TSK003583,S025,79.6109396,79.6109396
TSK003583,S026,78.43342245,78.43342245
TSK003583,S027,48.00078185,48.00078185
TSK003583,S028,68.07900236,68.07900236
TSK003583,S029,51.79670666,51.79670666
TSK003583,S030,39.53996328,39.53996328
TSK003583,S031,100.13041484,100.13041484
TSK003583,S032,146.13408529,146.13408529
TSK003583,S033,26.6920099,26.6920099
TSK003583,S034,26.6920099,26.6920099
TSK003583,S035,109.02323352,109.02323352
TSK003583,S036,37.29063293,37.29063293
TSK003583,S037,172.84277303,172.84277303
TSK003583,S038,101.16567824,101.16567824
TSK003583,S039,60.74954488,60.74954488
TSK003583,S040,121.24101816,121.24101816
TSK003583,S041,26.6920099,26.6920099
TSK003583,S042,47.29275775,47.29275775
TSK003583,S043,110.62329816,110.62329816
TSK003583,S044,26.6920099,26.6920099
TSK003583,S045,51.79670666,51.79670666
TSK003583,S046,300.83199762,300.83199762
TSK003583,S047,63.11555646,63.11555646
TSK003583,S048,26.6920099,26.6920099
TSK003583,S049,26.6920099,26.6920099
TSK003583,S050,187.58072334,187.58072334
TSK003583,S051,178.07742947,178.07742947
TSK003583,S052,58.71776533,58.71776533
TSK003583,S053,26.6920099,26.6920099
TSK003583,S054,148.52069196,148.52069196
TSK003583,S055,91.47637925,91.47637925
TSK003583,S056,26.6920099,26.6920099
TSK003583,S057,129.08541422,129.08541422
TSK003583,S058,26.6920099,26.6920099
TSK003583,S059,104.38681761,104.38681761
TSK003583,S060,26.6920099,26.6920099
TSK003583,S061,217.31310986,217.31310986
TSK003583,S062,123.3020764,123.3020764
TSK003583,S063,72.3000488,72.3000488
TSK003583,S064,97.80768529,97.80768529
TSK003583,S065,26.6920099,26.6920099
TSK003583,S066,339.4091445,339.4091445
TSK003583,S067,105.03586582,105.03586582
TSK003583,S068,53.14457198,53.14457198
TSK003583,S069,186.1805402,186.1805402
TSK003583,S070,26.6920099,26.6920099
TSK003583,S071,91.91315109,91.91315109
TSK003583,S072,26.6920099,26.6920099
TSK003583,S073,26.6920099,26.6920099
TSK003583,S074,188.48687655,188.48687655
TSK003583,S075,62.64133517,62.64133517
TSK003583,S076,50.45860657,50.45860657
TSK003583,S077,77.98235725,77.98235725
TSK003583,S078,62.64133517,62.64133517
TSK003583,S079,26.6920099,26.6920099
TSK003583,S080,205.66293787,205.66293787
TSK003583,S081,105.03586582,105.03586582
TSK003583,S082,26.6920099,26.6920099
TSK003583,S083,63.11359268,63.11359268
TSK003583,S084,26.6920099,26.6920099
TSK003583,S085,32.15283119,32.15283119
TSK003583,S086,91.47637925,91.47637925
TSK003583,S087,83.21412769,83.21412769
TSK003583,S088,39.14910776,39.14910776
TSK003583,S089,100.43202201,100.43202201
TSK003583,S090,89.35765351,89.35765351
TSK003583,S091,26.6920099,26.6920099
TSK003583,S092,50.9056668,50.9056668
TSK003583,S093,26.6920099,26.6920099
TSK003583,S094,70.81628136,70.81628136
TSK003583,S095,97.78795782,97.78795782
TSK003583,S096,26.6920099,26.6920099
TSK003583,S097,173.44944257,173.44944257
TSK003583,S098,26.6920099,26.6920099
TSK003583,S099,143.33897816,143.33897816
TSK003583,S100,26.6920099,26.6920099
TSK003621,S001,61.69400753,61.69400753
TSK003621,S002,54.7950323,54.7950323
TSK003621,S003,47.84964134,47.84964134
TSK003621,S004,84.25253075,84.25253075
TSK003621,S005,28.31466373,28.31466373
TSK003621,S006,46.15686116,46.15686116
TSK003621,S007,11.89493475,11.89493475
TSK003621,S008,20.33215769,20.33215769
TSK003621,S009,27.14790773,27.14790773
TSK003621,S010,73.5638985,73.5638985
TSK003621,S011,11.89493475,11.89493475
TSK003621,S012,11.89493475,11.89493475
TSK003621,S013,26.85619083,26.85619083
TSK003621,S014,22.56623493,22.56623493
TSK003621,S015,11.89493475,11.89493475
TSK003621,S016,30.44725257,30.44725257
TSK003621,S017,34.03235921,34.03235921
TSK003621,S018,11.89493475,11.89493475
TSK003621,S019,41.72276106,41.72276106
TSK003621,S020,11.89493475,11.89493475
TSK003621,S021,100.57012206,100.57012206
TSK003621,S022,51.16921916,51.16921916
TSK003621,S023,22.00480798,22.00480798
TSK003621,S024,39.92872035,39.92872035
TSK003621,S025,35.08244504,35.08244504
TSK003621,S026,34.71123851,34.71123851
TSK003621,S027,21.70821524,21.70821524
TSK003621,S028,30.11209439,30.11209439
TSK003621,S029,23.27039335,23.27039335
TSK003621,S030,17.80971092,17.80971092
TSK003621,S031,44.13942249,44.13942249
TSK003621,S032,65.00562978,65.00562978
TSK003621,S033,11.89493475,11.89493475
TSK003621,S034,11.89493475,11.89493475
TSK003621,S035,47.84964134,47.84964134
TSK003621,S036,16.34028221,16.34028221
TSK003621,S037,74.91617936,74.91617936
TSK003621,S038,44.81819507,44.81819507
TSK003621,S039,27.84381303,27.84381303
TSK003621,S040,52.86446625,52.86446625
TSK003621,S041,11.89493475,11.89493475
TSK003621,S042,21.19931851,21.19931851
TSK003621,S043,48.59126547,48.59126547
TSK003621,S044,11.89493475,11.89493475
TSK003621,S045,23.27039335,23.27039335
TSK003621,S046,128.47143585,128.47143585
TSK003621,S047,28.35843942,28.35843942
TSK003621,S048,11.89493475,11.89493475
TSK003621,S049,11.89493475,11.89493475
TSK003621,S050,79.40670382,79.40670382
TSK003621,S051,76.42727828,76.42727828
TSK003621,S052,25.55016372,25.55016372
TSK003621,S053,11.89493475,11.89493475
TSK003621,S054,64.22965393,64.22965393
TSK003621,S055,40.18253929,40.18253929
TSK003621,S056,11.89493475,11.89493475
TSK003621,S057,55.86355876,55.86355876
TSK003621,S058,11.89493475,11.89493475
TSK003621,S059,46.48149022,46.48149022
TSK003621,S060,11.89493475,11.89493475
TSK003621,S061,93.84238512,93.84238512
TSK003621,S062,53.94437988,53.94437988
TSK003621,S063,32.53303328,32.53303328
TSK003621,S064,41.72276106,41.72276106
TSK003621,S065,11.89493475,11.89493475
TSK003621,S066,145.90569146,145.90569146
TSK003621,S067,45.06521768,45.06521768
TSK003621,S068,24.45531401,24.45531401
TSK003621,S069,81.36393799,81.36393799
TSK003621,S070,11.89493475,11.89493475
TSK003621,S071,40.94503695,40.94503695
TSK003621,S072,11.89493475,11.89493475
TSK003621,S073,11.89493475,11.89493475
TSK003621,S074,82.08998539,82.08998539
TSK003621,S075,28.6093848,28.6093848
TSK003621,S076,23.07272942,23.07272942
TSK003621,S077,34.52398059,34.52398059
TSK003621,S078,28.6093848,28.6093848
TSK003621,S079,11.89493475,11.89493475
TSK003621,S080,88.94986255,88.94986255
TSK003621,S081,45.06521768,45.06521768
TSK003621,S082,11.89493475,11.89493475
TSK003621,S083,28.00574515,28.00574515
TSK003621,S084,11.89493475,11.89493475
TSK003621,S085,14.6735255,14.6735255
TSK003621,S086,40.18253929,40.18253929
TSK003621,S087,36.29752795,36.29752795
TSK003621,S088,17.75441838,17.75441838
TSK003621,S089,43.12238306,43.12238306
TSK003621,S090,38.42292243,38.42292243
TSK003621,S091,11.89493475,11.89493475
TSK003621,S092,23.01793677,23.01793677
TSK003621,S093,11.89493475,11.89493475
TSK003621,S094,31.27280952,31.27280952
TSK003621,S095,44.0465176,44.0465176
TSK003621,S096,11.89493475,11.89493475
TSK003621,S097,76.2195988,76.2195988
TSK003621,S098,11.89493475,11.89493475
TSK003621,S099,62.87763842,62.87763842
TSK003621,S100,11.89493475,11.89493475
TSK003760,S001,3.93599869,3.93599869
TSK003760,S002,3.56888057,3.56888057
TSK003760,S003,3.22007605,3.22007605
TSK003760,S004,4.6329874,4.6329874
TSK003760,S005,2.5376308,2.5376308
TSK003760,S006,3.25549828,3.25549828
TSK003760,S007,0.9955759,0.9955759
TSK003760,S008,2.44582247,2.44582247
TSK003760,S009,1.68178683,1.68178683
TSK003760,S010,4.12073144,4.12073144
TSK003760,S011,0.9955759,0.9955759
TSK003760,S012,0.9955759,0.9955759
TSK003760,S013,2.24708859,2.24708859
TSK003760,S014,1.75400089,1.75400089
TSK003760,S015,0.9955759,0.9955759
TSK003760,S016,2.70972374,2.70972374
TSK003760,S017,2.00425202,2.00425202
TSK003760,S018,0.9955759,0.9955759
TSK003760,S019,1.92968323,1.92968323
TSK003760,S020,0.9955759,0.9955759
TSK003760,S021,5.0542847,5.0542847
TSK003760,S022,3.62566746,3.62566746
TSK003760,S023,1.41232734,1.41232734
TSK003760,S024,3.247582,3.247582
TSK003760,S025,2.35475916,2.35475916
TSK003760,S026,2.66244072,2.66244072
TSK003760,S027,1.99463146,1.99463146
TSK003760,S028,2.07346764,2.07346764
TSK003760,S029,1.9985331,1.9985331
TSK003760,S030,1.63347617,1.63347617
TSK003760,S031,2.9947538,2.9947538
TSK003760,S032,4.32857303,4.32857303
TSK003760,S033,0.9955759,0.9955759
TSK003760,S034,0.9955759,0.9955759
TSK003760,S035,3.22007605,3.22007605
TSK003760,S036,1.13478925,1.13478925
TSK003760,S037,4.12566306,4.12566306
TSK003760,S038,3.51178763,3.51178763
TSK003760,S039,2.62913486,2.62913486
TSK003760,S040,3.12890977,3.12890977
TSK003760,S041,0.9955759,0.9955759
TSK003760,S042,1.63293664,1.63293664
TSK003760,S043,3.10855824,3.10855824
TSK003760,S044,0.9955759,0.9955759
TSK003760,S045,1.9985331,1.9985331
TSK003760,S046,5.90109045,5.90109045
TSK003760,S047,2.32426733,2.32426733
TSK003760,S048,0.9955759,0.9955759
TSK003760,S049,0.9955759,0.9955759
TSK003760,S050,3.14651942,3.14651942
TSK003760,S051,3.82709215,3.82709215
TSK003760,S052,1.68629635,1.68629635
TSK003760,S053,0.9955759,0.9955759
TSK003760,S054,3.67085603,3.67085603
TSK003760,S055,2.73595824,2.73595824
TSK003760,S056,0.9955759,0.9955759
TSK003760,S057,2.98610456,2.98610456
TSK003760,S058,0.9955759,0.9955759
TSK003760,S059,3.90305034,3.90305034
TSK003760,S060,0.9955759,0.9955759
TSK003760,S061,4.81460015,4.81460015
TSK003760,S062,3.42941032,3.42941032
TSK003760,S063,2.79391525,2.79391525
TSK003760,S064,1.92968323,1.92968323
TSK003760,S065,0.9955759,0.9955759
TSK003760,S066,7.08787721,7.08787721
TSK003760,S067,2.31622014,2.31622014
TSK003760,S068,2.49834893,2.49834893
TSK003760,S069,5.88103551,5.88103551
TSK003760,S070,0.9955759,0.9955759
TSK003760,S071,3.04486341,3.04486341
TSK003760,S072,0.9955759,0.9955759
TSK003760,S073,0.9955759,0.9955759
TSK003760,S074,4.59760111,4.59760111
TSK003760,S075,2.92205464,2.92205464
TSK003760,S076,2.17074198,2.17074198
TSK003760,S077,2.32576343,2.32576343
TSK003760,S078,2.92205464,2.92205464
TSK003760,S079,0.9955759,0.9955759
TSK003760,S080,4.44740388,4.44740388
TSK003760,S081,2.31622014,2.31622014
TSK003760,S082,0.9955759,0.9955759
TSK003760,S083,2.15497228,2.15497228
TSK003760,S084,0.9955759,0.9955759
TSK003760,S085,1.56409507,1.56409507
TSK003760,S086,2.73595824,2.73595824
TSK003760,S087,2.34427185,2.34427185
TSK003760,S088,1.70911934,1.70911934
TSK003760,S089,2.21344781,2.21344781
TSK003760,S090,1.97639544,1.97639544
TSK003760,S091,0.9955759,0.9955759
TSK003760,S092,2.08308861,2.08308861
TSK003760,S093,0.9955759,0.9955759
TSK003760,S094,2.1249042,2.1249042
TSK003760,S095,3.77406763,3.77406763
TSK003760,S096,0.9955759,0.9955759
TSK003760,S097,5.28410868,5.28410868
TSK003760,S098,0.9955759,0.9955759
TSK003760,S099,4.09477327,4.09477327
TSK003760,S100,0.9955759,0.9955759
TSK003768,S001,33.51942871,33.51942871
TSK003768,S002,29.88125507,29.88125507
TSK003768,S003,26.25186802,26.25186802
TSK003768,S004,44.63191001,44.63191001
TSK003768,S005,16.50662731,16.50662731
TSK003768,S006,25.55653004,25.55653004
TSK003768,S007,6.82461745,6.82461745
TSK003768,S008,12.80564709,12.80564709
TSK003768,S009,14.67106648,14.67106648
TSK003768,S010,39.08840355,39.08840355
TSK003768,S011,6.82461745,6.82461745
TSK003768,S012,6.82461745,6.82461745
TSK003768,S013,15.40930277,15.40930277
TSK003768,S014,12.74144164,12.74144164
TSK003768,S015,6.82461745,6.82461745
TSK003768,S016,17.72049835,17.72049835
TSK003768,S017,18.23283281,18.23283281
TSK003768,S018,6.82461745,6.82461745
TSK003768,S019,21.54336056,21.54336056
TSK003768,S020,6.82461745,6.82461745
TSK003768,S021,52.54989096,52.54989096
TSK003768,S022,28.35456715,28.35456715
TSK003768,S023,11.96775908,11.96775908
TSK003768,S024,22.76711849,22.76711849
TSK003768,S025,19.23904423,19.23904423
TSK003768,S026,19.54347693,19.54347693
TSK003768,S027,12.72803543,12.72803543
TSK003768,S028,16.5938833,16.5938833
TSK003768,S029,13.43005645,13.43005645
TSK003768,S030,10.43725059,10.43725059
TSK003768,S031,24.25485347,24.25485347
TSK003768,S032,35.60037227,35.60037227
TSK003768,S033,6.82461745,6.82461745
TSK003768,S034,6.82461745,6.82461745
TSK003768,S035,26.25186802,26.25186802
TSK003768,S036,9.01820429,9.01820429
TSK003768,S037,39.6986438,39.6986438
TSK003768,S038,25.34730247,25.34730247
TSK003768,S039,16.43591733,16.43591733
TSK003768,S040,28.34731588,28.34731588
TSK003768,S041,6.82461745,6.82461745
TSK003768,S042,11.9483135,11.9483135
TSK003768,S043,26.41299603,26.41299603
TSK003768,S044,6.82461745,6.82461745
TSK003768,S045,13.43005645,13.43005645
TSK003768,S046,66.27463934,66.27463934
TSK003768,S047,16.19699307,16.19699307
TSK003768,S048,6.82461745,6.82461745
TSK003768,S049,6.82461745,6.82461745
TSK003768,S050,40.19493071,40.19493071
TSK003768,S051,39.91189403,39.91189403
TSK003768,S052,13.9655619,13.9655619
TSK003768,S053,6.82461745,6.82461745
TSK003768,S054,34.23849387,34.23849387
TSK003768,S055,22.09423233,22.09423233
TSK003768,S056,6.82461745,6.82461745
TSK003768,S057,29.46421211,29.46421211
TSK003768,S058,6.82461745,6.82461745
TSK003768,S059,26.68739986,26.68739986
TSK003768,S060,6.82461745,6.82461745
TSK003768,S061,49.18667016,49.18667016
TSK003768,S062,29.28831193,29.28831193
TSK003768,S063,18.77598827,18.77598827
TSK003768,S064,21.54336056,21.54336056
TSK003768,S065,6.82461745,6.82461745
TSK003768,S066,75.8639332,75.8639332
TSK003768,S067,23.62468864,23.62468864
TSK003768,S068,14.7247243,14.7247243
TSK003768,S069,45.2545361,45.2545361
TSK003768,S070,6.82461745,6.82461745
TSK003768,S071,22.90933137,22.90933137
TSK003768,S072,6.82461745,6.82461745
TSK003768,S073,6.82461745,6.82461745
TSK003768,S074,43.62016415,43.62016415
TSK003768,S075,17.22339409,17.22339409
TSK003768,S076,13.60719658,13.60719658
TSK003768,S077,18.94687829,18.94687829
TSK003768,S078,17.22339409,17.22339409
TSK003768,S079,6.82461745,6.82461745
TSK003768,S080,46.44623843,46.44623843
TSK003768,S081,23.62468864,23.62468864
TSK003768,S082,6.82461745,6.82461745
TSK003768,S083,15.77907462,15.77907462
TSK003768,S084,6.82461745,6.82461745
TSK003768,S085,8.93333729,8.93333729
TSK003768,S086,22.09423233,22.09423233
TSK003768,S087,19.76239562,19.76239562
TSK003768,S088,10.5287252,10.5287252
TSK003768,S089,22.60198669,22.60198669
TSK003768,S090,20.14559753,20.14559753
TSK003768,S091,6.82461745,6.82461745
TSK003768,S092,13.44733004,13.44733004
TSK003768,S093,6.82461745,6.82461745
TSK003768,S094,17.18973697,17.18973697
TSK003768,S095,25.40801773,25.40801773
TSK003768,S096,6.82461745,6.82461745
TSK003768,S097,42.05325506,42.05325506
TSK003768,S098,6.82461745,6.82461745
TSK003768,S099,34.28824147,34.28824147
TSK003768,S100,6.82461745,6.82461745
TSK003828,S001,1.9842638,1.9842638
TSK003828,S002,1.79918772,1.79918772
TSK003828,S003,1.62334412,1.62334412
TSK003828,S004,2.33563828,2.33563828
TSK003828,S005,1.27930148,1.27930148
TSK003828,S006,1.64120161,1.64120161
TSK003828,S007,0.5019019,0.5019019
TSK003828,S008,1.23301794,1.23301794
TSK003828,S009,0.84784295,0.84784295
TSK003828,S010,2.07739354,2.07739354
TSK003828,S011,0.5019019,0.5019019
TSK003828,S012,0.5019019,0.5019019
TSK003828,S013,1.13282979,1.13282979
TSK003828,S014,0.88424838,0.88424838
TSK003828,S015,0.5019019,0.5019019
TSK003828,S016,1.36605908,1.36605908
TSK003828,S017,1.01040804,1.01040804
TSK003828,S018,0.5019019,0.5019019
TSK003828,S019,0.97281551,0.97281551
TSK003828,S020,0.5019019,0.5019019
TSK003828,S021,2.54802783,2.54802783
TSK003828,S022,1.82781583,1.82781583
TSK003828,S023,0.71199973,0.71199973
TSK003828,S024,1.63721076,1.63721076
TSK003828,S025,1.18710999,1.18710999
TSK003828,S026,1.34222218,1.34222218
TSK003828,S027,1.00555801,1.00555801
TSK003828,S028,1.04530187,1.04530187
TSK003828,S029,1.00752495,1.00752495
TSK003828,S030,0.82348799,0.82348799
TSK003828,S031,1.50975191,1.50975191
TSK003828,S032,2.18217318,2.18217318
TSK003828,S033,0.5019019,0.5019019
TSK003828,S034,0.5019019,0.5019019
TSK003828,S035,1.62334412,1.62334412
TSK003828,S036,0.57208384,0.57208384
TSK003828,S037,2.07987973,2.07987973
TSK003828,S038,1.77040533,1.77040533
TSK003828,S039,1.32543162,1.32543162
TSK003828,S040,1.57738426,1.57738426
TSK003828,S041,0.5019019,0.5019019
TSK003828,S042,0.82321599,0.82321599
TSK003828,S043,1.5671244,1.5671244
TSK003828,S044,0.5019019,0.5019019
TSK003828,S045,1.00752495,1.00752495
TSK003828,S046,2.9749299,2.9749299
TSK003828,S047,1.17173807,1.17173807
TSK003828,S048,0.5019019,0.5019019
TSK003828,S049,0.5019019,0.5019019
TSK003828,S050,1.58626186,1.58626186
TSK003828,S051,1.9293605,1.9293605
TSK003828,S052,0.85011634,0.85011634
TSK003828,S053,0.5019019,0.5019019
TSK003828,S054,1.85059684,1.85059684
TSK003828,S055,1.37928473,1.37928473
TSK003828,S056,0.5019019,0.5019019
TSK003828,S057,1.50539156,1.50539156
TSK003828,S058,0.5019019,0.5019019
TSK003828,S059,1.96765348,1.96765348
TSK003828,S060,0.5019019,0.5019019
TSK003828,S061,2.42719512,2.42719512
TSK003828,S062,1.72887628,1.72887628
TSK003828,S063,1.40850273,1.40850273
TSK003828,S064,0.97281551,0.97281551
TSK003828,S065,0.5019019,0.5019019
TSK003828,S066,3.57322735,3.57322735
TSK003828,S067,1.16768123,1.16768123
TSK003828,S068,1.25949822,1.25949822
TSK003828,S069,2.96481956,2.96481956
TSK003828,S070,0.5019019,0.5019019
TSK003828,S071,1.53501379,1.53501379
TSK003828,S072,0.5019019,0.5019019
TSK003828,S073,0.5019019,0.5019019
TSK003828,S074,2.31779891,2.31779891
TSK003828,S075,1.47310193,1.47310193
TSK003828,S076,1.094341,1.094341
TSK003828,S077,1.17249231,1.17249231
TSK003828,S078,1.47310193,1.47310193
TSK003828,S079,0.5019019,0.5019019
TSK003828,S080,2.24207964,2.24207964
TSK003828,S081,1.16768123,1.16768123
TSK003828,S082,0.5019019,0.5019019
TSK003828,S083,1.08639099,1.08639099
TSK003828,S084,0.5019019,0.5019019
TSK003828,S085,0.78851074,0.78851074
TSK003828,S086,1.37928473,1.37928473
TSK003828,S087,1.181823,1.181823
TSK003828,S088,0.86162215,0.86162215
TSK003828,S089,1.11587038,1.11587038
TSK003828,S090,0.99636464,0.99636464
TSK003828,S091,0.5019019,0.5019019
TSK003828,S092,1.05015211,1.05015211
TSK003828,S093,0.5019019,0.5019019
TSK003828,S094,1.0712327,1.0712327
TSK003828,S095,1.90262913,1.90262913
TSK003828,S096,0.5019019,0.5019019
TSK003828,S097,2.6638895,2.6638895
TSK003828,S098,0.5019019,0.5019019
TSK003828,S099,2.06430719,2.06430719
TSK003828,S100,0.5019019,0.5019019
TSK003839,S001,78.84693929,78.84693929
TSK003839,S002,67.63558076,67.63558076
TSK003839,S003,56.74071301,56.74071301
TSK003839,S004,108.57969368,108.57969368
TSK003839,S005,35.18935554,35.18935554
TSK003839,S006,54.56314683,54.56314683
TSK003839,S007,15.45707886,15.45707886
TSK003839,S008,25.96841614,25.96841614
TSK003839,S009,36.60246362,36.60246362
TSK003839,S010,92.39110601,92.39110601
TSK003839,S011,15.45707886,15.45707886
TSK003839,S012,15.45707886,15.45707886
TSK003839,S013,32.74585914,32.74585914
TSK003839,S014,29.05636678,29.05636678
TSK003839,S015,15.45707886,15.45707886
TSK003839,S016,37.61021691,37.61021691
TSK003839,S017,40.98163093,40.98163093
TSK003839,S018,15.45707886,15.45707886
TSK003839,S019,49.98093968,49.98093968
TSK003839,S020,15.45707886,15.45707886
TSK003839,S021,127.23543112,127.23543112
TSK003839,S022,66.01250794,66.01250794
TSK003839,S023,26.42784012,26.42784012
TSK003839,S024,47.58692013,47.58692013
TSK003839,S025,41.23581692,41.23581692
TSK003839,S026,40.86863635,40.86863635
TSK003839,S027,26.93753544,26.93753544
TSK003839,S028,37.44723402,37.44723402
TSK003839,S029,28.55179366,28.55179366
TSK003839,S030,22.35048569,22.35048569
TSK003839,S031,57.74328214,57.74328214
TSK003839,S032,75.72975553,75.72975553
TSK003839,S033,15.45707886,15.45707886
TSK003839,S034,15.45707886,15.45707886
TSK003839,S035,56.74071301,56.74071301
TSK003839,S036,20.12601852,20.12601852
TSK003839,S037,86.47173511,86.47173511
TSK003839,S038,54.58655999,54.58655999
TSK003839,S039,34.55313227,34.55313227
TSK003839,S040,66.75744026,66.75744026
TSK003839,S041,15.45707886,15.45707886
TSK003839,S042,26.23268164,26.23268164
TSK003839,S043,57.73544661,57.73544661
TSK003839,S044,15.45707886,15.45707886
TSK003839,S045,28.55179366,28.55179366
TSK003839,S046,162.40761099,162.40761099
TSK003839,S047,34.41756864,34.41756864
TSK003839,S048,15.45707886,15.45707886
TSK003839,S049,15.45707886,15.45707886
TSK003839,S050,110.36594516,110.36594516
TSK003839,S051,89.58211862,89.58211862
TSK003839,S052,30.04213496,30.04213496
TSK003839,S053,15.45707886,15.45707886
TSK003839,S054,72.04299631,72.04299631
TSK003839,S055,51.47243606,51.47243606
TSK003839,S056,15.45707886,15.45707886
TSK003839,S057,69.52172037,69.52172037
TSK003839,S058,15.45707886,15.45707886
TSK003839,S059,63.71576333,63.71576333
TSK003839,S060,15.45707886,15.45707886
TSK003839,S061,112.39632459,112.39632459
TSK003839,S062,61.72738466,61.72738466
TSK003839,S063,42.37616704,42.37616704
TSK003839,S064,49.98093968,49.98093968
TSK003839,S065,15.45707886,15.45707886
TSK003839,S066,184.21968686,184.21968686
TSK003839,S067,58.83618799,58.83618799
TSK003839,S068,30.64355034,30.64355034
TSK003839,S069,99.54818421,99.54818421
TSK003839,S070,15.45707886,15.45707886
TSK003839,S071,48.36583106,48.36583106
TSK003839,S072,15.45707886,15.45707886
TSK003839,S073,15.45707886,15.45707886
TSK003839,S074,102.17762422,102.17762422
TSK003839,S075,35.13446225,35.13446225
TSK003839,S076,28.90065984,28.90065984
TSK003839,S077,40.88626388,40.88626388
TSK003839,S078,35.13446225,35.13446225
TSK003839,S079,15.45707886,15.45707886
TSK003839,S080,104.18698629,104.18698629
TSK003839,S081,58.83618799,58.83618799
TSK003839,S082,15.45707886,15.45707886
TSK003839,S083,36.69514614,36.69514614
TSK003839,S084,15.45707886,15.45707886
TSK003839,S085,18.96847263,18.96847263
TSK003839,S086,51.47243606,51.47243606
TSK003839,S087,46.79064008,46.79064008
TSK003839,S088,22.44336686,22.44336686
TSK003839,S089,51.8490405,51.8490405
TSK003839,S090,43.67412489,43.67412489
TSK003839,S091,15.45707886,15.45707886
TSK003839,S092,28.45125583,28.45125583
TSK003839,S093,15.45707886,15.45707886
TSK003839,S094,37.08211595,37.08211595
TSK003839,S095,57.97823652,57.97823652
TSK003839,S096,15.45707886,15.45707886
TSK003839,S097,99.28066589,99.28066589
TSK003839,S098,15.45707886,15.45707886
TSK003839,S099,80.61826098,80.61826098
TSK003839,S100,15.45707886,15.45707886
TSK003896,S001,2.12540879,2.12540879
TSK003896,S002,1.8992555,1.8992555
TSK003896,S003,1.70488083,1.70488083
TSK003896,S004,2.40327669,2.40327669
TSK003896,S005,1.40160655,1.40160655
TSK003896,S006,1.79531835,1.79531835
TSK003896,S007,0.52321263,0.52321263
TSK003896,S008,1.29169967,1.29169967
TSK003896,S009,0.87841921,0.87841921
TSK003896,S010,2.18549145,2.18549145
TSK003896,S011,0.52321263,0.52321263
TSK003896,S012,0.52321263,0.52321263
TSK003896,S013,1.21035143,1.21035143
TSK003896,S014,0.93212031,0.93212031
TSK003896,S015,0.52321263,0.52321263
TSK003896,S016,1.49392346,1.49392346
TSK003896,S017,1.05704457,1.05704457
TSK003896,S018,0.52321263,0.52321263
TSK003896,S019,0.99412624,0.99412624
TSK003896,S020,0.52321263,0.52321263
TSK003896,S021,2.66693553,2.66693553
TSK003896,S022,1.95598907,1.95598907
TSK003896,S023,0.75029728,0.75029728
TSK003896,S024,1.7521034,1.7521034
TSK003896,S025,1.26370508,1.26370508
TSK003896,S026,1.40152161,1.40152161
TSK003896,S027,1.06238663,1.06238663
TSK003896,S028,1.1184996,1.1184996
TSK003896,S029,1.06528012,1.06528012
TSK003896,S030,0.86240323,0.86240323
TSK003896,S031,1.60456923,1.60456923
TSK003896,S032,2.39682475,2.39682475
TSK003896,S033,0.52321263,0.52321263
TSK003896,S034,0.52321263,0.52321263
TSK003896,S035,1.70488083,1.70488083
TSK003896,S036,0.59339457,0.59339457
TSK003896,S037,2.191375,2.191375
TSK003896,S038,1.84483847,1.84483847
TSK003896,S039,1.43229413,1.43229413
TSK003896,S040,1.67065732,1.67065732
TSK003896,S041,0.52321263,0.52321263
TSK003896,S042,0.88931014,0.88931014
TSK003896,S043,1.67058955,1.67058955
TSK003896,S044,0.52321263,0.52321263
TSK003896,S045,1.06528012,1.06528012
TSK003896,S046,3.06140823,3.06140823
TSK003896,S047,1.25358364,1.25358364
TSK003896,S048,0.52321263,0.52321263
TSK003896,S049,0.52321263,0.52321263
TSK003896,S050,1.60757259,1.60757259
TSK003896,S051,1.99360155,1.99360155
TSK003896,S052,0.87173593,0.87173593
TSK003896,S053,0.52321263,0.52321263
TSK003896,S054,1.91607329,1.91607329
TSK003896,S055,1.4484674,1.4484674
TSK003896,S056,0.52321263,0.52321263
TSK003896,S057,1.58754597,1.58754597
TSK003896,S058,0.52321263,0.52321263
TSK003896,S059,2.04548397,2.04548397
TSK003896,S060,0.52321263,0.52321263
TSK003896,S061,2.56185423,2.56185423
TSK003896,S062,1.82122278,1.82122278
TSK003896,S063,1.49498106,1.49498106
TSK003896,S064,0.99412624,0.99412624
TSK003896,S065,0.52321263,0.52321263
TSK003896,S066,3.74556631,3.74556631
TSK003896,S067,1.19794864,1.19794864
TSK003896,S068,1.34505,1.34505
TSK003896,S069,3.02288358,3.02288358
TSK003896,S070,0.52321263,0.52321263
TSK003896,S071,1.64496481,1.64496481
TSK003896,S072,0.52321263,0.52321263
TSK003896,S073,0.52321263,0.52321263
TSK003896,S074,2.47778382,2.47778382
TSK003896,S075,1.54969702,1.54969702
TSK003896,S076,1.17773081,1.17773081
TSK003896,S077,1.26514766,1.26514766
TSK003896,S078,1.54969702,1.54969702
TSK003896,S079,0.52321263,0.52321263
TSK003896,S080,2.39743178,2.39743178
TSK003896,S081,1.19794864,1.19794864
TSK003896,S082,0.52321263,0.52321263
TSK003896,S083,1.1419842,1.1419842
TSK003896,S084,0.52321263,0.52321263
TSK003896,S085,0.82001356,0.82001356
TSK003896,S086,1.4484674,1.4484674
TSK003896,S087,1.22784182,1.22784182
TSK003896,S088,0.90578787,0.90578787
TSK003896,S089,1.14891746,1.14891746
TSK003896,S090,1.03188253,1.03188253
TSK003896,S091,0.52321263,0.52321263
TSK003896,S092,1.11315775,1.11315775
TSK003896,S093,0.52321263,0.52321263
TSK003896,S094,1.14443042,1.14443042
TSK003896,S095,2.0255519,2.0255519
TSK003896,S096,0.52321263,0.52321263
TSK003896,S097,2.78897422,2.78897422
TSK003896,S098,0.52321263,0.52321263
TSK003896,S099,2.18136178,2.18136178
TSK003896,S100,0.52321263,0.52321263
TSK003947,S001,119.87622528,119.87622528
TSK003947,S002,107.34147343,107.34147343
TSK003947,S003,93.78531329,93.78531329
TSK003947,S004,169.945453,169.945453
TSK003947,S005,51.46812922,51.46812922
TSK003947,S006,87.22791618,87.22791618
TSK003947,S007,22.93167581,22.93167581
TSK003947,S008,37.01742655,37.01742655
TSK003947,S009,54.08282876,54.08282876
TSK003947,S010,146.31793148,146.31793148
TSK003947,S011,22.93167581,22.93167581
TSK003947,S012,22.93167581,22.93167581
TSK003947,S013,50.61543378,50.61543378
TSK003947,S014,43.4463301,43.4463301
TSK003947,S015,22.93167581,22.93167581
TSK003947,S016,55.52202332,55.52202332
TSK003947,S017,67.65186549,67.65186549
TSK003947,S018,22.93167581,22.93167581
TSK003947,S019,85.27755016,85.27755016
TSK003947,S020,22.93167581,22.93167581
TSK003947,S021,202.18588456,202.18588456
TSK003947,S022,98.35563639,98.35563639
TSK003947,S023,43.21765582,43.21765582
TSK003947,S024,75.43058142,75.43058142
TSK003947,S025,68.10876172,68.10876172
TSK003947,S026,67.45688325,67.45688325
TSK003947,S027,40.83146432,40.83146432
TSK003947,S028,58.07364051,58.07364051
TSK003947,S029,44.13890531,44.13890531
TSK003947,S030,33.80802912,33.80802912
TSK003947,S031,85.69701785,85.69701785
TSK003947,S032,123.39179609,123.39179609
TSK003947,S033,22.93167581,22.93167581
TSK003947,S034,22.93167581,22.93167581
TSK003947,S035,93.78531329,93.78531329
TSK003947,S036,32.22330408,32.22330408
TSK003947,S037,149.07583269,149.07583269
TSK003947,S038,87.05297956,87.05297956
TSK003947,S039,50.90755232,50.90755232
TSK003947,S040,104.23828321,104.23828321
TSK003947,S041,22.93167581,22.93167581
TSK003947,S042,40.00694996,40.00694996
TSK003947,S043,94.7057308,94.7057308
TSK003947,S044,22.93167581,22.93167581
TSK003947,S045,44.13890531,44.13890531
TSK003947,S046,261.83202261,261.83202261
TSK003947,S047,53.53205876,53.53205876
TSK003947,S048,22.93167581,22.93167581
TSK003947,S049,22.93167581,22.93167581
TSK003947,S050,163.98000948,163.98000948
TSK003947,S051,154.70435482,154.70435482
TSK003947,S052,51.00130457,51.00130457
TSK003947,S053,22.93167581,22.93167581
TSK003947,S054,128.7653041,128.7653041
TSK003947,S055,78.67402762,78.67402762
TSK003947,S056,22.93167581,22.93167581
TSK003947,S057,111.35989099,111.35989099
TSK003947,S058,22.93167581,22.93167581
TSK003947,S059,89.80216897,89.80216897
TSK003947,S060,22.93167581,22.93167581
TSK003947,S061,187.55269777,187.55269777
TSK003947,S062,106.06555727,106.06555727
TSK003947,S063,61.4820423,61.4820423
TSK003947,S064,85.27755016,85.27755016
TSK003947,S065,22.93167581,22.93167581
TSK003947,S066,293.76337078,293.76337078
TSK003947,S067,91.41736161,91.41736161
TSK003947,S068,44.7091495,44.7091495
TSK003947,S069,161.94407888,161.94407888
TSK003947,S070,22.93167581,22.93167581
TSK003947,S071,78.16020928,78.16020928
TSK003947,S072,22.93167581,22.93167581
TSK003947,S073,22.93167581,22.93167581
TSK003947,S074,161.72418228,161.72418228
TSK003947,S075,53.23180498,53.23180498
TSK003947,S076,42.40196419,42.40196419
TSK003947,S077,66.3277552,66.3277552
TSK003947,S078,53.23180498,53.23180498
TSK003947,S079,22.93167581,22.93167581
TSK003947,S080,176.88403714,176.88403714
TSK003947,S081,91.41736161,91.41736161
TSK003947,S082,22.93167581,22.93167581
TSK003947,S083,54.10777603,54.10777603
TSK003947,S084,22.93167581,22.93167581
TSK003947,S085,27.4949006,27.4949006
TSK003947,S086,78.67402762,78.67402762
TSK003947,S087,71.94016043,71.94016043
TSK003947,S088,33.34988512,33.34988512
TSK003947,S089,87.32011132,87.32011132
TSK003947,S090,77.5570581,77.5570581
TSK003947,S091,22.93167581,22.93167581
TSK003947,S092,43.2422584,43.2422584
TSK003947,S093,22.93167581,22.93167581
TSK003947,S094,60.47336535,60.47336535
TSK003947,S095,83.02522731,83.02522731
TSK003947,S096,22.93167581,22.93167581
TSK003947,S097,149.30877977,149.30877977
TSK003947,S098,22.93167581,22.93167581
TSK003947,S099,123.08808827,123.08808827
TSK003947,S100,22.93167581,22.93167581
TSK004011,S001,51.56489268,51.56489268
TSK004011,S002,45.57087036,45.57087036
TSK004011,S003,39.79688841,39.79688841
TSK004011,S004,68.59455094,68.59455094
TSK004011,S005,24.75190207,24.75190207
TSK004011,S006,39.30095712,39.30095712
TSK004011,S007,10.0278995,10.0278995
TSK004011,S008,17.85294375,17.85294375
TSK004011,S009,22.31732435,22.31732435
TSK004011,S010,60.47135555,60.47135555
TSK004011,S011,10.0278995,10.0278995
TSK004011,S012,10.0278995,10.0278995
TSK004011,S013,22.95890946,22.95890946
TSK004011,S014,19.01954429,19.01954429
TSK004011,S015,10.0278995,10.0278995
TSK004011,S016,26.56453966,26.56453966
TSK004011,S017,28.00090485,28.00090485
TSK004011,S018,10.0278995,10.0278995
TSK004011,S019,33.60593897,33.60593897
TSK004011,S020,10.0278995,10.0278995
TSK004011,S021,81.99168064,81.99168064
TSK004011,S022,43.11704165,43.11704165
TSK004011,S023,18.2668631,18.2668631
TSK004011,S024,34.07139172,34.07139172
TSK004011,S025,29.35655917,29.35655917
TSK004011,S026,29.07793888,29.07793888
TSK004011,S027,18.60767553,18.60767553
TSK004011,S028,25.31129994,25.31129994
TSK004011,S029,19.82406639,19.82406639
TSK004011,S030,15.18063261,15.18063261
TSK004011,S031,36.9388302,36.9388302
TSK004011,S032,55.16172606,55.16172606
TSK004011,S033,10.0278995,10.0278995
TSK004011,S034,10.0278995,10.0278995
TSK004011,S035,39.79688841,39.79688841
TSK004011,S036,13.54181891,13.54181891
TSK004011,S037,61.55340567,61.55340567
TSK004011,S038,37.56845672,37.56845672
TSK004011,S039,24.27970295,24.27970295
TSK004011,S040,43.73094643,43.73094643
TSK004011,S041,10.0278995,10.0278995
TSK004011,S042,18.08687211,18.08687211
TSK004011,S043,40.53534102,40.53534102
TSK004011,S044,10.0278995,10.0278995
TSK004011,S045,19.82406639,19.82406639
TSK004011,S046,103.67852311,103.67852311
TSK004011,S047,24.21230708,24.21230708
TSK004011,S048,10.0278995,10.0278995
TSK004011,S049,10.0278995,10.0278995
TSK004011,S050,63.4172484,63.4172484
TSK004011,S051,62.01705183,62.01705183
TSK004011,S052,20.9918688,20.9918688
TSK004011,S053,10.0278995,10.0278995
TSK004011,S054,52.53148508,52.53148508
TSK004011,S055,33.44796578,33.44796578
TSK004011,S056,10.0278995,10.0278995
TSK004011,S057,45.83133675,45.83133675
TSK004011,S058,10.0278995,10.0278995
TSK004011,S059,39.1347731,39.1347731
TSK004011,S060,10.0278995,10.0278995
TSK004011,S061,76.82585844,76.82585844
TSK004011,S062,44.74338573,44.74338573
TSK004011,S063,27.77694989,27.77694989
TSK004011,S064,33.60593897,33.60593897
TSK004011,S065,10.0278995,10.0278995
TSK004011,S066,118.79552057,118.79552057
TSK004011,S067,36.52351824,36.52351824
TSK004011,S068,21.35473923,21.35473923
TSK004011,S069,67.0548981,67.0548981
TSK004011,S070,10.0278995,10.0278995
TSK004011,S071,34.67274365,34.67274365
TSK004011,S072,10.0278995,10.0278995
TSK004011,S073,10.0278995,10.0278995
TSK004011,S074,67.90587626,67.90587626
TSK004011,S075,24.72728141,24.72728141
TSK004011,S076,20.0584329,20.0584329
TSK004011,S077,29.08178654,29.08178654
TSK004011,S078,24.72728141,24.72728141
TSK004011,S079,10.0278995,10.0278995
TSK004011,S080,73.04713434,73.04713434
TSK004011,S081,36.52351824,36.52351824
TSK004011,S082,10.0278995,10.0278995
TSK004011,S083,23.54896376,23.54896376
TSK004011,S084,10.0278995,10.0278995
TSK004011,S085,12.63953242,12.63953242
TSK004011,S086,33.44796578,33.44796578
TSK004011,S087,29.95511979,29.95511979
TSK004011,S088,15.24278336,15.24278336
TSK004011,S089,34.99132688,34.99132688
TSK004011,S090,31.24639838,31.24639838
TSK004011,S091,10.0278995,10.0278995
TSK004011,S092,19.73991605,19.73991605
TSK004011,S093,10.0278995,10.0278995
TSK004011,S094,26.23836332,26.23836332
TSK004011,S095,37.66504793,37.66504793
TSK004011,S096,10.0278995,10.0278995
TSK004011,S097,63.43848531,63.43848531
TSK004011,S098,10.0278995,10.0278995
TSK004011,S099,52.31662797,52.31662797
TSK004011,S100,10.0278995,10.0278995
TSK004143,S001,76.623673,76.623673
TSK004143,S002,65.5938609,65.5938609
TSK004143,S003,55.04497548,55.04497548
TSK004143,S004,104.41217923,104.41217923
TSK004143,S005,34.81753137,34.81753137
TSK004143,S006,53.55283331,53.55283331
TSK004143,S007,15.03416509,15.03416509
TSK004143,S008,25.56803513,25.56803513
TSK004143,S009,35.29115387,35.29115387
TSK004143,S010,89.24077049,89.24077049
TSK004143,S011,15.03416509,15.03416509
TSK004143,S012,15.03416509,15.03416509
TSK004143,S013,32.09361873,32.09361873
TSK004143,S014,28.27856697,28.27856697
TSK004143,S015,15.03416509,15.03416509
TSK004143,S016,37.18744168,37.18744168
TSK004143,S017,39.60876965,39.60876965
TSK004143,S018,15.03416509,15.03416509
TSK004143,S019,47.92399471,47.92399471
TSK004143,S020,15.03416509,15.03416509
TSK004143,S021,122.52957138,122.52957138
TSK004143,S022,64.29939215,64.29939215
TSK004143,S023,25.63730987,25.63730987
TSK004143,S024,46.63742792,46.63742792
TSK004143,S025,40.14557671,40.14557671
TSK004143,S026,39.72271522,39.72271522
TSK004143,S027,26.38142429,26.38142429
TSK004143,S028,36.4855932,36.4855932
TSK004143,S029,27.91780345,27.91780345
TSK004143,S030,21.8258094,21.8258094
TSK004143,S031,56.08245852,56.08245852
TSK004143,S032,74.28229819,74.28229819
TSK004143,S033,15.03416509,15.03416509
TSK004143,S034,15.03416509,15.03416509
TSK004143,S035,55.04497548,55.04497548
TSK004143,S036,19.48212156,19.48212156
TSK004143,S037,83.6506804,83.6506804
TSK004143,S038,53.04944849,53.04944849
TSK004143,S039,34.11166033,34.11166033
TSK004143,S040,64.63109288,64.63109288
TSK004143,S041,15.03416509,15.03416509
TSK004143,S042,25.71534231,25.71534231
TSK004143,S043,56.13740217,56.13740217
TSK004143,S044,15.03416509,15.03416509
TSK004143,S045,27.91780345,27.91780345
TSK004143,S046,155.77925366,155.77925366
TSK004143,S047,33.72569963,33.72569963
TSK004143,S048,15.03416509,15.03416509
TSK004143,S049,15.03416509,15.03416509
TSK004143,S050,105.45803413,105.45803413
TSK004143,S051,86.14915381,86.14915381
TSK004143,S052,28.98210093,28.98210093
TSK004143,S053,15.03416509,15.03416509
TSK004143,S054,69.48590378,69.48590378
TSK004143,S055,49.8827204,49.8827204
TSK004143,S056,15.03416509,15.03416509
TSK004143,S057,67.13223802,67.13223802
TSK004143,S058,15.03416509,15.03416509
TSK004143,S059,61.86838238,61.86838238
TSK004143,S060,15.03416509,15.03416509
TSK004143,S061,108.50988817,108.50988817
TSK004143,S062,59.88338236,59.88338236
TSK004143,S063,41.40912767,41.40912767
TSK004143,S064,47.92399471,47.92399471
TSK004143,S065,15.03416509,15.03416509
TSK004143,S066,177.35138987,177.35138987
TSK004143,S067,56.49176528,56.49176528
TSK004143,S068,30.21638066,30.21638066
TSK004143,S069,96.11149498,96.11149498
TSK004143,S070,15.03416509,15.03416509
TSK004143,S071,47.29570272,47.29570272
TSK004143,S072,15.03416509,15.03416509
TSK004143,S073,15.03416509,15.03416509
TSK004143,S074,99.00125398,99.00125398
TSK004143,S075,34.48166317,34.48166317
TSK004143,S076,28.48425396,28.48425396
TSK004143,S077,39.93543109,39.93543109
TSK004143,S078,34.48166317,34.48166317
TSK004143,S079,15.03416509,15.03416509
TSK004143,S080,100.80895671,100.80895671
TSK004143,S081,56.49176528,56.49176528
TSK004143,S082,15.03416509,15.03416509
TSK004143,S083,35.66046108,35.66046108
TSK004143,S084,15.03416509,15.03416509
TSK004143,S085,18.55170417,18.55170417
TSK004143,S086,49.8827204,49.8827204
TSK004143,S087,45.18997468,45.18997468
TSK004143,S088,21.97012571,21.97012571
TSK004143,S089,49.84140763,49.84140763
TSK004143,S090,42.05530575,42.05530575
TSK004143,S091,15.03416509,15.03416509
TSK004143,S092,27.88076809,27.88076809
TSK004143,S093,15.03416509,15.03416509
TSK004143,S094,36.14066908,36.14066908
TSK004143,S095,56.71355638,56.71355638
TSK004143,S096,15.03416509,15.03416509
TSK004143,S097,96.20484999,96.20484999
TSK004143,S098,15.03416509,15.03416509
TSK004143,S099,78.18437514,78.18437514
TSK004143,S100,15.03416509,15.03416509
TSK004254,S001,30.24383376,30.24383376
TSK004254,S002,27.00890703,27.00890703
TSK004254,S003,23.76691342,23.76691342
TSK004254,S004,40.15327699,40.15327699
TSK004254,S005,15.07219206,15.07219206
TSK004254,S006,23.11183599,23.11183599
TSK004254,S007,6.23913006,6.23913006
TSK004254,S008,11.91014032,11.91014032
TSK004254,S009,13.25165785,13.25165785
TSK004254,S010,35.14331153,35.14331153
TSK004254,S011,6.23913006,6.23913006
TSK004254,S012,6.23913006,6.23913006
TSK004254,S013,14.05879086,14.05879086
TSK004254,S014,11.60051913,11.60051913
TSK004254,S015,6.23913006,6.23913006
TSK004254,S016,16.17831862,16.17831862
TSK004254,S017,16.42769775,16.42769775
TSK004254,S018,6.23913006,6.23913006
TSK004254,S019,19.27514402,19.27514402
TSK004254,S020,6.23913006,6.23913006
TSK004254,S021,47.08574564,47.08574564
TSK004254,S022,25.68857645,25.68857645
TSK004254,S023,10.81254031,10.81254031
TSK004254,S024,20.74367919,20.74367919
TSK004254,S025,17.39978798,17.39978798
TSK004254,S026,17.7963458,17.7963458
TSK004254,S027,11.67243892,11.67243892
TSK004254,S028,15.01690341,15.01690341
TSK004254,S029,12.27775833,12.27775833
TSK004254,S030,9.57818966,9.57818966
TSK004254,S031,21.94774214,21.94774214
TSK004254,S032,32.11598337,32.11598337
TSK004254,S033,6.23913006,6.23913006
TSK004254,S034,6.23913006,6.23913006
TSK004254,S035,23.76691342,23.76691342
TSK004254,S036,8.18193377,8.18193377
TSK004254,S037,35.66759393,35.66759393
TSK004254,S038,23.10615485,23.10615485
TSK004254,S039,15.06111605,15.06111605
TSK004254,S040,25.52577155,25.52577155
TSK004254,S041,6.23913006,6.23913006
TSK004254,S042,10.85351295,10.85351295
TSK004254,S043,23.84199173,23.84199173
TSK004254,S044,6.23913006,6.23913006
TSK004254,S045,12.27775833,12.27775833
TSK004254,S046,59.26326719,59.26326719
TSK004254,S047,14.7626799,14.7626799
TSK004254,S048,6.23913006,6.23913006
TSK004254,S049,6.23913006,6.23913006
TSK004254,S050,35.80704034,35.80704034
TSK004254,S051,35.78241276,35.78241276
TSK004254,S052,12.65426408,12.65426408
TSK004254,S053,6.23913006,6.23913006
TSK004254,S054,30.83442309,30.83442309
TSK004254,S055,20.01218969,20.01218969
TSK004254,S056,6.23913006,6.23913006
TSK004254,S057,26.4438938,26.4438938
TSK004254,S058,6.23913006,6.23913006
TSK004254,S059,24.40694176,24.40694176
TSK004254,S060,6.23913006,6.23913006
TSK004254,S061,44.08186693,44.08186693
TSK004254,S062,26.45220023,26.45220023
TSK004254,S063,17.1594492,17.1594492
TSK004254,S064,19.27514402,19.27514402
TSK004254,S065,6.23913006,6.23913006
TSK004254,S066,67.89506544,67.89506544
TSK004254,S067,21.20727736,21.20727736
TSK004254,S068,13.55752388,13.55752388
TSK004254,S069,41.17629771,41.17629771
TSK004254,S070,6.23913006,6.23913006
TSK004254,S071,20.79336361,20.79336361
TSK004254,S072,6.23913006,6.23913006
TSK004254,S073,6.23913006,6.23913006
TSK004254,S074,39.17958246,39.17958246
TSK004254,S075,15.88056861,15.88056861
TSK004254,S076,12.4716258,12.4716258
TSK004254,S077,17.12160797,17.12160797
TSK004254,S078,15.88056861,15.88056861
TSK004254,S079,6.23913006,6.23913006
TSK004254,S080,41.56092479,41.56092479
TSK004254,S081,21.20727736,21.20727736
TSK004254,S082,6.23913006,6.23913006
TSK004254,S083,14.36311543,14.36311543
TSK004254,S084,6.23913006,6.23913006
TSK004254,S085,8.26329917,8.26329917
TSK004254,S086,20.01218969,20.01218969
TSK004254,S087,17.87593741,17.87593741
TSK004254,S088,9.6808864,9.6808864
TSK004254,S089,20.28433994,20.28433994
TSK004254,S090,18.07535507,18.07535507
TSK004254,S091,6.23913006,6.23913006
TSK004254,S092,12.3199487,12.3199487
TSK004254,S093,6.23913006,6.23913006
TSK004254,S094,15.54984732,15.54984732
TSK004254,S095,23.21225717,23.21225717
TSK004254,S096,6.23913006,6.23913006
TSK004254,S097,38.1260174,38.1260174
TSK004254,S098,6.23913006,6.23913006
TSK004254,S099,30.98995579,30.98995579
TSK004254,S100,6.23913006,6.23913006
TSK004299,S001,2.12540879,2.12540879
TSK004299,S002,1.8992555,1.8992555
TSK004299,S003,1.70488083,1.70488083
TSK004299,S004,2.40327669,2.40327669
TSK004299,S005,1.40160655,1.40160655
TSK004299,S006,1.79531835,1.79531835
TSK004299,S007,0.52321263,0.52321263
TSK004299,S008,1.29169967,1.29169967
TSK004299,S009,0.87841921,0.87841921
TSK004299,S010,2.18549145,2.18549145
TSK004299,S011,0.52321263,0.52321263
TSK004299,S012,0.52321263,0.52321263
TSK004299,S013,1.21035143,1.21035143
TSK004299,S014,0.93212031,0.93212031
TSK004299,S015,0.52321263,0.52321263
TSK004299,S016,1.49392346,1.49392346
TSK004299,S017,1.05704457,1.05704457
TSK004299,S018,0.52321263,0.52321263
TSK004299,S019,0.99412624,0.99412624
TSK004299,S020,0.52321263,0.52321263
TSK004299,S021,2.66693553,2.66693553
TSK004299,S022,1.95598907,1.95598907
TSK004299,S023,0.75029728,0.75029728
TSK004299,S024,1.7521034,1.7521034
TSK004299,S025,1.26370508,1.26370508
TSK004299,S026,1.40152161,1.40152161
TSK004299,S027,1.06238663,1.06238663
TSK004299,S028,1.1184996,1.1184996
TSK004299,S029,1.06528012,1.06528012
TSK004299,S030,0.86240323,0.86240323
TSK004299,S031,1.60456923,1.60456923
TSK004299,S032,2.39682475,2.39682475
TSK004299,S033,0.52321263,0.52321263
TSK004299,S034,0.52321263,0.52321263
TSK004299,S035,1.70488083,1.70488083
TSK004299,S036,0.59339457,0.59339457
TSK004299,S037,2.191375,2.191375
TSK004299,S038,1.84483847,1.84483847
TSK004299,S039,1.43229413,1.43229413
TSK004299,S040,1.67065732,1.67065732
TSK004299,S041,0.52321263,0.52321263
TSK004299,S042,0.88931014,0.88931014
TSK004299,S043,1.67058955,1.67058955
TSK004299,S044,0.52321263,0.52321263
TSK004299,S045,1.06528012,1.06528012
TSK004299,S046,3.06140823,3.06140823
TSK004299,S047,1.25358364,1.25358364
TSK004299,S048,0.52321263,0.52321263
TSK004299,S049,0.52321263,0.52321263
TSK004299,S050,1.60757259,1.60757259
TSK004299,S051,1.99360155,1.99360155
TSK004299,S052,0.87173593,0.87173593
TSK004299,S053,0.52321263,0.52321263
TSK004299,S054,1.91607329,1.91607329
TSK004299,S055,1.4484674,1.4484674
TSK004299,S056,0.52321263,0.52321263
TSK004299,S057,1.58754597,1.58754597
TSK004299,S058,0.52321263,0.52321263
TSK004299,S059,2.04548397,2.04548397
TSK004299,S060,0.52321263,0.52321263
TSK004299,S061,2.56185423,2.56185423
TSK004299,S062,1.82122278,1.82122278
TSK004299,S063,1.49498106,1.49498106
TSK004299,S064,0.99412624,0.99412624
TSK004299,S065,0.52321263,0.52321263
TSK004299,S066,3.74556631,3.74556631
TSK004299,S067,1.19794864,1.19794864
TSK004299,S068,1.34505,1.34505
TSK004299,S069,3.02288358,3.02288358
TSK004299,S070,0.52321263,0.52321263
TSK004299,S071,1.64496481,1.64496481
TSK004299,S072,0.52321263,0.52321263
TSK004299,S073,0.52321263,0.52321263
TSK004299,S074,2.47778382,2.47778382
TSK004299,S075,1.54969702,1.54969702
TSK004299,S076,1.17773081,1.17773081
TSK004299,S077,1.26514766,1.26514766
TSK004299,S078,1.54969702,1.54969702
TSK004299,S079,0.52321263,0.52321263
TSK004299,S080,2.39743178,2.39743178
TSK004299,S081,1.19794864,1.19794864
TSK004299,S082,0.52321263,0.52321263
TSK004299,S083,1.1419842,1.1419842
TSK004299,S084,0.52321263,0.52321263
TSK004299,S085,0.82001356,0.82001356
TSK004299,S086,1.4484674,1.4484674
TSK004299,S087,1.22784182,1.22784182
TSK004299,S088,0.90578787,0.90578787
TSK004299,S089,1.14891746,1.14891746
TSK004299,S090,1.03188253,1.03188253
TSK004299,S091,0.52321263,0.52321263
TSK004299,S092,1.11315775,1.11315775
TSK004299,S093,0.52321263,0.52321263
TSK004299,S094,1.14443042,1.14443042
TSK004299,S095,2.0255519,2.0255519
TSK004299,S096,0.52321263,0.52321263
TSK004299,S097,2.78897422,2.78897422
TSK004299,S098,0.52321263,0.52321263
TSK004299,S099,2.18136178,2.18136178
TSK004299,S100,0.52321263,0.52321263
TSK004314,S001,17.76624525,17.76624525
TSK004314,S002,15.82063952,15.82063952
TSK004314,S003,14.03518918,14.03518918
TSK004314,S004,21.7880557,21.7880557
TSK004314,S005,10.23786496,10.23786496
TSK004314,S006,14.30715417,14.30715417
TSK004314,S007,3.96806907,3.96806907
TSK004314,S008,8.70812334,8.70812334
TSK004314,S009,7.52633869,7.52633869
TSK004314,S010,19.47105045,19.47105045
TSK004314,S011,3.96806907,3.96806907
TSK004314,S012,3.96806907,3.96806907
TSK004314,S013,9.11556486,9.11556486
TSK004314,S014,7.24101725,7.24101725
TSK004314,S015,3.96806907,3.96806907
TSK004314,S016,10.94310777,10.94310777
TSK004314,S017,9.22721005,9.22721005
TSK004314,S018,3.96806907,3.96806907
TSK004314,S019,9.83925746,9.83925746
TSK004314,S020,3.96806907,3.96806907
TSK004314,S021,25.05810683,25.05810683
TSK004314,S022,15.67155095,15.67155095
TSK004314,S023,6.29248962,6.29248962
TSK004314,S024,13.32428558,13.32428558
TSK004314,S025,10.36591066,10.36591066
TSK004314,S026,10.97466213,10.97466213
TSK004314,S027,7.7694898,7.7694898
TSK004314,S028,9.06439284,9.06439284
TSK004314,S029,7.97271349,7.97271349
TSK004314,S030,6.32556847,6.32556847
TSK004314,S031,13.1115118,13.1115118
TSK004314,S032,19.51464422,19.51464422
TSK004314,S033,3.96806907,3.96806907
TSK004314,S034,3.96806907,3.96806907
TSK004314,S035,14.03518918,14.03518918
TSK004314,S036,4.84307324,4.84307324
TSK004314,S037,19.66470571,19.66470571
TSK004314,S038,14.33857246,14.33857246
TSK004314,S039,10.31993215,10.31993215
TSK004314,S040,14.48308038,14.48308038
TSK004314,S041,3.96806907,3.96806907
TSK004314,S042,6.88010045,6.88010045
TSK004314,S043,13.97217316,13.97217316
TSK004314,S044,3.96806907,3.96806907
TSK004314,S045,7.97271349,7.97271349
TSK004314,S046,30.31013593,30.31013593
TSK004314,S047,9.50765544,9.50765544
TSK004314,S048,3.96806907,3.96806907
TSK004314,S049,3.96806907,3.96806907
TSK004314,S050,17.34587884,17.34587884
TSK004314,S051,18.86846147,18.86846147
TSK004314,S052,7.29601911,7.29601911
TSK004314,S053,3.96806907,3.96806907
TSK004314,S054,17.02202985,17.02202985
TSK004314,S055,11.86739232,11.86739232
TSK004314,S056,3.96806907,3.96806907
TSK004314,S057,14.43909648,14.43909648
TSK004314,S058,3.96806907,3.96806907
TSK004314,S059,15.50735024,15.50735024
TSK004314,S060,3.96806907,3.96806907
TSK004314,S061,23.74824184,23.74824184
TSK004314,S062,15.33783707,15.33783707
TSK004314,S063,11.17676331,11.17676331
TSK004314,S064,9.83925746,9.83925746
TSK004314,S065,3.96806907,3.96806907
TSK004314,S066,35.75893239,35.75893239
TSK004314,S067,11.229387,11.229387
TSK004314,S068,9.47841292,9.47841292
TSK004314,S069,24.41622344,24.41622344
TSK004314,S070,3.96806907,3.96806907
TSK004314,S071,12.92855036,12.92855036
TSK004314,S072,3.96806907,3.96806907
TSK004314,S073,3.96806907,3.96806907
TSK004314,S074,21.93778248,21.93778248
TSK004314,S075,10.96042417,10.96042417
TSK004314,S076,8.50468167,8.50468167
TSK004314,S077,10.31448151,10.31448151
TSK004314,S078,10.96042417,10.96042417
TSK004314,S079,3.96806907,3.96806907
TSK004314,S080,22.37728739,22.37728739
TSK004314,S081,11.229387,11.229387
TSK004314,S082,3.96806907,3.96806907
TSK004314,S083,8.9129308,8.9129308
TSK004314,S084,3.96806907,3.96806907
TSK004314,S085,5.73834109,5.73834109
TSK004314,S086,11.86739232,11.86739232
TSK004314,S087,10.32275636,10.32275636
TSK004314,S088,6.53070922,6.53070922
TSK004314,S089,10.76017159,10.76017159
TSK004314,S090,9.63032279,9.63032279
TSK004314,S091,3.96806907,3.96806907
TSK004314,S092,8.17565775,8.17565775
TSK004314,S093,3.96806907,3.96806907
TSK004314,S094,9.32947577,9.32947577
TSK004314,S095,15.1427441,15.1427441
TSK004314,S096,3.96806907,3.96806907
TSK004314,S097,22.70662458,22.70662458
TSK004314,S098,3.96806907,3.96806907
TSK004314,S099,18.16495224,18.16495224
TSK004314,S100,3.96806907,3.96806907
TSK004536,S001,115.80622601,115.80622601
TSK004536,S002,99.92781958,99.92781958
TSK004536,S003,83.472998,83.472998
TSK004536,S004,166.87035634,166.87035634
TSK004536,S005,46.87815814,46.87815814
TSK004536,S006,76.3793458,76.3793458
TSK004536,S007,22.17850279,22.17850279
TSK004536,S008,34.48046273,34.48046273
TSK004536,S009,55.46225369,55.46225369
TSK004536,S010,139.63352126,139.63352126
TSK004536,S011,22.17850279,22.17850279
TSK004536,S012,22.17850279,22.17850279
TSK004536,S013,45.60384846,45.60384846
TSK004536,S014,41.90231418,41.90231418
TSK004536,S015,22.17850279,22.17850279
TSK004536,S016,50.27574474,50.27574474
TSK004536,S017,61.54278797,61.54278797
TSK004536,S018,22.17850279,22.17850279
TSK004536,S019,78.07753431,78.07753431
TSK004536,S020,22.17850279,22.17850279
TSK004536,S021,195.4292566,195.4292566
TSK004536,S022,95.57453774,95.57453774
TSK004536,S023,38.90604675,38.90604675
TSK004536,S024,66.41871384,66.41871384
TSK004536,S025,59.77168753,59.77168753
TSK004536,S026,59.16774871,59.16774871
TSK004536,S027,37.38331973,37.38331973
TSK004536,S028,54.11128382,54.11128382
TSK004536,S029,40.06803699,40.06803699
TSK004536,S030,31.38545928,31.38545928
TSK004536,S031,84.75993474,84.75993474
TSK004536,S032,106.64231187,106.64231187
TSK004536,S033,22.17850279,22.17850279
TSK004536,S034,22.17850279,22.17850279
TSK004536,S035,83.472998,83.472998
TSK004536,S036,29.73817888,29.73817888
TSK004536,S037,129.59632582,129.59632582
TSK004536,S038,78.84742385,78.84742385
TSK004536,S039,46.29128772,46.29128772
TSK004536,S040,99.7775529,99.7775529
TSK004536,S041,22.17850279,22.17850279
TSK004536,S042,36.68831819,36.68831819
TSK004536,S043,84.41343613,84.41343613
TSK004536,S044,22.17850279,22.17850279
TSK004536,S045,40.06803699,40.06803699
TSK004536,S046,253.94048145,253.94048145
TSK004536,S047,48.03523314,48.03523314
TSK004536,S048,22.17850279,22.17850279
TSK004536,S049,22.17850279,22.17850279
TSK004536,S050,175.75673951,175.75673951
TSK004536,S051,138.07437372,138.07437372
TSK004536,S052,45.1151229,45.1151229
TSK004536,S053,22.17850279,22.17850279
TSK004536,S054,109.14668532,109.14668532
TSK004536,S055,76.12844077,76.12844077
TSK004536,S056,22.17850279,22.17850279
TSK004536,S057,105.36352395,105.36352395
TSK004536,S058,22.17850279,22.17850279
TSK004536,S059,92.22491945,92.22491945
TSK004536,S060,22.17850279,22.17850279
TSK004536,S061,170.75003032,170.75003032
TSK004536,S062,91.00236711,91.00236711
TSK004536,S063,59.85192188,59.85192188
TSK004536,S064,78.07753431,78.07753431
TSK004536,S065,22.17850279,22.17850279
TSK004536,S066,283.68246995,283.68246995
TSK004536,S067,91.19315249,91.19315249
TSK004536,S068,41.00543111,41.00543111
TSK004536,S069,147.74446863,147.74446863
TSK004536,S070,22.17850279,22.17850279
TSK004536,S071,68.49994337,68.49994337
TSK004536,S072,22.17850279,22.17850279
TSK004536,S073,22.17850279,22.17850279
TSK004536,S074,152.65600884,152.65600884
TSK004536,S075,47.94805596,47.94805596
TSK004536,S076,39.00109496,39.00109496
TSK004536,S077,58.4947072,58.4947072
TSK004536,S078,47.94805596,47.94805596
TSK004536,S079,22.17850279,22.17850279
TSK004536,S080,157.04480903,157.04480903
TSK004536,S081,91.19315249,91.19315249
TSK004536,S082,22.17850279,22.17850279
TSK004536,S083,53.33233719,53.33233719
TSK004536,S084,22.17850279,22.17850279
TSK004536,S085,26.1782482,26.1782482
TSK004536,S086,76.12844077,76.12844077
TSK004536,S087,70.29729074,70.29729074
TSK004536,S088,31.09849188,31.09849188
TSK004536,S089,79.95548373,79.95548373
TSK004536,S090,66.83227485,66.83227485
TSK004536,S091,22.17850279,22.17850279
TSK004536,S092,39.42979468,39.42979468
TSK004536,S093,22.17850279,22.17850279
TSK004536,S094,53.48200375,53.48200375
TSK004536,S095,81.38118029,81.38118029
TSK004536,S096,22.17850279,22.17850279
TSK004536,S097,146.49617114,146.49617114
TSK004536,S098,22.17850279,22.17850279
TSK004536,S099,118.98842063,118.98842063
TSK004536,S100,22.17850279,22.17850279
TSK004544,S001,1.49260544,1.49260544
TSK004544,S002,1.36698946,1.36698946
TSK004544,S003,1.23765124,1.23765124
TSK004544,S004,1.8049179,1.8049179
TSK004544,S005,0.94706202,0.94706202
TSK004544,S006,1.2163335,1.2163335
TSK004544,S007,0.3845541,0.3845541
TSK004544,S008,0.94164697,0.94164697
TSK004544,S009,0.65225474,0.65225474
TSK004544,S010,1.58199228,1.58199228
TSK004544,S011,0.3845541,0.3845541
TSK004544,S012,0.3845541,0.3845541
TSK004544,S013,0.85362936,0.85362936
TSK004544,S014,0.67247316,0.67247316
TSK004544,S015,0.3845541,0.3845541
TSK004544,S016,1.01262113,1.01262113
TSK004544,S017,0.77234837,0.77234837
TSK004544,S018,0.3845541,0.3845541
TSK004544,S019,0.75510907,0.75510907
TSK004544,S020,0.3845541,0.3845541
TSK004544,S021,1.94705965,1.94705965
TSK004544,S022,1.3758202,1.3758202
TSK004544,S023,0.54159901,0.54159901
TSK004544,S024,1.23230776,1.23230776
TSK004544,S025,0.89679318,0.89679318
TSK004544,S026,1.02727716,1.02727716
TSK004544,S027,0.76356516,0.76356516
TSK004544,S028,0.78686206,0.78686206
TSK004544,S029,0.76466139,0.76466139
TSK004544,S030,0.62902645,0.62902645
TSK004544,S031,1.14179534,1.14179534
TSK004544,S032,1.61251634,1.61251634
TSK004544,S033,0.3845541,0.3845541
TSK004544,S034,0.3845541,0.3845541
TSK004544,S035,1.23765124,1.23765124
TSK004544,S036,0.43977923,0.43977923
TSK004544,S037,1.58229303,1.58229303
TSK004544,S038,1.35683324,1.35683324
TSK004544,S039,0.99088658,0.99088658
TSK004544,S040,1.19576678,1.19576678
TSK004544,S041,0.3845541,0.3845541
TSK004544,S042,0.61556766,0.61556766
TSK004544,S043,1.18272666,1.18272666
TSK004544,S044,0.3845541,0.3845541
TSK004544,S045,0.76466139,0.76466139
TSK004544,S046,2.29878601,2.29878601
TSK004544,S047,0.8821386,0.8821386
TSK004544,S048,0.3845541,0.3845541
TSK004544,S049,0.3845541,0.3845541
TSK004544,S050,1.23782095,1.23782095
TSK004544,S051,1.48687951,1.48687951
TSK004544,S052,0.6584084,0.6584084
TSK004544,S053,0.3845541,0.3845541
TSK004544,S054,1.42429951,1.42429951
TSK004544,S055,1.05162486,1.05162486
TSK004544,S056,0.3845541,0.3845541
TSK004544,S057,1.14453509,1.14453509
TSK004544,S058,0.3845541,0.3845541
TSK004544,S059,1.5103893,1.5103893
TSK004544,S060,0.3845541,0.3845541
TSK004544,S061,1.84430224,1.84430224
TSK004544,S062,1.31542513,1.31542513
TSK004544,S063,1.06618758,1.06618758
TSK004544,S064,0.75510907,0.75510907
TSK004544,S065,0.3845541,0.3845541
TSK004544,S066,2.72773603,2.72773603
TSK004544,S067,0.90408128,0.90408128
TSK004544,S068,0.94938966,0.94938966
TSK004544,S069,2.30467713,2.30467713
TSK004544,S070,0.3845541,0.3845541
TSK004544,S071,1.15429861,1.15429861
TSK004544,S072,0.3845541,0.3845541
TSK004544,S073,0.3845541,0.3845541
TSK004544,S074,1.74587826,1.74587826
TSK004544,S075,1.12183601,1.12183601
TSK004544,S076,0.82048344,0.82048344
TSK004544,S077,0.87746429,0.87746429
TSK004544,S078,1.12183601,1.12183601
TSK004544,S079,0.3845541,0.3845541
TSK004544,S080,1.68855352,1.68855352
TSK004544,S081,0.90408128,0.90408128
TSK004544,S082,0.3845541,0.3845541
TSK004544,S083,0.82777347,0.82777347
TSK004544,S084,0.3845541,0.3845541
TSK004544,S085,0.60511558,0.60511558
TSK004544,S086,1.05162486,1.05162486
TSK004544,S087,0.90753328,0.90753328
TSK004544,S088,0.65647501,0.65647501
TSK004544,S089,0.86195751,0.86195751
TSK004544,S090,0.76671614,0.76671614
TSK004544,S091,0.3845541,0.3845541
TSK004544,S092,0.79564543,0.79564543
TSK004544,S093,0.3845541,0.3845541
TSK004544,S094,0.80726664,0.80726664
TSK004544,S095,1.43724833,1.43724833
TSK004544,S096,0.3845541,0.3845541
TSK004544,S097,2.03521932,2.03521932
TSK004544,S098,0.3845541,0.3845541
TSK004544,S099,1.56733007,1.56733007
TSK004544,S100,0.3845541,0.3845541
TSK004574,S001,36.87894984,36.87894984
TSK004574,S002,32.26305998,32.26305998
TSK004574,S003,28.19259795,28.19259795
TSK004574,S004,46.2418337,46.2418337
TSK004574,S005,19.41772221,19.41772221
TSK004574,S006,29.22480365,29.22480365
TSK004574,S007,7.33185368,7.33185368
TSK004574,S008,14.20238453,14.20238453
TSK004574,S009,15.3988402,15.3988402
TSK004574,S010,41.66134095,41.66134095
TSK004574,S011,7.33185368,7.33185368
TSK004574,S012,7.33185368,7.33185368
TSK004574,S013,17.25446645,17.25446645
TSK004574,S014,13.88088535,13.88088535
TSK004574,S015,7.33185368,7.33185368
TSK004574,S016,20.76391574,20.76391574
TSK004574,S017,19.34287152,19.34287152
TSK004574,S018,7.33185368,7.33185368
TSK004574,S019,22.05059679,22.05059679
TSK004574,S020,7.33185368,7.33185368
TSK004574,S021,55.3801221,55.3801221
TSK004574,S022,31.40533578,31.40533578
TSK004574,S023,12.87931404,12.87931404
TSK004574,S024,25.50178339,25.50178339
TSK004574,S025,21.06215416,21.06215416
TSK004574,S026,20.95491687,20.95491687
TSK004574,S027,14.08066538,14.08066538
TSK004574,S028,18.33612949,18.33612949
TSK004574,S029,14.80474014,14.80474014
TSK004574,S030,11.36350806,11.36350806
TSK004574,S031,26.51168714,26.51168714
TSK004574,S032,40.70949083,40.70949083
TSK004574,S033,7.33185368,7.33185368
TSK004574,S034,7.33185368,7.33185368
TSK004574,S035,28.19259795,28.19259795
TSK004574,S036,9.52544052,9.52544052
TSK004574,S037,42.35244495,42.35244495
TSK004574,S038,27.11895366,27.11895366
TSK004574,S039,18.97944974,18.97944974
TSK004574,S040,30.5673933,30.5673933
TSK004574,S041,7.33185368,7.33185368
TSK004574,S042,13.52148095,13.52148095
TSK004574,S043,28.87566469,28.87566469
TSK004574,S044,7.33185368,7.33185368
TSK004574,S045,14.80474014,14.80474014
TSK004574,S046,68.33298926,68.33298926
TSK004574,S047,18.14507425,18.14507425
TSK004574,S048,7.33185368,7.33185368
TSK004574,S049,7.33185368,7.33185368
TSK004574,S050,40.70216694,40.70216694
TSK004574,S051,41.44095397,41.44095397
TSK004574,S052,14.48014938,14.48014938
TSK004574,S053,7.33185368,7.33185368
TSK004574,S054,35.79695881,35.79695881
TSK004574,S055,23.74091227,23.74091227
TSK004574,S056,7.33185368,7.33185368
TSK004574,S057,31.41964454,31.41964454
TSK004574,S058,7.33185368,7.33185368
TSK004574,S059,28.53991479,28.53991479
TSK004574,S060,7.33185368,7.33185368
TSK004574,S061,52.39181504,52.39181504
TSK004574,S062,31.4863356,31.4863356
TSK004574,S063,20.83433819,20.83433819
TSK004574,S064,22.05059679,22.05059679
TSK004574,S065,7.33185368,7.33185368
TSK004574,S066,79.96593055,79.96593055
TSK004574,S067,24.34511111,24.34511111
TSK004574,S068,16.76102048,16.76102048
TSK004574,S069,46.63657105,46.63657105
TSK004574,S070,7.33185368,7.33185368
TSK004574,S071,25.52637628,25.52637628
TSK004574,S072,7.33185368,7.33185368
TSK004574,S073,7.33185368,7.33185368
TSK004574,S074,47.42811151,47.42811151
TSK004574,S075,19.04650402,19.04650402
TSK004574,S076,15.592034,15.592034
TSK004574,S077,21.15225321,21.15225321
TSK004574,S078,19.04650402,19.04650402
TSK004574,S079,7.33185368,7.33185368
TSK004574,S080,50.14391704,50.14391704
TSK004574,S081,24.34511111,24.34511111
TSK004574,S082,7.33185368,7.33185368
TSK004574,S083,17.10229957,17.10229957
TSK004574,S084,7.33185368,7.33185368
TSK004574,S085,9.68316477,9.68316477
TSK004574,S086,23.74091227,23.74091227
TSK004574,S087,20.85773183,20.85773183
TSK004574,S088,11.57995391,11.57995391
TSK004574,S089,23.38857041,23.38857041
TSK004574,S090,20.99099125,20.99099125
TSK004574,S091,7.33185368,7.33185368
TSK004574,S092,14.94698499,14.94698499
TSK004574,S093,7.33185368,7.33185368
TSK004574,S094,18.93198316,18.93198316
TSK004574,S095,28.33381512,28.33381512
TSK004574,S096,7.33185368,7.33185368
TSK004574,S097,45.0305112,45.0305112
TSK004574,S098,7.33185368,7.33185368
TSK004574,S099,37.07436512,37.07436512
TSK004574,S100,7.33185368,7.33185368
TSK004635,S001,26.62360138,26.62360138
TSK004635,S002,23.14181894,23.14181894
TSK004635,S003,20.27426359,20.27426359
TSK004635,S004,31.5409645,31.5409645
TSK004635,S005,15.2544506,15.2544506
TSK004635,S006,21.83508846,21.83508846
TSK004635,S007,5.47756574,5.47756574
TSK004635,S008,11.50755366,11.50755366
TSK004635,S009,10.78921912,10.78921912
TSK004635,S010,28.97461344,28.97461344
TSK004635,S011,5.47756574,5.47756574
TSK004635,S012,5.47756574,5.47756574
TSK004635,S013,13.13093885,13.13093885
TSK004635,S014,10.30185526,10.30185526
TSK004635,S015,5.47756574,5.47756574
TSK004635,S016,16.26827936,16.26827936
TSK004635,S017,13.52256743,13.52256743
TSK004635,S018,5.47756574,5.47756574
TSK004635,S019,14.53517558,14.53517558
TSK004635,S020,5.47756574,5.47756574
TSK004635,S021,37.64146652,37.64146652
TSK004635,S022,23.1305836,23.1305836
TSK004635,S023,9.20032239,9.20032239
TSK004635,S024,19.31679703,19.31679703
TSK004635,S025,15.28934577,15.28934577
TSK004635,S026,15.39834898,15.39834898
TSK004635,S027,10.83721304,10.83721304
TSK004635,S028,13.42728238,13.42728238
TSK004635,S029,11.24097798,11.24097798
TSK004635,S030,8.68421363,8.68421363
TSK004635,S031,19.2636054,19.2636054
TSK004635,S032,30.14989743,30.14989743
TSK004635,S033,5.47756574,5.47756574
TSK004635,S034,5.47756574,5.47756574
TSK004635,S035,20.27426359,20.27426359
TSK004635,S036,6.82745368,6.82745368
TSK004635,S037,29.39493694,29.39493694
TSK004635,S038,19.98236791,19.98236791
TSK004635,S039,14.93314845,14.93314845
TSK004635,S040,21.58026137,21.58026137
TSK004635,S041,5.47756574,5.47756574
TSK004635,S042,10.19632834,10.19632834
TSK004635,S043,20.78662525,20.78662525
TSK004635,S044,5.47756574,5.47756574
TSK004635,S045,11.24097798,11.24097798
TSK004635,S046,45.21339229,45.21339229
TSK004635,S047,13.76304071,13.76304071
TSK004635,S048,5.47756574,5.47756574
TSK004635,S049,5.47756574,5.47756574
TSK004635,S050,26.05561829,26.05561829
TSK004635,S051,27.89631718,27.89631718
TSK004635,S052,10.18572172,10.18572172
TSK004635,S053,5.47756574,5.47756574
TSK004635,S054,24.69948159,24.69948159
TSK004635,S055,17.11115432,17.11115432
TSK004635,S056,5.47756574,5.47756574
TSK004635,S057,21.70355523,21.70355523
TSK004635,S058,5.47756574,5.47756574
TSK004635,S059,21.28948231,21.28948231
TSK004635,S060,5.47756574,5.47756574
TSK004635,S061,35.94740534,35.94740534
TSK004635,S062,22.4451761,22.4451761
TSK004635,S063,15.86434602,15.86434602
TSK004635,S064,14.53517558,14.53517558
TSK004635,S065,5.47756574,5.47756574
TSK004635,S066,54.09018677,54.09018677
TSK004635,S067,16.3762796,16.3762796
TSK004635,S068,13.29769973,13.29769973
TSK004635,S069,33.23086698,33.23086698
TSK004635,S070,5.47756574,5.47756574
TSK004635,S071,19.00333121,19.00333121
TSK004635,S072,5.47756574,5.47756574
TSK004635,S073,5.47756574,5.47756574
TSK004635,S074,33.35550577,33.35550577
TSK004635,S075,14.94381633,14.94381633
TSK004635,S076,12.223412,12.223412
TSK004635,S077,15.51349692,15.51349692
TSK004635,S078,14.94381633,14.94381633
TSK004635,S079,5.47756574,5.47756574
TSK004635,S080,34.55002267,34.55002267
TSK004635,S081,16.3762796,16.3762796
TSK004635,S082,5.47756574,5.47756574
TSK004635,S083,12.63980228,12.63980228
TSK004635,S084,5.47756574,5.47756574
TSK004635,S085,7.59963785,7.59963785
TSK004635,S086,17.11115432,17.11115432
TSK004635,S087,14.76048965,14.76048965
TSK004635,S088,8.96685585,8.96685585
TSK004635,S089,15.77043008,15.77043008
TSK004635,S090,14.2185671,14.2185671
TSK004635,S091,5.47756574,5.47756574
TSK004635,S092,11.49549148,11.49549148
TSK004635,S093,5.47756574,5.47756574
TSK004635,S094,13.81149145,13.81149145
TSK004635,S095,21.6125957,21.6125957
TSK004635,S096,5.47756574,5.47756574
TSK004635,S097,32.49586938,32.49586938
TSK004635,S098,5.47756574,5.47756574
TSK004635,S099,26.61217946,26.61217946
TSK004635,S100,5.47756574,5.47756574
TSK004680,S001,31.76712735,31.76712735
TSK004680,S002,27.65779931,27.65779931
TSK004680,S003,24.18237535,24.18237535
TSK004680,S004,38.60347974,38.60347974
TSK004680,S005,17.49244701,17.49244701
TSK004680,S006,25.66224756,25.66224756
TSK004680,S007,6.39786631,6.39786631
TSK004680,S008,12.90893444,12.90893444
TSK004680,S009,13.02535399,13.02535399
TSK004680,S010,35.18419161,35.18419161
TSK004680,S011,6.39786631,6.39786631
TSK004680,S012,6.39786631,6.39786631
TSK004680,S013,15.24697748,15.24697748
TSK004680,S014,12.09370474,12.09370474
TSK004680,S015,6.39786631,6.39786631
TSK004680,S016,18.67524356,18.67524356
TSK004680,S017,16.36452572,16.36452572
TSK004680,S018,6.39786631,6.39786631
TSK004680,S019,18.11509565,18.11509565
TSK004680,S020,6.39786631,6.39786631
TSK004680,S021,46.2493886,46.2493886
TSK004680,S022,27.31370146,27.31370146
TSK004680,S023,11.01705233,11.01705233
TSK004680,S024,22.48750625,22.48750625
TSK004680,S025,18.17808513,18.17808513
TSK004680,S026,18.1456081,18.1456081
TSK004680,S027,12.49206414,12.49206414
TSK004680,S028,15.90229434,15.90229434
TSK004680,S029,13.04844866,13.04844866
TSK004680,S030,10.03270708,10.03270708
TSK004680,S031,22.88745983,22.88745983
TSK004680,S032,35.60589005,35.60589005
TSK004680,S033,6.39786631,6.39786631
TSK004680,S034,6.39786631,6.39786631
TSK004680,S035,24.18237535,24.18237535
TSK004680,S036,8.14412684,8.14412684
TSK004680,S037,35.73956418,35.73956418
TSK004680,S038,23.50682826,23.50682826
TSK004680,S039,17.08057599,17.08057599
TSK004680,S040,26.01756586,26.01756586
TSK004680,S041,6.39786631,6.39786631
TSK004680,S042,11.910932,11.910932
TSK004680,S043,24.82550931,24.82550931
TSK004680,S044,6.39786631,6.39786631
TSK004680,S045,13.04844866,13.04844866
TSK004680,S046,56.27450553,56.27450553
TSK004680,S047,16.01049874,16.01049874
TSK004680,S048,6.39786631,6.39786631
TSK004680,S049,6.39786631,6.39786631
TSK004680,S050,32.98576606,32.98576606
TSK004680,S051,34.40779506,34.40779506
TSK004680,S052,12.25312047,12.25312047
TSK004680,S053,6.39786631,6.39786631
TSK004680,S054,30.06412492,30.06412492
TSK004680,S055,20.38539588,20.38539588
TSK004680,S056,6.39786631,6.39786631
TSK004680,S057,26.45768296,26.45768296
TSK004680,S058,6.39786631,6.39786631
TSK004680,S059,24.87526372,24.87526372
TSK004680,S060,6.39786631,6.39786631
TSK004680,S061,43.9836145,43.9836145
TSK004680,S062,26.90572598,26.90572598
TSK004680,S063,18.39871375,18.39871375
TSK004680,S064,18.11509565,18.11509565
TSK004680,S065,6.39786631,6.39786631
TSK004680,S066,66.64417109,66.64417109
TSK004680,S067,20.18987053,20.18987053
TSK004680,S068,15.1220912,15.1220912
TSK004680,S069,39.66282746,39.66282746
TSK004680,S070,6.39786631,6.39786631
TSK004680,S071,22.32146448,22.32146448
TSK004680,S072,6.39786631,6.39786631
TSK004680,S073,6.39786631,6.39786631
TSK004680,S074,40.33584339,40.33584339
TSK004680,S075,17.04792736,17.04792736
TSK004680,S076,13.99832746,13.99832746
TSK004680,S077,18.37629862,18.37629862
TSK004680,S078,17.04792736,17.04792736
TSK004680,S079,6.39786631,6.39786631
TSK004680,S080,42.23438207,42.23438207
TSK004680,S081,20.18987053,20.18987053
TSK004680,S082,6.39786631,6.39786631
TSK004680,S083,14.86451554,14.86451554
TSK004680,S084,6.39786631,6.39786631
TSK004680,S085,8.65114211,8.65114211
TSK004680,S086,20.38539588,20.38539588
TSK004680,S087,17.73112975,17.73112975
TSK004680,S088,10.29635941,10.29635941
TSK004680,S089,19.42567596,19.42567596
TSK004680,S090,17.48219121,17.48219121
TSK004680,S091,6.39786631,6.39786631
TSK004680,S092,13.26232736,13.26232736
TSK004680,S093,6.39786631,6.39786631
TSK004680,S094,16.38593475,16.38593475
TSK004680,S095,25.05374925,25.05374925
TSK004680,S096,6.39786631,6.39786631
TSK004680,S097,38.67317459,38.67317459
TSK004680,S098,6.39786631,6.39786631
TSK004680,S099,31.79731755,31.79731755
TSK004680,S100,6.39786631,6.39786631
TSK004862,S001,140.27974333,140.27974333
TSK004862,S002,124.95119222,124.95119222
TSK004862,S003,109.02323352,109.02323352
TSK004862,S004,195.54763565,195.54763565
TSK004862,S005,61.77642374,61.77642374
TSK004862,S006,103.36445974,103.36445974
TSK004862,S007,26.6920099,26.6920099
TSK004862,S008,43.69674133,43.69674133
TSK004862,S009,62.45746861,62.45746861
TSK004862,S010,169.61169643,169.61169643
TSK004862,S011,26.6920099,26.6920099
TSK004862,S012,26.6920099,26.6920099
TSK004862,S013,59.68018247,59.68018247
TSK004862,S014,50.7587438,50.7587438
TSK004862,S015,26.6920099,26.6920099
TSK004862,S016,66.54003527,66.54003527
TSK004862,S017,78.33812331,78.33812331
TSK004862,S018,26.6920099,26.6920099
TSK004862,S019,97.80768529,97.80768529
TSK004862,S020,26.6920099,26.6920099
TSK004862,S021,233.60945663,233.60945663
TSK004862,S022,115.4065316,115.4065316
TSK004862,S023,50.25768488,50.25768488
TSK004862,S024,88.92354742,88.92354742
TSK004862,S025,79.6109396,79.6109396
TSK004862,S026,78.43342245,78.43342245
TSK004862,S027,48.00078185,48.00078185
TSK004862,S028,68.07900236,68.07900236
TSK004862,S029,51.79670666,51.79670666
TSK004862,S030,39.53996328,39.53996328
TSK004862,S031,100.13041484,100.13041484
TSK004862,S032,146.13408529,146.13408529
TSK004862,S033,26.6920099,26.6920099
TSK004862,S034,26.6920099,26.6920099
TSK004862,S035,109.02323352,109.02323352
TSK004862,S036,37.29063293,37.29063293
TSK004862,S037,172.84277303,172.84277303
TSK004862,S038,101.16567824,101.16567824
TSK004862,S039,60.74954488,60.74954488
TSK004862,S040,121.24101816,121.24101816
TSK004862,S041,26.6920099,26.6920099
TSK004862,S042,47.29275775,47.29275775
TSK004862,S043,110.62329816,110.62329816
TSK004862,S044,26.6920099,26.6920099
TSK004862,S045,51.79670666,51.79670666
TSK004862,S046,300.83199762,300.83199762
TSK004862,S047,63.11555646,63.11555646
TSK004862,S048,26.6920099,26.6920099
TSK004862,S049,26.6920099,26.6920099
TSK004862,S050,187.58072334,187.58072334
TSK004862,S051,178.07742947,178.07742947
TSK004862,S052,58.71776533,58.71776533
TSK004862,S053,26.6920099,26.6920099
TSK004862,S054,148.52069196,148.52069196
TSK004862,S055,91.47637925,91.47637925
TSK004862,S056,26.6920099,26.6920099
TSK004862,S057,129.08541422,129.08541422
TSK004862,S058,26.6920099,26.6920099
TSK004862,S059,104.38681761,104.38681761
TSK004862,S060,26.6920099,26.6920099
TSK004862,S061,217.31310986,217.31310986
TSK004862,S062,123.3020764,123.3020764
TSK004862,S063,72.3000488,72.3000488
TSK004862,S064,97.80768529,97.80768529
TSK004862,S065,26.6920099,26.6920099
TSK004862,S066,339.4091445,339.4091445
TSK004862,S067,105.03586582,105.03586582
TSK004862,S068,53.14457198,53.14457198
TSK004862,S069,186.1805402,186.1805402
TSK004862,S070,26.6920099,26.6920099
TSK004862,S071,91.91315109,91.91315109
TSK004862,S072,26.6920099,26.6920099
TSK004862,S073,26.6920099,26.6920099
TSK004862,S074,188.48687655,188.48687655
TSK004862,S075,62.64133517,62.64133517
TSK004862,S076,50.45860657,50.45860657
TSK004862,S077,77.98235725,77.98235725
TSK004862,S078,62.64133517,62.64133517
TSK004862,S079,26.6920099,26.6920099
TSK004862,S080,205.66293787,205.66293787
TSK004862,S081,105.03586582,105.03586582
TSK004862,S082,26.6920099,26.6920099
TSK004862,S083,63.11359268,63.11359268
TSK004862,S084,26.6920099,26.6920099
TSK004862,S085,32.15283119,32.15283119
TSK004862,S086,91.47637925,91.47637925
TSK004862,S087,83.21412769,83.21412769
TSK004862,S088,39.14910776,39.14910776
TSK004862,S089,100.43202201,100.43202201
TSK004862,S090,89.35765351,89.35765351
TSK004862,S091,26.6920099,26.6920099
TSK004862,S092,50.9056668,50.9056668
TSK004862,S093,26.6920099,26.6920099
TSK004862,S094,70.81628136,70.81628136
TSK004862,S095,97.78795782,97.78795782
TSK004862,S096,26.6920099,26.6920099
TSK004862,S097,173.44944257,173.44944257
TSK004862,S098,26.6920099,26.6920099
TSK004862,S099,143.33897816,143.33897816
TSK004862,S100,26.6920099,26.6920099
TSK004940,S001,211.34824339,211.34824339
TSK004940,S002,183.40030356,183.40030356
TSK004940,S003,153.17334251,153.17334251
TSK004940,S004,312.10261813,312.10261813
TSK004940,S005,81.54377107,81.54377107
TSK004940,S006,135.86250601,135.86250601
TSK004940,S007,40.54240368,40.54240368
TSK004940,S008,61.1680169,61.1680169
TSK004940,S009,103.18688388,103.18688388
TSK004940,S010,258.45880596,258.45880596
TSK004940,S011,40.54240368,40.54240368
TSK004940,S012,40.54240368,40.54240368
TSK004940,S013,81.61408558,81.61408558
TSK004940,S014,76.36415742,76.36415742
TSK004940,S015,40.54240368,40.54240368
TSK004940,S016,87.6410153,87.6410153
TSK004940,S017,113.83833345,113.83833345
TSK004940,S018,40.54240368,40.54240368
TSK004940,S019,146.80147231,146.80147231
TSK004940,S020,40.54240368,40.54240368
TSK004940,S021,363.92674974,363.92674974
TSK004940,S022,173.54921541,173.54921541
TSK004940,S023,71.38945291,71.38945291
TSK004940,S024,118.83359591,118.83359591
TSK004940,S025,108.6976994,108.6976994
TSK004940,S026,108.22598722,108.22598722
TSK004940,S027,67.12421995,67.12421995
TSK004940,S028,98.2009515,98.2009515
TSK004940,S029,72.21071064,72.21071064
TSK004940,S030,56.81752953,56.81752953
TSK004940,S031,155.00624178,155.00624178
TSK004940,S032,189.9152779,189.9152779
TSK004940,S033,40.54240368,40.54240368
TSK004940,S034,40.54240368,40.54240368
TSK004940,S035,153.17334251,153.17334251
TSK004940,S036,54.91267306,54.91267306
TSK004940,S037,239.12156051,239.12156051
TSK004940,S038,144.34768539,144.34768539
TSK004940,S039,81.1557852,81.1557852
TSK004940,S040,183.72973693,183.72973693
TSK004940,S041,40.54240368,40.54240368
TSK004940,S042,65.56164498,65.56164498
TSK004940,S043,153.91667471,153.91667471
TSK004940,S044,40.54240368,40.54240368
TSK004940,S045,72.21071064,72.21071064
TSK004940,S046,476.85237035,476.85237035
TSK004940,S047,85.99076873,85.99076873
TSK004940,S048,40.54240368,40.54240368
TSK004940,S049,40.54240368,40.54240368
TSK004940,S050,332.45552723,332.45552723
TSK004940,S051,258.03539127,258.03539127
TSK004940,S052,83.94481951,83.94481951
TSK004940,S053,40.54240368,40.54240368
TSK004940,S054,202.85291895,202.85291895
TSK004940,S055,140.02171957,140.02171957
TSK004940,S056,40.54240368,40.54240368
TSK004940,S057,195.08876529,195.08876529
TSK004940,S058,40.54240368,40.54240368
TSK004940,S059,169.25911267,169.25911267
TSK004940,S060,40.54240368,40.54240368
TSK004940,S061,316.216666,316.216666
TSK004940,S062,166.91244151,166.91244151
TSK004940,S063,107.97840862,107.97840862
TSK004940,S064,146.80147231,146.80147231
TSK004940,S065,40.54240368,40.54240368
TSK004940,S066,528.49165138,528.49165138
TSK004940,S067,171.04665327,171.04665327
TSK004940,S068,72.23045375,72.23045375
TSK004940,S069,274.88828107,274.88828107
TSK004940,S070,40.54240368,40.54240368
TSK004940,S071,123.20846811,123.20846811
TSK004940,S072,40.54240368,40.54240368
TSK004940,S073,40.54240368,40.54240368
TSK004940,S074,280.40320531,280.40320531
TSK004940,S075,85.68925896,85.68925896
TSK004940,S076,68.72926036,68.72926036
TSK004940,S077,105.44507373,105.44507373
TSK004940,S078,85.68925896,85.68925896
TSK004940,S079,40.54240368,40.54240368
TSK004940,S080,289.23882005,289.23882005
TSK004940,S081,171.04665327,171.04665327
TSK004940,S082,40.54240368,40.54240368
TSK004940,S083,97.53148275,97.53148275
TSK004940,S084,40.54240368,40.54240368
TSK004940,S085,47.28367207,47.28367207
TSK004940,S086,140.02171957,140.02171957
TSK004940,S087,130.32572741,130.32572741
TSK004940,S088,55.94611459,55.94611459
TSK004940,S089,149.59642727,149.59642727
TSK004940,S090,124.58438903,124.58438903
TSK004940,S091,40.54240368,40.54240368
TSK004940,S092,70.66111479,70.66111479
TSK004940,S093,40.54240368,40.54240368
TSK004940,S094,96.99430762,96.99430762
TSK004940,S095,146.45043036,146.45043036
TSK004940,S096,40.54240368,40.54240368
TSK004940,S097,269.66130897,269.66130897
TSK004940,S098,40.54240368,40.54240368
TSK004940,S099,218.42899834,218.42899834
TSK004940,S100,40.54240368,40.54240368
TSK005080,S001,37.89401836,37.89401836
TSK005080,S002,33.35125948,33.35125948
TSK005080,S003,29.17611328,29.17611328
TSK005080,S004,48.6773281,48.6773281
TSK005080,S005,19.35662477,19.35662477
TSK005080,S006,29.57472982,29.57472982
TSK005080,S007,7.54603419,7.54603419
TSK005080,S008,14.31194509,14.31194509
TSK005080,S009,16.09433072,16.09433072
TSK005080,S010,43.40119355,43.40119355
TSK005080,S011,7.54603419,7.54603419
TSK005080,S012,7.54603419,7.54603419
TSK005080,S013,17.51143151,17.51143151
TSK005080,S014,14.24522785,14.24522785
TSK005080,S015,7.54603419,7.54603419
TSK005080,S016,20.72854604,20.72854604
TSK005080,S017,20.16257992,20.16257992
TSK005080,S018,7.54603419,7.54603419
TSK005080,S019,23.39225183,23.39225183
TSK005080,S020,7.54603419,7.54603419
TSK005080,S021,58.04743524,58.04743524
TSK005080,S022,32.12036882,32.12036882
TSK005080,S023,13.33325678,13.33325678
TSK005080,S024,25.89728679,25.89728679
TSK005080,S025,21.6543353,21.6543353
TSK005080,S026,21.62992635,21.62992635
TSK005080,S027,14.31297844,14.31297844
TSK005080,S028,18.78097296,18.78097296
TSK005080,S029,15.09410192,15.09410192
TSK005080,S030,11.61385428,11.61385428
TSK005080,S031,27.26504526,27.26504526
TSK005080,S032,41.25009951,41.25009951
TSK005080,S033,7.54603419,7.54603419
TSK005080,S034,7.54603419,7.54603419
TSK005080,S035,29.17611328,29.17611328
TSK005080,S036,9.90765258,9.90765258
TSK005080,S037,44.12149698,44.12149698
TSK005080,S038,27.99848233,27.99848233
TSK005080,S039,19.00746262,19.00746262
TSK005080,S040,31.67834226,31.67834226
TSK005080,S041,7.54603419,7.54603419
TSK005080,S042,13.70262177,13.70262177
TSK005080,S043,29.73356096,29.73356096
TSK005080,S044,7.54603419,7.54603419
TSK005080,S045,15.09410192,15.09410192
TSK005080,S046,72.30802673,72.30802673
TSK005080,S047,18.42204977,18.42204977
TSK005080,S048,7.54603419,7.54603419
TSK005080,S049,7.54603419,7.54603419
TSK005080,S050,43.46406138,43.46406138
TSK005080,S051,43.67090183,43.67090183
TSK005080,S052,15.17806138,15.17806138
TSK005080,S053,7.54603419,7.54603419
TSK005080,S054,37.53053648,37.53053648
TSK005080,S055,24.55771893,24.55771893
TSK005080,S056,7.54603419,7.54603419
TSK005080,S057,32.75670552,32.75670552
TSK005080,S058,7.54603419,7.54603419
TSK005080,S059,29.41738789,29.41738789
TSK005080,S060,7.54603419,7.54603419
TSK005080,S061,54.68671112,54.68671112
TSK005080,S062,32.61478909,32.61478909
TSK005080,S063,21.19469004,21.19469004
TSK005080,S064,23.39225183,23.39225183
TSK005080,S065,7.54603419,7.54603419
TSK005080,S066,83.86490541,83.86490541
TSK005080,S067,25.71187202,25.71187202
TSK005080,S068,16.82804715,16.82804715
TSK005080,S069,48.88381146,48.88381146
TSK005080,S070,7.54603419,7.54603419
TSK005080,S071,26.02517762,26.02517762
TSK005080,S072,7.54603419,7.54603419
TSK005080,S073,7.54603419,7.54603419
TSK005080,S074,49.06629163,49.06629163
TSK005080,S075,19.30606297,19.30606297
TSK005080,S076,15.65593729,15.65593729
TSK005080,S077,21.60083402,21.60083402
TSK005080,S078,19.30606297,19.30606297
TSK005080,S079,7.54603419,7.54603419
TSK005080,S080,52.11879972,52.11879972
TSK005080,S081,25.71187202,25.71187202
TSK005080,S082,7.54603419,7.54603419
TSK005080,S083,17.58639081,17.58639081
TSK005080,S084,7.54603419,7.54603419
TSK005080,S085,9.86881256,9.86881256
TSK005080,S086,24.55771893,24.55771893
TSK005080,S087,21.73709163,21.73709163
TSK005080,S088,11.77889832,11.77889832
TSK005080,S089,24.66525435,24.66525435
TSK005080,S090,22.08125688,22.08125688
TSK005080,S091,7.54603419,7.54603419
TSK005080,S092,15.17576917,15.17576917
TSK005080,S093,7.54603419,7.54603419
TSK005080,S094,19.41897789,19.41897789
TSK005080,S095,28.77766379,28.77766379
TSK005080,S096,7.54603419,7.54603419
TSK005080,S097,46.61642751,46.61642751
TSK005080,S098,7.54603419,7.54603419
TSK005080,S099,38.3059811,38.3059811
TSK005080,S100,7.54603419,7.54603419
TSK005126,S001,7.56429953,7.56429953
TSK005126,S002,6.72019513,6.72019513
TSK005126,S003,6.01995381,6.01995381
TSK005126,S004,8.4147944,8.4147944
TSK005126,S005,5.0322946,5.0322946
TSK005126,S006,6.44203859,6.44203859
TSK005126,S007,1.84188164,1.84188164
TSK005126,S008,4.55634812,4.55634812
TSK005126,S009,3.0844951,3.0844951
TSK005126,S010,7.72237829,7.72237829
TSK005126,S011,1.84188164,1.84188164
TSK005126,S012,1.84188164,1.84188164
TSK005126,S013,4.30332434,4.30332434
TSK005126,S014,3.2962845,3.2962845
TSK005126,S015,1.84188164,1.84188164
TSK005126,S016,5.35998919,5.35998919
TSK005126,S017,3.72653981,3.72653981
TSK005126,S018,1.84188164,1.84188164
TSK005126,S019,3.47077955,3.47077955
TSK005126,S020,1.84188164,1.84188164
TSK005126,S021,9.40397401,9.40397401
TSK005126,S022,6.95874662,6.95874662
TSK005126,S023,2.65294263,2.65294263
TSK005126,S024,6.23351051,6.23351051
TSK005126,S025,4.48648068,4.48648068
TSK005126,S026,4.9371539,4.9371539
TSK005126,S027,3.76036095,3.76036095
TSK005126,S028,3.97909824,3.97909824
TSK005126,S029,3.7717644,3.7717644
TSK005126,S030,3.04164884,3.04164884
TSK005126,S031,5.69296656,5.69296656
TSK005126,S032,8.6137865,8.6137865
TSK005126,S033,1.84188164,1.84188164
TSK005126,S034,1.84188164,1.84188164
TSK005126,S035,6.01995381,6.01995381
TSK005126,S036,2.08464211,2.08464211
TSK005126,S037,7.74784388,7.74784388
TSK005126,S038,6.49337604,6.49337604
TSK005126,S039,5.11519667,5.11519667
TSK005126,S040,5.91924167,5.91924167
TSK005126,S041,1.84188164,1.84188164
TSK005126,S042,3.17563463,3.17563463
TSK005126,S043,5.93435013,5.93435013
TSK005126,S044,1.84188164,1.84188164
TSK005126,S045,3.7717644,3.7717644
TSK005126,S046,10.71964327,10.71964327
TSK005126,S047,4.45937434,4.45937434
TSK005126,S048,1.84188164,1.84188164
TSK005126,S049,1.84188164,1.84188164
TSK005126,S050,5.59270051,5.59270051
TSK005126,S051,6.99260709,6.99260709
TSK005126,S052,3.04789437,3.04789437
TSK005126,S053,1.84188164,1.84188164
TSK005126,S054,6.72629532,6.72629532
TSK005126,S055,5.11441809,5.11441809
TSK005126,S056,1.84188164,1.84188164
TSK005126,S057,5.61502046,5.61502046
TSK005126,S058,1.84188164,1.84188164
TSK005126,S059,7.19252642,7.19252642
TSK005126,S060,1.84188164,1.84188164
TSK005126,S061,9.0642078,9.0642078
TSK005126,S062,6.43865526,6.43865526
TSK005126,S063,5.30134603,5.30134603
TSK005126,S064,3.47077955,3.47077955
TSK005126,S065,1.84188164,1.84188164
TSK005126,S066,13.21540946,13.21540946
TSK005126,S067,4.18928771,4.18928771
TSK005126,S068,4.78133722,4.78133722
TSK005126,S069,10.54361178,10.54361178
TSK005126,S070,1.84188164,1.84188164
TSK005126,S071,5.85547738,5.85547738
TSK005126,S072,1.84188164,1.84188164
TSK005126,S073,1.84188164,1.84188164
TSK005126,S074,8.8115316,8.8115316
TSK005126,S075,5.47573147,5.47573147
TSK005126,S076,4.19932287,4.19932287
TSK005126,S077,4.51564724,4.51564724
TSK005126,S078,5.47573147,5.47573147
TSK005126,S079,1.84188164,1.84188164
TSK005126,S080,8.52661856,8.52661856
TSK005126,S081,4.18928771,4.18928771
TSK005126,S082,1.84188164,1.84188164
TSK005126,S083,4.03383051,4.03383051
TSK005126,S084,1.84188164,1.84188164
TSK005126,S085,2.88386379,2.88386379
TSK005126,S086,5.11441809,5.11441809
TSK005126,S087,4.31640043,4.31640043
TSK005126,S088,3.1996209,3.1996209
TSK005126,S089,4.02387246,4.02387246
TSK005126,S090,3.6227662,3.6227662
TSK005126,S091,1.84188164,1.84188164
TSK005126,S092,3.94527782,3.94527782
TSK005126,S093,1.84188164,1.84188164
TSK005126,S094,4.06879339,4.06879339
TSK005126,S095,7.19146169,7.19146169
TSK005126,S096,1.84188164,1.84188164
TSK005126,S097,9.83540657,9.83540657
TSK005126,S098,1.84188164,1.84188164
TSK005126,S099,7.72157684,7.72157684
TSK005126,S100,1.84188164,1.84188164
TSK005298,S001,6.31686571,6.31686571
TSK005298,S002,5.61708466,5.61708466
TSK005298,S003,5.03342573,5.03342573
TSK005298,S004,7.04517832,7.04517832
TSK005298,S005,4.19667134,4.19667134
TSK005298,S006,5.37281992,5.37281992
TSK005298,S007,1.54077615,1.54077615
TSK005298,S008,3.81028339,3.81028339
TSK005298,S009,2.58128441,2.58128441
TSK005298,S010,6.45615476,6.45615476
TSK005298,S011,1.54077615,1.54077615
TSK005298,S012,1.54077615,1.54077615
TSK005298,S013,3.59422145,3.59422145
TSK005298,S014,2.75544912,2.75544912
TSK005298,S015,1.54077615,1.54077615
TSK005298,S016,4.47043787,4.47043787
TSK005298,S017,3.11662401,3.11662401
TSK005298,S018,1.54077615,1.54077615
TSK005298,S019,2.90719762,2.90719762
TSK005298,S020,1.54077615,1.54077615
TSK005298,S021,7.86459652,7.86459652
TSK005298,S022,5.81151316,5.81151316
TSK005298,S023,2.21770982,2.21770982
TSK005298,S024,5.20582531,5.20582531
TSK005298,S025,3.74805182,3.74805182
TSK005298,S026,4.12960219,4.12960219
TSK005298,S027,3.14293429,3.14293429
TSK005298,S028,3.32311469,3.32311469
TSK005298,S029,3.15231285,3.15231285
TSK005298,S030,2.54365599,2.54365599
TSK005298,S031,4.7564428,4.7564428
TSK005298,S032,7.18237674,7.18237674
TSK005298,S033,1.54077615,1.54077615
TSK005298,S034,1.54077615,1.54077615
TSK005298,S035,5.03342573,5.03342573
TSK005298,S036,1.74441882,1.74441882
TSK005298,S037,6.47682988,6.47682988
TSK005298,S038,5.43199838,5.43199838
TSK005298,S039,4.26933753,4.26933753
TSK005298,S040,4.9465688,4.9465688
TSK005298,S041,1.54077615,1.54077615
TSK005298,S042,2.65055562,2.65055562
TSK005298,S043,4.9571817,4.9571817
TSK005298,S044,1.54077615,1.54077615
TSK005298,S045,3.15231285,3.15231285
TSK005298,S046,8.97481998,8.97481998
TSK005298,S047,3.72425159,3.72425159
TSK005298,S048,1.54077615,1.54077615
TSK005298,S049,1.54077615,1.54077615
TSK005298,S050,4.68719766,4.68719766
TSK005298,S051,5.85284563,5.85284563
TSK005298,S052,2.55239262,2.55239262
TSK005298,S053,1.54077615,1.54077615
TSK005298,S054,5.62919684,5.62919684
TSK005298,S055,4.27630392,4.27630392
TSK005298,S056,1.54077615,1.54077615
TSK005298,S057,4.6936174,4.6936174
TSK005298,S058,1.54077615,1.54077615
TSK005298,S059,6.01780245,6.01780245
TSK005298,S060,1.54077615,1.54077615
TSK005298,S061,7.57639416,7.57639416
TSK005298,S062,5.38247278,5.38247278
TSK005298,S063,4.42961329,4.42961329
TSK005298,S064,2.90719762,2.90719762
TSK005298,S065,1.54077615,1.54077615
TSK005298,S066,11.0510623,11.0510623
TSK005298,S067,3.50811602,3.50811602
TSK005298,S068,3.99358473,3.99358473
TSK005298,S069,8.83289962,8.83289962
TSK005298,S070,1.54077615,1.54077615
TSK005298,S071,4.88970676,4.88970676
TSK005298,S072,1.54077615,1.54077615
TSK005298,S073,1.54077615,1.54077615
TSK005298,S074,7.35931224,7.35931224
TSK005298,S075,4.57789727,4.57789727
TSK005298,S076,3.50579187,3.50579187
TSK005298,S077,3.76927089,3.76927089
TSK005298,S078,4.57789727,4.57789727
TSK005298,S079,1.54077615,1.54077615
TSK005298,S080,7.12124619,7.12124619
TSK005298,S081,3.50811602,3.50811602
TSK005298,S082,1.54077615,1.54077615
TSK005298,S083,3.37258748,3.37258748
TSK005298,S084,1.54077615,1.54077615
TSK005298,S085,2.41279495,2.41279495
TSK005298,S086,4.27630392,4.27630392
TSK005298,S087,3.61156091,3.61156091
TSK005298,S088,2.67511111,2.67511111
TSK005298,S089,3.36879326,3.36879326
TSK005298,S090,3.0318206,3.0318206
TSK005298,S091,1.54077615,1.54077615
TSK005298,S092,3.29680502,3.29680502
TSK005298,S093,1.54077615,1.54077615
TSK005298,S094,3.39835659,3.39835659
TSK005298,S095,6.00779086,6.00779086
TSK005298,S096,1.54077615,1.54077615
TSK005298,S097,8.22526004,8.22526004
TSK005298,S098,1.54077615,1.54077615
TSK005298,S099,6.45367125,6.45367125
TSK005298,S100,1.54077615,1.54077615
TSK005304,S001,72.64976684,72.64976684
TSK005304,S002,64.82609388,64.82609388
TSK005304,S003,56.61789117,56.61789117
TSK005304,S004,101.47452709,101.47452709
TSK005304,S005,32.03007684,32.03007684
TSK005304,S006,53.46092919,53.46092919
TSK005304,S007,13.92328437,13.92328437
TSK005304,S008,22.96782743,22.96782743
TSK005304,S009,32.44254463,32.44254463
TSK005304,S010,87.86623816,87.86623816
TSK005304,S011,13.92328437,13.92328437
TSK005304,S012,13.92328437,13.92328437
TSK005304,S013,31.02740671,31.02740671
TSK005304,S014,26.40531922,26.40531922
TSK005304,S015,13.92328437,13.92328437
TSK005304,S016,34.50663576,34.50663576
TSK005304,S017,40.62715097,40.62715097
TSK005304,S018,13.92328437,13.92328437
TSK005304,S019,50.67648082,50.67648082
TSK005304,S020,13.92328437,13.92328437
TSK005304,S021,120.93082262,120.93082262
TSK005304,S022,59.84818657,59.84818657
TSK005304,S023,26.07401914,26.07401914
TSK005304,S024,46.2008255,46.2008255
TSK005304,S025,41.28169327,41.28169327
TSK005304,S026,40.84076708,40.84076708
TSK005304,S027,25.03589652,25.03589652
TSK005304,S028,35.29270915,35.29270915
TSK005304,S029,26.97947931,26.97947931
TSK005304,S030,20.64901623,20.64901623
TSK005304,S031,51.93815245,51.93815245
TSK005304,S032,75.50562919,75.50562919
TSK005304,S033,13.92328437,13.92328437
TSK005304,S034,13.92328437,13.92328437
TSK005304,S035,56.61789117,56.61789117
TSK005304,S036,19.40074447,19.40074447
TSK005304,S037,89.51150333,89.51150333
TSK005304,S038,52.71012904,52.71012904
TSK005304,S039,31.59007291,31.59007291
TSK005304,S040,62.80800268,62.80800268
TSK005304,S041,13.92328437,13.92328437
TSK005304,S042,24.52258201,24.52258201
TSK005304,S043,57.32134901,57.32134901
TSK005304,S044,13.92328437,13.92328437
TSK005304,S045,26.97947931,26.97947931
TSK005304,S046,155.78001394,155.78001394
TSK005304,S047,32.7971876,32.7971876
TSK005304,S048,13.92328437,13.92328437
TSK005304,S049,13.92328437,13.92328437
TSK005304,S050,97.08406506,97.08406506
TSK005304,S051,92.27310043,92.27310043
TSK005304,S052,30.5601031,30.5601031
TSK005304,S053,13.92328437,13.92328437
TSK005304,S054,77.06790495,77.06790495
TSK005304,S055,47.51360051,47.51360051
TSK005304,S056,13.92328437,13.92328437
TSK005304,S057,66.82407828,66.82407828
TSK005304,S058,13.92328437,13.92328437
TSK005304,S059,54.47442851,54.47442851
TSK005304,S060,13.92328437,13.92328437
TSK005304,S061,112.44239298,112.44239298
TSK005304,S062,63.96444557,63.96444557
TSK005304,S063,37.63886063,37.63886063
TSK005304,S064,50.67648082,50.67648082
TSK005304,S065,13.92328437,13.92328437
TSK005304,S066,175.61881603,175.61881603
TSK005304,S067,54.47271827,54.47271827
TSK005304,S068,27.72843836,27.72843836
TSK005304,S069,97.10937664,97.10937664
TSK005304,S070,13.92328437,13.92328437
TSK005304,S071,47.68635603,47.68635603
TSK005304,S072,13.92328437,13.92328437
TSK005304,S073,13.92328437,13.92328437
TSK005304,S074,97.50326161,97.50326161
TSK005304,S075,32.76554316,32.76554316
TSK005304,S076,26.25435845,26.25435845
TSK005304,S077,40.37834408,40.37834408
TSK005304,S078,32.76554316,32.76554316
TSK005304,S079,13.92328437,13.92328437
TSK005304,S080,106.2763412,106.2763412
TSK005304,S081,54.47271827,54.47271827
TSK005304,S082,13.92328437,13.92328437
TSK005304,S083,32.838622,32.838622
TSK005304,S084,13.92328437,13.92328437
TSK005304,S085,16.86750788,16.86750788
TSK005304,S086,47.51360051,47.51360051
TSK005304,S087,43.23806081,43.23806081
TSK005304,S088,20.45360526,20.45360526
TSK005304,S089,52.0695676,52.0695676
TSK005304,S090,46.30769635,46.30769635
TSK005304,S091,13.92328437,13.92328437
TSK005304,S092,26.5305432,26.5305432
TSK005304,S093,13.92328437,13.92328437
TSK005304,S094,36.71233308,36.71233308
TSK005304,S095,50.88415854,50.88415854
TSK005304,S096,13.92328437,13.92328437
TSK005304,S097,90.14455656,90.14455656
TSK005304,S098,13.92328437,13.92328437
TSK005304,S099,74.35776998,74.35776998
TSK005304,S100,13.92328437,13.92328437
TSK005342,S001,0.42543395,0.42543395
TSK005342,S002,0.37238142,0.37238142
TSK005342,S003,0.33179456,0.33179456
TSK005342,S004,0.45358303,0.45358303
TSK005342,S005,0.28928428,0.28928428
TSK005342,S006,0.36978442,0.36978442
TSK005342,S007,0.10071586,0.10071586
TSK005342,S008,0.25045913,0.25045913
TSK005342,S009,0.16753735,0.16753735
TSK005342,S010,0.42639654,0.42639654
TSK005342,S011,0.10071586,0.10071586
TSK005342,S012,0.10071586,0.10071586
TSK005342,S013,0.24141773,0.24141773
TSK005342,S014,0.1823878,0.1823878
TSK005342,S015,0.10071586,0.10071586
TSK005342,S016,0.3075923,0.3075923
TSK005342,S017,0.20454608,0.20454608
TSK005342,S018,0.10071586,0.10071586
TSK005342,S019,0.18563471,0.18563471
TSK005342,S020,0.10071586,0.10071586
TSK005342,S021,0.51644348,0.51644348
TSK005342,S022,0.39100786,0.39100786
TSK005342,S023,0.14673994,0.14673994
TSK005342,S024,0.35027435,0.35027435
TSK005342,S025,0.2507621,0.2507621
TSK005342,S026,0.27044761,0.27044761
TSK005342,S027,0.20855403,0.20855403
TSK005342,S028,0.22356263,0.22356263
TSK005342,S029,0.2093526,0.2093526
TSK005342,S030,0.16714029,0.16714029
TSK005342,S031,0.31767283,0.31767283
TSK005342,S032,0.49633604,0.49633604
TSK005342,S033,0.10071586,0.10071586
TSK005342,S034,0.10071586,0.10071586
TSK005342,S035,0.33179456,0.33179456
TSK005342,S036,0.11337162,0.11337162
TSK005342,S037,0.42847239,0.42847239
TSK005342,S038,0.35491081,0.35491081
TSK005342,S039,0.29020503,0.29020503
TSK005342,S040,0.32912905,0.32912905
TSK005342,S041,0.10071586,0.10071586
TSK005342,S042,0.18011136,0.18011136
TSK005342,S043,0.33216146,0.33216146
TSK005342,S044,0.10071586,0.10071586
TSK005342,S045,0.2093526,0.2093526
TSK005342,S046,0.57789044,0.57789044
TSK005342,S047,0.25050536,0.25050536
TSK005342,S048,0.10071586,0.10071586
TSK005342,S049,0.10071586,0.10071586
TSK005342,S050,0.29625618,0.29625618
TSK005342,S051,0.37869231,0.37869231
TSK005342,S052,0.16365659,0.16365659
TSK005342,S053,0.10071586,0.10071586
TSK005342,S054,0.36508085,0.36508085
TSK005342,S055,0.28186562,0.28186562
TSK005342,S056,0.10071586,0.10071586
TSK005342,S057,0.31082034,0.31082034
TSK005342,S058,0.10071586,0.10071586
TSK005342,S059,0.39210766,0.39210766
TSK005342,S060,0.10071586,0.10071586
TSK005342,S061,0.50219973,0.50219973
TSK005342,S062,0.35600341,0.35600341
TSK005342,S063,0.29541997,0.29541997
TSK005342,S064,0.18563471,0.18563471
TSK005342,S065,0.10071586,0.10071586
TSK005342,S066,0.72691191,0.72691191
TSK005342,S067,0.22506515,0.22506515
TSK005342,S068,0.26810644,0.26810644
TSK005342,S069,0.56245532,0.56245532
TSK005342,S070,0.10071586,0.10071586
TSK005342,S071,0.32947809,0.32947809
TSK005342,S072,0.10071586,0.10071586
TSK005342,S073,0.10071586,0.10071586
TSK005342,S074,0.49460493,0.49460493
TSK005342,S075,0.30233441,0.30233441
TSK005342,S076,0.23728829,0.23728829
TSK005342,S077,0.25581983,0.25581983
TSK005342,S078,0.30233441,0.30233441
TSK005342,S079,0.10071586,0.10071586
TSK005342,S080,0.4787313,0.4787313
TSK005342,S081,0.22506515,0.22506515
TSK005342,S082,0.10071586,0.10071586
TSK005342,S083,0.22253865,0.22253865
TSK005342,S084,0.10071586,0.10071586
TSK005342,S085,0.15728197,0.15728197
TSK005342,S086,0.28186562,0.28186562
TSK005342,S087,0.23516106,0.23516106
TSK005342,S088,0.17653219,0.17653219
TSK005342,S089,0.21705382,0.21705382
TSK005342,S090,0.19668725,0.19668725
TSK005342,S091,0.10071586,0.10071586
TSK005342,S092,0.21955471,0.21955471
TSK005342,S093,0.10071586,0.10071586
TSK005342,S094,0.22823868,0.22823868
TSK005342,S095,0.40198354,0.40198354
TSK005342,S096,0.10071586,0.10071586
TSK005342,S097,0.54029569,0.54029569
TSK005342,S098,0.10071586,0.10071586
TSK005342,S099,0.42832743,0.42832743
TSK005342,S100,0.10071586,0.10071586
TSK005366,S001,32.55663732,32.55663732
TSK005366,S002,29.0076668,29.0076668
TSK005366,S003,25.48987146,25.48987146
TSK005366,S004,43.16043703,43.16043703
TSK005366,S005,16.15984905,16.15984905
TSK005366,S006,24.8983077,24.8983077
TSK005366,S007,6.64767883,6.64767883
TSK005366,S008,12.56729229,12.56729229
TSK005366,S009,14.21602144,14.21602144
TSK005366,S010,37.85225201,37.85225201
TSK005366,S011,6.64767883,6.64767883
TSK005366,S012,6.64767883,6.64767883
TSK005366,S013,15.03626098,15.03626098
TSK005366,S014,12.40449546,12.40449546
TSK005366,S015,6.64767883,6.64767883
TSK005366,S016,17.34318492,17.34318492
TSK005366,S017,17.66371809,17.66371809
TSK005366,S018,6.64767883,6.64767883
TSK005366,S019,20.7821137,20.7821137
TSK005366,S020,6.64767883,6.64767883
TSK005366,S021,50.79963933,50.79963933
TSK005366,S022,27.58740545,27.58740545
TSK005366,S023,11.61400349,11.61400349
TSK005366,S024,22.20664491,22.20664491
TSK005366,S025,18.69514531,18.69514531
TSK005366,S026,19.01016962,19.01016962
TSK005366,S027,12.4317987,12.4317987
TSK005366,S028,16.13685368,16.13685368
TSK005366,S029,13.10138751,13.10138751
TSK005366,S030,10.1870966,10.1870966
TSK005366,S031,23.57104136,23.57104136
TSK005366,S032,34.6560201,34.6560201
TSK005366,S033,6.64767883,6.64767883
TSK005366,S034,6.64767883,6.64767883
TSK005366,S035,25.48987146,25.48987146
TSK005366,S036,8.75418413,8.75418413
TSK005366,S037,38.43684752,38.43684752
TSK005366,S038,24.6611767,24.6611767
TSK005366,S039,16.09074113,16.09074113
TSK005366,S040,27.48296234,27.48296234
TSK005366,S041,6.64767883,6.64767883
TSK005366,S042,11.64992672,11.64992672
TSK005366,S043,25.64824902,25.64824902
TSK005366,S044,6.64767883,6.64767883
TSK005366,S045,13.10138751,13.10138751
TSK005366,S046,63.94701027,63.94701027
TSK005366,S047,15.80020171,15.80020171
TSK005366,S048,6.64767883,6.64767883
TSK005366,S049,6.64767883,6.64767883
TSK005366,S050,38.69765162,38.69765162
TSK005366,S051,38.55745683,38.55745683
TSK005366,S052,13.5369761,13.5369761
TSK005366,S053,6.64767883,6.64767883
TSK005366,S054,33.13747549,33.13747549
TSK005366,S055,21.45685817,21.45685817
TSK005366,S056,6.64767883,6.64767883
TSK005366,S057,28.5170809,28.5170809
TSK005366,S058,6.64767883,6.64767883
TSK005366,S059,25.99182711,25.99182711
TSK005366,S060,6.64767883,6.64767883
TSK005366,S061,47.58068318,47.58068318
TSK005366,S062,28.41775374,28.41775374
TSK005366,S063,18.32165261,18.32165261
TSK005366,S064,20.7821137,20.7821137
TSK005366,S065,6.64767883,6.64767883
TSK005366,S066,73.31004949,73.31004949
TSK005366,S067,22.82271662,22.82271662
TSK005366,S068,14.42526999,14.42526999
TSK005366,S069,43.91025034,43.91025034
TSK005366,S070,6.64767883,6.64767883
TSK005366,S071,22.3106147,22.3106147
TSK005366,S072,6.64767883,6.64767883
TSK005366,S073,6.64767883,6.64767883
TSK005366,S074,42.27615286,42.27615286
TSK005366,S075,16.85187502,16.85187502
TSK005366,S076,13.31605057,13.31605057
TSK005366,S077,18.42770518,18.42770518
TSK005366,S078,16.85187502,16.85187502
TSK005366,S079,6.64767883,6.64767883
TSK005366,S080,44.94206757,44.94206757
TSK005366,S081,22.82271662,22.82271662
TSK005366,S082,6.64767883,6.64767883
TSK005366,S083,15.3561777,15.3561777
TSK005366,S084,6.64767883,6.64767883
TSK005366,S085,8.73964881,8.73964881
TSK005366,S086,21.45685817,21.45685817
TSK005366,S087,19.16427817,19.16427817
TSK005366,S088,10.28896371,10.28896371
TSK005366,S089,21.83809568,21.83809568
TSK005366,S090,19.47067162,19.47067162
TSK005366,S091,6.64767883,6.64767883
TSK005366,S092,13.13380892,13.13380892
TSK005366,S093,6.64767883,6.64767883
TSK005366,S094,16.71086267,16.71086267
TSK005366,S095,24.79764226,24.79764226
TSK005366,S096,6.64767883,6.64767883
TSK005366,S097,40.84431891,40.84431891
TSK005366,S098,6.64767883,6.64767883
TSK005366,S099,33.28776694,33.28776694
TSK005366,S100,6.64767883,6.64767883
TSK005462,S001,21.92635469,21.92635469
TSK005462,S002,19.05399505,19.05399505
TSK005462,S003,16.744384,16.744384
TSK005462,S004,25.28334316,25.28334316
TSK005462,S005,13.11791496,13.11791496
TSK005462,S006,18.26523751,18.26523751
TSK005462,S007,4.64312005,4.64312005
TSK005462,S008,10.19696586,10.19696586
TSK005462,S009,8.7939811,8.7939811
TSK005462,S010,23.3986764,23.3986764
TSK005462,S011,4.64312005,4.64312005
TSK005462,S012,4.64312005,4.64312005
TSK005462,S013,11.16887498,11.16887498
TSK005462,S014,8.66745361,8.66745361
TSK005462,S015,4.64312005,4.64312005
TSK005462,S016,13.97603158,13.97603158
TSK005462,S017,10.97492969,10.97492969
TSK005462,S018,4.64312005,4.64312005
TSK005462,S019,11.38300468,11.38300468
TSK005462,S020,4.64312005,4.64312005
TSK005462,S021,29.95903279,29.95903279
TSK005462,S022,19.29003655,19.29003655
TSK005462,S023,7.55881758,7.55881758
TSK005462,S024,16.37873578,16.37873578
TSK005462,S025,12.65532278,12.65532278
TSK005462,S026,12.91395503,12.91395503
TSK005462,S027,9.30856027,9.30856027
TSK005462,S028,11.15897527,11.15897527
TSK005462,S029,9.57791403,9.57791403
TSK005462,S030,7.4498129,7.4498129
TSK005462,S031,15.96121947,15.96121947
TSK005462,S032,25.06842328,25.06842328
TSK005462,S033,4.64312005,4.64312005
TSK005462,S034,4.64312005,4.64312005
TSK005462,S035,16.744384,16.744384
TSK005462,S036,5.64758912,5.64758912
TSK005462,S037,23.69613824,23.69613824
TSK005462,S038,16.79763793,16.79763793
TSK005462,S039,12.89905343,12.89905343
TSK005462,S040,17.57134589,17.57134589
TSK005462,S041,4.64312005,4.64312005
TSK005462,S042,8.60149559,8.60149559
TSK005462,S043,17.10939374,17.10939374
TSK005462,S044,4.64312005,4.64312005
TSK005462,S045,9.57791403,9.57791403
TSK005462,S046,35.4425055,35.4425055
TSK005462,S047,11.6798674,11.6798674
TSK005462,S048,4.64312005,4.64312005
TSK005462,S049,4.64312005,4.64312005
TSK005462,S050,19.9838917,19.9838917
TSK005462,S051,22.12407048,22.12407048
TSK005462,S052,8.35116711,8.35116711
TSK005462,S053,4.64312005,4.64312005
TSK005462,S054,19.92476262,19.92476262
TSK005462,S055,14.15247238,14.15247238
TSK005462,S056,4.64312005,4.64312005
TSK005462,S057,17.43547451,17.43547451
TSK005462,S058,4.64312005,4.64312005
TSK005462,S059,18.04614093,18.04614093
TSK005462,S060,4.64312005,4.64312005
TSK005462,S061,28.73920615,28.73920615
TSK005462,S062,18.41741429,18.41741429
TSK005462,S063,13.52409096,13.52409096
TSK005462,S064,11.38300468,11.38300468
TSK005462,S065,4.64312005,4.64312005
TSK005462,S066,42.88759768,42.88759768
TSK005462,S067,13.00683789,13.00683789
TSK005462,S068,11.5775643,11.5775643
TSK005462,S069,27.53732145,27.53732145
TSK005462,S070,4.64312005,4.64312005
TSK005462,S071,15.94432187,15.94432187
TSK005462,S072,4.64312005,4.64312005
TSK005462,S073,4.64312005,4.64312005
TSK005462,S074,27.02888217,27.02888217
TSK005462,S075,12.99355764,12.99355764
TSK005462,S076,10.54968444,10.54968444
TSK005462,S077,12.87762236,12.87762236
TSK005462,S078,12.99355764,12.99355764
TSK005462,S079,4.64312005,4.64312005
TSK005462,S080,27.61693365,27.61693365
TSK005462,S081,13.00683789,13.00683789
TSK005462,S082,4.64312005,4.64312005
TSK005462,S083,10.61642433,10.61642433
TSK005462,S084,4.64312005,4.64312005
TSK005462,S085,6.63533521,6.63533521
TSK005462,S086,14.15247238,14.15247238
TSK005462,S087,12.10165272,12.10165272
TSK005462,S088,7.74100898,7.74100898
TSK005462,S089,12.53474556,12.53474556
TSK005462,S090,11.32039906,11.32039906
TSK005462,S091,4.64312005,4.64312005
TSK005462,S092,9.85984385,9.85984385
TSK005462,S093,4.64312005,4.64312005
TSK005462,S094,11.45653489,11.45653489
TSK005462,S095,18.42662828,18.42662828
TSK005462,S096,4.64312005,4.64312005
TSK005462,S097,26.9221908,26.9221908
TSK005462,S098,4.64312005,4.64312005
TSK005462,S099,21.91535231,21.91535231
TSK005462,S100,4.64312005,4.64312005
TSK005564,S001,20.83492386,20.83492386
TSK005564,S002,18.19936053,18.19936053
TSK005564,S003,16.02677433,16.02677433
TSK005564,S004,24.3327853,24.3327853
TSK005564,S005,12.37850668,12.37850668
TSK005564,S006,17.23986362,17.23986362
TSK005564,S007,4.46496762,4.46496762
TSK005564,S008,9.81173673,9.81173673
TSK005564,S009,8.45322119,8.45322119
TSK005564,S010,22.35167342,22.35167342
TSK005564,S011,4.46496762,4.46496762
TSK005564,S012,4.46496762,4.46496762
TSK005564,S013,10.63534917,10.63534917
TSK005564,S014,8.29287375,8.29287375
TSK005564,S015,4.46496762,4.46496762
TSK005564,S016,13.19676122,13.19676122
TSK005564,S017,10.50806846,10.50806846
TSK005564,S018,4.46496762,4.46496762
TSK005564,S019,10.95753824,10.95753824
TSK005564,S020,4.46496762,4.46496762
TSK005564,S021,28.64205306,28.64205306
TSK005564,S022,18.34426267,18.34426267
TSK005564,S023,7.22351581,7.22351581
TSK005564,S024,15.58479596,15.58479596
TSK005564,S025,12.05396969,12.05396969
TSK005564,S026,12.40089137,12.40089137
TSK005564,S027,8.90781133,8.90781133
TSK005564,S028,10.61085242,10.61085242
TSK005564,S029,9.15894821,9.15894821
TSK005564,S030,7.1553684,7.1553684
TSK005564,S031,15.21235076,15.21235076
TSK005564,S032,23.62861976,23.62861976
TSK005564,S033,4.46496762,4.46496762
TSK005564,S034,4.46496762,4.46496762
TSK005564,S035,16.02677433,16.02677433
TSK005564,S036,5.4325786,5.4325786
TSK005564,S037,22.62181891,22.62181891
TSK005564,S038,16.14656178,16.14656178
TSK005564,S039,12.23515039,12.23515039
TSK005564,S040,16.75354402,16.75354402
TSK005564,S041,4.46496762,4.46496762
TSK005564,S042,8.15494032,8.15494032
TSK005564,S043,16.28436535,16.28436535
TSK005564,S044,4.46496762,4.46496762
TSK005564,S045,9.15894821,9.15894821
TSK005564,S046,34.03828231,34.03828231
TSK005564,S047,11.11533775,11.11533775
TSK005564,S048,4.46496762,4.46496762
TSK005564,S049,4.46496762,4.46496762
TSK005564,S050,19.24689263,19.24689263
TSK005564,S051,21.2395111,21.2395111
TSK005564,S052,8.06500608,8.06500608
TSK005564,S053,4.46496762,4.46496762
TSK005564,S054,19.14147898,19.14147898
TSK005564,S055,13.54747205,13.54747205
TSK005564,S056,4.46496762,4.46496762
TSK005564,S057,16.63651176,16.63651176
TSK005564,S058,4.46496762,4.46496762
TSK005564,S059,17.37460429,17.37460429
TSK005564,S060,4.46496762,4.46496762
TSK005564,S061,27.40696409,27.40696409
TSK005564,S062,17.60147587,17.60147587
TSK005564,S063,12.91275699,12.91275699
TSK005564,S064,10.95753824,10.95753824
TSK005564,S065,4.46496762,4.46496762
TSK005564,S066,40.97157106,40.97157106
TSK005564,S067,12.52073439,12.52073439
TSK005564,S068,11.03627496,11.03627496
TSK005564,S069,26.68698963,26.68698963
TSK005564,S070,4.46496762,4.46496762
TSK005564,S071,15.15814,15.15814
TSK005564,S072,4.46496762,4.46496762
TSK005564,S073,4.46496762,4.46496762
TSK005564,S074,25.68480727,25.68480727
TSK005564,S075,12.46516596,12.46516596
TSK005564,S076,10.02238748,10.02238748
TSK005564,S077,12.20891446,12.20891446
TSK005564,S078,12.46516596,12.46516596
TSK005564,S079,4.46496762,4.46496762
TSK005564,S080,26.22751785,26.22751785
TSK005564,S081,12.52073439,12.52073439
TSK005564,S082,4.46496762,4.46496762
TSK005564,S083,10.16805143,10.16805143
TSK005564,S084,4.46496762,4.46496762
TSK005564,S085,6.40070732,6.40070732
TSK005564,S086,13.54747205,13.54747205
TSK005564,S087,11.6255089,11.6255089
TSK005564,S088,7.42552198,7.42552198
TSK005564,S089,12.05129132,12.05129132
TSK005564,S090,10.8626278,10.8626278
TSK005564,S091,4.46496762,4.46496762
TSK005564,S092,9.42184826,9.42184826
TSK005564,S093,4.46496762,4.46496762
TSK005564,S094,10.89916607,10.89916607
TSK005564,S095,17.57265689,17.57265689
TSK005564,S096,4.46496762,4.46496762
TSK005564,S097,25.80439712,25.80439712
TSK005564,S098,4.46496762,4.46496762
TSK005564,S099,20.92470211,20.92470211
TSK005564,S100,4.46496762,4.46496762
TSK005653,S001,21.92635469,21.92635469
TSK005653,S002,19.05399505,19.05399505
TSK005653,S003,16.744384,16.744384
TSK005653,S004,25.28334316,25.28334316
TSK005653,S005,13.11791496,13.11791496
TSK005653,S006,18.26523751,18.26523751
TSK005653,S007,4.64312005,4.64312005
TSK005653,S008,10.19696586,10.19696586
TSK005653,S009,8.7939811,8.7939811
TSK005653,S010,23.3986764,23.3986764
TSK005653,S011,4.64312005,4.64312005
TSK005653,S012,4.64312005,4.64312005
TSK005653,S013,11.16887498,11.16887498
TSK005653,S014,8.66745361,8.66745361
TSK005653,S015,4.64312005,4.64312005
TSK005653,S016,13.97603158,13.97603158
TSK005653,S017,10.97492969,10.97492969
TSK005653,S018,4.64312005,4.64312005
TSK005653,S019,11.38300468,11.38300468
TSK005653,S020,4.64312005,4.64312005
TSK005653,S021,29.95903279,29.95903279
TSK005653,S022,19.29003655,19.29003655
TSK005653,S023,7.55881758,7.55881758
TSK005653,S024,16.37873578,16.37873578
TSK005653,S025,12.65532278,12.65532278
TSK005653,S026,12.91395503,12.91395503
TSK005653,S027,9.30856027,9.30856027
TSK005653,S028,11.15897527,11.15897527
TSK005653,S029,9.57791403,9.57791403
TSK005653,S030,7.4498129,7.4498129
TSK005653,S031,15.96121947,15.96121947
TSK005653,S032,25.06842328,25.06842328
TSK005653,S033,4.64312005,4.64312005
TSK005653,S034,4.64312005,4.64312005
TSK005653,S035,16.744384,16.744384
TSK005653,S036,5.64758912,5.64758912
TSK005653,S037,23.69613824,23.69613824
TSK005653,S038,16.79763793,16.79763793
TSK005653,S039,12.89905343,12.89905343
TSK005653,S040,17.57134589,17.57134589
TSK005653,S041,4.64312005,4.64312005
TSK005653,S042,8.60149559,8.60149559
TSK005653,S043,17.10939374,17.10939374
TSK005653,S044,4.64312005,4.64312005
TSK005653,S045,9.57791403,9.57791403
TSK005653,S046,35.4425055,35.4425055
TSK005653,S047,11.6798674,11.6798674
TSK005653,S048,4.64312005,4.64312005
TSK005653,S049,4.64312005,4.64312005
TSK005653,S050,19.9838917,19.9838917
TSK005653,S051,22.12407048,22.12407048
TSK005653,S052,8.35116711,8.35116711
TSK005653,S053,4.64312005,4.64312005
TSK005653,S054,19.92476262,19.92476262
TSK005653,S055,14.15247238,14.15247238
TSK005653,S056,4.64312005,4.64312005
TSK005653,S057,17.43547451,17.43547451
TSK005653,S058,4.64312005,4.64312005
TSK005653,S059,18.04614093,18.04614093
TSK005653,S060,4.64312005,4.64312005
TSK005653,S061,28.73920615,28.73920615
TSK005653,S062,18.41741429,18.41741429
TSK005653,S063,13.52409096,13.52409096
TSK005653,S064,11.38300468,11.38300468
TSK005653,S065,4.64312005,4.64312005
TSK005653,S066,42.88759768,42.88759768
TSK005653,S067,13.00683789,13.00683789
TSK005653,S068,11.5775643,11.5775643
TSK005653,S069,27.53732145,27.53732145
TSK005653,S070,4.64312005,4.64312005
TSK005653,S071,15.94432187,15.94432187
TSK005653,S072,4.64312005,4.64312005
TSK005653,S073,4.64312005,4.64312005
TSK005653,S074,27.02888217,27.02888217
TSK005653,S075,12.99355764,12.99355764
TSK005653,S076,10.54968444,10.54968444
TSK005653,S077,12.87762236,12.87762236
TSK005653,S078,12.99355764,12.99355764
TSK005653,S079,4.64312005,4.64312005
TSK005653,S080,27.61693365,27.61693365
TSK005653,S081,13.00683789,13.00683789
TSK005653,S082,4.64312005,4.64312005
TSK005653,S083,10.61642433,10.61642433
TSK005653,S084,4.64312005,4.64312005
TSK005653,S085,6.63533521,6.63533521
TSK005653,S086,14.15247238,14.15247238
TSK005653,S087,12.10165272,12.10165272
TSK005653,S088,7.74100898,7.74100898
TSK005653,S089,12.53474556,12.53474556
TSK005653,S090,11.32039906,11.32039906
TSK005653,S091,4.64312005,4.64312005
TSK005653,S092,9.85984385,9.85984385
TSK005653,S093,4.64312005,4.64312005
TSK005653,S094,11.45653489,11.45653489
TSK005653,S095,18.42662828,18.42662828
TSK005653,S096,4.64312005,4.64312005
TSK005653,S097,26.9221908,26.9221908
TSK005653,S098,4.64312005,4.64312005
TSK005653,S099,21.91535231,21.91535231
TSK005653,S100,4.64312005,4.64312005
TSK005722,S001,1.49260544,1.49260544
TSK005722,S002,1.36698946,1.36698946
TSK005722,S003,1.23765124,1.23765124
TSK005722,S004,1.8049179,1.8049179
TSK005722,S005,0.94706202,0.94706202
TSK005722,S006,1.2163335,1.2163335
TSK005722,S007,0.3845541,0.3845541
TSK005722,S008,0.94164697,0.94164697
TSK005722,S009,0.65225474,0.65225474
TSK005722,S010,1.58199228,1.58199228
TSK005722,S011,0.3845541,0.3845541
TSK005722,S012,0.3845541,0.3845541
TSK005722,S013,0.85362936,0.85362936
TSK005722,S014,0.67247316,0.67247316
TSK005722,S015,0.3845541,0.3845541
TSK005722,S016,1.01262113,1.01262113
TSK005722,S017,0.77234837,0.77234837
TSK005722,S018,0.3845541,0.3845541
TSK005722,S019,0.75510907,0.75510907
TSK005722,S020,0.3845541,0.3845541
TSK005722,S021,1.94705965,1.94705965
TSK005722,S022,1.3758202,1.3758202
TSK005722,S023,0.54159901,0.54159901
TSK005722,S024,1.23230776,1.23230776
TSK005722,S025,0.89679318,0.89679318
TSK005722,S026,1.02727716,1.02727716
TSK005722,S027,0.76356516,0.76356516
TSK005722,S028,0.78686206,0.78686206
TSK005722,S029,0.76466139,0.76466139
TSK005722,S030,0.62902645,0.62902645
TSK005722,S031,1.14179534,1.14179534
TSK005722,S032,1.61251634,1.61251634
TSK005722,S033,0.3845541,0.3845541
TSK005722,S034,0.3845541,0.3845541
TSK005722,S035,1.23765124,1.23765124
TSK005722,S036,0.43977923,0.43977923
TSK005722,S037,1.58229303,1.58229303
TSK005722,S038,1.35683324,1.35683324
TSK005722,S039,0.99088658,0.99088658
TSK005722,S040,1.19576678,1.19576678
TSK005722,S041,0.3845541,0.3845541
TSK005722,S042,0.61556766,0.61556766
TSK005722,S043,1.18272666,1.18272666
TSK005722,S044,0.3845541,0.3845541
TSK005722,S045,0.76466139,0.76466139
TSK005722,S046,2.29878601,2.29878601
TSK005722,S047,0.8821386,0.8821386
TSK005722,S048,0.3845541,0.3845541
TSK005722,S049,0.3845541,0.3845541
TSK005722,S050,1.23782095,1.23782095
TSK005722,S051,1.48687951,1.48687951
TSK005722,S052,0.6584084,0.6584084
TSK005722,S053,0.3845541,0.3845541
TSK005722,S054,1.42429951,1.42429951
TSK005722,S055,1.05162486,1.05162486
TSK005722,S056,0.3845541,0.3845541
TSK005722,S057,1.14453509,1.14453509
TSK005722,S058,0.3845541,0.3845541
TSK005722,S059,1.5103893,1.5103893
TSK005722,S060,0.3845541,0.3845541
TSK005722,S061,1.84430224,1.84430224
TSK005722,S062,1.31542513,1.31542513
TSK005722,S063,1.06618758,1.06618758
TSK005722,S064,0.75510907,0.75510907
TSK005722,S065,0.3845541,0.3845541
TSK005722,S066,2.72773603,2.72773603
TSK005722,S067,0.90408128,0.90408128
TSK005722,S068,0.94938966,0.94938966
TSK005722,S069,2.30467713,2.30467713
TSK005722,S070,0.3845541,0.3845541
TSK005722,S071,1.15429861,1.15429861
TSK005722,S072,0.3845541,0.3845541
TSK005722,S073,0.3845541,0.3845541
TSK005722,S074,1.74587826,1.74587826
TSK005722,S075,1.12183601,1.12183601
TSK005722,S076,0.82048344,0.82048344
TSK005722,S077,0.87746429,0.87746429
TSK005722,S078,1.12183601,1.12183601
TSK005722,S079,0.3845541,0.3845541
TSK005722,S080,1.68855352,1.68855352
TSK005722,S081,0.90408128,0.90408128
TSK005722,S082,0.3845541,0.3845541
TSK005722,S083,0.82777347,0.82777347
TSK005722,S084,0.3845541,0.3845541
TSK005722,S085,0.60511558,0.60511558
TSK005722,S086,1.05162486,1.05162486
TSK005722,S087,0.90753328,0.90753328
TSK005722,S088,0.65647501,0.65647501
TSK005722,S089,0.86195751,0.86195751
TSK005722,S090,0.76671614,0.76671614
TSK005722,S091,0.3845541,0.3845541
TSK005722,S092,0.79564543,0.79564543
TSK005722,S093,0.3845541,0.3845541
TSK005722,S094,0.80726664,0.80726664
TSK005722,S095,1.43724833,1.43724833
TSK005722,S096,0.3845541,0.3845541
TSK005722,S097,2.03521932,2.03521932
TSK005722,S098,0.3845541,0.3845541
TSK005722,S099,1.56733007,1.56733007
TSK005722,S100,0.3845541,0.3845541
TSK005837,S001,5.75201823,5.75201823
TSK005837,S002,5.0300725,5.0300725
TSK005837,S003,4.48031887,4.48031887
TSK005837,S004,6.11617045,6.11617045
TSK005837,S005,3.91644919,3.91644919
TSK005837,S006,5.00585231,5.00585231
TSK005837,S007,1.3593134,1.3593134
TSK005837,S008,3.38145405,3.38145405
TSK005837,S009,2.26020412,2.26020412
TSK005837,S010,5.75841423,5.75841423
TSK005837,S011,1.3593134,1.3593134
TSK005837,S012,1.3593134,1.3593134
TSK005837,S013,3.26354323,3.26354323
TSK005837,S014,2.46344098,2.46344098
TSK005837,S015,1.3593134,1.3593134
TSK005837,S016,4.16387804,4.16387804
TSK005837,S017,2.76132549,2.76132549
TSK005837,S018,1.3593134,1.3593134
TSK005837,S019,2.5018579,2.5018579
TSK005837,S020,1.3593134,1.3593134
TSK005837,S021,6.9720991,6.9720991
TSK005837,S022,5.28625784,5.28625784
TSK005837,S023,1.98191593,1.98191593
TSK005837,S024,4.73557257,4.73557257
TSK005837,S025,3.38908363,3.38908363
TSK005837,S026,3.65051249,3.65051249
TSK005837,S027,2.81727238,2.81727238
TSK005837,S028,3.02245319,3.02245319
TSK005837,S029,2.82820047,2.82820047
TSK005837,S030,2.25651591,2.25651591
TSK005837,S031,4.29295174,4.29295174
TSK005837,S032,6.72055469,6.72055469
TSK005837,S033,1.3593134,1.3593134
TSK005837,S034,1.3593134,1.3593134
TSK005837,S035,4.48031887,4.48031887
TSK005837,S036,1.52959089,1.52959089
TSK005837,S037,5.78701768,5.78701768
TSK005837,S038,4.78992839,4.78992839
TSK005837,S039,3.92577426,3.92577426
TSK005837,S040,4.44678361,4.44678361
TSK005837,S041,1.3593134,1.3593134
TSK005837,S042,2.43642715,2.43642715
TSK005837,S043,4.48960502,4.48960502
TSK005837,S044,1.3593134,1.3593134
TSK005837,S045,2.82820047,2.82820047
TSK005837,S046,7.79240728,7.79240728
TSK005837,S047,3.38667089,3.38667089
TSK005837,S048,1.3593134,1.3593134
TSK005837,S049,1.3593134,1.3593134
TSK005837,S050,3.99021952,3.99021952
TSK005837,S051,5.10787593,5.10787593
TSK005837,S052,2.2062135,2.2062135
TSK005837,S053,1.3593134,1.3593134
TSK005837,S054,4.92498499,4.92498499
TSK005837,S055,3.80609698,3.80609698
TSK005837,S056,1.3593134,1.3593134
TSK005837,S057,4.19824276,4.19824276
TSK005837,S058,1.3593134,1.3593134
TSK005837,S059,5.29106905,5.29106905
TSK005837,S060,1.3593134,1.3593134
TSK005837,S061,6.78358041,6.78358041
TSK005837,S062,4.80818217,4.80818217
TSK005837,S063,3.99189547,3.99189547
TSK005837,S064,2.5018579,2.5018579
TSK005837,S065,1.3593134,1.3593134
TSK005837,S066,9.81445491,9.81445491
TSK005837,S067,3.03415326,3.03415326
TSK005837,S068,3.6242205,3.6242205
TSK005837,S069,7.57909834,7.57909834
TSK005837,S070,1.3593134,1.3593134
TSK005837,S071,4.45478814,4.45478814
TSK005837,S072,1.3593134,1.3593134
TSK005837,S073,1.3593134,1.3593134
TSK005837,S074,6.68641957,6.68641957
TSK005837,S075,4.0829657,4.0829657
TSK005837,S076,3.20914755,3.20914755
TSK005837,S077,3.46031891,3.46031891
TSK005837,S078,4.0829657,4.0829657
TSK005837,S079,1.3593134,1.3593134
TSK005837,S080,6.47192808,6.47192808
TSK005837,S081,3.03415326,3.03415326
TSK005837,S082,1.3593134,1.3593134
TSK005837,S083,3.00518396,3.00518396
TSK005837,S084,1.3593134,1.3593134
TSK005837,S085,2.1224064,2.1224064
TSK005837,S086,3.80609698,3.80609698
TSK005837,S087,3.17311362,3.17311362
TSK005837,S088,2.3839212,2.3839212
TSK005837,S089,2.92691576,2.92691576
TSK005837,S090,2.65338296,2.65338296
TSK005837,S091,1.3593134,1.3593134
TSK005837,S092,2.96650681,2.96650681
TSK005837,S093,1.3593134,1.3593134
TSK005837,S094,3.08536732,3.08536732
TSK005837,S095,5.43288903,5.43288903
TSK005837,S096,1.3593134,1.3593134
TSK005837,S097,7.294245,7.294245
TSK005837,S098,1.3593134,1.3593134
TSK005837,S099,5.78617013,5.78617013
TSK005837,S100,1.3593134,1.3593134
TSK005968,S001,115.75444821,115.75444821
TSK005968,S002,104.41925073,104.41925073
TSK005968,S003,91.40424295,91.40424295
TSK005968,S004,167.97024692,167.97024692
TSK005968,S005,47.8965237,47.8965237
TSK005968,S006,82.72733247,82.72733247
TSK005968,S007,22.30935061,22.30935061
TSK005968,S008,35.30377744,35.30377744
TSK005968,S009,53.18992738,53.18992738
TSK005968,S010,143.16120944,143.16120944
TSK005968,S011,22.30935061,22.30935061
TSK005968,S012,22.30935061,22.30935061
TSK005968,S013,48.35161311,48.35161311
TSK005968,S014,42.04835319,42.04835319
TSK005968,S015,22.30935061,22.30935061
TSK005968,S016,51.7880721,51.7880721
TSK005968,S017,66.28996541,66.28996541
TSK005968,S018,22.30935061,22.30935061
TSK005968,S019,84.65522495,84.65522495
TSK005968,S020,22.30935061,22.30935061
TSK005968,S021,198.71349031,198.71349031
TSK005968,S022,94.61266597,94.61266597
TSK005968,S023,42.0992743,42.0992743
TSK005968,S024,72.07543684,72.07543684
TSK005968,S025,65.87199867,65.87199867
TSK005968,S026,65.72519573,65.72519573
TSK005968,S027,39.17193045,39.17193045
TSK005968,S028,55.93608873,55.93608873
TSK005968,S029,42.45231382,42.45231382
TSK005968,S030,32.67160918,32.67160918
TSK005968,S031,82.92812166,82.92812166
TSK005968,S032,117.12344803,117.12344803
TSK005968,S033,22.30935061,22.30935061
TSK005968,S034,22.30935061,22.30935061
TSK005968,S035,91.40424295,91.40424295
TSK005968,S036,31.60097888,31.60097888
TSK005968,S037,145.81989938,145.81989938
TSK005968,S038,84.87935095,84.87935095
TSK005968,S039,47.7869071,47.7869071
TSK005968,S040,101.51448304,101.51448304
TSK005968,S041,22.30935061,22.30935061
TSK005968,S042,38.07683991,38.07683991
TSK005968,S043,91.68429684,91.68429684
TSK005968,S044,22.30935061,22.30935061
TSK005968,S045,42.45231382,42.45231382
TSK005968,S046,259.30664498,259.30664498
TSK005968,S047,51.14196921,51.14196921
TSK005968,S048,22.30935061,22.30935061
TSK005968,S049,22.30935061,22.30935061
TSK005968,S050,163.35768428,163.35768428
TSK005968,S051,152.82836,152.82836
TSK005968,S052,50.36996016,50.36996016
TSK005968,S053,22.30935061,22.30935061
TSK005968,S054,126.85323246,126.85323246
TSK005968,S055,76.65372551,76.65372551
TSK005968,S056,22.30935061,22.30935061
TSK005968,S057,108.96078224,108.96078224
TSK005968,S058,22.30935061,22.30935061
TSK005968,S059,87.5293291,87.5293291
TSK005968,S060,22.30935061,22.30935061
TSK005968,S061,183.62032402,183.62032402
TSK005968,S062,103.36881472,103.36881472
TSK005968,S063,58.95666466,58.95666466
TSK005968,S064,84.65522495,84.65522495
TSK005968,S065,22.30935061,22.30935061
TSK005968,S066,288.73065392,288.73065392
TSK005968,S067,90.53347944,90.53347944
TSK005968,S068,42.21082948,42.21082948
TSK005968,S069,160.24846818,160.24846818
TSK005968,S070,22.30935061,22.30935061
TSK005968,S071,74.949372,74.949372
TSK005968,S072,22.30935061,22.30935061
TSK005968,S073,22.30935061,22.30935061
TSK005968,S074,157.05223365,157.05223365
TSK005968,S075,50.99504194,50.99504194
TSK005968,S076,39.96677861,39.96677861
TSK005968,S077,63.62199345,63.62199345
TSK005968,S078,50.99504194,50.99504194
TSK005968,S079,22.30935061,22.30935061
TSK005968,S080,172.3473766,172.3473766
TSK005968,S081,90.53347944,90.53347944
TSK005968,S082,22.30935061,22.30935061
TSK005968,S083,52.48431897,52.48431897
TSK005968,S084,22.30935061,22.30935061
TSK005968,S085,26.57494161,26.57494161
TSK005968,S086,76.65372551,76.65372551
TSK005968,S087,70.59629876,70.59629876
TSK005968,S088,32.06013868,32.06013868
TSK005968,S089,86.35505629,86.35505629
TSK005968,S090,76.51984943,76.51984943
TSK005968,S091,22.30935061,22.30935061
TSK005968,S092,41.40234041,41.40234041
TSK005968,S093,22.30935061,22.30935061
TSK005968,S094,58.33581357,58.33581357
TSK005968,S095,79.43558339,79.43558339
TSK005968,S096,22.30935061,22.30935061
TSK005968,S097,145.65600141,145.65600141
TSK005968,S098,22.30935061,22.30935061
TSK005968,S099,119.66980926,119.66980926
TSK005968,S100,22.30935061,22.30935061
TSK005978,S001,9.58043413,9.58043413
TSK005978,S002,8.49694871,8.49694871
TSK005978,S003,7.60696292,7.60696292
TSK005978,S004,10.60679927,10.60679927
TSK005978,S005,6.38971657,6.38971657
TSK005978,S006,8.17833454,8.17833454
TSK005978,S007,2.32537982,2.32537982
TSK005978,S008,5.75579104,5.75579104
TSK005978,S009,3.89127599,3.89127599
TSK005978,S010,9.76018027,9.76018027
TSK005978,S011,2.32537982,2.32537982
TSK005978,S012,2.32537982,2.32537982
TSK005978,S013,5.44872373,5.44872373
TSK005978,S014,4.16710081,4.16710081
TSK005978,S015,2.32537982,2.32537982
TSK005978,S016,6.80443685,6.80443685
TSK005978,S017,4.70676646,4.70676646
TSK005978,S018,2.32537982,2.32537982
TSK005978,S019,4.37115207,4.37115207
TSK005978,S020,2.32537982,2.32537982
TSK005978,S021,11.87828284,11.87828284
TSK005978,S022,8.81253055,8.81253055
TSK005978,S023,3.35366871,3.35366871
TSK005978,S024,7.89413835,7.89413835
TSK005978,S025,5.67822742,5.67822742
TSK005978,S026,6.23440541,6.23440541
TSK005978,S027,4.75503793,4.75503793
TSK005978,S028,5.03906198,5.03906198
TSK005978,S029,4.76988659,4.76988659
TSK005978,S030,3.84220543,3.84220543
TSK005978,S031,7.20384237,7.20384237
TSK005978,S032,10.94030211,10.94030211
TSK005978,S033,2.32537982,2.32537982
TSK005978,S034,2.32537982,2.32537982
TSK005978,S035,7.60696292,7.60696292
TSK005978,S036,2.63026856,2.63026856
TSK005978,S037,9.79409468,9.79409468
TSK005978,S038,8.19750663,8.19750663
TSK005978,S039,6.48505547,6.48505547
TSK005978,S040,7.48714878,7.48714878
TSK005978,S041,2.32537982,2.32537982
TSK005978,S042,4.02593391,4.02593391
TSK005978,S043,7.51191853,7.51191853
TSK005978,S044,2.32537982,2.32537982
TSK005978,S045,4.76988659,4.76988659
TSK005978,S046,13.51222606,13.51222606
TSK005978,S047,5.64716904,5.64716904
TSK005978,S048,2.32537982,2.32537982
TSK005978,S049,2.32537982,2.32537982
TSK005978,S050,7.03612389,7.03612389
TSK005978,S051,8.81870829,8.81870829
TSK005978,S052,3.84021595,3.84021595
TSK005978,S053,2.32537982,2.32537982
TSK005978,S054,8.4849433,8.4849433
TSK005978,S055,6.46265488,6.46265488
TSK005978,S056,2.32537982,2.32537982
TSK005978,S057,7.09874854,7.09874854
TSK005978,S058,2.32537982,2.32537982
TSK005978,S059,9.07751805,9.07751805
TSK005978,S060,2.32537982,2.32537982
TSK005978,S061,11.46051767,11.46051767
TSK005978,S062,8.13896607,8.13896607
TSK005978,S063,6.70725559,6.70725559
TSK005978,S064,4.37115207,4.37115207
TSK005978,S065,2.32537982,2.32537982
TSK005978,S066,16.69553491,16.69553491
TSK005978,S067,5.27863613,5.27863613
TSK005978,S068,6.05363716,6.05363716
TSK005978,S069,13.27498899,13.27498899
TSK005978,S070,2.32537982,2.32537982
TSK005978,S071,7.41654787,7.41654787
TSK005978,S072,2.32537982,2.32537982
TSK005978,S073,2.32537982,2.32537982
TSK005978,S074,11.15757441,11.15757441
TSK005978,S075,6.9206514,6.9206514
TSK005978,S076,5.32144209,5.32144209
TSK005978,S077,5.72398941,5.72398941
TSK005978,S078,6.9206514,6.9206514
TSK005978,S079,2.32537982,2.32537982
TSK005978,S080,10.7971113,10.7971113
TSK005978,S081,5.27863613,5.27863613
TSK005978,S082,2.32537982,2.32537982
TSK005978,S083,5.09779258,5.09779258
TSK005978,S084,2.32537982,2.32537982
TSK005978,S085,3.63982506,3.63982506
TSK005978,S086,6.46265488,6.46265488
TSK005978,S087,5.44723548,5.44723548
TSK005978,S088,4.0435915,4.0435915
TSK005978,S089,5.07246749,5.07246749
TSK005978,S090,4.57011321,4.57011321
TSK005978,S091,2.32537982,2.32537982
TSK005978,S092,4.99079142,4.99079142
TSK005978,S093,2.32537982,2.32537982
TSK005978,S094,5.15171229,5.15171229
TSK005978,S095,9.1018179,9.1018179
TSK005978,S096,2.32537982,2.32537982
TSK005978,S097,12.42364135,12.42364135
TSK005978,S098,2.32537982,2.32537982
TSK005978,S099,9.764266,9.764266
TSK005978,S100,2.32537982,2.32537982
TSK005990,S001,8.06619618,8.06619618
TSK005990,S002,7.16608486,7.16608486
TSK005990,S003,6.41938202,6.41938202
TSK005990,S004,8.97312199,8.97312199
TSK005990,S005,5.36619093,5.36619093
TSK005990,S006,6.86947243,6.86947243
TSK005990,S007,1.9640918,1.9640918
TSK005990,S008,4.85866506,4.85866506
TSK005990,S009,3.28915355,3.28915355
TSK005990,S010,8.23476358,8.23476358
TSK005990,S011,1.9640918,1.9640918
TSK005990,S012,1.9640918,1.9640918
TSK005990,S013,4.58885297,4.58885297
TSK005990,S014,3.51499532,3.51499532
TSK005990,S015,1.9640918,1.9640918
TSK005990,S016,5.71562828,5.71562828
TSK005990,S017,3.97379837,3.97379837
TSK005990,S018,1.9640918,1.9640918
TSK005990,S019,3.70106824,3.70106824
TSK005990,S020,1.9640918,1.9640918
TSK005990,S021,10.02793437,10.02793437
TSK005990,S022,7.4204644,7.4204644
TSK005990,S023,2.82896726,2.82896726
TSK005990,S024,6.64710836,6.64710836
TSK005990,S025,4.78416187,4.78416187
TSK005990,S026,5.26473757,5.26473757
TSK005990,S027,4.00986357,4.00986357
TSK005990,S028,4.24311423,4.24311423
TSK005990,S029,4.02202365,4.02202365
TSK005990,S030,3.2434644,3.2434644
TSK005990,S031,6.07069893,6.07069893
TSK005990,S032,9.18531736,9.18531736
TSK005990,S033,1.9640918,1.9640918
TSK005990,S034,1.9640918,1.9640918
TSK005990,S035,6.41938202,6.41938202
TSK005990,S036,2.2229596,2.2229596
TSK005990,S037,8.26191883,8.26191883
TSK005990,S038,6.92421616,6.92421616
TSK005990,S039,5.45459361,5.45459361
TSK005990,S040,6.31198757,6.31198757
TSK005990,S041,1.9640918,1.9640918
TSK005990,S042,3.38634025,3.38634025
TSK005990,S043,6.32809848,6.32809848
TSK005990,S044,1.9640918,1.9640918
TSK005990,S045,4.02202365,4.02202365
TSK005990,S046,11.43089923,11.43089923
TSK005990,S047,4.755257,4.755257
TSK005990,S048,1.9640918,1.9640918
TSK005990,S049,1.9640918,1.9640918
TSK005990,S050,5.96378016,5.96378016
TSK005990,S051,7.45657154,7.45657154
TSK005990,S052,3.25012433,3.25012433
TSK005990,S053,1.9640918,1.9640918
TSK005990,S054,7.1725898,7.1725898
TSK005990,S055,5.45376337,5.45376337
TSK005990,S056,1.9640918,1.9640918
TSK005990,S057,5.98758106,5.98758106
TSK005990,S058,1.9640918,1.9640918
TSK005990,S059,7.66975566,7.66975566
TSK005990,S060,1.9640918,1.9640918
TSK005990,S061,9.66562444,9.66562444
TSK005990,S062,6.86586461,6.86586461
TSK005990,S063,5.65309411,5.65309411
TSK005990,S064,3.70106824,3.70106824
TSK005990,S065,1.9640918,1.9640918
TSK005990,S066,14.09226127,14.09226127
TSK005990,S067,4.46724993,4.46724993
TSK005990,S068,5.09858234,5.09858234
TSK005990,S069,11.24318792,11.24318792
TSK005990,S070,1.9640918,1.9640918
TSK005990,S071,6.24399247,6.24399247
TSK005990,S072,1.9640918,1.9640918
TSK005990,S073,1.9640918,1.9640918
TSK005990,S074,9.39618298,9.39618298
TSK005990,S075,5.83905015,5.83905015
TSK005990,S076,4.47795092,4.47795092
TSK005990,S077,4.81526365,4.81526365
TSK005990,S078,5.83905015,5.83905015
TSK005990,S079,1.9640918,1.9640918
TSK005990,S080,9.09236577,9.09236577
TSK005990,S081,4.46724993,4.46724993
TSK005990,S082,1.9640918,1.9640918
TSK005990,S083,4.30147803,4.30147803
TSK005990,S084,1.9640918,1.9640918
TSK005990,S085,3.0752102,3.0752102
TSK005990,S086,5.45376337,5.45376337
TSK005990,S087,4.60279667,4.60279667
TSK005990,S088,3.41191802,3.41191802
TSK005990,S089,4.29085926,4.29085926
TSK005990,S090,3.86313931,3.86313931
TSK005990,S091,1.9640918,1.9640918
TSK005990,S092,4.20704981,4.20704981
TSK005990,S093,1.9640918,1.9640918
TSK005990,S094,4.33876072,4.33876072
TSK005990,S095,7.66862029,7.66862029
TSK005990,S096,1.9640918,1.9640918
TSK005990,S097,10.48799279,10.48799279
TSK005990,S098,1.9640918,1.9640918
TSK005990,S099,8.23390895,8.23390895
TSK005990,S100,1.9640918,1.9640918
TSK006049,S001,42.03517907,42.03517907
TSK006049,S002,37.67013641,37.67013641
TSK006049,S003,33.05855497,33.05855497
TSK006049,S004,57.97539723,57.97539723
TSK006049,S005,19.41527618,19.41527618
TSK006049,S006,31.25057463,31.25057463
TSK006049,S007,8.3998823,8.3998823
TSK006049,S008,14.86119448,14.86119448
TSK006049,S009,18.77603749,18.77603749
TSK006049,S010,50.18420913,50.18420913
TSK006049,S011,8.3998823,8.3998823
TSK006049,S012,8.3998823,8.3998823
TSK006049,S013,18.65814522,18.65814522
TSK006049,S014,15.72506355,15.72506355
TSK006049,S015,8.3998823,8.3998823
TSK006049,S016,20.89682394,20.89682394
TSK006049,S017,23.34820309,23.34820309
TSK006049,S018,8.3998823,8.3998823
TSK006049,S019,28.47678747,28.47678747
TSK006049,S020,8.3998823,8.3998823
TSK006049,S021,68.33606103,68.33606103
TSK006049,S022,35.10515311,35.10515311
TSK006049,S023,15.12676611,15.12676611
TSK006049,S024,27.65181862,27.65181862
TSK006049,S025,24.05671842,24.05671842
TSK006049,S026,24.30239638,24.30239638
TSK006049,S027,15.31847683,15.31847683
TSK006049,S028,20.62249497,20.62249497
TSK006049,S029,16.31584864,16.31584864
TSK006049,S030,12.64485079,12.64485079
TSK006049,S031,30.31511784,30.31511784
TSK006049,S032,43.78395458,43.78395458
TSK006049,S033,8.3998823,8.3998823
TSK006049,S034,8.3998823,8.3998823
TSK006049,S035,33.05855497,33.05855497
TSK006049,S036,11.39201517,11.39201517
TSK006049,S037,51.02207681,51.02207681
TSK006049,S038,31.47400683,31.47400683
TSK006049,S039,19.36413538,19.36413538
TSK006049,S040,36.06658831,36.06658831
TSK006049,S041,8.3998823,8.3998823
TSK006049,S042,14.53791505,14.53791505
TSK006049,S043,33.19625539,33.19625539
TSK006049,S044,8.3998823,8.3998823
TSK006049,S045,16.31584864,16.31584864
TSK006049,S046,87.4273618,87.4273618
TSK006049,S047,19.65402854,19.65402854
TSK006049,S048,8.3998823,8.3998823
TSK006049,S049,8.3998823,8.3998823
TSK006049,S050,53.87784303,53.87784303
TSK006049,S051,52.18968931,52.18968931
TSK006049,S052,17.84777006,17.84777006
TSK006049,S053,8.3998823,8.3998823
TSK006049,S054,44.18967374,44.18967374
TSK006049,S055,27.78552821,27.78552821
TSK006049,S056,8.3998823,8.3998823
TSK006049,S057,37.96723099,37.96723099
TSK006049,S058,8.3998823,8.3998823
TSK006049,S059,32.89319663,32.89319663
TSK006049,S060,8.3998823,8.3998823
TSK006049,S061,63.6149744,63.6149744
TSK006049,S062,37.06653726,37.06653726
TSK006049,S063,22.75043229,22.75043229
TSK006049,S064,28.47678747,28.47678747
TSK006049,S065,8.3998823,8.3998823
TSK006049,S066,98.90094555,98.90094555
TSK006049,S067,30.91169823,30.91169823
TSK006049,S068,17.28094736,17.28094736
TSK006049,S069,57.45294584,57.45294584
TSK006049,S070,8.3998823,8.3998823
TSK006049,S071,28.1556875,28.1556875
TSK006049,S072,8.3998823,8.3998823
TSK006049,S073,8.3998823,8.3998823
TSK006049,S074,55.5899397,55.5899397
TSK006049,S075,20.46032871,20.46032871
TSK006049,S076,16.09202808,16.09202808
TSK006049,S077,23.50218385,23.50218385
TSK006049,S078,20.46032871,20.46032871
TSK006049,S079,8.3998823,8.3998823
TSK006049,S080,59.89497047,59.89497047
TSK006049,S081,30.91169823,30.91169823
TSK006049,S082,8.3998823,8.3998823
TSK006049,S083,19.53374276,19.53374276
TSK006049,S084,8.3998823,8.3998823
TSK006049,S085,10.6395883,10.6395883
TSK006049,S086,27.78552821,27.78552821
TSK006049,S087,25.14509406,25.14509406
TSK006049,S088,12.62937668,12.62937668
TSK006049,S089,29.533623,29.533623
TSK006049,S090,26.25593378,26.25593378
TSK006049,S091,8.3998823,8.3998823
TSK006049,S092,16.1825669,16.1825669
TSK006049,S093,8.3998823,8.3998823
TSK006049,S094,21.41866651,21.41866651
TSK006049,S095,30.73250758,30.73250758
TSK006049,S096,8.3998823,8.3998823
TSK006049,S097,52.86180676,52.86180676
TSK006049,S098,8.3998823,8.3998823
TSK006049,S099,43.2029956,43.2029956
TSK006049,S100,8.3998823,8.3998823
TSK006085,S001,52.33525571,52.33525571
TSK006085,S002,46.27040728,46.27040728
TSK006085,S003,40.40717944,40.40717944
TSK006085,S004,69.77482825,69.77482825
TSK006085,S005,25.02797167,25.02797167
TSK006085,S006,39.8264952,39.8264952
TSK006085,S007,10.16956492,10.16956492
TSK006085,S008,18.04319479,18.04319479
TSK006085,S009,22.68212951,22.68212951
TSK006085,S010,61.46187578,61.46187578
TSK006085,S011,10.16956492,10.16956492
TSK006085,S012,10.16956492,10.16956492
TSK006085,S013,23.25694599,23.25694599
TSK006085,S014,19.28917656,19.28917656
TSK006085,S015,10.16956492,10.16956492
TSK006085,S016,26.8650203,26.8650203
TSK006085,S017,28.45699413,28.45699413
TSK006085,S018,10.16956492,10.16956492
TSK006085,S019,34.21680761,34.21680761
TSK006085,S020,10.16956492,10.16956492
TSK006085,S021,83.39481477,83.39481477
TSK006085,S022,43.73056687,43.73056687
TSK006085,S023,18.55018095,18.55018095
TSK006085,S024,34.51920519,34.51920519
TSK006085,S025,29.79181321,29.79181321
TSK006085,S026,29.50502654,29.50502654
TSK006085,S027,18.84444241,18.84444241
TSK006085,S028,25.67686392,25.67686392
TSK006085,S029,20.08685839,20.08685839
TSK006085,S030,15.38074563,15.38074563
TSK006085,S031,37.4860785,37.4860785
TSK006085,S032,55.91584253,55.91584253
TSK006085,S033,10.16956492,10.16956492
TSK006085,S034,10.16956492,10.16956492
TSK006085,S035,40.40717944,40.40717944
TSK006085,S036,13.75341137,13.75341137
TSK006085,S037,62.56445224,62.56445224
TSK006085,S038,38.11796216,38.11796216
TSK006085,S039,24.55478855,24.55478855
TSK006085,S040,44.42320089,44.42320089
TSK006085,S041,10.16956492,10.16956492
TSK006085,S042,18.32518403,18.32518403
TSK006085,S043,41.14741117,41.14741117
TSK006085,S044,10.16956492,10.16956492
TSK006085,S045,20.08685839,20.08685839
TSK006085,S046,105.54593017,105.54593017
TSK006085,S047,24.52932998,24.52932998
TSK006085,S048,10.16956492,10.16956492
TSK006085,S049,10.16956492,10.16956492
TSK006085,S050,64.61915558,64.61915558
TSK006085,S051,63.10341521,63.10341521
TSK006085,S052,21.33560245,21.33560245
TSK006085,S053,10.16956492,10.16956492
TSK006085,S054,53.41432735,53.41432735
TSK006085,S055,33.95842621,33.95842621
TSK006085,S056,10.16956492,10.16956492
TSK006085,S057,46.59027997,46.59027997
TSK006085,S058,10.16956492,10.16956492
TSK006085,S059,39.69179799,39.69179799
TSK006085,S060,10.16956492,10.16956492
TSK006085,S061,78.11283864,78.11283864
TSK006085,S062,45.44064071,45.44064071
TSK006085,S063,28.14009048,28.14009048
TSK006085,S064,34.21680761,34.21680761
TSK006085,S065,10.16956492,10.16956492
TSK006085,S066,120.84292982,120.84292982
TSK006085,S067,37.16691401,37.16691401
TSK006085,S068,21.59352727,21.59352727
TSK006085,S069,68.1332308,68.1332308
TSK006085,S070,10.16956492,10.16956492
TSK006085,S071,35.15136336,35.15136336
TSK006085,S072,10.16956492,10.16956492
TSK006085,S073,10.16956492,10.16956492
TSK006085,S074,68.98199226,68.98199226
TSK006085,S075,25.02411334,25.02411334
TSK006085,S076,20.29059166,20.29059166
TSK006085,S077,29.49687103,29.49687103
TSK006085,S078,25.02411334,25.02411334
TSK006085,S079,10.16956492,10.16956492
TSK006085,S080,74.25195024,74.25195024
TSK006085,S081,37.16691401,37.16691401
TSK006085,S082,10.16956492,10.16956492
TSK006085,S083,23.88746377,23.88746377
TSK006085,S084,10.16956492,10.16956492
TSK006085,S085,12.79444847,12.79444847
TSK006085,S086,33.95842621,33.95842621
TSK006085,S087,30.43451053,30.43451053
TSK006085,S088,15.4344483,15.4344483
TSK006085,S089,35.60408892,35.60408892
TSK006085,S090,31.78767249,31.78767249
TSK006085,S091,10.16956492,10.16956492
TSK006085,S092,19.99044143,19.99044143
TSK006085,S093,10.16956492,10.16956492
TSK006085,S094,26.62146872,26.62146872
TSK006085,S095,38.15277565,38.15277565
TSK006085,S096,10.16956492,10.16956492
TSK006085,S097,64.4068187,64.4068187
TSK006085,S098,10.16956492,10.16956492
TSK006085,S099,53.11772264,53.11772264
TSK006085,S100,10.16956492,10.16956492
TSK006158,S001,52.33525571,52.33525571
TSK006158,S002,46.27040728,46.27040728
TSK006158,S003,40.40717944,40.40717944
TSK006158,S004,69.77482825,69.77482825
TSK006158,S005,25.02797167,25.02797167
TSK006158,S006,39.8264952,39.8264952
TSK006158,S007,10.16956492,10.16956492
TSK006158,S008,18.04319479,18.04319479
TSK006158,S009,22.68212951,22.68212951
TSK006158,S010,61.46187578,61.46187578
TSK006158,S011,10.16956492,10.16956492
TSK006158,S012,10.16956492,10.16956492
TSK006158,S013,23.25694599,23.25694599
TSK006158,S014,19.28917656,19.28917656
TSK006158,S015,10.16956492,10.16956492
TSK006158,S016,26.8650203,26.8650203
TSK006158,S017,28.45699413,28.45699413
TSK006158,S018,10.16956492,10.16956492
TSK006158,S019,34.21680761,34.21680761
TSK006158,S020,10.16956492,10.16956492
TSK006158,S021,83.39481477,83.39481477
TSK006158,S022,43.73056687,43.73056687
TSK006158,S023,18.55018095,18.55018095
TSK006158,S024,34.51920519,34.51920519
TSK006158,S025,29.79181321,29.79181321
TSK006158,S026,29.50502654,29.50502654
TSK006158,S027,18.84444241,18.84444241
TSK006158,S028,25.67686392,25.67686392
TSK006158,S029,20.08685839,20.08685839
TSK006158,S030,15.38074563,15.38074563
TSK006158,S031,37.4860785,37.4860785
TSK006158,S032,55.91584253,55.91584253
TSK006158,S033,10.16956492,10.16956492
TSK006158,S034,10.16956492,10.16956492
TSK006158,S035,40.40717944,40.40717944
TSK006158,S036,13.75341137,13.75341137
TSK006158,S037,62.56445224,62.56445224
TSK006158,S038,38.11796216,38.11796216
TSK006158,S039,24.55478855,24.55478855
TSK006158,S040,44.42320089,44.42320089
TSK006158,S041,10.16956492,10.16956492
TSK006158,S042,18.32518403,18.32518403
TSK006158,S043,41.14741117,41.14741117
TSK006158,S044,10.16956492,10.16956492
TSK006158,S045,20.08685839,20.08685839
TSK006158,S046,105.54593017,105.54593017
TSK006158,S047,24.52932998,24.52932998
TSK006158,S048,10.16956492,10.16956492
TSK006158,S049,10.16956492,10.16956492
TSK006158,S050,64.61915558,64.61915558
TSK006158,S051,63.10341521,63.10341521
TSK006158,S052,21.33560245,21.33560245
TSK006158,S053,10.16956492,10.16956492
TSK006158,S054,53.41432735,53.41432735
TSK006158,S055,33.95842621,33.95842621
TSK006158,S056,10.16956492,10.16956492
TSK006158,S057,46.59027997,46.59027997
TSK006158,S058,10.16956492,10.16956492
TSK006158,S059,39.69179799,39.69179799
TSK006158,S060,10.16956492,10.16956492
TSK006158,S061,78.11283864,78.11283864
TSK006158,S062,45.44064071,45.44064071
TSK006158,S063,28.14009048,28.14009048
TSK006158,S064,34.21680761,34.21680761
TSK006158,S065,10.16956492,10.16956492
TSK006158,S066,120.84292982,120.84292982
TSK006158,S067,37.16691401,37.16691401
TSK006158,S068,21.59352727,21.59352727
TSK006158,S069,68.1332308,68.1332308
TSK006158,S070,10.16956492,10.16956492
TSK006158,S071,35.15136336,35.15136336
TSK006158,S072,10.16956492,10.16956492
TSK006158,S073,10.16956492,10.16956492
TSK006158,S074,68.98199226,68.98199226
TSK006158,S075,25.02411334,25.02411334
TSK006158,S076,20.29059166,20.29059166
TSK006158,S077,29.49687103,29.49687103
TSK006158,S078,25.02411334,25.02411334
TSK006158,S079,10.16956492,10.16956492
TSK006158,S080,74.25195024,74.25195024
TSK006158,S081,37.16691401,37.16691401
TSK006158,S082,10.16956492,10.16956492
TSK006158,S083,23.88746377,23.88746377
TSK006158,S084,10.16956492,10.16956492
TSK006158,S085,12.79444847,12.79444847
TSK006158,S086,33.95842621,33.95842621
TSK006158,S087,30.43451053,30.43451053
TSK006158,S088,15.4344483,15.4344483
TSK006158,S089,35.60408892,35.60408892
TSK006158,S090,31.78767249,31.78767249
TSK006158,S091,10.16956492,10.16956492
TSK006158,S092,19.99044143,19.99044143
TSK006158,S093,10.16956492,10.16956492
TSK006158,S094,26.62146872,26.62146872
TSK006158,S095,38.15277565,38.15277565
TSK006158,S096,10.16956492,10.16956492
TSK006158,S097,64.4068187,64.4068187
TSK006158,S098,10.16956492,10.16956492
TSK006158,S099,53.11772264,53.11772264
TSK006158,S100,10.16956492,10.16956492
TSK006245,S001,9.58043413,9.58043413
TSK006245,S002,8.49694871,8.49694871
TSK006245,S003,7.60696292,7.60696292
TSK006245,S004,10.60679927,10.60679927
TSK006245,S005,6.38971657,6.38971657
TSK006245,S006,8.17833454,8.17833454
TSK006245,S007,2.32537982,2.32537982
TSK006245,S008,5.75579104,5.75579104
TSK006245,S009,3.89127599,3.89127599
TSK006245,S010,9.76018027,9.76018027
TSK006245,S011,2.32537982,2.32537982
TSK006245,S012,2.32537982,2.32537982
TSK006245,S013,5.44872373,5.44872373
TSK006245,S014,4.16710081,4.16710081
TSK006245,S015,2.32537982,2.32537982
TSK006245,S016,6.80443685,6.80443685
TSK006245,S017,4.70676646,4.70676646
TSK006245,S018,2.32537982,2.32537982
TSK006245,S019,4.37115207,4.37115207
TSK006245,S020,2.32537982,2.32537982
TSK006245,S021,11.87828284,11.87828284
TSK006245,S022,8.81253055,8.81253055
TSK006245,S023,3.35366871,3.35366871
TSK006245,S024,7.89413835,7.89413835
TSK006245,S025,5.67822742,5.67822742
TSK006245,S026,6.23440541,6.23440541
TSK006245,S027,4.75503793,4.75503793
TSK006245,S028,5.03906198,5.03906198
TSK006245,S029,4.76988659,4.76988659
TSK006245,S030,3.84220543,3.84220543
TSK006245,S031,7.20384237,7.20384237
TSK006245,S032,10.94030211,10.94030211
TSK006245,S033,2.32537982,2.32537982
TSK006245,S034,2.32537982,2.32537982
TSK006245,S035,7.60696292,7.60696292
TSK006245,S036,2.63026856,2.63026856
TSK006245,S037,9.79409468,9.79409468
TSK006245,S038,8.19750663,8.19750663
TSK006245,S039,6.48505547,6.48505547
TSK006245,S040,7.48714878,7.48714878
TSK006245,S041,2.32537982,2.32537982
TSK006245,S042,4.02593391,4.02593391
TSK006245,S043,7.51191853,7.51191853
TSK006245,S044,2.32537982,2.32537982
TSK006245,S045,4.76988659,4.76988659
TSK006245,S046,13.51222606,13.51222606
TSK006245,S047,5.64716904,5.64716904
TSK006245,S048,2.32537982,2.32537982
TSK006245,S049,2.32537982,2.32537982
TSK006245,S050,7.03612389,7.03612389
TSK006245,S051,8.81870829,8.81870829
TSK006245,S052,3.84021595,3.84021595
TSK006245,S053,2.32537982,2.32537982
TSK006245,S054,8.4849433,8.4849433
TSK006245,S055,6.46265488,6.46265488
TSK006245,S056,2.32537982,2.32537982
TSK006245,S057,7.09874854,7.09874854
TSK006245,S058,2.32537982,2.32537982
TSK006245,S059,9.07751805,9.07751805
TSK006245,S060,2.32537982,2.32537982
TSK006245,S061,11.46051767,11.46051767
TSK006245,S062,8.13896607,8.13896607
TSK006245,S063,6.70725559,6.70725559
TSK006245,S064,4.37115207,4.37115207
TSK006245,S065,2.32537982,2.32537982
TSK006245,S066,16.69553491,16.69553491
TSK006245,S067,5.27863613,5.27863613
TSK006245,S068,6.05363716,6.05363716
TSK006245,S069,13.27498899,13.27498899
TSK006245,S070,2.32537982,2.32537982
TSK006245,S071,7.41654787,7.41654787
TSK006245,S072,2.32537982,2.32537982
TSK006245,S073,2.32537982,2.32537982
TSK006245,S074,11.15757441,11.15757441
TSK006245,S075,6.9206514,6.9206514
TSK006245,S076,5.32144209,5.32144209
TSK006245,S077,5.72398941,5.72398941
TSK006245,S078,6.9206514,6.9206514
TSK006245,S079,2.32537982,2.32537982
TSK006245,S080,10.7971113,10.7971113
TSK006245,S081,5.27863613,5.27863613
TSK006245,S082,2.32537982,2.32537982
TSK006245,S083,5.09779258,5.09779258
TSK006245,S084,2.32537982,2.32537982
TSK006245,S085,3.63982506,3.63982506
TSK006245,S086,6.46265488,6.46265488
TSK006245,S087,5.44723548,5.44723548
TSK006245,S088,4.0435915,4.0435915
TSK006245,S089,5.07246749,5.07246749
TSK006245,S090,4.57011321,4.57011321
TSK006245,S091,2.32537982,2.32537982
TSK006245,S092,4.99079142,4.99079142
TSK006245,S093,2.32537982,2.32537982
TSK006245,S094,5.15171229,5.15171229
TSK006245,S095,9.1018179,9.1018179
TSK006245,S096,2.32537982,2.32537982
TSK006245,S097,12.42364135,12.42364135
TSK006245,S098,2.32537982,2.32537982
TSK006245,S099,9.764266,9.764266
TSK006245,S100,2.32537982,2.32537982
TSK006313,S001,38.38774546,38.38774546
TSK006313,S002,34.13542224,34.13542224
TSK006313,S003,29.92912584,29.92912584
TSK006313,S004,51.2098087,51.2098087
TSK006313,S005,18.67638871,18.67638871
TSK006313,S006,29.22044481,29.22044481
TSK006313,S007,7.69234047,7.69234047
TSK006313,S008,14.14915584,14.14915584
TSK006313,S009,16.76151134,16.76151134
TSK006313,S010,44.91302901,44.91302901
TSK006313,S011,7.69234047,7.69234047
TSK006313,S012,7.69234047,7.69234047
TSK006313,S013,17.42857852,17.42857852
TSK006313,S014,14.43631786,14.43631786
TSK006313,S015,7.69234047,7.69234047
TSK006313,S016,20.05096725,20.05096725
TSK006313,S017,20.89620856,20.89620856
TSK006313,S018,7.69234047,7.69234047
TSK006313,S019,24.86665745,24.86665745
TSK006313,S020,7.69234047,7.69234047
TSK006313,S021,60.59800427,60.59800427
TSK006313,S022,32.32518473,32.32518473
TSK006313,S023,13.6775075,13.6775075
TSK006313,S024,25.79176458,25.79176458
TSK006313,S025,21.97095541,21.97095541
TSK006313,S026,22.13013096,22.13013096
TSK006313,S027,14.30400065,14.30400065
TSK006313,S028,18.94093418,18.94093418
TSK006313,S029,15.14771612,15.14771612
TSK006313,S030,11.7152081,11.7152081
TSK006313,S031,27.68089685,27.68089685
TSK006313,S032,40.81936602,40.81936602
TSK006313,S033,7.69234047,7.69234047
TSK006313,S034,7.69234047,7.69234047
TSK006313,S035,29.92912584,29.92912584
TSK006313,S036,10.25189025,10.25189025
TSK006313,S037,45.65083138,45.65083138
TSK006313,S038,28.66433331,28.66433331
TSK006313,S039,18.50899468,18.50899468
TSK006313,S040,32.52309518,32.52309518
TSK006313,S041,7.69234047,7.69234047
TSK006313,S042,13.58728524,13.58728524
TSK006313,S043,30.22954364,30.22954364
TSK006313,S044,7.69234047,7.69234047
TSK006313,S045,15.14771612,15.14771612
TSK006313,S046,76.56030177,76.56030177
TSK006313,S047,18.34126355,18.34126355
TSK006313,S048,7.69234047,7.69234047
TSK006313,S049,7.69234047,7.69234047
TSK006313,S050,46.61142633,46.61142633
TSK006313,S051,45.97815687,45.97815687
TSK006313,S052,15.89263917,15.89263917
TSK006313,S053,7.69234047,7.69234047
TSK006313,S054,39.24695223,39.24695223
TSK006313,S055,25.17579949,25.17579949
TSK006313,S056,7.69234047,7.69234047
TSK006313,S057,33.92310222,33.92310222
TSK006313,S058,7.69234047,7.69234047
TSK006313,S059,30.0639212,30.0639212
TSK006313,S060,7.69234047,7.69234047
TSK006313,S061,56.72025715,56.72025715
TSK006313,S062,33.48476942,33.48476942
TSK006313,S063,21.18907586,21.18907586
TSK006313,S064,24.86665745,24.86665745
TSK006313,S065,7.69234047,7.69234047
TSK006313,S066,87.6005675,87.6005675
TSK006313,S067,27.1713061,27.1713061
TSK006313,S068,16.48152109,16.48152109
TSK006313,S069,51.24215667,51.24215667
TSK006313,S070,7.69234047,7.69234047
TSK006313,S071,26.06591081,26.06591081
TSK006313,S072,7.69234047,7.69234047
TSK006313,S073,7.69234047,7.69234047
TSK006313,S074,50.20031023,50.20031023
TSK006313,S075,19.2308735,19.2308735
TSK006313,S076,15.31648424,15.31648424
TSK006313,S077,21.66842788,21.66842788
TSK006313,S078,19.2308735,19.2308735
TSK006313,S079,7.69234047,7.69234047
TSK006313,S080,53.67247475,53.67247475
TSK006313,S081,27.1713061,27.1713061
TSK006313,S082,7.69234047,7.69234047
TSK006313,S083,17.88013717,17.88013717
TSK006313,S084,7.69234047,7.69234047
TSK006313,S085,9.93082006,9.93082006
TSK006313,S086,25.17579949,25.17579949
TSK006313,S087,22.54405819,22.54405819
TSK006313,S088,11.79359134,11.79359134
TSK006313,S089,26.00475876,26.00475876
TSK006313,S090,23.18888316,23.18888316
TSK006313,S091,7.69234047,7.69234047
TSK006313,S092,15.13191403,15.13191403
TSK006313,S093,7.69234047,7.69234047
TSK006313,S094,19.62859084,19.62859084
TSK006313,S095,28.68915277,28.68915277
TSK006313,S096,7.69234047,7.69234047
TSK006313,S097,47.8624535,47.8624535
TSK006313,S098,7.69234047,7.69234047
TSK006313,S099,39.17459864,39.17459864
TSK006313,S100,7.69234047,7.69234047
TSK006378,S001,71.04488907,71.04488907
TSK006378,S002,63.70734308,63.70734308
TSK006378,S003,55.71132491,55.71132491
TSK006378,S004,100.80625937,100.80625937
TSK006378,S005,30.59076326,30.59076326
TSK006378,S006,51.66932961,51.66932961
TSK006378,S007,13.68412335,13.68412335
TSK006378,S008,22.28443058,22.28443058
TSK006378,S009,32.11947843,32.11947843
TSK006378,S010,86.68689927,86.68689927
TSK006378,S011,13.68412335,13.68412335
TSK006378,S012,13.68412335,13.68412335
TSK006378,S013,30.13040826,30.13040826
TSK006378,S014,25.86203297,25.86203297
TSK006378,S015,13.68412335,13.68412335
TSK006378,S016,33.00337318,33.00337318
TSK006378,S017,40.12192376,40.12192376
TSK006378,S018,13.68412335,13.68412335
TSK006378,S019,50.49563506,50.49563506
TSK006378,S020,13.68412335,13.68412335
TSK006378,S021,119.6725211,119.6725211
TSK006378,S022,58.38010968,58.38010968
TSK006378,S023,25.64779335,25.64779335
TSK006378,S024,44.87216785,44.87216785
TSK006378,S025,40.41291282,40.41291282
TSK006378,S026,40.17936309,40.17936309
TSK006378,S027,24.38060858,24.38060858
TSK006378,S028,34.45620125,34.45620125
TSK006378,S029,26.31626209,26.31626209
TSK006378,S030,20.20500671,20.20500671
TSK006378,S031,50.86373603,50.86373603
TSK006378,S032,73.01306865,73.01306865
TSK006378,S033,13.68412335,13.68412335
TSK006378,S034,13.68412335,13.68412335
TSK006378,S035,55.71132491,55.71132491
TSK006378,S036,19.17027438,19.17027438
TSK006378,S037,88.29378154,88.29378154
TSK006378,S038,51.88159733,51.88159733
TSK006378,S039,30.33670081,30.33670081
TSK006378,S040,61.77021483,61.77021483
TSK006378,S041,13.68412335,13.68412335
TSK006378,S042,23.75584783,23.75584783
TSK006378,S043,56.1507933,56.1507933
TSK006378,S044,13.68412335,13.68412335
TSK006378,S045,26.31626209,26.31626209
TSK006378,S046,154.97014883,154.97014883
TSK006378,S047,31.85045102,31.85045102
TSK006378,S048,13.68412335,13.68412335
TSK006378,S049,13.68412335,13.68412335
TSK006378,S050,96.97667694,96.97667694
TSK006378,S051,91.63409458,91.63409458
TSK006378,S052,30.342335,30.342335
TSK006378,S053,13.68412335,13.68412335
TSK006378,S054,76.38871924,76.38871924
TSK006378,S055,46.74347775,46.74347775
TSK006378,S056,13.68412335,13.68412335
TSK006378,S057,65.92854481,65.92854481
TSK006378,S058,13.68412335,13.68412335
TSK006378,S059,53.60589733,53.60589733
TSK006378,S060,13.68412335,13.68412335
TSK006378,S061,110.97987014,110.97987014
TSK006378,S062,62.93844304,62.93844304
TSK006378,S063,36.64203669,36.64203669
TSK006378,S064,50.49563506,50.49563506
TSK006378,S065,13.68412335,13.68412335
TSK006378,S066,173.79680805,173.79680805
TSK006378,S067,54.18799817,54.18799817
TSK006378,S068,26.727323,26.727323
TSK006378,S069,96.54379821,96.54379821
TSK006378,S070,13.68412335,13.68412335
TSK006378,S071,46.42106756,46.42106756
TSK006378,S072,13.68412335,13.68412335
TSK006378,S073,13.68412335,13.68412335
TSK006378,S074,95.70938677,95.70938677
TSK006378,S075,31.87955881,31.87955881
TSK006378,S076,25.27846809,25.27846809
TSK006378,S077,39.31355051,39.31355051
TSK006378,S078,31.87955881,31.87955881
TSK006378,S079,13.68412335,13.68412335
TSK006378,S080,104.55428105,104.55428105
TSK006378,S081,54.18799817,54.18799817
TSK006378,S082,13.68412335,13.68412335
TSK006378,S083,32.21086314,32.21086314
TSK006378,S084,13.68412335,13.68412335
TSK006378,S085,16.50719163,16.50719163
TSK006378,S086,46.74347775,46.74347775
TSK006378,S087,42.74317219,42.74317219
TSK006378,S088,19.94528409,19.94528409
TSK006378,S089,51.74754869,51.74754869
TSK006378,S090,45.94702231,45.94702231
TSK006378,S091,13.68412335,13.68412335
TSK006378,S092,25.80253973,25.80253973
TSK006378,S093,13.68412335,13.68412335
TSK006378,S094,35.87800532,35.87800532
TSK006378,S095,49.46370849,49.46370849
TSK006378,S096,13.68412335,13.68412335
TSK006378,S097,88.75779001,88.75779001
TSK006378,S098,13.68412335,13.68412335
TSK006378,S099,73.04697121,73.04697121
TSK006378,S100,13.68412335,13.68412335
TSK006437,S001,38.38774546,38.38774546
TSK006437,S002,34.13542224,34.13542224
TSK006437,S003,29.92912584,29.92912584
TSK006437,S004,51.2098087,51.2098087
TSK006437,S005,18.67638871,18.67638871
TSK006437,S006,29.22044481,29.22044481
TSK006437,S007,7.69234047,7.69234047
TSK006437,S008,14.14915584,14.14915584
TSK006437,S009,16.76151134,16.76151134
TSK006437,S010,44.91302901,44.91302901
TSK006437,S011,7.69234047,7.69234047
TSK006437,S012,7.69234047,7.69234047
TSK006437,S013,17.42857852,17.42857852
TSK006437,S014,14.43631786,14.43631786
TSK006437,S015,7.69234047,7.69234047
TSK006437,S016,20.05096725,20.05096725
TSK006437,S017,20.89620856,20.89620856
TSK006437,S018,7.69234047,7.69234047
TSK006437,S019,24.86665745,24.86665745
TSK006437,S020,7.69234047,7.69234047
TSK006437,S021,60.59800427,60.59800427
TSK006437,S022,32.32518473,32.32518473
TSK006437,S023,13.6775075,13.6775075
TSK006437,S024,25.79176458,25.79176458
TSK006437,S025,21.97095541,21.97095541
TSK006437,S026,22.13013096,22.13013096
TSK006437,S027,14.30400065,14.30400065
TSK006437,S028,18.94093418,18.94093418
TSK006437,S029,15.14771612,15.14771612
TSK006437,S030,11.7152081,11.7152081
TSK006437,S031,27.68089685,27.68089685
TSK006437,S032,40.81936602,40.81936602
TSK006437,S033,7.69234047,7.69234047
TSK006437,S034,7.69234047,7.69234047
TSK006437,S035,29.92912584,29.92912584
TSK006437,S036,10.25189025,10.25189025
TSK006437,S037,45.65083138,45.65083138
TSK006437,S038,28.66433331,28.66433331
TSK006437,S039,18.50899468,18.50899468
TSK006437,S040,32.52309518,32.52309518
TSK006437,S041,7.69234047,7.69234047
TSK006437,S042,13.58728524,13.58728524
TSK006437,S043,30.22954364,30.22954364
TSK006437,S044,7.69234047,7.69234047
TSK006437,S045,15.14771612,15.14771612
TSK006437,S046,76.56030177,76.56030177
TSK006437,S047,18.34126355,18.34126355
TSK006437,S048,7.69234047,7.69234047
TSK006437,S049,7.69234047,7.69234047
TSK006437,S050,46.61142633,46.61142633
TSK006437,S051,45.97815687,45.97815687
TSK006437,S052,15.89263917,15.89263917
TSK006437,S053,7.69234047,7.69234047
TSK006437,S054,39.24695223,39.24695223
TSK006437,S055,25.17579949,25.17579949
TSK006437,S056,7.69234047,7.69234047
TSK006437,S057,33.92310222,33.92310222
TSK006437,S058,7.69234047,7.69234047
TSK006437,S059,30.0639212,30.0639212
TSK006437,S060,7.69234047,7.69234047
TSK006437,S061,56.72025715,56.72025715
TSK006437,S062,33.48476942,33.48476942
TSK006437,S063,21.18907586,21.18907586
TSK006437,S064,24.86665745,24.86665745
TSK006437,S065,7.69234047,7.69234047
TSK006437,S066,87.6005675,87.6005675
TSK006437,S067,27.1713061,27.1713061
TSK006437,S068,16.48152109,16.48152109
TSK006437,S069,51.24215667,51.24215667
TSK006437,S070,7.69234047,7.69234047
TSK006437,S071,26.06591081,26.06591081
TSK006437,S072,7.69234047,7.69234047
TSK006437,S073,7.69234047,7.69234047
TSK006437,S074,50.20031023,50.20031023
TSK006437,S075,19.2308735,19.2308735
TSK006437,S076,15.31648424,15.31648424
TSK006437,S077,21.66842788,21.66842788
TSK006437,S078,19.2308735,19.2308735
TSK006437,S079,7.69234047,7.69234047
TSK006437,S080,53.67247475,53.67247475
TSK006437,S081,27.1713061,27.1713061
TSK006437,S082,7.69234047,7.69234047
TSK006437,S083,17.88013717,17.88013717
TSK006437,S084,7.69234047,7.69234047
TSK006437,S085,9.93082006,9.93082006
TSK006437,S086,25.17579949,25.17579949
TSK006437,S087,22.54405819,22.54405819
TSK006437,S088,11.79359134,11.79359134
TSK006437,S089,26.00475876,26.00475876
TSK006437,S090,23.18888316,23.18888316
TSK006437,S091,7.69234047,7.69234047
TSK006437,S092,15.13191403,15.13191403
TSK006437,S093,7.69234047,7.69234047
TSK006437,S094,19.62859084,19.62859084
TSK006437,S095,28.68915277,28.68915277
TSK006437,S096,7.69234047,7.69234047
TSK006437,S097,47.8624535,47.8624535
TSK006437,S098,7.69234047,7.69234047
TSK006437,S099,39.17459864,39.17459864
TSK006437,S100,7.69234047,7.69234047
TSK006530,S001,18.02281824,18.02281824
TSK006530,S002,15.75234302,15.75234302
TSK006530,S003,13.91380088,13.91380088
TSK006530,S004,20.58782067,20.58782067
TSK006530,S005,11.09880101,11.09880101
TSK006530,S006,15.10219439,15.10219439
TSK006530,S007,3.96544952,3.96544952
TSK006530,S008,9.02691861,9.02691861
TSK006530,S009,7.25904524,7.25904524
TSK006530,S010,19.01415937,19.01415937
TSK006530,S011,3.96544952,3.96544952
TSK006530,S012,3.96544952,3.96544952
TSK006530,S013,9.46051908,9.46051908
TSK006530,S014,7.31441809,7.31441809
TSK006530,S015,3.96544952,3.96544952
TSK006530,S016,11.82382575,11.82382575
TSK006530,S017,8.98319256,8.98319256
TSK006530,S018,3.96544952,3.96544952
TSK006530,S019,9.0712126,9.0712126
TSK006530,S020,3.96544952,3.96544952
TSK006530,S021,24.04400374,24.04400374
TSK006530,S022,16.04490126,16.04490126
TSK006530,S023,6.24091274,6.24091274
TSK006530,S024,13.82557815,13.82557815
TSK006530,S025,10.47708377,10.47708377
TSK006530,S026,10.9137214,10.9137214
TSK006530,S027,7.99253424,7.99253424
TSK006530,S028,9.25282853,9.25282853
TSK006530,S029,8.16323643,8.16323643
TSK006530,S030,6.41634885,6.41634885
TSK006530,S031,13.23535527,13.23535527
TSK006530,S032,20.58582328,20.58582328
TSK006530,S033,3.96544952,3.96544952
TSK006530,S034,3.96544952,3.96544952
TSK006530,S035,13.91380088,13.91380088
TSK006530,S036,4.72637963,4.72637963
TSK006530,S037,19.21075429,19.21075429
TSK006530,S038,14.24018434,14.24018434
TSK006530,S039,11.01690566,11.01690566
TSK006530,S040,14.35381417,14.35381417
TSK006530,S041,3.96544952,3.96544952
TSK006530,S042,7.19996508,7.19996508
TSK006530,S043,14.08298874,14.08298874
TSK006530,S044,3.96544952,3.96544952
TSK006530,S045,8.16323643,8.16323643
TSK006530,S046,28.19095816,28.19095816
TSK006530,S047,9.8679956,9.8679956
TSK006530,S048,3.96544952,3.96544952
TSK006530,S049,3.96544952,3.96544952
TSK006530,S050,15.61365506,15.61365506
TSK006530,S051,17.78500615,17.78500615
TSK006530,S052,6.96707094,6.96707094
TSK006530,S053,3.96544952,3.96544952
TSK006530,S054,16.28383005,16.28383005
TSK006530,S055,11.77640646,11.77640646
TSK006530,S056,3.96544952,3.96544952
TSK006530,S057,14.08183009,14.08183009
TSK006530,S058,3.96544952,3.96544952
TSK006530,S059,15.43312033,15.43312033
TSK006530,S060,3.96544952,3.96544952
TSK006530,S061,23.09250326,23.09250326
TSK006530,S062,15.19047929,15.19047929
TSK006530,S063,11.51154063,11.51154063
TSK006530,S064,9.0712126,9.0712126
TSK006530,S065,3.96544952,3.96544952
TSK006530,S066,34.2666684,34.2666684
TSK006530,S067,10.50430896,10.50430896
TSK006530,S068,10.00611622,10.00611622
TSK006530,S069,23.2796417,23.2796417
TSK006530,S070,3.96544952,3.96544952
TSK006530,S071,13.32660612,13.32660612
TSK006530,S072,3.96544952,3.96544952
TSK006530,S073,3.96544952,3.96544952
TSK006530,S074,21.89756412,21.89756412
TSK006530,S075,11.29740943,11.29740943
TSK006530,S076,9.02002002,9.02002002
TSK006530,S077,10.63074829,10.63074829
TSK006530,S078,11.29740943,11.29740943
TSK006530,S079,3.96544952,3.96544952
TSK006530,S080,22.07744671,22.07744671
TSK006530,S081,10.50430896,10.50430896
TSK006530,S082,3.96544952,3.96544952
TSK006530,S083,8.9567695,8.9567695
TSK006530,S084,3.96544952,3.96544952
TSK006530,S085,5.82338013,5.82338013
TSK006530,S086,11.77640646,11.77640646
TSK006530,S087,10.03410376,10.03410376
TSK006530,S088,6.69156426,6.69156426
TSK006530,S089,10.11486948,10.11486948
TSK006530,S090,9.12813193,9.12813193
TSK006530,S091,3.96544952,3.96544952
TSK006530,S092,8.44248465,8.44248465
TSK006530,S093,3.96544952,3.96544952
TSK006530,S094,9.48929562,9.48929562
TSK006530,S095,15.66501861,15.66501861
TSK006530,S096,3.96544952,3.96544952
TSK006530,S097,22.4680521,22.4680521
TSK006530,S098,3.96544952,3.96544952
TSK006530,S099,18.11310607,18.11310607
TSK006530,S100,3.96544952,3.96544952
TSK006544,S001,0.42543395,0.42543395
TSK006544,S002,0.37238142,0.37238142
TSK006544,S003,0.33179456,0.33179456
TSK006544,S004,0.45358303,0.45358303
TSK006544,S005,0.28928428,0.28928428
TSK006544,S006,0.36978442,0.36978442
TSK006544,S007,0.10071586,0.10071586
TSK006544,S008,0.25045913,0.25045913
TSK006544,S009,0.16753735,0.16753735
TSK006544,S010,0.42639654,0.42639654
TSK006544,S011,0.10071586,0.10071586
TSK006544,S012,0.10071586,0.10071586
TSK006544,S013,0.24141773,0.24141773
TSK006544,S014,0.1823878,0.1823878
TSK006544,S015,0.10071586,0.10071586
TSK006544,S016,0.3075923,0.3075923
TSK006544,S017,0.20454608,0.20454608
TSK006544,S018,0.10071586,0.10071586
TSK006544,S019,0.18563471,0.18563471
TSK006544,S020,0.10071586,0.10071586
TSK006544,S021,0.51644348,0.51644348
TSK006544,S022,0.39100786,0.39100786
TSK006544,S023,0.14673994,0.14673994
TSK006544,S024,0.35027435,0.35027435
TSK006544,S025,0.2507621,0.2507621
TSK006544,S026,0.27044761,0.27044761
TSK006544,S027,0.20855403,0.20855403
TSK006544,S028,0.22356263,0.22356263
TSK006544,S029,0.2093526,0.2093526
TSK006544,S030,0.16714029,0.16714029
TSK006544,S031,0.31767283,0.31767283
TSK006544,S032,0.49633604,0.49633604
TSK006544,S033,0.10071586,0.10071586
TSK006544,S034,0.10071586,0.10071586
TSK006544,S035,0.33179456,0.33179456
TSK006544,S036,0.11337162,0.11337162
TSK006544,S037,0.42847239,0.42847239
TSK006544,S038,0.35491081,0.35491081
TSK006544,S039,0.29020503,0.29020503
TSK006544,S040,0.32912905,0.32912905
TSK006544,S041,0.10071586,0.10071586
TSK006544,S042,0.18011136,0.18011136
TSK006544,S043,0.33216146,0.33216146
TSK006544,S044,0.10071586,0.10071586
TSK006544,S045,0.2093526,0.2093526
TSK006544,S046,0.57789044,0.57789044
TSK006544,S047,0.25050536,0.25050536
TSK006544,S048,0.10071586,0.10071586
TSK006544,S049,0.10071586,0.10071586
TSK006544,S050,0.29625618,0.29625618
TSK006544,S051,0.37869231,0.37869231
TSK006544,S052,0.16365659,0.16365659
TSK006544,S053,0.10071586,0.10071586
TSK006544,S054,0.36508085,0.36508085
TSK006544,S055,0.28186562,0.28186562
TSK006544,S056,0.10071586,0.10071586
TSK006544,S057,0.31082034,0.31082034
TSK006544,S058,0.10071586,0.10071586
TSK006544,S059,0.39210766,0.39210766
TSK006544,S060,0.10071586,0.10071586
TSK006544,S061,0.50219973,0.50219973
TSK006544,S062,0.35600341,0.35600341
TSK006544,S063,0.29541997,0.29541997
TSK006544,S064,0.18563471,0.18563471
TSK006544,S065,0.10071586,0.10071586
TSK006544,S066,0.72691191,0.72691191
TSK006544,S067,0.22506515,0.22506515
TSK006544,S068,0.26810644,0.26810644
TSK006544,S069,0.56245532,0.56245532
TSK006544,S070,0.10071586,0.10071586
TSK006544,S071,0.32947809,0.32947809
TSK006544,S072,0.10071586,0.10071586
TSK006544,S073,0.10071586,0.10071586
TSK006544,S074,0.49460493,0.49460493
TSK006544,S075,0.30233441,0.30233441
TSK006544,S076,0.23728829,0.23728829
TSK006544,S077,0.25581983,0.25581983
TSK006544,S078,0.30233441,0.30233441
TSK006544,S079,0.10071586,0.10071586
TSK006544,S080,0.4787313,0.4787313
TSK006544,S081,0.22506515,0.22506515
TSK006544,S082,0.10071586,0.10071586
TSK006544,S083,0.22253865,0.22253865
TSK006544,S084,0.10071586,0.10071586
TSK006544,S085,0.15728197,0.15728197
TSK006544,S086,0.28186562,0.28186562
TSK006544,S087,0.23516106,0.23516106
TSK006544,S088,0.17653219,0.17653219
TSK006544,S089,0.21705382,0.21705382
TSK006544,S090,0.19668725,0.19668725
TSK006544,S091,0.10071586,0.10071586
TSK006544,S092,0.21955471,0.21955471
TSK006544,S093,0.10071586,0.10071586
TSK006544,S094,0.22823868,0.22823868
TSK006544,S095,0.40198354,0.40198354
TSK006544,S096,0.10071586,0.10071586
TSK006544,S097,0.54029569,0.54029569
TSK006544,S098,0.10071586,0.10071586
TSK006544,S099,0.42832743,0.42832743
TSK006544,S100,0.10071586,0.10071586
TSK006611,S001,7.57067646,7.57067646
TSK006611,S002,6.81477547,6.81477547
TSK006611,S003,6.13312993,6.13312993
TSK006611,S004,8.73566287,8.73566287
TSK006611,S005,4.93681279,4.93681279
TSK006611,S006,6.3284126,6.3284126
TSK006611,S007,1.88927591,1.88927591
TSK006611,S008,4.6526503,4.6526503
TSK006611,S009,3.18180901,3.18180901
TSK006611,S010,7.8552627,7.8552627
TSK006611,S011,1.88927591,1.88927591
TSK006611,S012,1.88927591,1.88927591
TSK006611,S013,4.31669662,4.31669662
TSK006611,S014,3.34693064,3.34693064
TSK006611,S015,1.88927591,1.88927591
TSK006611,S016,5.26673295,5.26673295
TSK006611,S017,3.81007085,3.81007085
TSK006611,S018,1.88927591,1.88927591
TSK006611,S019,3.62625235,3.62625235
TSK006611,S020,1.88927591,1.88927591
TSK006611,S021,9.6104834,9.6104834
TSK006611,S022,6.97048479,6.97048479
TSK006611,S023,2.69451552,2.69451552
TSK006611,S024,6.24375314,6.24375314
TSK006611,S025,4.51525839,4.51525839
TSK006611,S026,5.05655423,5.05655423
TSK006611,S027,3.81035454,3.81035454
TSK006611,S028,3.98613792,3.98613792
TSK006611,S029,3.81926175,3.81926175
TSK006611,S030,3.10684408,3.10684408
TSK006611,S031,5.73782245,5.73782245
TSK006611,S032,8.43173704,8.43173704
TSK006611,S033,1.88927591,1.88927591
TSK006611,S034,1.88927591,1.88927591
TSK006611,S035,6.13312993,6.13312993
TSK006611,S036,2.14814371,2.14814371
TSK006611,S037,7.87049078,7.87049078
TSK006611,S038,6.66290269,6.66290269
TSK006611,S039,5.07942988,5.07942988
TSK006611,S040,5.98453252,5.98453252
TSK006611,S041,1.88927591,1.88927591
TSK006611,S042,3.15430257,3.15430257
TSK006611,S043,5.96486192,5.96486192
TSK006611,S044,1.88927591,1.88927591
TSK006611,S045,3.81926175,3.81926175
TSK006611,S046,11.12729852,11.12729852
TSK006611,S047,4.46792061,4.46792061
TSK006611,S048,1.88927591,1.88927591
TSK006611,S049,1.88927591,1.88927591
TSK006611,S050,5.88896427,5.88896427
TSK006611,S051,7.23103959,7.23103959
TSK006611,S052,3.17422415,3.17422415
TSK006611,S053,1.88927591,1.88927591
TSK006611,S054,6.9427207,6.9427207
TSK006611,S055,5.21088281,5.21088281
TSK006611,S056,1.88927591,1.88927591
TSK006611,S057,5.69916039,5.69916039
TSK006611,S058,1.88927591,1.88927591
TSK006611,S059,7.39651503,7.39651503
TSK006611,S060,1.88927591,1.88927591
TSK006611,S061,9.19287477,9.19287477
TSK006611,S062,6.54166243,6.54166243
TSK006611,S063,5.3494934,5.3494934
TSK006611,S064,3.62625235,3.62625235
TSK006611,S065,1.88927591,1.88927591
TSK006611,S066,13.48722844,13.48722844
TSK006611,S067,4.36098968,4.36098968
TSK006611,S068,4.7982345,4.7982345
TSK006611,S069,11.03934173,11.03934173
TSK006611,S070,1.88927591,1.88927591
TSK006611,S071,5.85798586,5.85798586
TSK006611,S072,1.88927591,1.88927591
TSK006611,S073,1.88927591,1.88927591
TSK006611,S074,8.83452168,8.83452168
TSK006611,S075,5.57014667,5.57014667
TSK006611,S076,4.1851931,4.1851931
TSK006611,S077,4.48997718,4.48997718
TSK006611,S078,5.57014667,5.57014667
TSK006611,S079,1.88927591,1.88927591
TSK006611,S080,8.54696879,8.54696879
TSK006611,S081,4.36098968,4.36098968
TSK006611,S082,1.88927591,1.88927591
TSK006611,S083,4.10630615,4.10630615
TSK006611,S084,1.88927591,1.88927591
TSK006611,S085,2.9646128,2.9646128
TSK006611,S086,5.21088281,5.21088281
TSK006611,S087,4.44123772,4.44123772
TSK006611,S088,3.2568648,3.2568648
TSK006611,S089,4.17484042,4.17484042
TSK006611,S090,3.73844617,3.73844617
TSK006611,S091,1.88927591,1.88927591
TSK006611,S092,3.98585501,3.98585501
TSK006611,S093,1.88927591,1.88927591
TSK006611,S094,4.08178441,4.08178441
TSK006611,S095,7.23707357,7.23707357
TSK006611,S096,1.88927591,1.88927591
TSK006611,S097,10.04885606,10.04885606
TSK006611,S098,1.88927591,1.88927591
TSK006611,S099,7.82296371,7.82296371
TSK006611,S100,1.88927591,1.88927591
TSK006690,S001,12.53189375,12.53189375
TSK006690,S002,11.16420779,11.16420779
TSK006690,S003,9.99265135,9.99265135
TSK006690,S004,14.27977716,14.27977716
TSK006690,S005,8.11529875,8.11529875
TSK006690,S006,10.53734395,10.53734395
TSK006690,S007,3.0214827,3.0214827
TSK006690,S008,7.33346533,7.33346533
TSK006690,S009,5.17237687,5.17237687
TSK006690,S010,12.99328654,12.99328654
TSK006690,S011,3.0214827,3.0214827
TSK006690,S012,3.0214827,3.0214827
TSK006690,S013,7.01166693,7.01166693
TSK006690,S014,5.41422205,5.41422205
TSK006690,S015,3.0214827,3.0214827
TSK006690,S016,8.65093789,8.65093789
TSK006690,S017,6.25529105,6.25529105
TSK006690,S018,3.0214827,3.0214827
TSK006690,S019,6.0003684,6.0003684
TSK006690,S020,3.0214827,3.0214827
TSK006690,S021,15.99968154,15.99968154
TSK006690,S022,11.44862227,11.44862227
TSK006690,S023,4.41427353,4.41427353
TSK006690,S024,10.16854372,10.16854372
TSK006690,S025,7.41935264,7.41935264
TSK006690,S026,8.13795025,8.13795025
TSK006690,S027,6.11447047,6.11447047
TSK006690,S028,6.55911298,6.55911298
TSK006690,S029,6.15408006,6.15408006
TSK006690,S030,4.95812551,4.95812551
TSK006690,S031,9.41189505,9.41189505
TSK006690,S032,14.12753955,14.12753955
TSK006690,S033,3.0214827,3.0214827
TSK006690,S034,3.0214827,3.0214827
TSK006690,S035,9.99265135,9.99265135
TSK006690,S036,3.46543667,3.46543667
TSK006690,S037,13.04872282,13.04872282
TSK006690,S038,10.69517442,10.69517442
TSK006690,S039,8.25656216,8.25656216
TSK006690,S040,9.89491731,9.89491731
TSK006690,S041,3.0214827,3.0214827
TSK006690,S042,5.18367874,5.18367874
TSK006690,S043,9.84322284,9.84322284
TSK006690,S044,3.0214827,3.0214827
TSK006690,S045,6.15408006,6.15408006
TSK006690,S046,18.50137394,18.50137394
TSK006690,S047,7.27184353,7.27184353
TSK006690,S048,3.0214827,3.0214827
TSK006690,S049,3.0214827,3.0214827
TSK006690,S050,9.86365936,9.86365936
TSK006690,S051,11.95078394,11.95078394
TSK006690,S052,5.10276383,5.10276383
TSK006690,S053,3.0214827,3.0214827
TSK006690,S054,11.35466414,11.35466414
TSK006690,S055,8.48274331,8.48274331
TSK006690,S056,3.0214827,3.0214827
TSK006690,S057,9.4780988,9.4780988
TSK006690,S058,3.0214827,3.0214827
TSK006690,S059,11.80591149,11.80591149
TSK006690,S060,3.0214827,3.0214827
TSK006690,S061,15.35162938,15.35162938
TSK006690,S062,10.72203716,10.72203716
TSK006690,S063,8.64072961,8.64072961
TSK006690,S064,6.0003684,6.0003684
TSK006690,S065,3.0214827,3.0214827
TSK006690,S066,22.54517934,22.54517934
TSK006690,S067,7.15917566,7.15917566
TSK006690,S068,7.71211169,7.71211169
TSK006690,S069,17.56930155,17.56930155
TSK006690,S070,3.0214827,3.0214827
TSK006690,S071,9.59991188,9.59991188
TSK006690,S072,3.0214827,3.0214827
TSK006690,S073,3.0214827,3.0214827
TSK006690,S074,14.75386294,14.75386294
TSK006690,S075,8.86713958,8.86713958
TSK006690,S076,6.78668349,6.78668349
TSK006690,S077,7.43699854,7.43699854
TSK006690,S078,8.86713958,8.86713958
TSK006690,S079,3.0214827,3.0214827
TSK006690,S080,14.41596415,14.41596415
TSK006690,S081,7.15917566,7.15917566
TSK006690,S082,3.0214827,3.0214827
TSK006690,S083,6.63504984,6.63504984
TSK006690,S084,3.0214827,3.0214827
TSK006690,S085,4.6750079,4.6750079
TSK006690,S086,8.48274331,8.48274331
TSK006690,S087,7.20932565,7.20932565
TSK006690,S088,5.19727828,5.19727828
TSK006690,S089,6.86923183,6.86923183
TSK006690,S090,6.17155419,6.17155419
TSK006690,S091,3.0214827,3.0214827
TSK006690,S092,6.41457491,6.41457491
TSK006690,S093,3.0214827,3.0214827
TSK006690,S094,6.71606558,6.71606558
TSK006690,S095,11.71333151,11.71333151
TSK006690,S096,3.0214827,3.0214827
TSK006690,S097,16.30718304,16.30718304
TSK006690,S098,3.0214827,3.0214827
TSK006690,S099,12.82404586,12.82404586
TSK006690,S100,3.0214827,3.0214827
TSK006739,S001,0.42543395,0.42543395
TSK006739,S002,0.37238142,0.37238142
TSK006739,S003,0.33179456,0.33179456
TSK006739,S004,0.45358303,0.45358303
TSK006739,S005,0.28928428,0.28928428
TSK006739,S006,0.36978442,0.36978442
TSK006739,S007,0.10071586,0.10071586
TSK006739,S008,0.25045913,0.25045913
TSK006739,S009,0.16753735,0.16753735
TSK006739,S010,0.42639654,0.42639654
TSK006739,S011,0.10071586,0.10071586
TSK006739,S012,0.10071586,0.10071586
TSK006739,S013,0.24141773,0.24141773
TSK006739,S014,0.1823878,0.1823878
TSK006739,S015,0.10071586,0.10071586
TSK006739,S016,0.3075923,0.3075923
TSK006739,S017,0.20454608,0.20454608
TSK006739,S018,0.10071586,0.10071586
TSK006739,S019,0.18563471,0.18563471
TSK006739,S020,0.10071586,0.10071586
TSK006739,S021,0.51644348,0.51644348
TSK006739,S022,0.39100786,0.39100786
TSK006739,S023,0.14673994,0.14673994
TSK006739,S024,0.35027435,0.35027435
TSK006739,S025,0.2507621,0.2507621
TSK006739,S026,0.27044761,0.27044761
TSK006739,S027,0.20855403,0.20855403
TSK006739,S028,0.22356263,0.22356263
TSK006739,S029,0.2093526,0.2093526
TSK006739,S030,0.16714029,0.16714029
TSK006739,S031,0.31767283,0.31767283
TSK006739,S032,0.49633604,0.49633604
TSK006739,S033,0.10071586,0.10071586
TSK006739,S034,0.10071586,0.10071586
TSK006739,S035,0.33179456,0.33179456
TSK006739,S036,0.11337162,0.11337162
TSK006739,S037,0.42847239,0.42847239
TSK006739,S038,0.35491081,0.35491081
TSK006739,S039,0.29020503,0.29020503
TSK006739,S040,0.32912905,0.32912905
TSK006739,S041,0.10071586,0.10071586
TSK006739,S042,0.18011136,0.18011136
TSK006739,S043,0.33216146,0.33216146
TSK006739,S044,0.10071586,0.10071586
TSK006739,S045,0.2093526,0.2093526
TSK006739,S046,0.57789044,0.57789044
TSK006739,S047,0.25050536,0.25050536
TSK006739,S048,0.10071586,0.10071586
TSK006739,S049,0.10071586,0.10071586
TSK006739,S050,0.29625618,0.29625618
TSK006739,S051,0.37869231,0.37869231
TSK006739,S052,0.16365659,0.16365659
TSK006739,S053,0.10071586,0.10071586
TSK006739,S054,0.36508085,0.36508085
TSK006739,S055,0.28186562,0.28186562
TSK006739,S056,0.10071586,0.10071586
TSK006739,S057,0.31082034,0.31082034
TSK006739,S058,0.10071586,0.10071586
TSK006739,S059,0.39210766,0.39210766
TSK006739,S060,0.10071586,0.10071586
TSK006739,S061,0.50219973,0.50219973
TSK006739,S062,0.35600341,0.35600341
TSK006739,S063,0.29541997,0.29541997
TSK006739,S064,0.18563471,0.18563471
TSK006739,S065,0.10071586,0.10071586
TSK006739,S066,0.72691191,0.72691191
TSK006739,S067,0.22506515,0.22506515
TSK006739,S068,0.26810644,0.26810644
TSK006739,S069,0.56245532,0.56245532
TSK006739,S070,0.10071586,0.10071586
TSK006739,S071,0.32947809,0.32947809
TSK006739,S072,0.10071586,0.10071586
TSK006739,S073,0.10071586,0.10071586
TSK006739,S074,0.49460493,0.49460493
TSK006739,S075,0.30233441,0.30233441
TSK006739,S076,0.23728829,0.23728829
TSK006739,S077,0.25581983,0.25581983
TSK006739,S078,0.30233441,0.30233441
TSK006739,S079,0.10071586,0.10071586
TSK006739,S080,0.4787313,0.4787313
TSK006739,S081,0.22506515,0.22506515
TSK006739,S082,0.10071586,0.10071586
TSK006739,S083,0.22253865,0.22253865
TSK006739,S084,0.10071586,0.10071586
TSK006739,S085,0.15728197,0.15728197
TSK006739,S086,0.28186562,0.28186562
TSK006739,S087,0.23516106,0.23516106
TSK006739,S088,0.17653219,0.17653219
TSK006739,S089,0.21705382,0.21705382
TSK006739,S090,0.19668725,0.19668725
TSK006739,S091,0.10071586,0.10071586
TSK006739,S092,0.21955471,0.21955471
TSK006739,S093,0.10071586,0.10071586
TSK006739,S094,0.22823868,0.22823868
TSK006739,S095,0.40198354,0.40198354
TSK006739,S096,0.10071586,0.10071586
TSK006739,S097,0.54029569,0.54029569
TSK006739,S098,0.10071586,0.10071586
TSK006739,S099,0.42832743,0.42832743
TSK006739,S100,0.10071586,0.10071586
TSK006874,S001,8.69580556,8.69580556
TSK006874,S002,7.88907063,7.88907063
TSK006874,S003,7.11939286,7.11939286
TSK006874,S004,10.25097711,10.25097711
TSK006874,S005,5.60152305,5.60152305
TSK006874,S006,7.18656481,7.18656481
TSK006874,S007,2.20176405,2.20176405
TSK006874,S008,5.40807041,5.40807041
TSK006874,S009,3.72019569,3.72019569
TSK006874,S010,9.11010348,9.11010348
TSK006874,S011,2.20176405,2.20176405
TSK006874,S012,2.20176405,2.20176405
TSK006874,S013,4.96497049,4.96497049
TSK006874,S014,3.87745194,3.87745194
TSK006874,S015,2.20176405,2.20176405
TSK006874,S016,5.98182328,5.98182328
TSK006874,S017,4.43191925,4.43191925
TSK006874,S018,2.20176405,2.20176405
TSK006874,S019,4.27069599,4.27069599
TSK006874,S020,2.20176405,2.20176405
TSK006874,S021,11.17612764,11.17612764
TSK006874,S022,8.01047705,8.01047705
TSK006874,S023,3.12217591,3.12217591
TSK006874,S024,7.17512934,7.17512934
TSK006874,S025,5.2035915,5.2035915
TSK006874,S026,5.88775695,5.88775695
TSK006874,S027,4.40902636,4.40902636
TSK006874,S028,4.58109384,4.58109384
TSK006874,S029,4.41752394,4.41752394
TSK006874,S030,3.61189711,3.61189711
TSK006874,S031,6.61826729,6.61826729
TSK006874,S032,9.55388108,9.55388108
TSK006874,S033,2.20176405,2.20176405
TSK006874,S034,2.20176405,2.20176405
TSK006874,S035,7.11939286,7.11939286
TSK006874,S036,2.51010436,2.51010436
TSK006874,S037,9.12049822,9.12049822
TSK006874,S038,7.76660224,7.76660224
TSK006874,S039,5.80659402,5.80659402
TSK006874,S040,6.91564622,6.91564622
TSK006874,S041,2.20176405,2.20176405
TSK006874,S042,3.60647666,3.60647666
TSK006874,S043,6.86898556,6.86898556
TSK006874,S044,2.20176405,2.20176405
TSK006874,S045,4.41752394,4.41752394
TSK006874,S046,13.05673914,13.05673914
TSK006874,S047,5.13523958,5.13523958
TSK006874,S048,2.20176405,2.20176405
TSK006874,S049,2.20176405,2.20176405
TSK006874,S050,6.9658373,6.9658373
TSK006874,S051,8.4665472,8.4665472
TSK006874,S052,3.73157621,3.73157621
TSK006874,S053,2.20176405,2.20176405
TSK006874,S054,8.12031151,8.12031151
TSK006874,S055,6.0490526,6.0490526
TSK006874,S056,2.20176405,2.20176405
TSK006874,S057,6.60107899,6.60107899
TSK006874,S058,2.20176405,2.20176405
TSK006874,S059,8.63267245,8.63267245
TSK006874,S060,2.20176405,2.20176405
TSK006874,S061,10.64280722,10.64280722
TSK006874,S062,7.58136174,7.58136174
TSK006874,S063,6.17473127,6.17473127
TSK006874,S064,4.27069599,4.27069599
TSK006874,S065,2.20176405,2.20176405
TSK006874,S066,15.67197605,15.67197605
TSK006874,S067,5.12543485,5.12543485
TSK006874,S068,5.52023255,5.52023255
TSK006874,S069,13.01673747,13.01673747
TSK006874,S070,2.20176405,2.20176405
TSK006874,S071,6.72690107,6.72690107
TSK006874,S072,2.20176405,2.20176405
TSK006874,S073,2.20176405,2.20176405
TSK006874,S074,10.15824387,10.15824387
TSK006874,S075,6.46008065,6.46008065
TSK006874,S076,4.79495988,4.79495988
TSK006874,S077,5.13687267,5.13687267
TSK006874,S078,6.46008065,6.46008065
TSK006874,S079,2.20176405,2.20176405
TSK006874,S080,9.82629588,9.82629588
TSK006874,S081,5.12543485,5.12543485
TSK006874,S082,2.20176405,2.20176405
TSK006874,S083,4.76435346,4.76435346
TSK006874,S084,2.20176405,2.20176405
TSK006874,S085,3.45937898,3.45937898
TSK006874,S086,6.0490526,6.0490526
TSK006874,S087,5.18511704,5.18511704
TSK006874,S088,3.77862108,3.77862108
TSK006874,S089,4.89737472,4.89737472
TSK006874,S090,4.37194897,4.37194897
TSK006874,S091,2.20176405,2.20176405
TSK006874,S092,4.60398765,4.60398765
TSK006874,S093,2.20176405,2.20176405
TSK006874,S094,4.69501943,4.69501943
TSK006874,S095,8.3399813,8.3399813
TSK006874,S096,2.20176405,2.20176405
TSK006874,S097,11.68419891,11.68419891
TSK006874,S098,2.20176405,2.20176405
TSK006874,S099,9.05121686,9.05121686
TSK006874,S100,2.20176405,2.20176405
TSK006877,S001,25.21419957,25.21419957
TSK006877,S002,21.97477608,21.97477608
TSK006877,S003,19.27924624,19.27924624
TSK006877,S004,29.97805582,29.97805582
TSK006877,S005,14.4615117,14.4615117
TSK006877,S006,20.64150932,20.64150932
TSK006877,S007,5.23702738,5.23702738
TSK006877,S008,11.06386638,11.06386638
TSK006877,S009,10.26733722,10.26733722
TSK006877,S010,27.45695172,27.45695172
TSK006877,S011,5.23702738,5.23702738
TSK006877,S012,5.23702738,5.23702738
TSK006877,S013,12.49370069,12.49370069
TSK006877,S014,9.81469477,9.81469477
TSK006877,S015,5.23702738,5.23702738
TSK006877,S016,15.42631807,15.42631807
TSK006877,S017,12.83634632,12.83634632
TSK006877,S018,5.23702738,5.23702738
TSK006877,S019,13.78124107,13.78124107
TSK006877,S020,5.23702738,5.23702738
TSK006877,S021,35.62894324,35.62894324
TSK006877,S022,21.94485338,21.94485338
TSK006877,S023,8.73661377,8.73661377
TSK006877,S024,18.3656877,18.3656877
TSK006877,S025,14.50568467,14.50568467
TSK006877,S026,14.69303897,14.69303897
TSK006877,S027,10.35006609,10.35006609
TSK006877,S028,12.73351044,12.73351044
TSK006877,S029,10.72163599,10.72163599
TSK006877,S030,8.30906754,8.30906754
TSK006877,S031,18.28426737,18.28426737
TSK006877,S032,28.46325633,28.46325633
TSK006877,S033,5.23702738,5.23702738
TSK006877,S034,5.23702738,5.23702738
TSK006877,S035,19.27924624,19.27924624
TSK006877,S036,6.51040206,6.51040206
TSK006877,S037,27.84118036,27.84118036
TSK006877,S038,19.08237133,19.08237133
TSK006877,S039,14.20326439,14.20326439
TSK006877,S040,20.44845728,20.44845728
TSK006877,S041,5.23702738,5.23702738
TSK006877,S042,9.67030394,9.67030394
TSK006877,S043,19.70165221,19.70165221
TSK006877,S044,5.23702738,5.23702738
TSK006877,S045,10.72163599,10.72163599
TSK006877,S046,42.82302168,42.82302168
TSK006877,S047,13.08767403,13.08767403
TSK006877,S048,5.23702738,5.23702738
TSK006877,S049,5.23702738,5.23702738
TSK006877,S050,24.65497698,24.65497698
TSK006877,S051,26.44980312,26.44980312
TSK006877,S052,9.72284333,9.72284333
TSK006877,S053,5.23702738,5.23702738
TSK006877,S054,23.47069946,23.47069946
TSK006877,S055,16.27495287,16.27495287
TSK006877,S056,5.23702738,5.23702738
TSK006877,S057,20.54340542,20.54340542
TSK006877,S058,5.23702738,5.23702738
TSK006877,S059,20.36762286,20.36762286
TSK006877,S060,5.23702738,5.23702738
TSK006877,S061,33.99875848,33.99875848
TSK006877,S062,21.31161919,21.31161919
TSK006877,S063,15.1199245,15.1199245
TSK006877,S064,13.78124107,13.78124107
TSK006877,S065,5.23702738,5.23702738
TSK006877,S066,51.15826145,51.15826145
TSK006877,S067,15.55080698,15.55080698
TSK006877,S068,12.69306187,12.69306187
TSK006877,S069,31.81793124,31.81793124
TSK006877,S070,5.23702738,5.23702738
TSK006877,S071,18.03834711,18.03834711
TSK006877,S072,5.23702738,5.23702738
TSK006877,S073,5.23702738,5.23702738
TSK006877,S074,31.53593961,31.53593961
TSK006877,S075,14.31161492,14.31161492
TSK006877,S076,11.63470475,11.63470475
TSK006877,S077,14.68744778,14.68744778
TSK006877,S078,14.31161492,14.31161492
TSK006877,S079,5.23702738,5.23702738
TSK006877,S080,32.60822818,32.60822818
TSK006877,S081,15.55080698,15.55080698
TSK006877,S082,5.23702738,5.23702738
TSK006877,S083,12.0462985,12.0462985
TSK006877,S084,5.23702738,5.23702738
TSK006877,S085,7.30369523,7.30369523
TSK006877,S086,16.27495287,16.27495287
TSK006877,S087,14.0512515,14.0512515
TSK006877,S088,8.57988098,8.57988098
TSK006877,S089,14.96732042,14.96732042
TSK006877,S090,13.48376213,13.48376213
TSK006877,S091,5.23702738,5.23702738
TSK006877,S092,10.9684989,10.9684989
TSK006877,S093,5.23702738,5.23702738
TSK006877,S094,13.09852591,13.09852591
TSK006877,S095,20.58558406,20.58558406
TSK006877,S096,5.23702738,5.23702738
TSK006877,S097,30.93430823,30.93430823
TSK006877,S098,5.23702738,5.23702738
TSK006877,S099,25.26583742,25.26583742
TSK006877,S100,5.23702738,5.23702738
TSK006919,S001,0.42543395,0.42543395
TSK006919,S002,0.37238142,0.37238142
TSK006919,S003,0.33179456,0.33179456
TSK006919,S004,0.45358303,0.45358303
TSK006919,S005,0.28928428,0.28928428
TSK006919,S006,0.36978442,0.36978442
TSK006919,S007,0.10071586,0.10071586
TSK006919,S008,0.25045913,0.25045913
TSK006919,S009,0.16753735,0.16753735
TSK006919,S010,0.42639654,0.42639654
TSK006919,S011,0.10071586,0.10071586
TSK006919,S012,0.10071586,0.10071586
TSK006919,S013,0.24141773,0.24141773
TSK006919,S014,0.1823878,0.1823878
TSK006919,S015,0.10071586,0.10071586
TSK006919,S016,0.3075923,0.3075923
TSK006919,S017,0.20454608,0.20454608
TSK006919,S018,0.10071586,0.10071586
TSK006919,S019,0.18563471,0.18563471
TSK006919,S020,0.10071586,0.10071586
TSK006919,S021,0.51644348,0.51644348
TSK006919,S022,0.39100786,0.39100786
TSK006919,S023,0.14673994,0.14673994
TSK006919,S024,0.35027435,0.35027435
TSK006919,S025,0.2507621,0.2507621
TSK006919,S026,0.27044761,0.27044761
TSK006919,S027,0.20855403,0.20855403
TSK006919,S028,0.22356263,0.22356263
TSK006919,S029,0.2093526,0.2093526
TSK006919,S030,0.16714029,0.16714029
TSK006919,S031,0.31767283,0.31767283
TSK006919,S032,0.49633604,0.49633604
TSK006919,S033,0.10071586,0.10071586
TSK006919,S034,0.10071586,0.10071586
TSK006919,S035,0.33179456,0.33179456
TSK006919,S036,0.11337162,0.11337162
TSK006919,S037,0.42847239,0.42847239
TSK006919,S038,0.35491081,0.35491081
TSK006919,S039,0.29020503,0.29020503
TSK006919,S040,0.32912905,0.32912905
TSK006919,S041,0.10071586,0.10071586
TSK006919,S042,0.18011136,0.18011136
TSK006919,S043,0.33216146,0.33216146
TSK006919,S044,0.10071586,0.10071586
TSK006919,S045,0.2093526,0.2093526
TSK006919,S046,0.57789044,0.57789044
TSK006919,S047,0.25050536,0.25050536
TSK006919,S048,0.10071586,0.10071586
TSK006919,S049,0.10071586,0.10071586
TSK006919,S050,0.29625618,0.29625618
TSK006919,S051,0.37869231,0.37869231
TSK006919,S052,0.16365659,0.16365659
TSK006919,S053,0.10071586,0.10071586
TSK006919,S054,0.36508085,0.36508085
TSK006919,S055,0.28186562,0.28186562
TSK006919,S056,0.10071586,0.10071586
TSK006919,S057,0.31082034,0.31082034
TSK006919,S058,0.10071586,0.10071586
TSK006919,S059,0.39210766,0.39210766
TSK006919,S060,0.10071586,0.10071586
TSK006919,S061,0.50219973,0.50219973
TSK006919,S062,0.35600341,0.35600341
TSK006919,S063,0.29541997,0.29541997
TSK006919,S064,0.18563471,0.18563471
TSK006919,S065,0.10071586,0.10071586
TSK006919,S066,0.72691191,0.72691191
TSK006919,S067,0.22506515,0.22506515
TSK006919,S068,0.26810644,0.26810644
TSK006919,S069,0.56245532,0.56245532
TSK006919,S070,0.10071586,0.10071586
TSK006919,S071,0.32947809,0.32947809
TSK006919,S072,0.10071586,0.10071586
TSK006919,S073,0.10071586,0.10071586
TSK006919,S074,0.49460493,0.49460493
TSK006919,S075,0.30233441,0.30233441
TSK006919,S076,0.23728829,0.23728829
TSK006919,S077,0.25581983,0.25581983
TSK006919,S078,0.30233441,0.30233441
TSK006919,S079,0.10071586,0.10071586
TSK006919,S080,0.4787313,0.4787313
TSK006919,S081,0.22506515,0.22506515
TSK006919,S082,0.10071586,0.10071586
TSK006919,S083,0.22253865,0.22253865
TSK006919,S084,0.10071586,0.10071586
TSK006919,S085,0.15728197,0.15728197
TSK006919,S086,0.28186562,0.28186562
TSK006919,S087,0.23516106,0.23516106
TSK006919,S088,0.17653219,0.17653219
TSK006919,S089,0.21705382,0.21705382
TSK006919,S090,0.19668725,0.19668725
TSK006919,S091,0.10071586,0.10071586
TSK006919,S092,0.21955471,0.21955471
TSK006919,S093,0.10071586,0.10071586
TSK006919,S094,0.22823868,0.22823868
TSK006919,S095,0.40198354,0.40198354
TSK006919,S096,0.10071586,0.10071586
TSK006919,S097,0.54029569,0.54029569
TSK006919,S098,0.10071586,0.10071586
TSK006919,S099,0.42832743,0.42832743
TSK006919,S100,0.10071586,0.10071586
