vehicle_id,task_id,q_ki
VEH000098,TSK000063,0
VEH000337,TSK000063,1
VEH000484,TSK000063,0
VEH000514,TSK000063,1
VEH000006,TSK000063,0
VEH000036,TSK000063,0
VEH000045,TSK000063,1
VEH000506,TSK000063,1
VEH000229,TSK000063,0
VEH000091,TSK000063,1
VEH000515,TSK000063,1
VEH000427,TSK000063,1
VEH000259,TSK000063,1
VEH000218,TSK000063,0
VEH000393,TSK000063,1
VEH000352,TSK000063,0
VEH000341,TSK000063,1
VEH000305,TSK000063,1
VEH000267,TSK000063,1
VEH000051,TSK000063,0
VEH000043,TSK000063,1
VEH000087,TSK000063,0
VEH000517,TSK000063,0
VEH000078,TSK000063,0
VEH000339,TSK000063,1
VEH000499,TSK000063,0
VEH000223,TSK000063,0
VEH000485,TSK000063,0
VEH000482,TSK000063,1
VEH000401,TSK000063,1
VEH000081,TSK000063,1
VEH000429,TSK000063,0
VEH000274,TSK000063,1
VEH000035,TSK000063,0
VEH000531,TSK000063,0
VEH000523,TSK000063,0
VEH000359,TSK000063,0
VEH000328,TSK000063,1
VEH000307,TSK000063,1
VEH000062,TSK000063,0
VEH000070,TSK000063,1
VEH000015,TSK000063,0
VEH000040,TSK000063,0
VEH000093,TSK000063,1
VEH000327,TSK000063,1
VEH000528,TSK000063,1
VEH000441,TSK000063,1
VEH000366,TSK000063,0
VEH000242,TSK000063,0
VEH000019,TSK000063,0
VEH000098,TSK000119,0
VEH000337,TSK000119,1
VEH000484,TSK000119,1
VEH000514,TSK000119,1
VEH000006,TSK000119,1
VEH000036,TSK000119,1
VEH000045,TSK000119,1
VEH000506,TSK000119,0
VEH000229,TSK000119,0
VEH000091,TSK000119,1
VEH000515,TSK000119,0
VEH000427,TSK000119,0
VEH000259,TSK000119,0
VEH000218,TSK000119,0
VEH000393,TSK000119,1
VEH000352,TSK000119,0
VEH000341,TSK000119,1
VEH000305,TSK000119,1
VEH000267,TSK000119,0
VEH000051,TSK000119,1
VEH000043,TSK000119,0
VEH000087,TSK000119,1
VEH000517,TSK000119,1
VEH000078,TSK000119,0
VEH000339,TSK000119,0
VEH000499,TSK000119,0
VEH000223,TSK000119,1
VEH000485,TSK000119,0
VEH000482,TSK000119,1
VEH000401,TSK000119,1
VEH000081,TSK000119,0
VEH000429,TSK000119,0
VEH000274,TSK000119,1
VEH000035,TSK000119,1
VEH000531,TSK000119,1
VEH000523,TSK000119,0
VEH000359,TSK000119,1
VEH000328,TSK000119,1
VEH000307,TSK000119,1
VEH000062,TSK000119,0
VEH000070,TSK000119,0
VEH000015,TSK000119,1
VEH000040,TSK000119,1
VEH000093,TSK000119,1
VEH000327,TSK000119,0
VEH000528,TSK000119,0
VEH000441,TSK000119,0
VEH000366,TSK000119,0
VEH000242,TSK000119,0
VEH000019,TSK000119,0
VEH000098,TSK000241,1
VEH000337,TSK000241,1
VEH000484,TSK000241,1
VEH000514,TSK000241,1
VEH000006,TSK000241,0
VEH000036,TSK000241,1
VEH000045,TSK000241,1
VEH000506,TSK000241,1
VEH000229,TSK000241,1
VEH000091,TSK000241,0
VEH000515,TSK000241,0
VEH000427,TSK000241,1
VEH000259,TSK000241,1
VEH000218,TSK000241,1
VEH000393,TSK000241,0
VEH000352,TSK000241,1
VEH000341,TSK000241,1
VEH000305,TSK000241,1
VEH000267,TSK000241,1
VEH000051,TSK000241,0
VEH000043,TSK000241,0
VEH000087,TSK000241,0
VEH000517,TSK000241,0
VEH000078,TSK000241,0
VEH000339,TSK000241,1
VEH000499,TSK000241,1
VEH000223,TSK000241,1
VEH000485,TSK000241,0
VEH000482,TSK000241,0
VEH000401,TSK000241,0
VEH000081,TSK000241,1
VEH000429,TSK000241,0
VEH000274,TSK000241,0
VEH000035,TSK000241,0
VEH000531,TSK000241,0
VEH000523,TSK000241,0
VEH000359,TSK000241,1
VEH000328,TSK000241,1
VEH000307,TSK000241,1
VEH000062,TSK000241,0
VEH000070,TSK000241,0
VEH000015,TSK000241,0
VEH000040,TSK000241,0
VEH000093,TSK000241,0
VEH000327,TSK000241,1
VEH000528,TSK000241,0
VEH000441,TSK000241,0
VEH000366,TSK000241,1
VEH000242,TSK000241,0
VEH000019,TSK000241,1
VEH000098,TSK000309,1
VEH000337,TSK000309,0
VEH000484,TSK000309,1
VEH000514,TSK000309,0
VEH000006,TSK000309,1
VEH000036,TSK000309,1
VEH000045,TSK000309,0
VEH000506,TSK000309,0
VEH000229,TSK000309,0
VEH000091,TSK000309,1
VEH000515,TSK000309,1
VEH000427,TSK000309,1
VEH000259,TSK000309,1
VEH000218,TSK000309,0
VEH000393,TSK000309,1
VEH000352,TSK000309,0
VEH000341,TSK000309,1
VEH000305,TSK000309,0
VEH000267,TSK000309,0
VEH000051,TSK000309,1
VEH000043,TSK000309,0
VEH000087,TSK000309,0
VEH000517,TSK000309,1
VEH000078,TSK000309,0
VEH000339,TSK000309,1
VEH000499,TSK000309,1
VEH000223,TSK000309,1
VEH000485,TSK000309,1
VEH000482,TSK000309,0
VEH000401,TSK000309,1
VEH000081,TSK000309,0
VEH000429,TSK000309,1
VEH000274,TSK000309,0
VEH000035,TSK000309,1
VEH000531,TSK000309,1
VEH000523,TSK000309,1
VEH000359,TSK000309,0
VEH000328,TSK000309,1
VEH000307,TSK000309,0
VEH000062,TSK000309,0
VEH000070,TSK000309,0
VEH000015,TSK000309,0
VEH000040,TSK000309,0
VEH000093,TSK000309,0
VEH000327,TSK000309,1
VEH000528,TSK000309,0
VEH000441,TSK000309,0
VEH000366,TSK000309,0
VEH000242,TSK000309,1
VEH000019,TSK000309,1
VEH000098,TSK000401,0
VEH000337,TSK000401,1
VEH000484,TSK000401,0
VEH000514,TSK000401,1
VEH000006,TSK000401,0
VEH000036,TSK000401,1
VEH000045,TSK000401,0
VEH000506,TSK000401,0
VEH000229,TSK000401,0
VEH000091,TSK000401,1
VEH000515,TSK000401,1
VEH000427,TSK000401,0
VEH000259,TSK000401,0
VEH000218,TSK000401,1
VEH000393,TSK000401,1
VEH000352,TSK000401,1
VEH000341,TSK000401,0
VEH000305,TSK000401,0
VEH000267,TSK000401,0
VEH000051,TSK000401,1
VEH000043,TSK000401,0
VEH000087,TSK000401,1
VEH000517,TSK000401,0
VEH000078,TSK000401,0
VEH000339,TSK000401,0
VEH000499,TSK000401,0
VEH000223,TSK000401,1
VEH000485,TSK000401,1
VEH000482,TSK000401,0
VEH000401,TSK000401,1
VEH000081,TSK000401,1
VEH000429,TSK000401,1
VEH000274,TSK000401,1
VEH000035,TSK000401,1
VEH000531,TSK000401,0
VEH000523,TSK000401,0
VEH000359,TSK000401,1
VEH000328,TSK000401,0
VEH000307,TSK000401,1
VEH000062,TSK000401,0
VEH000070,TSK000401,1
VEH000015,TSK000401,0
VEH000040,TSK000401,0
VEH000093,TSK000401,1
VEH000327,TSK000401,1
VEH000528,TSK000401,1
VEH000441,TSK000401,0
VEH000366,TSK000401,0
VEH000242,TSK000401,1
VEH000019,TSK000401,1
VEH000098,TSK000474,0
VEH000337,TSK000474,1
VEH000484,TSK000474,0
VEH000514,TSK000474,1
VEH000006,TSK000474,1
VEH000036,TSK000474,1
VEH000045,TSK000474,1
VEH000506,TSK000474,0
VEH000229,TSK000474,0
VEH000091,TSK000474,0
VEH000515,TSK000474,0
VEH000427,TSK000474,1
VEH000259,TSK000474,0
VEH000218,TSK000474,0
VEH000393,TSK000474,0
VEH000352,TSK000474,1
VEH000341,TSK000474,1
VEH000305,TSK000474,0
VEH000267,TSK000474,1
VEH000051,TSK000474,1
VEH000043,TSK000474,0
VEH000087,TSK000474,1
VEH000517,TSK000474,1
VEH000078,TSK000474,0
VEH000339,TSK000474,1
VEH000499,TSK000474,0
VEH000223,TSK000474,1
VEH000485,TSK000474,1
VEH000482,TSK000474,0
VEH000401,TSK000474,0
VEH000081,TSK000474,0
VEH000429,TSK000474,0
VEH000274,TSK000474,0
VEH000035,TSK000474,1
VEH000531,TSK000474,1
VEH000523,TSK000474,1
VEH000359,TSK000474,0
VEH000328,TSK000474,0
VEH000307,TSK000474,1
VEH000062,TSK000474,1
VEH000070,TSK000474,0
VEH000015,TSK000474,1
VEH000040,TSK000474,1
VEH000093,TSK000474,0
VEH000327,TSK000474,0
VEH000528,TSK000474,1
VEH000441,TSK000474,1
VEH000366,TSK000474,0
VEH000242,TSK000474,0
VEH000019,TSK000474,1
VEH000098,TSK000541,0
VEH000337,TSK000541,0
VEH000484,TSK000541,0
VEH000514,TSK000541,1
VEH000006,TSK000541,1
VEH000036,TSK000541,1
VEH000045,TSK000541,0
VEH000506,TSK000541,1
VEH000229,TSK000541,1
VEH000091,TSK000541,1
VEH000515,TSK000541,1
VEH000427,TSK000541,0
VEH000259,TSK000541,0
VEH000218,TSK000541,0
VEH000393,TSK000541,0
VEH000352,TSK000541,0
VEH000341,TSK000541,0
VEH000305,TSK000541,1
VEH000267,TSK000541,1
VEH000051,TSK000541,1
VEH000043,TSK000541,0
VEH000087,TSK000541,1
VEH000517,TSK000541,0
VEH000078,TSK000541,1
VEH000339,TSK000541,1
VEH000499,TSK000541,0
VEH000223,TSK000541,1
VEH000485,TSK000541,0
VEH000482,TSK000541,1
VEH000401,TSK000541,0
VEH000081,TSK000541,1
VEH000429,TSK000541,0
VEH000274,TSK000541,1
VEH000035,TSK000541,1
VEH000531,TSK000541,0
VEH000523,TSK000541,0
VEH000359,TSK000541,1
VEH000328,TSK000541,0
VEH000307,TSK000541,1
VEH000062,TSK000541,0
VEH000070,TSK000541,0
VEH000015,TSK000541,0
VEH000040,TSK000541,1
VEH000093,TSK000541,1
VEH000327,TSK000541,0
VEH000528,TSK000541,1
VEH000441,TSK000541,0
VEH000366,TSK000541,1
VEH000242,TSK000541,1
VEH000019,TSK000541,0
VEH000098,TSK000668,0
VEH000337,TSK000668,1
VEH000484,TSK000668,1
VEH000514,TSK000668,0
VEH000006,TSK000668,0
VEH000036,TSK000668,0
VEH000045,TSK000668,0
VEH000506,TSK000668,0
VEH000229,TSK000668,1
VEH000091,TSK000668,0
VEH000515,TSK000668,0
VEH000427,TSK000668,1
VEH000259,TSK000668,1
VEH000218,TSK000668,1
VEH000393,TSK000668,1
VEH000352,TSK000668,1
VEH000341,TSK000668,0
VEH000305,TSK000668,0
VEH000267,TSK000668,1
VEH000051,TSK000668,0
VEH000043,TSK000668,0
VEH000087,TSK000668,1
VEH000517,TSK000668,1
VEH000078,TSK000668,1
VEH000339,TSK000668,0
VEH000499,TSK000668,0
VEH000223,TSK000668,1
VEH000485,TSK000668,1
VEH000482,TSK000668,1
VEH000401,TSK000668,0
VEH000081,TSK000668,0
VEH000429,TSK000668,0
VEH000274,TSK000668,0
VEH000035,TSK000668,0
VEH000531,TSK000668,0
VEH000523,TSK000668,1
VEH000359,TSK000668,0
VEH000328,TSK000668,1
VEH000307,TSK000668,1
VEH000062,TSK000668,0
VEH000070,TSK000668,1
VEH000015,TSK000668,1
VEH000040,TSK000668,1
VEH000093,TSK000668,0
VEH000327,TSK000668,1
VEH000528,TSK000668,1
VEH000441,TSK000668,0
VEH000366,TSK000668,1
VEH000242,TSK000668,1
VEH000019,TSK000668,0
VEH000098,TSK000709,0
VEH000337,TSK000709,1
VEH000484,TSK000709,1
VEH000514,TSK000709,0
VEH000006,TSK000709,1
VEH000036,TSK000709,1
VEH000045,TSK000709,0
VEH000506,TSK000709,0
VEH000229,TSK000709,0
VEH000091,TSK000709,0
VEH000515,TSK000709,1
VEH000427,TSK000709,1
VEH000259,TSK000709,1
VEH000218,TSK000709,0
VEH000393,TSK000709,1
VEH000352,TSK000709,1
VEH000341,TSK000709,1
VEH000305,TSK000709,1
VEH000267,TSK000709,0
VEH000051,TSK000709,0
VEH000043,TSK000709,0
VEH000087,TSK000709,0
VEH000517,TSK000709,0
VEH000078,TSK000709,0
VEH000339,TSK000709,0
VEH000499,TSK000709,1
VEH000223,TSK000709,0
VEH000485,TSK000709,0
VEH000482,TSK000709,1
VEH000401,TSK000709,1
VEH000081,TSK000709,0
VEH000429,TSK000709,0
VEH000274,TSK000709,1
VEH000035,TSK000709,1
VEH000531,TSK000709,1
VEH000523,TSK000709,0
VEH000359,TSK000709,1
VEH000328,TSK000709,0
VEH000307,TSK000709,0
VEH000062,TSK000709,0
VEH000070,TSK000709,1
VEH000015,TSK000709,1
VEH000040,TSK000709,1
VEH000093,TSK000709,1
VEH000327,TSK000709,0
VEH000528,TSK000709,1
VEH000441,TSK000709,0
VEH000366,TSK000709,1
VEH000242,TSK000709,1
VEH000019,TSK000709,0
VEH000098,TSK000735,1
VEH000337,TSK000735,0
VEH000484,TSK000735,1
VEH000514,TSK000735,1
VEH000006,TSK000735,1
VEH000036,TSK000735,0
VEH000045,TSK000735,0
VEH000506,TSK000735,0
VEH000229,TSK000735,0
VEH000091,TSK000735,1
VEH000515,TSK000735,1
VEH000427,TSK000735,1
VEH000259,TSK000735,1
VEH000218,TSK000735,1
VEH000393,TSK000735,1
VEH000352,TSK000735,0
VEH000341,TSK000735,1
VEH000305,TSK000735,0
VEH000267,TSK000735,1
VEH000051,TSK000735,0
VEH000043,TSK000735,1
VEH000087,TSK000735,0
VEH000517,TSK000735,0
VEH000078,TSK000735,0
VEH000339,TSK000735,1
VEH000499,TSK000735,1
VEH000223,TSK000735,1
VEH000485,TSK000735,1
VEH000482,TSK000735,0
VEH000401,TSK000735,1
VEH000081,TSK000735,0
VEH000429,TSK000735,0
VEH000274,TSK000735,0
VEH000035,TSK000735,0
VEH000531,TSK000735,1
VEH000523,TSK000735,0
VEH000359,TSK000735,0
VEH000328,TSK000735,0
VEH000307,TSK000735,0
VEH000062,TSK000735,0
VEH000070,TSK000735,1
VEH000015,TSK000735,1
VEH000040,TSK000735,0
VEH000093,TSK000735,1
VEH000327,TSK000735,1
VEH000528,TSK000735,1
VEH000441,TSK000735,0
VEH000366,TSK000735,1
VEH000242,TSK000735,0
VEH000019,TSK000735,0
VEH000098,TSK000779,0
VEH000337,TSK000779,1
VEH000484,TSK000779,1
VEH000514,TSK000779,1
VEH000006,TSK000779,0
VEH000036,TSK000779,1
VEH000045,TSK000779,1
VEH000506,TSK000779,0
VEH000229,TSK000779,1
VEH000091,TSK000779,0
VEH000515,TSK000779,1
VEH000427,TSK000779,1
VEH000259,TSK000779,1
VEH000218,TSK000779,0
VEH000393,TSK000779,0
VEH000352,TSK000779,0
VEH000341,TSK000779,0
VEH000305,TSK000779,0
VEH000267,TSK000779,1
VEH000051,TSK000779,1
VEH000043,TSK000779,0
VEH000087,TSK000779,0
VEH000517,TSK000779,0
VEH000078,TSK000779,1
VEH000339,TSK000779,1
VEH000499,TSK000779,1
VEH000223,TSK000779,0
VEH000485,TSK000779,1
VEH000482,TSK000779,1
VEH000401,TSK000779,0
VEH000081,TSK000779,0
VEH000429,TSK000779,0
VEH000274,TSK000779,0
VEH000035,TSK000779,1
VEH000531,TSK000779,0
VEH000523,TSK000779,1
VEH000359,TSK000779,0
VEH000328,TSK000779,1
VEH000307,TSK000779,0
VEH000062,TSK000779,0
VEH000070,TSK000779,0
VEH000015,TSK000779,1
VEH000040,TSK000779,1
VEH000093,TSK000779,1
VEH000327,TSK000779,1
VEH000528,TSK000779,0
VEH000441,TSK000779,0
VEH000366,TSK000779,0
VEH000242,TSK000779,1
VEH000019,TSK000779,1
VEH000098,TSK000782,1
VEH000337,TSK000782,0
VEH000484,TSK000782,1
VEH000514,TSK000782,0
VEH000006,TSK000782,0
VEH000036,TSK000782,1
VEH000045,TSK000782,1
VEH000506,TSK000782,0
VEH000229,TSK000782,0
VEH000091,TSK000782,0
VEH000515,TSK000782,1
VEH000427,TSK000782,0
VEH000259,TSK000782,0
VEH000218,TSK000782,0
VEH000393,TSK000782,1
VEH000352,TSK000782,0
VEH000341,TSK000782,1
VEH000305,TSK000782,1
VEH000267,TSK000782,1
VEH000051,TSK000782,0
VEH000043,TSK000782,0
VEH000087,TSK000782,1
VEH000517,TSK000782,0
VEH000078,TSK000782,1
VEH000339,TSK000782,0
VEH000499,TSK000782,1
VEH000223,TSK000782,1
VEH000485,TSK000782,0
VEH000482,TSK000782,0
VEH000401,TSK000782,0
VEH000081,TSK000782,1
VEH000429,TSK000782,0
VEH000274,TSK000782,1
VEH000035,TSK000782,0
VEH000531,TSK000782,1
VEH000523,TSK000782,1
VEH000359,TSK000782,0
VEH000328,TSK000782,1
VEH000307,TSK000782,1
VEH000062,TSK000782,0
VEH000070,TSK000782,0
VEH000015,TSK000782,1
VEH000040,TSK000782,1
VEH000093,TSK000782,0
VEH000327,TSK000782,0
VEH000528,TSK000782,1
VEH000441,TSK000782,1
VEH000366,TSK000782,1
VEH000242,TSK000782,0
VEH000019,TSK000782,1
VEH000098,TSK000802,0
VEH000337,TSK000802,1
VEH000484,TSK000802,0
VEH000514,TSK000802,0
VEH000006,TSK000802,0
VEH000036,TSK000802,1
VEH000045,TSK000802,1
VEH000506,TSK000802,1
VEH000229,TSK000802,1
VEH000091,TSK000802,1
VEH000515,TSK000802,1
VEH000427,TSK000802,1
VEH000259,TSK000802,0
VEH000218,TSK000802,0
VEH000393,TSK000802,1
VEH000352,TSK000802,1
VEH000341,TSK000802,0
VEH000305,TSK000802,1
VEH000267,TSK000802,0
VEH000051,TSK000802,0
VEH000043,TSK000802,1
VEH000087,TSK000802,1
VEH000517,TSK000802,1
VEH000078,TSK000802,0
VEH000339,TSK000802,1
VEH000499,TSK000802,1
VEH000223,TSK000802,0
VEH000485,TSK000802,1
VEH000482,TSK000802,1
VEH000401,TSK000802,0
VEH000081,TSK000802,1
VEH000429,TSK000802,0
VEH000274,TSK000802,0
VEH000035,TSK000802,0
VEH000531,TSK000802,0
VEH000523,TSK000802,1
VEH000359,TSK000802,1
VEH000328,TSK000802,0
VEH000307,TSK000802,0
VEH000062,TSK000802,1
VEH000070,TSK000802,0
VEH000015,TSK000802,0
VEH000040,TSK000802,0
VEH000093,TSK000802,1
VEH000327,TSK000802,1
VEH000528,TSK000802,0
VEH000441,TSK000802,1
VEH000366,TSK000802,0
VEH000242,TSK000802,0
VEH000019,TSK000802,0
VEH000098,TSK000814,0
VEH000337,TSK000814,0
VEH000484,TSK000814,1
VEH000514,TSK000814,0
VEH000006,TSK000814,1
VEH000036,TSK000814,0
VEH000045,TSK000814,1
VEH000506,TSK000814,1
VEH000229,TSK000814,0
VEH000091,TSK000814,0
VEH000515,TSK000814,1
VEH000427,TSK000814,0
VEH000259,TSK000814,1
VEH000218,TSK000814,0
VEH000393,TSK000814,1
VEH000352,TSK000814,1
VEH000341,TSK000814,1
VEH000305,TSK000814,0
VEH000267,TSK000814,0
VEH000051,TSK000814,0
VEH000043,TSK000814,0
VEH000087,TSK000814,1
VEH000517,TSK000814,1
VEH000078,TSK000814,0
VEH000339,TSK000814,1
VEH000499,TSK000814,1
VEH000223,TSK000814,0
VEH000485,TSK000814,0
VEH000482,TSK000814,1
VEH000401,TSK000814,1
VEH000081,TSK000814,0
VEH000429,TSK000814,0
VEH000274,TSK000814,1
VEH000035,TSK000814,0
VEH000531,TSK000814,0
VEH000523,TSK000814,0
VEH000359,TSK000814,1
VEH000328,TSK000814,1
VEH000307,TSK000814,0
VEH000062,TSK000814,0
VEH000070,TSK000814,1
VEH000015,TSK000814,0
VEH000040,TSK000814,1
VEH000093,TSK000814,1
VEH000327,TSK000814,1
VEH000528,TSK000814,0
VEH000441,TSK000814,1
VEH000366,TSK000814,1
VEH000242,TSK000814,0
VEH000019,TSK000814,1
VEH000098,TSK001002,1
VEH000337,TSK001002,1
VEH000484,TSK001002,0
VEH000514,TSK001002,0
VEH000006,TSK001002,1
VEH000036,TSK001002,0
VEH000045,TSK001002,0
VEH000506,TSK001002,1
VEH000229,TSK001002,0
VEH000091,TSK001002,1
VEH000515,TSK001002,0
VEH000427,TSK001002,0
VEH000259,TSK001002,0
VEH000218,TSK001002,1
VEH000393,TSK001002,0
VEH000352,TSK001002,1
VEH000341,TSK001002,1
VEH000305,TSK001002,1
VEH000267,TSK001002,0
VEH000051,TSK001002,1
VEH000043,TSK001002,0
VEH000087,TSK001002,0
VEH000517,TSK001002,0
VEH000078,TSK001002,1
VEH000339,TSK001002,0
VEH000499,TSK001002,1
VEH000223,TSK001002,0
VEH000485,TSK001002,1
VEH000482,TSK001002,0
VEH000401,TSK001002,0
VEH000081,TSK001002,0
VEH000429,TSK001002,0
VEH000274,TSK001002,1
VEH000035,TSK001002,1
VEH000531,TSK001002,0
VEH000523,TSK001002,1
VEH000359,TSK001002,1
VEH000328,TSK001002,0
VEH000307,TSK001002,0
VEH000062,TSK001002,1
VEH000070,TSK001002,0
VEH000015,TSK001002,0
VEH000040,TSK001002,1
VEH000093,TSK001002,1
VEH000327,TSK001002,1
VEH000528,TSK001002,1
VEH000441,TSK001002,1
VEH000366,TSK001002,1
VEH000242,TSK001002,1
VEH000019,TSK001002,0
VEH000098,TSK001128,1
VEH000337,TSK001128,1
VEH000484,TSK001128,1
VEH000514,TSK001128,0
VEH000006,TSK001128,1
VEH000036,TSK001128,1
VEH000045,TSK001128,1
VEH000506,TSK001128,1
VEH000229,TSK001128,0
VEH000091,TSK001128,1
VEH000515,TSK001128,0
VEH000427,TSK001128,1
VEH000259,TSK001128,0
VEH000218,TSK001128,0
VEH000393,TSK001128,0
VEH000352,TSK001128,1
VEH000341,TSK001128,1
VEH000305,TSK001128,0
VEH000267,TSK001128,0
VEH000051,TSK001128,0
VEH000043,TSK001128,1
VEH000087,TSK001128,0
VEH000517,TSK001128,1
VEH000078,TSK001128,0
VEH000339,TSK001128,1
VEH000499,TSK001128,1
VEH000223,TSK001128,0
VEH000485,TSK001128,0
VEH000482,TSK001128,1
VEH000401,TSK001128,1
VEH000081,TSK001128,0
VEH000429,TSK001128,1
VEH000274,TSK001128,0
VEH000035,TSK001128,0
VEH000531,TSK001128,0
VEH000523,TSK001128,1
VEH000359,TSK001128,0
VEH000328,TSK001128,1
VEH000307,TSK001128,0
VEH000062,TSK001128,1
VEH000070,TSK001128,0
VEH000015,TSK001128,0
VEH000040,TSK001128,0
VEH000093,TSK001128,0
VEH000327,TSK001128,0
VEH000528,TSK001128,1
VEH000441,TSK001128,1
VEH000366,TSK001128,1
VEH000242,TSK001128,0
VEH000019,TSK001128,1
VEH000098,TSK001132,1
VEH000337,TSK001132,1
VEH000484,TSK001132,0
VEH000514,TSK001132,1
VEH000006,TSK001132,0
VEH000036,TSK001132,1
VEH000045,TSK001132,0
VEH000506,TSK001132,0
VEH000229,TSK001132,1
VEH000091,TSK001132,0
VEH000515,TSK001132,1
VEH000427,TSK001132,0
VEH000259,TSK001132,0
VEH000218,TSK001132,0
VEH000393,TSK001132,1
VEH000352,TSK001132,0
VEH000341,TSK001132,0
VEH000305,TSK001132,0
VEH000267,TSK001132,0
VEH000051,TSK001132,1
VEH000043,TSK001132,0
VEH000087,TSK001132,0
VEH000517,TSK001132,0
VEH000078,TSK001132,1
VEH000339,TSK001132,0
VEH000499,TSK001132,0
VEH000223,TSK001132,0
VEH000485,TSK001132,0
VEH000482,TSK001132,0
VEH000401,TSK001132,0
VEH000081,TSK001132,1
VEH000429,TSK001132,0
VEH000274,TSK001132,1
VEH000035,TSK001132,0
VEH000531,TSK001132,1
VEH000523,TSK001132,1
VEH000359,TSK001132,1
VEH000328,TSK001132,1
VEH000307,TSK001132,1
VEH000062,TSK001132,1
VEH000070,TSK001132,1
VEH000015,TSK001132,0
VEH000040,TSK001132,0
VEH000093,TSK001132,1
VEH000327,TSK001132,1
VEH000528,TSK001132,1
VEH000441,TSK001132,1
VEH000366,TSK001132,1
VEH000242,TSK001132,1
VEH000019,TSK001132,1
VEH000098,TSK001156,0
VEH000337,TSK001156,1
VEH000484,TSK001156,1
VEH000514,TSK001156,0
VEH000006,TSK001156,1
VEH000036,TSK001156,0
VEH000045,TSK001156,1
VEH000506,TSK001156,0
VEH000229,TSK001156,1
VEH000091,TSK001156,0
VEH000515,TSK001156,1
VEH000427,TSK001156,1
VEH000259,TSK001156,0
VEH000218,TSK001156,1
VEH000393,TSK001156,0
VEH000352,TSK001156,1
VEH000341,TSK001156,0
VEH000305,TSK001156,1
VEH000267,TSK001156,0
VEH000051,TSK001156,0
VEH000043,TSK001156,0
VEH000087,TSK001156,1
VEH000517,TSK001156,1
VEH000078,TSK001156,0
VEH000339,TSK001156,1
VEH000499,TSK001156,0
VEH000223,TSK001156,0
VEH000485,TSK001156,1
VEH000482,TSK001156,0
VEH000401,TSK001156,0
VEH000081,TSK001156,1
VEH000429,TSK001156,1
VEH000274,TSK001156,1
VEH000035,TSK001156,1
VEH000531,TSK001156,0
VEH000523,TSK001156,1
VEH000359,TSK001156,0
VEH000328,TSK001156,0
VEH000307,TSK001156,1
VEH000062,TSK001156,0
VEH000070,TSK001156,1
VEH000015,TSK001156,1
VEH000040,TSK001156,0
VEH000093,TSK001156,0
VEH000327,TSK001156,0
VEH000528,TSK001156,0
VEH000441,TSK001156,1
VEH000366,TSK001156,1
VEH000242,TSK001156,1
VEH000019,TSK001156,0
VEH000098,TSK001377,1
VEH000337,TSK001377,0
VEH000484,TSK001377,1
VEH000514,TSK001377,0
VEH000006,TSK001377,0
VEH000036,TSK001377,1
VEH000045,TSK001377,1
VEH000506,TSK001377,1
VEH000229,TSK001377,1
VEH000091,TSK001377,1
VEH000515,TSK001377,0
VEH000427,TSK001377,0
VEH000259,TSK001377,1
VEH000218,TSK001377,1
VEH000393,TSK001377,0
VEH000352,TSK001377,0
VEH000341,TSK001377,0
VEH000305,TSK001377,1
VEH000267,TSK001377,0
VEH000051,TSK001377,1
VEH000043,TSK001377,1
VEH000087,TSK001377,1
VEH000517,TSK001377,1
VEH000078,TSK001377,1
VEH000339,TSK001377,1
VEH000499,TSK001377,1
VEH000223,TSK001377,1
VEH000485,TSK001377,0
VEH000482,TSK001377,1
VEH000401,TSK001377,0
VEH000081,TSK001377,0
VEH000429,TSK001377,1
VEH000274,TSK001377,0
VEH000035,TSK001377,1
VEH000531,TSK001377,0
VEH000523,TSK001377,0
VEH000359,TSK001377,0
VEH000328,TSK001377,0
VEH000307,TSK001377,0
VEH000062,TSK001377,1
VEH000070,TSK001377,1
VEH000015,TSK001377,0
VEH000040,TSK001377,0
VEH000093,TSK001377,0
VEH000327,TSK001377,0
VEH000528,TSK001377,0
VEH000441,TSK001377,0
VEH000366,TSK001377,1
VEH000242,TSK001377,1
VEH000019,TSK001377,0
VEH000098,TSK001398,1
VEH000337,TSK001398,0
VEH000484,TSK001398,1
VEH000514,TSK001398,1
VEH000006,TSK001398,1
VEH000036,TSK001398,0
VEH000045,TSK001398,1
VEH000506,TSK001398,1
VEH000229,TSK001398,0
VEH000091,TSK001398,0
VEH000515,TSK001398,1
VEH000427,TSK001398,0
VEH000259,TSK001398,1
VEH000218,TSK001398,1
VEH000393,TSK001398,1
VEH000352,TSK001398,0
VEH000341,TSK001398,0
VEH000305,TSK001398,0
VEH000267,TSK001398,0
VEH000051,TSK001398,0
VEH000043,TSK001398,0
VEH000087,TSK001398,1
VEH000517,TSK001398,0
VEH000078,TSK001398,1
VEH000339,TSK001398,0
VEH000499,TSK001398,1
VEH000223,TSK001398,0
VEH000485,TSK001398,1
VEH000482,TSK001398,0
VEH000401,TSK001398,1
VEH000081,TSK001398,1
VEH000429,TSK001398,0
VEH000274,TSK001398,0
VEH000035,TSK001398,1
VEH000531,TSK001398,1
VEH000523,TSK001398,1
VEH000359,TSK001398,1
VEH000328,TSK001398,1
VEH000307,TSK001398,0
VEH000062,TSK001398,0
VEH000070,TSK001398,1
VEH000015,TSK001398,0
VEH000040,TSK001398,0
VEH000093,TSK001398,0
VEH000327,TSK001398,0
VEH000528,TSK001398,0
VEH000441,TSK001398,0
VEH000366,TSK001398,1
VEH000242,TSK001398,1
VEH000019,TSK001398,1
VEH000098,TSK001434,0
VEH000337,TSK001434,0
VEH000484,TSK001434,0
VEH000514,TSK001434,1
VEH000006,TSK001434,0
VEH000036,TSK001434,0
VEH000045,TSK001434,1
VEH000506,TSK001434,0
VEH000229,TSK001434,1
VEH000091,TSK001434,0
VEH000515,TSK001434,0
VEH000427,TSK001434,1
VEH000259,TSK001434,0
VEH000218,TSK001434,1
VEH000393,TSK001434,1
VEH000352,TSK001434,0
VEH000341,TSK001434,1
VEH000305,TSK001434,0
VEH000267,TSK001434,0
VEH000051,TSK001434,1
VEH000043,TSK001434,0
VEH000087,TSK001434,0
VEH000517,TSK001434,0
VEH000078,TSK001434,1
VEH000339,TSK001434,1
VEH000499,TSK001434,0
VEH000223,TSK001434,0
VEH000485,TSK001434,1
VEH000482,TSK001434,0
VEH000401,TSK001434,0
VEH000081,TSK001434,1
VEH000429,TSK001434,1
VEH000274,TSK001434,0
VEH000035,TSK001434,0
VEH000531,TSK001434,0
VEH000523,TSK001434,1
VEH000359,TSK001434,1
VEH000328,TSK001434,0
VEH000307,TSK001434,1
VEH000062,TSK001434,0
VEH000070,TSK001434,1
VEH000015,TSK001434,1
VEH000040,TSK001434,1
VEH000093,TSK001434,1
VEH000327,TSK001434,1
VEH000528,TSK001434,1
VEH000441,TSK001434,1
VEH000366,TSK001434,1
VEH000242,TSK001434,1
VEH000019,TSK001434,0
VEH000098,TSK001438,1
VEH000337,TSK001438,0
VEH000484,TSK001438,0
VEH000514,TSK001438,0
VEH000006,TSK001438,1
VEH000036,TSK001438,0
VEH000045,TSK001438,1
VEH000506,TSK001438,1
VEH000229,TSK001438,1
VEH000091,TSK001438,1
VEH000515,TSK001438,1
VEH000427,TSK001438,1
VEH000259,TSK001438,0
VEH000218,TSK001438,0
VEH000393,TSK001438,1
VEH000352,TSK001438,1
VEH000341,TSK001438,0
VEH000305,TSK001438,1
VEH000267,TSK001438,0
VEH000051,TSK001438,0
VEH000043,TSK001438,0
VEH000087,TSK001438,1
VEH000517,TSK001438,1
VEH000078,TSK001438,0
VEH000339,TSK001438,1
VEH000499,TSK001438,1
VEH000223,TSK001438,0
VEH000485,TSK001438,0
VEH000482,TSK001438,1
VEH000401,TSK001438,0
VEH000081,TSK001438,1
VEH000429,TSK001438,0
VEH000274,TSK001438,1
VEH000035,TSK001438,1
VEH000531,TSK001438,0
VEH000523,TSK001438,1
VEH000359,TSK001438,0
VEH000328,TSK001438,0
VEH000307,TSK001438,1
VEH000062,TSK001438,0
VEH000070,TSK001438,1
VEH000015,TSK001438,1
VEH000040,TSK001438,0
VEH000093,TSK001438,0
VEH000327,TSK001438,0
VEH000528,TSK001438,1
VEH000441,TSK001438,0
VEH000366,TSK001438,0
VEH000242,TSK001438,1
VEH000019,TSK001438,0
VEH000098,TSK001479,1
VEH000337,TSK001479,0
VEH000484,TSK001479,0
VEH000514,TSK001479,0
VEH000006,TSK001479,0
VEH000036,TSK001479,1
VEH000045,TSK001479,0
VEH000506,TSK001479,0
VEH000229,TSK001479,1
VEH000091,TSK001479,1
VEH000515,TSK001479,1
VEH000427,TSK001479,0
VEH000259,TSK001479,1
VEH000218,TSK001479,0
VEH000393,TSK001479,1
VEH000352,TSK001479,0
VEH000341,TSK001479,0
VEH000305,TSK001479,0
VEH000267,TSK001479,0
VEH000051,TSK001479,1
VEH000043,TSK001479,1
VEH000087,TSK001479,0
VEH000517,TSK001479,0
VEH000078,TSK001479,1
VEH000339,TSK001479,0
VEH000499,TSK001479,0
VEH000223,TSK001479,0
VEH000485,TSK001479,1
VEH000482,TSK001479,0
VEH000401,TSK001479,0
VEH000081,TSK001479,1
VEH000429,TSK001479,1
VEH000274,TSK001479,0
VEH000035,TSK001479,1
VEH000531,TSK001479,1
VEH000523,TSK001479,1
VEH000359,TSK001479,1
VEH000328,TSK001479,1
VEH000307,TSK001479,1
VEH000062,TSK001479,1
VEH000070,TSK001479,0
VEH000015,TSK001479,1
VEH000040,TSK001479,1
VEH000093,TSK001479,0
VEH000327,TSK001479,0
VEH000528,TSK001479,1
VEH000441,TSK001479,0
VEH000366,TSK001479,0
VEH000242,TSK001479,1
VEH000019,TSK001479,1
VEH000098,TSK001589,0
VEH000337,TSK001589,1
VEH000484,TSK001589,1
VEH000514,TSK001589,1
VEH000006,TSK001589,1
VEH000036,TSK001589,1
VEH000045,TSK001589,0
VEH000506,TSK001589,0
VEH000229,TSK001589,1
VEH000091,TSK001589,1
VEH000515,TSK001589,1
VEH000427,TSK001589,0
VEH000259,TSK001589,0
VEH000218,TSK001589,1
VEH000393,TSK001589,1
VEH000352,TSK001589,0
VEH000341,TSK001589,1
VEH000305,TSK001589,0
VEH000267,TSK001589,0
VEH000051,TSK001589,0
VEH000043,TSK001589,1
VEH000087,TSK001589,1
VEH000517,TSK001589,0
VEH000078,TSK001589,0
VEH000339,TSK001589,1
VEH000499,TSK001589,0
VEH000223,TSK001589,1
VEH000485,TSK001589,0
VEH000482,TSK001589,0
VEH000401,TSK001589,1
VEH000081,TSK001589,1
VEH000429,TSK001589,0
VEH000274,TSK001589,1
VEH000035,TSK001589,0
VEH000531,TSK001589,1
VEH000523,TSK001589,0
VEH000359,TSK001589,0
VEH000328,TSK001589,0
VEH000307,TSK001589,1
VEH000062,TSK001589,0
VEH000070,TSK001589,1
VEH000015,TSK001589,1
VEH000040,TSK001589,0
VEH000093,TSK001589,0
VEH000327,TSK001589,1
VEH000528,TSK001589,1
VEH000441,TSK001589,0
VEH000366,TSK001589,0
VEH000242,TSK001589,0
VEH000019,TSK001589,1
VEH000098,TSK001696,0
VEH000337,TSK001696,1
VEH000484,TSK001696,1
VEH000514,TSK001696,0
VEH000006,TSK001696,1
VEH000036,TSK001696,0
VEH000045,TSK001696,0
VEH000506,TSK001696,0
VEH000229,TSK001696,0
VEH000091,TSK001696,1
VEH000515,TSK001696,1
VEH000427,TSK001696,1
VEH000259,TSK001696,1
VEH000218,TSK001696,1
VEH000393,TSK001696,1
VEH000352,TSK001696,0
VEH000341,TSK001696,0
VEH000305,TSK001696,0
VEH000267,TSK001696,1
VEH000051,TSK001696,0
VEH000043,TSK001696,1
VEH000087,TSK001696,1
VEH000517,TSK001696,0
VEH000078,TSK001696,0
VEH000339,TSK001696,0
VEH000499,TSK001696,0
VEH000223,TSK001696,1
VEH000485,TSK001696,0
VEH000482,TSK001696,1
VEH000401,TSK001696,1
VEH000081,TSK001696,0
VEH000429,TSK001696,1
VEH000274,TSK001696,1
VEH000035,TSK001696,1
VEH000531,TSK001696,0
VEH000523,TSK001696,1
VEH000359,TSK001696,0
VEH000328,TSK001696,0
VEH000307,TSK001696,0
VEH000062,TSK001696,1
VEH000070,TSK001696,1
VEH000015,TSK001696,0
VEH000040,TSK001696,0
VEH000093,TSK001696,0
VEH000327,TSK001696,0
VEH000528,TSK001696,1
VEH000441,TSK001696,1
VEH000366,TSK001696,1
VEH000242,TSK001696,0
VEH000019,TSK001696,1
VEH000098,TSK001774,1
VEH000337,TSK001774,1
VEH000484,TSK001774,1
VEH000514,TSK001774,1
VEH000006,TSK001774,0
VEH000036,TSK001774,1
VEH000045,TSK001774,0
VEH000506,TSK001774,0
VEH000229,TSK001774,0
VEH000091,TSK001774,0
VEH000515,TSK001774,0
VEH000427,TSK001774,1
VEH000259,TSK001774,0
VEH000218,TSK001774,0
VEH000393,TSK001774,1
VEH000352,TSK001774,1
VEH000341,TSK001774,0
VEH000305,TSK001774,0
VEH000267,TSK001774,1
VEH000051,TSK001774,0
VEH000043,TSK001774,1
VEH000087,TSK001774,1
VEH000517,TSK001774,1
VEH000078,TSK001774,1
VEH000339,TSK001774,0
VEH000499,TSK001774,1
VEH000223,TSK001774,1
VEH000485,TSK001774,0
VEH000482,TSK001774,1
VEH000401,TSK001774,0
VEH000081,TSK001774,0
VEH000429,TSK001774,0
VEH000274,TSK001774,1
VEH000035,TSK001774,1
VEH000531,TSK001774,1
VEH000523,TSK001774,0
VEH000359,TSK001774,0
VEH000328,TSK001774,1
VEH000307,TSK001774,0
VEH000062,TSK001774,1
VEH000070,TSK001774,0
VEH000015,TSK001774,1
VEH000040,TSK001774,0
VEH000093,TSK001774,0
VEH000327,TSK001774,0
VEH000528,TSK001774,1
VEH000441,TSK001774,1
VEH000366,TSK001774,0
VEH000242,TSK001774,1
VEH000019,TSK001774,0
VEH000098,TSK001799,1
VEH000337,TSK001799,0
VEH000484,TSK001799,0
VEH000514,TSK001799,0
VEH000006,TSK001799,1
VEH000036,TSK001799,0
VEH000045,TSK001799,0
VEH000506,TSK001799,0
VEH000229,TSK001799,0
VEH000091,TSK001799,1
VEH000515,TSK001799,0
VEH000427,TSK001799,0
VEH000259,TSK001799,0
VEH000218,TSK001799,1
VEH000393,TSK001799,0
VEH000352,TSK001799,0
VEH000341,TSK001799,1
VEH000305,TSK001799,1
VEH000267,TSK001799,1
VEH000051,TSK001799,0
VEH000043,TSK001799,1
VEH000087,TSK001799,0
VEH000517,TSK001799,1
VEH000078,TSK001799,1
VEH000339,TSK001799,1
VEH000499,TSK001799,1
VEH000223,TSK001799,1
VEH000485,TSK001799,1
VEH000482,TSK001799,0
VEH000401,TSK001799,1
VEH000081,TSK001799,1
VEH000429,TSK001799,1
VEH000274,TSK001799,1
VEH000035,TSK001799,1
VEH000531,TSK001799,0
VEH000523,TSK001799,1
VEH000359,TSK001799,1
VEH000328,TSK001799,0
VEH000307,TSK001799,0
VEH000062,TSK001799,1
VEH000070,TSK001799,1
VEH000015,TSK001799,0
VEH000040,TSK001799,1
VEH000093,TSK001799,0
VEH000327,TSK001799,0
VEH000528,TSK001799,1
VEH000441,TSK001799,0
VEH000366,TSK001799,0
VEH000242,TSK001799,0
VEH000019,TSK001799,0
VEH000098,TSK001848,1
VEH000337,TSK001848,1
VEH000484,TSK001848,1
VEH000514,TSK001848,1
VEH000006,TSK001848,1
VEH000036,TSK001848,0
VEH000045,TSK001848,1
VEH000506,TSK001848,0
VEH000229,TSK001848,1
VEH000091,TSK001848,1
VEH000515,TSK001848,0
VEH000427,TSK001848,0
VEH000259,TSK001848,1
VEH000218,TSK001848,0
VEH000393,TSK001848,1
VEH000352,TSK001848,0
VEH000341,TSK001848,0
VEH000305,TSK001848,1
VEH000267,TSK001848,0
VEH000051,TSK001848,0
VEH000043,TSK001848,1
VEH000087,TSK001848,0
VEH000517,TSK001848,0
VEH000078,TSK001848,0
VEH000339,TSK001848,1
VEH000499,TSK001848,1
VEH000223,TSK001848,0
VEH000485,TSK001848,0
VEH000482,TSK001848,0
VEH000401,TSK001848,1
VEH000081,TSK001848,0
VEH000429,TSK001848,1
VEH000274,TSK001848,1
VEH000035,TSK001848,0
VEH000531,TSK001848,1
VEH000523,TSK001848,1
VEH000359,TSK001848,0
VEH000328,TSK001848,0
VEH000307,TSK001848,1
VEH000062,TSK001848,0
VEH000070,TSK001848,0
VEH000015,TSK001848,1
VEH000040,TSK001848,1
VEH000093,TSK001848,1
VEH000327,TSK001848,0
VEH000528,TSK001848,0
VEH000441,TSK001848,0
VEH000366,TSK001848,1
VEH000242,TSK001848,1
VEH000019,TSK001848,0
VEH000098,TSK002024,1
VEH000337,TSK002024,1
VEH000484,TSK002024,0
VEH000514,TSK002024,0
VEH000006,TSK002024,0
VEH000036,TSK002024,0
VEH000045,TSK002024,1
VEH000506,TSK002024,1
VEH000229,TSK002024,1
VEH000091,TSK002024,1
VEH000515,TSK002024,0
VEH000427,TSK002024,0
VEH000259,TSK002024,1
VEH000218,TSK002024,1
VEH000393,TSK002024,1
VEH000352,TSK002024,1
VEH000341,TSK002024,1
VEH000305,TSK002024,0
VEH000267,TSK002024,1
VEH000051,TSK002024,0
VEH000043,TSK002024,0
VEH000087,TSK002024,1
VEH000517,TSK002024,1
VEH000078,TSK002024,0
VEH000339,TSK002024,1
VEH000499,TSK002024,1
VEH000223,TSK002024,1
VEH000485,TSK002024,1
VEH000482,TSK002024,0
VEH000401,TSK002024,1
VEH000081,TSK002024,0
VEH000429,TSK002024,0
VEH000274,TSK002024,1
VEH000035,TSK002024,1
VEH000531,TSK002024,0
VEH000523,TSK002024,0
VEH000359,TSK002024,1
VEH000328,TSK002024,1
VEH000307,TSK002024,0
VEH000062,TSK002024,0
VEH000070,TSK002024,0
VEH000015,TSK002024,0
VEH000040,TSK002024,1
VEH000093,TSK002024,0
VEH000327,TSK002024,0
VEH000528,TSK002024,0
VEH000441,TSK002024,1
VEH000366,TSK002024,0
VEH000242,TSK002024,0
VEH000019,TSK002024,0
VEH000098,TSK002113,1
VEH000337,TSK002113,0
VEH000484,TSK002113,1
VEH000514,TSK002113,0
VEH000006,TSK002113,0
VEH000036,TSK002113,1
VEH000045,TSK002113,1
VEH000506,TSK002113,0
VEH000229,TSK002113,0
VEH000091,TSK002113,1
VEH000515,TSK002113,1
VEH000427,TSK002113,0
VEH000259,TSK002113,1
VEH000218,TSK002113,1
VEH000393,TSK002113,0
VEH000352,TSK002113,1
VEH000341,TSK002113,0
VEH000305,TSK002113,0
VEH000267,TSK002113,1
VEH000051,TSK002113,0
VEH000043,TSK002113,1
VEH000087,TSK002113,1
VEH000517,TSK002113,0
VEH000078,TSK002113,0
VEH000339,TSK002113,0
VEH000499,TSK002113,1
VEH000223,TSK002113,1
VEH000485,TSK002113,1
VEH000482,TSK002113,0
VEH000401,TSK002113,1
VEH000081,TSK002113,0
VEH000429,TSK002113,1
VEH000274,TSK002113,0
VEH000035,TSK002113,1
VEH000531,TSK002113,0
VEH000523,TSK002113,0
VEH000359,TSK002113,1
VEH000328,TSK002113,1
VEH000307,TSK002113,1
VEH000062,TSK002113,0
VEH000070,TSK002113,1
VEH000015,TSK002113,0
VEH000040,TSK002113,0
VEH000093,TSK002113,1
VEH000327,TSK002113,0
VEH000528,TSK002113,0
VEH000441,TSK002113,1
VEH000366,TSK002113,1
VEH000242,TSK002113,0
VEH000019,TSK002113,0
VEH000098,TSK002303,1
VEH000337,TSK002303,0
VEH000484,TSK002303,1
VEH000514,TSK002303,1
VEH000006,TSK002303,1
VEH000036,TSK002303,1
VEH000045,TSK002303,0
VEH000506,TSK002303,1
VEH000229,TSK002303,1
VEH000091,TSK002303,1
VEH000515,TSK002303,0
VEH000427,TSK002303,1
VEH000259,TSK002303,1
VEH000218,TSK002303,0
VEH000393,TSK002303,1
VEH000352,TSK002303,1
VEH000341,TSK002303,0
VEH000305,TSK002303,0
VEH000267,TSK002303,0
VEH000051,TSK002303,0
VEH000043,TSK002303,0
VEH000087,TSK002303,0
VEH000517,TSK002303,1
VEH000078,TSK002303,1
VEH000339,TSK002303,0
VEH000499,TSK002303,1
VEH000223,TSK002303,1
VEH000485,TSK002303,0
VEH000482,TSK002303,1
VEH000401,TSK002303,1
VEH000081,TSK002303,0
VEH000429,TSK002303,1
VEH000274,TSK002303,0
VEH000035,TSK002303,0
VEH000531,TSK002303,0
VEH000523,TSK002303,1
VEH000359,TSK002303,1
VEH000328,TSK002303,1
VEH000307,TSK002303,1
VEH000062,TSK002303,0
VEH000070,TSK002303,0
VEH000015,TSK002303,0
VEH000040,TSK002303,0
VEH000093,TSK002303,0
VEH000327,TSK002303,0
VEH000528,TSK002303,0
VEH000441,TSK002303,0
VEH000366,TSK002303,0
VEH000242,TSK002303,1
VEH000019,TSK002303,1
VEH000098,TSK002379,1
VEH000337,TSK002379,1
VEH000484,TSK002379,0
VEH000514,TSK002379,1
VEH000006,TSK002379,0
VEH000036,TSK002379,0
VEH000045,TSK002379,0
VEH000506,TSK002379,1
VEH000229,TSK002379,1
VEH000091,TSK002379,0
VEH000515,TSK002379,1
VEH000427,TSK002379,1
VEH000259,TSK002379,0
VEH000218,TSK002379,0
VEH000393,TSK002379,1
VEH000352,TSK002379,1
VEH000341,TSK002379,0
VEH000305,TSK002379,0
VEH000267,TSK002379,0
VEH000051,TSK002379,0
VEH000043,TSK002379,0
VEH000087,TSK002379,1
VEH000517,TSK002379,0
VEH000078,TSK002379,1
VEH000339,TSK002379,1
VEH000499,TSK002379,0
VEH000223,TSK002379,0
VEH000485,TSK002379,1
VEH000482,TSK002379,0
VEH000401,TSK002379,0
VEH000081,TSK002379,1
VEH000429,TSK002379,1
VEH000274,TSK002379,0
VEH000035,TSK002379,1
VEH000531,TSK002379,0
VEH000523,TSK002379,0
VEH000359,TSK002379,0
VEH000328,TSK002379,1
VEH000307,TSK002379,1
VEH000062,TSK002379,0
VEH000070,TSK002379,1
VEH000015,TSK002379,1
VEH000040,TSK002379,1
VEH000093,TSK002379,1
VEH000327,TSK002379,1
VEH000528,TSK002379,1
VEH000441,TSK002379,0
VEH000366,TSK002379,0
VEH000242,TSK002379,1
VEH000019,TSK002379,0
VEH000098,TSK002458,1
VEH000337,TSK002458,1
VEH000484,TSK002458,0
VEH000514,TSK002458,0
VEH000006,TSK002458,0
VEH000036,TSK002458,0
VEH000045,TSK002458,1
VEH000506,TSK002458,0
VEH000229,TSK002458,1
VEH000091,TSK002458,0
VEH000515,TSK002458,1
VEH000427,TSK002458,1
VEH000259,TSK002458,0
VEH000218,TSK002458,0
VEH000393,TSK002458,1
VEH000352,TSK002458,0
VEH000341,TSK002458,0
VEH000305,TSK002458,1
VEH000267,TSK002458,1
VEH000051,TSK002458,0
VEH000043,TSK002458,1
VEH000087,TSK002458,0
VEH000517,TSK002458,1
VEH000078,TSK002458,0
VEH000339,TSK002458,1
VEH000499,TSK002458,0
VEH000223,TSK002458,0
VEH000485,TSK002458,1
VEH000482,TSK002458,1
VEH000401,TSK002458,0
VEH000081,TSK002458,1
VEH000429,TSK002458,0
VEH000274,TSK002458,1
VEH000035,TSK002458,1
VEH000531,TSK002458,1
VEH000523,TSK002458,1
VEH000359,TSK002458,0
VEH000328,TSK002458,1
VEH000307,TSK002458,0
VEH000062,TSK002458,0
VEH000070,TSK002458,1
VEH000015,TSK002458,1
VEH000040,TSK002458,0
VEH000093,TSK002458,0
VEH000327,TSK002458,1
VEH000528,TSK002458,1
VEH000441,TSK002458,0
VEH000366,TSK002458,0
VEH000242,TSK002458,1
VEH000019,TSK002458,0
VEH000098,TSK002500,0
VEH000337,TSK002500,0
VEH000484,TSK002500,1
VEH000514,TSK002500,0
VEH000006,TSK002500,0
VEH000036,TSK002500,1
VEH000045,TSK002500,1
VEH000506,TSK002500,0
VEH000229,TSK002500,1
VEH000091,TSK002500,1
VEH000515,TSK002500,1
VEH000427,TSK002500,0
VEH000259,TSK002500,1
VEH000218,TSK002500,0
VEH000393,TSK002500,1
VEH000352,TSK002500,0
VEH000341,TSK002500,1
VEH000305,TSK002500,1
VEH000267,TSK002500,0
VEH000051,TSK002500,0
VEH000043,TSK002500,0
VEH000087,TSK002500,1
VEH000517,TSK002500,0
VEH000078,TSK002500,1
VEH000339,TSK002500,1
VEH000499,TSK002500,1
VEH000223,TSK002500,0
VEH000485,TSK002500,1
VEH000482,TSK002500,0
VEH000401,TSK002500,1
VEH000081,TSK002500,0
VEH000429,TSK002500,0
VEH000274,TSK002500,0
VEH000035,TSK002500,0
VEH000531,TSK002500,1
VEH000523,TSK002500,0
VEH000359,TSK002500,1
VEH000328,TSK002500,1
VEH000307,TSK002500,0
VEH000062,TSK002500,0
VEH000070,TSK002500,1
VEH000015,TSK002500,0
VEH000040,TSK002500,1
VEH000093,TSK002500,0
VEH000327,TSK002500,1
VEH000528,TSK002500,1
VEH000441,TSK002500,0
VEH000366,TSK002500,0
VEH000242,TSK002500,1
VEH000019,TSK002500,1
VEH000098,TSK002537,0
VEH000337,TSK002537,0
VEH000484,TSK002537,0
VEH000514,TSK002537,0
VEH000006,TSK002537,1
VEH000036,TSK002537,1
VEH000045,TSK002537,1
VEH000506,TSK002537,1
VEH000229,TSK002537,0
VEH000091,TSK002537,1
VEH000515,TSK002537,0
VEH000427,TSK002537,1
VEH000259,TSK002537,0
VEH000218,TSK002537,0
VEH000393,TSK002537,0
VEH000352,TSK002537,1
VEH000341,TSK002537,1
VEH000305,TSK002537,0
VEH000267,TSK002537,1
VEH000051,TSK002537,1
VEH000043,TSK002537,1
VEH000087,TSK002537,0
VEH000517,TSK002537,0
VEH000078,TSK002537,1
VEH000339,TSK002537,0
VEH000499,TSK002537,1
VEH000223,TSK002537,0
VEH000485,TSK002537,1
VEH000482,TSK002537,1
VEH000401,TSK002537,1
VEH000081,TSK002537,1
VEH000429,TSK002537,0
VEH000274,TSK002537,1
VEH000035,TSK002537,1
VEH000531,TSK002537,1
VEH000523,TSK002537,1
VEH000359,TSK002537,1
VEH000328,TSK002537,0
VEH000307,TSK002537,0
VEH000062,TSK002537,0
VEH000070,TSK002537,1
VEH000015,TSK002537,0
VEH000040,TSK002537,0
VEH000093,TSK002537,0
VEH000327,TSK002537,0
VEH000528,TSK002537,0
VEH000441,TSK002537,0
VEH000366,TSK002537,1
VEH000242,TSK002537,1
VEH000019,TSK002537,0
VEH000098,TSK002587,1
VEH000337,TSK002587,1
VEH000484,TSK002587,1
VEH000514,TSK002587,1
VEH000006,TSK002587,1
VEH000036,TSK002587,0
VEH000045,TSK002587,0
VEH000506,TSK002587,0
VEH000229,TSK002587,1
VEH000091,TSK002587,1
VEH000515,TSK002587,1
VEH000427,TSK002587,1
VEH000259,TSK002587,0
VEH000218,TSK002587,1
VEH000393,TSK002587,1
VEH000352,TSK002587,0
VEH000341,TSK002587,0
VEH000305,TSK002587,0
VEH000267,TSK002587,0
VEH000051,TSK002587,0
VEH000043,TSK002587,1
VEH000087,TSK002587,1
VEH000517,TSK002587,1
VEH000078,TSK002587,0
VEH000339,TSK002587,0
VEH000499,TSK002587,0
VEH000223,TSK002587,1
VEH000485,TSK002587,1
VEH000482,TSK002587,0
VEH000401,TSK002587,0
VEH000081,TSK002587,0
VEH000429,TSK002587,0
VEH000274,TSK002587,0
VEH000035,TSK002587,1
VEH000531,TSK002587,1
VEH000523,TSK002587,1
VEH000359,TSK002587,0
VEH000328,TSK002587,0
VEH000307,TSK002587,1
VEH000062,TSK002587,0
VEH000070,TSK002587,1
VEH000015,TSK002587,0
VEH000040,TSK002587,1
VEH000093,TSK002587,0
VEH000327,TSK002587,1
VEH000528,TSK002587,0
VEH000441,TSK002587,1
VEH000366,TSK002587,1
VEH000242,TSK002587,0
VEH000019,TSK002587,0
VEH000098,TSK002672,1
VEH000337,TSK002672,0
VEH000484,TSK002672,1
VEH000514,TSK002672,0
VEH000006,TSK002672,1
VEH000036,TSK002672,0
VEH000045,TSK002672,1
VEH000506,TSK002672,1
VEH000229,TSK002672,0
VEH000091,TSK002672,1
VEH000515,TSK002672,1
VEH000427,TSK002672,0
VEH000259,TSK002672,0
VEH000218,TSK002672,0
VEH000393,TSK002672,1
VEH000352,TSK002672,0
VEH000341,TSK002672,1
VEH000305,TSK002672,1
VEH000267,TSK002672,0
VEH000051,TSK002672,1
VEH000043,TSK002672,0
VEH000087,TSK002672,0
VEH000517,TSK002672,0
VEH000078,TSK002672,1
VEH000339,TSK002672,1
VEH000499,TSK002672,1
VEH000223,TSK002672,0
VEH000485,TSK002672,0
VEH000482,TSK002672,0
VEH000401,TSK002672,0
VEH000081,TSK002672,1
VEH000429,TSK002672,1
VEH000274,TSK002672,1
VEH000035,TSK002672,0
VEH000531,TSK002672,1
VEH000523,TSK002672,1
VEH000359,TSK002672,0
VEH000328,TSK002672,0
VEH000307,TSK002672,1
VEH000062,TSK002672,1
VEH000070,TSK002672,0
VEH000015,TSK002672,1
VEH000040,TSK002672,1
VEH000093,TSK002672,0
VEH000327,TSK002672,0
VEH000528,TSK002672,0
VEH000441,TSK002672,0
VEH000366,TSK002672,1
VEH000242,TSK002672,1
VEH000019,TSK002672,0
VEH000098,TSK002710,0
VEH000337,TSK002710,0
VEH000484,TSK002710,1
VEH000514,TSK002710,1
VEH000006,TSK002710,0
VEH000036,TSK002710,1
VEH000045,TSK002710,0
VEH000506,TSK002710,0
VEH000229,TSK002710,1
VEH000091,TSK002710,0
VEH000515,TSK002710,0
VEH000427,TSK002710,1
VEH000259,TSK002710,0
VEH000218,TSK002710,1
VEH000393,TSK002710,1
VEH000352,TSK002710,1
VEH000341,TSK002710,0
VEH000305,TSK002710,1
VEH000267,TSK002710,0
VEH000051,TSK002710,1
VEH000043,TSK002710,0
VEH000087,TSK002710,1
VEH000517,TSK002710,1
VEH000078,TSK002710,0
VEH000339,TSK002710,0
VEH000499,TSK002710,0
VEH000223,TSK002710,0
VEH000485,TSK002710,1
VEH000482,TSK002710,1
VEH000401,TSK002710,0
VEH000081,TSK002710,1
VEH000429,TSK002710,1
VEH000274,TSK002710,1
VEH000035,TSK002710,1
VEH000531,TSK002710,0
VEH000523,TSK002710,0
VEH000359,TSK002710,0
VEH000328,TSK002710,1
VEH000307,TSK002710,1
VEH000062,TSK002710,0
VEH000070,TSK002710,1
VEH000015,TSK002710,1
VEH000040,TSK002710,1
VEH000093,TSK002710,0
VEH000327,TSK002710,0
VEH000528,TSK002710,1
VEH000441,TSK002710,0
VEH000366,TSK002710,1
VEH000242,TSK002710,0
VEH000019,TSK002710,0
VEH000098,TSK002751,1
VEH000337,TSK002751,1
VEH000484,TSK002751,1
VEH000514,TSK002751,0
VEH000006,TSK002751,0
VEH000036,TSK002751,0
VEH000045,TSK002751,0
VEH000506,TSK002751,1
VEH000229,TSK002751,1
VEH000091,TSK002751,0
VEH000515,TSK002751,1
VEH000427,TSK002751,1
VEH000259,TSK002751,0
VEH000218,TSK002751,0
VEH000393,TSK002751,0
VEH000352,TSK002751,1
VEH000341,TSK002751,1
VEH000305,TSK002751,0
VEH000267,TSK002751,0
VEH000051,TSK002751,1
VEH000043,TSK002751,1
VEH000087,TSK002751,0
VEH000517,TSK002751,0
VEH000078,TSK002751,1
VEH000339,TSK002751,0
VEH000499,TSK002751,0
VEH000223,TSK002751,1
VEH000485,TSK002751,0
VEH000482,TSK002751,1
VEH000401,TSK002751,1
VEH000081,TSK002751,0
VEH000429,TSK002751,1
VEH000274,TSK002751,0
VEH000035,TSK002751,1
VEH000531,TSK002751,1
VEH000523,TSK002751,1
VEH000359,TSK002751,0
VEH000328,TSK002751,1
VEH000307,TSK002751,1
VEH000062,TSK002751,0
VEH000070,TSK002751,1
VEH000015,TSK002751,0
VEH000040,TSK002751,0
VEH000093,TSK002751,1
VEH000327,TSK002751,0
VEH000528,TSK002751,1
VEH000441,TSK002751,0
VEH000366,TSK002751,0
VEH000242,TSK002751,1
VEH000019,TSK002751,0
VEH000098,TSK002787,1
VEH000337,TSK002787,1
VEH000484,TSK002787,1
VEH000514,TSK002787,1
VEH000006,TSK002787,1
VEH000036,TSK002787,1
VEH000045,TSK002787,1
VEH000506,TSK002787,1
VEH000229,TSK002787,0
VEH000091,TSK002787,0
VEH000515,TSK002787,0
VEH000427,TSK002787,0
VEH000259,TSK002787,0
VEH000218,TSK002787,1
VEH000393,TSK002787,0
VEH000352,TSK002787,1
VEH000341,TSK002787,0
VEH000305,TSK002787,0
VEH000267,TSK002787,1
VEH000051,TSK002787,1
VEH000043,TSK002787,0
VEH000087,TSK002787,1
VEH000517,TSK002787,1
VEH000078,TSK002787,0
VEH000339,TSK002787,1
VEH000499,TSK002787,1
VEH000223,TSK002787,0
VEH000485,TSK002787,0
VEH000482,TSK002787,0
VEH000401,TSK002787,1
VEH000081,TSK002787,0
VEH000429,TSK002787,0
VEH000274,TSK002787,0
VEH000035,TSK002787,0
VEH000531,TSK002787,1
VEH000523,TSK002787,0
VEH000359,TSK002787,0
VEH000328,TSK002787,1
VEH000307,TSK002787,1
VEH000062,TSK002787,0
VEH000070,TSK002787,1
VEH000015,TSK002787,1
VEH000040,TSK002787,0
VEH000093,TSK002787,0
VEH000327,TSK002787,1
VEH000528,TSK002787,0
VEH000441,TSK002787,1
VEH000366,TSK002787,0
VEH000242,TSK002787,0
VEH000019,TSK002787,1
VEH000098,TSK002861,1
VEH000337,TSK002861,0
VEH000484,TSK002861,0
VEH000514,TSK002861,1
VEH000006,TSK002861,0
VEH000036,TSK002861,0
VEH000045,TSK002861,1
VEH000506,TSK002861,1
VEH000229,TSK002861,0
VEH000091,TSK002861,0
VEH000515,TSK002861,0
VEH000427,TSK002861,0
VEH000259,TSK002861,1
VEH000218,TSK002861,1
VEH000393,TSK002861,0
VEH000352,TSK002861,1
VEH000341,TSK002861,1
VEH000305,TSK002861,0
VEH000267,TSK002861,1
VEH000051,TSK002861,1
VEH000043,TSK002861,1
VEH000087,TSK002861,0
VEH000517,TSK002861,1
VEH000078,TSK002861,1
VEH000339,TSK002861,0
VEH000499,TSK002861,1
VEH000223,TSK002861,0
VEH000485,TSK002861,1
VEH000482,TSK002861,1
VEH000401,TSK002861,0
VEH000081,TSK002861,0
VEH000429,TSK002861,1
VEH000274,TSK002861,1
VEH000035,TSK002861,0
VEH000531,TSK002861,0
VEH000523,TSK002861,1
VEH000359,TSK002861,1
VEH000328,TSK002861,1
VEH000307,TSK002861,0
VEH000062,TSK002861,1
VEH000070,TSK002861,0
VEH000015,TSK002861,0
VEH000040,TSK002861,1
VEH000093,TSK002861,1
VEH000327,TSK002861,0
VEH000528,TSK002861,0
VEH000441,TSK002861,1
VEH000366,TSK002861,0
VEH000242,TSK002861,0
VEH000019,TSK002861,0
VEH000098,TSK002865,0
VEH000337,TSK002865,0
VEH000484,TSK002865,0
VEH000514,TSK002865,0
VEH000006,TSK002865,1
VEH000036,TSK002865,0
VEH000045,TSK002865,0
VEH000506,TSK002865,0
VEH000229,TSK002865,1
VEH000091,TSK002865,1
VEH000515,TSK002865,1
VEH000427,TSK002865,0
VEH000259,TSK002865,1
VEH000218,TSK002865,0
VEH000393,TSK002865,1
VEH000352,TSK002865,1
VEH000341,TSK002865,0
VEH000305,TSK002865,1
VEH000267,TSK002865,1
VEH000051,TSK002865,1
VEH000043,TSK002865,0
VEH000087,TSK002865,1
VEH000517,TSK002865,0
VEH000078,TSK002865,0
VEH000339,TSK002865,1
VEH000499,TSK002865,0
VEH000223,TSK002865,0
VEH000485,TSK002865,1
VEH000482,TSK002865,1
VEH000401,TSK002865,1
VEH000081,TSK002865,0
VEH000429,TSK002865,0
VEH000274,TSK002865,0
VEH000035,TSK002865,1
VEH000531,TSK002865,1
VEH000523,TSK002865,1
VEH000359,TSK002865,1
VEH000328,TSK002865,1
VEH000307,TSK002865,0
VEH000062,TSK002865,0
VEH000070,TSK002865,0
VEH000015,TSK002865,0
VEH000040,TSK002865,0
VEH000093,TSK002865,0
VEH000327,TSK002865,1
VEH000528,TSK002865,1
VEH000441,TSK002865,1
VEH000366,TSK002865,1
VEH000242,TSK002865,1
VEH000019,TSK002865,0
VEH000098,TSK003091,1
VEH000337,TSK003091,0
VEH000484,TSK003091,0
VEH000514,TSK003091,1
VEH000006,TSK003091,0
VEH000036,TSK003091,0
VEH000045,TSK003091,1
VEH000506,TSK003091,1
VEH000229,TSK003091,1
VEH000091,TSK003091,0
VEH000515,TSK003091,0
VEH000427,TSK003091,1
VEH000259,TSK003091,1
VEH000218,TSK003091,0
VEH000393,TSK003091,1
VEH000352,TSK003091,1
VEH000341,TSK003091,0
VEH000305,TSK003091,1
VEH000267,TSK003091,1
VEH000051,TSK003091,1
VEH000043,TSK003091,0
VEH000087,TSK003091,0
VEH000517,TSK003091,0
VEH000078,TSK003091,0
VEH000339,TSK003091,1
VEH000499,TSK003091,0
VEH000223,TSK003091,1
VEH000485,TSK003091,1
VEH000482,TSK003091,0
VEH000401,TSK003091,1
VEH000081,TSK003091,0
VEH000429,TSK003091,0
VEH000274,TSK003091,1
VEH000035,TSK003091,1
VEH000531,TSK003091,1
VEH000523,TSK003091,1
VEH000359,TSK003091,0
VEH000328,TSK003091,1
VEH000307,TSK003091,0
VEH000062,TSK003091,1
VEH000070,TSK003091,1
VEH000015,TSK003091,0
VEH000040,TSK003091,0
VEH000093,TSK003091,1
VEH000327,TSK003091,0
VEH000528,TSK003091,0
VEH000441,TSK003091,0
VEH000366,TSK003091,1
VEH000242,TSK003091,0
VEH000019,TSK003091,0
VEH000098,TSK003206,0
VEH000337,TSK003206,1
VEH000484,TSK003206,1
VEH000514,TSK003206,1
VEH000006,TSK003206,0
VEH000036,TSK003206,0
VEH000045,TSK003206,1
VEH000506,TSK003206,1
VEH000229,TSK003206,0
VEH000091,TSK003206,0
VEH000515,TSK003206,0
VEH000427,TSK003206,1
VEH000259,TSK003206,0
VEH000218,TSK003206,0
VEH000393,TSK003206,1
VEH000352,TSK003206,0
VEH000341,TSK003206,0
VEH000305,TSK003206,0
VEH000267,TSK003206,0
VEH000051,TSK003206,1
VEH000043,TSK003206,0
VEH000087,TSK003206,0
VEH000517,TSK003206,0
VEH000078,TSK003206,0
VEH000339,TSK003206,0
VEH000499,TSK003206,1
VEH000223,TSK003206,0
VEH000485,TSK003206,1
VEH000482,TSK003206,0
VEH000401,TSK003206,0
VEH000081,TSK003206,0
VEH000429,TSK003206,1
VEH000274,TSK003206,0
VEH000035,TSK003206,0
VEH000531,TSK003206,1
VEH000523,TSK003206,1
VEH000359,TSK003206,1
VEH000328,TSK003206,1
VEH000307,TSK003206,1
VEH000062,TSK003206,1
VEH000070,TSK003206,1
VEH000015,TSK003206,0
VEH000040,TSK003206,0
VEH000093,TSK003206,1
VEH000327,TSK003206,1
VEH000528,TSK003206,1
VEH000441,TSK003206,1
VEH000366,TSK003206,1
VEH000242,TSK003206,1
VEH000019,TSK003206,1
VEH000098,TSK003213,1
VEH000337,TSK003213,0
VEH000484,TSK003213,1
VEH000514,TSK003213,0
VEH000006,TSK003213,0
VEH000036,TSK003213,1
VEH000045,TSK003213,0
VEH000506,TSK003213,1
VEH000229,TSK003213,1
VEH000091,TSK003213,0
VEH000515,TSK003213,1
VEH000427,TSK003213,0
VEH000259,TSK003213,0
VEH000218,TSK003213,0
VEH000393,TSK003213,1
VEH000352,TSK003213,0
VEH000341,TSK003213,1
VEH000305,TSK003213,1
VEH000267,TSK003213,1
VEH000051,TSK003213,1
VEH000043,TSK003213,1
VEH000087,TSK003213,0
VEH000517,TSK003213,0
VEH000078,TSK003213,1
VEH000339,TSK003213,1
VEH000499,TSK003213,0
VEH000223,TSK003213,1
VEH000485,TSK003213,1
VEH000482,TSK003213,0
VEH000401,TSK003213,1
VEH000081,TSK003213,1
VEH000429,TSK003213,0
VEH000274,TSK003213,0
VEH000035,TSK003213,1
VEH000531,TSK003213,0
VEH000523,TSK003213,1
VEH000359,TSK003213,0
VEH000328,TSK003213,1
VEH000307,TSK003213,0
VEH000062,TSK003213,0
VEH000070,TSK003213,1
VEH000015,TSK003213,1
VEH000040,TSK003213,0
VEH000093,TSK003213,1
VEH000327,TSK003213,0
VEH000528,TSK003213,0
VEH000441,TSK003213,0
VEH000366,TSK003213,0
VEH000242,TSK003213,0
VEH000019,TSK003213,1
VEH000098,TSK003345,1
VEH000337,TSK003345,0
VEH000484,TSK003345,0
VEH000514,TSK003345,0
VEH000006,TSK003345,1
VEH000036,TSK003345,1
VEH000045,TSK003345,0
VEH000506,TSK003345,0
VEH000229,TSK003345,0
VEH000091,TSK003345,0
VEH000515,TSK003345,0
VEH000427,TSK003345,1
VEH000259,TSK003345,0
VEH000218,TSK003345,0
VEH000393,TSK003345,1
VEH000352,TSK003345,0
VEH000341,TSK003345,1
VEH000305,TSK003345,1
VEH000267,TSK003345,1
VEH000051,TSK003345,0
VEH000043,TSK003345,1
VEH000087,TSK003345,0
VEH000517,TSK003345,1
VEH000078,TSK003345,0
VEH000339,TSK003345,1
VEH000499,TSK003345,0
VEH000223,TSK003345,1
VEH000485,TSK003345,0
VEH000482,TSK003345,0
VEH000401,TSK003345,0
VEH000081,TSK003345,0
VEH000429,TSK003345,1
VEH000274,TSK003345,0
VEH000035,TSK003345,1
VEH000531,TSK003345,1
VEH000523,TSK003345,1
VEH000359,TSK003345,1
VEH000328,TSK003345,0
VEH000307,TSK003345,1
VEH000062,TSK003345,1
VEH000070,TSK003345,1
VEH000015,TSK003345,1
VEH000040,TSK003345,1
VEH000093,TSK003345,0
VEH000327,TSK003345,1
VEH000528,TSK003345,0
VEH000441,TSK003345,0
VEH000366,TSK003345,0
VEH000242,TSK003345,1
VEH000019,TSK003345,1
VEH000098,TSK003399,1
VEH000337,TSK003399,0
VEH000484,TSK003399,1
VEH000514,TSK003399,0
VEH000006,TSK003399,0
VEH000036,TSK003399,1
VEH000045,TSK003399,0
VEH000506,TSK003399,0
VEH000229,TSK003399,0
VEH000091,TSK003399,0
VEH000515,TSK003399,1
VEH000427,TSK003399,1
VEH000259,TSK003399,0
VEH000218,TSK003399,1
VEH000393,TSK003399,0
VEH000352,TSK003399,0
VEH000341,TSK003399,1
VEH000305,TSK003399,0
VEH000267,TSK003399,0
VEH000051,TSK003399,0
VEH000043,TSK003399,0
VEH000087,TSK003399,0
VEH000517,TSK003399,1
VEH000078,TSK003399,1
VEH000339,TSK003399,0
VEH000499,TSK003399,1
VEH000223,TSK003399,1
VEH000485,TSK003399,1
VEH000482,TSK003399,0
VEH000401,TSK003399,0
VEH000081,TSK003399,0
VEH000429,TSK003399,0
VEH000274,TSK003399,1
VEH000035,TSK003399,1
VEH000531,TSK003399,1
VEH000523,TSK003399,1
VEH000359,TSK003399,1
VEH000328,TSK003399,0
VEH000307,TSK003399,0
VEH000062,TSK003399,1
VEH000070,TSK003399,0
VEH000015,TSK003399,1
VEH000040,TSK003399,1
VEH000093,TSK003399,1
VEH000327,TSK003399,1
VEH000528,TSK003399,1
VEH000441,TSK003399,1
VEH000366,TSK003399,0
VEH000242,TSK003399,0
VEH000019,TSK003399,1
VEH000098,TSK003418,0
VEH000337,TSK003418,1
VEH000484,TSK003418,0
VEH000514,TSK003418,0
VEH000006,TSK003418,0
VEH000036,TSK003418,1
VEH000045,TSK003418,1
VEH000506,TSK003418,0
VEH000229,TSK003418,1
VEH000091,TSK003418,0
VEH000515,TSK003418,0
VEH000427,TSK003418,1
VEH000259,TSK003418,1
VEH000218,TSK003418,1
VEH000393,TSK003418,1
VEH000352,TSK003418,0
VEH000341,TSK003418,0
VEH000305,TSK003418,0
VEH000267,TSK003418,1
VEH000051,TSK003418,1
VEH000043,TSK003418,1
VEH000087,TSK003418,1
VEH000517,TSK003418,1
VEH000078,TSK003418,1
VEH000339,TSK003418,0
VEH000499,TSK003418,1
VEH000223,TSK003418,1
VEH000485,TSK003418,0
VEH000482,TSK003418,1
VEH000401,TSK003418,0
VEH000081,TSK003418,0
VEH000429,TSK003418,1
VEH000274,TSK003418,1
VEH000035,TSK003418,1
VEH000531,TSK003418,1
VEH000523,TSK003418,1
VEH000359,TSK003418,1
VEH000328,TSK003418,1
VEH000307,TSK003418,0
VEH000062,TSK003418,0
VEH000070,TSK003418,1
VEH000015,TSK003418,0
VEH000040,TSK003418,0
VEH000093,TSK003418,0
VEH000327,TSK003418,0
VEH000528,TSK003418,0
VEH000441,TSK003418,0
VEH000366,TSK003418,0
VEH000242,TSK003418,0
VEH000019,TSK003418,0
VEH000098,TSK003497,1
VEH000337,TSK003497,0
VEH000484,TSK003497,0
VEH000514,TSK003497,0
VEH000006,TSK003497,1
VEH000036,TSK003497,1
VEH000045,TSK003497,0
VEH000506,TSK003497,0
VEH000229,TSK003497,1
VEH000091,TSK003497,0
VEH000515,TSK003497,1
VEH000427,TSK003497,0
VEH000259,TSK003497,1
VEH000218,TSK003497,1
VEH000393,TSK003497,1
VEH000352,TSK003497,0
VEH000341,TSK003497,1
VEH000305,TSK003497,0
VEH000267,TSK003497,0
VEH000051,TSK003497,0
VEH000043,TSK003497,0
VEH000087,TSK003497,1
VEH000517,TSK003497,1
VEH000078,TSK003497,0
VEH000339,TSK003497,1
VEH000499,TSK003497,1
VEH000223,TSK003497,1
VEH000485,TSK003497,0
VEH000482,TSK003497,0
VEH000401,TSK003497,0
VEH000081,TSK003497,0
VEH000429,TSK003497,1
VEH000274,TSK003497,0
VEH000035,TSK003497,0
VEH000531,TSK003497,1
VEH000523,TSK003497,1
VEH000359,TSK003497,0
VEH000328,TSK003497,1
VEH000307,TSK003497,0
VEH000062,TSK003497,0
VEH000070,TSK003497,1
VEH000015,TSK003497,1
VEH000040,TSK003497,1
VEH000093,TSK003497,0
VEH000327,TSK003497,0
VEH000528,TSK003497,0
VEH000441,TSK003497,1
VEH000366,TSK003497,1
VEH000242,TSK003497,1
VEH000019,TSK003497,1
VEH000098,TSK003533,1
VEH000337,TSK003533,0
VEH000484,TSK003533,0
VEH000514,TSK003533,1
VEH000006,TSK003533,1
VEH000036,TSK003533,0
VEH000045,TSK003533,1
VEH000506,TSK003533,1
VEH000229,TSK003533,0
VEH000091,TSK003533,0
VEH000515,TSK003533,1
VEH000427,TSK003533,0
VEH000259,TSK003533,1
VEH000218,TSK003533,0
VEH000393,TSK003533,0
VEH000352,TSK003533,1
VEH000341,TSK003533,1
VEH000305,TSK003533,1
VEH000267,TSK003533,1
VEH000051,TSK003533,1
VEH000043,TSK003533,0
VEH000087,TSK003533,0
VEH000517,TSK003533,0
VEH000078,TSK003533,1
VEH000339,TSK003533,0
VEH000499,TSK003533,0
VEH000223,TSK003533,0
VEH000485,TSK003533,0
VEH000482,TSK003533,1
VEH000401,TSK003533,1
VEH000081,TSK003533,0
VEH000429,TSK003533,0
VEH000274,TSK003533,1
VEH000035,TSK003533,1
VEH000531,TSK003533,0
VEH000523,TSK003533,1
VEH000359,TSK003533,1
VEH000328,TSK003533,1
VEH000307,TSK003533,1
VEH000062,TSK003533,0
VEH000070,TSK003533,0
VEH000015,TSK003533,0
VEH000040,TSK003533,1
VEH000093,TSK003533,1
VEH000327,TSK003533,0
VEH000528,TSK003533,1
VEH000441,TSK003533,1
VEH000366,TSK003533,0
VEH000242,TSK003533,0
VEH000019,TSK003533,0
VEH000098,TSK003575,1
VEH000337,TSK003575,0
VEH000484,TSK003575,1
VEH000514,TSK003575,0
VEH000006,TSK003575,1
VEH000036,TSK003575,0
VEH000045,TSK003575,1
VEH000506,TSK003575,0
VEH000229,TSK003575,0
VEH000091,TSK003575,1
VEH000515,TSK003575,0
VEH000427,TSK003575,0
VEH000259,TSK003575,0
VEH000218,TSK003575,0
VEH000393,TSK003575,1
VEH000352,TSK003575,1
VEH000341,TSK003575,0
VEH000305,TSK003575,1
VEH000267,TSK003575,1
VEH000051,TSK003575,0
VEH000043,TSK003575,1
VEH000087,TSK003575,1
VEH000517,TSK003575,0
VEH000078,TSK003575,1
VEH000339,TSK003575,1
VEH000499,TSK003575,1
VEH000223,TSK003575,1
VEH000485,TSK003575,1
VEH000482,TSK003575,0
VEH000401,TSK003575,0
VEH000081,TSK003575,0
VEH000429,TSK003575,1
VEH000274,TSK003575,1
VEH000035,TSK003575,1
VEH000531,TSK003575,0
VEH000523,TSK003575,0
VEH000359,TSK003575,0
VEH000328,TSK003575,1
VEH000307,TSK003575,0
VEH000062,TSK003575,1
VEH000070,TSK003575,0
VEH000015,TSK003575,1
VEH000040,TSK003575,0
VEH000093,TSK003575,0
VEH000327,TSK003575,0
VEH000528,TSK003575,0
VEH000441,TSK003575,0
VEH000366,TSK003575,1
VEH000242,TSK003575,1
VEH000019,TSK003575,1
VEH000098,TSK003586,0
VEH000337,TSK003586,1
VEH000484,TSK003586,0
VEH000514,TSK003586,0
VEH000006,TSK003586,0
VEH000036,TSK003586,0
VEH000045,TSK003586,1
VEH000506,TSK003586,0
VEH000229,TSK003586,0
VEH000091,TSK003586,1
VEH000515,TSK003586,1
VEH000427,TSK003586,1
VEH000259,TSK003586,1
VEH000218,TSK003586,0
VEH000393,TSK003586,1
VEH000352,TSK003586,1
VEH000341,TSK003586,1
VEH000305,TSK003586,0
VEH000267,TSK003586,1
VEH000051,TSK003586,0
VEH000043,TSK003586,1
VEH000087,TSK003586,1
VEH000517,TSK003586,1
VEH000078,TSK003586,0
VEH000339,TSK003586,1
VEH000499,TSK003586,0
VEH000223,TSK003586,0
VEH000485,TSK003586,1
VEH000482,TSK003586,1
VEH000401,TSK003586,0
VEH000081,TSK003586,1
VEH000429,TSK003586,0
VEH000274,TSK003586,0
VEH000035,TSK003586,1
VEH000531,TSK003586,1
VEH000523,TSK003586,0
VEH000359,TSK003586,1
VEH000328,TSK003586,0
VEH000307,TSK003586,0
VEH000062,TSK003586,0
VEH000070,TSK003586,0
VEH000015,TSK003586,1
VEH000040,TSK003586,0
VEH000093,TSK003586,1
VEH000327,TSK003586,1
VEH000528,TSK003586,0
VEH000441,TSK003586,1
VEH000366,TSK003586,1
VEH000242,TSK003586,0
VEH000019,TSK003586,0
VEH000098,TSK003664,0
VEH000337,TSK003664,0
VEH000484,TSK003664,1
VEH000514,TSK003664,0
VEH000006,TSK003664,1
VEH000036,TSK003664,0
VEH000045,TSK003664,1
VEH000506,TSK003664,0
VEH000229,TSK003664,1
VEH000091,TSK003664,1
VEH000515,TSK003664,0
VEH000427,TSK003664,1
VEH000259,TSK003664,1
VEH000218,TSK003664,0
VEH000393,TSK003664,0
VEH000352,TSK003664,0
VEH000341,TSK003664,0
VEH000305,TSK003664,0
VEH000267,TSK003664,1
VEH000051,TSK003664,1
VEH000043,TSK003664,0
VEH000087,TSK003664,1
VEH000517,TSK003664,1
VEH000078,TSK003664,1
VEH000339,TSK003664,0
VEH000499,TSK003664,1
VEH000223,TSK003664,0
VEH000485,TSK003664,1
VEH000482,TSK003664,0
VEH000401,TSK003664,0
VEH000081,TSK003664,1
VEH000429,TSK003664,0
VEH000274,TSK003664,0
VEH000035,TSK003664,1
VEH000531,TSK003664,0
VEH000523,TSK003664,1
VEH000359,TSK003664,0
VEH000328,TSK003664,1
VEH000307,TSK003664,0
VEH000062,TSK003664,1
VEH000070,TSK003664,1
VEH000015,TSK003664,0
VEH000040,TSK003664,1
VEH000093,TSK003664,1
VEH000327,TSK003664,1
VEH000528,TSK003664,1
VEH000441,TSK003664,0
VEH000366,TSK003664,0
VEH000242,TSK003664,0
VEH000019,TSK003664,1
VEH000098,TSK003846,1
VEH000337,TSK003846,1
VEH000484,TSK003846,0
VEH000514,TSK003846,1
VEH000006,TSK003846,0
VEH000036,TSK003846,0
VEH000045,TSK003846,0
VEH000506,TSK003846,1
VEH000229,TSK003846,0
VEH000091,TSK003846,0
VEH000515,TSK003846,1
VEH000427,TSK003846,0
VEH000259,TSK003846,0
VEH000218,TSK003846,0
VEH000393,TSK003846,1
VEH000352,TSK003846,0
VEH000341,TSK003846,0
VEH000305,TSK003846,0
VEH000267,TSK003846,1
VEH000051,TSK003846,1
VEH000043,TSK003846,1
VEH000087,TSK003846,1
VEH000517,TSK003846,0
VEH000078,TSK003846,1
VEH000339,TSK003846,0
VEH000499,TSK003846,0
VEH000223,TSK003846,1
VEH000485,TSK003846,1
VEH000482,TSK003846,1
VEH000401,TSK003846,1
VEH000081,TSK003846,1
VEH000429,TSK003846,0
VEH000274,TSK003846,0
VEH000035,TSK003846,0
VEH000531,TSK003846,1
VEH000523,TSK003846,0
VEH000359,TSK003846,0
VEH000328,TSK003846,0
VEH000307,TSK003846,1
VEH000062,TSK003846,1
VEH000070,TSK003846,0
VEH000015,TSK003846,0
VEH000040,TSK003846,1
VEH000093,TSK003846,1
VEH000327,TSK003846,1
VEH000528,TSK003846,0
VEH000441,TSK003846,1
VEH000366,TSK003846,1
VEH000242,TSK003846,1
VEH000019,TSK003846,0
VEH000098,TSK004064,1
VEH000337,TSK004064,1
VEH000484,TSK004064,0
VEH000514,TSK004064,1
VEH000006,TSK004064,1
VEH000036,TSK004064,0
VEH000045,TSK004064,1
VEH000506,TSK004064,0
VEH000229,TSK004064,1
VEH000091,TSK004064,0
VEH000515,TSK004064,0
VEH000427,TSK004064,0
VEH000259,TSK004064,1
VEH000218,TSK004064,1
VEH000393,TSK004064,1
VEH000352,TSK004064,1
VEH000341,TSK004064,0
VEH000305,TSK004064,0
VEH000267,TSK004064,0
VEH000051,TSK004064,0
VEH000043,TSK004064,1
VEH000087,TSK004064,1
VEH000517,TSK004064,0
VEH000078,TSK004064,1
VEH000339,TSK004064,1
VEH000499,TSK004064,0
VEH000223,TSK004064,1
VEH000485,TSK004064,0
VEH000482,TSK004064,0
VEH000401,TSK004064,1
VEH000081,TSK004064,0
VEH000429,TSK004064,0
VEH000274,TSK004064,1
VEH000035,TSK004064,0
VEH000531,TSK004064,1
VEH000523,TSK004064,1
VEH000359,TSK004064,0
VEH000328,TSK004064,1
VEH000307,TSK004064,1
VEH000062,TSK004064,0
VEH000070,TSK004064,0
VEH000015,TSK004064,0
VEH000040,TSK004064,0
VEH000093,TSK004064,1
VEH000327,TSK004064,0
VEH000528,TSK004064,1
VEH000441,TSK004064,1
VEH000366,TSK004064,0
VEH000242,TSK004064,1
VEH000019,TSK004064,0
VEH000098,TSK004198,0
VEH000337,TSK004198,0
VEH000484,TSK004198,1
VEH000514,TSK004198,0
VEH000006,TSK004198,1
VEH000036,TSK004198,1
VEH000045,TSK004198,1
VEH000506,TSK004198,0
VEH000229,TSK004198,0
VEH000091,TSK004198,0
VEH000515,TSK004198,0
VEH000427,TSK004198,0
VEH000259,TSK004198,1
VEH000218,TSK004198,0
VEH000393,TSK004198,1
VEH000352,TSK004198,1
VEH000341,TSK004198,1
VEH000305,TSK004198,1
VEH000267,TSK004198,0
VEH000051,TSK004198,1
VEH000043,TSK004198,1
VEH000087,TSK004198,1
VEH000517,TSK004198,1
VEH000078,TSK004198,1
VEH000339,TSK004198,0
VEH000499,TSK004198,1
VEH000223,TSK004198,0
VEH000485,TSK004198,0
VEH000482,TSK004198,0
VEH000401,TSK004198,0
VEH000081,TSK004198,0
VEH000429,TSK004198,1
VEH000274,TSK004198,0
VEH000035,TSK004198,0
VEH000531,TSK004198,1
VEH000523,TSK004198,1
VEH000359,TSK004198,1
VEH000328,TSK004198,0
VEH000307,TSK004198,1
VEH000062,TSK004198,0
VEH000070,TSK004198,0
VEH000015,TSK004198,1
VEH000040,TSK004198,1
VEH000093,TSK004198,0
VEH000327,TSK004198,1
VEH000528,TSK004198,1
VEH000441,TSK004198,0
VEH000366,TSK004198,0
VEH000242,TSK004198,0
VEH000019,TSK004198,1
VEH000098,TSK004209,0
VEH000337,TSK004209,0
VEH000484,TSK004209,0
VEH000514,TSK004209,0
VEH000006,TSK004209,1
VEH000036,TSK004209,1
VEH000045,TSK004209,1
VEH000506,TSK004209,1
VEH000229,TSK004209,0
VEH000091,TSK004209,0
VEH000515,TSK004209,1
VEH000427,TSK004209,1
VEH000259,TSK004209,1
VEH000218,TSK004209,0
VEH000393,TSK004209,0
VEH000352,TSK004209,0
VEH000341,TSK004209,0
VEH000305,TSK004209,1
VEH000267,TSK004209,1
VEH000051,TSK004209,1
VEH000043,TSK004209,1
VEH000087,TSK004209,0
VEH000517,TSK004209,0
VEH000078,TSK004209,0
VEH000339,TSK004209,0
VEH000499,TSK004209,1
VEH000223,TSK004209,1
VEH000485,TSK004209,0
VEH000482,TSK004209,0
VEH000401,TSK004209,1
VEH000081,TSK004209,1
VEH000429,TSK004209,1
VEH000274,TSK004209,0
VEH000035,TSK004209,0
VEH000531,TSK004209,1
VEH000523,TSK004209,0
VEH000359,TSK004209,0
VEH000328,TSK004209,1
VEH000307,TSK004209,0
VEH000062,TSK004209,1
VEH000070,TSK004209,1
VEH000015,TSK004209,1
VEH000040,TSK004209,1
VEH000093,TSK004209,0
VEH000327,TSK004209,0
VEH000528,TSK004209,0
VEH000441,TSK004209,1
VEH000366,TSK004209,0
VEH000242,TSK004209,1
VEH000019,TSK004209,1
VEH000098,TSK004229,1
VEH000337,TSK004229,0
VEH000484,TSK004229,0
VEH000514,TSK004229,0
VEH000006,TSK004229,0
VEH000036,TSK004229,0
VEH000045,TSK004229,1
VEH000506,TSK004229,1
VEH000229,TSK004229,1
VEH000091,TSK004229,0
VEH000515,TSK004229,1
VEH000427,TSK004229,1
VEH000259,TSK004229,0
VEH000218,TSK004229,0
VEH000393,TSK004229,0
VEH000352,TSK004229,0
VEH000341,TSK004229,0
VEH000305,TSK004229,1
VEH000267,TSK004229,1
VEH000051,TSK004229,0
VEH000043,TSK004229,0
VEH000087,TSK004229,1
VEH000517,TSK004229,1
VEH000078,TSK004229,1
VEH000339,TSK004229,0
VEH000499,TSK004229,1
VEH000223,TSK004229,0
VEH000485,TSK004229,1
VEH000482,TSK004229,0
VEH000401,TSK004229,1
VEH000081,TSK004229,1
VEH000429,TSK004229,1
VEH000274,TSK004229,0
VEH000035,TSK004229,0
VEH000531,TSK004229,1
VEH000523,TSK004229,0
VEH000359,TSK004229,0
VEH000328,TSK004229,0
VEH000307,TSK004229,1
VEH000062,TSK004229,1
VEH000070,TSK004229,0
VEH000015,TSK004229,0
VEH000040,TSK004229,1
VEH000093,TSK004229,1
VEH000327,TSK004229,0
VEH000528,TSK004229,1
VEH000441,TSK004229,1
VEH000366,TSK004229,1
VEH000242,TSK004229,1
VEH000019,TSK004229,0
VEH000098,TSK004283,0
VEH000337,TSK004283,0
VEH000484,TSK004283,1
VEH000514,TSK004283,1
VEH000006,TSK004283,0
VEH000036,TSK004283,0
VEH000045,TSK004283,1
VEH000506,TSK004283,0
VEH000229,TSK004283,1
VEH000091,TSK004283,1
VEH000515,TSK004283,0
VEH000427,TSK004283,0
VEH000259,TSK004283,0
VEH000218,TSK004283,1
VEH000393,TSK004283,1
VEH000352,TSK004283,0
VEH000341,TSK004283,0
VEH000305,TSK004283,0
VEH000267,TSK004283,1
VEH000051,TSK004283,0
VEH000043,TSK004283,1
VEH000087,TSK004283,1
VEH000517,TSK004283,0
VEH000078,TSK004283,0
VEH000339,TSK004283,0
VEH000499,TSK004283,1
VEH000223,TSK004283,1
VEH000485,TSK004283,1
VEH000482,TSK004283,0
VEH000401,TSK004283,1
VEH000081,TSK004283,1
VEH000429,TSK004283,0
VEH000274,TSK004283,1
VEH000035,TSK004283,1
VEH000531,TSK004283,1
VEH000523,TSK004283,0
VEH000359,TSK004283,0
VEH000328,TSK004283,1
VEH000307,TSK004283,0
VEH000062,TSK004283,1
VEH000070,TSK004283,1
VEH000015,TSK004283,0
VEH000040,TSK004283,1
VEH000093,TSK004283,1
VEH000327,TSK004283,1
VEH000528,TSK004283,0
VEH000441,TSK004283,0
VEH000366,TSK004283,0
VEH000242,TSK004283,0
VEH000019,TSK004283,1
VEH000098,TSK004354,0
VEH000337,TSK004354,0
VEH000484,TSK004354,1
VEH000514,TSK004354,1
VEH000006,TSK004354,0
VEH000036,TSK004354,1
VEH000045,TSK004354,1
VEH000506,TSK004354,0
VEH000229,TSK004354,1
VEH000091,TSK004354,0
VEH000515,TSK004354,1
VEH000427,TSK004354,1
VEH000259,TSK004354,1
VEH000218,TSK004354,0
VEH000393,TSK004354,0
VEH000352,TSK004354,0
VEH000341,TSK004354,1
VEH000305,TSK004354,0
VEH000267,TSK004354,0
VEH000051,TSK004354,0
VEH000043,TSK004354,1
VEH000087,TSK004354,0
VEH000517,TSK004354,1
VEH000078,TSK004354,1
VEH000339,TSK004354,0
VEH000499,TSK004354,1
VEH000223,TSK004354,0
VEH000485,TSK004354,0
VEH000482,TSK004354,1
VEH000401,TSK004354,1
VEH000081,TSK004354,1
VEH000429,TSK004354,0
VEH000274,TSK004354,0
VEH000035,TSK004354,0
VEH000531,TSK004354,0
VEH000523,TSK004354,1
VEH000359,TSK004354,0
VEH000328,TSK004354,1
VEH000307,TSK004354,0
VEH000062,TSK004354,0
VEH000070,TSK004354,1
VEH000015,TSK004354,1
VEH000040,TSK004354,1
VEH000093,TSK004354,1
VEH000327,TSK004354,0
VEH000528,TSK004354,0
VEH000441,TSK004354,0
VEH000366,TSK004354,1
VEH000242,TSK004354,1
VEH000019,TSK004354,1
VEH000098,TSK004385,0
VEH000337,TSK004385,1
VEH000484,TSK004385,1
VEH000514,TSK004385,0
VEH000006,TSK004385,1
VEH000036,TSK004385,0
VEH000045,TSK004385,1
VEH000506,TSK004385,1
VEH000229,TSK004385,1
VEH000091,TSK004385,1
VEH000515,TSK004385,0
VEH000427,TSK004385,0
VEH000259,TSK004385,0
VEH000218,TSK004385,1
VEH000393,TSK004385,0
VEH000352,TSK004385,1
VEH000341,TSK004385,1
VEH000305,TSK004385,0
VEH000267,TSK004385,1
VEH000051,TSK004385,0
VEH000043,TSK004385,0
VEH000087,TSK004385,0
VEH000517,TSK004385,0
VEH000078,TSK004385,1
VEH000339,TSK004385,0
VEH000499,TSK004385,0
VEH000223,TSK004385,0
VEH000485,TSK004385,1
VEH000482,TSK004385,1
VEH000401,TSK004385,1
VEH000081,TSK004385,1
VEH000429,TSK004385,1
VEH000274,TSK004385,1
VEH000035,TSK004385,0
VEH000531,TSK004385,0
VEH000523,TSK004385,1
VEH000359,TSK004385,0
VEH000328,TSK004385,1
VEH000307,TSK004385,0
VEH000062,TSK004385,0
VEH000070,TSK004385,1
VEH000015,TSK004385,0
VEH000040,TSK004385,1
VEH000093,TSK004385,0
VEH000327,TSK004385,1
VEH000528,TSK004385,0
VEH000441,TSK004385,0
VEH000366,TSK004385,1
VEH000242,TSK004385,1
VEH000019,TSK004385,0
VEH000098,TSK004430,0
VEH000337,TSK004430,1
VEH000484,TSK004430,0
VEH000514,TSK004430,1
VEH000006,TSK004430,1
VEH000036,TSK004430,0
VEH000045,TSK004430,1
VEH000506,TSK004430,1
VEH000229,TSK004430,0
VEH000091,TSK004430,1
VEH000515,TSK004430,1
VEH000427,TSK004430,1
VEH000259,TSK004430,0
VEH000218,TSK004430,0
VEH000393,TSK004430,1
VEH000352,TSK004430,1
VEH000341,TSK004430,1
VEH000305,TSK004430,1
VEH000267,TSK004430,0
VEH000051,TSK004430,1
VEH000043,TSK004430,0
VEH000087,TSK004430,0
VEH000517,TSK004430,0
VEH000078,TSK004430,0
VEH000339,TSK004430,0
VEH000499,TSK004430,1
VEH000223,TSK004430,0
VEH000485,TSK004430,1
VEH000482,TSK004430,1
VEH000401,TSK004430,0
VEH000081,TSK004430,0
VEH000429,TSK004430,1
VEH000274,TSK004430,1
VEH000035,TSK004430,0
VEH000531,TSK004430,0
VEH000523,TSK004430,1
VEH000359,TSK004430,0
VEH000328,TSK004430,0
VEH000307,TSK004430,0
VEH000062,TSK004430,0
VEH000070,TSK004430,0
VEH000015,TSK004430,0
VEH000040,TSK004430,1
VEH000093,TSK004430,1
VEH000327,TSK004430,1
VEH000528,TSK004430,1
VEH000441,TSK004430,0
VEH000366,TSK004430,1
VEH000242,TSK004430,0
VEH000019,TSK004430,1
VEH000098,TSK004436,0
VEH000337,TSK004436,1
VEH000484,TSK004436,0
VEH000514,TSK004436,0
VEH000006,TSK004436,1
VEH000036,TSK004436,1
VEH000045,TSK004436,1
VEH000506,TSK004436,1
VEH000229,TSK004436,0
VEH000091,TSK004436,1
VEH000515,TSK004436,1
VEH000427,TSK004436,0
VEH000259,TSK004436,1
VEH000218,TSK004436,1
VEH000393,TSK004436,1
VEH000352,TSK004436,0
VEH000341,TSK004436,0
VEH000305,TSK004436,0
VEH000267,TSK004436,0
VEH000051,TSK004436,1
VEH000043,TSK004436,1
VEH000087,TSK004436,0
VEH000517,TSK004436,0
VEH000078,TSK004436,1
VEH000339,TSK004436,1
VEH000499,TSK004436,0
VEH000223,TSK004436,0
VEH000485,TSK004436,0
VEH000482,TSK004436,1
VEH000401,TSK004436,1
VEH000081,TSK004436,1
VEH000429,TSK004436,1
VEH000274,TSK004436,0
VEH000035,TSK004436,0
VEH000531,TSK004436,0
VEH000523,TSK004436,0
VEH000359,TSK004436,0
VEH000328,TSK004436,1
VEH000307,TSK004436,1
VEH000062,TSK004436,0
VEH000070,TSK004436,0
VEH000015,TSK004436,1
VEH000040,TSK004436,1
VEH000093,TSK004436,0
VEH000327,TSK004436,1
VEH000528,TSK004436,1
VEH000441,TSK004436,0
VEH000366,TSK004436,0
VEH000242,TSK004436,1
VEH000019,TSK004436,0
VEH000098,TSK004468,1
VEH000337,TSK004468,1
VEH000484,TSK004468,1
VEH000514,TSK004468,0
VEH000006,TSK004468,1
VEH000036,TSK004468,0
VEH000045,TSK004468,0
VEH000506,TSK004468,0
VEH000229,TSK004468,0
VEH000091,TSK004468,1
VEH000515,TSK004468,0
VEH000427,TSK004468,0
VEH000259,TSK004468,1
VEH000218,TSK004468,1
VEH000393,TSK004468,0
VEH000352,TSK004468,1
VEH000341,TSK004468,1
VEH000305,TSK004468,1
VEH000267,TSK004468,0
VEH000051,TSK004468,1
VEH000043,TSK004468,0
VEH000087,TSK004468,0
VEH000517,TSK004468,1
VEH000078,TSK004468,0
VEH000339,TSK004468,1
VEH000499,TSK004468,0
VEH000223,TSK004468,1
VEH000485,TSK004468,1
VEH000482,TSK004468,1
VEH000401,TSK004468,1
VEH000081,TSK004468,1
VEH000429,TSK004468,0
VEH000274,TSK004468,0
VEH000035,TSK004468,0
VEH000531,TSK004468,1
VEH000523,TSK004468,0
VEH000359,TSK004468,1
VEH000328,TSK004468,0
VEH000307,TSK004468,1
VEH000062,TSK004468,1
VEH000070,TSK004468,0
VEH000015,TSK004468,0
VEH000040,TSK004468,0
VEH000093,TSK004468,1
VEH000327,TSK004468,0
VEH000528,TSK004468,0
VEH000441,TSK004468,1
VEH000366,TSK004468,0
VEH000242,TSK004468,0
VEH000019,TSK004468,1
VEH000098,TSK004573,0
VEH000337,TSK004573,0
VEH000484,TSK004573,0
VEH000514,TSK004573,0
VEH000006,TSK004573,1
VEH000036,TSK004573,0
VEH000045,TSK004573,0
VEH000506,TSK004573,0
VEH000229,TSK004573,1
VEH000091,TSK004573,1
VEH000515,TSK004573,0
VEH000427,TSK004573,0
VEH000259,TSK004573,0
VEH000218,TSK004573,1
VEH000393,TSK004573,1
VEH000352,TSK004573,0
VEH000341,TSK004573,1
VEH000305,TSK004573,0
VEH000267,TSK004573,1
VEH000051,TSK004573,0
VEH000043,TSK004573,1
VEH000087,TSK004573,0
VEH000517,TSK004573,0
VEH000078,TSK004573,1
VEH000339,TSK004573,1
VEH000499,TSK004573,0
VEH000223,TSK004573,1
VEH000485,TSK004573,1
VEH000482,TSK004573,1
VEH000401,TSK004573,1
VEH000081,TSK004573,1
VEH000429,TSK004573,0
VEH000274,TSK004573,1
VEH000035,TSK004573,0
VEH000531,TSK004573,0
VEH000523,TSK004573,0
VEH000359,TSK004573,0
VEH000328,TSK004573,0
VEH000307,TSK004573,1
VEH000062,TSK004573,0
VEH000070,TSK004573,0
VEH000015,TSK004573,1
VEH000040,TSK004573,1
VEH000093,TSK004573,1
VEH000327,TSK004573,1
VEH000528,TSK004573,1
VEH000441,TSK004573,1
VEH000366,TSK004573,0
VEH000242,TSK004573,1
VEH000019,TSK004573,1
VEH000098,TSK004614,1
VEH000337,TSK004614,0
VEH000484,TSK004614,1
VEH000514,TSK004614,1
VEH000006,TSK004614,1
VEH000036,TSK004614,0
VEH000045,TSK004614,0
VEH000506,TSK004614,0
VEH000229,TSK004614,0
VEH000091,TSK004614,1
VEH000515,TSK004614,0
VEH000427,TSK004614,0
VEH000259,TSK004614,0
VEH000218,TSK004614,0
VEH000393,TSK004614,1
VEH000352,TSK004614,0
VEH000341,TSK004614,0
VEH000305,TSK004614,1
VEH000267,TSK004614,1
VEH000051,TSK004614,1
VEH000043,TSK004614,0
VEH000087,TSK004614,1
VEH000517,TSK004614,1
VEH000078,TSK004614,0
VEH000339,TSK004614,1
VEH000499,TSK004614,0
VEH000223,TSK004614,0
VEH000485,TSK004614,1
VEH000482,TSK004614,0
VEH000401,TSK004614,1
VEH000081,TSK004614,1
VEH000429,TSK004614,0
VEH000274,TSK004614,1
VEH000035,TSK004614,1
VEH000531,TSK004614,1
VEH000523,TSK004614,1
VEH000359,TSK004614,0
VEH000328,TSK004614,0
VEH000307,TSK004614,0
VEH000062,TSK004614,1
VEH000070,TSK004614,1
VEH000015,TSK004614,0
VEH000040,TSK004614,0
VEH000093,TSK004614,1
VEH000327,TSK004614,0
VEH000528,TSK004614,0
VEH000441,TSK004614,1
VEH000366,TSK004614,0
VEH000242,TSK004614,1
VEH000019,TSK004614,1
VEH000098,TSK004672,1
VEH000337,TSK004672,1
VEH000484,TSK004672,0
VEH000514,TSK004672,1
VEH000006,TSK004672,1
VEH000036,TSK004672,1
VEH000045,TSK004672,0
VEH000506,TSK004672,0
VEH000229,TSK004672,0
VEH000091,TSK004672,0
VEH000515,TSK004672,0
VEH000427,TSK004672,0
VEH000259,TSK004672,1
VEH000218,TSK004672,1
VEH000393,TSK004672,0
VEH000352,TSK004672,1
VEH000341,TSK004672,1
VEH000305,TSK004672,1
VEH000267,TSK004672,0
VEH000051,TSK004672,1
VEH000043,TSK004672,1
VEH000087,TSK004672,1
VEH000517,TSK004672,0
VEH000078,TSK004672,0
VEH000339,TSK004672,0
VEH000499,TSK004672,0
VEH000223,TSK004672,1
VEH000485,TSK004672,0
VEH000482,TSK004672,0
VEH000401,TSK004672,1
VEH000081,TSK004672,1
VEH000429,TSK004672,1
VEH000274,TSK004672,0
VEH000035,TSK004672,1
VEH000531,TSK004672,0
VEH000523,TSK004672,1
VEH000359,TSK004672,0
VEH000328,TSK004672,1
VEH000307,TSK004672,1
VEH000062,TSK004672,0
VEH000070,TSK004672,0
VEH000015,TSK004672,1
VEH000040,TSK004672,0
VEH000093,TSK004672,0
VEH000327,TSK004672,0
VEH000528,TSK004672,1
VEH000441,TSK004672,1
VEH000366,TSK004672,0
VEH000242,TSK004672,0
VEH000019,TSK004672,1
VEH000098,TSK004754,0
VEH000337,TSK004754,1
VEH000484,TSK004754,1
VEH000514,TSK004754,0
VEH000006,TSK004754,0
VEH000036,TSK004754,1
VEH000045,TSK004754,0
VEH000506,TSK004754,1
VEH000229,TSK004754,0
VEH000091,TSK004754,0
VEH000515,TSK004754,0
VEH000427,TSK004754,0
VEH000259,TSK004754,0
VEH000218,TSK004754,1
VEH000393,TSK004754,0
VEH000352,TSK004754,0
VEH000341,TSK004754,1
VEH000305,TSK004754,1
VEH000267,TSK004754,1
VEH000051,TSK004754,1
VEH000043,TSK004754,0
VEH000087,TSK004754,1
VEH000517,TSK004754,0
VEH000078,TSK004754,0
VEH000339,TSK004754,1
VEH000499,TSK004754,0
VEH000223,TSK004754,1
VEH000485,TSK004754,1
VEH000482,TSK004754,0
VEH000401,TSK004754,1
VEH000081,TSK004754,1
VEH000429,TSK004754,0
VEH000274,TSK004754,0
VEH000035,TSK004754,0
VEH000531,TSK004754,0
VEH000523,TSK004754,1
VEH000359,TSK004754,1
VEH000328,TSK004754,0
VEH000307,TSK004754,0
VEH000062,TSK004754,1
VEH000070,TSK004754,1
VEH000015,TSK004754,1
VEH000040,TSK004754,1
VEH000093,TSK004754,1
VEH000327,TSK004754,0
VEH000528,TSK004754,0
VEH000441,TSK004754,1
VEH000366,TSK004754,1
VEH000242,TSK004754,0
VEH000019,TSK004754,1
VEH000098,TSK004804,0
VEH000337,TSK004804,0
VEH000484,TSK004804,1
VEH000514,TSK004804,0
VEH000006,TSK004804,1
VEH000036,TSK004804,1
VEH000045,TSK004804,0
VEH000506,TSK004804,1
VEH000229,TSK004804,1
VEH000091,TSK004804,0
VEH000515,TSK004804,1
VEH000427,TSK004804,0
VEH000259,TSK004804,0
VEH000218,TSK004804,1
VEH000393,TSK004804,0
VEH000352,TSK004804,1
VEH000341,TSK004804,0
VEH000305,TSK004804,0
VEH000267,TSK004804,0
VEH000051,TSK004804,1
VEH000043,TSK004804,0
VEH000087,TSK004804,1
VEH000517,TSK004804,0
VEH000078,TSK004804,1
VEH000339,TSK004804,1
VEH000499,TSK004804,0
VEH000223,TSK004804,1
VEH000485,TSK004804,1
VEH000482,TSK004804,0
VEH000401,TSK004804,1
VEH000081,TSK004804,0
VEH000429,TSK004804,1
VEH000274,TSK004804,1
VEH000035,TSK004804,1
VEH000531,TSK004804,0
VEH000523,TSK004804,0
VEH000359,TSK004804,0
VEH000328,TSK004804,1
VEH000307,TSK004804,0
VEH000062,TSK004804,1
VEH000070,TSK004804,0
VEH000015,TSK004804,1
VEH000040,TSK004804,1
VEH000093,TSK004804,1
VEH000327,TSK004804,1
VEH000528,TSK004804,0
VEH000441,TSK004804,1
VEH000366,TSK004804,0
VEH000242,TSK004804,0
VEH000019,TSK004804,0
VEH000098,TSK004855,0
VEH000337,TSK004855,0
VEH000484,TSK004855,1
VEH000514,TSK004855,1
VEH000006,TSK004855,1
VEH000036,TSK004855,1
VEH000045,TSK004855,1
VEH000506,TSK004855,1
VEH000229,TSK004855,0
VEH000091,TSK004855,1
VEH000515,TSK004855,0
VEH000427,TSK004855,1
VEH000259,TSK004855,1
VEH000218,TSK004855,1
VEH000393,TSK004855,0
VEH000352,TSK004855,0
VEH000341,TSK004855,0
VEH000305,TSK004855,1
VEH000267,TSK004855,0
VEH000051,TSK004855,0
VEH000043,TSK004855,0
VEH000087,TSK004855,0
VEH000517,TSK004855,1
VEH000078,TSK004855,0
VEH000339,TSK004855,0
VEH000499,TSK004855,1
VEH000223,TSK004855,1
VEH000485,TSK004855,1
VEH000482,TSK004855,1
VEH000401,TSK004855,0
VEH000081,TSK004855,0
VEH000429,TSK004855,1
VEH000274,TSK004855,1
VEH000035,TSK004855,1
VEH000531,TSK004855,0
VEH000523,TSK004855,1
VEH000359,TSK004855,1
VEH000328,TSK004855,0
VEH000307,TSK004855,1
VEH000062,TSK004855,0
VEH000070,TSK004855,0
VEH000015,TSK004855,0
VEH000040,TSK004855,1
VEH000093,TSK004855,1
VEH000327,TSK004855,0
VEH000528,TSK004855,0
VEH000441,TSK004855,0
VEH000366,TSK004855,0
VEH000242,TSK004855,1
VEH000019,TSK004855,0
VEH000098,TSK004896,0
VEH000337,TSK004896,0
VEH000484,TSK004896,1
VEH000514,TSK004896,1
VEH000006,TSK004896,1
VEH000036,TSK004896,1
VEH000045,TSK004896,0
VEH000506,TSK004896,0
VEH000229,TSK004896,0
VEH000091,TSK004896,0
VEH000515,TSK004896,1
VEH000427,TSK004896,0
VEH000259,TSK004896,1
VEH000218,TSK004896,1
VEH000393,TSK004896,0
VEH000352,TSK004896,1
VEH000341,TSK004896,1
VEH000305,TSK004896,0
VEH000267,TSK004896,0
VEH000051,TSK004896,1
VEH000043,TSK004896,1
VEH000087,TSK004896,1
VEH000517,TSK004896,1
VEH000078,TSK004896,0
VEH000339,TSK004896,0
VEH000499,TSK004896,0
VEH000223,TSK004896,1
VEH000485,TSK004896,0
VEH000482,TSK004896,0
VEH000401,TSK004896,1
VEH000081,TSK004896,0
VEH000429,TSK004896,0
VEH000274,TSK004896,0
VEH000035,TSK004896,0
VEH000531,TSK004896,1
VEH000523,TSK004896,1
VEH000359,TSK004896,0
VEH000328,TSK004896,1
VEH000307,TSK004896,0
VEH000062,TSK004896,0
VEH000070,TSK004896,1
VEH000015,TSK004896,0
VEH000040,TSK004896,0
VEH000093,TSK004896,1
VEH000327,TSK004896,1
VEH000528,TSK004896,1
VEH000441,TSK004896,1
VEH000366,TSK004896,0
VEH000242,TSK004896,1
VEH000019,TSK004896,1
VEH000098,TSK004928,0
VEH000337,TSK004928,1
VEH000484,TSK004928,1
VEH000514,TSK004928,0
VEH000006,TSK004928,0
VEH000036,TSK004928,1
VEH000045,TSK004928,1
VEH000506,TSK004928,0
VEH000229,TSK004928,1
VEH000091,TSK004928,0
VEH000515,TSK004928,0
VEH000427,TSK004928,1
VEH000259,TSK004928,1
VEH000218,TSK004928,0
VEH000393,TSK004928,0
VEH000352,TSK004928,1
VEH000341,TSK004928,1
VEH000305,TSK004928,1
VEH000267,TSK004928,0
VEH000051,TSK004928,1
VEH000043,TSK004928,0
VEH000087,TSK004928,1
VEH000517,TSK004928,0
VEH000078,TSK004928,1
VEH000339,TSK004928,1
VEH000499,TSK004928,1
VEH000223,TSK004928,0
VEH000485,TSK004928,0
VEH000482,TSK004928,1
VEH000401,TSK004928,0
VEH000081,TSK004928,0
VEH000429,TSK004928,0
VEH000274,TSK004928,1
VEH000035,TSK004928,1
VEH000531,TSK004928,1
VEH000523,TSK004928,1
VEH000359,TSK004928,0
VEH000328,TSK004928,0
VEH000307,TSK004928,0
VEH000062,TSK004928,1
VEH000070,TSK004928,1
VEH000015,TSK004928,0
VEH000040,TSK004928,0
VEH000093,TSK004928,0
VEH000327,TSK004928,1
VEH000528,TSK004928,0
VEH000441,TSK004928,1
VEH000366,TSK004928,0
VEH000242,TSK004928,0
VEH000019,TSK004928,1
VEH000098,TSK005048,1
VEH000337,TSK005048,0
VEH000484,TSK005048,1
VEH000514,TSK005048,1
VEH000006,TSK005048,1
VEH000036,TSK005048,0
VEH000045,TSK005048,1
VEH000506,TSK005048,0
VEH000229,TSK005048,0
VEH000091,TSK005048,0
VEH000515,TSK005048,0
VEH000427,TSK005048,1
VEH000259,TSK005048,1
VEH000218,TSK005048,0
VEH000393,TSK005048,1
VEH000352,TSK005048,1
VEH000341,TSK005048,1
VEH000305,TSK005048,0
VEH000267,TSK005048,1
VEH000051,TSK005048,0
VEH000043,TSK005048,1
VEH000087,TSK005048,1
VEH000517,TSK005048,1
VEH000078,TSK005048,1
VEH000339,TSK005048,0
VEH000499,TSK005048,0
VEH000223,TSK005048,1
VEH000485,TSK005048,1
VEH000482,TSK005048,0
VEH000401,TSK005048,1
VEH000081,TSK005048,0
VEH000429,TSK005048,1
VEH000274,TSK005048,0
VEH000035,TSK005048,0
VEH000531,TSK005048,0
VEH000523,TSK005048,0
VEH000359,TSK005048,0
VEH000328,TSK005048,0
VEH000307,TSK005048,0
VEH000062,TSK005048,1
VEH000070,TSK005048,0
VEH000015,TSK005048,1
VEH000040,TSK005048,1
VEH000093,TSK005048,1
VEH000327,TSK005048,0
VEH000528,TSK005048,1
VEH000441,TSK005048,0
VEH000366,TSK005048,0
VEH000242,TSK005048,0
VEH000019,TSK005048,1
VEH000098,TSK005228,1
VEH000337,TSK005228,0
VEH000484,TSK005228,1
VEH000514,TSK005228,0
VEH000006,TSK005228,1
VEH000036,TSK005228,0
VEH000045,TSK005228,0
VEH000506,TSK005228,1
VEH000229,TSK005228,0
VEH000091,TSK005228,0
VEH000515,TSK005228,0
VEH000427,TSK005228,1
VEH000259,TSK005228,1
VEH000218,TSK005228,1
VEH000393,TSK005228,1
VEH000352,TSK005228,1
VEH000341,TSK005228,0
VEH000305,TSK005228,0
VEH000267,TSK005228,0
VEH000051,TSK005228,0
VEH000043,TSK005228,1
VEH000087,TSK005228,1
VEH000517,TSK005228,1
VEH000078,TSK005228,1
VEH000339,TSK005228,0
VEH000499,TSK005228,0
VEH000223,TSK005228,1
VEH000485,TSK005228,0
VEH000482,TSK005228,1
VEH000401,TSK005228,0
VEH000081,TSK005228,0
VEH000429,TSK005228,0
VEH000274,TSK005228,0
VEH000035,TSK005228,1
VEH000531,TSK005228,1
VEH000523,TSK005228,1
VEH000359,TSK005228,1
VEH000328,TSK005228,1
VEH000307,TSK005228,1
VEH000062,TSK005228,1
VEH000070,TSK005228,1
VEH000015,TSK005228,0
VEH000040,TSK005228,0
VEH000093,TSK005228,0
VEH000327,TSK005228,0
VEH000528,TSK005228,1
VEH000441,TSK005228,0
VEH000366,TSK005228,0
VEH000242,TSK005228,1
VEH000019,TSK005228,0
VEH000098,TSK005280,1
VEH000337,TSK005280,1
VEH000484,TSK005280,0
VEH000514,TSK005280,1
VEH000006,TSK005280,1
VEH000036,TSK005280,0
VEH000045,TSK005280,0
VEH000506,TSK005280,1
VEH000229,TSK005280,0
VEH000091,TSK005280,1
VEH000515,TSK005280,1
VEH000427,TSK005280,0
VEH000259,TSK005280,1
VEH000218,TSK005280,0
VEH000393,TSK005280,0
VEH000352,TSK005280,0
VEH000341,TSK005280,1
VEH000305,TSK005280,1
VEH000267,TSK005280,0
VEH000051,TSK005280,1
VEH000043,TSK005280,0
VEH000087,TSK005280,0
VEH000517,TSK005280,0
VEH000078,TSK005280,0
VEH000339,TSK005280,0
VEH000499,TSK005280,0
VEH000223,TSK005280,1
VEH000485,TSK005280,1
VEH000482,TSK005280,0
VEH000401,TSK005280,1
VEH000081,TSK005280,0
VEH000429,TSK005280,0
VEH000274,TSK005280,1
VEH000035,TSK005280,1
VEH000531,TSK005280,1
VEH000523,TSK005280,0
VEH000359,TSK005280,1
VEH000328,TSK005280,0
VEH000307,TSK005280,0
VEH000062,TSK005280,0
VEH000070,TSK005280,0
VEH000015,TSK005280,1
VEH000040,TSK005280,1
VEH000093,TSK005280,0
VEH000327,TSK005280,1
VEH000528,TSK005280,1
VEH000441,TSK005280,1
VEH000366,TSK005280,1
VEH000242,TSK005280,1
VEH000019,TSK005280,0
VEH000098,TSK005373,1
VEH000337,TSK005373,1
VEH000484,TSK005373,1
VEH000514,TSK005373,0
VEH000006,TSK005373,0
VEH000036,TSK005373,0
VEH000045,TSK005373,1
VEH000506,TSK005373,1
VEH000229,TSK005373,1
VEH000091,TSK005373,1
VEH000515,TSK005373,0
VEH000427,TSK005373,0
VEH000259,TSK005373,0
VEH000218,TSK005373,1
VEH000393,TSK005373,0
VEH000352,TSK005373,0
VEH000341,TSK005373,1
VEH000305,TSK005373,0
VEH000267,TSK005373,1
VEH000051,TSK005373,0
VEH000043,TSK005373,1
VEH000087,TSK005373,0
VEH000517,TSK005373,1
VEH000078,TSK005373,1
VEH000339,TSK005373,0
VEH000499,TSK005373,0
VEH000223,TSK005373,1
VEH000485,TSK005373,1
VEH000482,TSK005373,0
VEH000401,TSK005373,1
VEH000081,TSK005373,1
VEH000429,TSK005373,0
VEH000274,TSK005373,0
VEH000035,TSK005373,0
VEH000531,TSK005373,0
VEH000523,TSK005373,0
VEH000359,TSK005373,0
VEH000328,TSK005373,1
VEH000307,TSK005373,0
VEH000062,TSK005373,1
VEH000070,TSK005373,1
VEH000015,TSK005373,1
VEH000040,TSK005373,1
VEH000093,TSK005373,0
VEH000327,TSK005373,0
VEH000528,TSK005373,1
VEH000441,TSK005373,1
VEH000366,TSK005373,0
VEH000242,TSK005373,1
VEH000019,TSK005373,0
VEH000098,TSK005430,1
VEH000337,TSK005430,0
VEH000484,TSK005430,1
VEH000514,TSK005430,1
VEH000006,TSK005430,0
VEH000036,TSK005430,0
VEH000045,TSK005430,0
VEH000506,TSK005430,1
VEH000229,TSK005430,1
VEH000091,TSK005430,1
VEH000515,TSK005430,1
VEH000427,TSK005430,1
VEH000259,TSK005430,0
VEH000218,TSK005430,1
VEH000393,TSK005430,0
VEH000352,TSK005430,0
VEH000341,TSK005430,1
VEH000305,TSK005430,0
VEH000267,TSK005430,0
VEH000051,TSK005430,1
VEH000043,TSK005430,0
VEH000087,TSK005430,0
VEH000517,TSK005430,1
VEH000078,TSK005430,0
VEH000339,TSK005430,0
VEH000499,TSK005430,1
VEH000223,TSK005430,0
VEH000485,TSK005430,0
VEH000482,TSK005430,1
VEH000401,TSK005430,0
VEH000081,TSK005430,0
VEH000429,TSK005430,1
VEH000274,TSK005430,1
VEH000035,TSK005430,0
VEH000531,TSK005430,1
VEH000523,TSK005430,1
VEH000359,TSK005430,1
VEH000328,TSK005430,1
VEH000307,TSK005430,0
VEH000062,TSK005430,1
VEH000070,TSK005430,1
VEH000015,TSK005430,0
VEH000040,TSK005430,1
VEH000093,TSK005430,1
VEH000327,TSK005430,0
VEH000528,TSK005430,0
VEH000441,TSK005430,0
VEH000366,TSK005430,0
VEH000242,TSK005430,0
VEH000019,TSK005430,1
VEH000098,TSK005438,0
VEH000337,TSK005438,0
VEH000484,TSK005438,1
VEH000514,TSK005438,0
VEH000006,TSK005438,0
VEH000036,TSK005438,1
VEH000045,TSK005438,1
VEH000506,TSK005438,0
VEH000229,TSK005438,1
VEH000091,TSK005438,1
VEH000515,TSK005438,1
VEH000427,TSK005438,1
VEH000259,TSK005438,0
VEH000218,TSK005438,0
VEH000393,TSK005438,0
VEH000352,TSK005438,0
VEH000341,TSK005438,1
VEH000305,TSK005438,0
VEH000267,TSK005438,0
VEH000051,TSK005438,0
VEH000043,TSK005438,0
VEH000087,TSK005438,0
VEH000517,TSK005438,0
VEH000078,TSK005438,0
VEH000339,TSK005438,1
VEH000499,TSK005438,1
VEH000223,TSK005438,1
VEH000485,TSK005438,0
VEH000482,TSK005438,1
VEH000401,TSK005438,1
VEH000081,TSK005438,0
VEH000429,TSK005438,1
VEH000274,TSK005438,1
VEH000035,TSK005438,1
VEH000531,TSK005438,1
VEH000523,TSK005438,1
VEH000359,TSK005438,1
VEH000328,TSK005438,1
VEH000307,TSK005438,0
VEH000062,TSK005438,1
VEH000070,TSK005438,0
VEH000015,TSK005438,0
VEH000040,TSK005438,1
VEH000093,TSK005438,1
VEH000327,TSK005438,1
VEH000528,TSK005438,0
VEH000441,TSK005438,1
VEH000366,TSK005438,0
VEH000242,TSK005438,0
VEH000019,TSK005438,0
VEH000098,TSK005476,0
VEH000337,TSK005476,1
VEH000484,TSK005476,0
VEH000514,TSK005476,0
VEH000006,TSK005476,0
VEH000036,TSK005476,1
VEH000045,TSK005476,1
VEH000506,TSK005476,0
VEH000229,TSK005476,1
VEH000091,TSK005476,1
VEH000515,TSK005476,0
VEH000427,TSK005476,0
VEH000259,TSK005476,0
VEH000218,TSK005476,1
VEH000393,TSK005476,0
VEH000352,TSK005476,1
VEH000341,TSK005476,1
VEH000305,TSK005476,1
VEH000267,TSK005476,0
VEH000051,TSK005476,1
VEH000043,TSK005476,1
VEH000087,TSK005476,0
VEH000517,TSK005476,1
VEH000078,TSK005476,1
VEH000339,TSK005476,0
VEH000499,TSK005476,0
VEH000223,TSK005476,1
VEH000485,TSK005476,1
VEH000482,TSK005476,0
VEH000401,TSK005476,0
VEH000081,TSK005476,0
VEH000429,TSK005476,1
VEH000274,TSK005476,0
VEH000035,TSK005476,0
VEH000531,TSK005476,1
VEH000523,TSK005476,0
VEH000359,TSK005476,1
VEH000328,TSK005476,1
VEH000307,TSK005476,0
VEH000062,TSK005476,1
VEH000070,TSK005476,1
VEH000015,TSK005476,1
VEH000040,TSK005476,1
VEH000093,TSK005476,1
VEH000327,TSK005476,0
VEH000528,TSK005476,0
VEH000441,TSK005476,0
VEH000366,TSK005476,1
VEH000242,TSK005476,0
VEH000019,TSK005476,0
VEH000098,TSK005540,0
VEH000337,TSK005540,0
VEH000484,TSK005540,0
VEH000514,TSK005540,0
VEH000006,TSK005540,1
VEH000036,TSK005540,1
VEH000045,TSK005540,1
VEH000506,TSK005540,0
VEH000229,TSK005540,0
VEH000091,TSK005540,0
VEH000515,TSK005540,1
VEH000427,TSK005540,0
VEH000259,TSK005540,1
VEH000218,TSK005540,0
VEH000393,TSK005540,1
VEH000352,TSK005540,1
VEH000341,TSK005540,1
VEH000305,TSK005540,1
VEH000267,TSK005540,0
VEH000051,TSK005540,0
VEH000043,TSK005540,1
VEH000087,TSK005540,1
VEH000517,TSK005540,0
VEH000078,TSK005540,0
VEH000339,TSK005540,0
VEH000499,TSK005540,0
VEH000223,TSK005540,0
VEH000485,TSK005540,0
VEH000482,TSK005540,1
VEH000401,TSK005540,1
VEH000081,TSK005540,0
VEH000429,TSK005540,0
VEH000274,TSK005540,0
VEH000035,TSK005540,1
VEH000531,TSK005540,1
VEH000523,TSK005540,1
VEH000359,TSK005540,0
VEH000328,TSK005540,1
VEH000307,TSK005540,1
VEH000062,TSK005540,1
VEH000070,TSK005540,0
VEH000015,TSK005540,1
VEH000040,TSK005540,1
VEH000093,TSK005540,0
VEH000327,TSK005540,1
VEH000528,TSK005540,1
VEH000441,TSK005540,1
VEH000366,TSK005540,0
VEH000242,TSK005540,1
VEH000019,TSK005540,0
VEH000098,TSK005650,0
VEH000337,TSK005650,1
VEH000484,TSK005650,1
VEH000514,TSK005650,0
VEH000006,TSK005650,1
VEH000036,TSK005650,1
VEH000045,TSK005650,1
VEH000506,TSK005650,1
VEH000229,TSK005650,1
VEH000091,TSK005650,0
VEH000515,TSK005650,1
VEH000427,TSK005650,0
VEH000259,TSK005650,1
VEH000218,TSK005650,0
VEH000393,TSK005650,0
VEH000352,TSK005650,1
VEH000341,TSK005650,0
VEH000305,TSK005650,1
VEH000267,TSK005650,0
VEH000051,TSK005650,1
VEH000043,TSK005650,0
VEH000087,TSK005650,0
VEH000517,TSK005650,0
VEH000078,TSK005650,1
VEH000339,TSK005650,1
VEH000499,TSK005650,0
VEH000223,TSK005650,0
VEH000485,TSK005650,1
VEH000482,TSK005650,0
VEH000401,TSK005650,0
VEH000081,TSK005650,0
VEH000429,TSK005650,0
VEH000274,TSK005650,1
VEH000035,TSK005650,0
VEH000531,TSK005650,1
VEH000523,TSK005650,1
VEH000359,TSK005650,0
VEH000328,TSK005650,1
VEH000307,TSK005650,1
VEH000062,TSK005650,0
VEH000070,TSK005650,1
VEH000015,TSK005650,0
VEH000040,TSK005650,0
VEH000093,TSK005650,0
VEH000327,TSK005650,1
VEH000528,TSK005650,1
VEH000441,TSK005650,1
VEH000366,TSK005650,0
VEH000242,TSK005650,1
VEH000019,TSK005650,0
VEH000098,TSK005705,0
VEH000337,TSK005705,1
VEH000484,TSK005705,0
VEH000514,TSK005705,0
VEH000006,TSK005705,1
VEH000036,TSK005705,1
VEH000045,TSK005705,0
VEH000506,TSK005705,0
VEH000229,TSK005705,1
VEH000091,TSK005705,1
VEH000515,TSK005705,1
VEH000427,TSK005705,1
VEH000259,TSK005705,0
VEH000218,TSK005705,1
VEH000393,TSK005705,0
VEH000352,TSK005705,0
VEH000341,TSK005705,0
VEH000305,TSK005705,0
VEH000267,TSK005705,0
VEH000051,TSK005705,0
VEH000043,TSK005705,0
VEH000087,TSK005705,0
VEH000517,TSK005705,0
VEH000078,TSK005705,0
VEH000339,TSK005705,1
VEH000499,TSK005705,1
VEH000223,TSK005705,0
VEH000485,TSK005705,1
VEH000482,TSK005705,1
VEH000401,TSK005705,0
VEH000081,TSK005705,1
VEH000429,TSK005705,1
VEH000274,TSK005705,1
VEH000035,TSK005705,1
VEH000531,TSK005705,1
VEH000523,TSK005705,0
VEH000359,TSK005705,1
VEH000328,TSK005705,0
VEH000307,TSK005705,1
VEH000062,TSK005705,1
VEH000070,TSK005705,1
VEH000015,TSK005705,0
VEH000040,TSK005705,0
VEH000093,TSK005705,1
VEH000327,TSK005705,1
VEH000528,TSK005705,0
VEH000441,TSK005705,0
VEH000366,TSK005705,1
VEH000242,TSK005705,1
VEH000019,TSK005705,0
VEH000098,TSK005816,0
VEH000337,TSK005816,0
VEH000484,TSK005816,0
VEH000514,TSK005816,1
VEH000006,TSK005816,1
VEH000036,TSK005816,1
VEH000045,TSK005816,1
VEH000506,TSK005816,0
VEH000229,TSK005816,0
VEH000091,TSK005816,1
VEH000515,TSK005816,1
VEH000427,TSK005816,0
VEH000259,TSK005816,0
VEH000218,TSK005816,1
VEH000393,TSK005816,0
VEH000352,TSK005816,0
VEH000341,TSK005816,1
VEH000305,TSK005816,0
VEH000267,TSK005816,1
VEH000051,TSK005816,1
VEH000043,TSK005816,0
VEH000087,TSK005816,1
VEH000517,TSK005816,0
VEH000078,TSK005816,1
VEH000339,TSK005816,0
VEH000499,TSK005816,1
VEH000223,TSK005816,1
VEH000485,TSK005816,1
VEH000482,TSK005816,0
VEH000401,TSK005816,0
VEH000081,TSK005816,0
VEH000429,TSK005816,0
VEH000274,TSK005816,1
VEH000035,TSK005816,1
VEH000531,TSK005816,0
VEH000523,TSK005816,1
VEH000359,TSK005816,1
VEH000328,TSK005816,0
VEH000307,TSK005816,1
VEH000062,TSK005816,1
VEH000070,TSK005816,1
VEH000015,TSK005816,0
VEH000040,TSK005816,0
VEH000093,TSK005816,0
VEH000327,TSK005816,0
VEH000528,TSK005816,1
VEH000441,TSK005816,0
VEH000366,TSK005816,0
VEH000242,TSK005816,1
VEH000019,TSK005816,1
VEH000098,TSK005877,0
VEH000337,TSK005877,1
VEH000484,TSK005877,1
VEH000514,TSK005877,0
VEH000006,TSK005877,0
VEH000036,TSK005877,0
VEH000045,TSK005877,0
VEH000506,TSK005877,1
VEH000229,TSK005877,0
VEH000091,TSK005877,1
VEH000515,TSK005877,0
VEH000427,TSK005877,0
VEH000259,TSK005877,0
VEH000218,TSK005877,1
VEH000393,TSK005877,0
VEH000352,TSK005877,0
VEH000341,TSK005877,1
VEH000305,TSK005877,0
VEH000267,TSK005877,1
VEH000051,TSK005877,1
VEH000043,TSK005877,1
VEH000087,TSK005877,1
VEH000517,TSK005877,1
VEH000078,TSK005877,0
VEH000339,TSK005877,0
VEH000499,TSK005877,1
VEH000223,TSK005877,1
VEH000485,TSK005877,0
VEH000482,TSK005877,1
VEH000401,TSK005877,1
VEH000081,TSK005877,1
VEH000429,TSK005877,0
VEH000274,TSK005877,1
VEH000035,TSK005877,0
VEH000531,TSK005877,1
VEH000523,TSK005877,0
VEH000359,TSK005877,1
VEH000328,TSK005877,1
VEH000307,TSK005877,1
VEH000062,TSK005877,0
VEH000070,TSK005877,0
VEH000015,TSK005877,1
VEH000040,TSK005877,0
VEH000093,TSK005877,0
VEH000327,TSK005877,0
VEH000528,TSK005877,0
VEH000441,TSK005877,1
VEH000366,TSK005877,1
VEH000242,TSK005877,1
VEH000019,TSK005877,0
VEH000098,TSK005997,0
VEH000337,TSK005997,0
VEH000484,TSK005997,1
VEH000514,TSK005997,0
VEH000006,TSK005997,0
VEH000036,TSK005997,0
VEH000045,TSK005997,1
VEH000506,TSK005997,1
VEH000229,TSK005997,1
VEH000091,TSK005997,1
VEH000515,TSK005997,0
VEH000427,TSK005997,0
VEH000259,TSK005997,0
VEH000218,TSK005997,0
VEH000393,TSK005997,0
VEH000352,TSK005997,1
VEH000341,TSK005997,1
VEH000305,TSK005997,1
VEH000267,TSK005997,1
VEH000051,TSK005997,1
VEH000043,TSK005997,1
VEH000087,TSK005997,1
VEH000517,TSK005997,1
VEH000078,TSK005997,1
VEH000339,TSK005997,0
VEH000499,TSK005997,1
VEH000223,TSK005997,0
VEH000485,TSK005997,0
VEH000482,TSK005997,0
VEH000401,TSK005997,0
VEH000081,TSK005997,1
VEH000429,TSK005997,0
VEH000274,TSK005997,1
VEH000035,TSK005997,1
VEH000531,TSK005997,0
VEH000523,TSK005997,0
VEH000359,TSK005997,0
VEH000328,TSK005997,1
VEH000307,TSK005997,0
VEH000062,TSK005997,1
VEH000070,TSK005997,1
VEH000015,TSK005997,0
VEH000040,TSK005997,1
VEH000093,TSK005997,0
VEH000327,TSK005997,1
VEH000528,TSK005997,1
VEH000441,TSK005997,0
VEH000366,TSK005997,0
VEH000242,TSK005997,0
VEH000019,TSK005997,1
VEH000098,TSK006052,1
VEH000337,TSK006052,0
VEH000484,TSK006052,0
VEH000514,TSK006052,1
VEH000006,TSK006052,1
VEH000036,TSK006052,1
VEH000045,TSK006052,1
VEH000506,TSK006052,1
VEH000229,TSK006052,1
VEH000091,TSK006052,1
VEH000515,TSK006052,1
VEH000427,TSK006052,0
VEH000259,TSK006052,0
VEH000218,TSK006052,1
VEH000393,TSK006052,1
VEH000352,TSK006052,0
VEH000341,TSK006052,0
VEH000305,TSK006052,1
VEH000267,TSK006052,0
VEH000051,TSK006052,0
VEH000043,TSK006052,1
VEH000087,TSK006052,0
VEH000517,TSK006052,0
VEH000078,TSK006052,1
VEH000339,TSK006052,0
VEH000499,TSK006052,1
VEH000223,TSK006052,1
VEH000485,TSK006052,1
VEH000482,TSK006052,0
VEH000401,TSK006052,0
VEH000081,TSK006052,0
VEH000429,TSK006052,0
VEH000274,TSK006052,1
VEH000035,TSK006052,1
VEH000531,TSK006052,0
VEH000523,TSK006052,1
VEH000359,TSK006052,1
VEH000328,TSK006052,0
VEH000307,TSK006052,1
VEH000062,TSK006052,0
VEH000070,TSK006052,1
VEH000015,TSK006052,0
VEH000040,TSK006052,1
VEH000093,TSK006052,0
VEH000327,TSK006052,0
VEH000528,TSK006052,0
VEH000441,TSK006052,0
VEH000366,TSK006052,0
VEH000242,TSK006052,0
VEH000019,TSK006052,1
VEH000098,TSK006176,0
VEH000337,TSK006176,1
VEH000484,TSK006176,1
VEH000514,TSK006176,1
VEH000006,TSK006176,0
VEH000036,TSK006176,0
VEH000045,TSK006176,0
VEH000506,TSK006176,0
VEH000229,TSK006176,1
VEH000091,TSK006176,0
VEH000515,TSK006176,0
VEH000427,TSK006176,0
VEH000259,TSK006176,1
VEH000218,TSK006176,0
VEH000393,TSK006176,1
VEH000352,TSK006176,1
VEH000341,TSK006176,0
VEH000305,TSK006176,1
VEH000267,TSK006176,1
VEH000051,TSK006176,0
VEH000043,TSK006176,0
VEH000087,TSK006176,1
VEH000517,TSK006176,1
VEH000078,TSK006176,1
VEH000339,TSK006176,1
VEH000499,TSK006176,1
VEH000223,TSK006176,0
VEH000485,TSK006176,0
VEH000482,TSK006176,1
VEH000401,TSK006176,0
VEH000081,TSK006176,1
VEH000429,TSK006176,0
VEH000274,TSK006176,1
VEH000035,TSK006176,1
VEH000531,TSK006176,1
VEH000523,TSK006176,0
VEH000359,TSK006176,0
VEH000328,TSK006176,1
VEH000307,TSK006176,1
VEH000062,TSK006176,1
VEH000070,TSK006176,0
VEH000015,TSK006176,0
VEH000040,TSK006176,1
VEH000093,TSK006176,1
VEH000327,TSK006176,0
VEH000528,TSK006176,0
VEH000441,TSK006176,0
VEH000366,TSK006176,0
VEH000242,TSK006176,0
VEH000019,TSK006176,1
VEH000098,TSK006259,0
VEH000337,TSK006259,0
VEH000484,TSK006259,1
VEH000514,TSK006259,1
VEH000006,TSK006259,0
VEH000036,TSK006259,1
VEH000045,TSK006259,0
VEH000506,TSK006259,0
VEH000229,TSK006259,1
VEH000091,TSK006259,1
VEH000515,TSK006259,1
VEH000427,TSK006259,1
VEH000259,TSK006259,0
VEH000218,TSK006259,0
VEH000393,TSK006259,1
VEH000352,TSK006259,0
VEH000341,TSK006259,1
VEH000305,TSK006259,1
VEH000267,TSK006259,1
VEH000051,TSK006259,0
VEH000043,TSK006259,0
VEH000087,TSK006259,0
VEH000517,TSK006259,1
VEH000078,TSK006259,0
VEH000339,TSK006259,1
VEH000499,TSK006259,0
VEH000223,TSK006259,1
VEH000485,TSK006259,0
VEH000482,TSK006259,0
VEH000401,TSK006259,0
VEH000081,TSK006259,1
VEH000429,TSK006259,0
VEH000274,TSK006259,0
VEH000035,TSK006259,0
VEH000531,TSK006259,1
VEH000523,TSK006259,1
VEH000359,TSK006259,0
VEH000328,TSK006259,1
VEH000307,TSK006259,0
VEH000062,TSK006259,0
VEH000070,TSK006259,1
VEH000015,TSK006259,1
VEH000040,TSK006259,1
VEH000093,TSK006259,1
VEH000327,TSK006259,0
VEH000528,TSK006259,1
VEH000441,TSK006259,0
VEH000366,TSK006259,1
VEH000242,TSK006259,1
VEH000019,TSK006259,0
VEH000098,TSK006343,1
VEH000337,TSK006343,0
VEH000484,TSK006343,0
VEH000514,TSK006343,1
VEH000006,TSK006343,1
VEH000036,TSK006343,1
VEH000045,TSK006343,0
VEH000506,TSK006343,0
VEH000229,TSK006343,0
VEH000091,TSK006343,1
VEH000515,TSK006343,1
VEH000427,TSK006343,0
VEH000259,TSK006343,1
VEH000218,TSK006343,1
VEH000393,TSK006343,1
VEH000352,TSK006343,0
VEH000341,TSK006343,1
VEH000305,TSK006343,1
VEH000267,TSK006343,1
VEH000051,TSK006343,1
VEH000043,TSK006343,0
VEH000087,TSK006343,0
VEH000517,TSK006343,1
VEH000078,TSK006343,0
VEH000339,TSK006343,1
VEH000499,TSK006343,0
VEH000223,TSK006343,0
VEH000485,TSK006343,1
VEH000482,TSK006343,0
VEH000401,TSK006343,0
VEH000081,TSK006343,0
VEH000429,TSK006343,1
VEH000274,TSK006343,1
VEH000035,TSK006343,1
VEH000531,TSK006343,0
VEH000523,TSK006343,1
VEH000359,TSK006343,1
VEH000328,TSK006343,0
VEH000307,TSK006343,0
VEH000062,TSK006343,0
VEH000070,TSK006343,0
VEH000015,TSK006343,1
VEH000040,TSK006343,1
VEH000093,TSK006343,0
VEH000327,TSK006343,0
VEH000528,TSK006343,0
VEH000441,TSK006343,0
VEH000366,TSK006343,1
VEH000242,TSK006343,0
VEH000019,TSK006343,1
VEH000098,TSK006411,1
VEH000337,TSK006411,0
VEH000484,TSK006411,0
VEH000514,TSK006411,1
VEH000006,TSK006411,1
VEH000036,TSK006411,0
VEH000045,TSK006411,0
VEH000506,TSK006411,1
VEH000229,TSK006411,0
VEH000091,TSK006411,1
VEH000515,TSK006411,0
VEH000427,TSK006411,1
VEH000259,TSK006411,0
VEH000218,TSK006411,0
VEH000393,TSK006411,1
VEH000352,TSK006411,0
VEH000341,TSK006411,0
VEH000305,TSK006411,0
VEH000267,TSK006411,0
VEH000051,TSK006411,0
VEH000043,TSK006411,1
VEH000087,TSK006411,1
VEH000517,TSK006411,1
VEH000078,TSK006411,0
VEH000339,TSK006411,1
VEH000499,TSK006411,1
VEH000223,TSK006411,0
VEH000485,TSK006411,1
VEH000482,TSK006411,1
VEH000401,TSK006411,0
VEH000081,TSK006411,1
VEH000429,TSK006411,0
VEH000274,TSK006411,1
VEH000035,TSK006411,1
VEH000531,TSK006411,1
VEH000523,TSK006411,1
VEH000359,TSK006411,0
VEH000328,TSK006411,1
VEH000307,TSK006411,0
VEH000062,TSK006411,1
VEH000070,TSK006411,0
VEH000015,TSK006411,1
VEH000040,TSK006411,0
VEH000093,TSK006411,0
VEH000327,TSK006411,0
VEH000528,TSK006411,1
VEH000441,TSK006411,0
VEH000366,TSK006411,1
VEH000242,TSK006411,1
VEH000019,TSK006411,0
VEH000098,TSK006430,0
VEH000337,TSK006430,0
VEH000484,TSK006430,0
VEH000514,TSK006430,1
VEH000006,TSK006430,1
VEH000036,TSK006430,0
VEH000045,TSK006430,0
VEH000506,TSK006430,1
VEH000229,TSK006430,1
VEH000091,TSK006430,0
VEH000515,TSK006430,1
VEH000427,TSK006430,1
VEH000259,TSK006430,0
VEH000218,TSK006430,0
VEH000393,TSK006430,0
VEH000352,TSK006430,1
VEH000341,TSK006430,1
VEH000305,TSK006430,1
VEH000267,TSK006430,1
VEH000051,TSK006430,1
VEH000043,TSK006430,1
VEH000087,TSK006430,0
VEH000517,TSK006430,1
VEH000078,TSK006430,1
VEH000339,TSK006430,0
VEH000499,TSK006430,1
VEH000223,TSK006430,1
VEH000485,TSK006430,0
VEH000482,TSK006430,1
VEH000401,TSK006430,0
VEH000081,TSK006430,0
VEH000429,TSK006430,0
VEH000274,TSK006430,1
VEH000035,TSK006430,0
VEH000531,TSK006430,0
VEH000523,TSK006430,1
VEH000359,TSK006430,0
VEH000328,TSK006430,1
VEH000307,TSK006430,1
VEH000062,TSK006430,1
VEH000070,TSK006430,0
VEH000015,TSK006430,0
VEH000040,TSK006430,0
VEH000093,TSK006430,0
VEH000327,TSK006430,1
VEH000528,TSK006430,0
VEH000441,TSK006430,0
VEH000366,TSK006430,1
VEH000242,TSK006430,1
VEH000019,TSK006430,0
VEH000098,TSK006462,1
VEH000337,TSK006462,1
VEH000484,TSK006462,1
VEH000514,TSK006462,1
VEH000006,TSK006462,0
VEH000036,TSK006462,0
VEH000045,TSK006462,1
VEH000506,TSK006462,0
VEH000229,TSK006462,0
VEH000091,TSK006462,0
VEH000515,TSK006462,1
VEH000427,TSK006462,1
VEH000259,TSK006462,1
VEH000218,TSK006462,0
VEH000393,TSK006462,0
VEH000352,TSK006462,0
VEH000341,TSK006462,1
VEH000305,TSK006462,1
VEH000267,TSK006462,0
VEH000051,TSK006462,0
VEH000043,TSK006462,0
VEH000087,TSK006462,0
VEH000517,TSK006462,0
VEH000078,TSK006462,0
VEH000339,TSK006462,1
VEH000499,TSK006462,1
VEH000223,TSK006462,0
VEH000485,TSK006462,0
VEH000482,TSK006462,1
VEH000401,TSK006462,0
VEH000081,TSK006462,1
VEH000429,TSK006462,1
VEH000274,TSK006462,1
VEH000035,TSK006462,0
VEH000531,TSK006462,0
VEH000523,TSK006462,0
VEH000359,TSK006462,1
VEH000328,TSK006462,1
VEH000307,TSK006462,1
VEH000062,TSK006462,0
VEH000070,TSK006462,1
VEH000015,TSK006462,1
VEH000040,TSK006462,1
VEH000093,TSK006462,0
VEH000327,TSK006462,1
VEH000528,TSK006462,0
VEH000441,TSK006462,0
VEH000366,TSK006462,1
VEH000242,TSK006462,1
VEH000019,TSK006462,0
VEH000098,TSK006476,1
VEH000337,TSK006476,1
VEH000484,TSK006476,1
VEH000514,TSK006476,0
VEH000006,TSK006476,1
VEH000036,TSK006476,1
VEH000045,TSK006476,0
VEH000506,TSK006476,1
VEH000229,TSK006476,1
VEH000091,TSK006476,1
VEH000515,TSK006476,0
VEH000427,TSK006476,0
VEH000259,TSK006476,1
VEH000218,TSK006476,0
VEH000393,TSK006476,1
VEH000352,TSK006476,1
VEH000341,TSK006476,1
VEH000305,TSK006476,0
VEH000267,TSK006476,0
VEH000051,TSK006476,0
VEH000043,TSK006476,0
VEH000087,TSK006476,0
VEH000517,TSK006476,1
VEH000078,TSK006476,0
VEH000339,TSK006476,0
VEH000499,TSK006476,1
VEH000223,TSK006476,1
VEH000485,TSK006476,0
VEH000482,TSK006476,1
VEH000401,TSK006476,0
VEH000081,TSK006476,1
VEH000429,TSK006476,0
VEH000274,TSK006476,1
VEH000035,TSK006476,0
VEH000531,TSK006476,0
VEH000523,TSK006476,0
VEH000359,TSK006476,0
VEH000328,TSK006476,1
VEH000307,TSK006476,0
VEH000062,TSK006476,0
VEH000070,TSK006476,0
VEH000015,TSK006476,0
VEH000040,TSK006476,1
VEH000093,TSK006476,1
VEH000327,TSK006476,1
VEH000528,TSK006476,0
VEH000441,TSK006476,1
VEH000366,TSK006476,0
VEH000242,TSK006476,1
VEH000019,TSK006476,1
VEH000098,TSK006537,0
VEH000337,TSK006537,1
VEH000484,TSK006537,1
VEH000514,TSK006537,0
VEH000006,TSK006537,1
VEH000036,TSK006537,1
VEH000045,TSK006537,0
VEH000506,TSK006537,0
VEH000229,TSK006537,1
VEH000091,TSK006537,0
VEH000515,TSK006537,1
VEH000427,TSK006537,0
VEH000259,TSK006537,0
VEH000218,TSK006537,0
VEH000393,TSK006537,1
VEH000352,TSK006537,0
VEH000341,TSK006537,0
VEH000305,TSK006537,0
VEH000267,TSK006537,1
VEH000051,TSK006537,0
VEH000043,TSK006537,1
VEH000087,TSK006537,0
VEH000517,TSK006537,0
VEH000078,TSK006537,1
VEH000339,TSK006537,1
VEH000499,TSK006537,0
VEH000223,TSK006537,1
VEH000485,TSK006537,0
VEH000482,TSK006537,0
VEH000401,TSK006537,0
VEH000081,TSK006537,1
VEH000429,TSK006537,1
VEH000274,TSK006537,0
VEH000035,TSK006537,1
VEH000531,TSK006537,1
VEH000523,TSK006537,1
VEH000359,TSK006537,1
VEH000328,TSK006537,1
VEH000307,TSK006537,1
VEH000062,TSK006537,0
VEH000070,TSK006537,1
VEH000015,TSK006537,1
VEH000040,TSK006537,0
VEH000093,TSK006537,1
VEH000327,TSK006537,0
VEH000528,TSK006537,0
VEH000441,TSK006537,1
VEH000366,TSK006537,1
VEH000242,TSK006537,0
VEH000019,TSK006537,0
VEH000098,TSK006569,0
VEH000337,TSK006569,0
VEH000484,TSK006569,0
VEH000514,TSK006569,0
VEH000006,TSK006569,1
VEH000036,TSK006569,0
VEH000045,TSK006569,1
VEH000506,TSK006569,1
VEH000229,TSK006569,0
VEH000091,TSK006569,0
VEH000515,TSK006569,0
VEH000427,TSK006569,0
VEH000259,TSK006569,1
VEH000218,TSK006569,0
VEH000393,TSK006569,1
VEH000352,TSK006569,0
VEH000341,TSK006569,1
VEH000305,TSK006569,1
VEH000267,TSK006569,1
VEH000051,TSK006569,0
VEH000043,TSK006569,0
VEH000087,TSK006569,1
VEH000517,TSK006569,0
VEH000078,TSK006569,1
VEH000339,TSK006569,0
VEH000499,TSK006569,0
VEH000223,TSK006569,1
VEH000485,TSK006569,1
VEH000482,TSK006569,0
VEH000401,TSK006569,1
VEH000081,TSK006569,1
VEH000429,TSK006569,0
VEH000274,TSK006569,0
VEH000035,TSK006569,0
VEH000531,TSK006569,1
VEH000523,TSK006569,1
VEH000359,TSK006569,1
VEH000328,TSK006569,1
VEH000307,TSK006569,1
VEH000062,TSK006569,0
VEH000070,TSK006569,0
VEH000015,TSK006569,1
VEH000040,TSK006569,0
VEH000093,TSK006569,1
VEH000327,TSK006569,0
VEH000528,TSK006569,1
VEH000441,TSK006569,1
VEH000366,TSK006569,1
VEH000242,TSK006569,1
VEH000019,TSK006569,0
VEH000098,TSK006608,1
VEH000337,TSK006608,1
VEH000484,TSK006608,0
VEH000514,TSK006608,1
VEH000006,TSK006608,1
VEH000036,TSK006608,0
VEH000045,TSK006608,0
VEH000506,TSK006608,1
VEH000229,TSK006608,0
VEH000091,TSK006608,0
VEH000515,TSK006608,1
VEH000427,TSK006608,0
VEH000259,TSK006608,1
VEH000218,TSK006608,0
VEH000393,TSK006608,1
VEH000352,TSK006608,1
VEH000341,TSK006608,1
VEH000305,TSK006608,1
VEH000267,TSK006608,1
VEH000051,TSK006608,0
VEH000043,TSK006608,0
VEH000087,TSK006608,0
VEH000517,TSK006608,1
VEH000078,TSK006608,1
VEH000339,TSK006608,1
VEH000499,TSK006608,0
VEH000223,TSK006608,0
VEH000485,TSK006608,0
VEH000482,TSK006608,0
VEH000401,TSK006608,1
VEH000081,TSK006608,0
VEH000429,TSK006608,0
VEH000274,TSK006608,1
VEH000035,TSK006608,1
VEH000531,TSK006608,1
VEH000523,TSK006608,0
VEH000359,TSK006608,1
VEH000328,TSK006608,0
VEH000307,TSK006608,0
VEH000062,TSK006608,1
VEH000070,TSK006608,0
VEH000015,TSK006608,0
VEH000040,TSK006608,1
VEH000093,TSK006608,0
VEH000327,TSK006608,0
VEH000528,TSK006608,1
VEH000441,TSK006608,1
VEH000366,TSK006608,0
VEH000242,TSK006608,0
VEH000019,TSK006608,1
VEH000098,TSK006630,1
VEH000337,TSK006630,0
VEH000484,TSK006630,1
VEH000514,TSK006630,0
VEH000006,TSK006630,1
VEH000036,TSK006630,0
VEH000045,TSK006630,0
VEH000506,TSK006630,0
VEH000229,TSK006630,0
VEH000091,TSK006630,0
VEH000515,TSK006630,0
VEH000427,TSK006630,0
VEH000259,TSK006630,1
VEH000218,TSK006630,1
VEH000393,TSK006630,1
VEH000352,TSK006630,1
VEH000341,TSK006630,1
VEH000305,TSK006630,1
VEH000267,TSK006630,0
VEH000051,TSK006630,0
VEH000043,TSK006630,1
VEH000087,TSK006630,0
VEH000517,TSK006630,0
VEH000078,TSK006630,0
VEH000339,TSK006630,1
VEH000499,TSK006630,1
VEH000223,TSK006630,1
VEH000485,TSK006630,1
VEH000482,TSK006630,0
VEH000401,TSK006630,0
VEH000081,TSK006630,1
VEH000429,TSK006630,1
VEH000274,TSK006630,1
VEH000035,TSK006630,0
VEH000531,TSK006630,1
VEH000523,TSK006630,0
VEH000359,TSK006630,0
VEH000328,TSK006630,0
VEH000307,TSK006630,0
VEH000062,TSK006630,1
VEH000070,TSK006630,0
VEH000015,TSK006630,1
VEH000040,TSK006630,1
VEH000093,TSK006630,1
VEH000327,TSK006630,0
VEH000528,TSK006630,0
VEH000441,TSK006630,1
VEH000366,TSK006630,1
VEH000242,TSK006630,0
VEH000019,TSK006630,1
VEH000098,TSK006861,0
VEH000337,TSK006861,0
VEH000484,TSK006861,1
VEH000514,TSK006861,1
VEH000006,TSK006861,0
VEH000036,TSK006861,1
VEH000045,TSK006861,1
VEH000506,TSK006861,1
VEH000229,TSK006861,0
VEH000091,TSK006861,0
VEH000515,TSK006861,0
VEH000427,TSK006861,0
VEH000259,TSK006861,1
VEH000218,TSK006861,1
VEH000393,TSK006861,0
VEH000352,TSK006861,1
VEH000341,TSK006861,0
VEH000305,TSK006861,0
VEH000267,TSK006861,1
VEH000051,TSK006861,1
VEH000043,TSK006861,0
VEH000087,TSK006861,0
VEH000517,TSK006861,1
VEH000078,TSK006861,0
VEH000339,TSK006861,0
VEH000499,TSK006861,1
VEH000223,TSK006861,1
VEH000485,TSK006861,1
VEH000482,TSK006861,1
VEH000401,TSK006861,1
VEH000081,TSK006861,1
VEH000429,TSK006861,1
VEH000274,TSK006861,0
VEH000035,TSK006861,1
VEH000531,TSK006861,0
VEH000523,TSK006861,0
VEH000359,TSK006861,1
VEH000328,TSK006861,0
VEH000307,TSK006861,0
VEH000062,TSK006861,0
VEH000070,TSK006861,1
VEH000015,TSK006861,1
VEH000040,TSK006861,0
VEH000093,TSK006861,0
VEH000327,TSK006861,0
VEH000528,TSK006861,1
VEH000441,TSK006861,1
VEH000366,TSK006861,0
VEH000242,TSK006861,1
VEH000019,TSK006861,0
VEH000098,TSK006870,1
VEH000337,TSK006870,0
VEH000484,TSK006870,1
VEH000514,TSK006870,0
VEH000006,TSK006870,0
VEH000036,TSK006870,0
VEH000045,TSK006870,1
VEH000506,TSK006870,0
VEH000229,TSK006870,1
VEH000091,TSK006870,0
VEH000515,TSK006870,0
VEH000427,TSK006870,1
VEH000259,TSK006870,0
VEH000218,TSK006870,0
VEH000393,TSK006870,0
VEH000352,TSK006870,1
VEH000341,TSK006870,0
VEH000305,TSK006870,1
VEH000267,TSK006870,0
VEH000051,TSK006870,1
VEH000043,TSK006870,0
VEH000087,TSK006870,1
VEH000517,TSK006870,1
VEH000078,TSK006870,1
VEH000339,TSK006870,0
VEH000499,TSK006870,1
VEH000223,TSK006870,1
VEH000485,TSK006870,0
VEH000482,TSK006870,1
VEH000401,TSK006870,1
VEH000081,TSK006870,0
VEH000429,TSK006870,1
VEH000274,TSK006870,0
VEH000035,TSK006870,1
VEH000531,TSK006870,0
VEH000523,TSK006870,1
VEH000359,TSK006870,0
VEH000328,TSK006870,0
VEH000307,TSK006870,1
VEH000062,TSK006870,1
VEH000070,TSK006870,0
VEH000015,TSK006870,0
VEH000040,TSK006870,1
VEH000093,TSK006870,0
VEH000327,TSK006870,1
VEH000528,TSK006870,0
VEH000441,TSK006870,1
VEH000366,TSK006870,1
VEH000242,TSK006870,0
VEH000019,TSK006870,1
VEH000098,TSK006915,0
VEH000337,TSK006915,1
VEH000484,TSK006915,0
VEH000514,TSK006915,1
VEH000006,TSK006915,1
VEH000036,TSK006915,1
VEH000045,TSK006915,1
VEH000506,TSK006915,0
VEH000229,TSK006915,0
VEH000091,TSK006915,0
VEH000515,TSK006915,0
VEH000427,TSK006915,1
VEH000259,TSK006915,1
VEH000218,TSK006915,1
VEH000393,TSK006915,0
VEH000352,TSK006915,0
VEH000341,TSK006915,1
VEH000305,TSK006915,0
VEH000267,TSK006915,1
VEH000051,TSK006915,0
VEH000043,TSK006915,0
VEH000087,TSK006915,1
VEH000517,TSK006915,1
VEH000078,TSK006915,1
VEH000339,TSK006915,1
VEH000499,TSK006915,0
VEH000223,TSK006915,1
VEH000485,TSK006915,1
VEH000482,TSK006915,0
VEH000401,TSK006915,1
VEH000081,TSK006915,0
VEH000429,TSK006915,1
VEH000274,TSK006915,0
VEH000035,TSK006915,0
VEH000531,TSK006915,0
VEH000523,TSK006915,0
VEH000359,TSK006915,0
VEH000328,TSK006915,0
VEH000307,TSK006915,0
VEH000062,TSK006915,0
VEH000070,TSK006915,1
VEH000015,TSK006915,1
VEH000040,TSK006915,1
VEH000093,TSK006915,0
VEH000327,TSK006915,1
VEH000528,TSK006915,1
VEH000441,TSK006915,1
VEH000366,TSK006915,0
VEH000242,TSK006915,1
VEH000019,TSK006915,0
