task_id,scenario_id,self_base_loss,outsourced_loss
TSK000023,S001,20.60894639,20.60894639
TSK000023,S002,19.91265883,19.91265883
TSK000023,S003,37.58685257,37.58685257
TSK000023,S004,9.4996256,9.4996256
TSK000023,S005,9.4996256,9.4996256
TSK000023,S006,37.09830973,37.09830973
TSK000023,S007,34.94710122,34.94710122
TSK000023,S008,71.52493361,71.52493361
TSK000023,S009,9.4996256,9.4996256
TSK000023,S010,121.21157138,121.21157138
TSK000023,S011,27.65459417,27.65459417
TSK000023,S012,20.13651169,20.13651169
TSK000023,S013,58.62795005,58.62795005
TSK000023,S014,9.4996256,9.4996256
TSK000023,S015,9.4996256,9.4996256
TSK000023,S016,9.4996256,9.4996256
TSK000023,S017,51.34053097,51.34053097
TSK000023,S018,17.96353911,17.96353911
TSK000023,S019,27.65459417,27.65459417
TSK000023,S020,9.4996256,9.4996256
TSK000023,S021,9.4996256,9.4996256
TSK000023,S022,26.44531671,26.44531671
TSK000023,S023,9.4996256,9.4996256
TSK000023,S024,22.99484583,22.99484583
TSK000023,S025,62.20810304,62.20810304
TSK000023,S026,38.57748554,38.57748554
TSK000023,S027,18.17748661,18.17748661
TSK000023,S028,21.27210609,21.27210609
TSK000023,S029,9.4996256,9.4996256
TSK000023,S030,34.20316519,34.20316519
TSK000023,S031,9.4996256,9.4996256
TSK000023,S032,9.4996256,9.4996256
TSK000023,S033,76.10001356,76.10001356
TSK000023,S034,83.80116369,83.80116369
TSK000023,S035,17.96353911,17.96353911
TSK000023,S036,23.82165244,23.82165244
TSK000023,S037,35.17671385,35.17671385
TSK000023,S038,14.37513013,14.37513013
TSK000023,S039,121.21157138,121.21157138
TSK000023,S040,68.9831891,68.9831891
TSK000023,S041,9.4996256,9.4996256
TSK000023,S042,35.88666125,35.88666125
TSK000023,S043,14.37513013,14.37513013
TSK000023,S044,43.21026804,43.21026804
TSK000023,S045,9.4996256,9.4996256
TSK000023,S046,23.96558391,23.96558391
TSK000023,S047,65.47306103,65.47306103
TSK000023,S048,35.39596829,35.39596829
TSK000023,S049,9.4996256,9.4996256
TSK000023,S050,36.82651308,36.82651308
TSK000023,S051,9.4996256,9.4996256
TSK000023,S052,41.35987299,41.35987299
TSK000023,S053,9.4996256,9.4996256
TSK000023,S054,38.17014858,38.17014858
TSK000023,S055,44.21618889,44.21618889
TSK000023,S056,30.83428118,30.83428118
TSK000023,S057,42.2229248,42.2229248
TSK000023,S058,41.21656484,41.21656484
TSK000023,S059,58.04827369,58.04827369
TSK000023,S060,44.65558055,44.65558055
TSK000023,S061,38.3670583,38.3670583
TSK000023,S062,9.4996256,9.4996256
TSK000023,S063,9.4996256,9.4996256
TSK000023,S064,37.09830973,37.09830973
TSK000023,S065,12.73687625,12.73687625
TSK000023,S066,23.23356228,23.23356228
TSK000023,S067,26.44531671,26.44531671
TSK000023,S068,31.40636112,31.40636112
TSK000023,S069,9.4996256,9.4996256
TSK000023,S070,9.4996256,9.4996256
TSK000023,S071,9.4996256,9.4996256
TSK000023,S072,9.4996256,9.4996256
TSK000023,S073,46.6399263,46.6399263
TSK000023,S074,67.13026203,67.13026203
TSK000023,S075,49.77858943,49.77858943
TSK000023,S076,30.53176144,30.53176144
TSK000023,S077,9.4996256,9.4996256
TSK000023,S078,27.3250271,27.3250271
TSK000023,S079,44.18045996,44.18045996
TSK000023,S080,9.4996256,9.4996256
TSK000023,S081,42.2229248,42.2229248
TSK000023,S082,29.98709489,29.98709489
TSK000023,S083,25.91077671,25.91077671
TSK000023,S084,26.16116022,26.16116022
TSK000023,S085,58.62795005,58.62795005
TSK000023,S086,9.4996256,9.4996256
TSK000023,S087,14.37513013,14.37513013
TSK000023,S088,54.64029972,54.64029972
TSK000023,S089,31.59289965,31.59289965
TSK000023,S090,70.6567864,70.6567864
TSK000023,S091,43.21026804,43.21026804
TSK000023,S092,48.51348459,48.51348459
TSK000023,S093,29.98709489,29.98709489
TSK000023,S094,31.40636112,31.40636112
TSK000023,S095,25.75462371,25.75462371
TSK000023,S096,63.73841679,63.73841679
TSK000023,S097,9.4996256,9.4996256
TSK000023,S098,29.07702793,29.07702793
TSK000023,S099,15.43256316,15.43256316
TSK000023,S100,40.04276461,40.04276461
TSK000100,S001,12.71577565,12.71577565
TSK000100,S002,9.13920475,9.13920475
TSK000100,S003,18.32911131,18.32911131
TSK000100,S004,5.02220488,5.02220488
TSK000100,S005,5.02220488,5.02220488
TSK000100,S006,19.51113001,19.51113001
TSK000100,S007,19.26038342,19.26038342
TSK000100,S008,33.85278426,33.85278426
TSK000100,S009,5.02220488,5.02220488
TSK000100,S010,54.00080931,54.00080931
TSK000100,S011,13.86469983,13.86469983
TSK000100,S012,11.36549795,11.36549795
TSK000100,S013,24.59094983,24.59094983
TSK000100,S014,5.02220488,5.02220488
TSK000100,S015,5.02220488,5.02220488
TSK000100,S016,5.02220488,5.02220488
TSK000100,S017,21.85942768,21.85942768
TSK000100,S018,9.41967008,9.41967008
TSK000100,S019,13.86469983,13.86469983
TSK000100,S020,5.02220488,5.02220488
TSK000100,S021,5.02220488,5.02220488
TSK000100,S022,12.09639887,12.09639887
TSK000100,S023,5.02220488,5.02220488
TSK000100,S024,13.50423842,13.50423842
TSK000100,S025,28.65539774,28.65539774
TSK000100,S026,19.55848198,19.55848198
TSK000100,S027,10.95640256,10.95640256
TSK000100,S028,12.80616553,12.80616553
TSK000100,S029,5.02220488,5.02220488
TSK000100,S030,18.25595237,18.25595237
TSK000100,S031,5.02220488,5.02220488
TSK000100,S032,5.02220488,5.02220488
TSK000100,S033,32.60627388,32.60627388
TSK000100,S034,39.67841153,39.67841153
TSK000100,S035,9.41967008,9.41967008
TSK000100,S036,12.21305124,12.21305124
TSK000100,S037,15.61192113,15.61192113
TSK000100,S038,8.02394583,8.02394583
TSK000100,S039,54.00080931,54.00080931
TSK000100,S040,34.4027752,34.4027752
TSK000100,S041,5.02220488,5.02220488
TSK000100,S042,17.92046469,17.92046469
TSK000100,S043,8.02394583,8.02394583
TSK000100,S044,19.31965381,19.31965381
TSK000100,S045,5.02220488,5.02220488
TSK000100,S046,11.99587392,11.99587392
TSK000100,S047,24.30751175,24.30751175
TSK000100,S048,16.57078922,16.57078922
TSK000100,S049,5.02220488,5.02220488
TSK000100,S050,19.99091459,19.99091459
TSK000100,S051,5.02220488,5.02220488
TSK000100,S052,22.02498065,22.02498065
TSK000100,S053,5.02220488,5.02220488
TSK000100,S054,18.79105831,18.79105831
TSK000100,S055,24.89518028,24.89518028
TSK000100,S056,16.63648256,16.63648256
TSK000100,S057,20.22346648,20.22346648
TSK000100,S058,19.37010426,19.37010426
TSK000100,S059,26.21558508,26.21558508
TSK000100,S060,19.31380765,19.31380765
TSK000100,S061,15.53600659,15.53600659
TSK000100,S062,5.02220488,5.02220488
TSK000100,S063,5.02220488,5.02220488
TSK000100,S064,19.51113001,19.51113001
TSK000100,S065,7.224758,7.224758
TSK000100,S066,13.3168715,13.3168715
TSK000100,S067,12.09639887,12.09639887
TSK000100,S068,16.45506701,16.45506701
TSK000100,S069,5.02220488,5.02220488
TSK000100,S070,5.02220488,5.02220488
TSK000100,S071,5.02220488,5.02220488
TSK000100,S072,5.02220488,5.02220488
TSK000100,S073,22.77113905,22.77113905
TSK000100,S074,32.1058661,32.1058661
TSK000100,S075,21.68855099,21.68855099
TSK000100,S076,18.69693221,18.69693221
TSK000100,S077,5.02220488,5.02220488
TSK000100,S078,14.11520019,14.11520019
TSK000100,S079,21.97322941,21.97322941
TSK000100,S080,5.02220488,5.02220488
TSK000100,S081,20.22346648,20.22346648
TSK000100,S082,13.9183674,13.9183674
TSK000100,S083,14.15722641,14.15722641
TSK000100,S084,13.91318079,13.91318079
TSK000100,S085,24.59094983,24.59094983
TSK000100,S086,5.02220488,5.02220488
TSK000100,S087,8.02394583,8.02394583
TSK000100,S088,24.28479426,24.28479426
TSK000100,S089,15.48235721,15.48235721
TSK000100,S090,28.06159673,28.06159673
TSK000100,S091,19.31965381,19.31965381
TSK000100,S092,24.08976217,24.08976217
TSK000100,S093,13.9183674,13.9183674
TSK000100,S094,16.45506701,16.45506701
TSK000100,S095,14.18248049,14.18248049
TSK000100,S096,29.97016919,29.97016919
TSK000100,S097,5.02220488,5.02220488
TSK000100,S098,14.65993185,14.65993185
TSK000100,S099,8.46058819,8.46058819
TSK000100,S100,21.84990144,21.84990144
TSK000116,S001,11.12591689,11.12591689
TSK000116,S002,7.66256207,7.66256207
TSK000116,S003,15.42308251,15.42308251
TSK000116,S004,4.33193065,4.33193065
TSK000116,S005,4.33193065,4.33193065
TSK000116,S006,16.83627196,16.83627196
TSK000116,S007,16.22357286,16.22357286
TSK000116,S008,28.54496052,28.54496052
TSK000116,S009,4.33193065,4.33193065
TSK000116,S010,43.83627612,43.83627612
TSK000116,S011,11.67063777,11.67063777
TSK000116,S012,9.83130208,9.83130208
TSK000116,S013,19.95097667,19.95097667
TSK000116,S014,4.33193065,4.33193065
TSK000116,S015,4.33193065,4.33193065
TSK000116,S016,4.33193065,4.33193065
TSK000116,S017,17.82931176,17.82931176
TSK000116,S018,8.0577028,8.0577028
TSK000116,S019,11.67063777,11.67063777
TSK000116,S020,4.33193065,4.33193065
TSK000116,S021,4.33193065,4.33193065
TSK000116,S022,10.01883216,10.01883216
TSK000116,S023,4.33193065,4.33193065
TSK000116,S024,11.96290387,11.96290387
TSK000116,S025,23.53651593,23.53651593
TSK000116,S026,16.50180917,16.50180917
TSK000116,S027,9.60572381,9.60572381
TSK000116,S028,11.13534778,11.13534778
TSK000116,S029,4.33193065,4.33193065
TSK000116,S030,15.59544021,15.59544021
TSK000116,S031,4.33193065,4.33193065
TSK000116,S032,4.33193065,4.33193065
TSK000116,S033,26.54816613,26.54816613
TSK000116,S034,33.25407711,33.25407711
TSK000116,S035,8.0577028,8.0577028
TSK000116,S036,10.31187511,10.31187511
TSK000116,S037,12.82499642,12.82499642
TSK000116,S038,6.99082644,6.99082644
TSK000116,S039,43.83627612,43.83627612
TSK000116,S040,28.70487346,28.70487346
TSK000116,S041,4.33193065,4.33193065
TSK000116,S042,15.07364602,15.07364602
TSK000116,S043,6.99082644,6.99082644
TSK000116,S044,15.83255772,15.83255772
TSK000116,S045,4.33193065,4.33193065
TSK000116,S046,10.21474277,10.21474277
TSK000116,S047,19.04610847,19.04610847
TSK000116,S048,13.79157853,13.79157853
TSK000116,S049,4.33193065,4.33193065
TSK000116,S050,16.93569744,16.93569744
TSK000116,S051,4.33193065,4.33193065
TSK000116,S052,18.64493266,18.64493266
TSK000116,S053,4.33193065,4.33193065
TSK000116,S054,15.7336586,15.7336586
TSK000116,S055,21.82198878,21.82198878
TSK000116,S056,14.27069874,14.27069874
TSK000116,S057,16.90866932,16.90866932
TSK000116,S058,16.06861263,16.06861263
TSK000116,S059,21.55664398,21.55664398
TSK000116,S060,15.78215709,15.78215709
TSK000116,S061,12.5493807,12.5493807
TSK000116,S062,4.33193065,4.33193065
TSK000116,S063,4.33193065,4.33193065
TSK000116,S064,16.83627196,16.83627196
TSK000116,S065,6.25780069,6.25780069
TSK000116,S066,11.5113555,11.5113555
TSK000116,S067,10.01883216,10.01883216
TSK000116,S068,13.98388778,13.98388778
TSK000116,S069,4.33193065,4.33193065
TSK000116,S070,4.33193065,4.33193065
TSK000116,S071,4.33193065,4.33193065
TSK000116,S072,4.33193065,4.33193065
TSK000116,S073,19.21767719,19.21767719
TSK000116,S074,26.89765287,26.89765287
TSK000116,S075,17.72620677,17.72620677
TSK000116,S076,16.15923509,16.15923509
TSK000116,S077,4.33193065,4.33193065
TSK000116,S078,11.89362134,11.89362134
TSK000116,S079,18.54235036,18.54235036
TSK000116,S080,4.33193065,4.33193065
TSK000116,S081,16.90866932,16.90866932
TSK000116,S082,11.64955076,11.64955076
TSK000116,S083,12.21304299,12.21304299
TSK000116,S084,11.90739436,11.90739436
TSK000116,S085,19.95097667,19.95097667
TSK000116,S086,4.33193065,4.33193065
TSK000116,S087,6.99082644,6.99082644
TSK000116,S088,19.882825,19.882825
TSK000116,S089,13.04521264,13.04521264
TSK000116,S090,22.49541216,22.49541216
TSK000116,S091,15.83255772,15.83255772
TSK000116,S092,20.16970808,20.16970808
TSK000116,S093,11.64955076,11.64955076
TSK000116,S094,13.98388778,13.98388778
TSK000116,S095,12.18221888,12.18221888
TSK000116,S096,25.40206177,25.40206177
TSK000116,S097,4.33193065,4.33193065
TSK000116,S098,12.45105225,12.45105225
TSK000116,S099,7.32517441,7.32517441
TSK000116,S100,18.89999904,18.89999904
TSK000213,S001,7.43216552,7.43216552
TSK000213,S002,5.06123388,5.06123388
TSK000213,S003,9.83520519,9.83520519
TSK000213,S004,2.98128432,2.98128432
TSK000213,S005,2.98128432,2.98128432
TSK000213,S006,11.65950123,11.65950123
TSK000213,S007,9.31502679,9.31502679
TSK000213,S008,18.94066316,18.94066316
TSK000213,S009,2.98128432,2.98128432
TSK000213,S010,24.25572142,24.25572142
TSK000213,S011,7.27112518,7.27112518
TSK000213,S012,6.54495856,6.54495856
TSK000213,S013,11.82133838,11.82133838
TSK000213,S014,2.98128432,2.98128432
TSK000213,S015,2.98128432,2.98128432
TSK000213,S016,2.98128432,2.98128432
TSK000213,S017,10.74838543,10.74838543
TSK000213,S018,5.32278887,5.32278887
TSK000213,S019,7.27112518,7.27112518
TSK000213,S020,2.98128432,2.98128432
TSK000213,S021,2.98128432,2.98128432
TSK000213,S022,6.16401191,6.16401191
TSK000213,S023,2.98128432,2.98128432
TSK000213,S024,8.82481095,8.82481095
TSK000213,S025,13.60468034,13.60468034
TSK000213,S026,10.32622169,10.32622169
TSK000213,S027,6.59183482,6.59183482
TSK000213,S028,7.29466228,7.29466228
TSK000213,S029,2.98128432,2.98128432
TSK000213,S030,10.07403461,10.07403461
TSK000213,S031,2.98128432,2.98128432
TSK000213,S032,2.98128432,2.98128432
TSK000213,S033,15.70587586,15.70587586
TSK000213,S034,21.27440705,21.27440705
TSK000213,S035,5.32278887,5.32278887
TSK000213,S036,6.417622,6.417622
TSK000213,S037,7.73028399,7.73028399
TSK000213,S038,4.8849951,4.8849951
TSK000213,S039,24.25572142,24.25572142
TSK000213,S040,16.98279425,16.98279425
TSK000213,S041,2.98128432,2.98128432
TSK000213,S042,9.38298007,9.38298007
TSK000213,S043,4.8849951,4.8849951
TSK000213,S044,9.31584053,9.31584053
TSK000213,S045,2.98128432,2.98128432
TSK000213,S046,6.82999037,6.82999037
TSK000213,S047,10.44686898,10.44686898
TSK000213,S048,8.54581688,8.54581688
TSK000213,S049,2.98128432,2.98128432
TSK000213,S050,10.23917488,10.23917488
TSK000213,S051,2.98128432,2.98128432
TSK000213,S052,11.4073383,11.4073383
TSK000213,S053,2.98128432,2.98128432
TSK000213,S054,9.64227018,9.64227018
TSK000213,S055,15.66102745,15.66102745
TSK000213,S056,9.36509161,9.36509161
TSK000213,S057,10.54271115,10.54271115
TSK000213,S058,9.71262064,9.71262064
TSK000213,S059,12.82915289,12.82915289
TSK000213,S060,9.45826552,9.45826552
TSK000213,S061,7.53877754,7.53877754
TSK000213,S062,2.98128432,2.98128432
TSK000213,S063,2.98128432,2.98128432
TSK000213,S064,11.65950123,11.65950123
TSK000213,S065,4.18266586,4.18266586
TSK000213,S066,7.54613715,7.54613715
TSK000213,S067,6.16401191,6.16401191
TSK000213,S068,8.88888593,8.88888593
TSK000213,S069,2.98128432,2.98128432
TSK000213,S070,2.98128432,2.98128432
TSK000213,S071,2.98128432,2.98128432
TSK000213,S072,2.98128432,2.98128432
TSK000213,S073,12.46212753,12.46212753
TSK000213,S074,17.00599779,17.00599779
TSK000213,S075,10.54864628,10.54864628
TSK000213,S076,10.07925945,10.07925945
TSK000213,S077,2.98128432,2.98128432
TSK000213,S078,7.25750527,7.25750527
TSK000213,S079,11.81790277,11.81790277
TSK000213,S080,2.98128432,2.98128432
TSK000213,S081,10.54271115,10.54271115
TSK000213,S082,7.53599041,7.53599041
TSK000213,S083,8.20234949,8.20234949
TSK000213,S084,7.79901488,7.79901488
TSK000213,S085,11.82133838,11.82133838
TSK000213,S086,2.98128432,2.98128432
TSK000213,S087,4.8849951,4.8849951
TSK000213,S088,11.70383875,11.70383875
TSK000213,S089,8.34929865,8.34929865
TSK000213,S090,13.1679483,13.1679483
TSK000213,S091,9.31584053,9.31584053
TSK000213,S092,12.25764419,12.25764419
TSK000213,S093,7.53599041,7.53599041
TSK000213,S094,8.88888593,8.88888593
TSK000213,S095,7.93045154,7.93045154
TSK000213,S096,17.4606023,17.4606023
TSK000213,S097,2.98128432,2.98128432
TSK000213,S098,8.1505042,8.1505042
TSK000213,S099,5.00888911,5.00888911
TSK000213,S100,12.90114285,12.90114285
TSK000374,S001,25.08353446,25.08353446
TSK000374,S002,25.52360333,25.52360333
TSK000374,S003,47.80733479,47.80733479
TSK000374,S004,11.88635582,11.88635582
TSK000374,S005,11.88635582,11.88635582
TSK000374,S006,46.44716927,46.44716927
TSK000374,S007,43.75184648,43.75184648
TSK000374,S008,91.2484076,91.2484076
TSK000374,S009,11.88635582,11.88635582
TSK000374,S010,156.89768553,156.89768553
TSK000374,S011,35.05418701,35.05418701
TSK000374,S012,24.94228584,24.94228584
TSK000374,S013,76.33675539,76.33675539
TSK000374,S014,11.88635582,11.88635582
TSK000374,S015,11.88635582,11.88635582
TSK000374,S016,11.88635582,11.88635582
TSK000374,S017,66.68701549,66.68701549
TSK000374,S018,22.54998805,22.54998805
TSK000374,S019,35.05418701,35.05418701
TSK000374,S020,11.88635582,11.88635582
TSK000374,S021,11.88635582,11.88635582
TSK000374,S022,33.99778245,33.99778245
TSK000374,S023,11.88635582,11.88635582
TSK000374,S024,28.10988468,28.10988468
TSK000374,S025,80.05511225,80.05511225
TSK000374,S026,48.80492198,48.80492198
TSK000374,S027,22.19674642,22.19674642
TSK000374,S028,26.04675624,26.04675624
TSK000374,S029,11.88635582,11.88635582
TSK000374,S030,42.84858205,42.84858205
TSK000374,S031,11.88635582,11.88635582
TSK000374,S032,11.88635582,11.88635582
TSK000374,S033,98.82133046,98.82133046
TSK000374,S034,107.050569,107.050569
TSK000374,S035,22.54998805,22.54998805
TSK000374,S036,30.08956121,30.08956121
TSK000374,S037,45.44169913,45.44169913
TSK000374,S038,17.799331,17.799331
TSK000374,S039,156.89768553,156.89768553
TSK000374,S040,87.67916687,87.67916687
TSK000374,S041,11.88635582,11.88635582
TSK000374,S042,45.51884651,45.51884651
TSK000374,S043,17.799331,17.799331
TSK000374,S044,55.80499298,55.80499298
TSK000374,S045,11.88635582,11.88635582
TSK000374,S046,30.30017065,30.30017065
TSK000374,S047,86.63986593,86.63986593
TSK000374,S048,45.342815,45.342815
TSK000374,S049,11.88635582,11.88635582
TSK000374,S050,46.1300393,46.1300393
TSK000374,S051,11.88635582,11.88635582
TSK000374,S052,51.95236666,51.95236666
TSK000374,S053,11.88635582,11.88635582
TSK000374,S054,48.55030468,48.55030468
TSK000374,S055,54.58310245,54.58310245
TSK000374,S056,38.52923865,38.52923865
TSK000374,S057,53.89494036,53.89494036
TSK000374,S058,52.81438539,52.81438539
TSK000374,S059,74.83895564,74.83895564
TSK000374,S060,57.89557351,57.89557351
TSK000374,S061,50.15559314,50.15559314
TSK000374,S062,11.88635582,11.88635582
TSK000374,S063,11.88635582,11.88635582
TSK000374,S064,46.44716927,46.44716927
TSK000374,S065,15.75905335,15.75905335
TSK000374,S066,28.71785151,28.71785151
TSK000374,S067,33.99778245,33.99778245
TSK000374,S068,39.49526534,39.49526534
TSK000374,S069,11.88635582,11.88635582
TSK000374,S070,11.88635582,11.88635582
TSK000374,S071,11.88635582,11.88635582
TSK000374,S072,11.88635582,11.88635582
TSK000374,S073,59.272944,59.272944
TSK000374,S074,85.66327826,85.66327826
TSK000374,S075,64.48858228,64.48858228
TSK000374,S076,37.35104521,37.35104521
TSK000374,S077,11.88635582,11.88635582
TSK000374,S078,34.49914293,34.49914293
TSK000374,S079,56.02341099,56.02341099
TSK000374,S080,11.88635582,11.88635582
TSK000374,S081,53.89494036,53.89494036
TSK000374,S082,38.40341552,38.40341552
TSK000374,S083,32.27074522,32.27074522
TSK000374,S084,32.77421921,32.77421921
TSK000374,S085,76.33675539,76.33675539
TSK000374,S086,11.88635582,11.88635582
TSK000374,S087,17.799331,17.799331
TSK000374,S088,70.62262118,70.62262118
TSK000374,S089,40.14741857,40.14741857
TSK000374,S090,92.6460887,92.6460887
TSK000374,S091,55.80499298,55.80499298
TSK000374,S092,61.64354192,61.64354192
TSK000374,S093,38.40341552,38.40341552
TSK000374,S094,39.49526534,39.49526534
TSK000374,S095,32.07806868,32.07806868
TSK000374,S096,81.28217101,81.28217101
TSK000374,S097,11.88635582,11.88635582
TSK000374,S098,36.75233194,36.75233194
TSK000374,S099,19.19239958,19.19239958
TSK000374,S100,49.8445647,49.8445647
TSK000382,S001,8.1522279,8.1522279
TSK000382,S002,5.43106174,5.43106174
TSK000382,S003,10.73188883,10.73188883
TSK000382,S004,3.20269107,3.20269107
TSK000382,S005,3.20269107,3.20269107
TSK000382,S006,12.49689473,12.49689473
TSK000382,S007,10.63746279,10.63746279
TSK000382,S008,20.36148956,20.36148956
TSK000382,S009,3.20269107,3.20269107
TSK000382,S010,27.40492446,27.40492446
TSK000382,S011,8.01323938,8.01323938
TSK000382,S012,7.13957299,7.13957299
TSK000382,S013,12.96743383,12.96743383
TSK000382,S014,3.20269107,3.20269107
TSK000382,S015,3.20269107,3.20269107
TSK000382,S016,3.20269107,3.20269107
TSK000382,S017,11.75098432,11.75098432
TSK000382,S018,5.78486673,5.78486673
TSK000382,S019,8.01323938,8.01323938
TSK000382,S020,3.20269107,3.20269107
TSK000382,S021,3.20269107,3.20269107
TSK000382,S022,6.75458596,6.75458596
TSK000382,S023,3.20269107,3.20269107
TSK000382,S024,9.36324227,9.36324227
TSK000382,S025,15.21622723,15.21622723
TSK000382,S026,11.37681977,11.37681977
TSK000382,S027,7.15881213,7.15881213
TSK000382,S028,8.03655553,8.03655553
TSK000382,S029,3.20269107,3.20269107
TSK000382,S030,11.04117078,11.04117078
TSK000382,S031,3.20269107,3.20269107
TSK000382,S032,3.20269107,3.20269107
TSK000382,S033,17.28442571,17.28442571
TSK000382,S034,23.12210184,23.12210184
TSK000382,S035,5.78486673,5.78486673
TSK000382,S036,7.0902404,7.0902404
TSK000382,S037,8.49500408,8.49500408
TSK000382,S038,5.24677335,5.24677335
TSK000382,S039,27.40492446,27.40492446
TSK000382,S040,19.01698628,19.01698628
TSK000382,S041,3.20269107,3.20269107
TSK000382,S042,10.33948366,10.33948366
TSK000382,S043,5.24677335,5.24677335
TSK000382,S044,10.3238831,10.3238831
TSK000382,S045,3.20269107,3.20269107
TSK000382,S046,7.3651187,7.3651187
TSK000382,S047,11.52326622,11.52326622
TSK000382,S048,9.36795011,9.36795011
TSK000382,S049,3.20269107,3.20269107
TSK000382,S050,11.47810735,11.47810735
TSK000382,S051,3.20269107,3.20269107
TSK000382,S052,12.71639104,12.71639104
TSK000382,S053,3.20269107,3.20269107
TSK000382,S054,10.6622386,10.6622386
TSK000382,S055,16.70000121,16.70000121
TSK000382,S056,10.22359594,10.22359594
TSK000382,S057,11.56266866,11.56266866
TSK000382,S058,10.73410238,10.73410238
TSK000382,S059,14.18345443,14.18345443
TSK000382,S060,10.37966947,10.37966947
TSK000382,S061,8.19638535,8.19638535
TSK000382,S062,3.20269107,3.20269107
TSK000382,S063,3.20269107,3.20269107
TSK000382,S064,12.49689473,12.49689473
TSK000382,S065,4.55882178,4.55882178
TSK000382,S066,8.28112129,8.28112129
TSK000382,S067,6.75458596,6.75458596
TSK000382,S068,9.77512939,9.77512939
TSK000382,S069,3.20269107,3.20269107
TSK000382,S070,3.20269107,3.20269107
TSK000382,S071,3.20269107,3.20269107
TSK000382,S072,3.20269107,3.20269107
TSK000382,S073,13.53073814,13.53073814
TSK000382,S074,18.5687092,18.5687092
TSK000382,S075,11.61213904,11.61213904
TSK000382,S076,11.2949642,11.2949642
TSK000382,S077,3.20269107,3.20269107
TSK000382,S078,8.07432331,8.07432331
TSK000382,S079,12.92244129,12.92244129
TSK000382,S080,3.20269107,3.20269107
TSK000382,S081,11.56266866,11.56266866
TSK000382,S082,8.1462845,8.1462845
TSK000382,S083,8.9004013,8.9004013
TSK000382,S084,8.508589,8.508589
TSK000382,S085,12.96743383,12.96743383
TSK000382,S086,3.20269107,3.20269107
TSK000382,S087,5.24677335,5.24677335
TSK000382,S088,12.95924574,12.95924574
TSK000382,S089,9.10477608,9.10477608
TSK000382,S090,14.38963624,14.38963624
TSK000382,S091,10.3238831,10.3238831
TSK000382,S092,13.60215629,13.60215629
TSK000382,S093,8.1462845,8.1462845
TSK000382,S094,9.77512939,9.77512939
TSK000382,S095,8.69383536,8.69383536
TSK000382,S096,18.56650317,18.56650317
TSK000382,S097,3.20269107,3.20269107
TSK000382,S098,8.8512479,8.8512479
TSK000382,S099,5.40718991,5.40718991
TSK000382,S100,13.92909517,13.92909517
TSK000413,S001,15.37896598,15.37896598
TSK000413,S002,12.49562009,12.49562009
TSK000413,S003,24.43584462,24.43584462
TSK000413,S004,6.44789465,6.44789465
TSK000413,S005,6.44789465,6.44789465
TSK000413,S006,25.09652494,25.09652494
TSK000413,S007,24.50379335,24.50379335
TSK000413,S008,45.64735771,45.64735771
TSK000413,S009,6.44789465,6.44789465
TSK000413,S010,75.32266544,75.32266544
TSK000413,S011,18.28300967,18.28300967
TSK000413,S012,14.23146607,14.23146607
TSK000413,S013,35.18486332,35.18486332
TSK000413,S014,6.44789465,6.44789465
TSK000413,S015,6.44789465,6.44789465
TSK000413,S016,6.44789465,6.44789465
TSK000413,S017,31.03983588,31.03983588
TSK000413,S018,12.15818033,12.15818033
TSK000413,S019,18.28300967,18.28300967
TSK000413,S020,6.44789465,6.44789465
TSK000413,S021,6.44789465,6.44789465
TSK000413,S022,16.61127542,16.61127542
TSK000413,S023,6.44789465,6.44789465
TSK000413,S024,16.55763128,16.55763128
TSK000413,S025,39.31752786,39.31752786
TSK000413,S026,25.66451417,25.66451417
TSK000413,S027,13.35111834,13.35111834
TSK000413,S028,15.64878519,15.64878519
TSK000413,S029,6.44789465,6.44789465
TSK000413,S030,23.41497575,23.41497575
TSK000413,S031,6.44789465,6.44789465
TSK000413,S032,6.44789465,6.44789465
TSK000413,S033,46.19539233,46.19539233
TSK000413,S034,53.57600444,53.57600444
TSK000413,S035,12.15818033,12.15818033
TSK000413,S036,15.95423667,15.95423667
TSK000413,S037,21.74954892,21.74954892
TSK000413,S038,10.06796054,10.06796054
TSK000413,S039,75.32266544,75.32266544
TSK000413,S040,45.56113483,45.56113483
TSK000413,S041,6.44789465,6.44789465
TSK000413,S042,23.67216093,23.67216093
TSK000413,S043,10.06796054,10.06796054
TSK000413,S044,26.84806692,26.84806692
TSK000413,S045,6.44789465,6.44789465
TSK000413,S046,15.78144002,15.78144002
TSK000413,S047,36.97939656,36.97939656
TSK000413,S048,22.51562651,22.51562651
TSK000413,S049,6.44789465,6.44789465
TSK000413,S050,25.53637726,25.53637726
TSK000413,S051,6.44789465,6.44789465
TSK000413,S052,28.3419618,28.3419618
TSK000413,S053,6.44789465,6.44789465
TSK000413,S054,24.98973513,24.98973513
TSK000413,S055,31.08530585,31.08530585
TSK000413,S056,21.22840659,21.22840659
TSK000413,S057,27.19761936,27.19761936
TSK000413,S058,26.29967118,26.29967118
TSK000413,S059,36.25177327,36.25177327
TSK000413,S060,27.23230587,27.23230587
TSK000413,S061,22.59158175,22.59158175
TSK000413,S062,6.44789465,6.44789465
TSK000413,S063,6.44789465,6.44789465
TSK000413,S064,25.09652494,25.09652494
TSK000413,S065,9.02699096,9.02699096
TSK000413,S066,16.58569124,16.58569124
TSK000413,S067,16.61127542,16.61127542
TSK000413,S068,21.28259017,21.28259017
TSK000413,S069,6.44789465,6.44789465
TSK000413,S070,6.44789465,6.44789465
TSK000413,S071,6.44789465,6.44789465
TSK000413,S072,6.44789465,6.44789465
TSK000413,S073,30.32061985,30.32061985
TSK000413,S074,43.18133859,43.18133859
TSK000413,S075,30.48495786,30.48495786
TSK000413,S076,22.75189285,22.75189285
TSK000413,S077,6.44789465,6.44789465
TSK000413,S078,18.39579458,18.39579458
TSK000413,S079,29.04731192,29.04731192
TSK000413,S080,6.44789465,6.44789465
TSK000413,S081,27.19761936,27.19761936
TSK000413,S082,18.95117297,18.95117297
TSK000413,S083,17.95286769,17.95286769
TSK000413,S084,17.8603819,17.8603819
TSK000413,S085,35.18486332,35.18486332
TSK000413,S086,6.44789465,6.44789465
TSK000413,S087,10.06796054,10.06796054
TSK000413,S088,33.83887356,33.83887356
TSK000413,S089,20.59352126,20.59352126
TSK000413,S090,41.2226068,41.2226068
TSK000413,S091,26.84806692,26.84806692
TSK000413,S092,31.92886548,31.92886548
TSK000413,S093,18.95117297,18.95117297
TSK000413,S094,21.28259017,21.28259017
TSK000413,S095,17.95412792,17.95412792
TSK000413,S096,40.46627925,40.46627925
TSK000413,S097,6.44789465,6.44789465
TSK000413,S098,19.24505574,19.24505574
TSK000413,S099,10.70492084,10.70492084
TSK000413,S100,27.70115057,27.70115057
TSK000563,S001,16.75933871,16.75933871
TSK000563,S002,15.87880199,15.87880199
TSK000563,S003,29.90714758,29.90714758
TSK000563,S004,7.68835537,7.68835537
TSK000563,S005,7.68835537,7.68835537
TSK000563,S006,30.04797557,30.04797557
TSK000563,S007,27.51270418,27.51270418
TSK000563,S008,57.16540107,57.16540107
TSK000563,S009,7.68835537,7.68835537
TSK000563,S010,94.36964233,94.36964233
TSK000563,S011,21.95622873,21.95622873
TSK000563,S012,16.26799135,16.26799135
TSK000563,S013,45.92805967,45.92805967
TSK000563,S014,7.68835537,7.68835537
TSK000563,S015,7.68835537,7.68835537
TSK000563,S016,7.68835537,7.68835537
TSK000563,S017,40.32080643,40.32080643
TSK000563,S018,14.42843127,14.42843127
TSK000563,S019,21.95622873,21.95622873
TSK000563,S020,7.68835537,7.68835537
TSK000563,S021,7.68835537,7.68835537
TSK000563,S022,20.87757311,20.87757311
TSK000563,S023,7.68835537,7.68835537
TSK000563,S024,19.0179386,19.0179386
TSK000563,S025,48.72970076,48.72970076
TSK000563,S026,30.66439922,30.66439922
TSK000563,S027,14.8383913,14.8383913
TSK000563,S028,17.20372013,17.20372013
TSK000563,S029,7.68835537,7.68835537
TSK000563,S030,27.39646119,27.39646119
TSK000563,S031,7.68835537,7.68835537
TSK000563,S032,7.68835537,7.68835537
TSK000563,S033,59.64458893,59.64458893
TSK000563,S034,66.61732815,66.61732815
TSK000563,S035,14.42843127,14.42843127
TSK000563,S036,18.92930112,18.92930112
TSK000563,S037,27.66577529,27.66577529
TSK000563,S038,11.71085548,11.71085548
TSK000563,S039,94.36964233,94.36964233
TSK000563,S040,54.34871555,54.34871555
TSK000563,S041,7.68835537,7.68835537
TSK000563,S042,28.483163,28.483163
TSK000563,S043,11.71085548,11.71085548
TSK000563,S044,33.89082469,33.89082469
TSK000563,S045,7.68835537,7.68835537
TSK000563,S046,19.23645698,19.23645698
TSK000563,S047,50.73005962,50.73005962
TSK000563,S048,27.99709521,27.99709521
TSK000563,S049,7.68835537,7.68835537
TSK000563,S050,29.20673099,29.20673099
TSK000563,S051,7.68835537,7.68835537
TSK000563,S052,32.83550072,32.83550072
TSK000563,S053,7.68835537,7.68835537
TSK000563,S054,30.20783362,30.20783362
TSK000563,S055,36.23381054,36.23381054
TSK000563,S056,24.77932546,24.77932546
TSK000563,S057,33.45859728,33.45859728
TSK000563,S058,32.49603158,32.49603158
TSK000563,S059,45.60852076,45.60852076
TSK000563,S060,35.06447396,35.06447396
TSK000563,S061,30.06966049,30.06966049
TSK000563,S062,7.68835537,7.68835537
TSK000563,S063,7.68835537,7.68835537
TSK000563,S064,30.04797557,30.04797557
TSK000563,S065,10.30079353,10.30079353
TSK000563,S066,18.73489158,18.73489158
TSK000563,S067,20.87757311,20.87757311
TSK000563,S068,25.06554744,25.06554744
TSK000563,S069,7.68835537,7.68835537
TSK000563,S070,7.68835537,7.68835537
TSK000563,S071,7.68835537,7.68835537
TSK000563,S072,7.68835537,7.68835537
TSK000563,S073,37.20656887,37.20656887
TSK000563,S074,53.29864372,53.29864372
TSK000563,S075,39.06339424,39.06339424
TSK000563,S076,24.48884743,24.48884743
TSK000563,S077,7.68835537,7.68835537
TSK000563,S078,21.65546682,21.65546682
TSK000563,S079,35.18413198,35.18413198
TSK000563,S080,7.68835537,7.68835537
TSK000563,S081,33.45859728,33.45859728
TSK000563,S082,23.85369335,23.85369335
TSK000563,S083,20.92342027,20.92342027
TSK000563,S084,20.99952875,20.99952875
TSK000563,S085,45.92805967,45.92805967
TSK000563,S086,7.68835537,7.68835537
TSK000563,S087,11.71085548,11.71085548
TSK000563,S088,42.84958383,42.84958383
TSK000563,S089,25.15763024,25.15763024
TSK000563,S090,55.186922,55.186922
TSK000563,S091,33.89082469,33.89082469
TSK000563,S092,38.36093687,38.36093687
TSK000563,S093,23.85369335,23.85369335
TSK000563,S094,25.06554744,25.06554744
TSK000563,S095,20.6927116,20.6927116
TSK000563,S096,51.20081538,51.20081538
TSK000563,S097,7.68835537,7.68835537
TSK000563,S098,23.26906176,23.26906176
TSK000563,S099,12.50556006,12.50556006
TSK000563,S100,32.42762997,32.42762997
TSK000683,S001,3.51669639,3.51669639
TSK000683,S002,2.4578751,2.4578751
TSK000683,S003,4.67695966,4.67695966
TSK000683,S004,1.44760888,1.44760888
TSK000683,S005,1.44760888,1.44760888
TSK000683,S006,5.67753939,5.67753939
TSK000683,S007,4.16381603,4.16381603
TSK000683,S008,9.17983074,9.17983074
TSK000683,S009,1.44760888,1.44760888
TSK000683,S010,10.98330691,10.98330691
TSK000683,S011,3.41318976,3.41318976
TSK000683,S012,3.11749876,3.11749876
TSK000683,S013,5.57199358,5.57199358
TSK000683,S014,1.44760888,1.44760888
TSK000683,S015,1.44760888,1.44760888
TSK000683,S016,1.44760888,1.44760888
TSK000683,S017,5.09007697,5.09007697
TSK000683,S018,2.54616033,2.54616033
TSK000683,S019,3.41318976,3.41318976
TSK000683,S020,1.44760888,1.44760888
TSK000683,S021,1.44760888,1.44760888
TSK000683,S022,2.91273622,2.91273622
TSK000683,S023,1.44760888,1.44760888
TSK000683,S024,4.35502696,4.35502696
TSK000683,S025,6.25221357,6.25221357
TSK000683,S026,4.84974617,4.84974617
TSK000683,S027,3.15949496,3.15949496
TSK000683,S028,3.43099657,3.43099657
TSK000683,S029,1.44760888,1.44760888
TSK000683,S030,4.76663993,4.76663993
TSK000683,S031,1.44760888,1.44760888
TSK000683,S032,1.44760888,1.44760888
TSK000683,S033,7.37300612,7.37300612
TSK000683,S034,10.16636256,10.16636256
TSK000683,S035,2.54616033,2.54616033
TSK000683,S036,3.00310538,3.00310538
TSK000683,S037,3.63766568,3.63766568
TSK000683,S038,2.37352446,2.37352446
TSK000683,S039,10.98330691,10.98330691
TSK000683,S040,7.7990903,7.7990903
TSK000683,S041,1.44760888,1.44760888
TSK000683,S042,4.40501622,4.40501622
TSK000683,S043,2.37352446,2.37352446
TSK000683,S044,4.33445082,4.33445082
TSK000683,S045,1.44760888,1.44760888
TSK000683,S046,3.29891052,3.29891052
TSK000683,S047,4.87721556,4.87721556
TSK000683,S048,4.0373766,4.0373766
TSK000683,S049,1.44760888,1.44760888
TSK000683,S050,4.69904503,4.69904503
TSK000683,S051,1.44760888,1.44760888
TSK000683,S052,5.27496496,5.27496496
TSK000683,S053,1.44760888,1.44760888
TSK000683,S054,4.50484786,4.50484786
TSK000683,S055,7.67894226,7.67894226
TSK000683,S056,4.4548151,4.4548151
TSK000683,S057,4.97874795,4.97874795
TSK000683,S058,4.53879322,4.53879322
TSK000683,S059,5.98938954,5.98938954
TSK000683,S060,4.45751342,4.45751342
TSK000683,S061,3.59385551,3.59385551
TSK000683,S062,1.44760888,1.44760888
TSK000683,S063,1.44760888,1.44760888
TSK000683,S064,5.67753939,5.67753939
TSK000683,S065,1.99456011,1.99456011
TSK000683,S066,3.56655709,3.56655709
TSK000683,S067,2.91273622,2.91273622
TSK000683,S068,4.18636421,4.18636421
TSK000683,S069,1.44760888,1.44760888
TSK000683,S070,1.44760888,1.44760888
TSK000683,S071,1.44760888,1.44760888
TSK000683,S072,1.44760888,1.44760888
TSK000683,S073,5.96498207,5.96498207
TSK000683,S074,8.07825829,8.07825829
TSK000683,S075,4.95122478,4.95122478
TSK000683,S076,4.63250567,4.63250567
TSK000683,S077,1.44760888,1.44760888
TSK000683,S078,3.36419581,3.36419581
TSK000683,S079,5.60535227,5.60535227
TSK000683,S080,1.44760888,1.44760888
TSK000683,S081,4.97874795,4.97874795
TSK000683,S082,3.62584631,3.62584631
TSK000683,S083,3.93292748,3.93292748
TSK000683,S084,3.7124853,3.7124853
TSK000683,S085,5.57199358,5.57199358
TSK000683,S086,1.44760888,1.44760888
TSK000683,S087,2.37352446,2.37352446
TSK000683,S088,5.45145452,5.45145452
TSK000683,S089,3.97384786,3.97384786
TSK000683,S090,6.23328693,6.23328693
TSK000683,S091,4.33445082,4.33445082
TSK000683,S092,5.69980134,5.69980134
TSK000683,S093,3.62584631,3.62584631
TSK000683,S094,4.18636421,4.18636421
TSK000683,S095,3.75218859,3.75218859
TSK000683,S096,8.57905257,8.57905257
TSK000683,S097,1.44760888,1.44760888
TSK000683,S098,3.90135236,3.90135236
TSK000683,S099,2.41776524,2.41776524
TSK000683,S100,6.22591155,6.22591155
TSK000697,S001,21.52605271,21.52605271
TSK000697,S002,22.59997533,22.59997533
TSK000697,S003,41.83870956,41.83870956
TSK000697,S004,10.45790564,10.45790564
TSK000697,S005,10.45790564,10.45790564
TSK000697,S006,40.93801568,40.93801568
TSK000697,S007,37.02406766,37.02406766
TSK000697,S008,80.62293618,80.62293618
TSK000697,S009,10.45790564,10.45790564
TSK000697,S010,136.00464726,136.00464726
TSK000697,S011,30.46497407,30.46497407
TSK000697,S012,21.6369407,21.6369407
TSK000697,S013,67.17035771,67.17035771
TSK000697,S014,10.45790564,10.45790564
TSK000697,S015,10.45790564,10.45790564
TSK000697,S016,10.45790564,10.45790564
TSK000697,S017,58.71631863,58.71631863
TSK000697,S018,19.69943342,19.69943342
TSK000697,S019,30.46497407,30.46497407
TSK000697,S020,10.45790564,10.45790564
TSK000697,S021,10.45790564,10.45790564
TSK000697,S022,29.79496777,29.79496777
TSK000697,S023,10.45790564,10.45790564
TSK000697,S024,24.86419238,24.86419238
TSK000697,S025,69.50074541,69.50074541
TSK000697,S026,42.39015089,42.39015089
TSK000697,S027,19.23142511,19.23142511
TSK000697,S028,22.32700386,22.32700386
TSK000697,S029,10.45790564,10.45790564
TSK000697,S030,37.19811944,37.19811944
TSK000697,S031,10.45790564,10.45790564
TSK000697,S032,10.45790564,10.45790564
TSK000697,S033,86.74878209,86.74878209
TSK000697,S034,94.02709488,94.02709488
TSK000697,S035,19.69943342,19.69943342
TSK000697,S036,26.07532712,26.07532712
TSK000697,S037,39.83888808,39.83888808
TSK000697,S038,15.62270072,15.62270072
TSK000697,S039,136.00464726,136.00464726
TSK000697,S040,75.62501738,75.62501738
TSK000697,S041,10.45790564,10.45790564
TSK000697,S042,39.57243707,39.57243707
TSK000697,S043,15.62270072,15.62270072
TSK000697,S044,48.72939642,48.72939642
TSK000697,S045,10.45790564,10.45790564
TSK000697,S046,26.66034802,26.66034802
TSK000697,S047,76.52990255,76.52990255
TSK000697,S048,39.67974121,39.67974121
TSK000697,S049,10.45790564,10.45790564
TSK000697,S050,39.47796989,39.47796989
TSK000697,S051,10.45790564,10.45790564
TSK000697,S052,44.67145873,44.67145873
TSK000697,S053,10.45790564,10.45790564
TSK000697,S054,42.17331224,42.17331224
TSK000697,S055,48.15568728,48.15568728
TSK000697,S056,33.50662865,33.50662865
TSK000697,S057,47.09038994,47.09038994
TSK000697,S058,46.02999719,46.02999719
TSK000697,S059,65.37604015,65.37604015
TSK000697,S060,50.85624161,50.85624161
TSK000697,S061,44.3573865,44.3573865
TSK000697,S062,10.45790564,10.45790564
TSK000697,S063,10.45790564,10.45790564
TSK000697,S064,40.93801568,40.93801568
TSK000697,S065,13.67402697,13.67402697
TSK000697,S066,24.78314125,24.78314125
TSK000697,S067,29.79496777,29.79496777
TSK000697,S068,34.26227237,34.26227237
TSK000697,S069,10.45790564,10.45790564
TSK000697,S070,10.45790564,10.45790564
TSK000697,S071,10.45790564,10.45790564
TSK000697,S072,10.45790564,10.45790564
TSK000697,S073,52.01001256,52.01001256
TSK000697,S074,75.02267882,75.02267882
TSK000697,S075,56.55295624,56.55295624
TSK000697,S076,31.58821109,31.58821109
TSK000697,S077,10.45790564,10.45790564
TSK000697,S078,29.7691361,29.7691361
TSK000697,S079,48.91837623,48.91837623
TSK000697,S080,10.45790564,10.45790564
TSK000697,S081,47.09038994,47.09038994
TSK000697,S082,33.85780883,33.85780883
TSK000697,S083,28.15269801,28.15269801
TSK000697,S084,28.53917522,28.53917522
TSK000697,S085,67.17035771,67.17035771
TSK000697,S086,10.45790564,10.45790564
TSK000697,S087,15.62270072,15.62270072
TSK000697,S088,61.71244582,61.71244582
TSK000697,S089,35.13740378,35.13740378
TSK000697,S090,81.84491315,81.84491315
TSK000697,S091,48.72939642,48.72939642
TSK000697,S092,53.42047756,53.42047756
TSK000697,S093,33.85780883,33.85780883
TSK000697,S094,34.26227237,34.26227237
TSK000697,S095,27.78371194,27.78371194
TSK000697,S096,72.2863126,72.2863126
TSK000697,S097,10.45790564,10.45790564
TSK000697,S098,32.19116238,32.19116238
TSK000697,S099,16.79935776,16.79935776
TSK000697,S100,43.63597768,43.63597768
TSK000820,S001,5.93597855,5.93597855
TSK000820,S002,3.82847953,3.82847953
TSK000820,S003,7.56269986,7.56269986
TSK000820,S004,2.31381106,2.31381106
TSK000820,S005,2.31381106,2.31381106
TSK000820,S006,9.03526695,9.03526695
TSK000820,S007,7.43133411,7.43133411
TSK000820,S008,14.42317454,14.42317454
TSK000820,S009,2.31381106,2.31381106
TSK000820,S010,18.4246935,18.4246935
TSK000820,S011,5.63664697,5.63664697
TSK000820,S012,5.15573176,5.15573176
TSK000820,S013,8.78383436,8.78383436
TSK000820,S014,2.31381106,2.31381106
TSK000820,S015,2.31381106,2.31381106
TSK000820,S016,2.31381106,2.31381106
TSK000820,S017,8.01561479,8.01561479
TSK000820,S018,4.14111302,4.14111302
TSK000820,S019,5.63664697,5.63664697
TSK000820,S020,2.31381106,2.31381106
TSK000820,S021,2.31381106,2.31381106
TSK000820,S022,4.68144933,4.68144933
TSK000820,S023,2.31381106,2.31381106
TSK000820,S024,6.91723918,6.91723918
TSK000820,S025,10.39880595,10.39880595
TSK000820,S026,8.02095356,8.02095356
TSK000820,S027,5.22922241,5.22922241
TSK000820,S028,5.81828592,5.81828592
TSK000820,S029,2.31381106,2.31381106
TSK000820,S030,7.88166797,7.88166797
TSK000820,S031,2.31381106,2.31381106
TSK000820,S032,2.31381106,2.31381106
TSK000820,S033,11.74564063,11.74564063
TSK000820,S034,16.24623452,16.24623452
TSK000820,S035,4.14111302,4.14111302
TSK000820,S036,4.99932582,4.99932582
TSK000820,S037,5.83260871,5.83260871
TSK000820,S038,3.82107987,3.82107987
TSK000820,S039,18.4246935,18.4246935
TSK000820,S040,13.21365645,13.21365645
TSK000820,S041,2.31381106,2.31381106
TSK000820,S042,7.26807192,7.26807192
TSK000820,S043,3.82107987,3.82107987
TSK000820,S044,7.05415014,7.05415014
TSK000820,S045,2.31381106,2.31381106
TSK000820,S046,5.25961989,5.25961989
TSK000820,S047,7.44853292,7.44853292
TSK000820,S048,6.52445799,6.52445799
TSK000820,S049,2.31381106,2.31381106
TSK000820,S050,8.09467064,8.09467064
TSK000820,S051,2.31381106,2.31381106
TSK000820,S052,8.97178464,8.97178464
TSK000820,S053,2.31381106,2.31381106
TSK000820,S054,7.45575138,7.45575138
TSK000820,S055,12.23340262,12.23340262
TSK000820,S056,7.32989157,7.32989157
TSK000820,S057,8.08883479,8.08883479
TSK000820,S058,7.43651452,7.43651452
TSK000820,S059,9.73356829,9.73356829
TSK000820,S060,7.08766337,7.08766337
TSK000820,S061,5.53773316,5.53773316
TSK000820,S062,2.31381106,2.31381106
TSK000820,S063,2.31381106,2.31381106
TSK000820,S064,9.03526695,9.03526695
TSK000820,S065,3.29616388,3.29616388
TSK000820,S066,5.97029174,5.97029174
TSK000820,S067,4.68144933,4.68144933
TSK000820,S068,6.94071156,6.94071156
TSK000820,S069,2.31381106,2.31381106
TSK000820,S070,2.31381106,2.31381106
TSK000820,S071,2.31381106,2.31381106
TSK000820,S072,2.31381106,2.31381106
TSK000820,S073,9.57176901,9.57176901
TSK000820,S074,13.0286877,13.0286877
TSK000820,S075,7.92449377,7.92449377
TSK000820,S076,8.11181458,8.11181458
TSK000820,S077,2.31381106,2.31381106
TSK000820,S078,5.67369048,5.67369048
TSK000820,S079,9.12675224,9.12675224
TSK000820,S080,2.31381106,2.31381106
TSK000820,S081,8.08883479,8.08883479
TSK000820,S082,5.72362402,5.72362402
TSK000820,S083,6.41903136,6.41903136
TSK000820,S084,6.08899082,6.08899082
TSK000820,S085,8.78383436,8.78383436
TSK000820,S086,2.31381106,2.31381106
TSK000820,S087,3.82107987,3.82107987
TSK000820,S088,8.84751133,8.84751133
TSK000820,S089,6.42509834,6.42509834
TSK000820,S090,9.6189273,9.6189273
TSK000820,S091,7.05415014,7.05415014
TSK000820,S092,9.50381208,9.50381208
TSK000820,S093,5.72362402,5.72362402
TSK000820,S094,6.94071156,6.94071156
TSK000820,S095,6.23547662,6.23547662
TSK000820,S096,13.24346832,13.24346832
TSK000820,S097,2.31381106,2.31381106
TSK000820,S098,6.29745286,6.29745286
TSK000820,S099,3.91491508,3.91491508
TSK000820,S100,10.07706817,10.07706817
TSK000852,S001,45.02585577,45.02585577
TSK000852,S002,49.5659336,49.5659336
TSK000852,S003,91.34194593,91.34194593
TSK000852,S004,24.17089027,24.17089027
TSK000852,S005,24.17089027,24.17089027
TSK000852,S006,100.67218698,100.67218698
TSK000852,S007,78.06179342,78.06179342
TSK000852,S008,181.6368644,181.6368644
TSK000852,S009,24.17089027,24.17089027
TSK000852,S010,327.04035403,327.04035403
TSK000852,S011,65.22010802,65.22010802
TSK000852,S012,48.94796675,48.94796675
TSK000852,S013,152.31186425,152.31186425
TSK000852,S014,24.17089027,24.17089027
TSK000852,S015,24.17089027,24.17089027
TSK000852,S016,24.17089027,24.17089027
TSK000852,S017,157.16083543,157.16083543
TSK000852,S018,45.69262066,45.69262066
TSK000852,S019,65.22010802,65.22010802
TSK000852,S020,24.17089027,24.17089027
TSK000852,S021,24.17089027,24.17089027
TSK000852,S022,67.58691105,67.58691105
TSK000852,S023,24.17089027,24.17089027
TSK000852,S024,52.11584956,52.11584956
TSK000852,S025,178.76507985,178.76507985
TSK000852,S026,103.63413136,103.63413136
TSK000852,S027,40.63660551,40.63660551
TSK000852,S028,46.94073293,46.94073293
TSK000852,S029,24.17089027,24.17089027
TSK000852,S030,77.83387994,77.83387994
TSK000852,S031,24.17089027,24.17089027
TSK000852,S032,24.17089027,24.17089027
TSK000852,S033,227.12940748,227.12940748
TSK000852,S034,212.63935729,212.63935729
TSK000852,S035,45.69262066,45.69262066
TSK000852,S036,59.00738308,59.00738308
TSK000852,S037,85.84540221,85.84540221
TSK000852,S038,34.06732035,34.06732035
TSK000852,S039,327.04035403,327.04035403
TSK000852,S040,157.8355465,157.8355465
TSK000852,S041,24.17089027,24.17089027
TSK000852,S042,89.52318885,89.52318885
TSK000852,S043,34.06732035,34.06732035
TSK000852,S044,115.87376619,115.87376619
TSK000852,S045,24.17089027,24.17089027
TSK000852,S046,65.73004405,65.73004405
TSK000852,S047,208.8903221,208.8903221
TSK000852,S048,90.51769343,90.51769343
TSK000852,S049,24.17089027,24.17089027
TSK000852,S050,82.76697605,82.76697605
TSK000852,S051,24.17089027,24.17089027
TSK000852,S052,102.01398519,102.01398519
TSK000852,S053,24.17089027,24.17089027
TSK000852,S054,92.24538679,92.24538679
TSK000852,S055,105.97139315,105.97139315
TSK000852,S056,76.10254039,76.10254039
TSK000852,S057,99.60970761,99.60970761
TSK000852,S058,109.46686307,109.46686307
TSK000852,S059,142.25798631,142.25798631
TSK000852,S060,134.91640958,134.91640958
TSK000852,S061,99.04295496,99.04295496
TSK000852,S062,24.17089027,24.17089027
TSK000852,S063,24.17089027,24.17089027
TSK000852,S064,100.67218698,100.67218698
TSK000852,S065,30.3102326,30.3102326
TSK000852,S066,55.10826999,55.10826999
TSK000852,S067,67.58691105,67.58691105
TSK000852,S068,80.92950654,80.92950654
TSK000852,S069,24.17089027,24.17089027
TSK000852,S070,24.17089027,24.17089027
TSK000852,S071,24.17089027,24.17089027
TSK000852,S072,24.17089027,24.17089027
TSK000852,S073,121.26112773,121.26112773
TSK000852,S074,162.2815507,162.2815507
TSK000852,S075,149.59738158,149.59738158
TSK000852,S076,65.20879715,65.20879715
TSK000852,S077,24.17089027,24.17089027
TSK000852,S078,63.66068816,63.66068816
TSK000852,S079,119.84017349,119.84017349
TSK000852,S080,24.17089027,24.17089027
TSK000852,S081,99.60970761,99.60970761
TSK000852,S082,87.00177051,87.00177051
TSK000852,S083,62.09690181,62.09690181
TSK000852,S084,66.19360175,66.19360175
TSK000852,S085,152.31186425,152.31186425
TSK000852,S086,24.17089027,24.17089027
TSK000852,S087,34.06732035,34.06732035
TSK000852,S088,145.74839156,145.74839156
TSK000852,S089,83.3848293,83.3848293
TSK000852,S090,201.14414752,201.14414752
TSK000852,S091,115.87376619,115.87376619
TSK000852,S092,126.64549075,126.64549075
TSK000852,S093,87.00177051,87.00177051
TSK000852,S094,80.92950654,80.92950654
TSK000852,S095,58.62218206,58.62218206
TSK000852,S096,162.03803262,162.03803262
TSK000852,S097,24.17089027,24.17089027
TSK000852,S098,68.3261518,68.3261518
TSK000852,S099,36.59350787,36.59350787
TSK000852,S100,96.97826991,96.97826991
TSK000891,S001,3.08671349,3.08671349
TSK000891,S002,2.22034945,2.22034945
TSK000891,S003,4.17036394,4.17036394
TSK000891,S004,1.2961166,1.2961166
TSK000891,S005,1.2961166,1.2961166
TSK000891,S006,5.09115983,5.09115983
TSK000891,S007,3.57543069,3.57543069
TSK000891,S008,8.26825086,8.26825086
TSK000891,S009,1.2961166,1.2961166
TSK000891,S010,9.66290868,9.66290868
TSK000891,S011,3.02037459,3.02037459
TSK000891,S012,2.75725874,2.75725874
TSK000891,S013,5.01293245,5.01293245
TSK000891,S014,1.2961166,1.2961166
TSK000891,S015,1.2961166,1.2961166
TSK000891,S016,1.2961166,1.2961166
TSK000891,S017,4.58104317,4.58104317
TSK000891,S018,2.26565791,2.26565791
TSK000891,S019,3.02037459,3.02037459
TSK000891,S020,1.2961166,1.2961166
TSK000891,S021,1.2961166,1.2961166
TSK000891,S022,2.60283839,2.60283839
TSK000891,S023,1.2961166,1.2961166
TSK000891,S024,3.90786794,3.90786794
TSK000891,S025,5.51816448,5.51816448
TSK000891,S026,4.28925426,4.28925426
TSK000891,S027,2.79360799,2.79360799
TSK000891,S028,3.00618843,3.00618843
TSK000891,S029,1.2961166,1.2961166
TSK000891,S030,4.21611404,4.21611404
TSK000891,S031,1.2961166,1.2961166
TSK000891,S032,1.2961166,1.2961166
TSK000891,S033,6.60911832,6.60911832
TSK000891,S034,9.10311146,9.10311146
TSK000891,S035,2.26565791,2.26565791
TSK000891,S036,2.64963659,2.64963659
TSK000891,S037,3.25338793,3.25338793
TSK000891,S038,2.11976224,2.11976224
TSK000891,S039,9.66290868,9.66290868
TSK000891,S040,6.8358168,6.8358168
TSK000891,S041,1.2961166,1.2961166
TSK000891,S042,3.89933439,3.89933439
TSK000891,S043,2.11976224,2.11976224
TSK000891,S044,3.8560461,3.8560461
TSK000891,S045,1.2961166,1.2961166
TSK000891,S046,2.95628606,2.95628606
TSK000891,S047,4.43507864,4.43507864
TSK000891,S048,3.60085118,3.60085118
TSK000891,S049,1.2961166,1.2961166
TSK000891,S050,4.09244452,4.09244452
TSK000891,S051,1.2961166,1.2961166
TSK000891,S052,4.61663455,4.61663455
TSK000891,S053,1.2961166,1.2961166
TSK000891,S054,3.98318914,3.98318914
TSK000891,S055,6.88328144,6.88328144
TSK000891,S056,3.94741856,3.94741856
TSK000891,S057,4.43196137,4.43196137
TSK000891,S058,4.02803818,4.02803818
TSK000891,S059,5.33106492,5.33106492
TSK000891,S060,3.9983284,3.9983284
TSK000891,S061,3.25838998,3.25838998
TSK000891,S062,1.2961166,1.2961166
TSK000891,S063,1.2961166,1.2961166
TSK000891,S064,5.09115983,5.09115983
TSK000891,S065,1.76456176,1.76456176
TSK000891,S066,3.14028288,3.14028288
TSK000891,S067,2.60283839,2.60283839
TSK000891,S068,3.69921221,3.69921221
TSK000891,S069,1.2961166,1.2961166
TSK000891,S070,1.2961166,1.2961166
TSK000891,S071,1.2961166,1.2961166
TSK000891,S072,1.2961166,1.2961166
TSK000891,S073,5.33336357,5.33336357
TSK000891,S074,7.20992146,7.20992146
TSK000891,S075,4.43099078,4.43099078
TSK000891,S076,4.00857675,4.00857675
TSK000891,S077,1.2961166,1.2961166
TSK000891,S078,2.9538181,2.9538181
TSK000891,S079,4.985837,4.985837
TSK000891,S080,1.2961166,1.2961166
TSK000891,S081,4.43196137,4.43196137
TSK000891,S082,3.26052648,3.26052648
TSK000891,S083,3.49523156,3.49523156
TSK000891,S084,3.29347093,3.29347093
TSK000891,S085,5.01293245,5.01293245
TSK000891,S086,1.2961166,1.2961166
TSK000891,S087,2.11976224,2.11976224
TSK000891,S088,4.85458595,4.85458595
TSK000891,S089,3.54354141,3.54354141
TSK000891,S090,5.64866791,5.64866791
TSK000891,S091,3.8560461,3.8560461
TSK000891,S092,5.02592966,5.02592966
TSK000891,S093,3.26052648,3.26052648
TSK000891,S094,3.69921221,3.69921221
TSK000891,S095,3.31268843,3.31268843
TSK000891,S096,7.77350769,7.77350769
TSK000891,S097,1.2961166,1.2961166
TSK000891,S098,3.48094788,3.48094788
TSK000891,S099,2.15482517,2.15482517
TSK000891,S100,5.54963064,5.54963064
TSK000923,S001,4.94929709,4.94929709
TSK000923,S002,3.23050744,3.23050744
TSK000923,S003,6.34539835,6.34539835
TSK000923,S004,1.94475516,1.94475516
TSK000923,S005,1.94475516,1.94475516
TSK000923,S006,7.59913489,7.59913489
TSK000923,S007,6.14776833,6.14776833
TSK000923,S008,12.15425898,12.15425898
TSK000923,S009,1.94475516,1.94475516
TSK000923,S010,15.37585824,15.37585824
TSK000923,S011,4.71466206,4.71466206
TSK000923,S012,4.31150341,4.31150341
TSK000923,S013,7.39828138,7.39828138
TSK000923,S014,1.94475516,1.94475516
TSK000923,S015,1.94475516,1.94475516
TSK000923,S016,1.94475516,1.94475516
TSK000923,S017,6.75233297,6.75233297
TSK000923,S018,3.47155794,3.47155794
TSK000923,S019,4.71466206,4.71466206
TSK000923,S020,1.94475516,1.94475516
TSK000923,S021,1.94475516,1.94475516
TSK000923,S022,3.93148196,3.93148196
TSK000923,S023,1.94475516,1.94475516
TSK000923,S024,5.81946293,5.81946293
TSK000923,S025,8.68884316,8.68884316
TSK000923,S026,6.70750586,6.70750586
TSK000923,S027,4.37246625,4.37246625
TSK000923,S028,4.8479345,4.8479345
TSK000923,S029,1.94475516,1.94475516
TSK000923,S030,6.59125335,6.59125335
TSK000923,S031,1.94475516,1.94475516
TSK000923,S032,1.94475516,1.94475516
TSK000923,S033,9.87715043,9.87715043
TSK000923,S034,13.65536287,13.65536287
TSK000923,S035,3.47155794,3.47155794
TSK000923,S036,4.17669708,4.17669708
TSK000923,S037,4.89998514,4.89998514
TSK000923,S038,3.20815401,3.20815401
TSK000923,S039,15.37585824,15.37585824
TSK000923,S040,11.01137099,11.01137099
TSK000923,S041,1.94475516,1.94475516
TSK000923,S042,6.08003278,6.08003278
TSK000923,S043,3.20815401,3.20815401
TSK000923,S044,5.91303691,5.91303691
TSK000923,S045,1.94475516,1.94475516
TSK000923,S046,4.42238149,4.42238149
TSK000923,S047,6.30442466,6.30442466
TSK000923,S048,5.47477736,5.47477736
TSK000923,S049,1.94475516,1.94475516
TSK000923,S050,6.72963209,6.72963209
TSK000923,S051,1.94475516,1.94475516
TSK000923,S052,7.47234268,7.47234268
TSK000923,S053,1.94475516,1.94475516
TSK000923,S054,6.23421768,6.23421768
TSK000923,S055,10.2872703,10.2872703
TSK000923,S056,6.13424303,6.13424303
TSK000923,S057,6.7820725,6.7820725
TSK000923,S058,6.22735473,6.22735473
TSK000923,S059,8.16075177,8.16075177
TSK000923,S060,5.96186689,5.96186689
TSK000923,S061,4.68061262,4.68061262
TSK000923,S062,1.94475516,1.94475516
TSK000923,S063,1.94475516,1.94475516
TSK000923,S064,7.59913489,7.59913489
TSK000923,S065,2.75673108,2.75673108
TSK000923,S066,4.98388349,4.98388349
TSK000923,S067,3.93148196,3.93148196
TSK000923,S068,5.80208531,5.80208531
TSK000923,S069,1.94475516,1.94475516
TSK000923,S070,1.94475516,1.94475516
TSK000923,S071,1.94475516,1.94475516
TSK000923,S072,1.94475516,1.94475516
TSK000923,S073,8.04030667,8.04030667
TSK000923,S074,10.93582349,10.93582349
TSK000923,S075,6.65918234,6.65918234
TSK000923,S076,6.72840453,6.72840453
TSK000923,S077,1.94475516,1.94475516
TSK000923,S078,4.7311913,4.7311913
TSK000923,S079,7.64983525,7.64983525
TSK000923,S080,1.94475516,1.94475516
TSK000923,S081,6.7820725,6.7820725
TSK000923,S082,4.81979098,4.81979098
TSK000923,S083,5.37837674,5.37837674
TSK000923,S084,5.09815364,5.09815364
TSK000923,S085,7.39828138,7.39828138
TSK000923,S086,1.94475516,1.94475516
TSK000923,S087,3.20815401,3.20815401
TSK000923,S088,7.41934438,7.41934438
TSK000923,S089,5.39098935,5.39098935
TSK000923,S090,8.12827186,8.12827186
TSK000923,S091,5.91303691,5.91303691
TSK000923,S092,7.93812597,7.93812597
TSK000923,S093,4.81979098,4.81979098
TSK000923,S094,5.80208531,5.80208531
TSK000923,S095,5.21076232,5.21076232
TSK000923,S096,11.19050258,11.19050258
TSK000923,S097,1.94475516,1.94475516
TSK000923,S098,5.28519391,5.28519391
TSK000923,S099,3.28409472,3.28409472
TSK000923,S100,8.4538375,8.4538375
TSK001007,S001,16.75933871,16.75933871
TSK001007,S002,15.87880199,15.87880199
TSK001007,S003,29.90714758,29.90714758
TSK001007,S004,7.68835537,7.68835537
TSK001007,S005,7.68835537,7.68835537
TSK001007,S006,30.04797557,30.04797557
TSK001007,S007,27.51270418,27.51270418
TSK001007,S008,57.16540107,57.16540107
TSK001007,S009,7.68835537,7.68835537
TSK001007,S010,94.36964233,94.36964233
TSK001007,S011,21.95622873,21.95622873
TSK001007,S012,16.26799135,16.26799135
TSK001007,S013,45.92805967,45.92805967
TSK001007,S014,7.68835537,7.68835537
TSK001007,S015,7.68835537,7.68835537
TSK001007,S016,7.68835537,7.68835537
TSK001007,S017,40.32080643,40.32080643
TSK001007,S018,14.42843127,14.42843127
TSK001007,S019,21.95622873,21.95622873
TSK001007,S020,7.68835537,7.68835537
TSK001007,S021,7.68835537,7.68835537
TSK001007,S022,20.87757311,20.87757311
TSK001007,S023,7.68835537,7.68835537
TSK001007,S024,19.0179386,19.0179386
TSK001007,S025,48.72970076,48.72970076
TSK001007,S026,30.66439922,30.66439922
TSK001007,S027,14.8383913,14.8383913
TSK001007,S028,17.20372013,17.20372013
TSK001007,S029,7.68835537,7.68835537
TSK001007,S030,27.39646119,27.39646119
TSK001007,S031,7.68835537,7.68835537
TSK001007,S032,7.68835537,7.68835537
TSK001007,S033,59.64458893,59.64458893
TSK001007,S034,66.61732815,66.61732815
TSK001007,S035,14.42843127,14.42843127
TSK001007,S036,18.92930112,18.92930112
TSK001007,S037,27.66577529,27.66577529
TSK001007,S038,11.71085548,11.71085548
TSK001007,S039,94.36964233,94.36964233
TSK001007,S040,54.34871555,54.34871555
TSK001007,S041,7.68835537,7.68835537
TSK001007,S042,28.483163,28.483163
TSK001007,S043,11.71085548,11.71085548
TSK001007,S044,33.89082469,33.89082469
TSK001007,S045,7.68835537,7.68835537
TSK001007,S046,19.23645698,19.23645698
TSK001007,S047,50.73005962,50.73005962
TSK001007,S048,27.99709521,27.99709521
TSK001007,S049,7.68835537,7.68835537
TSK001007,S050,29.20673099,29.20673099
TSK001007,S051,7.68835537,7.68835537
TSK001007,S052,32.83550072,32.83550072
TSK001007,S053,7.68835537,7.68835537
TSK001007,S054,30.20783362,30.20783362
TSK001007,S055,36.23381054,36.23381054
TSK001007,S056,24.77932546,24.77932546
TSK001007,S057,33.45859728,33.45859728
TSK001007,S058,32.49603158,32.49603158
TSK001007,S059,45.60852076,45.60852076
TSK001007,S060,35.06447396,35.06447396
TSK001007,S061,30.06966049,30.06966049
TSK001007,S062,7.68835537,7.68835537
TSK001007,S063,7.68835537,7.68835537
TSK001007,S064,30.04797557,30.04797557
TSK001007,S065,10.30079353,10.30079353
TSK001007,S066,18.73489158,18.73489158
TSK001007,S067,20.87757311,20.87757311
TSK001007,S068,25.06554744,25.06554744
TSK001007,S069,7.68835537,7.68835537
TSK001007,S070,7.68835537,7.68835537
TSK001007,S071,7.68835537,7.68835537
TSK001007,S072,7.68835537,7.68835537
TSK001007,S073,37.20656887,37.20656887
TSK001007,S074,53.29864372,53.29864372
TSK001007,S075,39.06339424,39.06339424
TSK001007,S076,24.48884743,24.48884743
TSK001007,S077,7.68835537,7.68835537
TSK001007,S078,21.65546682,21.65546682
TSK001007,S079,35.18413198,35.18413198
TSK001007,S080,7.68835537,7.68835537
TSK001007,S081,33.45859728,33.45859728
TSK001007,S082,23.85369335,23.85369335
TSK001007,S083,20.92342027,20.92342027
TSK001007,S084,20.99952875,20.99952875
TSK001007,S085,45.92805967,45.92805967
TSK001007,S086,7.68835537,7.68835537
TSK001007,S087,11.71085548,11.71085548
TSK001007,S088,42.84958383,42.84958383
TSK001007,S089,25.15763024,25.15763024
TSK001007,S090,55.186922,55.186922
TSK001007,S091,33.89082469,33.89082469
TSK001007,S092,38.36093687,38.36093687
TSK001007,S093,23.85369335,23.85369335
TSK001007,S094,25.06554744,25.06554744
TSK001007,S095,20.6927116,20.6927116
TSK001007,S096,51.20081538,51.20081538
TSK001007,S097,7.68835537,7.68835537
TSK001007,S098,23.26906176,23.26906176
TSK001007,S099,12.50556006,12.50556006
TSK001007,S100,32.42762997,32.42762997
TSK001028,S001,6.05076662,6.05076662
TSK001028,S002,3.85390727,3.85390727
TSK001028,S003,7.65859875,7.65859875
TSK001028,S004,2.33887555,2.33887555
TSK001028,S005,2.33887555,2.33887555
TSK001028,S006,9.1268068,9.1268068
TSK001028,S007,7.63620902,7.63620902
TSK001028,S008,14.53941562,14.53941562
TSK001028,S009,2.33887555,2.33887555
TSK001028,S010,18.7636089,18.7636089
TSK001028,S011,5.7267338,5.7267338
TSK001028,S012,5.23928003,5.23928003
TSK001028,S013,8.85939107,8.85939107
TSK001028,S014,2.33887555,2.33887555
TSK001028,S015,2.33887555,2.33887555
TSK001028,S016,2.33887555,2.33887555
TSK001028,S017,8.08317992,8.08317992
TSK001028,S018,4.19741729,4.19741729
TSK001028,S019,5.7267338,5.7267338
TSK001028,S020,2.33887555,2.33887555
TSK001028,S021,2.33887555,2.33887555
TSK001028,S022,4.73630059,4.73630059
TSK001028,S023,2.33887555,2.33887555
TSK001028,S024,6.98516756,6.98516756
TSK001028,S025,10.57643685,10.57643685
TSK001028,S026,8.15099827,8.15099827
TSK001028,S027,5.31458696,5.31458696
TSK001028,S028,5.93489025,5.93489025
TSK001028,S029,2.33887555,2.33887555
TSK001028,S030,8.00916991,8.00916991
TSK001028,S031,2.33887555,2.33887555
TSK001028,S032,2.33887555,2.33887555
TSK001028,S033,11.866604,11.866604
TSK001028,S034,16.4216859,16.4216859
TSK001028,S035,4.19741729,4.19741729
TSK001028,S036,5.08541687,5.08541687
TSK001028,S037,5.89872082,5.89872082
TSK001028,S038,3.8668498,3.8668498
TSK001028,S039,18.7636089,18.7636089
TSK001028,S040,13.47665189,13.47665189
TSK001028,S041,2.33887555,2.33887555
TSK001028,S042,7.38322324,7.38322324
TSK001028,S043,3.8668498,3.8668498
TSK001028,S044,7.15077554,7.15077554
TSK001028,S045,2.33887555,2.33887555
TSK001028,S046,5.31447115,5.31447115
TSK001028,S047,7.4735974,7.4735974
TSK001028,S048,6.60655325,6.60655325
TSK001028,S049,2.33887555,2.33887555
TSK001028,S050,8.27593407,8.27593407
TSK001028,S051,2.33887555,2.33887555
TSK001028,S052,9.15559085,9.15559085
TSK001028,S053,2.33887555,2.33887555
TSK001028,S054,7.57744126,7.57744126
TSK001028,S055,12.35945155,12.35945155
TSK001028,S056,7.44286337,7.44286337
TSK001028,S057,8.19744755,8.19744755
TSK001028,S058,7.54621704,7.54621704
TSK001028,S059,9.86470276,9.86470276
TSK001028,S060,7.15849778,7.15849778
TSK001028,S061,5.56461391,5.56461391
TSK001028,S062,2.33887555,2.33887555
TSK001028,S063,2.33887555,2.33887555
TSK001028,S064,9.1268068,9.1268068
TSK001028,S065,3.34919887,3.34919887
TSK001028,S066,6.078178,6.078178
TSK001028,S067,4.73630059,4.73630059
TSK001028,S068,7.05586288,7.05586288
TSK001028,S069,2.33887555,2.33887555
TSK001028,S070,2.33887555,2.33887555
TSK001028,S071,2.33887555,2.33887555
TSK001028,S072,2.33887555,2.33887555
TSK001028,S073,9.68147153,9.68147153
TSK001028,S074,13.18851918,13.18851918
TSK001028,S075,8.01203784,8.01203784
TSK001028,S076,8.31305695,8.31305695
TSK001028,S077,2.33887555,2.33887555
TSK001028,S078,5.78266649,5.78266649
TSK001028,S079,9.2524379,9.2524379
TSK001028,S080,2.33887555,2.33887555
TSK001028,S081,8.19744755,8.19744755
TSK001028,S082,5.77411624,5.77411624
TSK001028,S083,6.50984471,6.50984471
TSK001028,S084,6.17980416,6.17980416
TSK001028,S085,8.85939107,8.85939107
TSK001028,S086,2.33887555,2.33887555
TSK001028,S087,3.8668498,3.8668498
TSK001028,S088,8.96484217,8.96484217
TSK001028,S089,6.50646709,6.50646709
TSK001028,S090,9.66796651,9.66796651
TSK001028,S091,7.15077554,7.15077554
TSK001028,S092,9.66981888,9.66981888
TSK001028,S093,5.77411624,5.77411624
TSK001028,S094,7.05586288,7.05586288
TSK001028,S095,6.34118335,6.34118335
TSK001028,S096,13.31175996,13.31175996
TSK001028,S097,2.33887555,2.33887555
TSK001028,S098,6.37555234,6.37555234
TSK001028,S099,3.9654073,3.9654073
TSK001028,S100,10.20638637,10.20638637
TSK001061,S001,16.75933871,16.75933871
TSK001061,S002,15.87880199,15.87880199
TSK001061,S003,29.90714758,29.90714758
TSK001061,S004,7.68835537,7.68835537
TSK001061,S005,7.68835537,7.68835537
TSK001061,S006,30.04797557,30.04797557
TSK001061,S007,27.51270418,27.51270418
TSK001061,S008,57.16540107,57.16540107
TSK001061,S009,7.68835537,7.68835537
TSK001061,S010,94.36964233,94.36964233
TSK001061,S011,21.95622873,21.95622873
TSK001061,S012,16.26799135,16.26799135
TSK001061,S013,45.92805967,45.92805967
TSK001061,S014,7.68835537,7.68835537
TSK001061,S015,7.68835537,7.68835537
TSK001061,S016,7.68835537,7.68835537
TSK001061,S017,40.32080643,40.32080643
TSK001061,S018,14.42843127,14.42843127
TSK001061,S019,21.95622873,21.95622873
TSK001061,S020,7.68835537,7.68835537
TSK001061,S021,7.68835537,7.68835537
TSK001061,S022,20.87757311,20.87757311
TSK001061,S023,7.68835537,7.68835537
TSK001061,S024,19.0179386,19.0179386
TSK001061,S025,48.72970076,48.72970076
TSK001061,S026,30.66439922,30.66439922
TSK001061,S027,14.8383913,14.8383913
TSK001061,S028,17.20372013,17.20372013
TSK001061,S029,7.68835537,7.68835537
TSK001061,S030,27.39646119,27.39646119
TSK001061,S031,7.68835537,7.68835537
TSK001061,S032,7.68835537,7.68835537
TSK001061,S033,59.64458893,59.64458893
TSK001061,S034,66.61732815,66.61732815
TSK001061,S035,14.42843127,14.42843127
TSK001061,S036,18.92930112,18.92930112
TSK001061,S037,27.66577529,27.66577529
TSK001061,S038,11.71085548,11.71085548
TSK001061,S039,94.36964233,94.36964233
TSK001061,S040,54.34871555,54.34871555
TSK001061,S041,7.68835537,7.68835537
TSK001061,S042,28.483163,28.483163
TSK001061,S043,11.71085548,11.71085548
TSK001061,S044,33.89082469,33.89082469
TSK001061,S045,7.68835537,7.68835537
TSK001061,S046,19.23645698,19.23645698
TSK001061,S047,50.73005962,50.73005962
TSK001061,S048,27.99709521,27.99709521
TSK001061,S049,7.68835537,7.68835537
TSK001061,S050,29.20673099,29.20673099
TSK001061,S051,7.68835537,7.68835537
TSK001061,S052,32.83550072,32.83550072
TSK001061,S053,7.68835537,7.68835537
TSK001061,S054,30.20783362,30.20783362
TSK001061,S055,36.23381054,36.23381054
TSK001061,S056,24.77932546,24.77932546
TSK001061,S057,33.45859728,33.45859728
TSK001061,S058,32.49603158,32.49603158
TSK001061,S059,45.60852076,45.60852076
TSK001061,S060,35.06447396,35.06447396
TSK001061,S061,30.06966049,30.06966049
TSK001061,S062,7.68835537,7.68835537
TSK001061,S063,7.68835537,7.68835537
TSK001061,S064,30.04797557,30.04797557
TSK001061,S065,10.30079353,10.30079353
TSK001061,S066,18.73489158,18.73489158
TSK001061,S067,20.87757311,20.87757311
TSK001061,S068,25.06554744,25.06554744
TSK001061,S069,7.68835537,7.68835537
TSK001061,S070,7.68835537,7.68835537
TSK001061,S071,7.68835537,7.68835537
TSK001061,S072,7.68835537,7.68835537
TSK001061,S073,37.20656887,37.20656887
TSK001061,S074,53.29864372,53.29864372
TSK001061,S075,39.06339424,39.06339424
TSK001061,S076,24.48884743,24.48884743
TSK001061,S077,7.68835537,7.68835537
TSK001061,S078,21.65546682,21.65546682
TSK001061,S079,35.18413198,35.18413198
TSK001061,S080,7.68835537,7.68835537
TSK001061,S081,33.45859728,33.45859728
TSK001061,S082,23.85369335,23.85369335
TSK001061,S083,20.92342027,20.92342027
TSK001061,S084,20.99952875,20.99952875
TSK001061,S085,45.92805967,45.92805967
TSK001061,S086,7.68835537,7.68835537
TSK001061,S087,11.71085548,11.71085548
TSK001061,S088,42.84958383,42.84958383
TSK001061,S089,25.15763024,25.15763024
TSK001061,S090,55.186922,55.186922
TSK001061,S091,33.89082469,33.89082469
TSK001061,S092,38.36093687,38.36093687
TSK001061,S093,23.85369335,23.85369335
TSK001061,S094,25.06554744,25.06554744
TSK001061,S095,20.6927116,20.6927116
TSK001061,S096,51.20081538,51.20081538
TSK001061,S097,7.68835537,7.68835537
TSK001061,S098,23.26906176,23.26906176
TSK001061,S099,12.50556006,12.50556006
TSK001061,S100,32.42762997,32.42762997
TSK001149,S001,7.85160004,7.85160004
TSK001149,S002,5.15414659,5.15414659
TSK001149,S003,10.18561884,10.18561884
TSK001149,S004,3.07286971,3.07286971
TSK001149,S005,3.07286971,3.07286971
TSK001149,S006,11.99398699,11.99398699
TSK001149,S007,10.06363778,10.06363778
TSK001149,S008,19.36540699,19.36540699
TSK001149,S009,3.07286971,3.07286971
TSK001149,S010,25.49411514,25.49411514
TSK001149,S011,7.60030165,7.60030165
TSK001149,S012,6.85024318,6.85024318
TSK001149,S013,12.09742187,12.09742187
TSK001149,S014,3.07286971,3.07286971
TSK001149,S015,3.07286971,3.07286971
TSK001149,S016,3.07286971,3.07286971
TSK001149,S017,10.99526778,10.99526778
TSK001149,S018,5.52852416,5.52852416
TSK001149,S019,7.60030165,7.60030165
TSK001149,S020,3.07286971,3.07286971
TSK001149,S021,3.07286971,3.07286971
TSK001149,S022,6.3644379,6.3644379
TSK001149,S023,3.07286971,3.07286971
TSK001149,S024,9.07302062,9.07302062
TSK001149,S025,14.253742,14.253742
TSK001149,S026,10.80140384,10.80140384
TSK001149,S027,6.90375606,6.90375606
TSK001149,S028,7.72073343,7.72073343
TSK001149,S029,3.07286971,3.07286971
TSK001149,S030,10.53992549,10.53992549
TSK001149,S031,3.07286971,3.07286971
TSK001149,S032,3.07286971,3.07286971
TSK001149,S033,16.1478749,16.1478749
TSK001149,S034,21.91550476,21.91550476
TSK001149,S035,5.52852416,5.52852416
TSK001149,S036,6.7321979,6.7321979
TSK001149,S037,7.97185704,7.97185704
TSK001149,S038,5.05223798,5.05223798
TSK001149,S039,25.49411514,25.49411514
TSK001149,S040,17.94377716,17.94377716
TSK001149,S041,3.07286971,3.07286971
TSK001149,S042,9.80374192,9.80374192
TSK001149,S043,5.05223798,5.05223798
TSK001149,S044,9.66890884,9.66890884
TSK001149,S045,3.07286971,3.07286971
TSK001149,S046,7.03041636,7.03041636
TSK001149,S047,10.53845436,10.53845436
TSK001149,S048,8.84579221,8.84579221
TSK001149,S049,3.07286971,3.07286971
TSK001149,S050,10.90150979,10.90150979
TSK001149,S051,3.07286971,3.07286971
TSK001149,S052,12.07896448,12.07896448
TSK001149,S053,3.07286971,3.07286971
TSK001149,S054,10.08692387,10.08692387
TSK001149,S055,16.12160904,16.12160904
TSK001149,S056,9.77788952,9.77788952
TSK001149,S057,10.93958116,10.93958116
TSK001149,S058,10.11347263,10.11347263
TSK001149,S059,13.30831702,13.30831702
TSK001149,S060,9.71709379,9.71709379
TSK001149,S061,7.63699955,7.63699955
TSK001149,S062,3.07286971,3.07286971
TSK001149,S063,3.07286971,3.07286971
TSK001149,S064,11.99398699,11.99398699
TSK001149,S065,4.37645523,4.37645523
TSK001149,S066,7.94035252,7.94035252
TSK001149,S067,6.3644379,6.3644379
TSK001149,S068,9.30964779,9.30964779
TSK001149,S069,3.07286971,3.07286971
TSK001149,S070,3.07286971,3.07286971
TSK001149,S071,3.07286971,3.07286971
TSK001149,S072,3.07286971,3.07286971
TSK001149,S073,12.86297952,12.86297952
TSK001149,S074,17.59002055,17.59002055
TSK001149,S075,10.86853148,10.86853148
TSK001149,S076,10.81459719,10.81459719
TSK001149,S077,3.07286971,3.07286971
TSK001149,S078,7.65570261,7.65570261
TSK001149,S079,12.27715703,12.27715703
TSK001149,S080,3.07286971,3.07286971
TSK001149,S081,10.93958116,10.93958116
TSK001149,S082,7.72048851,7.72048851
TSK001149,S083,8.53418061,8.53418061
TSK001149,S084,8.130846,8.130846
TSK001149,S085,12.09742187,12.09742187
TSK001149,S086,3.07286971,3.07286971
TSK001149,S087,5.05223798,5.05223798
TSK001149,S088,12.13256455,12.13256455
TSK001149,S089,8.64661933,8.64661933
TSK001149,S090,13.3471371,13.3471371
TSK001149,S091,9.66890884,9.66890884
TSK001149,S092,12.86423147,12.86423147
TSK001149,S093,7.72048851,7.72048851
TSK001149,S094,9.30964779,9.30964779
TSK001149,S095,8.31670296,8.31670296
TSK001149,S096,17.7101393,17.7101393
TSK001149,S097,3.07286971,3.07286971
TSK001149,S098,8.43587896,8.43587896
TSK001149,S099,5.19338721,5.19338721
TSK001149,S100,13.37367036,13.37367036
TSK001178,S001,1.41534633,1.41534633
TSK001178,S002,0.89211628,0.89211628
TSK001178,S003,1.78174388,1.78174388
TSK001178,S004,0.54330184,0.54330184
TSK001178,S005,0.54330184,0.54330184
TSK001178,S006,2.11885325,2.11885325
TSK001178,S007,1.79797769,1.79797769
TSK001178,S008,3.3696224,3.3696224
TSK001178,S009,0.54330184,0.54330184
TSK001178,S010,4.38568601,4.38568601
TSK001178,S011,1.33590977,1.33590977
TSK001178,S012,1.22242017,1.22242017
TSK001178,S013,2.05416031,2.05416031
TSK001178,S014,0.54330184,0.54330184
TSK001178,S015,0.54330184,0.54330184
TSK001178,S016,0.54330184,0.54330184
TSK001178,S017,1.87391687,1.87391687
TSK001178,S018,0.97724824,0.97724824
TSK001178,S019,1.33590977,1.33590977
TSK001178,S020,0.54330184,0.54330184
TSK001178,S021,0.54330184,0.54330184
TSK001178,S022,1.10100791,1.10100791
TSK001178,S023,0.54330184,0.54330184
TSK001178,S024,1.62123815,1.62123815
TSK001178,S025,2.46943794,2.46943794
TSK001178,S026,1.90179015,1.90179015
TSK001178,S027,1.24011143,1.24011143
TSK001178,S028,1.38902936,1.38902936
TSK001178,S029,0.54330184,0.54330184
TSK001178,S030,1.86864382,1.86864382
TSK001178,S031,0.54330184,0.54330184
TSK001178,S032,0.54330184,0.54330184
TSK001178,S033,2.75529822,2.75529822
TSK001178,S034,3.81452034,3.81452034
TSK001178,S035,0.97724824,0.97724824
TSK001178,S036,1.18750165,1.18750165
TSK001178,S037,1.37079394,1.37079394
TSK001178,S038,0.89908787,0.89908787
TSK001178,S039,4.38568601,4.38568601
TSK001178,S040,3.15378828,3.15378828
TSK001178,S041,0.54330184,0.54330184
TSK001178,S042,1.72213405,1.72213405
TSK001178,S043,0.89908787,0.89908787
TSK001178,S044,1.66499131,1.66499131
TSK001178,S045,0.54330184,0.54330184
TSK001178,S046,1.23409622,1.23409622
TSK001178,S047,1.72525668,1.72525668
TSK001178,S048,1.53686581,1.53686581
TSK001178,S049,0.54330184,0.54330184
TSK001178,S050,1.94060116,1.94060116
TSK001178,S051,0.54330184,0.54330184
TSK001178,S052,2.14358724,2.14358724
TSK001178,S053,0.54330184,0.54330184
TSK001178,S054,1.7681241,1.7681241
TSK001178,S055,2.86974424,2.86974424
TSK001178,S056,1.73543478,1.73543478
TSK001178,S057,1.90827601,1.90827601
TSK001178,S058,1.75858399,1.75858399
TSK001178,S059,2.2964794,2.2964794
TSK001178,S060,1.66170714,1.66170714
TSK001178,S061,1.28618675,1.28618675
TSK001178,S062,0.54330184,0.54330184
TSK001178,S063,0.54330184,0.54330184
TSK001178,S064,2.11885325,2.11885325
TSK001178,S065,0.78135633,0.78135633
TSK001178,S066,1.42030156,1.42030156
TSK001178,S067,1.10100791,1.10100791
TSK001178,S068,1.6467794,1.6467794
TSK001178,S069,0.54330184,0.54330184
TSK001178,S070,0.54330184,0.54330184
TSK001178,S071,0.54330184,0.54330184
TSK001178,S072,0.54330184,0.54330184
TSK001178,S073,2.2500954,2.2500954
TSK001178,S074,3.0672164,3.0672164
TSK001178,S075,1.86146184,1.86146184
TSK001178,S076,1.9530675,1.9530675
TSK001178,S077,0.54330184,0.54330184
TSK001178,S078,1.35249203,1.35249203
TSK001178,S079,2.15447358,2.15447358
TSK001178,S080,0.54330184,0.54330184
TSK001178,S081,1.90827601,1.90827601
TSK001178,S082,1.33904581,1.33904581
TSK001178,S083,1.51631562,1.51631562
TSK001178,S084,1.44034402,1.44034402
TSK001178,S085,2.05416031,2.05416031
TSK001178,S086,0.54330184,0.54330184
TSK001178,S087,0.89908787,0.89908787
TSK001178,S088,2.08663257,2.08663257
TSK001178,S089,1.51368453,1.51368453
TSK001178,S090,2.23508089,2.23508089
TSK001178,S091,1.66499131,1.66499131
TSK001178,S092,2.25846339,2.25846339
TSK001178,S093,1.33904581,1.33904581
TSK001178,S094,1.6467794,1.6467794
TSK001178,S095,1.48041466,1.48041466
TSK001178,S096,3.07761939,3.07761939
TSK001178,S097,0.54330184,0.54330184
TSK001178,S098,1.4829078,1.4829078
TSK001178,S099,0.92270149,0.92270149
TSK001178,S100,2.37477464,2.37477464
TSK001209,S001,12.50451429,12.50451429
TSK001209,S002,10.7067862,10.7067862
TSK001209,S003,20.41784309,20.41784309
TSK001209,S004,5.46869289,5.46869289
TSK001209,S005,5.46869289,5.46869289
TSK001209,S006,21.36267288,21.36267288
TSK001209,S007,19.16933334,19.16933334
TSK001209,S008,38.94781939,38.94781939
TSK001209,S009,5.46869289,5.46869289
TSK001209,S010,61.23091516,61.23091516
TSK001209,S011,15.05753357,15.05753357
TSK001209,S012,11.75301777,11.75301777
TSK001209,S013,29.61103853,29.61103853
TSK001209,S014,5.46869289,5.46869289
TSK001209,S015,5.46869289,5.46869289
TSK001209,S016,5.46869289,5.46869289
TSK001209,S017,26.17756732,26.17756732
TSK001209,S018,10.15180832,10.15180832
TSK001209,S019,15.05753357,15.05753357
TSK001209,S020,5.46869289,5.46869289
TSK001209,S021,5.46869289,5.46869289
TSK001209,S022,13.88748691,13.88748691
TSK001209,S023,5.46869289,5.46869289
TSK001209,S024,14.24135528,14.24135528
TSK001209,S025,32.14545309,32.14545309
TSK001209,S026,21.12166197,21.12166197
TSK001209,S027,11.0409887,11.0409887
TSK001209,S028,12.67167751,12.67167751
TSK001209,S029,5.46869289,5.46869289
TSK001209,S030,19.30560921,19.30560921
TSK001209,S031,5.46869289,5.46869289
TSK001209,S032,5.46869289,5.46869289
TSK001209,S033,38.67589442,38.67589442
TSK001209,S034,45.09004956,45.09004956
TSK001209,S035,10.15180832,10.15180832
TSK001209,S036,13.0722001,13.0722001
TSK001209,S037,18.17678464,18.17678464
TSK001209,S038,8.51282144,8.51282144
TSK001209,S039,61.23091516,61.23091516
TSK001209,S040,36.86954996,36.86954996
TSK001209,S041,5.46869289,5.46869289
TSK001209,S042,19.50592257,19.50592257
TSK001209,S043,8.51282144,8.51282144
TSK001209,S044,22.22683739,22.22683739
TSK001209,S045,5.46869289,5.46869289
TSK001209,S046,13.36137089,13.36137089
TSK001209,S047,31.31674689,31.31674689
TSK001209,S048,18.77733786,18.77733786
TSK001209,S049,5.46869289,5.46869289
TSK001209,S050,20.43925875,20.43925875
TSK001209,S051,5.46869289,5.46869289
TSK001209,S052,22.88444011,22.88444011
TSK001209,S053,5.46869289,5.46869289
TSK001209,S054,20.53679367,20.53679367
TSK001209,S055,26.56888605,26.56888605
TSK001209,S056,17.57867202,17.57867202
TSK001209,S057,22.62285143,22.62285143
TSK001209,S058,21.72671108,21.72671108
TSK001209,S059,30.05545822,30.05545822
TSK001209,S060,22.84527674,22.84527674
TSK001209,S061,19.23989613,19.23989613
TSK001209,S062,5.46869289,5.46869289
TSK001209,S063,5.46869289,5.46869289
TSK001209,S064,21.36267288,21.36267288
TSK001209,S065,7.46080875,7.46080875
TSK001209,S066,13.56517265,13.56517265
TSK001209,S067,13.88748691,13.88748691
TSK001209,S068,17.50122122,17.50122122
TSK001209,S069,5.46869289,5.46869289
TSK001209,S070,5.46869289,5.46869289
TSK001209,S071,5.46869289,5.46869289
TSK001209,S072,5.46869289,5.46869289
TSK001209,S073,25.48949827,25.48949827
TSK001209,S074,36.11087306,36.11087306
TSK001209,S075,25.47534131,25.47534131
TSK001209,S076,17.96822561,17.96822561
TSK001209,S077,5.46869289,5.46869289
TSK001209,S078,14.93716527,14.93716527
TSK001209,S079,24.16835723,24.16835723
TSK001209,S080,5.46869289,5.46869289
TSK001209,S081,22.62285143,22.62285143
TSK001209,S082,16.07873379,16.07873379
TSK001209,S083,14.97552701,14.97552701
TSK001209,S084,14.81992453,14.81992453
TSK001209,S085,29.61103853,29.61103853
TSK001209,S086,5.46869289,5.46869289
TSK001209,S087,8.51282144,8.51282144
TSK001209,S088,28.05562318,28.05562318
TSK001209,S089,17.21358686,17.21358686
TSK001209,S090,34.98754504,34.98754504
TSK001209,S091,22.22683739,22.22683739
TSK001209,S092,26.11120466,26.11120466
TSK001209,S093,16.07873379,16.07873379
TSK001209,S094,17.50122122,17.50122122
TSK001209,S095,14.75772782,14.75772782
TSK001209,S096,35.04491692,35.04491692
TSK001209,S097,5.46869289,5.46869289
TSK001209,S098,16.13446897,16.13446897
TSK001209,S099,8.99373376,8.99373376
TSK001209,S100,23.27557534,23.27557534
TSK001310,S001,14.91528331,14.91528331
TSK001310,S002,11.58810242,11.58810242
TSK001310,S003,22.91919886,22.91919886
TSK001310,S004,6.10106686,6.10106686
TSK001310,S005,6.10106686,6.10106686
TSK001310,S006,23.7197306,23.7197306
TSK001310,S007,23.53362501,23.53362501
TSK001310,S008,42.5311693,42.5311693
TSK001310,S009,6.10106686,6.10106686
TSK001310,S010,70.0383083,70.0383083
TSK001310,S011,17.24179857,17.24179857
TSK001310,S012,13.62413278,13.62413278
TSK001310,S013,32.30770857,32.30770857
TSK001310,S014,6.10106686,6.10106686
TSK001310,S015,6.10106686,6.10106686
TSK001310,S016,6.10106686,6.10106686
TSK001310,S017,28.55223185,28.55223185
TSK001310,S018,11.51409503,11.51409503
TSK001310,S019,17.24179857,17.24179857
TSK001310,S020,6.10106686,6.10106686
TSK001310,S021,6.10106686,6.10106686
TSK001310,S022,15.44648337,15.44648337
TSK001310,S023,6.10106686,6.10106686
TSK001310,S024,15.85344368,15.85344368
TSK001310,S025,36.69714897,36.69714897
TSK001310,S026,24.24060752,24.24060752
TSK001310,S027,12.88580084,12.88580084
TSK001310,S028,15.13782617,15.13782617
TSK001310,S029,6.10106686,6.10106686
TSK001310,S030,22.25967591,22.25967591
TSK001310,S031,6.10106686,6.10106686
TSK001310,S032,6.10106686,6.10106686
TSK001310,S033,42.56994381,42.56994381
TSK001310,S034,50.00847896,50.00847896
TSK001310,S035,11.51409503,11.51409503
TSK001310,S036,15.09918169,15.09918169
TSK001310,S037,20.14319339,20.14319339
TSK001310,S038,9.59736535,9.59736535
TSK001310,S039,70.0383083,70.0383083
TSK001310,S040,43.02773388,43.02773388
TSK001310,S041,6.10106686,6.10106686
TSK001310,S042,22.31097435,22.31097435
TSK001310,S043,9.59736535,9.59736535
TSK001310,S044,24.91980402,24.91980402
TSK001310,S045,6.10106686,6.10106686
TSK001310,S046,14.82881428,14.82881428
TSK001310,S047,33.36089784,33.36089784
TSK001310,S048,21.00867068,21.00867068
TSK001310,S049,6.10106686,6.10106686
TSK001310,S050,24.4143506,24.4143506
TSK001310,S051,6.10106686,6.10106686
TSK001310,S052,27.00238085,27.00238085
TSK001310,S053,6.10106686,6.10106686
TSK001310,S054,23.51623531,23.51623531
TSK001310,S055,29.62610671,29.62610671
TSK001310,S056,20.198707,20.198707
TSK001310,S057,25.46308403,25.46308403
TSK001310,S058,24.58105977,24.58105977
TSK001310,S059,33.68748409,33.68748409
TSK001310,S060,25.12066835,25.12066835
TSK001310,S061,20.61186589,20.61186589
TSK001310,S062,6.10106686,6.10106686
TSK001310,S063,6.10106686,6.10106686
TSK001310,S064,23.7197306,23.7197306
TSK001310,S065,8.6464217,8.6464217
TSK001310,S066,15.92711884,15.92711884
TSK001310,S067,15.44648337,15.44648337
TSK001310,S068,20.19025809,20.19025809
TSK001310,S069,6.10106686,6.10106686
TSK001310,S070,6.10106686,6.10106686
TSK001310,S071,6.10106686,6.10106686
TSK001310,S072,6.10106686,6.10106686
TSK001310,S073,28.42166707,28.42166707
TSK001310,S074,40.39247638,40.39247638
TSK001310,S075,28.16320794,28.16320794
TSK001310,S076,22.11761638,22.11761638
TSK001310,S077,6.10106686,6.10106686
TSK001310,S078,17.44583643,17.44583643
TSK001310,S079,27.32997328,27.32997328
TSK001310,S080,6.10106686,6.10106686
TSK001310,S081,25.46308403,25.46308403
TSK001310,S082,17.62389533,17.62389533
TSK001310,S083,17.09476817,17.09476817
TSK001310,S084,16.95819156,16.95819156
TSK001310,S085,32.30770857,32.30770857
TSK001310,S086,6.10106686,6.10106686
TSK001310,S087,9.59736535,9.59736535
TSK001310,S088,31.37742858,31.37742858
TSK001310,S089,19.32712347,19.32712347
TSK001310,S090,37.52678637,37.52678637
TSK001310,S091,24.91980402,24.91980402
TSK001310,S092,30.09824212,30.09824212
TSK001310,S093,17.62389533,17.62389533
TSK001310,S094,20.19025809,20.19025809
TSK001310,S095,17.14336961,17.14336961
TSK001310,S096,37.59788851,37.59788851
TSK001310,S097,6.10106686,6.10106686
TSK001310,S098,18.12283043,18.12283043
TSK001310,S099,10.18884786,10.18884786
TSK001310,S100,26.34939493,26.34939493
TSK001456,S001,25.08353446,25.08353446
TSK001456,S002,25.52360333,25.52360333
TSK001456,S003,47.80733479,47.80733479
TSK001456,S004,11.88635582,11.88635582
TSK001456,S005,11.88635582,11.88635582
TSK001456,S006,46.44716927,46.44716927
TSK001456,S007,43.75184648,43.75184648
TSK001456,S008,91.2484076,91.2484076
TSK001456,S009,11.88635582,11.88635582
TSK001456,S010,156.89768553,156.89768553
TSK001456,S011,35.05418701,35.05418701
TSK001456,S012,24.94228584,24.94228584
TSK001456,S013,76.33675539,76.33675539
TSK001456,S014,11.88635582,11.88635582
TSK001456,S015,11.88635582,11.88635582
TSK001456,S016,11.88635582,11.88635582
TSK001456,S017,66.68701549,66.68701549
TSK001456,S018,22.54998805,22.54998805
TSK001456,S019,35.05418701,35.05418701
TSK001456,S020,11.88635582,11.88635582
TSK001456,S021,11.88635582,11.88635582
TSK001456,S022,33.99778245,33.99778245
TSK001456,S023,11.88635582,11.88635582
TSK001456,S024,28.10988468,28.10988468
TSK001456,S025,80.05511225,80.05511225
TSK001456,S026,48.80492198,48.80492198
TSK001456,S027,22.19674642,22.19674642
TSK001456,S028,26.04675624,26.04675624
TSK001456,S029,11.88635582,11.88635582
TSK001456,S030,42.84858205,42.84858205
TSK001456,S031,11.88635582,11.88635582
TSK001456,S032,11.88635582,11.88635582
TSK001456,S033,98.82133046,98.82133046
TSK001456,S034,107.050569,107.050569
TSK001456,S035,22.54998805,22.54998805
TSK001456,S036,30.08956121,30.08956121
TSK001456,S037,45.44169913,45.44169913
TSK001456,S038,17.799331,17.799331
TSK001456,S039,156.89768553,156.89768553
TSK001456,S040,87.67916687,87.67916687
TSK001456,S041,11.88635582,11.88635582
TSK001456,S042,45.51884651,45.51884651
TSK001456,S043,17.799331,17.799331
TSK001456,S044,55.80499298,55.80499298
TSK001456,S045,11.88635582,11.88635582
TSK001456,S046,30.30017065,30.30017065
TSK001456,S047,86.63986593,86.63986593
TSK001456,S048,45.342815,45.342815
TSK001456,S049,11.88635582,11.88635582
TSK001456,S050,46.1300393,46.1300393
TSK001456,S051,11.88635582,11.88635582
TSK001456,S052,51.95236666,51.95236666
TSK001456,S053,11.88635582,11.88635582
TSK001456,S054,48.55030468,48.55030468
TSK001456,S055,54.58310245,54.58310245
TSK001456,S056,38.52923865,38.52923865
TSK001456,S057,53.89494036,53.89494036
TSK001456,S058,52.81438539,52.81438539
TSK001456,S059,74.83895564,74.83895564
TSK001456,S060,57.89557351,57.89557351
TSK001456,S061,50.15559314,50.15559314
TSK001456,S062,11.88635582,11.88635582
TSK001456,S063,11.88635582,11.88635582
TSK001456,S064,46.44716927,46.44716927
TSK001456,S065,15.75905335,15.75905335
TSK001456,S066,28.71785151,28.71785151
TSK001456,S067,33.99778245,33.99778245
TSK001456,S068,39.49526534,39.49526534
TSK001456,S069,11.88635582,11.88635582
TSK001456,S070,11.88635582,11.88635582
TSK001456,S071,11.88635582,11.88635582
TSK001456,S072,11.88635582,11.88635582
TSK001456,S073,59.272944,59.272944
TSK001456,S074,85.66327826,85.66327826
TSK001456,S075,64.48858228,64.48858228
TSK001456,S076,37.35104521,37.35104521
TSK001456,S077,11.88635582,11.88635582
TSK001456,S078,34.49914293,34.49914293
TSK001456,S079,56.02341099,56.02341099
TSK001456,S080,11.88635582,11.88635582
TSK001456,S081,53.89494036,53.89494036
TSK001456,S082,38.40341552,38.40341552
TSK001456,S083,32.27074522,32.27074522
TSK001456,S084,32.77421921,32.77421921
TSK001456,S085,76.33675539,76.33675539
TSK001456,S086,11.88635582,11.88635582
TSK001456,S087,17.799331,17.799331
TSK001456,S088,70.62262118,70.62262118
TSK001456,S089,40.14741857,40.14741857
TSK001456,S090,92.6460887,92.6460887
TSK001456,S091,55.80499298,55.80499298
TSK001456,S092,61.64354192,61.64354192
TSK001456,S093,38.40341552,38.40341552
TSK001456,S094,39.49526534,39.49526534
TSK001456,S095,32.07806868,32.07806868
TSK001456,S096,81.28217101,81.28217101
TSK001456,S097,11.88635582,11.88635582
TSK001456,S098,36.75233194,36.75233194
TSK001456,S099,19.19239958,19.19239958
TSK001456,S100,49.8445647,49.8445647
TSK001558,S001,16.88918768,16.88918768
TSK001558,S002,13.85611591,13.85611591
TSK001558,S003,27.13712215,27.13712215
TSK001558,S004,7.09072136,7.09072136
TSK001558,S005,7.09072136,7.09072136
TSK001558,S006,27.58461816,27.58461816
TSK001558,S007,27.38101513,27.38101513
TSK001558,S008,50.55059516,50.55059516
TSK001558,S009,7.09072136,7.09072136
TSK001558,S010,84.77284315,84.77284315
TSK001558,S011,20.33167105,20.33167105
TSK001558,S012,15.67467023,15.67467023
TSK001558,S013,39.45761789,39.45761789
TSK001558,S014,7.09072136,7.09072136
TSK001558,S015,7.09072136,7.09072136
TSK001558,S016,7.09072136,7.09072136
TSK001558,S017,34.75200632,34.75200632
TSK001558,S018,13.43008878,13.43008878
TSK001558,S019,20.33167105,20.33167105
TSK001558,S020,7.09072136,7.09072136
TSK001558,S021,7.09072136,7.09072136
TSK001558,S022,18.53533986,18.53533986
TSK001558,S023,7.09072136,7.09072136
TSK001558,S024,17.99923332,17.99923332
TSK001558,S025,44.08027078,44.08027078
TSK001558,S026,28.5209796,28.5209796
TSK001558,S027,14.62782565,14.62782565
TSK001558,S028,17.2338173,17.2338173
TSK001558,S029,7.09072136,7.09072136
TSK001558,S030,25.9086642,25.9086642
TSK001558,S031,7.09072136,7.09072136
TSK001558,S032,7.09072136,7.09072136
TSK001558,S033,51.78564032,51.78564032
TSK001558,S034,59.52870627,59.52870627
TSK001558,S035,13.43008878,13.43008878
TSK001558,S036,17.73359372,17.73359372
TSK001558,S037,24.32668028,24.32668028
TSK001558,S038,11.03435589,11.03435589
TSK001558,S039,84.77284315,84.77284315
TSK001558,S040,50.89652571,50.89652571
TSK001558,S041,7.09072136,7.09072136
TSK001558,S042,26.32941806,26.32941806
TSK001558,S043,11.03435589,11.03435589
TSK001558,S044,30.07988609,30.07988609
TSK001558,S045,7.09072136,7.09072136
TSK001558,S046,17.43503748,17.43503748
TSK001558,S047,41.7929086,41.7929086
TSK001558,S048,25.09402378,25.09402378
TSK001558,S049,7.09072136,7.09072136
TSK001558,S050,28.41812564,28.41812564
TSK001558,S051,7.09072136,7.09072136
TSK001558,S052,31.52140604,31.52140604
TSK001558,S053,7.09072136,7.09072136
TSK001558,S054,27.84252297,27.84252297
TSK001558,S055,33.95476684,33.95476684
TSK001558,S056,23.44563648,23.44563648
TSK001558,S057,30.27846159,30.27846159
TSK001558,S058,29.36893968,29.36893968
TSK001558,S059,40.57071,40.57071
TSK001558,S060,30.4913765,30.4913765
TSK001558,S061,25.33053694,25.33053694
TSK001558,S062,7.09072136,7.09072136
TSK001558,S063,7.09072136,7.09072136
TSK001558,S064,27.58461816,27.58461816
TSK001558,S065,9.93679484,9.93679484
TSK001558,S066,18.28909211,18.28909211
TSK001558,S067,18.53533986,18.53533986
TSK001558,S068,23.59711492,23.59711492
TSK001558,S069,7.09072136,7.09072136
TSK001558,S070,7.09072136,7.09072136
TSK001558,S071,7.09072136,7.09072136
TSK001558,S072,7.09072136,7.09072136
TSK001558,S073,33.61978528,33.61978528
TSK001558,S074,48.01633941,48.01633941
TSK001558,S075,34.14567381,34.14567381
TSK001558,S076,25.17183761,25.17183761
TSK001558,S077,7.09072136,7.09072136
TSK001558,S078,20.47937623,20.47937623
TSK001558,S079,32.24293731,32.24293731
TSK001558,S080,7.09072136,7.09072136
TSK001558,S081,30.27846159,30.27846159
TSK001558,S082,21.04746853,21.04746853
TSK001558,S083,19.77391796,19.77391796
TSK001558,S084,19.73763859,19.73763859
TSK001558,S085,39.45761789,39.45761789
TSK001558,S086,7.09072136,7.09072136
TSK001558,S087,11.03435589,11.03435589
TSK001558,S088,37.91617811,37.91617811
TSK001558,S089,22.8594409,22.8594409
TSK001558,S090,46.32665669,46.32665669
TSK001558,S091,30.07988609,30.07988609
TSK001558,S092,35.59176196,35.59176196
TSK001558,S093,21.04746853,21.04746853
TSK001558,S094,23.59711492,23.59711492
TSK001558,S095,19.83408174,19.83408174
TSK001558,S096,44.6696891,44.6696891
TSK001558,S097,7.09072136,7.09072136
TSK001558,S098,21.30100848,21.30100848
TSK001558,S099,11.76710281,11.76710281
TSK001558,S100,30.45982152,30.45982152
TSK001666,S001,22.44086341,22.44086341
TSK001666,S002,23.04702808,23.04702808
TSK001666,S003,42.94592015,42.94592015
TSK001666,S004,10.73223721,10.73223721
TSK001666,S005,10.73223721,10.73223721
TSK001666,S006,41.97336348,41.97336348
TSK001666,S007,38.70013101,38.70013101
TSK001666,S008,82.35306448,82.35306448
TSK001666,S009,10.73223721,10.73223721
TSK001666,S010,139.89466965,139.89466965
TSK001666,S011,31.38861358,31.38861358
TSK001666,S012,22.38473051,22.38473051
TSK001666,S013,68.55356712,68.55356712
TSK001666,S014,10.73223721,10.73223721
TSK001666,S015,10.73223721,10.73223721
TSK001666,S016,10.73223721,10.73223721
TSK001666,S017,59.92734226,59.92734226
TSK001666,S018,20.27468205,20.27468205
TSK001666,S019,31.38861358,31.38861358
TSK001666,S020,10.73223721,10.73223721
TSK001666,S021,10.73223721,10.73223721
TSK001666,S022,30.5185486,30.5185486
TSK001666,S023,10.73223721,10.73223721
TSK001666,S024,25.53607262,25.53607262
TSK001666,S025,71.49424705,71.49424705
TSK001666,S026,43.69943821,43.69943821
TSK001666,S027,19.94833399,19.94833399
TSK001666,S028,23.26841838,23.26841838
TSK001666,S029,10.73223721,10.73223721
TSK001666,S030,38.40868998,38.40868998
TSK001666,S031,10.73223721,10.73223721
TSK001666,S032,10.73223721,10.73223721
TSK001666,S033,88.66540559,88.66540559
TSK001666,S034,96.2935324,96.2935324
TSK001666,S035,20.27468205,20.27468205
TSK001666,S036,26.91549126,26.91549126
TSK001666,S037,40.77249431,40.77249431
TSK001666,S038,16.07423192,16.07423192
TSK001666,S039,139.89466965,139.89466965
TSK001666,S040,78.16770532,78.16770532
TSK001666,S041,10.73223721,10.73223721
TSK001666,S042,40.76225356,40.76225356
TSK001666,S043,16.07423192,16.07423192
TSK001666,S044,49.96650675,49.96650675
TSK001666,S045,10.73223721,10.73223721
TSK001666,S046,27.3194976,27.3194976
TSK001666,S047,77.79778403,77.79778403
TSK001666,S048,40.6909334,40.6909334
TSK001666,S049,10.73223721,10.73223721
TSK001666,S050,41.04094147,41.04094147
TSK001666,S051,10.73223721,10.73223721
TSK001666,S052,46.31764332,46.31764332
TSK001666,S053,10.73223721,10.73223721
TSK001666,S054,43.44132483,43.44132483
TSK001666,S055,49.44874935,49.44874935
TSK001666,S056,34.58108211,34.58108211
TSK001666,S057,48.34949748,48.34949748
TSK001666,S058,47.291617,47.291617
TSK001666,S059,67.03899002,67.03899002
TSK001666,S060,51.97513496,51.97513496
TSK001666,S061,45.13984476,45.13984476
TSK001666,S062,10.73223721,10.73223721
TSK001666,S063,10.73223721,10.73223721
TSK001666,S064,41.97336348,41.97336348
TSK001666,S065,14.14720608,14.14720608
TSK001666,S066,25.71059872,25.71059872
TSK001666,S067,30.5185486,30.5185486
TSK001666,S068,35.3704424,35.3704424
TSK001666,S069,10.73223721,10.73223721
TSK001666,S070,10.73223721,10.73223721
TSK001666,S071,10.73223721,10.73223721
TSK001666,S072,10.73223721,10.73223721
TSK001666,S073,53.32639893,53.32639893
TSK001666,S074,76.94732721,76.94732721
TSK001666,S075,57.84832773,57.84832773
TSK001666,S076,33.13777625,33.13777625
TSK001666,S077,10.73223721,10.73223721
TSK001666,S078,30.79243047,30.79243047
TSK001666,S079,50.28738144,50.28738144
TSK001666,S080,10.73223721,10.73223721
TSK001666,S081,48.34949748,48.34949748
TSK001666,S082,34.60134138,34.60134138
TSK001666,S083,29.02562843,29.02562843
TSK001666,S084,29.42549525,29.42549525
TSK001666,S085,68.55356712,68.55356712
TSK001666,S086,10.73223721,10.73223721
TSK001666,S087,16.07423192,16.07423192
TSK001666,S088,63.25108794,63.25108794
TSK001666,S089,36.07064392,36.07064392
TSK001666,S090,83.29793377,83.29793377
TSK001666,S091,49.96650675,49.96650675
TSK001666,S092,55.09576453,55.09576453
TSK001666,S093,34.60134138,34.60134138
TSK001666,S094,35.3704424,35.3704424
TSK001666,S095,28.74268948,28.74268948
TSK001666,S096,73.61787329,73.61787329
TSK001666,S097,10.73223721,10.73223721
TSK001666,S098,33.05857557,33.05857557
TSK001666,S099,17.29654148,17.29654148
TSK001666,S100,44.91845527,44.91845527
TSK001709,S001,31.41008509,31.41008509
TSK001709,S002,30.01358743,30.01358743
TSK001709,S003,56.69389255,56.69389255
TSK001709,S004,15.44706305,15.44706305
TSK001709,S005,15.44706305,15.44706305
TSK001709,S006,63.67091612,63.67091612
TSK001709,S007,52.08675727,52.08675727
TSK001709,S008,111.62058636,111.62058636
TSK001709,S009,15.44706305,15.44706305
TSK001709,S010,196.05468151,196.05468151
TSK001709,S011,41.20554851,41.20554851
TSK001709,S012,32.19781687,32.19781687
TSK001709,S013,89.47986386,89.47986386
TSK001709,S014,15.44706305,15.44706305
TSK001709,S015,15.44706305,15.44706305
TSK001709,S016,15.44706305,15.44706305
TSK001709,S017,91.8199265,91.8199265
TSK001709,S018,29.03627171,29.03627171
TSK001709,S019,41.20554851,41.20554851
TSK001709,S020,15.44706305,15.44706305
TSK001709,S021,15.44706305,15.44706305
TSK001709,S022,40.94214636,40.94214636
TSK001709,S023,15.44706305,15.44706305
TSK001709,S024,35.18891389,35.18891389
TSK001709,S025,107.66594104,107.66594104
TSK001709,S026,64.65692334,64.65692334
TSK001709,S027,27.84703194,27.84703194
TSK001709,S028,32.36537996,32.36537996
TSK001709,S029,15.44706305,15.44706305
TSK001709,S030,50.5076315,50.5076315
TSK001709,S031,15.44706305,15.44706305
TSK001709,S032,15.44706305,15.44706305
TSK001709,S033,133.16479866,133.16479866
TSK001709,S034,129.67206576,129.67206576
TSK001709,S035,29.03627171,29.03627171
TSK001709,S036,37.42044678,37.42044678
TSK001709,S037,51.6400495,51.6400495
TSK001709,S038,22.33905126,22.33905126
TSK001709,S039,196.05468151,196.05468151
TSK001709,S040,100.00183749,100.00183749
TSK001709,S041,15.44706305,15.44706305
TSK001709,S042,56.03853559,56.03853559
TSK001709,S043,22.33905126,22.33905126
TSK001709,S044,69.44999517,69.44999517
TSK001709,S045,15.44706305,15.44706305
TSK001709,S046,40.5942215,40.5942215
TSK001709,S047,117.89285337,117.89285337
TSK001709,S048,55.1906293,55.1906293
TSK001709,S049,15.44706305,15.44706305
TSK001709,S050,54.53451819,54.53451819
TSK001709,S051,15.44706305,15.44706305
TSK001709,S052,65.6615141,65.6615141
TSK001709,S053,15.44706305,15.44706305
TSK001709,S054,57.68968167,57.68968167
TSK001709,S055,70.16309019,70.16309019
TSK001709,S056,49.05615378,49.05615378
TSK001709,S057,61.67539956,61.67539956
TSK001709,S058,66.69485882,66.69485882
TSK001709,S059,86.38926161,86.38926161
TSK001709,S060,79.29668216,79.29668216
TSK001709,S061,57.50300259,57.50300259
TSK001709,S062,15.44706305,15.44706305
TSK001709,S063,15.44706305,15.44706305
TSK001709,S064,63.67091612,63.67091612
TSK001709,S065,20.11589601,20.11589601
TSK001709,S066,36.65833166,36.65833166
TSK001709,S067,40.94214636,40.94214636
TSK001709,S068,51.34325349,51.34325349
TSK001709,S069,15.44706305,15.44706305
TSK001709,S070,15.44706305,15.44706305
TSK001709,S071,15.44706305,15.44706305
TSK001709,S072,15.44706305,15.44706305
TSK001709,S073,74.9692261,74.9692261
TSK001709,S074,99.93271664,99.93271664
TSK001709,S075,88.15782349,88.15782349
TSK001709,S076,45.78842902,45.78842902
TSK001709,S077,15.44706305,15.44706305
TSK001709,S078,40.85944393,40.85944393
TSK001709,S079,74.03916242,74.03916242
TSK001709,S080,15.44706305,15.44706305
TSK001709,S081,61.67539956,61.67539956
TSK001709,S082,52.21019099,52.21019099
TSK001709,S083,40.28877739,40.28877739
TSK001709,S084,42.26203027,42.26203027
TSK001709,S085,89.47986386,89.47986386
TSK001709,S086,15.44706305,15.44706305
TSK001709,S087,22.33905126,22.33905126
TSK001709,S088,87.15516014,87.15516014
TSK001709,S089,51.42815389,51.42815389
TSK001709,S090,115.61747919,115.61747919
TSK001709,S091,69.44999517,69.44999517
TSK001709,S092,78.78190196,78.78190196
TSK001709,S093,52.21019099,52.21019099
TSK001709,S094,51.34325349,51.34325349
TSK001709,S095,38.58257475,38.58257475
TSK001709,S096,99.46247493,99.46247493
TSK001709,S097,15.44706305,15.44706305
TSK001709,S098,43.0839545,43.0839545
TSK001709,S099,23.85285118,23.85285118
TSK001709,S100,63.19903945,63.19903945
TSK001813,S001,10.89866079,10.89866079
TSK001813,S002,8.47722718,8.47722718
TSK001813,S003,16.44696325,16.44696325
TSK001813,S004,4.54625962,4.54625962
TSK001813,S005,4.54625962,4.54625962
TSK001813,S006,17.73739503,17.73739503
TSK001813,S007,15.97121264,15.97121264
TSK001813,S008,31.15944638,31.15944638
TSK001813,S009,4.54625962,4.54625962
TSK001813,S010,47.37350109,47.37350109
TSK001813,S011,12.22025933,12.22025933
TSK001813,S012,9.95592256,9.95592256
TSK001813,S013,22.56573133,22.56573133
TSK001813,S014,4.54625962,4.54625962
TSK001813,S015,4.54625962,4.54625962
TSK001813,S016,4.54625962,4.54625962
TSK001813,S017,20.07589342,20.07589342
TSK001813,S018,8.39404556,8.39404556
TSK001813,S019,12.22025933,12.22025933
TSK001813,S020,4.54625962,4.54625962
TSK001813,S021,4.54625962,4.54625962
TSK001813,S022,10.9240184,10.9240184
TSK001813,S023,4.54625962,4.54625962
TSK001813,S024,12.29036392,12.29036392
TSK001813,S025,25.2300317,25.2300317
TSK001813,S026,17.21016307,17.21016307
TSK001813,S027,9.56622357,9.56622357
TSK001813,S028,10.94742315,10.94742315
TSK001813,S029,4.54625962,4.54625962
TSK001813,S030,16.03116805,16.03116805
TSK001813,S031,4.54625962,4.54625962
TSK001813,S032,4.54625962,4.54625962
TSK001813,S033,29.68015577,29.68015577
TSK001813,S034,35.97936867,35.97936867
TSK001813,S035,8.39404556,8.39404556
TSK001813,S036,10.68667419,10.68667419
TSK001813,S037,14.13359269,14.13359269
TSK001813,S038,7.20729326,7.20729326
TSK001813,S039,47.37350109,47.37350109
TSK001813,S040,29.76527895,29.76527895
TSK001813,S041,4.54625962,4.54625962
TSK001813,S042,15.80873556,15.80873556
TSK001813,S043,7.20729326,7.20729326
TSK001813,S044,17.29425415,17.29425415
TSK001813,S045,4.54625962,4.54625962
TSK001813,S046,10.89189154,10.89189154
TSK001813,S047,22.77684651,22.77684651
TSK001813,S048,14.89230315,14.89230315
TSK001813,S049,4.54625962,4.54625962
TSK001813,S050,16.99581356,16.99581356
TSK001813,S051,4.54625962,4.54625962
TSK001813,S052,18.92280332,18.92280332
TSK001813,S053,4.54625962,4.54625962
TSK001813,S054,16.54812993,16.54812993
TSK001813,S055,22.59353431,22.59353431
TSK001813,S056,14.663282,14.663282
TSK001813,S057,18.08636909,18.08636909
TSK001813,S058,17.22230845,17.22230845
TSK001813,S059,23.48379815,23.48379815
TSK001813,S060,17.60398145,17.60398145
TSK001813,S061,14.50726492,14.50726492
TSK001813,S062,4.54625962,4.54625962
TSK001813,S063,4.54625962,4.54625962
TSK001813,S064,17.73739503,17.73739503
TSK001813,S065,6.33158156,6.33158156
TSK001813,S066,11.53719725,11.53719725
TSK001813,S067,10.9240184,10.9240184
TSK001813,S068,14.43001108,14.43001108
TSK001813,S069,4.54625962,4.54625962
TSK001813,S070,4.54625962,4.54625962
TSK001813,S071,4.54625962,4.54625962
TSK001813,S072,4.54625962,4.54625962
TSK001813,S073,20.56520486,20.56520486
TSK001813,S074,28.88477314,28.88477314
TSK001813,S075,19.66823213,19.66823213
TSK001813,S076,15.56881931,15.56881931
TSK001813,S077,4.54625962,4.54625962
TSK001813,S078,12.22575716,12.22575716
TSK001813,S079,19.59364185,19.59364185
TSK001813,S080,4.54625962,4.54625962
TSK001813,S081,18.08636909,18.08636909
TSK001813,S082,12.75693273,12.75693273
TSK001813,S083,12.56126271,12.56126271
TSK001813,S084,12.30300311,12.30300311
TSK001813,S085,22.56573133,22.56573133
TSK001813,S086,4.54625962,4.54625962
TSK001813,S087,7.20729326,7.20729326
TSK001813,S088,21.78670034,21.78670034
TSK001813,S089,13.89197678,13.89197678
TSK001813,S090,26.15770145,26.15770145
TSK001813,S091,17.29425415,17.29425415
TSK001813,S092,21.08787144,21.08787144
TSK001813,S093,12.75693273,12.75693273
TSK001813,S094,14.43001108,14.43001108
TSK001813,S095,12.38540852,12.38540852
TSK001813,S096,28.05332242,28.05332242
TSK001813,S097,4.54625962,4.54625962
TSK001813,S098,13.16352557,13.16352557
TSK001813,S099,7.56066935,7.56066935
TSK001813,S100,19.53539719,19.53539719
TSK001837,S001,14.41330428,14.41330428
TSK001837,S002,12.72248277,12.72248277
TSK001837,S003,24.24756597,24.24756597
TSK001837,S004,6.37153788,6.37153788
TSK001837,S005,6.37153788,6.37153788
TSK001837,S006,24.87796675,24.87796675
TSK001837,S007,22.85836042,22.85836042
TSK001837,S008,46.11898382,46.11898382
TSK001837,S009,6.37153788,6.37153788
TSK001837,S010,74.61586318,74.61586318
TSK001837,S011,17.89609717,17.89609717
TSK001837,S012,13.67639867,13.67639867
TSK001837,S013,35.95784277,35.95784277
TSK001837,S014,6.37153788,6.37153788
TSK001837,S015,6.37153788,6.37153788
TSK001837,S016,6.37153788,6.37153788
TSK001837,S017,31.68437562,31.68437562
TSK001837,S018,11.9127061,11.9127061
TSK001837,S019,17.89609717,17.89609717
TSK001837,S020,6.37153788,6.37153788
TSK001837,S021,6.37153788,6.37153788
TSK001837,S022,16.6664203,16.6664203
TSK001837,S023,6.37153788,6.37153788
TSK001837,S024,16.22156892,16.22156892
TSK001837,S025,38.86534804,38.86534804
TSK001837,S026,25.06264823,25.06264823
TSK001837,S027,12.698974,12.698974
TSK001837,S028,14.68971818,14.68971818
TSK001837,S029,6.37153788,6.37153788
TSK001837,S030,22.69301579,22.69301579
TSK001837,S031,6.37153788,6.37153788
TSK001837,S032,6.37153788,6.37153788
TSK001837,S033,46.89575642,46.89575642
TSK001837,S034,53.66571559,53.66571559
TSK001837,S035,11.9127061,11.9127061
TSK001837,S036,15.50782492,15.50782492
TSK001837,S037,21.92688409,21.92688409
TSK001837,S038,9.83939552,9.83939552
TSK001837,S039,74.61586318,74.61586318
TSK001837,S040,44.15432916,44.15432916
TSK001837,S041,6.37153788,6.37153788
TSK001837,S042,23.19418519,23.19418519
TSK001837,S043,9.83939552,9.83939552
TSK001837,S044,26.87750392,26.87750392
TSK001837,S045,6.37153788,6.37153788
TSK001837,S046,15.72038552,15.72038552
TSK001837,S047,38.69487048,38.69487048
TSK001837,S048,22.46870305,22.46870305
TSK001837,S049,6.37153788,6.37153788
TSK001837,S050,24.22498367,24.22498367
TSK001837,S051,6.37153788,6.37153788
TSK001837,S052,27.12270177,27.12270177
TSK001837,S053,6.37153788,6.37153788
TSK001837,S054,24.5037996,24.5037996
TSK001837,S055,30.54522376,30.54522376
TSK001837,S056,20.59203903,20.59203903
TSK001837,S057,26.99359102,26.99359102
TSK001837,S058,26.07534303,26.07534303
TSK001837,S059,36.26289412,36.26289412
TSK001837,S060,27.63620028,27.63620028
TSK001837,S061,23.39022844,23.39022844
TSK001837,S062,6.37153788,6.37153788
TSK001837,S063,6.37153788,6.37153788
TSK001837,S064,24.87796675,24.87796675
TSK001837,S065,8.67192988,8.67192988
TSK001837,S066,15.80009796,15.80009796
TSK001837,S067,16.6664203,16.6664203
TSK001837,S068,20.65736802,20.65736802
TSK001837,S069,6.37153788,6.37153788
TSK001837,S070,6.37153788,6.37153788
TSK001837,S071,6.37153788,6.37153788
TSK001837,S072,6.37153788,6.37153788
TSK001837,S073,30.19506118,30.19506118
TSK001837,S074,43.0105508,43.0105508
TSK001837,S075,30.82638834,30.82638834
TSK001837,S076,20.96109376,20.96109376
TSK001837,S077,6.37153788,6.37153788
TSK001837,S078,17.75820902,17.75820902
TSK001837,S079,28.65246735,28.65246735
TSK001837,S080,6.37153788,6.37153788
TSK001837,S081,26.99359102,26.99359102
TSK001837,S082,19.14162241,19.14162241
TSK001837,S083,17.45794947,17.45794947
TSK001837,S084,17.38961136,17.38961136
TSK001837,S085,35.95784277,35.95784277
TSK001837,S086,6.37153788,6.37153788
TSK001837,S087,9.83939552,9.83939552
TSK001837,S088,33.94033081,33.94033081
TSK001837,S089,20.42256789,20.42256789
TSK001837,S090,42.72569928,42.72569928
TSK001837,S091,26.87750392,26.87750392
TSK001837,S092,31.16765686,31.16765686
TSK001837,S093,19.14162241,19.14162241
TSK001837,S094,20.65736802,20.65736802
TSK001837,S095,17.27504108,17.27504108
TSK001837,S096,41.31164943,41.31164943
TSK001837,S097,6.37153788,6.37153788
TSK001837,S098,19.02987767,19.02987767
TSK001837,S099,10.45108923,10.45108923
TSK001837,S100,27.06748797,27.06748797
TSK001857,S001,45.71188372,45.71188372
TSK001857,S002,51.00130457,51.00130457
TSK001857,S003,93.78531329,93.78531329
TSK001857,S004,22.93167581,22.93167581
TSK001857,S005,22.93167581,22.93167581
TSK001857,S006,89.80216897,89.80216897
TSK001857,S007,81.95538071,81.95538071
TSK001857,S008,180.98921032,180.98921032
TSK001857,S009,22.93167581,22.93167581
TSK001857,S010,312.24152891,312.24152891
TSK001857,S011,68.10876172,68.10876172
TSK001857,S012,46.9620493,46.9620493
TSK001857,S013,154.70435482,154.70435482
TSK001857,S014,22.93167581,22.93167581
TSK001857,S015,22.93167581,22.93167581
TSK001857,S016,22.93167581,22.93167581
TSK001857,S017,134.82572333,134.82572333
TSK001857,S018,43.4463301,43.4463301
TSK001857,S019,68.10876172,68.10876172
TSK001857,S020,22.93167581,22.93167581
TSK001857,S021,22.93167581,22.93167581
TSK001857,S022,67.65186549,67.65186549
TSK001857,S023,22.93167581,22.93167581
TSK001857,S024,52.80768883,52.80768883
TSK001857,S025,158.3724676,158.3724676
TSK001857,S026,94.54938641,94.54938641
TSK001857,S027,40.94939878,40.94939878
TSK001857,S028,47.82300935,47.82300935
TSK001857,S029,22.93167581,22.93167581
TSK001857,S030,81.93809028,81.93809028
TSK001857,S031,22.93167581,22.93167581
TSK001857,S032,22.93167581,22.93167581
TSK001857,S033,199.28473155,199.28473155
TSK001857,S034,211.72206041,211.72206041
TSK001857,S035,43.4463301,43.4463301
TSK001857,S036,58.07364051,58.07364051
TSK001857,S037,90.97989419,90.97989419
TSK001857,S038,33.80802912,33.80802912
TSK001857,S039,312.24152891,312.24152891
TSK001857,S040,169.95804848,169.95804848
TSK001857,S041,22.93167581,22.93167581
TSK001857,S042,88.53661854,88.53661854
TSK001857,S043,33.80802912,33.80802912
TSK001857,S044,111.35989099,111.35989099
TSK001857,S045,22.93167581,22.93167581
TSK001857,S046,59.23950421,59.23950421
TSK001857,S047,179.41474649,179.41474649
TSK001857,S048,89.73615048,89.73615048
TSK001857,S049,22.93167581,22.93167581
TSK001857,S050,87.22791618,87.22791618
TSK001857,S051,22.93167581,22.93167581
TSK001857,S052,98.95535359,98.95535359
TSK001857,S053,22.93167581,22.93167581
TSK001857,S054,94.7057308,94.7057308
TSK001857,S055,103.68153798,103.68153798
TSK001857,S056,73.53188306,73.53188306
TSK001857,S057,106.06555727,106.06555727
TSK001857,S058,104.23828321,104.23828321
TSK001857,S059,149.07583269,149.07583269
TSK001857,S060,116.58750341,116.58750341
TSK001857,S061,102.50702067,102.50702067
TSK001857,S062,22.93167581,22.93167581
TSK001857,S063,22.93167581,22.93167581
TSK001857,S064,89.80216897,89.80216897
TSK001857,S065,29.63305334,29.63305334
TSK001857,S066,53.69761202,53.69761202
TSK001857,S067,67.65186549,67.65186549
TSK001857,S068,75.85755878,75.85755878
TSK001857,S069,22.93167581,22.93167581
TSK001857,S070,22.93167581,22.93167581
TSK001857,S071,22.93167581,22.93167581
TSK001857,S072,22.93167581,22.93167581
TSK001857,S073,116.39190939,116.39190939
TSK001857,S074,168.82549391,168.82549391
TSK001857,S075,129.58470264,129.58470264
TSK001857,S076,67.75917554,67.75917554
TSK001857,S077,22.93167581,22.93167581
TSK001857,S078,66.3277552,66.3277552
TSK001857,S079,109.29623272,109.29623272
TSK001857,S080,22.93167581,22.93167581
TSK001857,S081,106.06555727,106.06555727
TSK001857,S082,76.40584337,76.40584337
TSK001857,S083,61.47435832,61.47435832
TSK001857,S084,62.8227721,62.8227721
TSK001857,S085,154.70435482,154.70435482
TSK001857,S086,22.93167581,22.93167581
TSK001857,S087,33.80802912,33.80802912
TSK001857,S088,141.13946855,141.13946855
TSK001857,S089,78.67402762,78.67402762
TSK001857,S090,189.85926076,189.85926076
TSK001857,S091,111.35989099,111.35989099
TSK001857,S092,119.87622528,119.87622528
TSK001857,S093,76.40584337,76.40584337
TSK001857,S094,75.85755878,75.85755878
TSK001857,S095,60.76829338,60.76829338
TSK001857,S096,161.94407888,161.94407888
TSK001857,S097,22.93167581,22.93167581
TSK001857,S098,71.5784184,71.5784184
TSK001857,S099,36.5860617,36.5860617
TSK001857,S100,95.14426195,95.14426195
TSK001900,S001,44.71038641,44.71038641
TSK001900,S002,48.07757227,48.07757227
TSK001900,S003,89.10281723,89.10281723
TSK001900,S004,23.6027642,23.6027642
TSK001900,S005,23.6027642,23.6027642
TSK001900,S006,98.15542971,98.15542971
TSK001900,S007,77.42086273,77.42086273
TSK001900,S008,176.47938745,176.47938745
TSK001900,S009,23.6027642,23.6027642
TSK001900,S010,318.56358352,318.56358352
TSK001900,S011,63.85030627,63.85030627
TSK001900,S012,48.13370972,48.13370972
TSK001900,S013,147.54888347,147.54888347
TSK001900,S014,23.6027642,23.6027642
TSK001900,S015,23.6027642,23.6027642
TSK001900,S016,23.6027642,23.6027642
TSK001900,S017,152.12633832,152.12633832
TSK001900,S018,44.68492579,44.68492579
TSK001900,S019,63.85030627,63.85030627
TSK001900,S020,23.6027642,23.6027642
TSK001900,S021,23.6027642,23.6027642
TSK001900,S022,65.73101588,65.73101588
TSK001900,S023,23.6027642,23.6027642
TSK001900,S024,51.12424176,51.12424176
TSK001900,S025,174.09672627,174.09672627
TSK001900,S026,101.29565887,101.29565887
TSK001900,S027,40.16542866,40.16542866
TSK001900,S028,46.56247,46.56247
TSK001900,S029,23.6027642,23.6027642
TSK001900,S030,76.45126534,76.45126534
TSK001900,S031,23.6027642,23.6027642
TSK001900,S032,23.6027642,23.6027642
TSK001900,S033,220.08136744,220.08136744
TSK001900,S034,206.87747016,206.87747016
TSK001900,S035,44.68492579,44.68492579
TSK001900,S036,57.81581294,57.81581294
TSK001900,S037,83.4356514,83.4356514
TSK001900,S038,33.39043931,33.39043931
TSK001900,S039,318.56358352,318.56358352
TSK001900,S040,154.92252302,154.92252302
TSK001900,S041,23.6027642,23.6027642
TSK001900,S042,87.53847313,87.53847313
TSK001900,S043,33.39043931,33.39043931
TSK001900,S044,112.66885857,112.66885857
TSK001900,S045,23.6027642,23.6027642
TSK001900,S046,63.98530391,63.98530391
TSK001900,S047,201.39243938,201.39243938
TSK001900,S048,88.12775423,88.12775423
TSK001900,S049,23.6027642,23.6027642
TSK001900,S050,81.73771996,81.73771996
TSK001900,S051,23.6027642,23.6027642
TSK001900,S052,100.31196644,100.31196644
TSK001900,S053,23.6027642,23.6027642
TSK001900,S054,90.22308229,90.22308229
TSK001900,S055,103.76723935,103.76723935
TSK001900,S056,74.63069431,74.63069431
TSK001900,S057,97.19327421,97.19327421
TSK001900,S058,106.66273832,106.66273832
TSK001900,S059,138.49881321,138.49881321
TSK001900,S060,130.73303268,130.73303268
TSK001900,S061,95.7138933,95.7138933
TSK001900,S062,23.6027642,23.6027642
TSK001900,S063,23.6027642,23.6027642
TSK001900,S064,98.15542971,98.15542971
TSK001900,S065,29.82795606,29.82795606
TSK001900,S066,54.33462025,54.33462025
TSK001900,S067,65.73101588,65.73101588
TSK001900,S068,79.27149098,79.27149098
TSK001900,S069,23.6027642,23.6027642
TSK001900,S070,23.6027642,23.6027642
TSK001900,S071,23.6027642,23.6027642
TSK001900,S072,23.6027642,23.6027642
TSK001900,S073,118.12001137,118.12001137
TSK001900,S074,158.16503876,158.16503876
TSK001900,S075,145.04993356,145.04993356
TSK001900,S076,65.06948022,65.06948022
TSK001900,S077,23.6027642,23.6027642
TSK001900,S078,62.54252943,62.54252943
TSK001900,S079,116.88044015,116.88044015
TSK001900,S080,23.6027642,23.6027642
TSK001900,S081,97.19327421,97.19327421
TSK001900,S082,84.41069734,84.41069734
TSK001900,S083,60.900098,60.900098
TSK001900,S084,64.8249285,64.8249285
TSK001900,S085,147.54888347,147.54888347
TSK001900,S086,23.6027642,23.6027642
TSK001900,S087,33.39043931,33.39043931
TSK001900,S088,141.66901261,141.66901261
TSK001900,S089,81.26803568,81.26803568
TSK001900,S090,194.26489912,194.26489912
TSK001900,S091,112.66885857,112.66885857
TSK001900,S092,123.83428936,123.83428936
TSK001900,S093,84.41069734,84.41069734
TSK001900,S094,79.27149098,79.27149098
TSK001900,S095,57.69656884,57.69656884
TSK001900,S096,157.12724547,157.12724547
TSK001900,S097,23.6027642,23.6027642
TSK001900,S098,66.74676905,66.74676905
TSK001900,S099,35.86911269,35.86911269
TSK001900,S100,95.0191883,95.0191883
TSK002007,S001,13.99340785,13.99340785
TSK002007,S002,13.36974985,13.36974985
TSK002007,S003,24.93549855,24.93549855
TSK002007,S004,6.50574407,6.50574407
TSK002007,S005,6.50574407,6.50574407
TSK002007,S006,25.46940179,25.46940179
TSK002007,S007,22.24007696,22.24007696
TSK002007,S008,48.12822782,48.12822782
TSK002007,S009,6.50574407,6.50574407
TSK002007,S010,76.97753399,76.97753399
TSK002007,S011,18.18956665,18.18956665
TSK002007,S012,13.6189873,13.6189873
TSK002007,S013,38.04720832,38.04720832
TSK002007,S014,6.50574407,6.50574407
TSK002007,S015,6.50574407,6.50574407
TSK002007,S016,6.50574407,6.50574407
TSK002007,S017,33.47434769,33.47434769
TSK002007,S018,12.08998775,12.08998775
TSK002007,S019,18.18956665,18.18956665
TSK002007,S020,6.50574407,6.50574407
TSK002007,S021,6.50574407,6.50574407
TSK002007,S022,17.33337766,17.33337766
TSK002007,S023,6.50574407,6.50574407
TSK002007,S024,16.36842251,16.36842251
TSK002007,S025,39.96586522,39.96586522
TSK002007,S026,25.4134977,25.4134977
TSK002007,S027,12.49753974,12.49753974
TSK002007,S028,14.29991545,14.29991545
TSK002007,S029,6.50574407,6.50574407
TSK002007,S030,22.81554213,22.81554213
TSK002007,S031,6.50574407,6.50574407
TSK002007,S032,6.50574407,6.50574407
TSK002007,S033,49.33861267,49.33861267
TSK002007,S034,55.65351764,55.65351764
TSK002007,S035,12.08998775,12.08998775
TSK002007,S036,15.65952592,15.65952592
TSK002007,S037,22.91697132,22.91697132
TSK002007,S038,9.93477223,9.93477223
TSK002007,S039,76.97753399,76.97753399
TSK002007,S040,44.54539416,44.54539416
TSK002007,S041,6.50574407,6.50574407
TSK002007,S042,23.5971613,23.5971613
TSK002007,S043,9.93477223,9.93477223
TSK002007,S044,27.9386973,27.9386973
TSK002007,S045,6.50574407,6.50574407
TSK002007,S046,16.19218593,16.19218593
TSK002007,S047,41.83845783,41.83845783
TSK002007,S048,23.2495055,23.2495055
TSK002007,S049,6.50574407,6.50574407
TSK002007,S050,23.92048648,23.92048648
TSK002007,S051,6.50574407,6.50574407
TSK002007,S052,26.99956806,26.99956806
TSK002007,S053,6.50574407,6.50574407
TSK002007,S054,24.96187181,24.96187181
TSK002007,S055,30.95799979,30.95799979
TSK002007,S056,20.70617444,20.70617444
TSK002007,S057,27.7881975,27.7881975
TSK002007,S058,26.84726672,26.84726672
TSK002007,S059,37.65466618,37.65466618
TSK002007,S060,29.05624057,29.05624057
TSK002007,S061,25.0130216,25.0130216
TSK002007,S062,6.50574407,6.50574407
TSK002007,S063,6.50574407,6.50574407
TSK002007,S064,25.46940179,25.46940179
TSK002007,S065,8.63092806,8.63092806
TSK002007,S066,15.61035843,15.61035843
TSK002007,S067,17.33337766,17.33337766
TSK002007,S068,20.81304369,20.81304369
TSK002007,S069,6.50574407,6.50574407
TSK002007,S070,6.50574407,6.50574407
TSK002007,S071,6.50574407,6.50574407
TSK002007,S072,6.50574407,6.50574407
TSK002007,S073,31.13286828,31.13286828
TSK002007,S074,44.39729045,44.39729045
TSK002007,S075,32.31648537,32.31648537
TSK002007,S076,20.06063185,20.06063185
TSK002007,S077,6.50574407,6.50574407
TSK002007,S078,17.82845935,17.82845935
TSK002007,S079,29.30536635,29.30536635
TSK002007,S080,6.50574407,6.50574407
TSK002007,S081,27.7881975,27.7881975
TSK002007,S082,19.99018088,19.99018088
TSK002007,S083,17.57763043,17.57763043
TSK002007,S084,17.54984837,17.54984837
TSK002007,S085,38.04720832,38.04720832
TSK002007,S086,6.50574407,6.50574407
TSK002007,S087,9.93477223,9.93477223
TSK002007,S088,35.33928664,35.33928664
TSK002007,S089,20.98745483,20.98745483
TSK002007,S090,45.76362852,45.76362852
TSK002007,S091,27.9386973,27.9386973
TSK002007,S092,31.62744516,31.62744516
TSK002007,S093,19.99018088,19.99018088
TSK002007,S094,20.81304369,20.81304369
TSK002007,S095,17.24135771,17.24135771
TSK002007,S096,43.44652356,43.44652356
TSK002007,S097,6.50574407,6.50574407
TSK002007,S098,19.48625692,19.48625692
TSK002007,S099,10.55347729,10.55347729
TSK002007,S100,27.35732775,27.35732775
TSK002367,S001,1.6272992,1.6272992
TSK002367,S002,0.99597838,0.99597838
TSK002367,S003,2.01776623,2.01776623
TSK002367,S004,0.61262413,0.61262413
TSK002367,S005,0.61262413,0.61262413
TSK002367,S006,2.38527168,2.38527168
TSK002367,S007,2.10465233,2.10465233
TSK002367,S008,3.77471988,3.77471988
TSK002367,S009,0.61262413,0.61262413
TSK002367,S010,5.03182762,5.03182762
TSK002367,S011,1.52439662,1.52439662
TSK002367,S012,1.39560078,1.39560078
TSK002367,S013,2.30408736,2.30408736
TSK002367,S014,0.61262413,0.61262413
TSK002367,S015,0.61262413,0.61262413
TSK002367,S016,0.61262413,0.61262413
TSK002367,S017,2.10105098,2.10105098
TSK002367,S018,1.1090497,1.1090497
TSK002367,S019,1.52439662,1.52439662
TSK002367,S020,0.61262413,0.61262413
TSK002367,S021,0.61262413,0.61262413
TSK002367,S022,1.24406171,1.24406171
TSK002367,S023,0.61262413,0.61262413
TSK002367,S024,1.8237488,1.8237488
TSK002367,S025,2.82489396,2.82489396
TSK002367,S026,2.17125773,2.17125773
TSK002367,S027,1.41618309,1.41618309
TSK002367,S028,1.5995446,1.5995446
TSK002367,S029,0.61262413,0.61262413
TSK002367,S030,2.13323981,2.13323981
TSK002367,S031,0.61262413,0.61262413
TSK002367,S032,0.61262413,0.61262413
TSK002367,S033,3.10296278,3.10296278
TSK002367,S034,4.30089845,4.30089845
TSK002367,S035,1.1090497,1.1090497
TSK002367,S036,1.35885895,1.35885895
TSK002367,S037,1.54751981,1.54751981
TSK002367,S038,1.01652606,1.01652606
TSK002367,S039,5.03182762,5.03182762
TSK002367,S040,3.63065095,3.63065095
TSK002367,S041,0.61262413,0.61262413
TSK002367,S042,1.96449294,1.96449294
TSK002367,S043,1.01652606,1.01652606
TSK002367,S044,1.88999018,1.88999018
TSK002367,S045,0.61262413,0.61262413
TSK002367,S046,1.39024068,1.39024068
TSK002367,S047,1.91083683,1.91083683
TSK002367,S048,1.74005477,1.74005477
TSK002367,S049,0.61262413,0.61262413
TSK002367,S050,2.24634231,2.24634231
TSK002367,S051,0.61262413,0.61262413
TSK002367,S052,2.47090552,2.47090552
TSK002367,S053,0.61262413,0.61262413
TSK002367,S054,2.01914994,2.01914994
TSK002367,S055,3.23188837,3.23188837
TSK002367,S056,1.97772083,1.97772083
TSK002367,S057,2.16480062,2.16480062
TSK002367,S058,2.00107535,2.00107535
TSK002367,S059,2.60545942,2.60545942
TSK002367,S060,1.87003982,1.87003982
TSK002367,S061,1.42973062,1.42973062
TSK002367,S062,0.61262413,0.61262413
TSK002367,S063,0.61262413,0.61262413
TSK002367,S064,2.38527168,2.38527168
TSK002367,S065,0.89181807,0.89181807
TSK002367,S066,1.62836832,1.62836832
TSK002367,S067,1.24406171,1.24406171
TSK002367,S068,1.88172636,1.88172636
TSK002367,S069,0.61262413,0.61262413
TSK002367,S070,0.61262413,0.61262413
TSK002367,S071,0.61262413,0.61262413
TSK002367,S072,0.61262413,0.61262413
TSK002367,S073,2.54093215,2.54093215
TSK002367,S074,3.47019124,3.47019124
TSK002367,S075,2.10003104,2.10003104
TSK002367,S076,2.27269502,2.27269502
TSK002367,S077,0.61262413,0.61262413
TSK002367,S078,1.55457955,1.55457955
TSK002367,S079,2.44603304,2.44603304
TSK002367,S080,0.61262413,0.61262413
TSK002367,S081,2.16480062,2.16480062
TSK002367,S082,1.50275096,1.50275096
TSK002367,S083,1.72300768,1.72300768
TSK002367,S084,1.63956346,1.63956346
TSK002367,S085,2.30408736,2.30408736
TSK002367,S086,0.61262413,0.61262413
TSK002367,S087,1.01652606,1.01652606
TSK002367,S088,2.36622489,2.36622489
TSK002367,S089,1.71413298,1.71413298
TSK002367,S090,2.4859999,2.4859999
TSK002367,S091,1.88999018,1.88999018
TSK002367,S092,2.5858019,2.5858019
TSK002367,S093,1.50275096,1.50275096
TSK002367,S094,1.88172636,1.88172636
TSK002367,S095,1.69301307,1.69301307
TSK002367,S096,3.42361084,3.42361084
TSK002367,S097,0.61262413,0.61262413
TSK002367,S098,1.67825738,1.67825738
TSK002367,S099,1.04545474,1.04545474
TSK002367,S100,2.69030491,2.69030491
TSK002369,S001,0.26779036,0.26779036
TSK002369,S002,0.16365659,0.16365659
TSK002369,S003,0.33179456,0.33179456
TSK002369,S004,0.10071586,0.10071586
TSK002369,S005,0.10071586,0.10071586
TSK002369,S006,0.39210766,0.39210766
TSK002369,S007,0.3466498,0.3466498
TSK002369,S008,0.62035984,0.62035984
TSK002369,S009,0.10071586,0.10071586
TSK002369,S010,0.82795695,0.82795695
TSK002369,S011,0.2507621,0.2507621
TSK002369,S012,0.22958109,0.22958109
TSK002369,S013,0.37869231,0.37869231
TSK002369,S014,0.10071586,0.10071586
TSK002369,S015,0.10071586,0.10071586
TSK002369,S016,0.10071586,0.10071586
TSK002369,S017,0.34531469,0.34531469
TSK002369,S018,0.1823878,0.1823878
TSK002369,S019,0.2507621,0.2507621
TSK002369,S020,0.10071586,0.10071586
TSK002369,S021,0.10071586,0.10071586
TSK002369,S022,0.20454608,0.20454608
TSK002369,S023,0.10071586,0.10071586
TSK002369,S024,0.29978943,0.29978943
TSK002369,S025,0.46475084,0.46475084
TSK002369,S026,0.35717964,0.35717964
TSK002369,S027,0.23297012,0.23297012
TSK002369,S028,0.26324348,0.26324348
TSK002369,S029,0.10071586,0.10071586
TSK002369,S030,0.35092411,0.35092411
TSK002369,S031,0.10071586,0.10071586
TSK002369,S032,0.10071586,0.10071586
TSK002369,S033,0.51009694,0.51009694
TSK002369,S034,0.70706812,0.70706812
TSK002369,S035,0.1823878,0.1823878
TSK002369,S036,0.22356263,0.22356263
TSK002369,S037,0.25442856,0.25442856
TSK002369,S038,0.16714029,0.16714029
TSK002369,S039,0.82795695,0.82795695
TSK002369,S040,0.59750174,0.59750174
TSK002369,S041,0.10071586,0.10071586
TSK002369,S042,0.3231525,0.3231525
TSK002369,S043,0.16714029,0.16714029
TSK002369,S044,0.31082034,0.31082034
TSK002369,S045,0.10071586,0.10071586
TSK002369,S046,0.22854561,0.22854561
TSK002369,S047,0.31385526,0.31385526
TSK002369,S048,0.28612537,0.28612537
TSK002369,S049,0.10071586,0.10071586
TSK002369,S050,0.36978442,0.36978442
TSK002369,S051,0.10071586,0.10071586
TSK002369,S052,0.40666679,0.40666679
TSK002369,S053,0.10071586,0.10071586
TSK002369,S054,0.33216146,0.33216146
TSK002369,S055,0.53129138,0.53129138
TSK002369,S056,0.32531243,0.32531243
TSK002369,S057,0.35600341,0.35600341
TSK002369,S058,0.32912905,0.32912905
TSK002369,S059,0.42847239,0.42847239
TSK002369,S060,0.30740519,0.30740519
TSK002369,S061,0.23487751,0.23487751
TSK002369,S062,0.10071586,0.10071586
TSK002369,S063,0.10071586,0.10071586
TSK002369,S064,0.39210766,0.39210766
TSK002369,S065,0.1467052,0.1467052
TSK002369,S066,0.2679285,0.2679285
TSK002369,S067,0.20454608,0.20454608
TSK002369,S068,0.30956396,0.30956396
TSK002369,S069,0.10071586,0.10071586
TSK002369,S070,0.10071586,0.10071586
TSK002369,S071,0.10071586,0.10071586
TSK002369,S072,0.10071586,0.10071586
TSK002369,S073,0.41776225,0.41776225
TSK002369,S074,0.57059874,0.57059874
TSK002369,S075,0.34525547,0.34525547
TSK002369,S076,0.37421922,0.37421922
TSK002369,S077,0.10071586,0.10071586
TSK002369,S078,0.25581983,0.25581983
TSK002369,S079,0.40226839,0.40226839
TSK002369,S080,0.10071586,0.10071586
TSK002369,S081,0.35600341,0.35600341
TSK002369,S082,0.24699384,0.24699384
TSK002369,S083,0.28337382,0.28337382
TSK002369,S084,0.26967402,0.26967402
TSK002369,S085,0.37869231,0.37869231
TSK002369,S086,0.10071586,0.10071586
TSK002369,S087,0.16714029,0.16714029
TSK002369,S088,0.3891203,0.3891203
TSK002369,S089,0.28186562,0.28186562
TSK002369,S090,0.4084149,0.4084149
TSK002369,S091,0.31082034,0.31082034
TSK002369,S092,0.42543395,0.42543395
TSK002369,S093,0.24699384,0.24699384
TSK002369,S094,0.30956396,0.30956396
TSK002369,S095,0.27853001,0.27853001
TSK002369,S096,0.56245532,0.56245532
TSK002369,S097,0.10071586,0.10071586
TSK002369,S098,0.27595788,0.27595788
TSK002369,S099,0.17191535,0.17191535
TSK002369,S100,0.4423924,0.4423924
TSK002415,S001,50.2585749,50.2585749
TSK002415,S002,54.90356045,54.90356045
TSK002415,S003,101.52149496,101.52149496
TSK002415,S004,24.84169754,24.84169754
TSK002415,S005,24.84169754,24.84169754
TSK002415,S006,97.20652518,97.20652518
TSK002415,S007,90.09645018,90.09645018
TSK002415,S008,195.13377818,195.13377818
TSK002415,S009,24.84169754,24.84169754
TSK002415,S010,338.22171293,338.22171293
TSK002415,S011,73.96006565,73.96006565
TSK002415,S012,51.24102593,51.24102593
TSK002415,S013,166.52327471,166.52327471
TSK002415,S014,24.84169754,24.84169754
TSK002415,S015,24.84169754,24.84169754
TSK002415,S016,24.84169754,24.84169754
TSK002415,S017,145.14556024,145.14556024
TSK002415,S018,47.16560636,47.16560636
TSK002415,S019,73.96006565,73.96006565
TSK002415,S020,24.84169754,24.84169754
TSK002415,S021,24.84169754,24.84169754
TSK002415,S022,73.06898041,73.06898041
TSK002415,S023,24.84169754,24.84169754
TSK002415,S024,57.32256531,57.32256531
TSK002415,S025,171.61524892,171.61524892
TSK002415,S026,102.72908587,102.72908587
TSK002415,S027,44.82322936,44.82322936
TSK002415,S028,52.53993833,52.53993833
TSK002415,S029,24.84169754,24.84169754
TSK002415,S030,89.19556976,89.19556976
TSK002415,S031,24.84169754,24.84169754
TSK002415,S032,24.84169754,24.84169754
TSK002415,S033,214.77897218,214.77897218
TSK002415,S034,228.71858556,228.71858556
TSK002415,S035,47.16560636,47.16560636
TSK002415,S036,63.16861732,63.16861732
TSK002415,S037,98.17768608,98.17768608
TSK002415,S038,36.72451782,36.72451782
TSK002415,S039,338.22171293,338.22171293
TSK002415,S040,184.99490508,184.99490508
TSK002415,S041,24.84169754,24.84169754
TSK002415,S042,96.12060585,96.12060585
TSK002415,S043,36.72451782,36.72451782
TSK002415,S044,120.34911489,120.34911489
TSK002415,S045,24.84169754,24.84169754
TSK002415,S046,64.06079562,64.06079562
TSK002415,S047,192.40801692,192.40801692
TSK002415,S048,97.02812422,97.02812422
TSK002415,S049,24.84169754,24.84169754
TSK002415,S050,95.47315785,95.47315785
TSK002415,S051,24.84169754,24.84169754
TSK002415,S052,108.06021406,108.06021406
TSK002415,S053,24.84169754,24.84169754
TSK002415,S054,102.8012248,102.8012248
TSK002415,S055,112.46247347,112.46247347
TSK002415,S056,80.02827248,80.02827248
TSK002415,S057,114.81650313,114.81650313
TSK002415,S058,112.87223615,112.87223615
TSK002415,S059,161.12991219,161.12991219
TSK002415,S060,125.65286237,125.65286237
TSK002415,S061,110.07384947,110.07384947
TSK002415,S062,24.84169754,24.84169754
TSK002415,S063,24.84169754,24.84169754
TSK002415,S064,97.20652518,97.20652518
TSK002415,S065,32.33669164,32.33669164
TSK002415,S066,58.73120087,58.73120087
TSK002415,S067,73.06898041,73.06898041
TSK002415,S068,82.54352453,82.54352453
TSK002415,S069,24.84169754,24.84169754
TSK002415,S070,24.84169754,24.84169754
TSK002415,S071,24.84169754,24.84169754
TSK002415,S072,24.84169754,24.84169754
TSK002415,S073,125.88666894,125.88666894
TSK002415,S074,182.60564775,182.60564775
TSK002415,S075,139.76117385,139.76117385
TSK002415,S076,74.85334276,74.85334276
TSK002415,S077,24.84169754,24.84169754
TSK002415,S078,72.26832867,72.26832867
TSK002415,S079,118.47069844,118.47069844
TSK002415,S080,24.84169754,24.84169754
TSK002415,S081,114.81650313,114.81650313
TSK002415,S082,82.3932668,82.3932668
TSK002415,S083,66.86405154,66.86405154
TSK002415,S084,68.30796961,68.30796961
TSK002415,S085,166.52327471,166.52327471
TSK002415,S086,24.84169754,24.84169754
TSK002415,S087,36.72451782,36.72451782
TSK002415,S088,152.47402076,152.47402076
TSK002415,S089,85.17421769,85.17421769
TSK002415,S090,203.86569527,203.86569527
TSK002415,S091,120.34911489,120.34911489
TSK002415,S092,130.25986584,130.25986584
TSK002415,S093,82.3932668,82.3932668
TSK002415,S094,82.54352453,82.54352453
TSK002415,S095,66.27782302,66.27782302
TSK002415,S096,174.19291653,174.19291653
TSK002415,S097,24.84169754,24.84169754
TSK002415,S098,77.53876371,77.53876371
TSK002415,S099,39.75316379,39.75316379
TSK002415,S100,103.35780963,103.35780963
TSK002455,S001,0.26779036,0.26779036
TSK002455,S002,0.16365659,0.16365659
TSK002455,S003,0.33179456,0.33179456
TSK002455,S004,0.10071586,0.10071586
TSK002455,S005,0.10071586,0.10071586
TSK002455,S006,0.39210766,0.39210766
TSK002455,S007,0.3466498,0.3466498
TSK002455,S008,0.62035984,0.62035984
TSK002455,S009,0.10071586,0.10071586
TSK002455,S010,0.82795695,0.82795695
TSK002455,S011,0.2507621,0.2507621
TSK002455,S012,0.22958109,0.22958109
TSK002455,S013,0.37869231,0.37869231
TSK002455,S014,0.10071586,0.10071586
TSK002455,S015,0.10071586,0.10071586
TSK002455,S016,0.10071586,0.10071586
TSK002455,S017,0.34531469,0.34531469
TSK002455,S018,0.1823878,0.1823878
TSK002455,S019,0.2507621,0.2507621
TSK002455,S020,0.10071586,0.10071586
TSK002455,S021,0.10071586,0.10071586
TSK002455,S022,0.20454608,0.20454608
TSK002455,S023,0.10071586,0.10071586
TSK002455,S024,0.29978943,0.29978943
TSK002455,S025,0.46475084,0.46475084
TSK002455,S026,0.35717964,0.35717964
TSK002455,S027,0.23297012,0.23297012
TSK002455,S028,0.26324348,0.26324348
TSK002455,S029,0.10071586,0.10071586
TSK002455,S030,0.35092411,0.35092411
TSK002455,S031,0.10071586,0.10071586
TSK002455,S032,0.10071586,0.10071586
TSK002455,S033,0.51009694,0.51009694
TSK002455,S034,0.70706812,0.70706812
TSK002455,S035,0.1823878,0.1823878
TSK002455,S036,0.22356263,0.22356263
TSK002455,S037,0.25442856,0.25442856
TSK002455,S038,0.16714029,0.16714029
TSK002455,S039,0.82795695,0.82795695
TSK002455,S040,0.59750174,0.59750174
TSK002455,S041,0.10071586,0.10071586
TSK002455,S042,0.3231525,0.3231525
TSK002455,S043,0.16714029,0.16714029
TSK002455,S044,0.31082034,0.31082034
TSK002455,S045,0.10071586,0.10071586
TSK002455,S046,0.22854561,0.22854561
TSK002455,S047,0.31385526,0.31385526
TSK002455,S048,0.28612537,0.28612537
TSK002455,S049,0.10071586,0.10071586
TSK002455,S050,0.36978442,0.36978442
TSK002455,S051,0.10071586,0.10071586
TSK002455,S052,0.40666679,0.40666679
TSK002455,S053,0.10071586,0.10071586
TSK002455,S054,0.33216146,0.33216146
TSK002455,S055,0.53129138,0.53129138
TSK002455,S056,0.32531243,0.32531243
TSK002455,S057,0.35600341,0.35600341
TSK002455,S058,0.32912905,0.32912905
TSK002455,S059,0.42847239,0.42847239
TSK002455,S060,0.30740519,0.30740519
TSK002455,S061,0.23487751,0.23487751
TSK002455,S062,0.10071586,0.10071586
TSK002455,S063,0.10071586,0.10071586
TSK002455,S064,0.39210766,0.39210766
TSK002455,S065,0.1467052,0.1467052
TSK002455,S066,0.2679285,0.2679285
TSK002455,S067,0.20454608,0.20454608
TSK002455,S068,0.30956396,0.30956396
TSK002455,S069,0.10071586,0.10071586
TSK002455,S070,0.10071586,0.10071586
TSK002455,S071,0.10071586,0.10071586
TSK002455,S072,0.10071586,0.10071586
TSK002455,S073,0.41776225,0.41776225
TSK002455,S074,0.57059874,0.57059874
TSK002455,S075,0.34525547,0.34525547
TSK002455,S076,0.37421922,0.37421922
TSK002455,S077,0.10071586,0.10071586
TSK002455,S078,0.25581983,0.25581983
TSK002455,S079,0.40226839,0.40226839
TSK002455,S080,0.10071586,0.10071586
TSK002455,S081,0.35600341,0.35600341
TSK002455,S082,0.24699384,0.24699384
TSK002455,S083,0.28337382,0.28337382
TSK002455,S084,0.26967402,0.26967402
TSK002455,S085,0.37869231,0.37869231
TSK002455,S086,0.10071586,0.10071586
TSK002455,S087,0.16714029,0.16714029
TSK002455,S088,0.3891203,0.3891203
TSK002455,S089,0.28186562,0.28186562
TSK002455,S090,0.4084149,0.4084149
TSK002455,S091,0.31082034,0.31082034
TSK002455,S092,0.42543395,0.42543395
TSK002455,S093,0.24699384,0.24699384
TSK002455,S094,0.30956396,0.30956396
TSK002455,S095,0.27853001,0.27853001
TSK002455,S096,0.56245532,0.56245532
TSK002455,S097,0.10071586,0.10071586
TSK002455,S098,0.27595788,0.27595788
TSK002455,S099,0.17191535,0.17191535
TSK002455,S100,0.4423924,0.4423924
TSK002593,S001,8.1522279,8.1522279
TSK002593,S002,5.43106174,5.43106174
TSK002593,S003,10.73188883,10.73188883
TSK002593,S004,3.20269107,3.20269107
TSK002593,S005,3.20269107,3.20269107
TSK002593,S006,12.49689473,12.49689473
TSK002593,S007,10.63746279,10.63746279
TSK002593,S008,20.36148956,20.36148956
TSK002593,S009,3.20269107,3.20269107
TSK002593,S010,27.40492446,27.40492446
TSK002593,S011,8.01323938,8.01323938
TSK002593,S012,7.13957299,7.13957299
TSK002593,S013,12.96743383,12.96743383
TSK002593,S014,3.20269107,3.20269107
TSK002593,S015,3.20269107,3.20269107
TSK002593,S016,3.20269107,3.20269107
TSK002593,S017,11.75098432,11.75098432
TSK002593,S018,5.78486673,5.78486673
TSK002593,S019,8.01323938,8.01323938
TSK002593,S020,3.20269107,3.20269107
TSK002593,S021,3.20269107,3.20269107
TSK002593,S022,6.75458596,6.75458596
TSK002593,S023,3.20269107,3.20269107
TSK002593,S024,9.36324227,9.36324227
TSK002593,S025,15.21622723,15.21622723
TSK002593,S026,11.37681977,11.37681977
TSK002593,S027,7.15881213,7.15881213
TSK002593,S028,8.03655553,8.03655553
TSK002593,S029,3.20269107,3.20269107
TSK002593,S030,11.04117078,11.04117078
TSK002593,S031,3.20269107,3.20269107
TSK002593,S032,3.20269107,3.20269107
TSK002593,S033,17.28442571,17.28442571
TSK002593,S034,23.12210184,23.12210184
TSK002593,S035,5.78486673,5.78486673
TSK002593,S036,7.0902404,7.0902404
TSK002593,S037,8.49500408,8.49500408
TSK002593,S038,5.24677335,5.24677335
TSK002593,S039,27.40492446,27.40492446
TSK002593,S040,19.01698628,19.01698628
TSK002593,S041,3.20269107,3.20269107
TSK002593,S042,10.33948366,10.33948366
TSK002593,S043,5.24677335,5.24677335
TSK002593,S044,10.3238831,10.3238831
TSK002593,S045,3.20269107,3.20269107
TSK002593,S046,7.3651187,7.3651187
TSK002593,S047,11.52326622,11.52326622
TSK002593,S048,9.36795011,9.36795011
TSK002593,S049,3.20269107,3.20269107
TSK002593,S050,11.47810735,11.47810735
TSK002593,S051,3.20269107,3.20269107
TSK002593,S052,12.71639104,12.71639104
TSK002593,S053,3.20269107,3.20269107
TSK002593,S054,10.6622386,10.6622386
TSK002593,S055,16.70000121,16.70000121
TSK002593,S056,10.22359594,10.22359594
TSK002593,S057,11.56266866,11.56266866
TSK002593,S058,10.73410238,10.73410238
TSK002593,S059,14.18345443,14.18345443
TSK002593,S060,10.37966947,10.37966947
TSK002593,S061,8.19638535,8.19638535
TSK002593,S062,3.20269107,3.20269107
TSK002593,S063,3.20269107,3.20269107
TSK002593,S064,12.49689473,12.49689473
TSK002593,S065,4.55882178,4.55882178
TSK002593,S066,8.28112129,8.28112129
TSK002593,S067,6.75458596,6.75458596
TSK002593,S068,9.77512939,9.77512939
TSK002593,S069,3.20269107,3.20269107
TSK002593,S070,3.20269107,3.20269107
TSK002593,S071,3.20269107,3.20269107
TSK002593,S072,3.20269107,3.20269107
TSK002593,S073,13.53073814,13.53073814
TSK002593,S074,18.5687092,18.5687092
TSK002593,S075,11.61213904,11.61213904
TSK002593,S076,11.2949642,11.2949642
TSK002593,S077,3.20269107,3.20269107
TSK002593,S078,8.07432331,8.07432331
TSK002593,S079,12.92244129,12.92244129
TSK002593,S080,3.20269107,3.20269107
TSK002593,S081,11.56266866,11.56266866
TSK002593,S082,8.1462845,8.1462845
TSK002593,S083,8.9004013,8.9004013
TSK002593,S084,8.508589,8.508589
TSK002593,S085,12.96743383,12.96743383
TSK002593,S086,3.20269107,3.20269107
TSK002593,S087,5.24677335,5.24677335
TSK002593,S088,12.95924574,12.95924574
TSK002593,S089,9.10477608,9.10477608
TSK002593,S090,14.38963624,14.38963624
TSK002593,S091,10.3238831,10.3238831
TSK002593,S092,13.60215629,13.60215629
TSK002593,S093,8.1462845,8.1462845
TSK002593,S094,9.77512939,9.77512939
TSK002593,S095,8.69383536,8.69383536
TSK002593,S096,18.56650317,18.56650317
TSK002593,S097,3.20269107,3.20269107
TSK002593,S098,8.8512479,8.8512479
TSK002593,S099,5.40718991,5.40718991
TSK002593,S100,13.92909517,13.92909517
TSK002766,S001,13.60342875,13.60342875
TSK002766,S002,12.54307996,12.54307996
TSK002766,S003,23.57096109,23.57096109
TSK002766,S004,6.19469797,6.19469797
TSK002766,S005,6.19469797,6.19469797
TSK002766,S006,24.23211664,24.23211664
TSK002766,S007,21.41288636,21.41288636
TSK002766,S008,45.29885669,45.29885669
TSK002766,S009,6.19469797,6.19469797
TSK002766,S010,72.22468003,72.22468003
TSK002766,S011,17.26049865,17.26049865
TSK002766,S012,13.0869323,13.0869323
TSK002766,S013,35.42476014,35.42476014
TSK002766,S014,6.19469797,6.19469797
TSK002766,S015,6.19469797,6.19469797
TSK002766,S016,6.19469797,6.19469797
TSK002766,S017,31.20767673,31.20767673
TSK002766,S018,11.51545702,11.51545702
TSK002766,S019,17.26049865,17.26049865
TSK002766,S020,6.19469797,6.19469797
TSK002766,S021,6.19469797,6.19469797
TSK002766,S022,16.27942281,16.27942281
TSK002766,S023,6.19469797,6.19469797
TSK002766,S024,15.74230713,15.74230713
TSK002766,S025,37.61209127,37.61209127
TSK002766,S026,24.14513101,24.14513101
TSK002766,S027,12.09669314,12.09669314
TSK002766,S028,13.86702816,13.86702816
TSK002766,S029,6.19469797,6.19469797
TSK002766,S030,21.79343885,21.79343885
TSK002766,S031,6.19469797,6.19469797
TSK002766,S032,6.19469797,6.19469797
TSK002766,S033,46.04231163,46.04231163
TSK002766,S034,52.42783621,52.42783621
TSK002766,S035,11.51545702,11.51545702
TSK002766,S036,14.90041827,14.90041827
TSK002766,S037,21.46043679,21.46043679
TSK002766,S038,9.51647047,9.51647047
TSK002766,S039,72.22468003,72.22468003
TSK002766,S040,42.29879154,42.29879154
TSK002766,S041,6.19469797,6.19469797
TSK002766,S042,22.38174676,22.38174676
TSK002766,S043,9.51647047,9.51647047
TSK002766,S044,26.19577325,26.19577325
TSK002766,S045,6.19469797,6.19469797
TSK002766,S046,15.33338803,15.33338803
TSK002766,S047,38.51803056,38.51803056
TSK002766,S048,21.88948827,21.88948827
TSK002766,S049,6.19469797,6.19469797
TSK002766,S050,22.94609794,22.94609794
TSK002766,S051,6.19469797,6.19469797
TSK002766,S052,25.82587575,25.82587575
TSK002766,S053,6.19469797,6.19469797
TSK002766,S054,23.64522902,23.64522902
TSK002766,S055,29.65589841,29.65589841
TSK002766,S056,19.79497798,19.79497798
TSK002766,S057,26.22728474,26.22728474
TSK002766,S058,25.30134806,25.30134806
TSK002766,S059,35.33768821,35.33768821
TSK002766,S060,27.13643531,27.13643531
TSK002766,S061,23.20057404,23.20057404
TSK002766,S062,6.19469797,6.19469797
TSK002766,S063,6.19469797,6.19469797
TSK002766,S064,24.23211664,24.23211664
TSK002766,S065,8.29774688,8.29774688
TSK002766,S066,15.03891747,15.03891747
TSK002766,S067,16.27942281,16.27942281
TSK002766,S068,19.84492959,19.84492959
TSK002766,S069,6.19469797,6.19469797
TSK002766,S070,6.19469797,6.19469797
TSK002766,S071,6.19469797,6.19469797
TSK002766,S072,6.19469797,6.19469797
TSK002766,S073,29.42106621,29.42106621
TSK002766,S074,41.88287601,41.88287601
TSK002766,S075,30.2087301,30.2087301
TSK002766,S076,19.54124867,19.54124867
TSK002766,S077,6.19469797,6.19469797
TSK002766,S078,16.98933984,16.98933984
TSK002766,S079,27.7657049,27.7657049
TSK002766,S080,6.19469797,6.19469797
TSK002766,S081,26.22728474,26.22728474
TSK002766,S082,18.78537969,18.78537969
TSK002766,S083,16.81722516,16.81722516
TSK002766,S084,16.74888705,16.74888705
TSK002766,S085,35.42476014,35.42476014
TSK002766,S086,6.19469797,6.19469797
TSK002766,S087,9.51647047,9.51647047
TSK002766,S088,33.11251499,33.11251499
TSK002766,S089,19.8484789,19.8484789
TSK002766,S090,42.37970815,42.37970815
TSK002766,S091,26.19577325,26.19577325
TSK002766,S092,29.99641281,29.99641281
TSK002766,S093,18.78537969,18.78537969
TSK002766,S094,19.84492959,19.84492959
TSK002766,S095,16.52923798,16.52923798
TSK002766,S096,40.82982475,40.82982475
TSK002766,S097,6.19469797,6.19469797
TSK002766,S098,18.47885476,18.47885476
TSK002766,S099,10.09484651,10.09484651
TSK002766,S100,26.15509655,26.15509655
TSK002811,S001,20.61608412,20.61608412
TSK002811,S002,19.77452512,19.77452512
TSK002811,S003,37.39677385,37.39677385
TSK002811,S004,9.45855104,9.45855104
TSK002811,S005,9.45855104,9.45855104
TSK002811,S006,36.92918153,36.92918153
TSK002811,S007,34.93508817,34.93508817
TSK002811,S008,71.07270225,71.07270225
TSK002811,S009,9.45855104,9.45855104
TSK002811,S010,120.55294134,120.55294134
TSK002811,S011,27.54261437,27.54261437
TSK002811,S012,20.09486183,20.09486183
TSK002811,S013,58.18615522,58.18615522
TSK002811,S014,9.45855104,9.45855104
TSK002811,S015,9.45855104,9.45855104
TSK002811,S016,9.45855104,9.45855104
TSK002811,S017,50.96026156,50.96026156
TSK002811,S018,17.89470994,17.89470994
TSK002811,S019,27.54261437,27.54261437
TSK002811,S020,9.45855104,9.45855104
TSK002811,S021,9.45855104,9.45855104
TSK002811,S022,26.2849829,26.2849829
TSK002811,S023,9.45855104,9.45855104
TSK002811,S024,22.92445712,22.92445712
TSK002811,S025,61.8888122,61.8888122
TSK002811,S026,38.42957468,38.42957468
TSK002811,S027,18.16187749,18.16187749
TSK002811,S028,21.2724232,21.2724232
TSK002811,S029,9.45855104,9.45855104
TSK002811,S030,34.09994357,34.09994357
TSK002811,S031,9.45855104,9.45855104
TSK002811,S032,9.45855104,9.45855104
TSK002811,S033,75.56297918,75.56297918
TSK002811,S034,83.31578307,83.31578307
TSK002811,S035,17.89470994,17.89470994
TSK002811,S036,23.73893904,23.73893904
TSK002811,S037,34.94832103,34.94832103
TSK002811,S038,14.32837673,14.32837673
TSK002811,S039,120.55294134,120.55294134
TSK002811,S040,68.74416834,68.74416834
TSK002811,S041,9.45855104,9.45855104
TSK002811,S042,35.73826849,35.73826849
TSK002811,S043,14.32837673,14.32837673
TSK002811,S044,42.9492867,42.9492867
TSK002811,S045,9.45855104,9.45855104
TSK002811,S046,23.84208244,23.84208244
TSK002811,S047,64.86402023,64.86402023
TSK002811,S048,35.19703352,35.19703352
TSK002811,S049,9.45855104,9.45855104
TSK002811,S050,36.77011133,36.77011133
TSK002811,S051,9.45855104,9.45855104
TSK002811,S052,41.26764479,41.26764479
TSK002811,S053,9.45855104,9.45855104
TSK002811,S054,38.00724989,38.00724989
TSK002811,S055,44.05910068,44.05910068
TSK002811,S056,30.74177105,30.74177105
TSK002811,S057,42.00472643,42.00472643
TSK002811,S058,41.00196284,41.00196284
TSK002811,S059,57.70322293,57.70322293
TSK002811,S060,44.34307531,44.34307531
TSK002811,S061,38.0438989,38.0438989
TSK002811,S062,9.45855104,9.45855104
TSK002811,S063,9.45855104,9.45855104
TSK002811,S064,36.92918153,36.92918153
TSK002811,S065,12.7112979,12.7112979
TSK002811,S066,23.2015978,23.2015978
TSK002811,S067,26.2849829,26.2849829
TSK002811,S068,31.30464184,31.30464184
TSK002811,S069,9.45855104,9.45855104
TSK002811,S070,9.45855104,9.45855104
TSK002811,S071,9.45855104,9.45855104
TSK002811,S072,9.45855104,9.45855104
TSK002811,S073,46.39401682,46.39401682
TSK002811,S074,66.76813352,66.76813352
TSK002811,S075,49.4423652,49.4423652
TSK002811,S076,30.57528643,30.57528643
TSK002811,S077,9.45855104,9.45855104
TSK002811,S078,27.24330965,27.24330965
TSK002811,S079,43.97828108,43.97828108
TSK002811,S080,9.45855104,9.45855104
TSK002811,S081,42.00472643,42.00472643
TSK002811,S082,29.7952255,29.7952255
TSK002811,S083,25.83113995,25.83113995
TSK002811,S084,26.07386924,26.07386924
TSK002811,S085,58.18615522,58.18615522
TSK002811,S086,9.45855104,9.45855104
TSK002811,S087,14.32837673,14.32837673
TSK002811,S088,54.30256463,54.30256463
TSK002811,S089,31.43517142,31.43517142
TSK002811,S090,70.05262569,70.05262569
TSK002811,S091,42.9492867,42.9492867
TSK002811,S092,48.32242203,48.32242203
TSK002811,S093,29.7952255,29.7952255
TSK002811,S094,31.30464184,31.30464184
TSK002811,S095,25.69457564,25.69457564
TSK002811,S096,63.29259698,63.29259698
TSK002811,S097,9.45855104,9.45855104
TSK002811,S098,28.94183234,28.94183234
TSK002811,S099,15.38151994,15.38151994
TSK002811,S100,39.90682461,39.90682461
TSK002917,S001,23.45885525,23.45885525
TSK002917,S002,23.95405041,23.95405041
TSK002917,S003,44.75267092,44.75267092
TSK002917,S004,11.16248111,11.16248111
TSK002917,S005,11.16248111,11.16248111
TSK002917,S006,43.63793918,43.63793918
TSK002917,S007,40.63779414,40.63779414
TSK002917,S008,85.62514844,85.62514844
TSK002917,S009,11.16248111,11.16248111
TSK002917,S010,146.21586625,146.21586625
TSK002917,S011,32.76109733,32.76109733
TSK002917,S012,23.35418029,23.35418029
TSK002917,S013,71.40159501,71.40159501
TSK002917,S014,11.16248111,11.16248111
TSK002917,S015,11.16248111,11.16248111
TSK002917,S016,11.16248111,11.16248111
TSK002917,S017,62.40195723,62.40195723
TSK002917,S018,21.12683477,21.12683477
TSK002917,S019,32.76109733,32.76109733
TSK002917,S020,11.16248111,11.16248111
TSK002917,S021,11.16248111,11.16248111
TSK002917,S022,31.8037269,31.8037269
TSK002917,S023,11.16248111,11.16248111
TSK002917,S024,26.50244625,26.50244625
TSK002917,S025,74.68091085,74.68091085
TSK002917,S026,45.61367496,45.61367496
TSK002917,S027,20.80741756,20.80741756
TSK002917,S028,24.33633905,24.33633905
TSK002917,S029,11.16248111,11.16248111
TSK002917,S030,40.08161452,40.08161452
TSK002917,S031,11.16248111,11.16248111
TSK002917,S032,11.16248111,11.16248111
TSK002917,S033,92.39446363,92.39446363
TSK002917,S034,100.27037873,100.27037873
TSK002917,S035,21.12683477,21.12683477
TSK002917,S036,28.10856745,28.10856745
TSK002917,S037,42.49294089,42.49294089
TSK002917,S038,16.72208221,16.72208221
TSK002917,S039,146.21586625,146.21586625
TSK002917,S040,81.7457617,81.7457617
TSK002917,S041,11.16248111,11.16248111
TSK002917,S042,42.54224234,42.54224234
TSK002917,S043,16.72208221,16.72208221
TSK002917,S044,52.12577811,52.12577811
TSK002917,S045,11.16248111,11.16248111
TSK002917,S046,28.42501069,28.42501069
TSK002917,S047,80.99852151,80.99852151
TSK002917,S048,42.41427958,42.41427958
TSK002917,S049,11.16248111,11.16248111
TSK002917,S050,42.97857028,42.97857028
TSK002917,S051,11.16248111,11.16248111
TSK002917,S052,48.4533524,48.4533524
TSK002917,S053,11.16248111,11.16248111
TSK002917,S054,45.35204251,45.35204251
TSK002917,S055,51.37110409,51.37110409
TSK002917,S056,36.06848984,36.06848984
TSK002917,S057,50.41002224,50.41002224
TSK002917,S058,49.34459395,49.34459395
TSK002917,S059,69.92485432,69.92485432
TSK002917,S060,54.14918689,54.14918689
TSK002917,S061,46.96273417,46.96273417
TSK002917,S062,11.16248111,11.16248111
TSK002917,S063,11.16248111,11.16248111
TSK002917,S064,43.63793918,43.63793918
TSK002917,S065,14.75839968,14.75839968
TSK002917,S066,26.85602622,26.85602622
TSK002917,S067,31.8037269,31.8037269
TSK002917,S068,36.92276168,36.92276168
TSK002917,S069,11.16248111,11.16248111
TSK002917,S070,11.16248111,11.16248111
TSK002917,S071,11.16248111,11.16248111
TSK002917,S072,11.16248111,11.16248111
TSK002917,S073,55.5320913,55.5320913
TSK002917,S074,80.1796977,80.1796977
TSK002917,S075,60.29133599,60.29133599
TSK002917,S076,34.77121255,34.77121255
TSK002917,S077,11.16248111,11.16248111
TSK002917,S078,32.19054398,32.19054398
TSK002917,S079,52.42635315,52.42635315
TSK002917,S080,11.16248111,11.16248111
TSK002917,S081,50.41002224,50.41002224
TSK002917,S082,36.00036752,36.00036752
TSK002917,S083,30.24700875,30.24700875
TSK002917,S084,30.68421225,30.68421225
TSK002917,S085,71.40159501,71.40159501
TSK002917,S086,11.16248111,11.16248111
TSK002917,S087,16.72208221,16.72208221
TSK002917,S088,65.97466339,65.97466339
TSK002917,S089,37.58632458,37.58632458
TSK002917,S090,86.69475712,86.69475712
TSK002917,S091,52.12577811,52.12577811
TSK002917,S092,57.55032755,57.55032755
TSK002917,S093,36.00036752,36.00036752
TSK002917,S094,36.92276168,36.92276168
TSK002917,S095,30.00511645,30.00511645
TSK002917,S096,76.41890126,76.41890126
TSK002917,S097,11.16248111,11.16248111
TSK002917,S098,34.43435879,34.43435879
TSK002917,S099,18.00862895,18.00862895
TSK002917,S100,46.76763574,46.76763574
TSK003106,S001,45.71188372,45.71188372
TSK003106,S002,51.00130457,51.00130457
TSK003106,S003,93.78531329,93.78531329
TSK003106,S004,22.93167581,22.93167581
TSK003106,S005,22.93167581,22.93167581
TSK003106,S006,89.80216897,89.80216897
TSK003106,S007,81.95538071,81.95538071
TSK003106,S008,180.98921032,180.98921032
TSK003106,S009,22.93167581,22.93167581
TSK003106,S010,312.24152891,312.24152891
TSK003106,S011,68.10876172,68.10876172
TSK003106,S012,46.9620493,46.9620493
TSK003106,S013,154.70435482,154.70435482
TSK003106,S014,22.93167581,22.93167581
TSK003106,S015,22.93167581,22.93167581
TSK003106,S016,22.93167581,22.93167581
TSK003106,S017,134.82572333,134.82572333
TSK003106,S018,43.4463301,43.4463301
TSK003106,S019,68.10876172,68.10876172
TSK003106,S020,22.93167581,22.93167581
TSK003106,S021,22.93167581,22.93167581
TSK003106,S022,67.65186549,67.65186549
TSK003106,S023,22.93167581,22.93167581
TSK003106,S024,52.80768883,52.80768883
TSK003106,S025,158.3724676,158.3724676
TSK003106,S026,94.54938641,94.54938641
TSK003106,S027,40.94939878,40.94939878
TSK003106,S028,47.82300935,47.82300935
TSK003106,S029,22.93167581,22.93167581
TSK003106,S030,81.93809028,81.93809028
TSK003106,S031,22.93167581,22.93167581
TSK003106,S032,22.93167581,22.93167581
TSK003106,S033,199.28473155,199.28473155
TSK003106,S034,211.72206041,211.72206041
TSK003106,S035,43.4463301,43.4463301
TSK003106,S036,58.07364051,58.07364051
TSK003106,S037,90.97989419,90.97989419
TSK003106,S038,33.80802912,33.80802912
TSK003106,S039,312.24152891,312.24152891
TSK003106,S040,169.95804848,169.95804848
TSK003106,S041,22.93167581,22.93167581
TSK003106,S042,88.53661854,88.53661854
TSK003106,S043,33.80802912,33.80802912
TSK003106,S044,111.35989099,111.35989099
TSK003106,S045,22.93167581,22.93167581
TSK003106,S046,59.23950421,59.23950421
TSK003106,S047,179.41474649,179.41474649
TSK003106,S048,89.73615048,89.73615048
TSK003106,S049,22.93167581,22.93167581
TSK003106,S050,87.22791618,87.22791618
TSK003106,S051,22.93167581,22.93167581
TSK003106,S052,98.95535359,98.95535359
TSK003106,S053,22.93167581,22.93167581
TSK003106,S054,94.7057308,94.7057308
TSK003106,S055,103.68153798,103.68153798
TSK003106,S056,73.53188306,73.53188306
TSK003106,S057,106.06555727,106.06555727
TSK003106,S058,104.23828321,104.23828321
TSK003106,S059,149.07583269,149.07583269
TSK003106,S060,116.58750341,116.58750341
TSK003106,S061,102.50702067,102.50702067
TSK003106,S062,22.93167581,22.93167581
TSK003106,S063,22.93167581,22.93167581
TSK003106,S064,89.80216897,89.80216897
TSK003106,S065,29.63305334,29.63305334
TSK003106,S066,53.69761202,53.69761202
TSK003106,S067,67.65186549,67.65186549
TSK003106,S068,75.85755878,75.85755878
TSK003106,S069,22.93167581,22.93167581
TSK003106,S070,22.93167581,22.93167581
TSK003106,S071,22.93167581,22.93167581
TSK003106,S072,22.93167581,22.93167581
TSK003106,S073,116.39190939,116.39190939
TSK003106,S074,168.82549391,168.82549391
TSK003106,S075,129.58470264,129.58470264
TSK003106,S076,67.75917554,67.75917554
TSK003106,S077,22.93167581,22.93167581
TSK003106,S078,66.3277552,66.3277552
TSK003106,S079,109.29623272,109.29623272
TSK003106,S080,22.93167581,22.93167581
TSK003106,S081,106.06555727,106.06555727
TSK003106,S082,76.40584337,76.40584337
TSK003106,S083,61.47435832,61.47435832
TSK003106,S084,62.8227721,62.8227721
TSK003106,S085,154.70435482,154.70435482
TSK003106,S086,22.93167581,22.93167581
TSK003106,S087,33.80802912,33.80802912
TSK003106,S088,141.13946855,141.13946855
TSK003106,S089,78.67402762,78.67402762
TSK003106,S090,189.85926076,189.85926076
TSK003106,S091,111.35989099,111.35989099
TSK003106,S092,119.87622528,119.87622528
TSK003106,S093,76.40584337,76.40584337
TSK003106,S094,75.85755878,75.85755878
TSK003106,S095,60.76829338,60.76829338
TSK003106,S096,161.94407888,161.94407888
TSK003106,S097,22.93167581,22.93167581
TSK003106,S098,71.5784184,71.5784184
TSK003106,S099,36.5860617,36.5860617
TSK003106,S100,95.14426195,95.14426195
TSK003147,S001,7.99631129,7.99631129
TSK003147,S002,5.05560761,5.05560761
TSK003147,S003,10.12327116,10.12327116
TSK003147,S004,3.06461772,3.06461772
TSK003147,S005,3.06461772,3.06461772
TSK003147,S006,11.94598033,11.94598033
TSK003147,S007,10.29878299,10.29878299
TSK003147,S008,19.08248079,19.08248079
TSK003147,S009,3.06461772,3.06461772
TSK003147,S010,25.28604147,25.28604147
TSK003147,S011,7.60396581,7.60396581
TSK003147,S012,6.91178365,6.91178365
TSK003147,S013,11.77532562,11.77532562
TSK003147,S014,3.06461772,3.06461772
TSK003147,S015,3.06461772,3.06461772
TSK003147,S016,3.06461772,3.06461772
TSK003147,S017,10.72107068,10.72107068
TSK003147,S018,5.53189686,5.53189686
TSK003147,S019,7.60396581,7.60396581
TSK003147,S020,3.06461772,3.06461772
TSK003147,S021,3.06461772,3.06461772
TSK003147,S022,6.2805314,6.2805314
TSK003147,S023,3.06461772,3.06461772
TSK003147,S024,9.08891425,9.08891425
TSK003147,S025,14.1689038,14.1689038
TSK003147,S026,10.81953396,10.81953396
TSK003147,S027,6.99182168,6.99182168
TSK003147,S028,7.86125342,7.86125342
TSK003147,S029,3.06461772,3.06461772
TSK003147,S030,10.59677002,10.59677002
TSK003147,S031,3.06461772,3.06461772
TSK003147,S032,3.06461772,3.06461772
TSK003147,S033,15.79135986,15.79135986
TSK003147,S034,21.67279692,21.67279692
TSK003147,S035,5.53189686,5.53189686
TSK003147,S036,6.75841299,6.75841299
TSK003147,S037,7.83787576,7.83787576
TSK003147,S038,5.06357735,5.06357735
TSK003147,S039,25.28604147,25.28604147
TSK003147,S040,18.03662547,18.03662547
TSK003147,S041,3.06461772,3.06461772
TSK003147,S042,9.80351142,9.80351142
TSK003147,S043,5.06357735,5.06357735
TSK003147,S044,9.54116022,9.54116022
TSK003147,S045,3.06461772,3.06461772
TSK003147,S046,6.98093805,6.98093805
TSK003147,S047,9.99930889,9.99930889
TSK003147,S048,8.75856687,8.75856687
TSK003147,S049,3.06461772,3.06461772
TSK003147,S050,11.06676949,11.06676949
TSK003147,S051,3.06461772,3.06461772
TSK003147,S052,12.21379406,12.21379406
TSK003147,S053,3.06461772,3.06461772
TSK003147,S054,10.08099729,10.08099729
TSK003147,S055,16.12635566,16.12635566
TSK003147,S056,9.82727303,9.82727303
TSK003147,S057,10.86623845,10.86623845
TSK003147,S058,10.04480205,10.04480205
TSK003147,S059,13.14348563,13.14348563
TSK003147,S060,9.5101692,9.5101692
TSK003147,S061,7.36725936,7.36725936
TSK003147,S062,3.06461772,3.06461772
TSK003147,S063,3.06461772,3.06461772
TSK003147,S064,11.94598033,11.94598033
TSK003147,S065,4.41632416,4.41632416
TSK003147,S066,8.04021402,8.04021402
TSK003147,S067,6.2805314,6.2805314
TSK003147,S068,9.35304426,9.35304426
TSK003147,S069,3.06461772,3.06461772
TSK003147,S070,3.06461772,3.06461772
TSK003147,S071,3.06461772,3.06461772
TSK003147,S072,3.06461772,3.06461772
TSK003147,S073,12.76504498,12.76504498
TSK003147,S074,17.44373596,17.44373596
TSK003147,S075,10.65953044,10.65953044
TSK003147,S076,11.09728699,11.09728699
TSK003147,S077,3.06461772,3.06461772
TSK003147,S078,7.71036916,7.71036916
TSK003147,S079,12.23931935,12.23931935
TSK003147,S080,3.06461772,3.06461772
TSK003147,S081,10.86623845,10.86623845
TSK003147,S082,7.60186286,7.60186286
TSK003147,S083,8.56895036,8.56895036
TSK003147,S084,8.15846114,8.15846114
TSK003147,S085,11.77532562,11.77532562
TSK003147,S086,3.06461772,3.06461772
TSK003147,S087,5.06357735,5.06357735
TSK003147,S088,11.95797163,11.95797163
TSK003147,S089,8.5970372,8.5970372
TSK003147,S090,12.8413842,12.8413842
TSK003147,S091,9.54116022,9.54116022
TSK003147,S092,12.88527305,12.88527305
TSK003147,S093,7.60186286,7.60186286
TSK003147,S094,9.35304426,9.35304426
TSK003147,S095,8.38769296,8.38769296
TSK003147,S096,17.37554411,17.37554411
TSK003147,S097,3.06461772,3.06461772
TSK003147,S098,8.40342719,8.40342719
TSK003147,S099,5.20639559,5.20639559
TSK003147,S100,13.4021163,13.4021163
TSK003152,S001,31.41008509,31.41008509
TSK003152,S002,30.01358743,30.01358743
TSK003152,S003,56.69389255,56.69389255
TSK003152,S004,15.44706305,15.44706305
TSK003152,S005,15.44706305,15.44706305
TSK003152,S006,63.67091612,63.67091612
TSK003152,S007,52.08675727,52.08675727
TSK003152,S008,111.62058636,111.62058636
TSK003152,S009,15.44706305,15.44706305
TSK003152,S010,196.05468151,196.05468151
TSK003152,S011,41.20554851,41.20554851
TSK003152,S012,32.19781687,32.19781687
TSK003152,S013,89.47986386,89.47986386
TSK003152,S014,15.44706305,15.44706305
TSK003152,S015,15.44706305,15.44706305
TSK003152,S016,15.44706305,15.44706305
TSK003152,S017,91.8199265,91.8199265
TSK003152,S018,29.03627171,29.03627171
TSK003152,S019,41.20554851,41.20554851
TSK003152,S020,15.44706305,15.44706305
TSK003152,S021,15.44706305,15.44706305
TSK003152,S022,40.94214636,40.94214636
TSK003152,S023,15.44706305,15.44706305
TSK003152,S024,35.18891389,35.18891389
TSK003152,S025,107.66594104,107.66594104
TSK003152,S026,64.65692334,64.65692334
TSK003152,S027,27.84703194,27.84703194
TSK003152,S028,32.36537996,32.36537996
TSK003152,S029,15.44706305,15.44706305
TSK003152,S030,50.5076315,50.5076315
TSK003152,S031,15.44706305,15.44706305
TSK003152,S032,15.44706305,15.44706305
TSK003152,S033,133.16479866,133.16479866
TSK003152,S034,129.67206576,129.67206576
TSK003152,S035,29.03627171,29.03627171
TSK003152,S036,37.42044678,37.42044678
TSK003152,S037,51.6400495,51.6400495
TSK003152,S038,22.33905126,22.33905126
TSK003152,S039,196.05468151,196.05468151
TSK003152,S040,100.00183749,100.00183749
TSK003152,S041,15.44706305,15.44706305
TSK003152,S042,56.03853559,56.03853559
TSK003152,S043,22.33905126,22.33905126
TSK003152,S044,69.44999517,69.44999517
TSK003152,S045,15.44706305,15.44706305
TSK003152,S046,40.5942215,40.5942215
TSK003152,S047,117.89285337,117.89285337
TSK003152,S048,55.1906293,55.1906293
TSK003152,S049,15.44706305,15.44706305
TSK003152,S050,54.53451819,54.53451819
TSK003152,S051,15.44706305,15.44706305
TSK003152,S052,65.6615141,65.6615141
TSK003152,S053,15.44706305,15.44706305
TSK003152,S054,57.68968167,57.68968167
TSK003152,S055,70.16309019,70.16309019
TSK003152,S056,49.05615378,49.05615378
TSK003152,S057,61.67539956,61.67539956
TSK003152,S058,66.69485882,66.69485882
TSK003152,S059,86.38926161,86.38926161
TSK003152,S060,79.29668216,79.29668216
TSK003152,S061,57.50300259,57.50300259
TSK003152,S062,15.44706305,15.44706305
TSK003152,S063,15.44706305,15.44706305
TSK003152,S064,63.67091612,63.67091612
TSK003152,S065,20.11589601,20.11589601
TSK003152,S066,36.65833166,36.65833166
TSK003152,S067,40.94214636,40.94214636
TSK003152,S068,51.34325349,51.34325349
TSK003152,S069,15.44706305,15.44706305
TSK003152,S070,15.44706305,15.44706305
TSK003152,S071,15.44706305,15.44706305
TSK003152,S072,15.44706305,15.44706305
TSK003152,S073,74.9692261,74.9692261
TSK003152,S074,99.93271664,99.93271664
TSK003152,S075,88.15782349,88.15782349
TSK003152,S076,45.78842902,45.78842902
TSK003152,S077,15.44706305,15.44706305
TSK003152,S078,40.85944393,40.85944393
TSK003152,S079,74.03916242,74.03916242
TSK003152,S080,15.44706305,15.44706305
TSK003152,S081,61.67539956,61.67539956
TSK003152,S082,52.21019099,52.21019099
TSK003152,S083,40.28877739,40.28877739
TSK003152,S084,42.26203027,42.26203027
TSK003152,S085,89.47986386,89.47986386
TSK003152,S086,15.44706305,15.44706305
TSK003152,S087,22.33905126,22.33905126
TSK003152,S088,87.15516014,87.15516014
TSK003152,S089,51.42815389,51.42815389
TSK003152,S090,115.61747919,115.61747919
TSK003152,S091,69.44999517,69.44999517
TSK003152,S092,78.78190196,78.78190196
TSK003152,S093,52.21019099,52.21019099
TSK003152,S094,51.34325349,51.34325349
TSK003152,S095,38.58257475,38.58257475
TSK003152,S096,99.46247493,99.46247493
TSK003152,S097,15.44706305,15.44706305
TSK003152,S098,43.0839545,43.0839545
TSK003152,S099,23.85285118,23.85285118
TSK003152,S100,63.19903945,63.19903945
TSK003244,S001,5.6977126,5.6977126
TSK003244,S002,3.7756991,3.7756991
TSK003244,S003,7.36364223,7.36364223
TSK003244,S004,2.26178464,2.26178464
TSK003244,S005,2.26178464,2.26178464
TSK003244,S006,8.84525739,8.84525739
TSK003244,S007,7.00607463,7.00607463
TSK003244,S008,14.18189256,14.18189256
TSK003244,S009,2.26178464,2.26178464
TSK003244,S010,17.72120573,17.72120573
TSK003244,S011,5.44965343,5.44965343
TSK003244,S012,4.98231034,4.98231034
TSK003244,S013,8.62700108,8.62700108
TSK003244,S014,2.26178464,2.26178464
TSK003244,S015,2.26178464,2.26178464
TSK003244,S016,2.26178464,2.26178464
TSK003244,S017,7.87536964,7.87536964
TSK003244,S018,4.02424206,4.02424206
TSK003244,S019,5.44965343,5.44965343
TSK003244,S020,2.26178464,2.26178464
TSK003244,S021,2.26178464,2.26178464
TSK003244,S022,4.5675944,4.5675944
TSK003244,S023,2.26178464,2.26178464
TSK003244,S024,6.77624003,6.77624003
TSK003244,S025,10.03009693,10.03009693
TSK003244,S026,7.75101935,7.75101935
TSK003244,S027,5.05203096,5.05203096
TSK003244,S028,5.57624993,5.57624993
TSK003244,S029,2.26178464,2.26178464
TSK003244,S030,7.6170118,7.6170118
TSK003244,S031,2.26178464,2.26178464
TSK003244,S032,2.26178464,2.26178464
TSK003244,S033,11.49455657,11.49455657
TSK003244,S034,15.88204954,15.88204954
TSK003244,S035,4.02424206,4.02424206
TSK003244,S036,4.82062636,4.82062636
TSK003244,S037,5.69537958,5.69537958
TSK003244,S038,3.7260751,3.7260751
TSK003244,S039,17.72120573,17.72120573
TSK003244,S040,12.66775598,12.66775598
TSK003244,S041,2.26178464,2.26178464
TSK003244,S042,7.02905196,7.02905196
TSK003244,S043,3.7260751,3.7260751
TSK003244,S044,6.8535845,6.8535845
TSK003244,S045,2.26178464,2.26178464
TSK003244,S046,5.14576496,5.14576496
TSK003244,S047,7.3965065,7.3965065
TSK003244,S048,6.35405259,6.35405259
TSK003244,S049,2.26178464,2.26178464
TSK003244,S050,7.71842156,7.71842156
TSK003244,S051,2.26178464,2.26178464
TSK003244,S052,8.59025751,8.59025751
TSK003244,S053,2.26178464,2.26178464
TSK003244,S054,7.20315931,7.20315931
TSK003244,S055,11.97176248,11.97176248
TSK003244,S056,7.09539565,7.09539565
TSK003244,S057,7.86338695,7.86338695
TSK003244,S058,7.20880465,7.20880465
TSK003244,S059,9.46137206,9.46137206
TSK003244,S060,6.94063216,6.94063216
TSK003244,S061,5.4819367,5.4819367
TSK003244,S062,2.26178464,2.26178464
TSK003244,S063,2.26178464,2.26178464
TSK003244,S064,8.84525739,8.84525739
TSK003244,S065,3.18607898,3.18607898
TSK003244,S066,5.74635191,5.74635191
TSK003244,S067,4.5675944,4.5675944
TSK003244,S068,6.70169161,6.70169161
TSK003244,S069,2.26178464,2.26178464
TSK003244,S070,2.26178464,2.26178464
TSK003244,S071,2.26178464,2.26178464
TSK003244,S072,2.26178464,2.26178464
TSK003244,S073,9.34405915,9.34405915
TSK003244,S074,12.69692498,12.69692498
TSK003244,S075,7.74277829,7.74277829
TSK003244,S076,7.69409516,7.69409516
TSK003244,S077,2.26178464,2.26178464
TSK003244,S078,5.44748862,5.44748862
TSK003244,S079,8.8658661,8.8658661
TSK003244,S080,2.26178464,2.26178464
TSK003244,S081,7.86338695,7.86338695
TSK003244,S082,5.61881716,5.61881716
TSK003244,S083,6.23052982,6.23052982
TSK003244,S084,5.90048927,5.90048927
TSK003244,S085,8.62700108,8.62700108
TSK003244,S086,2.26178464,2.26178464
TSK003244,S087,3.7260751,3.7260751
TSK003244,S088,8.60396734,8.60396734
TSK003244,S089,6.25620095,6.25620095
TSK003244,S090,9.51713647,9.51713647
TSK003244,S091,6.8535845,6.8535845
TSK003244,S092,9.15923126,9.15923126
TSK003244,S093,5.61881716,5.61881716
TSK003244,S094,6.70169161,6.70169161
TSK003244,S095,6.01606082,6.01606082
TSK003244,S096,13.10171516,13.10171516
TSK003244,S097,2.26178464,2.26178464
TSK003244,S098,6.13534154,6.13534154
TSK003244,S099,3.81010823,3.81010823
TSK003244,S100,9.80864197,9.80864197
TSK003251,S001,21.29261753,21.29261753
TSK003251,S002,20.26090271,20.26090271
TSK003251,S003,38.43415902,38.43415902
TSK003251,S004,9.70895981,9.70895981
TSK003251,S005,9.70895981,9.70895981
TSK003251,S006,37.88976197,37.88976197
TSK003251,S007,36.20219004,36.20219004
TSK003251,S008,72.86443825,72.86443825
TSK003251,S009,9.70895981,9.70895981
TSK003251,S010,124.18754135,124.18754135
TSK003251,S011,28.35676774,28.35676774
TSK003251,S012,20.70010482,20.70010482
TSK003251,S013,59.70687689,59.70687689
TSK003251,S014,9.70895981,9.70895981
TSK003251,S015,9.70895981,9.70895981
TSK003251,S016,9.70895981,9.70895981
TSK003251,S017,52.2844978,52.2844978
TSK003251,S018,18.40076618,18.40076618
TSK003251,S019,28.35676774,28.35676774
TSK003251,S020,9.70895981,9.70895981
TSK003251,S021,9.70895981,9.70895981
TSK003251,S022,27.00265288,27.00265288
TSK003251,S023,9.70895981,9.70895981
TSK003251,S024,23.50452027,23.50452027
TSK003251,S025,63.73136326,63.73136326
TSK003251,S026,39.57175701,39.57175701
TSK003251,S027,18.71537629,18.71537629
TSK003251,S028,21.97636121,21.97636121
TSK003251,S029,9.70895981,9.70895981
TSK003251,S030,35.11912155,35.11912155
TSK003251,S031,9.70895981,9.70895981
TSK003251,S032,9.70895981,9.70895981
TSK003251,S033,77.58750827,77.58750827
TSK003251,S034,85.54520051,85.54520051
TSK003251,S035,18.40076618,18.40076618
TSK003251,S036,24.45845367,24.45845367
TSK003251,S037,35.89797101,35.89797101
TSK003251,S038,14.71759734,14.71759734
TSK003251,S039,124.18754135,124.18754135
TSK003251,S040,70.90928674,70.90928674
TSK003251,S041,9.70895981,9.70895981
TSK003251,S042,36.79160287,36.79160287
TSK003251,S043,14.71759734,14.71759734
TSK003251,S044,44.16183625,44.16183625
TSK003251,S045,9.70895981,9.70895981
TSK003251,S046,24.47103925,24.47103925
TSK003251,S047,66.48241378,66.48241378
TSK003251,S048,36.17232642,36.17232642
TSK003251,S049,9.70895981,9.70895981
TSK003251,S050,38.00142974,38.00142974
TSK003251,S051,9.70895981,9.70895981
TSK003251,S052,42.60062094,42.60062094
TSK003251,S053,9.70895981,9.70895981
TSK003251,S054,39.13503876,39.13503876
TSK003251,S055,45.19923863,45.19923863
TSK003251,S056,31.64733636,31.64733636
TSK003251,S057,43.18667631,43.18667631
TSK003251,S058,42.18183661,42.18183661
TSK003251,S059,59.32681592,59.32681592
TSK003251,S060,45.52385502,45.52385502
TSK003251,S061,38.98470459,38.98470459
TSK003251,S062,9.70895981,9.70895981
TSK003251,S063,9.70895981,9.70895981
TSK003251,S064,37.88976197,37.88976197
TSK003251,S065,13.09342364,13.09342364
TSK003251,S066,23.9306002,23.9306002
TSK003251,S067,27.00265288,27.00265288
TSK003251,S068,32.24556,32.24556
TSK003251,S069,9.70895981,9.70895981
TSK003251,S070,9.70895981,9.70895981
TSK003251,S071,9.70895981,9.70895981
TSK003251,S072,9.70895981,9.70895981
TSK003251,S073,47.64929678,47.64929678
TSK003251,S074,68.6062907,68.6062907
TSK003251,S075,50.78125897,50.78125897
TSK003251,S076,31.68666787,31.68666787
TSK003251,S077,9.70895981,9.70895981
TSK003251,S078,28.09873141,28.09873141
TSK003251,S079,45.22482759,45.22482759
TSK003251,S080,9.70895981,9.70895981
TSK003251,S081,43.18667631,43.18667631
TSK003251,S082,30.56250702,30.56250702
TSK003251,S083,26.57178359,26.57178359
TSK003251,S084,26.83294859,26.83294859
TSK003251,S085,59.70687689,59.70687689
TSK003251,S086,9.70895981,9.70895981
TSK003251,S087,14.71759734,14.71759734
TSK003251,S088,55.8251147,55.8251147
TSK003251,S089,32.30682494,32.30682494
TSK003251,S090,71.80415719,71.80415719
TSK003251,S091,44.16183625,44.16183625
TSK003251,S092,49.78587605,49.78587605
TSK003251,S093,30.56250702,30.56250702
TSK003251,S094,32.24556,32.24556
TSK003251,S095,26.47804727,26.47804727
TSK003251,S096,64.77910645,64.77910645
TSK003251,S097,9.70895981,9.70895981
TSK003251,S098,29.73945651,29.73945651
TSK003251,S099,15.8096122,15.8096122
TSK003251,S100,41.01578364,41.01578364
TSK003263,S001,20.17357169,20.17357169
TSK003263,S002,19.15208146,19.15208146
TSK003263,S003,36.29123801,36.29123801
TSK003263,S004,9.20190341,9.20190341
TSK003263,S005,9.20190341,9.20190341
TSK003263,S006,35.92010501,35.92010501
TSK003263,S007,34.05237894,34.05237894
TSK003263,S008,68.90001054,68.90001054
TSK003263,S009,9.20190341,9.20190341
TSK003263,S010,116.69514346,116.69514346
TSK003263,S011,26.7539845,26.7539845
TSK003263,S012,19.59694745,19.59694745
TSK003263,S013,56.21897247,56.21897247
TSK003263,S014,9.20190341,9.20190341
TSK003263,S015,9.20190341,9.20190341
TSK003263,S016,9.20190341,9.20190341
TSK003263,S017,49.25668715,49.25668715
TSK003263,S018,17.40616358,17.40616358
TSK003263,S019,26.7539845,26.7539845
TSK003263,S020,9.20190341,9.20190341
TSK003263,S021,9.20190341,9.20190341
TSK003263,S022,25.45891505,25.45891505
TSK003263,S023,9.20190341,9.20190341
TSK003263,S024,22.38253258,22.38253258
TSK003263,S025,59.96412336,59.96412336
TSK003263,S026,37.34271257,37.34271257
TSK003263,S027,17.75428111,17.75428111
TSK003263,S028,20.7968839,20.7968839
TSK003263,S029,9.20190341,9.20190341
TSK003263,S030,33.19121816,33.19121816
TSK003263,S031,9.20190341,9.20190341
TSK003263,S032,9.20190341,9.20190341
TSK003263,S033,73.0526731,73.0526731
TSK003263,S034,80.7765882,80.7765882
TSK003263,S035,17.40616358,17.40616358
TSK003263,S036,23.07649693,23.07649693
TSK003263,S037,33.82075485,33.82075485
TSK003263,S038,13.96576068,13.96576068
TSK003263,S039,116.69514346,116.69514346
TSK003263,S040,66.77176501,66.77176501
TSK003263,S041,9.20190341,9.20190341
TSK003263,S042,34.71048824,34.71048824
TSK003263,S043,13.96576068,13.96576068
TSK003263,S044,41.5746481,41.5746481
TSK003263,S045,9.20190341,9.20190341
TSK003263,S046,23.15426454,23.15426454
TSK003263,S047,62.47551521,62.47551521
TSK003263,S048,34.11469188,34.11469188
TSK003263,S049,9.20190341,9.20190341
TSK003263,S050,35.81732343,35.81732343
TSK003263,S051,9.20190341,9.20190341
TSK003263,S052,40.16998658,40.16998658
TSK003263,S053,9.20190341,9.20190341
TSK003263,S054,36.89828924,36.89828924
TSK003263,S055,42.95412794,42.95412794
TSK003263,S056,29.93265673,29.93265673
TSK003263,S057,40.74166383,40.74166383
TSK003263,S058,39.74794379,39.74794379
TSK003263,S059,55.87194216,55.87194216
TSK003263,S060,42.88048695,42.88048695
TSK003263,S061,36.72102206,36.72102206
TSK003263,S062,9.20190341,9.20190341
TSK003263,S063,9.20190341,9.20190341
TSK003263,S064,35.92010501,35.92010501
TSK003263,S065,12.39845947,12.39845947
TSK003263,S066,22.6405331,22.6405331
TSK003263,S067,25.45891505,25.45891505
TSK003263,S068,30.4520502,30.4520502
TSK003263,S069,9.20190341,9.20190341
TSK003263,S070,9.20190341,9.20190341
TSK003263,S071,9.20190341,9.20190341
TSK003263,S072,9.20190341,9.20190341
TSK003263,S073,45.02248531,45.02248531
TSK003263,S074,64.75542555,64.75542555
TSK003263,S075,47.8224314,47.8224314
TSK003263,S076,29.91589024,29.91589024
TSK003263,S077,9.20190341,9.20190341
TSK003263,S078,26.4910421,26.4910421
TSK003263,S079,42.70554597,42.70554597
TSK003263,S080,9.20190341,9.20190341
TSK003263,S081,40.74166383,40.74166383
TSK003263,S082,28.8686108,28.8686108
TSK003263,S083,25.16093921,25.16093921
TSK003263,S084,25.37493843,25.37493843
TSK003263,S085,56.21897247,56.21897247
TSK003263,S086,9.20190341,9.20190341
TSK003263,S087,13.96576068,13.96576068
TSK003263,S088,52.55517842,52.55517842
TSK003263,S089,30.51046852,30.51046852
TSK003263,S090,67.58441886,67.58441886
TSK003263,S091,41.5746481,41.5746481
TSK003263,S092,46.92656158,46.92656158
TSK003263,S093,28.8686108,28.8686108
TSK003263,S094,30.4520502,30.4520502
TSK003263,S095,25.03701018,25.03701018
TSK003263,S096,61.34000925,61.34000925
TSK003263,S097,9.20190341,9.20190341
TSK003263,S098,28.11507176,28.11507176
TSK003263,S099,14.98349527,14.98349527
TSK003263,S100,38.86786534,38.86786534
TSK003347,S001,45.71188372,45.71188372
TSK003347,S002,51.00130457,51.00130457
TSK003347,S003,93.78531329,93.78531329
TSK003347,S004,22.93167581,22.93167581
TSK003347,S005,22.93167581,22.93167581
TSK003347,S006,89.80216897,89.80216897
TSK003347,S007,81.95538071,81.95538071
TSK003347,S008,180.98921032,180.98921032
TSK003347,S009,22.93167581,22.93167581
TSK003347,S010,312.24152891,312.24152891
TSK003347,S011,68.10876172,68.10876172
TSK003347,S012,46.9620493,46.9620493
TSK003347,S013,154.70435482,154.70435482
TSK003347,S014,22.93167581,22.93167581
TSK003347,S015,22.93167581,22.93167581
TSK003347,S016,22.93167581,22.93167581
TSK003347,S017,134.82572333,134.82572333
TSK003347,S018,43.4463301,43.4463301
TSK003347,S019,68.10876172,68.10876172
TSK003347,S020,22.93167581,22.93167581
TSK003347,S021,22.93167581,22.93167581
TSK003347,S022,67.65186549,67.65186549
TSK003347,S023,22.93167581,22.93167581
TSK003347,S024,52.80768883,52.80768883
TSK003347,S025,158.3724676,158.3724676
TSK003347,S026,94.54938641,94.54938641
TSK003347,S027,40.94939878,40.94939878
TSK003347,S028,47.82300935,47.82300935
TSK003347,S029,22.93167581,22.93167581
TSK003347,S030,81.93809028,81.93809028
TSK003347,S031,22.93167581,22.93167581
TSK003347,S032,22.93167581,22.93167581
TSK003347,S033,199.28473155,199.28473155
TSK003347,S034,211.72206041,211.72206041
TSK003347,S035,43.4463301,43.4463301
TSK003347,S036,58.07364051,58.07364051
TSK003347,S037,90.97989419,90.97989419
TSK003347,S038,33.80802912,33.80802912
TSK003347,S039,312.24152891,312.24152891
TSK003347,S040,169.95804848,169.95804848
TSK003347,S041,22.93167581,22.93167581
TSK003347,S042,88.53661854,88.53661854
TSK003347,S043,33.80802912,33.80802912
TSK003347,S044,111.35989099,111.35989099
TSK003347,S045,22.93167581,22.93167581
TSK003347,S046,59.23950421,59.23950421
TSK003347,S047,179.41474649,179.41474649
TSK003347,S048,89.73615048,89.73615048
TSK003347,S049,22.93167581,22.93167581
TSK003347,S050,87.22791618,87.22791618
TSK003347,S051,22.93167581,22.93167581
TSK003347,S052,98.95535359,98.95535359
TSK003347,S053,22.93167581,22.93167581
TSK003347,S054,94.7057308,94.7057308
TSK003347,S055,103.68153798,103.68153798
TSK003347,S056,73.53188306,73.53188306
TSK003347,S057,106.06555727,106.06555727
TSK003347,S058,104.23828321,104.23828321
TSK003347,S059,149.07583269,149.07583269
TSK003347,S060,116.58750341,116.58750341
TSK003347,S061,102.50702067,102.50702067
TSK003347,S062,22.93167581,22.93167581
TSK003347,S063,22.93167581,22.93167581
TSK003347,S064,89.80216897,89.80216897
TSK003347,S065,29.63305334,29.63305334
TSK003347,S066,53.69761202,53.69761202
TSK003347,S067,67.65186549,67.65186549
TSK003347,S068,75.85755878,75.85755878
TSK003347,S069,22.93167581,22.93167581
TSK003347,S070,22.93167581,22.93167581
TSK003347,S071,22.93167581,22.93167581
TSK003347,S072,22.93167581,22.93167581
TSK003347,S073,116.39190939,116.39190939
TSK003347,S074,168.82549391,168.82549391
TSK003347,S075,129.58470264,129.58470264
TSK003347,S076,67.75917554,67.75917554
TSK003347,S077,22.93167581,22.93167581
TSK003347,S078,66.3277552,66.3277552
TSK003347,S079,109.29623272,109.29623272
TSK003347,S080,22.93167581,22.93167581
TSK003347,S081,106.06555727,106.06555727
TSK003347,S082,76.40584337,76.40584337
TSK003347,S083,61.47435832,61.47435832
TSK003347,S084,62.8227721,62.8227721
TSK003347,S085,154.70435482,154.70435482
TSK003347,S086,22.93167581,22.93167581
TSK003347,S087,33.80802912,33.80802912
TSK003347,S088,141.13946855,141.13946855
TSK003347,S089,78.67402762,78.67402762
TSK003347,S090,189.85926076,189.85926076
TSK003347,S091,111.35989099,111.35989099
TSK003347,S092,119.87622528,119.87622528
TSK003347,S093,76.40584337,76.40584337
TSK003347,S094,75.85755878,75.85755878
TSK003347,S095,60.76829338,60.76829338
TSK003347,S096,161.94407888,161.94407888
TSK003347,S097,22.93167581,22.93167581
TSK003347,S098,71.5784184,71.5784184
TSK003347,S099,36.5860617,36.5860617
TSK003347,S100,95.14426195,95.14426195
TSK003390,S001,0.26779036,0.26779036
TSK003390,S002,0.16365659,0.16365659
TSK003390,S003,0.33179456,0.33179456
TSK003390,S004,0.10071586,0.10071586
TSK003390,S005,0.10071586,0.10071586
TSK003390,S006,0.39210766,0.39210766
TSK003390,S007,0.3466498,0.3466498
TSK003390,S008,0.62035984,0.62035984
TSK003390,S009,0.10071586,0.10071586
TSK003390,S010,0.82795695,0.82795695
TSK003390,S011,0.2507621,0.2507621
TSK003390,S012,0.22958109,0.22958109
TSK003390,S013,0.37869231,0.37869231
TSK003390,S014,0.10071586,0.10071586
TSK003390,S015,0.10071586,0.10071586
TSK003390,S016,0.10071586,0.10071586
TSK003390,S017,0.34531469,0.34531469
TSK003390,S018,0.1823878,0.1823878
TSK003390,S019,0.2507621,0.2507621
TSK003390,S020,0.10071586,0.10071586
TSK003390,S021,0.10071586,0.10071586
TSK003390,S022,0.20454608,0.20454608
TSK003390,S023,0.10071586,0.10071586
TSK003390,S024,0.29978943,0.29978943
TSK003390,S025,0.46475084,0.46475084
TSK003390,S026,0.35717964,0.35717964
TSK003390,S027,0.23297012,0.23297012
TSK003390,S028,0.26324348,0.26324348
TSK003390,S029,0.10071586,0.10071586
TSK003390,S030,0.35092411,0.35092411
TSK003390,S031,0.10071586,0.10071586
TSK003390,S032,0.10071586,0.10071586
TSK003390,S033,0.51009694,0.51009694
TSK003390,S034,0.70706812,0.70706812
TSK003390,S035,0.1823878,0.1823878
TSK003390,S036,0.22356263,0.22356263
TSK003390,S037,0.25442856,0.25442856
TSK003390,S038,0.16714029,0.16714029
TSK003390,S039,0.82795695,0.82795695
TSK003390,S040,0.59750174,0.59750174
TSK003390,S041,0.10071586,0.10071586
TSK003390,S042,0.3231525,0.3231525
TSK003390,S043,0.16714029,0.16714029
TSK003390,S044,0.31082034,0.31082034
TSK003390,S045,0.10071586,0.10071586
TSK003390,S046,0.22854561,0.22854561
TSK003390,S047,0.31385526,0.31385526
TSK003390,S048,0.28612537,0.28612537
TSK003390,S049,0.10071586,0.10071586
TSK003390,S050,0.36978442,0.36978442
TSK003390,S051,0.10071586,0.10071586
TSK003390,S052,0.40666679,0.40666679
TSK003390,S053,0.10071586,0.10071586
TSK003390,S054,0.33216146,0.33216146
TSK003390,S055,0.53129138,0.53129138
TSK003390,S056,0.32531243,0.32531243
TSK003390,S057,0.35600341,0.35600341
TSK003390,S058,0.32912905,0.32912905
TSK003390,S059,0.42847239,0.42847239
TSK003390,S060,0.30740519,0.30740519
TSK003390,S061,0.23487751,0.23487751
TSK003390,S062,0.10071586,0.10071586
TSK003390,S063,0.10071586,0.10071586
TSK003390,S064,0.39210766,0.39210766
TSK003390,S065,0.1467052,0.1467052
TSK003390,S066,0.2679285,0.2679285
TSK003390,S067,0.20454608,0.20454608
TSK003390,S068,0.30956396,0.30956396
TSK003390,S069,0.10071586,0.10071586
TSK003390,S070,0.10071586,0.10071586
TSK003390,S071,0.10071586,0.10071586
TSK003390,S072,0.10071586,0.10071586
TSK003390,S073,0.41776225,0.41776225
TSK003390,S074,0.57059874,0.57059874
TSK003390,S075,0.34525547,0.34525547
TSK003390,S076,0.37421922,0.37421922
TSK003390,S077,0.10071586,0.10071586
TSK003390,S078,0.25581983,0.25581983
TSK003390,S079,0.40226839,0.40226839
TSK003390,S080,0.10071586,0.10071586
TSK003390,S081,0.35600341,0.35600341
TSK003390,S082,0.24699384,0.24699384
TSK003390,S083,0.28337382,0.28337382
TSK003390,S084,0.26967402,0.26967402
TSK003390,S085,0.37869231,0.37869231
TSK003390,S086,0.10071586,0.10071586
TSK003390,S087,0.16714029,0.16714029
TSK003390,S088,0.3891203,0.3891203
TSK003390,S089,0.28186562,0.28186562
TSK003390,S090,0.4084149,0.4084149
TSK003390,S091,0.31082034,0.31082034
TSK003390,S092,0.42543395,0.42543395
TSK003390,S093,0.24699384,0.24699384
TSK003390,S094,0.30956396,0.30956396
TSK003390,S095,0.27853001,0.27853001
TSK003390,S096,0.56245532,0.56245532
TSK003390,S097,0.10071586,0.10071586
TSK003390,S098,0.27595788,0.27595788
TSK003390,S099,0.17191535,0.17191535
TSK003390,S100,0.4423924,0.4423924
TSK003403,S001,15.06246865,15.06246865
TSK003403,S002,12.07789709,12.07789709
TSK003403,S003,23.68367369,23.68367369
TSK003403,S004,6.27271418,6.27271418
TSK003403,S005,6.27271418,6.27271418
TSK003403,S006,24.40917253,24.40917253
TSK003403,S007,23.87732093,23.87732093
TSK003403,S008,44.18371149,44.18371149
TSK003403,S009,6.27271418,6.27271418
TSK003403,S010,72.69708132,72.69708132
TSK003403,S011,17.74207448,17.74207448
TSK003403,S012,13.88455285,13.88455285
TSK003403,S013,33.86565388,33.86565388
TSK003403,S014,6.27271418,6.27271418
TSK003403,S015,6.27271418,6.27271418
TSK003403,S016,6.27271418,6.27271418
TSK003403,S017,29.89697369,29.89697369
TSK003403,S018,11.82297747,11.82297747
TSK003403,S019,17.74207448,17.74207448
TSK003403,S020,6.27271418,6.27271418
TSK003403,S021,6.27271418,6.27271418
TSK003403,S022,16.05263861,16.05263861
TSK003403,S023,6.27271418,6.27271418
TSK003403,S024,16.18469952,16.18469952
TSK003403,S025,38.00587627,38.00587627
TSK003403,S026,24.91782695,24.91782695
TSK003403,S027,13.06370602,13.06370602
TSK003403,S028,15.31002916,15.31002916
TSK003403,S029,6.27271418,6.27271418
TSK003403,S030,22.78688048,22.78688048
TSK003403,S031,6.27271418,6.27271418
TSK003403,S032,6.27271418,6.27271418
TSK003403,S033,44.50700376,44.50700376
TSK003403,S034,51.85746538,51.85746538
TSK003403,S035,11.82297747,11.82297747
TSK003403,S036,15.49775227,15.49775227
TSK003403,S037,20.98878923,20.98878923
TSK003403,S038,9.81835798,9.81835798
TSK003403,S039,72.69708132,72.69708132
TSK003403,S040,44.20061991,44.20061991
TSK003403,S041,6.27271418,6.27271418
TSK003403,S042,22.9676434,22.9676434
TSK003403,S043,9.81835798,9.81835798
TSK003403,S044,25.91737358,25.91737358
TSK003403,S045,6.27271418,6.27271418
TSK003403,S046,15.31444268,15.31444268
TSK003403,S047,35.39110681,35.39110681
TSK003403,S048,21.78161697,21.78161697
TSK003403,S049,6.27271418,6.27271418
TSK003403,S050,24.86822024,24.86822024
TSK003403,S051,6.27271418,6.27271418
TSK003403,S052,27.57726358,27.57726358
TSK003403,S053,6.27271418,6.27271418
TSK003403,S054,24.2300867,24.2300867
TSK003403,S055,30.3274207,30.3274207
TSK003403,S056,20.6692726,20.6692726
TSK003403,S057,26.33846424,26.33846424
TSK003403,S058,25.44629059,25.44629059
TSK003403,S059,35.01142545,35.01142545
TSK003403,S060,26.24852206,26.24852206
TSK003403,S061,21.70928073,21.70928073
TSK003403,S062,6.27271418,6.27271418
TSK003403,S063,6.27271418,6.27271418
TSK003403,S064,24.40917253,24.40917253
TSK003403,S065,8.80891681,8.80891681
TSK003403,S066,16.19200463,16.19200463
TSK003403,S067,16.05263861,16.05263861
TSK003403,S068,20.69419703,20.69419703
TSK003403,S069,6.27271418,6.27271418
TSK003403,S070,6.27271418,6.27271418
TSK003403,S071,6.27271418,6.27271418
TSK003403,S072,6.27271418,6.27271418
TSK003403,S073,29.38934571,29.38934571
TSK003403,S074,41.814937,41.814937
TSK003403,S075,29.39350329,29.39350329
TSK003403,S076,22.27417771,22.27417771
TSK003403,S077,6.27271418,6.27271418
TSK003403,S078,17.87514845,17.87514845
TSK003403,S079,28.17829823,28.17829823
TSK003403,S080,6.27271418,6.27271418
TSK003403,S081,26.33846424,26.33846424
TSK003403,S082,18.32676843,18.32676843
TSK003403,S083,17.49028698,17.49028698
TSK003403,S084,17.37875736,17.37875736
TSK003403,S085,33.86565388,33.86565388
TSK003403,S086,6.27271418,6.27271418
TSK003403,S087,9.81835798,9.81835798
TSK003403,S088,32.65692259,32.65692259
TSK003403,S089,19.96414981,19.96414981
TSK003403,S090,39.57664578,39.57664578
TSK003403,S091,25.91737358,25.91737358
TSK003403,S092,30.97009664,30.97009664
TSK003403,S093,18.32676843,18.32676843
TSK003403,S094,20.69419703,20.69419703
TSK003403,S095,17.49691549,17.49691549
TSK003403,S096,39.15821102,39.15821102
TSK003403,S097,6.27271418,6.27271418
TSK003403,S098,18.6812658,18.6812658
TSK003403,S099,10.43089409,10.43089409
TSK003403,S100,26.9863626,26.9863626
TSK003411,S001,16.93342809,16.93342809
TSK003411,S002,14.77103457,14.77103457
TSK003411,S003,28.44410607,28.44410607
TSK003411,S004,7.3765727,7.3765727
TSK003411,S005,7.3765727,7.3765727
TSK003411,S006,28.75244173,28.75244173
TSK003411,S007,27.62033103,27.62033103
TSK003411,S008,53.57192427,53.57192427
TSK003411,S009,7.3765727,7.3765727
TSK003411,S010,89.30681221,89.30681221
TSK003411,S011,21.1281233,21.1281233
TSK003411,S012,16.01034806,16.01034806
TSK003411,S013,42.37926656,42.37926656
TSK003411,S014,7.3765727,7.3765727
TSK003411,S015,7.3765727,7.3765727
TSK003411,S016,7.3765727,7.3765727
TSK003411,S017,37.26877382,37.26877382
TSK003411,S018,13.92036821,13.92036821
TSK003411,S019,21.1281233,21.1281233
TSK003411,S020,7.3765727,7.3765727
TSK003411,S021,7.3765727,7.3765727
TSK003411,S022,19.61727099,19.61727099
TSK003411,S023,7.3765727,7.3765727
TSK003411,S024,18.50877861,18.50877861
TSK003411,S025,46.28875782,46.28875782
TSK003411,S026,29.58170155,29.58170155
TSK003411,S027,14.79623477,14.79623477
TSK003411,S028,17.32367562,17.32367562
TSK003411,S029,7.3765727,7.3765727
TSK003411,S030,26.67787034,26.67787034
TSK003411,S031,7.3765727,7.3765727
TSK003411,S032,7.3765727,7.3765727
TSK003411,S033,55.36007348,55.36007348
TSK003411,S034,62.8114593,62.8114593
TSK003411,S035,13.92036821,13.92036821
TSK003411,S036,18.33729899,18.33729899
TSK003411,S037,25.85839627,25.85839627
TSK003411,S038,11.37331757,11.37331757
TSK003411,S039,89.30681221,89.30681221
TSK003411,S040,52.65228505,52.65228505
TSK003411,S041,7.3765727,7.3765727
TSK003411,S042,27.38152231,27.38152231
TSK003411,S043,11.37331757,11.37331757
TSK003411,S044,31.84677303,31.84677303
TSK003411,S045,7.3765727,7.3765727
TSK003411,S046,18.27835663,18.27835663
TSK003411,S047,45.75823121,45.75823121
TSK003411,S048,26.4474994,26.4474994
TSK003411,S049,7.3765727,7.3765727
TSK003411,S050,28.9263945,28.9263945
TSK003411,S051,7.3765727,7.3765727
TSK003411,S052,32.26377471,32.26377471
TSK003411,S053,7.3765727,7.3765727
TSK003411,S054,28.99375536,28.99375536
TSK003411,S055,35.07179307,35.07179307
TSK003411,S056,24.13399673,24.13399673
TSK003411,S057,31.77763543,31.77763543
TSK003411,S058,30.84567401,30.84567401
TSK003411,S059,42.90942772,42.90942772
TSK003411,S060,32.57172258,32.57172258
TSK003411,S061,27.44525788,27.44525788
TSK003411,S062,7.3765727,7.3765727
TSK003411,S063,7.3765727,7.3765727
TSK003411,S064,28.75244173,28.75244173
TSK003411,S065,10.14430427,10.14430427
TSK003411,S066,18.58120917,18.58120917
TSK003411,S067,19.61727099,19.61727099
TSK003411,S068,24.34685306,24.34685306
TSK003411,S069,7.3765727,7.3765727
TSK003411,S070,7.3765727,7.3765727
TSK003411,S071,7.3765727,7.3765727
TSK003411,S072,7.3765727,7.3765727
TSK003411,S073,35.2993398,35.2993398
TSK003411,S074,50.48831267,50.48831267
TSK003411,S075,36.39285052,36.39285052
TSK003411,S076,25.04849657,25.04849657
TSK003411,S077,7.3765727,7.3765727
TSK003411,S078,21.09466832,21.09466832
TSK003411,S079,33.65178931,33.65178931
TSK003411,S080,7.3765727,7.3765727
TSK003411,S081,31.77763543,31.77763543
TSK003411,S082,22.33026139,22.33026139
TSK003411,S083,20.36141403,20.36141403
TSK003411,S084,20.37472121,20.37472121
TSK003411,S085,42.37926656,42.37926656
TSK003411,S086,7.3765727,7.3765727
TSK003411,S087,11.37331757,11.37331757
TSK003411,S088,40.19662196,40.19662196
TSK003411,S089,23.94539439,23.94539439
TSK003411,S090,50.27926245,50.27926245
TSK003411,S091,31.84677303,31.84677303
TSK003411,S092,36.96038162,36.96038162
TSK003411,S093,22.33026139,22.33026139
TSK003411,S094,24.34685306,24.34685306
TSK003411,S095,20.30641555,20.30641555
TSK003411,S096,47.61168632,47.61168632
TSK003411,S097,7.3765727,7.3765727
TSK003411,S098,22.23841122,22.23841122
TSK003411,S099,12.13757768,12.13757768
TSK003411,S100,31.44241961,31.44241961
TSK003414,S001,0.26779036,0.26779036
TSK003414,S002,0.16365659,0.16365659
TSK003414,S003,0.33179456,0.33179456
TSK003414,S004,0.10071586,0.10071586
TSK003414,S005,0.10071586,0.10071586
TSK003414,S006,0.39210766,0.39210766
TSK003414,S007,0.3466498,0.3466498
TSK003414,S008,0.62035984,0.62035984
TSK003414,S009,0.10071586,0.10071586
TSK003414,S010,0.82795695,0.82795695
TSK003414,S011,0.2507621,0.2507621
TSK003414,S012,0.22958109,0.22958109
TSK003414,S013,0.37869231,0.37869231
TSK003414,S014,0.10071586,0.10071586
TSK003414,S015,0.10071586,0.10071586
TSK003414,S016,0.10071586,0.10071586
TSK003414,S017,0.34531469,0.34531469
TSK003414,S018,0.1823878,0.1823878
TSK003414,S019,0.2507621,0.2507621
TSK003414,S020,0.10071586,0.10071586
TSK003414,S021,0.10071586,0.10071586
TSK003414,S022,0.20454608,0.20454608
TSK003414,S023,0.10071586,0.10071586
TSK003414,S024,0.29978943,0.29978943
TSK003414,S025,0.46475084,0.46475084
TSK003414,S026,0.35717964,0.35717964
TSK003414,S027,0.23297012,0.23297012
TSK003414,S028,0.26324348,0.26324348
TSK003414,S029,0.10071586,0.10071586
TSK003414,S030,0.35092411,0.35092411
TSK003414,S031,0.10071586,0.10071586
TSK003414,S032,0.10071586,0.10071586
TSK003414,S033,0.51009694,0.51009694
TSK003414,S034,0.70706812,0.70706812
TSK003414,S035,0.1823878,0.1823878
TSK003414,S036,0.22356263,0.22356263
TSK003414,S037,0.25442856,0.25442856
TSK003414,S038,0.16714029,0.16714029
TSK003414,S039,0.82795695,0.82795695
TSK003414,S040,0.59750174,0.59750174
TSK003414,S041,0.10071586,0.10071586
TSK003414,S042,0.3231525,0.3231525
TSK003414,S043,0.16714029,0.16714029
TSK003414,S044,0.31082034,0.31082034
TSK003414,S045,0.10071586,0.10071586
TSK003414,S046,0.22854561,0.22854561
TSK003414,S047,0.31385526,0.31385526
TSK003414,S048,0.28612537,0.28612537
TSK003414,S049,0.10071586,0.10071586
TSK003414,S050,0.36978442,0.36978442
TSK003414,S051,0.10071586,0.10071586
TSK003414,S052,0.40666679,0.40666679
TSK003414,S053,0.10071586,0.10071586
TSK003414,S054,0.33216146,0.33216146
TSK003414,S055,0.53129138,0.53129138
TSK003414,S056,0.32531243,0.32531243
TSK003414,S057,0.35600341,0.35600341
TSK003414,S058,0.32912905,0.32912905
TSK003414,S059,0.42847239,0.42847239
TSK003414,S060,0.30740519,0.30740519
TSK003414,S061,0.23487751,0.23487751
TSK003414,S062,0.10071586,0.10071586
TSK003414,S063,0.10071586,0.10071586
TSK003414,S064,0.39210766,0.39210766
TSK003414,S065,0.1467052,0.1467052
TSK003414,S066,0.2679285,0.2679285
TSK003414,S067,0.20454608,0.20454608
TSK003414,S068,0.30956396,0.30956396
TSK003414,S069,0.10071586,0.10071586
TSK003414,S070,0.10071586,0.10071586
TSK003414,S071,0.10071586,0.10071586
TSK003414,S072,0.10071586,0.10071586
TSK003414,S073,0.41776225,0.41776225
TSK003414,S074,0.57059874,0.57059874
TSK003414,S075,0.34525547,0.34525547
TSK003414,S076,0.37421922,0.37421922
TSK003414,S077,0.10071586,0.10071586
TSK003414,S078,0.25581983,0.25581983
TSK003414,S079,0.40226839,0.40226839
TSK003414,S080,0.10071586,0.10071586
TSK003414,S081,0.35600341,0.35600341
TSK003414,S082,0.24699384,0.24699384
TSK003414,S083,0.28337382,0.28337382
TSK003414,S084,0.26967402,0.26967402
TSK003414,S085,0.37869231,0.37869231
TSK003414,S086,0.10071586,0.10071586
TSK003414,S087,0.16714029,0.16714029
TSK003414,S088,0.3891203,0.3891203
TSK003414,S089,0.28186562,0.28186562
TSK003414,S090,0.4084149,0.4084149
TSK003414,S091,0.31082034,0.31082034
TSK003414,S092,0.42543395,0.42543395
TSK003414,S093,0.24699384,0.24699384
TSK003414,S094,0.30956396,0.30956396
TSK003414,S095,0.27853001,0.27853001
TSK003414,S096,0.56245532,0.56245532
TSK003414,S097,0.10071586,0.10071586
TSK003414,S098,0.27595788,0.27595788
TSK003414,S099,0.17191535,0.17191535
TSK003414,S100,0.4423924,0.4423924
TSK003448,S001,28.91390183,28.91390183
TSK003448,S002,31.3295075,31.3295075
TSK003448,S003,57.96340686,57.96340686
TSK003448,S004,14.2354545,14.2354545
TSK003448,S005,14.2354545,14.2354545
TSK003448,S006,55.70479385,55.70479385
TSK003448,S007,51.46660277,51.46660277
TSK003448,S008,111.42994069,111.42994069
TSK003448,S009,14.2354545,14.2354545
TSK003448,S010,192.32444644,192.32444644
TSK003448,S011,42.23236337,42.23236337
TSK003448,S012,29.39238158,29.39238158
TSK003448,S013,94.70061379,94.70061379
TSK003448,S014,14.2354545,14.2354545
TSK003448,S015,14.2354545,14.2354545
TSK003448,S016,14.2354545,14.2354545
TSK003448,S017,82.58350649,82.58350649
TSK003448,S018,26.9952525,26.9952525
TSK003448,S019,42.23236337,42.23236337
TSK003448,S020,14.2354545,14.2354545
TSK003448,S021,14.2354545,14.2354545
TSK003448,S022,41.63815103,41.63815103
TSK003448,S023,14.2354545,14.2354545
TSK003448,S024,33.02401756,33.02401756
TSK003448,S025,97.70357626,97.70357626
TSK003448,S026,58.67953205,58.67953205
TSK003448,S027,25.78747144,25.78747144
TSK003448,S028,30.18374954,30.18374954
TSK003448,S029,14.2354545,14.2354545
TSK003448,S030,51.04705493,51.04705493
TSK003448,S031,14.2354545,14.2354545
TSK003448,S032,14.2354545,14.2354545
TSK003448,S033,122.17986773,122.17986773
TSK003448,S034,130.51474406,130.51474406
TSK003448,S035,26.9952525,26.9952525
TSK003448,S036,36.08714653,36.08714653
TSK003448,S037,55.89756763,55.89756763
TSK003448,S038,21.08653241,21.08653241
TSK003448,S039,192.32444644,192.32444644
TSK003448,S040,105.51634111,105.51634111
TSK003448,S041,14.2354545,14.2354545
TSK003448,S042,54.88071746,54.88071746
TSK003448,S043,21.08653241,21.08653241
TSK003448,S044,68.50269906,68.50269906
TSK003448,S045,14.2354545,14.2354545
TSK003448,S046,36.63364279,36.63364279
TSK003448,S047,109.14171609,109.14171609
TSK003448,S048,55.32205023,55.32205023
TSK003448,S049,14.2354545,14.2354545
TSK003448,S050,54.57982177,54.57982177
TSK003448,S051,14.2354545,14.2354545
TSK003448,S052,61.76381437,61.76381437
TSK003448,S053,14.2354545,14.2354545
TSK003448,S054,58.65949133,58.65949133
TSK003448,S055,64.64119466,64.64119466
TSK003448,S056,45.83072759,45.83072759
TSK003448,S057,65.50106325,65.50106325
TSK003448,S058,64.33166921,64.33166921
TSK003448,S059,91.74731224,91.74731224
TSK003448,S060,71.50394188,71.50394188
TSK003448,S061,62.57832661,62.57832661
TSK003448,S062,14.2354545,14.2354545
TSK003448,S063,14.2354545,14.2354545
TSK003448,S064,55.70479385,55.70479385
TSK003448,S065,18.55337289,18.55337289
TSK003448,S066,33.69012092,33.69012092
TSK003448,S067,41.63815103,41.63815103
TSK003448,S068,47.20105346,47.20105346
TSK003448,S069,14.2354545,14.2354545
TSK003448,S070,14.2354545,14.2354545
TSK003448,S071,14.2354545,14.2354545
TSK003448,S072,14.2354545,14.2354545
TSK003448,S073,71.9010898,71.9010898
TSK003448,S074,104.19850061,104.19850061
TSK003448,S075,79.53300747,79.53300747
TSK003448,S076,42.96595492,42.96595492
TSK003448,S077,14.2354545,14.2354545
TSK003448,S078,41.27553109,41.27553109
TSK003448,S079,67.66850114,67.66850114
TSK003448,S080,14.2354545,14.2354545
TSK003448,S081,65.50106325,65.50106325
TSK003448,S082,47.00766403,47.00766403
TSK003448,S083,38.3271615,38.3271615
TSK003448,S084,39.10222491,39.10222491
TSK003448,S085,94.70061379,94.70061379
TSK003448,S086,14.2354545,14.2354545
TSK003448,S087,21.08653241,21.08653241
TSK003448,S088,86.78033171,86.78033171
TSK003448,S089,48.63870505,48.63870505
TSK003448,S090,115.82769249,115.82769249
TSK003448,S091,68.50269906,68.50269906
TSK003448,S092,74.32863897,74.32863897
TSK003448,S093,47.00766403,47.00766403
TSK003448,S094,47.20105346,47.20105346
TSK003448,S095,37.96927155,37.96927155
TSK003448,S096,99.53038762,99.53038762
TSK003448,S097,14.2354545,14.2354545
TSK003448,S098,44.32780275,44.32780275
TSK003448,S099,22.79981123,22.79981123
TSK003448,S100,59.26857508,59.26857508
TSK003528,S001,11.12591689,11.12591689
TSK003528,S002,7.66256207,7.66256207
TSK003528,S003,15.42308251,15.42308251
TSK003528,S004,4.33193065,4.33193065
TSK003528,S005,4.33193065,4.33193065
TSK003528,S006,16.83627196,16.83627196
TSK003528,S007,16.22357286,16.22357286
TSK003528,S008,28.54496052,28.54496052
TSK003528,S009,4.33193065,4.33193065
TSK003528,S010,43.83627612,43.83627612
TSK003528,S011,11.67063777,11.67063777
TSK003528,S012,9.83130208,9.83130208
TSK003528,S013,19.95097667,19.95097667
TSK003528,S014,4.33193065,4.33193065
TSK003528,S015,4.33193065,4.33193065
TSK003528,S016,4.33193065,4.33193065
TSK003528,S017,17.82931176,17.82931176
TSK003528,S018,8.0577028,8.0577028
TSK003528,S019,11.67063777,11.67063777
TSK003528,S020,4.33193065,4.33193065
TSK003528,S021,4.33193065,4.33193065
TSK003528,S022,10.01883216,10.01883216
TSK003528,S023,4.33193065,4.33193065
TSK003528,S024,11.96290387,11.96290387
TSK003528,S025,23.53651593,23.53651593
TSK003528,S026,16.50180917,16.50180917
TSK003528,S027,9.60572381,9.60572381
TSK003528,S028,11.13534778,11.13534778
TSK003528,S029,4.33193065,4.33193065
TSK003528,S030,15.59544021,15.59544021
TSK003528,S031,4.33193065,4.33193065
TSK003528,S032,4.33193065,4.33193065
TSK003528,S033,26.54816613,26.54816613
TSK003528,S034,33.25407711,33.25407711
TSK003528,S035,8.0577028,8.0577028
TSK003528,S036,10.31187511,10.31187511
TSK003528,S037,12.82499642,12.82499642
TSK003528,S038,6.99082644,6.99082644
TSK003528,S039,43.83627612,43.83627612
TSK003528,S040,28.70487346,28.70487346
TSK003528,S041,4.33193065,4.33193065
TSK003528,S042,15.07364602,15.07364602
TSK003528,S043,6.99082644,6.99082644
TSK003528,S044,15.83255772,15.83255772
TSK003528,S045,4.33193065,4.33193065
TSK003528,S046,10.21474277,10.21474277
TSK003528,S047,19.04610847,19.04610847
TSK003528,S048,13.79157853,13.79157853
TSK003528,S049,4.33193065,4.33193065
TSK003528,S050,16.93569744,16.93569744
TSK003528,S051,4.33193065,4.33193065
TSK003528,S052,18.64493266,18.64493266
TSK003528,S053,4.33193065,4.33193065
TSK003528,S054,15.7336586,15.7336586
TSK003528,S055,21.82198878,21.82198878
TSK003528,S056,14.27069874,14.27069874
TSK003528,S057,16.90866932,16.90866932
TSK003528,S058,16.06861263,16.06861263
TSK003528,S059,21.55664398,21.55664398
TSK003528,S060,15.78215709,15.78215709
TSK003528,S061,12.5493807,12.5493807
TSK003528,S062,4.33193065,4.33193065
TSK003528,S063,4.33193065,4.33193065
TSK003528,S064,16.83627196,16.83627196
TSK003528,S065,6.25780069,6.25780069
TSK003528,S066,11.5113555,11.5113555
TSK003528,S067,10.01883216,10.01883216
TSK003528,S068,13.98388778,13.98388778
TSK003528,S069,4.33193065,4.33193065
TSK003528,S070,4.33193065,4.33193065
TSK003528,S071,4.33193065,4.33193065
TSK003528,S072,4.33193065,4.33193065
TSK003528,S073,19.21767719,19.21767719
TSK003528,S074,26.89765287,26.89765287
TSK003528,S075,17.72620677,17.72620677
TSK003528,S076,16.15923509,16.15923509
TSK003528,S077,4.33193065,4.33193065
TSK003528,S078,11.89362134,11.89362134
TSK003528,S079,18.54235036,18.54235036
TSK003528,S080,4.33193065,4.33193065
TSK003528,S081,16.90866932,16.90866932
TSK003528,S082,11.64955076,11.64955076
TSK003528,S083,12.21304299,12.21304299
TSK003528,S084,11.90739436,11.90739436
TSK003528,S085,19.95097667,19.95097667
TSK003528,S086,4.33193065,4.33193065
TSK003528,S087,6.99082644,6.99082644
TSK003528,S088,19.882825,19.882825
TSK003528,S089,13.04521264,13.04521264
TSK003528,S090,22.49541216,22.49541216
TSK003528,S091,15.83255772,15.83255772
TSK003528,S092,20.16970808,20.16970808
TSK003528,S093,11.64955076,11.64955076
TSK003528,S094,13.98388778,13.98388778
TSK003528,S095,12.18221888,12.18221888
TSK003528,S096,25.40206177,25.40206177
TSK003528,S097,4.33193065,4.33193065
TSK003528,S098,12.45105225,12.45105225
TSK003528,S099,7.32517441,7.32517441
TSK003528,S100,18.89999904,18.89999904
TSK003576,S001,53.9989592,53.9989592
TSK003576,S002,58.31323081,58.31323081
TSK003576,S003,108.01109339,108.01109339
TSK003576,S004,28.5783795,28.5783795
TSK003576,S005,28.5783795,28.5783795
TSK003576,S006,118.88547601,118.88547601
TSK003576,S007,93.68425808,93.68425808
TSK003576,S008,213.95007404,213.95007404
TSK003576,S009,28.5783795,28.5783795
TSK003576,S010,386.67276562,386.67276562
TSK003576,S011,77.3643276,77.3643276
TSK003576,S012,58.24077626,58.24077626
TSK003576,S013,179.16265336,179.16265336
TSK003576,S014,28.5783795,28.5783795
TSK003576,S015,28.5783795,28.5783795
TSK003576,S016,28.5783795,28.5783795
TSK003576,S017,184.74998259,184.74998259
TSK003576,S018,54.12447429,54.12447429
TSK003576,S019,77.3643276,77.3643276
TSK003576,S020,28.5783795,28.5783795
TSK003576,S021,28.5783795,28.5783795
TSK003576,S022,79.74053879,79.74053879
TSK003576,S023,28.5783795,28.5783795
TSK003576,S024,61.7745558,61.7745558
TSK003576,S025,211.27562345,211.27562345
TSK003576,S026,122.78441819,122.78441819
TSK003576,S027,48.53074646,48.53074646
TSK003576,S028,56.26111094,56.26111094
TSK003576,S029,28.5783795,28.5783795
TSK003576,S030,92.55076372,92.55076372
TSK003576,S031,28.5783795,28.5783795
TSK003576,S032,28.5783795,28.5783795
TSK003576,S033,267.26253195,267.26253195
TSK003576,S034,250.90890091,250.90890091
TSK003576,S035,54.12447429,54.12447429
TSK003576,S036,70.04613599,70.04613599
TSK003576,S037,101.24246822,101.24246822
TSK003576,S038,40.39636945,40.39636945
TSK003576,S039,386.67276562,386.67276562
TSK003576,S040,187.72893905,187.72893905
TSK003576,S041,28.5783795,28.5783795
TSK003576,S042,106.09746679,106.09746679
TSK003576,S043,40.39636945,40.39636945
TSK003576,S044,136.73941094,136.73941094
TSK003576,S045,28.5783795,28.5783795
TSK003576,S046,77.56664572,77.56664572
TSK003576,S047,244.83527531,244.83527531
TSK003576,S048,106.89149788,106.89149788
TSK003576,S049,28.5783795,28.5783795
TSK003576,S050,98.92828817,98.92828817
TSK003576,S051,28.5783795,28.5783795
TSK003576,S052,121.48985412,121.48985412
TSK003576,S053,28.5783795,28.5783795
TSK003576,S054,109.35766986,109.35766986
TSK003576,S055,125.47596712,125.47596712
TSK003576,S056,90.3610749,90.3610749
TSK003576,S057,117.8328345,117.8328345
TSK003576,S058,129.38512554,129.38512554
TSK003576,S059,168.01479644,168.01479644
TSK003576,S060,158.74434774,158.74434774
TSK003576,S061,116.25382397,116.25382397
TSK003576,S062,28.5783795,28.5783795
TSK003576,S063,28.5783795,28.5783795
TSK003576,S064,118.88547601,118.88547601
TSK003576,S065,36.07920504,36.07920504
TSK003576,S066,65.72545272,65.72545272
TSK003576,S067,79.74053879,79.74053879
TSK003576,S068,96.03657043,96.03657043
TSK003576,S069,28.5783795,28.5783795
TSK003576,S070,28.5783795,28.5783795
TSK003576,S071,28.5783795,28.5783795
TSK003576,S072,28.5783795,28.5783795
TSK003576,S073,143.19304514,143.19304514
TSK003576,S074,191.77845871,191.77845871
TSK003576,S075,176.11899507,176.11899507
TSK003576,S076,78.59615913,78.59615913
TSK003576,S077,28.5783795,28.5783795
TSK003576,S078,75.75024645,75.75024645
TSK003576,S079,141.70851914,141.70851914
TSK003576,S080,28.5783795,28.5783795
TSK003576,S081,117.8328345,117.8328345
TSK003576,S082,102.42130394,102.42130394
TSK003576,S083,73.7160288,73.7160288
TSK003576,S084,78.51216532,78.51216532
TSK003576,S085,179.16265336,179.16265336
TSK003576,S086,28.5783795,28.5783795
TSK003576,S087,40.39636945,40.39636945
TSK003576,S088,171.94650756,171.94650756
TSK003576,S089,98.53268994,98.53268994
TSK003576,S090,236.03512839,236.03512839
TSK003576,S091,136.73941094,136.73941094
TSK003576,S092,150.12736416,150.12736416
TSK003576,S093,102.42130394,102.42130394
TSK003576,S094,96.03657043,96.03657043
TSK003576,S095,69.8148878,69.8148878
TSK003576,S096,190.46800971,190.46800971
TSK003576,S097,28.5783795,28.5783795
TSK003576,S098,80.86639891,80.86639891
TSK003576,S099,43.40675256,43.40675256
TSK003576,S100,114.98405241,114.98405241
TSK003659,S001,42.43627987,42.43627987
TSK003659,S002,45.44454724,45.44454724
TSK003659,S003,84.20329753,84.20329753
TSK003659,S004,22.36654805,22.36654805
TSK003659,S005,22.36654805,22.36654805
TSK003659,S006,92.97879276,92.97879276
TSK003659,S007,73.13728173,73.13728173
TSK003659,S008,166.93840744,166.93840744
TSK003659,S009,22.36654805,22.36654805
TSK003659,S010,300.12529758,300.12529758
TSK003659,S011,60.3463232,60.3463232
TSK003659,S012,45.59747353,45.59747353
TSK003659,S013,139.10627673,139.10627673
TSK003659,S014,22.36654805,22.36654805
TSK003659,S015,22.36654805,22.36654805
TSK003659,S016,22.36654805,22.36654805
TSK003659,S017,143.39650902,143.39650902
TSK003659,S018,42.28427601,42.28427601
TSK003659,S019,60.3463232,60.3463232
TSK003659,S020,22.36654805,22.36654805
TSK003659,S021,22.36654805,22.36654805
TSK003659,S022,62.04807844,62.04807844
TSK003659,S023,22.36654805,22.36654805
TSK003659,S024,48.64262635,48.64262635
TSK003659,S025,164.11997918,164.11997918
TSK003659,S026,95.6811583,95.6811583
TSK003659,S027,38.13235973,38.13235973
TSK003659,S028,44.1557125,44.1557125
TSK003659,S029,22.36654805,22.36654805
TSK003659,S030,72.35200409,72.35200409
TSK003659,S031,22.36654805,22.36654805
TSK003659,S032,22.36654805,22.36654805
TSK003659,S033,207.41715356,207.41715356
TSK003659,S034,195.39077326,195.39077326
TSK003659,S035,42.28427601,42.28427601
TSK003659,S036,54.64259971,54.64259971
TSK003659,S037,78.72652449,78.72652449
TSK003659,S038,31.6740789,31.6740789
TSK003659,S039,300.12529758,300.12529758
TSK003659,S040,146.26885144,146.26885144
TSK003659,S041,22.36654805,22.36654805
TSK003659,S042,82.69975526,82.69975526
TSK003659,S043,31.6740789,31.6740789
TSK003659,S044,106.24426724,106.24426724
TSK003659,S045,22.36654805,22.36654805
TSK003659,S046,60.49923896,60.49923896
TSK003659,S047,189.54435097,189.54435097
TSK003659,S048,83.20203894,83.20203894
TSK003659,S049,22.36654805,22.36654805
TSK003659,S050,77.27333056,77.27333056
TSK003659,S051,22.36654805,22.36654805
TSK003659,S052,94.78978402,94.78978402
TSK003659,S053,22.36654805,22.36654805
TSK003659,S054,85.21597424,85.21597424
TSK003659,S055,98.59410003,98.59410003
TSK003659,S056,70.63415433,70.63415433
TSK003659,S057,91.81147785,91.81147785
TSK003659,S058,100.65037211,100.65037211
TSK003659,S059,130.70150746,130.70150746
TSK003659,S060,123.24109895,123.24109895
TSK003659,S061,90.23818693,90.23818693
TSK003659,S062,22.36654805,22.36654805
TSK003659,S063,22.36654805,22.36654805
TSK003659,S064,92.97879276,92.97879276
TSK003659,S065,28.27486642,28.27486642
TSK003659,S066,51.46827374,51.46827374
TSK003659,S067,62.04807844,62.04807844
TSK003659,S068,74.93583218,74.93583218
TSK003659,S069,22.36654805,22.36654805
TSK003659,S070,22.36654805,22.36654805
TSK003659,S071,22.36654805,22.36654805
TSK003659,S072,22.36654805,22.36654805
TSK003659,S073,111.65934615,111.65934615
TSK003659,S074,149.40516266,149.40516266
TSK003659,S075,136.73123241,136.73123241
TSK003659,S076,61.65113069,61.65113069
TSK003659,S077,22.36654805,22.36654805
TSK003659,S078,59.10803708,59.10803708
TSK003659,S079,110.40755816,110.40755816
TSK003659,S080,22.36654805,22.36654805
TSK003659,S081,91.81147785,91.81147785
TSK003659,S082,79.69908254,79.69908254
TSK003659,S083,57.67997928,57.67997928
TSK003659,S084,61.3299382,61.3299382
TSK003659,S085,139.10627673,139.10627673
TSK003659,S086,22.36654805,22.36654805
TSK003659,S087,31.6740789,31.6740789
TSK003659,S088,133.58127031,133.58127031
TSK003659,S089,76.78109098,76.78109098
TSK003659,S090,183.01650367,183.01650367
TSK003659,S091,106.24426724,106.24426724
TSK003659,S092,116.90918934,116.90918934
TSK003659,S093,79.69908254,79.69908254
TSK003659,S094,74.93583218,74.93583218
TSK003659,S095,54.63533791,54.63533791
TSK003659,S096,148.76694353,148.76694353
TSK003659,S097,22.36654805,22.36654805
TSK003659,S098,63.14125414,63.14125414
TSK003659,S099,34.00036467,34.00036467
TSK003659,S100,90.08590239,90.08590239
TSK003663,S001,19.3674069,19.3674069
TSK003663,S002,19.47006193,19.47006193
TSK003663,S003,36.31448674,36.31448674
TSK003663,S004,9.17739631,9.17739631
TSK003663,S005,9.17739631,9.17739631
TSK003663,S006,35.89854387,35.89854387
TSK003663,S007,32.70150104,32.70150104
TSK003663,S008,69.71660826,69.71660826
TSK003663,S009,9.17739631,9.17739631
TSK003663,S010,116.73065736,116.73065736
TSK003663,S011,26.53919547,26.53919547
TSK003663,S012,19.17667414,19.17667414
TSK003663,S013,57.2752157,57.2752157
TSK003663,S014,9.17739631,9.17739631
TSK003663,S015,9.17739631,9.17739631
TSK003663,S016,9.17739631,9.17739631
TSK003663,S017,50.14862179,50.14862179
TSK003663,S018,17.26780406,17.26780406
TSK003663,S019,26.53919547,26.53919547
TSK003663,S020,9.17739631,9.17739631
TSK003663,S021,9.17739631,9.17739631
TSK003663,S022,25.65565614,25.65565614
TSK003663,S023,9.17739631,9.17739631
TSK003663,S024,22.17064784,22.17064784
TSK003663,S025,59.8906586,59.8906586
TSK003663,S026,36.98383003,36.98383003
TSK003663,S027,17.22910194,17.22910194
TSK003663,S028,20.00260595,20.00260595
TSK003663,S029,9.17739631,9.17739631
TSK003663,S030,32.69080151,32.69080151
TSK003663,S031,9.17739631,9.17739631
TSK003663,S032,9.17739631,9.17739631
TSK003663,S033,74.13854829,74.13854829
TSK003663,S034,81.30824923,81.30824923
TSK003663,S035,17.26780406,17.26780406
TSK003663,S036,22.78487167,22.78487167
TSK003663,S037,34.18278768,34.18278768
TSK003663,S038,13.82059691,13.82059691
TSK003663,S039,116.73065736,116.73065736
TSK003663,S040,65.83235636,65.83235636
TSK003663,S041,9.17739631,9.17739631
TSK003663,S042,34.45462432,34.45462432
TSK003663,S043,13.82059691,13.82059691
TSK003663,S044,41.84495043,41.84495043
TSK003663,S045,9.17739631,9.17739631
TSK003663,S046,23.22009961,23.22009961
TSK003663,S047,64.4696198,64.4696198
TSK003663,S048,34.26330916,34.26330916
TSK003663,S049,9.17739631,9.17739631
TSK003663,S050,34.78481453,34.78481453
TSK003663,S051,9.17739631,9.17739631
TSK003663,S052,39.24751253,39.24751253
TSK003663,S053,9.17739631,9.17739631
TSK003663,S054,36.64950516,36.64950516
TSK003663,S055,42.65504232,42.65504232
TSK003663,S056,29.4930053,29.4930053
TSK003663,S057,40.77837211,40.77837211
TSK003663,S058,39.76445756,39.76445756
TSK003663,S059,56.2063029,56.2063029
TSK003663,S060,43.50934277,43.50934277
TSK003663,S061,37.68671974,37.68671974
TSK003663,S062,9.17739631,9.17739631
TSK003663,S063,9.17739631,9.17739631
TSK003663,S064,35.89854387,35.89854387
TSK003663,S065,12.12861985,12.12861985
TSK003663,S066,22.02028833,22.02028833
TSK003663,S067,25.65565614,25.65565614
TSK003663,S068,30.03030381,30.03030381
TSK003663,S069,9.17739631,9.17739631
TSK003663,S070,9.17739631,9.17739631
TSK003663,S071,9.17739631,9.17739631
TSK003663,S072,9.17739631,9.17739631
TSK003663,S073,45.15026919,45.15026919
TSK003663,S074,64.95528328,64.95528328
TSK003663,S075,48.42192674,48.42192674
TSK003663,S076,28.39233307,28.39233307
TSK003663,S077,9.17739631,9.17739631
TSK003663,S078,26.04021198,26.04021198
TSK003663,S079,42.56918819,42.56918819
TSK003663,S080,9.17739631,9.17739631
TSK003663,S081,40.77837211,40.77837211
TSK003663,S082,29.2070831,29.2070831
TSK003663,S083,24.82625785,24.82625785
TSK003663,S084,25.06746098,25.06746098
TSK003663,S085,57.2752157,57.2752157
TSK003663,S086,9.17739631,9.17739631
TSK003663,S087,13.82059691,13.82059691
TSK003663,S088,52.95743177,52.95743177
TSK003663,S089,30.51757517,30.51757517
TSK003663,S090,69.39810137,69.39810137
TSK003663,S091,41.84495043,41.84495043
TSK003663,S092,46.47642807,46.47642807
TSK003663,S093,29.2070831,29.2070831
TSK003663,S094,30.03030381,30.03030381
TSK003663,S095,24.53140271,24.53140271
TSK003663,S096,62.4599752,62.4599752
TSK003663,S097,9.17739631,9.17739631
TSK003663,S098,28.06433295,28.06433295
TSK003663,S099,14.82145659,14.82145659
TSK003663,S100,38.47137884,38.47137884
TSK003686,S001,18.15609608,18.15609608
TSK003686,S002,16.38564923,16.38564923
TSK003686,S003,31.35109669,31.35109669
TSK003686,S004,8.05359079,8.05359079
TSK003686,S005,8.05359079,8.05359079
TSK003686,S006,31.40889384,31.40889384
TSK003686,S007,30.04063012,30.04063012
TSK003686,S008,59.22912703,59.22912703
TSK003686,S009,8.05359079,8.05359079
TSK003686,S010,99.45414144,99.45414144
TSK003686,S011,23.21857923,23.21857923
TSK003686,S012,17.35081793,17.35081793
TSK003686,S013,47.4784089,47.4784089
TSK003686,S014,8.05359079,8.05359079
TSK003686,S015,8.05359079,8.05359079
TSK003686,S016,8.05359079,8.05359079
TSK003686,S017,41.68626575,41.68626575
TSK003686,S018,15.21576361,15.21576361
TSK003686,S019,23.21857923,23.21857923
TSK003686,S020,8.05359079,8.05359079
TSK003686,S021,8.05359079,8.05359079
TSK003686,S022,21.77640768,21.77640768
TSK003686,S023,8.05359079,8.05359079
TSK003686,S024,19.94994004,19.94994004
TSK003686,S025,51.35795543,51.35795543
TSK003686,S026,32.46725014,32.46725014
TSK003686,S027,15.90667844,15.90667844
TSK003686,S028,18.6323763,18.6323763
TSK003686,S029,8.05359079,8.05359079
TSK003686,S030,29.10499496,29.10499496
TSK003686,S031,8.05359079,8.05359079
TSK003686,S032,8.05359079,8.05359079
TSK003686,S033,61.88603134,61.88603134
TSK003686,S034,69.45358145,69.45358145
TSK003686,S035,15.21576361,15.21576361
TSK003686,S036,20.10132119,20.10132119
TSK003686,S037,28.79880108,28.79880108
TSK003686,S038,12.33788217,12.33788217
TSK003686,S039,99.45414144,99.45414144
TSK003686,S040,57.90976505,57.90976505
TSK003686,S041,8.05359079,8.05359079
TSK003686,S042,30.10416136,30.10416136
TSK003686,S043,12.33788217,12.33788217
TSK003686,S044,35.44387437,35.44387437
TSK003686,S045,8.05359079,8.05359079
TSK003686,S046,20.08324168,20.08324168
TSK003686,S047,51.89792025,51.89792025
TSK003686,S048,29.28438183,29.28438183
TSK003686,S049,8.05359079,8.05359079
TSK003686,S050,31.50800262,31.50800262
TSK003686,S051,8.05359079,8.05359079
TSK003686,S052,35.21856501,35.21856501
TSK003686,S053,8.05359079,8.05359079
TSK003686,S054,31.92946782,31.92946782
TSK003686,S055,38.00065808,38.00065808
TSK003686,S056,26.29464067,26.29464067
TSK003686,S057,35.0981052,35.0981052
TSK003686,S058,34.14381336,34.14381336
TSK003686,S059,47.70331733,47.70331733
TSK003686,S060,36.37424027,36.37424027
TSK003686,S061,30.85578614,30.85578614
TSK003686,S062,8.05359079,8.05359079
TSK003686,S063,8.05359079,8.05359079
TSK003686,S064,31.40889384,31.40889384
TSK003686,S065,10.98693734,10.98693734
TSK003686,S066,20.10231778,20.10231778
TSK003686,S067,21.77640768,21.77640768
TSK003686,S068,26.62058885,26.62058885
TSK003686,S069,8.05359079,8.05359079
TSK003686,S070,8.05359079,8.05359079
TSK003686,S071,8.05359079,8.05359079
TSK003686,S072,8.05359079,8.05359079
TSK003686,S073,38.89859304,38.89859304
TSK003686,S074,55.76928486,55.76928486
TSK003686,S075,40.61147294,40.61147294
TSK003686,S076,26.89376904,26.89376904
TSK003686,S077,8.05359079,8.05359079
TSK003686,S078,23.10655787,23.10655787
TSK003686,S079,37.01024766,37.01024766
TSK003686,S080,8.05359079,8.05359079
TSK003686,S081,35.0981052,35.0981052
TSK003686,S082,24.74366815,24.74366815
TSK003686,S083,22.14896905,22.14896905
TSK003686,S084,22.23589415,22.23589415
TSK003686,S085,47.4784089,47.4784089
TSK003686,S086,8.05359079,8.05359079
TSK003686,S087,12.33788217,12.33788217
TSK003686,S088,44.76486477,44.76486477
TSK003686,S089,26.37778149,26.37778149
TSK003686,S090,56.64172084,56.64172084
TSK003686,S091,35.44387437,35.44387437
TSK003686,S092,40.66551969,40.66551969
TSK003686,S093,24.74366815,24.74366815
TSK003686,S094,26.62058885,26.62058885
TSK003686,S095,22.07311208,22.07311208
TSK003686,S096,52.66781178,52.66781178
TSK003686,S097,8.05359079,8.05359079
TSK003686,S098,24.41730253,24.41730253
TSK003686,S099,13.19652544,13.19652544
TSK003686,S100,34.20466011,34.20466011
TSK003820,S001,16.22268235,16.22268235
TSK003820,S002,15.41879304,15.41879304
TSK003820,S003,28.98014363,28.98014363
TSK003820,S004,7.46708059,7.46708059
TSK003820,S005,7.46708059,7.46708059
TSK003820,S006,29.19316581,29.19316581
TSK003820,S007,26.49443834,26.49443834
TSK003820,S008,55.50013016,55.50013016
TSK003820,S009,7.46708059,7.46708059
TSK003820,S010,91.12557332,91.12557332
TSK003820,S011,21.24796687,21.24796687
TSK003820,S012,15.76300964,15.76300964
TSK003820,S013,44.48465488,44.48465488
TSK003820,S014,7.46708059,7.46708059
TSK003820,S015,7.46708059,7.46708059
TSK003820,S016,7.46708059,7.46708059
TSK003820,S017,39.06619829,39.06619829
TSK003820,S018,13.98859549,13.98859549
TSK003820,S019,21.24796687,21.24796687
TSK003820,S020,7.46708059,7.46708059
TSK003820,S021,7.46708059,7.46708059
TSK003820,S022,20.22133227,20.22133227
TSK003820,S023,7.46708059,7.46708059
TSK003820,S024,18.51818526,18.51818526
TSK003820,S025,47.09268925,47.09268925
TSK003820,S026,29.67553036,29.67553036
TSK003820,S027,14.38822379,14.38822379
TSK003820,S028,16.6416433,16.6416433
TSK003820,S029,7.46708059,7.46708059
TSK003820,S030,26.52898008,26.52898008
TSK003820,S031,7.46708059,7.46708059
TSK003820,S032,7.46708059,7.46708059
TSK003820,S033,57.7494674,57.7494674
TSK003820,S034,64.5853105,64.5853105
TSK003820,S035,13.98859549,13.98859549
TSK003820,S036,18.31178416,18.31178416
TSK003820,S037,26.78900445,26.78900445
TSK003820,S038,11.37576965,11.37576965
TSK003820,S039,91.12557332,91.12557332
TSK003820,S040,52.49563626,52.49563626
TSK003820,S041,7.46708059,7.46708059
TSK003820,S042,27.56500816,27.56500816
TSK003820,S043,11.37576965,11.37576965
TSK003820,S044,32.78719724,32.78719724
TSK003820,S045,7.46708059,7.46708059
TSK003820,S046,18.67014641,18.67014641
TSK003820,S047,49.12203196,49.12203196
TSK003820,S048,27.1150986,27.1150986
TSK003820,S049,7.46708059,7.46708059
TSK003820,S050,28.19405815,28.19405815
TSK003820,S051,7.46708059,7.46708059
TSK003820,S052,31.7230796,31.7230796
TSK003820,S053,7.46708059,7.46708059
TSK003820,S054,29.22269919,29.22269919
TSK003820,S055,35.24182186,35.24182186
TSK003820,S056,24.00813488,24.00813488
TSK003820,S057,32.40156602,32.40156602
TSK003820,S058,31.44252097,31.44252097
TSK003820,S059,44.13305258,44.13305258
TSK003820,S060,33.9595387,33.9595387
TSK003820,S061,29.15087698,29.15087698
TSK003820,S062,7.46708059,7.46708059
TSK003820,S063,7.46708059,7.46708059
TSK003820,S064,29.19316581,29.19316581
TSK003820,S065,9.98234033,9.98234033
TSK003820,S066,18.13607797,18.13607797
TSK003820,S067,20.22133227,20.22133227
TSK003820,S068,24.26135111,24.26135111
TSK003820,S069,7.46708059,7.46708059
TSK003820,S070,7.46708059,7.46708059
TSK003820,S071,7.46708059,7.46708059
TSK003820,S072,7.46708059,7.46708059
TSK003820,S073,36.07661754,36.07661754
TSK003820,S074,51.64295732,51.64295732
TSK003820,S075,37.81988864,37.81988864
TSK003820,S076,23.62371821,23.62371821
TSK003820,S077,7.46708059,7.46708059
TSK003820,S078,20.9299155,20.9299155
TSK003820,S079,34.08380285,34.08380285
TSK003820,S080,7.46708059,7.46708059
TSK003820,S081,32.40156602,32.40156602
TSK003820,S082,23.14149607,23.14149607
TSK003820,S083,20.2906207,20.2906207
TSK003820,S084,20.34804054,20.34804054
TSK003820,S085,44.48465488,44.48465488
TSK003820,S086,7.46708059,7.46708059
TSK003820,S087,11.37576965,11.37576965
TSK003820,S088,41.45860801,41.45860801
TSK003820,S089,24.37975084,24.37975084
TSK003820,S090,53.47508322,53.47508322
TSK003820,S091,32.78719724,32.78719724
TSK003820,S092,37.09311874,37.09311874
TSK003820,S093,23.14149607,23.14149607
TSK003820,S094,24.26135111,24.26135111
TSK003820,S095,20.03584934,20.03584934
TSK003820,S096,49.78265173,49.78265173
TSK003820,S097,7.46708059,7.46708059
TSK003820,S098,22.56197917,22.56197917
TSK003820,S099,12.13720555,12.13720555
TSK003820,S100,31.47149618,31.47149618
TSK003832,S001,5.88369415,5.88369415
TSK003832,S002,3.81689754,3.81689754
TSK003832,S003,7.51901922,7.51901922
TSK003832,S004,2.30239453,2.30239453
TSK003832,S005,2.30239453,2.30239453
TSK003832,S006,8.99357179,8.99357179
TSK003832,S007,7.33801638,7.33801638
TSK003832,S008,14.3702283,14.3702283
TSK003832,S009,2.30239453,2.30239453
TSK003832,S010,18.27032214,18.27032214
TSK003832,S011,5.59561364,5.59561364
TSK003832,S012,5.11767665,5.11767665
TSK003832,S013,8.74941931,8.74941931
TSK003832,S014,2.30239453,2.30239453
TSK003832,S015,2.30239453,2.30239453
TSK003832,S016,2.30239453,2.30239453
TSK003832,S017,7.98483979,7.98483979
TSK003832,S018,4.11546719,4.11546719
TSK003832,S019,5.59561364,5.59561364
TSK003832,S020,2.30239453,2.30239453
TSK003832,S021,2.30239453,2.30239453
TSK003832,S022,4.65646533,4.65646533
TSK003832,S023,2.30239453,2.30239453
TSK003832,S024,6.88629873,6.88629873
TSK003832,S025,10.31789749,10.31789749
TSK003832,S026,7.96171997,7.96171997
TSK003832,S027,5.19034003,5.19034003
TSK003832,S028,5.76517423,5.76517423
TSK003832,S029,2.30239453,2.30239453
TSK003832,S030,7.82359257,7.82359257
TSK003832,S031,2.30239453,2.30239453
TSK003832,S032,2.30239453,2.30239453
TSK003832,S033,11.69054346,11.69054346
TSK003832,S034,16.16631881,16.16631881
TSK003832,S035,4.11546719,4.11546719
TSK003832,S036,4.96011252,4.96011252
TSK003832,S037,5.80249554,5.80249554
TSK003832,S038,3.8002323,3.8002323
TSK003832,S039,18.27032214,18.27032214
TSK003832,S040,13.0938656,13.0938656
TSK003832,S041,2.30239453,2.30239453
TSK003832,S042,7.21562206,7.21562206
TSK003832,S043,3.8002323,3.8002323
TSK003832,S044,7.01013859,7.01013859
TSK003832,S045,2.30239453,2.30239453
TSK003832,S046,5.23463589,5.23463589
TSK003832,S047,7.43711639,7.43711639
TSK003832,S048,6.48706471,6.48706471
TSK003832,S049,2.30239453,2.30239453
TSK003832,S050,8.01210761,8.01210761
TSK003832,S051,2.30239453,2.30239453
TSK003832,S052,8.88806341,8.88806341
TSK003832,S053,2.30239453,2.30239453
TSK003832,S054,7.40032329,7.40032329
TSK003832,S055,12.17598905,12.17598905
TSK003832,S056,7.27843445,7.27843445
TSK003832,S057,8.03936316,8.03936316
TSK003832,S058,7.38654651,7.38654651
TSK003832,S059,9.67383832,9.67383832
TSK003832,S060,7.05539926,7.05539926
TSK003832,S061,5.52548934,5.52548934
TSK003832,S062,2.30239453,2.30239453
TSK003832,S063,2.30239453,2.30239453
TSK003832,S064,8.99357179,8.99357179
TSK003832,S065,3.27200716,3.27200716
TSK003832,S066,5.92115102,5.92115102
TSK003832,S067,4.65646533,4.65646533
TSK003832,S068,6.8882617,6.8882617
TSK003832,S069,2.30239453,2.30239453
TSK003832,S070,2.30239453,2.30239453
TSK003832,S071,2.30239453,2.30239453
TSK003832,S072,2.30239453,2.30239453
TSK003832,S073,9.52180101,9.52180101
TSK003832,S074,12.95588663,12.95588663
TSK003832,S075,7.88461864,7.88461864
TSK003832,S076,8.02015141,8.02015141
TSK003832,S077,2.30239453,2.30239453
TSK003832,S078,5.62405338,5.62405338
TSK003832,S079,9.06950412,9.06950412
TSK003832,S080,2.30239453,2.30239453
TSK003832,S081,8.03936316,8.03936316
TSK003832,S082,5.7006255,5.7006255
TSK003832,S083,6.37766712,6.37766712
TSK003832,S084,6.04762657,6.04762657
TSK003832,S085,8.74941931,8.74941931
TSK003832,S086,2.30239453,2.30239453
TSK003832,S087,3.8002323,3.8002323
TSK003832,S088,8.79406873,8.79406873
TSK003832,S089,6.38803597,6.38803597
TSK003832,S090,9.59659061,9.59659061
TSK003832,S091,7.01013859,7.01013859
TSK003832,S092,9.42819825,9.42819825
TSK003832,S093,5.7006255,5.7006255
TSK003832,S094,6.8882617,6.8882617
TSK003832,S095,6.18732864,6.18732864
TSK003832,S096,13.21236241,13.21236241
TSK003832,S097,2.30239453,2.30239453
TSK003832,S098,6.26187961,6.26187961
TSK003832,S099,3.89191657,3.89191657
TSK003832,S100,10.01816549,10.01816549
TSK004111,S001,28.53228471,28.53228471
TSK004111,S002,32.24027476,32.24027476
TSK004111,S003,59.04115357,59.04115357
TSK004111,S004,14.45583707,14.45583707
TSK004111,S005,14.45583707,14.45583707
TSK004111,S006,56.64585376,56.64585376
TSK004111,S007,50.9618213,50.9618213
TSK004111,S008,114.31659676,114.31659676
TSK004111,S009,14.45583707,14.45583707
TSK004111,S010,196.03979804,196.03979804
TSK004111,S011,42.77049569,42.77049569
TSK004111,S012,29.44833768,29.44833768
TSK004111,S013,97.63015666,97.63015666
TSK004111,S014,14.45583707,14.45583707
TSK004111,S015,14.45583707,14.45583707
TSK004111,S016,14.45583707,14.45583707
TSK004111,S017,85.09778187,85.09778187
TSK004111,S018,27.32333437,27.32333437
TSK004111,S019,42.77049569,42.77049569
TSK004111,S020,14.45583707,14.45583707
TSK004111,S021,14.45583707,14.45583707
TSK004111,S022,42.62228194,42.62228194
TSK004111,S023,14.45583707,14.45583707
TSK004111,S024,33.32971371,33.32971371
TSK004111,S025,99.46629,99.46629
TSK004111,S026,59.35848937,59.35848937
TSK004111,S027,25.65268452,25.65268452
TSK004111,S028,29.8454876,29.8454876
TSK004111,S029,14.45583707,14.45583707
TSK004111,S030,51.41498161,51.41498161
TSK004111,S031,14.45583707,14.45583707
TSK004111,S032,14.45583707,14.45583707
TSK004111,S033,125.6570372,125.6570372
TSK004111,S034,133.46693102,133.46693102
TSK004111,S035,27.32333437,27.32333437
TSK004111,S036,36.42830458,36.42830458
TSK004111,S037,57.33408943,57.33408943
TSK004111,S038,21.28770594,21.28770594
TSK004111,S039,196.03979804,196.03979804
TSK004111,S040,106.46124235,106.46124235
TSK004111,S041,14.45583707,14.45583707
TSK004111,S042,55.60602403,55.60602403
TSK004111,S043,21.28770594,21.28770594
TSK004111,S044,70.08344937,70.08344937
TSK004111,S045,14.45583707,14.45583707
TSK004111,S046,37.35538693,37.35538693
TSK004111,S047,113.40818476,113.40818476
TSK004111,S048,56.50266176,56.50266176
TSK004111,S049,14.45583707,14.45583707
TSK004111,S050,54.45929515,54.45929515
TSK004111,S051,14.45583707,14.45583707
TSK004111,S052,61.89118157,61.89118157
TSK004111,S053,14.45583707,14.45583707
TSK004111,S054,59.46929416,59.46929416
TSK004111,S055,65.39704389,65.39704389
TSK004111,S056,46.16421707,46.16421707
TSK004111,S057,66.74249328,66.74249328
TSK004111,S058,65.54433912,65.54433912
TSK004111,S059,93.82751737,93.82751737
TSK004111,S060,73.52605732,73.52605732
TSK004111,S061,64.80299554,64.80299554
TSK004111,S062,14.45583707,14.45583707
TSK004111,S063,14.45583707,14.45583707
TSK004111,S064,56.64585376,56.64585376
TSK004111,S065,18.58276455,18.58276455
TSK004111,S066,33.60694876,33.60694876
TSK004111,S067,42.62228194,42.62228194
TSK004111,S068,47.59386679,47.59386679
TSK004111,S069,14.45583707,14.45583707
TSK004111,S070,14.45583707,14.45583707
TSK004111,S071,14.45583707,14.45583707
TSK004111,S072,14.45583707,14.45583707
TSK004111,S073,73.33678846,73.33678846
TSK004111,S074,106.31767219,106.31767219
TSK004111,S075,81.67594261,81.67594261
TSK004111,S076,42.07599812,42.07599812
TSK004111,S077,14.45583707,14.45583707
TSK004111,S078,41.54364964,41.54364964
TSK004111,S079,68.74661466,68.74661466
TSK004111,S080,14.45583707,14.45583707
TSK004111,S081,66.74249328,66.74249328
TSK004111,S082,48.2290093,48.2290093
TSK004111,S083,38.63279449,38.63279449
TSK004111,S084,39.46238515,39.46238515
TSK004111,S085,97.63015666,97.63015666
TSK004111,S086,14.45583707,14.45583707
TSK004111,S087,21.28770594,21.28770594
TSK004111,S088,88.84819746,88.84819746
TSK004111,S089,49.52786232,49.52786232
TSK004111,S090,119.99031165,119.99031165
TSK004111,S091,70.08344937,70.08344937
TSK004111,S092,75.21137391,75.21137391
TSK004111,S093,48.2290093,48.2290093
TSK004111,S094,47.59386679,47.59386679
TSK004111,S095,38.09244215,38.09244215
TSK004111,S096,102.50953852,102.50953852
TSK004111,S097,14.45583707,14.45583707
TSK004111,S098,45.06586238,45.06586238
TSK004111,S099,23.01793706,23.01793706
TSK004111,S100,59.86434765,59.86434765
TSK004131,S001,15.96709539,15.96709539
TSK004131,S002,14.12135672,14.12135672
TSK004131,S003,27.02555131,27.02555131
TSK004131,S004,7.03264394,7.03264394
TSK004131,S005,7.03264394,7.03264394
TSK004131,S006,27.43674989,27.43674989
TSK004131,S007,25.81843466,25.81843466
TSK004131,S008,51.16081135,51.16081135
TSK004131,S009,7.03264394,7.03264394
TSK004131,S010,84.33443453,84.33443453
TSK004131,S011,20.00312814,20.00312814
TSK004131,S012,15.16094652,15.16094652
TSK004131,S013,40.3510791,40.3510791
TSK004131,S014,7.03264394,7.03264394
TSK004131,S015,7.03264394,7.03264394
TSK004131,S016,7.03264394,7.03264394
TSK004131,S017,35.50124214,35.50124214
TSK004131,S018,13.22085739,13.22085739
TSK004131,S019,20.00312814,20.00312814
TSK004131,S020,7.03264394,7.03264394
TSK004131,S021,7.03264394,7.03264394
TSK004131,S022,18.64497171,18.64497171
TSK004131,S023,7.03264394,7.03264394
TSK004131,S024,17.70429518,17.70429518
TSK004131,S025,43.76343345,43.76343345
TSK004131,S026,28.00054844,28.00054844
TSK004131,S027,14.01238339,14.01238339
TSK004131,S028,16.32043469,16.32043469
TSK004131,S029,7.03264394,7.03264394
TSK004131,S030,25.25795283,25.25795283
TSK004131,S031,7.03264394,7.03264394
TSK004131,S032,7.03264394,7.03264394
TSK004131,S033,52.64388357,52.64388357
TSK004131,S034,59.78705441,59.78705441
TSK004131,S035,13.22085739,13.22085739
TSK004131,S036,17.33796636,17.33796636
TSK004131,S037,24.57691418,24.57691418
TSK004131,S038,10.83336159,10.83336159
TSK004131,S039,84.33443453,84.33443453
TSK004131,S040,49.64205096,49.64205096
TSK004131,S041,7.03264394,7.03264394
TSK004131,S042,25.92713277,25.92713277
TSK004131,S043,10.83336159,10.83336159
TSK004131,S044,30.20089419,30.20089419
TSK004131,S045,7.03264394,7.03264394
TSK004131,S046,17.42089688,17.42089688
TSK004131,S047,43.64344105,43.64344105
TSK004131,S048,25.12021317,25.12021317
TSK004131,S049,7.03264394,7.03264394
TSK004131,S050,27.18944731,27.18944731
TSK004131,S051,7.03264394,7.03264394
TSK004131,S052,30.39322518,30.39322518
TSK004131,S053,7.03264394,7.03264394
TSK004131,S054,27.43782585,27.43782585
TSK004131,S055,33.49643873,33.49643873
TSK004131,S056,22.87261425,22.87261425
TSK004131,S057,30.161911,30.161911
TSK004131,S058,29.23177739,29.23177739
TSK004131,S059,40.704227,40.704227
TSK004131,S060,30.98731673,30.98731673
TSK004131,S061,26.20617486,26.20617486
TSK004131,S062,7.03264394,7.03264394
TSK004131,S063,7.03264394,7.03264394
TSK004131,S064,27.43674989,27.43674989
TSK004131,S065,9.60780113,9.60780113
TSK004131,S066,17.55240009,17.55240009
TSK004131,S067,18.64497171,18.64497171
TSK004131,S068,23.03798672,23.03798672
TSK004131,S069,7.03264394,7.03264394
TSK004131,S070,7.03264394,7.03264394
TSK004131,S071,7.03264394,7.03264394
TSK004131,S072,7.03264394,7.03264394
TSK004131,S073,33.58782958,33.58782958
TSK004131,S074,47.98271837,47.98271837
TSK004131,S075,34.59058297,34.59058297
TSK004131,S076,23.45104663,23.45104663
TSK004131,S077,7.03264394,7.03264394
TSK004131,S078,19.90134917,19.90134917
TSK004131,S079,31.93897527,31.93897527
TSK004131,S080,7.03264394,7.03264394
TSK004131,S081,30.161911,30.161911
TSK004131,S082,21.29717869,21.29717869
TSK004131,S083,19.33100434,19.33100434
TSK004131,S084,19.32044643,19.32044643
TSK004131,S085,40.3510791,40.3510791
TSK004131,S086,7.03264394,7.03264394
TSK004131,S087,10.83336159,10.83336159
TSK004131,S088,38.1331115,38.1331115
TSK004131,S089,22.75284287,22.75284287
TSK004131,S090,47.97321077,47.97321077
TSK004131,S091,30.20089419,30.20089419
TSK004131,S092,34.93497019,34.93497019
TSK004131,S093,21.29717869,21.29717869
TSK004131,S094,23.03798672,23.03798672
TSK004131,S095,19.20881529,19.20881529
TSK004131,S096,45.63351818,45.63351818
TSK004131,S097,7.03264394,7.03264394
TSK004131,S098,21.14427015,21.14427015
TSK004131,S099,11.54357674,11.54357674
TSK004131,S100,29.90484734,29.90484734
TSK004234,S001,0.79257852,0.79257852
TSK004234,S002,0.53600443,0.53600443
TSK004234,S003,1.03549029,1.03549029
TSK004234,S004,0.31899219,0.31899219
TSK004234,S005,0.31899219,0.31899219
TSK004234,S006,1.24887687,1.24887687
TSK004234,S007,0.96100255,0.96100255
TSK004234,S008,2.0088684,2.0088684
TSK004234,S009,0.31899219,0.31899219
TSK004234,S010,2.46895884,2.46895884
TSK004234,S011,0.76226959,0.76226959
TSK004234,S012,0.69664719,0.69664719
TSK004234,S013,1.22098444,1.22098444
TSK004234,S014,0.31899219,0.31899219
TSK004234,S015,0.31899219,0.31899219
TSK004234,S016,0.31899219,0.31899219
TSK004234,S017,1.11490568,1.11490568
TSK004234,S018,0.56506728,0.56506728
TSK004234,S019,0.76226959,0.76226959
TSK004234,S020,0.31899219,0.31899219
TSK004234,S021,0.31899219,0.31899219
TSK004234,S022,0.64329148,0.64329148
TSK004234,S023,0.31899219,0.31899219
TSK004234,S024,0.95721726,0.95721726
TSK004234,S025,1.40043941,1.40043941
TSK004234,S026,1.08376502,1.08376502
TSK004234,S027,0.70625796,0.70625796
TSK004234,S028,0.77477434,0.77477434
TSK004234,S029,0.31899219,0.31899219
TSK004234,S030,1.0650905,1.0650905
TSK004234,S031,0.31899219,0.31899219
TSK004234,S032,0.31899219,0.31899219
TSK004234,S033,1.62250862,1.62250862
TSK004234,S034,2.24005161,2.24005161
TSK004234,S035,0.56506728,0.56506728
TSK004234,S036,0.67292066,0.67292066
TSK004234,S037,0.80261285,0.80261285
TSK004234,S038,0.52455528,0.52455528
TSK004234,S039,2.46895884,2.46895884
TSK004234,S040,1.76048555,1.76048555
TSK004234,S041,0.31899219,0.31899219
TSK004234,S042,0.98341018,0.98341018
TSK004234,S043,0.52455528,0.52455528
TSK004234,S044,0.96219517,0.96219517
TSK004234,S045,0.31899219,0.31899219
TSK004234,S046,0.72619895,0.72619895
TSK004234,S047,1.05529193,1.05529193
TSK004234,S048,0.89365937,0.89365937
TSK004234,S049,0.31899219,0.31899219
TSK004234,S050,1.06818009,1.06818009
TSK004234,S051,0.31899219,0.31899219
TSK004234,S052,1.19265642,1.19265642
TSK004234,S053,0.31899219,0.31899219
TSK004234,S054,1.00698369,1.00698369
TSK004234,S055,1.68985483,1.68985483
TSK004234,S056,0.9933879,0.9933879
TSK004234,S057,1.10444351,1.10444351
TSK004234,S058,1.01034674,1.01034674
TSK004234,S059,1.328791,1.328791
TSK004234,S060,0.98017143,0.98017143
TSK004234,S061,0.78036294,0.78036294
TSK004234,S062,0.31899219,0.31899219
TSK004234,S063,0.31899219,0.31899219
TSK004234,S064,1.24887687,1.24887687
TSK004234,S065,0.44557428,0.44557428
TSK004234,S066,0.80102343,0.80102343
TSK004234,S067,0.64329148,0.64329148
TSK004234,S068,0.93646794,0.93646794
TSK004234,S069,0.31899219,0.31899219
TSK004234,S070,0.31899219,0.31899219
TSK004234,S071,0.31899219,0.31899219
TSK004234,S072,0.31899219,0.31899219
TSK004234,S073,1.31653417,1.31653417
TSK004234,S074,1.78664409,1.78664409
TSK004234,S075,1.0916367,1.0916367
TSK004234,S076,1.0604359,1.0604359
TSK004234,S077,0.31899219,0.31899219
TSK004234,S078,0.75793542,0.75793542
TSK004234,S079,1.24455839,1.24455839
TSK004234,S080,0.31899219,0.31899219
TSK004234,S081,1.10444351,1.10444351
TSK004234,S082,0.79496141,0.79496141
TSK004234,S083,0.87408956,0.87408956
TSK004234,S084,0.82676299,0.82676299
TSK004234,S085,1.22098444,1.22098444
TSK004234,S086,0.31899219,0.31899219
TSK004234,S087,0.52455528,0.52455528
TSK004234,S088,1.20878283,1.20878283
TSK004234,S089,0.87978257,0.87978257
TSK004234,S090,1.35427521,1.35427521
TSK004234,S091,0.96219517,0.96219517
TSK004234,S092,1.27803671,1.27803671
TSK004234,S093,0.79496141,0.79496141
TSK004234,S094,0.93646794,0.93646794
TSK004234,S095,0.84016295,0.84016295
TSK004234,S096,1.86418914,1.86418914
TSK004234,S097,0.31899219,0.31899219
TSK004234,S098,0.8631482,0.8631482
TSK004234,S099,0.53559937,0.53559937
TSK004234,S100,1.3789751,1.3789751
TSK004283,S001,22.17162169,22.17162169
TSK004283,S002,21.31485449,21.31485449
TSK004283,S003,40.37415959,40.37415959
TSK004283,S004,10.16308463,10.16308463
TSK004283,S005,10.16308463,10.16308463
TSK004283,S006,39.66587155,39.66587155
TSK004283,S007,37.9232719,37.9232719
TSK004283,S008,76.58020947,76.58020947
TSK004283,S009,10.16308463,10.16308463
TSK004283,S010,130.96295922,130.96295922
TSK004283,S011,29.76973679,29.76973679
TSK004283,S012,21.62797976,21.62797976
TSK004283,S013,63.03136024,63.03136024
TSK004283,S014,10.16308463,10.16308463
TSK004283,S015,10.16308463,10.16308463
TSK004283,S016,10.16308463,10.16308463
TSK004283,S017,55.1663519,55.1663519
TSK004283,S018,19.27674897,19.27674897
TSK004283,S019,29.76973679,29.76973679
TSK004283,S020,10.16308463,10.16308463
TSK004283,S021,10.16308463,10.16308463
TSK004283,S022,28.42969993,28.42969993
TSK004283,S023,10.16308463,10.16308463
TSK004283,S024,24.48355243,24.48355243
TSK004283,S025,67.12313708,67.12313708
TSK004283,S026,41.5269622,41.5269622
TSK004283,S027,19.49770559,19.49770559
TSK004283,S028,22.91191455,22.91191455
TSK004283,S029,10.16308463,10.16308463
TSK004283,S030,36.77904737,36.77904737
TSK004283,S031,10.16308463,10.16308463
TSK004283,S032,10.16308463,10.16308463
TSK004283,S033,81.86277903,81.86277903
TSK004283,S034,89.94089036,89.94089036
TSK004283,S035,19.27674897,19.27674897
TSK004283,S036,25.6593103,25.6593103
TSK004283,S037,37.83411351,37.83411351
TSK004283,S038,15.3731192,15.3731192
TSK004283,S039,130.96295922,130.96295922
TSK004283,S040,74.49374014,74.49374014
TSK004283,S041,10.16308463,10.16308463
TSK004283,S042,38.63002829,38.63002829
TSK004283,S043,15.3731192,15.3731192
TSK004283,S044,46.54372362,46.54372362
TSK004283,S045,10.16308463,10.16308463
TSK004283,S046,25.67157021,25.67157021
TSK004283,S047,70.42948756,70.42948756
TSK004283,S048,38.05580922,38.05580922
TSK004283,S049,10.16308463,10.16308463
TSK004283,S050,39.80566157,39.80566157
TSK004283,S051,10.16308463,10.16308463
TSK004283,S052,44.6456267,44.6456267
TSK004283,S053,10.16308463,10.16308463
TSK004283,S054,41.11524483,41.11524483
TSK004283,S055,47.17875758,47.17875758
TSK004283,S056,33.12456441,33.12456441
TSK004283,S057,45.40183058,45.40183058
TSK004283,S058,44.38363515,44.38363515
TSK004283,S059,62.5031781,62.5031781
TSK004283,S060,48.01524987,48.01524987
TSK004283,S061,41.18823247,41.18823247
TSK004283,S062,10.16308463,10.16308463
TSK004283,S063,10.16308463,10.16308463
TSK004283,S064,39.66587155,39.66587155
TSK004283,S065,13.67713201,13.67713201
TSK004283,S066,24.99458914,24.99458914
TSK004283,S067,28.42969993,28.42969993
TSK004283,S068,33.79694706,33.79694706
TSK004283,S069,10.16308463,10.16308463
TSK004283,S070,10.16308463,10.16308463
TSK004283,S071,10.16308463,10.16308463
TSK004283,S072,10.16308463,10.16308463
TSK004283,S073,50.043634,50.043634
TSK004283,S074,72.11840494,72.11840494
TSK004283,S075,53.55287007,53.55287007
TSK004283,S076,33.0369893,33.0369893
TSK004283,S077,10.16308463,10.16308463
TSK004283,S078,29.47745903,29.47745903
TSK004283,S079,47.47873014,47.47873014
TSK004283,S080,10.16308463,10.16308463
TSK004283,S081,45.40183058,45.40183058
TSK004283,S082,32.14844852,32.14844852
TSK004283,S083,27.79168652,27.79168652
TSK004283,S084,28.09992439,28.09992439
TSK004283,S085,63.03136024,63.03136024
TSK004283,S086,10.16308463,10.16308463
TSK004283,S087,15.3731192,15.3731192
TSK004283,S088,58.8455044,58.8455044
TSK004283,S089,33.93104953,33.93104953
TSK004283,S090,75.91397657,75.91397657
TSK004283,S091,46.54372362,46.54372362
TSK004283,S092,52.29559749,52.29559749
TSK004283,S093,32.14844852,32.14844852
TSK004283,S094,33.79694706,33.79694706
TSK004283,S095,27.69722475,27.69722475
TSK004283,S096,68.06993174,68.06993174
TSK004283,S097,10.16308463,10.16308463
TSK004283,S098,31.19882199,31.19882199
TSK004283,S099,16.52948357,16.52948357
TSK004283,S100,42.89152778,42.89152778
TSK004348,S001,7.93674183,7.93674183
TSK004348,S002,4.88821712,4.88821712
TSK004348,S003,9.8728248,9.8728248
TSK004348,S004,3.00030225,3.00030225
TSK004348,S005,3.00030225,3.00030225
TSK004348,S006,11.68590017,11.68590017
TSK004348,S007,10.22642259,10.22642259
TSK004348,S008,18.51259868,18.51259868
TSK004348,S009,3.00030225,3.00030225
TSK004348,S010,24.5524043,24.5524043
TSK004348,S011,7.44676062,7.44676062
TSK004348,S012,6.81685396,6.81685396
TSK004348,S013,11.2969416,11.2969416
TSK004348,S014,3.00030225,3.00030225
TSK004348,S015,3.00030225,3.00030225
TSK004348,S016,3.00030225,3.00030225
TSK004348,S017,10.30236389,10.30236389
TSK004348,S018,5.42407014,5.42407014
TSK004348,S019,7.44676062,7.44676062
TSK004348,S020,3.00030225,3.00030225
TSK004348,S021,3.00030225,3.00030225
TSK004348,S022,6.09004597,6.09004597
TSK004348,S023,3.00030225,3.00030225
TSK004348,S024,8.93629934,8.93629934
TSK004348,S025,13.79246855,13.79246855
TSK004348,S026,10.60553176,10.60553176
TSK004348,S027,6.91699038,6.91699038
TSK004348,S028,7.79880095,7.79880095
TSK004348,S029,3.00030225,3.00030225
TSK004348,S030,10.42001412,10.42001412
TSK004348,S031,3.00030225,3.00030225
TSK004348,S032,3.00030225,3.00030225
TSK004348,S033,15.20072253,15.20072253
TSK004348,S034,21.06382835,21.06382835
TSK004348,S035,5.42407014,5.42407014
TSK004348,S036,6.63415196,6.63415196
TSK004348,S037,7.57700768,7.57700768
TSK004348,S038,4.97554372,4.97554372
TSK004348,S039,24.5524043,24.5524043
TSK004348,S040,17.70288258,17.70288258
TSK004348,S041,3.00030225,3.00030225
TSK004348,S042,9.59729904,9.59729904
TSK004348,S043,4.97554372,4.97554372
TSK004348,S044,9.24298438,9.24298438
TSK004348,S045,3.00030225,3.00030225
TSK004348,S046,6.81003195,6.81003195
TSK004348,S047,9.39448419,9.39448419
TSK004348,S048,8.51440969,8.51440969
TSK004348,S049,3.00030225,3.00030225
TSK004348,S050,10.94040748,10.94040748
TSK004348,S051,3.00030225,3.00030225
TSK004348,S052,12.04473031,12.04473031
TSK004348,S053,3.00030225,3.00030225
TSK004348,S054,9.8620442,9.8620442
TSK004348,S055,15.83225958,15.83225958
TSK004348,S056,9.6639383,9.6639383
TSK004348,S057,10.58834999,10.58834999
TSK004348,S058,9.78119847,9.78119847
TSK004348,S059,12.74339364,12.74339364
TSK004348,S060,9.1623173,9.1623173
TSK004348,S061,7.02361745,7.02361745
TSK004348,S062,3.00030225,3.00030225
TSK004348,S063,3.00030225,3.00030225
TSK004348,S064,11.68590017,11.68590017
TSK004348,S065,4.35635377,4.35635377
TSK004348,S066,7.9467164,7.9467164
TSK004348,S067,6.09004597,6.09004597
TSK004348,S068,9.18964274,9.18964274
TSK004348,S069,3.00030225,3.00030225
TSK004348,S070,3.00030225,3.00030225
TSK004348,S071,3.00030225,3.00030225
TSK004348,S072,3.00030225,3.00030225
TSK004348,S073,12.44019464,12.44019464
TSK004348,S074,16.98294203,16.98294203
TSK004348,S075,10.28370974,10.28370974
TSK004348,S076,11.05657385,11.05657385
TSK004348,S077,3.00030225,3.00030225
TSK004348,S078,7.58253573,7.58253573
TSK004348,S079,11.96187665,11.96187665
TSK004348,S080,3.00030225,3.00030225
TSK004348,S081,10.58834999,10.58834999
TSK004348,S082,7.367161,7.367161
TSK004348,S083,8.42449853,8.42449853
TSK004348,S084,8.01350464,8.01350464
TSK004348,S085,11.2969416,11.2969416
TSK004348,S086,3.00030225,3.00030225
TSK004348,S087,4.97554372,4.97554372
TSK004348,S088,11.57449182,11.57449182
TSK004348,S089,8.3872309,8.3872309
TSK004348,S090,12.21102022,12.21102022
TSK004348,S091,9.24298438,9.24298438
TSK004348,S092,12.62278145,12.62278145
TSK004348,S093,7.367161,7.367161
TSK004348,S094,9.18964274,9.18964274
TSK004348,S095,8.26660291,8.26660291
TSK004348,S096,16.81596902,16.81596902
TSK004348,S097,3.00030225,3.00030225
TSK004348,S098,8.2127606,8.2127606
TSK004348,S099,5.11480648,5.11480648
TSK004348,S100,13.16252846,13.16252846
TSK004481,S001,15.06246865,15.06246865
TSK004481,S002,12.07789709,12.07789709
TSK004481,S003,23.68367369,23.68367369
TSK004481,S004,6.27271418,6.27271418
TSK004481,S005,6.27271418,6.27271418
TSK004481,S006,24.40917253,24.40917253
TSK004481,S007,23.87732093,23.87732093
TSK004481,S008,44.18371149,44.18371149
TSK004481,S009,6.27271418,6.27271418
TSK004481,S010,72.69708132,72.69708132
TSK004481,S011,17.74207448,17.74207448
TSK004481,S012,13.88455285,13.88455285
TSK004481,S013,33.86565388,33.86565388
TSK004481,S014,6.27271418,6.27271418
TSK004481,S015,6.27271418,6.27271418
TSK004481,S016,6.27271418,6.27271418
TSK004481,S017,29.89697369,29.89697369
TSK004481,S018,11.82297747,11.82297747
TSK004481,S019,17.74207448,17.74207448
TSK004481,S020,6.27271418,6.27271418
TSK004481,S021,6.27271418,6.27271418
TSK004481,S022,16.05263861,16.05263861
TSK004481,S023,6.27271418,6.27271418
TSK004481,S024,16.18469952,16.18469952
TSK004481,S025,38.00587627,38.00587627
TSK004481,S026,24.91782695,24.91782695
TSK004481,S027,13.06370602,13.06370602
TSK004481,S028,15.31002916,15.31002916
TSK004481,S029,6.27271418,6.27271418
TSK004481,S030,22.78688048,22.78688048
TSK004481,S031,6.27271418,6.27271418
TSK004481,S032,6.27271418,6.27271418
TSK004481,S033,44.50700376,44.50700376
TSK004481,S034,51.85746538,51.85746538
TSK004481,S035,11.82297747,11.82297747
TSK004481,S036,15.49775227,15.49775227
TSK004481,S037,20.98878923,20.98878923
TSK004481,S038,9.81835798,9.81835798
TSK004481,S039,72.69708132,72.69708132
TSK004481,S040,44.20061991,44.20061991
TSK004481,S041,6.27271418,6.27271418
TSK004481,S042,22.9676434,22.9676434
TSK004481,S043,9.81835798,9.81835798
TSK004481,S044,25.91737358,25.91737358
TSK004481,S045,6.27271418,6.27271418
TSK004481,S046,15.31444268,15.31444268
TSK004481,S047,35.39110681,35.39110681
TSK004481,S048,21.78161697,21.78161697
TSK004481,S049,6.27271418,6.27271418
TSK004481,S050,24.86822024,24.86822024
TSK004481,S051,6.27271418,6.27271418
TSK004481,S052,27.57726358,27.57726358
TSK004481,S053,6.27271418,6.27271418
TSK004481,S054,24.2300867,24.2300867
TSK004481,S055,30.3274207,30.3274207
TSK004481,S056,20.6692726,20.6692726
TSK004481,S057,26.33846424,26.33846424
TSK004481,S058,25.44629059,25.44629059
TSK004481,S059,35.01142545,35.01142545
TSK004481,S060,26.24852206,26.24852206
TSK004481,S061,21.70928073,21.70928073
TSK004481,S062,6.27271418,6.27271418
TSK004481,S063,6.27271418,6.27271418
TSK004481,S064,24.40917253,24.40917253
TSK004481,S065,8.80891681,8.80891681
TSK004481,S066,16.19200463,16.19200463
TSK004481,S067,16.05263861,16.05263861
TSK004481,S068,20.69419703,20.69419703
TSK004481,S069,6.27271418,6.27271418
TSK004481,S070,6.27271418,6.27271418
TSK004481,S071,6.27271418,6.27271418
TSK004481,S072,6.27271418,6.27271418
TSK004481,S073,29.38934571,29.38934571
TSK004481,S074,41.814937,41.814937
TSK004481,S075,29.39350329,29.39350329
TSK004481,S076,22.27417771,22.27417771
TSK004481,S077,6.27271418,6.27271418
TSK004481,S078,17.87514845,17.87514845
TSK004481,S079,28.17829823,28.17829823
TSK004481,S080,6.27271418,6.27271418
TSK004481,S081,26.33846424,26.33846424
TSK004481,S082,18.32676843,18.32676843
TSK004481,S083,17.49028698,17.49028698
TSK004481,S084,17.37875736,17.37875736
TSK004481,S085,33.86565388,33.86565388
TSK004481,S086,6.27271418,6.27271418
TSK004481,S087,9.81835798,9.81835798
TSK004481,S088,32.65692259,32.65692259
TSK004481,S089,19.96414981,19.96414981
TSK004481,S090,39.57664578,39.57664578
TSK004481,S091,25.91737358,25.91737358
TSK004481,S092,30.97009664,30.97009664
TSK004481,S093,18.32676843,18.32676843
TSK004481,S094,20.69419703,20.69419703
TSK004481,S095,17.49691549,17.49691549
TSK004481,S096,39.15821102,39.15821102
TSK004481,S097,6.27271418,6.27271418
TSK004481,S098,18.6812658,18.6812658
TSK004481,S099,10.43089409,10.43089409
TSK004481,S100,26.9863626,26.9863626
TSK004607,S001,15.06246865,15.06246865
TSK004607,S002,12.07789709,12.07789709
TSK004607,S003,23.68367369,23.68367369
TSK004607,S004,6.27271418,6.27271418
TSK004607,S005,6.27271418,6.27271418
TSK004607,S006,24.40917253,24.40917253
TSK004607,S007,23.87732093,23.87732093
TSK004607,S008,44.18371149,44.18371149
TSK004607,S009,6.27271418,6.27271418
TSK004607,S010,72.69708132,72.69708132
TSK004607,S011,17.74207448,17.74207448
TSK004607,S012,13.88455285,13.88455285
TSK004607,S013,33.86565388,33.86565388
TSK004607,S014,6.27271418,6.27271418
TSK004607,S015,6.27271418,6.27271418
TSK004607,S016,6.27271418,6.27271418
TSK004607,S017,29.89697369,29.89697369
TSK004607,S018,11.82297747,11.82297747
TSK004607,S019,17.74207448,17.74207448
TSK004607,S020,6.27271418,6.27271418
TSK004607,S021,6.27271418,6.27271418
TSK004607,S022,16.05263861,16.05263861
TSK004607,S023,6.27271418,6.27271418
TSK004607,S024,16.18469952,16.18469952
TSK004607,S025,38.00587627,38.00587627
TSK004607,S026,24.91782695,24.91782695
TSK004607,S027,13.06370602,13.06370602
TSK004607,S028,15.31002916,15.31002916
TSK004607,S029,6.27271418,6.27271418
TSK004607,S030,22.78688048,22.78688048
TSK004607,S031,6.27271418,6.27271418
TSK004607,S032,6.27271418,6.27271418
TSK004607,S033,44.50700376,44.50700376
TSK004607,S034,51.85746538,51.85746538
TSK004607,S035,11.82297747,11.82297747
TSK004607,S036,15.49775227,15.49775227
TSK004607,S037,20.98878923,20.98878923
TSK004607,S038,9.81835798,9.81835798
TSK004607,S039,72.69708132,72.69708132
TSK004607,S040,44.20061991,44.20061991
TSK004607,S041,6.27271418,6.27271418
TSK004607,S042,22.9676434,22.9676434
TSK004607,S043,9.81835798,9.81835798
TSK004607,S044,25.91737358,25.91737358
TSK004607,S045,6.27271418,6.27271418
TSK004607,S046,15.31444268,15.31444268
TSK004607,S047,35.39110681,35.39110681
TSK004607,S048,21.78161697,21.78161697
TSK004607,S049,6.27271418,6.27271418
TSK004607,S050,24.86822024,24.86822024
TSK004607,S051,6.27271418,6.27271418
TSK004607,S052,27.57726358,27.57726358
TSK004607,S053,6.27271418,6.27271418
TSK004607,S054,24.2300867,24.2300867
TSK004607,S055,30.3274207,30.3274207
TSK004607,S056,20.6692726,20.6692726
TSK004607,S057,26.33846424,26.33846424
TSK004607,S058,25.44629059,25.44629059
TSK004607,S059,35.01142545,35.01142545
TSK004607,S060,26.24852206,26.24852206
TSK004607,S061,21.70928073,21.70928073
TSK004607,S062,6.27271418,6.27271418
TSK004607,S063,6.27271418,6.27271418
TSK004607,S064,24.40917253,24.40917253
TSK004607,S065,8.80891681,8.80891681
TSK004607,S066,16.19200463,16.19200463
TSK004607,S067,16.05263861,16.05263861
TSK004607,S068,20.69419703,20.69419703
TSK004607,S069,6.27271418,6.27271418
TSK004607,S070,6.27271418,6.27271418
TSK004607,S071,6.27271418,6.27271418
TSK004607,S072,6.27271418,6.27271418
TSK004607,S073,29.38934571,29.38934571
TSK004607,S074,41.814937,41.814937
TSK004607,S075,29.39350329,29.39350329
TSK004607,S076,22.27417771,22.27417771
TSK004607,S077,6.27271418,6.27271418
TSK004607,S078,17.87514845,17.87514845
TSK004607,S079,28.17829823,28.17829823
TSK004607,S080,6.27271418,6.27271418
TSK004607,S081,26.33846424,26.33846424
TSK004607,S082,18.32676843,18.32676843
TSK004607,S083,17.49028698,17.49028698
TSK004607,S084,17.37875736,17.37875736
TSK004607,S085,33.86565388,33.86565388
TSK004607,S086,6.27271418,6.27271418
TSK004607,S087,9.81835798,9.81835798
TSK004607,S088,32.65692259,32.65692259
TSK004607,S089,19.96414981,19.96414981
TSK004607,S090,39.57664578,39.57664578
TSK004607,S091,25.91737358,25.91737358
TSK004607,S092,30.97009664,30.97009664
TSK004607,S093,18.32676843,18.32676843
TSK004607,S094,20.69419703,20.69419703
TSK004607,S095,17.49691549,17.49691549
TSK004607,S096,39.15821102,39.15821102
TSK004607,S097,6.27271418,6.27271418
TSK004607,S098,18.6812658,18.6812658
TSK004607,S099,10.43089409,10.43089409
TSK004607,S100,26.9863626,26.9863626
TSK004624,S001,0.91696118,0.91696118
TSK004624,S002,0.6584084,0.6584084
TSK004624,S003,1.23765124,1.23765124
TSK004624,S004,0.3845541,0.3845541
TSK004624,S005,0.3845541,0.3845541
TSK004624,S006,1.5103893,1.5103893
TSK004624,S007,1.06363365,1.06363365
TSK004624,S008,2.45226163,2.45226163
TSK004624,S009,0.3845541,0.3845541
TSK004624,S010,2.87010931,2.87010931
TSK004624,S011,0.89679318,0.89679318
TSK004624,S012,0.81869739,0.81869739
TSK004624,S013,1.48687951,1.48687951
TSK004624,S014,0.3845541,0.3845541
TSK004624,S015,0.3845541,0.3845541
TSK004624,S016,0.3845541,0.3845541
TSK004624,S017,1.35874666,1.35874666
TSK004624,S018,0.67247316,0.67247316
TSK004624,S019,0.89679318,0.89679318
TSK004624,S020,0.3845541,0.3845541
TSK004624,S021,0.3845541,0.3845541
TSK004624,S022,0.77234837,0.77234837
TSK004624,S023,0.3845541,0.3845541
TSK004624,S024,1.15929486,1.15929486
TSK004624,S025,1.63869374,1.63869374
TSK004624,S026,1.2735858,1.2735858
TSK004624,S027,0.82950519,0.82950519
TSK004624,S028,0.89313955,0.89313955
TSK004624,S029,0.3845541,0.3845541
TSK004624,S030,1.25186192,1.25186192
TSK004624,S031,0.3845541,0.3845541
TSK004624,S032,0.3845541,0.3845541
TSK004624,S033,1.96076469,1.96076469
TSK004624,S034,2.70085508,2.70085508
TSK004624,S035,0.67247316,0.67247316
TSK004624,S036,0.78686206,0.78686206
TSK004624,S037,0.96533721,0.96533721
TSK004624,S038,0.62902645,0.62902645
TSK004624,S039,2.87010931,2.87010931
TSK004624,S040,2.03087874,2.03087874
TSK004624,S041,0.3845541,0.3845541
TSK004624,S042,1.15774527,1.15774527
TSK004624,S043,0.62902645,0.62902645
TSK004624,S044,1.14453509,1.14453509
TSK004624,S045,0.3845541,0.3845541
TSK004624,S046,0.8770736,0.8770736
TSK004624,S047,1.31461693,1.31461693
TSK004624,S048,1.06862059,1.06862059
TSK004624,S049,0.3845541,0.3845541
TSK004624,S050,1.2163335,1.2163335
TSK004624,S051,0.3845541,0.3845541
TSK004624,S052,1.37170177,1.37170177
TSK004624,S053,0.3845541,0.3845541
TSK004624,S054,1.18272666,1.18272666
TSK004624,S055,2.04210362,2.04210362
TSK004624,S056,1.17194725,1.17194725
TSK004624,S057,1.31542513,1.31542513
TSK004624,S058,1.19576678,1.19576678
TSK004624,S059,1.58229303,1.58229303
TSK004624,S060,1.1861582,1.1861582
TSK004624,S061,0.96600608,0.96600608
TSK004624,S062,0.3845541,0.3845541
TSK004624,S063,0.3845541,0.3845541
TSK004624,S064,1.5103893,1.5103893
TSK004624,S065,0.52393246,0.52393246
TSK004624,S066,0.93269052,0.93269052
TSK004624,S067,0.77234837,0.77234837
TSK004624,S068,1.09844981,1.09844981
TSK004624,S069,0.3845541,0.3845541
TSK004624,S070,0.3845541,0.3845541
TSK004624,S071,0.3845541,0.3845541
TSK004624,S072,0.3845541,0.3845541
TSK004624,S073,1.58252986,1.58252986
TSK004624,S074,2.13958611,2.13958611
TSK004624,S075,1.31470083,1.31470083
TSK004624,S076,1.19189792,1.19189792
TSK004624,S077,0.3845541,0.3845541
TSK004624,S078,0.87746429,0.87746429
TSK004624,S079,1.47989033,1.47989033
TSK004624,S080,0.3845541,0.3845541
TSK004624,S081,1.31542513,1.31542513
TSK004624,S082,0.96712855,0.96712855
TSK004624,S083,1.0375066,1.0375066
TSK004624,S084,0.97772567,0.97772567
TSK004624,S085,1.48687951,1.48687951
TSK004624,S086,0.3845541,0.3845541
TSK004624,S087,0.62902645,0.62902645
TSK004624,S088,1.44082795,1.44082795
TSK004624,S089,1.05162486,1.05162486
TSK004624,S090,1.6746959,1.6746959
TSK004624,S091,1.14453509,1.14453509
TSK004624,S092,1.49260544,1.49260544
TSK004624,S093,0.96712855,0.96712855
TSK004624,S094,1.09844981,1.09844981
TSK004624,S095,0.98372847,0.98372847
TSK004624,S096,2.30467713,2.30467713
TSK004624,S097,0.3845541,0.3845541
TSK004624,S098,1.03301086,1.03301086
TSK004624,S099,0.63951335,0.63951335
TSK004624,S100,1.64701559,1.64701559
TSK004708,S001,7.85160004,7.85160004
TSK004708,S002,5.15414659,5.15414659
TSK004708,S003,10.18561884,10.18561884
TSK004708,S004,3.07286971,3.07286971
TSK004708,S005,3.07286971,3.07286971
TSK004708,S006,11.99398699,11.99398699
TSK004708,S007,10.06363778,10.06363778
TSK004708,S008,19.36540699,19.36540699
TSK004708,S009,3.07286971,3.07286971
TSK004708,S010,25.49411514,25.49411514
TSK004708,S011,7.60030165,7.60030165
TSK004708,S012,6.85024318,6.85024318
TSK004708,S013,12.09742187,12.09742187
TSK004708,S014,3.07286971,3.07286971
TSK004708,S015,3.07286971,3.07286971
TSK004708,S016,3.07286971,3.07286971
TSK004708,S017,10.99526778,10.99526778
TSK004708,S018,5.52852416,5.52852416
TSK004708,S019,7.60030165,7.60030165
TSK004708,S020,3.07286971,3.07286971
TSK004708,S021,3.07286971,3.07286971
TSK004708,S022,6.3644379,6.3644379
TSK004708,S023,3.07286971,3.07286971
TSK004708,S024,9.07302062,9.07302062
TSK004708,S025,14.253742,14.253742
TSK004708,S026,10.80140384,10.80140384
TSK004708,S027,6.90375606,6.90375606
TSK004708,S028,7.72073343,7.72073343
TSK004708,S029,3.07286971,3.07286971
TSK004708,S030,10.53992549,10.53992549
TSK004708,S031,3.07286971,3.07286971
TSK004708,S032,3.07286971,3.07286971
TSK004708,S033,16.1478749,16.1478749
TSK004708,S034,21.91550476,21.91550476
TSK004708,S035,5.52852416,5.52852416
TSK004708,S036,6.7321979,6.7321979
TSK004708,S037,7.97185704,7.97185704
TSK004708,S038,5.05223798,5.05223798
TSK004708,S039,25.49411514,25.49411514
TSK004708,S040,17.94377716,17.94377716
TSK004708,S041,3.07286971,3.07286971
TSK004708,S042,9.80374192,9.80374192
TSK004708,S043,5.05223798,5.05223798
TSK004708,S044,9.66890884,9.66890884
TSK004708,S045,3.07286971,3.07286971
TSK004708,S046,7.03041636,7.03041636
TSK004708,S047,10.53845436,10.53845436
TSK004708,S048,8.84579221,8.84579221
TSK004708,S049,3.07286971,3.07286971
TSK004708,S050,10.90150979,10.90150979
TSK004708,S051,3.07286971,3.07286971
TSK004708,S052,12.07896448,12.07896448
TSK004708,S053,3.07286971,3.07286971
TSK004708,S054,10.08692387,10.08692387
TSK004708,S055,16.12160904,16.12160904
TSK004708,S056,9.77788952,9.77788952
TSK004708,S057,10.93958116,10.93958116
TSK004708,S058,10.11347263,10.11347263
TSK004708,S059,13.30831702,13.30831702
TSK004708,S060,9.71709379,9.71709379
TSK004708,S061,7.63699955,7.63699955
TSK004708,S062,3.07286971,3.07286971
TSK004708,S063,3.07286971,3.07286971
TSK004708,S064,11.99398699,11.99398699
TSK004708,S065,4.37645523,4.37645523
TSK004708,S066,7.94035252,7.94035252
TSK004708,S067,6.3644379,6.3644379
TSK004708,S068,9.30964779,9.30964779
TSK004708,S069,3.07286971,3.07286971
TSK004708,S070,3.07286971,3.07286971
TSK004708,S071,3.07286971,3.07286971
TSK004708,S072,3.07286971,3.07286971
TSK004708,S073,12.86297952,12.86297952
TSK004708,S074,17.59002055,17.59002055
TSK004708,S075,10.86853148,10.86853148
TSK004708,S076,10.81459719,10.81459719
TSK004708,S077,3.07286971,3.07286971
TSK004708,S078,7.65570261,7.65570261
TSK004708,S079,12.27715703,12.27715703
TSK004708,S080,3.07286971,3.07286971
TSK004708,S081,10.93958116,10.93958116
TSK004708,S082,7.72048851,7.72048851
TSK004708,S083,8.53418061,8.53418061
TSK004708,S084,8.130846,8.130846
TSK004708,S085,12.09742187,12.09742187
TSK004708,S086,3.07286971,3.07286971
TSK004708,S087,5.05223798,5.05223798
TSK004708,S088,12.13256455,12.13256455
TSK004708,S089,8.64661933,8.64661933
TSK004708,S090,13.3471371,13.3471371
TSK004708,S091,9.66890884,9.66890884
TSK004708,S092,12.86423147,12.86423147
TSK004708,S093,7.72048851,7.72048851
TSK004708,S094,9.30964779,9.30964779
TSK004708,S095,8.31670296,8.31670296
TSK004708,S096,17.7101393,17.7101393
TSK004708,S097,3.07286971,3.07286971
TSK004708,S098,8.43587896,8.43587896
TSK004708,S099,5.19338721,5.19338721
TSK004708,S100,13.37367036,13.37367036
TSK004846,S001,5.1700108,5.1700108
TSK004846,S002,3.33631023,3.33631023
TSK004846,S003,6.58873989,6.58873989
TSK004846,S004,2.01599042,2.01599042
TSK004846,S005,2.01599042,2.01599042
TSK004846,S006,7.87253981,7.87253981
TSK004846,S007,6.47007941,6.47007941
TSK004846,S008,12.5682282,12.5682282
TSK004846,S009,2.01599042,2.01599042
TSK004846,S010,16.04786651,16.04786651
TSK004846,S011,4.91002451,4.91002451
TSK004846,S012,4.49106058,4.49106058
TSK004846,S013,7.65397505,7.65397505
TSK004846,S014,2.01599042,2.01599042
TSK004846,S015,2.01599042,2.01599042
TSK004846,S016,2.01599042,2.01599042
TSK004846,S017,6.98462378,6.98462378
TSK004846,S018,3.60765665,3.60765665
TSK004846,S019,4.91002451,4.91002451
TSK004846,S020,2.01599042,2.01599042
TSK004846,S021,2.01599042,2.01599042
TSK004846,S022,4.07872211,4.07872211
TSK004846,S023,2.01599042,2.01599042
TSK004846,S024,6.027158,6.027158
TSK004846,S025,9.05785631,9.05785631
TSK004846,S026,6.9868987,6.9868987
TSK004846,S027,4.5550531,4.5550531
TSK004846,S028,5.0673492,5.0673492
TSK004846,S029,2.01599042,2.01599042
TSK004846,S030,6.86558052,6.86558052
TSK004846,S031,2.01599042,2.01599042
TSK004846,S032,2.01599042,2.01599042
TSK004846,S033,10.23404715,10.23404715
TSK004846,S034,14.15513175,14.15513175
TSK004846,S035,3.60765665,3.60765665
TSK004846,S036,4.35462501,4.35462501
TSK004846,S037,5.08175682,5.08175682
TSK004846,S038,3.32908545,3.32908545
TSK004846,S039,16.04786651,16.04786651
TSK004846,S040,11.50830596,11.50830596
TSK004846,S041,2.01599042,2.01599042
TSK004846,S042,6.33118025,6.33118025
TSK004846,S043,3.32908545,3.32908545
TSK004846,S044,6.1454104,6.1454104
TSK004846,S045,2.01599042,2.01599042
TSK004846,S046,4.5827123,4.5827123
TSK004846,S047,6.49191777,6.49191777
TSK004846,S048,5.68423198,5.68423198
TSK004846,S049,2.01599042,2.01599042
TSK004846,S050,7.0492076,7.0492076
TSK004846,S051,2.01599042,2.01599042
TSK004846,S052,7.8136894,7.8136894
TSK004846,S053,2.01599042,2.01599042
TSK004846,S054,6.49453112,6.49453112
TSK004846,S055,10.65903473,10.65903473
TSK004846,S056,6.38515131,6.38515131
TSK004846,S057,7.04688665,7.04688665
TSK004846,S058,6.4782188,6.4782188
TSK004846,S059,8.47974023,8.47974023
TSK004846,S060,6.1756058,6.1756058
TSK004846,S061,4.82620807,4.82620807
TSK004846,S062,2.01599042,2.01599042
TSK004846,S063,2.01599042,2.01599042
TSK004846,S064,7.87253981,7.87253981
TSK004846,S065,2.87124055,2.87124055
TSK004846,S066,5.20018433,5.20018433
TSK004846,S067,4.07872211,4.07872211
TSK004846,S068,6.04582084,6.04582084
TSK004846,S069,2.01599042,2.01599042
TSK004846,S070,2.01599042,2.01599042
TSK004846,S071,2.01599042,2.01599042
TSK004846,S072,2.01599042,2.01599042
TSK004846,S073,8.33951611,8.33951611
TSK004846,S074,11.35099697,11.35099697
TSK004846,S075,6.90443307,6.90443307
TSK004846,S076,7.06339125,7.06339125
TSK004846,S077,2.01599042,2.01599042
TSK004846,S078,4.94159607,4.94159607
TSK004846,S079,7.95098728,7.95098728
TSK004846,S080,2.01599042,2.01599042
TSK004846,S081,7.04688665,7.04688665
TSK004846,S082,4.98734979,4.98734979
TSK004846,S083,5.59199985,5.59199985
TSK004846,S084,5.30430413,5.30430413
TSK004846,S085,7.65397505,7.65397505
TSK004846,S086,2.01599042,2.01599042
TSK004846,S087,3.32908545,3.32908545
TSK004846,S088,7.70789162,7.70789162
TSK004846,S089,5.59764802,5.59764802
TSK004846,S090,8.38293363,8.38293363
TSK004846,S091,6.1454104,6.1454104
TSK004846,S092,8.27813443,8.27813443
TSK004846,S093,4.98734979,4.98734979
TSK004846,S094,6.04582084,6.04582084
TSK004846,S095,5.43142847,5.43142847
TSK004846,S096,11.54170618,11.54170618
TSK004846,S097,2.01599042,2.01599042
TSK004846,S098,5.48650418,5.48650418
TSK004846,S099,3.41070162,3.41070162
TSK004846,S100,8.77923758,8.77923758
TSK004855,S001,18.45029399,18.45029399
TSK004855,S002,17.38770002,17.38770002
TSK004855,S003,32.91147266,32.91147266
TSK004855,S004,8.40371336,8.40371336
TSK004855,S005,8.40371336,8.40371336
TSK004855,S006,32.81579304,32.81579304
TSK004855,S007,30.73169978,30.73169978
TSK004855,S008,62.60802795,62.60802795
TSK004855,S009,8.40371336,8.40371336
TSK004855,S010,104.88063718,104.88063718
TSK004855,S011,24.23793083,24.23793083
TSK004855,S012,17.87907627,17.87907627
TSK004855,S013,50.66608917,50.66608917
TSK004855,S014,8.40371336,8.40371336
TSK004855,S015,8.40371336,8.40371336
TSK004855,S016,8.40371336,8.40371336
TSK004855,S017,44.43756302,44.43756302
TSK004855,S018,15.84509183,15.84509183
TSK004855,S019,24.23793083,24.23793083
TSK004855,S020,8.40371336,8.40371336
TSK004855,S021,8.40371336,8.40371336
TSK004855,S022,23.01500507,23.01500507
TSK004855,S023,8.40371336,8.40371336
TSK004855,S024,20.62436514,20.62436514
TSK004855,S025,54.02834012,54.02834012
TSK004855,S026,33.84661512,33.84661512
TSK004855,S027,16.26572885,16.26572885
TSK004855,S028,18.97772337,18.97772337
TSK004855,S029,8.40371336,8.40371336
TSK004855,S030,30.17711181,30.17711181
TSK004855,S031,8.40371336,8.40371336
TSK004855,S032,8.40371336,8.40371336
TSK004855,S033,65.84766466,65.84766466
TSK004855,S034,73.23121299,73.23121299
TSK004855,S035,15.84509183,15.84509183
TSK004855,S036,20.91251506,20.91251506
TSK004855,S037,30.52733572,30.52733572
TSK004855,S038,12.78778604,12.78778604
TSK004855,S039,104.88063718,104.88063718
TSK004855,S040,60.29626684,60.29626684
TSK004855,S041,8.40371336,8.40371336
TSK004855,S042,31.44237646,31.44237646
TSK004855,S043,12.78778604,12.78778604
TSK004855,S044,37.48186414,37.48186414
TSK004855,S045,8.40371336,8.40371336
TSK004855,S046,21.07485389,21.07485389
TSK004855,S047,56.05663156,56.05663156
TSK004855,S048,30.86300945,30.86300945
TSK004855,S049,8.40371336,8.40371336
TSK004855,S050,32.42636717,32.42636717
TSK004855,S051,8.40371336,8.40371336
TSK004855,S052,36.38474687,36.38474687
TSK004855,S053,8.40371336,8.40371336
TSK004855,S054,33.38443926,33.38443926
TSK004855,S055,39.42965612,39.42965612
TSK004855,S056,27.25163097,27.25163097
TSK004855,S057,36.8849285,36.8849285
TSK004855,S058,35.909768,35.909768
TSK004855,S059,50.4078829,50.4078829
TSK004855,S060,38.68087634,38.68087634
TSK004855,S061,33.10288622,33.10288622
TSK004855,S062,8.40371336,8.40371336
TSK004855,S063,8.40371336,8.40371336
TSK004855,S064,32.81579304,32.81579304
TSK004855,S065,11.31649797,11.31649797
TSK004855,S066,20.63815491,20.63815491
TSK004855,S067,23.01500507,23.01500507
TSK004855,S068,27.64582742,27.64582742
TSK004855,S069,8.40371336,8.40371336
TSK004855,S070,8.40371336,8.40371336
TSK004855,S071,8.40371336,8.40371336
TSK004855,S072,8.40371336,8.40371336
TSK004855,S073,40.87448509,40.87448509
TSK004855,S074,58.67388334,58.67388334
TSK004855,S075,43.12695418,43.12695418
TSK004855,S076,27.20159472,27.20159472
TSK004855,S077,8.40371336,8.40371336
TSK004855,S078,23.97926895,23.97926895
TSK004855,S079,38.74052593,38.74052593
TSK004855,S080,8.40371336,8.40371336
TSK004855,S081,36.8849285,36.8849285
TSK004855,S082,26.18074266,26.18074266
TSK004855,S083,22.95360411,22.95360411
TSK004855,S084,23.09185582,23.09185582
TSK004855,S085,50.66608917,50.66608917
TSK004855,S086,8.40371336,8.40371336
TSK004855,S087,12.78778604,12.78778604
TSK004855,S088,47.37924007,47.37924007
TSK004855,S089,27.67792711,27.67792711
TSK004855,S090,60.83915113,60.83915113
TSK004855,S091,37.48186414,37.48186414
TSK004855,S092,42.44141001,42.44141001
TSK004855,S093,26.18074266,26.18074266
TSK004855,S094,27.64582742,27.64582742
TSK004855,S095,22.79077345,22.79077345
TSK004855,S096,55.86083281,55.86083281
TSK004855,S097,8.40371336,8.40371336
TSK004855,S098,25.55660973,25.55660973
TSK004855,S099,13.68926754,13.68926754
TSK004855,S100,35.50158758,35.50158758
TSK005075,S001,13.25955587,13.25955587
TSK005075,S002,9.67966192,9.67966192
TSK005075,S003,19.37273404,19.37273404
TSK005075,S004,5.26910192,5.26910192
TSK005075,S005,5.26910192,5.26910192
TSK005075,S006,20.47030826,20.47030826
TSK005075,S007,20.30533701,20.30533701
TSK005075,S008,35.78463769,35.78463769
TSK005075,S009,5.26910192,5.26910192
TSK005075,S010,57.64961026,57.64961026
TSK005075,S011,14.64492829,14.64492829
TSK005075,S012,11.90210915,11.90210915
TSK005075,S013,26.29109262,26.29109262
TSK005075,S014,5.26910192,5.26910192
TSK005075,S015,5.26910192,5.26910192
TSK005075,S016,5.26910192,5.26910192
TSK005075,S017,23.33526574,23.33526574
TSK005075,S018,9.90383117,9.90383117
TSK005075,S019,14.64492829,14.64492829
TSK005075,S020,5.26910192,5.26910192
TSK005075,S021,5.26910192,5.26910192
TSK005075,S022,12.84847894,12.84847894
TSK005075,S023,5.26910192,5.26910192
TSK005075,S024,14.05032689,14.05032689
TSK005075,S025,30.48991062,30.48991062
TSK005075,S026,20.64348324,20.64348324
TSK005075,S027,11.42367584,11.42367584
TSK005075,S028,13.37939299,13.37939299
TSK005075,S029,5.26910192,5.26910192
TSK005075,S030,19.19409138,19.19409138
TSK005075,S031,5.26910192,5.26910192
TSK005075,S032,5.26910192,5.26910192
TSK005075,S033,34.81630874,34.81630874
TSK005075,S034,42.00147777,42.00147777
TSK005075,S035,9.90383117,9.90383117
TSK005075,S036,12.88562544,12.88562544
TSK005075,S037,16.62404518,16.62404518
TSK005075,S038,8.38987147,8.38987147
TSK005075,S039,57.64961026,57.64961026
TSK005075,S040,36.41633705,36.41633705
TSK005075,S041,5.26910192,5.26910192
TSK005075,S042,18.93357688,18.93357688
TSK005075,S043,8.38987147,8.38987147
TSK005075,S044,20.57999572,20.57999572
TSK005075,S045,5.26910192,5.26910192
TSK005075,S046,12.63723156,12.63723156
TSK005075,S047,26.26178309,26.26178309
TSK005075,S048,17.57306271,17.57306271
TSK005075,S049,5.26910192,5.26910192
TSK005075,S050,21.05303879,21.05303879
TSK005075,S051,5.26910192,5.26910192
TSK005075,S052,23.20732451,23.20732451
TSK005075,S053,5.26910192,5.26910192
TSK005075,S054,19.87997411,19.87997411
TSK005075,S055,25.9880938,25.9880938
TSK005075,S056,17.47087254,17.47087254
TSK005075,S057,21.41422561,21.41422561
TSK005075,S058,20.55541843,20.55541843
TSK005075,S059,27.89857857,27.89857857
TSK005075,S060,20.60203709,20.60203709
TSK005075,S061,16.63982795,16.63982795
TSK005075,S062,5.26910192,5.26910192
TSK005075,S063,5.26910192,5.26910192
TSK005075,S064,20.47030826,20.47030826
TSK005075,S065,7.56280342,7.56280342
TSK005075,S066,13.94421188,13.94421188
TSK005075,S067,12.84847894,12.84847894
TSK005075,S068,17.32787313,17.32787313
TSK005075,S069,5.26910192,5.26910192
TSK005075,S070,5.26910192,5.26910192
TSK005075,S071,5.26910192,5.26910192
TSK005075,S072,5.26910192,5.26910192
TSK005075,S073,24.05056728,24.05056728
TSK005075,S074,33.98150662,33.98150662
TSK005075,S075,23.13036388,23.13036388
TSK005075,S076,19.55704457,19.55704457
TSK005075,S077,5.26910192,5.26910192
TSK005075,S078,14.89747011,14.89747011
TSK005075,S079,23.19990213,23.19990213
TSK005075,S080,5.26910192,5.26910192
TSK005075,S081,21.41422561,21.41422561
TSK005075,S082,14.74378244,14.74378244
TSK005075,S083,14.84380527,14.84380527
TSK005075,S084,14.62276915,14.62276915
TSK005075,S085,26.29109262,26.29109262
TSK005075,S086,5.26910192,5.26910192
TSK005075,S087,8.38987147,8.38987147
TSK005075,S088,25.87782444,25.87782444
TSK005075,S089,16.35718147,16.35718147
TSK005075,S090,30.11925381,30.11925381
TSK005075,S091,20.57999572,20.57999572
TSK005075,S092,25.48156636,25.48156636
TSK005075,S093,14.74378244,14.74378244
TSK005075,S094,17.32787313,17.32787313
TSK005075,S095,14.88351116,14.88351116
TSK005075,S096,31.64663707,31.64663707
TSK005075,S097,5.26910192,5.26910192
TSK005075,S098,15.45092181,15.45092181
TSK005075,S099,8.86266298,8.86266298
TSK005075,S100,22.8953394,22.8953394
TSK005125,S001,18.15609608,18.15609608
TSK005125,S002,16.38564923,16.38564923
TSK005125,S003,31.35109669,31.35109669
TSK005125,S004,8.05359079,8.05359079
TSK005125,S005,8.05359079,8.05359079
TSK005125,S006,31.40889384,31.40889384
TSK005125,S007,30.04063012,30.04063012
TSK005125,S008,59.22912703,59.22912703
TSK005125,S009,8.05359079,8.05359079
TSK005125,S010,99.45414144,99.45414144
TSK005125,S011,23.21857923,23.21857923
TSK005125,S012,17.35081793,17.35081793
TSK005125,S013,47.4784089,47.4784089
TSK005125,S014,8.05359079,8.05359079
TSK005125,S015,8.05359079,8.05359079
TSK005125,S016,8.05359079,8.05359079
TSK005125,S017,41.68626575,41.68626575
TSK005125,S018,15.21576361,15.21576361
TSK005125,S019,23.21857923,23.21857923
TSK005125,S020,8.05359079,8.05359079
TSK005125,S021,8.05359079,8.05359079
TSK005125,S022,21.77640768,21.77640768
TSK005125,S023,8.05359079,8.05359079
TSK005125,S024,19.94994004,19.94994004
TSK005125,S025,51.35795543,51.35795543
TSK005125,S026,32.46725014,32.46725014
TSK005125,S027,15.90667844,15.90667844
TSK005125,S028,18.6323763,18.6323763
TSK005125,S029,8.05359079,8.05359079
TSK005125,S030,29.10499496,29.10499496
TSK005125,S031,8.05359079,8.05359079
TSK005125,S032,8.05359079,8.05359079
TSK005125,S033,61.88603134,61.88603134
TSK005125,S034,69.45358145,69.45358145
TSK005125,S035,15.21576361,15.21576361
TSK005125,S036,20.10132119,20.10132119
TSK005125,S037,28.79880108,28.79880108
TSK005125,S038,12.33788217,12.33788217
TSK005125,S039,99.45414144,99.45414144
TSK005125,S040,57.90976505,57.90976505
TSK005125,S041,8.05359079,8.05359079
TSK005125,S042,30.10416136,30.10416136
TSK005125,S043,12.33788217,12.33788217
TSK005125,S044,35.44387437,35.44387437
TSK005125,S045,8.05359079,8.05359079
TSK005125,S046,20.08324168,20.08324168
TSK005125,S047,51.89792025,51.89792025
TSK005125,S048,29.28438183,29.28438183
TSK005125,S049,8.05359079,8.05359079
TSK005125,S050,31.50800262,31.50800262
TSK005125,S051,8.05359079,8.05359079
TSK005125,S052,35.21856501,35.21856501
TSK005125,S053,8.05359079,8.05359079
TSK005125,S054,31.92946782,31.92946782
TSK005125,S055,38.00065808,38.00065808
TSK005125,S056,26.29464067,26.29464067
TSK005125,S057,35.0981052,35.0981052
TSK005125,S058,34.14381336,34.14381336
TSK005125,S059,47.70331733,47.70331733
TSK005125,S060,36.37424027,36.37424027
TSK005125,S061,30.85578614,30.85578614
TSK005125,S062,8.05359079,8.05359079
TSK005125,S063,8.05359079,8.05359079
TSK005125,S064,31.40889384,31.40889384
TSK005125,S065,10.98693734,10.98693734
TSK005125,S066,20.10231778,20.10231778
TSK005125,S067,21.77640768,21.77640768
TSK005125,S068,26.62058885,26.62058885
TSK005125,S069,8.05359079,8.05359079
TSK005125,S070,8.05359079,8.05359079
TSK005125,S071,8.05359079,8.05359079
TSK005125,S072,8.05359079,8.05359079
TSK005125,S073,38.89859304,38.89859304
TSK005125,S074,55.76928486,55.76928486
TSK005125,S075,40.61147294,40.61147294
TSK005125,S076,26.89376904,26.89376904
TSK005125,S077,8.05359079,8.05359079
TSK005125,S078,23.10655787,23.10655787
TSK005125,S079,37.01024766,37.01024766
TSK005125,S080,8.05359079,8.05359079
TSK005125,S081,35.0981052,35.0981052
TSK005125,S082,24.74366815,24.74366815
TSK005125,S083,22.14896905,22.14896905
TSK005125,S084,22.23589415,22.23589415
TSK005125,S085,47.4784089,47.4784089
TSK005125,S086,8.05359079,8.05359079
TSK005125,S087,12.33788217,12.33788217
TSK005125,S088,44.76486477,44.76486477
TSK005125,S089,26.37778149,26.37778149
TSK005125,S090,56.64172084,56.64172084
TSK005125,S091,35.44387437,35.44387437
TSK005125,S092,40.66551969,40.66551969
TSK005125,S093,24.74366815,24.74366815
TSK005125,S094,26.62058885,26.62058885
TSK005125,S095,22.07311208,22.07311208
TSK005125,S096,52.66781178,52.66781178
TSK005125,S097,8.05359079,8.05359079
TSK005125,S098,24.41730253,24.41730253
TSK005125,S099,13.19652544,13.19652544
TSK005125,S100,34.20466011,34.20466011
TSK005146,S001,0.91696118,0.91696118
TSK005146,S002,0.6584084,0.6584084
TSK005146,S003,1.23765124,1.23765124
TSK005146,S004,0.3845541,0.3845541
TSK005146,S005,0.3845541,0.3845541
TSK005146,S006,1.5103893,1.5103893
TSK005146,S007,1.06363365,1.06363365
TSK005146,S008,2.45226163,2.45226163
TSK005146,S009,0.3845541,0.3845541
TSK005146,S010,2.87010931,2.87010931
TSK005146,S011,0.89679318,0.89679318
TSK005146,S012,0.81869739,0.81869739
TSK005146,S013,1.48687951,1.48687951
TSK005146,S014,0.3845541,0.3845541
TSK005146,S015,0.3845541,0.3845541
TSK005146,S016,0.3845541,0.3845541
TSK005146,S017,1.35874666,1.35874666
TSK005146,S018,0.67247316,0.67247316
TSK005146,S019,0.89679318,0.89679318
TSK005146,S020,0.3845541,0.3845541
TSK005146,S021,0.3845541,0.3845541
TSK005146,S022,0.77234837,0.77234837
TSK005146,S023,0.3845541,0.3845541
TSK005146,S024,1.15929486,1.15929486
TSK005146,S025,1.63869374,1.63869374
TSK005146,S026,1.2735858,1.2735858
TSK005146,S027,0.82950519,0.82950519
TSK005146,S028,0.89313955,0.89313955
TSK005146,S029,0.3845541,0.3845541
TSK005146,S030,1.25186192,1.25186192
TSK005146,S031,0.3845541,0.3845541
TSK005146,S032,0.3845541,0.3845541
TSK005146,S033,1.96076469,1.96076469
TSK005146,S034,2.70085508,2.70085508
TSK005146,S035,0.67247316,0.67247316
TSK005146,S036,0.78686206,0.78686206
TSK005146,S037,0.96533721,0.96533721
TSK005146,S038,0.62902645,0.62902645
TSK005146,S039,2.87010931,2.87010931
TSK005146,S040,2.03087874,2.03087874
TSK005146,S041,0.3845541,0.3845541
TSK005146,S042,1.15774527,1.15774527
TSK005146,S043,0.62902645,0.62902645
TSK005146,S044,1.14453509,1.14453509
TSK005146,S045,0.3845541,0.3845541
TSK005146,S046,0.8770736,0.8770736
TSK005146,S047,1.31461693,1.31461693
TSK005146,S048,1.06862059,1.06862059
TSK005146,S049,0.3845541,0.3845541
TSK005146,S050,1.2163335,1.2163335
TSK005146,S051,0.3845541,0.3845541
TSK005146,S052,1.37170177,1.37170177
TSK005146,S053,0.3845541,0.3845541
TSK005146,S054,1.18272666,1.18272666
TSK005146,S055,2.04210362,2.04210362
TSK005146,S056,1.17194725,1.17194725
TSK005146,S057,1.31542513,1.31542513
TSK005146,S058,1.19576678,1.19576678
TSK005146,S059,1.58229303,1.58229303
TSK005146,S060,1.1861582,1.1861582
TSK005146,S061,0.96600608,0.96600608
TSK005146,S062,0.3845541,0.3845541
TSK005146,S063,0.3845541,0.3845541
TSK005146,S064,1.5103893,1.5103893
TSK005146,S065,0.52393246,0.52393246
TSK005146,S066,0.93269052,0.93269052
TSK005146,S067,0.77234837,0.77234837
TSK005146,S068,1.09844981,1.09844981
TSK005146,S069,0.3845541,0.3845541
TSK005146,S070,0.3845541,0.3845541
TSK005146,S071,0.3845541,0.3845541
TSK005146,S072,0.3845541,0.3845541
TSK005146,S073,1.58252986,1.58252986
TSK005146,S074,2.13958611,2.13958611
TSK005146,S075,1.31470083,1.31470083
TSK005146,S076,1.19189792,1.19189792
TSK005146,S077,0.3845541,0.3845541
TSK005146,S078,0.87746429,0.87746429
TSK005146,S079,1.47989033,1.47989033
TSK005146,S080,0.3845541,0.3845541
TSK005146,S081,1.31542513,1.31542513
TSK005146,S082,0.96712855,0.96712855
TSK005146,S083,1.0375066,1.0375066
TSK005146,S084,0.97772567,0.97772567
TSK005146,S085,1.48687951,1.48687951
TSK005146,S086,0.3845541,0.3845541
TSK005146,S087,0.62902645,0.62902645
TSK005146,S088,1.44082795,1.44082795
TSK005146,S089,1.05162486,1.05162486
TSK005146,S090,1.6746959,1.6746959
TSK005146,S091,1.14453509,1.14453509
TSK005146,S092,1.49260544,1.49260544
TSK005146,S093,0.96712855,0.96712855
TSK005146,S094,1.09844981,1.09844981
TSK005146,S095,0.98372847,0.98372847
TSK005146,S096,2.30467713,2.30467713
TSK005146,S097,0.3845541,0.3845541
TSK005146,S098,1.03301086,1.03301086
TSK005146,S099,0.63951335,0.63951335
TSK005146,S100,1.64701559,1.64701559
TSK005175,S001,7.94520676,7.94520676
TSK005175,S002,5.17488225,5.17488225
TSK005175,S003,10.26382192,10.26382192
TSK005175,S004,3.09330915,3.09330915
TSK005175,S005,3.09330915,3.09330915
TSK005175,S006,12.06863539,12.06863539
TSK005175,S007,10.23070799,10.23070799
TSK005175,S008,19.46019859,19.46019859
TSK005175,S009,3.09330915,3.09330915
TSK005175,S010,25.77049192,25.77049192
TSK005175,S011,7.67376515,7.67376515
TSK005175,S012,6.91837465,6.91837465
TSK005175,S013,12.15903641,12.15903641
TSK005175,S014,3.09330915,3.09330915
TSK005175,S015,3.09330915,3.09330915
TSK005175,S016,3.09330915,3.09330915
TSK005175,S017,11.0503654,11.0503654
TSK005175,S018,5.57443884,5.57443884
TSK005175,S019,7.67376515,7.67376515
TSK005175,S020,3.09330915,3.09330915
TSK005175,S021,3.09330915,3.09330915
TSK005175,S022,6.40916769,6.40916769
TSK005175,S023,3.09330915,3.09330915
TSK005175,S024,9.12841447,9.12841447
TSK005175,S025,14.39859542,14.39859542
TSK005175,S026,10.90745196,10.90745196
TSK005175,S027,6.97336865,6.97336865
TSK005175,S028,7.81582126,7.81582126
TSK005175,S029,3.09330915,3.09330915
TSK005175,S030,10.64390004,10.64390004
TSK005175,S031,3.09330915,3.09330915
TSK005175,S032,3.09330915,3.09330915
TSK005175,S033,16.24651742,16.24651742
TSK005175,S034,22.05858084,22.05858084
TSK005175,S035,5.57443884,5.57443884
TSK005175,S036,6.80240293,6.80240293
TSK005175,S037,8.02576976,8.02576976
TSK005175,S038,5.08956218,5.08956218
TSK005175,S039,25.77049192,25.77049192
TSK005175,S040,18.15824318,18.15824318
TSK005175,S041,3.09330915,3.09330915
TSK005175,S042,9.89764486,9.89764486
TSK005175,S043,5.08956218,5.08956218
TSK005175,S044,9.74770436,9.74770436
TSK005175,S045,3.09330915,3.09330915
TSK005175,S046,7.07514616,7.07514616
TSK005175,S047,10.5588938,10.5588938
TSK005175,S048,8.91273878,8.91273878
TSK005175,S049,3.09330915,3.09330915
TSK005175,S050,11.04932545,11.04932545
TSK005175,S051,3.09330915,3.09330915
TSK005175,S052,12.22885371,12.22885371
TSK005175,S053,3.09330915,3.09330915
TSK005175,S054,10.18615884,10.18615884
TSK005175,S055,16.22439869,16.22439869
TSK005175,S056,9.87001511,9.87001511
TSK005175,S057,11.02815207,11.02815207
TSK005175,S058,10.20293221,10.20293221
TSK005175,S059,13.41525381,13.41525381
TSK005175,S060,9.77485743,9.77485743
TSK005175,S061,7.65892011,7.65892011
TSK005175,S062,3.09330915,3.09330915
TSK005175,S063,3.09330915,3.09330915
TSK005175,S064,12.06863539,12.06863539
TSK005175,S065,4.41970391,4.41970391
TSK005175,S066,8.02833098,8.02833098
TSK005175,S067,6.40916769,6.40916769
TSK005175,S068,9.40355073,9.40355073
TSK005175,S069,3.09330915,3.09330915
TSK005175,S070,3.09330915,3.09330915
TSK005175,S071,3.09330915,3.09330915
TSK005175,S072,3.09330915,3.09330915
TSK005175,S073,12.9524391,12.9524391
TSK005175,S074,17.72035901,17.72035901
TSK005175,S075,10.93992141,10.93992141
TSK005175,S076,10.97870517,10.97870517
TSK005175,S077,3.09330915,3.09330915
TSK005175,S078,7.74456974,7.74456974
TSK005175,S079,12.37965046,12.37965046
TSK005175,S080,3.09330915,3.09330915
TSK005175,S081,11.02815207,11.02815207
TSK005175,S082,7.76166362,7.76166362
TSK005175,S083,8.60823655,8.60823655
TSK005175,S084,8.20490194,8.20490194
TSK005175,S085,12.15903641,12.15903641
TSK005175,S086,3.09330915,3.09330915
TSK005175,S087,5.08956218,5.08956218
TSK005175,S088,12.22824483,12.22824483
TSK005175,S089,8.71297346,8.71297346
TSK005175,S090,13.38712731,13.38712731
TSK005175,S091,9.74770436,9.74770436
TSK005175,S092,12.99960573,12.99960573
TSK005175,S093,7.76166362,7.76166362
TSK005175,S094,9.40355073,9.40355073
TSK005175,S095,8.40290408,8.40290408
TSK005175,S096,17.76582937,17.76582937
TSK005175,S097,3.09330915,3.09330915
TSK005175,S098,8.49956707,8.49956707
TSK005175,S099,5.23456231,5.23456231
TSK005175,S100,13.47912602,13.47912602
TSK005197,S001,17.23570939,17.23570939
TSK005197,S002,15.16555962,15.16555962
TSK005197,S003,29.15626865,29.15626865
TSK005197,S004,7.54253125,7.54253125
TSK005197,S005,7.54253125,7.54253125
TSK005197,S006,29.4033709,29.4033709
TSK005197,S007,28.21787858,28.21787858
TSK005197,S008,54.9552429,54.9552429
TSK005197,S009,7.54253125,7.54253125
TSK005197,S010,91.79288667,91.79288667
TSK005197,S011,21.64102886,21.64102886
TSK005197,S012,16.34019198,16.34019198
TSK005197,S013,43.62504766,43.62504766
TSK005197,S014,7.54253125,7.54253125
TSK005197,S015,7.54253125,7.54253125
TSK005197,S016,7.54253125,7.54253125
TSK005197,S017,38.34809748,38.34809748
TSK005197,S018,14.23821875,14.23821875
TSK005197,S019,21.64102886,21.64102886
TSK005197,S020,7.54253125,7.54253125
TSK005197,S021,7.54253125,7.54253125
TSK005197,S022,20.14561765,20.14561765
TSK005197,S023,7.54253125,7.54253125
TSK005197,S024,18.86259093,18.86259093
TSK005197,S025,47.53100789,47.53100789
TSK005197,S026,30.28989794,30.28989794
TSK005197,S027,15.07007345,15.07007345
TSK005197,S028,17.64699572,17.64699572
TSK005197,S029,7.54253125,7.54253125
TSK005197,S030,27.2742252,27.2742252
TSK005197,S031,7.54253125,7.54253125
TSK005197,S032,7.54253125,7.54253125
TSK005197,S033,56.9553384,56.9553384
TSK005197,S034,64.43705262,64.43705262
TSK005197,S035,14.23821875,14.23821875
TSK005197,S036,18.77048396,18.77048396
TSK005197,S037,26.57760437,26.57760437
TSK005197,S038,11.61013427,11.61013427
TSK005197,S039,91.79288667,91.79288667
TSK005197,S040,53.9435833,53.9435833
TSK005197,S041,7.54253125,7.54253125
TSK005197,S042,28.04945724,28.04945724
TSK005197,S043,11.61013427,11.61013427
TSK005197,S044,32.72718717,32.72718717
TSK005197,S045,7.54253125,7.54253125
TSK005197,S046,18.7203492,18.7203492
TSK005197,S047,47.25579691,47.25579691
TSK005197,S048,27.14206246,27.14206246
TSK005197,S049,7.54253125,7.54253125
TSK005197,S050,29.56239181,29.56239181
TSK005197,S051,7.54253125,7.54253125
TSK005197,S052,32.9908346,32.9908346
TSK005197,S053,7.54253125,7.54253125
TSK005197,S054,29.71387149,29.71387149
TSK005197,S055,35.79040096,35.79040096
TSK005197,S056,24.66485654,24.66485654
TSK005197,S057,32.59105907,32.59105907
TSK005197,S058,31.65369452,31.65369452
TSK005197,S059,44.0828508,44.0828508
TSK005197,S060,33.50125783,33.50125783
TSK005197,S061,28.27761718,28.27761718
TSK005197,S062,7.54253125,7.54253125
TSK005197,S063,7.54253125,7.54253125
TSK005197,S064,29.4033709,29.4033709
TSK005197,S065,10.35166657,10.35166657
TSK005197,S066,18.955985,18.955985
TSK005197,S067,20.14561765,20.14561765
TSK005197,S068,24.90536115,24.90536115
TSK005197,S069,7.54253125,7.54253125
TSK005197,S070,7.54253125,7.54253125
TSK005197,S071,7.54253125,7.54253125
TSK005197,S072,7.54253125,7.54253125
TSK005197,S073,36.18076129,36.18076129
TSK005197,S074,51.78152881,51.78152881
TSK005197,S075,37.42443438,37.42443438
TSK005197,S076,25.50573874,25.50573874
TSK005197,S077,7.54253125,7.54253125
TSK005197,S078,21.58911952,21.58911952
TSK005197,S079,34.47510354,34.47510354
TSK005197,S080,7.54253125,7.54253125
TSK005197,S081,32.59105907,32.59105907
TSK005197,S082,22.92042922,22.92042922
TSK005197,S083,20.80050982,20.80050982
TSK005197,S084,20.83176246,20.83176246
TSK005197,S085,43.62504766,43.62504766
TSK005197,S086,7.54253125,7.54253125
TSK005197,S087,11.61013427,11.61013427
TSK005197,S088,41.31453067,41.31453067
TSK005197,S089,24.54132889,24.54132889
TSK005197,S090,51.8320166,51.8320166
TSK005197,S091,32.72718717,32.72718717
TSK005197,S092,37.86969279,37.86969279
TSK005197,S093,22.92042922,22.92042922
TSK005197,S094,24.90536115,24.90536115
TSK005197,S095,20.74097661,20.74097661
TSK005197,S096,48.8467132,48.8467132
TSK005197,S097,7.54253125,7.54253125
TSK005197,S098,22.77243166,22.77243166
TSK005197,S099,12.39757603,12.39757603
TSK005197,S100,32.120531,32.120531
TSK005327,S001,3.94337547,3.94337547
TSK005327,S002,2.55239262,2.55239262
TSK005327,S003,5.03342573,5.03342573
TSK005327,S004,1.54077615,1.54077615
TSK005327,S005,1.54077615,1.54077615
TSK005327,S006,6.01780245,6.01780245
TSK005327,S007,4.92535719,4.92535719
TSK005327,S008,9.61191083,9.61191083
TSK005327,S009,1.54077615,1.54077615
TSK005327,S010,12.24309041,12.24309041
TSK005327,S011,3.74805182,3.74805182
TSK005327,S012,3.42805633,3.42805633
TSK005327,S013,5.85284563,5.85284563
TSK005327,S014,1.54077615,1.54077615
TSK005327,S015,1.54077615,1.54077615
TSK005327,S016,1.54077615,1.54077615
TSK005327,S017,5.34122352,5.34122352
TSK005327,S018,2.75544912,2.75544912
TSK005327,S019,3.74805182,3.74805182
TSK005327,S020,1.54077615,1.54077615
TSK005327,S021,1.54077615,1.54077615
TSK005327,S022,3.11662401,3.11662401
TSK005327,S023,1.54077615,1.54077615
TSK005327,S024,4.60752376,4.60752376
TSK005327,S025,6.91248595,6.91248595
TSK005327,S026,5.33313576,5.33313576
TSK005327,S027,3.47680377,3.47680377
TSK005327,S028,3.86442691,3.86442691
TSK005327,S029,1.54077615,1.54077615
TSK005327,S030,5.24057778,5.24057778
TSK005327,S031,1.54077615,1.54077615
TSK005327,S032,1.54077615,1.54077615
TSK005327,S033,7.82263946,7.82263946
TSK005327,S034,10.81853344,10.81853344
TSK005327,S035,2.75544912,2.75544912
TSK005327,S036,3.32311469,3.32311469
TSK005327,S037,3.88341123,3.88341123
TSK005327,S038,2.54365599,2.54365599
TSK005327,S039,12.24309041,12.24309041
TSK005327,S040,8.7766715,8.7766715
TSK005327,S041,1.54077615,1.54077615
TSK005327,S042,4.83304555,4.83304555
TSK005327,S043,2.54365599,2.54365599
TSK005327,S044,4.6936174,4.6936174
TSK005327,S045,1.54077615,1.54077615
TSK005327,S046,3.50279831,3.50279831
TSK005327,S047,4.97038283,4.97038283
TSK005327,S048,4.34253317,4.34253317
TSK005327,S049,1.54077615,1.54077615
TSK005327,S050,5.37281992,5.37281992
TSK005327,S051,1.54077615,1.54077615
TSK005327,S052,5.9581916,5.9581916
TSK005327,S053,1.54077615,1.54077615
TSK005327,S054,4.9571817,4.9571817
TSK005327,S055,8.14747911,8.14747911
TSK005327,S056,4.87474294,4.87474294
TSK005327,S057,5.38247278,5.38247278
TSK005327,S058,4.9465688,4.9465688
TSK005327,S059,6.47682988,6.47682988
TSK005327,S060,4.72081222,4.72081222
TSK005327,S061,3.69377403,3.69377403
TSK005327,S062,1.54077615,1.54077615
TSK005327,S063,1.54077615,1.54077615
TSK005327,S064,6.01780245,6.01780245
TSK005327,S065,2.19169665,2.19169665
TSK005327,S066,3.96758142,3.96758142
TSK005327,S067,3.11662401,3.11662401
TSK005327,S068,4.61439354,4.61439354
TSK005327,S069,1.54077615,1.54077615
TSK005327,S070,1.54077615,1.54077615
TSK005327,S071,1.54077615,1.54077615
TSK005327,S072,1.54077615,1.54077615
TSK005327,S073,6.37275765,6.37275765
TSK005327,S074,8.67236841,8.67236841
TSK005327,S075,5.2766351,5.2766351
TSK005327,S076,5.38054432,5.38054432
TSK005327,S077,1.54077615,1.54077615
TSK005327,S078,3.76927089,3.76927089
TSK005327,S079,6.07253887,6.07253887
TSK005327,S080,1.54077615,1.54077615
TSK005327,S081,5.38247278,5.38247278
TSK005327,S082,3.8135311,3.8135311
TSK005327,S083,4.27049005,4.27049005
TSK005327,S084,4.05004787,4.05004787
TSK005327,S085,5.85284563,5.85284563
TSK005327,S086,1.54077615,1.54077615
TSK005327,S087,2.54365599,2.54365599
TSK005327,S088,5.88758535,5.88758535
TSK005327,S089,4.27630392,4.27630392
TSK005327,S090,6.41557072,6.41557072
TSK005327,S091,4.6936174,4.6936174
TSK005327,S092,6.31686571,6.31686571
TSK005327,S093,3.8135311,3.8135311
TSK005327,S094,4.61439354,4.61439354
TSK005327,S095,4.14511142,4.14511142
TSK005327,S096,8.83289962,8.83289962
TSK005327,S097,1.54077615,1.54077615
TSK005327,S098,4.19165617,4.19165617
TSK005327,S099,2.60545003,2.60545003
TSK005327,S100,6.70660065,6.70660065
TSK005402,S001,6.05076662,6.05076662
TSK005402,S002,3.85390727,3.85390727
TSK005402,S003,7.65859875,7.65859875
TSK005402,S004,2.33887555,2.33887555
TSK005402,S005,2.33887555,2.33887555
TSK005402,S006,9.1268068,9.1268068
TSK005402,S007,7.63620902,7.63620902
TSK005402,S008,14.53941562,14.53941562
TSK005402,S009,2.33887555,2.33887555
TSK005402,S010,18.7636089,18.7636089
TSK005402,S011,5.7267338,5.7267338
TSK005402,S012,5.23928003,5.23928003
TSK005402,S013,8.85939107,8.85939107
TSK005402,S014,2.33887555,2.33887555
TSK005402,S015,2.33887555,2.33887555
TSK005402,S016,2.33887555,2.33887555
TSK005402,S017,8.08317992,8.08317992
TSK005402,S018,4.19741729,4.19741729
TSK005402,S019,5.7267338,5.7267338
TSK005402,S020,2.33887555,2.33887555
TSK005402,S021,2.33887555,2.33887555
TSK005402,S022,4.73630059,4.73630059
TSK005402,S023,2.33887555,2.33887555
TSK005402,S024,6.98516756,6.98516756
TSK005402,S025,10.57643685,10.57643685
TSK005402,S026,8.15099827,8.15099827
TSK005402,S027,5.31458696,5.31458696
TSK005402,S028,5.93489025,5.93489025
TSK005402,S029,2.33887555,2.33887555
TSK005402,S030,8.00916991,8.00916991
TSK005402,S031,2.33887555,2.33887555
TSK005402,S032,2.33887555,2.33887555
TSK005402,S033,11.866604,11.866604
TSK005402,S034,16.4216859,16.4216859
TSK005402,S035,4.19741729,4.19741729
TSK005402,S036,5.08541687,5.08541687
TSK005402,S037,5.89872082,5.89872082
TSK005402,S038,3.8668498,3.8668498
TSK005402,S039,18.7636089,18.7636089
TSK005402,S040,13.47665189,13.47665189
TSK005402,S041,2.33887555,2.33887555
TSK005402,S042,7.38322324,7.38322324
TSK005402,S043,3.8668498,3.8668498
TSK005402,S044,7.15077554,7.15077554
TSK005402,S045,2.33887555,2.33887555
TSK005402,S046,5.31447115,5.31447115
TSK005402,S047,7.4735974,7.4735974
TSK005402,S048,6.60655325,6.60655325
TSK005402,S049,2.33887555,2.33887555
TSK005402,S050,8.27593407,8.27593407
TSK005402,S051,2.33887555,2.33887555
TSK005402,S052,9.15559085,9.15559085
TSK005402,S053,2.33887555,2.33887555
TSK005402,S054,7.57744126,7.57744126
TSK005402,S055,12.35945155,12.35945155
TSK005402,S056,7.44286337,7.44286337
TSK005402,S057,8.19744755,8.19744755
TSK005402,S058,7.54621704,7.54621704
TSK005402,S059,9.86470276,9.86470276
TSK005402,S060,7.15849778,7.15849778
TSK005402,S061,5.56461391,5.56461391
TSK005402,S062,2.33887555,2.33887555
TSK005402,S063,2.33887555,2.33887555
TSK005402,S064,9.1268068,9.1268068
TSK005402,S065,3.34919887,3.34919887
TSK005402,S066,6.078178,6.078178
TSK005402,S067,4.73630059,4.73630059
TSK005402,S068,7.05586288,7.05586288
TSK005402,S069,2.33887555,2.33887555
TSK005402,S070,2.33887555,2.33887555
TSK005402,S071,2.33887555,2.33887555
TSK005402,S072,2.33887555,2.33887555
TSK005402,S073,9.68147153,9.68147153
TSK005402,S074,13.18851918,13.18851918
TSK005402,S075,8.01203784,8.01203784
TSK005402,S076,8.31305695,8.31305695
TSK005402,S077,2.33887555,2.33887555
TSK005402,S078,5.78266649,5.78266649
TSK005402,S079,9.2524379,9.2524379
TSK005402,S080,2.33887555,2.33887555
TSK005402,S081,8.19744755,8.19744755
TSK005402,S082,5.77411624,5.77411624
TSK005402,S083,6.50984471,6.50984471
TSK005402,S084,6.17980416,6.17980416
TSK005402,S085,8.85939107,8.85939107
TSK005402,S086,2.33887555,2.33887555
TSK005402,S087,3.8668498,3.8668498
TSK005402,S088,8.96484217,8.96484217
TSK005402,S089,6.50646709,6.50646709
TSK005402,S090,9.66796651,9.66796651
TSK005402,S091,7.15077554,7.15077554
TSK005402,S092,9.66981888,9.66981888
TSK005402,S093,5.77411624,5.77411624
TSK005402,S094,7.05586288,7.05586288
TSK005402,S095,6.34118335,6.34118335
TSK005402,S096,13.31175996,13.31175996
TSK005402,S097,2.33887555,2.33887555
TSK005402,S098,6.37555234,6.37555234
TSK005402,S099,3.9654073,3.9654073
TSK005402,S100,10.20638637,10.20638637
TSK005423,S001,20.22768117,20.22768117
TSK005423,S002,19.10946424,19.10946424
TSK005423,S003,36.25982611,36.25982611
TSK005423,S004,9.19705654,9.19705654
TSK005423,S005,9.19705654,9.19705654
TSK005423,S006,35.89493215,35.89493215
TSK005423,S007,34.13928026,34.13928026
TSK005423,S008,68.77523855,68.77523855
TSK005423,S009,9.19705654,9.19705654
TSK005423,S010,116.58926063,116.58926063
TSK005423,S011,26.75049682,26.75049682
TSK005423,S012,19.6180229,19.6180229
TSK005423,S013,56.08008996,56.08008996
TSK005423,S014,9.19705654,9.19705654
TSK005423,S015,9.19705654,9.19705654
TSK005423,S016,9.19705654,9.19705654
TSK005423,S017,49.13827716,49.13827716
TSK005423,S018,17.40443643,17.40443643
TSK005423,S019,26.75049682,26.75049682
TSK005423,S020,9.19705654,9.19705654
TSK005423,S021,9.19705654,9.19705654
TSK005423,S022,25.42077634,25.42077634
TSK005423,S023,9.19705654,9.19705654
TSK005423,S024,22.38539288,22.38539288
TSK005423,S025,59.91875372,59.91875372
TSK005423,S026,37.34304679,37.34304679
TSK005423,S027,17.78634585,17.78634585
TSK005423,S028,20.84913976,20.84913976
TSK005423,S029,9.19705654,9.19705654
TSK005423,S030,33.20788104,33.20788104
TSK005423,S031,9.19705654,9.19705654
TSK005423,S032,9.19705654,9.19705654
TSK005423,S033,72.89686956,72.89686956
TSK005423,S034,80.66533275,80.66533275
TSK005423,S035,17.40443643,17.40443643
TSK005423,S036,23.08266072,23.08266072
TSK005423,S037,33.76105179,33.76105179
TSK005423,S038,13.96795147,13.96795147
TSK005423,S039,116.58926063,116.58926063
TSK005423,S040,66.79593172,66.79593172
TSK005423,S041,9.19705654,9.19705654
TSK005423,S042,34.70397554,34.70397554
TSK005423,S043,13.96795147,13.96795147
TSK005423,S044,41.51585078,41.51585078
TSK005423,S045,9.19705654,9.19705654
TSK005423,S046,23.13052068,23.13052068
TSK005423,S047,62.24869519,62.24869519
TSK005423,S048,34.07364747,34.07364747
TSK005423,S049,9.19705654,9.19705654
TSK005423,S050,35.87632041,35.87632041
TSK005423,S051,9.19705654,9.19705654
TSK005423,S052,40.21611866,40.21611866
TSK005423,S053,9.19705654,9.19705654
TSK005423,S054,36.8890306,36.8890306
TSK005423,S055,42.94908901,42.94908901
TSK005423,S056,29.9470097,29.9470097
TSK005423,S057,40.70494634,40.70494634
TSK005423,S058,39.71311906,39.71311906
TSK005423,S059,55.79571719,55.79571719
TSK005423,S060,42.79002226,42.79002226
TSK005423,S061,36.60674253,36.60674253
TSK005423,S062,9.19705654,9.19705654
TSK005423,S063,9.19705654,9.19705654
TSK005423,S064,35.89493215,35.89493215
TSK005423,S065,12.41217401,12.41217401
TSK005423,S066,22.67627492,22.67627492
TSK005423,S067,25.42077634,25.42077634
TSK005423,S068,30.46377848,30.46377848
TSK005423,S069,9.19705654,9.19705654
TSK005423,S070,9.19705654,9.19705654
TSK005423,S071,9.19705654,9.19705654
TSK005423,S072,9.19705654,9.19705654
TSK005423,S073,44.97542495,44.97542495
TSK005423,S074,64.68535621,64.68535621
TSK005423,S075,47.73016746,47.73016746
TSK005423,S076,30.02287296,30.02287296
TSK005423,S077,9.19705654,9.19705654
TSK005423,S078,26.50782662,26.50782662
TSK005423,S079,42.68272225,42.68272225
TSK005423,S080,9.19705654,9.19705654
TSK005423,S081,40.70494634,40.70494634
TSK005423,S082,28.81619848,28.81619848
TSK005423,S083,25.17041668,25.17041668
TSK005423,S084,25.38142447,25.38142447
TSK005423,S085,56.08008996,56.08008996
TSK005423,S086,9.19705654,9.19705654
TSK005423,S087,13.96795147,13.96795147
TSK005423,S088,52.47564118,52.47564118
TSK005423,S089,30.48520368,30.48520368
TSK005423,S090,67.3702248,67.3702248
TSK005423,S091,41.51585078,41.51585078
TSK005423,S092,46.92610929,46.92610929
TSK005423,S093,28.81619848,28.81619848
TSK005423,S094,30.46377848,30.46377848
TSK005423,S095,25.06080191,25.06080191
TSK005423,S096,61.19630559,61.19630559
TSK005423,S097,9.19705654,9.19705654
TSK005423,S098,28.09715151,28.09715151
TSK005423,S099,14.98612077,14.98612077
TSK005423,S100,38.87255323,38.87255323
TSK005500,S001,70.8345497,70.8345497
TSK005500,S002,77.37606337,77.37606337
TSK005500,S003,142.88344979,142.88344979
TSK005500,S004,37.80793519,37.80793519
TSK005500,S005,37.80793519,37.80793519
TSK005500,S006,157.3941927,157.3941927
TSK005500,S007,122.84151555,122.84151555
TSK005500,S008,283.68577698,283.68577698
TSK005500,S009,37.80793519,37.80793519
TSK005500,S010,511.55291975,511.55291975
TSK005500,S011,102.15052175,102.15052175
TSK005500,S012,76.75928505,76.75928505
TSK005500,S013,237.75464509,237.75464509
TSK005500,S014,37.80793519,37.80793519
TSK005500,S015,37.80793519,37.80793519
TSK005500,S016,37.80793519,37.80793519
TSK005500,S017,245.26185681,245.26185681
TSK005500,S018,71.52519364,71.52519364
TSK005500,S019,102.15052175,102.15052175
TSK005500,S020,37.80793519,37.80793519
TSK005500,S021,37.80793519,37.80793519
TSK005500,S022,105.62826816,105.62826816
TSK005500,S023,37.80793519,37.80793519
TSK005500,S024,81.60191289,81.60191289
TSK005500,S025,279.57697134,279.57697134
TSK005500,S026,162.23820113,162.23820113
TSK005500,S027,63.82083783,63.82083783
TSK005500,S028,73.82877842,73.82877842
TSK005500,S029,37.80793519,37.80793519
TSK005500,S030,122.02577498,122.02577498
TSK005500,S031,37.80793519,37.80793519
TSK005500,S032,37.80793519,37.80793519
TSK005500,S033,354.59214792,354.59214792
TSK005500,S034,332.34077056,332.34077056
TSK005500,S035,71.52519364,71.52519364
TSK005500,S036,92.44718764,92.44718764
TSK005500,S037,134.14239076,134.14239076
TSK005500,S038,53.35003517,53.35003517
TSK005500,S039,511.55291975,511.55291975
TSK005500,S040,247.47658173,247.47658173
TSK005500,S041,37.80793519,37.80793519
TSK005500,S042,140.16441238,140.16441238
TSK005500,S043,53.35003517,53.35003517
TSK005500,S044,181.10882249,181.10882249
TSK005500,S045,37.80793519,37.80793519
TSK005500,S046,102.73523369,102.73523369
TSK005500,S047,325.60435966,325.60435966
TSK005500,S048,141.5170674,141.5170674
TSK005500,S049,37.80793519,37.80793519
TSK005500,S050,130.03170748,130.03170748
TSK005500,S051,37.80793519,37.80793519
TSK005500,S052,160.03405622,160.03405622
TSK005500,S053,37.80793519,37.80793519
TSK005500,S054,144.44457701,144.44457701
TSK005500,S055,165.85591062,165.85591062
TSK005500,S056,119.24180821,119.24180821
TSK005500,S057,155.84047452,155.84047452
TSK005500,S058,171.20460014,171.20460014
TSK005500,S059,222.42139734,222.42139734
TSK005500,S060,210.62407784,210.62407784
TSK005500,S061,154.47086407,154.47086407
TSK005500,S062,37.80793519,37.80793519
TSK005500,S063,37.80793519,37.80793519
TSK005500,S064,157.3941927,157.3941927
TSK005500,S065,47.53967349,47.53967349
TSK005500,S066,86.50205422,86.50205422
TSK005500,S067,105.62826816,105.62826816
TSK005500,S068,126.7752902,126.7752902
TSK005500,S069,37.80793519,37.80793519
TSK005500,S070,37.80793519,37.80793519
TSK005500,S071,37.80793519,37.80793519
TSK005500,S072,37.80793519,37.80793519
TSK005500,S073,189.58029112,189.58029112
TSK005500,S074,253.78934573,253.78934573
TSK005500,S075,233.59679678,233.59679678
TSK005500,S076,102.79467375,102.79467375
TSK005500,S077,37.80793519,37.80793519
TSK005500,S078,99.83337407,99.83337407
TSK005500,S079,187.46157423,187.46157423
TSK005500,S080,37.80793519,37.80793519
TSK005500,S081,155.84047452,155.84047452
TSK005500,S082,135.85104033,135.85104033
TSK005500,S083,97.28883179,97.28883179
TSK005500,S084,103.67156903,103.67156903
TSK005500,S085,237.75464509,237.75464509
TSK005500,S086,37.80793519,37.80793519
TSK005500,S087,53.35003517,53.35003517
TSK005500,S088,227.77733463,227.77733463
TSK005500,S089,130.39960269,130.39960269
TSK005500,S090,313.6784065,313.6784065
TSK005500,S091,181.10882249,181.10882249
TSK005500,S092,198.30444478,198.30444478
TSK005500,S093,135.85104033,135.85104033
TSK005500,S094,126.7752902,126.7752902
TSK005500,S095,91.96382079,91.96382079
TSK005500,S096,252.86494907,252.86494907
TSK005500,S097,37.80793519,37.80793519
TSK005500,S098,106.91842981,106.91842981
TSK005500,S099,57.31399848,57.31399848
TSK005500,S100,151.86391575,151.86391575
TSK005556,S001,11.80176096,11.80176096
TSK005556,S002,8.34782185,8.34782185
TSK005556,S003,16.73916901,16.73916901
TSK005556,S004,4.64292315,4.64292315
TSK005556,S005,4.64292315,4.64292315
TSK005556,S006,18.04534809,18.04534809
TSK005556,S007,17.52470638,17.52470638
TSK005556,S008,30.99053487,30.99053487
TSK005556,S009,4.64292315,4.64292315
TSK005556,S010,48.4371337,48.4371337
TSK005556,S011,12.65175442,12.65175442
TSK005556,S012,10.50277782,10.50277782
TSK005556,S013,22.10730942,22.10730942
TSK005556,S014,4.64292315,4.64292315
TSK005556,S015,4.64292315,4.64292315
TSK005556,S016,4.64292315,4.64292315
TSK005556,S017,19.70085129,19.70085129
TSK005556,S018,8.66646114,8.66646114
TSK005556,S019,12.65175442,12.65175442
TSK005556,S020,4.64292315,4.64292315
TSK005556,S021,4.64292315,4.64292315
TSK005556,S022,10.96943987,10.96943987
TSK005556,S023,4.64292315,4.64292315
TSK005556,S024,12.6488507,12.6488507
TSK005556,S025,25.84859045,25.84859045
TSK005556,S026,17.86544105,17.86544105
TSK005556,S027,10.18850826,10.18850826
TSK005556,S028,11.84846296,11.84846296
TSK005556,S029,4.64292315,4.64292315
TSK005556,S030,16.7721944,16.7721944
TSK005556,S031,4.64292315,4.64292315
TSK005556,S032,4.64292315,4.64292315
TSK005556,S033,29.34773215,29.34773215
TSK005556,S034,36.1894461,36.1894461
TSK005556,S035,8.66646114,8.66646114
TSK005556,S036,11.15633074,11.15633074
TSK005556,S037,14.10546949,14.10546949
TSK005556,S038,7.45043055,7.45043055
TSK005556,S039,48.4371337,48.4371337
TSK005556,S040,31.23221345,31.23221345
TSK005556,S041,4.64292315,4.64292315
TSK005556,S042,16.3478866,16.3478866
TSK005556,S043,7.45043055,7.45043055
TSK005556,S044,17.42487498,17.42487498
TSK005556,S045,4.64292315,4.64292315
TSK005556,S046,11.02416672,11.02416672
TSK005556,S047,21.53419871,21.53419871
TSK005556,S048,15.05704901,15.05704901
TSK005556,S049,4.64292315,4.64292315
TSK005556,S050,18.26233295,18.26233295
TSK005556,S051,4.64292315,4.64292315
TSK005556,S052,20.12447351,20.12447351
TSK005556,S053,4.64292315,4.64292315
TSK005556,S054,17.10355845,17.10355845
TSK005556,S055,23.19632019,23.19632019
TSK005556,S056,15.31738102,15.31738102
TSK005556,S057,18.41042908,18.41042908
TSK005556,S058,17.56326294,17.56326294
TSK005556,S059,23.68261791,23.68261791
TSK005556,S060,17.41397464,17.41397464
TSK005556,S061,13.95277233,13.95277233
TSK005556,S062,4.64292315,4.64292315
TSK005556,S063,4.64292315,4.64292315
TSK005556,S064,18.04534809,18.04534809
TSK005556,S065,6.68074432,6.68074432
TSK005556,S066,12.29480284,12.29480284
TSK005556,S067,10.96943987,10.96943987
TSK005556,S068,15.07922206,15.07922206
TSK005556,S069,4.64292315,4.64292315
TSK005556,S070,4.64292315,4.64292315
TSK005556,S071,4.64292315,4.64292315
TSK005556,S072,4.64292315,4.64292315
TSK005556,S073,20.8323337,20.8323337
TSK005556,S074,29.26488935,29.26488935
TSK005556,S075,19.55130781,19.55130781
TSK005556,S076,17.22522987,17.22522987
TSK005556,S077,4.64292315,4.64292315
TSK005556,S078,12.87445508,12.87445508
TSK005556,S079,20.08729556,20.08729556
TSK005556,S080,4.64292315,4.64292315
TSK005556,S081,18.41042908,18.41042908
TSK005556,S082,12.69433496,12.69433496
TSK005556,S083,13.07463467,13.07463467
TSK005556,S084,12.79832579,12.79832579
TSK005556,S085,22.10730942,22.10730942
TSK005556,S086,4.64292315,4.64292315
TSK005556,S087,7.45043055,7.45043055
TSK005556,S088,21.89619442,21.89619442
TSK005556,S089,14.14828177,14.14828177
TSK005556,S090,25.11166806,25.11166806
TSK005556,S091,17.42487498,17.42487498
TSK005556,S092,21.91905432,21.91905432
TSK005556,S093,12.69433496,12.69433496
TSK005556,S094,15.07922206,15.07922206
TSK005556,S095,13.05996278,13.05996278
TSK005556,S096,27.52931629,27.52931629
TSK005556,S097,4.64292315,4.64292315
TSK005556,S098,13.44772254,13.44772254
TSK005556,S099,7.83015131,7.83015131
TSK005556,S100,20.21329417,20.21329417
TSK005583,S001,7.83280061,7.83280061
TSK005583,S002,5.14998216,5.14998216
TSK005583,S003,10.16991299,10.16991299
TSK005583,S004,3.06876477,3.06876477
TSK005583,S005,3.06876477,3.06876477
TSK005583,S006,11.97899504,11.97899504
TSK005583,S007,10.03008435,10.03008435
TSK005583,S008,19.34636958,19.34636958
TSK005583,S009,3.06876477,3.06876477
TSK005583,S010,25.4386092,25.4386092
TSK005583,S011,7.58554766,7.58554766
TSK005583,S012,6.83656005,6.83656005
TSK005583,S013,12.08504755,12.08504755
TSK005583,S014,3.06876477,3.06876477
TSK005583,S015,3.06876477,3.06876477
TSK005583,S016,3.06876477,3.06876477
TSK005583,S017,10.98420228,10.98420228
TSK005583,S018,5.51930291,5.51930291
TSK005583,S019,7.58554766,7.58554766
TSK005583,S020,3.06876477,3.06876477
TSK005583,S021,3.06876477,3.06876477
TSK005583,S022,6.35545463,6.35545463
TSK005583,S023,3.06876477,3.06876477
TSK005583,S024,9.06189564,9.06189564
TSK005583,S025,14.22465046,14.22465046
TSK005583,S026,10.78010575,10.78010575
TSK005583,S027,6.88977547,6.88977547
TSK005583,S028,7.70163653,7.70163653
TSK005583,S029,3.06876477,3.06876477
TSK005583,S030,10.51904384,10.51904384
TSK005583,S031,3.06876477,3.06876477
TSK005583,S032,3.06876477,3.06876477
TSK005583,S033,16.1280641,16.1280641
TSK005583,S034,21.88677017,21.88677017
TSK005583,S035,5.51930291,5.51930291
TSK005583,S036,6.71809832,6.71809832
TSK005583,S037,7.96102951,7.96102951
TSK005583,S038,5.04474201,5.04474201
TSK005583,S039,25.4386092,25.4386092
TSK005583,S040,17.90070503,17.90070503
TSK005583,S041,3.06876477,3.06876477
TSK005583,S042,9.78488299,9.78488299
TSK005583,S043,5.04474201,5.04474201
TSK005583,S044,9.65308399,9.65308399
TSK005583,S045,3.06876477,3.06876477
TSK005583,S046,7.02143309,7.02143309
TSK005583,S047,10.53434942,10.53434942
TSK005583,S048,8.83234704,8.83234704
TSK005583,S049,3.06876477,3.06876477
TSK005583,S050,10.87182333,10.87182333
TSK005583,S051,3.06876477,3.06876477
TSK005583,S052,12.04886158,12.04886158
TSK005583,S053,3.06876477,3.06876477
TSK005583,S054,10.06699409,10.06699409
TSK005583,S055,16.10096535,16.10096535
TSK005583,S056,9.75938754,9.75938754
TSK005583,S057,10.92179308,10.92179308
TSK005583,S058,10.09550608,10.09550608
TSK005583,S059,13.28684045,13.28684045
TSK005583,S060,9.70549287,9.70549287
TSK005583,S061,7.63259715,7.63259715
TSK005583,S062,3.06876477,3.06876477
TSK005583,S063,3.06876477,3.06876477
TSK005583,S064,11.97899504,11.97899504
TSK005583,S065,4.36776942,4.36776942
TSK005583,S066,7.92268342,7.92268342
TSK005583,S067,6.35545463,6.35545463
TSK005583,S068,9.29078886,9.29078886
TSK005583,S069,3.06876477,3.06876477
TSK005583,S070,3.06876477,3.06876477
TSK005583,S071,3.06876477,3.06876477
TSK005583,S072,3.06876477,3.06876477
TSK005583,S073,12.84501297,12.84501297
TSK005583,S074,17.56384412,17.56384412
TSK005583,S075,10.85419393,10.85419393
TSK005583,S076,10.78163869,10.78163869
TSK005583,S077,3.06876477,3.06876477
TSK005583,S078,7.63785504,7.63785504
TSK005583,S079,12.25657284,12.25657284
TSK005583,S080,3.06876477,3.06876477
TSK005583,S081,10.92179308,10.92179308
TSK005583,S082,7.71221914,7.71221914
TSK005583,S083,8.51930763,8.51930763
TSK005583,S084,8.11597302,8.11597302
TSK005583,S085,12.08504755,12.08504755
TSK005583,S086,3.06876477,3.06876477
TSK005583,S087,5.04474201,5.04474201
TSK005583,S088,12.11334867,12.11334867
TSK005583,S089,8.63329315,8.63329315
TSK005583,S090,13.3391057,13.3391057
TSK005583,S091,9.65308399,9.65308399
TSK005583,S092,12.83704367,12.83704367
TSK005583,S093,7.71221914,7.71221914
TSK005583,S094,9.29078886,9.29078886
TSK005583,S095,8.29939082,8.29939082
TSK005583,S096,17.69895482,17.69895482
TSK005583,S097,3.06876477,3.06876477
TSK005583,S098,8.4230882,8.4230882
TSK005583,S099,5.18511784,5.18511784
TSK005583,S100,13.35249124,13.35249124
TSK005795,S001,18.16004064,18.16004064
TSK005795,S002,17.32340339,17.32340339
TSK005795,S003,32.66898252,32.66898252
TSK005795,S004,8.34033525,8.34033525
TSK005795,S005,8.34033525,8.34033525
TSK005795,S006,32.58432518,32.58432518
TSK005795,S007,30.21365266,30.21365266
TSK005795,S008,62.3141005,62.3141005
TSK005795,S009,8.34033525,8.34033525
TSK005795,S010,104.02365497,104.02365497
TSK005795,S011,24.01013706,24.01013706
TSK005795,S012,17.66781592,17.66781592
TSK005795,S013,50.47503633,50.47503633
TSK005795,S014,8.34033525,8.34033525
TSK005795,S015,8.34033525,8.34033525
TSK005795,S016,8.34033525,8.34033525
TSK005795,S017,44.26671769,44.26671769
TSK005795,S018,15.70272072,15.70272072
TSK005795,S019,24.01013706,24.01013706
TSK005795,S020,8.34033525,8.34033525
TSK005795,S021,8.34033525,8.34033525
TSK005795,S022,22.87630806,22.87630806
TSK005795,S023,8.34033525,8.34033525
TSK005795,S024,20.45260129,20.45260129
TSK005795,S025,53.57918224,53.57918224
TSK005795,S026,33.51778379,33.51778379
TSK005795,S027,16.04987589,16.04987589
TSK005795,S028,18.6828774,18.6828774
TSK005795,S029,8.34033525,8.34033525
TSK005795,S030,29.85471014,29.85471014
TSK005795,S031,8.34033525,8.34033525
TSK005795,S032,8.34033525,8.34033525
TSK005795,S033,65.54179641,65.54179641
TSK005795,S034,72.78756625,72.78756625
TSK005795,S035,15.70272072,15.70272072
TSK005795,S036,20.69482504,20.69482504
TSK005795,S037,30.36016449,30.36016449
TSK005795,S038,12.67205211,12.67205211
TSK005795,S039,104.02365497,104.02365497
TSK005795,S040,59.631256,59.631256
TSK005795,S041,8.34033525,8.34033525
TSK005795,S042,31.15120459,31.15120459
TSK005795,S043,12.67205211,12.67205211
TSK005795,S044,37.23753695,37.23753695
TSK005795,S045,8.34033525,8.34033525
TSK005795,S046,20.93615688,20.93615688
TSK005795,S047,55.99325346,55.99325346
TSK005795,S048,30.6554232,30.6554232
TSK005795,S049,8.34033525,8.34033525
TSK005795,S050,31.96802406,31.96802406
TSK005795,S051,8.34033525,8.34033525
TSK005795,S052,35.9199741,35.9199741
TSK005795,S053,8.34033525,8.34033525
TSK005795,S054,33.07673397,33.07673397
TSK005795,S055,39.11092854,39.11092854
TSK005795,S056,26.96597024,26.96597024
TSK005795,S057,36.61029004,36.61029004
TSK005795,S058,35.63237398,35.63237398
TSK005795,S059,50.07629601,50.07629601
TSK005795,S060,38.5017643,38.5017643
TSK005795,S061,33.03491549,33.03491549
TSK005795,S062,8.34033525,8.34033525
TSK005795,S063,8.34033525,8.34033525
TSK005795,S064,32.58432518,32.58432518
TSK005795,S065,11.18239357,11.18239357
TSK005795,S066,20.3653535,20.3653535
TSK005795,S067,22.87630806,22.87630806
TSK005795,S068,27.35465554,27.35465554
TSK005795,S069,8.34033525,8.34033525
TSK005795,S070,8.34033525,8.34033525
TSK005795,S071,8.34033525,8.34033525
TSK005795,S072,8.34033525,8.34033525
TSK005795,S073,40.59709107,40.59709107
TSK005795,S074,58.26973311,58.26973311
TSK005795,S075,42.90559008,42.90559008
TSK005795,S076,26.69273284,26.69273284
TSK005795,S077,8.34033525,8.34033525
TSK005795,S078,23.70371197,23.70371197
TSK005795,S079,38.42271688,38.42271688
TSK005795,S080,8.34033525,8.34033525
TSK005795,S081,36.61029004,36.61029004
TSK005795,S082,26.05306793,26.05306793
TSK005795,S083,22.72397329,22.72397329
TSK005795,S084,22.862225,22.862225
TSK005795,S085,50.47503633,50.47503633
TSK005795,S086,8.34033525,8.34033525
TSK005795,S087,12.67205211,12.67205211
TSK005795,S088,47.08255706,47.08255706
TSK005795,S089,27.4721779,27.4721779
TSK005795,S090,60.71515049,60.71515049
TSK005795,S091,37.23753695,37.23753695
TSK005795,S092,42.02164488,42.02164488
TSK005795,S093,26.05306793,26.05306793
TSK005795,S094,27.35465554,27.35465554
TSK005795,S095,22.52348318,22.52348318
TSK005795,S096,55.68815044,55.68815044
TSK005795,S097,8.34033525,8.34033525
TSK005795,S098,25.35912723,25.35912723
TSK005795,S099,13.56159281,13.56159281
TSK005795,S100,35.1745933,35.1745933
TSK005809,S001,0.7578041,0.7578041
TSK005809,S002,0.52830123,0.52830123
TSK005809,S003,1.00643824,1.00643824
TSK005809,S004,0.31139904,0.31139904
TSK005809,S005,0.31139904,0.31139904
TSK005809,S006,1.22114536,1.22114536
TSK005809,S007,0.89893681,0.89893681
TSK005809,S008,1.97365379,1.97365379
TSK005809,S009,0.31139904,0.31139904
TSK005809,S010,2.36628626,2.36628626
TSK005809,S011,0.73497827,0.73497827
TSK005809,S012,0.67133669,0.67133669
TSK005809,S013,1.19809494,1.19809494
TSK005809,S014,0.31139904,0.31139904
TSK005809,S015,0.31139904,0.31139904
TSK005809,S016,0.31139904,0.31139904
TSK005809,S017,1.09443719,1.09443719
TSK005809,S018,0.54801021,0.54801021
TSK005809,S019,0.73497827,0.73497827
TSK005809,S020,0.31139904,0.31139904
TSK005809,S021,0.31139904,0.31139904
TSK005809,S022,0.62667459,0.62667459
TSK005809,S023,0.31139904,0.31139904
TSK005809,S024,0.93663872,0.93663872
TSK005809,S025,1.3466271,1.3466271
TSK005809,S026,1.04436868,1.04436868
TSK005809,S027,0.68039724,0.68039724
TSK005809,S028,0.73944969,0.73944969
TSK005809,S029,0.31139904,0.31139904
TSK005809,S030,1.02646448,1.02646448
TSK005809,S031,0.31139904,0.31139904
TSK005809,S032,0.31139904,0.31139904
TSK005809,S033,1.58586342,1.58586342
TSK005809,S034,2.18689957,2.18689957
TSK005809,S035,0.54801021,0.54801021
TSK005809,S036,0.64683984,0.64683984
TSK005809,S037,0.78258454,0.78258454
TSK005809,S038,0.51068952,0.51068952
TSK005809,S039,2.36628626,2.36628626
TSK005809,S040,1.68081251,1.68081251
TSK005809,S041,0.31139904,0.31139904
TSK005809,S042,0.94852572,0.94852572
TSK005809,S043,0.51068952,0.51068952
TSK005809,S044,0.93292303,0.93292303
TSK005809,S045,0.31139904,0.31139904
TSK005809,S046,0.70958206,0.70958206
TSK005809,S047,1.04769878,1.04769878
TSK005809,S048,0.86878905,0.86878905
TSK005809,S049,0.31139904,0.31139904
TSK005809,S050,1.01326732,1.01326732
TSK005809,S051,0.31139904,0.31139904
TSK005809,S052,1.13697333,1.13697333
TSK005809,S053,0.31139904,0.31139904
TSK005809,S054,0.9701184,0.9701184
TSK005809,S055,1.651669,1.651669
TSK005809,S056,0.9591637,0.9591637
TSK005809,S057,1.07153986,1.07153986
TSK005809,S058,0.97711295,0.97711295
TSK005809,S059,1.28906453,1.28906453
TSK005809,S060,0.95871253,0.95871253
TSK005809,S061,0.77221957,0.77221957
TSK005809,S062,0.31139904,0.31139904
TSK005809,S063,0.31139904,0.31139904
TSK005809,S064,1.22114536,1.22114536
TSK005809,S065,0.42950761,0.42950761
TSK005809,S066,0.76833988,0.76833988
TSK005809,S067,0.62667459,0.62667459
TSK005809,S068,0.90158348,0.90158348
TSK005809,S069,0.31139904,0.31139904
TSK005809,S070,0.31139904,0.31139904
TSK005809,S071,0.31139904,0.31139904
TSK005809,S072,0.31139904,0.31139904
TSK005809,S073,1.28330039,1.28330039
TSK005809,S074,1.73822401,1.73822401
TSK005809,S075,1.0651157,1.0651157
TSK005809,S076,0.99947061,0.99947061
TSK005809,S077,0.31139904,0.31139904
TSK005809,S078,0.72492173,0.72492173
TSK005809,S079,1.2064826,1.2064826
TSK005809,S080,0.31139904,0.31139904
TSK005809,S081,1.07153986,1.07153986
TSK005809,S082,0.77966507,0.77966507
TSK005809,S083,0.84657815,0.84657815
TSK005809,S084,0.79925158,0.79925158
TSK005809,S085,1.19809494,1.19809494
TSK005809,S086,0.31139904,0.31139904
TSK005809,S087,0.51068952,0.51068952
TSK005809,S088,1.17323809,1.17323809
TSK005809,S089,0.85513235,0.85513235
TSK005809,S090,1.33941904,1.33941904
TSK005809,S091,0.93292303,0.93292303
TSK005809,S092,1.22774585,1.22774585
TSK005809,S093,0.77966507,0.77966507
TSK005809,S094,0.90158348,0.90158348
TSK005809,S095,0.80813967,0.80813967
TSK005809,S096,1.84350056,1.84350056
TSK005809,S097,0.31139904,0.31139904
TSK005809,S098,0.83948839,0.83948839
TSK005809,S099,0.52030303,0.52030303
TSK005809,S100,1.33979885,1.33979885
TSK005896,S001,1.32334358,1.32334358
TSK005896,S002,0.87173593,0.87173593
TSK005896,S003,1.70488083,1.70488083
TSK005896,S004,0.52321263,0.52321263
TSK005896,S005,0.52321263,0.52321263
TSK005896,S006,2.04548397,2.04548397
TSK005896,S007,1.63377027,1.63377027
TSK005896,S008,3.27645506,3.27645506
TSK005896,S009,0.52321263,0.52321263
TSK005896,S010,4.11404501,4.11404501
TSK005896,S011,1.26370508,1.26370508
TSK005896,S012,1.15545615,1.15545615
TSK005896,S013,1.99360155,1.99360155
TSK005896,S014,0.52321263,0.52321263
TSK005896,S015,0.52321263,0.52321263
TSK005896,S016,0.52321263,0.52321263
TSK005896,S017,1.81976335,1.81976335
TSK005896,S018,0.93212031,0.93212031
TSK005896,S019,1.26370508,1.26370508
TSK005896,S020,0.52321263,0.52321263
TSK005896,S021,0.52321263,0.52321263
TSK005896,S022,1.05704457,1.05704457
TSK005896,S023,0.52321263,0.52321263
TSK005896,S024,1.56679348,1.56679348
TSK005896,S025,2.32706661,2.32706661
TSK005896,S026,1.7975592,1.7975592
TSK005896,S027,1.17169167,1.17169167
TSK005896,S028,1.29557088,1.29557088
TSK005896,S029,0.52321263,0.52321263
TSK005896,S030,1.7664509,1.7664509
TSK005896,S031,0.52321263,0.52321263
TSK005896,S032,0.52321263,0.52321263
TSK005896,S033,2.65834596,2.65834596
TSK005896,S034,3.6738959,3.6738959
TSK005896,S035,0.93212031,0.93212031
TSK005896,S036,1.1184996,1.1184996
TSK005896,S037,1.31780502,1.31780502
TSK005896,S038,0.86240323,0.86240323
TSK005896,S039,4.11404501,4.11404501
TSK005896,S040,2.94299719,2.94299719
TSK005896,S041,0.52321263,0.52321263
TSK005896,S042,1.62984016,1.62984016
TSK005896,S043,0.86240323,0.86240323
TSK005896,S044,1.58754597,1.58754597
TSK005896,S045,0.52321263,0.52321263
TSK005896,S046,1.19013289,1.19013289
TSK005896,S047,1.70516747,1.70516747
TSK005896,S048,1.47106639,1.47106639
TSK005896,S049,0.52321263,0.52321263
TSK005896,S050,1.79531835,1.79531835
TSK005896,S051,0.52321263,0.52321263
TSK005896,S052,1.99626639,1.99626639
TSK005896,S053,0.52321263,0.52321263
TSK005896,S054,1.67058955,1.67058955
TSK005896,S055,2.76871591,2.76871591
TSK005896,S056,1.64488778,1.64488778
TSK005896,S057,1.82122278,1.82122278
TSK005896,S058,1.67065732,1.67065732
TSK005896,S059,2.191375,2.191375
TSK005896,S060,1.60493329,1.60493329
TSK005896,S061,1.26464181,1.26464181
TSK005896,S062,0.52321263,0.52321263
TSK005896,S063,0.52321263,0.52321263
TSK005896,S064,2.04548397,2.04548397
TSK005896,S065,0.73884874,0.73884874
TSK005896,S066,1.33383063,1.33383063
TSK005896,S067,1.05704457,1.05704457
TSK005896,S068,1.55448551,1.55448551
TSK005896,S069,0.52321263,0.52321263
TSK005896,S070,0.52321263,0.52321263
TSK005896,S071,0.52321263,0.52321263
TSK005896,S072,0.52321263,0.52321263
TSK005896,S073,2.16216873,2.16216873
TSK005896,S074,2.93911132,2.93911132
TSK005896,S075,1.79129519,1.79129519
TSK005896,S076,1.79177156,1.79177156
TSK005896,S077,0.52321263,0.52321263
TSK005896,S078,1.26514766,1.26514766
TSK005896,S079,2.0537364,2.0537364
TSK005896,S080,0.52321263,0.52321263
TSK005896,S081,1.82122278,1.82122278
TSK005896,S082,1.29857625,1.29857625
TSK005896,S083,1.44352864,1.44352864
TSK005896,S084,1.36755704,1.36755704
TSK005896,S085,1.99360155,1.99360155
TSK005896,S086,0.52321263,0.52321263
TSK005896,S087,0.86240323,0.86240323
TSK005896,S088,1.9925918,1.9925918
TSK005896,S089,1.4484674,1.4484674
TSK005896,S090,2.19577593,2.19577593
TSK005896,S091,1.58754597,1.58754597
TSK005896,S092,2.12540879,2.12540879
TSK005896,S093,1.29857625,1.29857625
TSK005896,S094,1.55448551,1.55448551
TSK005896,S095,1.39569062,1.39569062
TSK005896,S096,3.02288358,3.02288358
TSK005896,S097,0.52321263,0.52321263
TSK005896,S098,1.420311,1.420311
TSK005896,S099,0.88223193,0.88223193
TSK005896,S100,2.27112598,2.27112598
TSK005937,S001,18.98374353,18.98374353
TSK005937,S002,17.50586922,17.50586922
TSK005937,S003,33.35713936,33.35713936
TSK005937,S004,8.52019443,8.52019443
TSK005937,S005,8.52019443,8.52019443
TSK005937,S006,33.24120217,33.24120217
TSK005937,S007,31.68380591,31.68380591
TSK005937,S008,63.14823001,63.14823001
TSK005937,S009,8.52019443,8.52019443
TSK005937,S010,106.45566382,106.45566382
TSK005937,S011,24.65658743,24.65658743
TSK005937,S012,18.2673465,18.2673465
TSK005937,S013,51.01722051,51.01722051
TSK005937,S014,8.52019443,8.52019443
TSK005937,S015,8.52019443,8.52019443
TSK005937,S016,8.52019443,8.52019443
TSK005937,S017,44.75155547,44.75155547
TSK005937,S018,16.1067522,16.1067522
TSK005937,S019,24.65658743,24.65658743
TSK005937,S020,8.52019443,8.52019443
TSK005937,S021,8.52019443,8.52019443
TSK005937,S022,23.26991292,23.26991292
TSK005937,S023,8.52019443,8.52019443
TSK005937,S024,20.94004572,20.94004572
TSK005937,S025,54.8538364,54.8538364
TSK005937,S026,34.45096618,34.45096618
TSK005937,S027,16.66243975,16.66243975
TSK005937,S028,19.51961357,19.51961357
TSK005937,S029,8.52019443,8.52019443
TSK005937,S030,30.76964595,30.76964595
TSK005937,S031,8.52019443,8.52019443
TSK005937,S032,8.52019443,8.52019443
TSK005937,S033,66.40981243,66.40981243
TSK005937,S034,74.04658048,74.04658048
TSK005937,S035,16.1067522,16.1067522
TSK005937,S036,21.31260221,21.31260221
TSK005937,S037,30.83457564,30.83457564
TSK005937,S038,13.00049061,13.00049061
TSK005937,S039,106.45566382,106.45566382
TSK005937,S040,61.51847401,61.51847401
TSK005937,S041,8.52019443,8.52019443
TSK005937,S042,31.97751413,31.97751413
TSK005937,S043,13.00049061,13.00049061
TSK005937,S044,37.93090711,37.93090711
TSK005937,S045,8.52019443,8.52019443
TSK005937,S046,21.32976174,21.32976174
TSK005937,S047,56.17311263,56.17311263
TSK005937,S048,31.24452716,31.24452716
TSK005937,S049,8.52019443,8.52019443
TSK005937,S050,33.26874476,33.26874476
TSK005937,S051,8.52019443,8.52019443
TSK005937,S052,37.23894139,37.23894139
TSK005937,S053,8.52019443,8.52019443
TSK005937,S054,33.94996329,33.94996329
TSK005937,S055,40.01543773,40.01543773
TSK005937,S056,27.77663985,27.77663985
TSK005937,S057,37.3896798,37.3896798
TSK005937,S058,36.4195837,36.4195837
TSK005937,S059,51.01729836,51.01729836
TSK005937,S060,39.01006197,39.01006197
TSK005937,S061,33.22780794,33.22780794
TSK005937,S062,8.52019443,8.52019443
TSK005937,S063,8.52019443,8.52019443
TSK005937,S064,33.24120217,33.24120217
TSK005937,S065,11.56296516,11.56296516
TSK005937,S066,21.13952995,21.13952995
TSK005937,S067,23.26991292,23.26991292
TSK005937,S068,28.18096509,28.18096509
TSK005937,S069,8.52019443,8.52019443
TSK005937,S070,8.52019443,8.52019443
TSK005937,S071,8.52019443,8.52019443
TSK005937,S072,8.52019443,8.52019443
TSK005937,S073,41.38430079,41.38430079
TSK005937,S074,59.41666118,59.41666118
TSK005937,S075,43.53379386,43.53379386
TSK005937,S076,28.13681955,28.13681955
TSK005937,S077,8.52019443,8.52019443
TSK005937,S078,24.48570838,24.48570838
TSK005937,S079,39.32461941,39.32461941
TSK005937,S080,8.52019443,8.52019443
TSK005937,S081,37.3896798,37.3896798
TSK005937,S082,26.41539293,26.41539293
TSK005937,S083,23.37563697,23.37563697
TSK005937,S084,23.51388868,23.51388868
TSK005937,S085,51.01722051,51.01722051
TSK005937,S086,8.52019443,8.52019443
TSK005937,S087,13.00049061,13.00049061
TSK005937,S088,47.92450653,47.92450653
TSK005937,S089,28.05606856,28.05606856
TSK005937,S090,61.06704887,61.06704887
TSK005937,S091,37.93090711,37.93090711
TSK005937,S092,43.21288609,43.21288609
TSK005937,S093,26.41539293,26.41539293
TSK005937,S094,28.18096509,28.18096509
TSK005937,S095,23.2820197,23.2820197
TSK005937,S096,56.17820153,56.17820153
TSK005937,S097,8.52019443,8.52019443
TSK005937,S098,25.91955799,25.91955799
TSK005937,S099,13.92391781,13.92391781
TSK005937,S100,36.10256237,36.10256237
TSK006066,S001,13.01915413,13.01915413
TSK006066,S002,9.38901424,9.38901424
TSK006066,S003,18.8387908,18.8387908
TSK006066,S004,5.14416981,5.14416981
TSK006066,S005,5.14416981,5.14416981
TSK006066,S006,19.98155249,19.98155249
TSK006066,S007,19.83420766,19.83420766
TSK006066,S008,34.76051014,34.76051014
TSK006066,S009,5.14416981,5.14416981
TSK006066,S010,55.78490821,55.78490821
TSK006066,S011,14.25647183,14.25647183
TSK006066,S012,11.64753723,11.64753723
TSK006066,S013,25.37420231,25.37420231
TSK006066,S014,5.14416981,5.14416981
TSK006066,S015,5.14416981,5.14416981
TSK006066,S016,5.14416981,5.14416981
TSK006066,S017,22.54049651,22.54049651
TSK006066,S018,9.66301382,9.66301382
TSK006066,S019,14.25647183,14.25647183
TSK006066,S020,5.14416981,5.14416981
TSK006066,S021,5.14416981,5.14416981
TSK006066,S022,12.4553796,12.4553796
TSK006066,S023,5.14416981,5.14416981
TSK006066,S024,13.78128704,13.78128704
TSK006066,S025,29.55661127,29.55661127
TSK006066,S026,20.10606922,20.10606922
TSK006066,S027,11.20935487,11.20935487
TSK006066,S028,13.12340638,13.12340638
TSK006066,S029,5.14416981,5.14416981
TSK006066,S030,18.73820433,18.73820433
TSK006066,S031,5.14416981,5.14416981
TSK006066,S032,5.14416981,5.14416981
TSK006066,S033,33.63770069,33.63770069
TSK006066,S034,40.79076464,40.79076464
TSK006066,S035,9.66301382,9.66301382
TSK006066,S036,12.55568708,12.55568708
TSK006066,S037,16.09053104,16.09053104
TSK006066,S038,8.209739,8.209739
TSK006066,S039,55.78490821,55.78490821
TSK006066,S040,35.43162824,35.43162824
TSK006066,S041,5.14416981,5.14416981
TSK006066,S042,18.42810897,18.42810897
TSK006066,S043,8.209739,8.209739
TSK006066,S044,19.92398121,19.92398121
TSK006066,S045,5.14416981,5.14416981
TSK006066,S046,12.30671528,12.30671528
TSK006066,S047,25.17180073,25.17180073
TSK006066,S048,17.05443938,17.05443938
TSK006066,S049,5.14416981,5.14416981
TSK006066,S050,20.55843152,20.55843152
TSK006066,S051,5.14416981,5.14416981
TSK006066,S052,22.64624933,22.64624933
TSK006066,S053,5.14416981,5.14416981
TSK006066,S054,19.33547409,19.33547409
TSK006066,S055,25.44387682,25.44387682
TSK006066,S056,17.06515153,17.06515153
TSK006066,S057,20.80453328,20.80453328
TSK006066,S058,19.94943939,19.94943939
TSK006066,S059,27.02380019,27.02380019
TSK006066,S060,19.91521588,19.91521588
TSK006066,S061,16.03160042,16.03160042
TSK006066,S062,5.14416981,5.14416981
TSK006066,S063,5.14416981,5.14416981
TSK006066,S064,19.98155249,19.98155249
TSK006066,S065,7.40266729,7.40266729
TSK006066,S066,13.65255401,13.65255401
TSK006066,S067,12.4553796,12.4553796
TSK006066,S068,16.90170969,16.90170969
TSK006066,S069,5.14416981,5.14416981
TSK006066,S070,5.14416981,5.14416981
TSK006066,S071,5.14416981,5.14416981
TSK006066,S072,5.14416981,5.14416981
TSK006066,S073,23.39139265,23.39139265
TSK006066,S074,33.01457844,33.01457844
TSK006066,S075,22.36648031,22.36648031
TSK006066,S076,19.18827319,19.18827319
TSK006066,S077,5.14416981,5.14416981
TSK006066,S078,14.51887789,14.51887789
TSK006066,S079,22.57986925,22.57986925
TSK006066,S080,5.14416981,5.14416981
TSK006066,S081,20.80453328,20.80453328
TSK006066,S082,14.30668971,14.30668971
TSK006066,S083,14.50870566,14.50870566
TSK006066,S084,14.274664,14.274664
TSK006066,S085,25.37420231,25.37420231
TSK006066,S086,5.14416981,5.14416981
TSK006066,S087,8.209739,8.209739
TSK006066,S088,25.04584384,25.04584384
TSK006066,S089,15.91017183,15.91017183
TSK006066,S090,28.98481981,28.98481981
TSK006066,S091,19.92398121,19.92398121
TSK006066,S092,24.79171654,24.79171654
TSK006066,S093,14.30668971,14.30668971
TSK006066,S094,16.90170969,16.90170969
TSK006066,S095,14.54893039,14.54893039
TSK006066,S096,30.73889067,30.73889067
TSK006066,S097,5.14416981,5.14416981
TSK006066,S098,15.04939041,15.04939041
TSK006066,S099,8.66485265,8.66485265
TSK006066,S100,22.37986376,22.37986376
TSK006094,S001,12.90068819,12.90068819
TSK006094,S002,9.89593963,9.89593963
TSK006094,S003,19.48793753,19.48793753
TSK006094,S004,5.28099506,5.28099506
TSK006094,S005,5.28099506,5.28099506
TSK006094,S006,20.55421395,20.55421395
TSK006094,S007,19.71722704,19.71722704
TSK006094,S008,36.39389435,36.39389435
TSK006094,S009,5.28099506,5.28099506
TSK006094,S010,58.02896354,58.02896354
TSK006094,S011,14.61220328,14.61220328
TSK006094,S012,11.74007806,11.74007806
TSK006094,S013,27.00009336,27.00009336
TSK006094,S014,5.28099506,5.28099506
TSK006094,S015,5.28099506,5.28099506
TSK006094,S016,5.28099506,5.28099506
TSK006094,S017,23.93795078,23.93795078
TSK006094,S018,9.88092613,9.88092613
TSK006094,S019,14.61220328,14.61220328
TSK006094,S020,5.28099506,5.28099506
TSK006094,S021,5.28099506,5.28099506
TSK006094,S022,13.02363886,13.02363886
TSK006094,S023,5.28099506,5.28099506
TSK006094,S024,13.99591252,13.99591252
TSK006094,S025,30.63388986,30.63388986
TSK006094,S026,20.56716126,20.56716126
TSK006094,S027,11.20107782,11.20107782
TSK006094,S028,13.02952525,13.02952525
TSK006094,S029,5.28099506,5.28099506
TSK006094,S030,19.03077802,19.03077802
TSK006094,S031,5.28099506,5.28099506
TSK006094,S032,5.28099506,5.28099506
TSK006094,S033,35.59094989,35.59094989
TSK006094,S034,42.50359298,42.50359298
TSK006094,S035,9.88092613,9.88092613
TSK006094,S036,12.80291024,12.80291024
TSK006094,S037,16.90956173,16.90956173
TSK006094,S038,8.35177977,8.35177977
TSK006094,S039,58.02896354,58.02896354
TSK006094,S040,36.13474383,36.13474383
TSK006094,S041,5.28099506,5.28099506
TSK006094,S042,18.9028765,18.9028765
TSK006094,S043,8.35177977,8.35177977
TSK006094,S044,20.84312303,20.84312303
TSK006094,S045,5.28099506,5.28099506
TSK006094,S046,12.73441812,12.73441812
TSK006094,S047,27.47605005,27.47605005
TSK006094,S048,17.74835216,17.74835216
TSK006094,S049,5.28099506,5.28099506
TSK006094,S050,20.62960842,20.62960842
TSK006094,S051,5.28099506,5.28099506
TSK006094,S052,22.85212319,22.85212319
TSK006094,S053,5.28099506,5.28099506
TSK006094,S054,19.8604014,19.8604014
TSK006094,S055,25.94316635,25.94316635
TSK006094,S056,17.32839671,17.32839671
TSK006094,S057,21.55088348,21.55088348
TSK006094,S058,20.68119933,20.68119933
TSK006094,S059,28.23633451,28.23633451
TSK006094,S060,21.05147612,21.05147612
TSK006094,S061,17.24345018,17.24345018
TSK006094,S062,5.28099506,5.28099506
TSK006094,S063,5.28099506,5.28099506
TSK006094,S064,20.55421395,20.55421395
TSK006094,S065,7.45812776,7.45812776
TSK006094,S066,13.6887918,13.6887918
TSK006094,S067,13.02363886,13.02363886
TSK006094,S068,17.19836586,17.19836586
TSK006094,S069,5.28099506,5.28099506
TSK006094,S070,5.28099506,5.28099506
TSK006094,S071,5.28099506,5.28099506
TSK006094,S072,5.28099506,5.28099506
TSK006094,S073,24.24262554,24.24262554
TSK006094,S074,34.26947655,34.26947655
TSK006094,S075,23.57997495,23.57997495
TSK006094,S076,18.86224,18.86224
TSK006094,S077,5.28099506,5.28099506
TSK006094,S078,14.74411262,14.74411262
TSK006094,S079,23.25151862,23.25151862
TSK006094,S080,5.28099506,5.28099506
TSK006094,S081,21.55088348,21.55088348
TSK006094,S082,14.99875663,14.99875663
TSK006094,S083,14.74043496,14.74043496
TSK006094,S084,14.53560268,14.53560268
TSK006094,S085,27.00009336,27.00009336
TSK006094,S086,5.28099506,5.28099506
TSK006094,S087,8.35177977,8.35177977
TSK006094,S088,26.24143116,26.24143116
TSK006094,S089,16.44741314,16.44741314
TSK006094,S090,31.25139233,31.25139233
TSK006094,S091,20.84312303,20.84312303
TSK006094,S092,25.38889962,25.38889962
TSK006094,S093,14.99875663,14.99875663
TSK006094,S094,17.19836586,17.19836586
TSK006094,S095,14.69407056,14.69407056
TSK006094,S096,32.38591542,32.38591542
TSK006094,S097,5.28099506,5.28099506
TSK006094,S098,15.50324287,15.50324287
TSK006094,S099,8.81951084,8.81951084
TSK006094,S100,22.79585101,22.79585101
TSK006113,S001,20.19807814,20.19807814
TSK006113,S002,16.13745486,16.13745486
TSK006113,S003,31.27762142,31.27762142
TSK006113,S004,9.04141207,9.04141207
TSK006113,S005,9.04141207,9.04141207
TSK006113,S006,36.735672,36.735672
TSK006113,S007,30.87304128,30.87304128
TSK006113,S008,61.53989549,61.53989549
TSK006113,S009,9.04141207,9.04141207
TSK006113,S010,100.22308666,100.22308666
TSK006113,S011,23.20760052,23.20760052
TSK006113,S012,19.32329308,19.32329308
TSK006113,S013,44.93730018,44.93730018
TSK006113,S014,9.04141207,9.04141207
TSK006113,S015,9.04141207,9.04141207
TSK006113,S016,9.04141207,9.04141207
TSK006113,S017,45.67408793,45.67408793
TSK006113,S018,16.66043417,16.66043417
TSK006113,S019,23.20760052,23.20760052
TSK006113,S020,9.04141207,9.04141207
TSK006113,S021,9.04141207,9.04141207
TSK006113,S022,21.69344595,21.69344595
TSK006113,S023,9.04141207,9.04141207
TSK006113,S024,22.47662651,22.47662651
TSK006113,S025,55.76467549,55.76467549
TSK006113,S026,35.69941119,35.69941119
TSK006113,S027,17.67977814,17.67977814
TSK006113,S028,20.4587527,20.4587527
TSK006113,S029,9.04141207,9.04141207
TSK006113,S030,29.63611216,29.63611216
TSK006113,S031,9.04141207,9.04141207
TSK006113,S032,9.04141207,9.04141207
TSK006113,S033,66.41281978,66.41281978
TSK006113,S034,69.67380383,69.67380383
TSK006113,S035,16.66043417,16.66043417
TSK006113,S036,21.15899647,21.15899647
TSK006113,S037,26.99453739,26.99453739
TSK006113,S038,13.53676538,13.53676538
TSK006113,S039,100.22308666,100.22308666
TSK006113,S040,55.89007852,55.89007852
TSK006113,S041,9.04141207,9.04141207
TSK006113,S042,31.10782108,31.10782108
TSK006113,S043,13.53676538,13.53676538
TSK006113,S044,35.88000713,35.88000713
TSK006113,S045,9.04141207,9.04141207
TSK006113,S046,22.39887031,22.39887031
TSK006113,S047,54.70929821,54.70929821
TSK006113,S048,29.51931066,29.51931066
TSK006113,S049,9.04141207,9.04141207
TSK006113,S050,32.15687967,32.15687967
TSK006113,S051,9.04141207,9.04141207
TSK006113,S052,37.64540957,37.64540957
TSK006113,S053,9.04141207,9.04141207
TSK006113,S054,31.91243182,31.91243182
TSK006113,S055,43.5337855,43.5337855
TSK006113,S056,28.61329859,28.61329859
TSK006113,S057,33.78456886,33.78456886
TSK006113,S058,35.43928903,35.43928903
TSK006113,S059,45.76190949,45.76190949
TSK006113,S060,39.80130759,39.80130759
TSK006113,S061,28.42944318,28.42944318
TSK006113,S062,9.04141207,9.04141207
TSK006113,S063,9.04141207,9.04141207
TSK006113,S064,36.735672,36.735672
TSK006113,S065,12.24764477,12.24764477
TSK006113,S066,22.22015089,22.22015089
TSK006113,S067,21.69344595,21.69344595
TSK006113,S068,29.10411301,29.10411301
TSK006113,S069,9.04141207,9.04141207
TSK006113,S070,9.04141207,9.04141207
TSK006113,S071,9.04141207,9.04141207
TSK006113,S072,9.04141207,9.04141207
TSK006113,S073,41.31507122,41.31507122
TSK006113,S074,54.39406602,54.39406602
TSK006113,S075,44.37797909,44.37797909
TSK006113,S076,29.17382489,29.17382489
TSK006113,S077,9.04141207,9.04141207
TSK006113,S078,23.39051823,23.39051823
TSK006113,S079,40.45267362,40.45267362
TSK006113,S080,9.04141207,9.04141207
TSK006113,S081,33.78456886,33.78456886
TSK006113,S082,27.42136024,27.42136024
TSK006113,S083,23.81566787,23.81566787
TSK006113,S084,24.31824418,24.31824418
TSK006113,S085,44.93730018,44.93730018
TSK006113,S086,9.04141207,9.04141207
TSK006113,S087,13.53676538,13.53676538
TSK006113,S088,44.85896215,44.85896215
TSK006113,S089,28.09839248,28.09839248
TSK006113,S090,55.84207553,55.84207553
TSK006113,S091,35.88000713,35.88000713
TSK006113,S092,43.11146027,43.11146027
TSK006113,S093,27.42136024,27.42136024
TSK006113,S094,29.10411301,29.10411301
TSK006113,S095,23.08354114,23.08354114
TSK006113,S096,55.29980742,55.29980742
TSK006113,S097,9.04141207,9.04141207
TSK006113,S098,24.44299602,24.44299602
TSK006113,S099,14.27453314,14.27453314
TSK006113,S100,37.88026051,37.88026051
TSK006195,S001,20.25278124,20.25278124
TSK006195,S002,20.88979489,20.88979489
TSK006195,S003,38.7710777,38.7710777
TSK006195,S004,9.74409732,9.74409732
TSK006195,S005,9.74409732,9.74409732
TSK006195,S006,38.13565701,38.13565701
TSK006195,S007,34.49850604,34.49850604
TSK006195,S008,74.63707991,74.63707991
TSK006195,S009,9.74409732,9.74409732
TSK006195,S010,125.29752208,125.29752208
TSK006195,S011,28.26381138,28.26381138
TSK006195,S012,20.23135539,20.23135539
TSK006195,S013,61.76832603,61.76832603
TSK006195,S014,9.74409732,9.74409732
TSK006195,S015,9.74409732,9.74409732
TSK006195,S016,9.74409732,9.74409732
TSK006195,S017,54.03690784,54.03690784
TSK006195,S018,18.33554558,18.33554558
TSK006195,S019,28.26381138,28.26381138
TSK006195,S020,9.74409732,9.74409732
TSK006195,S021,9.74409732,9.74409732
TSK006195,S022,27.51278567,27.51278567
TSK006195,S023,9.74409732,9.74409732
TSK006195,S024,23.34803609,23.34803609
TSK006195,S025,64.15379221,64.15379221
TSK006195,S026,39.353086,39.353086
TSK006195,S027,18.07071982,18.07071982
TSK006195,S028,20.9627127,20.9627127
TSK006195,S029,9.74409732,9.74409732
TSK006195,S030,34.64767713,34.64767713
TSK006195,S031,9.74409732,9.74409732
TSK006195,S032,9.74409732,9.74409732
TSK006195,S033,79.84070982,79.84070982
TSK006195,S034,87.00797917,87.00797917
TSK006195,S035,18.33554558,18.33554558
TSK006195,S036,24.22017997,24.22017997
TSK006195,S037,36.72895857,36.72895857
TSK006195,S038,14.60801193,14.60801193
TSK006195,S039,125.29752208,125.29752208
TSK006195,S040,70.0974095,70.0974095
TSK006195,S041,9.74409732,9.74409732
TSK006195,S042,36.70511556,36.70511556
TSK006195,S043,14.60801193,14.60801193
TSK006195,S044,44.92849717,44.92849717
TSK006195,S045,9.74409732,9.74409732
TSK006195,S046,24.75465595,24.75465595
TSK006195,S047,70.01050025,70.01050025
TSK006195,S048,36.68347397,36.68347397
TSK006195,S049,9.74409732,9.74409732
TSK006195,S050,36.7755939,36.7755939
TSK006195,S051,9.74409732,9.74409732
TSK006195,S052,41.57305308,41.57305308
TSK006195,S053,9.74409732,9.74409732
TSK006195,S054,39.08103107,39.08103107
TSK006195,S055,45.07167646,45.07167646
TSK006195,S056,31.23608537,31.23608537
TSK006195,S057,43.58621889,43.58621889
TSK006195,S058,42.54980662,42.54980662
TSK006195,S059,60.31108506,60.31108506
TSK006195,S060,46.83115529,46.83115529
TSK006195,S061,40.73888376,40.73888376
TSK006195,S062,9.74409732,9.74409732
TSK006195,S063,9.74409732,9.74409732
TSK006195,S064,38.13565701,38.13565701
TSK006195,S065,12.79057915,12.79057915
TSK006195,S066,23.19112201,23.19112201
TSK006195,S067,27.51278567,27.51278567
TSK006195,S068,31.87203434,31.87203434
TSK006195,S069,9.74409732,9.74409732
TSK006195,S070,9.74409732,9.74409732
TSK006195,S071,9.74409732,9.74409732
TSK006195,S072,9.74409732,9.74409732
TSK006195,S073,48.20980547,48.20980547
TSK006195,S074,69.44660179,69.44660179
TSK006195,S075,52.08945061,52.08945061
TSK006195,S076,29.67294624,29.67294624
TSK006195,S077,9.74409732,9.74409732
TSK006195,S078,27.65577507,27.65577507
TSK006195,S079,45.37772129,45.37772129
TSK006195,S080,9.74409732,9.74409732
TSK006195,S081,43.58621889,43.58621889
TSK006195,S082,31.30440161,31.30440161
TSK006195,S083,26.27361655,26.27361655
TSK006195,S084,26.58185442,26.58185442
TSK006195,S085,61.76832603,61.76832603
TSK006195,S086,9.74409732,9.74409732
TSK006195,S087,14.60801193,14.60801193
TSK006195,S088,56.88415799,56.88415799
TSK006195,S089,32.57085884,32.57085884
TSK006195,S090,75.09421878,75.09421878
TSK006195,S091,44.92849717,44.92849717
TSK006195,S092,49.52056558,49.52056558
TSK006195,S093,31.30440161,31.30440161
TSK006195,S094,31.87203434,31.87203434
TSK006195,S095,25.9301913,25.9301913
TSK006195,S096,66.92834312,66.92834312
TSK006195,S097,9.74409732,9.74409732
TSK006195,S098,29.89328181,29.89328181
TSK006195,S099,15.68543666,15.68543666
TSK006195,S100,40.72979614,40.72979614
TSK006206,S001,2.43139902,2.43139902
TSK006206,S002,1.68629635,1.68629635
TSK006206,S003,3.22007605,3.22007605
TSK006206,S004,0.9955759,0.9955759
TSK006206,S005,0.9955759,0.9955759
TSK006206,S006,3.90305034,3.90305034
TSK006206,S007,2.8952289,2.8952289
TSK006206,S008,6.3031532,6.3031532
TSK006206,S009,0.9955759,0.9955759
TSK006206,S010,7.58905426,7.58905426
TSK006206,S011,2.35475916,2.35475916
TSK006206,S012,2.15106337,2.15106337
TSK006206,S013,3.82709215,3.82709215
TSK006206,S014,0.9955759,0.9955759
TSK006206,S015,0.9955759,0.9955759
TSK006206,S016,0.9955759,0.9955759
TSK006206,S017,3.49574363,3.49574363
TSK006206,S018,1.75400089,1.75400089
TSK006206,S019,2.35475916,2.35475916
TSK006206,S020,0.9955759,0.9955759
TSK006206,S021,0.9955759,0.9955759
TSK006206,S022,2.00425202,2.00425202
TSK006206,S023,0.9955759,0.9955759
TSK006206,S024,2.9933383,2.9933383
TSK006206,S025,4.316404,4.316404
TSK006206,S026,3.34632537,3.34632537
TSK006206,S027,2.18020506,2.18020506
TSK006206,S028,2.3732457,2.3732457
TSK006206,S029,0.9955759,0.9955759
TSK006206,S030,3.28890722,3.28890722
TSK006206,S031,0.9955759,0.9955759
TSK006206,S032,0.9955759,0.9955759
TSK006206,S033,5.06910362,5.06910362
TSK006206,S034,6.99165925,6.99165925
TSK006206,S035,1.75400089,1.75400089
TSK006206,S036,2.07346764,2.07346764
TSK006206,S037,2.50250635,2.50250635
TSK006206,S038,1.63347617,1.63347617
TSK006206,S039,7.58905426,7.58905426
TSK006206,S040,5.39419773,5.39419773
TSK006206,S041,0.9955759,0.9955759
TSK006206,S042,3.03875499,3.03875499
TSK006206,S043,1.63347617,1.63347617
TSK006206,S044,2.98610456,2.98610456
TSK006206,S045,0.9955759,0.9955759
TSK006206,S046,2.26824688,2.26824688
TSK006206,S047,3.34010928,3.34010928
TSK006206,S048,2.77956046,2.77956046
TSK006206,S049,0.9955759,0.9955759
TSK006206,S050,3.25549828,3.25549828
TSK006206,S051,0.9955759,0.9955759
TSK006206,S052,3.64981166,3.64981166
TSK006206,S053,0.9955759,0.9955759
TSK006206,S054,3.10855824,3.10855824
TSK006206,S055,5.27945722,5.27945722
TSK006206,S056,3.07227938,3.07227938
TSK006206,S057,3.42941032,3.42941032
TSK006206,S058,3.12890977,3.12890977
TSK006206,S059,4.12566306,4.12566306
TSK006206,S060,3.06409155,3.06409155
TSK006206,S061,2.46321648,2.46321648
TSK006206,S062,0.9955759,0.9955759
TSK006206,S063,0.9955759,0.9955759
TSK006206,S064,3.90305034,3.90305034
TSK006206,S065,1.37613987,1.37613987
TSK006206,S066,2.46384134,2.46384134
TSK006206,S067,2.00425202,2.00425202
TSK006206,S068,2.88928102,2.88928102
TSK006206,S069,0.9955759,0.9955759
TSK006206,S070,0.9955759,0.9955759
TSK006206,S071,0.9955759,0.9955759
TSK006206,S072,0.9955759,0.9955759
TSK006206,S073,4.10387503,4.10387503
TSK006206,S074,5.56047922,5.56047922
TSK006206,S075,3.40557883,3.40557883
TSK006206,S076,3.21476768,3.21476768
TSK006206,S077,0.9955759,0.9955759
TSK006206,S078,2.32576343,2.32576343
TSK006206,S079,3.86183182,3.86183182
TSK006206,S080,0.9955759,0.9955759
TSK006206,S081,3.42941032,3.42941032
TSK006206,S082,2.49070752,2.49070752
TSK006206,S083,2.71023307,2.71023307
TSK006206,S084,2.55953531,2.55953531
TSK006206,S085,3.82709215,3.82709215
TSK006206,S086,0.9955759,0.9955759
TSK006206,S087,1.63347617,1.63347617
TSK006206,S088,3.75463569,3.75463569
TSK006206,S089,2.73595824,2.73595824
TSK006206,S090,4.27284923,4.27284923
TSK006206,S091,2.98610456,2.98610456
TSK006206,S092,3.93599869,3.93599869
TSK006206,S093,2.49070752,2.49070752
TSK006206,S094,2.88928102,2.88928102
TSK006206,S095,2.59022305,2.59022305
TSK006206,S096,5.88103551,5.88103551
TSK006206,S097,0.9955759,0.9955759
TSK006206,S098,2.68562079,2.68562079
TSK006206,S099,1.66484419,1.66484419
TSK006206,S100,4.28692082,4.28692082
TSK006254,S001,0.83557238,0.83557238
TSK006254,S002,0.54552839,0.54552839
TSK006254,S003,1.07140921,1.07140921
TSK006254,S004,0.32838009,0.32838009
TSK006254,S005,0.32838009,0.32838009
TSK006254,S006,1.28316311,1.28316311
TSK006254,S007,1.03773843,1.03773843
TSK006254,S008,2.05240648,2.05240648
TSK006254,S009,0.32838009,0.32838009
TSK006254,S010,2.59589957,2.59589957
TSK006254,S011,0.79601161,0.79601161
TSK006254,S012,0.72794019,0.72794019
TSK006254,S013,1.24928419,1.24928419
TSK006254,S014,0.32838009,0.32838009
TSK006254,S015,0.32838009,0.32838009
TSK006254,S016,0.32838009,0.32838009
TSK006254,S017,1.14021219,1.14021219
TSK006254,S018,0.58615604,0.58615604
TSK006254,S019,0.79601161,0.79601161
TSK006254,S020,0.32838009,0.32838009
TSK006254,S021,0.32838009,0.32838009
TSK006254,S022,0.66383601,0.66383601
TSK006254,S023,0.32838009,0.32838009
TSK006254,S024,0.98265983,0.98265983
TSK006254,S025,1.46697105,1.46697105
TSK006254,S026,1.13247325,1.13247325
TSK006254,S027,0.73823125,0.73823125
TSK006254,S028,0.81844848,0.81844848
TSK006254,S029,0.32838009,0.32838009
TSK006254,S030,1.11284634,1.11284634
TSK006254,S031,0.32838009,0.32838009
TSK006254,S032,0.32838009,0.32838009
TSK006254,S033,1.66781544,1.66781544
TSK006254,S034,2.30576691,2.30576691
TSK006254,S035,0.58615604,0.58615604
TSK006254,S036,0.70516605,0.70516605
TSK006254,S037,0.82737513,0.82737513
TSK006254,S038,0.5416984,0.5416984
TSK006254,S039,2.59589957,2.59589957
TSK006254,S040,1.85899048,1.85899048
TSK006254,S041,0.32838009,0.32838009
TSK006254,S042,1.0265401,1.0265401
TSK006254,S043,0.5416984,0.5416984
TSK006254,S044,0.99838621,0.99838621
TSK006254,S045,0.32838009,0.32838009
TSK006254,S046,0.74674349,0.74674349
TSK006254,S047,1.06467983,1.06467983
TSK006254,S048,0.92440814,0.92440814
TSK006254,S049,0.32838009,0.32838009
TSK006254,S050,1.13607229,1.13607229
TSK006254,S051,0.32838009,0.32838009
TSK006254,S052,1.26150102,1.26150102
TSK006254,S053,0.32838009,0.32838009
TSK006254,S054,1.05256262,1.05256262
TSK006254,S055,1.73706645,1.73706645
TSK006254,S056,1.03570148,1.03570148
TSK006254,S057,1.14512441,1.14512441
TSK006254,S058,1.05143581,1.05143581
TSK006254,S059,1.37790741,1.37790741
TSK006254,S060,1.00670246,1.00670246
TSK006254,S061,0.79043113,0.79043113
TSK006254,S062,0.32838009,0.32838009
TSK006254,S063,0.32838009,0.32838009
TSK006254,S064,1.28316311,1.28316311
TSK006254,S065,0.46543853,0.46543853
TSK006254,S066,0.84143222,0.84143222
TSK006254,S067,0.66383601,0.66383601
TSK006254,S068,0.97959786,0.97959786
TSK006254,S069,0.32838009,0.32838009
TSK006254,S070,0.32838009,0.32838009
TSK006254,S071,0.32838009,0.32838009
TSK006254,S072,0.32838009,0.32838009
TSK006254,S073,1.35762324,1.35762324
TSK006254,S074,1.84650896,1.84650896
TSK006254,S075,1.12442632,1.12442632
TSK006254,S076,1.13581121,1.13581121
TSK006254,S077,0.32838009,0.32838009
TSK006254,S078,0.79875238,0.79875238
TSK006254,S079,1.29163395,1.29163395
TSK006254,S080,0.32838009,0.32838009
TSK006254,S081,1.14512441,1.14512441
TSK006254,S082,0.81387327,0.81387327
TSK006254,S083,0.90810369,0.90810369
TSK006254,S084,0.86077712,0.86077712
TSK006254,S085,1.24928419,1.24928419
TSK006254,S086,0.32838009,0.32838009
TSK006254,S087,0.5416984,0.5416984
TSK006254,S088,1.25272908,1.25272908
TSK006254,S089,0.91025923,0.91025923
TSK006254,S090,1.37264284,1.37264284
TSK006254,S091,0.99838621,0.99838621
TSK006254,S092,1.34021454,1.34021454
TSK006254,S093,0.81387327,0.81387327
TSK006254,S094,0.97959786,0.97959786
TSK006254,S095,0.8797554,0.8797554
TSK006254,S096,1.88976777,1.88976777
TSK006254,S097,0.32838009,0.32838009
TSK006254,S098,0.89240036,0.89240036
TSK006254,S099,0.55451123,0.55451123
TSK006254,S100,1.42741122,1.42741122
TSK006390,S001,18.75850037,18.75850037
TSK006390,S002,17.19891535,17.19891535
TSK006390,S003,32.80826844,32.80826844
TSK006390,S004,8.39257188,8.39257188
TSK006390,S005,8.39257188,8.39257188
TSK006390,S006,32.73992989,32.73992989
TSK006390,S007,31.23624797,31.23624797
TSK006390,S008,62.07478653,62.07478653
TSK006390,S009,8.39257188,8.39257188
TSK006390,S010,104.5400533,104.5400533
TSK006390,S011,24.26347861,24.26347861
TSK006390,S012,18.01721455,18.01721455
TSK006390,S013,50.04746655,50.04746655
TSK006390,S014,8.39257188,8.39257188
TSK006390,S015,8.39257188,8.39257188
TSK006390,S016,8.39257188,8.39257188
TSK006390,S017,43.91159654,43.91159654
TSK006390,S018,15.86319015,15.86319015
TSK006390,S019,24.26347861,24.26347861
TSK006390,S020,8.39257188,8.39257188
TSK006390,S021,8.39257188,8.39257188
TSK006390,S022,22.86101093,22.86101093
TSK006390,S023,8.39257188,8.39257188
TSK006390,S024,20.66947498,20.66947498
TSK006390,S025,53.89750146,53.89750146
TSK006390,S026,33.90876973,33.90876973
TSK006390,S027,16.45644778,16.45644778
TSK006390,S028,19.27804953,19.27804953
TSK006390,S029,8.39257188,8.39257188
TSK006390,S030,30.31495269,30.31495269
TSK006390,S031,8.39257188,8.39257188
TSK006390,S032,8.39257188,8.39257188
TSK006390,S033,65.17053517,65.17053517
TSK006390,S034,72.78918679,72.78918679
TSK006390,S035,15.86319015,15.86319015
TSK006390,S036,20.98163788,20.98163788
TSK006390,S037,30.27706845,30.27706845
TSK006390,S038,12.81942153,12.81942153
TSK006390,S039,104.5400533,104.5400533
TSK006390,S040,60.53255309,60.53255309
TSK006390,S041,8.39257188,8.39257188
TSK006390,S042,31.46535953,31.46535953
TSK006390,S043,12.81942153,12.81942153
TSK006390,S044,37.25007534,37.25007534
TSK006390,S045,8.39257188,8.39257188
TSK006390,S046,20.98862676,20.98862676
TSK006390,S047,55.00050171,55.00050171
TSK006390,S048,30.70802765,30.70802765
TSK006390,S049,8.39257188,8.39257188
TSK006390,S050,32.78855002,32.78855002
TSK006390,S051,8.39257188,8.39257188
TSK006390,S052,36.68754988,36.68754988
TSK006390,S053,8.39257188,8.39257188
TSK006390,S054,33.3975412,33.3975412
TSK006390,S055,39.46465395,39.46465395
TSK006390,S056,27.37182858,27.37182858
TSK006390,S057,36.76266979,36.76266979
TSK006390,S058,35.79692752,35.79692752
TSK006390,S059,50.11012557,50.11012557
TSK006390,S060,38.28799163,38.28799163
TSK006390,S061,32.57741205,32.57741205
TSK006390,S062,8.39257188,8.39257188
TSK006390,S063,8.39257188,8.39257188
TSK006390,S064,32.73992989,32.73992989
TSK006390,S065,11.40576851,11.40576851
TSK006390,S066,20.85667622,20.85667622
TSK006390,S067,22.86101093,22.86101093
TSK006390,S068,27.75468399,27.75468399
TSK006390,S069,8.39257188,8.39257188
TSK006390,S070,8.39257188,8.39257188
TSK006390,S071,8.39257188,8.39257188
TSK006390,S072,8.39257188,8.39257188
TSK006390,S073,40.70404266,40.70404266
TSK006390,S074,58.41847348,58.41847348
TSK006390,S075,42.73338323,42.73338323
TSK006390,S076,27.79898834,27.79898834
TSK006390,S077,8.39257188,8.39257188
TSK006390,S078,24.10905221,24.10905221
TSK006390,S079,38.69162867,38.69162867
TSK006390,S080,8.39257188,8.39257188
TSK006390,S081,36.76266979,36.76266979
TSK006390,S082,25.95752161,25.95752161
TSK006390,S083,23.0405267,23.0405267
TSK006390,S084,23.16469557,23.16469557
TSK006390,S085,50.04746655,50.04746655
TSK006390,S086,8.39257188,8.39257188
TSK006390,S087,12.81942153,12.81942153
TSK006390,S088,47.05945909,47.05945909
TSK006390,S089,27.59689274,27.59689274
TSK006390,S090,59.85362937,59.85362937
TSK006390,S091,37.25007534,37.25007534
TSK006390,S092,42.51661479,42.51661479
TSK006390,S093,25.95752161,25.95752161
TSK006390,S094,27.75468399,27.75468399
TSK006390,S095,22.9520217,22.9520217
TSK006390,S096,55.21612915,55.21612915
TSK006390,S097,8.39257188,8.39257188
TSK006390,S098,25.50862864,25.50862864
TSK006390,S099,13.72514939,13.72514939
TSK006390,S100,35.58389956,35.58389956
TSK006523,S001,6.05076662,6.05076662
TSK006523,S002,3.85390727,3.85390727
TSK006523,S003,7.65859875,7.65859875
TSK006523,S004,2.33887555,2.33887555
TSK006523,S005,2.33887555,2.33887555
TSK006523,S006,9.1268068,9.1268068
TSK006523,S007,7.63620902,7.63620902
TSK006523,S008,14.53941562,14.53941562
TSK006523,S009,2.33887555,2.33887555
TSK006523,S010,18.7636089,18.7636089
TSK006523,S011,5.7267338,5.7267338
TSK006523,S012,5.23928003,5.23928003
TSK006523,S013,8.85939107,8.85939107
TSK006523,S014,2.33887555,2.33887555
TSK006523,S015,2.33887555,2.33887555
TSK006523,S016,2.33887555,2.33887555
TSK006523,S017,8.08317992,8.08317992
TSK006523,S018,4.19741729,4.19741729
TSK006523,S019,5.7267338,5.7267338
TSK006523,S020,2.33887555,2.33887555
TSK006523,S021,2.33887555,2.33887555
TSK006523,S022,4.73630059,4.73630059
TSK006523,S023,2.33887555,2.33887555
TSK006523,S024,6.98516756,6.98516756
TSK006523,S025,10.57643685,10.57643685
TSK006523,S026,8.15099827,8.15099827
TSK006523,S027,5.31458696,5.31458696
TSK006523,S028,5.93489025,5.93489025
TSK006523,S029,2.33887555,2.33887555
TSK006523,S030,8.00916991,8.00916991
TSK006523,S031,2.33887555,2.33887555
TSK006523,S032,2.33887555,2.33887555
TSK006523,S033,11.866604,11.866604
TSK006523,S034,16.4216859,16.4216859
TSK006523,S035,4.19741729,4.19741729
TSK006523,S036,5.08541687,5.08541687
TSK006523,S037,5.89872082,5.89872082
TSK006523,S038,3.8668498,3.8668498
TSK006523,S039,18.7636089,18.7636089
TSK006523,S040,13.47665189,13.47665189
TSK006523,S041,2.33887555,2.33887555
TSK006523,S042,7.38322324,7.38322324
TSK006523,S043,3.8668498,3.8668498
TSK006523,S044,7.15077554,7.15077554
TSK006523,S045,2.33887555,2.33887555
TSK006523,S046,5.31447115,5.31447115
TSK006523,S047,7.4735974,7.4735974
TSK006523,S048,6.60655325,6.60655325
TSK006523,S049,2.33887555,2.33887555
TSK006523,S050,8.27593407,8.27593407
TSK006523,S051,2.33887555,2.33887555
TSK006523,S052,9.15559085,9.15559085
TSK006523,S053,2.33887555,2.33887555
TSK006523,S054,7.57744126,7.57744126
TSK006523,S055,12.35945155,12.35945155
TSK006523,S056,7.44286337,7.44286337
TSK006523,S057,8.19744755,8.19744755
TSK006523,S058,7.54621704,7.54621704
TSK006523,S059,9.86470276,9.86470276
TSK006523,S060,7.15849778,7.15849778
TSK006523,S061,5.56461391,5.56461391
TSK006523,S062,2.33887555,2.33887555
TSK006523,S063,2.33887555,2.33887555
TSK006523,S064,9.1268068,9.1268068
TSK006523,S065,3.34919887,3.34919887
TSK006523,S066,6.078178,6.078178
TSK006523,S067,4.73630059,4.73630059
TSK006523,S068,7.05586288,7.05586288
TSK006523,S069,2.33887555,2.33887555
TSK006523,S070,2.33887555,2.33887555
TSK006523,S071,2.33887555,2.33887555
TSK006523,S072,2.33887555,2.33887555
TSK006523,S073,9.68147153,9.68147153
TSK006523,S074,13.18851918,13.18851918
TSK006523,S075,8.01203784,8.01203784
TSK006523,S076,8.31305695,8.31305695
TSK006523,S077,2.33887555,2.33887555
TSK006523,S078,5.78266649,5.78266649
TSK006523,S079,9.2524379,9.2524379
TSK006523,S080,2.33887555,2.33887555
TSK006523,S081,8.19744755,8.19744755
TSK006523,S082,5.77411624,5.77411624
TSK006523,S083,6.50984471,6.50984471
TSK006523,S084,6.17980416,6.17980416
TSK006523,S085,8.85939107,8.85939107
TSK006523,S086,2.33887555,2.33887555
TSK006523,S087,3.8668498,3.8668498
TSK006523,S088,8.96484217,8.96484217
TSK006523,S089,6.50646709,6.50646709
TSK006523,S090,9.66796651,9.66796651
TSK006523,S091,7.15077554,7.15077554
TSK006523,S092,9.66981888,9.66981888
TSK006523,S093,5.77411624,5.77411624
TSK006523,S094,7.05586288,7.05586288
TSK006523,S095,6.34118335,6.34118335
TSK006523,S096,13.31175996,13.31175996
TSK006523,S097,2.33887555,2.33887555
TSK006523,S098,6.37555234,6.37555234
TSK006523,S099,3.9654073,3.9654073
TSK006523,S100,10.20638637,10.20638637
TSK006547,S001,0.26779036,0.26779036
TSK006547,S002,0.16365659,0.16365659
TSK006547,S003,0.33179456,0.33179456
TSK006547,S004,0.10071586,0.10071586
TSK006547,S005,0.10071586,0.10071586
TSK006547,S006,0.39210766,0.39210766
TSK006547,S007,0.3466498,0.3466498
TSK006547,S008,0.62035984,0.62035984
TSK006547,S009,0.10071586,0.10071586
TSK006547,S010,0.82795695,0.82795695
TSK006547,S011,0.2507621,0.2507621
TSK006547,S012,0.22958109,0.22958109
TSK006547,S013,0.37869231,0.37869231
TSK006547,S014,0.10071586,0.10071586
TSK006547,S015,0.10071586,0.10071586
TSK006547,S016,0.10071586,0.10071586
TSK006547,S017,0.34531469,0.34531469
TSK006547,S018,0.1823878,0.1823878
TSK006547,S019,0.2507621,0.2507621
TSK006547,S020,0.10071586,0.10071586
TSK006547,S021,0.10071586,0.10071586
TSK006547,S022,0.20454608,0.20454608
TSK006547,S023,0.10071586,0.10071586
TSK006547,S024,0.29978943,0.29978943
TSK006547,S025,0.46475084,0.46475084
TSK006547,S026,0.35717964,0.35717964
TSK006547,S027,0.23297012,0.23297012
TSK006547,S028,0.26324348,0.26324348
TSK006547,S029,0.10071586,0.10071586
TSK006547,S030,0.35092411,0.35092411
TSK006547,S031,0.10071586,0.10071586
TSK006547,S032,0.10071586,0.10071586
TSK006547,S033,0.51009694,0.51009694
TSK006547,S034,0.70706812,0.70706812
TSK006547,S035,0.1823878,0.1823878
TSK006547,S036,0.22356263,0.22356263
TSK006547,S037,0.25442856,0.25442856
TSK006547,S038,0.16714029,0.16714029
TSK006547,S039,0.82795695,0.82795695
TSK006547,S040,0.59750174,0.59750174
TSK006547,S041,0.10071586,0.10071586
TSK006547,S042,0.3231525,0.3231525
TSK006547,S043,0.16714029,0.16714029
TSK006547,S044,0.31082034,0.31082034
TSK006547,S045,0.10071586,0.10071586
TSK006547,S046,0.22854561,0.22854561
TSK006547,S047,0.31385526,0.31385526
TSK006547,S048,0.28612537,0.28612537
TSK006547,S049,0.10071586,0.10071586
TSK006547,S050,0.36978442,0.36978442
TSK006547,S051,0.10071586,0.10071586
TSK006547,S052,0.40666679,0.40666679
TSK006547,S053,0.10071586,0.10071586
TSK006547,S054,0.33216146,0.33216146
TSK006547,S055,0.53129138,0.53129138
TSK006547,S056,0.32531243,0.32531243
TSK006547,S057,0.35600341,0.35600341
TSK006547,S058,0.32912905,0.32912905
TSK006547,S059,0.42847239,0.42847239
TSK006547,S060,0.30740519,0.30740519
TSK006547,S061,0.23487751,0.23487751
TSK006547,S062,0.10071586,0.10071586
TSK006547,S063,0.10071586,0.10071586
TSK006547,S064,0.39210766,0.39210766
TSK006547,S065,0.1467052,0.1467052
TSK006547,S066,0.2679285,0.2679285
TSK006547,S067,0.20454608,0.20454608
TSK006547,S068,0.30956396,0.30956396
TSK006547,S069,0.10071586,0.10071586
TSK006547,S070,0.10071586,0.10071586
TSK006547,S071,0.10071586,0.10071586
TSK006547,S072,0.10071586,0.10071586
TSK006547,S073,0.41776225,0.41776225
TSK006547,S074,0.57059874,0.57059874
TSK006547,S075,0.34525547,0.34525547
TSK006547,S076,0.37421922,0.37421922
TSK006547,S077,0.10071586,0.10071586
TSK006547,S078,0.25581983,0.25581983
TSK006547,S079,0.40226839,0.40226839
TSK006547,S080,0.10071586,0.10071586
TSK006547,S081,0.35600341,0.35600341
TSK006547,S082,0.24699384,0.24699384
TSK006547,S083,0.28337382,0.28337382
TSK006547,S084,0.26967402,0.26967402
TSK006547,S085,0.37869231,0.37869231
TSK006547,S086,0.10071586,0.10071586
TSK006547,S087,0.16714029,0.16714029
TSK006547,S088,0.3891203,0.3891203
TSK006547,S089,0.28186562,0.28186562
TSK006547,S090,0.4084149,0.4084149
TSK006547,S091,0.31082034,0.31082034
TSK006547,S092,0.42543395,0.42543395
TSK006547,S093,0.24699384,0.24699384
TSK006547,S094,0.30956396,0.30956396
TSK006547,S095,0.27853001,0.27853001
TSK006547,S096,0.56245532,0.56245532
TSK006547,S097,0.10071586,0.10071586
TSK006547,S098,0.27595788,0.27595788
TSK006547,S099,0.17191535,0.17191535
TSK006547,S100,0.4423924,0.4423924
TSK006559,S001,4.72438687,4.72438687
TSK006559,S002,3.04789437,3.04789437
TSK006559,S003,6.01995381,6.01995381
TSK006559,S004,1.84188164,1.84188164
TSK006559,S005,1.84188164,1.84188164
TSK006559,S006,7.19252642,7.19252642
TSK006559,S007,5.91346195,5.91346195
TSK006559,S008,11.48209124,11.48209124
TSK006559,S009,1.84188164,1.84188164
TSK006559,S010,14.66433424,14.66433424
TSK006559,S011,4.48648068,4.48648068
TSK006559,S012,4.10367699,4.10367699
TSK006559,S013,6.99260709,6.99260709
TSK006559,S014,1.84188164,1.84188164
TSK006559,S015,1.84188164,1.84188164
TSK006559,S016,1.84188164,1.84188164
TSK006559,S017,6.38106934,6.38106934
TSK006559,S018,3.2962845,3.2962845
TSK006559,S019,4.48648068,4.48648068
TSK006559,S020,1.84188164,1.84188164
TSK006559,S021,1.84188164,1.84188164
TSK006559,S022,3.72653981,3.72653981
TSK006559,S023,1.84188164,1.84188164
TSK006559,S024,5.50650735,5.50650735
TSK006559,S025,8.27671515,8.27671515
TSK006559,S026,6.38423375,6.38423375
TSK006559,S027,4.16216061,4.16216061
TSK006559,S028,4.6306453,4.6306453
TSK006559,S029,1.84188164,1.84188164
TSK006559,S030,6.2733751,6.2733751
TSK006559,S031,1.84188164,1.84188164
TSK006559,S032,1.84188164,1.84188164
TSK006559,S033,9.3500859,9.3500859
TSK006559,S034,12.93263015,12.93263015
TSK006559,S035,3.2962845,3.2962845
TSK006559,S036,3.97909824,3.97909824
TSK006559,S037,4.6429275,4.6429275
TSK006559,S038,3.04164884,3.04164884
TSK006559,S039,14.66433424,14.66433424
TSK006559,S040,10.51648907,10.51648907
TSK006559,S041,1.84188164,1.84188164
TSK006559,S042,5.78502848,5.78502848
TSK006559,S043,3.04164884,3.04164884
TSK006559,S044,5.61502046,5.61502046
TSK006559,S045,1.84188164,1.84188164
TSK006559,S046,4.18689448,4.18689448
TSK006559,S047,5.93028282,5.93028282
TSK006559,S048,5.19351824,5.19351824
TSK006559,S049,1.84188164,1.84188164
TSK006559,S050,6.44203859,6.44203859
TSK006559,S051,1.84188164,1.84188164
TSK006559,S052,7.14037571,7.14037571
TSK006559,S053,1.84188164,1.84188164
TSK006559,S054,5.93435013,5.93435013
TSK006559,S055,9.73836645,9.73836645
TSK006559,S056,5.83428882,5.83428882
TSK006559,S057,6.43865526,6.43865526
TSK006559,S058,5.91924167,5.91924167
TSK006559,S059,7.74784388,7.74784388
TSK006559,S060,5.64215305,5.64215305
TSK006559,S061,4.40882199,4.40882199
TSK006559,S062,1.84188164,1.84188164
TSK006559,S063,1.84188164,1.84188164
TSK006559,S064,7.19252642,7.19252642
TSK006559,S065,2.62357052,2.62357052
TSK006559,S066,4.75182796,4.75182796
TSK006559,S067,3.72653981,3.72653981
TSK006559,S068,5.52437552,5.52437552
TSK006559,S069,1.84188164,1.84188164
TSK006559,S070,1.84188164,1.84188164
TSK006559,S071,1.84188164,1.84188164
TSK006559,S072,1.84188164,1.84188164
TSK006559,S073,7.61938771,7.61938771
TSK006559,S074,10.37100599,10.37100599
TSK006559,S075,6.30816896,6.30816896
TSK006559,S076,6.45534163,6.45534163
TSK006559,S077,1.84188164,1.84188164
TSK006559,S078,4.51564724,4.51564724
TSK006559,S079,7.26477566,7.26477566
TSK006559,S080,1.84188164,1.84188164
TSK006559,S081,6.43865526,6.43865526
TSK006559,S082,4.55642263,4.55642263
TSK006559,S083,5.10942318,5.10942318
TSK006559,S084,4.84663618,4.84663618
TSK006559,S085,6.99260709,6.99260709
TSK006559,S086,1.84188164,1.84188164
TSK006559,S087,3.04164884,3.04164884
TSK006559,S088,7.04258196,7.04258196
TSK006559,S089,5.11441809,5.11441809
TSK006559,S090,7.65799126,7.65799126
TSK006559,S091,5.61502046,5.61502046
TSK006559,S092,7.56429953,7.56429953
TSK006559,S093,4.55642263,4.55642263
TSK006559,S094,5.52437552,5.52437552
TSK006559,S095,4.96301306,4.96301306
TSK006559,S096,10.54361178,10.54361178
TSK006559,S097,1.84188164,1.84188164
TSK006559,S098,5.01284024,5.01284024
TSK006559,S099,3.11628079,3.11628079
TSK006559,S100,8.02137915,8.02137915
TSK006587,S001,0.26779036,0.26779036
TSK006587,S002,0.16365659,0.16365659
TSK006587,S003,0.33179456,0.33179456
TSK006587,S004,0.10071586,0.10071586
TSK006587,S005,0.10071586,0.10071586
TSK006587,S006,0.39210766,0.39210766
TSK006587,S007,0.3466498,0.3466498
TSK006587,S008,0.62035984,0.62035984
TSK006587,S009,0.10071586,0.10071586
TSK006587,S010,0.82795695,0.82795695
TSK006587,S011,0.2507621,0.2507621
TSK006587,S012,0.22958109,0.22958109
TSK006587,S013,0.37869231,0.37869231
TSK006587,S014,0.10071586,0.10071586
TSK006587,S015,0.10071586,0.10071586
TSK006587,S016,0.10071586,0.10071586
TSK006587,S017,0.34531469,0.34531469
TSK006587,S018,0.1823878,0.1823878
TSK006587,S019,0.2507621,0.2507621
TSK006587,S020,0.10071586,0.10071586
TSK006587,S021,0.10071586,0.10071586
TSK006587,S022,0.20454608,0.20454608
TSK006587,S023,0.10071586,0.10071586
TSK006587,S024,0.29978943,0.29978943
TSK006587,S025,0.46475084,0.46475084
TSK006587,S026,0.35717964,0.35717964
TSK006587,S027,0.23297012,0.23297012
TSK006587,S028,0.26324348,0.26324348
TSK006587,S029,0.10071586,0.10071586
TSK006587,S030,0.35092411,0.35092411
TSK006587,S031,0.10071586,0.10071586
TSK006587,S032,0.10071586,0.10071586
TSK006587,S033,0.51009694,0.51009694
TSK006587,S034,0.70706812,0.70706812
TSK006587,S035,0.1823878,0.1823878
TSK006587,S036,0.22356263,0.22356263
TSK006587,S037,0.25442856,0.25442856
TSK006587,S038,0.16714029,0.16714029
TSK006587,S039,0.82795695,0.82795695
TSK006587,S040,0.59750174,0.59750174
TSK006587,S041,0.10071586,0.10071586
TSK006587,S042,0.3231525,0.3231525
TSK006587,S043,0.16714029,0.16714029
TSK006587,S044,0.31082034,0.31082034
TSK006587,S045,0.10071586,0.10071586
TSK006587,S046,0.22854561,0.22854561
TSK006587,S047,0.31385526,0.31385526
TSK006587,S048,0.28612537,0.28612537
TSK006587,S049,0.10071586,0.10071586
TSK006587,S050,0.36978442,0.36978442
TSK006587,S051,0.10071586,0.10071586
TSK006587,S052,0.40666679,0.40666679
TSK006587,S053,0.10071586,0.10071586
TSK006587,S054,0.33216146,0.33216146
TSK006587,S055,0.53129138,0.53129138
TSK006587,S056,0.32531243,0.32531243
TSK006587,S057,0.35600341,0.35600341
TSK006587,S058,0.32912905,0.32912905
TSK006587,S059,0.42847239,0.42847239
TSK006587,S060,0.30740519,0.30740519
TSK006587,S061,0.23487751,0.23487751
TSK006587,S062,0.10071586,0.10071586
TSK006587,S063,0.10071586,0.10071586
TSK006587,S064,0.39210766,0.39210766
TSK006587,S065,0.1467052,0.1467052
TSK006587,S066,0.2679285,0.2679285
TSK006587,S067,0.20454608,0.20454608
TSK006587,S068,0.30956396,0.30956396
TSK006587,S069,0.10071586,0.10071586
TSK006587,S070,0.10071586,0.10071586
TSK006587,S071,0.10071586,0.10071586
TSK006587,S072,0.10071586,0.10071586
TSK006587,S073,0.41776225,0.41776225
TSK006587,S074,0.57059874,0.57059874
TSK006587,S075,0.34525547,0.34525547
TSK006587,S076,0.37421922,0.37421922
TSK006587,S077,0.10071586,0.10071586
TSK006587,S078,0.25581983,0.25581983
TSK006587,S079,0.40226839,0.40226839
TSK006587,S080,0.10071586,0.10071586
TSK006587,S081,0.35600341,0.35600341
TSK006587,S082,0.24699384,0.24699384
TSK006587,S083,0.28337382,0.28337382
TSK006587,S084,0.26967402,0.26967402
TSK006587,S085,0.37869231,0.37869231
TSK006587,S086,0.10071586,0.10071586
TSK006587,S087,0.16714029,0.16714029
TSK006587,S088,0.3891203,0.3891203
TSK006587,S089,0.28186562,0.28186562
TSK006587,S090,0.4084149,0.4084149
TSK006587,S091,0.31082034,0.31082034
TSK006587,S092,0.42543395,0.42543395
TSK006587,S093,0.24699384,0.24699384
TSK006587,S094,0.30956396,0.30956396
TSK006587,S095,0.27853001,0.27853001
TSK006587,S096,0.56245532,0.56245532
TSK006587,S097,0.10071586,0.10071586
TSK006587,S098,0.27595788,0.27595788
TSK006587,S099,0.17191535,0.17191535
TSK006587,S100,0.4423924,0.4423924
TSK006630,S001,20.25278124,20.25278124
TSK006630,S002,20.88979489,20.88979489
TSK006630,S003,38.7710777,38.7710777
TSK006630,S004,9.74409732,9.74409732
TSK006630,S005,9.74409732,9.74409732
TSK006630,S006,38.13565701,38.13565701
TSK006630,S007,34.49850604,34.49850604
TSK006630,S008,74.63707991,74.63707991
TSK006630,S009,9.74409732,9.74409732
TSK006630,S010,125.29752208,125.29752208
TSK006630,S011,28.26381138,28.26381138
TSK006630,S012,20.23135539,20.23135539
TSK006630,S013,61.76832603,61.76832603
TSK006630,S014,9.74409732,9.74409732
TSK006630,S015,9.74409732,9.74409732
TSK006630,S016,9.74409732,9.74409732
TSK006630,S017,54.03690784,54.03690784
TSK006630,S018,18.33554558,18.33554558
TSK006630,S019,28.26381138,28.26381138
TSK006630,S020,9.74409732,9.74409732
TSK006630,S021,9.74409732,9.74409732
TSK006630,S022,27.51278567,27.51278567
TSK006630,S023,9.74409732,9.74409732
TSK006630,S024,23.34803609,23.34803609
TSK006630,S025,64.15379221,64.15379221
TSK006630,S026,39.353086,39.353086
TSK006630,S027,18.07071982,18.07071982
TSK006630,S028,20.9627127,20.9627127
TSK006630,S029,9.74409732,9.74409732
TSK006630,S030,34.64767713,34.64767713
TSK006630,S031,9.74409732,9.74409732
TSK006630,S032,9.74409732,9.74409732
TSK006630,S033,79.84070982,79.84070982
TSK006630,S034,87.00797917,87.00797917
TSK006630,S035,18.33554558,18.33554558
TSK006630,S036,24.22017997,24.22017997
TSK006630,S037,36.72895857,36.72895857
TSK006630,S038,14.60801193,14.60801193
TSK006630,S039,125.29752208,125.29752208
TSK006630,S040,70.0974095,70.0974095
TSK006630,S041,9.74409732,9.74409732
TSK006630,S042,36.70511556,36.70511556
TSK006630,S043,14.60801193,14.60801193
TSK006630,S044,44.92849717,44.92849717
TSK006630,S045,9.74409732,9.74409732
TSK006630,S046,24.75465595,24.75465595
TSK006630,S047,70.01050025,70.01050025
TSK006630,S048,36.68347397,36.68347397
TSK006630,S049,9.74409732,9.74409732
TSK006630,S050,36.7755939,36.7755939
TSK006630,S051,9.74409732,9.74409732
TSK006630,S052,41.57305308,41.57305308
TSK006630,S053,9.74409732,9.74409732
TSK006630,S054,39.08103107,39.08103107
TSK006630,S055,45.07167646,45.07167646
TSK006630,S056,31.23608537,31.23608537
TSK006630,S057,43.58621889,43.58621889
TSK006630,S058,42.54980662,42.54980662
TSK006630,S059,60.31108506,60.31108506
TSK006630,S060,46.83115529,46.83115529
TSK006630,S061,40.73888376,40.73888376
TSK006630,S062,9.74409732,9.74409732
TSK006630,S063,9.74409732,9.74409732
TSK006630,S064,38.13565701,38.13565701
TSK006630,S065,12.79057915,12.79057915
TSK006630,S066,23.19112201,23.19112201
TSK006630,S067,27.51278567,27.51278567
TSK006630,S068,31.87203434,31.87203434
TSK006630,S069,9.74409732,9.74409732
TSK006630,S070,9.74409732,9.74409732
TSK006630,S071,9.74409732,9.74409732
TSK006630,S072,9.74409732,9.74409732
TSK006630,S073,48.20980547,48.20980547
TSK006630,S074,69.44660179,69.44660179
TSK006630,S075,52.08945061,52.08945061
TSK006630,S076,29.67294624,29.67294624
TSK006630,S077,9.74409732,9.74409732
TSK006630,S078,27.65577507,27.65577507
TSK006630,S079,45.37772129,45.37772129
TSK006630,S080,9.74409732,9.74409732
TSK006630,S081,43.58621889,43.58621889
TSK006630,S082,31.30440161,31.30440161
TSK006630,S083,26.27361655,26.27361655
TSK006630,S084,26.58185442,26.58185442
TSK006630,S085,61.76832603,61.76832603
TSK006630,S086,9.74409732,9.74409732
TSK006630,S087,14.60801193,14.60801193
TSK006630,S088,56.88415799,56.88415799
TSK006630,S089,32.57085884,32.57085884
TSK006630,S090,75.09421878,75.09421878
TSK006630,S091,44.92849717,44.92849717
TSK006630,S092,49.52056558,49.52056558
TSK006630,S093,31.30440161,31.30440161
TSK006630,S094,31.87203434,31.87203434
TSK006630,S095,25.9301913,25.9301913
TSK006630,S096,66.92834312,66.92834312
TSK006630,S097,9.74409732,9.74409732
TSK006630,S098,29.89328181,29.89328181
TSK006630,S099,15.68543666,15.68543666
TSK006630,S100,40.72979614,40.72979614
TSK006706,S001,8.1522279,8.1522279
TSK006706,S002,5.43106174,5.43106174
TSK006706,S003,10.73188883,10.73188883
TSK006706,S004,3.20269107,3.20269107
TSK006706,S005,3.20269107,3.20269107
TSK006706,S006,12.49689473,12.49689473
TSK006706,S007,10.63746279,10.63746279
TSK006706,S008,20.36148956,20.36148956
TSK006706,S009,3.20269107,3.20269107
TSK006706,S010,27.40492446,27.40492446
TSK006706,S011,8.01323938,8.01323938
TSK006706,S012,7.13957299,7.13957299
TSK006706,S013,12.96743383,12.96743383
TSK006706,S014,3.20269107,3.20269107
TSK006706,S015,3.20269107,3.20269107
TSK006706,S016,3.20269107,3.20269107
TSK006706,S017,11.75098432,11.75098432
TSK006706,S018,5.78486673,5.78486673
TSK006706,S019,8.01323938,8.01323938
TSK006706,S020,3.20269107,3.20269107
TSK006706,S021,3.20269107,3.20269107
TSK006706,S022,6.75458596,6.75458596
TSK006706,S023,3.20269107,3.20269107
TSK006706,S024,9.36324227,9.36324227
TSK006706,S025,15.21622723,15.21622723
TSK006706,S026,11.37681977,11.37681977
TSK006706,S027,7.15881213,7.15881213
TSK006706,S028,8.03655553,8.03655553
TSK006706,S029,3.20269107,3.20269107
TSK006706,S030,11.04117078,11.04117078
TSK006706,S031,3.20269107,3.20269107
TSK006706,S032,3.20269107,3.20269107
TSK006706,S033,17.28442571,17.28442571
TSK006706,S034,23.12210184,23.12210184
TSK006706,S035,5.78486673,5.78486673
TSK006706,S036,7.0902404,7.0902404
TSK006706,S037,8.49500408,8.49500408
TSK006706,S038,5.24677335,5.24677335
TSK006706,S039,27.40492446,27.40492446
TSK006706,S040,19.01698628,19.01698628
TSK006706,S041,3.20269107,3.20269107
TSK006706,S042,10.33948366,10.33948366
TSK006706,S043,5.24677335,5.24677335
TSK006706,S044,10.3238831,10.3238831
TSK006706,S045,3.20269107,3.20269107
TSK006706,S046,7.3651187,7.3651187
TSK006706,S047,11.52326622,11.52326622
TSK006706,S048,9.36795011,9.36795011
TSK006706,S049,3.20269107,3.20269107
TSK006706,S050,11.47810735,11.47810735
TSK006706,S051,3.20269107,3.20269107
TSK006706,S052,12.71639104,12.71639104
TSK006706,S053,3.20269107,3.20269107
TSK006706,S054,10.6622386,10.6622386
TSK006706,S055,16.70000121,16.70000121
TSK006706,S056,10.22359594,10.22359594
TSK006706,S057,11.56266866,11.56266866
TSK006706,S058,10.73410238,10.73410238
TSK006706,S059,14.18345443,14.18345443
TSK006706,S060,10.37966947,10.37966947
TSK006706,S061,8.19638535,8.19638535
TSK006706,S062,3.20269107,3.20269107
TSK006706,S063,3.20269107,3.20269107
TSK006706,S064,12.49689473,12.49689473
TSK006706,S065,4.55882178,4.55882178
TSK006706,S066,8.28112129,8.28112129
TSK006706,S067,6.75458596,6.75458596
TSK006706,S068,9.77512939,9.77512939
TSK006706,S069,3.20269107,3.20269107
TSK006706,S070,3.20269107,3.20269107
TSK006706,S071,3.20269107,3.20269107
TSK006706,S072,3.20269107,3.20269107
TSK006706,S073,13.53073814,13.53073814
TSK006706,S074,18.5687092,18.5687092
TSK006706,S075,11.61213904,11.61213904
TSK006706,S076,11.2949642,11.2949642
TSK006706,S077,3.20269107,3.20269107
TSK006706,S078,8.07432331,8.07432331
TSK006706,S079,12.92244129,12.92244129
TSK006706,S080,3.20269107,3.20269107
TSK006706,S081,11.56266866,11.56266866
TSK006706,S082,8.1462845,8.1462845
TSK006706,S083,8.9004013,8.9004013
TSK006706,S084,8.508589,8.508589
TSK006706,S085,12.96743383,12.96743383
TSK006706,S086,3.20269107,3.20269107
TSK006706,S087,5.24677335,5.24677335
TSK006706,S088,12.95924574,12.95924574
TSK006706,S089,9.10477608,9.10477608
TSK006706,S090,14.38963624,14.38963624
TSK006706,S091,10.3238831,10.3238831
TSK006706,S092,13.60215629,13.60215629
TSK006706,S093,8.1462845,8.1462845
TSK006706,S094,9.77512939,9.77512939
TSK006706,S095,8.69383536,8.69383536
TSK006706,S096,18.56650317,18.56650317
TSK006706,S097,3.20269107,3.20269107
TSK006706,S098,8.8512479,8.8512479
TSK006706,S099,5.40718991,5.40718991
TSK006706,S100,13.92909517,13.92909517
TSK006881,S001,4.72438687,4.72438687
TSK006881,S002,3.04789437,3.04789437
TSK006881,S003,6.01995381,6.01995381
TSK006881,S004,1.84188164,1.84188164
TSK006881,S005,1.84188164,1.84188164
TSK006881,S006,7.19252642,7.19252642
TSK006881,S007,5.91346195,5.91346195
TSK006881,S008,11.48209124,11.48209124
TSK006881,S009,1.84188164,1.84188164
TSK006881,S010,14.66433424,14.66433424
TSK006881,S011,4.48648068,4.48648068
TSK006881,S012,4.10367699,4.10367699
TSK006881,S013,6.99260709,6.99260709
TSK006881,S014,1.84188164,1.84188164
TSK006881,S015,1.84188164,1.84188164
TSK006881,S016,1.84188164,1.84188164
TSK006881,S017,6.38106934,6.38106934
TSK006881,S018,3.2962845,3.2962845
TSK006881,S019,4.48648068,4.48648068
TSK006881,S020,1.84188164,1.84188164
TSK006881,S021,1.84188164,1.84188164
TSK006881,S022,3.72653981,3.72653981
TSK006881,S023,1.84188164,1.84188164
TSK006881,S024,5.50650735,5.50650735
TSK006881,S025,8.27671515,8.27671515
TSK006881,S026,6.38423375,6.38423375
TSK006881,S027,4.16216061,4.16216061
TSK006881,S028,4.6306453,4.6306453
TSK006881,S029,1.84188164,1.84188164
TSK006881,S030,6.2733751,6.2733751
TSK006881,S031,1.84188164,1.84188164
TSK006881,S032,1.84188164,1.84188164
TSK006881,S033,9.3500859,9.3500859
TSK006881,S034,12.93263015,12.93263015
TSK006881,S035,3.2962845,3.2962845
TSK006881,S036,3.97909824,3.97909824
TSK006881,S037,4.6429275,4.6429275
TSK006881,S038,3.04164884,3.04164884
TSK006881,S039,14.66433424,14.66433424
TSK006881,S040,10.51648907,10.51648907
TSK006881,S041,1.84188164,1.84188164
TSK006881,S042,5.78502848,5.78502848
TSK006881,S043,3.04164884,3.04164884
TSK006881,S044,5.61502046,5.61502046
TSK006881,S045,1.84188164,1.84188164
TSK006881,S046,4.18689448,4.18689448
TSK006881,S047,5.93028282,5.93028282
TSK006881,S048,5.19351824,5.19351824
TSK006881,S049,1.84188164,1.84188164
TSK006881,S050,6.44203859,6.44203859
TSK006881,S051,1.84188164,1.84188164
TSK006881,S052,7.14037571,7.14037571
TSK006881,S053,1.84188164,1.84188164
TSK006881,S054,5.93435013,5.93435013
TSK006881,S055,9.73836645,9.73836645
TSK006881,S056,5.83428882,5.83428882
TSK006881,S057,6.43865526,6.43865526
TSK006881,S058,5.91924167,5.91924167
TSK006881,S059,7.74784388,7.74784388
TSK006881,S060,5.64215305,5.64215305
TSK006881,S061,4.40882199,4.40882199
TSK006881,S062,1.84188164,1.84188164
TSK006881,S063,1.84188164,1.84188164
TSK006881,S064,7.19252642,7.19252642
TSK006881,S065,2.62357052,2.62357052
TSK006881,S066,4.75182796,4.75182796
TSK006881,S067,3.72653981,3.72653981
TSK006881,S068,5.52437552,5.52437552
TSK006881,S069,1.84188164,1.84188164
TSK006881,S070,1.84188164,1.84188164
TSK006881,S071,1.84188164,1.84188164
TSK006881,S072,1.84188164,1.84188164
TSK006881,S073,7.61938771,7.61938771
TSK006881,S074,10.37100599,10.37100599
TSK006881,S075,6.30816896,6.30816896
TSK006881,S076,6.45534163,6.45534163
TSK006881,S077,1.84188164,1.84188164
TSK006881,S078,4.51564724,4.51564724
TSK006881,S079,7.26477566,7.26477566
TSK006881,S080,1.84188164,1.84188164
TSK006881,S081,6.43865526,6.43865526
TSK006881,S082,4.55642263,4.55642263
TSK006881,S083,5.10942318,5.10942318
TSK006881,S084,4.84663618,4.84663618
TSK006881,S085,6.99260709,6.99260709
TSK006881,S086,1.84188164,1.84188164
TSK006881,S087,3.04164884,3.04164884
TSK006881,S088,7.04258196,7.04258196
TSK006881,S089,5.11441809,5.11441809
TSK006881,S090,7.65799126,7.65799126
TSK006881,S091,5.61502046,5.61502046
TSK006881,S092,7.56429953,7.56429953
TSK006881,S093,4.55642263,4.55642263
TSK006881,S094,5.52437552,5.52437552
TSK006881,S095,4.96301306,4.96301306
TSK006881,S096,10.54361178,10.54361178
TSK006881,S097,1.84188164,1.84188164
TSK006881,S098,5.01284024,5.01284024
TSK006881,S099,3.11628079,3.11628079
TSK006881,S100,8.02137915,8.02137915
TSK006913,S001,20.16560924,20.16560924
TSK006913,S002,16.13026239,16.13026239
TSK006913,S003,31.2504955,31.2504955
TSK006913,S004,9.03432234,9.03432234
TSK006913,S005,9.03432234,9.03432234
TSK006913,S006,36.70977908,36.70977908
TSK006913,S007,30.81509047,30.81509047
TSK006913,S008,61.50701559,61.50701559
TSK006913,S009,9.03432234,9.03432234
TSK006913,S010,100.12722122,100.12722122
TSK006913,S011,23.1821186,23.1821186
TSK006913,S012,19.29966066,19.29966066
TSK006913,S013,44.91592825,44.91592825
TSK006913,S014,9.03432234,9.03432234
TSK006913,S015,9.03432234,9.03432234
TSK006913,S016,9.03432234,9.03432234
TSK006913,S017,45.65497649,45.65497649
TSK006913,S018,16.64450797,16.64450797
TSK006913,S019,23.1821186,23.1821186
TSK006913,S020,9.03432234,9.03432234
TSK006913,S021,9.03432234,9.03432234
TSK006913,S022,21.67793075,21.67793075
TSK006913,S023,9.03432234,9.03432234
TSK006913,S024,22.45741232,22.45741232
TSK006913,S025,55.7144309,55.7144309
TSK006913,S026,35.66262681,35.66262681
TSK006913,S027,17.65563197,17.65563197
TSK006913,S028,20.42577005,20.42577005
TSK006913,S029,9.03432234,9.03432234
TSK006913,S030,29.60004702,29.60004702
TSK006913,S031,9.03432234,9.03432234
TSK006913,S032,9.03432234,9.03432234
TSK006913,S033,66.37860414,66.37860414
TSK006913,S034,69.62417574,69.62417574
TSK006913,S035,16.64450797,16.64450797
TSK006913,S036,21.1346448,21.1346448
TSK006913,S037,26.97583695,26.97583695
TSK006913,S038,13.52381892,13.52381892
TSK006913,S039,100.12722122,100.12722122
TSK006913,S040,55.81568776,55.81568776
TSK006913,S041,9.03432234,9.03432234
TSK006913,S042,31.07524943,31.07524943
TSK006913,S043,13.52381892,13.52381892
TSK006913,S044,35.85267572,35.85267572
TSK006913,S045,9.03432234,9.03432234
TSK006913,S046,22.38335511,22.38335511
TSK006913,S047,54.70220849,54.70220849
TSK006913,S048,29.49608923,29.49608923
TSK006913,S049,9.03432234,9.03432234
TSK006913,S050,32.10560759,32.10560759
TSK006913,S051,9.03432234,9.03432234
TSK006913,S052,37.59341824,37.59341824
TSK006913,S053,9.03432234,9.03432234
TSK006913,S054,31.87801068,31.87801068
TSK006913,S055,43.49813136,43.49813136
TSK006913,S056,28.58134344,28.58134344
TSK006913,S057,33.7538467,33.7538467
TSK006913,S058,35.40825863,35.40825863
TSK006913,S059,45.72481686,45.72481686
TSK006913,S060,39.7812714,39.7812714
TSK006913,S061,28.42183971,28.42183971
TSK006913,S062,9.03432234,9.03432234
TSK006913,S063,9.03432234,9.03432234
TSK006913,S064,36.70977908,36.70977908
TSK006913,S065,12.23264331,12.23264331
TSK006913,S066,22.18963423,22.18963423
TSK006913,S067,21.67793075,21.67793075
TSK006913,S068,29.07154136,29.07154136
TSK006913,S069,9.03432234,9.03432234
TSK006913,S070,9.03432234,9.03432234
TSK006913,S071,9.03432234,9.03432234
TSK006913,S072,9.03432234,9.03432234
TSK006913,S073,41.28404082,41.28404082
TSK006913,S074,54.34885616,54.34885616
TSK006913,S075,44.35321641,44.35321641
TSK006913,S076,29.11690157,29.11690157
TSK006913,S077,9.03432234,9.03432234
TSK006913,S078,23.35969332,23.35969332
TSK006913,S079,40.41712224,40.41712224
TSK006913,S080,9.03432234,9.03432234
TSK006913,S081,33.7538467,33.7538467
TSK006913,S082,27.40707803,27.40707803
TSK006913,S083,23.78998045,23.78998045
TSK006913,S084,24.29255676,24.29255676
TSK006913,S085,44.91592825,44.91592825
TSK006913,S086,9.03432234,9.03432234
TSK006913,S087,13.52381892,13.52381892
TSK006913,S088,44.825774,44.825774
TSK006913,S089,28.07537655,28.07537655
TSK006913,S090,55.82820432,55.82820432
TSK006913,S091,35.85267572,35.85267572
TSK006913,S092,43.06450367,43.06450367
TSK006913,S093,27.40707803,27.40707803
TSK006913,S094,29.07154136,29.07154136
TSK006913,S095,23.05364099,23.05364099
TSK006913,S096,55.28049048,55.28049048
TSK006913,S097,9.03432234,9.03432234
TSK006913,S098,24.42090484,24.42090484
TSK006913,S099,14.26025094,14.26025094
TSK006913,S100,37.84368163,37.84368163
TSK006949,S001,3.53257925,3.53257925
TSK006949,S002,2.46139346,2.46139346
TSK006949,S003,4.69022889,4.69022889
TSK006949,S004,1.45107698,1.45107698
TSK006949,S005,1.45107698,1.45107698
TSK006949,S006,5.69020547,5.69020547
TSK006949,S007,4.19216393,4.19216393
TSK006949,S008,9.19591466,9.19591466
TSK006949,S009,1.45107698,1.45107698
TSK006949,S010,11.03020157,11.03020157
TSK006949,S011,3.42565479,3.42565479
TSK006949,S012,3.12905908,3.12905908
TSK006949,S013,5.58244812,5.58244812
TSK006949,S014,1.45107698,1.45107698
TSK006949,S015,1.45107698,1.45107698
TSK006949,S016,1.45107698,1.45107698
TSK006949,S017,5.09942575,5.09942575
TSK006949,S018,2.55395097,2.55395097
TSK006949,S019,3.42565479,3.42565479
TSK006949,S020,1.45107698,1.45107698
TSK006949,S021,1.45107698,1.45107698
TSK006949,S022,2.92032582,2.92032582
TSK006949,S023,1.45107698,1.45107698
TSK006949,S024,4.36442599,4.36442599
TSK006949,S025,6.2767918,6.2767918
TSK006949,S026,4.86774004,4.86774004
TSK006949,S027,3.17130658,3.17130658
TSK006949,S028,3.44713074,3.44713074
TSK006949,S029,1.45107698,1.45107698
TSK006949,S030,4.78428197,4.78428197
TSK006949,S031,1.45107698,1.45107698
TSK006949,S032,1.45107698,1.45107698
TSK006949,S033,7.38974344,7.38974344
TSK006949,S034,10.19063922,10.19063922
TSK006949,S035,2.55395097,2.55395097
TSK006949,S036,3.01501752,3.01501752
TSK006949,S037,3.6468134,3.6468134
TSK006949,S038,2.3798575,2.3798575
TSK006949,S039,11.03020157,11.03020157
TSK006949,S040,7.83548015,7.83548015
TSK006949,S041,1.45107698,1.45107698
TSK006949,S042,4.42094934,4.42094934
TSK006949,S043,2.3798575,2.3798575
TSK006949,S044,4.34782058,4.34782058
TSK006949,S045,1.45107698,1.45107698
TSK006949,S046,3.30650012,3.30650012
TSK006949,S047,4.88068365,4.88068365
TSK006949,S048,4.04873587,4.04873587
TSK006949,S049,1.45107698,1.45107698
TSK006949,S050,4.72412588,4.72412588
TSK006949,S051,1.45107698,1.45107698
TSK006949,S052,5.30039765,5.30039765
TSK006949,S053,1.45107698,1.45107698
TSK006949,S054,4.52168571,4.52168571
TSK006949,S055,7.69638326,7.69638326
TSK006949,S056,4.47044666,4.47044666
TSK006949,S057,4.99377635,4.99377635
TSK006949,S058,4.55397241,4.55397241
TSK006949,S059,6.0075342,6.0075342
TSK006949,S060,4.46731455,4.46731455
TSK006949,S061,3.59757491,3.59757491
TSK006949,S062,1.45107698,1.45107698
TSK006949,S063,1.45107698,1.45107698
TSK006949,S064,5.69020547,5.69020547
TSK006949,S065,2.0018984,2.0018984
TSK006949,S066,3.58148497,3.58148497
TSK006949,S067,2.92032582,2.92032582
TSK006949,S068,4.20229733,4.20229733
TSK006949,S069,1.45107698,1.45107698
TSK006949,S070,1.45107698,1.45107698
TSK006949,S071,1.45107698,1.45107698
TSK006949,S072,1.45107698,1.45107698
TSK006949,S073,5.98016126,5.98016126
TSK006949,S074,8.10037367,8.10037367
TSK006949,S075,4.96333798,4.96333798
TSK006949,S076,4.66035094,4.66035094
TSK006949,S077,1.45107698,1.45107698
TSK006949,S078,3.37927448,3.37927448
TSK006949,S079,5.622743,5.622743
TSK006949,S080,1.45107698,1.45107698
TSK006949,S081,4.99377635,4.99377635
TSK006949,S082,3.63283276,3.63283276
TSK006949,S083,3.94549303,3.94549303
TSK006949,S084,3.72505086,3.72505086
TSK006949,S085,5.58244812,5.58244812
TSK006949,S086,1.45107698,1.45107698
TSK006949,S087,2.3798575,2.3798575
TSK006949,S088,5.46768922,5.46768922
TSK006949,S089,3.9851066,3.9851066
TSK006949,S090,6.24007233,6.24007233
TSK006949,S091,4.34782058,4.34782058
TSK006949,S092,5.72277118,5.72277118
TSK006949,S093,3.63283276,3.63283276
TSK006949,S094,4.20229733,4.20229733
TSK006949,S095,3.7668149,3.7668149
TSK006949,S096,8.58850187,8.58850187
TSK006949,S097,1.45107698,1.45107698
TSK006949,S098,3.91215874,3.91215874
TSK006949,S099,2.42475169,2.42475169
TSK006949,S100,6.24380491,6.24380491
TSK006996,S001,4.94929709,4.94929709
TSK006996,S002,3.23050744,3.23050744
TSK006996,S003,6.34539835,6.34539835
TSK006996,S004,1.94475516,1.94475516
TSK006996,S005,1.94475516,1.94475516
TSK006996,S006,7.59913489,7.59913489
TSK006996,S007,6.14776833,6.14776833
TSK006996,S008,12.15425898,12.15425898
TSK006996,S009,1.94475516,1.94475516
TSK006996,S010,15.37585824,15.37585824
TSK006996,S011,4.71466206,4.71466206
TSK006996,S012,4.31150341,4.31150341
TSK006996,S013,7.39828138,7.39828138
TSK006996,S014,1.94475516,1.94475516
TSK006996,S015,1.94475516,1.94475516
TSK006996,S016,1.94475516,1.94475516
TSK006996,S017,6.75233297,6.75233297
TSK006996,S018,3.47155794,3.47155794
TSK006996,S019,4.71466206,4.71466206
TSK006996,S020,1.94475516,1.94475516
TSK006996,S021,1.94475516,1.94475516
TSK006996,S022,3.93148196,3.93148196
TSK006996,S023,1.94475516,1.94475516
TSK006996,S024,5.81946293,5.81946293
TSK006996,S025,8.68884316,8.68884316
TSK006996,S026,6.70750586,6.70750586
TSK006996,S027,4.37246625,4.37246625
TSK006996,S028,4.8479345,4.8479345
TSK006996,S029,1.94475516,1.94475516
TSK006996,S030,6.59125335,6.59125335
TSK006996,S031,1.94475516,1.94475516
TSK006996,S032,1.94475516,1.94475516
TSK006996,S033,9.87715043,9.87715043
TSK006996,S034,13.65536287,13.65536287
TSK006996,S035,3.47155794,3.47155794
TSK006996,S036,4.17669708,4.17669708
TSK006996,S037,4.89998514,4.89998514
TSK006996,S038,3.20815401,3.20815401
TSK006996,S039,15.37585824,15.37585824
TSK006996,S040,11.01137099,11.01137099
TSK006996,S041,1.94475516,1.94475516
TSK006996,S042,6.08003278,6.08003278
TSK006996,S043,3.20815401,3.20815401
TSK006996,S044,5.91303691,5.91303691
TSK006996,S045,1.94475516,1.94475516
TSK006996,S046,4.42238149,4.42238149
TSK006996,S047,6.30442466,6.30442466
TSK006996,S048,5.47477736,5.47477736
TSK006996,S049,1.94475516,1.94475516
TSK006996,S050,6.72963209,6.72963209
TSK006996,S051,1.94475516,1.94475516
TSK006996,S052,7.47234268,7.47234268
TSK006996,S053,1.94475516,1.94475516
TSK006996,S054,6.23421768,6.23421768
TSK006996,S055,10.2872703,10.2872703
TSK006996,S056,6.13424303,6.13424303
TSK006996,S057,6.7820725,6.7820725
TSK006996,S058,6.22735473,6.22735473
TSK006996,S059,8.16075177,8.16075177
TSK006996,S060,5.96186689,5.96186689
TSK006996,S061,4.68061262,4.68061262
TSK006996,S062,1.94475516,1.94475516
TSK006996,S063,1.94475516,1.94475516
TSK006996,S064,7.59913489,7.59913489
TSK006996,S065,2.75673108,2.75673108
TSK006996,S066,4.98388349,4.98388349
TSK006996,S067,3.93148196,3.93148196
TSK006996,S068,5.80208531,5.80208531
TSK006996,S069,1.94475516,1.94475516
TSK006996,S070,1.94475516,1.94475516
TSK006996,S071,1.94475516,1.94475516
TSK006996,S072,1.94475516,1.94475516
TSK006996,S073,8.04030667,8.04030667
TSK006996,S074,10.93582349,10.93582349
TSK006996,S075,6.65918234,6.65918234
TSK006996,S076,6.72840453,6.72840453
TSK006996,S077,1.94475516,1.94475516
TSK006996,S078,4.7311913,4.7311913
TSK006996,S079,7.64983525,7.64983525
TSK006996,S080,1.94475516,1.94475516
TSK006996,S081,6.7820725,6.7820725
TSK006996,S082,4.81979098,4.81979098
TSK006996,S083,5.37837674,5.37837674
TSK006996,S084,5.09815364,5.09815364
TSK006996,S085,7.39828138,7.39828138
TSK006996,S086,1.94475516,1.94475516
TSK006996,S087,3.20815401,3.20815401
TSK006996,S088,7.41934438,7.41934438
TSK006996,S089,5.39098935,5.39098935
TSK006996,S090,8.12827186,8.12827186
TSK006996,S091,5.91303691,5.91303691
TSK006996,S092,7.93812597,7.93812597
TSK006996,S093,4.81979098,4.81979098
TSK006996,S094,5.80208531,5.80208531
TSK006996,S095,5.21076232,5.21076232
TSK006996,S096,11.19050258,11.19050258
TSK006996,S097,1.94475516,1.94475516
TSK006996,S098,5.28519391,5.28519391
TSK006996,S099,3.28409472,3.28409472
TSK006996,S100,8.4538375,8.4538375
