vehicle_id,task_id,q_ki
VEH000292,TSK000119,0
VEH000097,TSK000119,1
VEH000077,TSK000119,1
VEH000251,TSK000119,0
VEH000429,TSK000119,1
VEH000036,TSK000119,0
VEH000525,TSK000119,0
VEH000320,TSK000119,1
VEH000313,TSK000119,0
VEH000312,TSK000119,1
VEH000299,TSK000119,0
VEH000298,TSK000119,0
VEH000431,TSK000119,0
VEH000246,TSK000119,1
VEH000061,TSK000119,1
VEH000096,TSK000119,0
VEH000059,TSK000119,1
VEH000336,TSK000119,1
VEH000284,TSK000119,1
VEH000397,TSK000119,1
VEH000334,TSK000119,1
VEH000259,TSK000119,1
VEH000527,TSK000119,0
VEH000031,TSK000119,1
VEH000348,TSK000119,0
VEH000271,TSK000119,1
VEH000089,TSK000119,0
VEH000385,TSK000119,0
VEH000414,TSK000119,0
VEH000060,TSK000119,0
VEH000468,TSK000119,0
VEH000269,TSK000119,1
VEH000459,TSK000119,1
VEH000528,TSK000119,1
VEH000406,TSK000119,1
VEH000229,TSK000119,1
VEH000379,TSK000119,1
VEH000003,TSK000119,0
VEH000028,TSK000119,0
VEH000100,TSK000119,0
VEH000335,TSK000119,0
VEH000048,TSK000119,0
VEH000368,TSK000119,0
VEH000309,TSK000119,0
VEH000499,TSK000119,1
VEH000225,TSK000119,1
VEH000330,TSK000119,0
VEH000279,TSK000119,0
VEH000341,TSK000119,0
VEH000049,TSK000119,0
VEH000344,TSK000119,1
VEH000042,TSK000119,0
VEH000311,TSK000119,0
VEH000287,TSK000119,0
VEH000421,TSK000119,0
VEH000516,TSK000119,0
VEH000510,TSK000119,1
VEH000084,TSK000119,1
VEH000266,TSK000119,1
VEH000051,TSK000119,1
VEH000016,TSK000119,1
VEH000526,TSK000119,1
VEH000247,TSK000119,0
VEH000252,TSK000119,1
VEH000314,TSK000119,1
VEH000242,TSK000119,0
VEH000433,TSK000119,1
VEH000366,TSK000119,1
VEH000318,TSK000119,1
VEH000290,TSK000119,0
VEH000008,TSK000119,0
VEH000530,TSK000119,0
VEH000081,TSK000119,0
VEH000304,TSK000119,1
VEH000358,TSK000119,1
VEH000026,TSK000119,1
VEH000430,TSK000119,0
VEH000067,TSK000119,0
VEH000088,TSK000119,0
VEH000417,TSK000119,0
VEH000015,TSK000119,0
VEH000024,TSK000119,1
VEH000250,TSK000119,0
VEH000267,TSK000119,1
VEH000034,TSK000119,0
VEH000532,TSK000119,0
VEH000482,TSK000119,1
VEH000386,TSK000119,1
VEH000389,TSK000119,1
VEH000007,TSK000119,0
VEH000367,TSK000119,1
VEH000230,TSK000119,1
VEH000327,TSK000119,1
VEH000426,TSK000119,1
VEH000073,TSK000119,1
VEH000488,TSK000119,0
VEH000222,TSK000119,1
VEH000047,TSK000119,1
VEH000263,TSK000119,0
VEH000346,TSK000119,0
VEH000292,TSK000157,0
VEH000097,TSK000157,1
VEH000077,TSK000157,0
VEH000251,TSK000157,1
VEH000429,TSK000157,0
VEH000036,TSK000157,1
VEH000525,TSK000157,1
VEH000320,TSK000157,0
VEH000313,TSK000157,0
VEH000312,TSK000157,0
VEH000299,TSK000157,1
VEH000298,TSK000157,0
VEH000431,TSK000157,1
VEH000246,TSK000157,0
VEH000061,TSK000157,0
VEH000096,TSK000157,0
VEH000059,TSK000157,1
VEH000336,TSK000157,1
VEH000284,TSK000157,0
VEH000397,TSK000157,0
VEH000334,TSK000157,0
VEH000259,TSK000157,1
VEH000527,TSK000157,1
VEH000031,TSK000157,1
VEH000348,TSK000157,0
VEH000271,TSK000157,0
VEH000089,TSK000157,1
VEH000385,TSK000157,1
VEH000414,TSK000157,1
VEH000060,TSK000157,0
VEH000468,TSK000157,1
VEH000269,TSK000157,0
VEH000459,TSK000157,1
VEH000528,TSK000157,0
VEH000406,TSK000157,1
VEH000229,TSK000157,0
VEH000379,TSK000157,1
VEH000003,TSK000157,1
VEH000028,TSK000157,1
VEH000100,TSK000157,0
VEH000335,TSK000157,1
VEH000048,TSK000157,1
VEH000368,TSK000157,0
VEH000309,TSK000157,0
VEH000499,TSK000157,1
VEH000225,TSK000157,1
VEH000330,TSK000157,1
VEH000279,TSK000157,0
VEH000341,TSK000157,1
VEH000049,TSK000157,0
VEH000344,TSK000157,1
VEH000042,TSK000157,1
VEH000311,TSK000157,0
VEH000287,TSK000157,0
VEH000421,TSK000157,0
VEH000516,TSK000157,1
VEH000510,TSK000157,0
VEH000084,TSK000157,0
VEH000266,TSK000157,0
VEH000051,TSK000157,0
VEH000016,TSK000157,1
VEH000526,TSK000157,0
VEH000247,TSK000157,1
VEH000252,TSK000157,1
VEH000314,TSK000157,0
VEH000242,TSK000157,1
VEH000433,TSK000157,0
VEH000366,TSK000157,1
VEH000318,TSK000157,0
VEH000290,TSK000157,1
VEH000008,TSK000157,1
VEH000530,TSK000157,1
VEH000081,TSK000157,1
VEH000304,TSK000157,0
VEH000358,TSK000157,1
VEH000026,TSK000157,0
VEH000430,TSK000157,0
VEH000067,TSK000157,0
VEH000088,TSK000157,1
VEH000417,TSK000157,0
VEH000015,TSK000157,0
VEH000024,TSK000157,1
VEH000250,TSK000157,1
VEH000267,TSK000157,0
VEH000034,TSK000157,1
VEH000532,TSK000157,1
VEH000482,TSK000157,1
VEH000386,TSK000157,0
VEH000389,TSK000157,1
VEH000007,TSK000157,0
VEH000367,TSK000157,0
VEH000230,TSK000157,1
VEH000327,TSK000157,0
VEH000426,TSK000157,0
VEH000073,TSK000157,0
VEH000488,TSK000157,0
VEH000222,TSK000157,1
VEH000047,TSK000157,0
VEH000263,TSK000157,1
VEH000346,TSK000157,1
VEH000292,TSK000167,1
VEH000097,TSK000167,1
VEH000077,TSK000167,1
VEH000251,TSK000167,0
VEH000429,TSK000167,0
VEH000036,TSK000167,1
VEH000525,TSK000167,1
VEH000320,TSK000167,0
VEH000313,TSK000167,1
VEH000312,TSK000167,0
VEH000299,TSK000167,0
VEH000298,TSK000167,0
VEH000431,TSK000167,1
VEH000246,TSK000167,1
VEH000061,TSK000167,0
VEH000096,TSK000167,1
VEH000059,TSK000167,0
VEH000336,TSK000167,0
VEH000284,TSK000167,0
VEH000397,TSK000167,1
VEH000334,TSK000167,0
VEH000259,TSK000167,1
VEH000527,TSK000167,0
VEH000031,TSK000167,1
VEH000348,TSK000167,1
VEH000271,TSK000167,0
VEH000089,TSK000167,0
VEH000385,TSK000167,1
VEH000414,TSK000167,0
VEH000060,TSK000167,0
VEH000468,TSK000167,0
VEH000269,TSK000167,1
VEH000459,TSK000167,1
VEH000528,TSK000167,0
VEH000406,TSK000167,0
VEH000229,TSK000167,1
VEH000379,TSK000167,1
VEH000003,TSK000167,0
VEH000028,TSK000167,1
VEH000100,TSK000167,0
VEH000335,TSK000167,0
VEH000048,TSK000167,0
VEH000368,TSK000167,1
VEH000309,TSK000167,1
VEH000499,TSK000167,0
VEH000225,TSK000167,0
VEH000330,TSK000167,1
VEH000279,TSK000167,0
VEH000341,TSK000167,0
VEH000049,TSK000167,1
VEH000344,TSK000167,0
VEH000042,TSK000167,1
VEH000311,TSK000167,0
VEH000287,TSK000167,0
VEH000421,TSK000167,0
VEH000516,TSK000167,0
VEH000510,TSK000167,0
VEH000084,TSK000167,1
VEH000266,TSK000167,0
VEH000051,TSK000167,0
VEH000016,TSK000167,1
VEH000526,TSK000167,0
VEH000247,TSK000167,1
VEH000252,TSK000167,1
VEH000314,TSK000167,0
VEH000242,TSK000167,1
VEH000433,TSK000167,1
VEH000366,TSK000167,1
VEH000318,TSK000167,1
VEH000290,TSK000167,1
VEH000008,TSK000167,0
VEH000530,TSK000167,0
VEH000081,TSK000167,1
VEH000304,TSK000167,1
VEH000358,TSK000167,1
VEH000026,TSK000167,0
VEH000430,TSK000167,1
VEH000067,TSK000167,0
VEH000088,TSK000167,0
VEH000417,TSK000167,1
VEH000015,TSK000167,1
VEH000024,TSK000167,1
VEH000250,TSK000167,1
VEH000267,TSK000167,1
VEH000034,TSK000167,0
VEH000532,TSK000167,1
VEH000482,TSK000167,1
VEH000386,TSK000167,0
VEH000389,TSK000167,0
VEH000007,TSK000167,1
VEH000367,TSK000167,0
VEH000230,TSK000167,1
VEH000327,TSK000167,1
VEH000426,TSK000167,0
VEH000073,TSK000167,0
VEH000488,TSK000167,0
VEH000222,TSK000167,1
VEH000047,TSK000167,1
VEH000263,TSK000167,1
VEH000346,TSK000167,0
VEH000292,TSK000175,1
VEH000097,TSK000175,0
VEH000077,TSK000175,1
VEH000251,TSK000175,1
VEH000429,TSK000175,1
VEH000036,TSK000175,1
VEH000525,TSK000175,0
VEH000320,TSK000175,1
VEH000313,TSK000175,1
VEH000312,TSK000175,1
VEH000299,TSK000175,1
VEH000298,TSK000175,0
VEH000431,TSK000175,1
VEH000246,TSK000175,0
VEH000061,TSK000175,0
VEH000096,TSK000175,0
VEH000059,TSK000175,0
VEH000336,TSK000175,1
VEH000284,TSK000175,0
VEH000397,TSK000175,1
VEH000334,TSK000175,0
VEH000259,TSK000175,0
VEH000527,TSK000175,1
VEH000031,TSK000175,0
VEH000348,TSK000175,1
VEH000271,TSK000175,1
VEH000089,TSK000175,0
VEH000385,TSK000175,0
VEH000414,TSK000175,1
VEH000060,TSK000175,0
VEH000468,TSK000175,1
VEH000269,TSK000175,0
VEH000459,TSK000175,1
VEH000528,TSK000175,0
VEH000406,TSK000175,1
VEH000229,TSK000175,1
VEH000379,TSK000175,0
VEH000003,TSK000175,0
VEH000028,TSK000175,0
VEH000100,TSK000175,1
VEH000335,TSK000175,1
VEH000048,TSK000175,1
VEH000368,TSK000175,0
VEH000309,TSK000175,1
VEH000499,TSK000175,0
VEH000225,TSK000175,1
VEH000330,TSK000175,0
VEH000279,TSK000175,0
VEH000341,TSK000175,1
VEH000049,TSK000175,1
VEH000344,TSK000175,0
VEH000042,TSK000175,0
VEH000311,TSK000175,1
VEH000287,TSK000175,0
VEH000421,TSK000175,0
VEH000516,TSK000175,1
VEH000510,TSK000175,1
VEH000084,TSK000175,1
VEH000266,TSK000175,0
VEH000051,TSK000175,1
VEH000016,TSK000175,1
VEH000526,TSK000175,0
VEH000247,TSK000175,0
VEH000252,TSK000175,0
VEH000314,TSK000175,1
VEH000242,TSK000175,1
VEH000433,TSK000175,0
VEH000366,TSK000175,0
VEH000318,TSK000175,0
VEH000290,TSK000175,1
VEH000008,TSK000175,0
VEH000530,TSK000175,1
VEH000081,TSK000175,1
VEH000304,TSK000175,1
VEH000358,TSK000175,0
VEH000026,TSK000175,1
VEH000430,TSK000175,0
VEH000067,TSK000175,0
VEH000088,TSK000175,1
VEH000417,TSK000175,0
VEH000015,TSK000175,0
VEH000024,TSK000175,0
VEH000250,TSK000175,0
VEH000267,TSK000175,0
VEH000034,TSK000175,1
VEH000532,TSK000175,1
VEH000482,TSK000175,1
VEH000386,TSK000175,0
VEH000389,TSK000175,1
VEH000007,TSK000175,1
VEH000367,TSK000175,0
VEH000230,TSK000175,0
VEH000327,TSK000175,0
VEH000426,TSK000175,0
VEH000073,TSK000175,1
VEH000488,TSK000175,1
VEH000222,TSK000175,0
VEH000047,TSK000175,0
VEH000263,TSK000175,1
VEH000346,TSK000175,1
VEH000292,TSK000225,0
VEH000097,TSK000225,1
VEH000077,TSK000225,1
VEH000251,TSK000225,1
VEH000429,TSK000225,1
VEH000036,TSK000225,0
VEH000525,TSK000225,1
VEH000320,TSK000225,0
VEH000313,TSK000225,1
VEH000312,TSK000225,0
VEH000299,TSK000225,0
VEH000298,TSK000225,1
VEH000431,TSK000225,1
VEH000246,TSK000225,0
VEH000061,TSK000225,1
VEH000096,TSK000225,0
VEH000059,TSK000225,1
VEH000336,TSK000225,0
VEH000284,TSK000225,1
VEH000397,TSK000225,1
VEH000334,TSK000225,1
VEH000259,TSK000225,0
VEH000527,TSK000225,1
VEH000031,TSK000225,0
VEH000348,TSK000225,0
VEH000271,TSK000225,1
VEH000089,TSK000225,0
VEH000385,TSK000225,1
VEH000414,TSK000225,1
VEH000060,TSK000225,1
VEH000468,TSK000225,1
VEH000269,TSK000225,0
VEH000459,TSK000225,1
VEH000528,TSK000225,1
VEH000406,TSK000225,0
VEH000229,TSK000225,0
VEH000379,TSK000225,0
VEH000003,TSK000225,1
VEH000028,TSK000225,1
VEH000100,TSK000225,1
VEH000335,TSK000225,1
VEH000048,TSK000225,0
VEH000368,TSK000225,0
VEH000309,TSK000225,0
VEH000499,TSK000225,1
VEH000225,TSK000225,0
VEH000330,TSK000225,1
VEH000279,TSK000225,0
VEH000341,TSK000225,0
VEH000049,TSK000225,0
VEH000344,TSK000225,1
VEH000042,TSK000225,1
VEH000311,TSK000225,1
VEH000287,TSK000225,0
VEH000421,TSK000225,0
VEH000516,TSK000225,1
VEH000510,TSK000225,1
VEH000084,TSK000225,0
VEH000266,TSK000225,1
VEH000051,TSK000225,0
VEH000016,TSK000225,1
VEH000526,TSK000225,0
VEH000247,TSK000225,0
VEH000252,TSK000225,0
VEH000314,TSK000225,1
VEH000242,TSK000225,0
VEH000433,TSK000225,0
VEH000366,TSK000225,0
VEH000318,TSK000225,0
VEH000290,TSK000225,1
VEH000008,TSK000225,0
VEH000530,TSK000225,0
VEH000081,TSK000225,0
VEH000304,TSK000225,1
VEH000358,TSK000225,0
VEH000026,TSK000225,0
VEH000430,TSK000225,1
VEH000067,TSK000225,1
VEH000088,TSK000225,1
VEH000417,TSK000225,1
VEH000015,TSK000225,0
VEH000024,TSK000225,1
VEH000250,TSK000225,1
VEH000267,TSK000225,1
VEH000034,TSK000225,0
VEH000532,TSK000225,1
VEH000482,TSK000225,0
VEH000386,TSK000225,0
VEH000389,TSK000225,0
VEH000007,TSK000225,1
VEH000367,TSK000225,1
VEH000230,TSK000225,0
VEH000327,TSK000225,0
VEH000426,TSK000225,0
VEH000073,TSK000225,0
VEH000488,TSK000225,1
VEH000222,TSK000225,0
VEH000047,TSK000225,0
VEH000263,TSK000225,1
VEH000346,TSK000225,1
VEH000292,TSK000240,1
VEH000097,TSK000240,0
VEH000077,TSK000240,0
VEH000251,TSK000240,1
VEH000429,TSK000240,0
VEH000036,TSK000240,1
VEH000525,TSK000240,0
VEH000320,TSK000240,1
VEH000313,TSK000240,1
VEH000312,TSK000240,0
VEH000299,TSK000240,0
VEH000298,TSK000240,0
VEH000431,TSK000240,0
VEH000246,TSK000240,1
VEH000061,TSK000240,0
VEH000096,TSK000240,1
VEH000059,TSK000240,0
VEH000336,TSK000240,1
VEH000284,TSK000240,1
VEH000397,TSK000240,1
VEH000334,TSK000240,1
VEH000259,TSK000240,0
VEH000527,TSK000240,1
VEH000031,TSK000240,1
VEH000348,TSK000240,0
VEH000271,TSK000240,0
VEH000089,TSK000240,1
VEH000385,TSK000240,0
VEH000414,TSK000240,0
VEH000060,TSK000240,0
VEH000468,TSK000240,1
VEH000269,TSK000240,1
VEH000459,TSK000240,0
VEH000528,TSK000240,0
VEH000406,TSK000240,0
VEH000229,TSK000240,1
VEH000379,TSK000240,1
VEH000003,TSK000240,0
VEH000028,TSK000240,0
VEH000100,TSK000240,0
VEH000335,TSK000240,0
VEH000048,TSK000240,1
VEH000368,TSK000240,0
VEH000309,TSK000240,0
VEH000499,TSK000240,0
VEH000225,TSK000240,1
VEH000330,TSK000240,1
VEH000279,TSK000240,0
VEH000341,TSK000240,0
VEH000049,TSK000240,1
VEH000344,TSK000240,1
VEH000042,TSK000240,1
VEH000311,TSK000240,0
VEH000287,TSK000240,0
VEH000421,TSK000240,0
VEH000516,TSK000240,1
VEH000510,TSK000240,1
VEH000084,TSK000240,0
VEH000266,TSK000240,1
VEH000051,TSK000240,1
VEH000016,TSK000240,1
VEH000526,TSK000240,0
VEH000247,TSK000240,0
VEH000252,TSK000240,0
VEH000314,TSK000240,1
VEH000242,TSK000240,0
VEH000433,TSK000240,0
VEH000366,TSK000240,0
VEH000318,TSK000240,1
VEH000290,TSK000240,1
VEH000008,TSK000240,1
VEH000530,TSK000240,1
VEH000081,TSK000240,1
VEH000304,TSK000240,0
VEH000358,TSK000240,0
VEH000026,TSK000240,1
VEH000430,TSK000240,1
VEH000067,TSK000240,1
VEH000088,TSK000240,1
VEH000417,TSK000240,0
VEH000015,TSK000240,1
VEH000024,TSK000240,0
VEH000250,TSK000240,1
VEH000267,TSK000240,0
VEH000034,TSK000240,1
VEH000532,TSK000240,0
VEH000482,TSK000240,1
VEH000386,TSK000240,0
VEH000389,TSK000240,0
VEH000007,TSK000240,1
VEH000367,TSK000240,0
VEH000230,TSK000240,0
VEH000327,TSK000240,0
VEH000426,TSK000240,1
VEH000073,TSK000240,1
VEH000488,TSK000240,1
VEH000222,TSK000240,1
VEH000047,TSK000240,0
VEH000263,TSK000240,1
VEH000346,TSK000240,1
VEH000292,TSK000247,1
VEH000097,TSK000247,0
VEH000077,TSK000247,1
VEH000251,TSK000247,0
VEH000429,TSK000247,1
VEH000036,TSK000247,0
VEH000525,TSK000247,0
VEH000320,TSK000247,1
VEH000313,TSK000247,1
VEH000312,TSK000247,0
VEH000299,TSK000247,1
VEH000298,TSK000247,1
VEH000431,TSK000247,1
VEH000246,TSK000247,1
VEH000061,TSK000247,0
VEH000096,TSK000247,1
VEH000059,TSK000247,0
VEH000336,TSK000247,0
VEH000284,TSK000247,1
VEH000397,TSK000247,1
VEH000334,TSK000247,0
VEH000259,TSK000247,1
VEH000527,TSK000247,0
VEH000031,TSK000247,0
VEH000348,TSK000247,1
VEH000271,TSK000247,1
VEH000089,TSK000247,1
VEH000385,TSK000247,1
VEH000414,TSK000247,1
VEH000060,TSK000247,1
VEH000468,TSK000247,0
VEH000269,TSK000247,1
VEH000459,TSK000247,0
VEH000528,TSK000247,0
VEH000406,TSK000247,0
VEH000229,TSK000247,0
VEH000379,TSK000247,0
VEH000003,TSK000247,0
VEH000028,TSK000247,1
VEH000100,TSK000247,0
VEH000335,TSK000247,0
VEH000048,TSK000247,0
VEH000368,TSK000247,1
VEH000309,TSK000247,1
VEH000499,TSK000247,1
VEH000225,TSK000247,1
VEH000330,TSK000247,0
VEH000279,TSK000247,0
VEH000341,TSK000247,0
VEH000049,TSK000247,1
VEH000344,TSK000247,1
VEH000042,TSK000247,0
VEH000311,TSK000247,0
VEH000287,TSK000247,1
VEH000421,TSK000247,1
VEH000516,TSK000247,0
VEH000510,TSK000247,1
VEH000084,TSK000247,0
VEH000266,TSK000247,0
VEH000051,TSK000247,0
VEH000016,TSK000247,1
VEH000526,TSK000247,0
VEH000247,TSK000247,1
VEH000252,TSK000247,0
VEH000314,TSK000247,1
VEH000242,TSK000247,0
VEH000433,TSK000247,1
VEH000366,TSK000247,0
VEH000318,TSK000247,0
VEH000290,TSK000247,0
VEH000008,TSK000247,0
VEH000530,TSK000247,1
VEH000081,TSK000247,1
VEH000304,TSK000247,0
VEH000358,TSK000247,1
VEH000026,TSK000247,0
VEH000430,TSK000247,1
VEH000067,TSK000247,0
VEH000088,TSK000247,1
VEH000417,TSK000247,1
VEH000015,TSK000247,0
VEH000024,TSK000247,0
VEH000250,TSK000247,1
VEH000267,TSK000247,0
VEH000034,TSK000247,1
VEH000532,TSK000247,1
VEH000482,TSK000247,1
VEH000386,TSK000247,1
VEH000389,TSK000247,0
VEH000007,TSK000247,0
VEH000367,TSK000247,0
VEH000230,TSK000247,0
VEH000327,TSK000247,0
VEH000426,TSK000247,1
VEH000073,TSK000247,1
VEH000488,TSK000247,1
VEH000222,TSK000247,0
VEH000047,TSK000247,0
VEH000263,TSK000247,1
VEH000346,TSK000247,1
VEH000292,TSK000296,1
VEH000097,TSK000296,0
VEH000077,TSK000296,0
VEH000251,TSK000296,1
VEH000429,TSK000296,1
VEH000036,TSK000296,1
VEH000525,TSK000296,0
VEH000320,TSK000296,1
VEH000313,TSK000296,0
VEH000312,TSK000296,1
VEH000299,TSK000296,0
VEH000298,TSK000296,0
VEH000431,TSK000296,0
VEH000246,TSK000296,1
VEH000061,TSK000296,1
VEH000096,TSK000296,0
VEH000059,TSK000296,0
VEH000336,TSK000296,1
VEH000284,TSK000296,0
VEH000397,TSK000296,1
VEH000334,TSK000296,0
VEH000259,TSK000296,1
VEH000527,TSK000296,1
VEH000031,TSK000296,0
VEH000348,TSK000296,1
VEH000271,TSK000296,0
VEH000089,TSK000296,0
VEH000385,TSK000296,1
VEH000414,TSK000296,0
VEH000060,TSK000296,0
VEH000468,TSK000296,0
VEH000269,TSK000296,0
VEH000459,TSK000296,1
VEH000528,TSK000296,1
VEH000406,TSK000296,1
VEH000229,TSK000296,1
VEH000379,TSK000296,0
VEH000003,TSK000296,1
VEH000028,TSK000296,1
VEH000100,TSK000296,1
VEH000335,TSK000296,0
VEH000048,TSK000296,1
VEH000368,TSK000296,1
VEH000309,TSK000296,0
VEH000499,TSK000296,1
VEH000225,TSK000296,1
VEH000330,TSK000296,1
VEH000279,TSK000296,0
VEH000341,TSK000296,1
VEH000049,TSK000296,0
VEH000344,TSK000296,1
VEH000042,TSK000296,0
VEH000311,TSK000296,1
VEH000287,TSK000296,1
VEH000421,TSK000296,1
VEH000516,TSK000296,1
VEH000510,TSK000296,0
VEH000084,TSK000296,0
VEH000266,TSK000296,1
VEH000051,TSK000296,0
VEH000016,TSK000296,0
VEH000526,TSK000296,1
VEH000247,TSK000296,1
VEH000252,TSK000296,1
VEH000314,TSK000296,0
VEH000242,TSK000296,0
VEH000433,TSK000296,1
VEH000366,TSK000296,0
VEH000318,TSK000296,0
VEH000290,TSK000296,0
VEH000008,TSK000296,0
VEH000530,TSK000296,0
VEH000081,TSK000296,1
VEH000304,TSK000296,1
VEH000358,TSK000296,0
VEH000026,TSK000296,0
VEH000430,TSK000296,1
VEH000067,TSK000296,0
VEH000088,TSK000296,0
VEH000417,TSK000296,0
VEH000015,TSK000296,0
VEH000024,TSK000296,1
VEH000250,TSK000296,1
VEH000267,TSK000296,0
VEH000034,TSK000296,1
VEH000532,TSK000296,1
VEH000482,TSK000296,0
VEH000386,TSK000296,0
VEH000389,TSK000296,0
VEH000007,TSK000296,1
VEH000367,TSK000296,0
VEH000230,TSK000296,0
VEH000327,TSK000296,1
VEH000426,TSK000296,0
VEH000073,TSK000296,1
VEH000488,TSK000296,0
VEH000222,TSK000296,1
VEH000047,TSK000296,1
VEH000263,TSK000296,1
VEH000346,TSK000296,0
VEH000292,TSK000349,0
VEH000097,TSK000349,0
VEH000077,TSK000349,1
VEH000251,TSK000349,1
VEH000429,TSK000349,1
VEH000036,TSK000349,0
VEH000525,TSK000349,1
VEH000320,TSK000349,0
VEH000313,TSK000349,0
VEH000312,TSK000349,1
VEH000299,TSK000349,1
VEH000298,TSK000349,0
VEH000431,TSK000349,0
VEH000246,TSK000349,1
VEH000061,TSK000349,0
VEH000096,TSK000349,1
VEH000059,TSK000349,1
VEH000336,TSK000349,0
VEH000284,TSK000349,1
VEH000397,TSK000349,1
VEH000334,TSK000349,0
VEH000259,TSK000349,1
VEH000527,TSK000349,1
VEH000031,TSK000349,1
VEH000348,TSK000349,1
VEH000271,TSK000349,1
VEH000089,TSK000349,1
VEH000385,TSK000349,1
VEH000414,TSK000349,0
VEH000060,TSK000349,0
VEH000468,TSK000349,0
VEH000269,TSK000349,0
VEH000459,TSK000349,0
VEH000528,TSK000349,0
VEH000406,TSK000349,1
VEH000229,TSK000349,0
VEH000379,TSK000349,1
VEH000003,TSK000349,1
VEH000028,TSK000349,0
VEH000100,TSK000349,0
VEH000335,TSK000349,0
VEH000048,TSK000349,0
VEH000368,TSK000349,1
VEH000309,TSK000349,0
VEH000499,TSK000349,1
VEH000225,TSK000349,0
VEH000330,TSK000349,0
VEH000279,TSK000349,0
VEH000341,TSK000349,0
VEH000049,TSK000349,0
VEH000344,TSK000349,1
VEH000042,TSK000349,1
VEH000311,TSK000349,0
VEH000287,TSK000349,0
VEH000421,TSK000349,0
VEH000516,TSK000349,1
VEH000510,TSK000349,1
VEH000084,TSK000349,0
VEH000266,TSK000349,1
VEH000051,TSK000349,0
VEH000016,TSK000349,1
VEH000526,TSK000349,0
VEH000247,TSK000349,1
VEH000252,TSK000349,1
VEH000314,TSK000349,0
VEH000242,TSK000349,1
VEH000433,TSK000349,0
VEH000366,TSK000349,0
VEH000318,TSK000349,0
VEH000290,TSK000349,0
VEH000008,TSK000349,1
VEH000530,TSK000349,0
VEH000081,TSK000349,1
VEH000304,TSK000349,0
VEH000358,TSK000349,1
VEH000026,TSK000349,0
VEH000430,TSK000349,1
VEH000067,TSK000349,1
VEH000088,TSK000349,0
VEH000417,TSK000349,1
VEH000015,TSK000349,1
VEH000024,TSK000349,0
VEH000250,TSK000349,1
VEH000267,TSK000349,1
VEH000034,TSK000349,1
VEH000532,TSK000349,0
VEH000482,TSK000349,0
VEH000386,TSK000349,0
VEH000389,TSK000349,1
VEH000007,TSK000349,1
VEH000367,TSK000349,1
VEH000230,TSK000349,1
VEH000327,TSK000349,0
VEH000426,TSK000349,0
VEH000073,TSK000349,0
VEH000488,TSK000349,1
VEH000222,TSK000349,1
VEH000047,TSK000349,0
VEH000263,TSK000349,1
VEH000346,TSK000349,1
VEH000292,TSK000406,1
VEH000097,TSK000406,1
VEH000077,TSK000406,0
VEH000251,TSK000406,0
VEH000429,TSK000406,1
VEH000036,TSK000406,0
VEH000525,TSK000406,1
VEH000320,TSK000406,0
VEH000313,TSK000406,1
VEH000312,TSK000406,1
VEH000299,TSK000406,0
VEH000298,TSK000406,1
VEH000431,TSK000406,0
VEH000246,TSK000406,1
VEH000061,TSK000406,0
VEH000096,TSK000406,1
VEH000059,TSK000406,1
VEH000336,TSK000406,0
VEH000284,TSK000406,1
VEH000397,TSK000406,0
VEH000334,TSK000406,0
VEH000259,TSK000406,0
VEH000527,TSK000406,1
VEH000031,TSK000406,1
VEH000348,TSK000406,1
VEH000271,TSK000406,1
VEH000089,TSK000406,1
VEH000385,TSK000406,0
VEH000414,TSK000406,0
VEH000060,TSK000406,0
VEH000468,TSK000406,1
VEH000269,TSK000406,0
VEH000459,TSK000406,1
VEH000528,TSK000406,0
VEH000406,TSK000406,1
VEH000229,TSK000406,1
VEH000379,TSK000406,0
VEH000003,TSK000406,1
VEH000028,TSK000406,0
VEH000100,TSK000406,0
VEH000335,TSK000406,1
VEH000048,TSK000406,0
VEH000368,TSK000406,1
VEH000309,TSK000406,0
VEH000499,TSK000406,0
VEH000225,TSK000406,0
VEH000330,TSK000406,1
VEH000279,TSK000406,0
VEH000341,TSK000406,0
VEH000049,TSK000406,1
VEH000344,TSK000406,1
VEH000042,TSK000406,1
VEH000311,TSK000406,1
VEH000287,TSK000406,1
VEH000421,TSK000406,0
VEH000516,TSK000406,1
VEH000510,TSK000406,0
VEH000084,TSK000406,0
VEH000266,TSK000406,1
VEH000051,TSK000406,0
VEH000016,TSK000406,0
VEH000526,TSK000406,1
VEH000247,TSK000406,0
VEH000252,TSK000406,1
VEH000314,TSK000406,0
VEH000242,TSK000406,0
VEH000433,TSK000406,1
VEH000366,TSK000406,0
VEH000318,TSK000406,0
VEH000290,TSK000406,1
VEH000008,TSK000406,0
VEH000530,TSK000406,0
VEH000081,TSK000406,1
VEH000304,TSK000406,0
VEH000358,TSK000406,0
VEH000026,TSK000406,0
VEH000430,TSK000406,1
VEH000067,TSK000406,0
VEH000088,TSK000406,0
VEH000417,TSK000406,1
VEH000015,TSK000406,1
VEH000024,TSK000406,0
VEH000250,TSK000406,0
VEH000267,TSK000406,0
VEH000034,TSK000406,1
VEH000532,TSK000406,0
VEH000482,TSK000406,1
VEH000386,TSK000406,0
VEH000389,TSK000406,0
VEH000007,TSK000406,1
VEH000367,TSK000406,0
VEH000230,TSK000406,1
VEH000327,TSK000406,1
VEH000426,TSK000406,1
VEH000073,TSK000406,0
VEH000488,TSK000406,1
VEH000222,TSK000406,1
VEH000047,TSK000406,1
VEH000263,TSK000406,1
VEH000346,TSK000406,1
VEH000292,TSK000426,0
VEH000097,TSK000426,0
VEH000077,TSK000426,0
VEH000251,TSK000426,0
VEH000429,TSK000426,0
VEH000036,TSK000426,0
VEH000525,TSK000426,1
VEH000320,TSK000426,1
VEH000313,TSK000426,1
VEH000312,TSK000426,1
VEH000299,TSK000426,0
VEH000298,TSK000426,1
VEH000431,TSK000426,0
VEH000246,TSK000426,0
VEH000061,TSK000426,0
VEH000096,TSK000426,1
VEH000059,TSK000426,0
VEH000336,TSK000426,1
VEH000284,TSK000426,0
VEH000397,TSK000426,0
VEH000334,TSK000426,1
VEH000259,TSK000426,1
VEH000527,TSK000426,1
VEH000031,TSK000426,0
VEH000348,TSK000426,0
VEH000271,TSK000426,0
VEH000089,TSK000426,1
VEH000385,TSK000426,0
VEH000414,TSK000426,1
VEH000060,TSK000426,1
VEH000468,TSK000426,1
VEH000269,TSK000426,0
VEH000459,TSK000426,0
VEH000528,TSK000426,0
VEH000406,TSK000426,1
VEH000229,TSK000426,0
VEH000379,TSK000426,1
VEH000003,TSK000426,0
VEH000028,TSK000426,1
VEH000100,TSK000426,1
VEH000335,TSK000426,0
VEH000048,TSK000426,0
VEH000368,TSK000426,1
VEH000309,TSK000426,1
VEH000499,TSK000426,1
VEH000225,TSK000426,0
VEH000330,TSK000426,0
VEH000279,TSK000426,1
VEH000341,TSK000426,0
VEH000049,TSK000426,1
VEH000344,TSK000426,1
VEH000042,TSK000426,1
VEH000311,TSK000426,0
VEH000287,TSK000426,1
VEH000421,TSK000426,1
VEH000516,TSK000426,1
VEH000510,TSK000426,1
VEH000084,TSK000426,0
VEH000266,TSK000426,0
VEH000051,TSK000426,0
VEH000016,TSK000426,0
VEH000526,TSK000426,0
VEH000247,TSK000426,1
VEH000252,TSK000426,1
VEH000314,TSK000426,0
VEH000242,TSK000426,0
VEH000433,TSK000426,1
VEH000366,TSK000426,1
VEH000318,TSK000426,1
VEH000290,TSK000426,0
VEH000008,TSK000426,1
VEH000530,TSK000426,0
VEH000081,TSK000426,1
VEH000304,TSK000426,0
VEH000358,TSK000426,1
VEH000026,TSK000426,0
VEH000430,TSK000426,0
VEH000067,TSK000426,0
VEH000088,TSK000426,1
VEH000417,TSK000426,0
VEH000015,TSK000426,1
VEH000024,TSK000426,0
VEH000250,TSK000426,0
VEH000267,TSK000426,0
VEH000034,TSK000426,0
VEH000532,TSK000426,1
VEH000482,TSK000426,1
VEH000386,TSK000426,1
VEH000389,TSK000426,1
VEH000007,TSK000426,1
VEH000367,TSK000426,1
VEH000230,TSK000426,0
VEH000327,TSK000426,0
VEH000426,TSK000426,1
VEH000073,TSK000426,1
VEH000488,TSK000426,1
VEH000222,TSK000426,1
VEH000047,TSK000426,0
VEH000263,TSK000426,1
VEH000346,TSK000426,0
VEH000292,TSK000437,1
VEH000097,TSK000437,1
VEH000077,TSK000437,1
VEH000251,TSK000437,1
VEH000429,TSK000437,1
VEH000036,TSK000437,0
VEH000525,TSK000437,0
VEH000320,TSK000437,1
VEH000313,TSK000437,0
VEH000312,TSK000437,0
VEH000299,TSK000437,0
VEH000298,TSK000437,1
VEH000431,TSK000437,1
VEH000246,TSK000437,1
VEH000061,TSK000437,1
VEH000096,TSK000437,0
VEH000059,TSK000437,0
VEH000336,TSK000437,0
VEH000284,TSK000437,1
VEH000397,TSK000437,0
VEH000334,TSK000437,0
VEH000259,TSK000437,1
VEH000527,TSK000437,1
VEH000031,TSK000437,1
VEH000348,TSK000437,0
VEH000271,TSK000437,0
VEH000089,TSK000437,1
VEH000385,TSK000437,0
VEH000414,TSK000437,1
VEH000060,TSK000437,1
VEH000468,TSK000437,1
VEH000269,TSK000437,1
VEH000459,TSK000437,0
VEH000528,TSK000437,0
VEH000406,TSK000437,0
VEH000229,TSK000437,0
VEH000379,TSK000437,1
VEH000003,TSK000437,1
VEH000028,TSK000437,1
VEH000100,TSK000437,0
VEH000335,TSK000437,0
VEH000048,TSK000437,0
VEH000368,TSK000437,1
VEH000309,TSK000437,0
VEH000499,TSK000437,1
VEH000225,TSK000437,0
VEH000330,TSK000437,1
VEH000279,TSK000437,1
VEH000341,TSK000437,1
VEH000049,TSK000437,1
VEH000344,TSK000437,1
VEH000042,TSK000437,1
VEH000311,TSK000437,1
VEH000287,TSK000437,1
VEH000421,TSK000437,0
VEH000516,TSK000437,0
VEH000510,TSK000437,1
VEH000084,TSK000437,1
VEH000266,TSK000437,0
VEH000051,TSK000437,1
VEH000016,TSK000437,0
VEH000526,TSK000437,1
VEH000247,TSK000437,1
VEH000252,TSK000437,0
VEH000314,TSK000437,0
VEH000242,TSK000437,0
VEH000433,TSK000437,0
VEH000366,TSK000437,0
VEH000318,TSK000437,1
VEH000290,TSK000437,0
VEH000008,TSK000437,1
VEH000530,TSK000437,0
VEH000081,TSK000437,1
VEH000304,TSK000437,0
VEH000358,TSK000437,0
VEH000026,TSK000437,1
VEH000430,TSK000437,1
VEH000067,TSK000437,0
VEH000088,TSK000437,1
VEH000417,TSK000437,0
VEH000015,TSK000437,0
VEH000024,TSK000437,1
VEH000250,TSK000437,0
VEH000267,TSK000437,0
VEH000034,TSK000437,1
VEH000532,TSK000437,0
VEH000482,TSK000437,1
VEH000386,TSK000437,1
VEH000389,TSK000437,0
VEH000007,TSK000437,0
VEH000367,TSK000437,0
VEH000230,TSK000437,1
VEH000327,TSK000437,1
VEH000426,TSK000437,0
VEH000073,TSK000437,1
VEH000488,TSK000437,0
VEH000222,TSK000437,0
VEH000047,TSK000437,0
VEH000263,TSK000437,0
VEH000346,TSK000437,0
VEH000292,TSK000497,1
VEH000097,TSK000497,0
VEH000077,TSK000497,0
VEH000251,TSK000497,0
VEH000429,TSK000497,1
VEH000036,TSK000497,0
VEH000525,TSK000497,1
VEH000320,TSK000497,1
VEH000313,TSK000497,0
VEH000312,TSK000497,1
VEH000299,TSK000497,1
VEH000298,TSK000497,1
VEH000431,TSK000497,1
VEH000246,TSK000497,0
VEH000061,TSK000497,1
VEH000096,TSK000497,0
VEH000059,TSK000497,0
VEH000336,TSK000497,1
VEH000284,TSK000497,1
VEH000397,TSK000497,1
VEH000334,TSK000497,1
VEH000259,TSK000497,0
VEH000527,TSK000497,0
VEH000031,TSK000497,0
VEH000348,TSK000497,0
VEH000271,TSK000497,0
VEH000089,TSK000497,0
VEH000385,TSK000497,1
VEH000414,TSK000497,1
VEH000060,TSK000497,1
VEH000468,TSK000497,0
VEH000269,TSK000497,1
VEH000459,TSK000497,1
VEH000528,TSK000497,1
VEH000406,TSK000497,0
VEH000229,TSK000497,1
VEH000379,TSK000497,1
VEH000003,TSK000497,1
VEH000028,TSK000497,0
VEH000100,TSK000497,1
VEH000335,TSK000497,0
VEH000048,TSK000497,0
VEH000368,TSK000497,1
VEH000309,TSK000497,0
VEH000499,TSK000497,1
VEH000225,TSK000497,1
VEH000330,TSK000497,0
VEH000279,TSK000497,1
VEH000341,TSK000497,0
VEH000049,TSK000497,0
VEH000344,TSK000497,0
VEH000042,TSK000497,0
VEH000311,TSK000497,0
VEH000287,TSK000497,1
VEH000421,TSK000497,1
VEH000516,TSK000497,0
VEH000510,TSK000497,0
VEH000084,TSK000497,1
VEH000266,TSK000497,1
VEH000051,TSK000497,0
VEH000016,TSK000497,0
VEH000526,TSK000497,0
VEH000247,TSK000497,0
VEH000252,TSK000497,1
VEH000314,TSK000497,1
VEH000242,TSK000497,0
VEH000433,TSK000497,0
VEH000366,TSK000497,0
VEH000318,TSK000497,0
VEH000290,TSK000497,1
VEH000008,TSK000497,1
VEH000530,TSK000497,1
VEH000081,TSK000497,0
VEH000304,TSK000497,0
VEH000358,TSK000497,0
VEH000026,TSK000497,1
VEH000430,TSK000497,0
VEH000067,TSK000497,1
VEH000088,TSK000497,1
VEH000417,TSK000497,1
VEH000015,TSK000497,1
VEH000024,TSK000497,1
VEH000250,TSK000497,1
VEH000267,TSK000497,1
VEH000034,TSK000497,0
VEH000532,TSK000497,1
VEH000482,TSK000497,0
VEH000386,TSK000497,0
VEH000389,TSK000497,1
VEH000007,TSK000497,0
VEH000367,TSK000497,0
VEH000230,TSK000497,0
VEH000327,TSK000497,1
VEH000426,TSK000497,1
VEH000073,TSK000497,0
VEH000488,TSK000497,1
VEH000222,TSK000497,0
VEH000047,TSK000497,0
VEH000263,TSK000497,0
VEH000346,TSK000497,1
VEH000292,TSK000501,1
VEH000097,TSK000501,0
VEH000077,TSK000501,1
VEH000251,TSK000501,0
VEH000429,TSK000501,0
VEH000036,TSK000501,0
VEH000525,TSK000501,1
VEH000320,TSK000501,0
VEH000313,TSK000501,1
VEH000312,TSK000501,1
VEH000299,TSK000501,1
VEH000298,TSK000501,0
VEH000431,TSK000501,1
VEH000246,TSK000501,0
VEH000061,TSK000501,1
VEH000096,TSK000501,0
VEH000059,TSK000501,1
VEH000336,TSK000501,0
VEH000284,TSK000501,0
VEH000397,TSK000501,1
VEH000334,TSK000501,1
VEH000259,TSK000501,0
VEH000527,TSK000501,0
VEH000031,TSK000501,0
VEH000348,TSK000501,1
VEH000271,TSK000501,1
VEH000089,TSK000501,0
VEH000385,TSK000501,0
VEH000414,TSK000501,1
VEH000060,TSK000501,0
VEH000468,TSK000501,1
VEH000269,TSK000501,1
VEH000459,TSK000501,1
VEH000528,TSK000501,1
VEH000406,TSK000501,0
VEH000229,TSK000501,0
VEH000379,TSK000501,1
VEH000003,TSK000501,0
VEH000028,TSK000501,1
VEH000100,TSK000501,0
VEH000335,TSK000501,0
VEH000048,TSK000501,1
VEH000368,TSK000501,1
VEH000309,TSK000501,1
VEH000499,TSK000501,0
VEH000225,TSK000501,0
VEH000330,TSK000501,0
VEH000279,TSK000501,0
VEH000341,TSK000501,1
VEH000049,TSK000501,0
VEH000344,TSK000501,1
VEH000042,TSK000501,1
VEH000311,TSK000501,1
VEH000287,TSK000501,0
VEH000421,TSK000501,1
VEH000516,TSK000501,0
VEH000510,TSK000501,0
VEH000084,TSK000501,1
VEH000266,TSK000501,0
VEH000051,TSK000501,1
VEH000016,TSK000501,0
VEH000526,TSK000501,1
VEH000247,TSK000501,0
VEH000252,TSK000501,1
VEH000314,TSK000501,0
VEH000242,TSK000501,1
VEH000433,TSK000501,0
VEH000366,TSK000501,0
VEH000318,TSK000501,1
VEH000290,TSK000501,1
VEH000008,TSK000501,0
VEH000530,TSK000501,0
VEH000081,TSK000501,0
VEH000304,TSK000501,0
VEH000358,TSK000501,0
VEH000026,TSK000501,0
VEH000430,TSK000501,1
VEH000067,TSK000501,1
VEH000088,TSK000501,0
VEH000417,TSK000501,1
VEH000015,TSK000501,1
VEH000024,TSK000501,1
VEH000250,TSK000501,0
VEH000267,TSK000501,1
VEH000034,TSK000501,0
VEH000532,TSK000501,0
VEH000482,TSK000501,1
VEH000386,TSK000501,1
VEH000389,TSK000501,0
VEH000007,TSK000501,1
VEH000367,TSK000501,0
VEH000230,TSK000501,1
VEH000327,TSK000501,0
VEH000426,TSK000501,1
VEH000073,TSK000501,1
VEH000488,TSK000501,1
VEH000222,TSK000501,0
VEH000047,TSK000501,0
VEH000263,TSK000501,1
VEH000346,TSK000501,1
VEH000292,TSK000516,1
VEH000097,TSK000516,0
VEH000077,TSK000516,0
VEH000251,TSK000516,1
VEH000429,TSK000516,1
VEH000036,TSK000516,0
VEH000525,TSK000516,1
VEH000320,TSK000516,1
VEH000313,TSK000516,0
VEH000312,TSK000516,1
VEH000299,TSK000516,0
VEH000298,TSK000516,1
VEH000431,TSK000516,1
VEH000246,TSK000516,0
VEH000061,TSK000516,1
VEH000096,TSK000516,0
VEH000059,TSK000516,0
VEH000336,TSK000516,0
VEH000284,TSK000516,0
VEH000397,TSK000516,1
VEH000334,TSK000516,0
VEH000259,TSK000516,0
VEH000527,TSK000516,0
VEH000031,TSK000516,0
VEH000348,TSK000516,0
VEH000271,TSK000516,0
VEH000089,TSK000516,1
VEH000385,TSK000516,1
VEH000414,TSK000516,1
VEH000060,TSK000516,0
VEH000468,TSK000516,0
VEH000269,TSK000516,1
VEH000459,TSK000516,0
VEH000528,TSK000516,0
VEH000406,TSK000516,1
VEH000229,TSK000516,0
VEH000379,TSK000516,0
VEH000003,TSK000516,1
VEH000028,TSK000516,1
VEH000100,TSK000516,1
VEH000335,TSK000516,0
VEH000048,TSK000516,1
VEH000368,TSK000516,1
VEH000309,TSK000516,1
VEH000499,TSK000516,1
VEH000225,TSK000516,0
VEH000330,TSK000516,0
VEH000279,TSK000516,1
VEH000341,TSK000516,1
VEH000049,TSK000516,1
VEH000344,TSK000516,0
VEH000042,TSK000516,1
VEH000311,TSK000516,1
VEH000287,TSK000516,0
VEH000421,TSK000516,0
VEH000516,TSK000516,0
VEH000510,TSK000516,0
VEH000084,TSK000516,1
VEH000266,TSK000516,0
VEH000051,TSK000516,1
VEH000016,TSK000516,1
VEH000526,TSK000516,0
VEH000247,TSK000516,0
VEH000252,TSK000516,1
VEH000314,TSK000516,1
VEH000242,TSK000516,1
VEH000433,TSK000516,0
VEH000366,TSK000516,0
VEH000318,TSK000516,1
VEH000290,TSK000516,1
VEH000008,TSK000516,1
VEH000530,TSK000516,0
VEH000081,TSK000516,1
VEH000304,TSK000516,0
VEH000358,TSK000516,0
VEH000026,TSK000516,1
VEH000430,TSK000516,1
VEH000067,TSK000516,1
VEH000088,TSK000516,0
VEH000417,TSK000516,0
VEH000015,TSK000516,1
VEH000024,TSK000516,0
VEH000250,TSK000516,1
VEH000267,TSK000516,0
VEH000034,TSK000516,0
VEH000532,TSK000516,0
VEH000482,TSK000516,1
VEH000386,TSK000516,1
VEH000389,TSK000516,0
VEH000007,TSK000516,1
VEH000367,TSK000516,1
VEH000230,TSK000516,1
VEH000327,TSK000516,0
VEH000426,TSK000516,1
VEH000073,TSK000516,0
VEH000488,TSK000516,0
VEH000222,TSK000516,1
VEH000047,TSK000516,0
VEH000263,TSK000516,1
VEH000346,TSK000516,0
VEH000292,TSK000569,0
VEH000097,TSK000569,1
VEH000077,TSK000569,1
VEH000251,TSK000569,0
VEH000429,TSK000569,0
VEH000036,TSK000569,1
VEH000525,TSK000569,1
VEH000320,TSK000569,0
VEH000313,TSK000569,0
VEH000312,TSK000569,1
VEH000299,TSK000569,0
VEH000298,TSK000569,0
VEH000431,TSK000569,0
VEH000246,TSK000569,1
VEH000061,TSK000569,1
VEH000096,TSK000569,1
VEH000059,TSK000569,1
VEH000336,TSK000569,0
VEH000284,TSK000569,1
VEH000397,TSK000569,1
VEH000334,TSK000569,1
VEH000259,TSK000569,1
VEH000527,TSK000569,0
VEH000031,TSK000569,1
VEH000348,TSK000569,0
VEH000271,TSK000569,0
VEH000089,TSK000569,0
VEH000385,TSK000569,0
VEH000414,TSK000569,0
VEH000060,TSK000569,1
VEH000468,TSK000569,0
VEH000269,TSK000569,0
VEH000459,TSK000569,1
VEH000528,TSK000569,0
VEH000406,TSK000569,0
VEH000229,TSK000569,1
VEH000379,TSK000569,1
VEH000003,TSK000569,1
VEH000028,TSK000569,1
VEH000100,TSK000569,1
VEH000335,TSK000569,1
VEH000048,TSK000569,0
VEH000368,TSK000569,1
VEH000309,TSK000569,0
VEH000499,TSK000569,1
VEH000225,TSK000569,0
VEH000330,TSK000569,0
VEH000279,TSK000569,0
VEH000341,TSK000569,1
VEH000049,TSK000569,0
VEH000344,TSK000569,1
VEH000042,TSK000569,0
VEH000311,TSK000569,0
VEH000287,TSK000569,1
VEH000421,TSK000569,0
VEH000516,TSK000569,1
VEH000510,TSK000569,1
VEH000084,TSK000569,0
VEH000266,TSK000569,0
VEH000051,TSK000569,0
VEH000016,TSK000569,1
VEH000526,TSK000569,1
VEH000247,TSK000569,1
VEH000252,TSK000569,0
VEH000314,TSK000569,0
VEH000242,TSK000569,1
VEH000433,TSK000569,0
VEH000366,TSK000569,0
VEH000318,TSK000569,1
VEH000290,TSK000569,1
VEH000008,TSK000569,1
VEH000530,TSK000569,1
VEH000081,TSK000569,1
VEH000304,TSK000569,0
VEH000358,TSK000569,1
VEH000026,TSK000569,0
VEH000430,TSK000569,1
VEH000067,TSK000569,0
VEH000088,TSK000569,0
VEH000417,TSK000569,0
VEH000015,TSK000569,0
VEH000024,TSK000569,1
VEH000250,TSK000569,0
VEH000267,TSK000569,1
VEH000034,TSK000569,1
VEH000532,TSK000569,0
VEH000482,TSK000569,0
VEH000386,TSK000569,1
VEH000389,TSK000569,0
VEH000007,TSK000569,0
VEH000367,TSK000569,1
VEH000230,TSK000569,0
VEH000327,TSK000569,0
VEH000426,TSK000569,1
VEH000073,TSK000569,1
VEH000488,TSK000569,0
VEH000222,TSK000569,0
VEH000047,TSK000569,1
VEH000263,TSK000569,1
VEH000346,TSK000569,1
VEH000292,TSK000572,1
VEH000097,TSK000572,0
VEH000077,TSK000572,1
VEH000251,TSK000572,1
VEH000429,TSK000572,1
VEH000036,TSK000572,1
VEH000525,TSK000572,1
VEH000320,TSK000572,1
VEH000313,TSK000572,1
VEH000312,TSK000572,0
VEH000299,TSK000572,1
VEH000298,TSK000572,1
VEH000431,TSK000572,1
VEH000246,TSK000572,1
VEH000061,TSK000572,0
VEH000096,TSK000572,1
VEH000059,TSK000572,0
VEH000336,TSK000572,0
VEH000284,TSK000572,1
VEH000397,TSK000572,0
VEH000334,TSK000572,0
VEH000259,TSK000572,0
VEH000527,TSK000572,1
VEH000031,TSK000572,0
VEH000348,TSK000572,1
VEH000271,TSK000572,0
VEH000089,TSK000572,0
VEH000385,TSK000572,0
VEH000414,TSK000572,1
VEH000060,TSK000572,0
VEH000468,TSK000572,0
VEH000269,TSK000572,1
VEH000459,TSK000572,1
VEH000528,TSK000572,1
VEH000406,TSK000572,0
VEH000229,TSK000572,1
VEH000379,TSK000572,0
VEH000003,TSK000572,0
VEH000028,TSK000572,1
VEH000100,TSK000572,1
VEH000335,TSK000572,0
VEH000048,TSK000572,1
VEH000368,TSK000572,0
VEH000309,TSK000572,0
VEH000499,TSK000572,1
VEH000225,TSK000572,0
VEH000330,TSK000572,0
VEH000279,TSK000572,0
VEH000341,TSK000572,1
VEH000049,TSK000572,0
VEH000344,TSK000572,0
VEH000042,TSK000572,0
VEH000311,TSK000572,1
VEH000287,TSK000572,0
VEH000421,TSK000572,1
VEH000516,TSK000572,0
VEH000510,TSK000572,1
VEH000084,TSK000572,0
VEH000266,TSK000572,1
VEH000051,TSK000572,0
VEH000016,TSK000572,1
VEH000526,TSK000572,0
VEH000247,TSK000572,1
VEH000252,TSK000572,1
VEH000314,TSK000572,1
VEH000242,TSK000572,0
VEH000433,TSK000572,1
VEH000366,TSK000572,0
VEH000318,TSK000572,1
VEH000290,TSK000572,0
VEH000008,TSK000572,0
VEH000530,TSK000572,1
VEH000081,TSK000572,1
VEH000304,TSK000572,0
VEH000358,TSK000572,1
VEH000026,TSK000572,0
VEH000430,TSK000572,0
VEH000067,TSK000572,0
VEH000088,TSK000572,0
VEH000417,TSK000572,1
VEH000015,TSK000572,0
VEH000024,TSK000572,1
VEH000250,TSK000572,0
VEH000267,TSK000572,1
VEH000034,TSK000572,0
VEH000532,TSK000572,0
VEH000482,TSK000572,0
VEH000386,TSK000572,0
VEH000389,TSK000572,1
VEH000007,TSK000572,1
VEH000367,TSK000572,1
VEH000230,TSK000572,0
VEH000327,TSK000572,0
VEH000426,TSK000572,1
VEH000073,TSK000572,1
VEH000488,TSK000572,1
VEH000222,TSK000572,1
VEH000047,TSK000572,0
VEH000263,TSK000572,0
VEH000346,TSK000572,1
VEH000292,TSK000574,0
VEH000097,TSK000574,0
VEH000077,TSK000574,0
VEH000251,TSK000574,0
VEH000429,TSK000574,0
VEH000036,TSK000574,0
VEH000525,TSK000574,0
VEH000320,TSK000574,0
VEH000313,TSK000574,1
VEH000312,TSK000574,0
VEH000299,TSK000574,0
VEH000298,TSK000574,0
VEH000431,TSK000574,0
VEH000246,TSK000574,0
VEH000061,TSK000574,1
VEH000096,TSK000574,0
VEH000059,TSK000574,0
VEH000336,TSK000574,1
VEH000284,TSK000574,0
VEH000397,TSK000574,0
VEH000334,TSK000574,1
VEH000259,TSK000574,1
VEH000527,TSK000574,0
VEH000031,TSK000574,1
VEH000348,TSK000574,0
VEH000271,TSK000574,0
VEH000089,TSK000574,1
VEH000385,TSK000574,1
VEH000414,TSK000574,0
VEH000060,TSK000574,1
VEH000468,TSK000574,1
VEH000269,TSK000574,0
VEH000459,TSK000574,1
VEH000528,TSK000574,0
VEH000406,TSK000574,1
VEH000229,TSK000574,1
VEH000379,TSK000574,0
VEH000003,TSK000574,0
VEH000028,TSK000574,1
VEH000100,TSK000574,1
VEH000335,TSK000574,0
VEH000048,TSK000574,0
VEH000368,TSK000574,0
VEH000309,TSK000574,1
VEH000499,TSK000574,1
VEH000225,TSK000574,0
VEH000330,TSK000574,0
VEH000279,TSK000574,1
VEH000341,TSK000574,0
VEH000049,TSK000574,1
VEH000344,TSK000574,0
VEH000042,TSK000574,1
VEH000311,TSK000574,1
VEH000287,TSK000574,1
VEH000421,TSK000574,1
VEH000516,TSK000574,0
VEH000510,TSK000574,1
VEH000084,TSK000574,1
VEH000266,TSK000574,0
VEH000051,TSK000574,1
VEH000016,TSK000574,1
VEH000526,TSK000574,1
VEH000247,TSK000574,1
VEH000252,TSK000574,0
VEH000314,TSK000574,0
VEH000242,TSK000574,0
VEH000433,TSK000574,1
VEH000366,TSK000574,1
VEH000318,TSK000574,0
VEH000290,TSK000574,0
VEH000008,TSK000574,0
VEH000530,TSK000574,1
VEH000081,TSK000574,1
VEH000304,TSK000574,1
VEH000358,TSK000574,1
VEH000026,TSK000574,1
VEH000430,TSK000574,1
VEH000067,TSK000574,0
VEH000088,TSK000574,1
VEH000417,TSK000574,0
VEH000015,TSK000574,1
VEH000024,TSK000574,1
VEH000250,TSK000574,0
VEH000267,TSK000574,0
VEH000034,TSK000574,1
VEH000532,TSK000574,0
VEH000482,TSK000574,0
VEH000386,TSK000574,1
VEH000389,TSK000574,1
VEH000007,TSK000574,1
VEH000367,TSK000574,1
VEH000230,TSK000574,0
VEH000327,TSK000574,1
VEH000426,TSK000574,0
VEH000073,TSK000574,1
VEH000488,TSK000574,0
VEH000222,TSK000574,0
VEH000047,TSK000574,1
VEH000263,TSK000574,1
VEH000346,TSK000574,1
VEH000292,TSK000591,1
VEH000097,TSK000591,1
VEH000077,TSK000591,0
VEH000251,TSK000591,0
VEH000429,TSK000591,1
VEH000036,TSK000591,1
VEH000525,TSK000591,0
VEH000320,TSK000591,0
VEH000313,TSK000591,1
VEH000312,TSK000591,0
VEH000299,TSK000591,1
VEH000298,TSK000591,1
VEH000431,TSK000591,1
VEH000246,TSK000591,1
VEH000061,TSK000591,1
VEH000096,TSK000591,0
VEH000059,TSK000591,0
VEH000336,TSK000591,1
VEH000284,TSK000591,1
VEH000397,TSK000591,1
VEH000334,TSK000591,0
VEH000259,TSK000591,0
VEH000527,TSK000591,0
VEH000031,TSK000591,1
VEH000348,TSK000591,1
VEH000271,TSK000591,1
VEH000089,TSK000591,1
VEH000385,TSK000591,0
VEH000414,TSK000591,0
VEH000060,TSK000591,0
VEH000468,TSK000591,1
VEH000269,TSK000591,0
VEH000459,TSK000591,1
VEH000528,TSK000591,0
VEH000406,TSK000591,1
VEH000229,TSK000591,1
VEH000379,TSK000591,0
VEH000003,TSK000591,1
VEH000028,TSK000591,1
VEH000100,TSK000591,1
VEH000335,TSK000591,0
VEH000048,TSK000591,0
VEH000368,TSK000591,1
VEH000309,TSK000591,0
VEH000499,TSK000591,0
VEH000225,TSK000591,1
VEH000330,TSK000591,0
VEH000279,TSK000591,1
VEH000341,TSK000591,0
VEH000049,TSK000591,1
VEH000344,TSK000591,0
VEH000042,TSK000591,1
VEH000311,TSK000591,0
VEH000287,TSK000591,1
VEH000421,TSK000591,0
VEH000516,TSK000591,1
VEH000510,TSK000591,0
VEH000084,TSK000591,1
VEH000266,TSK000591,0
VEH000051,TSK000591,1
VEH000016,TSK000591,1
VEH000526,TSK000591,0
VEH000247,TSK000591,0
VEH000252,TSK000591,0
VEH000314,TSK000591,0
VEH000242,TSK000591,0
VEH000433,TSK000591,0
VEH000366,TSK000591,1
VEH000318,TSK000591,1
VEH000290,TSK000591,0
VEH000008,TSK000591,0
VEH000530,TSK000591,0
VEH000081,TSK000591,0
VEH000304,TSK000591,0
VEH000358,TSK000591,0
VEH000026,TSK000591,1
VEH000430,TSK000591,0
VEH000067,TSK000591,1
VEH000088,TSK000591,1
VEH000417,TSK000591,1
VEH000015,TSK000591,1
VEH000024,TSK000591,1
VEH000250,TSK000591,0
VEH000267,TSK000591,0
VEH000034,TSK000591,1
VEH000532,TSK000591,1
VEH000482,TSK000591,0
VEH000386,TSK000591,0
VEH000389,TSK000591,1
VEH000007,TSK000591,1
VEH000367,TSK000591,1
VEH000230,TSK000591,0
VEH000327,TSK000591,0
VEH000426,TSK000591,0
VEH000073,TSK000591,0
VEH000488,TSK000591,1
VEH000222,TSK000591,0
VEH000047,TSK000591,1
VEH000263,TSK000591,1
VEH000346,TSK000591,0
VEH000292,TSK000618,1
VEH000097,TSK000618,1
VEH000077,TSK000618,1
VEH000251,TSK000618,1
VEH000429,TSK000618,0
VEH000036,TSK000618,0
VEH000525,TSK000618,1
VEH000320,TSK000618,0
VEH000313,TSK000618,0
VEH000312,TSK000618,0
VEH000299,TSK000618,1
VEH000298,TSK000618,1
VEH000431,TSK000618,0
VEH000246,TSK000618,0
VEH000061,TSK000618,0
VEH000096,TSK000618,0
VEH000059,TSK000618,1
VEH000336,TSK000618,1
VEH000284,TSK000618,1
VEH000397,TSK000618,1
VEH000334,TSK000618,1
VEH000259,TSK000618,0
VEH000527,TSK000618,1
VEH000031,TSK000618,1
VEH000348,TSK000618,0
VEH000271,TSK000618,0
VEH000089,TSK000618,1
VEH000385,TSK000618,1
VEH000414,TSK000618,1
VEH000060,TSK000618,1
VEH000468,TSK000618,1
VEH000269,TSK000618,0
VEH000459,TSK000618,0
VEH000528,TSK000618,1
VEH000406,TSK000618,0
VEH000229,TSK000618,0
VEH000379,TSK000618,1
VEH000003,TSK000618,0
VEH000028,TSK000618,1
VEH000100,TSK000618,1
VEH000335,TSK000618,0
VEH000048,TSK000618,0
VEH000368,TSK000618,0
VEH000309,TSK000618,1
VEH000499,TSK000618,0
VEH000225,TSK000618,0
VEH000330,TSK000618,1
VEH000279,TSK000618,0
VEH000341,TSK000618,0
VEH000049,TSK000618,1
VEH000344,TSK000618,1
VEH000042,TSK000618,1
VEH000311,TSK000618,0
VEH000287,TSK000618,0
VEH000421,TSK000618,0
VEH000516,TSK000618,1
VEH000510,TSK000618,1
VEH000084,TSK000618,0
VEH000266,TSK000618,0
VEH000051,TSK000618,0
VEH000016,TSK000618,0
VEH000526,TSK000618,0
VEH000247,TSK000618,1
VEH000252,TSK000618,1
VEH000314,TSK000618,0
VEH000242,TSK000618,1
VEH000433,TSK000618,0
VEH000366,TSK000618,0
VEH000318,TSK000618,0
VEH000290,TSK000618,0
VEH000008,TSK000618,1
VEH000530,TSK000618,0
VEH000081,TSK000618,0
VEH000304,TSK000618,1
VEH000358,TSK000618,1
VEH000026,TSK000618,1
VEH000430,TSK000618,1
VEH000067,TSK000618,0
VEH000088,TSK000618,1
VEH000417,TSK000618,1
VEH000015,TSK000618,0
VEH000024,TSK000618,0
VEH000250,TSK000618,1
VEH000267,TSK000618,1
VEH000034,TSK000618,1
VEH000532,TSK000618,1
VEH000482,TSK000618,1
VEH000386,TSK000618,1
VEH000389,TSK000618,0
VEH000007,TSK000618,1
VEH000367,TSK000618,0
VEH000230,TSK000618,0
VEH000327,TSK000618,0
VEH000426,TSK000618,1
VEH000073,TSK000618,1
VEH000488,TSK000618,0
VEH000222,TSK000618,0
VEH000047,TSK000618,0
VEH000263,TSK000618,0
VEH000346,TSK000618,1
VEH000292,TSK000628,0
VEH000097,TSK000628,1
VEH000077,TSK000628,1
VEH000251,TSK000628,0
VEH000429,TSK000628,0
VEH000036,TSK000628,0
VEH000525,TSK000628,1
VEH000320,TSK000628,0
VEH000313,TSK000628,1
VEH000312,TSK000628,1
VEH000299,TSK000628,0
VEH000298,TSK000628,1
VEH000431,TSK000628,1
VEH000246,TSK000628,0
VEH000061,TSK000628,1
VEH000096,TSK000628,1
VEH000059,TSK000628,0
VEH000336,TSK000628,1
VEH000284,TSK000628,0
VEH000397,TSK000628,1
VEH000334,TSK000628,1
VEH000259,TSK000628,0
VEH000527,TSK000628,0
VEH000031,TSK000628,1
VEH000348,TSK000628,0
VEH000271,TSK000628,0
VEH000089,TSK000628,0
VEH000385,TSK000628,1
VEH000414,TSK000628,0
VEH000060,TSK000628,0
VEH000468,TSK000628,1
VEH000269,TSK000628,0
VEH000459,TSK000628,0
VEH000528,TSK000628,1
VEH000406,TSK000628,0
VEH000229,TSK000628,1
VEH000379,TSK000628,1
VEH000003,TSK000628,0
VEH000028,TSK000628,1
VEH000100,TSK000628,0
VEH000335,TSK000628,1
VEH000048,TSK000628,1
VEH000368,TSK000628,1
VEH000309,TSK000628,1
VEH000499,TSK000628,1
VEH000225,TSK000628,1
VEH000330,TSK000628,0
VEH000279,TSK000628,0
VEH000341,TSK000628,0
VEH000049,TSK000628,0
VEH000344,TSK000628,0
VEH000042,TSK000628,1
VEH000311,TSK000628,1
VEH000287,TSK000628,1
VEH000421,TSK000628,0
VEH000516,TSK000628,0
VEH000510,TSK000628,0
VEH000084,TSK000628,1
VEH000266,TSK000628,0
VEH000051,TSK000628,0
VEH000016,TSK000628,1
VEH000526,TSK000628,1
VEH000247,TSK000628,1
VEH000252,TSK000628,1
VEH000314,TSK000628,1
VEH000242,TSK000628,1
VEH000433,TSK000628,0
VEH000366,TSK000628,1
VEH000318,TSK000628,1
VEH000290,TSK000628,1
VEH000008,TSK000628,1
VEH000530,TSK000628,1
VEH000081,TSK000628,0
VEH000304,TSK000628,0
VEH000358,TSK000628,0
VEH000026,TSK000628,1
VEH000430,TSK000628,0
VEH000067,TSK000628,1
VEH000088,TSK000628,0
VEH000417,TSK000628,1
VEH000015,TSK000628,1
VEH000024,TSK000628,1
VEH000250,TSK000628,1
VEH000267,TSK000628,0
VEH000034,TSK000628,1
VEH000532,TSK000628,0
VEH000482,TSK000628,0
VEH000386,TSK000628,0
VEH000389,TSK000628,0
VEH000007,TSK000628,0
VEH000367,TSK000628,1
VEH000230,TSK000628,0
VEH000327,TSK000628,0
VEH000426,TSK000628,0
VEH000073,TSK000628,0
VEH000488,TSK000628,0
VEH000222,TSK000628,1
VEH000047,TSK000628,0
VEH000263,TSK000628,0
VEH000346,TSK000628,1
VEH000292,TSK000657,1
VEH000097,TSK000657,1
VEH000077,TSK000657,0
VEH000251,TSK000657,1
VEH000429,TSK000657,0
VEH000036,TSK000657,1
VEH000525,TSK000657,0
VEH000320,TSK000657,0
VEH000313,TSK000657,1
VEH000312,TSK000657,1
VEH000299,TSK000657,0
VEH000298,TSK000657,0
VEH000431,TSK000657,1
VEH000246,TSK000657,0
VEH000061,TSK000657,0
VEH000096,TSK000657,0
VEH000059,TSK000657,1
VEH000336,TSK000657,0
VEH000284,TSK000657,1
VEH000397,TSK000657,0
VEH000334,TSK000657,0
VEH000259,TSK000657,0
VEH000527,TSK000657,1
VEH000031,TSK000657,1
VEH000348,TSK000657,1
VEH000271,TSK000657,0
VEH000089,TSK000657,1
VEH000385,TSK000657,0
VEH000414,TSK000657,1
VEH000060,TSK000657,1
VEH000468,TSK000657,1
VEH000269,TSK000657,1
VEH000459,TSK000657,0
VEH000528,TSK000657,0
VEH000406,TSK000657,0
VEH000229,TSK000657,1
VEH000379,TSK000657,1
VEH000003,TSK000657,0
VEH000028,TSK000657,1
VEH000100,TSK000657,0
VEH000335,TSK000657,1
VEH000048,TSK000657,0
VEH000368,TSK000657,1
VEH000309,TSK000657,0
VEH000499,TSK000657,1
VEH000225,TSK000657,0
VEH000330,TSK000657,0
VEH000279,TSK000657,0
VEH000341,TSK000657,0
VEH000049,TSK000657,1
VEH000344,TSK000657,0
VEH000042,TSK000657,1
VEH000311,TSK000657,1
VEH000287,TSK000657,0
VEH000421,TSK000657,1
VEH000516,TSK000657,0
VEH000510,TSK000657,1
VEH000084,TSK000657,1
VEH000266,TSK000657,0
VEH000051,TSK000657,1
VEH000016,TSK000657,0
VEH000526,TSK000657,0
VEH000247,TSK000657,0
VEH000252,TSK000657,1
VEH000314,TSK000657,1
VEH000242,TSK000657,0
VEH000433,TSK000657,0
VEH000366,TSK000657,0
VEH000318,TSK000657,0
VEH000290,TSK000657,1
VEH000008,TSK000657,0
VEH000530,TSK000657,1
VEH000081,TSK000657,1
VEH000304,TSK000657,1
VEH000358,TSK000657,0
VEH000026,TSK000657,0
VEH000430,TSK000657,1
VEH000067,TSK000657,0
VEH000088,TSK000657,1
VEH000417,TSK000657,0
VEH000015,TSK000657,0
VEH000024,TSK000657,1
VEH000250,TSK000657,1
VEH000267,TSK000657,1
VEH000034,TSK000657,1
VEH000532,TSK000657,0
VEH000482,TSK000657,1
VEH000386,TSK000657,1
VEH000389,TSK000657,0
VEH000007,TSK000657,0
VEH000367,TSK000657,1
VEH000230,TSK000657,1
VEH000327,TSK000657,0
VEH000426,TSK000657,1
VEH000073,TSK000657,0
VEH000488,TSK000657,0
VEH000222,TSK000657,1
VEH000047,TSK000657,1
VEH000263,TSK000657,0
VEH000346,TSK000657,1
VEH000292,TSK000663,1
VEH000097,TSK000663,0
VEH000077,TSK000663,0
VEH000251,TSK000663,0
VEH000429,TSK000663,0
VEH000036,TSK000663,1
VEH000525,TSK000663,1
VEH000320,TSK000663,0
VEH000313,TSK000663,1
VEH000312,TSK000663,0
VEH000299,TSK000663,0
VEH000298,TSK000663,1
VEH000431,TSK000663,1
VEH000246,TSK000663,1
VEH000061,TSK000663,0
VEH000096,TSK000663,0
VEH000059,TSK000663,1
VEH000336,TSK000663,0
VEH000284,TSK000663,1
VEH000397,TSK000663,0
VEH000334,TSK000663,1
VEH000259,TSK000663,1
VEH000527,TSK000663,1
VEH000031,TSK000663,0
VEH000348,TSK000663,0
VEH000271,TSK000663,1
VEH000089,TSK000663,1
VEH000385,TSK000663,1
VEH000414,TSK000663,1
VEH000060,TSK000663,1
VEH000468,TSK000663,1
VEH000269,TSK000663,0
VEH000459,TSK000663,1
VEH000528,TSK000663,1
VEH000406,TSK000663,0
VEH000229,TSK000663,1
VEH000379,TSK000663,1
VEH000003,TSK000663,0
VEH000028,TSK000663,0
VEH000100,TSK000663,1
VEH000335,TSK000663,1
VEH000048,TSK000663,1
VEH000368,TSK000663,1
VEH000309,TSK000663,1
VEH000499,TSK000663,0
VEH000225,TSK000663,1
VEH000330,TSK000663,0
VEH000279,TSK000663,0
VEH000341,TSK000663,0
VEH000049,TSK000663,1
VEH000344,TSK000663,1
VEH000042,TSK000663,1
VEH000311,TSK000663,0
VEH000287,TSK000663,0
VEH000421,TSK000663,0
VEH000516,TSK000663,1
VEH000510,TSK000663,0
VEH000084,TSK000663,1
VEH000266,TSK000663,0
VEH000051,TSK000663,1
VEH000016,TSK000663,0
VEH000526,TSK000663,0
VEH000247,TSK000663,1
VEH000252,TSK000663,0
VEH000314,TSK000663,1
VEH000242,TSK000663,0
VEH000433,TSK000663,1
VEH000366,TSK000663,0
VEH000318,TSK000663,1
VEH000290,TSK000663,1
VEH000008,TSK000663,0
VEH000530,TSK000663,1
VEH000081,TSK000663,1
VEH000304,TSK000663,0
VEH000358,TSK000663,0
VEH000026,TSK000663,1
VEH000430,TSK000663,0
VEH000067,TSK000663,0
VEH000088,TSK000663,0
VEH000417,TSK000663,0
VEH000015,TSK000663,1
VEH000024,TSK000663,1
VEH000250,TSK000663,1
VEH000267,TSK000663,0
VEH000034,TSK000663,1
VEH000532,TSK000663,0
VEH000482,TSK000663,0
VEH000386,TSK000663,0
VEH000389,TSK000663,1
VEH000007,TSK000663,0
VEH000367,TSK000663,0
VEH000230,TSK000663,0
VEH000327,TSK000663,0
VEH000426,TSK000663,0
VEH000073,TSK000663,1
VEH000488,TSK000663,1
VEH000222,TSK000663,0
VEH000047,TSK000663,0
VEH000263,TSK000663,1
VEH000346,TSK000663,0
VEH000292,TSK000788,0
VEH000097,TSK000788,0
VEH000077,TSK000788,0
VEH000251,TSK000788,0
VEH000429,TSK000788,1
VEH000036,TSK000788,1
VEH000525,TSK000788,0
VEH000320,TSK000788,1
VEH000313,TSK000788,1
VEH000312,TSK000788,1
VEH000299,TSK000788,0
VEH000298,TSK000788,0
VEH000431,TSK000788,1
VEH000246,TSK000788,1
VEH000061,TSK000788,1
VEH000096,TSK000788,0
VEH000059,TSK000788,0
VEH000336,TSK000788,0
VEH000284,TSK000788,0
VEH000397,TSK000788,0
VEH000334,TSK000788,1
VEH000259,TSK000788,1
VEH000527,TSK000788,0
VEH000031,TSK000788,1
VEH000348,TSK000788,1
VEH000271,TSK000788,0
VEH000089,TSK000788,1
VEH000385,TSK000788,0
VEH000414,TSK000788,1
VEH000060,TSK000788,1
VEH000468,TSK000788,1
VEH000269,TSK000788,0
VEH000459,TSK000788,1
VEH000528,TSK000788,0
VEH000406,TSK000788,1
VEH000229,TSK000788,1
VEH000379,TSK000788,0
VEH000003,TSK000788,0
VEH000028,TSK000788,1
VEH000100,TSK000788,0
VEH000335,TSK000788,0
VEH000048,TSK000788,1
VEH000368,TSK000788,0
VEH000309,TSK000788,0
VEH000499,TSK000788,0
VEH000225,TSK000788,0
VEH000330,TSK000788,1
VEH000279,TSK000788,0
VEH000341,TSK000788,1
VEH000049,TSK000788,0
VEH000344,TSK000788,0
VEH000042,TSK000788,1
VEH000311,TSK000788,1
VEH000287,TSK000788,0
VEH000421,TSK000788,1
VEH000516,TSK000788,0
VEH000510,TSK000788,1
VEH000084,TSK000788,1
VEH000266,TSK000788,1
VEH000051,TSK000788,0
VEH000016,TSK000788,0
VEH000526,TSK000788,0
VEH000247,TSK000788,1
VEH000252,TSK000788,1
VEH000314,TSK000788,1
VEH000242,TSK000788,1
VEH000433,TSK000788,1
VEH000366,TSK000788,1
VEH000318,TSK000788,1
VEH000290,TSK000788,1
VEH000008,TSK000788,1
VEH000530,TSK000788,0
VEH000081,TSK000788,0
VEH000304,TSK000788,1
VEH000358,TSK000788,1
VEH000026,TSK000788,1
VEH000430,TSK000788,1
VEH000067,TSK000788,0
VEH000088,TSK000788,0
VEH000417,TSK000788,1
VEH000015,TSK000788,0
VEH000024,TSK000788,0
VEH000250,TSK000788,0
VEH000267,TSK000788,1
VEH000034,TSK000788,0
VEH000532,TSK000788,0
VEH000482,TSK000788,1
VEH000386,TSK000788,1
VEH000389,TSK000788,0
VEH000007,TSK000788,0
VEH000367,TSK000788,0
VEH000230,TSK000788,0
VEH000327,TSK000788,0
VEH000426,TSK000788,1
VEH000073,TSK000788,0
VEH000488,TSK000788,0
VEH000222,TSK000788,1
VEH000047,TSK000788,0
VEH000263,TSK000788,1
VEH000346,TSK000788,1
VEH000292,TSK000796,0
VEH000097,TSK000796,1
VEH000077,TSK000796,1
VEH000251,TSK000796,0
VEH000429,TSK000796,0
VEH000036,TSK000796,0
VEH000525,TSK000796,1
VEH000320,TSK000796,0
VEH000313,TSK000796,0
VEH000312,TSK000796,1
VEH000299,TSK000796,1
VEH000298,TSK000796,1
VEH000431,TSK000796,1
VEH000246,TSK000796,1
VEH000061,TSK000796,1
VEH000096,TSK000796,1
VEH000059,TSK000796,0
VEH000336,TSK000796,0
VEH000284,TSK000796,0
VEH000397,TSK000796,0
VEH000334,TSK000796,1
VEH000259,TSK000796,0
VEH000527,TSK000796,0
VEH000031,TSK000796,0
VEH000348,TSK000796,0
VEH000271,TSK000796,0
VEH000089,TSK000796,1
VEH000385,TSK000796,1
VEH000414,TSK000796,1
VEH000060,TSK000796,0
VEH000468,TSK000796,0
VEH000269,TSK000796,1
VEH000459,TSK000796,1
VEH000528,TSK000796,0
VEH000406,TSK000796,1
VEH000229,TSK000796,0
VEH000379,TSK000796,0
VEH000003,TSK000796,1
VEH000028,TSK000796,1
VEH000100,TSK000796,1
VEH000335,TSK000796,0
VEH000048,TSK000796,1
VEH000368,TSK000796,0
VEH000309,TSK000796,1
VEH000499,TSK000796,0
VEH000225,TSK000796,1
VEH000330,TSK000796,1
VEH000279,TSK000796,1
VEH000341,TSK000796,0
VEH000049,TSK000796,0
VEH000344,TSK000796,0
VEH000042,TSK000796,0
VEH000311,TSK000796,1
VEH000287,TSK000796,1
VEH000421,TSK000796,1
VEH000516,TSK000796,0
VEH000510,TSK000796,1
VEH000084,TSK000796,1
VEH000266,TSK000796,0
VEH000051,TSK000796,0
VEH000016,TSK000796,0
VEH000526,TSK000796,0
VEH000247,TSK000796,1
VEH000252,TSK000796,1
VEH000314,TSK000796,1
VEH000242,TSK000796,1
VEH000433,TSK000796,1
VEH000366,TSK000796,0
VEH000318,TSK000796,0
VEH000290,TSK000796,0
VEH000008,TSK000796,1
VEH000530,TSK000796,0
VEH000081,TSK000796,1
VEH000304,TSK000796,0
VEH000358,TSK000796,0
VEH000026,TSK000796,1
VEH000430,TSK000796,0
VEH000067,TSK000796,0
VEH000088,TSK000796,0
VEH000417,TSK000796,1
VEH000015,TSK000796,0
VEH000024,TSK000796,1
VEH000250,TSK000796,1
VEH000267,TSK000796,0
VEH000034,TSK000796,0
VEH000532,TSK000796,1
VEH000482,TSK000796,1
VEH000386,TSK000796,0
VEH000389,TSK000796,1
VEH000007,TSK000796,0
VEH000367,TSK000796,1
VEH000230,TSK000796,0
VEH000327,TSK000796,1
VEH000426,TSK000796,1
VEH000073,TSK000796,0
VEH000488,TSK000796,1
VEH000222,TSK000796,0
VEH000047,TSK000796,1
VEH000263,TSK000796,0
VEH000346,TSK000796,1
VEH000292,TSK000821,0
VEH000097,TSK000821,0
VEH000077,TSK000821,1
VEH000251,TSK000821,1
VEH000429,TSK000821,0
VEH000036,TSK000821,1
VEH000525,TSK000821,0
VEH000320,TSK000821,1
VEH000313,TSK000821,0
VEH000312,TSK000821,1
VEH000299,TSK000821,0
VEH000298,TSK000821,0
VEH000431,TSK000821,0
VEH000246,TSK000821,0
VEH000061,TSK000821,1
VEH000096,TSK000821,1
VEH000059,TSK000821,1
VEH000336,TSK000821,1
VEH000284,TSK000821,0
VEH000397,TSK000821,1
VEH000334,TSK000821,1
VEH000259,TSK000821,0
VEH000527,TSK000821,1
VEH000031,TSK000821,0
VEH000348,TSK000821,1
VEH000271,TSK000821,1
VEH000089,TSK000821,1
VEH000385,TSK000821,0
VEH000414,TSK000821,0
VEH000060,TSK000821,0
VEH000468,TSK000821,0
VEH000269,TSK000821,1
VEH000459,TSK000821,0
VEH000528,TSK000821,1
VEH000406,TSK000821,0
VEH000229,TSK000821,1
VEH000379,TSK000821,1
VEH000003,TSK000821,1
VEH000028,TSK000821,1
VEH000100,TSK000821,1
VEH000335,TSK000821,1
VEH000048,TSK000821,1
VEH000368,TSK000821,1
VEH000309,TSK000821,1
VEH000499,TSK000821,0
VEH000225,TSK000821,0
VEH000330,TSK000821,0
VEH000279,TSK000821,1
VEH000341,TSK000821,1
VEH000049,TSK000821,1
VEH000344,TSK000821,0
VEH000042,TSK000821,1
VEH000311,TSK000821,0
VEH000287,TSK000821,0
VEH000421,TSK000821,0
VEH000516,TSK000821,1
VEH000510,TSK000821,0
VEH000084,TSK000821,1
VEH000266,TSK000821,0
VEH000051,TSK000821,0
VEH000016,TSK000821,1
VEH000526,TSK000821,0
VEH000247,TSK000821,1
VEH000252,TSK000821,0
VEH000314,TSK000821,1
VEH000242,TSK000821,1
VEH000433,TSK000821,1
VEH000366,TSK000821,0
VEH000318,TSK000821,1
VEH000290,TSK000821,1
VEH000008,TSK000821,1
VEH000530,TSK000821,0
VEH000081,TSK000821,1
VEH000304,TSK000821,0
VEH000358,TSK000821,0
VEH000026,TSK000821,0
VEH000430,TSK000821,0
VEH000067,TSK000821,1
VEH000088,TSK000821,1
VEH000417,TSK000821,1
VEH000015,TSK000821,0
VEH000024,TSK000821,0
VEH000250,TSK000821,0
VEH000267,TSK000821,1
VEH000034,TSK000821,1
VEH000532,TSK000821,0
VEH000482,TSK000821,0
VEH000386,TSK000821,0
VEH000389,TSK000821,0
VEH000007,TSK000821,1
VEH000367,TSK000821,0
VEH000230,TSK000821,0
VEH000327,TSK000821,0
VEH000426,TSK000821,0
VEH000073,TSK000821,0
VEH000488,TSK000821,1
VEH000222,TSK000821,0
VEH000047,TSK000821,1
VEH000263,TSK000821,0
VEH000346,TSK000821,1
VEH000292,TSK000839,1
VEH000097,TSK000839,1
VEH000077,TSK000839,1
VEH000251,TSK000839,1
VEH000429,TSK000839,0
VEH000036,TSK000839,0
VEH000525,TSK000839,1
VEH000320,TSK000839,0
VEH000313,TSK000839,0
VEH000312,TSK000839,0
VEH000299,TSK000839,1
VEH000298,TSK000839,1
VEH000431,TSK000839,1
VEH000246,TSK000839,1
VEH000061,TSK000839,1
VEH000096,TSK000839,0
VEH000059,TSK000839,0
VEH000336,TSK000839,0
VEH000284,TSK000839,1
VEH000397,TSK000839,0
VEH000334,TSK000839,0
VEH000259,TSK000839,0
VEH000527,TSK000839,1
VEH000031,TSK000839,1
VEH000348,TSK000839,0
VEH000271,TSK000839,0
VEH000089,TSK000839,0
VEH000385,TSK000839,1
VEH000414,TSK000839,1
VEH000060,TSK000839,0
VEH000468,TSK000839,1
VEH000269,TSK000839,1
VEH000459,TSK000839,0
VEH000528,TSK000839,1
VEH000406,TSK000839,1
VEH000229,TSK000839,0
VEH000379,TSK000839,1
VEH000003,TSK000839,0
VEH000028,TSK000839,1
VEH000100,TSK000839,0
VEH000335,TSK000839,1
VEH000048,TSK000839,1
VEH000368,TSK000839,1
VEH000309,TSK000839,0
VEH000499,TSK000839,1
VEH000225,TSK000839,0
VEH000330,TSK000839,0
VEH000279,TSK000839,1
VEH000341,TSK000839,1
VEH000049,TSK000839,0
VEH000344,TSK000839,0
VEH000042,TSK000839,0
VEH000311,TSK000839,1
VEH000287,TSK000839,0
VEH000421,TSK000839,1
VEH000516,TSK000839,0
VEH000510,TSK000839,0
VEH000084,TSK000839,0
VEH000266,TSK000839,0
VEH000051,TSK000839,0
VEH000016,TSK000839,0
VEH000526,TSK000839,1
VEH000247,TSK000839,0
VEH000252,TSK000839,0
VEH000314,TSK000839,1
VEH000242,TSK000839,0
VEH000433,TSK000839,1
VEH000366,TSK000839,0
VEH000318,TSK000839,1
VEH000290,TSK000839,0
VEH000008,TSK000839,1
VEH000530,TSK000839,0
VEH000081,TSK000839,0
VEH000304,TSK000839,1
VEH000358,TSK000839,1
VEH000026,TSK000839,1
VEH000430,TSK000839,1
VEH000067,TSK000839,1
VEH000088,TSK000839,0
VEH000417,TSK000839,0
VEH000015,TSK000839,1
VEH000024,TSK000839,1
VEH000250,TSK000839,0
VEH000267,TSK000839,1
VEH000034,TSK000839,0
VEH000532,TSK000839,1
VEH000482,TSK000839,0
VEH000386,TSK000839,0
VEH000389,TSK000839,1
VEH000007,TSK000839,0
VEH000367,TSK000839,0
VEH000230,TSK000839,1
VEH000327,TSK000839,1
VEH000426,TSK000839,0
VEH000073,TSK000839,0
VEH000488,TSK000839,1
VEH000222,TSK000839,1
VEH000047,TSK000839,1
VEH000263,TSK000839,1
VEH000346,TSK000839,0
VEH000292,TSK000840,1
VEH000097,TSK000840,1
VEH000077,TSK000840,1
VEH000251,TSK000840,1
VEH000429,TSK000840,0
VEH000036,TSK000840,1
VEH000525,TSK000840,0
VEH000320,TSK000840,1
VEH000313,TSK000840,0
VEH000312,TSK000840,0
VEH000299,TSK000840,0
VEH000298,TSK000840,0
VEH000431,TSK000840,1
VEH000246,TSK000840,0
VEH000061,TSK000840,0
VEH000096,TSK000840,0
VEH000059,TSK000840,1
VEH000336,TSK000840,1
VEH000284,TSK000840,1
VEH000397,TSK000840,1
VEH000334,TSK000840,0
VEH000259,TSK000840,1
VEH000527,TSK000840,0
VEH000031,TSK000840,1
VEH000348,TSK000840,0
VEH000271,TSK000840,1
VEH000089,TSK000840,0
VEH000385,TSK000840,0
VEH000414,TSK000840,1
VEH000060,TSK000840,1
VEH000468,TSK000840,1
VEH000269,TSK000840,1
VEH000459,TSK000840,0
VEH000528,TSK000840,0
VEH000406,TSK000840,0
VEH000229,TSK000840,1
VEH000379,TSK000840,0
VEH000003,TSK000840,1
VEH000028,TSK000840,1
VEH000100,TSK000840,0
VEH000335,TSK000840,1
VEH000048,TSK000840,0
VEH000368,TSK000840,0
VEH000309,TSK000840,0
VEH000499,TSK000840,0
VEH000225,TSK000840,0
VEH000330,TSK000840,0
VEH000279,TSK000840,1
VEH000341,TSK000840,1
VEH000049,TSK000840,1
VEH000344,TSK000840,1
VEH000042,TSK000840,1
VEH000311,TSK000840,1
VEH000287,TSK000840,1
VEH000421,TSK000840,0
VEH000516,TSK000840,0
VEH000510,TSK000840,0
VEH000084,TSK000840,0
VEH000266,TSK000840,1
VEH000051,TSK000840,1
VEH000016,TSK000840,1
VEH000526,TSK000840,0
VEH000247,TSK000840,0
VEH000252,TSK000840,0
VEH000314,TSK000840,0
VEH000242,TSK000840,1
VEH000433,TSK000840,0
VEH000366,TSK000840,0
VEH000318,TSK000840,1
VEH000290,TSK000840,0
VEH000008,TSK000840,0
VEH000530,TSK000840,1
VEH000081,TSK000840,1
VEH000304,TSK000840,0
VEH000358,TSK000840,0
VEH000026,TSK000840,1
VEH000430,TSK000840,1
VEH000067,TSK000840,0
VEH000088,TSK000840,1
VEH000417,TSK000840,0
VEH000015,TSK000840,1
VEH000024,TSK000840,0
VEH000250,TSK000840,0
VEH000267,TSK000840,1
VEH000034,TSK000840,1
VEH000532,TSK000840,0
VEH000482,TSK000840,1
VEH000386,TSK000840,0
VEH000389,TSK000840,1
VEH000007,TSK000840,0
VEH000367,TSK000840,1
VEH000230,TSK000840,1
VEH000327,TSK000840,1
VEH000426,TSK000840,0
VEH000073,TSK000840,1
VEH000488,TSK000840,0
VEH000222,TSK000840,0
VEH000047,TSK000840,1
VEH000263,TSK000840,0
VEH000346,TSK000840,1
VEH000292,TSK000908,0
VEH000097,TSK000908,0
VEH000077,TSK000908,1
VEH000251,TSK000908,1
VEH000429,TSK000908,0
VEH000036,TSK000908,1
VEH000525,TSK000908,0
VEH000320,TSK000908,1
VEH000313,TSK000908,0
VEH000312,TSK000908,1
VEH000299,TSK000908,1
VEH000298,TSK000908,1
VEH000431,TSK000908,1
VEH000246,TSK000908,0
VEH000061,TSK000908,1
VEH000096,TSK000908,1
VEH000059,TSK000908,0
VEH000336,TSK000908,0
VEH000284,TSK000908,1
VEH000397,TSK000908,0
VEH000334,TSK000908,1
VEH000259,TSK000908,0
VEH000527,TSK000908,0
VEH000031,TSK000908,1
VEH000348,TSK000908,0
VEH000271,TSK000908,1
VEH000089,TSK000908,1
VEH000385,TSK000908,0
VEH000414,TSK000908,1
VEH000060,TSK000908,1
VEH000468,TSK000908,0
VEH000269,TSK000908,1
VEH000459,TSK000908,0
VEH000528,TSK000908,1
VEH000406,TSK000908,0
VEH000229,TSK000908,1
VEH000379,TSK000908,1
VEH000003,TSK000908,0
VEH000028,TSK000908,0
VEH000100,TSK000908,1
VEH000335,TSK000908,0
VEH000048,TSK000908,1
VEH000368,TSK000908,1
VEH000309,TSK000908,0
VEH000499,TSK000908,1
VEH000225,TSK000908,1
VEH000330,TSK000908,0
VEH000279,TSK000908,0
VEH000341,TSK000908,0
VEH000049,TSK000908,0
VEH000344,TSK000908,1
VEH000042,TSK000908,1
VEH000311,TSK000908,1
VEH000287,TSK000908,0
VEH000421,TSK000908,0
VEH000516,TSK000908,0
VEH000510,TSK000908,0
VEH000084,TSK000908,0
VEH000266,TSK000908,1
VEH000051,TSK000908,0
VEH000016,TSK000908,0
VEH000526,TSK000908,0
VEH000247,TSK000908,1
VEH000252,TSK000908,0
VEH000314,TSK000908,1
VEH000242,TSK000908,1
VEH000433,TSK000908,0
VEH000366,TSK000908,1
VEH000318,TSK000908,0
VEH000290,TSK000908,1
VEH000008,TSK000908,0
VEH000530,TSK000908,0
VEH000081,TSK000908,1
VEH000304,TSK000908,0
VEH000358,TSK000908,1
VEH000026,TSK000908,0
VEH000430,TSK000908,0
VEH000067,TSK000908,1
VEH000088,TSK000908,0
VEH000417,TSK000908,0
VEH000015,TSK000908,1
VEH000024,TSK000908,1
VEH000250,TSK000908,1
VEH000267,TSK000908,0
VEH000034,TSK000908,1
VEH000532,TSK000908,1
VEH000482,TSK000908,0
VEH000386,TSK000908,0
VEH000389,TSK000908,1
VEH000007,TSK000908,0
VEH000367,TSK000908,0
VEH000230,TSK000908,1
VEH000327,TSK000908,1
VEH000426,TSK000908,0
VEH000073,TSK000908,1
VEH000488,TSK000908,0
VEH000222,TSK000908,1
VEH000047,TSK000908,1
VEH000263,TSK000908,1
VEH000346,TSK000908,0
VEH000292,TSK000988,0
VEH000097,TSK000988,1
VEH000077,TSK000988,0
VEH000251,TSK000988,1
VEH000429,TSK000988,1
VEH000036,TSK000988,1
VEH000525,TSK000988,1
VEH000320,TSK000988,1
VEH000313,TSK000988,1
VEH000312,TSK000988,0
VEH000299,TSK000988,0
VEH000298,TSK000988,0
VEH000431,TSK000988,1
VEH000246,TSK000988,1
VEH000061,TSK000988,0
VEH000096,TSK000988,1
VEH000059,TSK000988,0
VEH000336,TSK000988,1
VEH000284,TSK000988,0
VEH000397,TSK000988,1
VEH000334,TSK000988,0
VEH000259,TSK000988,1
VEH000527,TSK000988,1
VEH000031,TSK000988,1
VEH000348,TSK000988,0
VEH000271,TSK000988,1
VEH000089,TSK000988,0
VEH000385,TSK000988,0
VEH000414,TSK000988,0
VEH000060,TSK000988,0
VEH000468,TSK000988,1
VEH000269,TSK000988,0
VEH000459,TSK000988,0
VEH000528,TSK000988,0
VEH000406,TSK000988,1
VEH000229,TSK000988,1
VEH000379,TSK000988,0
VEH000003,TSK000988,1
VEH000028,TSK000988,1
VEH000100,TSK000988,0
VEH000335,TSK000988,0
VEH000048,TSK000988,1
VEH000368,TSK000988,1
VEH000309,TSK000988,1
VEH000499,TSK000988,1
VEH000225,TSK000988,0
VEH000330,TSK000988,1
VEH000279,TSK000988,0
VEH000341,TSK000988,0
VEH000049,TSK000988,1
VEH000344,TSK000988,1
VEH000042,TSK000988,1
VEH000311,TSK000988,1
VEH000287,TSK000988,1
VEH000421,TSK000988,1
VEH000516,TSK000988,0
VEH000510,TSK000988,1
VEH000084,TSK000988,1
VEH000266,TSK000988,1
VEH000051,TSK000988,1
VEH000016,TSK000988,0
VEH000526,TSK000988,0
VEH000247,TSK000988,0
VEH000252,TSK000988,1
VEH000314,TSK000988,1
VEH000242,TSK000988,1
VEH000433,TSK000988,1
VEH000366,TSK000988,1
VEH000318,TSK000988,0
VEH000290,TSK000988,0
VEH000008,TSK000988,1
VEH000530,TSK000988,0
VEH000081,TSK000988,1
VEH000304,TSK000988,0
VEH000358,TSK000988,0
VEH000026,TSK000988,0
VEH000430,TSK000988,1
VEH000067,TSK000988,0
VEH000088,TSK000988,0
VEH000417,TSK000988,0
VEH000015,TSK000988,0
VEH000024,TSK000988,0
VEH000250,TSK000988,0
VEH000267,TSK000988,1
VEH000034,TSK000988,1
VEH000532,TSK000988,0
VEH000482,TSK000988,0
VEH000386,TSK000988,0
VEH000389,TSK000988,0
VEH000007,TSK000988,0
VEH000367,TSK000988,1
VEH000230,TSK000988,1
VEH000327,TSK000988,0
VEH000426,TSK000988,0
VEH000073,TSK000988,0
VEH000488,TSK000988,0
VEH000222,TSK000988,1
VEH000047,TSK000988,1
VEH000263,TSK000988,0
VEH000346,TSK000988,0
VEH000292,TSK001005,0
VEH000097,TSK001005,1
VEH000077,TSK001005,1
VEH000251,TSK001005,1
VEH000429,TSK001005,0
VEH000036,TSK001005,0
VEH000525,TSK001005,0
VEH000320,TSK001005,0
VEH000313,TSK001005,1
VEH000312,TSK001005,1
VEH000299,TSK001005,1
VEH000298,TSK001005,0
VEH000431,TSK001005,0
VEH000246,TSK001005,0
VEH000061,TSK001005,0
VEH000096,TSK001005,0
VEH000059,TSK001005,1
VEH000336,TSK001005,1
VEH000284,TSK001005,1
VEH000397,TSK001005,0
VEH000334,TSK001005,1
VEH000259,TSK001005,1
VEH000527,TSK001005,0
VEH000031,TSK001005,1
VEH000348,TSK001005,1
VEH000271,TSK001005,0
VEH000089,TSK001005,1
VEH000385,TSK001005,0
VEH000414,TSK001005,1
VEH000060,TSK001005,0
VEH000468,TSK001005,1
VEH000269,TSK001005,0
VEH000459,TSK001005,0
VEH000528,TSK001005,0
VEH000406,TSK001005,1
VEH000229,TSK001005,1
VEH000379,TSK001005,1
VEH000003,TSK001005,0
VEH000028,TSK001005,1
VEH000100,TSK001005,1
VEH000335,TSK001005,0
VEH000048,TSK001005,0
VEH000368,TSK001005,1
VEH000309,TSK001005,0
VEH000499,TSK001005,1
VEH000225,TSK001005,0
VEH000330,TSK001005,1
VEH000279,TSK001005,0
VEH000341,TSK001005,0
VEH000049,TSK001005,0
VEH000344,TSK001005,0
VEH000042,TSK001005,1
VEH000311,TSK001005,0
VEH000287,TSK001005,1
VEH000421,TSK001005,0
VEH000516,TSK001005,1
VEH000510,TSK001005,0
VEH000084,TSK001005,1
VEH000266,TSK001005,0
VEH000051,TSK001005,1
VEH000016,TSK001005,1
VEH000526,TSK001005,0
VEH000247,TSK001005,0
VEH000252,TSK001005,1
VEH000314,TSK001005,0
VEH000242,TSK001005,0
VEH000433,TSK001005,1
VEH000366,TSK001005,1
VEH000318,TSK001005,0
VEH000290,TSK001005,1
VEH000008,TSK001005,0
VEH000530,TSK001005,0
VEH000081,TSK001005,0
VEH000304,TSK001005,0
VEH000358,TSK001005,1
VEH000026,TSK001005,1
VEH000430,TSK001005,0
VEH000067,TSK001005,1
VEH000088,TSK001005,0
VEH000417,TSK001005,1
VEH000015,TSK001005,0
VEH000024,TSK001005,1
VEH000250,TSK001005,1
VEH000267,TSK001005,0
VEH000034,TSK001005,1
VEH000532,TSK001005,0
VEH000482,TSK001005,1
VEH000386,TSK001005,0
VEH000389,TSK001005,1
VEH000007,TSK001005,0
VEH000367,TSK001005,1
VEH000230,TSK001005,0
VEH000327,TSK001005,1
VEH000426,TSK001005,1
VEH000073,TSK001005,1
VEH000488,TSK001005,0
VEH000222,TSK001005,1
VEH000047,TSK001005,1
VEH000263,TSK001005,0
VEH000346,TSK001005,1
VEH000292,TSK001015,0
VEH000097,TSK001015,0
VEH000077,TSK001015,1
VEH000251,TSK001015,0
VEH000429,TSK001015,0
VEH000036,TSK001015,1
VEH000525,TSK001015,0
VEH000320,TSK001015,1
VEH000313,TSK001015,0
VEH000312,TSK001015,0
VEH000299,TSK001015,0
VEH000298,TSK001015,0
VEH000431,TSK001015,0
VEH000246,TSK001015,1
VEH000061,TSK001015,0
VEH000096,TSK001015,0
VEH000059,TSK001015,0
VEH000336,TSK001015,0
VEH000284,TSK001015,1
VEH000397,TSK001015,1
VEH000334,TSK001015,0
VEH000259,TSK001015,1
VEH000527,TSK001015,0
VEH000031,TSK001015,1
VEH000348,TSK001015,1
VEH000271,TSK001015,0
VEH000089,TSK001015,0
VEH000385,TSK001015,1
VEH000414,TSK001015,0
VEH000060,TSK001015,0
VEH000468,TSK001015,1
VEH000269,TSK001015,1
VEH000459,TSK001015,0
VEH000528,TSK001015,1
VEH000406,TSK001015,0
VEH000229,TSK001015,0
VEH000379,TSK001015,0
VEH000003,TSK001015,1
VEH000028,TSK001015,1
VEH000100,TSK001015,1
VEH000335,TSK001015,1
VEH000048,TSK001015,1
VEH000368,TSK001015,0
VEH000309,TSK001015,0
VEH000499,TSK001015,0
VEH000225,TSK001015,0
VEH000330,TSK001015,1
VEH000279,TSK001015,1
VEH000341,TSK001015,1
VEH000049,TSK001015,0
VEH000344,TSK001015,1
VEH000042,TSK001015,1
VEH000311,TSK001015,0
VEH000287,TSK001015,0
VEH000421,TSK001015,1
VEH000516,TSK001015,0
VEH000510,TSK001015,1
VEH000084,TSK001015,1
VEH000266,TSK001015,1
VEH000051,TSK001015,0
VEH000016,TSK001015,0
VEH000526,TSK001015,1
VEH000247,TSK001015,1
VEH000252,TSK001015,1
VEH000314,TSK001015,0
VEH000242,TSK001015,0
VEH000433,TSK001015,0
VEH000366,TSK001015,1
VEH000318,TSK001015,1
VEH000290,TSK001015,0
VEH000008,TSK001015,1
VEH000530,TSK001015,1
VEH000081,TSK001015,1
VEH000304,TSK001015,1
VEH000358,TSK001015,1
VEH000026,TSK001015,0
VEH000430,TSK001015,0
VEH000067,TSK001015,0
VEH000088,TSK001015,0
VEH000417,TSK001015,0
VEH000015,TSK001015,0
VEH000024,TSK001015,1
VEH000250,TSK001015,1
VEH000267,TSK001015,1
VEH000034,TSK001015,1
VEH000532,TSK001015,1
VEH000482,TSK001015,0
VEH000386,TSK001015,1
VEH000389,TSK001015,1
VEH000007,TSK001015,1
VEH000367,TSK001015,0
VEH000230,TSK001015,1
VEH000327,TSK001015,1
VEH000426,TSK001015,0
VEH000073,TSK001015,1
VEH000488,TSK001015,0
VEH000222,TSK001015,0
VEH000047,TSK001015,0
VEH000263,TSK001015,1
VEH000346,TSK001015,1
VEH000292,TSK001058,1
VEH000097,TSK001058,0
VEH000077,TSK001058,1
VEH000251,TSK001058,0
VEH000429,TSK001058,0
VEH000036,TSK001058,1
VEH000525,TSK001058,1
VEH000320,TSK001058,0
VEH000313,TSK001058,1
VEH000312,TSK001058,0
VEH000299,TSK001058,1
VEH000298,TSK001058,1
VEH000431,TSK001058,0
VEH000246,TSK001058,1
VEH000061,TSK001058,0
VEH000096,TSK001058,1
VEH000059,TSK001058,0
VEH000336,TSK001058,1
VEH000284,TSK001058,1
VEH000397,TSK001058,1
VEH000334,TSK001058,1
VEH000259,TSK001058,1
VEH000527,TSK001058,1
VEH000031,TSK001058,0
VEH000348,TSK001058,1
VEH000271,TSK001058,1
VEH000089,TSK001058,1
VEH000385,TSK001058,0
VEH000414,TSK001058,1
VEH000060,TSK001058,0
VEH000468,TSK001058,0
VEH000269,TSK001058,1
VEH000459,TSK001058,1
VEH000528,TSK001058,0
VEH000406,TSK001058,1
VEH000229,TSK001058,1
VEH000379,TSK001058,1
VEH000003,TSK001058,1
VEH000028,TSK001058,1
VEH000100,TSK001058,1
VEH000335,TSK001058,0
VEH000048,TSK001058,0
VEH000368,TSK001058,0
VEH000309,TSK001058,0
VEH000499,TSK001058,0
VEH000225,TSK001058,0
VEH000330,TSK001058,1
VEH000279,TSK001058,0
VEH000341,TSK001058,1
VEH000049,TSK001058,0
VEH000344,TSK001058,0
VEH000042,TSK001058,1
VEH000311,TSK001058,0
VEH000287,TSK001058,1
VEH000421,TSK001058,1
VEH000516,TSK001058,0
VEH000510,TSK001058,0
VEH000084,TSK001058,1
VEH000266,TSK001058,0
VEH000051,TSK001058,1
VEH000016,TSK001058,0
VEH000526,TSK001058,1
VEH000247,TSK001058,0
VEH000252,TSK001058,0
VEH000314,TSK001058,1
VEH000242,TSK001058,0
VEH000433,TSK001058,0
VEH000366,TSK001058,1
VEH000318,TSK001058,1
VEH000290,TSK001058,1
VEH000008,TSK001058,0
VEH000530,TSK001058,1
VEH000081,TSK001058,0
VEH000304,TSK001058,1
VEH000358,TSK001058,1
VEH000026,TSK001058,0
VEH000430,TSK001058,1
VEH000067,TSK001058,0
VEH000088,TSK001058,0
VEH000417,TSK001058,0
VEH000015,TSK001058,1
VEH000024,TSK001058,1
VEH000250,TSK001058,1
VEH000267,TSK001058,0
VEH000034,TSK001058,0
VEH000532,TSK001058,1
VEH000482,TSK001058,1
VEH000386,TSK001058,0
VEH000389,TSK001058,0
VEH000007,TSK001058,1
VEH000367,TSK001058,0
VEH000230,TSK001058,0
VEH000327,TSK001058,0
VEH000426,TSK001058,0
VEH000073,TSK001058,0
VEH000488,TSK001058,0
VEH000222,TSK001058,0
VEH000047,TSK001058,0
VEH000263,TSK001058,1
VEH000346,TSK001058,0
VEH000292,TSK001074,0
VEH000097,TSK001074,0
VEH000077,TSK001074,1
VEH000251,TSK001074,1
VEH000429,TSK001074,1
VEH000036,TSK001074,0
VEH000525,TSK001074,0
VEH000320,TSK001074,1
VEH000313,TSK001074,0
VEH000312,TSK001074,0
VEH000299,TSK001074,0
VEH000298,TSK001074,0
VEH000431,TSK001074,0
VEH000246,TSK001074,1
VEH000061,TSK001074,0
VEH000096,TSK001074,0
VEH000059,TSK001074,0
VEH000336,TSK001074,1
VEH000284,TSK001074,1
VEH000397,TSK001074,0
VEH000334,TSK001074,0
VEH000259,TSK001074,1
VEH000527,TSK001074,1
VEH000031,TSK001074,1
VEH000348,TSK001074,0
VEH000271,TSK001074,0
VEH000089,TSK001074,1
VEH000385,TSK001074,0
VEH000414,TSK001074,0
VEH000060,TSK001074,0
VEH000468,TSK001074,1
VEH000269,TSK001074,0
VEH000459,TSK001074,1
VEH000528,TSK001074,0
VEH000406,TSK001074,0
VEH000229,TSK001074,1
VEH000379,TSK001074,1
VEH000003,TSK001074,0
VEH000028,TSK001074,0
VEH000100,TSK001074,0
VEH000335,TSK001074,0
VEH000048,TSK001074,1
VEH000368,TSK001074,0
VEH000309,TSK001074,1
VEH000499,TSK001074,1
VEH000225,TSK001074,0
VEH000330,TSK001074,1
VEH000279,TSK001074,1
VEH000341,TSK001074,1
VEH000049,TSK001074,1
VEH000344,TSK001074,1
VEH000042,TSK001074,1
VEH000311,TSK001074,0
VEH000287,TSK001074,0
VEH000421,TSK001074,1
VEH000516,TSK001074,0
VEH000510,TSK001074,0
VEH000084,TSK001074,0
VEH000266,TSK001074,1
VEH000051,TSK001074,1
VEH000016,TSK001074,1
VEH000526,TSK001074,0
VEH000247,TSK001074,1
VEH000252,TSK001074,0
VEH000314,TSK001074,1
VEH000242,TSK001074,1
VEH000433,TSK001074,1
VEH000366,TSK001074,0
VEH000318,TSK001074,1
VEH000290,TSK001074,1
VEH000008,TSK001074,1
VEH000530,TSK001074,0
VEH000081,TSK001074,1
VEH000304,TSK001074,0
VEH000358,TSK001074,0
VEH000026,TSK001074,1
VEH000430,TSK001074,1
VEH000067,TSK001074,1
VEH000088,TSK001074,0
VEH000417,TSK001074,1
VEH000015,TSK001074,1
VEH000024,TSK001074,0
VEH000250,TSK001074,0
VEH000267,TSK001074,0
VEH000034,TSK001074,1
VEH000532,TSK001074,1
VEH000482,TSK001074,0
VEH000386,TSK001074,0
VEH000389,TSK001074,0
VEH000007,TSK001074,1
VEH000367,TSK001074,1
VEH000230,TSK001074,1
VEH000327,TSK001074,0
VEH000426,TSK001074,0
VEH000073,TSK001074,0
VEH000488,TSK001074,1
VEH000222,TSK001074,1
VEH000047,TSK001074,1
VEH000263,TSK001074,1
VEH000346,TSK001074,0
VEH000292,TSK001156,1
VEH000097,TSK001156,1
VEH000077,TSK001156,1
VEH000251,TSK001156,1
VEH000429,TSK001156,0
VEH000036,TSK001156,0
VEH000525,TSK001156,1
VEH000320,TSK001156,0
VEH000313,TSK001156,0
VEH000312,TSK001156,0
VEH000299,TSK001156,1
VEH000298,TSK001156,0
VEH000431,TSK001156,0
VEH000246,TSK001156,1
VEH000061,TSK001156,1
VEH000096,TSK001156,0
VEH000059,TSK001156,0
VEH000336,TSK001156,0
VEH000284,TSK001156,1
VEH000397,TSK001156,1
VEH000334,TSK001156,0
VEH000259,TSK001156,1
VEH000527,TSK001156,0
VEH000031,TSK001156,0
VEH000348,TSK001156,0
VEH000271,TSK001156,1
VEH000089,TSK001156,1
VEH000385,TSK001156,1
VEH000414,TSK001156,1
VEH000060,TSK001156,0
VEH000468,TSK001156,0
VEH000269,TSK001156,0
VEH000459,TSK001156,1
VEH000528,TSK001156,1
VEH000406,TSK001156,0
VEH000229,TSK001156,1
VEH000379,TSK001156,0
VEH000003,TSK001156,1
VEH000028,TSK001156,0
VEH000100,TSK001156,1
VEH000335,TSK001156,1
VEH000048,TSK001156,1
VEH000368,TSK001156,1
VEH000309,TSK001156,0
VEH000499,TSK001156,1
VEH000225,TSK001156,0
VEH000330,TSK001156,0
VEH000279,TSK001156,1
VEH000341,TSK001156,0
VEH000049,TSK001156,0
VEH000344,TSK001156,0
VEH000042,TSK001156,1
VEH000311,TSK001156,0
VEH000287,TSK001156,0
VEH000421,TSK001156,0
VEH000516,TSK001156,1
VEH000510,TSK001156,1
VEH000084,TSK001156,1
VEH000266,TSK001156,1
VEH000051,TSK001156,0
VEH000016,TSK001156,0
VEH000526,TSK001156,1
VEH000247,TSK001156,1
VEH000252,TSK001156,1
VEH000314,TSK001156,0
VEH000242,TSK001156,0
VEH000433,TSK001156,1
VEH000366,TSK001156,0
VEH000318,TSK001156,0
VEH000290,TSK001156,0
VEH000008,TSK001156,0
VEH000530,TSK001156,0
VEH000081,TSK001156,1
VEH000304,TSK001156,1
VEH000358,TSK001156,1
VEH000026,TSK001156,1
VEH000430,TSK001156,0
VEH000067,TSK001156,1
VEH000088,TSK001156,0
VEH000417,TSK001156,1
VEH000015,TSK001156,0
VEH000024,TSK001156,1
VEH000250,TSK001156,1
VEH000267,TSK001156,1
VEH000034,TSK001156,1
VEH000532,TSK001156,0
VEH000482,TSK001156,1
VEH000386,TSK001156,1
VEH000389,TSK001156,1
VEH000007,TSK001156,0
VEH000367,TSK001156,1
VEH000230,TSK001156,1
VEH000327,TSK001156,0
VEH000426,TSK001156,1
VEH000073,TSK001156,0
VEH000488,TSK001156,0
VEH000222,TSK001156,0
VEH000047,TSK001156,0
VEH000263,TSK001156,0
VEH000346,TSK001156,0
VEH000292,TSK001219,1
VEH000097,TSK001219,1
VEH000077,TSK001219,1
VEH000251,TSK001219,1
VEH000429,TSK001219,1
VEH000036,TSK001219,0
VEH000525,TSK001219,0
VEH000320,TSK001219,1
VEH000313,TSK001219,1
VEH000312,TSK001219,0
VEH000299,TSK001219,1
VEH000298,TSK001219,1
VEH000431,TSK001219,0
VEH000246,TSK001219,0
VEH000061,TSK001219,1
VEH000096,TSK001219,1
VEH000059,TSK001219,1
VEH000336,TSK001219,1
VEH000284,TSK001219,1
VEH000397,TSK001219,1
VEH000334,TSK001219,0
VEH000259,TSK001219,1
VEH000527,TSK001219,1
VEH000031,TSK001219,1
VEH000348,TSK001219,0
VEH000271,TSK001219,1
VEH000089,TSK001219,1
VEH000385,TSK001219,1
VEH000414,TSK001219,1
VEH000060,TSK001219,0
VEH000468,TSK001219,1
VEH000269,TSK001219,0
VEH000459,TSK001219,0
VEH000528,TSK001219,0
VEH000406,TSK001219,0
VEH000229,TSK001219,0
VEH000379,TSK001219,0
VEH000003,TSK001219,0
VEH000028,TSK001219,0
VEH000100,TSK001219,0
VEH000335,TSK001219,1
VEH000048,TSK001219,0
VEH000368,TSK001219,0
VEH000309,TSK001219,0
VEH000499,TSK001219,0
VEH000225,TSK001219,0
VEH000330,TSK001219,1
VEH000279,TSK001219,1
VEH000341,TSK001219,0
VEH000049,TSK001219,0
VEH000344,TSK001219,1
VEH000042,TSK001219,0
VEH000311,TSK001219,1
VEH000287,TSK001219,0
VEH000421,TSK001219,1
VEH000516,TSK001219,0
VEH000510,TSK001219,0
VEH000084,TSK001219,1
VEH000266,TSK001219,1
VEH000051,TSK001219,0
VEH000016,TSK001219,0
VEH000526,TSK001219,1
VEH000247,TSK001219,1
VEH000252,TSK001219,0
VEH000314,TSK001219,0
VEH000242,TSK001219,0
VEH000433,TSK001219,1
VEH000366,TSK001219,1
VEH000318,TSK001219,0
VEH000290,TSK001219,0
VEH000008,TSK001219,0
VEH000530,TSK001219,0
VEH000081,TSK001219,1
VEH000304,TSK001219,0
VEH000358,TSK001219,0
VEH000026,TSK001219,1
VEH000430,TSK001219,1
VEH000067,TSK001219,1
VEH000088,TSK001219,0
VEH000417,TSK001219,1
VEH000015,TSK001219,1
VEH000024,TSK001219,0
VEH000250,TSK001219,0
VEH000267,TSK001219,1
VEH000034,TSK001219,0
VEH000532,TSK001219,1
VEH000482,TSK001219,1
VEH000386,TSK001219,0
VEH000389,TSK001219,1
VEH000007,TSK001219,0
VEH000367,TSK001219,1
VEH000230,TSK001219,0
VEH000327,TSK001219,0
VEH000426,TSK001219,0
VEH000073,TSK001219,0
VEH000488,TSK001219,1
VEH000222,TSK001219,0
VEH000047,TSK001219,1
VEH000263,TSK001219,1
VEH000346,TSK001219,1
VEH000292,TSK001221,0
VEH000097,TSK001221,0
VEH000077,TSK001221,1
VEH000251,TSK001221,0
VEH000429,TSK001221,0
VEH000036,TSK001221,0
VEH000525,TSK001221,0
VEH000320,TSK001221,0
VEH000313,TSK001221,0
VEH000312,TSK001221,0
VEH000299,TSK001221,0
VEH000298,TSK001221,0
VEH000431,TSK001221,1
VEH000246,TSK001221,0
VEH000061,TSK001221,1
VEH000096,TSK001221,0
VEH000059,TSK001221,0
VEH000336,TSK001221,1
VEH000284,TSK001221,0
VEH000397,TSK001221,0
VEH000334,TSK001221,1
VEH000259,TSK001221,1
VEH000527,TSK001221,1
VEH000031,TSK001221,1
VEH000348,TSK001221,0
VEH000271,TSK001221,1
VEH000089,TSK001221,1
VEH000385,TSK001221,1
VEH000414,TSK001221,0
VEH000060,TSK001221,1
VEH000468,TSK001221,0
VEH000269,TSK001221,1
VEH000459,TSK001221,1
VEH000528,TSK001221,1
VEH000406,TSK001221,1
VEH000229,TSK001221,1
VEH000379,TSK001221,1
VEH000003,TSK001221,0
VEH000028,TSK001221,0
VEH000100,TSK001221,1
VEH000335,TSK001221,1
VEH000048,TSK001221,1
VEH000368,TSK001221,1
VEH000309,TSK001221,0
VEH000499,TSK001221,1
VEH000225,TSK001221,0
VEH000330,TSK001221,0
VEH000279,TSK001221,0
VEH000341,TSK001221,0
VEH000049,TSK001221,1
VEH000344,TSK001221,0
VEH000042,TSK001221,1
VEH000311,TSK001221,1
VEH000287,TSK001221,1
VEH000421,TSK001221,0
VEH000516,TSK001221,1
VEH000510,TSK001221,1
VEH000084,TSK001221,0
VEH000266,TSK001221,1
VEH000051,TSK001221,1
VEH000016,TSK001221,1
VEH000526,TSK001221,0
VEH000247,TSK001221,1
VEH000252,TSK001221,1
VEH000314,TSK001221,0
VEH000242,TSK001221,0
VEH000433,TSK001221,0
VEH000366,TSK001221,0
VEH000318,TSK001221,0
VEH000290,TSK001221,1
VEH000008,TSK001221,0
VEH000530,TSK001221,1
VEH000081,TSK001221,1
VEH000304,TSK001221,0
VEH000358,TSK001221,0
VEH000026,TSK001221,1
VEH000430,TSK001221,0
VEH000067,TSK001221,1
VEH000088,TSK001221,1
VEH000417,TSK001221,0
VEH000015,TSK001221,0
VEH000024,TSK001221,0
VEH000250,TSK001221,1
VEH000267,TSK001221,0
VEH000034,TSK001221,0
VEH000532,TSK001221,0
VEH000482,TSK001221,1
VEH000386,TSK001221,0
VEH000389,TSK001221,1
VEH000007,TSK001221,1
VEH000367,TSK001221,1
VEH000230,TSK001221,0
VEH000327,TSK001221,1
VEH000426,TSK001221,0
VEH000073,TSK001221,1
VEH000488,TSK001221,1
VEH000222,TSK001221,0
VEH000047,TSK001221,0
VEH000263,TSK001221,1
VEH000346,TSK001221,1
VEH000292,TSK001231,0
VEH000097,TSK001231,1
VEH000077,TSK001231,0
VEH000251,TSK001231,0
VEH000429,TSK001231,1
VEH000036,TSK001231,1
VEH000525,TSK001231,1
VEH000320,TSK001231,1
VEH000313,TSK001231,0
VEH000312,TSK001231,0
VEH000299,TSK001231,0
VEH000298,TSK001231,1
VEH000431,TSK001231,0
VEH000246,TSK001231,0
VEH000061,TSK001231,1
VEH000096,TSK001231,1
VEH000059,TSK001231,1
VEH000336,TSK001231,1
VEH000284,TSK001231,0
VEH000397,TSK001231,1
VEH000334,TSK001231,1
VEH000259,TSK001231,1
VEH000527,TSK001231,0
VEH000031,TSK001231,1
VEH000348,TSK001231,1
VEH000271,TSK001231,0
VEH000089,TSK001231,1
VEH000385,TSK001231,1
VEH000414,TSK001231,0
VEH000060,TSK001231,1
VEH000468,TSK001231,1
VEH000269,TSK001231,0
VEH000459,TSK001231,0
VEH000528,TSK001231,1
VEH000406,TSK001231,1
VEH000229,TSK001231,1
VEH000379,TSK001231,1
VEH000003,TSK001231,0
VEH000028,TSK001231,0
VEH000100,TSK001231,0
VEH000335,TSK001231,1
VEH000048,TSK001231,1
VEH000368,TSK001231,0
VEH000309,TSK001231,0
VEH000499,TSK001231,1
VEH000225,TSK001231,0
VEH000330,TSK001231,1
VEH000279,TSK001231,1
VEH000341,TSK001231,1
VEH000049,TSK001231,1
VEH000344,TSK001231,1
VEH000042,TSK001231,0
VEH000311,TSK001231,0
VEH000287,TSK001231,0
VEH000421,TSK001231,1
VEH000516,TSK001231,0
VEH000510,TSK001231,0
VEH000084,TSK001231,1
VEH000266,TSK001231,0
VEH000051,TSK001231,0
VEH000016,TSK001231,1
VEH000526,TSK001231,0
VEH000247,TSK001231,1
VEH000252,TSK001231,1
VEH000314,TSK001231,1
VEH000242,TSK001231,0
VEH000433,TSK001231,1
VEH000366,TSK001231,0
VEH000318,TSK001231,0
VEH000290,TSK001231,1
VEH000008,TSK001231,0
VEH000530,TSK001231,0
VEH000081,TSK001231,0
VEH000304,TSK001231,0
VEH000358,TSK001231,0
VEH000026,TSK001231,1
VEH000430,TSK001231,1
VEH000067,TSK001231,0
VEH000088,TSK001231,0
VEH000417,TSK001231,0
VEH000015,TSK001231,0
VEH000024,TSK001231,1
VEH000250,TSK001231,0
VEH000267,TSK001231,0
VEH000034,TSK001231,1
VEH000532,TSK001231,0
VEH000482,TSK001231,0
VEH000386,TSK001231,1
VEH000389,TSK001231,0
VEH000007,TSK001231,1
VEH000367,TSK001231,0
VEH000230,TSK001231,0
VEH000327,TSK001231,1
VEH000426,TSK001231,1
VEH000073,TSK001231,0
VEH000488,TSK001231,0
VEH000222,TSK001231,1
VEH000047,TSK001231,1
VEH000263,TSK001231,1
VEH000346,TSK001231,0
VEH000292,TSK001280,1
VEH000097,TSK001280,1
VEH000077,TSK001280,1
VEH000251,TSK001280,1
VEH000429,TSK001280,0
VEH000036,TSK001280,0
VEH000525,TSK001280,0
VEH000320,TSK001280,0
VEH000313,TSK001280,1
VEH000312,TSK001280,1
VEH000299,TSK001280,0
VEH000298,TSK001280,0
VEH000431,TSK001280,0
VEH000246,TSK001280,1
VEH000061,TSK001280,1
VEH000096,TSK001280,0
VEH000059,TSK001280,0
VEH000336,TSK001280,1
VEH000284,TSK001280,1
VEH000397,TSK001280,0
VEH000334,TSK001280,1
VEH000259,TSK001280,1
VEH000527,TSK001280,1
VEH000031,TSK001280,0
VEH000348,TSK001280,0
VEH000271,TSK001280,0
VEH000089,TSK001280,0
VEH000385,TSK001280,0
VEH000414,TSK001280,0
VEH000060,TSK001280,1
VEH000468,TSK001280,0
VEH000269,TSK001280,1
VEH000459,TSK001280,0
VEH000528,TSK001280,1
VEH000406,TSK001280,0
VEH000229,TSK001280,1
VEH000379,TSK001280,1
VEH000003,TSK001280,0
VEH000028,TSK001280,1
VEH000100,TSK001280,0
VEH000335,TSK001280,1
VEH000048,TSK001280,1
VEH000368,TSK001280,1
VEH000309,TSK001280,0
VEH000499,TSK001280,1
VEH000225,TSK001280,0
VEH000330,TSK001280,0
VEH000279,TSK001280,1
VEH000341,TSK001280,1
VEH000049,TSK001280,1
VEH000344,TSK001280,0
VEH000042,TSK001280,0
VEH000311,TSK001280,0
VEH000287,TSK001280,0
VEH000421,TSK001280,1
VEH000516,TSK001280,0
VEH000510,TSK001280,0
VEH000084,TSK001280,1
VEH000266,TSK001280,0
VEH000051,TSK001280,1
VEH000016,TSK001280,1
VEH000526,TSK001280,1
VEH000247,TSK001280,1
VEH000252,TSK001280,0
VEH000314,TSK001280,0
VEH000242,TSK001280,1
VEH000433,TSK001280,0
VEH000366,TSK001280,1
VEH000318,TSK001280,0
VEH000290,TSK001280,0
VEH000008,TSK001280,0
VEH000530,TSK001280,0
VEH000081,TSK001280,1
VEH000304,TSK001280,0
VEH000358,TSK001280,0
VEH000026,TSK001280,0
VEH000430,TSK001280,1
VEH000067,TSK001280,1
VEH000088,TSK001280,1
VEH000417,TSK001280,0
VEH000015,TSK001280,1
VEH000024,TSK001280,1
VEH000250,TSK001280,0
VEH000267,TSK001280,1
VEH000034,TSK001280,1
VEH000532,TSK001280,0
VEH000482,TSK001280,1
VEH000386,TSK001280,0
VEH000389,TSK001280,1
VEH000007,TSK001280,0
VEH000367,TSK001280,0
VEH000230,TSK001280,0
VEH000327,TSK001280,1
VEH000426,TSK001280,1
VEH000073,TSK001280,1
VEH000488,TSK001280,1
VEH000222,TSK001280,1
VEH000047,TSK001280,0
VEH000263,TSK001280,0
VEH000346,TSK001280,1
VEH000292,TSK001317,0
VEH000097,TSK001317,1
VEH000077,TSK001317,0
VEH000251,TSK001317,1
VEH000429,TSK001317,1
VEH000036,TSK001317,1
VEH000525,TSK001317,1
VEH000320,TSK001317,0
VEH000313,TSK001317,0
VEH000312,TSK001317,1
VEH000299,TSK001317,0
VEH000298,TSK001317,1
VEH000431,TSK001317,0
VEH000246,TSK001317,1
VEH000061,TSK001317,0
VEH000096,TSK001317,1
VEH000059,TSK001317,1
VEH000336,TSK001317,0
VEH000284,TSK001317,1
VEH000397,TSK001317,0
VEH000334,TSK001317,0
VEH000259,TSK001317,0
VEH000527,TSK001317,1
VEH000031,TSK001317,1
VEH000348,TSK001317,0
VEH000271,TSK001317,0
VEH000089,TSK001317,1
VEH000385,TSK001317,0
VEH000414,TSK001317,1
VEH000060,TSK001317,1
VEH000468,TSK001317,1
VEH000269,TSK001317,0
VEH000459,TSK001317,0
VEH000528,TSK001317,1
VEH000406,TSK001317,0
VEH000229,TSK001317,0
VEH000379,TSK001317,0
VEH000003,TSK001317,0
VEH000028,TSK001317,0
VEH000100,TSK001317,0
VEH000335,TSK001317,1
VEH000048,TSK001317,1
VEH000368,TSK001317,0
VEH000309,TSK001317,1
VEH000499,TSK001317,0
VEH000225,TSK001317,0
VEH000330,TSK001317,0
VEH000279,TSK001317,1
VEH000341,TSK001317,1
VEH000049,TSK001317,1
VEH000344,TSK001317,0
VEH000042,TSK001317,1
VEH000311,TSK001317,1
VEH000287,TSK001317,1
VEH000421,TSK001317,0
VEH000516,TSK001317,1
VEH000510,TSK001317,0
VEH000084,TSK001317,1
VEH000266,TSK001317,1
VEH000051,TSK001317,0
VEH000016,TSK001317,1
VEH000526,TSK001317,0
VEH000247,TSK001317,1
VEH000252,TSK001317,1
VEH000314,TSK001317,0
VEH000242,TSK001317,0
VEH000433,TSK001317,1
VEH000366,TSK001317,0
VEH000318,TSK001317,0
VEH000290,TSK001317,1
VEH000008,TSK001317,1
VEH000530,TSK001317,0
VEH000081,TSK001317,1
VEH000304,TSK001317,1
VEH000358,TSK001317,1
VEH000026,TSK001317,0
VEH000430,TSK001317,1
VEH000067,TSK001317,0
VEH000088,TSK001317,1
VEH000417,TSK001317,0
VEH000015,TSK001317,0
VEH000024,TSK001317,0
VEH000250,TSK001317,0
VEH000267,TSK001317,0
VEH000034,TSK001317,0
VEH000532,TSK001317,1
VEH000482,TSK001317,1
VEH000386,TSK001317,1
VEH000389,TSK001317,0
VEH000007,TSK001317,0
VEH000367,TSK001317,0
VEH000230,TSK001317,1
VEH000327,TSK001317,0
VEH000426,TSK001317,0
VEH000073,TSK001317,1
VEH000488,TSK001317,0
VEH000222,TSK001317,1
VEH000047,TSK001317,1
VEH000263,TSK001317,1
VEH000346,TSK001317,1
VEH000292,TSK001348,1
VEH000097,TSK001348,1
VEH000077,TSK001348,0
VEH000251,TSK001348,0
VEH000429,TSK001348,1
VEH000036,TSK001348,0
VEH000525,TSK001348,0
VEH000320,TSK001348,0
VEH000313,TSK001348,1
VEH000312,TSK001348,0
VEH000299,TSK001348,1
VEH000298,TSK001348,0
VEH000431,TSK001348,1
VEH000246,TSK001348,0
VEH000061,TSK001348,1
VEH000096,TSK001348,0
VEH000059,TSK001348,1
VEH000336,TSK001348,0
VEH000284,TSK001348,1
VEH000397,TSK001348,1
VEH000334,TSK001348,1
VEH000259,TSK001348,0
VEH000527,TSK001348,0
VEH000031,TSK001348,1
VEH000348,TSK001348,0
VEH000271,TSK001348,0
VEH000089,TSK001348,1
VEH000385,TSK001348,1
VEH000414,TSK001348,1
VEH000060,TSK001348,0
VEH000468,TSK001348,0
VEH000269,TSK001348,0
VEH000459,TSK001348,1
VEH000528,TSK001348,0
VEH000406,TSK001348,0
VEH000229,TSK001348,0
VEH000379,TSK001348,1
VEH000003,TSK001348,0
VEH000028,TSK001348,0
VEH000100,TSK001348,0
VEH000335,TSK001348,0
VEH000048,TSK001348,0
VEH000368,TSK001348,1
VEH000309,TSK001348,0
VEH000499,TSK001348,0
VEH000225,TSK001348,1
VEH000330,TSK001348,1
VEH000279,TSK001348,1
VEH000341,TSK001348,0
VEH000049,TSK001348,1
VEH000344,TSK001348,0
VEH000042,TSK001348,0
VEH000311,TSK001348,0
VEH000287,TSK001348,1
VEH000421,TSK001348,0
VEH000516,TSK001348,0
VEH000510,TSK001348,1
VEH000084,TSK001348,0
VEH000266,TSK001348,1
VEH000051,TSK001348,0
VEH000016,TSK001348,1
VEH000526,TSK001348,0
VEH000247,TSK001348,0
VEH000252,TSK001348,1
VEH000314,TSK001348,1
VEH000242,TSK001348,0
VEH000433,TSK001348,0
VEH000366,TSK001348,1
VEH000318,TSK001348,0
VEH000290,TSK001348,0
VEH000008,TSK001348,1
VEH000530,TSK001348,0
VEH000081,TSK001348,1
VEH000304,TSK001348,0
VEH000358,TSK001348,0
VEH000026,TSK001348,1
VEH000430,TSK001348,0
VEH000067,TSK001348,1
VEH000088,TSK001348,1
VEH000417,TSK001348,1
VEH000015,TSK001348,1
VEH000024,TSK001348,1
VEH000250,TSK001348,1
VEH000267,TSK001348,1
VEH000034,TSK001348,1
VEH000532,TSK001348,0
VEH000482,TSK001348,1
VEH000386,TSK001348,1
VEH000389,TSK001348,1
VEH000007,TSK001348,1
VEH000367,TSK001348,0
VEH000230,TSK001348,1
VEH000327,TSK001348,0
VEH000426,TSK001348,1
VEH000073,TSK001348,0
VEH000488,TSK001348,1
VEH000222,TSK001348,1
VEH000047,TSK001348,1
VEH000263,TSK001348,0
VEH000346,TSK001348,1
VEH000292,TSK001379,0
VEH000097,TSK001379,0
VEH000077,TSK001379,0
VEH000251,TSK001379,1
VEH000429,TSK001379,0
VEH000036,TSK001379,0
VEH000525,TSK001379,1
VEH000320,TSK001379,1
VEH000313,TSK001379,0
VEH000312,TSK001379,0
VEH000299,TSK001379,1
VEH000298,TSK001379,0
VEH000431,TSK001379,0
VEH000246,TSK001379,1
VEH000061,TSK001379,1
VEH000096,TSK001379,0
VEH000059,TSK001379,0
VEH000336,TSK001379,0
VEH000284,TSK001379,1
VEH000397,TSK001379,1
VEH000334,TSK001379,1
VEH000259,TSK001379,0
VEH000527,TSK001379,0
VEH000031,TSK001379,1
VEH000348,TSK001379,0
VEH000271,TSK001379,0
VEH000089,TSK001379,1
VEH000385,TSK001379,1
VEH000414,TSK001379,1
VEH000060,TSK001379,0
VEH000468,TSK001379,0
VEH000269,TSK001379,0
VEH000459,TSK001379,0
VEH000528,TSK001379,0
VEH000406,TSK001379,0
VEH000229,TSK001379,1
VEH000379,TSK001379,0
VEH000003,TSK001379,1
VEH000028,TSK001379,0
VEH000100,TSK001379,1
VEH000335,TSK001379,1
VEH000048,TSK001379,1
VEH000368,TSK001379,1
VEH000309,TSK001379,1
VEH000499,TSK001379,0
VEH000225,TSK001379,1
VEH000330,TSK001379,1
VEH000279,TSK001379,0
VEH000341,TSK001379,0
VEH000049,TSK001379,0
VEH000344,TSK001379,1
VEH000042,TSK001379,0
VEH000311,TSK001379,0
VEH000287,TSK001379,0
VEH000421,TSK001379,1
VEH000516,TSK001379,1
VEH000510,TSK001379,1
VEH000084,TSK001379,0
VEH000266,TSK001379,0
VEH000051,TSK001379,0
VEH000016,TSK001379,1
VEH000526,TSK001379,0
VEH000247,TSK001379,1
VEH000252,TSK001379,1
VEH000314,TSK001379,1
VEH000242,TSK001379,0
VEH000433,TSK001379,1
VEH000366,TSK001379,0
VEH000318,TSK001379,1
VEH000290,TSK001379,1
VEH000008,TSK001379,0
VEH000530,TSK001379,1
VEH000081,TSK001379,0
VEH000304,TSK001379,1
VEH000358,TSK001379,1
VEH000026,TSK001379,0
VEH000430,TSK001379,1
VEH000067,TSK001379,1
VEH000088,TSK001379,0
VEH000417,TSK001379,0
VEH000015,TSK001379,1
VEH000024,TSK001379,1
VEH000250,TSK001379,0
VEH000267,TSK001379,1
VEH000034,TSK001379,1
VEH000532,TSK001379,1
VEH000482,TSK001379,0
VEH000386,TSK001379,1
VEH000389,TSK001379,1
VEH000007,TSK001379,1
VEH000367,TSK001379,1
VEH000230,TSK001379,1
VEH000327,TSK001379,0
VEH000426,TSK001379,0
VEH000073,TSK001379,1
VEH000488,TSK001379,0
VEH000222,TSK001379,0
VEH000047,TSK001379,1
VEH000263,TSK001379,0
VEH000346,TSK001379,0
VEH000292,TSK001445,0
VEH000097,TSK001445,1
VEH000077,TSK001445,0
VEH000251,TSK001445,1
VEH000429,TSK001445,0
VEH000036,TSK001445,1
VEH000525,TSK001445,0
VEH000320,TSK001445,1
VEH000313,TSK001445,1
VEH000312,TSK001445,1
VEH000299,TSK001445,1
VEH000298,TSK001445,1
VEH000431,TSK001445,0
VEH000246,TSK001445,1
VEH000061,TSK001445,1
VEH000096,TSK001445,0
VEH000059,TSK001445,0
VEH000336,TSK001445,1
VEH000284,TSK001445,0
VEH000397,TSK001445,1
VEH000334,TSK001445,1
VEH000259,TSK001445,0
VEH000527,TSK001445,1
VEH000031,TSK001445,0
VEH000348,TSK001445,0
VEH000271,TSK001445,0
VEH000089,TSK001445,1
VEH000385,TSK001445,1
VEH000414,TSK001445,1
VEH000060,TSK001445,1
VEH000468,TSK001445,1
VEH000269,TSK001445,0
VEH000459,TSK001445,1
VEH000528,TSK001445,0
VEH000406,TSK001445,1
VEH000229,TSK001445,0
VEH000379,TSK001445,1
VEH000003,TSK001445,0
VEH000028,TSK001445,1
VEH000100,TSK001445,0
VEH000335,TSK001445,0
VEH000048,TSK001445,0
VEH000368,TSK001445,0
VEH000309,TSK001445,1
VEH000499,TSK001445,1
VEH000225,TSK001445,0
VEH000330,TSK001445,1
VEH000279,TSK001445,0
VEH000341,TSK001445,1
VEH000049,TSK001445,1
VEH000344,TSK001445,0
VEH000042,TSK001445,0
VEH000311,TSK001445,1
VEH000287,TSK001445,1
VEH000421,TSK001445,0
VEH000516,TSK001445,0
VEH000510,TSK001445,0
VEH000084,TSK001445,0
VEH000266,TSK001445,0
VEH000051,TSK001445,1
VEH000016,TSK001445,0
VEH000526,TSK001445,1
VEH000247,TSK001445,0
VEH000252,TSK001445,1
VEH000314,TSK001445,0
VEH000242,TSK001445,0
VEH000433,TSK001445,0
VEH000366,TSK001445,0
VEH000318,TSK001445,0
VEH000290,TSK001445,0
VEH000008,TSK001445,0
VEH000530,TSK001445,1
VEH000081,TSK001445,1
VEH000304,TSK001445,1
VEH000358,TSK001445,0
VEH000026,TSK001445,1
VEH000430,TSK001445,0
VEH000067,TSK001445,1
VEH000088,TSK001445,0
VEH000417,TSK001445,1
VEH000015,TSK001445,1
VEH000024,TSK001445,0
VEH000250,TSK001445,0
VEH000267,TSK001445,1
VEH000034,TSK001445,1
VEH000532,TSK001445,1
VEH000482,TSK001445,0
VEH000386,TSK001445,1
VEH000389,TSK001445,1
VEH000007,TSK001445,1
VEH000367,TSK001445,0
VEH000230,TSK001445,0
VEH000327,TSK001445,0
VEH000426,TSK001445,0
VEH000073,TSK001445,1
VEH000488,TSK001445,1
VEH000222,TSK001445,1
VEH000047,TSK001445,0
VEH000263,TSK001445,0
VEH000346,TSK001445,1
VEH000292,TSK001506,0
VEH000097,TSK001506,0
VEH000077,TSK001506,1
VEH000251,TSK001506,0
VEH000429,TSK001506,0
VEH000036,TSK001506,1
VEH000525,TSK001506,0
VEH000320,TSK001506,0
VEH000313,TSK001506,0
VEH000312,TSK001506,0
VEH000299,TSK001506,0
VEH000298,TSK001506,1
VEH000431,TSK001506,0
VEH000246,TSK001506,0
VEH000061,TSK001506,1
VEH000096,TSK001506,0
VEH000059,TSK001506,1
VEH000336,TSK001506,1
VEH000284,TSK001506,1
VEH000397,TSK001506,1
VEH000334,TSK001506,1
VEH000259,TSK001506,1
VEH000527,TSK001506,0
VEH000031,TSK001506,0
VEH000348,TSK001506,0
VEH000271,TSK001506,0
VEH000089,TSK001506,1
VEH000385,TSK001506,1
VEH000414,TSK001506,0
VEH000060,TSK001506,0
VEH000468,TSK001506,1
VEH000269,TSK001506,1
VEH000459,TSK001506,1
VEH000528,TSK001506,0
VEH000406,TSK001506,0
VEH000229,TSK001506,0
VEH000379,TSK001506,1
VEH000003,TSK001506,0
VEH000028,TSK001506,0
VEH000100,TSK001506,0
VEH000335,TSK001506,0
VEH000048,TSK001506,1
VEH000368,TSK001506,0
VEH000309,TSK001506,0
VEH000499,TSK001506,0
VEH000225,TSK001506,0
VEH000330,TSK001506,1
VEH000279,TSK001506,0
VEH000341,TSK001506,1
VEH000049,TSK001506,1
VEH000344,TSK001506,0
VEH000042,TSK001506,1
VEH000311,TSK001506,1
VEH000287,TSK001506,0
VEH000421,TSK001506,1
VEH000516,TSK001506,0
VEH000510,TSK001506,0
VEH000084,TSK001506,1
VEH000266,TSK001506,0
VEH000051,TSK001506,0
VEH000016,TSK001506,1
VEH000526,TSK001506,1
VEH000247,TSK001506,1
VEH000252,TSK001506,1
VEH000314,TSK001506,0
VEH000242,TSK001506,0
VEH000433,TSK001506,0
VEH000366,TSK001506,1
VEH000318,TSK001506,1
VEH000290,TSK001506,1
VEH000008,TSK001506,1
VEH000530,TSK001506,1
VEH000081,TSK001506,1
VEH000304,TSK001506,0
VEH000358,TSK001506,0
VEH000026,TSK001506,0
VEH000430,TSK001506,1
VEH000067,TSK001506,1
VEH000088,TSK001506,1
VEH000417,TSK001506,0
VEH000015,TSK001506,0
VEH000024,TSK001506,1
VEH000250,TSK001506,1
VEH000267,TSK001506,1
VEH000034,TSK001506,0
VEH000532,TSK001506,0
VEH000482,TSK001506,1
VEH000386,TSK001506,1
VEH000389,TSK001506,1
VEH000007,TSK001506,1
VEH000367,TSK001506,1
VEH000230,TSK001506,1
VEH000327,TSK001506,0
VEH000426,TSK001506,1
VEH000073,TSK001506,0
VEH000488,TSK001506,1
VEH000222,TSK001506,0
VEH000047,TSK001506,0
VEH000263,TSK001506,1
VEH000346,TSK001506,1
VEH000292,TSK001507,1
VEH000097,TSK001507,0
VEH000077,TSK001507,0
VEH000251,TSK001507,0
VEH000429,TSK001507,1
VEH000036,TSK001507,0
VEH000525,TSK001507,1
VEH000320,TSK001507,0
VEH000313,TSK001507,1
VEH000312,TSK001507,1
VEH000299,TSK001507,0
VEH000298,TSK001507,1
VEH000431,TSK001507,0
VEH000246,TSK001507,1
VEH000061,TSK001507,1
VEH000096,TSK001507,1
VEH000059,TSK001507,0
VEH000336,TSK001507,1
VEH000284,TSK001507,1
VEH000397,TSK001507,1
VEH000334,TSK001507,0
VEH000259,TSK001507,0
VEH000527,TSK001507,0
VEH000031,TSK001507,0
VEH000348,TSK001507,0
VEH000271,TSK001507,1
VEH000089,TSK001507,1
VEH000385,TSK001507,0
VEH000414,TSK001507,0
VEH000060,TSK001507,1
VEH000468,TSK001507,0
VEH000269,TSK001507,0
VEH000459,TSK001507,0
VEH000528,TSK001507,0
VEH000406,TSK001507,0
VEH000229,TSK001507,0
VEH000379,TSK001507,1
VEH000003,TSK001507,0
VEH000028,TSK001507,1
VEH000100,TSK001507,1
VEH000335,TSK001507,1
VEH000048,TSK001507,1
VEH000368,TSK001507,1
VEH000309,TSK001507,1
VEH000499,TSK001507,1
VEH000225,TSK001507,0
VEH000330,TSK001507,0
VEH000279,TSK001507,0
VEH000341,TSK001507,0
VEH000049,TSK001507,1
VEH000344,TSK001507,0
VEH000042,TSK001507,1
VEH000311,TSK001507,0
VEH000287,TSK001507,1
VEH000421,TSK001507,1
VEH000516,TSK001507,0
VEH000510,TSK001507,1
VEH000084,TSK001507,0
VEH000266,TSK001507,1
VEH000051,TSK001507,1
VEH000016,TSK001507,1
VEH000526,TSK001507,1
VEH000247,TSK001507,1
VEH000252,TSK001507,0
VEH000314,TSK001507,0
VEH000242,TSK001507,1
VEH000433,TSK001507,1
VEH000366,TSK001507,0
VEH000318,TSK001507,0
VEH000290,TSK001507,1
VEH000008,TSK001507,1
VEH000530,TSK001507,1
VEH000081,TSK001507,0
VEH000304,TSK001507,0
VEH000358,TSK001507,0
VEH000026,TSK001507,0
VEH000430,TSK001507,0
VEH000067,TSK001507,0
VEH000088,TSK001507,0
VEH000417,TSK001507,1
VEH000015,TSK001507,1
VEH000024,TSK001507,1
VEH000250,TSK001507,0
VEH000267,TSK001507,0
VEH000034,TSK001507,0
VEH000532,TSK001507,0
VEH000482,TSK001507,1
VEH000386,TSK001507,0
VEH000389,TSK001507,1
VEH000007,TSK001507,0
VEH000367,TSK001507,1
VEH000230,TSK001507,1
VEH000327,TSK001507,1
VEH000426,TSK001507,1
VEH000073,TSK001507,1
VEH000488,TSK001507,1
VEH000222,TSK001507,1
VEH000047,TSK001507,0
VEH000263,TSK001507,0
VEH000346,TSK001507,0
VEH000292,TSK001618,0
VEH000097,TSK001618,0
VEH000077,TSK001618,1
VEH000251,TSK001618,0
VEH000429,TSK001618,1
VEH000036,TSK001618,1
VEH000525,TSK001618,1
VEH000320,TSK001618,1
VEH000313,TSK001618,0
VEH000312,TSK001618,0
VEH000299,TSK001618,1
VEH000298,TSK001618,1
VEH000431,TSK001618,0
VEH000246,TSK001618,1
VEH000061,TSK001618,0
VEH000096,TSK001618,0
VEH000059,TSK001618,1
VEH000336,TSK001618,1
VEH000284,TSK001618,1
VEH000397,TSK001618,0
VEH000334,TSK001618,0
VEH000259,TSK001618,0
VEH000527,TSK001618,1
VEH000031,TSK001618,0
VEH000348,TSK001618,1
VEH000271,TSK001618,1
VEH000089,TSK001618,0
VEH000385,TSK001618,0
VEH000414,TSK001618,0
VEH000060,TSK001618,1
VEH000468,TSK001618,1
VEH000269,TSK001618,0
VEH000459,TSK001618,0
VEH000528,TSK001618,1
VEH000406,TSK001618,0
VEH000229,TSK001618,0
VEH000379,TSK001618,1
VEH000003,TSK001618,1
VEH000028,TSK001618,1
VEH000100,TSK001618,0
VEH000335,TSK001618,0
VEH000048,TSK001618,1
VEH000368,TSK001618,1
VEH000309,TSK001618,1
VEH000499,TSK001618,1
VEH000225,TSK001618,0
VEH000330,TSK001618,0
VEH000279,TSK001618,1
VEH000341,TSK001618,1
VEH000049,TSK001618,1
VEH000344,TSK001618,1
VEH000042,TSK001618,1
VEH000311,TSK001618,0
VEH000287,TSK001618,0
VEH000421,TSK001618,1
VEH000516,TSK001618,1
VEH000510,TSK001618,1
VEH000084,TSK001618,0
VEH000266,TSK001618,0
VEH000051,TSK001618,0
VEH000016,TSK001618,0
VEH000526,TSK001618,1
VEH000247,TSK001618,1
VEH000252,TSK001618,0
VEH000314,TSK001618,1
VEH000242,TSK001618,1
VEH000433,TSK001618,0
VEH000366,TSK001618,0
VEH000318,TSK001618,0
VEH000290,TSK001618,0
VEH000008,TSK001618,1
VEH000530,TSK001618,1
VEH000081,TSK001618,0
VEH000304,TSK001618,1
VEH000358,TSK001618,0
VEH000026,TSK001618,0
VEH000430,TSK001618,1
VEH000067,TSK001618,0
VEH000088,TSK001618,0
VEH000417,TSK001618,0
VEH000015,TSK001618,1
VEH000024,TSK001618,0
VEH000250,TSK001618,0
VEH000267,TSK001618,0
VEH000034,TSK001618,0
VEH000532,TSK001618,1
VEH000482,TSK001618,0
VEH000386,TSK001618,0
VEH000389,TSK001618,1
VEH000007,TSK001618,1
VEH000367,TSK001618,1
VEH000230,TSK001618,1
VEH000327,TSK001618,0
VEH000426,TSK001618,0
VEH000073,TSK001618,1
VEH000488,TSK001618,0
VEH000222,TSK001618,1
VEH000047,TSK001618,0
VEH000263,TSK001618,1
VEH000346,TSK001618,1
VEH000292,TSK001632,1
VEH000097,TSK001632,0
VEH000077,TSK001632,1
VEH000251,TSK001632,1
VEH000429,TSK001632,1
VEH000036,TSK001632,1
VEH000525,TSK001632,1
VEH000320,TSK001632,0
VEH000313,TSK001632,0
VEH000312,TSK001632,0
VEH000299,TSK001632,0
VEH000298,TSK001632,1
VEH000431,TSK001632,1
VEH000246,TSK001632,0
VEH000061,TSK001632,0
VEH000096,TSK001632,1
VEH000059,TSK001632,0
VEH000336,TSK001632,1
VEH000284,TSK001632,1
VEH000397,TSK001632,0
VEH000334,TSK001632,1
VEH000259,TSK001632,0
VEH000527,TSK001632,1
VEH000031,TSK001632,0
VEH000348,TSK001632,0
VEH000271,TSK001632,1
VEH000089,TSK001632,1
VEH000385,TSK001632,0
VEH000414,TSK001632,1
VEH000060,TSK001632,1
VEH000468,TSK001632,1
VEH000269,TSK001632,1
VEH000459,TSK001632,0
VEH000528,TSK001632,1
VEH000406,TSK001632,1
VEH000229,TSK001632,0
VEH000379,TSK001632,0
VEH000003,TSK001632,0
VEH000028,TSK001632,0
VEH000100,TSK001632,1
VEH000335,TSK001632,0
VEH000048,TSK001632,1
VEH000368,TSK001632,1
VEH000309,TSK001632,0
VEH000499,TSK001632,0
VEH000225,TSK001632,0
VEH000330,TSK001632,1
VEH000279,TSK001632,0
VEH000341,TSK001632,1
VEH000049,TSK001632,1
VEH000344,TSK001632,0
VEH000042,TSK001632,1
VEH000311,TSK001632,1
VEH000287,TSK001632,0
VEH000421,TSK001632,1
VEH000516,TSK001632,1
VEH000510,TSK001632,0
VEH000084,TSK001632,1
VEH000266,TSK001632,1
VEH000051,TSK001632,0
VEH000016,TSK001632,1
VEH000526,TSK001632,1
VEH000247,TSK001632,0
VEH000252,TSK001632,0
VEH000314,TSK001632,0
VEH000242,TSK001632,0
VEH000433,TSK001632,1
VEH000366,TSK001632,0
VEH000318,TSK001632,1
VEH000290,TSK001632,0
VEH000008,TSK001632,1
VEH000530,TSK001632,1
VEH000081,TSK001632,1
VEH000304,TSK001632,1
VEH000358,TSK001632,1
VEH000026,TSK001632,0
VEH000430,TSK001632,1
VEH000067,TSK001632,0
VEH000088,TSK001632,0
VEH000417,TSK001632,1
VEH000015,TSK001632,1
VEH000024,TSK001632,0
VEH000250,TSK001632,0
VEH000267,TSK001632,0
VEH000034,TSK001632,1
VEH000532,TSK001632,0
VEH000482,TSK001632,0
VEH000386,TSK001632,0
VEH000389,TSK001632,1
VEH000007,TSK001632,0
VEH000367,TSK001632,1
VEH000230,TSK001632,0
VEH000327,TSK001632,0
VEH000426,TSK001632,1
VEH000073,TSK001632,0
VEH000488,TSK001632,0
VEH000222,TSK001632,0
VEH000047,TSK001632,0
VEH000263,TSK001632,1
VEH000346,TSK001632,0
VEH000292,TSK001683,1
VEH000097,TSK001683,0
VEH000077,TSK001683,0
VEH000251,TSK001683,1
VEH000429,TSK001683,1
VEH000036,TSK001683,1
VEH000525,TSK001683,0
VEH000320,TSK001683,0
VEH000313,TSK001683,1
VEH000312,TSK001683,1
VEH000299,TSK001683,0
VEH000298,TSK001683,0
VEH000431,TSK001683,0
VEH000246,TSK001683,0
VEH000061,TSK001683,1
VEH000096,TSK001683,1
VEH000059,TSK001683,1
VEH000336,TSK001683,0
VEH000284,TSK001683,1
VEH000397,TSK001683,0
VEH000334,TSK001683,0
VEH000259,TSK001683,1
VEH000527,TSK001683,1
VEH000031,TSK001683,0
VEH000348,TSK001683,1
VEH000271,TSK001683,0
VEH000089,TSK001683,1
VEH000385,TSK001683,0
VEH000414,TSK001683,1
VEH000060,TSK001683,0
VEH000468,TSK001683,1
VEH000269,TSK001683,1
VEH000459,TSK001683,1
VEH000528,TSK001683,0
VEH000406,TSK001683,0
VEH000229,TSK001683,0
VEH000379,TSK001683,1
VEH000003,TSK001683,0
VEH000028,TSK001683,1
VEH000100,TSK001683,0
VEH000335,TSK001683,0
VEH000048,TSK001683,1
VEH000368,TSK001683,1
VEH000309,TSK001683,1
VEH000499,TSK001683,0
VEH000225,TSK001683,0
VEH000330,TSK001683,1
VEH000279,TSK001683,0
VEH000341,TSK001683,1
VEH000049,TSK001683,0
VEH000344,TSK001683,1
VEH000042,TSK001683,0
VEH000311,TSK001683,0
VEH000287,TSK001683,0
VEH000421,TSK001683,0
VEH000516,TSK001683,1
VEH000510,TSK001683,0
VEH000084,TSK001683,0
VEH000266,TSK001683,1
VEH000051,TSK001683,1
VEH000016,TSK001683,0
VEH000526,TSK001683,1
VEH000247,TSK001683,1
VEH000252,TSK001683,1
VEH000314,TSK001683,0
VEH000242,TSK001683,0
VEH000433,TSK001683,0
VEH000366,TSK001683,1
VEH000318,TSK001683,0
VEH000290,TSK001683,1
VEH000008,TSK001683,1
VEH000530,TSK001683,1
VEH000081,TSK001683,0
VEH000304,TSK001683,1
VEH000358,TSK001683,1
VEH000026,TSK001683,1
VEH000430,TSK001683,1
VEH000067,TSK001683,1
VEH000088,TSK001683,1
VEH000417,TSK001683,1
VEH000015,TSK001683,1
VEH000024,TSK001683,0
VEH000250,TSK001683,1
VEH000267,TSK001683,0
VEH000034,TSK001683,0
VEH000532,TSK001683,0
VEH000482,TSK001683,0
VEH000386,TSK001683,1
VEH000389,TSK001683,0
VEH000007,TSK001683,1
VEH000367,TSK001683,1
VEH000230,TSK001683,1
VEH000327,TSK001683,0
VEH000426,TSK001683,0
VEH000073,TSK001683,0
VEH000488,TSK001683,1
VEH000222,TSK001683,0
VEH000047,TSK001683,0
VEH000263,TSK001683,0
VEH000346,TSK001683,0
VEH000292,TSK001695,0
VEH000097,TSK001695,1
VEH000077,TSK001695,1
VEH000251,TSK001695,1
VEH000429,TSK001695,0
VEH000036,TSK001695,1
VEH000525,TSK001695,0
VEH000320,TSK001695,0
VEH000313,TSK001695,0
VEH000312,TSK001695,1
VEH000299,TSK001695,1
VEH000298,TSK001695,1
VEH000431,TSK001695,0
VEH000246,TSK001695,0
VEH000061,TSK001695,0
VEH000096,TSK001695,1
VEH000059,TSK001695,0
VEH000336,TSK001695,1
VEH000284,TSK001695,1
VEH000397,TSK001695,1
VEH000334,TSK001695,0
VEH000259,TSK001695,1
VEH000527,TSK001695,0
VEH000031,TSK001695,1
VEH000348,TSK001695,1
VEH000271,TSK001695,1
VEH000089,TSK001695,1
VEH000385,TSK001695,1
VEH000414,TSK001695,0
VEH000060,TSK001695,0
VEH000468,TSK001695,0
VEH000269,TSK001695,0
VEH000459,TSK001695,0
VEH000528,TSK001695,1
VEH000406,TSK001695,0
VEH000229,TSK001695,0
VEH000379,TSK001695,1
VEH000003,TSK001695,0
VEH000028,TSK001695,1
VEH000100,TSK001695,0
VEH000335,TSK001695,1
VEH000048,TSK001695,0
VEH000368,TSK001695,1
VEH000309,TSK001695,0
VEH000499,TSK001695,0
VEH000225,TSK001695,1
VEH000330,TSK001695,0
VEH000279,TSK001695,1
VEH000341,TSK001695,1
VEH000049,TSK001695,1
VEH000344,TSK001695,0
VEH000042,TSK001695,0
VEH000311,TSK001695,1
VEH000287,TSK001695,1
VEH000421,TSK001695,1
VEH000516,TSK001695,1
VEH000510,TSK001695,1
VEH000084,TSK001695,0
VEH000266,TSK001695,0
VEH000051,TSK001695,1
VEH000016,TSK001695,1
VEH000526,TSK001695,0
VEH000247,TSK001695,1
VEH000252,TSK001695,0
VEH000314,TSK001695,1
VEH000242,TSK001695,1
VEH000433,TSK001695,0
VEH000366,TSK001695,1
VEH000318,TSK001695,0
VEH000290,TSK001695,1
VEH000008,TSK001695,0
VEH000530,TSK001695,1
VEH000081,TSK001695,0
VEH000304,TSK001695,0
VEH000358,TSK001695,1
VEH000026,TSK001695,1
VEH000430,TSK001695,0
VEH000067,TSK001695,0
VEH000088,TSK001695,1
VEH000417,TSK001695,1
VEH000015,TSK001695,0
VEH000024,TSK001695,0
VEH000250,TSK001695,1
VEH000267,TSK001695,1
VEH000034,TSK001695,0
VEH000532,TSK001695,0
VEH000482,TSK001695,0
VEH000386,TSK001695,0
VEH000389,TSK001695,1
VEH000007,TSK001695,0
VEH000367,TSK001695,0
VEH000230,TSK001695,0
VEH000327,TSK001695,1
VEH000426,TSK001695,0
VEH000073,TSK001695,0
VEH000488,TSK001695,0
VEH000222,TSK001695,1
VEH000047,TSK001695,1
VEH000263,TSK001695,0
VEH000346,TSK001695,1
VEH000292,TSK001767,1
VEH000097,TSK001767,1
VEH000077,TSK001767,0
VEH000251,TSK001767,0
VEH000429,TSK001767,0
VEH000036,TSK001767,0
VEH000525,TSK001767,0
VEH000320,TSK001767,0
VEH000313,TSK001767,1
VEH000312,TSK001767,0
VEH000299,TSK001767,0
VEH000298,TSK001767,1
VEH000431,TSK001767,0
VEH000246,TSK001767,0
VEH000061,TSK001767,0
VEH000096,TSK001767,1
VEH000059,TSK001767,0
VEH000336,TSK001767,0
VEH000284,TSK001767,1
VEH000397,TSK001767,1
VEH000334,TSK001767,0
VEH000259,TSK001767,1
VEH000527,TSK001767,0
VEH000031,TSK001767,1
VEH000348,TSK001767,0
VEH000271,TSK001767,1
VEH000089,TSK001767,0
VEH000385,TSK001767,1
VEH000414,TSK001767,0
VEH000060,TSK001767,1
VEH000468,TSK001767,1
VEH000269,TSK001767,1
VEH000459,TSK001767,0
VEH000528,TSK001767,1
VEH000406,TSK001767,1
VEH000229,TSK001767,1
VEH000379,TSK001767,1
VEH000003,TSK001767,1
VEH000028,TSK001767,0
VEH000100,TSK001767,1
VEH000335,TSK001767,0
VEH000048,TSK001767,0
VEH000368,TSK001767,1
VEH000309,TSK001767,0
VEH000499,TSK001767,0
VEH000225,TSK001767,0
VEH000330,TSK001767,1
VEH000279,TSK001767,1
VEH000341,TSK001767,0
VEH000049,TSK001767,1
VEH000344,TSK001767,0
VEH000042,TSK001767,1
VEH000311,TSK001767,0
VEH000287,TSK001767,1
VEH000421,TSK001767,0
VEH000516,TSK001767,0
VEH000510,TSK001767,1
VEH000084,TSK001767,0
VEH000266,TSK001767,0
VEH000051,TSK001767,0
VEH000016,TSK001767,1
VEH000526,TSK001767,1
VEH000247,TSK001767,0
VEH000252,TSK001767,1
VEH000314,TSK001767,1
VEH000242,TSK001767,1
VEH000433,TSK001767,1
VEH000366,TSK001767,0
VEH000318,TSK001767,1
VEH000290,TSK001767,1
VEH000008,TSK001767,0
VEH000530,TSK001767,0
VEH000081,TSK001767,0
VEH000304,TSK001767,0
VEH000358,TSK001767,1
VEH000026,TSK001767,0
VEH000430,TSK001767,0
VEH000067,TSK001767,1
VEH000088,TSK001767,1
VEH000417,TSK001767,0
VEH000015,TSK001767,1
VEH000024,TSK001767,1
VEH000250,TSK001767,1
VEH000267,TSK001767,0
VEH000034,TSK001767,1
VEH000532,TSK001767,0
VEH000482,TSK001767,0
VEH000386,TSK001767,0
VEH000389,TSK001767,1
VEH000007,TSK001767,1
VEH000367,TSK001767,1
VEH000230,TSK001767,0
VEH000327,TSK001767,1
VEH000426,TSK001767,1
VEH000073,TSK001767,0
VEH000488,TSK001767,1
VEH000222,TSK001767,1
VEH000047,TSK001767,0
VEH000263,TSK001767,0
VEH000346,TSK001767,1
VEH000292,TSK001806,0
VEH000097,TSK001806,0
VEH000077,TSK001806,1
VEH000251,TSK001806,1
VEH000429,TSK001806,0
VEH000036,TSK001806,0
VEH000525,TSK001806,0
VEH000320,TSK001806,0
VEH000313,TSK001806,0
VEH000312,TSK001806,0
VEH000299,TSK001806,0
VEH000298,TSK001806,1
VEH000431,TSK001806,0
VEH000246,TSK001806,0
VEH000061,TSK001806,1
VEH000096,TSK001806,1
VEH000059,TSK001806,0
VEH000336,TSK001806,1
VEH000284,TSK001806,0
VEH000397,TSK001806,0
VEH000334,TSK001806,1
VEH000259,TSK001806,0
VEH000527,TSK001806,1
VEH000031,TSK001806,0
VEH000348,TSK001806,0
VEH000271,TSK001806,1
VEH000089,TSK001806,1
VEH000385,TSK001806,0
VEH000414,TSK001806,0
VEH000060,TSK001806,1
VEH000468,TSK001806,1
VEH000269,TSK001806,1
VEH000459,TSK001806,0
VEH000528,TSK001806,0
VEH000406,TSK001806,1
VEH000229,TSK001806,0
VEH000379,TSK001806,0
VEH000003,TSK001806,1
VEH000028,TSK001806,0
VEH000100,TSK001806,1
VEH000335,TSK001806,1
VEH000048,TSK001806,1
VEH000368,TSK001806,0
VEH000309,TSK001806,1
VEH000499,TSK001806,0
VEH000225,TSK001806,0
VEH000330,TSK001806,1
VEH000279,TSK001806,1
VEH000341,TSK001806,1
VEH000049,TSK001806,1
VEH000344,TSK001806,0
VEH000042,TSK001806,1
VEH000311,TSK001806,0
VEH000287,TSK001806,1
VEH000421,TSK001806,1
VEH000516,TSK001806,1
VEH000510,TSK001806,0
VEH000084,TSK001806,1
VEH000266,TSK001806,1
VEH000051,TSK001806,0
VEH000016,TSK001806,1
VEH000526,TSK001806,0
VEH000247,TSK001806,1
VEH000252,TSK001806,1
VEH000314,TSK001806,0
VEH000242,TSK001806,1
VEH000433,TSK001806,1
VEH000366,TSK001806,1
VEH000318,TSK001806,0
VEH000290,TSK001806,1
VEH000008,TSK001806,1
VEH000530,TSK001806,1
VEH000081,TSK001806,1
VEH000304,TSK001806,0
VEH000358,TSK001806,1
VEH000026,TSK001806,1
VEH000430,TSK001806,1
VEH000067,TSK001806,0
VEH000088,TSK001806,1
VEH000417,TSK001806,0
VEH000015,TSK001806,1
VEH000024,TSK001806,1
VEH000250,TSK001806,1
VEH000267,TSK001806,0
VEH000034,TSK001806,1
VEH000532,TSK001806,0
VEH000482,TSK001806,0
VEH000386,TSK001806,0
VEH000389,TSK001806,0
VEH000007,TSK001806,1
VEH000367,TSK001806,0
VEH000230,TSK001806,0
VEH000327,TSK001806,1
VEH000426,TSK001806,0
VEH000073,TSK001806,0
VEH000488,TSK001806,0
VEH000222,TSK001806,0
VEH000047,TSK001806,0
VEH000263,TSK001806,0
VEH000346,TSK001806,1
VEH000292,TSK001815,0
VEH000097,TSK001815,1
VEH000077,TSK001815,0
VEH000251,TSK001815,1
VEH000429,TSK001815,1
VEH000036,TSK001815,1
VEH000525,TSK001815,0
VEH000320,TSK001815,1
VEH000313,TSK001815,1
VEH000312,TSK001815,1
VEH000299,TSK001815,1
VEH000298,TSK001815,0
VEH000431,TSK001815,1
VEH000246,TSK001815,1
VEH000061,TSK001815,0
VEH000096,TSK001815,1
VEH000059,TSK001815,1
VEH000336,TSK001815,1
VEH000284,TSK001815,1
VEH000397,TSK001815,0
VEH000334,TSK001815,1
VEH000259,TSK001815,1
VEH000527,TSK001815,1
VEH000031,TSK001815,0
VEH000348,TSK001815,0
VEH000271,TSK001815,0
VEH000089,TSK001815,0
VEH000385,TSK001815,1
VEH000414,TSK001815,0
VEH000060,TSK001815,1
VEH000468,TSK001815,1
VEH000269,TSK001815,1
VEH000459,TSK001815,1
VEH000528,TSK001815,0
VEH000406,TSK001815,1
VEH000229,TSK001815,1
VEH000379,TSK001815,0
VEH000003,TSK001815,0
VEH000028,TSK001815,0
VEH000100,TSK001815,1
VEH000335,TSK001815,0
VEH000048,TSK001815,1
VEH000368,TSK001815,0
VEH000309,TSK001815,0
VEH000499,TSK001815,1
VEH000225,TSK001815,0
VEH000330,TSK001815,0
VEH000279,TSK001815,1
VEH000341,TSK001815,0
VEH000049,TSK001815,1
VEH000344,TSK001815,0
VEH000042,TSK001815,1
VEH000311,TSK001815,1
VEH000287,TSK001815,0
VEH000421,TSK001815,0
VEH000516,TSK001815,0
VEH000510,TSK001815,0
VEH000084,TSK001815,1
VEH000266,TSK001815,0
VEH000051,TSK001815,0
VEH000016,TSK001815,0
VEH000526,TSK001815,0
VEH000247,TSK001815,1
VEH000252,TSK001815,0
VEH000314,TSK001815,1
VEH000242,TSK001815,1
VEH000433,TSK001815,1
VEH000366,TSK001815,0
VEH000318,TSK001815,1
VEH000290,TSK001815,0
VEH000008,TSK001815,0
VEH000530,TSK001815,0
VEH000081,TSK001815,1
VEH000304,TSK001815,0
VEH000358,TSK001815,0
VEH000026,TSK001815,0
VEH000430,TSK001815,1
VEH000067,TSK001815,0
VEH000088,TSK001815,0
VEH000417,TSK001815,0
VEH000015,TSK001815,0
VEH000024,TSK001815,1
VEH000250,TSK001815,1
VEH000267,TSK001815,0
VEH000034,TSK001815,0
VEH000532,TSK001815,0
VEH000482,TSK001815,1
VEH000386,TSK001815,1
VEH000389,TSK001815,1
VEH000007,TSK001815,0
VEH000367,TSK001815,0
VEH000230,TSK001815,1
VEH000327,TSK001815,1
VEH000426,TSK001815,1
VEH000073,TSK001815,1
VEH000488,TSK001815,1
VEH000222,TSK001815,0
VEH000047,TSK001815,0
VEH000263,TSK001815,0
VEH000346,TSK001815,1
VEH000292,TSK002039,0
VEH000097,TSK002039,0
VEH000077,TSK002039,1
VEH000251,TSK002039,1
VEH000429,TSK002039,0
VEH000036,TSK002039,0
VEH000525,TSK002039,0
VEH000320,TSK002039,1
VEH000313,TSK002039,1
VEH000312,TSK002039,0
VEH000299,TSK002039,1
VEH000298,TSK002039,0
VEH000431,TSK002039,0
VEH000246,TSK002039,0
VEH000061,TSK002039,1
VEH000096,TSK002039,0
VEH000059,TSK002039,0
VEH000336,TSK002039,0
VEH000284,TSK002039,1
VEH000397,TSK002039,0
VEH000334,TSK002039,0
VEH000259,TSK002039,1
VEH000527,TSK002039,0
VEH000031,TSK002039,0
VEH000348,TSK002039,0
VEH000271,TSK002039,1
VEH000089,TSK002039,1
VEH000385,TSK002039,1
VEH000414,TSK002039,1
VEH000060,TSK002039,1
VEH000468,TSK002039,0
VEH000269,TSK002039,1
VEH000459,TSK002039,1
VEH000528,TSK002039,1
VEH000406,TSK002039,1
VEH000229,TSK002039,1
VEH000379,TSK002039,1
VEH000003,TSK002039,1
VEH000028,TSK002039,1
VEH000100,TSK002039,1
VEH000335,TSK002039,0
VEH000048,TSK002039,1
VEH000368,TSK002039,1
VEH000309,TSK002039,1
VEH000499,TSK002039,0
VEH000225,TSK002039,0
VEH000330,TSK002039,1
VEH000279,TSK002039,1
VEH000341,TSK002039,1
VEH000049,TSK002039,1
VEH000344,TSK002039,0
VEH000042,TSK002039,1
VEH000311,TSK002039,0
VEH000287,TSK002039,0
VEH000421,TSK002039,0
VEH000516,TSK002039,1
VEH000510,TSK002039,1
VEH000084,TSK002039,1
VEH000266,TSK002039,0
VEH000051,TSK002039,1
VEH000016,TSK002039,0
VEH000526,TSK002039,0
VEH000247,TSK002039,1
VEH000252,TSK002039,0
VEH000314,TSK002039,0
VEH000242,TSK002039,0
VEH000433,TSK002039,0
VEH000366,TSK002039,1
VEH000318,TSK002039,0
VEH000290,TSK002039,0
VEH000008,TSK002039,0
VEH000530,TSK002039,0
VEH000081,TSK002039,0
VEH000304,TSK002039,0
VEH000358,TSK002039,1
VEH000026,TSK002039,0
VEH000430,TSK002039,0
VEH000067,TSK002039,1
VEH000088,TSK002039,1
VEH000417,TSK002039,0
VEH000015,TSK002039,1
VEH000024,TSK002039,0
VEH000250,TSK002039,0
VEH000267,TSK002039,1
VEH000034,TSK002039,1
VEH000532,TSK002039,0
VEH000482,TSK002039,0
VEH000386,TSK002039,1
VEH000389,TSK002039,1
VEH000007,TSK002039,0
VEH000367,TSK002039,1
VEH000230,TSK002039,0
VEH000327,TSK002039,1
VEH000426,TSK002039,1
VEH000073,TSK002039,0
VEH000488,TSK002039,0
VEH000222,TSK002039,1
VEH000047,TSK002039,0
VEH000263,TSK002039,1
VEH000346,TSK002039,1
VEH000292,TSK002085,0
VEH000097,TSK002085,0
VEH000077,TSK002085,0
VEH000251,TSK002085,0
VEH000429,TSK002085,1
VEH000036,TSK002085,0
VEH000525,TSK002085,1
VEH000320,TSK002085,1
VEH000313,TSK002085,1
VEH000312,TSK002085,0
VEH000299,TSK002085,1
VEH000298,TSK002085,1
VEH000431,TSK002085,0
VEH000246,TSK002085,0
VEH000061,TSK002085,0
VEH000096,TSK002085,1
VEH000059,TSK002085,1
VEH000336,TSK002085,0
VEH000284,TSK002085,1
VEH000397,TSK002085,1
VEH000334,TSK002085,1
VEH000259,TSK002085,1
VEH000527,TSK002085,1
VEH000031,TSK002085,1
VEH000348,TSK002085,0
VEH000271,TSK002085,0
VEH000089,TSK002085,1
VEH000385,TSK002085,0
VEH000414,TSK002085,1
VEH000060,TSK002085,0
VEH000468,TSK002085,1
VEH000269,TSK002085,0
VEH000459,TSK002085,0
VEH000528,TSK002085,1
VEH000406,TSK002085,0
VEH000229,TSK002085,1
VEH000379,TSK002085,0
VEH000003,TSK002085,0
VEH000028,TSK002085,1
VEH000100,TSK002085,0
VEH000335,TSK002085,1
VEH000048,TSK002085,0
VEH000368,TSK002085,0
VEH000309,TSK002085,0
VEH000499,TSK002085,0
VEH000225,TSK002085,1
VEH000330,TSK002085,0
VEH000279,TSK002085,0
VEH000341,TSK002085,1
VEH000049,TSK002085,1
VEH000344,TSK002085,1
VEH000042,TSK002085,0
VEH000311,TSK002085,0
VEH000287,TSK002085,1
VEH000421,TSK002085,1
VEH000516,TSK002085,1
VEH000510,TSK002085,0
VEH000084,TSK002085,0
VEH000266,TSK002085,1
VEH000051,TSK002085,0
VEH000016,TSK002085,0
VEH000526,TSK002085,1
VEH000247,TSK002085,0
VEH000252,TSK002085,1
VEH000314,TSK002085,0
VEH000242,TSK002085,0
VEH000433,TSK002085,1
VEH000366,TSK002085,0
VEH000318,TSK002085,1
VEH000290,TSK002085,1
VEH000008,TSK002085,0
VEH000530,TSK002085,1
VEH000081,TSK002085,0
VEH000304,TSK002085,0
VEH000358,TSK002085,1
VEH000026,TSK002085,0
VEH000430,TSK002085,0
VEH000067,TSK002085,1
VEH000088,TSK002085,1
VEH000417,TSK002085,1
VEH000015,TSK002085,1
VEH000024,TSK002085,1
VEH000250,TSK002085,1
VEH000267,TSK002085,0
VEH000034,TSK002085,0
VEH000532,TSK002085,1
VEH000482,TSK002085,1
VEH000386,TSK002085,0
VEH000389,TSK002085,0
VEH000007,TSK002085,1
VEH000367,TSK002085,0
VEH000230,TSK002085,1
VEH000327,TSK002085,1
VEH000426,TSK002085,0
VEH000073,TSK002085,0
VEH000488,TSK002085,1
VEH000222,TSK002085,0
VEH000047,TSK002085,1
VEH000263,TSK002085,0
VEH000346,TSK002085,1
VEH000292,TSK002121,0
VEH000097,TSK002121,1
VEH000077,TSK002121,1
VEH000251,TSK002121,0
VEH000429,TSK002121,1
VEH000036,TSK002121,1
VEH000525,TSK002121,1
VEH000320,TSK002121,0
VEH000313,TSK002121,1
VEH000312,TSK002121,0
VEH000299,TSK002121,1
VEH000298,TSK002121,0
VEH000431,TSK002121,0
VEH000246,TSK002121,1
VEH000061,TSK002121,1
VEH000096,TSK002121,0
VEH000059,TSK002121,1
VEH000336,TSK002121,1
VEH000284,TSK002121,1
VEH000397,TSK002121,1
VEH000334,TSK002121,0
VEH000259,TSK002121,1
VEH000527,TSK002121,0
VEH000031,TSK002121,0
VEH000348,TSK002121,0
VEH000271,TSK002121,1
VEH000089,TSK002121,1
VEH000385,TSK002121,0
VEH000414,TSK002121,1
VEH000060,TSK002121,1
VEH000468,TSK002121,1
VEH000269,TSK002121,0
VEH000459,TSK002121,1
VEH000528,TSK002121,0
VEH000406,TSK002121,0
VEH000229,TSK002121,1
VEH000379,TSK002121,0
VEH000003,TSK002121,0
VEH000028,TSK002121,0
VEH000100,TSK002121,1
VEH000335,TSK002121,0
VEH000048,TSK002121,1
VEH000368,TSK002121,0
VEH000309,TSK002121,0
VEH000499,TSK002121,1
VEH000225,TSK002121,1
VEH000330,TSK002121,0
VEH000279,TSK002121,1
VEH000341,TSK002121,0
VEH000049,TSK002121,1
VEH000344,TSK002121,0
VEH000042,TSK002121,0
VEH000311,TSK002121,1
VEH000287,TSK002121,1
VEH000421,TSK002121,0
VEH000516,TSK002121,1
VEH000510,TSK002121,1
VEH000084,TSK002121,1
VEH000266,TSK002121,0
VEH000051,TSK002121,1
VEH000016,TSK002121,1
VEH000526,TSK002121,0
VEH000247,TSK002121,0
VEH000252,TSK002121,1
VEH000314,TSK002121,1
VEH000242,TSK002121,0
VEH000433,TSK002121,1
VEH000366,TSK002121,0
VEH000318,TSK002121,1
VEH000290,TSK002121,0
VEH000008,TSK002121,0
VEH000530,TSK002121,1
VEH000081,TSK002121,0
VEH000304,TSK002121,1
VEH000358,TSK002121,0
VEH000026,TSK002121,0
VEH000430,TSK002121,0
VEH000067,TSK002121,0
VEH000088,TSK002121,0
VEH000417,TSK002121,1
VEH000015,TSK002121,1
VEH000024,TSK002121,0
VEH000250,TSK002121,0
VEH000267,TSK002121,0
VEH000034,TSK002121,1
VEH000532,TSK002121,1
VEH000482,TSK002121,0
VEH000386,TSK002121,1
VEH000389,TSK002121,1
VEH000007,TSK002121,1
VEH000367,TSK002121,0
VEH000230,TSK002121,0
VEH000327,TSK002121,1
VEH000426,TSK002121,1
VEH000073,TSK002121,0
VEH000488,TSK002121,0
VEH000222,TSK002121,0
VEH000047,TSK002121,1
VEH000263,TSK002121,0
VEH000346,TSK002121,0
VEH000292,TSK002130,0
VEH000097,TSK002130,1
VEH000077,TSK002130,0
VEH000251,TSK002130,1
VEH000429,TSK002130,0
VEH000036,TSK002130,0
VEH000525,TSK002130,0
VEH000320,TSK002130,1
VEH000313,TSK002130,0
VEH000312,TSK002130,0
VEH000299,TSK002130,0
VEH000298,TSK002130,1
VEH000431,TSK002130,1
VEH000246,TSK002130,0
VEH000061,TSK002130,1
VEH000096,TSK002130,1
VEH000059,TSK002130,0
VEH000336,TSK002130,0
VEH000284,TSK002130,1
VEH000397,TSK002130,1
VEH000334,TSK002130,0
VEH000259,TSK002130,0
VEH000527,TSK002130,1
VEH000031,TSK002130,0
VEH000348,TSK002130,0
VEH000271,TSK002130,0
VEH000089,TSK002130,0
VEH000385,TSK002130,0
VEH000414,TSK002130,1
VEH000060,TSK002130,0
VEH000468,TSK002130,1
VEH000269,TSK002130,1
VEH000459,TSK002130,0
VEH000528,TSK002130,0
VEH000406,TSK002130,1
VEH000229,TSK002130,0
VEH000379,TSK002130,1
VEH000003,TSK002130,0
VEH000028,TSK002130,1
VEH000100,TSK002130,1
VEH000335,TSK002130,0
VEH000048,TSK002130,1
VEH000368,TSK002130,0
VEH000309,TSK002130,1
VEH000499,TSK002130,1
VEH000225,TSK002130,1
VEH000330,TSK002130,0
VEH000279,TSK002130,1
VEH000341,TSK002130,0
VEH000049,TSK002130,1
VEH000344,TSK002130,0
VEH000042,TSK002130,0
VEH000311,TSK002130,0
VEH000287,TSK002130,0
VEH000421,TSK002130,0
VEH000516,TSK002130,1
VEH000510,TSK002130,1
VEH000084,TSK002130,1
VEH000266,TSK002130,0
VEH000051,TSK002130,1
VEH000016,TSK002130,1
VEH000526,TSK002130,0
VEH000247,TSK002130,1
VEH000252,TSK002130,0
VEH000314,TSK002130,0
VEH000242,TSK002130,0
VEH000433,TSK002130,1
VEH000366,TSK002130,1
VEH000318,TSK002130,1
VEH000290,TSK002130,1
VEH000008,TSK002130,0
VEH000530,TSK002130,1
VEH000081,TSK002130,1
VEH000304,TSK002130,0
VEH000358,TSK002130,0
VEH000026,TSK002130,0
VEH000430,TSK002130,1
VEH000067,TSK002130,0
VEH000088,TSK002130,1
VEH000417,TSK002130,1
VEH000015,TSK002130,1
VEH000024,TSK002130,1
VEH000250,TSK002130,1
VEH000267,TSK002130,1
VEH000034,TSK002130,1
VEH000532,TSK002130,0
VEH000482,TSK002130,1
VEH000386,TSK002130,1
VEH000389,TSK002130,1
VEH000007,TSK002130,0
VEH000367,TSK002130,0
VEH000230,TSK002130,0
VEH000327,TSK002130,1
VEH000426,TSK002130,1
VEH000073,TSK002130,0
VEH000488,TSK002130,1
VEH000222,TSK002130,0
VEH000047,TSK002130,0
VEH000263,TSK002130,1
VEH000346,TSK002130,0
VEH000292,TSK002140,1
VEH000097,TSK002140,1
VEH000077,TSK002140,0
VEH000251,TSK002140,0
VEH000429,TSK002140,0
VEH000036,TSK002140,1
VEH000525,TSK002140,1
VEH000320,TSK002140,1
VEH000313,TSK002140,1
VEH000312,TSK002140,1
VEH000299,TSK002140,1
VEH000298,TSK002140,0
VEH000431,TSK002140,0
VEH000246,TSK002140,1
VEH000061,TSK002140,0
VEH000096,TSK002140,0
VEH000059,TSK002140,0
VEH000336,TSK002140,0
VEH000284,TSK002140,1
VEH000397,TSK002140,0
VEH000334,TSK002140,1
VEH000259,TSK002140,1
VEH000527,TSK002140,0
VEH000031,TSK002140,0
VEH000348,TSK002140,1
VEH000271,TSK002140,0
VEH000089,TSK002140,1
VEH000385,TSK002140,0
VEH000414,TSK002140,1
VEH000060,TSK002140,1
VEH000468,TSK002140,1
VEH000269,TSK002140,1
VEH000459,TSK002140,1
VEH000528,TSK002140,0
VEH000406,TSK002140,0
VEH000229,TSK002140,1
VEH000379,TSK002140,0
VEH000003,TSK002140,1
VEH000028,TSK002140,1
VEH000100,TSK002140,0
VEH000335,TSK002140,1
VEH000048,TSK002140,1
VEH000368,TSK002140,1
VEH000309,TSK002140,0
VEH000499,TSK002140,0
VEH000225,TSK002140,1
VEH000330,TSK002140,0
VEH000279,TSK002140,1
VEH000341,TSK002140,0
VEH000049,TSK002140,0
VEH000344,TSK002140,1
VEH000042,TSK002140,1
VEH000311,TSK002140,1
VEH000287,TSK002140,1
VEH000421,TSK002140,0
VEH000516,TSK002140,0
VEH000510,TSK002140,1
VEH000084,TSK002140,1
VEH000266,TSK002140,0
VEH000051,TSK002140,1
VEH000016,TSK002140,1
VEH000526,TSK002140,0
VEH000247,TSK002140,0
VEH000252,TSK002140,1
VEH000314,TSK002140,0
VEH000242,TSK002140,0
VEH000433,TSK002140,0
VEH000366,TSK002140,1
VEH000318,TSK002140,0
VEH000290,TSK002140,0
VEH000008,TSK002140,1
VEH000530,TSK002140,1
VEH000081,TSK002140,0
VEH000304,TSK002140,1
VEH000358,TSK002140,0
VEH000026,TSK002140,0
VEH000430,TSK002140,1
VEH000067,TSK002140,0
VEH000088,TSK002140,1
VEH000417,TSK002140,0
VEH000015,TSK002140,1
VEH000024,TSK002140,0
VEH000250,TSK002140,0
VEH000267,TSK002140,0
VEH000034,TSK002140,0
VEH000532,TSK002140,1
VEH000482,TSK002140,0
VEH000386,TSK002140,0
VEH000389,TSK002140,0
VEH000007,TSK002140,0
VEH000367,TSK002140,1
VEH000230,TSK002140,1
VEH000327,TSK002140,1
VEH000426,TSK002140,1
VEH000073,TSK002140,1
VEH000488,TSK002140,0
VEH000222,TSK002140,0
VEH000047,TSK002140,0
VEH000263,TSK002140,1
VEH000346,TSK002140,0
VEH000292,TSK002167,0
VEH000097,TSK002167,1
VEH000077,TSK002167,1
VEH000251,TSK002167,0
VEH000429,TSK002167,0
VEH000036,TSK002167,1
VEH000525,TSK002167,1
VEH000320,TSK002167,0
VEH000313,TSK002167,1
VEH000312,TSK002167,1
VEH000299,TSK002167,1
VEH000298,TSK002167,1
VEH000431,TSK002167,0
VEH000246,TSK002167,1
VEH000061,TSK002167,0
VEH000096,TSK002167,0
VEH000059,TSK002167,0
VEH000336,TSK002167,1
VEH000284,TSK002167,0
VEH000397,TSK002167,1
VEH000334,TSK002167,1
VEH000259,TSK002167,1
VEH000527,TSK002167,1
VEH000031,TSK002167,0
VEH000348,TSK002167,0
VEH000271,TSK002167,0
VEH000089,TSK002167,0
VEH000385,TSK002167,1
VEH000414,TSK002167,1
VEH000060,TSK002167,0
VEH000468,TSK002167,0
VEH000269,TSK002167,1
VEH000459,TSK002167,0
VEH000528,TSK002167,1
VEH000406,TSK002167,1
VEH000229,TSK002167,0
VEH000379,TSK002167,0
VEH000003,TSK002167,1
VEH000028,TSK002167,1
VEH000100,TSK002167,0
VEH000335,TSK002167,0
VEH000048,TSK002167,0
VEH000368,TSK002167,0
VEH000309,TSK002167,0
VEH000499,TSK002167,0
VEH000225,TSK002167,0
VEH000330,TSK002167,1
VEH000279,TSK002167,1
VEH000341,TSK002167,1
VEH000049,TSK002167,0
VEH000344,TSK002167,1
VEH000042,TSK002167,0
VEH000311,TSK002167,1
VEH000287,TSK002167,0
VEH000421,TSK002167,0
VEH000516,TSK002167,1
VEH000510,TSK002167,1
VEH000084,TSK002167,1
VEH000266,TSK002167,0
VEH000051,TSK002167,0
VEH000016,TSK002167,0
VEH000526,TSK002167,0
VEH000247,TSK002167,0
VEH000252,TSK002167,0
VEH000314,TSK002167,1
VEH000242,TSK002167,1
VEH000433,TSK002167,0
VEH000366,TSK002167,1
VEH000318,TSK002167,1
VEH000290,TSK002167,1
VEH000008,TSK002167,1
VEH000530,TSK002167,0
VEH000081,TSK002167,1
VEH000304,TSK002167,1
VEH000358,TSK002167,1
VEH000026,TSK002167,0
VEH000430,TSK002167,1
VEH000067,TSK002167,0
VEH000088,TSK002167,1
VEH000417,TSK002167,1
VEH000015,TSK002167,1
VEH000024,TSK002167,1
VEH000250,TSK002167,1
VEH000267,TSK002167,0
VEH000034,TSK002167,0
VEH000532,TSK002167,0
VEH000482,TSK002167,1
VEH000386,TSK002167,0
VEH000389,TSK002167,1
VEH000007,TSK002167,0
VEH000367,TSK002167,1
VEH000230,TSK002167,1
VEH000327,TSK002167,0
VEH000426,TSK002167,0
VEH000073,TSK002167,0
VEH000488,TSK002167,1
VEH000222,TSK002167,0
VEH000047,TSK002167,0
VEH000263,TSK002167,1
VEH000346,TSK002167,0
VEH000292,TSK002174,0
VEH000097,TSK002174,1
VEH000077,TSK002174,0
VEH000251,TSK002174,0
VEH000429,TSK002174,0
VEH000036,TSK002174,1
VEH000525,TSK002174,0
VEH000320,TSK002174,0
VEH000313,TSK002174,0
VEH000312,TSK002174,1
VEH000299,TSK002174,1
VEH000298,TSK002174,0
VEH000431,TSK002174,0
VEH000246,TSK002174,1
VEH000061,TSK002174,1
VEH000096,TSK002174,1
VEH000059,TSK002174,0
VEH000336,TSK002174,0
VEH000284,TSK002174,1
VEH000397,TSK002174,0
VEH000334,TSK002174,1
VEH000259,TSK002174,0
VEH000527,TSK002174,1
VEH000031,TSK002174,0
VEH000348,TSK002174,1
VEH000271,TSK002174,0
VEH000089,TSK002174,1
VEH000385,TSK002174,1
VEH000414,TSK002174,0
VEH000060,TSK002174,0
VEH000468,TSK002174,1
VEH000269,TSK002174,1
VEH000459,TSK002174,0
VEH000528,TSK002174,1
VEH000406,TSK002174,1
VEH000229,TSK002174,0
VEH000379,TSK002174,0
VEH000003,TSK002174,1
VEH000028,TSK002174,1
VEH000100,TSK002174,0
VEH000335,TSK002174,1
VEH000048,TSK002174,1
VEH000368,TSK002174,1
VEH000309,TSK002174,0
VEH000499,TSK002174,0
VEH000225,TSK002174,0
VEH000330,TSK002174,0
VEH000279,TSK002174,1
VEH000341,TSK002174,0
VEH000049,TSK002174,0
VEH000344,TSK002174,1
VEH000042,TSK002174,1
VEH000311,TSK002174,0
VEH000287,TSK002174,1
VEH000421,TSK002174,0
VEH000516,TSK002174,1
VEH000510,TSK002174,1
VEH000084,TSK002174,1
VEH000266,TSK002174,1
VEH000051,TSK002174,1
VEH000016,TSK002174,0
VEH000526,TSK002174,0
VEH000247,TSK002174,0
VEH000252,TSK002174,0
VEH000314,TSK002174,0
VEH000242,TSK002174,1
VEH000433,TSK002174,1
VEH000366,TSK002174,1
VEH000318,TSK002174,0
VEH000290,TSK002174,0
VEH000008,TSK002174,1
VEH000530,TSK002174,0
VEH000081,TSK002174,1
VEH000304,TSK002174,0
VEH000358,TSK002174,1
VEH000026,TSK002174,0
VEH000430,TSK002174,0
VEH000067,TSK002174,0
VEH000088,TSK002174,0
VEH000417,TSK002174,0
VEH000015,TSK002174,1
VEH000024,TSK002174,1
VEH000250,TSK002174,0
VEH000267,TSK002174,1
VEH000034,TSK002174,1
VEH000532,TSK002174,1
VEH000482,TSK002174,1
VEH000386,TSK002174,1
VEH000389,TSK002174,1
VEH000007,TSK002174,1
VEH000367,TSK002174,0
VEH000230,TSK002174,1
VEH000327,TSK002174,0
VEH000426,TSK002174,0
VEH000073,TSK002174,0
VEH000488,TSK002174,1
VEH000222,TSK002174,1
VEH000047,TSK002174,0
VEH000263,TSK002174,0
VEH000346,TSK002174,1
VEH000292,TSK002195,0
VEH000097,TSK002195,0
VEH000077,TSK002195,0
VEH000251,TSK002195,0
VEH000429,TSK002195,1
VEH000036,TSK002195,1
VEH000525,TSK002195,1
VEH000320,TSK002195,1
VEH000313,TSK002195,0
VEH000312,TSK002195,0
VEH000299,TSK002195,1
VEH000298,TSK002195,0
VEH000431,TSK002195,1
VEH000246,TSK002195,1
VEH000061,TSK002195,1
VEH000096,TSK002195,0
VEH000059,TSK002195,0
VEH000336,TSK002195,0
VEH000284,TSK002195,1
VEH000397,TSK002195,1
VEH000334,TSK002195,1
VEH000259,TSK002195,0
VEH000527,TSK002195,0
VEH000031,TSK002195,1
VEH000348,TSK002195,1
VEH000271,TSK002195,1
VEH000089,TSK002195,0
VEH000385,TSK002195,0
VEH000414,TSK002195,0
VEH000060,TSK002195,1
VEH000468,TSK002195,1
VEH000269,TSK002195,0
VEH000459,TSK002195,0
VEH000528,TSK002195,1
VEH000406,TSK002195,0
VEH000229,TSK002195,0
VEH000379,TSK002195,1
VEH000003,TSK002195,0
VEH000028,TSK002195,1
VEH000100,TSK002195,1
VEH000335,TSK002195,1
VEH000048,TSK002195,0
VEH000368,TSK002195,0
VEH000309,TSK002195,0
VEH000499,TSK002195,1
VEH000225,TSK002195,1
VEH000330,TSK002195,1
VEH000279,TSK002195,0
VEH000341,TSK002195,1
VEH000049,TSK002195,0
VEH000344,TSK002195,0
VEH000042,TSK002195,0
VEH000311,TSK002195,0
VEH000287,TSK002195,0
VEH000421,TSK002195,0
VEH000516,TSK002195,1
VEH000510,TSK002195,1
VEH000084,TSK002195,0
VEH000266,TSK002195,1
VEH000051,TSK002195,1
VEH000016,TSK002195,1
VEH000526,TSK002195,1
VEH000247,TSK002195,1
VEH000252,TSK002195,1
VEH000314,TSK002195,0
VEH000242,TSK002195,0
VEH000433,TSK002195,1
VEH000366,TSK002195,0
VEH000318,TSK002195,0
VEH000290,TSK002195,1
VEH000008,TSK002195,1
VEH000530,TSK002195,0
VEH000081,TSK002195,0
VEH000304,TSK002195,0
VEH000358,TSK002195,1
VEH000026,TSK002195,0
VEH000430,TSK002195,1
VEH000067,TSK002195,1
VEH000088,TSK002195,0
VEH000417,TSK002195,1
VEH000015,TSK002195,1
VEH000024,TSK002195,0
VEH000250,TSK002195,1
VEH000267,TSK002195,0
VEH000034,TSK002195,1
VEH000532,TSK002195,0
VEH000482,TSK002195,1
VEH000386,TSK002195,0
VEH000389,TSK002195,1
VEH000007,TSK002195,0
VEH000367,TSK002195,0
VEH000230,TSK002195,1
VEH000327,TSK002195,0
VEH000426,TSK002195,0
VEH000073,TSK002195,1
VEH000488,TSK002195,1
VEH000222,TSK002195,1
VEH000047,TSK002195,0
VEH000263,TSK002195,0
VEH000346,TSK002195,1
VEH000292,TSK002248,0
VEH000097,TSK002248,0
VEH000077,TSK002248,1
VEH000251,TSK002248,1
VEH000429,TSK002248,1
VEH000036,TSK002248,1
VEH000525,TSK002248,1
VEH000320,TSK002248,1
VEH000313,TSK002248,0
VEH000312,TSK002248,0
VEH000299,TSK002248,0
VEH000298,TSK002248,0
VEH000431,TSK002248,0
VEH000246,TSK002248,0
VEH000061,TSK002248,1
VEH000096,TSK002248,1
VEH000059,TSK002248,1
VEH000336,TSK002248,0
VEH000284,TSK002248,1
VEH000397,TSK002248,1
VEH000334,TSK002248,1
VEH000259,TSK002248,1
VEH000527,TSK002248,1
VEH000031,TSK002248,0
VEH000348,TSK002248,0
VEH000271,TSK002248,1
VEH000089,TSK002248,0
VEH000385,TSK002248,0
VEH000414,TSK002248,0
VEH000060,TSK002248,1
VEH000468,TSK002248,0
VEH000269,TSK002248,1
VEH000459,TSK002248,1
VEH000528,TSK002248,1
VEH000406,TSK002248,0
VEH000229,TSK002248,0
VEH000379,TSK002248,1
VEH000003,TSK002248,0
VEH000028,TSK002248,0
VEH000100,TSK002248,1
VEH000335,TSK002248,1
VEH000048,TSK002248,1
VEH000368,TSK002248,0
VEH000309,TSK002248,1
VEH000499,TSK002248,1
VEH000225,TSK002248,1
VEH000330,TSK002248,0
VEH000279,TSK002248,1
VEH000341,TSK002248,0
VEH000049,TSK002248,0
VEH000344,TSK002248,0
VEH000042,TSK002248,0
VEH000311,TSK002248,1
VEH000287,TSK002248,1
VEH000421,TSK002248,0
VEH000516,TSK002248,1
VEH000510,TSK002248,1
VEH000084,TSK002248,1
VEH000266,TSK002248,0
VEH000051,TSK002248,1
VEH000016,TSK002248,1
VEH000526,TSK002248,1
VEH000247,TSK002248,1
VEH000252,TSK002248,0
VEH000314,TSK002248,0
VEH000242,TSK002248,0
VEH000433,TSK002248,0
VEH000366,TSK002248,0
VEH000318,TSK002248,1
VEH000290,TSK002248,0
VEH000008,TSK002248,0
VEH000530,TSK002248,0
VEH000081,TSK002248,1
VEH000304,TSK002248,1
VEH000358,TSK002248,0
VEH000026,TSK002248,0
VEH000430,TSK002248,0
VEH000067,TSK002248,1
VEH000088,TSK002248,1
VEH000417,TSK002248,0
VEH000015,TSK002248,0
VEH000024,TSK002248,0
VEH000250,TSK002248,0
VEH000267,TSK002248,0
VEH000034,TSK002248,1
VEH000532,TSK002248,1
VEH000482,TSK002248,1
VEH000386,TSK002248,1
VEH000389,TSK002248,1
VEH000007,TSK002248,1
VEH000367,TSK002248,0
VEH000230,TSK002248,0
VEH000327,TSK002248,0
VEH000426,TSK002248,1
VEH000073,TSK002248,0
VEH000488,TSK002248,0
VEH000222,TSK002248,0
VEH000047,TSK002248,0
VEH000263,TSK002248,1
VEH000346,TSK002248,1
VEH000292,TSK002258,1
VEH000097,TSK002258,1
VEH000077,TSK002258,0
VEH000251,TSK002258,0
VEH000429,TSK002258,0
VEH000036,TSK002258,0
VEH000525,TSK002258,1
VEH000320,TSK002258,1
VEH000313,TSK002258,0
VEH000312,TSK002258,1
VEH000299,TSK002258,1
VEH000298,TSK002258,0
VEH000431,TSK002258,0
VEH000246,TSK002258,1
VEH000061,TSK002258,1
VEH000096,TSK002258,0
VEH000059,TSK002258,0
VEH000336,TSK002258,0
VEH000284,TSK002258,1
VEH000397,TSK002258,1
VEH000334,TSK002258,0
VEH000259,TSK002258,0
VEH000527,TSK002258,1
VEH000031,TSK002258,0
VEH000348,TSK002258,1
VEH000271,TSK002258,0
VEH000089,TSK002258,0
VEH000385,TSK002258,1
VEH000414,TSK002258,0
VEH000060,TSK002258,1
VEH000468,TSK002258,0
VEH000269,TSK002258,0
VEH000459,TSK002258,1
VEH000528,TSK002258,0
VEH000406,TSK002258,0
VEH000229,TSK002258,0
VEH000379,TSK002258,0
VEH000003,TSK002258,0
VEH000028,TSK002258,0
VEH000100,TSK002258,0
VEH000335,TSK002258,0
VEH000048,TSK002258,1
VEH000368,TSK002258,1
VEH000309,TSK002258,1
VEH000499,TSK002258,1
VEH000225,TSK002258,1
VEH000330,TSK002258,0
VEH000279,TSK002258,0
VEH000341,TSK002258,1
VEH000049,TSK002258,1
VEH000344,TSK002258,0
VEH000042,TSK002258,1
VEH000311,TSK002258,0
VEH000287,TSK002258,1
VEH000421,TSK002258,1
VEH000516,TSK002258,0
VEH000510,TSK002258,0
VEH000084,TSK002258,1
VEH000266,TSK002258,0
VEH000051,TSK002258,0
VEH000016,TSK002258,1
VEH000526,TSK002258,1
VEH000247,TSK002258,0
VEH000252,TSK002258,1
VEH000314,TSK002258,0
VEH000242,TSK002258,1
VEH000433,TSK002258,0
VEH000366,TSK002258,0
VEH000318,TSK002258,0
VEH000290,TSK002258,0
VEH000008,TSK002258,1
VEH000530,TSK002258,1
VEH000081,TSK002258,1
VEH000304,TSK002258,1
VEH000358,TSK002258,1
VEH000026,TSK002258,0
VEH000430,TSK002258,1
VEH000067,TSK002258,1
VEH000088,TSK002258,1
VEH000417,TSK002258,0
VEH000015,TSK002258,1
VEH000024,TSK002258,1
VEH000250,TSK002258,0
VEH000267,TSK002258,1
VEH000034,TSK002258,1
VEH000532,TSK002258,0
VEH000482,TSK002258,0
VEH000386,TSK002258,1
VEH000389,TSK002258,0
VEH000007,TSK002258,1
VEH000367,TSK002258,0
VEH000230,TSK002258,1
VEH000327,TSK002258,1
VEH000426,TSK002258,0
VEH000073,TSK002258,0
VEH000488,TSK002258,1
VEH000222,TSK002258,1
VEH000047,TSK002258,1
VEH000263,TSK002258,0
VEH000346,TSK002258,1
VEH000292,TSK002352,0
VEH000097,TSK002352,1
VEH000077,TSK002352,0
VEH000251,TSK002352,1
VEH000429,TSK002352,1
VEH000036,TSK002352,0
VEH000525,TSK002352,0
VEH000320,TSK002352,0
VEH000313,TSK002352,0
VEH000312,TSK002352,1
VEH000299,TSK002352,0
VEH000298,TSK002352,1
VEH000431,TSK002352,0
VEH000246,TSK002352,0
VEH000061,TSK002352,1
VEH000096,TSK002352,1
VEH000059,TSK002352,0
VEH000336,TSK002352,1
VEH000284,TSK002352,0
VEH000397,TSK002352,1
VEH000334,TSK002352,1
VEH000259,TSK002352,0
VEH000527,TSK002352,0
VEH000031,TSK002352,1
VEH000348,TSK002352,1
VEH000271,TSK002352,1
VEH000089,TSK002352,1
VEH000385,TSK002352,0
VEH000414,TSK002352,0
VEH000060,TSK002352,1
VEH000468,TSK002352,0
VEH000269,TSK002352,0
VEH000459,TSK002352,0
VEH000528,TSK002352,1
VEH000406,TSK002352,1
VEH000229,TSK002352,1
VEH000379,TSK002352,0
VEH000003,TSK002352,0
VEH000028,TSK002352,0
VEH000100,TSK002352,1
VEH000335,TSK002352,1
VEH000048,TSK002352,0
VEH000368,TSK002352,1
VEH000309,TSK002352,0
VEH000499,TSK002352,0
VEH000225,TSK002352,1
VEH000330,TSK002352,1
VEH000279,TSK002352,1
VEH000341,TSK002352,1
VEH000049,TSK002352,0
VEH000344,TSK002352,1
VEH000042,TSK002352,1
VEH000311,TSK002352,0
VEH000287,TSK002352,1
VEH000421,TSK002352,0
VEH000516,TSK002352,0
VEH000510,TSK002352,0
VEH000084,TSK002352,0
VEH000266,TSK002352,1
VEH000051,TSK002352,1
VEH000016,TSK002352,0
VEH000526,TSK002352,0
VEH000247,TSK002352,1
VEH000252,TSK002352,0
VEH000314,TSK002352,1
VEH000242,TSK002352,1
VEH000433,TSK002352,0
VEH000366,TSK002352,0
VEH000318,TSK002352,1
VEH000290,TSK002352,0
VEH000008,TSK002352,1
VEH000530,TSK002352,0
VEH000081,TSK002352,1
VEH000304,TSK002352,0
VEH000358,TSK002352,1
VEH000026,TSK002352,1
VEH000430,TSK002352,1
VEH000067,TSK002352,0
VEH000088,TSK002352,0
VEH000417,TSK002352,1
VEH000015,TSK002352,1
VEH000024,TSK002352,0
VEH000250,TSK002352,1
VEH000267,TSK002352,1
VEH000034,TSK002352,1
VEH000532,TSK002352,0
VEH000482,TSK002352,1
VEH000386,TSK002352,0
VEH000389,TSK002352,1
VEH000007,TSK002352,0
VEH000367,TSK002352,0
VEH000230,TSK002352,1
VEH000327,TSK002352,0
VEH000426,TSK002352,1
VEH000073,TSK002352,0
VEH000488,TSK002352,1
VEH000222,TSK002352,0
VEH000047,TSK002352,1
VEH000263,TSK002352,0
VEH000346,TSK002352,0
VEH000292,TSK002465,1
VEH000097,TSK002465,0
VEH000077,TSK002465,0
VEH000251,TSK002465,1
VEH000429,TSK002465,0
VEH000036,TSK002465,0
VEH000525,TSK002465,0
VEH000320,TSK002465,1
VEH000313,TSK002465,1
VEH000312,TSK002465,0
VEH000299,TSK002465,0
VEH000298,TSK002465,1
VEH000431,TSK002465,0
VEH000246,TSK002465,0
VEH000061,TSK002465,1
VEH000096,TSK002465,1
VEH000059,TSK002465,0
VEH000336,TSK002465,0
VEH000284,TSK002465,0
VEH000397,TSK002465,0
VEH000334,TSK002465,1
VEH000259,TSK002465,1
VEH000527,TSK002465,0
VEH000031,TSK002465,1
VEH000348,TSK002465,0
VEH000271,TSK002465,0
VEH000089,TSK002465,1
VEH000385,TSK002465,1
VEH000414,TSK002465,1
VEH000060,TSK002465,1
VEH000468,TSK002465,1
VEH000269,TSK002465,1
VEH000459,TSK002465,0
VEH000528,TSK002465,0
VEH000406,TSK002465,0
VEH000229,TSK002465,1
VEH000379,TSK002465,0
VEH000003,TSK002465,1
VEH000028,TSK002465,1
VEH000100,TSK002465,0
VEH000335,TSK002465,1
VEH000048,TSK002465,0
VEH000368,TSK002465,1
VEH000309,TSK002465,0
VEH000499,TSK002465,1
VEH000225,TSK002465,0
VEH000330,TSK002465,1
VEH000279,TSK002465,1
VEH000341,TSK002465,0
VEH000049,TSK002465,1
VEH000344,TSK002465,1
VEH000042,TSK002465,0
VEH000311,TSK002465,1
VEH000287,TSK002465,1
VEH000421,TSK002465,0
VEH000516,TSK002465,1
VEH000510,TSK002465,0
VEH000084,TSK002465,0
VEH000266,TSK002465,0
VEH000051,TSK002465,1
VEH000016,TSK002465,1
VEH000526,TSK002465,1
VEH000247,TSK002465,0
VEH000252,TSK002465,0
VEH000314,TSK002465,1
VEH000242,TSK002465,1
VEH000433,TSK002465,1
VEH000366,TSK002465,1
VEH000318,TSK002465,0
VEH000290,TSK002465,0
VEH000008,TSK002465,1
VEH000530,TSK002465,1
VEH000081,TSK002465,1
VEH000304,TSK002465,0
VEH000358,TSK002465,1
VEH000026,TSK002465,0
VEH000430,TSK002465,0
VEH000067,TSK002465,1
VEH000088,TSK002465,1
VEH000417,TSK002465,0
VEH000015,TSK002465,0
VEH000024,TSK002465,0
VEH000250,TSK002465,1
VEH000267,TSK002465,1
VEH000034,TSK002465,0
VEH000532,TSK002465,0
VEH000482,TSK002465,0
VEH000386,TSK002465,0
VEH000389,TSK002465,0
VEH000007,TSK002465,0
VEH000367,TSK002465,1
VEH000230,TSK002465,1
VEH000327,TSK002465,0
VEH000426,TSK002465,1
VEH000073,TSK002465,0
VEH000488,TSK002465,1
VEH000222,TSK002465,1
VEH000047,TSK002465,0
VEH000263,TSK002465,0
VEH000346,TSK002465,1
VEH000292,TSK002469,1
VEH000097,TSK002469,0
VEH000077,TSK002469,0
VEH000251,TSK002469,1
VEH000429,TSK002469,1
VEH000036,TSK002469,0
VEH000525,TSK002469,1
VEH000320,TSK002469,1
VEH000313,TSK002469,0
VEH000312,TSK002469,0
VEH000299,TSK002469,0
VEH000298,TSK002469,0
VEH000431,TSK002469,1
VEH000246,TSK002469,0
VEH000061,TSK002469,1
VEH000096,TSK002469,0
VEH000059,TSK002469,0
VEH000336,TSK002469,0
VEH000284,TSK002469,1
VEH000397,TSK002469,0
VEH000334,TSK002469,0
VEH000259,TSK002469,1
VEH000527,TSK002469,0
VEH000031,TSK002469,0
VEH000348,TSK002469,0
VEH000271,TSK002469,0
VEH000089,TSK002469,1
VEH000385,TSK002469,1
VEH000414,TSK002469,0
VEH000060,TSK002469,1
VEH000468,TSK002469,1
VEH000269,TSK002469,0
VEH000459,TSK002469,1
VEH000528,TSK002469,1
VEH000406,TSK002469,0
VEH000229,TSK002469,0
VEH000379,TSK002469,0
VEH000003,TSK002469,0
VEH000028,TSK002469,0
VEH000100,TSK002469,1
VEH000335,TSK002469,0
VEH000048,TSK002469,1
VEH000368,TSK002469,1
VEH000309,TSK002469,0
VEH000499,TSK002469,1
VEH000225,TSK002469,0
VEH000330,TSK002469,1
VEH000279,TSK002469,1
VEH000341,TSK002469,1
VEH000049,TSK002469,1
VEH000344,TSK002469,1
VEH000042,TSK002469,1
VEH000311,TSK002469,0
VEH000287,TSK002469,0
VEH000421,TSK002469,1
VEH000516,TSK002469,1
VEH000510,TSK002469,0
VEH000084,TSK002469,1
VEH000266,TSK002469,1
VEH000051,TSK002469,0
VEH000016,TSK002469,0
VEH000526,TSK002469,1
VEH000247,TSK002469,1
VEH000252,TSK002469,1
VEH000314,TSK002469,0
VEH000242,TSK002469,1
VEH000433,TSK002469,0
VEH000366,TSK002469,1
VEH000318,TSK002469,0
VEH000290,TSK002469,1
VEH000008,TSK002469,0
VEH000530,TSK002469,0
VEH000081,TSK002469,0
VEH000304,TSK002469,1
VEH000358,TSK002469,1
VEH000026,TSK002469,0
VEH000430,TSK002469,0
VEH000067,TSK002469,0
VEH000088,TSK002469,1
VEH000417,TSK002469,0
VEH000015,TSK002469,0
VEH000024,TSK002469,0
VEH000250,TSK002469,1
VEH000267,TSK002469,1
VEH000034,TSK002469,0
VEH000532,TSK002469,1
VEH000482,TSK002469,1
VEH000386,TSK002469,1
VEH000389,TSK002469,0
VEH000007,TSK002469,0
VEH000367,TSK002469,1
VEH000230,TSK002469,1
VEH000327,TSK002469,1
VEH000426,TSK002469,1
VEH000073,TSK002469,1
VEH000488,TSK002469,0
VEH000222,TSK002469,0
VEH000047,TSK002469,1
VEH000263,TSK002469,0
VEH000346,TSK002469,1
VEH000292,TSK002563,0
VEH000097,TSK002563,1
VEH000077,TSK002563,1
VEH000251,TSK002563,1
VEH000429,TSK002563,1
VEH000036,TSK002563,1
VEH000525,TSK002563,1
VEH000320,TSK002563,1
VEH000313,TSK002563,1
VEH000312,TSK002563,0
VEH000299,TSK002563,1
VEH000298,TSK002563,1
VEH000431,TSK002563,0
VEH000246,TSK002563,1
VEH000061,TSK002563,1
VEH000096,TSK002563,0
VEH000059,TSK002563,0
VEH000336,TSK002563,1
VEH000284,TSK002563,0
VEH000397,TSK002563,0
VEH000334,TSK002563,1
VEH000259,TSK002563,1
VEH000527,TSK002563,1
VEH000031,TSK002563,1
VEH000348,TSK002563,1
VEH000271,TSK002563,0
VEH000089,TSK002563,0
VEH000385,TSK002563,1
VEH000414,TSK002563,1
VEH000060,TSK002563,1
VEH000468,TSK002563,0
VEH000269,TSK002563,0
VEH000459,TSK002563,1
VEH000528,TSK002563,1
VEH000406,TSK002563,0
VEH000229,TSK002563,0
VEH000379,TSK002563,0
VEH000003,TSK002563,0
VEH000028,TSK002563,1
VEH000100,TSK002563,1
VEH000335,TSK002563,0
VEH000048,TSK002563,1
VEH000368,TSK002563,0
VEH000309,TSK002563,0
VEH000499,TSK002563,0
VEH000225,TSK002563,1
VEH000330,TSK002563,0
VEH000279,TSK002563,0
VEH000341,TSK002563,1
VEH000049,TSK002563,0
VEH000344,TSK002563,0
VEH000042,TSK002563,0
VEH000311,TSK002563,1
VEH000287,TSK002563,0
VEH000421,TSK002563,1
VEH000516,TSK002563,1
VEH000510,TSK002563,1
VEH000084,TSK002563,0
VEH000266,TSK002563,1
VEH000051,TSK002563,0
VEH000016,TSK002563,0
VEH000526,TSK002563,0
VEH000247,TSK002563,0
VEH000252,TSK002563,0
VEH000314,TSK002563,0
VEH000242,TSK002563,1
VEH000433,TSK002563,1
VEH000366,TSK002563,1
VEH000318,TSK002563,1
VEH000290,TSK002563,0
VEH000008,TSK002563,1
VEH000530,TSK002563,1
VEH000081,TSK002563,1
VEH000304,TSK002563,0
VEH000358,TSK002563,0
VEH000026,TSK002563,0
VEH000430,TSK002563,0
VEH000067,TSK002563,0
VEH000088,TSK002563,0
VEH000417,TSK002563,0
VEH000015,TSK002563,1
VEH000024,TSK002563,1
VEH000250,TSK002563,1
VEH000267,TSK002563,0
VEH000034,TSK002563,0
VEH000532,TSK002563,0
VEH000482,TSK002563,1
VEH000386,TSK002563,1
VEH000389,TSK002563,1
VEH000007,TSK002563,0
VEH000367,TSK002563,0
VEH000230,TSK002563,0
VEH000327,TSK002563,0
VEH000426,TSK002563,1
VEH000073,TSK002563,1
VEH000488,TSK002563,1
VEH000222,TSK002563,1
VEH000047,TSK002563,0
VEH000263,TSK002563,0
VEH000346,TSK002563,0
VEH000292,TSK002579,0
VEH000097,TSK002579,0
VEH000077,TSK002579,0
VEH000251,TSK002579,1
VEH000429,TSK002579,0
VEH000036,TSK002579,0
VEH000525,TSK002579,1
VEH000320,TSK002579,0
VEH000313,TSK002579,1
VEH000312,TSK002579,1
VEH000299,TSK002579,1
VEH000298,TSK002579,0
VEH000431,TSK002579,0
VEH000246,TSK002579,0
VEH000061,TSK002579,1
VEH000096,TSK002579,1
VEH000059,TSK002579,0
VEH000336,TSK002579,0
VEH000284,TSK002579,1
VEH000397,TSK002579,0
VEH000334,TSK002579,0
VEH000259,TSK002579,1
VEH000527,TSK002579,1
VEH000031,TSK002579,0
VEH000348,TSK002579,1
VEH000271,TSK002579,1
VEH000089,TSK002579,0
VEH000385,TSK002579,0
VEH000414,TSK002579,0
VEH000060,TSK002579,1
VEH000468,TSK002579,0
VEH000269,TSK002579,0
VEH000459,TSK002579,0
VEH000528,TSK002579,0
VEH000406,TSK002579,1
VEH000229,TSK002579,0
VEH000379,TSK002579,1
VEH000003,TSK002579,1
VEH000028,TSK002579,1
VEH000100,TSK002579,0
VEH000335,TSK002579,0
VEH000048,TSK002579,0
VEH000368,TSK002579,0
VEH000309,TSK002579,1
VEH000499,TSK002579,0
VEH000225,TSK002579,0
VEH000330,TSK002579,0
VEH000279,TSK002579,1
VEH000341,TSK002579,1
VEH000049,TSK002579,0
VEH000344,TSK002579,0
VEH000042,TSK002579,0
VEH000311,TSK002579,0
VEH000287,TSK002579,1
VEH000421,TSK002579,1
VEH000516,TSK002579,1
VEH000510,TSK002579,0
VEH000084,TSK002579,0
VEH000266,TSK002579,0
VEH000051,TSK002579,1
VEH000016,TSK002579,1
VEH000526,TSK002579,1
VEH000247,TSK002579,0
VEH000252,TSK002579,1
VEH000314,TSK002579,1
VEH000242,TSK002579,1
VEH000433,TSK002579,1
VEH000366,TSK002579,1
VEH000318,TSK002579,1
VEH000290,TSK002579,1
VEH000008,TSK002579,1
VEH000530,TSK002579,0
VEH000081,TSK002579,0
VEH000304,TSK002579,0
VEH000358,TSK002579,1
VEH000026,TSK002579,1
VEH000430,TSK002579,0
VEH000067,TSK002579,0
VEH000088,TSK002579,1
VEH000417,TSK002579,1
VEH000015,TSK002579,1
VEH000024,TSK002579,0
VEH000250,TSK002579,0
VEH000267,TSK002579,1
VEH000034,TSK002579,0
VEH000532,TSK002579,1
VEH000482,TSK002579,0
VEH000386,TSK002579,0
VEH000389,TSK002579,1
VEH000007,TSK002579,1
VEH000367,TSK002579,1
VEH000230,TSK002579,0
VEH000327,TSK002579,0
VEH000426,TSK002579,1
VEH000073,TSK002579,1
VEH000488,TSK002579,1
VEH000222,TSK002579,1
VEH000047,TSK002579,1
VEH000263,TSK002579,1
VEH000346,TSK002579,0
VEH000292,TSK002591,0
VEH000097,TSK002591,0
VEH000077,TSK002591,0
VEH000251,TSK002591,1
VEH000429,TSK002591,1
VEH000036,TSK002591,1
VEH000525,TSK002591,1
VEH000320,TSK002591,0
VEH000313,TSK002591,1
VEH000312,TSK002591,1
VEH000299,TSK002591,0
VEH000298,TSK002591,1
VEH000431,TSK002591,1
VEH000246,TSK002591,0
VEH000061,TSK002591,1
VEH000096,TSK002591,0
VEH000059,TSK002591,0
VEH000336,TSK002591,0
VEH000284,TSK002591,0
VEH000397,TSK002591,1
VEH000334,TSK002591,0
VEH000259,TSK002591,0
VEH000527,TSK002591,1
VEH000031,TSK002591,1
VEH000348,TSK002591,1
VEH000271,TSK002591,1
VEH000089,TSK002591,1
VEH000385,TSK002591,0
VEH000414,TSK002591,0
VEH000060,TSK002591,0
VEH000468,TSK002591,1
VEH000269,TSK002591,0
VEH000459,TSK002591,1
VEH000528,TSK002591,1
VEH000406,TSK002591,1
VEH000229,TSK002591,1
VEH000379,TSK002591,0
VEH000003,TSK002591,0
VEH000028,TSK002591,1
VEH000100,TSK002591,1
VEH000335,TSK002591,1
VEH000048,TSK002591,1
VEH000368,TSK002591,0
VEH000309,TSK002591,0
VEH000499,TSK002591,0
VEH000225,TSK002591,0
VEH000330,TSK002591,0
VEH000279,TSK002591,1
VEH000341,TSK002591,0
VEH000049,TSK002591,1
VEH000344,TSK002591,0
VEH000042,TSK002591,1
VEH000311,TSK002591,0
VEH000287,TSK002591,0
VEH000421,TSK002591,0
VEH000516,TSK002591,0
VEH000510,TSK002591,1
VEH000084,TSK002591,1
VEH000266,TSK002591,1
VEH000051,TSK002591,1
VEH000016,TSK002591,1
VEH000526,TSK002591,0
VEH000247,TSK002591,0
VEH000252,TSK002591,1
VEH000314,TSK002591,0
VEH000242,TSK002591,1
VEH000433,TSK002591,1
VEH000366,TSK002591,0
VEH000318,TSK002591,0
VEH000290,TSK002591,1
VEH000008,TSK002591,1
VEH000530,TSK002591,0
VEH000081,TSK002591,0
VEH000304,TSK002591,0
VEH000358,TSK002591,1
VEH000026,TSK002591,1
VEH000430,TSK002591,0
VEH000067,TSK002591,0
VEH000088,TSK002591,1
VEH000417,TSK002591,0
VEH000015,TSK002591,0
VEH000024,TSK002591,1
VEH000250,TSK002591,0
VEH000267,TSK002591,0
VEH000034,TSK002591,1
VEH000532,TSK002591,0
VEH000482,TSK002591,0
VEH000386,TSK002591,1
VEH000389,TSK002591,1
VEH000007,TSK002591,0
VEH000367,TSK002591,1
VEH000230,TSK002591,1
VEH000327,TSK002591,0
VEH000426,TSK002591,1
VEH000073,TSK002591,1
VEH000488,TSK002591,1
VEH000222,TSK002591,0
VEH000047,TSK002591,0
VEH000263,TSK002591,0
VEH000346,TSK002591,1
VEH000292,TSK002655,0
VEH000097,TSK002655,1
VEH000077,TSK002655,0
VEH000251,TSK002655,1
VEH000429,TSK002655,1
VEH000036,TSK002655,1
VEH000525,TSK002655,1
VEH000320,TSK002655,1
VEH000313,TSK002655,0
VEH000312,TSK002655,1
VEH000299,TSK002655,1
VEH000298,TSK002655,0
VEH000431,TSK002655,0
VEH000246,TSK002655,0
VEH000061,TSK002655,0
VEH000096,TSK002655,0
VEH000059,TSK002655,0
VEH000336,TSK002655,0
VEH000284,TSK002655,1
VEH000397,TSK002655,0
VEH000334,TSK002655,0
VEH000259,TSK002655,1
VEH000527,TSK002655,0
VEH000031,TSK002655,1
VEH000348,TSK002655,1
VEH000271,TSK002655,0
VEH000089,TSK002655,1
VEH000385,TSK002655,0
VEH000414,TSK002655,0
VEH000060,TSK002655,1
VEH000468,TSK002655,1
VEH000269,TSK002655,0
VEH000459,TSK002655,1
VEH000528,TSK002655,0
VEH000406,TSK002655,0
VEH000229,TSK002655,1
VEH000379,TSK002655,1
VEH000003,TSK002655,1
VEH000028,TSK002655,1
VEH000100,TSK002655,0
VEH000335,TSK002655,1
VEH000048,TSK002655,0
VEH000368,TSK002655,0
VEH000309,TSK002655,1
VEH000499,TSK002655,0
VEH000225,TSK002655,1
VEH000330,TSK002655,1
VEH000279,TSK002655,1
VEH000341,TSK002655,0
VEH000049,TSK002655,0
VEH000344,TSK002655,0
VEH000042,TSK002655,1
VEH000311,TSK002655,1
VEH000287,TSK002655,0
VEH000421,TSK002655,0
VEH000516,TSK002655,1
VEH000510,TSK002655,1
VEH000084,TSK002655,1
VEH000266,TSK002655,1
VEH000051,TSK002655,1
VEH000016,TSK002655,1
VEH000526,TSK002655,1
VEH000247,TSK002655,0
VEH000252,TSK002655,0
VEH000314,TSK002655,1
VEH000242,TSK002655,1
VEH000433,TSK002655,1
VEH000366,TSK002655,0
VEH000318,TSK002655,0
VEH000290,TSK002655,1
VEH000008,TSK002655,0
VEH000530,TSK002655,0
VEH000081,TSK002655,1
VEH000304,TSK002655,0
VEH000358,TSK002655,0
VEH000026,TSK002655,0
VEH000430,TSK002655,1
VEH000067,TSK002655,0
VEH000088,TSK002655,1
VEH000417,TSK002655,1
VEH000015,TSK002655,0
VEH000024,TSK002655,0
VEH000250,TSK002655,1
VEH000267,TSK002655,1
VEH000034,TSK002655,0
VEH000532,TSK002655,1
VEH000482,TSK002655,0
VEH000386,TSK002655,1
VEH000389,TSK002655,0
VEH000007,TSK002655,0
VEH000367,TSK002655,0
VEH000230,TSK002655,0
VEH000327,TSK002655,1
VEH000426,TSK002655,1
VEH000073,TSK002655,0
VEH000488,TSK002655,1
VEH000222,TSK002655,0
VEH000047,TSK002655,0
VEH000263,TSK002655,0
VEH000346,TSK002655,1
VEH000292,TSK002664,1
VEH000097,TSK002664,0
VEH000077,TSK002664,0
VEH000251,TSK002664,0
VEH000429,TSK002664,1
VEH000036,TSK002664,0
VEH000525,TSK002664,1
VEH000320,TSK002664,0
VEH000313,TSK002664,1
VEH000312,TSK002664,0
VEH000299,TSK002664,1
VEH000298,TSK002664,1
VEH000431,TSK002664,0
VEH000246,TSK002664,0
VEH000061,TSK002664,1
VEH000096,TSK002664,0
VEH000059,TSK002664,0
VEH000336,TSK002664,0
VEH000284,TSK002664,0
VEH000397,TSK002664,1
VEH000334,TSK002664,1
VEH000259,TSK002664,0
VEH000527,TSK002664,1
VEH000031,TSK002664,1
VEH000348,TSK002664,1
VEH000271,TSK002664,1
VEH000089,TSK002664,0
VEH000385,TSK002664,0
VEH000414,TSK002664,0
VEH000060,TSK002664,0
VEH000468,TSK002664,1
VEH000269,TSK002664,1
VEH000459,TSK002664,0
VEH000528,TSK002664,0
VEH000406,TSK002664,1
VEH000229,TSK002664,0
VEH000379,TSK002664,1
VEH000003,TSK002664,0
VEH000028,TSK002664,0
VEH000100,TSK002664,1
VEH000335,TSK002664,0
VEH000048,TSK002664,1
VEH000368,TSK002664,1
VEH000309,TSK002664,0
VEH000499,TSK002664,1
VEH000225,TSK002664,0
VEH000330,TSK002664,1
VEH000279,TSK002664,0
VEH000341,TSK002664,1
VEH000049,TSK002664,1
VEH000344,TSK002664,1
VEH000042,TSK002664,0
VEH000311,TSK002664,0
VEH000287,TSK002664,1
VEH000421,TSK002664,0
VEH000516,TSK002664,1
VEH000510,TSK002664,0
VEH000084,TSK002664,1
VEH000266,TSK002664,1
VEH000051,TSK002664,1
VEH000016,TSK002664,1
VEH000526,TSK002664,1
VEH000247,TSK002664,1
VEH000252,TSK002664,0
VEH000314,TSK002664,1
VEH000242,TSK002664,1
VEH000433,TSK002664,0
VEH000366,TSK002664,1
VEH000318,TSK002664,0
VEH000290,TSK002664,0
VEH000008,TSK002664,0
VEH000530,TSK002664,0
VEH000081,TSK002664,0
VEH000304,TSK002664,0
VEH000358,TSK002664,0
VEH000026,TSK002664,1
VEH000430,TSK002664,0
VEH000067,TSK002664,1
VEH000088,TSK002664,0
VEH000417,TSK002664,1
VEH000015,TSK002664,0
VEH000024,TSK002664,1
VEH000250,TSK002664,1
VEH000267,TSK002664,0
VEH000034,TSK002664,1
VEH000532,TSK002664,0
VEH000482,TSK002664,0
VEH000386,TSK002664,0
VEH000389,TSK002664,1
VEH000007,TSK002664,0
VEH000367,TSK002664,1
VEH000230,TSK002664,1
VEH000327,TSK002664,1
VEH000426,TSK002664,0
VEH000073,TSK002664,1
VEH000488,TSK002664,0
VEH000222,TSK002664,1
VEH000047,TSK002664,1
VEH000263,TSK002664,0
VEH000346,TSK002664,1
VEH000292,TSK002679,0
VEH000097,TSK002679,1
VEH000077,TSK002679,1
VEH000251,TSK002679,0
VEH000429,TSK002679,1
VEH000036,TSK002679,1
VEH000525,TSK002679,0
VEH000320,TSK002679,1
VEH000313,TSK002679,0
VEH000312,TSK002679,1
VEH000299,TSK002679,0
VEH000298,TSK002679,1
VEH000431,TSK002679,1
VEH000246,TSK002679,0
VEH000061,TSK002679,1
VEH000096,TSK002679,1
VEH000059,TSK002679,0
VEH000336,TSK002679,0
VEH000284,TSK002679,1
VEH000397,TSK002679,0
VEH000334,TSK002679,0
VEH000259,TSK002679,0
VEH000527,TSK002679,1
VEH000031,TSK002679,1
VEH000348,TSK002679,1
VEH000271,TSK002679,1
VEH000089,TSK002679,1
VEH000385,TSK002679,0
VEH000414,TSK002679,1
VEH000060,TSK002679,1
VEH000468,TSK002679,0
VEH000269,TSK002679,0
VEH000459,TSK002679,1
VEH000528,TSK002679,0
VEH000406,TSK002679,1
VEH000229,TSK002679,1
VEH000379,TSK002679,0
VEH000003,TSK002679,1
VEH000028,TSK002679,1
VEH000100,TSK002679,0
VEH000335,TSK002679,1
VEH000048,TSK002679,0
VEH000368,TSK002679,0
VEH000309,TSK002679,0
VEH000499,TSK002679,0
VEH000225,TSK002679,1
VEH000330,TSK002679,1
VEH000279,TSK002679,0
VEH000341,TSK002679,0
VEH000049,TSK002679,0
VEH000344,TSK002679,1
VEH000042,TSK002679,1
VEH000311,TSK002679,0
VEH000287,TSK002679,1
VEH000421,TSK002679,1
VEH000516,TSK002679,0
VEH000510,TSK002679,0
VEH000084,TSK002679,0
VEH000266,TSK002679,1
VEH000051,TSK002679,1
VEH000016,TSK002679,1
VEH000526,TSK002679,0
VEH000247,TSK002679,1
VEH000252,TSK002679,1
VEH000314,TSK002679,0
VEH000242,TSK002679,1
VEH000433,TSK002679,1
VEH000366,TSK002679,1
VEH000318,TSK002679,0
VEH000290,TSK002679,1
VEH000008,TSK002679,0
VEH000530,TSK002679,0
VEH000081,TSK002679,1
VEH000304,TSK002679,1
VEH000358,TSK002679,0
VEH000026,TSK002679,0
VEH000430,TSK002679,0
VEH000067,TSK002679,0
VEH000088,TSK002679,0
VEH000417,TSK002679,0
VEH000015,TSK002679,1
VEH000024,TSK002679,1
VEH000250,TSK002679,0
VEH000267,TSK002679,0
VEH000034,TSK002679,0
VEH000532,TSK002679,1
VEH000482,TSK002679,1
VEH000386,TSK002679,0
VEH000389,TSK002679,1
VEH000007,TSK002679,0
VEH000367,TSK002679,0
VEH000230,TSK002679,1
VEH000327,TSK002679,0
VEH000426,TSK002679,1
VEH000073,TSK002679,0
VEH000488,TSK002679,0
VEH000222,TSK002679,0
VEH000047,TSK002679,1
VEH000263,TSK002679,1
VEH000346,TSK002679,0
VEH000292,TSK002697,0
VEH000097,TSK002697,0
VEH000077,TSK002697,1
VEH000251,TSK002697,1
VEH000429,TSK002697,0
VEH000036,TSK002697,1
VEH000525,TSK002697,1
VEH000320,TSK002697,0
VEH000313,TSK002697,0
VEH000312,TSK002697,1
VEH000299,TSK002697,0
VEH000298,TSK002697,1
VEH000431,TSK002697,0
VEH000246,TSK002697,1
VEH000061,TSK002697,1
VEH000096,TSK002697,0
VEH000059,TSK002697,0
VEH000336,TSK002697,0
VEH000284,TSK002697,0
VEH000397,TSK002697,1
VEH000334,TSK002697,0
VEH000259,TSK002697,0
VEH000527,TSK002697,0
VEH000031,TSK002697,1
VEH000348,TSK002697,1
VEH000271,TSK002697,1
VEH000089,TSK002697,1
VEH000385,TSK002697,0
VEH000414,TSK002697,0
VEH000060,TSK002697,1
VEH000468,TSK002697,0
VEH000269,TSK002697,1
VEH000459,TSK002697,0
VEH000528,TSK002697,1
VEH000406,TSK002697,1
VEH000229,TSK002697,1
VEH000379,TSK002697,1
VEH000003,TSK002697,0
VEH000028,TSK002697,1
VEH000100,TSK002697,0
VEH000335,TSK002697,0
VEH000048,TSK002697,1
VEH000368,TSK002697,0
VEH000309,TSK002697,1
VEH000499,TSK002697,1
VEH000225,TSK002697,1
VEH000330,TSK002697,0
VEH000279,TSK002697,0
VEH000341,TSK002697,1
VEH000049,TSK002697,0
VEH000344,TSK002697,0
VEH000042,TSK002697,1
VEH000311,TSK002697,1
VEH000287,TSK002697,0
VEH000421,TSK002697,0
VEH000516,TSK002697,0
VEH000510,TSK002697,1
VEH000084,TSK002697,1
VEH000266,TSK002697,1
VEH000051,TSK002697,1
VEH000016,TSK002697,1
VEH000526,TSK002697,1
VEH000247,TSK002697,0
VEH000252,TSK002697,0
VEH000314,TSK002697,1
VEH000242,TSK002697,0
VEH000433,TSK002697,0
VEH000366,TSK002697,0
VEH000318,TSK002697,1
VEH000290,TSK002697,0
VEH000008,TSK002697,0
VEH000530,TSK002697,1
VEH000081,TSK002697,0
VEH000304,TSK002697,1
VEH000358,TSK002697,1
VEH000026,TSK002697,0
VEH000430,TSK002697,1
VEH000067,TSK002697,0
VEH000088,TSK002697,1
VEH000417,TSK002697,0
VEH000015,TSK002697,0
VEH000024,TSK002697,1
VEH000250,TSK002697,0
VEH000267,TSK002697,1
VEH000034,TSK002697,0
VEH000532,TSK002697,0
VEH000482,TSK002697,1
VEH000386,TSK002697,1
VEH000389,TSK002697,1
VEH000007,TSK002697,0
VEH000367,TSK002697,1
VEH000230,TSK002697,0
VEH000327,TSK002697,1
VEH000426,TSK002697,0
VEH000073,TSK002697,1
VEH000488,TSK002697,1
VEH000222,TSK002697,0
VEH000047,TSK002697,1
VEH000263,TSK002697,0
VEH000346,TSK002697,0
VEH000292,TSK002725,1
VEH000097,TSK002725,1
VEH000077,TSK002725,1
VEH000251,TSK002725,1
VEH000429,TSK002725,1
VEH000036,TSK002725,0
VEH000525,TSK002725,0
VEH000320,TSK002725,1
VEH000313,TSK002725,1
VEH000312,TSK002725,0
VEH000299,TSK002725,0
VEH000298,TSK002725,1
VEH000431,TSK002725,0
VEH000246,TSK002725,1
VEH000061,TSK002725,1
VEH000096,TSK002725,0
VEH000059,TSK002725,1
VEH000336,TSK002725,0
VEH000284,TSK002725,0
VEH000397,TSK002725,0
VEH000334,TSK002725,0
VEH000259,TSK002725,1
VEH000527,TSK002725,1
VEH000031,TSK002725,1
VEH000348,TSK002725,1
VEH000271,TSK002725,1
VEH000089,TSK002725,1
VEH000385,TSK002725,1
VEH000414,TSK002725,0
VEH000060,TSK002725,1
VEH000468,TSK002725,1
VEH000269,TSK002725,0
VEH000459,TSK002725,1
VEH000528,TSK002725,1
VEH000406,TSK002725,1
VEH000229,TSK002725,0
VEH000379,TSK002725,0
VEH000003,TSK002725,0
VEH000028,TSK002725,1
VEH000100,TSK002725,1
VEH000335,TSK002725,1
VEH000048,TSK002725,0
VEH000368,TSK002725,0
VEH000309,TSK002725,0
VEH000499,TSK002725,0
VEH000225,TSK002725,1
VEH000330,TSK002725,1
VEH000279,TSK002725,0
VEH000341,TSK002725,1
VEH000049,TSK002725,0
VEH000344,TSK002725,0
VEH000042,TSK002725,0
VEH000311,TSK002725,1
VEH000287,TSK002725,1
VEH000421,TSK002725,1
VEH000516,TSK002725,1
VEH000510,TSK002725,0
VEH000084,TSK002725,1
VEH000266,TSK002725,1
VEH000051,TSK002725,0
VEH000016,TSK002725,1
VEH000526,TSK002725,1
VEH000247,TSK002725,1
VEH000252,TSK002725,0
VEH000314,TSK002725,1
VEH000242,TSK002725,0
VEH000433,TSK002725,0
VEH000366,TSK002725,0
VEH000318,TSK002725,1
VEH000290,TSK002725,0
VEH000008,TSK002725,0
VEH000530,TSK002725,0
VEH000081,TSK002725,1
VEH000304,TSK002725,0
VEH000358,TSK002725,1
VEH000026,TSK002725,0
VEH000430,TSK002725,1
VEH000067,TSK002725,1
VEH000088,TSK002725,0
VEH000417,TSK002725,0
VEH000015,TSK002725,0
VEH000024,TSK002725,0
VEH000250,TSK002725,0
VEH000267,TSK002725,0
VEH000034,TSK002725,1
VEH000532,TSK002725,1
VEH000482,TSK002725,1
VEH000386,TSK002725,0
VEH000389,TSK002725,0
VEH000007,TSK002725,0
VEH000367,TSK002725,0
VEH000230,TSK002725,0
VEH000327,TSK002725,0
VEH000426,TSK002725,0
VEH000073,TSK002725,0
VEH000488,TSK002725,0
VEH000222,TSK002725,1
VEH000047,TSK002725,1
VEH000263,TSK002725,0
VEH000346,TSK002725,1
VEH000292,TSK002764,1
VEH000097,TSK002764,0
VEH000077,TSK002764,1
VEH000251,TSK002764,0
VEH000429,TSK002764,1
VEH000036,TSK002764,0
VEH000525,TSK002764,0
VEH000320,TSK002764,1
VEH000313,TSK002764,1
VEH000312,TSK002764,1
VEH000299,TSK002764,1
VEH000298,TSK002764,0
VEH000431,TSK002764,0
VEH000246,TSK002764,0
VEH000061,TSK002764,1
VEH000096,TSK002764,1
VEH000059,TSK002764,0
VEH000336,TSK002764,1
VEH000284,TSK002764,0
VEH000397,TSK002764,1
VEH000334,TSK002764,0
VEH000259,TSK002764,0
VEH000527,TSK002764,1
VEH000031,TSK002764,0
VEH000348,TSK002764,0
VEH000271,TSK002764,1
VEH000089,TSK002764,1
VEH000385,TSK002764,1
VEH000414,TSK002764,0
VEH000060,TSK002764,0
VEH000468,TSK002764,1
VEH000269,TSK002764,0
VEH000459,TSK002764,1
VEH000528,TSK002764,0
VEH000406,TSK002764,1
VEH000229,TSK002764,1
VEH000379,TSK002764,0
VEH000003,TSK002764,0
VEH000028,TSK002764,0
VEH000100,TSK002764,1
VEH000335,TSK002764,1
VEH000048,TSK002764,0
VEH000368,TSK002764,0
VEH000309,TSK002764,0
VEH000499,TSK002764,0
VEH000225,TSK002764,0
VEH000330,TSK002764,1
VEH000279,TSK002764,0
VEH000341,TSK002764,1
VEH000049,TSK002764,1
VEH000344,TSK002764,1
VEH000042,TSK002764,1
VEH000311,TSK002764,1
VEH000287,TSK002764,1
VEH000421,TSK002764,0
VEH000516,TSK002764,1
VEH000510,TSK002764,1
VEH000084,TSK002764,0
VEH000266,TSK002764,1
VEH000051,TSK002764,0
VEH000016,TSK002764,0
VEH000526,TSK002764,1
VEH000247,TSK002764,1
VEH000252,TSK002764,1
VEH000314,TSK002764,0
VEH000242,TSK002764,1
VEH000433,TSK002764,1
VEH000366,TSK002764,1
VEH000318,TSK002764,0
VEH000290,TSK002764,1
VEH000008,TSK002764,0
VEH000530,TSK002764,1
VEH000081,TSK002764,1
VEH000304,TSK002764,1
VEH000358,TSK002764,1
VEH000026,TSK002764,0
VEH000430,TSK002764,1
VEH000067,TSK002764,0
VEH000088,TSK002764,0
VEH000417,TSK002764,0
VEH000015,TSK002764,1
VEH000024,TSK002764,0
VEH000250,TSK002764,0
VEH000267,TSK002764,1
VEH000034,TSK002764,0
VEH000532,TSK002764,1
VEH000482,TSK002764,0
VEH000386,TSK002764,0
VEH000389,TSK002764,0
VEH000007,TSK002764,0
VEH000367,TSK002764,1
VEH000230,TSK002764,1
VEH000327,TSK002764,0
VEH000426,TSK002764,0
VEH000073,TSK002764,0
VEH000488,TSK002764,0
VEH000222,TSK002764,0
VEH000047,TSK002764,1
VEH000263,TSK002764,1
VEH000346,TSK002764,0
VEH000292,TSK002779,1
VEH000097,TSK002779,1
VEH000077,TSK002779,0
VEH000251,TSK002779,0
VEH000429,TSK002779,1
VEH000036,TSK002779,0
VEH000525,TSK002779,1
VEH000320,TSK002779,1
VEH000313,TSK002779,1
VEH000312,TSK002779,1
VEH000299,TSK002779,1
VEH000298,TSK002779,1
VEH000431,TSK002779,1
VEH000246,TSK002779,1
VEH000061,TSK002779,0
VEH000096,TSK002779,1
VEH000059,TSK002779,1
VEH000336,TSK002779,0
VEH000284,TSK002779,0
VEH000397,TSK002779,0
VEH000334,TSK002779,0
VEH000259,TSK002779,0
VEH000527,TSK002779,1
VEH000031,TSK002779,1
VEH000348,TSK002779,0
VEH000271,TSK002779,1
VEH000089,TSK002779,0
VEH000385,TSK002779,1
VEH000414,TSK002779,1
VEH000060,TSK002779,1
VEH000468,TSK002779,0
VEH000269,TSK002779,1
VEH000459,TSK002779,0
VEH000528,TSK002779,1
VEH000406,TSK002779,1
VEH000229,TSK002779,0
VEH000379,TSK002779,0
VEH000003,TSK002779,0
VEH000028,TSK002779,0
VEH000100,TSK002779,1
VEH000335,TSK002779,0
VEH000048,TSK002779,1
VEH000368,TSK002779,1
VEH000309,TSK002779,0
VEH000499,TSK002779,1
VEH000225,TSK002779,0
VEH000330,TSK002779,0
VEH000279,TSK002779,1
VEH000341,TSK002779,0
VEH000049,TSK002779,0
VEH000344,TSK002779,1
VEH000042,TSK002779,0
VEH000311,TSK002779,1
VEH000287,TSK002779,0
VEH000421,TSK002779,0
VEH000516,TSK002779,0
VEH000510,TSK002779,1
VEH000084,TSK002779,0
VEH000266,TSK002779,0
VEH000051,TSK002779,0
VEH000016,TSK002779,0
VEH000526,TSK002779,0
VEH000247,TSK002779,0
VEH000252,TSK002779,0
VEH000314,TSK002779,1
VEH000242,TSK002779,1
VEH000433,TSK002779,1
VEH000366,TSK002779,1
VEH000318,TSK002779,0
VEH000290,TSK002779,1
VEH000008,TSK002779,0
VEH000530,TSK002779,0
VEH000081,TSK002779,1
VEH000304,TSK002779,0
VEH000358,TSK002779,0
VEH000026,TSK002779,0
VEH000430,TSK002779,1
VEH000067,TSK002779,1
VEH000088,TSK002779,0
VEH000417,TSK002779,0
VEH000015,TSK002779,1
VEH000024,TSK002779,1
VEH000250,TSK002779,0
VEH000267,TSK002779,0
VEH000034,TSK002779,1
VEH000532,TSK002779,0
VEH000482,TSK002779,0
VEH000386,TSK002779,1
VEH000389,TSK002779,1
VEH000007,TSK002779,1
VEH000367,TSK002779,0
VEH000230,TSK002779,1
VEH000327,TSK002779,1
VEH000426,TSK002779,1
VEH000073,TSK002779,1
VEH000488,TSK002779,1
VEH000222,TSK002779,1
VEH000047,TSK002779,0
VEH000263,TSK002779,0
VEH000346,TSK002779,0
VEH000292,TSK002836,1
VEH000097,TSK002836,1
VEH000077,TSK002836,1
VEH000251,TSK002836,0
VEH000429,TSK002836,1
VEH000036,TSK002836,0
VEH000525,TSK002836,0
VEH000320,TSK002836,1
VEH000313,TSK002836,0
VEH000312,TSK002836,1
VEH000299,TSK002836,0
VEH000298,TSK002836,0
VEH000431,TSK002836,0
VEH000246,TSK002836,1
VEH000061,TSK002836,0
VEH000096,TSK002836,0
VEH000059,TSK002836,0
VEH000336,TSK002836,0
VEH000284,TSK002836,1
VEH000397,TSK002836,1
VEH000334,TSK002836,1
VEH000259,TSK002836,0
VEH000527,TSK002836,0
VEH000031,TSK002836,1
VEH000348,TSK002836,1
VEH000271,TSK002836,1
VEH000089,TSK002836,0
VEH000385,TSK002836,1
VEH000414,TSK002836,0
VEH000060,TSK002836,0
VEH000468,TSK002836,1
VEH000269,TSK002836,0
VEH000459,TSK002836,0
VEH000528,TSK002836,0
VEH000406,TSK002836,0
VEH000229,TSK002836,1
VEH000379,TSK002836,1
VEH000003,TSK002836,1
VEH000028,TSK002836,0
VEH000100,TSK002836,1
VEH000335,TSK002836,0
VEH000048,TSK002836,1
VEH000368,TSK002836,1
VEH000309,TSK002836,1
VEH000499,TSK002836,1
VEH000225,TSK002836,1
VEH000330,TSK002836,1
VEH000279,TSK002836,0
VEH000341,TSK002836,0
VEH000049,TSK002836,1
VEH000344,TSK002836,0
VEH000042,TSK002836,0
VEH000311,TSK002836,0
VEH000287,TSK002836,1
VEH000421,TSK002836,1
VEH000516,TSK002836,1
VEH000510,TSK002836,0
VEH000084,TSK002836,1
VEH000266,TSK002836,1
VEH000051,TSK002836,0
VEH000016,TSK002836,0
VEH000526,TSK002836,0
VEH000247,TSK002836,0
VEH000252,TSK002836,1
VEH000314,TSK002836,0
VEH000242,TSK002836,0
VEH000433,TSK002836,0
VEH000366,TSK002836,0
VEH000318,TSK002836,0
VEH000290,TSK002836,0
VEH000008,TSK002836,1
VEH000530,TSK002836,0
VEH000081,TSK002836,1
VEH000304,TSK002836,1
VEH000358,TSK002836,0
VEH000026,TSK002836,0
VEH000430,TSK002836,0
VEH000067,TSK002836,1
VEH000088,TSK002836,1
VEH000417,TSK002836,0
VEH000015,TSK002836,0
VEH000024,TSK002836,1
VEH000250,TSK002836,1
VEH000267,TSK002836,1
VEH000034,TSK002836,1
VEH000532,TSK002836,1
VEH000482,TSK002836,1
VEH000386,TSK002836,1
VEH000389,TSK002836,0
VEH000007,TSK002836,1
VEH000367,TSK002836,0
VEH000230,TSK002836,1
VEH000327,TSK002836,1
VEH000426,TSK002836,1
VEH000073,TSK002836,1
VEH000488,TSK002836,0
VEH000222,TSK002836,0
VEH000047,TSK002836,0
VEH000263,TSK002836,1
VEH000346,TSK002836,0
VEH000292,TSK002843,0
VEH000097,TSK002843,1
VEH000077,TSK002843,1
VEH000251,TSK002843,1
VEH000429,TSK002843,0
VEH000036,TSK002843,1
VEH000525,TSK002843,0
VEH000320,TSK002843,1
VEH000313,TSK002843,1
VEH000312,TSK002843,0
VEH000299,TSK002843,1
VEH000298,TSK002843,0
VEH000431,TSK002843,0
VEH000246,TSK002843,0
VEH000061,TSK002843,0
VEH000096,TSK002843,0
VEH000059,TSK002843,0
VEH000336,TSK002843,0
VEH000284,TSK002843,0
VEH000397,TSK002843,1
VEH000334,TSK002843,0
VEH000259,TSK002843,0
VEH000527,TSK002843,0
VEH000031,TSK002843,0
VEH000348,TSK002843,0
VEH000271,TSK002843,0
VEH000089,TSK002843,1
VEH000385,TSK002843,0
VEH000414,TSK002843,1
VEH000060,TSK002843,1
VEH000468,TSK002843,1
VEH000269,TSK002843,0
VEH000459,TSK002843,0
VEH000528,TSK002843,0
VEH000406,TSK002843,0
VEH000229,TSK002843,1
VEH000379,TSK002843,1
VEH000003,TSK002843,1
VEH000028,TSK002843,0
VEH000100,TSK002843,0
VEH000335,TSK002843,0
VEH000048,TSK002843,0
VEH000368,TSK002843,1
VEH000309,TSK002843,0
VEH000499,TSK002843,1
VEH000225,TSK002843,1
VEH000330,TSK002843,0
VEH000279,TSK002843,1
VEH000341,TSK002843,0
VEH000049,TSK002843,0
VEH000344,TSK002843,1
VEH000042,TSK002843,0
VEH000311,TSK002843,1
VEH000287,TSK002843,0
VEH000421,TSK002843,0
VEH000516,TSK002843,0
VEH000510,TSK002843,0
VEH000084,TSK002843,1
VEH000266,TSK002843,1
VEH000051,TSK002843,1
VEH000016,TSK002843,0
VEH000526,TSK002843,0
VEH000247,TSK002843,1
VEH000252,TSK002843,1
VEH000314,TSK002843,1
VEH000242,TSK002843,0
VEH000433,TSK002843,1
VEH000366,TSK002843,1
VEH000318,TSK002843,0
VEH000290,TSK002843,1
VEH000008,TSK002843,1
VEH000530,TSK002843,0
VEH000081,TSK002843,1
VEH000304,TSK002843,1
VEH000358,TSK002843,0
VEH000026,TSK002843,1
VEH000430,TSK002843,1
VEH000067,TSK002843,1
VEH000088,TSK002843,1
VEH000417,TSK002843,0
VEH000015,TSK002843,1
VEH000024,TSK002843,1
VEH000250,TSK002843,0
VEH000267,TSK002843,0
VEH000034,TSK002843,0
VEH000532,TSK002843,1
VEH000482,TSK002843,1
VEH000386,TSK002843,1
VEH000389,TSK002843,1
VEH000007,TSK002843,0
VEH000367,TSK002843,1
VEH000230,TSK002843,0
VEH000327,TSK002843,0
VEH000426,TSK002843,1
VEH000073,TSK002843,1
VEH000488,TSK002843,1
VEH000222,TSK002843,0
VEH000047,TSK002843,1
VEH000263,TSK002843,1
VEH000346,TSK002843,1
VEH000292,TSK002844,1
VEH000097,TSK002844,1
VEH000077,TSK002844,1
VEH000251,TSK002844,1
VEH000429,TSK002844,0
VEH000036,TSK002844,0
VEH000525,TSK002844,0
VEH000320,TSK002844,0
VEH000313,TSK002844,0
VEH000312,TSK002844,0
VEH000299,TSK002844,0
VEH000298,TSK002844,0
VEH000431,TSK002844,0
VEH000246,TSK002844,0
VEH000061,TSK002844,0
VEH000096,TSK002844,1
VEH000059,TSK002844,1
VEH000336,TSK002844,0
VEH000284,TSK002844,0
VEH000397,TSK002844,1
VEH000334,TSK002844,0
VEH000259,TSK002844,1
VEH000527,TSK002844,0
VEH000031,TSK002844,0
VEH000348,TSK002844,1
VEH000271,TSK002844,1
VEH000089,TSK002844,1
VEH000385,TSK002844,0
VEH000414,TSK002844,1
VEH000060,TSK002844,0
VEH000468,TSK002844,1
VEH000269,TSK002844,1
VEH000459,TSK002844,0
VEH000528,TSK002844,0
VEH000406,TSK002844,1
VEH000229,TSK002844,0
VEH000379,TSK002844,1
VEH000003,TSK002844,1
VEH000028,TSK002844,1
VEH000100,TSK002844,0
VEH000335,TSK002844,0
VEH000048,TSK002844,1
VEH000368,TSK002844,1
VEH000309,TSK002844,1
VEH000499,TSK002844,1
VEH000225,TSK002844,1
VEH000330,TSK002844,0
VEH000279,TSK002844,0
VEH000341,TSK002844,0
VEH000049,TSK002844,1
VEH000344,TSK002844,0
VEH000042,TSK002844,0
VEH000311,TSK002844,1
VEH000287,TSK002844,0
VEH000421,TSK002844,1
VEH000516,TSK002844,0
VEH000510,TSK002844,1
VEH000084,TSK002844,1
VEH000266,TSK002844,0
VEH000051,TSK002844,1
VEH000016,TSK002844,1
VEH000526,TSK002844,0
VEH000247,TSK002844,1
VEH000252,TSK002844,1
VEH000314,TSK002844,1
VEH000242,TSK002844,0
VEH000433,TSK002844,1
VEH000366,TSK002844,0
VEH000318,TSK002844,0
VEH000290,TSK002844,0
VEH000008,TSK002844,1
VEH000530,TSK002844,0
VEH000081,TSK002844,1
VEH000304,TSK002844,1
VEH000358,TSK002844,0
VEH000026,TSK002844,1
VEH000430,TSK002844,1
VEH000067,TSK002844,0
VEH000088,TSK002844,0
VEH000417,TSK002844,0
VEH000015,TSK002844,1
VEH000024,TSK002844,0
VEH000250,TSK002844,0
VEH000267,TSK002844,1
VEH000034,TSK002844,0
VEH000532,TSK002844,0
VEH000482,TSK002844,1
VEH000386,TSK002844,1
VEH000389,TSK002844,1
VEH000007,TSK002844,1
VEH000367,TSK002844,1
VEH000230,TSK002844,0
VEH000327,TSK002844,0
VEH000426,TSK002844,1
VEH000073,TSK002844,0
VEH000488,TSK002844,0
VEH000222,TSK002844,1
VEH000047,TSK002844,1
VEH000263,TSK002844,1
VEH000346,TSK002844,0
VEH000292,TSK002846,0
VEH000097,TSK002846,0
VEH000077,TSK002846,0
VEH000251,TSK002846,1
VEH000429,TSK002846,0
VEH000036,TSK002846,0
VEH000525,TSK002846,1
VEH000320,TSK002846,0
VEH000313,TSK002846,1
VEH000312,TSK002846,1
VEH000299,TSK002846,1
VEH000298,TSK002846,0
VEH000431,TSK002846,1
VEH000246,TSK002846,1
VEH000061,TSK002846,1
VEH000096,TSK002846,0
VEH000059,TSK002846,0
VEH000336,TSK002846,0
VEH000284,TSK002846,1
VEH000397,TSK002846,0
VEH000334,TSK002846,0
VEH000259,TSK002846,1
VEH000527,TSK002846,1
VEH000031,TSK002846,0
VEH000348,TSK002846,0
VEH000271,TSK002846,1
VEH000089,TSK002846,0
VEH000385,TSK002846,0
VEH000414,TSK002846,0
VEH000060,TSK002846,1
VEH000468,TSK002846,1
VEH000269,TSK002846,0
VEH000459,TSK002846,1
VEH000528,TSK002846,0
VEH000406,TSK002846,1
VEH000229,TSK002846,1
VEH000379,TSK002846,0
VEH000003,TSK002846,1
VEH000028,TSK002846,1
VEH000100,TSK002846,0
VEH000335,TSK002846,1
VEH000048,TSK002846,1
VEH000368,TSK002846,1
VEH000309,TSK002846,1
VEH000499,TSK002846,1
VEH000225,TSK002846,1
VEH000330,TSK002846,0
VEH000279,TSK002846,0
VEH000341,TSK002846,1
VEH000049,TSK002846,0
VEH000344,TSK002846,0
VEH000042,TSK002846,1
VEH000311,TSK002846,0
VEH000287,TSK002846,1
VEH000421,TSK002846,0
VEH000516,TSK002846,1
VEH000510,TSK002846,0
VEH000084,TSK002846,0
VEH000266,TSK002846,0
VEH000051,TSK002846,0
VEH000016,TSK002846,1
VEH000526,TSK002846,0
VEH000247,TSK002846,1
VEH000252,TSK002846,0
VEH000314,TSK002846,0
VEH000242,TSK002846,1
VEH000433,TSK002846,0
VEH000366,TSK002846,1
VEH000318,TSK002846,1
VEH000290,TSK002846,1
VEH000008,TSK002846,1
VEH000530,TSK002846,1
VEH000081,TSK002846,0
VEH000304,TSK002846,0
VEH000358,TSK002846,1
VEH000026,TSK002846,0
VEH000430,TSK002846,0
VEH000067,TSK002846,0
VEH000088,TSK002846,1
VEH000417,TSK002846,1
VEH000015,TSK002846,1
VEH000024,TSK002846,0
VEH000250,TSK002846,1
VEH000267,TSK002846,1
VEH000034,TSK002846,1
VEH000532,TSK002846,0
VEH000482,TSK002846,0
VEH000386,TSK002846,0
VEH000389,TSK002846,1
VEH000007,TSK002846,0
VEH000367,TSK002846,0
VEH000230,TSK002846,1
VEH000327,TSK002846,1
VEH000426,TSK002846,0
VEH000073,TSK002846,1
VEH000488,TSK002846,0
VEH000222,TSK002846,0
VEH000047,TSK002846,1
VEH000263,TSK002846,0
VEH000346,TSK002846,1
VEH000292,TSK002875,1
VEH000097,TSK002875,0
VEH000077,TSK002875,0
VEH000251,TSK002875,1
VEH000429,TSK002875,0
VEH000036,TSK002875,0
VEH000525,TSK002875,1
VEH000320,TSK002875,1
VEH000313,TSK002875,1
VEH000312,TSK002875,0
VEH000299,TSK002875,1
VEH000298,TSK002875,0
VEH000431,TSK002875,1
VEH000246,TSK002875,1
VEH000061,TSK002875,1
VEH000096,TSK002875,1
VEH000059,TSK002875,0
VEH000336,TSK002875,1
VEH000284,TSK002875,1
VEH000397,TSK002875,1
VEH000334,TSK002875,1
VEH000259,TSK002875,1
VEH000527,TSK002875,1
VEH000031,TSK002875,0
VEH000348,TSK002875,0
VEH000271,TSK002875,0
VEH000089,TSK002875,0
VEH000385,TSK002875,0
VEH000414,TSK002875,0
VEH000060,TSK002875,1
VEH000468,TSK002875,1
VEH000269,TSK002875,0
VEH000459,TSK002875,0
VEH000528,TSK002875,0
VEH000406,TSK002875,1
VEH000229,TSK002875,0
VEH000379,TSK002875,1
VEH000003,TSK002875,0
VEH000028,TSK002875,1
VEH000100,TSK002875,0
VEH000335,TSK002875,0
VEH000048,TSK002875,0
VEH000368,TSK002875,1
VEH000309,TSK002875,0
VEH000499,TSK002875,0
VEH000225,TSK002875,0
VEH000330,TSK002875,0
VEH000279,TSK002875,1
VEH000341,TSK002875,0
VEH000049,TSK002875,0
VEH000344,TSK002875,1
VEH000042,TSK002875,1
VEH000311,TSK002875,1
VEH000287,TSK002875,0
VEH000421,TSK002875,1
VEH000516,TSK002875,0
VEH000510,TSK002875,1
VEH000084,TSK002875,0
VEH000266,TSK002875,1
VEH000051,TSK002875,0
VEH000016,TSK002875,1
VEH000526,TSK002875,1
VEH000247,TSK002875,1
VEH000252,TSK002875,1
VEH000314,TSK002875,1
VEH000242,TSK002875,1
VEH000433,TSK002875,0
VEH000366,TSK002875,0
VEH000318,TSK002875,0
VEH000290,TSK002875,0
VEH000008,TSK002875,0
VEH000530,TSK002875,0
VEH000081,TSK002875,0
VEH000304,TSK002875,0
VEH000358,TSK002875,1
VEH000026,TSK002875,0
VEH000430,TSK002875,1
VEH000067,TSK002875,0
VEH000088,TSK002875,1
VEH000417,TSK002875,0
VEH000015,TSK002875,0
VEH000024,TSK002875,1
VEH000250,TSK002875,1
VEH000267,TSK002875,1
VEH000034,TSK002875,1
VEH000532,TSK002875,0
VEH000482,TSK002875,0
VEH000386,TSK002875,1
VEH000389,TSK002875,1
VEH000007,TSK002875,1
VEH000367,TSK002875,1
VEH000230,TSK002875,0
VEH000327,TSK002875,0
VEH000426,TSK002875,0
VEH000073,TSK002875,1
VEH000488,TSK002875,1
VEH000222,TSK002875,0
VEH000047,TSK002875,1
VEH000263,TSK002875,0
VEH000346,TSK002875,1
VEH000292,TSK002949,0
VEH000097,TSK002949,0
VEH000077,TSK002949,0
VEH000251,TSK002949,0
VEH000429,TSK002949,1
VEH000036,TSK002949,0
VEH000525,TSK002949,1
VEH000320,TSK002949,0
VEH000313,TSK002949,1
VEH000312,TSK002949,0
VEH000299,TSK002949,0
VEH000298,TSK002949,1
VEH000431,TSK002949,1
VEH000246,TSK002949,1
VEH000061,TSK002949,1
VEH000096,TSK002949,0
VEH000059,TSK002949,0
VEH000336,TSK002949,1
VEH000284,TSK002949,1
VEH000397,TSK002949,1
VEH000334,TSK002949,1
VEH000259,TSK002949,0
VEH000527,TSK002949,1
VEH000031,TSK002949,0
VEH000348,TSK002949,0
VEH000271,TSK002949,1
VEH000089,TSK002949,1
VEH000385,TSK002949,0
VEH000414,TSK002949,1
VEH000060,TSK002949,1
VEH000468,TSK002949,0
VEH000269,TSK002949,1
VEH000459,TSK002949,0
VEH000528,TSK002949,0
VEH000406,TSK002949,0
VEH000229,TSK002949,1
VEH000379,TSK002949,1
VEH000003,TSK002949,1
VEH000028,TSK002949,1
VEH000100,TSK002949,0
VEH000335,TSK002949,1
VEH000048,TSK002949,0
VEH000368,TSK002949,1
VEH000309,TSK002949,0
VEH000499,TSK002949,0
VEH000225,TSK002949,0
VEH000330,TSK002949,1
VEH000279,TSK002949,1
VEH000341,TSK002949,1
VEH000049,TSK002949,0
VEH000344,TSK002949,1
VEH000042,TSK002949,1
VEH000311,TSK002949,1
VEH000287,TSK002949,0
VEH000421,TSK002949,1
VEH000516,TSK002949,0
VEH000510,TSK002949,0
VEH000084,TSK002949,1
VEH000266,TSK002949,0
VEH000051,TSK002949,0
VEH000016,TSK002949,0
VEH000526,TSK002949,0
VEH000247,TSK002949,0
VEH000252,TSK002949,1
VEH000314,TSK002949,1
VEH000242,TSK002949,0
VEH000433,TSK002949,1
VEH000366,TSK002949,1
VEH000318,TSK002949,0
VEH000290,TSK002949,0
VEH000008,TSK002949,1
VEH000530,TSK002949,1
VEH000081,TSK002949,1
VEH000304,TSK002949,1
VEH000358,TSK002949,1
VEH000026,TSK002949,1
VEH000430,TSK002949,0
VEH000067,TSK002949,0
VEH000088,TSK002949,0
VEH000417,TSK002949,1
VEH000015,TSK002949,0
VEH000024,TSK002949,0
VEH000250,TSK002949,0
VEH000267,TSK002949,0
VEH000034,TSK002949,0
VEH000532,TSK002949,0
VEH000482,TSK002949,1
VEH000386,TSK002949,1
VEH000389,TSK002949,0
VEH000007,TSK002949,0
VEH000367,TSK002949,0
VEH000230,TSK002949,1
VEH000327,TSK002949,1
VEH000426,TSK002949,0
VEH000073,TSK002949,1
VEH000488,TSK002949,0
VEH000222,TSK002949,0
VEH000047,TSK002949,1
VEH000263,TSK002949,1
VEH000346,TSK002949,1
VEH000292,TSK002971,0
VEH000097,TSK002971,1
VEH000077,TSK002971,1
VEH000251,TSK002971,0
VEH000429,TSK002971,1
VEH000036,TSK002971,1
VEH000525,TSK002971,0
VEH000320,TSK002971,0
VEH000313,TSK002971,0
VEH000312,TSK002971,0
VEH000299,TSK002971,0
VEH000298,TSK002971,0
VEH000431,TSK002971,1
VEH000246,TSK002971,0
VEH000061,TSK002971,0
VEH000096,TSK002971,0
VEH000059,TSK002971,0
VEH000336,TSK002971,1
VEH000284,TSK002971,1
VEH000397,TSK002971,1
VEH000334,TSK002971,0
VEH000259,TSK002971,1
VEH000527,TSK002971,1
VEH000031,TSK002971,1
VEH000348,TSK002971,1
VEH000271,TSK002971,1
VEH000089,TSK002971,1
VEH000385,TSK002971,0
VEH000414,TSK002971,1
VEH000060,TSK002971,0
VEH000468,TSK002971,1
VEH000269,TSK002971,0
VEH000459,TSK002971,1
VEH000528,TSK002971,1
VEH000406,TSK002971,1
VEH000229,TSK002971,0
VEH000379,TSK002971,0
VEH000003,TSK002971,1
VEH000028,TSK002971,0
VEH000100,TSK002971,1
VEH000335,TSK002971,1
VEH000048,TSK002971,1
VEH000368,TSK002971,0
VEH000309,TSK002971,0
VEH000499,TSK002971,0
VEH000225,TSK002971,0
VEH000330,TSK002971,0
VEH000279,TSK002971,0
VEH000341,TSK002971,1
VEH000049,TSK002971,1
VEH000344,TSK002971,0
VEH000042,TSK002971,0
VEH000311,TSK002971,1
VEH000287,TSK002971,0
VEH000421,TSK002971,1
VEH000516,TSK002971,1
VEH000510,TSK002971,1
VEH000084,TSK002971,1
VEH000266,TSK002971,1
VEH000051,TSK002971,1
VEH000016,TSK002971,0
VEH000526,TSK002971,0
VEH000247,TSK002971,0
VEH000252,TSK002971,1
VEH000314,TSK002971,1
VEH000242,TSK002971,0
VEH000433,TSK002971,1
VEH000366,TSK002971,0
VEH000318,TSK002971,0
VEH000290,TSK002971,0
VEH000008,TSK002971,1
VEH000530,TSK002971,1
VEH000081,TSK002971,0
VEH000304,TSK002971,1
VEH000358,TSK002971,1
VEH000026,TSK002971,0
VEH000430,TSK002971,1
VEH000067,TSK002971,1
VEH000088,TSK002971,1
VEH000417,TSK002971,1
VEH000015,TSK002971,0
VEH000024,TSK002971,1
VEH000250,TSK002971,1
VEH000267,TSK002971,0
VEH000034,TSK002971,1
VEH000532,TSK002971,1
VEH000482,TSK002971,0
VEH000386,TSK002971,0
VEH000389,TSK002971,1
VEH000007,TSK002971,0
VEH000367,TSK002971,0
VEH000230,TSK002971,0
VEH000327,TSK002971,0
VEH000426,TSK002971,0
VEH000073,TSK002971,0
VEH000488,TSK002971,1
VEH000222,TSK002971,0
VEH000047,TSK002971,0
VEH000263,TSK002971,1
VEH000346,TSK002971,0
VEH000292,TSK002982,0
VEH000097,TSK002982,1
VEH000077,TSK002982,0
VEH000251,TSK002982,1
VEH000429,TSK002982,1
VEH000036,TSK002982,0
VEH000525,TSK002982,0
VEH000320,TSK002982,0
VEH000313,TSK002982,1
VEH000312,TSK002982,1
VEH000299,TSK002982,1
VEH000298,TSK002982,0
VEH000431,TSK002982,0
VEH000246,TSK002982,1
VEH000061,TSK002982,1
VEH000096,TSK002982,0
VEH000059,TSK002982,0
VEH000336,TSK002982,0
VEH000284,TSK002982,0
VEH000397,TSK002982,0
VEH000334,TSK002982,1
VEH000259,TSK002982,1
VEH000527,TSK002982,1
VEH000031,TSK002982,0
VEH000348,TSK002982,1
VEH000271,TSK002982,0
VEH000089,TSK002982,0
VEH000385,TSK002982,1
VEH000414,TSK002982,0
VEH000060,TSK002982,0
VEH000468,TSK002982,0
VEH000269,TSK002982,0
VEH000459,TSK002982,0
VEH000528,TSK002982,0
VEH000406,TSK002982,0
VEH000229,TSK002982,0
VEH000379,TSK002982,1
VEH000003,TSK002982,0
VEH000028,TSK002982,0
VEH000100,TSK002982,1
VEH000335,TSK002982,0
VEH000048,TSK002982,1
VEH000368,TSK002982,1
VEH000309,TSK002982,1
VEH000499,TSK002982,1
VEH000225,TSK002982,0
VEH000330,TSK002982,1
VEH000279,TSK002982,1
VEH000341,TSK002982,1
VEH000049,TSK002982,1
VEH000344,TSK002982,1
VEH000042,TSK002982,1
VEH000311,TSK002982,0
VEH000287,TSK002982,1
VEH000421,TSK002982,0
VEH000516,TSK002982,0
VEH000510,TSK002982,1
VEH000084,TSK002982,0
VEH000266,TSK002982,0
VEH000051,TSK002982,1
VEH000016,TSK002982,0
VEH000526,TSK002982,1
VEH000247,TSK002982,0
VEH000252,TSK002982,1
VEH000314,TSK002982,0
VEH000242,TSK002982,1
VEH000433,TSK002982,1
VEH000366,TSK002982,1
VEH000318,TSK002982,1
VEH000290,TSK002982,0
VEH000008,TSK002982,0
VEH000530,TSK002982,0
VEH000081,TSK002982,0
VEH000304,TSK002982,1
VEH000358,TSK002982,0
VEH000026,TSK002982,1
VEH000430,TSK002982,1
VEH000067,TSK002982,1
VEH000088,TSK002982,0
VEH000417,TSK002982,0
VEH000015,TSK002982,0
VEH000024,TSK002982,1
VEH000250,TSK002982,1
VEH000267,TSK002982,0
VEH000034,TSK002982,0
VEH000532,TSK002982,0
VEH000482,TSK002982,1
VEH000386,TSK002982,1
VEH000389,TSK002982,1
VEH000007,TSK002982,1
VEH000367,TSK002982,1
VEH000230,TSK002982,1
VEH000327,TSK002982,0
VEH000426,TSK002982,0
VEH000073,TSK002982,1
VEH000488,TSK002982,1
VEH000222,TSK002982,0
VEH000047,TSK002982,1
VEH000263,TSK002982,0
VEH000346,TSK002982,1
VEH000292,TSK002989,1
VEH000097,TSK002989,0
VEH000077,TSK002989,0
VEH000251,TSK002989,1
VEH000429,TSK002989,0
VEH000036,TSK002989,1
VEH000525,TSK002989,1
VEH000320,TSK002989,1
VEH000313,TSK002989,1
VEH000312,TSK002989,1
VEH000299,TSK002989,1
VEH000298,TSK002989,0
VEH000431,TSK002989,0
VEH000246,TSK002989,0
VEH000061,TSK002989,1
VEH000096,TSK002989,1
VEH000059,TSK002989,1
VEH000336,TSK002989,0
VEH000284,TSK002989,1
VEH000397,TSK002989,0
VEH000334,TSK002989,0
VEH000259,TSK002989,0
VEH000527,TSK002989,1
VEH000031,TSK002989,0
VEH000348,TSK002989,0
VEH000271,TSK002989,1
VEH000089,TSK002989,0
VEH000385,TSK002989,0
VEH000414,TSK002989,0
VEH000060,TSK002989,0
VEH000468,TSK002989,1
VEH000269,TSK002989,0
VEH000459,TSK002989,0
VEH000528,TSK002989,1
VEH000406,TSK002989,0
VEH000229,TSK002989,0
VEH000379,TSK002989,0
VEH000003,TSK002989,1
VEH000028,TSK002989,1
VEH000100,TSK002989,1
VEH000335,TSK002989,0
VEH000048,TSK002989,1
VEH000368,TSK002989,0
VEH000309,TSK002989,1
VEH000499,TSK002989,0
VEH000225,TSK002989,0
VEH000330,TSK002989,1
VEH000279,TSK002989,0
VEH000341,TSK002989,1
VEH000049,TSK002989,0
VEH000344,TSK002989,1
VEH000042,TSK002989,0
VEH000311,TSK002989,0
VEH000287,TSK002989,1
VEH000421,TSK002989,1
VEH000516,TSK002989,1
VEH000510,TSK002989,1
VEH000084,TSK002989,1
VEH000266,TSK002989,0
VEH000051,TSK002989,1
VEH000016,TSK002989,0
VEH000526,TSK002989,0
VEH000247,TSK002989,1
VEH000252,TSK002989,1
VEH000314,TSK002989,1
VEH000242,TSK002989,1
VEH000433,TSK002989,1
VEH000366,TSK002989,1
VEH000318,TSK002989,1
VEH000290,TSK002989,0
VEH000008,TSK002989,0
VEH000530,TSK002989,1
VEH000081,TSK002989,1
VEH000304,TSK002989,1
VEH000358,TSK002989,0
VEH000026,TSK002989,0
VEH000430,TSK002989,0
VEH000067,TSK002989,0
VEH000088,TSK002989,0
VEH000417,TSK002989,0
VEH000015,TSK002989,1
VEH000024,TSK002989,0
VEH000250,TSK002989,1
VEH000267,TSK002989,1
VEH000034,TSK002989,1
VEH000532,TSK002989,1
VEH000482,TSK002989,1
VEH000386,TSK002989,1
VEH000389,TSK002989,0
VEH000007,TSK002989,0
VEH000367,TSK002989,0
VEH000230,TSK002989,0
VEH000327,TSK002989,0
VEH000426,TSK002989,1
VEH000073,TSK002989,0
VEH000488,TSK002989,1
VEH000222,TSK002989,1
VEH000047,TSK002989,0
VEH000263,TSK002989,0
VEH000346,TSK002989,0
VEH000292,TSK003004,1
VEH000097,TSK003004,1
VEH000077,TSK003004,0
VEH000251,TSK003004,0
VEH000429,TSK003004,1
VEH000036,TSK003004,0
VEH000525,TSK003004,0
VEH000320,TSK003004,0
VEH000313,TSK003004,0
VEH000312,TSK003004,0
VEH000299,TSK003004,1
VEH000298,TSK003004,1
VEH000431,TSK003004,0
VEH000246,TSK003004,1
VEH000061,TSK003004,1
VEH000096,TSK003004,1
VEH000059,TSK003004,0
VEH000336,TSK003004,1
VEH000284,TSK003004,0
VEH000397,TSK003004,0
VEH000334,TSK003004,0
VEH000259,TSK003004,1
VEH000527,TSK003004,1
VEH000031,TSK003004,0
VEH000348,TSK003004,1
VEH000271,TSK003004,0
VEH000089,TSK003004,0
VEH000385,TSK003004,0
VEH000414,TSK003004,1
VEH000060,TSK003004,1
VEH000468,TSK003004,1
VEH000269,TSK003004,0
VEH000459,TSK003004,1
VEH000528,TSK003004,0
VEH000406,TSK003004,0
VEH000229,TSK003004,0
VEH000379,TSK003004,1
VEH000003,TSK003004,0
VEH000028,TSK003004,0
VEH000100,TSK003004,0
VEH000335,TSK003004,0
VEH000048,TSK003004,1
VEH000368,TSK003004,1
VEH000309,TSK003004,0
VEH000499,TSK003004,1
VEH000225,TSK003004,0
VEH000330,TSK003004,0
VEH000279,TSK003004,1
VEH000341,TSK003004,1
VEH000049,TSK003004,1
VEH000344,TSK003004,1
VEH000042,TSK003004,0
VEH000311,TSK003004,0
VEH000287,TSK003004,0
VEH000421,TSK003004,0
VEH000516,TSK003004,0
VEH000510,TSK003004,1
VEH000084,TSK003004,0
VEH000266,TSK003004,1
VEH000051,TSK003004,1
VEH000016,TSK003004,1
VEH000526,TSK003004,1
VEH000247,TSK003004,0
VEH000252,TSK003004,0
VEH000314,TSK003004,0
VEH000242,TSK003004,0
VEH000433,TSK003004,1
VEH000366,TSK003004,1
VEH000318,TSK003004,0
VEH000290,TSK003004,0
VEH000008,TSK003004,1
VEH000530,TSK003004,0
VEH000081,TSK003004,0
VEH000304,TSK003004,0
VEH000358,TSK003004,0
VEH000026,TSK003004,1
VEH000430,TSK003004,1
VEH000067,TSK003004,1
VEH000088,TSK003004,1
VEH000417,TSK003004,1
VEH000015,TSK003004,1
VEH000024,TSK003004,1
VEH000250,TSK003004,1
VEH000267,TSK003004,1
VEH000034,TSK003004,1
VEH000532,TSK003004,0
VEH000482,TSK003004,0
VEH000386,TSK003004,1
VEH000389,TSK003004,1
VEH000007,TSK003004,1
VEH000367,TSK003004,1
VEH000230,TSK003004,0
VEH000327,TSK003004,0
VEH000426,TSK003004,1
VEH000073,TSK003004,0
VEH000488,TSK003004,0
VEH000222,TSK003004,1
VEH000047,TSK003004,1
VEH000263,TSK003004,1
VEH000346,TSK003004,0
VEH000292,TSK003041,0
VEH000097,TSK003041,1
VEH000077,TSK003041,1
VEH000251,TSK003041,0
VEH000429,TSK003041,1
VEH000036,TSK003041,0
VEH000525,TSK003041,1
VEH000320,TSK003041,0
VEH000313,TSK003041,0
VEH000312,TSK003041,0
VEH000299,TSK003041,1
VEH000298,TSK003041,1
VEH000431,TSK003041,0
VEH000246,TSK003041,1
VEH000061,TSK003041,1
VEH000096,TSK003041,1
VEH000059,TSK003041,1
VEH000336,TSK003041,0
VEH000284,TSK003041,1
VEH000397,TSK003041,0
VEH000334,TSK003041,0
VEH000259,TSK003041,0
VEH000527,TSK003041,1
VEH000031,TSK003041,0
VEH000348,TSK003041,1
VEH000271,TSK003041,0
VEH000089,TSK003041,1
VEH000385,TSK003041,1
VEH000414,TSK003041,0
VEH000060,TSK003041,1
VEH000468,TSK003041,0
VEH000269,TSK003041,0
VEH000459,TSK003041,0
VEH000528,TSK003041,1
VEH000406,TSK003041,1
VEH000229,TSK003041,0
VEH000379,TSK003041,1
VEH000003,TSK003041,0
VEH000028,TSK003041,1
VEH000100,TSK003041,1
VEH000335,TSK003041,1
VEH000048,TSK003041,1
VEH000368,TSK003041,0
VEH000309,TSK003041,0
VEH000499,TSK003041,1
VEH000225,TSK003041,1
VEH000330,TSK003041,0
VEH000279,TSK003041,1
VEH000341,TSK003041,1
VEH000049,TSK003041,1
VEH000344,TSK003041,0
VEH000042,TSK003041,1
VEH000311,TSK003041,0
VEH000287,TSK003041,1
VEH000421,TSK003041,0
VEH000516,TSK003041,0
VEH000510,TSK003041,0
VEH000084,TSK003041,0
VEH000266,TSK003041,0
VEH000051,TSK003041,0
VEH000016,TSK003041,1
VEH000526,TSK003041,0
VEH000247,TSK003041,1
VEH000252,TSK003041,0
VEH000314,TSK003041,1
VEH000242,TSK003041,0
VEH000433,TSK003041,1
VEH000366,TSK003041,1
VEH000318,TSK003041,1
VEH000290,TSK003041,0
VEH000008,TSK003041,1
VEH000530,TSK003041,1
VEH000081,TSK003041,0
VEH000304,TSK003041,1
VEH000358,TSK003041,0
VEH000026,TSK003041,0
VEH000430,TSK003041,1
VEH000067,TSK003041,1
VEH000088,TSK003041,0
VEH000417,TSK003041,1
VEH000015,TSK003041,0
VEH000024,TSK003041,1
VEH000250,TSK003041,0
VEH000267,TSK003041,0
VEH000034,TSK003041,1
VEH000532,TSK003041,0
VEH000482,TSK003041,0
VEH000386,TSK003041,1
VEH000389,TSK003041,0
VEH000007,TSK003041,1
VEH000367,TSK003041,0
VEH000230,TSK003041,1
VEH000327,TSK003041,0
VEH000426,TSK003041,0
VEH000073,TSK003041,0
VEH000488,TSK003041,1
VEH000222,TSK003041,0
VEH000047,TSK003041,0
VEH000263,TSK003041,1
VEH000346,TSK003041,1
VEH000292,TSK003092,0
VEH000097,TSK003092,1
VEH000077,TSK003092,0
VEH000251,TSK003092,1
VEH000429,TSK003092,1
VEH000036,TSK003092,1
VEH000525,TSK003092,1
VEH000320,TSK003092,1
VEH000313,TSK003092,1
VEH000312,TSK003092,0
VEH000299,TSK003092,1
VEH000298,TSK003092,1
VEH000431,TSK003092,1
VEH000246,TSK003092,1
VEH000061,TSK003092,1
VEH000096,TSK003092,0
VEH000059,TSK003092,1
VEH000336,TSK003092,1
VEH000284,TSK003092,1
VEH000397,TSK003092,0
VEH000334,TSK003092,0
VEH000259,TSK003092,0
VEH000527,TSK003092,0
VEH000031,TSK003092,0
VEH000348,TSK003092,0
VEH000271,TSK003092,1
VEH000089,TSK003092,1
VEH000385,TSK003092,0
VEH000414,TSK003092,1
VEH000060,TSK003092,0
VEH000468,TSK003092,1
VEH000269,TSK003092,0
VEH000459,TSK003092,0
VEH000528,TSK003092,0
VEH000406,TSK003092,1
VEH000229,TSK003092,0
VEH000379,TSK003092,1
VEH000003,TSK003092,0
VEH000028,TSK003092,0
VEH000100,TSK003092,1
VEH000335,TSK003092,1
VEH000048,TSK003092,0
VEH000368,TSK003092,1
VEH000309,TSK003092,1
VEH000499,TSK003092,1
VEH000225,TSK003092,0
VEH000330,TSK003092,1
VEH000279,TSK003092,0
VEH000341,TSK003092,1
VEH000049,TSK003092,0
VEH000344,TSK003092,0
VEH000042,TSK003092,1
VEH000311,TSK003092,1
VEH000287,TSK003092,1
VEH000421,TSK003092,1
VEH000516,TSK003092,1
VEH000510,TSK003092,1
VEH000084,TSK003092,1
VEH000266,TSK003092,0
VEH000051,TSK003092,0
VEH000016,TSK003092,0
VEH000526,TSK003092,0
VEH000247,TSK003092,1
VEH000252,TSK003092,0
VEH000314,TSK003092,1
VEH000242,TSK003092,0
VEH000433,TSK003092,0
VEH000366,TSK003092,0
VEH000318,TSK003092,0
VEH000290,TSK003092,0
VEH000008,TSK003092,0
VEH000530,TSK003092,0
VEH000081,TSK003092,1
VEH000304,TSK003092,0
VEH000358,TSK003092,0
VEH000026,TSK003092,0
VEH000430,TSK003092,1
VEH000067,TSK003092,1
VEH000088,TSK003092,0
VEH000417,TSK003092,0
VEH000015,TSK003092,0
VEH000024,TSK003092,1
VEH000250,TSK003092,0
VEH000267,TSK003092,0
VEH000034,TSK003092,0
VEH000532,TSK003092,0
VEH000482,TSK003092,0
VEH000386,TSK003092,1
VEH000389,TSK003092,1
VEH000007,TSK003092,1
VEH000367,TSK003092,1
VEH000230,TSK003092,1
VEH000327,TSK003092,1
VEH000426,TSK003092,0
VEH000073,TSK003092,0
VEH000488,TSK003092,0
VEH000222,TSK003092,0
VEH000047,TSK003092,1
VEH000263,TSK003092,1
VEH000346,TSK003092,1
VEH000292,TSK003117,0
VEH000097,TSK003117,0
VEH000077,TSK003117,0
VEH000251,TSK003117,1
VEH000429,TSK003117,1
VEH000036,TSK003117,0
VEH000525,TSK003117,1
VEH000320,TSK003117,1
VEH000313,TSK003117,1
VEH000312,TSK003117,1
VEH000299,TSK003117,0
VEH000298,TSK003117,1
VEH000431,TSK003117,0
VEH000246,TSK003117,1
VEH000061,TSK003117,0
VEH000096,TSK003117,1
VEH000059,TSK003117,0
VEH000336,TSK003117,0
VEH000284,TSK003117,0
VEH000397,TSK003117,0
VEH000334,TSK003117,0
VEH000259,TSK003117,0
VEH000527,TSK003117,1
VEH000031,TSK003117,1
VEH000348,TSK003117,0
VEH000271,TSK003117,1
VEH000089,TSK003117,0
VEH000385,TSK003117,0
VEH000414,TSK003117,0
VEH000060,TSK003117,1
VEH000468,TSK003117,1
VEH000269,TSK003117,0
VEH000459,TSK003117,0
VEH000528,TSK003117,1
VEH000406,TSK003117,1
VEH000229,TSK003117,1
VEH000379,TSK003117,0
VEH000003,TSK003117,0
VEH000028,TSK003117,0
VEH000100,TSK003117,1
VEH000335,TSK003117,1
VEH000048,TSK003117,0
VEH000368,TSK003117,1
VEH000309,TSK003117,1
VEH000499,TSK003117,0
VEH000225,TSK003117,0
VEH000330,TSK003117,1
VEH000279,TSK003117,1
VEH000341,TSK003117,0
VEH000049,TSK003117,0
VEH000344,TSK003117,1
VEH000042,TSK003117,1
VEH000311,TSK003117,1
VEH000287,TSK003117,0
VEH000421,TSK003117,1
VEH000516,TSK003117,0
VEH000510,TSK003117,1
VEH000084,TSK003117,0
VEH000266,TSK003117,1
VEH000051,TSK003117,0
VEH000016,TSK003117,0
VEH000526,TSK003117,0
VEH000247,TSK003117,0
VEH000252,TSK003117,1
VEH000314,TSK003117,0
VEH000242,TSK003117,1
VEH000433,TSK003117,1
VEH000366,TSK003117,1
VEH000318,TSK003117,0
VEH000290,TSK003117,1
VEH000008,TSK003117,0
VEH000530,TSK003117,1
VEH000081,TSK003117,1
VEH000304,TSK003117,1
VEH000358,TSK003117,1
VEH000026,TSK003117,0
VEH000430,TSK003117,1
VEH000067,TSK003117,0
VEH000088,TSK003117,1
VEH000417,TSK003117,0
VEH000015,TSK003117,1
VEH000024,TSK003117,1
VEH000250,TSK003117,0
VEH000267,TSK003117,0
VEH000034,TSK003117,1
VEH000532,TSK003117,1
VEH000482,TSK003117,0
VEH000386,TSK003117,1
VEH000389,TSK003117,1
VEH000007,TSK003117,0
VEH000367,TSK003117,1
VEH000230,TSK003117,1
VEH000327,TSK003117,1
VEH000426,TSK003117,0
VEH000073,TSK003117,1
VEH000488,TSK003117,0
VEH000222,TSK003117,0
VEH000047,TSK003117,0
VEH000263,TSK003117,0
VEH000346,TSK003117,0
VEH000292,TSK003135,0
VEH000097,TSK003135,0
VEH000077,TSK003135,0
VEH000251,TSK003135,0
VEH000429,TSK003135,1
VEH000036,TSK003135,1
VEH000525,TSK003135,0
VEH000320,TSK003135,1
VEH000313,TSK003135,1
VEH000312,TSK003135,1
VEH000299,TSK003135,1
VEH000298,TSK003135,0
VEH000431,TSK003135,1
VEH000246,TSK003135,0
VEH000061,TSK003135,0
VEH000096,TSK003135,1
VEH000059,TSK003135,0
VEH000336,TSK003135,0
VEH000284,TSK003135,1
VEH000397,TSK003135,0
VEH000334,TSK003135,1
VEH000259,TSK003135,0
VEH000527,TSK003135,1
VEH000031,TSK003135,0
VEH000348,TSK003135,1
VEH000271,TSK003135,0
VEH000089,TSK003135,0
VEH000385,TSK003135,0
VEH000414,TSK003135,0
VEH000060,TSK003135,0
VEH000468,TSK003135,1
VEH000269,TSK003135,1
VEH000459,TSK003135,0
VEH000528,TSK003135,1
VEH000406,TSK003135,0
VEH000229,TSK003135,1
VEH000379,TSK003135,1
VEH000003,TSK003135,1
VEH000028,TSK003135,1
VEH000100,TSK003135,1
VEH000335,TSK003135,0
VEH000048,TSK003135,0
VEH000368,TSK003135,0
VEH000309,TSK003135,1
VEH000499,TSK003135,0
VEH000225,TSK003135,1
VEH000330,TSK003135,0
VEH000279,TSK003135,1
VEH000341,TSK003135,1
VEH000049,TSK003135,1
VEH000344,TSK003135,1
VEH000042,TSK003135,0
VEH000311,TSK003135,1
VEH000287,TSK003135,1
VEH000421,TSK003135,0
VEH000516,TSK003135,0
VEH000510,TSK003135,1
VEH000084,TSK003135,0
VEH000266,TSK003135,1
VEH000051,TSK003135,0
VEH000016,TSK003135,0
VEH000526,TSK003135,1
VEH000247,TSK003135,0
VEH000252,TSK003135,1
VEH000314,TSK003135,1
VEH000242,TSK003135,1
VEH000433,TSK003135,1
VEH000366,TSK003135,1
VEH000318,TSK003135,0
VEH000290,TSK003135,1
VEH000008,TSK003135,0
VEH000530,TSK003135,0
VEH000081,TSK003135,0
VEH000304,TSK003135,1
VEH000358,TSK003135,0
VEH000026,TSK003135,1
VEH000430,TSK003135,1
VEH000067,TSK003135,0
VEH000088,TSK003135,1
VEH000417,TSK003135,0
VEH000015,TSK003135,1
VEH000024,TSK003135,0
VEH000250,TSK003135,1
VEH000267,TSK003135,0
VEH000034,TSK003135,1
VEH000532,TSK003135,0
VEH000482,TSK003135,1
VEH000386,TSK003135,0
VEH000389,TSK003135,1
VEH000007,TSK003135,1
VEH000367,TSK003135,1
VEH000230,TSK003135,0
VEH000327,TSK003135,0
VEH000426,TSK003135,0
VEH000073,TSK003135,1
VEH000488,TSK003135,0
VEH000222,TSK003135,0
VEH000047,TSK003135,0
VEH000263,TSK003135,0
VEH000346,TSK003135,1
VEH000292,TSK003137,0
VEH000097,TSK003137,0
VEH000077,TSK003137,0
VEH000251,TSK003137,0
VEH000429,TSK003137,0
VEH000036,TSK003137,0
VEH000525,TSK003137,0
VEH000320,TSK003137,1
VEH000313,TSK003137,1
VEH000312,TSK003137,1
VEH000299,TSK003137,0
VEH000298,TSK003137,1
VEH000431,TSK003137,1
VEH000246,TSK003137,1
VEH000061,TSK003137,1
VEH000096,TSK003137,0
VEH000059,TSK003137,1
VEH000336,TSK003137,1
VEH000284,TSK003137,1
VEH000397,TSK003137,1
VEH000334,TSK003137,0
VEH000259,TSK003137,1
VEH000527,TSK003137,1
VEH000031,TSK003137,0
VEH000348,TSK003137,1
VEH000271,TSK003137,0
VEH000089,TSK003137,1
VEH000385,TSK003137,0
VEH000414,TSK003137,0
VEH000060,TSK003137,0
VEH000468,TSK003137,0
VEH000269,TSK003137,1
VEH000459,TSK003137,0
VEH000528,TSK003137,0
VEH000406,TSK003137,1
VEH000229,TSK003137,0
VEH000379,TSK003137,1
VEH000003,TSK003137,1
VEH000028,TSK003137,1
VEH000100,TSK003137,0
VEH000335,TSK003137,1
VEH000048,TSK003137,0
VEH000368,TSK003137,1
VEH000309,TSK003137,0
VEH000499,TSK003137,1
VEH000225,TSK003137,1
VEH000330,TSK003137,1
VEH000279,TSK003137,1
VEH000341,TSK003137,0
VEH000049,TSK003137,0
VEH000344,TSK003137,1
VEH000042,TSK003137,0
VEH000311,TSK003137,0
VEH000287,TSK003137,1
VEH000421,TSK003137,1
VEH000516,TSK003137,0
VEH000510,TSK003137,0
VEH000084,TSK003137,1
VEH000266,TSK003137,0
VEH000051,TSK003137,0
VEH000016,TSK003137,1
VEH000526,TSK003137,0
VEH000247,TSK003137,1
VEH000252,TSK003137,1
VEH000314,TSK003137,0
VEH000242,TSK003137,0
VEH000433,TSK003137,0
VEH000366,TSK003137,1
VEH000318,TSK003137,0
VEH000290,TSK003137,1
VEH000008,TSK003137,1
VEH000530,TSK003137,0
VEH000081,TSK003137,1
VEH000304,TSK003137,0
VEH000358,TSK003137,0
VEH000026,TSK003137,1
VEH000430,TSK003137,0
VEH000067,TSK003137,0
VEH000088,TSK003137,0
VEH000417,TSK003137,1
VEH000015,TSK003137,1
VEH000024,TSK003137,1
VEH000250,TSK003137,0
VEH000267,TSK003137,1
VEH000034,TSK003137,1
VEH000532,TSK003137,1
VEH000482,TSK003137,0
VEH000386,TSK003137,0
VEH000389,TSK003137,1
VEH000007,TSK003137,1
VEH000367,TSK003137,1
VEH000230,TSK003137,0
VEH000327,TSK003137,0
VEH000426,TSK003137,1
VEH000073,TSK003137,1
VEH000488,TSK003137,0
VEH000222,TSK003137,0
VEH000047,TSK003137,0
VEH000263,TSK003137,1
VEH000346,TSK003137,0
VEH000292,TSK003175,0
VEH000097,TSK003175,0
VEH000077,TSK003175,0
VEH000251,TSK003175,0
VEH000429,TSK003175,0
VEH000036,TSK003175,0
VEH000525,TSK003175,1
VEH000320,TSK003175,1
VEH000313,TSK003175,0
VEH000312,TSK003175,1
VEH000299,TSK003175,0
VEH000298,TSK003175,1
VEH000431,TSK003175,0
VEH000246,TSK003175,0
VEH000061,TSK003175,1
VEH000096,TSK003175,1
VEH000059,TSK003175,1
VEH000336,TSK003175,1
VEH000284,TSK003175,0
VEH000397,TSK003175,1
VEH000334,TSK003175,0
VEH000259,TSK003175,0
VEH000527,TSK003175,1
VEH000031,TSK003175,1
VEH000348,TSK003175,1
VEH000271,TSK003175,0
VEH000089,TSK003175,0
VEH000385,TSK003175,0
VEH000414,TSK003175,1
VEH000060,TSK003175,0
VEH000468,TSK003175,0
VEH000269,TSK003175,1
VEH000459,TSK003175,0
VEH000528,TSK003175,1
VEH000406,TSK003175,0
VEH000229,TSK003175,0
VEH000379,TSK003175,1
VEH000003,TSK003175,1
VEH000028,TSK003175,1
VEH000100,TSK003175,1
VEH000335,TSK003175,1
VEH000048,TSK003175,0
VEH000368,TSK003175,1
VEH000309,TSK003175,0
VEH000499,TSK003175,1
VEH000225,TSK003175,0
VEH000330,TSK003175,1
VEH000279,TSK003175,0
VEH000341,TSK003175,0
VEH000049,TSK003175,1
VEH000344,TSK003175,1
VEH000042,TSK003175,1
VEH000311,TSK003175,0
VEH000287,TSK003175,0
VEH000421,TSK003175,0
VEH000516,TSK003175,0
VEH000510,TSK003175,1
VEH000084,TSK003175,0
VEH000266,TSK003175,1
VEH000051,TSK003175,1
VEH000016,TSK003175,0
VEH000526,TSK003175,1
VEH000247,TSK003175,1
VEH000252,TSK003175,1
VEH000314,TSK003175,1
VEH000242,TSK003175,1
VEH000433,TSK003175,0
VEH000366,TSK003175,1
VEH000318,TSK003175,0
VEH000290,TSK003175,0
VEH000008,TSK003175,1
VEH000530,TSK003175,0
VEH000081,TSK003175,1
VEH000304,TSK003175,1
VEH000358,TSK003175,0
VEH000026,TSK003175,0
VEH000430,TSK003175,0
VEH000067,TSK003175,1
VEH000088,TSK003175,1
VEH000417,TSK003175,1
VEH000015,TSK003175,0
VEH000024,TSK003175,1
VEH000250,TSK003175,0
VEH000267,TSK003175,0
VEH000034,TSK003175,0
VEH000532,TSK003175,1
VEH000482,TSK003175,1
VEH000386,TSK003175,1
VEH000389,TSK003175,0
VEH000007,TSK003175,1
VEH000367,TSK003175,0
VEH000230,TSK003175,1
VEH000327,TSK003175,1
VEH000426,TSK003175,1
VEH000073,TSK003175,0
VEH000488,TSK003175,0
VEH000222,TSK003175,0
VEH000047,TSK003175,0
VEH000263,TSK003175,1
VEH000346,TSK003175,0
VEH000292,TSK003194,1
VEH000097,TSK003194,0
VEH000077,TSK003194,1
VEH000251,TSK003194,1
VEH000429,TSK003194,1
VEH000036,TSK003194,0
VEH000525,TSK003194,0
VEH000320,TSK003194,0
VEH000313,TSK003194,1
VEH000312,TSK003194,0
VEH000299,TSK003194,0
VEH000298,TSK003194,1
VEH000431,TSK003194,0
VEH000246,TSK003194,0
VEH000061,TSK003194,0
VEH000096,TSK003194,1
VEH000059,TSK003194,1
VEH000336,TSK003194,1
VEH000284,TSK003194,1
VEH000397,TSK003194,0
VEH000334,TSK003194,1
VEH000259,TSK003194,1
VEH000527,TSK003194,0
VEH000031,TSK003194,1
VEH000348,TSK003194,1
VEH000271,TSK003194,0
VEH000089,TSK003194,1
VEH000385,TSK003194,0
VEH000414,TSK003194,0
VEH000060,TSK003194,1
VEH000468,TSK003194,1
VEH000269,TSK003194,0
VEH000459,TSK003194,1
VEH000528,TSK003194,1
VEH000406,TSK003194,1
VEH000229,TSK003194,1
VEH000379,TSK003194,1
VEH000003,TSK003194,0
VEH000028,TSK003194,0
VEH000100,TSK003194,1
VEH000335,TSK003194,1
VEH000048,TSK003194,1
VEH000368,TSK003194,1
VEH000309,TSK003194,1
VEH000499,TSK003194,1
VEH000225,TSK003194,1
VEH000330,TSK003194,0
VEH000279,TSK003194,1
VEH000341,TSK003194,0
VEH000049,TSK003194,1
VEH000344,TSK003194,0
VEH000042,TSK003194,0
VEH000311,TSK003194,0
VEH000287,TSK003194,1
VEH000421,TSK003194,0
VEH000516,TSK003194,0
VEH000510,TSK003194,0
VEH000084,TSK003194,1
VEH000266,TSK003194,0
VEH000051,TSK003194,1
VEH000016,TSK003194,0
VEH000526,TSK003194,1
VEH000247,TSK003194,0
VEH000252,TSK003194,0
VEH000314,TSK003194,0
VEH000242,TSK003194,1
VEH000433,TSK003194,0
VEH000366,TSK003194,1
VEH000318,TSK003194,1
VEH000290,TSK003194,0
VEH000008,TSK003194,1
VEH000530,TSK003194,1
VEH000081,TSK003194,1
VEH000304,TSK003194,0
VEH000358,TSK003194,1
VEH000026,TSK003194,0
VEH000430,TSK003194,0
VEH000067,TSK003194,1
VEH000088,TSK003194,1
VEH000417,TSK003194,0
VEH000015,TSK003194,0
VEH000024,TSK003194,0
VEH000250,TSK003194,0
VEH000267,TSK003194,1
VEH000034,TSK003194,0
VEH000532,TSK003194,1
VEH000482,TSK003194,0
VEH000386,TSK003194,0
VEH000389,TSK003194,0
VEH000007,TSK003194,0
VEH000367,TSK003194,1
VEH000230,TSK003194,0
VEH000327,TSK003194,0
VEH000426,TSK003194,0
VEH000073,TSK003194,0
VEH000488,TSK003194,0
VEH000222,TSK003194,0
VEH000047,TSK003194,1
VEH000263,TSK003194,1
VEH000346,TSK003194,1
VEH000292,TSK003213,0
VEH000097,TSK003213,1
VEH000077,TSK003213,1
VEH000251,TSK003213,0
VEH000429,TSK003213,1
VEH000036,TSK003213,1
VEH000525,TSK003213,0
VEH000320,TSK003213,1
VEH000313,TSK003213,0
VEH000312,TSK003213,0
VEH000299,TSK003213,1
VEH000298,TSK003213,1
VEH000431,TSK003213,1
VEH000246,TSK003213,1
VEH000061,TSK003213,0
VEH000096,TSK003213,1
VEH000059,TSK003213,1
VEH000336,TSK003213,1
VEH000284,TSK003213,1
VEH000397,TSK003213,0
VEH000334,TSK003213,0
VEH000259,TSK003213,1
VEH000527,TSK003213,0
VEH000031,TSK003213,1
VEH000348,TSK003213,1
VEH000271,TSK003213,0
VEH000089,TSK003213,0
VEH000385,TSK003213,1
VEH000414,TSK003213,1
VEH000060,TSK003213,1
VEH000468,TSK003213,0
VEH000269,TSK003213,1
VEH000459,TSK003213,1
VEH000528,TSK003213,0
VEH000406,TSK003213,0
VEH000229,TSK003213,0
VEH000379,TSK003213,0
VEH000003,TSK003213,0
VEH000028,TSK003213,0
VEH000100,TSK003213,1
VEH000335,TSK003213,0
VEH000048,TSK003213,1
VEH000368,TSK003213,1
VEH000309,TSK003213,0
VEH000499,TSK003213,0
VEH000225,TSK003213,1
VEH000330,TSK003213,1
VEH000279,TSK003213,1
VEH000341,TSK003213,0
VEH000049,TSK003213,0
VEH000344,TSK003213,0
VEH000042,TSK003213,1
VEH000311,TSK003213,0
VEH000287,TSK003213,0
VEH000421,TSK003213,0
VEH000516,TSK003213,1
VEH000510,TSK003213,0
VEH000084,TSK003213,1
VEH000266,TSK003213,1
VEH000051,TSK003213,0
VEH000016,TSK003213,1
VEH000526,TSK003213,1
VEH000247,TSK003213,1
VEH000252,TSK003213,0
VEH000314,TSK003213,1
VEH000242,TSK003213,0
VEH000433,TSK003213,1
VEH000366,TSK003213,1
VEH000318,TSK003213,1
VEH000290,TSK003213,1
VEH000008,TSK003213,1
VEH000530,TSK003213,1
VEH000081,TSK003213,1
VEH000304,TSK003213,0
VEH000358,TSK003213,0
VEH000026,TSK003213,0
VEH000430,TSK003213,1
VEH000067,TSK003213,0
VEH000088,TSK003213,0
VEH000417,TSK003213,0
VEH000015,TSK003213,0
VEH000024,TSK003213,0
VEH000250,TSK003213,1
VEH000267,TSK003213,0
VEH000034,TSK003213,0
VEH000532,TSK003213,0
VEH000482,TSK003213,0
VEH000386,TSK003213,0
VEH000389,TSK003213,1
VEH000007,TSK003213,0
VEH000367,TSK003213,0
VEH000230,TSK003213,0
VEH000327,TSK003213,1
VEH000426,TSK003213,0
VEH000073,TSK003213,1
VEH000488,TSK003213,1
VEH000222,TSK003213,1
VEH000047,TSK003213,0
VEH000263,TSK003213,1
VEH000346,TSK003213,0
VEH000292,TSK003228,0
VEH000097,TSK003228,1
VEH000077,TSK003228,0
VEH000251,TSK003228,0
VEH000429,TSK003228,0
VEH000036,TSK003228,1
VEH000525,TSK003228,0
VEH000320,TSK003228,1
VEH000313,TSK003228,0
VEH000312,TSK003228,1
VEH000299,TSK003228,1
VEH000298,TSK003228,0
VEH000431,TSK003228,0
VEH000246,TSK003228,1
VEH000061,TSK003228,1
VEH000096,TSK003228,0
VEH000059,TSK003228,0
VEH000336,TSK003228,0
VEH000284,TSK003228,0
VEH000397,TSK003228,0
VEH000334,TSK003228,0
VEH000259,TSK003228,1
VEH000527,TSK003228,1
VEH000031,TSK003228,0
VEH000348,TSK003228,1
VEH000271,TSK003228,0
VEH000089,TSK003228,0
VEH000385,TSK003228,0
VEH000414,TSK003228,0
VEH000060,TSK003228,0
VEH000468,TSK003228,0
VEH000269,TSK003228,0
VEH000459,TSK003228,1
VEH000528,TSK003228,1
VEH000406,TSK003228,1
VEH000229,TSK003228,1
VEH000379,TSK003228,1
VEH000003,TSK003228,1
VEH000028,TSK003228,1
VEH000100,TSK003228,0
VEH000335,TSK003228,0
VEH000048,TSK003228,1
VEH000368,TSK003228,0
VEH000309,TSK003228,1
VEH000499,TSK003228,1
VEH000225,TSK003228,1
VEH000330,TSK003228,0
VEH000279,TSK003228,0
VEH000341,TSK003228,0
VEH000049,TSK003228,0
VEH000344,TSK003228,0
VEH000042,TSK003228,1
VEH000311,TSK003228,0
VEH000287,TSK003228,0
VEH000421,TSK003228,1
VEH000516,TSK003228,1
VEH000510,TSK003228,0
VEH000084,TSK003228,0
VEH000266,TSK003228,0
VEH000051,TSK003228,1
VEH000016,TSK003228,0
VEH000526,TSK003228,0
VEH000247,TSK003228,0
VEH000252,TSK003228,1
VEH000314,TSK003228,0
VEH000242,TSK003228,1
VEH000433,TSK003228,1
VEH000366,TSK003228,1
VEH000318,TSK003228,1
VEH000290,TSK003228,1
VEH000008,TSK003228,1
VEH000530,TSK003228,1
VEH000081,TSK003228,1
VEH000304,TSK003228,0
VEH000358,TSK003228,1
VEH000026,TSK003228,1
VEH000430,TSK003228,1
VEH000067,TSK003228,0
VEH000088,TSK003228,0
VEH000417,TSK003228,1
VEH000015,TSK003228,1
VEH000024,TSK003228,1
VEH000250,TSK003228,1
VEH000267,TSK003228,0
VEH000034,TSK003228,0
VEH000532,TSK003228,0
VEH000482,TSK003228,1
VEH000386,TSK003228,0
VEH000389,TSK003228,1
VEH000007,TSK003228,1
VEH000367,TSK003228,1
VEH000230,TSK003228,0
VEH000327,TSK003228,0
VEH000426,TSK003228,1
VEH000073,TSK003228,1
VEH000488,TSK003228,1
VEH000222,TSK003228,1
VEH000047,TSK003228,0
VEH000263,TSK003228,1
VEH000346,TSK003228,0
VEH000292,TSK003287,0
VEH000097,TSK003287,0
VEH000077,TSK003287,1
VEH000251,TSK003287,1
VEH000429,TSK003287,0
VEH000036,TSK003287,0
VEH000525,TSK003287,1
VEH000320,TSK003287,1
VEH000313,TSK003287,0
VEH000312,TSK003287,0
VEH000299,TSK003287,0
VEH000298,TSK003287,1
VEH000431,TSK003287,1
VEH000246,TSK003287,1
VEH000061,TSK003287,0
VEH000096,TSK003287,0
VEH000059,TSK003287,1
VEH000336,TSK003287,1
VEH000284,TSK003287,0
VEH000397,TSK003287,0
VEH000334,TSK003287,0
VEH000259,TSK003287,0
VEH000527,TSK003287,1
VEH000031,TSK003287,1
VEH000348,TSK003287,0
VEH000271,TSK003287,1
VEH000089,TSK003287,0
VEH000385,TSK003287,1
VEH000414,TSK003287,1
VEH000060,TSK003287,1
VEH000468,TSK003287,0
VEH000269,TSK003287,1
VEH000459,TSK003287,0
VEH000528,TSK003287,0
VEH000406,TSK003287,1
VEH000229,TSK003287,1
VEH000379,TSK003287,0
VEH000003,TSK003287,0
VEH000028,TSK003287,1
VEH000100,TSK003287,1
VEH000335,TSK003287,0
VEH000048,TSK003287,0
VEH000368,TSK003287,0
VEH000309,TSK003287,1
VEH000499,TSK003287,0
VEH000225,TSK003287,1
VEH000330,TSK003287,0
VEH000279,TSK003287,1
VEH000341,TSK003287,0
VEH000049,TSK003287,0
VEH000344,TSK003287,0
VEH000042,TSK003287,1
VEH000311,TSK003287,1
VEH000287,TSK003287,0
VEH000421,TSK003287,1
VEH000516,TSK003287,0
VEH000510,TSK003287,1
VEH000084,TSK003287,1
VEH000266,TSK003287,1
VEH000051,TSK003287,0
VEH000016,TSK003287,1
VEH000526,TSK003287,0
VEH000247,TSK003287,0
VEH000252,TSK003287,0
VEH000314,TSK003287,0
VEH000242,TSK003287,1
VEH000433,TSK003287,0
VEH000366,TSK003287,0
VEH000318,TSK003287,1
VEH000290,TSK003287,0
VEH000008,TSK003287,0
VEH000530,TSK003287,0
VEH000081,TSK003287,0
VEH000304,TSK003287,0
VEH000358,TSK003287,0
VEH000026,TSK003287,1
VEH000430,TSK003287,1
VEH000067,TSK003287,1
VEH000088,TSK003287,1
VEH000417,TSK003287,1
VEH000015,TSK003287,1
VEH000024,TSK003287,1
VEH000250,TSK003287,0
VEH000267,TSK003287,1
VEH000034,TSK003287,1
VEH000532,TSK003287,1
VEH000482,TSK003287,0
VEH000386,TSK003287,1
VEH000389,TSK003287,0
VEH000007,TSK003287,1
VEH000367,TSK003287,0
VEH000230,TSK003287,1
VEH000327,TSK003287,0
VEH000426,TSK003287,1
VEH000073,TSK003287,1
VEH000488,TSK003287,0
VEH000222,TSK003287,0
VEH000047,TSK003287,1
VEH000263,TSK003287,1
VEH000346,TSK003287,1
VEH000292,TSK003374,1
VEH000097,TSK003374,1
VEH000077,TSK003374,0
VEH000251,TSK003374,1
VEH000429,TSK003374,0
VEH000036,TSK003374,1
VEH000525,TSK003374,1
VEH000320,TSK003374,1
VEH000313,TSK003374,1
VEH000312,TSK003374,1
VEH000299,TSK003374,1
VEH000298,TSK003374,0
VEH000431,TSK003374,0
VEH000246,TSK003374,1
VEH000061,TSK003374,0
VEH000096,TSK003374,0
VEH000059,TSK003374,1
VEH000336,TSK003374,1
VEH000284,TSK003374,0
VEH000397,TSK003374,0
VEH000334,TSK003374,1
VEH000259,TSK003374,1
VEH000527,TSK003374,0
VEH000031,TSK003374,1
VEH000348,TSK003374,1
VEH000271,TSK003374,0
VEH000089,TSK003374,0
VEH000385,TSK003374,1
VEH000414,TSK003374,1
VEH000060,TSK003374,1
VEH000468,TSK003374,0
VEH000269,TSK003374,0
VEH000459,TSK003374,0
VEH000528,TSK003374,0
VEH000406,TSK003374,0
VEH000229,TSK003374,0
VEH000379,TSK003374,0
VEH000003,TSK003374,0
VEH000028,TSK003374,0
VEH000100,TSK003374,1
VEH000335,TSK003374,1
VEH000048,TSK003374,1
VEH000368,TSK003374,0
VEH000309,TSK003374,0
VEH000499,TSK003374,1
VEH000225,TSK003374,0
VEH000330,TSK003374,1
VEH000279,TSK003374,0
VEH000341,TSK003374,0
VEH000049,TSK003374,0
VEH000344,TSK003374,0
VEH000042,TSK003374,0
VEH000311,TSK003374,1
VEH000287,TSK003374,1
VEH000421,TSK003374,1
VEH000516,TSK003374,1
VEH000510,TSK003374,0
VEH000084,TSK003374,1
VEH000266,TSK003374,1
VEH000051,TSK003374,1
VEH000016,TSK003374,0
VEH000526,TSK003374,1
VEH000247,TSK003374,1
VEH000252,TSK003374,0
VEH000314,TSK003374,0
VEH000242,TSK003374,1
VEH000433,TSK003374,0
VEH000366,TSK003374,1
VEH000318,TSK003374,1
VEH000290,TSK003374,0
VEH000008,TSK003374,0
VEH000530,TSK003374,1
VEH000081,TSK003374,0
VEH000304,TSK003374,0
VEH000358,TSK003374,0
VEH000026,TSK003374,1
VEH000430,TSK003374,1
VEH000067,TSK003374,1
VEH000088,TSK003374,1
VEH000417,TSK003374,1
VEH000015,TSK003374,1
VEH000024,TSK003374,0
VEH000250,TSK003374,1
VEH000267,TSK003374,0
VEH000034,TSK003374,0
VEH000532,TSK003374,1
VEH000482,TSK003374,0
VEH000386,TSK003374,0
VEH000389,TSK003374,0
VEH000007,TSK003374,0
VEH000367,TSK003374,1
VEH000230,TSK003374,1
VEH000327,TSK003374,1
VEH000426,TSK003374,0
VEH000073,TSK003374,1
VEH000488,TSK003374,0
VEH000222,TSK003374,0
VEH000047,TSK003374,1
VEH000263,TSK003374,0
VEH000346,TSK003374,0
VEH000292,TSK003491,1
VEH000097,TSK003491,0
VEH000077,TSK003491,1
VEH000251,TSK003491,0
VEH000429,TSK003491,0
VEH000036,TSK003491,0
VEH000525,TSK003491,0
VEH000320,TSK003491,0
VEH000313,TSK003491,1
VEH000312,TSK003491,0
VEH000299,TSK003491,1
VEH000298,TSK003491,0
VEH000431,TSK003491,0
VEH000246,TSK003491,1
VEH000061,TSK003491,1
VEH000096,TSK003491,0
VEH000059,TSK003491,1
VEH000336,TSK003491,0
VEH000284,TSK003491,0
VEH000397,TSK003491,1
VEH000334,TSK003491,1
VEH000259,TSK003491,1
VEH000527,TSK003491,1
VEH000031,TSK003491,1
VEH000348,TSK003491,1
VEH000271,TSK003491,0
VEH000089,TSK003491,0
VEH000385,TSK003491,0
VEH000414,TSK003491,1
VEH000060,TSK003491,1
VEH000468,TSK003491,1
VEH000269,TSK003491,0
VEH000459,TSK003491,1
VEH000528,TSK003491,0
VEH000406,TSK003491,1
VEH000229,TSK003491,0
VEH000379,TSK003491,0
VEH000003,TSK003491,0
VEH000028,TSK003491,1
VEH000100,TSK003491,1
VEH000335,TSK003491,1
VEH000048,TSK003491,1
VEH000368,TSK003491,0
VEH000309,TSK003491,1
VEH000499,TSK003491,1
VEH000225,TSK003491,0
VEH000330,TSK003491,1
VEH000279,TSK003491,0
VEH000341,TSK003491,0
VEH000049,TSK003491,0
VEH000344,TSK003491,0
VEH000042,TSK003491,1
VEH000311,TSK003491,0
VEH000287,TSK003491,0
VEH000421,TSK003491,0
VEH000516,TSK003491,0
VEH000510,TSK003491,1
VEH000084,TSK003491,1
VEH000266,TSK003491,1
VEH000051,TSK003491,0
VEH000016,TSK003491,0
VEH000526,TSK003491,1
VEH000247,TSK003491,0
VEH000252,TSK003491,0
VEH000314,TSK003491,1
VEH000242,TSK003491,0
VEH000433,TSK003491,0
VEH000366,TSK003491,0
VEH000318,TSK003491,1
VEH000290,TSK003491,1
VEH000008,TSK003491,1
VEH000530,TSK003491,1
VEH000081,TSK003491,1
VEH000304,TSK003491,1
VEH000358,TSK003491,1
VEH000026,TSK003491,0
VEH000430,TSK003491,0
VEH000067,TSK003491,0
VEH000088,TSK003491,1
VEH000417,TSK003491,1
VEH000015,TSK003491,0
VEH000024,TSK003491,1
VEH000250,TSK003491,1
VEH000267,TSK003491,0
VEH000034,TSK003491,0
VEH000532,TSK003491,1
VEH000482,TSK003491,0
VEH000386,TSK003491,1
VEH000389,TSK003491,1
VEH000007,TSK003491,0
VEH000367,TSK003491,0
VEH000230,TSK003491,1
VEH000327,TSK003491,0
VEH000426,TSK003491,1
VEH000073,TSK003491,1
VEH000488,TSK003491,0
VEH000222,TSK003491,0
VEH000047,TSK003491,1
VEH000263,TSK003491,1
VEH000346,TSK003491,0
VEH000292,TSK003620,1
VEH000097,TSK003620,0
VEH000077,TSK003620,0
VEH000251,TSK003620,1
VEH000429,TSK003620,1
VEH000036,TSK003620,0
VEH000525,TSK003620,0
VEH000320,TSK003620,0
VEH000313,TSK003620,1
VEH000312,TSK003620,0
VEH000299,TSK003620,0
VEH000298,TSK003620,0
VEH000431,TSK003620,1
VEH000246,TSK003620,0
VEH000061,TSK003620,0
VEH000096,TSK003620,1
VEH000059,TSK003620,0
VEH000336,TSK003620,1
VEH000284,TSK003620,1
VEH000397,TSK003620,1
VEH000334,TSK003620,1
VEH000259,TSK003620,0
VEH000527,TSK003620,0
VEH000031,TSK003620,0
VEH000348,TSK003620,0
VEH000271,TSK003620,1
VEH000089,TSK003620,1
VEH000385,TSK003620,1
VEH000414,TSK003620,0
VEH000060,TSK003620,0
VEH000468,TSK003620,0
VEH000269,TSK003620,1
VEH000459,TSK003620,0
VEH000528,TSK003620,0
VEH000406,TSK003620,0
VEH000229,TSK003620,1
VEH000379,TSK003620,1
VEH000003,TSK003620,1
VEH000028,TSK003620,1
VEH000100,TSK003620,0
VEH000335,TSK003620,1
VEH000048,TSK003620,0
VEH000368,TSK003620,0
VEH000309,TSK003620,0
VEH000499,TSK003620,0
VEH000225,TSK003620,1
VEH000330,TSK003620,0
VEH000279,TSK003620,0
VEH000341,TSK003620,0
VEH000049,TSK003620,0
VEH000344,TSK003620,1
VEH000042,TSK003620,1
VEH000311,TSK003620,0
VEH000287,TSK003620,1
VEH000421,TSK003620,1
VEH000516,TSK003620,1
VEH000510,TSK003620,1
VEH000084,TSK003620,1
VEH000266,TSK003620,0
VEH000051,TSK003620,1
VEH000016,TSK003620,1
VEH000526,TSK003620,0
VEH000247,TSK003620,1
VEH000252,TSK003620,0
VEH000314,TSK003620,0
VEH000242,TSK003620,1
VEH000433,TSK003620,1
VEH000366,TSK003620,0
VEH000318,TSK003620,0
VEH000290,TSK003620,1
VEH000008,TSK003620,0
VEH000530,TSK003620,0
VEH000081,TSK003620,1
VEH000304,TSK003620,0
VEH000358,TSK003620,1
VEH000026,TSK003620,1
VEH000430,TSK003620,1
VEH000067,TSK003620,1
VEH000088,TSK003620,1
VEH000417,TSK003620,1
VEH000015,TSK003620,0
VEH000024,TSK003620,0
VEH000250,TSK003620,0
VEH000267,TSK003620,1
VEH000034,TSK003620,1
VEH000532,TSK003620,1
VEH000482,TSK003620,1
VEH000386,TSK003620,0
VEH000389,TSK003620,0
VEH000007,TSK003620,1
VEH000367,TSK003620,1
VEH000230,TSK003620,1
VEH000327,TSK003620,0
VEH000426,TSK003620,0
VEH000073,TSK003620,0
VEH000488,TSK003620,1
VEH000222,TSK003620,1
VEH000047,TSK003620,1
VEH000263,TSK003620,0
VEH000346,TSK003620,0
VEH000292,TSK003643,0
VEH000097,TSK003643,0
VEH000077,TSK003643,1
VEH000251,TSK003643,0
VEH000429,TSK003643,0
VEH000036,TSK003643,1
VEH000525,TSK003643,1
VEH000320,TSK003643,0
VEH000313,TSK003643,1
VEH000312,TSK003643,0
VEH000299,TSK003643,1
VEH000298,TSK003643,0
VEH000431,TSK003643,0
VEH000246,TSK003643,1
VEH000061,TSK003643,0
VEH000096,TSK003643,1
VEH000059,TSK003643,0
VEH000336,TSK003643,1
VEH000284,TSK003643,0
VEH000397,TSK003643,1
VEH000334,TSK003643,0
VEH000259,TSK003643,1
VEH000527,TSK003643,1
VEH000031,TSK003643,1
VEH000348,TSK003643,1
VEH000271,TSK003643,0
VEH000089,TSK003643,1
VEH000385,TSK003643,0
VEH000414,TSK003643,0
VEH000060,TSK003643,0
VEH000468,TSK003643,1
VEH000269,TSK003643,1
VEH000459,TSK003643,1
VEH000528,TSK003643,0
VEH000406,TSK003643,0
VEH000229,TSK003643,0
VEH000379,TSK003643,0
VEH000003,TSK003643,1
VEH000028,TSK003643,1
VEH000100,TSK003643,1
VEH000335,TSK003643,1
VEH000048,TSK003643,0
VEH000368,TSK003643,0
VEH000309,TSK003643,1
VEH000499,TSK003643,0
VEH000225,TSK003643,0
VEH000330,TSK003643,1
VEH000279,TSK003643,0
VEH000341,TSK003643,1
VEH000049,TSK003643,1
VEH000344,TSK003643,0
VEH000042,TSK003643,0
VEH000311,TSK003643,1
VEH000287,TSK003643,0
VEH000421,TSK003643,1
VEH000516,TSK003643,1
VEH000510,TSK003643,1
VEH000084,TSK003643,0
VEH000266,TSK003643,0
VEH000051,TSK003643,1
VEH000016,TSK003643,1
VEH000526,TSK003643,0
VEH000247,TSK003643,0
VEH000252,TSK003643,1
VEH000314,TSK003643,1
VEH000242,TSK003643,1
VEH000433,TSK003643,0
VEH000366,TSK003643,1
VEH000318,TSK003643,1
VEH000290,TSK003643,1
VEH000008,TSK003643,0
VEH000530,TSK003643,0
VEH000081,TSK003643,1
VEH000304,TSK003643,1
VEH000358,TSK003643,0
VEH000026,TSK003643,1
VEH000430,TSK003643,0
VEH000067,TSK003643,0
VEH000088,TSK003643,0
VEH000417,TSK003643,1
VEH000015,TSK003643,0
VEH000024,TSK003643,1
VEH000250,TSK003643,0
VEH000267,TSK003643,0
VEH000034,TSK003643,0
VEH000532,TSK003643,1
VEH000482,TSK003643,0
VEH000386,TSK003643,0
VEH000389,TSK003643,1
VEH000007,TSK003643,0
VEH000367,TSK003643,1
VEH000230,TSK003643,1
VEH000327,TSK003643,0
VEH000426,TSK003643,0
VEH000073,TSK003643,1
VEH000488,TSK003643,1
VEH000222,TSK003643,1
VEH000047,TSK003643,0
VEH000263,TSK003643,0
VEH000346,TSK003643,1
VEH000292,TSK003654,0
VEH000097,TSK003654,0
VEH000077,TSK003654,1
VEH000251,TSK003654,0
VEH000429,TSK003654,0
VEH000036,TSK003654,1
VEH000525,TSK003654,0
VEH000320,TSK003654,0
VEH000313,TSK003654,1
VEH000312,TSK003654,1
VEH000299,TSK003654,1
VEH000298,TSK003654,1
VEH000431,TSK003654,1
VEH000246,TSK003654,0
VEH000061,TSK003654,0
VEH000096,TSK003654,0
VEH000059,TSK003654,1
VEH000336,TSK003654,1
VEH000284,TSK003654,0
VEH000397,TSK003654,0
VEH000334,TSK003654,1
VEH000259,TSK003654,1
VEH000527,TSK003654,1
VEH000031,TSK003654,1
VEH000348,TSK003654,0
VEH000271,TSK003654,1
VEH000089,TSK003654,1
VEH000385,TSK003654,0
VEH000414,TSK003654,1
VEH000060,TSK003654,0
VEH000468,TSK003654,0
VEH000269,TSK003654,0
VEH000459,TSK003654,0
VEH000528,TSK003654,1
VEH000406,TSK003654,0
VEH000229,TSK003654,1
VEH000379,TSK003654,1
VEH000003,TSK003654,0
VEH000028,TSK003654,1
VEH000100,TSK003654,1
VEH000335,TSK003654,0
VEH000048,TSK003654,0
VEH000368,TSK003654,1
VEH000309,TSK003654,1
VEH000499,TSK003654,1
VEH000225,TSK003654,1
VEH000330,TSK003654,1
VEH000279,TSK003654,1
VEH000341,TSK003654,1
VEH000049,TSK003654,1
VEH000344,TSK003654,0
VEH000042,TSK003654,0
VEH000311,TSK003654,0
VEH000287,TSK003654,0
VEH000421,TSK003654,0
VEH000516,TSK003654,0
VEH000510,TSK003654,0
VEH000084,TSK003654,1
VEH000266,TSK003654,0
VEH000051,TSK003654,0
VEH000016,TSK003654,1
VEH000526,TSK003654,1
VEH000247,TSK003654,1
VEH000252,TSK003654,0
VEH000314,TSK003654,0
VEH000242,TSK003654,0
VEH000433,TSK003654,0
VEH000366,TSK003654,0
VEH000318,TSK003654,1
VEH000290,TSK003654,1
VEH000008,TSK003654,0
VEH000530,TSK003654,1
VEH000081,TSK003654,0
VEH000304,TSK003654,1
VEH000358,TSK003654,0
VEH000026,TSK003654,0
VEH000430,TSK003654,0
VEH000067,TSK003654,0
VEH000088,TSK003654,1
VEH000417,TSK003654,0
VEH000015,TSK003654,1
VEH000024,TSK003654,1
VEH000250,TSK003654,1
VEH000267,TSK003654,1
VEH000034,TSK003654,1
VEH000532,TSK003654,1
VEH000482,TSK003654,1
VEH000386,TSK003654,1
VEH000389,TSK003654,0
VEH000007,TSK003654,0
VEH000367,TSK003654,0
VEH000230,TSK003654,1
VEH000327,TSK003654,1
VEH000426,TSK003654,0
VEH000073,TSK003654,1
VEH000488,TSK003654,0
VEH000222,TSK003654,0
VEH000047,TSK003654,0
VEH000263,TSK003654,0
VEH000346,TSK003654,1
VEH000292,TSK003687,0
VEH000097,TSK003687,1
VEH000077,TSK003687,1
VEH000251,TSK003687,0
VEH000429,TSK003687,1
VEH000036,TSK003687,1
VEH000525,TSK003687,1
VEH000320,TSK003687,0
VEH000313,TSK003687,1
VEH000312,TSK003687,1
VEH000299,TSK003687,1
VEH000298,TSK003687,0
VEH000431,TSK003687,0
VEH000246,TSK003687,1
VEH000061,TSK003687,0
VEH000096,TSK003687,0
VEH000059,TSK003687,0
VEH000336,TSK003687,1
VEH000284,TSK003687,1
VEH000397,TSK003687,1
VEH000334,TSK003687,0
VEH000259,TSK003687,0
VEH000527,TSK003687,0
VEH000031,TSK003687,0
VEH000348,TSK003687,0
VEH000271,TSK003687,1
VEH000089,TSK003687,0
VEH000385,TSK003687,1
VEH000414,TSK003687,0
VEH000060,TSK003687,0
VEH000468,TSK003687,1
VEH000269,TSK003687,0
VEH000459,TSK003687,1
VEH000528,TSK003687,0
VEH000406,TSK003687,0
VEH000229,TSK003687,1
VEH000379,TSK003687,1
VEH000003,TSK003687,0
VEH000028,TSK003687,1
VEH000100,TSK003687,1
VEH000335,TSK003687,0
VEH000048,TSK003687,0
VEH000368,TSK003687,1
VEH000309,TSK003687,0
VEH000499,TSK003687,1
VEH000225,TSK003687,0
VEH000330,TSK003687,1
VEH000279,TSK003687,1
VEH000341,TSK003687,1
VEH000049,TSK003687,0
VEH000344,TSK003687,0
VEH000042,TSK003687,1
VEH000311,TSK003687,1
VEH000287,TSK003687,0
VEH000421,TSK003687,0
VEH000516,TSK003687,0
VEH000510,TSK003687,0
VEH000084,TSK003687,1
VEH000266,TSK003687,1
VEH000051,TSK003687,0
VEH000016,TSK003687,0
VEH000526,TSK003687,0
VEH000247,TSK003687,0
VEH000252,TSK003687,1
VEH000314,TSK003687,0
VEH000242,TSK003687,0
VEH000433,TSK003687,1
VEH000366,TSK003687,1
VEH000318,TSK003687,0
VEH000290,TSK003687,1
VEH000008,TSK003687,1
VEH000530,TSK003687,0
VEH000081,TSK003687,1
VEH000304,TSK003687,0
VEH000358,TSK003687,1
VEH000026,TSK003687,1
VEH000430,TSK003687,1
VEH000067,TSK003687,1
VEH000088,TSK003687,0
VEH000417,TSK003687,1
VEH000015,TSK003687,1
VEH000024,TSK003687,1
VEH000250,TSK003687,0
VEH000267,TSK003687,0
VEH000034,TSK003687,0
VEH000532,TSK003687,1
VEH000482,TSK003687,0
VEH000386,TSK003687,0
VEH000389,TSK003687,1
VEH000007,TSK003687,0
VEH000367,TSK003687,1
VEH000230,TSK003687,0
VEH000327,TSK003687,1
VEH000426,TSK003687,1
VEH000073,TSK003687,1
VEH000488,TSK003687,1
VEH000222,TSK003687,1
VEH000047,TSK003687,0
VEH000263,TSK003687,0
VEH000346,TSK003687,0
VEH000292,TSK003703,0
VEH000097,TSK003703,0
VEH000077,TSK003703,0
VEH000251,TSK003703,0
VEH000429,TSK003703,1
VEH000036,TSK003703,1
VEH000525,TSK003703,0
VEH000320,TSK003703,1
VEH000313,TSK003703,1
VEH000312,TSK003703,1
VEH000299,TSK003703,1
VEH000298,TSK003703,1
VEH000431,TSK003703,0
VEH000246,TSK003703,0
VEH000061,TSK003703,0
VEH000096,TSK003703,0
VEH000059,TSK003703,0
VEH000336,TSK003703,1
VEH000284,TSK003703,1
VEH000397,TSK003703,0
VEH000334,TSK003703,0
VEH000259,TSK003703,0
VEH000527,TSK003703,0
VEH000031,TSK003703,0
VEH000348,TSK003703,0
VEH000271,TSK003703,0
VEH000089,TSK003703,0
VEH000385,TSK003703,0
VEH000414,TSK003703,1
VEH000060,TSK003703,1
VEH000468,TSK003703,1
VEH000269,TSK003703,0
VEH000459,TSK003703,1
VEH000528,TSK003703,1
VEH000406,TSK003703,0
VEH000229,TSK003703,1
VEH000379,TSK003703,1
VEH000003,TSK003703,0
VEH000028,TSK003703,0
VEH000100,TSK003703,0
VEH000335,TSK003703,0
VEH000048,TSK003703,1
VEH000368,TSK003703,0
VEH000309,TSK003703,0
VEH000499,TSK003703,0
VEH000225,TSK003703,0
VEH000330,TSK003703,1
VEH000279,TSK003703,0
VEH000341,TSK003703,1
VEH000049,TSK003703,1
VEH000344,TSK003703,0
VEH000042,TSK003703,1
VEH000311,TSK003703,0
VEH000287,TSK003703,1
VEH000421,TSK003703,0
VEH000516,TSK003703,0
VEH000510,TSK003703,0
VEH000084,TSK003703,0
VEH000266,TSK003703,0
VEH000051,TSK003703,1
VEH000016,TSK003703,1
VEH000526,TSK003703,0
VEH000247,TSK003703,1
VEH000252,TSK003703,1
VEH000314,TSK003703,1
VEH000242,TSK003703,0
VEH000433,TSK003703,1
VEH000366,TSK003703,1
VEH000318,TSK003703,1
VEH000290,TSK003703,1
VEH000008,TSK003703,1
VEH000530,TSK003703,1
VEH000081,TSK003703,1
VEH000304,TSK003703,0
VEH000358,TSK003703,0
VEH000026,TSK003703,0
VEH000430,TSK003703,1
VEH000067,TSK003703,1
VEH000088,TSK003703,1
VEH000417,TSK003703,0
VEH000015,TSK003703,1
VEH000024,TSK003703,1
VEH000250,TSK003703,1
VEH000267,TSK003703,0
VEH000034,TSK003703,1
VEH000532,TSK003703,0
VEH000482,TSK003703,1
VEH000386,TSK003703,0
VEH000389,TSK003703,1
VEH000007,TSK003703,1
VEH000367,TSK003703,0
VEH000230,TSK003703,1
VEH000327,TSK003703,0
VEH000426,TSK003703,1
VEH000073,TSK003703,1
VEH000488,TSK003703,1
VEH000222,TSK003703,0
VEH000047,TSK003703,1
VEH000263,TSK003703,0
VEH000346,TSK003703,1
VEH000292,TSK003712,0
VEH000097,TSK003712,1
VEH000077,TSK003712,1
VEH000251,TSK003712,1
VEH000429,TSK003712,1
VEH000036,TSK003712,0
VEH000525,TSK003712,1
VEH000320,TSK003712,1
VEH000313,TSK003712,1
VEH000312,TSK003712,1
VEH000299,TSK003712,0
VEH000298,TSK003712,0
VEH000431,TSK003712,1
VEH000246,TSK003712,1
VEH000061,TSK003712,1
VEH000096,TSK003712,1
VEH000059,TSK003712,0
VEH000336,TSK003712,0
VEH000284,TSK003712,0
VEH000397,TSK003712,1
VEH000334,TSK003712,1
VEH000259,TSK003712,0
VEH000527,TSK003712,1
VEH000031,TSK003712,0
VEH000348,TSK003712,0
VEH000271,TSK003712,1
VEH000089,TSK003712,0
VEH000385,TSK003712,0
VEH000414,TSK003712,1
VEH000060,TSK003712,1
VEH000468,TSK003712,0
VEH000269,TSK003712,0
VEH000459,TSK003712,0
VEH000528,TSK003712,0
VEH000406,TSK003712,0
VEH000229,TSK003712,0
VEH000379,TSK003712,1
VEH000003,TSK003712,0
VEH000028,TSK003712,1
VEH000100,TSK003712,0
VEH000335,TSK003712,0
VEH000048,TSK003712,0
VEH000368,TSK003712,1
VEH000309,TSK003712,1
VEH000499,TSK003712,0
VEH000225,TSK003712,1
VEH000330,TSK003712,0
VEH000279,TSK003712,1
VEH000341,TSK003712,0
VEH000049,TSK003712,0
VEH000344,TSK003712,1
VEH000042,TSK003712,1
VEH000311,TSK003712,0
VEH000287,TSK003712,0
VEH000421,TSK003712,1
VEH000516,TSK003712,1
VEH000510,TSK003712,0
VEH000084,TSK003712,1
VEH000266,TSK003712,1
VEH000051,TSK003712,0
VEH000016,TSK003712,1
VEH000526,TSK003712,1
VEH000247,TSK003712,1
VEH000252,TSK003712,1
VEH000314,TSK003712,0
VEH000242,TSK003712,0
VEH000433,TSK003712,1
VEH000366,TSK003712,1
VEH000318,TSK003712,0
VEH000290,TSK003712,0
VEH000008,TSK003712,1
VEH000530,TSK003712,1
VEH000081,TSK003712,0
VEH000304,TSK003712,0
VEH000358,TSK003712,1
VEH000026,TSK003712,0
VEH000430,TSK003712,0
VEH000067,TSK003712,0
VEH000088,TSK003712,0
VEH000417,TSK003712,0
VEH000015,TSK003712,1
VEH000024,TSK003712,1
VEH000250,TSK003712,0
VEH000267,TSK003712,1
VEH000034,TSK003712,1
VEH000532,TSK003712,0
VEH000482,TSK003712,1
VEH000386,TSK003712,1
VEH000389,TSK003712,1
VEH000007,TSK003712,0
VEH000367,TSK003712,1
VEH000230,TSK003712,1
VEH000327,TSK003712,1
VEH000426,TSK003712,0
VEH000073,TSK003712,0
VEH000488,TSK003712,0
VEH000222,TSK003712,0
VEH000047,TSK003712,0
VEH000263,TSK003712,1
VEH000346,TSK003712,0
VEH000292,TSK003738,0
VEH000097,TSK003738,1
VEH000077,TSK003738,0
VEH000251,TSK003738,0
VEH000429,TSK003738,0
VEH000036,TSK003738,1
VEH000525,TSK003738,0
VEH000320,TSK003738,1
VEH000313,TSK003738,1
VEH000312,TSK003738,1
VEH000299,TSK003738,1
VEH000298,TSK003738,1
VEH000431,TSK003738,1
VEH000246,TSK003738,0
VEH000061,TSK003738,0
VEH000096,TSK003738,1
VEH000059,TSK003738,0
VEH000336,TSK003738,0
VEH000284,TSK003738,1
VEH000397,TSK003738,1
VEH000334,TSK003738,1
VEH000259,TSK003738,0
VEH000527,TSK003738,0
VEH000031,TSK003738,0
VEH000348,TSK003738,1
VEH000271,TSK003738,1
VEH000089,TSK003738,1
VEH000385,TSK003738,0
VEH000414,TSK003738,1
VEH000060,TSK003738,1
VEH000468,TSK003738,1
VEH000269,TSK003738,1
VEH000459,TSK003738,0
VEH000528,TSK003738,0
VEH000406,TSK003738,1
VEH000229,TSK003738,1
VEH000379,TSK003738,1
VEH000003,TSK003738,1
VEH000028,TSK003738,1
VEH000100,TSK003738,1
VEH000335,TSK003738,1
VEH000048,TSK003738,0
VEH000368,TSK003738,0
VEH000309,TSK003738,0
VEH000499,TSK003738,0
VEH000225,TSK003738,1
VEH000330,TSK003738,0
VEH000279,TSK003738,1
VEH000341,TSK003738,0
VEH000049,TSK003738,1
VEH000344,TSK003738,1
VEH000042,TSK003738,0
VEH000311,TSK003738,0
VEH000287,TSK003738,0
VEH000421,TSK003738,1
VEH000516,TSK003738,0
VEH000510,TSK003738,1
VEH000084,TSK003738,0
VEH000266,TSK003738,0
VEH000051,TSK003738,0
VEH000016,TSK003738,1
VEH000526,TSK003738,0
VEH000247,TSK003738,0
VEH000252,TSK003738,1
VEH000314,TSK003738,0
VEH000242,TSK003738,1
VEH000433,TSK003738,0
VEH000366,TSK003738,1
VEH000318,TSK003738,0
VEH000290,TSK003738,0
VEH000008,TSK003738,0
VEH000530,TSK003738,1
VEH000081,TSK003738,1
VEH000304,TSK003738,0
VEH000358,TSK003738,1
VEH000026,TSK003738,1
VEH000430,TSK003738,1
VEH000067,TSK003738,0
VEH000088,TSK003738,0
VEH000417,TSK003738,0
VEH000015,TSK003738,0
VEH000024,TSK003738,1
VEH000250,TSK003738,1
VEH000267,TSK003738,1
VEH000034,TSK003738,0
VEH000532,TSK003738,1
VEH000482,TSK003738,0
VEH000386,TSK003738,0
VEH000389,TSK003738,1
VEH000007,TSK003738,1
VEH000367,TSK003738,1
VEH000230,TSK003738,1
VEH000327,TSK003738,0
VEH000426,TSK003738,0
VEH000073,TSK003738,0
VEH000488,TSK003738,0
VEH000222,TSK003738,0
VEH000047,TSK003738,1
VEH000263,TSK003738,0
VEH000346,TSK003738,0
VEH000292,TSK003790,0
VEH000097,TSK003790,1
VEH000077,TSK003790,1
VEH000251,TSK003790,0
VEH000429,TSK003790,0
VEH000036,TSK003790,1
VEH000525,TSK003790,0
VEH000320,TSK003790,0
VEH000313,TSK003790,1
VEH000312,TSK003790,1
VEH000299,TSK003790,0
VEH000298,TSK003790,0
VEH000431,TSK003790,1
VEH000246,TSK003790,1
VEH000061,TSK003790,0
VEH000096,TSK003790,0
VEH000059,TSK003790,0
VEH000336,TSK003790,0
VEH000284,TSK003790,0
VEH000397,TSK003790,0
VEH000334,TSK003790,1
VEH000259,TSK003790,1
VEH000527,TSK003790,1
VEH000031,TSK003790,0
VEH000348,TSK003790,0
VEH000271,TSK003790,1
VEH000089,TSK003790,0
VEH000385,TSK003790,0
VEH000414,TSK003790,0
VEH000060,TSK003790,1
VEH000468,TSK003790,1
VEH000269,TSK003790,0
VEH000459,TSK003790,0
VEH000528,TSK003790,0
VEH000406,TSK003790,0
VEH000229,TSK003790,1
VEH000379,TSK003790,1
VEH000003,TSK003790,1
VEH000028,TSK003790,1
VEH000100,TSK003790,0
VEH000335,TSK003790,0
VEH000048,TSK003790,1
VEH000368,TSK003790,1
VEH000309,TSK003790,0
VEH000499,TSK003790,0
VEH000225,TSK003790,1
VEH000330,TSK003790,1
VEH000279,TSK003790,1
VEH000341,TSK003790,1
VEH000049,TSK003790,1
VEH000344,TSK003790,1
VEH000042,TSK003790,1
VEH000311,TSK003790,1
VEH000287,TSK003790,1
VEH000421,TSK003790,0
VEH000516,TSK003790,0
VEH000510,TSK003790,0
VEH000084,TSK003790,1
VEH000266,TSK003790,0
VEH000051,TSK003790,1
VEH000016,TSK003790,0
VEH000526,TSK003790,1
VEH000247,TSK003790,1
VEH000252,TSK003790,1
VEH000314,TSK003790,0
VEH000242,TSK003790,0
VEH000433,TSK003790,0
VEH000366,TSK003790,0
VEH000318,TSK003790,0
VEH000290,TSK003790,1
VEH000008,TSK003790,1
VEH000530,TSK003790,1
VEH000081,TSK003790,1
VEH000304,TSK003790,1
VEH000358,TSK003790,0
VEH000026,TSK003790,0
VEH000430,TSK003790,0
VEH000067,TSK003790,0
VEH000088,TSK003790,0
VEH000417,TSK003790,1
VEH000015,TSK003790,1
VEH000024,TSK003790,1
VEH000250,TSK003790,0
VEH000267,TSK003790,0
VEH000034,TSK003790,0
VEH000532,TSK003790,1
VEH000482,TSK003790,1
VEH000386,TSK003790,0
VEH000389,TSK003790,0
VEH000007,TSK003790,1
VEH000367,TSK003790,1
VEH000230,TSK003790,1
VEH000327,TSK003790,1
VEH000426,TSK003790,0
VEH000073,TSK003790,0
VEH000488,TSK003790,1
VEH000222,TSK003790,0
VEH000047,TSK003790,0
VEH000263,TSK003790,1
VEH000346,TSK003790,1
VEH000292,TSK003791,1
VEH000097,TSK003791,0
VEH000077,TSK003791,0
VEH000251,TSK003791,0
VEH000429,TSK003791,1
VEH000036,TSK003791,1
VEH000525,TSK003791,0
VEH000320,TSK003791,0
VEH000313,TSK003791,1
VEH000312,TSK003791,1
VEH000299,TSK003791,0
VEH000298,TSK003791,1
VEH000431,TSK003791,0
VEH000246,TSK003791,0
VEH000061,TSK003791,1
VEH000096,TSK003791,1
VEH000059,TSK003791,0
VEH000336,TSK003791,1
VEH000284,TSK003791,1
VEH000397,TSK003791,1
VEH000334,TSK003791,1
VEH000259,TSK003791,0
VEH000527,TSK003791,1
VEH000031,TSK003791,1
VEH000348,TSK003791,0
VEH000271,TSK003791,1
VEH000089,TSK003791,0
VEH000385,TSK003791,1
VEH000414,TSK003791,0
VEH000060,TSK003791,1
VEH000468,TSK003791,0
VEH000269,TSK003791,1
VEH000459,TSK003791,1
VEH000528,TSK003791,1
VEH000406,TSK003791,0
VEH000229,TSK003791,0
VEH000379,TSK003791,0
VEH000003,TSK003791,1
VEH000028,TSK003791,0
VEH000100,TSK003791,0
VEH000335,TSK003791,1
VEH000048,TSK003791,0
VEH000368,TSK003791,1
VEH000309,TSK003791,0
VEH000499,TSK003791,1
VEH000225,TSK003791,1
VEH000330,TSK003791,1
VEH000279,TSK003791,0
VEH000341,TSK003791,1
VEH000049,TSK003791,0
VEH000344,TSK003791,0
VEH000042,TSK003791,1
VEH000311,TSK003791,0
VEH000287,TSK003791,0
VEH000421,TSK003791,1
VEH000516,TSK003791,0
VEH000510,TSK003791,1
VEH000084,TSK003791,1
VEH000266,TSK003791,0
VEH000051,TSK003791,1
VEH000016,TSK003791,0
VEH000526,TSK003791,1
VEH000247,TSK003791,0
VEH000252,TSK003791,0
VEH000314,TSK003791,0
VEH000242,TSK003791,1
VEH000433,TSK003791,0
VEH000366,TSK003791,0
VEH000318,TSK003791,0
VEH000290,TSK003791,0
VEH000008,TSK003791,1
VEH000530,TSK003791,1
VEH000081,TSK003791,0
VEH000304,TSK003791,0
VEH000358,TSK003791,0
VEH000026,TSK003791,1
VEH000430,TSK003791,0
VEH000067,TSK003791,0
VEH000088,TSK003791,0
VEH000417,TSK003791,1
VEH000015,TSK003791,1
VEH000024,TSK003791,0
VEH000250,TSK003791,1
VEH000267,TSK003791,0
VEH000034,TSK003791,0
VEH000532,TSK003791,0
VEH000482,TSK003791,1
VEH000386,TSK003791,1
VEH000389,TSK003791,0
VEH000007,TSK003791,1
VEH000367,TSK003791,0
VEH000230,TSK003791,0
VEH000327,TSK003791,1
VEH000426,TSK003791,0
VEH000073,TSK003791,1
VEH000488,TSK003791,1
VEH000222,TSK003791,1
VEH000047,TSK003791,1
VEH000263,TSK003791,1
VEH000346,TSK003791,1
VEH000292,TSK003795,0
VEH000097,TSK003795,0
VEH000077,TSK003795,1
VEH000251,TSK003795,0
VEH000429,TSK003795,1
VEH000036,TSK003795,0
VEH000525,TSK003795,0
VEH000320,TSK003795,0
VEH000313,TSK003795,0
VEH000312,TSK003795,1
VEH000299,TSK003795,0
VEH000298,TSK003795,0
VEH000431,TSK003795,1
VEH000246,TSK003795,1
VEH000061,TSK003795,1
VEH000096,TSK003795,1
VEH000059,TSK003795,1
VEH000336,TSK003795,0
VEH000284,TSK003795,1
VEH000397,TSK003795,0
VEH000334,TSK003795,1
VEH000259,TSK003795,1
VEH000527,TSK003795,0
VEH000031,TSK003795,0
VEH000348,TSK003795,0
VEH000271,TSK003795,0
VEH000089,TSK003795,1
VEH000385,TSK003795,1
VEH000414,TSK003795,0
VEH000060,TSK003795,1
VEH000468,TSK003795,0
VEH000269,TSK003795,1
VEH000459,TSK003795,1
VEH000528,TSK003795,0
VEH000406,TSK003795,0
VEH000229,TSK003795,0
VEH000379,TSK003795,1
VEH000003,TSK003795,1
VEH000028,TSK003795,1
VEH000100,TSK003795,0
VEH000335,TSK003795,1
VEH000048,TSK003795,1
VEH000368,TSK003795,1
VEH000309,TSK003795,1
VEH000499,TSK003795,0
VEH000225,TSK003795,1
VEH000330,TSK003795,0
VEH000279,TSK003795,1
VEH000341,TSK003795,1
VEH000049,TSK003795,1
VEH000344,TSK003795,1
VEH000042,TSK003795,0
VEH000311,TSK003795,1
VEH000287,TSK003795,1
VEH000421,TSK003795,1
VEH000516,TSK003795,0
VEH000510,TSK003795,1
VEH000084,TSK003795,1
VEH000266,TSK003795,0
VEH000051,TSK003795,0
VEH000016,TSK003795,0
VEH000526,TSK003795,0
VEH000247,TSK003795,1
VEH000252,TSK003795,0
VEH000314,TSK003795,1
VEH000242,TSK003795,1
VEH000433,TSK003795,0
VEH000366,TSK003795,0
VEH000318,TSK003795,0
VEH000290,TSK003795,1
VEH000008,TSK003795,0
VEH000530,TSK003795,1
VEH000081,TSK003795,0
VEH000304,TSK003795,0
VEH000358,TSK003795,1
VEH000026,TSK003795,0
VEH000430,TSK003795,0
VEH000067,TSK003795,0
VEH000088,TSK003795,1
VEH000417,TSK003795,1
VEH000015,TSK003795,0
VEH000024,TSK003795,1
VEH000250,TSK003795,0
VEH000267,TSK003795,0
VEH000034,TSK003795,0
VEH000532,TSK003795,1
VEH000482,TSK003795,0
VEH000386,TSK003795,0
VEH000389,TSK003795,1
VEH000007,TSK003795,0
VEH000367,TSK003795,1
VEH000230,TSK003795,0
VEH000327,TSK003795,1
VEH000426,TSK003795,0
VEH000073,TSK003795,1
VEH000488,TSK003795,1
VEH000222,TSK003795,0
VEH000047,TSK003795,1
VEH000263,TSK003795,0
VEH000346,TSK003795,1
VEH000292,TSK003819,0
VEH000097,TSK003819,1
VEH000077,TSK003819,1
VEH000251,TSK003819,1
VEH000429,TSK003819,1
VEH000036,TSK003819,1
VEH000525,TSK003819,1
VEH000320,TSK003819,1
VEH000313,TSK003819,0
VEH000312,TSK003819,1
VEH000299,TSK003819,1
VEH000298,TSK003819,1
VEH000431,TSK003819,0
VEH000246,TSK003819,0
VEH000061,TSK003819,1
VEH000096,TSK003819,1
VEH000059,TSK003819,1
VEH000336,TSK003819,1
VEH000284,TSK003819,1
VEH000397,TSK003819,0
VEH000334,TSK003819,0
VEH000259,TSK003819,0
VEH000527,TSK003819,1
VEH000031,TSK003819,0
VEH000348,TSK003819,0
VEH000271,TSK003819,0
VEH000089,TSK003819,1
VEH000385,TSK003819,1
VEH000414,TSK003819,0
VEH000060,TSK003819,0
VEH000468,TSK003819,1
VEH000269,TSK003819,0
VEH000459,TSK003819,1
VEH000528,TSK003819,1
VEH000406,TSK003819,1
VEH000229,TSK003819,0
VEH000379,TSK003819,0
VEH000003,TSK003819,1
VEH000028,TSK003819,1
VEH000100,TSK003819,0
VEH000335,TSK003819,1
VEH000048,TSK003819,0
VEH000368,TSK003819,0
VEH000309,TSK003819,1
VEH000499,TSK003819,0
VEH000225,TSK003819,1
VEH000330,TSK003819,1
VEH000279,TSK003819,0
VEH000341,TSK003819,0
VEH000049,TSK003819,1
VEH000344,TSK003819,0
VEH000042,TSK003819,1
VEH000311,TSK003819,0
VEH000287,TSK003819,0
VEH000421,TSK003819,0
VEH000516,TSK003819,0
VEH000510,TSK003819,0
VEH000084,TSK003819,1
VEH000266,TSK003819,0
VEH000051,TSK003819,0
VEH000016,TSK003819,0
VEH000526,TSK003819,1
VEH000247,TSK003819,1
VEH000252,TSK003819,1
VEH000314,TSK003819,1
VEH000242,TSK003819,1
VEH000433,TSK003819,1
VEH000366,TSK003819,1
VEH000318,TSK003819,1
VEH000290,TSK003819,1
VEH000008,TSK003819,0
VEH000530,TSK003819,0
VEH000081,TSK003819,0
VEH000304,TSK003819,0
VEH000358,TSK003819,1
VEH000026,TSK003819,0
VEH000430,TSK003819,0
VEH000067,TSK003819,1
VEH000088,TSK003819,1
VEH000417,TSK003819,0
VEH000015,TSK003819,1
VEH000024,TSK003819,0
VEH000250,TSK003819,1
VEH000267,TSK003819,1
VEH000034,TSK003819,0
VEH000532,TSK003819,0
VEH000482,TSK003819,0
VEH000386,TSK003819,0
VEH000389,TSK003819,0
VEH000007,TSK003819,1
VEH000367,TSK003819,0
VEH000230,TSK003819,0
VEH000327,TSK003819,0
VEH000426,TSK003819,1
VEH000073,TSK003819,0
VEH000488,TSK003819,0
VEH000222,TSK003819,1
VEH000047,TSK003819,0
VEH000263,TSK003819,0
VEH000346,TSK003819,1
VEH000292,TSK003831,1
VEH000097,TSK003831,1
VEH000077,TSK003831,1
VEH000251,TSK003831,1
VEH000429,TSK003831,0
VEH000036,TSK003831,1
VEH000525,TSK003831,0
VEH000320,TSK003831,0
VEH000313,TSK003831,0
VEH000312,TSK003831,0
VEH000299,TSK003831,0
VEH000298,TSK003831,0
VEH000431,TSK003831,0
VEH000246,TSK003831,0
VEH000061,TSK003831,1
VEH000096,TSK003831,0
VEH000059,TSK003831,0
VEH000336,TSK003831,0
VEH000284,TSK003831,0
VEH000397,TSK003831,1
VEH000334,TSK003831,0
VEH000259,TSK003831,1
VEH000527,TSK003831,1
VEH000031,TSK003831,1
VEH000348,TSK003831,1
VEH000271,TSK003831,1
VEH000089,TSK003831,0
VEH000385,TSK003831,1
VEH000414,TSK003831,1
VEH000060,TSK003831,1
VEH000468,TSK003831,0
VEH000269,TSK003831,1
VEH000459,TSK003831,0
VEH000528,TSK003831,0
VEH000406,TSK003831,1
VEH000229,TSK003831,0
VEH000379,TSK003831,1
VEH000003,TSK003831,1
VEH000028,TSK003831,1
VEH000100,TSK003831,0
VEH000335,TSK003831,1
VEH000048,TSK003831,1
VEH000368,TSK003831,1
VEH000309,TSK003831,1
VEH000499,TSK003831,0
VEH000225,TSK003831,1
VEH000330,TSK003831,0
VEH000279,TSK003831,0
VEH000341,TSK003831,1
VEH000049,TSK003831,1
VEH000344,TSK003831,1
VEH000042,TSK003831,1
VEH000311,TSK003831,0
VEH000287,TSK003831,1
VEH000421,TSK003831,1
VEH000516,TSK003831,1
VEH000510,TSK003831,1
VEH000084,TSK003831,1
VEH000266,TSK003831,0
VEH000051,TSK003831,0
VEH000016,TSK003831,0
VEH000526,TSK003831,0
VEH000247,TSK003831,0
VEH000252,TSK003831,1
VEH000314,TSK003831,1
VEH000242,TSK003831,0
VEH000433,TSK003831,1
VEH000366,TSK003831,1
VEH000318,TSK003831,0
VEH000290,TSK003831,0
VEH000008,TSK003831,1
VEH000530,TSK003831,1
VEH000081,TSK003831,0
VEH000304,TSK003831,0
VEH000358,TSK003831,1
VEH000026,TSK003831,0
VEH000430,TSK003831,1
VEH000067,TSK003831,0
VEH000088,TSK003831,0
VEH000417,TSK003831,1
VEH000015,TSK003831,0
VEH000024,TSK003831,1
VEH000250,TSK003831,0
VEH000267,TSK003831,0
VEH000034,TSK003831,0
VEH000532,TSK003831,1
VEH000482,TSK003831,1
VEH000386,TSK003831,0
VEH000389,TSK003831,0
VEH000007,TSK003831,1
VEH000367,TSK003831,0
VEH000230,TSK003831,1
VEH000327,TSK003831,0
VEH000426,TSK003831,0
VEH000073,TSK003831,0
VEH000488,TSK003831,0
VEH000222,TSK003831,0
VEH000047,TSK003831,1
VEH000263,TSK003831,0
VEH000346,TSK003831,1
VEH000292,TSK003863,1
VEH000097,TSK003863,0
VEH000077,TSK003863,0
VEH000251,TSK003863,0
VEH000429,TSK003863,1
VEH000036,TSK003863,1
VEH000525,TSK003863,0
VEH000320,TSK003863,1
VEH000313,TSK003863,1
VEH000312,TSK003863,1
VEH000299,TSK003863,1
VEH000298,TSK003863,0
VEH000431,TSK003863,1
VEH000246,TSK003863,0
VEH000061,TSK003863,1
VEH000096,TSK003863,0
VEH000059,TSK003863,0
VEH000336,TSK003863,1
VEH000284,TSK003863,0
VEH000397,TSK003863,1
VEH000334,TSK003863,0
VEH000259,TSK003863,0
VEH000527,TSK003863,1
VEH000031,TSK003863,0
VEH000348,TSK003863,1
VEH000271,TSK003863,1
VEH000089,TSK003863,1
VEH000385,TSK003863,1
VEH000414,TSK003863,1
VEH000060,TSK003863,0
VEH000468,TSK003863,1
VEH000269,TSK003863,1
VEH000459,TSK003863,0
VEH000528,TSK003863,1
VEH000406,TSK003863,0
VEH000229,TSK003863,1
VEH000379,TSK003863,1
VEH000003,TSK003863,0
VEH000028,TSK003863,1
VEH000100,TSK003863,1
VEH000335,TSK003863,1
VEH000048,TSK003863,0
VEH000368,TSK003863,0
VEH000309,TSK003863,1
VEH000499,TSK003863,1
VEH000225,TSK003863,0
VEH000330,TSK003863,1
VEH000279,TSK003863,0
VEH000341,TSK003863,1
VEH000049,TSK003863,0
VEH000344,TSK003863,1
VEH000042,TSK003863,1
VEH000311,TSK003863,1
VEH000287,TSK003863,1
VEH000421,TSK003863,0
VEH000516,TSK003863,0
VEH000510,TSK003863,1
VEH000084,TSK003863,1
VEH000266,TSK003863,0
VEH000051,TSK003863,0
VEH000016,TSK003863,0
VEH000526,TSK003863,0
VEH000247,TSK003863,0
VEH000252,TSK003863,0
VEH000314,TSK003863,0
VEH000242,TSK003863,1
VEH000433,TSK003863,0
VEH000366,TSK003863,1
VEH000318,TSK003863,1
VEH000290,TSK003863,0
VEH000008,TSK003863,0
VEH000530,TSK003863,1
VEH000081,TSK003863,0
VEH000304,TSK003863,1
VEH000358,TSK003863,0
VEH000026,TSK003863,1
VEH000430,TSK003863,1
VEH000067,TSK003863,0
VEH000088,TSK003863,0
VEH000417,TSK003863,0
VEH000015,TSK003863,1
VEH000024,TSK003863,1
VEH000250,TSK003863,0
VEH000267,TSK003863,0
VEH000034,TSK003863,1
VEH000532,TSK003863,0
VEH000482,TSK003863,1
VEH000386,TSK003863,1
VEH000389,TSK003863,1
VEH000007,TSK003863,0
VEH000367,TSK003863,0
VEH000230,TSK003863,0
VEH000327,TSK003863,0
VEH000426,TSK003863,1
VEH000073,TSK003863,0
VEH000488,TSK003863,1
VEH000222,TSK003863,0
VEH000047,TSK003863,0
VEH000263,TSK003863,0
VEH000346,TSK003863,0
VEH000292,TSK003866,0
VEH000097,TSK003866,0
VEH000077,TSK003866,1
VEH000251,TSK003866,1
VEH000429,TSK003866,0
VEH000036,TSK003866,1
VEH000525,TSK003866,1
VEH000320,TSK003866,1
VEH000313,TSK003866,1
VEH000312,TSK003866,0
VEH000299,TSK003866,1
VEH000298,TSK003866,0
VEH000431,TSK003866,0
VEH000246,TSK003866,0
VEH000061,TSK003866,1
VEH000096,TSK003866,1
VEH000059,TSK003866,1
VEH000336,TSK003866,0
VEH000284,TSK003866,1
VEH000397,TSK003866,1
VEH000334,TSK003866,0
VEH000259,TSK003866,0
VEH000527,TSK003866,1
VEH000031,TSK003866,0
VEH000348,TSK003866,1
VEH000271,TSK003866,0
VEH000089,TSK003866,0
VEH000385,TSK003866,0
VEH000414,TSK003866,0
VEH000060,TSK003866,1
VEH000468,TSK003866,0
VEH000269,TSK003866,1
VEH000459,TSK003866,1
VEH000528,TSK003866,1
VEH000406,TSK003866,0
VEH000229,TSK003866,1
VEH000379,TSK003866,0
VEH000003,TSK003866,0
VEH000028,TSK003866,0
VEH000100,TSK003866,1
VEH000335,TSK003866,1
VEH000048,TSK003866,1
VEH000368,TSK003866,1
VEH000309,TSK003866,0
VEH000499,TSK003866,1
VEH000225,TSK003866,0
VEH000330,TSK003866,1
VEH000279,TSK003866,1
VEH000341,TSK003866,1
VEH000049,TSK003866,1
VEH000344,TSK003866,0
VEH000042,TSK003866,0
VEH000311,TSK003866,0
VEH000287,TSK003866,1
VEH000421,TSK003866,0
VEH000516,TSK003866,0
VEH000510,TSK003866,1
VEH000084,TSK003866,0
VEH000266,TSK003866,0
VEH000051,TSK003866,0
VEH000016,TSK003866,0
VEH000526,TSK003866,1
VEH000247,TSK003866,1
VEH000252,TSK003866,0
VEH000314,TSK003866,0
VEH000242,TSK003866,0
VEH000433,TSK003866,1
VEH000366,TSK003866,1
VEH000318,TSK003866,1
VEH000290,TSK003866,0
VEH000008,TSK003866,0
VEH000530,TSK003866,0
VEH000081,TSK003866,0
VEH000304,TSK003866,0
VEH000358,TSK003866,1
VEH000026,TSK003866,0
VEH000430,TSK003866,0
VEH000067,TSK003866,1
VEH000088,TSK003866,0
VEH000417,TSK003866,0
VEH000015,TSK003866,1
VEH000024,TSK003866,0
VEH000250,TSK003866,1
VEH000267,TSK003866,1
VEH000034,TSK003866,0
VEH000532,TSK003866,0
VEH000482,TSK003866,1
VEH000386,TSK003866,0
VEH000389,TSK003866,1
VEH000007,TSK003866,1
VEH000367,TSK003866,1
VEH000230,TSK003866,0
VEH000327,TSK003866,0
VEH000426,TSK003866,1
VEH000073,TSK003866,0
VEH000488,TSK003866,1
VEH000222,TSK003866,1
VEH000047,TSK003866,1
VEH000263,TSK003866,1
VEH000346,TSK003866,1
VEH000292,TSK003914,0
VEH000097,TSK003914,0
VEH000077,TSK003914,1
VEH000251,TSK003914,0
VEH000429,TSK003914,0
VEH000036,TSK003914,0
VEH000525,TSK003914,0
VEH000320,TSK003914,0
VEH000313,TSK003914,1
VEH000312,TSK003914,0
VEH000299,TSK003914,1
VEH000298,TSK003914,1
VEH000431,TSK003914,0
VEH000246,TSK003914,1
VEH000061,TSK003914,1
VEH000096,TSK003914,1
VEH000059,TSK003914,1
VEH000336,TSK003914,0
VEH000284,TSK003914,1
VEH000397,TSK003914,1
VEH000334,TSK003914,1
VEH000259,TSK003914,1
VEH000527,TSK003914,0
VEH000031,TSK003914,1
VEH000348,TSK003914,1
VEH000271,TSK003914,0
VEH000089,TSK003914,1
VEH000385,TSK003914,1
VEH000414,TSK003914,1
VEH000060,TSK003914,1
VEH000468,TSK003914,0
VEH000269,TSK003914,0
VEH000459,TSK003914,0
VEH000528,TSK003914,1
VEH000406,TSK003914,0
VEH000229,TSK003914,1
VEH000379,TSK003914,0
VEH000003,TSK003914,1
VEH000028,TSK003914,0
VEH000100,TSK003914,1
VEH000335,TSK003914,1
VEH000048,TSK003914,1
VEH000368,TSK003914,0
VEH000309,TSK003914,0
VEH000499,TSK003914,1
VEH000225,TSK003914,0
VEH000330,TSK003914,0
VEH000279,TSK003914,1
VEH000341,TSK003914,0
VEH000049,TSK003914,1
VEH000344,TSK003914,0
VEH000042,TSK003914,1
VEH000311,TSK003914,1
VEH000287,TSK003914,1
VEH000421,TSK003914,0
VEH000516,TSK003914,1
VEH000510,TSK003914,0
VEH000084,TSK003914,1
VEH000266,TSK003914,0
VEH000051,TSK003914,1
VEH000016,TSK003914,1
VEH000526,TSK003914,0
VEH000247,TSK003914,1
VEH000252,TSK003914,1
VEH000314,TSK003914,1
VEH000242,TSK003914,0
VEH000433,TSK003914,0
VEH000366,TSK003914,0
VEH000318,TSK003914,1
VEH000290,TSK003914,1
VEH000008,TSK003914,0
VEH000530,TSK003914,1
VEH000081,TSK003914,0
VEH000304,TSK003914,0
VEH000358,TSK003914,0
VEH000026,TSK003914,1
VEH000430,TSK003914,0
VEH000067,TSK003914,0
VEH000088,TSK003914,0
VEH000417,TSK003914,1
VEH000015,TSK003914,0
VEH000024,TSK003914,0
VEH000250,TSK003914,0
VEH000267,TSK003914,0
VEH000034,TSK003914,0
VEH000532,TSK003914,1
VEH000482,TSK003914,1
VEH000386,TSK003914,1
VEH000389,TSK003914,0
VEH000007,TSK003914,1
VEH000367,TSK003914,0
VEH000230,TSK003914,0
VEH000327,TSK003914,1
VEH000426,TSK003914,0
VEH000073,TSK003914,1
VEH000488,TSK003914,0
VEH000222,TSK003914,1
VEH000047,TSK003914,0
VEH000263,TSK003914,1
VEH000346,TSK003914,0
VEH000292,TSK003953,0
VEH000097,TSK003953,1
VEH000077,TSK003953,0
VEH000251,TSK003953,1
VEH000429,TSK003953,0
VEH000036,TSK003953,1
VEH000525,TSK003953,1
VEH000320,TSK003953,1
VEH000313,TSK003953,0
VEH000312,TSK003953,0
VEH000299,TSK003953,0
VEH000298,TSK003953,1
VEH000431,TSK003953,1
VEH000246,TSK003953,0
VEH000061,TSK003953,0
VEH000096,TSK003953,1
VEH000059,TSK003953,0
VEH000336,TSK003953,0
VEH000284,TSK003953,0
VEH000397,TSK003953,1
VEH000334,TSK003953,0
VEH000259,TSK003953,0
VEH000527,TSK003953,0
VEH000031,TSK003953,0
VEH000348,TSK003953,0
VEH000271,TSK003953,0
VEH000089,TSK003953,1
VEH000385,TSK003953,1
VEH000414,TSK003953,1
VEH000060,TSK003953,0
VEH000468,TSK003953,1
VEH000269,TSK003953,1
VEH000459,TSK003953,0
VEH000528,TSK003953,0
VEH000406,TSK003953,1
VEH000229,TSK003953,1
VEH000379,TSK003953,0
VEH000003,TSK003953,0
VEH000028,TSK003953,0
VEH000100,TSK003953,0
VEH000335,TSK003953,1
VEH000048,TSK003953,1
VEH000368,TSK003953,0
VEH000309,TSK003953,0
VEH000499,TSK003953,1
VEH000225,TSK003953,1
VEH000330,TSK003953,0
VEH000279,TSK003953,1
VEH000341,TSK003953,1
VEH000049,TSK003953,1
VEH000344,TSK003953,1
VEH000042,TSK003953,0
VEH000311,TSK003953,1
VEH000287,TSK003953,1
VEH000421,TSK003953,0
VEH000516,TSK003953,1
VEH000510,TSK003953,1
VEH000084,TSK003953,1
VEH000266,TSK003953,0
VEH000051,TSK003953,0
VEH000016,TSK003953,1
VEH000526,TSK003953,1
VEH000247,TSK003953,0
VEH000252,TSK003953,1
VEH000314,TSK003953,0
VEH000242,TSK003953,0
VEH000433,TSK003953,1
VEH000366,TSK003953,0
VEH000318,TSK003953,1
VEH000290,TSK003953,1
VEH000008,TSK003953,1
VEH000530,TSK003953,1
VEH000081,TSK003953,0
VEH000304,TSK003953,1
VEH000358,TSK003953,0
VEH000026,TSK003953,1
VEH000430,TSK003953,1
VEH000067,TSK003953,1
VEH000088,TSK003953,0
VEH000417,TSK003953,0
VEH000015,TSK003953,1
VEH000024,TSK003953,1
VEH000250,TSK003953,0
VEH000267,TSK003953,1
VEH000034,TSK003953,0
VEH000532,TSK003953,1
VEH000482,TSK003953,0
VEH000386,TSK003953,0
VEH000389,TSK003953,0
VEH000007,TSK003953,0
VEH000367,TSK003953,1
VEH000230,TSK003953,0
VEH000327,TSK003953,0
VEH000426,TSK003953,0
VEH000073,TSK003953,1
VEH000488,TSK003953,1
VEH000222,TSK003953,1
VEH000047,TSK003953,0
VEH000263,TSK003953,1
VEH000346,TSK003953,0
VEH000292,TSK003993,1
VEH000097,TSK003993,0
VEH000077,TSK003993,1
VEH000251,TSK003993,0
VEH000429,TSK003993,1
VEH000036,TSK003993,1
VEH000525,TSK003993,0
VEH000320,TSK003993,0
VEH000313,TSK003993,0
VEH000312,TSK003993,1
VEH000299,TSK003993,1
VEH000298,TSK003993,0
VEH000431,TSK003993,1
VEH000246,TSK003993,1
VEH000061,TSK003993,1
VEH000096,TSK003993,0
VEH000059,TSK003993,0
VEH000336,TSK003993,1
VEH000284,TSK003993,1
VEH000397,TSK003993,0
VEH000334,TSK003993,0
VEH000259,TSK003993,1
VEH000527,TSK003993,0
VEH000031,TSK003993,0
VEH000348,TSK003993,1
VEH000271,TSK003993,0
VEH000089,TSK003993,1
VEH000385,TSK003993,0
VEH000414,TSK003993,1
VEH000060,TSK003993,1
VEH000468,TSK003993,1
VEH000269,TSK003993,1
VEH000459,TSK003993,0
VEH000528,TSK003993,0
VEH000406,TSK003993,0
VEH000229,TSK003993,1
VEH000379,TSK003993,0
VEH000003,TSK003993,1
VEH000028,TSK003993,1
VEH000100,TSK003993,0
VEH000335,TSK003993,0
VEH000048,TSK003993,1
VEH000368,TSK003993,0
VEH000309,TSK003993,0
VEH000499,TSK003993,0
VEH000225,TSK003993,1
VEH000330,TSK003993,0
VEH000279,TSK003993,1
VEH000341,TSK003993,1
VEH000049,TSK003993,0
VEH000344,TSK003993,0
VEH000042,TSK003993,1
VEH000311,TSK003993,1
VEH000287,TSK003993,1
VEH000421,TSK003993,1
VEH000516,TSK003993,0
VEH000510,TSK003993,0
VEH000084,TSK003993,1
VEH000266,TSK003993,1
VEH000051,TSK003993,1
VEH000016,TSK003993,0
VEH000526,TSK003993,1
VEH000247,TSK003993,0
VEH000252,TSK003993,0
VEH000314,TSK003993,0
VEH000242,TSK003993,0
VEH000433,TSK003993,0
VEH000366,TSK003993,1
VEH000318,TSK003993,1
VEH000290,TSK003993,0
VEH000008,TSK003993,1
VEH000530,TSK003993,1
VEH000081,TSK003993,1
VEH000304,TSK003993,1
VEH000358,TSK003993,0
VEH000026,TSK003993,0
VEH000430,TSK003993,1
VEH000067,TSK003993,0
VEH000088,TSK003993,1
VEH000417,TSK003993,0
VEH000015,TSK003993,1
VEH000024,TSK003993,0
VEH000250,TSK003993,1
VEH000267,TSK003993,0
VEH000034,TSK003993,0
VEH000532,TSK003993,0
VEH000482,TSK003993,0
VEH000386,TSK003993,0
VEH000389,TSK003993,1
VEH000007,TSK003993,1
VEH000367,TSK003993,0
VEH000230,TSK003993,1
VEH000327,TSK003993,0
VEH000426,TSK003993,1
VEH000073,TSK003993,0
VEH000488,TSK003993,1
VEH000222,TSK003993,0
VEH000047,TSK003993,1
VEH000263,TSK003993,1
VEH000346,TSK003993,0
VEH000292,TSK004012,1
VEH000097,TSK004012,1
VEH000077,TSK004012,0
VEH000251,TSK004012,0
VEH000429,TSK004012,0
VEH000036,TSK004012,1
VEH000525,TSK004012,0
VEH000320,TSK004012,1
VEH000313,TSK004012,1
VEH000312,TSK004012,1
VEH000299,TSK004012,0
VEH000298,TSK004012,0
VEH000431,TSK004012,0
VEH000246,TSK004012,0
VEH000061,TSK004012,0
VEH000096,TSK004012,0
VEH000059,TSK004012,0
VEH000336,TSK004012,1
VEH000284,TSK004012,0
VEH000397,TSK004012,1
VEH000334,TSK004012,1
VEH000259,TSK004012,0
VEH000527,TSK004012,0
VEH000031,TSK004012,1
VEH000348,TSK004012,1
VEH000271,TSK004012,1
VEH000089,TSK004012,1
VEH000385,TSK004012,0
VEH000414,TSK004012,1
VEH000060,TSK004012,1
VEH000468,TSK004012,1
VEH000269,TSK004012,1
VEH000459,TSK004012,1
VEH000528,TSK004012,1
VEH000406,TSK004012,0
VEH000229,TSK004012,1
VEH000379,TSK004012,0
VEH000003,TSK004012,0
VEH000028,TSK004012,0
VEH000100,TSK004012,0
VEH000335,TSK004012,1
VEH000048,TSK004012,1
VEH000368,TSK004012,1
VEH000309,TSK004012,0
VEH000499,TSK004012,0
VEH000225,TSK004012,0
VEH000330,TSK004012,1
VEH000279,TSK004012,0
VEH000341,TSK004012,1
VEH000049,TSK004012,1
VEH000344,TSK004012,0
VEH000042,TSK004012,1
VEH000311,TSK004012,0
VEH000287,TSK004012,0
VEH000421,TSK004012,0
VEH000516,TSK004012,1
VEH000510,TSK004012,0
VEH000084,TSK004012,1
VEH000266,TSK004012,0
VEH000051,TSK004012,0
VEH000016,TSK004012,0
VEH000526,TSK004012,1
VEH000247,TSK004012,0
VEH000252,TSK004012,1
VEH000314,TSK004012,1
VEH000242,TSK004012,0
VEH000433,TSK004012,0
VEH000366,TSK004012,0
VEH000318,TSK004012,0
VEH000290,TSK004012,1
VEH000008,TSK004012,1
VEH000530,TSK004012,1
VEH000081,TSK004012,1
VEH000304,TSK004012,0
VEH000358,TSK004012,0
VEH000026,TSK004012,1
VEH000430,TSK004012,0
VEH000067,TSK004012,1
VEH000088,TSK004012,1
VEH000417,TSK004012,0
VEH000015,TSK004012,0
VEH000024,TSK004012,0
VEH000250,TSK004012,1
VEH000267,TSK004012,0
VEH000034,TSK004012,1
VEH000532,TSK004012,0
VEH000482,TSK004012,1
VEH000386,TSK004012,1
VEH000389,TSK004012,1
VEH000007,TSK004012,0
VEH000367,TSK004012,1
VEH000230,TSK004012,0
VEH000327,TSK004012,1
VEH000426,TSK004012,0
VEH000073,TSK004012,1
VEH000488,TSK004012,1
VEH000222,TSK004012,1
VEH000047,TSK004012,1
VEH000263,TSK004012,0
VEH000346,TSK004012,0
VEH000292,TSK004069,0
VEH000097,TSK004069,1
VEH000077,TSK004069,1
VEH000251,TSK004069,0
VEH000429,TSK004069,0
VEH000036,TSK004069,1
VEH000525,TSK004069,1
VEH000320,TSK004069,0
VEH000313,TSK004069,0
VEH000312,TSK004069,1
VEH000299,TSK004069,0
VEH000298,TSK004069,1
VEH000431,TSK004069,0
VEH000246,TSK004069,0
VEH000061,TSK004069,0
VEH000096,TSK004069,0
VEH000059,TSK004069,0
VEH000336,TSK004069,1
VEH000284,TSK004069,1
VEH000397,TSK004069,1
VEH000334,TSK004069,0
VEH000259,TSK004069,1
VEH000527,TSK004069,1
VEH000031,TSK004069,0
VEH000348,TSK004069,0
VEH000271,TSK004069,0
VEH000089,TSK004069,0
VEH000385,TSK004069,0
VEH000414,TSK004069,0
VEH000060,TSK004069,1
VEH000468,TSK004069,0
VEH000269,TSK004069,1
VEH000459,TSK004069,1
VEH000528,TSK004069,1
VEH000406,TSK004069,0
VEH000229,TSK004069,0
VEH000379,TSK004069,0
VEH000003,TSK004069,1
VEH000028,TSK004069,1
VEH000100,TSK004069,1
VEH000335,TSK004069,1
VEH000048,TSK004069,0
VEH000368,TSK004069,0
VEH000309,TSK004069,1
VEH000499,TSK004069,0
VEH000225,TSK004069,1
VEH000330,TSK004069,1
VEH000279,TSK004069,1
VEH000341,TSK004069,0
VEH000049,TSK004069,0
VEH000344,TSK004069,1
VEH000042,TSK004069,1
VEH000311,TSK004069,0
VEH000287,TSK004069,1
VEH000421,TSK004069,1
VEH000516,TSK004069,1
VEH000510,TSK004069,1
VEH000084,TSK004069,0
VEH000266,TSK004069,0
VEH000051,TSK004069,0
VEH000016,TSK004069,0
VEH000526,TSK004069,1
VEH000247,TSK004069,1
VEH000252,TSK004069,1
VEH000314,TSK004069,0
VEH000242,TSK004069,1
VEH000433,TSK004069,0
VEH000366,TSK004069,0
VEH000318,TSK004069,1
VEH000290,TSK004069,0
VEH000008,TSK004069,1
VEH000530,TSK004069,1
VEH000081,TSK004069,1
VEH000304,TSK004069,0
VEH000358,TSK004069,1
VEH000026,TSK004069,0
VEH000430,TSK004069,1
VEH000067,TSK004069,1
VEH000088,TSK004069,1
VEH000417,TSK004069,0
VEH000015,TSK004069,1
VEH000024,TSK004069,1
VEH000250,TSK004069,1
VEH000267,TSK004069,1
VEH000034,TSK004069,0
VEH000532,TSK004069,0
VEH000482,TSK004069,1
VEH000386,TSK004069,0
VEH000389,TSK004069,0
VEH000007,TSK004069,1
VEH000367,TSK004069,1
VEH000230,TSK004069,0
VEH000327,TSK004069,0
VEH000426,TSK004069,1
VEH000073,TSK004069,0
VEH000488,TSK004069,0
VEH000222,TSK004069,0
VEH000047,TSK004069,0
VEH000263,TSK004069,0
VEH000346,TSK004069,1
VEH000292,TSK004109,1
VEH000097,TSK004109,1
VEH000077,TSK004109,1
VEH000251,TSK004109,0
VEH000429,TSK004109,1
VEH000036,TSK004109,0
VEH000525,TSK004109,0
VEH000320,TSK004109,1
VEH000313,TSK004109,0
VEH000312,TSK004109,1
VEH000299,TSK004109,0
VEH000298,TSK004109,1
VEH000431,TSK004109,0
VEH000246,TSK004109,0
VEH000061,TSK004109,0
VEH000096,TSK004109,0
VEH000059,TSK004109,1
VEH000336,TSK004109,1
VEH000284,TSK004109,0
VEH000397,TSK004109,0
VEH000334,TSK004109,0
VEH000259,TSK004109,1
VEH000527,TSK004109,0
VEH000031,TSK004109,1
VEH000348,TSK004109,0
VEH000271,TSK004109,1
VEH000089,TSK004109,1
VEH000385,TSK004109,0
VEH000414,TSK004109,0
VEH000060,TSK004109,1
VEH000468,TSK004109,1
VEH000269,TSK004109,0
VEH000459,TSK004109,1
VEH000528,TSK004109,0
VEH000406,TSK004109,1
VEH000229,TSK004109,1
VEH000379,TSK004109,1
VEH000003,TSK004109,1
VEH000028,TSK004109,0
VEH000100,TSK004109,0
VEH000335,TSK004109,0
VEH000048,TSK004109,0
VEH000368,TSK004109,1
VEH000309,TSK004109,1
VEH000499,TSK004109,1
VEH000225,TSK004109,0
VEH000330,TSK004109,0
VEH000279,TSK004109,1
VEH000341,TSK004109,0
VEH000049,TSK004109,0
VEH000344,TSK004109,1
VEH000042,TSK004109,1
VEH000311,TSK004109,1
VEH000287,TSK004109,0
VEH000421,TSK004109,1
VEH000516,TSK004109,0
VEH000510,TSK004109,0
VEH000084,TSK004109,1
VEH000266,TSK004109,0
VEH000051,TSK004109,1
VEH000016,TSK004109,1
VEH000526,TSK004109,0
VEH000247,TSK004109,1
VEH000252,TSK004109,0
VEH000314,TSK004109,1
VEH000242,TSK004109,1
VEH000433,TSK004109,1
VEH000366,TSK004109,0
VEH000318,TSK004109,1
VEH000290,TSK004109,0
VEH000008,TSK004109,0
VEH000530,TSK004109,0
VEH000081,TSK004109,1
VEH000304,TSK004109,0
VEH000358,TSK004109,0
VEH000026,TSK004109,1
VEH000430,TSK004109,0
VEH000067,TSK004109,1
VEH000088,TSK004109,0
VEH000417,TSK004109,1
VEH000015,TSK004109,0
VEH000024,TSK004109,0
VEH000250,TSK004109,0
VEH000267,TSK004109,1
VEH000034,TSK004109,1
VEH000532,TSK004109,0
VEH000482,TSK004109,0
VEH000386,TSK004109,0
VEH000389,TSK004109,1
VEH000007,TSK004109,1
VEH000367,TSK004109,1
VEH000230,TSK004109,0
VEH000327,TSK004109,1
VEH000426,TSK004109,1
VEH000073,TSK004109,0
VEH000488,TSK004109,1
VEH000222,TSK004109,0
VEH000047,TSK004109,1
VEH000263,TSK004109,0
VEH000346,TSK004109,1
VEH000292,TSK004115,1
VEH000097,TSK004115,0
VEH000077,TSK004115,0
VEH000251,TSK004115,0
VEH000429,TSK004115,1
VEH000036,TSK004115,0
VEH000525,TSK004115,1
VEH000320,TSK004115,1
VEH000313,TSK004115,0
VEH000312,TSK004115,1
VEH000299,TSK004115,1
VEH000298,TSK004115,1
VEH000431,TSK004115,1
VEH000246,TSK004115,1
VEH000061,TSK004115,1
VEH000096,TSK004115,0
VEH000059,TSK004115,0
VEH000336,TSK004115,1
VEH000284,TSK004115,0
VEH000397,TSK004115,0
VEH000334,TSK004115,0
VEH000259,TSK004115,0
VEH000527,TSK004115,1
VEH000031,TSK004115,0
VEH000348,TSK004115,0
VEH000271,TSK004115,0
VEH000089,TSK004115,1
VEH000385,TSK004115,1
VEH000414,TSK004115,1
VEH000060,TSK004115,0
VEH000468,TSK004115,0
VEH000269,TSK004115,0
VEH000459,TSK004115,1
VEH000528,TSK004115,0
VEH000406,TSK004115,1
VEH000229,TSK004115,0
VEH000379,TSK004115,1
VEH000003,TSK004115,0
VEH000028,TSK004115,0
VEH000100,TSK004115,0
VEH000335,TSK004115,0
VEH000048,TSK004115,1
VEH000368,TSK004115,1
VEH000309,TSK004115,1
VEH000499,TSK004115,0
VEH000225,TSK004115,1
VEH000330,TSK004115,1
VEH000279,TSK004115,1
VEH000341,TSK004115,0
VEH000049,TSK004115,0
VEH000344,TSK004115,1
VEH000042,TSK004115,1
VEH000311,TSK004115,1
VEH000287,TSK004115,1
VEH000421,TSK004115,1
VEH000516,TSK004115,1
VEH000510,TSK004115,1
VEH000084,TSK004115,1
VEH000266,TSK004115,0
VEH000051,TSK004115,1
VEH000016,TSK004115,0
VEH000526,TSK004115,1
VEH000247,TSK004115,1
VEH000252,TSK004115,0
VEH000314,TSK004115,0
VEH000242,TSK004115,0
VEH000433,TSK004115,0
VEH000366,TSK004115,1
VEH000318,TSK004115,1
VEH000290,TSK004115,0
VEH000008,TSK004115,0
VEH000530,TSK004115,0
VEH000081,TSK004115,0
VEH000304,TSK004115,0
VEH000358,TSK004115,1
VEH000026,TSK004115,1
VEH000430,TSK004115,1
VEH000067,TSK004115,0
VEH000088,TSK004115,0
VEH000417,TSK004115,0
VEH000015,TSK004115,0
VEH000024,TSK004115,0
VEH000250,TSK004115,1
VEH000267,TSK004115,0
VEH000034,TSK004115,0
VEH000532,TSK004115,0
VEH000482,TSK004115,0
VEH000386,TSK004115,0
VEH000389,TSK004115,0
VEH000007,TSK004115,1
VEH000367,TSK004115,0
VEH000230,TSK004115,1
VEH000327,TSK004115,1
VEH000426,TSK004115,1
VEH000073,TSK004115,1
VEH000488,TSK004115,0
VEH000222,TSK004115,1
VEH000047,TSK004115,1
VEH000263,TSK004115,1
VEH000346,TSK004115,1
VEH000292,TSK004125,1
VEH000097,TSK004125,0
VEH000077,TSK004125,1
VEH000251,TSK004125,1
VEH000429,TSK004125,1
VEH000036,TSK004125,1
VEH000525,TSK004125,1
VEH000320,TSK004125,0
VEH000313,TSK004125,0
VEH000312,TSK004125,0
VEH000299,TSK004125,0
VEH000298,TSK004125,0
VEH000431,TSK004125,0
VEH000246,TSK004125,0
VEH000061,TSK004125,0
VEH000096,TSK004125,1
VEH000059,TSK004125,1
VEH000336,TSK004125,1
VEH000284,TSK004125,1
VEH000397,TSK004125,1
VEH000334,TSK004125,1
VEH000259,TSK004125,0
VEH000527,TSK004125,1
VEH000031,TSK004125,1
VEH000348,TSK004125,0
VEH000271,TSK004125,1
VEH000089,TSK004125,0
VEH000385,TSK004125,0
VEH000414,TSK004125,0
VEH000060,TSK004125,1
VEH000468,TSK004125,0
VEH000269,TSK004125,1
VEH000459,TSK004125,0
VEH000528,TSK004125,0
VEH000406,TSK004125,0
VEH000229,TSK004125,1
VEH000379,TSK004125,0
VEH000003,TSK004125,0
VEH000028,TSK004125,0
VEH000100,TSK004125,0
VEH000335,TSK004125,0
VEH000048,TSK004125,1
VEH000368,TSK004125,1
VEH000309,TSK004125,0
VEH000499,TSK004125,1
VEH000225,TSK004125,0
VEH000330,TSK004125,0
VEH000279,TSK004125,0
VEH000341,TSK004125,1
VEH000049,TSK004125,1
VEH000344,TSK004125,0
VEH000042,TSK004125,1
VEH000311,TSK004125,0
VEH000287,TSK004125,1
VEH000421,TSK004125,0
VEH000516,TSK004125,0
VEH000510,TSK004125,0
VEH000084,TSK004125,0
VEH000266,TSK004125,1
VEH000051,TSK004125,0
VEH000016,TSK004125,0
VEH000526,TSK004125,1
VEH000247,TSK004125,0
VEH000252,TSK004125,1
VEH000314,TSK004125,1
VEH000242,TSK004125,0
VEH000433,TSK004125,1
VEH000366,TSK004125,1
VEH000318,TSK004125,0
VEH000290,TSK004125,0
VEH000008,TSK004125,1
VEH000530,TSK004125,0
VEH000081,TSK004125,0
VEH000304,TSK004125,1
VEH000358,TSK004125,1
VEH000026,TSK004125,1
VEH000430,TSK004125,1
VEH000067,TSK004125,0
VEH000088,TSK004125,1
VEH000417,TSK004125,1
VEH000015,TSK004125,1
VEH000024,TSK004125,0
VEH000250,TSK004125,1
VEH000267,TSK004125,1
VEH000034,TSK004125,0
VEH000532,TSK004125,0
VEH000482,TSK004125,1
VEH000386,TSK004125,0
VEH000389,TSK004125,1
VEH000007,TSK004125,1
VEH000367,TSK004125,1
VEH000230,TSK004125,0
VEH000327,TSK004125,0
VEH000426,TSK004125,1
VEH000073,TSK004125,0
VEH000488,TSK004125,1
VEH000222,TSK004125,1
VEH000047,TSK004125,1
VEH000263,TSK004125,0
VEH000346,TSK004125,1
VEH000292,TSK004129,1
VEH000097,TSK004129,0
VEH000077,TSK004129,0
VEH000251,TSK004129,1
VEH000429,TSK004129,0
VEH000036,TSK004129,1
VEH000525,TSK004129,0
VEH000320,TSK004129,0
VEH000313,TSK004129,0
VEH000312,TSK004129,0
VEH000299,TSK004129,1
VEH000298,TSK004129,1
VEH000431,TSK004129,0
VEH000246,TSK004129,1
VEH000061,TSK004129,0
VEH000096,TSK004129,1
VEH000059,TSK004129,0
VEH000336,TSK004129,0
VEH000284,TSK004129,1
VEH000397,TSK004129,0
VEH000334,TSK004129,1
VEH000259,TSK004129,0
VEH000527,TSK004129,0
VEH000031,TSK004129,0
VEH000348,TSK004129,1
VEH000271,TSK004129,1
VEH000089,TSK004129,0
VEH000385,TSK004129,1
VEH000414,TSK004129,1
VEH000060,TSK004129,1
VEH000468,TSK004129,1
VEH000269,TSK004129,1
VEH000459,TSK004129,0
VEH000528,TSK004129,1
VEH000406,TSK004129,1
VEH000229,TSK004129,0
VEH000379,TSK004129,0
VEH000003,TSK004129,0
VEH000028,TSK004129,1
VEH000100,TSK004129,1
VEH000335,TSK004129,1
VEH000048,TSK004129,1
VEH000368,TSK004129,0
VEH000309,TSK004129,0
VEH000499,TSK004129,1
VEH000225,TSK004129,1
VEH000330,TSK004129,1
VEH000279,TSK004129,0
VEH000341,TSK004129,1
VEH000049,TSK004129,0
VEH000344,TSK004129,0
VEH000042,TSK004129,0
VEH000311,TSK004129,0
VEH000287,TSK004129,1
VEH000421,TSK004129,0
VEH000516,TSK004129,0
VEH000510,TSK004129,1
VEH000084,TSK004129,0
VEH000266,TSK004129,1
VEH000051,TSK004129,0
VEH000016,TSK004129,0
VEH000526,TSK004129,0
VEH000247,TSK004129,1
VEH000252,TSK004129,0
VEH000314,TSK004129,0
VEH000242,TSK004129,0
VEH000433,TSK004129,1
VEH000366,TSK004129,1
VEH000318,TSK004129,1
VEH000290,TSK004129,1
VEH000008,TSK004129,0
VEH000530,TSK004129,1
VEH000081,TSK004129,0
VEH000304,TSK004129,1
VEH000358,TSK004129,1
VEH000026,TSK004129,1
VEH000430,TSK004129,0
VEH000067,TSK004129,1
VEH000088,TSK004129,1
VEH000417,TSK004129,0
VEH000015,TSK004129,1
VEH000024,TSK004129,0
VEH000250,TSK004129,0
VEH000267,TSK004129,0
VEH000034,TSK004129,1
VEH000532,TSK004129,0
VEH000482,TSK004129,0
VEH000386,TSK004129,1
VEH000389,TSK004129,0
VEH000007,TSK004129,1
VEH000367,TSK004129,1
VEH000230,TSK004129,0
VEH000327,TSK004129,1
VEH000426,TSK004129,1
VEH000073,TSK004129,1
VEH000488,TSK004129,0
VEH000222,TSK004129,1
VEH000047,TSK004129,0
VEH000263,TSK004129,1
VEH000346,TSK004129,0
VEH000292,TSK004164,0
VEH000097,TSK004164,0
VEH000077,TSK004164,0
VEH000251,TSK004164,1
VEH000429,TSK004164,0
VEH000036,TSK004164,0
VEH000525,TSK004164,1
VEH000320,TSK004164,1
VEH000313,TSK004164,0
VEH000312,TSK004164,1
VEH000299,TSK004164,1
VEH000298,TSK004164,1
VEH000431,TSK004164,0
VEH000246,TSK004164,1
VEH000061,TSK004164,1
VEH000096,TSK004164,0
VEH000059,TSK004164,1
VEH000336,TSK004164,0
VEH000284,TSK004164,1
VEH000397,TSK004164,1
VEH000334,TSK004164,1
VEH000259,TSK004164,0
VEH000527,TSK004164,0
VEH000031,TSK004164,0
VEH000348,TSK004164,0
VEH000271,TSK004164,1
VEH000089,TSK004164,0
VEH000385,TSK004164,0
VEH000414,TSK004164,1
VEH000060,TSK004164,0
VEH000468,TSK004164,1
VEH000269,TSK004164,1
VEH000459,TSK004164,0
VEH000528,TSK004164,1
VEH000406,TSK004164,1
VEH000229,TSK004164,1
VEH000379,TSK004164,1
VEH000003,TSK004164,0
VEH000028,TSK004164,1
VEH000100,TSK004164,0
VEH000335,TSK004164,1
VEH000048,TSK004164,1
VEH000368,TSK004164,1
VEH000309,TSK004164,1
VEH000499,TSK004164,0
VEH000225,TSK004164,1
VEH000330,TSK004164,0
VEH000279,TSK004164,1
VEH000341,TSK004164,0
VEH000049,TSK004164,0
VEH000344,TSK004164,0
VEH000042,TSK004164,0
VEH000311,TSK004164,0
VEH000287,TSK004164,1
VEH000421,TSK004164,0
VEH000516,TSK004164,0
VEH000510,TSK004164,0
VEH000084,TSK004164,0
VEH000266,TSK004164,0
VEH000051,TSK004164,0
VEH000016,TSK004164,1
VEH000526,TSK004164,0
VEH000247,TSK004164,0
VEH000252,TSK004164,1
VEH000314,TSK004164,0
VEH000242,TSK004164,1
VEH000433,TSK004164,1
VEH000366,TSK004164,1
VEH000318,TSK004164,0
VEH000290,TSK004164,0
VEH000008,TSK004164,0
VEH000530,TSK004164,0
VEH000081,TSK004164,1
VEH000304,TSK004164,1
VEH000358,TSK004164,0
VEH000026,TSK004164,1
VEH000430,TSK004164,0
VEH000067,TSK004164,1
VEH000088,TSK004164,1
VEH000417,TSK004164,1
VEH000015,TSK004164,1
VEH000024,TSK004164,1
VEH000250,TSK004164,0
VEH000267,TSK004164,0
VEH000034,TSK004164,1
VEH000532,TSK004164,0
VEH000482,TSK004164,1
VEH000386,TSK004164,1
VEH000389,TSK004164,1
VEH000007,TSK004164,0
VEH000367,TSK004164,0
VEH000230,TSK004164,0
VEH000327,TSK004164,1
VEH000426,TSK004164,1
VEH000073,TSK004164,0
VEH000488,TSK004164,0
VEH000222,TSK004164,1
VEH000047,TSK004164,1
VEH000263,TSK004164,0
VEH000346,TSK004164,1
VEH000292,TSK004175,0
VEH000097,TSK004175,0
VEH000077,TSK004175,0
VEH000251,TSK004175,1
VEH000429,TSK004175,1
VEH000036,TSK004175,1
VEH000525,TSK004175,1
VEH000320,TSK004175,0
VEH000313,TSK004175,0
VEH000312,TSK004175,1
VEH000299,TSK004175,1
VEH000298,TSK004175,1
VEH000431,TSK004175,1
VEH000246,TSK004175,1
VEH000061,TSK004175,0
VEH000096,TSK004175,1
VEH000059,TSK004175,0
VEH000336,TSK004175,0
VEH000284,TSK004175,1
VEH000397,TSK004175,0
VEH000334,TSK004175,0
VEH000259,TSK004175,1
VEH000527,TSK004175,1
VEH000031,TSK004175,0
VEH000348,TSK004175,0
VEH000271,TSK004175,0
VEH000089,TSK004175,1
VEH000385,TSK004175,0
VEH000414,TSK004175,1
VEH000060,TSK004175,1
VEH000468,TSK004175,0
VEH000269,TSK004175,1
VEH000459,TSK004175,1
VEH000528,TSK004175,1
VEH000406,TSK004175,1
VEH000229,TSK004175,0
VEH000379,TSK004175,0
VEH000003,TSK004175,1
VEH000028,TSK004175,0
VEH000100,TSK004175,1
VEH000335,TSK004175,0
VEH000048,TSK004175,0
VEH000368,TSK004175,0
VEH000309,TSK004175,0
VEH000499,TSK004175,0
VEH000225,TSK004175,0
VEH000330,TSK004175,0
VEH000279,TSK004175,1
VEH000341,TSK004175,0
VEH000049,TSK004175,1
VEH000344,TSK004175,0
VEH000042,TSK004175,0
VEH000311,TSK004175,0
VEH000287,TSK004175,1
VEH000421,TSK004175,1
VEH000516,TSK004175,0
VEH000510,TSK004175,1
VEH000084,TSK004175,1
VEH000266,TSK004175,1
VEH000051,TSK004175,0
VEH000016,TSK004175,1
VEH000526,TSK004175,1
VEH000247,TSK004175,0
VEH000252,TSK004175,0
VEH000314,TSK004175,0
VEH000242,TSK004175,0
VEH000433,TSK004175,0
VEH000366,TSK004175,0
VEH000318,TSK004175,0
VEH000290,TSK004175,1
VEH000008,TSK004175,1
VEH000530,TSK004175,0
VEH000081,TSK004175,1
VEH000304,TSK004175,1
VEH000358,TSK004175,1
VEH000026,TSK004175,1
VEH000430,TSK004175,0
VEH000067,TSK004175,1
VEH000088,TSK004175,1
VEH000417,TSK004175,0
VEH000015,TSK004175,1
VEH000024,TSK004175,1
VEH000250,TSK004175,1
VEH000267,TSK004175,1
VEH000034,TSK004175,1
VEH000532,TSK004175,0
VEH000482,TSK004175,0
VEH000386,TSK004175,0
VEH000389,TSK004175,0
VEH000007,TSK004175,0
VEH000367,TSK004175,1
VEH000230,TSK004175,1
VEH000327,TSK004175,0
VEH000426,TSK004175,0
VEH000073,TSK004175,1
VEH000488,TSK004175,1
VEH000222,TSK004175,1
VEH000047,TSK004175,0
VEH000263,TSK004175,1
VEH000346,TSK004175,0
VEH000292,TSK004223,1
VEH000097,TSK004223,0
VEH000077,TSK004223,1
VEH000251,TSK004223,0
VEH000429,TSK004223,0
VEH000036,TSK004223,1
VEH000525,TSK004223,0
VEH000320,TSK004223,1
VEH000313,TSK004223,0
VEH000312,TSK004223,0
VEH000299,TSK004223,0
VEH000298,TSK004223,0
VEH000431,TSK004223,1
VEH000246,TSK004223,0
VEH000061,TSK004223,1
VEH000096,TSK004223,1
VEH000059,TSK004223,0
VEH000336,TSK004223,0
VEH000284,TSK004223,1
VEH000397,TSK004223,0
VEH000334,TSK004223,0
VEH000259,TSK004223,1
VEH000527,TSK004223,1
VEH000031,TSK004223,0
VEH000348,TSK004223,1
VEH000271,TSK004223,0
VEH000089,TSK004223,0
VEH000385,TSK004223,0
VEH000414,TSK004223,0
VEH000060,TSK004223,1
VEH000468,TSK004223,0
VEH000269,TSK004223,0
VEH000459,TSK004223,1
VEH000528,TSK004223,1
VEH000406,TSK004223,0
VEH000229,TSK004223,1
VEH000379,TSK004223,0
VEH000003,TSK004223,1
VEH000028,TSK004223,0
VEH000100,TSK004223,0
VEH000335,TSK004223,0
VEH000048,TSK004223,0
VEH000368,TSK004223,1
VEH000309,TSK004223,1
VEH000499,TSK004223,1
VEH000225,TSK004223,0
VEH000330,TSK004223,1
VEH000279,TSK004223,1
VEH000341,TSK004223,0
VEH000049,TSK004223,0
VEH000344,TSK004223,0
VEH000042,TSK004223,1
VEH000311,TSK004223,0
VEH000287,TSK004223,0
VEH000421,TSK004223,0
VEH000516,TSK004223,1
VEH000510,TSK004223,1
VEH000084,TSK004223,1
VEH000266,TSK004223,1
VEH000051,TSK004223,1
VEH000016,TSK004223,1
VEH000526,TSK004223,0
VEH000247,TSK004223,1
VEH000252,TSK004223,1
VEH000314,TSK004223,1
VEH000242,TSK004223,0
VEH000433,TSK004223,1
VEH000366,TSK004223,1
VEH000318,TSK004223,1
VEH000290,TSK004223,0
VEH000008,TSK004223,0
VEH000530,TSK004223,0
VEH000081,TSK004223,0
VEH000304,TSK004223,1
VEH000358,TSK004223,1
VEH000026,TSK004223,0
VEH000430,TSK004223,0
VEH000067,TSK004223,1
VEH000088,TSK004223,0
VEH000417,TSK004223,0
VEH000015,TSK004223,0
VEH000024,TSK004223,0
VEH000250,TSK004223,1
VEH000267,TSK004223,0
VEH000034,TSK004223,1
VEH000532,TSK004223,1
VEH000482,TSK004223,1
VEH000386,TSK004223,1
VEH000389,TSK004223,0
VEH000007,TSK004223,1
VEH000367,TSK004223,0
VEH000230,TSK004223,1
VEH000327,TSK004223,1
VEH000426,TSK004223,1
VEH000073,TSK004223,1
VEH000488,TSK004223,1
VEH000222,TSK004223,1
VEH000047,TSK004223,1
VEH000263,TSK004223,0
VEH000346,TSK004223,0
VEH000292,TSK004280,0
VEH000097,TSK004280,0
VEH000077,TSK004280,1
VEH000251,TSK004280,0
VEH000429,TSK004280,0
VEH000036,TSK004280,0
VEH000525,TSK004280,0
VEH000320,TSK004280,1
VEH000313,TSK004280,0
VEH000312,TSK004280,1
VEH000299,TSK004280,0
VEH000298,TSK004280,1
VEH000431,TSK004280,1
VEH000246,TSK004280,1
VEH000061,TSK004280,1
VEH000096,TSK004280,0
VEH000059,TSK004280,1
VEH000336,TSK004280,0
VEH000284,TSK004280,0
VEH000397,TSK004280,0
VEH000334,TSK004280,1
VEH000259,TSK004280,1
VEH000527,TSK004280,1
VEH000031,TSK004280,1
VEH000348,TSK004280,1
VEH000271,TSK004280,1
VEH000089,TSK004280,1
VEH000385,TSK004280,1
VEH000414,TSK004280,1
VEH000060,TSK004280,1
VEH000468,TSK004280,0
VEH000269,TSK004280,0
VEH000459,TSK004280,0
VEH000528,TSK004280,0
VEH000406,TSK004280,0
VEH000229,TSK004280,1
VEH000379,TSK004280,1
VEH000003,TSK004280,1
VEH000028,TSK004280,0
VEH000100,TSK004280,1
VEH000335,TSK004280,0
VEH000048,TSK004280,0
VEH000368,TSK004280,0
VEH000309,TSK004280,0
VEH000499,TSK004280,0
VEH000225,TSK004280,1
VEH000330,TSK004280,1
VEH000279,TSK004280,1
VEH000341,TSK004280,0
VEH000049,TSK004280,1
VEH000344,TSK004280,1
VEH000042,TSK004280,0
VEH000311,TSK004280,1
VEH000287,TSK004280,0
VEH000421,TSK004280,1
VEH000516,TSK004280,1
VEH000510,TSK004280,0
VEH000084,TSK004280,0
VEH000266,TSK004280,0
VEH000051,TSK004280,1
VEH000016,TSK004280,0
VEH000526,TSK004280,1
VEH000247,TSK004280,1
VEH000252,TSK004280,0
VEH000314,TSK004280,1
VEH000242,TSK004280,0
VEH000433,TSK004280,1
VEH000366,TSK004280,1
VEH000318,TSK004280,0
VEH000290,TSK004280,1
VEH000008,TSK004280,1
VEH000530,TSK004280,1
VEH000081,TSK004280,0
VEH000304,TSK004280,0
VEH000358,TSK004280,0
VEH000026,TSK004280,1
VEH000430,TSK004280,0
VEH000067,TSK004280,1
VEH000088,TSK004280,0
VEH000417,TSK004280,0
VEH000015,TSK004280,0
VEH000024,TSK004280,0
VEH000250,TSK004280,0
VEH000267,TSK004280,0
VEH000034,TSK004280,1
VEH000532,TSK004280,0
VEH000482,TSK004280,0
VEH000386,TSK004280,0
VEH000389,TSK004280,1
VEH000007,TSK004280,0
VEH000367,TSK004280,0
VEH000230,TSK004280,1
VEH000327,TSK004280,1
VEH000426,TSK004280,1
VEH000073,TSK004280,1
VEH000488,TSK004280,1
VEH000222,TSK004280,1
VEH000047,TSK004280,0
VEH000263,TSK004280,1
VEH000346,TSK004280,0
VEH000292,TSK004283,1
VEH000097,TSK004283,1
VEH000077,TSK004283,1
VEH000251,TSK004283,1
VEH000429,TSK004283,1
VEH000036,TSK004283,0
VEH000525,TSK004283,0
VEH000320,TSK004283,1
VEH000313,TSK004283,1
VEH000312,TSK004283,0
VEH000299,TSK004283,1
VEH000298,TSK004283,0
VEH000431,TSK004283,1
VEH000246,TSK004283,1
VEH000061,TSK004283,0
VEH000096,TSK004283,1
VEH000059,TSK004283,0
VEH000336,TSK004283,0
VEH000284,TSK004283,0
VEH000397,TSK004283,1
VEH000334,TSK004283,1
VEH000259,TSK004283,0
VEH000527,TSK004283,1
VEH000031,TSK004283,1
VEH000348,TSK004283,0
VEH000271,TSK004283,0
VEH000089,TSK004283,1
VEH000385,TSK004283,1
VEH000414,TSK004283,1
VEH000060,TSK004283,1
VEH000468,TSK004283,0
VEH000269,TSK004283,0
VEH000459,TSK004283,0
VEH000528,TSK004283,0
VEH000406,TSK004283,0
VEH000229,TSK004283,1
VEH000379,TSK004283,1
VEH000003,TSK004283,1
VEH000028,TSK004283,0
VEH000100,TSK004283,1
VEH000335,TSK004283,1
VEH000048,TSK004283,1
VEH000368,TSK004283,1
VEH000309,TSK004283,1
VEH000499,TSK004283,1
VEH000225,TSK004283,0
VEH000330,TSK004283,1
VEH000279,TSK004283,0
VEH000341,TSK004283,1
VEH000049,TSK004283,1
VEH000344,TSK004283,1
VEH000042,TSK004283,1
VEH000311,TSK004283,0
VEH000287,TSK004283,1
VEH000421,TSK004283,1
VEH000516,TSK004283,0
VEH000510,TSK004283,0
VEH000084,TSK004283,0
VEH000266,TSK004283,1
VEH000051,TSK004283,0
VEH000016,TSK004283,0
VEH000526,TSK004283,1
VEH000247,TSK004283,0
VEH000252,TSK004283,0
VEH000314,TSK004283,0
VEH000242,TSK004283,0
VEH000433,TSK004283,0
VEH000366,TSK004283,0
VEH000318,TSK004283,0
VEH000290,TSK004283,1
VEH000008,TSK004283,1
VEH000530,TSK004283,1
VEH000081,TSK004283,1
VEH000304,TSK004283,0
VEH000358,TSK004283,1
VEH000026,TSK004283,0
VEH000430,TSK004283,0
VEH000067,TSK004283,0
VEH000088,TSK004283,0
VEH000417,TSK004283,1
VEH000015,TSK004283,0
VEH000024,TSK004283,0
VEH000250,TSK004283,1
VEH000267,TSK004283,1
VEH000034,TSK004283,1
VEH000532,TSK004283,0
VEH000482,TSK004283,1
VEH000386,TSK004283,0
VEH000389,TSK004283,0
VEH000007,TSK004283,0
VEH000367,TSK004283,1
VEH000230,TSK004283,1
VEH000327,TSK004283,0
VEH000426,TSK004283,0
VEH000073,TSK004283,0
VEH000488,TSK004283,0
VEH000222,TSK004283,0
VEH000047,TSK004283,0
VEH000263,TSK004283,1
VEH000346,TSK004283,0
VEH000292,TSK004288,0
VEH000097,TSK004288,0
VEH000077,TSK004288,1
VEH000251,TSK004288,0
VEH000429,TSK004288,0
VEH000036,TSK004288,0
VEH000525,TSK004288,0
VEH000320,TSK004288,0
VEH000313,TSK004288,0
VEH000312,TSK004288,1
VEH000299,TSK004288,1
VEH000298,TSK004288,0
VEH000431,TSK004288,1
VEH000246,TSK004288,0
VEH000061,TSK004288,1
VEH000096,TSK004288,0
VEH000059,TSK004288,1
VEH000336,TSK004288,1
VEH000284,TSK004288,0
VEH000397,TSK004288,1
VEH000334,TSK004288,0
VEH000259,TSK004288,1
VEH000527,TSK004288,1
VEH000031,TSK004288,0
VEH000348,TSK004288,0
VEH000271,TSK004288,1
VEH000089,TSK004288,1
VEH000385,TSK004288,1
VEH000414,TSK004288,1
VEH000060,TSK004288,0
VEH000468,TSK004288,1
VEH000269,TSK004288,1
VEH000459,TSK004288,1
VEH000528,TSK004288,1
VEH000406,TSK004288,1
VEH000229,TSK004288,1
VEH000379,TSK004288,1
VEH000003,TSK004288,0
VEH000028,TSK004288,1
VEH000100,TSK004288,1
VEH000335,TSK004288,0
VEH000048,TSK004288,0
VEH000368,TSK004288,0
VEH000309,TSK004288,1
VEH000499,TSK004288,0
VEH000225,TSK004288,1
VEH000330,TSK004288,0
VEH000279,TSK004288,0
VEH000341,TSK004288,0
VEH000049,TSK004288,0
VEH000344,TSK004288,0
VEH000042,TSK004288,0
VEH000311,TSK004288,0
VEH000287,TSK004288,1
VEH000421,TSK004288,1
VEH000516,TSK004288,0
VEH000510,TSK004288,1
VEH000084,TSK004288,1
VEH000266,TSK004288,0
VEH000051,TSK004288,0
VEH000016,TSK004288,0
VEH000526,TSK004288,0
VEH000247,TSK004288,0
VEH000252,TSK004288,1
VEH000314,TSK004288,1
VEH000242,TSK004288,1
VEH000433,TSK004288,0
VEH000366,TSK004288,1
VEH000318,TSK004288,1
VEH000290,TSK004288,1
VEH000008,TSK004288,1
VEH000530,TSK004288,1
VEH000081,TSK004288,1
VEH000304,TSK004288,1
VEH000358,TSK004288,0
VEH000026,TSK004288,1
VEH000430,TSK004288,0
VEH000067,TSK004288,0
VEH000088,TSK004288,0
VEH000417,TSK004288,1
VEH000015,TSK004288,0
VEH000024,TSK004288,0
VEH000250,TSK004288,1
VEH000267,TSK004288,0
VEH000034,TSK004288,0
VEH000532,TSK004288,0
VEH000482,TSK004288,1
VEH000386,TSK004288,0
VEH000389,TSK004288,1
VEH000007,TSK004288,1
VEH000367,TSK004288,1
VEH000230,TSK004288,1
VEH000327,TSK004288,0
VEH000426,TSK004288,1
VEH000073,TSK004288,0
VEH000488,TSK004288,1
VEH000222,TSK004288,0
VEH000047,TSK004288,0
VEH000263,TSK004288,1
VEH000346,TSK004288,0
VEH000292,TSK004304,0
VEH000097,TSK004304,1
VEH000077,TSK004304,0
VEH000251,TSK004304,1
VEH000429,TSK004304,0
VEH000036,TSK004304,0
VEH000525,TSK004304,0
VEH000320,TSK004304,0
VEH000313,TSK004304,0
VEH000312,TSK004304,1
VEH000299,TSK004304,0
VEH000298,TSK004304,0
VEH000431,TSK004304,1
VEH000246,TSK004304,0
VEH000061,TSK004304,1
VEH000096,TSK004304,1
VEH000059,TSK004304,0
VEH000336,TSK004304,1
VEH000284,TSK004304,0
VEH000397,TSK004304,0
VEH000334,TSK004304,1
VEH000259,TSK004304,1
VEH000527,TSK004304,1
VEH000031,TSK004304,1
VEH000348,TSK004304,1
VEH000271,TSK004304,1
VEH000089,TSK004304,1
VEH000385,TSK004304,1
VEH000414,TSK004304,1
VEH000060,TSK004304,1
VEH000468,TSK004304,0
VEH000269,TSK004304,1
VEH000459,TSK004304,0
VEH000528,TSK004304,1
VEH000406,TSK004304,1
VEH000229,TSK004304,0
VEH000379,TSK004304,0
VEH000003,TSK004304,1
VEH000028,TSK004304,1
VEH000100,TSK004304,0
VEH000335,TSK004304,0
VEH000048,TSK004304,1
VEH000368,TSK004304,0
VEH000309,TSK004304,1
VEH000499,TSK004304,1
VEH000225,TSK004304,0
VEH000330,TSK004304,1
VEH000279,TSK004304,0
VEH000341,TSK004304,0
VEH000049,TSK004304,1
VEH000344,TSK004304,0
VEH000042,TSK004304,1
VEH000311,TSK004304,0
VEH000287,TSK004304,0
VEH000421,TSK004304,0
VEH000516,TSK004304,0
VEH000510,TSK004304,0
VEH000084,TSK004304,1
VEH000266,TSK004304,0
VEH000051,TSK004304,0
VEH000016,TSK004304,1
VEH000526,TSK004304,0
VEH000247,TSK004304,1
VEH000252,TSK004304,0
VEH000314,TSK004304,1
VEH000242,TSK004304,1
VEH000433,TSK004304,1
VEH000366,TSK004304,0
VEH000318,TSK004304,0
VEH000290,TSK004304,1
VEH000008,TSK004304,1
VEH000530,TSK004304,0
VEH000081,TSK004304,1
VEH000304,TSK004304,1
VEH000358,TSK004304,0
VEH000026,TSK004304,0
VEH000430,TSK004304,1
VEH000067,TSK004304,1
VEH000088,TSK004304,1
VEH000417,TSK004304,1
VEH000015,TSK004304,0
VEH000024,TSK004304,0
VEH000250,TSK004304,1
VEH000267,TSK004304,0
VEH000034,TSK004304,0
VEH000532,TSK004304,1
VEH000482,TSK004304,0
VEH000386,TSK004304,1
VEH000389,TSK004304,1
VEH000007,TSK004304,0
VEH000367,TSK004304,1
VEH000230,TSK004304,0
VEH000327,TSK004304,1
VEH000426,TSK004304,0
VEH000073,TSK004304,0
VEH000488,TSK004304,0
VEH000222,TSK004304,0
VEH000047,TSK004304,1
VEH000263,TSK004304,1
VEH000346,TSK004304,0
VEH000292,TSK004331,1
VEH000097,TSK004331,1
VEH000077,TSK004331,0
VEH000251,TSK004331,1
VEH000429,TSK004331,1
VEH000036,TSK004331,1
VEH000525,TSK004331,1
VEH000320,TSK004331,0
VEH000313,TSK004331,0
VEH000312,TSK004331,0
VEH000299,TSK004331,0
VEH000298,TSK004331,1
VEH000431,TSK004331,1
VEH000246,TSK004331,1
VEH000061,TSK004331,1
VEH000096,TSK004331,1
VEH000059,TSK004331,1
VEH000336,TSK004331,1
VEH000284,TSK004331,0
VEH000397,TSK004331,1
VEH000334,TSK004331,1
VEH000259,TSK004331,1
VEH000527,TSK004331,1
VEH000031,TSK004331,0
VEH000348,TSK004331,0
VEH000271,TSK004331,0
VEH000089,TSK004331,1
VEH000385,TSK004331,0
VEH000414,TSK004331,0
VEH000060,TSK004331,0
VEH000468,TSK004331,0
VEH000269,TSK004331,0
VEH000459,TSK004331,1
VEH000528,TSK004331,0
VEH000406,TSK004331,0
VEH000229,TSK004331,1
VEH000379,TSK004331,1
VEH000003,TSK004331,1
VEH000028,TSK004331,0
VEH000100,TSK004331,0
VEH000335,TSK004331,0
VEH000048,TSK004331,0
VEH000368,TSK004331,0
VEH000309,TSK004331,1
VEH000499,TSK004331,1
VEH000225,TSK004331,0
VEH000330,TSK004331,1
VEH000279,TSK004331,0
VEH000341,TSK004331,0
VEH000049,TSK004331,0
VEH000344,TSK004331,0
VEH000042,TSK004331,1
VEH000311,TSK004331,1
VEH000287,TSK004331,0
VEH000421,TSK004331,1
VEH000516,TSK004331,1
VEH000510,TSK004331,1
VEH000084,TSK004331,0
VEH000266,TSK004331,0
VEH000051,TSK004331,0
VEH000016,TSK004331,1
VEH000526,TSK004331,0
VEH000247,TSK004331,0
VEH000252,TSK004331,0
VEH000314,TSK004331,0
VEH000242,TSK004331,0
VEH000433,TSK004331,1
VEH000366,TSK004331,1
VEH000318,TSK004331,0
VEH000290,TSK004331,1
VEH000008,TSK004331,1
VEH000530,TSK004331,1
VEH000081,TSK004331,1
VEH000304,TSK004331,0
VEH000358,TSK004331,0
VEH000026,TSK004331,0
VEH000430,TSK004331,1
VEH000067,TSK004331,1
VEH000088,TSK004331,0
VEH000417,TSK004331,0
VEH000015,TSK004331,1
VEH000024,TSK004331,1
VEH000250,TSK004331,1
VEH000267,TSK004331,1
VEH000034,TSK004331,1
VEH000532,TSK004331,1
VEH000482,TSK004331,0
VEH000386,TSK004331,0
VEH000389,TSK004331,0
VEH000007,TSK004331,0
VEH000367,TSK004331,1
VEH000230,TSK004331,0
VEH000327,TSK004331,0
VEH000426,TSK004331,1
VEH000073,TSK004331,1
VEH000488,TSK004331,0
VEH000222,TSK004331,1
VEH000047,TSK004331,0
VEH000263,TSK004331,1
VEH000346,TSK004331,0
VEH000292,TSK004359,0
VEH000097,TSK004359,1
VEH000077,TSK004359,1
VEH000251,TSK004359,0
VEH000429,TSK004359,1
VEH000036,TSK004359,1
VEH000525,TSK004359,0
VEH000320,TSK004359,1
VEH000313,TSK004359,0
VEH000312,TSK004359,0
VEH000299,TSK004359,0
VEH000298,TSK004359,0
VEH000431,TSK004359,0
VEH000246,TSK004359,1
VEH000061,TSK004359,1
VEH000096,TSK004359,0
VEH000059,TSK004359,1
VEH000336,TSK004359,1
VEH000284,TSK004359,1
VEH000397,TSK004359,0
VEH000334,TSK004359,1
VEH000259,TSK004359,0
VEH000527,TSK004359,1
VEH000031,TSK004359,1
VEH000348,TSK004359,0
VEH000271,TSK004359,0
VEH000089,TSK004359,0
VEH000385,TSK004359,0
VEH000414,TSK004359,1
VEH000060,TSK004359,1
VEH000468,TSK004359,0
VEH000269,TSK004359,1
VEH000459,TSK004359,1
VEH000528,TSK004359,0
VEH000406,TSK004359,1
VEH000229,TSK004359,0
VEH000379,TSK004359,0
VEH000003,TSK004359,1
VEH000028,TSK004359,0
VEH000100,TSK004359,0
VEH000335,TSK004359,1
VEH000048,TSK004359,0
VEH000368,TSK004359,1
VEH000309,TSK004359,1
VEH000499,TSK004359,0
VEH000225,TSK004359,0
VEH000330,TSK004359,0
VEH000279,TSK004359,1
VEH000341,TSK004359,0
VEH000049,TSK004359,0
VEH000344,TSK004359,1
VEH000042,TSK004359,0
VEH000311,TSK004359,0
VEH000287,TSK004359,0
VEH000421,TSK004359,1
VEH000516,TSK004359,1
VEH000510,TSK004359,0
VEH000084,TSK004359,1
VEH000266,TSK004359,0
VEH000051,TSK004359,0
VEH000016,TSK004359,0
VEH000526,TSK004359,0
VEH000247,TSK004359,1
VEH000252,TSK004359,0
VEH000314,TSK004359,0
VEH000242,TSK004359,1
VEH000433,TSK004359,1
VEH000366,TSK004359,0
VEH000318,TSK004359,0
VEH000290,TSK004359,0
VEH000008,TSK004359,1
VEH000530,TSK004359,1
VEH000081,TSK004359,0
VEH000304,TSK004359,1
VEH000358,TSK004359,1
VEH000026,TSK004359,0
VEH000430,TSK004359,0
VEH000067,TSK004359,1
VEH000088,TSK004359,1
VEH000417,TSK004359,1
VEH000015,TSK004359,1
VEH000024,TSK004359,1
VEH000250,TSK004359,1
VEH000267,TSK004359,0
VEH000034,TSK004359,0
VEH000532,TSK004359,1
VEH000482,TSK004359,1
VEH000386,TSK004359,0
VEH000389,TSK004359,1
VEH000007,TSK004359,1
VEH000367,TSK004359,0
VEH000230,TSK004359,1
VEH000327,TSK004359,0
VEH000426,TSK004359,1
VEH000073,TSK004359,1
VEH000488,TSK004359,0
VEH000222,TSK004359,1
VEH000047,TSK004359,1
VEH000263,TSK004359,0
VEH000346,TSK004359,1
VEH000292,TSK004385,1
VEH000097,TSK004385,0
VEH000077,TSK004385,0
VEH000251,TSK004385,1
VEH000429,TSK004385,0
VEH000036,TSK004385,1
VEH000525,TSK004385,1
VEH000320,TSK004385,0
VEH000313,TSK004385,0
VEH000312,TSK004385,1
VEH000299,TSK004385,0
VEH000298,TSK004385,0
VEH000431,TSK004385,0
VEH000246,TSK004385,1
VEH000061,TSK004385,0
VEH000096,TSK004385,1
VEH000059,TSK004385,0
VEH000336,TSK004385,1
VEH000284,TSK004385,0
VEH000397,TSK004385,0
VEH000334,TSK004385,1
VEH000259,TSK004385,0
VEH000527,TSK004385,1
VEH000031,TSK004385,1
VEH000348,TSK004385,1
VEH000271,TSK004385,1
VEH000089,TSK004385,1
VEH000385,TSK004385,1
VEH000414,TSK004385,0
VEH000060,TSK004385,1
VEH000468,TSK004385,1
VEH000269,TSK004385,0
VEH000459,TSK004385,1
VEH000528,TSK004385,0
VEH000406,TSK004385,1
VEH000229,TSK004385,1
VEH000379,TSK004385,1
VEH000003,TSK004385,0
VEH000028,TSK004385,1
VEH000100,TSK004385,0
VEH000335,TSK004385,1
VEH000048,TSK004385,0
VEH000368,TSK004385,0
VEH000309,TSK004385,0
VEH000499,TSK004385,1
VEH000225,TSK004385,0
VEH000330,TSK004385,1
VEH000279,TSK004385,0
VEH000341,TSK004385,1
VEH000049,TSK004385,0
VEH000344,TSK004385,1
VEH000042,TSK004385,1
VEH000311,TSK004385,0
VEH000287,TSK004385,1
VEH000421,TSK004385,1
VEH000516,TSK004385,0
VEH000510,TSK004385,0
VEH000084,TSK004385,0
VEH000266,TSK004385,0
VEH000051,TSK004385,1
VEH000016,TSK004385,0
VEH000526,TSK004385,1
VEH000247,TSK004385,1
VEH000252,TSK004385,1
VEH000314,TSK004385,0
VEH000242,TSK004385,1
VEH000433,TSK004385,1
VEH000366,TSK004385,0
VEH000318,TSK004385,1
VEH000290,TSK004385,0
VEH000008,TSK004385,0
VEH000530,TSK004385,1
VEH000081,TSK004385,0
VEH000304,TSK004385,0
VEH000358,TSK004385,0
VEH000026,TSK004385,1
VEH000430,TSK004385,0
VEH000067,TSK004385,1
VEH000088,TSK004385,0
VEH000417,TSK004385,1
VEH000015,TSK004385,0
VEH000024,TSK004385,0
VEH000250,TSK004385,0
VEH000267,TSK004385,0
VEH000034,TSK004385,0
VEH000532,TSK004385,1
VEH000482,TSK004385,1
VEH000386,TSK004385,1
VEH000389,TSK004385,0
VEH000007,TSK004385,1
VEH000367,TSK004385,1
VEH000230,TSK004385,1
VEH000327,TSK004385,1
VEH000426,TSK004385,0
VEH000073,TSK004385,0
VEH000488,TSK004385,1
VEH000222,TSK004385,0
VEH000047,TSK004385,0
VEH000263,TSK004385,1
VEH000346,TSK004385,0
VEH000292,TSK004470,1
VEH000097,TSK004470,0
VEH000077,TSK004470,0
VEH000251,TSK004470,0
VEH000429,TSK004470,0
VEH000036,TSK004470,0
VEH000525,TSK004470,1
VEH000320,TSK004470,1
VEH000313,TSK004470,0
VEH000312,TSK004470,1
VEH000299,TSK004470,0
VEH000298,TSK004470,1
VEH000431,TSK004470,0
VEH000246,TSK004470,0
VEH000061,TSK004470,0
VEH000096,TSK004470,0
VEH000059,TSK004470,0
VEH000336,TSK004470,0
VEH000284,TSK004470,0
VEH000397,TSK004470,0
VEH000334,TSK004470,1
VEH000259,TSK004470,0
VEH000527,TSK004470,1
VEH000031,TSK004470,1
VEH000348,TSK004470,0
VEH000271,TSK004470,1
VEH000089,TSK004470,0
VEH000385,TSK004470,0
VEH000414,TSK004470,0
VEH000060,TSK004470,1
VEH000468,TSK004470,1
VEH000269,TSK004470,0
VEH000459,TSK004470,1
VEH000528,TSK004470,1
VEH000406,TSK004470,1
VEH000229,TSK004470,0
VEH000379,TSK004470,0
VEH000003,TSK004470,0
VEH000028,TSK004470,1
VEH000100,TSK004470,1
VEH000335,TSK004470,1
VEH000048,TSK004470,0
VEH000368,TSK004470,1
VEH000309,TSK004470,1
VEH000499,TSK004470,0
VEH000225,TSK004470,1
VEH000330,TSK004470,1
VEH000279,TSK004470,1
VEH000341,TSK004470,0
VEH000049,TSK004470,1
VEH000344,TSK004470,0
VEH000042,TSK004470,1
VEH000311,TSK004470,0
VEH000287,TSK004470,0
VEH000421,TSK004470,0
VEH000516,TSK004470,0
VEH000510,TSK004470,1
VEH000084,TSK004470,1
VEH000266,TSK004470,0
VEH000051,TSK004470,1
VEH000016,TSK004470,1
VEH000526,TSK004470,1
VEH000247,TSK004470,1
VEH000252,TSK004470,0
VEH000314,TSK004470,0
VEH000242,TSK004470,1
VEH000433,TSK004470,0
VEH000366,TSK004470,0
VEH000318,TSK004470,0
VEH000290,TSK004470,1
VEH000008,TSK004470,1
VEH000530,TSK004470,0
VEH000081,TSK004470,1
VEH000304,TSK004470,1
VEH000358,TSK004470,1
VEH000026,TSK004470,0
VEH000430,TSK004470,0
VEH000067,TSK004470,0
VEH000088,TSK004470,1
VEH000417,TSK004470,0
VEH000015,TSK004470,0
VEH000024,TSK004470,0
VEH000250,TSK004470,1
VEH000267,TSK004470,1
VEH000034,TSK004470,1
VEH000532,TSK004470,1
VEH000482,TSK004470,1
VEH000386,TSK004470,1
VEH000389,TSK004470,0
VEH000007,TSK004470,1
VEH000367,TSK004470,1
VEH000230,TSK004470,0
VEH000327,TSK004470,0
VEH000426,TSK004470,1
VEH000073,TSK004470,1
VEH000488,TSK004470,1
VEH000222,TSK004470,0
VEH000047,TSK004470,1
VEH000263,TSK004470,1
VEH000346,TSK004470,0
VEH000292,TSK004490,1
VEH000097,TSK004490,0
VEH000077,TSK004490,1
VEH000251,TSK004490,1
VEH000429,TSK004490,1
VEH000036,TSK004490,0
VEH000525,TSK004490,0
VEH000320,TSK004490,1
VEH000313,TSK004490,1
VEH000312,TSK004490,0
VEH000299,TSK004490,1
VEH000298,TSK004490,0
VEH000431,TSK004490,1
VEH000246,TSK004490,0
VEH000061,TSK004490,0
VEH000096,TSK004490,1
VEH000059,TSK004490,1
VEH000336,TSK004490,1
VEH000284,TSK004490,0
VEH000397,TSK004490,0
VEH000334,TSK004490,0
VEH000259,TSK004490,0
VEH000527,TSK004490,0
VEH000031,TSK004490,1
VEH000348,TSK004490,1
VEH000271,TSK004490,1
VEH000089,TSK004490,0
VEH000385,TSK004490,1
VEH000414,TSK004490,1
VEH000060,TSK004490,1
VEH000468,TSK004490,0
VEH000269,TSK004490,1
VEH000459,TSK004490,0
VEH000528,TSK004490,0
VEH000406,TSK004490,1
VEH000229,TSK004490,1
VEH000379,TSK004490,1
VEH000003,TSK004490,0
VEH000028,TSK004490,0
VEH000100,TSK004490,0
VEH000335,TSK004490,1
VEH000048,TSK004490,0
VEH000368,TSK004490,0
VEH000309,TSK004490,1
VEH000499,TSK004490,0
VEH000225,TSK004490,0
VEH000330,TSK004490,1
VEH000279,TSK004490,0
VEH000341,TSK004490,1
VEH000049,TSK004490,1
VEH000344,TSK004490,0
VEH000042,TSK004490,1
VEH000311,TSK004490,1
VEH000287,TSK004490,0
VEH000421,TSK004490,1
VEH000516,TSK004490,1
VEH000510,TSK004490,0
VEH000084,TSK004490,0
VEH000266,TSK004490,0
VEH000051,TSK004490,0
VEH000016,TSK004490,1
VEH000526,TSK004490,1
VEH000247,TSK004490,0
VEH000252,TSK004490,1
VEH000314,TSK004490,0
VEH000242,TSK004490,0
VEH000433,TSK004490,0
VEH000366,TSK004490,0
VEH000318,TSK004490,0
VEH000290,TSK004490,1
VEH000008,TSK004490,0
VEH000530,TSK004490,1
VEH000081,TSK004490,1
VEH000304,TSK004490,1
VEH000358,TSK004490,0
VEH000026,TSK004490,0
VEH000430,TSK004490,1
VEH000067,TSK004490,0
VEH000088,TSK004490,1
VEH000417,TSK004490,1
VEH000015,TSK004490,0
VEH000024,TSK004490,0
VEH000250,TSK004490,1
VEH000267,TSK004490,1
VEH000034,TSK004490,0
VEH000532,TSK004490,1
VEH000482,TSK004490,1
VEH000386,TSK004490,1
VEH000389,TSK004490,1
VEH000007,TSK004490,0
VEH000367,TSK004490,0
VEH000230,TSK004490,0
VEH000327,TSK004490,0
VEH000426,TSK004490,0
VEH000073,TSK004490,1
VEH000488,TSK004490,1
VEH000222,TSK004490,0
VEH000047,TSK004490,1
VEH000263,TSK004490,1
VEH000346,TSK004490,0
VEH000292,TSK004539,1
VEH000097,TSK004539,1
VEH000077,TSK004539,0
VEH000251,TSK004539,1
VEH000429,TSK004539,1
VEH000036,TSK004539,1
VEH000525,TSK004539,1
VEH000320,TSK004539,0
VEH000313,TSK004539,1
VEH000312,TSK004539,0
VEH000299,TSK004539,1
VEH000298,TSK004539,1
VEH000431,TSK004539,0
VEH000246,TSK004539,1
VEH000061,TSK004539,0
VEH000096,TSK004539,0
VEH000059,TSK004539,1
VEH000336,TSK004539,0
VEH000284,TSK004539,0
VEH000397,TSK004539,1
VEH000334,TSK004539,1
VEH000259,TSK004539,1
VEH000527,TSK004539,0
VEH000031,TSK004539,0
VEH000348,TSK004539,0
VEH000271,TSK004539,0
VEH000089,TSK004539,0
VEH000385,TSK004539,0
VEH000414,TSK004539,1
VEH000060,TSK004539,0
VEH000468,TSK004539,1
VEH000269,TSK004539,1
VEH000459,TSK004539,0
VEH000528,TSK004539,1
VEH000406,TSK004539,0
VEH000229,TSK004539,0
VEH000379,TSK004539,1
VEH000003,TSK004539,0
VEH000028,TSK004539,1
VEH000100,TSK004539,0
VEH000335,TSK004539,1
VEH000048,TSK004539,0
VEH000368,TSK004539,1
VEH000309,TSK004539,0
VEH000499,TSK004539,1
VEH000225,TSK004539,0
VEH000330,TSK004539,0
VEH000279,TSK004539,1
VEH000341,TSK004539,0
VEH000049,TSK004539,0
VEH000344,TSK004539,1
VEH000042,TSK004539,0
VEH000311,TSK004539,1
VEH000287,TSK004539,1
VEH000421,TSK004539,0
VEH000516,TSK004539,1
VEH000510,TSK004539,0
VEH000084,TSK004539,1
VEH000266,TSK004539,1
VEH000051,TSK004539,1
VEH000016,TSK004539,0
VEH000526,TSK004539,0
VEH000247,TSK004539,0
VEH000252,TSK004539,0
VEH000314,TSK004539,1
VEH000242,TSK004539,0
VEH000433,TSK004539,1
VEH000366,TSK004539,0
VEH000318,TSK004539,1
VEH000290,TSK004539,0
VEH000008,TSK004539,1
VEH000530,TSK004539,1
VEH000081,TSK004539,0
VEH000304,TSK004539,0
VEH000358,TSK004539,1
VEH000026,TSK004539,0
VEH000430,TSK004539,0
VEH000067,TSK004539,1
VEH000088,TSK004539,1
VEH000417,TSK004539,0
VEH000015,TSK004539,0
VEH000024,TSK004539,1
VEH000250,TSK004539,1
VEH000267,TSK004539,1
VEH000034,TSK004539,0
VEH000532,TSK004539,1
VEH000482,TSK004539,1
VEH000386,TSK004539,1
VEH000389,TSK004539,1
VEH000007,TSK004539,1
VEH000367,TSK004539,0
VEH000230,TSK004539,0
VEH000327,TSK004539,0
VEH000426,TSK004539,0
VEH000073,TSK004539,0
VEH000488,TSK004539,1
VEH000222,TSK004539,1
VEH000047,TSK004539,0
VEH000263,TSK004539,0
VEH000346,TSK004539,1
VEH000292,TSK004544,0
VEH000097,TSK004544,0
VEH000077,TSK004544,1
VEH000251,TSK004544,0
VEH000429,TSK004544,1
VEH000036,TSK004544,1
VEH000525,TSK004544,0
VEH000320,TSK004544,0
VEH000313,TSK004544,0
VEH000312,TSK004544,1
VEH000299,TSK004544,1
VEH000298,TSK004544,1
VEH000431,TSK004544,1
VEH000246,TSK004544,1
VEH000061,TSK004544,0
VEH000096,TSK004544,0
VEH000059,TSK004544,1
VEH000336,TSK004544,0
VEH000284,TSK004544,1
VEH000397,TSK004544,1
VEH000334,TSK004544,1
VEH000259,TSK004544,0
VEH000527,TSK004544,1
VEH000031,TSK004544,1
VEH000348,TSK004544,1
VEH000271,TSK004544,1
VEH000089,TSK004544,1
VEH000385,TSK004544,0
VEH000414,TSK004544,0
VEH000060,TSK004544,0
VEH000468,TSK004544,1
VEH000269,TSK004544,1
VEH000459,TSK004544,0
VEH000528,TSK004544,0
VEH000406,TSK004544,0
VEH000229,TSK004544,1
VEH000379,TSK004544,0
VEH000003,TSK004544,1
VEH000028,TSK004544,0
VEH000100,TSK004544,0
VEH000335,TSK004544,1
VEH000048,TSK004544,1
VEH000368,TSK004544,0
VEH000309,TSK004544,1
VEH000499,TSK004544,1
VEH000225,TSK004544,0
VEH000330,TSK004544,0
VEH000279,TSK004544,1
VEH000341,TSK004544,1
VEH000049,TSK004544,1
VEH000344,TSK004544,1
VEH000042,TSK004544,0
VEH000311,TSK004544,0
VEH000287,TSK004544,0
VEH000421,TSK004544,1
VEH000516,TSK004544,0
VEH000510,TSK004544,0
VEH000084,TSK004544,1
VEH000266,TSK004544,0
VEH000051,TSK004544,0
VEH000016,TSK004544,0
VEH000526,TSK004544,0
VEH000247,TSK004544,1
VEH000252,TSK004544,1
VEH000314,TSK004544,1
VEH000242,TSK004544,0
VEH000433,TSK004544,1
VEH000366,TSK004544,0
VEH000318,TSK004544,0
VEH000290,TSK004544,0
VEH000008,TSK004544,0
VEH000530,TSK004544,1
VEH000081,TSK004544,0
VEH000304,TSK004544,1
VEH000358,TSK004544,0
VEH000026,TSK004544,1
VEH000430,TSK004544,1
VEH000067,TSK004544,1
VEH000088,TSK004544,1
VEH000417,TSK004544,1
VEH000015,TSK004544,1
VEH000024,TSK004544,1
VEH000250,TSK004544,1
VEH000267,TSK004544,1
VEH000034,TSK004544,1
VEH000532,TSK004544,1
VEH000482,TSK004544,0
VEH000386,TSK004544,0
VEH000389,TSK004544,1
VEH000007,TSK004544,0
VEH000367,TSK004544,0
VEH000230,TSK004544,0
VEH000327,TSK004544,0
VEH000426,TSK004544,0
VEH000073,TSK004544,0
VEH000488,TSK004544,0
VEH000222,TSK004544,0
VEH000047,TSK004544,0
VEH000263,TSK004544,1
VEH000346,TSK004544,0
VEH000292,TSK004556,0
VEH000097,TSK004556,0
VEH000077,TSK004556,1
VEH000251,TSK004556,0
VEH000429,TSK004556,0
VEH000036,TSK004556,0
VEH000525,TSK004556,0
VEH000320,TSK004556,0
VEH000313,TSK004556,0
VEH000312,TSK004556,1
VEH000299,TSK004556,1
VEH000298,TSK004556,1
VEH000431,TSK004556,0
VEH000246,TSK004556,0
VEH000061,TSK004556,1
VEH000096,TSK004556,0
VEH000059,TSK004556,0
VEH000336,TSK004556,1
VEH000284,TSK004556,0
VEH000397,TSK004556,1
VEH000334,TSK004556,0
VEH000259,TSK004556,1
VEH000527,TSK004556,1
VEH000031,TSK004556,0
VEH000348,TSK004556,0
VEH000271,TSK004556,0
VEH000089,TSK004556,0
VEH000385,TSK004556,0
VEH000414,TSK004556,1
VEH000060,TSK004556,1
VEH000468,TSK004556,1
VEH000269,TSK004556,0
VEH000459,TSK004556,1
VEH000528,TSK004556,0
VEH000406,TSK004556,0
VEH000229,TSK004556,1
VEH000379,TSK004556,0
VEH000003,TSK004556,0
VEH000028,TSK004556,1
VEH000100,TSK004556,0
VEH000335,TSK004556,1
VEH000048,TSK004556,0
VEH000368,TSK004556,0
VEH000309,TSK004556,1
VEH000499,TSK004556,0
VEH000225,TSK004556,1
VEH000330,TSK004556,1
VEH000279,TSK004556,0
VEH000341,TSK004556,1
VEH000049,TSK004556,0
VEH000344,TSK004556,0
VEH000042,TSK004556,0
VEH000311,TSK004556,1
VEH000287,TSK004556,1
VEH000421,TSK004556,1
VEH000516,TSK004556,0
VEH000510,TSK004556,0
VEH000084,TSK004556,0
VEH000266,TSK004556,1
VEH000051,TSK004556,1
VEH000016,TSK004556,1
VEH000526,TSK004556,1
VEH000247,TSK004556,0
VEH000252,TSK004556,1
VEH000314,TSK004556,1
VEH000242,TSK004556,0
VEH000433,TSK004556,0
VEH000366,TSK004556,1
VEH000318,TSK004556,0
VEH000290,TSK004556,1
VEH000008,TSK004556,0
VEH000530,TSK004556,1
VEH000081,TSK004556,0
VEH000304,TSK004556,0
VEH000358,TSK004556,1
VEH000026,TSK004556,1
VEH000430,TSK004556,1
VEH000067,TSK004556,1
VEH000088,TSK004556,0
VEH000417,TSK004556,0
VEH000015,TSK004556,1
VEH000024,TSK004556,1
VEH000250,TSK004556,1
VEH000267,TSK004556,1
VEH000034,TSK004556,1
VEH000532,TSK004556,0
VEH000482,TSK004556,1
VEH000386,TSK004556,0
VEH000389,TSK004556,1
VEH000007,TSK004556,1
VEH000367,TSK004556,1
VEH000230,TSK004556,0
VEH000327,TSK004556,0
VEH000426,TSK004556,1
VEH000073,TSK004556,1
VEH000488,TSK004556,1
VEH000222,TSK004556,0
VEH000047,TSK004556,1
VEH000263,TSK004556,1
VEH000346,TSK004556,0
VEH000292,TSK004600,0
VEH000097,TSK004600,1
VEH000077,TSK004600,1
VEH000251,TSK004600,0
VEH000429,TSK004600,0
VEH000036,TSK004600,1
VEH000525,TSK004600,1
VEH000320,TSK004600,0
VEH000313,TSK004600,0
VEH000312,TSK004600,1
VEH000299,TSK004600,1
VEH000298,TSK004600,1
VEH000431,TSK004600,1
VEH000246,TSK004600,1
VEH000061,TSK004600,1
VEH000096,TSK004600,0
VEH000059,TSK004600,1
VEH000336,TSK004600,0
VEH000284,TSK004600,0
VEH000397,TSK004600,0
VEH000334,TSK004600,0
VEH000259,TSK004600,0
VEH000527,TSK004600,0
VEH000031,TSK004600,0
VEH000348,TSK004600,1
VEH000271,TSK004600,1
VEH000089,TSK004600,1
VEH000385,TSK004600,0
VEH000414,TSK004600,0
VEH000060,TSK004600,1
VEH000468,TSK004600,0
VEH000269,TSK004600,1
VEH000459,TSK004600,1
VEH000528,TSK004600,0
VEH000406,TSK004600,1
VEH000229,TSK004600,0
VEH000379,TSK004600,1
VEH000003,TSK004600,0
VEH000028,TSK004600,0
VEH000100,TSK004600,0
VEH000335,TSK004600,0
VEH000048,TSK004600,1
VEH000368,TSK004600,0
VEH000309,TSK004600,1
VEH000499,TSK004600,1
VEH000225,TSK004600,0
VEH000330,TSK004600,1
VEH000279,TSK004600,0
VEH000341,TSK004600,0
VEH000049,TSK004600,0
VEH000344,TSK004600,1
VEH000042,TSK004600,1
VEH000311,TSK004600,1
VEH000287,TSK004600,0
VEH000421,TSK004600,0
VEH000516,TSK004600,1
VEH000510,TSK004600,0
VEH000084,TSK004600,0
VEH000266,TSK004600,0
VEH000051,TSK004600,1
VEH000016,TSK004600,0
VEH000526,TSK004600,0
VEH000247,TSK004600,1
VEH000252,TSK004600,1
VEH000314,TSK004600,1
VEH000242,TSK004600,1
VEH000433,TSK004600,1
VEH000366,TSK004600,1
VEH000318,TSK004600,0
VEH000290,TSK004600,1
VEH000008,TSK004600,0
VEH000530,TSK004600,1
VEH000081,TSK004600,1
VEH000304,TSK004600,1
VEH000358,TSK004600,1
VEH000026,TSK004600,1
VEH000430,TSK004600,0
VEH000067,TSK004600,0
VEH000088,TSK004600,0
VEH000417,TSK004600,1
VEH000015,TSK004600,0
VEH000024,TSK004600,0
VEH000250,TSK004600,0
VEH000267,TSK004600,0
VEH000034,TSK004600,0
VEH000532,TSK004600,0
VEH000482,TSK004600,0
VEH000386,TSK004600,1
VEH000389,TSK004600,1
VEH000007,TSK004600,1
VEH000367,TSK004600,1
VEH000230,TSK004600,1
VEH000327,TSK004600,0
VEH000426,TSK004600,1
VEH000073,TSK004600,0
VEH000488,TSK004600,1
VEH000222,TSK004600,1
VEH000047,TSK004600,0
VEH000263,TSK004600,1
VEH000346,TSK004600,0
VEH000292,TSK004616,0
VEH000097,TSK004616,1
VEH000077,TSK004616,1
VEH000251,TSK004616,1
VEH000429,TSK004616,0
VEH000036,TSK004616,0
VEH000525,TSK004616,1
VEH000320,TSK004616,0
VEH000313,TSK004616,1
VEH000312,TSK004616,1
VEH000299,TSK004616,0
VEH000298,TSK004616,0
VEH000431,TSK004616,0
VEH000246,TSK004616,0
VEH000061,TSK004616,1
VEH000096,TSK004616,1
VEH000059,TSK004616,0
VEH000336,TSK004616,0
VEH000284,TSK004616,1
VEH000397,TSK004616,1
VEH000334,TSK004616,1
VEH000259,TSK004616,1
VEH000527,TSK004616,0
VEH000031,TSK004616,1
VEH000348,TSK004616,1
VEH000271,TSK004616,1
VEH000089,TSK004616,0
VEH000385,TSK004616,0
VEH000414,TSK004616,1
VEH000060,TSK004616,1
VEH000468,TSK004616,1
VEH000269,TSK004616,0
VEH000459,TSK004616,0
VEH000528,TSK004616,0
VEH000406,TSK004616,1
VEH000229,TSK004616,1
VEH000379,TSK004616,0
VEH000003,TSK004616,1
VEH000028,TSK004616,1
VEH000100,TSK004616,0
VEH000335,TSK004616,0
VEH000048,TSK004616,0
VEH000368,TSK004616,1
VEH000309,TSK004616,0
VEH000499,TSK004616,1
VEH000225,TSK004616,0
VEH000330,TSK004616,0
VEH000279,TSK004616,0
VEH000341,TSK004616,0
VEH000049,TSK004616,0
VEH000344,TSK004616,0
VEH000042,TSK004616,0
VEH000311,TSK004616,0
VEH000287,TSK004616,1
VEH000421,TSK004616,0
VEH000516,TSK004616,0
VEH000510,TSK004616,1
VEH000084,TSK004616,1
VEH000266,TSK004616,0
VEH000051,TSK004616,0
VEH000016,TSK004616,0
VEH000526,TSK004616,1
VEH000247,TSK004616,1
VEH000252,TSK004616,0
VEH000314,TSK004616,1
VEH000242,TSK004616,1
VEH000433,TSK004616,1
VEH000366,TSK004616,0
VEH000318,TSK004616,0
VEH000290,TSK004616,1
VEH000008,TSK004616,1
VEH000530,TSK004616,1
VEH000081,TSK004616,1
VEH000304,TSK004616,0
VEH000358,TSK004616,1
VEH000026,TSK004616,0
VEH000430,TSK004616,0
VEH000067,TSK004616,0
VEH000088,TSK004616,0
VEH000417,TSK004616,0
VEH000015,TSK004616,0
VEH000024,TSK004616,0
VEH000250,TSK004616,1
VEH000267,TSK004616,1
VEH000034,TSK004616,0
VEH000532,TSK004616,1
VEH000482,TSK004616,1
VEH000386,TSK004616,1
VEH000389,TSK004616,0
VEH000007,TSK004616,1
VEH000367,TSK004616,1
VEH000230,TSK004616,1
VEH000327,TSK004616,1
VEH000426,TSK004616,0
VEH000073,TSK004616,0
VEH000488,TSK004616,1
VEH000222,TSK004616,0
VEH000047,TSK004616,1
VEH000263,TSK004616,1
VEH000346,TSK004616,1
VEH000292,TSK004617,0
VEH000097,TSK004617,0
VEH000077,TSK004617,1
VEH000251,TSK004617,1
VEH000429,TSK004617,1
VEH000036,TSK004617,1
VEH000525,TSK004617,0
VEH000320,TSK004617,1
VEH000313,TSK004617,0
VEH000312,TSK004617,0
VEH000299,TSK004617,0
VEH000298,TSK004617,0
VEH000431,TSK004617,0
VEH000246,TSK004617,0
VEH000061,TSK004617,0
VEH000096,TSK004617,1
VEH000059,TSK004617,0
VEH000336,TSK004617,1
VEH000284,TSK004617,0
VEH000397,TSK004617,1
VEH000334,TSK004617,1
VEH000259,TSK004617,1
VEH000527,TSK004617,1
VEH000031,TSK004617,0
VEH000348,TSK004617,0
VEH000271,TSK004617,0
VEH000089,TSK004617,0
VEH000385,TSK004617,1
VEH000414,TSK004617,0
VEH000060,TSK004617,0
VEH000468,TSK004617,0
VEH000269,TSK004617,1
VEH000459,TSK004617,1
VEH000528,TSK004617,0
VEH000406,TSK004617,1
VEH000229,TSK004617,1
VEH000379,TSK004617,0
VEH000003,TSK004617,1
VEH000028,TSK004617,1
VEH000100,TSK004617,1
VEH000335,TSK004617,0
VEH000048,TSK004617,0
VEH000368,TSK004617,1
VEH000309,TSK004617,1
VEH000499,TSK004617,1
VEH000225,TSK004617,1
VEH000330,TSK004617,0
VEH000279,TSK004617,0
VEH000341,TSK004617,0
VEH000049,TSK004617,1
VEH000344,TSK004617,1
VEH000042,TSK004617,0
VEH000311,TSK004617,1
VEH000287,TSK004617,0
VEH000421,TSK004617,0
VEH000516,TSK004617,0
VEH000510,TSK004617,0
VEH000084,TSK004617,0
VEH000266,TSK004617,0
VEH000051,TSK004617,1
VEH000016,TSK004617,0
VEH000526,TSK004617,0
VEH000247,TSK004617,1
VEH000252,TSK004617,0
VEH000314,TSK004617,1
VEH000242,TSK004617,1
VEH000433,TSK004617,1
VEH000366,TSK004617,0
VEH000318,TSK004617,0
VEH000290,TSK004617,0
VEH000008,TSK004617,0
VEH000530,TSK004617,1
VEH000081,TSK004617,1
VEH000304,TSK004617,1
VEH000358,TSK004617,0
VEH000026,TSK004617,1
VEH000430,TSK004617,1
VEH000067,TSK004617,1
VEH000088,TSK004617,0
VEH000417,TSK004617,1
VEH000015,TSK004617,0
VEH000024,TSK004617,0
VEH000250,TSK004617,1
VEH000267,TSK004617,1
VEH000034,TSK004617,0
VEH000532,TSK004617,1
VEH000482,TSK004617,0
VEH000386,TSK004617,1
VEH000389,TSK004617,1
VEH000007,TSK004617,0
VEH000367,TSK004617,1
VEH000230,TSK004617,1
VEH000327,TSK004617,1
VEH000426,TSK004617,1
VEH000073,TSK004617,0
VEH000488,TSK004617,1
VEH000222,TSK004617,1
VEH000047,TSK004617,1
VEH000263,TSK004617,0
VEH000346,TSK004617,0
VEH000292,TSK004645,0
VEH000097,TSK004645,0
VEH000077,TSK004645,1
VEH000251,TSK004645,1
VEH000429,TSK004645,1
VEH000036,TSK004645,0
VEH000525,TSK004645,0
VEH000320,TSK004645,1
VEH000313,TSK004645,1
VEH000312,TSK004645,1
VEH000299,TSK004645,0
VEH000298,TSK004645,0
VEH000431,TSK004645,1
VEH000246,TSK004645,1
VEH000061,TSK004645,1
VEH000096,TSK004645,1
VEH000059,TSK004645,1
VEH000336,TSK004645,0
VEH000284,TSK004645,0
VEH000397,TSK004645,0
VEH000334,TSK004645,1
VEH000259,TSK004645,1
VEH000527,TSK004645,1
VEH000031,TSK004645,1
VEH000348,TSK004645,1
VEH000271,TSK004645,0
VEH000089,TSK004645,0
VEH000385,TSK004645,0
VEH000414,TSK004645,0
VEH000060,TSK004645,1
VEH000468,TSK004645,0
VEH000269,TSK004645,1
VEH000459,TSK004645,1
VEH000528,TSK004645,1
VEH000406,TSK004645,0
VEH000229,TSK004645,1
VEH000379,TSK004645,1
VEH000003,TSK004645,0
VEH000028,TSK004645,0
VEH000100,TSK004645,0
VEH000335,TSK004645,1
VEH000048,TSK004645,1
VEH000368,TSK004645,0
VEH000309,TSK004645,0
VEH000499,TSK004645,0
VEH000225,TSK004645,0
VEH000330,TSK004645,0
VEH000279,TSK004645,0
VEH000341,TSK004645,1
VEH000049,TSK004645,1
VEH000344,TSK004645,0
VEH000042,TSK004645,0
VEH000311,TSK004645,0
VEH000287,TSK004645,1
VEH000421,TSK004645,1
VEH000516,TSK004645,0
VEH000510,TSK004645,1
VEH000084,TSK004645,1
VEH000266,TSK004645,0
VEH000051,TSK004645,0
VEH000016,TSK004645,0
VEH000526,TSK004645,1
VEH000247,TSK004645,1
VEH000252,TSK004645,0
VEH000314,TSK004645,1
VEH000242,TSK004645,0
VEH000433,TSK004645,0
VEH000366,TSK004645,0
VEH000318,TSK004645,1
VEH000290,TSK004645,0
VEH000008,TSK004645,1
VEH000530,TSK004645,1
VEH000081,TSK004645,0
VEH000304,TSK004645,1
VEH000358,TSK004645,1
VEH000026,TSK004645,1
VEH000430,TSK004645,0
VEH000067,TSK004645,1
VEH000088,TSK004645,0
VEH000417,TSK004645,1
VEH000015,TSK004645,0
VEH000024,TSK004645,0
VEH000250,TSK004645,0
VEH000267,TSK004645,0
VEH000034,TSK004645,1
VEH000532,TSK004645,1
VEH000482,TSK004645,0
VEH000386,TSK004645,0
VEH000389,TSK004645,1
VEH000007,TSK004645,0
VEH000367,TSK004645,0
VEH000230,TSK004645,1
VEH000327,TSK004645,0
VEH000426,TSK004645,1
VEH000073,TSK004645,1
VEH000488,TSK004645,1
VEH000222,TSK004645,1
VEH000047,TSK004645,0
VEH000263,TSK004645,1
VEH000346,TSK004645,0
VEH000292,TSK004671,0
VEH000097,TSK004671,0
VEH000077,TSK004671,0
VEH000251,TSK004671,0
VEH000429,TSK004671,1
VEH000036,TSK004671,0
VEH000525,TSK004671,1
VEH000320,TSK004671,0
VEH000313,TSK004671,1
VEH000312,TSK004671,0
VEH000299,TSK004671,0
VEH000298,TSK004671,0
VEH000431,TSK004671,0
VEH000246,TSK004671,1
VEH000061,TSK004671,1
VEH000096,TSK004671,1
VEH000059,TSK004671,1
VEH000336,TSK004671,0
VEH000284,TSK004671,0
VEH000397,TSK004671,1
VEH000334,TSK004671,1
VEH000259,TSK004671,0
VEH000527,TSK004671,1
VEH000031,TSK004671,1
VEH000348,TSK004671,0
VEH000271,TSK004671,0
VEH000089,TSK004671,0
VEH000385,TSK004671,0
VEH000414,TSK004671,1
VEH000060,TSK004671,1
VEH000468,TSK004671,1
VEH000269,TSK004671,0
VEH000459,TSK004671,1
VEH000528,TSK004671,0
VEH000406,TSK004671,1
VEH000229,TSK004671,1
VEH000379,TSK004671,1
VEH000003,TSK004671,0
VEH000028,TSK004671,1
VEH000100,TSK004671,0
VEH000335,TSK004671,1
VEH000048,TSK004671,1
VEH000368,TSK004671,1
VEH000309,TSK004671,0
VEH000499,TSK004671,1
VEH000225,TSK004671,1
VEH000330,TSK004671,0
VEH000279,TSK004671,0
VEH000341,TSK004671,0
VEH000049,TSK004671,1
VEH000344,TSK004671,1
VEH000042,TSK004671,1
VEH000311,TSK004671,1
VEH000287,TSK004671,0
VEH000421,TSK004671,1
VEH000516,TSK004671,1
VEH000510,TSK004671,1
VEH000084,TSK004671,0
VEH000266,TSK004671,0
VEH000051,TSK004671,1
VEH000016,TSK004671,1
VEH000526,TSK004671,0
VEH000247,TSK004671,0
VEH000252,TSK004671,1
VEH000314,TSK004671,0
VEH000242,TSK004671,0
VEH000433,TSK004671,0
VEH000366,TSK004671,0
VEH000318,TSK004671,1
VEH000290,TSK004671,1
VEH000008,TSK004671,1
VEH000530,TSK004671,1
VEH000081,TSK004671,1
VEH000304,TSK004671,1
VEH000358,TSK004671,0
VEH000026,TSK004671,1
VEH000430,TSK004671,0
VEH000067,TSK004671,0
VEH000088,TSK004671,1
VEH000417,TSK004671,1
VEH000015,TSK004671,0
VEH000024,TSK004671,0
VEH000250,TSK004671,0
VEH000267,TSK004671,1
VEH000034,TSK004671,0
VEH000532,TSK004671,0
VEH000482,TSK004671,1
VEH000386,TSK004671,0
VEH000389,TSK004671,0
VEH000007,TSK004671,1
VEH000367,TSK004671,1
VEH000230,TSK004671,0
VEH000327,TSK004671,0
VEH000426,TSK004671,1
VEH000073,TSK004671,0
VEH000488,TSK004671,1
VEH000222,TSK004671,0
VEH000047,TSK004671,0
VEH000263,TSK004671,0
VEH000346,TSK004671,1
VEH000292,TSK004720,0
VEH000097,TSK004720,1
VEH000077,TSK004720,1
VEH000251,TSK004720,1
VEH000429,TSK004720,1
VEH000036,TSK004720,0
VEH000525,TSK004720,1
VEH000320,TSK004720,0
VEH000313,TSK004720,0
VEH000312,TSK004720,0
VEH000299,TSK004720,0
VEH000298,TSK004720,1
VEH000431,TSK004720,0
VEH000246,TSK004720,1
VEH000061,TSK004720,0
VEH000096,TSK004720,0
VEH000059,TSK004720,1
VEH000336,TSK004720,1
VEH000284,TSK004720,1
VEH000397,TSK004720,0
VEH000334,TSK004720,1
VEH000259,TSK004720,0
VEH000527,TSK004720,1
VEH000031,TSK004720,0
VEH000348,TSK004720,1
VEH000271,TSK004720,0
VEH000089,TSK004720,0
VEH000385,TSK004720,0
VEH000414,TSK004720,1
VEH000060,TSK004720,0
VEH000468,TSK004720,1
VEH000269,TSK004720,0
VEH000459,TSK004720,1
VEH000528,TSK004720,0
VEH000406,TSK004720,1
VEH000229,TSK004720,0
VEH000379,TSK004720,1
VEH000003,TSK004720,0
VEH000028,TSK004720,1
VEH000100,TSK004720,1
VEH000335,TSK004720,0
VEH000048,TSK004720,1
VEH000368,TSK004720,1
VEH000309,TSK004720,1
VEH000499,TSK004720,0
VEH000225,TSK004720,1
VEH000330,TSK004720,0
VEH000279,TSK004720,0
VEH000341,TSK004720,1
VEH000049,TSK004720,1
VEH000344,TSK004720,1
VEH000042,TSK004720,1
VEH000311,TSK004720,1
VEH000287,TSK004720,0
VEH000421,TSK004720,1
VEH000516,TSK004720,0
VEH000510,TSK004720,1
VEH000084,TSK004720,0
VEH000266,TSK004720,1
VEH000051,TSK004720,1
VEH000016,TSK004720,0
VEH000526,TSK004720,0
VEH000247,TSK004720,1
VEH000252,TSK004720,0
VEH000314,TSK004720,1
VEH000242,TSK004720,1
VEH000433,TSK004720,0
VEH000366,TSK004720,0
VEH000318,TSK004720,0
VEH000290,TSK004720,0
VEH000008,TSK004720,0
VEH000530,TSK004720,0
VEH000081,TSK004720,1
VEH000304,TSK004720,1
VEH000358,TSK004720,1
VEH000026,TSK004720,0
VEH000430,TSK004720,1
VEH000067,TSK004720,1
VEH000088,TSK004720,1
VEH000417,TSK004720,1
VEH000015,TSK004720,0
VEH000024,TSK004720,0
VEH000250,TSK004720,1
VEH000267,TSK004720,0
VEH000034,TSK004720,0
VEH000532,TSK004720,1
VEH000482,TSK004720,1
VEH000386,TSK004720,0
VEH000389,TSK004720,0
VEH000007,TSK004720,1
VEH000367,TSK004720,0
VEH000230,TSK004720,0
VEH000327,TSK004720,0
VEH000426,TSK004720,0
VEH000073,TSK004720,1
VEH000488,TSK004720,1
VEH000222,TSK004720,0
VEH000047,TSK004720,0
VEH000263,TSK004720,1
VEH000346,TSK004720,0
VEH000292,TSK004744,1
VEH000097,TSK004744,1
VEH000077,TSK004744,1
VEH000251,TSK004744,1
VEH000429,TSK004744,0
VEH000036,TSK004744,0
VEH000525,TSK004744,0
VEH000320,TSK004744,0
VEH000313,TSK004744,0
VEH000312,TSK004744,0
VEH000299,TSK004744,0
VEH000298,TSK004744,0
VEH000431,TSK004744,1
VEH000246,TSK004744,1
VEH000061,TSK004744,0
VEH000096,TSK004744,1
VEH000059,TSK004744,1
VEH000336,TSK004744,0
VEH000284,TSK004744,1
VEH000397,TSK004744,1
VEH000334,TSK004744,1
VEH000259,TSK004744,1
VEH000527,TSK004744,1
VEH000031,TSK004744,0
VEH000348,TSK004744,1
VEH000271,TSK004744,1
VEH000089,TSK004744,0
VEH000385,TSK004744,1
VEH000414,TSK004744,1
VEH000060,TSK004744,0
VEH000468,TSK004744,1
VEH000269,TSK004744,1
VEH000459,TSK004744,0
VEH000528,TSK004744,0
VEH000406,TSK004744,1
VEH000229,TSK004744,0
VEH000379,TSK004744,0
VEH000003,TSK004744,0
VEH000028,TSK004744,1
VEH000100,TSK004744,1
VEH000335,TSK004744,0
VEH000048,TSK004744,1
VEH000368,TSK004744,0
VEH000309,TSK004744,1
VEH000499,TSK004744,1
VEH000225,TSK004744,0
VEH000330,TSK004744,0
VEH000279,TSK004744,1
VEH000341,TSK004744,1
VEH000049,TSK004744,1
VEH000344,TSK004744,1
VEH000042,TSK004744,0
VEH000311,TSK004744,0
VEH000287,TSK004744,1
VEH000421,TSK004744,1
VEH000516,TSK004744,1
VEH000510,TSK004744,0
VEH000084,TSK004744,1
VEH000266,TSK004744,0
VEH000051,TSK004744,0
VEH000016,TSK004744,0
VEH000526,TSK004744,0
VEH000247,TSK004744,1
VEH000252,TSK004744,1
VEH000314,TSK004744,1
VEH000242,TSK004744,0
VEH000433,TSK004744,1
VEH000366,TSK004744,1
VEH000318,TSK004744,0
VEH000290,TSK004744,0
VEH000008,TSK004744,1
VEH000530,TSK004744,1
VEH000081,TSK004744,0
VEH000304,TSK004744,0
VEH000358,TSK004744,0
VEH000026,TSK004744,1
VEH000430,TSK004744,1
VEH000067,TSK004744,0
VEH000088,TSK004744,1
VEH000417,TSK004744,0
VEH000015,TSK004744,0
VEH000024,TSK004744,0
VEH000250,TSK004744,0
VEH000267,TSK004744,1
VEH000034,TSK004744,0
VEH000532,TSK004744,1
VEH000482,TSK004744,0
VEH000386,TSK004744,1
VEH000389,TSK004744,0
VEH000007,TSK004744,1
VEH000367,TSK004744,1
VEH000230,TSK004744,0
VEH000327,TSK004744,1
VEH000426,TSK004744,0
VEH000073,TSK004744,0
VEH000488,TSK004744,0
VEH000222,TSK004744,0
VEH000047,TSK004744,0
VEH000263,TSK004744,1
VEH000346,TSK004744,0
VEH000292,TSK004771,0
VEH000097,TSK004771,0
VEH000077,TSK004771,0
VEH000251,TSK004771,0
VEH000429,TSK004771,0
VEH000036,TSK004771,0
VEH000525,TSK004771,1
VEH000320,TSK004771,1
VEH000313,TSK004771,1
VEH000312,TSK004771,0
VEH000299,TSK004771,0
VEH000298,TSK004771,1
VEH000431,TSK004771,1
VEH000246,TSK004771,1
VEH000061,TSK004771,0
VEH000096,TSK004771,0
VEH000059,TSK004771,0
VEH000336,TSK004771,1
VEH000284,TSK004771,1
VEH000397,TSK004771,1
VEH000334,TSK004771,1
VEH000259,TSK004771,1
VEH000527,TSK004771,1
VEH000031,TSK004771,0
VEH000348,TSK004771,1
VEH000271,TSK004771,0
VEH000089,TSK004771,0
VEH000385,TSK004771,0
VEH000414,TSK004771,0
VEH000060,TSK004771,0
VEH000468,TSK004771,0
VEH000269,TSK004771,1
VEH000459,TSK004771,0
VEH000528,TSK004771,0
VEH000406,TSK004771,1
VEH000229,TSK004771,0
VEH000379,TSK004771,1
VEH000003,TSK004771,1
VEH000028,TSK004771,0
VEH000100,TSK004771,0
VEH000335,TSK004771,0
VEH000048,TSK004771,1
VEH000368,TSK004771,1
VEH000309,TSK004771,0
VEH000499,TSK004771,1
VEH000225,TSK004771,1
VEH000330,TSK004771,1
VEH000279,TSK004771,1
VEH000341,TSK004771,0
VEH000049,TSK004771,0
VEH000344,TSK004771,1
VEH000042,TSK004771,0
VEH000311,TSK004771,0
VEH000287,TSK004771,0
VEH000421,TSK004771,0
VEH000516,TSK004771,0
VEH000510,TSK004771,1
VEH000084,TSK004771,1
VEH000266,TSK004771,1
VEH000051,TSK004771,1
VEH000016,TSK004771,0
VEH000526,TSK004771,1
VEH000247,TSK004771,1
VEH000252,TSK004771,0
VEH000314,TSK004771,0
VEH000242,TSK004771,1
VEH000433,TSK004771,0
VEH000366,TSK004771,1
VEH000318,TSK004771,0
VEH000290,TSK004771,0
VEH000008,TSK004771,1
VEH000530,TSK004771,1
VEH000081,TSK004771,1
VEH000304,TSK004771,0
VEH000358,TSK004771,1
VEH000026,TSK004771,1
VEH000430,TSK004771,1
VEH000067,TSK004771,0
VEH000088,TSK004771,1
VEH000417,TSK004771,1
VEH000015,TSK004771,1
VEH000024,TSK004771,1
VEH000250,TSK004771,1
VEH000267,TSK004771,0
VEH000034,TSK004771,0
VEH000532,TSK004771,0
VEH000482,TSK004771,0
VEH000386,TSK004771,1
VEH000389,TSK004771,0
VEH000007,TSK004771,0
VEH000367,TSK004771,1
VEH000230,TSK004771,0
VEH000327,TSK004771,1
VEH000426,TSK004771,1
VEH000073,TSK004771,0
VEH000488,TSK004771,0
VEH000222,TSK004771,1
VEH000047,TSK004771,1
VEH000263,TSK004771,1
VEH000346,TSK004771,0
VEH000292,TSK004778,0
VEH000097,TSK004778,1
VEH000077,TSK004778,0
VEH000251,TSK004778,1
VEH000429,TSK004778,0
VEH000036,TSK004778,0
VEH000525,TSK004778,0
VEH000320,TSK004778,0
VEH000313,TSK004778,1
VEH000312,TSK004778,0
VEH000299,TSK004778,0
VEH000298,TSK004778,0
VEH000431,TSK004778,0
VEH000246,TSK004778,1
VEH000061,TSK004778,1
VEH000096,TSK004778,0
VEH000059,TSK004778,1
VEH000336,TSK004778,0
VEH000284,TSK004778,1
VEH000397,TSK004778,1
VEH000334,TSK004778,1
VEH000259,TSK004778,0
VEH000527,TSK004778,1
VEH000031,TSK004778,1
VEH000348,TSK004778,1
VEH000271,TSK004778,1
VEH000089,TSK004778,1
VEH000385,TSK004778,1
VEH000414,TSK004778,0
VEH000060,TSK004778,0
VEH000468,TSK004778,1
VEH000269,TSK004778,0
VEH000459,TSK004778,0
VEH000528,TSK004778,0
VEH000406,TSK004778,0
VEH000229,TSK004778,1
VEH000379,TSK004778,1
VEH000003,TSK004778,1
VEH000028,TSK004778,0
VEH000100,TSK004778,1
VEH000335,TSK004778,0
VEH000048,TSK004778,1
VEH000368,TSK004778,1
VEH000309,TSK004778,1
VEH000499,TSK004778,0
VEH000225,TSK004778,0
VEH000330,TSK004778,0
VEH000279,TSK004778,0
VEH000341,TSK004778,0
VEH000049,TSK004778,0
VEH000344,TSK004778,0
VEH000042,TSK004778,1
VEH000311,TSK004778,1
VEH000287,TSK004778,0
VEH000421,TSK004778,0
VEH000516,TSK004778,0
VEH000510,TSK004778,1
VEH000084,TSK004778,1
VEH000266,TSK004778,0
VEH000051,TSK004778,0
VEH000016,TSK004778,1
VEH000526,TSK004778,0
VEH000247,TSK004778,1
VEH000252,TSK004778,1
VEH000314,TSK004778,1
VEH000242,TSK004778,1
VEH000433,TSK004778,1
VEH000366,TSK004778,0
VEH000318,TSK004778,1
VEH000290,TSK004778,0
VEH000008,TSK004778,0
VEH000530,TSK004778,1
VEH000081,TSK004778,1
VEH000304,TSK004778,0
VEH000358,TSK004778,0
VEH000026,TSK004778,0
VEH000430,TSK004778,0
VEH000067,TSK004778,1
VEH000088,TSK004778,1
VEH000417,TSK004778,1
VEH000015,TSK004778,0
VEH000024,TSK004778,1
VEH000250,TSK004778,0
VEH000267,TSK004778,1
VEH000034,TSK004778,0
VEH000532,TSK004778,1
VEH000482,TSK004778,1
VEH000386,TSK004778,1
VEH000389,TSK004778,1
VEH000007,TSK004778,1
VEH000367,TSK004778,0
VEH000230,TSK004778,1
VEH000327,TSK004778,0
VEH000426,TSK004778,0
VEH000073,TSK004778,0
VEH000488,TSK004778,1
VEH000222,TSK004778,1
VEH000047,TSK004778,1
VEH000263,TSK004778,0
VEH000346,TSK004778,0
VEH000292,TSK004791,1
VEH000097,TSK004791,1
VEH000077,TSK004791,1
VEH000251,TSK004791,1
VEH000429,TSK004791,0
VEH000036,TSK004791,0
VEH000525,TSK004791,0
VEH000320,TSK004791,0
VEH000313,TSK004791,0
VEH000312,TSK004791,0
VEH000299,TSK004791,0
VEH000298,TSK004791,0
VEH000431,TSK004791,1
VEH000246,TSK004791,1
VEH000061,TSK004791,0
VEH000096,TSK004791,1
VEH000059,TSK004791,0
VEH000336,TSK004791,0
VEH000284,TSK004791,0
VEH000397,TSK004791,0
VEH000334,TSK004791,1
VEH000259,TSK004791,1
VEH000527,TSK004791,0
VEH000031,TSK004791,1
VEH000348,TSK004791,1
VEH000271,TSK004791,1
VEH000089,TSK004791,0
VEH000385,TSK004791,1
VEH000414,TSK004791,1
VEH000060,TSK004791,0
VEH000468,TSK004791,0
VEH000269,TSK004791,1
VEH000459,TSK004791,0
VEH000528,TSK004791,1
VEH000406,TSK004791,1
VEH000229,TSK004791,0
VEH000379,TSK004791,0
VEH000003,TSK004791,0
VEH000028,TSK004791,0
VEH000100,TSK004791,1
VEH000335,TSK004791,0
VEH000048,TSK004791,1
VEH000368,TSK004791,0
VEH000309,TSK004791,1
VEH000499,TSK004791,1
VEH000225,TSK004791,1
VEH000330,TSK004791,1
VEH000279,TSK004791,0
VEH000341,TSK004791,1
VEH000049,TSK004791,0
VEH000344,TSK004791,1
VEH000042,TSK004791,0
VEH000311,TSK004791,0
VEH000287,TSK004791,1
VEH000421,TSK004791,0
VEH000516,TSK004791,0
VEH000510,TSK004791,0
VEH000084,TSK004791,1
VEH000266,TSK004791,0
VEH000051,TSK004791,1
VEH000016,TSK004791,0
VEH000526,TSK004791,0
VEH000247,TSK004791,0
VEH000252,TSK004791,0
VEH000314,TSK004791,1
VEH000242,TSK004791,1
VEH000433,TSK004791,1
VEH000366,TSK004791,1
VEH000318,TSK004791,0
VEH000290,TSK004791,0
VEH000008,TSK004791,1
VEH000530,TSK004791,1
VEH000081,TSK004791,0
VEH000304,TSK004791,1
VEH000358,TSK004791,0
VEH000026,TSK004791,0
VEH000430,TSK004791,1
VEH000067,TSK004791,0
VEH000088,TSK004791,0
VEH000417,TSK004791,1
VEH000015,TSK004791,1
VEH000024,TSK004791,1
VEH000250,TSK004791,0
VEH000267,TSK004791,1
VEH000034,TSK004791,1
VEH000532,TSK004791,1
VEH000482,TSK004791,1
VEH000386,TSK004791,0
VEH000389,TSK004791,1
VEH000007,TSK004791,1
VEH000367,TSK004791,0
VEH000230,TSK004791,0
VEH000327,TSK004791,1
VEH000426,TSK004791,1
VEH000073,TSK004791,0
VEH000488,TSK004791,0
VEH000222,TSK004791,1
VEH000047,TSK004791,0
VEH000263,TSK004791,1
VEH000346,TSK004791,1
VEH000292,TSK004802,0
VEH000097,TSK004802,0
VEH000077,TSK004802,1
VEH000251,TSK004802,0
VEH000429,TSK004802,1
VEH000036,TSK004802,0
VEH000525,TSK004802,0
VEH000320,TSK004802,0
VEH000313,TSK004802,1
VEH000312,TSK004802,1
VEH000299,TSK004802,0
VEH000298,TSK004802,1
VEH000431,TSK004802,1
VEH000246,TSK004802,1
VEH000061,TSK004802,1
VEH000096,TSK004802,1
VEH000059,TSK004802,0
VEH000336,TSK004802,0
VEH000284,TSK004802,0
VEH000397,TSK004802,1
VEH000334,TSK004802,1
VEH000259,TSK004802,0
VEH000527,TSK004802,0
VEH000031,TSK004802,1
VEH000348,TSK004802,1
VEH000271,TSK004802,0
VEH000089,TSK004802,1
VEH000385,TSK004802,0
VEH000414,TSK004802,1
VEH000060,TSK004802,0
VEH000468,TSK004802,0
VEH000269,TSK004802,0
VEH000459,TSK004802,1
VEH000528,TSK004802,1
VEH000406,TSK004802,0
VEH000229,TSK004802,0
VEH000379,TSK004802,1
VEH000003,TSK004802,1
VEH000028,TSK004802,1
VEH000100,TSK004802,0
VEH000335,TSK004802,1
VEH000048,TSK004802,1
VEH000368,TSK004802,0
VEH000309,TSK004802,0
VEH000499,TSK004802,0
VEH000225,TSK004802,1
VEH000330,TSK004802,1
VEH000279,TSK004802,0
VEH000341,TSK004802,1
VEH000049,TSK004802,0
VEH000344,TSK004802,0
VEH000042,TSK004802,1
VEH000311,TSK004802,0
VEH000287,TSK004802,0
VEH000421,TSK004802,1
VEH000516,TSK004802,0
VEH000510,TSK004802,1
VEH000084,TSK004802,1
VEH000266,TSK004802,1
VEH000051,TSK004802,0
VEH000016,TSK004802,1
VEH000526,TSK004802,1
VEH000247,TSK004802,0
VEH000252,TSK004802,1
VEH000314,TSK004802,0
VEH000242,TSK004802,0
VEH000433,TSK004802,1
VEH000366,TSK004802,1
VEH000318,TSK004802,1
VEH000290,TSK004802,1
VEH000008,TSK004802,0
VEH000530,TSK004802,0
VEH000081,TSK004802,0
VEH000304,TSK004802,1
VEH000358,TSK004802,1
VEH000026,TSK004802,1
VEH000430,TSK004802,1
VEH000067,TSK004802,0
VEH000088,TSK004802,0
VEH000417,TSK004802,1
VEH000015,TSK004802,0
VEH000024,TSK004802,1
VEH000250,TSK004802,1
VEH000267,TSK004802,0
VEH000034,TSK004802,0
VEH000532,TSK004802,0
VEH000482,TSK004802,0
VEH000386,TSK004802,0
VEH000389,TSK004802,0
VEH000007,TSK004802,0
VEH000367,TSK004802,1
VEH000230,TSK004802,1
VEH000327,TSK004802,0
VEH000426,TSK004802,0
VEH000073,TSK004802,0
VEH000488,TSK004802,1
VEH000222,TSK004802,1
VEH000047,TSK004802,0
VEH000263,TSK004802,1
VEH000346,TSK004802,1
VEH000292,TSK004808,0
VEH000097,TSK004808,1
VEH000077,TSK004808,1
VEH000251,TSK004808,0
VEH000429,TSK004808,1
VEH000036,TSK004808,1
VEH000525,TSK004808,1
VEH000320,TSK004808,0
VEH000313,TSK004808,1
VEH000312,TSK004808,1
VEH000299,TSK004808,0
VEH000298,TSK004808,0
VEH000431,TSK004808,0
VEH000246,TSK004808,1
VEH000061,TSK004808,0
VEH000096,TSK004808,0
VEH000059,TSK004808,0
VEH000336,TSK004808,0
VEH000284,TSK004808,0
VEH000397,TSK004808,1
VEH000334,TSK004808,1
VEH000259,TSK004808,1
VEH000527,TSK004808,0
VEH000031,TSK004808,0
VEH000348,TSK004808,0
VEH000271,TSK004808,1
VEH000089,TSK004808,1
VEH000385,TSK004808,0
VEH000414,TSK004808,1
VEH000060,TSK004808,1
VEH000468,TSK004808,0
VEH000269,TSK004808,0
VEH000459,TSK004808,1
VEH000528,TSK004808,0
VEH000406,TSK004808,1
VEH000229,TSK004808,0
VEH000379,TSK004808,1
VEH000003,TSK004808,0
VEH000028,TSK004808,1
VEH000100,TSK004808,0
VEH000335,TSK004808,0
VEH000048,TSK004808,1
VEH000368,TSK004808,0
VEH000309,TSK004808,0
VEH000499,TSK004808,1
VEH000225,TSK004808,1
VEH000330,TSK004808,0
VEH000279,TSK004808,0
VEH000341,TSK004808,1
VEH000049,TSK004808,1
VEH000344,TSK004808,0
VEH000042,TSK004808,0
VEH000311,TSK004808,1
VEH000287,TSK004808,1
VEH000421,TSK004808,0
VEH000516,TSK004808,1
VEH000510,TSK004808,0
VEH000084,TSK004808,0
VEH000266,TSK004808,0
VEH000051,TSK004808,0
VEH000016,TSK004808,0
VEH000526,TSK004808,1
VEH000247,TSK004808,0
VEH000252,TSK004808,0
VEH000314,TSK004808,1
VEH000242,TSK004808,0
VEH000433,TSK004808,0
VEH000366,TSK004808,1
VEH000318,TSK004808,1
VEH000290,TSK004808,0
VEH000008,TSK004808,1
VEH000530,TSK004808,1
VEH000081,TSK004808,1
VEH000304,TSK004808,1
VEH000358,TSK004808,1
VEH000026,TSK004808,0
VEH000430,TSK004808,0
VEH000067,TSK004808,1
VEH000088,TSK004808,1
VEH000417,TSK004808,1
VEH000015,TSK004808,1
VEH000024,TSK004808,1
VEH000250,TSK004808,0
VEH000267,TSK004808,1
VEH000034,TSK004808,1
VEH000532,TSK004808,1
VEH000482,TSK004808,0
VEH000386,TSK004808,1
VEH000389,TSK004808,1
VEH000007,TSK004808,0
VEH000367,TSK004808,1
VEH000230,TSK004808,1
VEH000327,TSK004808,1
VEH000426,TSK004808,0
VEH000073,TSK004808,1
VEH000488,TSK004808,0
VEH000222,TSK004808,0
VEH000047,TSK004808,0
VEH000263,TSK004808,0
VEH000346,TSK004808,0
VEH000292,TSK004833,0
VEH000097,TSK004833,1
VEH000077,TSK004833,0
VEH000251,TSK004833,0
VEH000429,TSK004833,0
VEH000036,TSK004833,0
VEH000525,TSK004833,1
VEH000320,TSK004833,0
VEH000313,TSK004833,0
VEH000312,TSK004833,0
VEH000299,TSK004833,0
VEH000298,TSK004833,0
VEH000431,TSK004833,0
VEH000246,TSK004833,1
VEH000061,TSK004833,1
VEH000096,TSK004833,1
VEH000059,TSK004833,0
VEH000336,TSK004833,1
VEH000284,TSK004833,1
VEH000397,TSK004833,1
VEH000334,TSK004833,0
VEH000259,TSK004833,0
VEH000527,TSK004833,1
VEH000031,TSK004833,1
VEH000348,TSK004833,0
VEH000271,TSK004833,0
VEH000089,TSK004833,1
VEH000385,TSK004833,0
VEH000414,TSK004833,1
VEH000060,TSK004833,1
VEH000468,TSK004833,1
VEH000269,TSK004833,1
VEH000459,TSK004833,0
VEH000528,TSK004833,0
VEH000406,TSK004833,0
VEH000229,TSK004833,0
VEH000379,TSK004833,0
VEH000003,TSK004833,0
VEH000028,TSK004833,0
VEH000100,TSK004833,0
VEH000335,TSK004833,1
VEH000048,TSK004833,0
VEH000368,TSK004833,1
VEH000309,TSK004833,0
VEH000499,TSK004833,1
VEH000225,TSK004833,0
VEH000330,TSK004833,1
VEH000279,TSK004833,0
VEH000341,TSK004833,1
VEH000049,TSK004833,0
VEH000344,TSK004833,1
VEH000042,TSK004833,0
VEH000311,TSK004833,1
VEH000287,TSK004833,0
VEH000421,TSK004833,0
VEH000516,TSK004833,1
VEH000510,TSK004833,1
VEH000084,TSK004833,1
VEH000266,TSK004833,1
VEH000051,TSK004833,1
VEH000016,TSK004833,0
VEH000526,TSK004833,0
VEH000247,TSK004833,1
VEH000252,TSK004833,0
VEH000314,TSK004833,1
VEH000242,TSK004833,1
VEH000433,TSK004833,1
VEH000366,TSK004833,0
VEH000318,TSK004833,1
VEH000290,TSK004833,0
VEH000008,TSK004833,0
VEH000530,TSK004833,1
VEH000081,TSK004833,1
VEH000304,TSK004833,1
VEH000358,TSK004833,0
VEH000026,TSK004833,0
VEH000430,TSK004833,1
VEH000067,TSK004833,1
VEH000088,TSK004833,0
VEH000417,TSK004833,0
VEH000015,TSK004833,1
VEH000024,TSK004833,0
VEH000250,TSK004833,1
VEH000267,TSK004833,1
VEH000034,TSK004833,0
VEH000532,TSK004833,0
VEH000482,TSK004833,1
VEH000386,TSK004833,1
VEH000389,TSK004833,0
VEH000007,TSK004833,1
VEH000367,TSK004833,1
VEH000230,TSK004833,1
VEH000327,TSK004833,1
VEH000426,TSK004833,1
VEH000073,TSK004833,0
VEH000488,TSK004833,0
VEH000222,TSK004833,0
VEH000047,TSK004833,1
VEH000263,TSK004833,1
VEH000346,TSK004833,1
VEH000292,TSK004864,1
VEH000097,TSK004864,0
VEH000077,TSK004864,1
VEH000251,TSK004864,0
VEH000429,TSK004864,0
VEH000036,TSK004864,1
VEH000525,TSK004864,0
VEH000320,TSK004864,0
VEH000313,TSK004864,1
VEH000312,TSK004864,1
VEH000299,TSK004864,0
VEH000298,TSK004864,0
VEH000431,TSK004864,1
VEH000246,TSK004864,1
VEH000061,TSK004864,1
VEH000096,TSK004864,0
VEH000059,TSK004864,0
VEH000336,TSK004864,0
VEH000284,TSK004864,1
VEH000397,TSK004864,1
VEH000334,TSK004864,0
VEH000259,TSK004864,1
VEH000527,TSK004864,0
VEH000031,TSK004864,0
VEH000348,TSK004864,0
VEH000271,TSK004864,1
VEH000089,TSK004864,1
VEH000385,TSK004864,1
VEH000414,TSK004864,1
VEH000060,TSK004864,1
VEH000468,TSK004864,0
VEH000269,TSK004864,0
VEH000459,TSK004864,1
VEH000528,TSK004864,1
VEH000406,TSK004864,1
VEH000229,TSK004864,0
VEH000379,TSK004864,1
VEH000003,TSK004864,1
VEH000028,TSK004864,1
VEH000100,TSK004864,1
VEH000335,TSK004864,1
VEH000048,TSK004864,0
VEH000368,TSK004864,1
VEH000309,TSK004864,1
VEH000499,TSK004864,0
VEH000225,TSK004864,1
VEH000330,TSK004864,0
VEH000279,TSK004864,0
VEH000341,TSK004864,1
VEH000049,TSK004864,0
VEH000344,TSK004864,1
VEH000042,TSK004864,1
VEH000311,TSK004864,0
VEH000287,TSK004864,1
VEH000421,TSK004864,1
VEH000516,TSK004864,0
VEH000510,TSK004864,0
VEH000084,TSK004864,0
VEH000266,TSK004864,1
VEH000051,TSK004864,0
VEH000016,TSK004864,0
VEH000526,TSK004864,1
VEH000247,TSK004864,1
VEH000252,TSK004864,0
VEH000314,TSK004864,0
VEH000242,TSK004864,0
VEH000433,TSK004864,0
VEH000366,TSK004864,0
VEH000318,TSK004864,1
VEH000290,TSK004864,0
VEH000008,TSK004864,1
VEH000530,TSK004864,1
VEH000081,TSK004864,1
VEH000304,TSK004864,0
VEH000358,TSK004864,0
VEH000026,TSK004864,0
VEH000430,TSK004864,1
VEH000067,TSK004864,0
VEH000088,TSK004864,0
VEH000417,TSK004864,0
VEH000015,TSK004864,0
VEH000024,TSK004864,0
VEH000250,TSK004864,0
VEH000267,TSK004864,0
VEH000034,TSK004864,0
VEH000532,TSK004864,0
VEH000482,TSK004864,1
VEH000386,TSK004864,1
VEH000389,TSK004864,1
VEH000007,TSK004864,1
VEH000367,TSK004864,1
VEH000230,TSK004864,0
VEH000327,TSK004864,0
VEH000426,TSK004864,1
VEH000073,TSK004864,0
VEH000488,TSK004864,1
VEH000222,TSK004864,1
VEH000047,TSK004864,1
VEH000263,TSK004864,0
VEH000346,TSK004864,1
VEH000292,TSK004874,1
VEH000097,TSK004874,0
VEH000077,TSK004874,0
VEH000251,TSK004874,1
VEH000429,TSK004874,0
VEH000036,TSK004874,0
VEH000525,TSK004874,0
VEH000320,TSK004874,1
VEH000313,TSK004874,1
VEH000312,TSK004874,1
VEH000299,TSK004874,0
VEH000298,TSK004874,0
VEH000431,TSK004874,0
VEH000246,TSK004874,0
VEH000061,TSK004874,1
VEH000096,TSK004874,1
VEH000059,TSK004874,1
VEH000336,TSK004874,1
VEH000284,TSK004874,1
VEH000397,TSK004874,0
VEH000334,TSK004874,1
VEH000259,TSK004874,1
VEH000527,TSK004874,1
VEH000031,TSK004874,0
VEH000348,TSK004874,1
VEH000271,TSK004874,0
VEH000089,TSK004874,1
VEH000385,TSK004874,1
VEH000414,TSK004874,1
VEH000060,TSK004874,0
VEH000468,TSK004874,0
VEH000269,TSK004874,0
VEH000459,TSK004874,1
VEH000528,TSK004874,1
VEH000406,TSK004874,0
VEH000229,TSK004874,1
VEH000379,TSK004874,0
VEH000003,TSK004874,0
VEH000028,TSK004874,1
VEH000100,TSK004874,1
VEH000335,TSK004874,1
VEH000048,TSK004874,0
VEH000368,TSK004874,0
VEH000309,TSK004874,0
VEH000499,TSK004874,1
VEH000225,TSK004874,0
VEH000330,TSK004874,0
VEH000279,TSK004874,0
VEH000341,TSK004874,0
VEH000049,TSK004874,1
VEH000344,TSK004874,1
VEH000042,TSK004874,0
VEH000311,TSK004874,1
VEH000287,TSK004874,1
VEH000421,TSK004874,0
VEH000516,TSK004874,0
VEH000510,TSK004874,1
VEH000084,TSK004874,0
VEH000266,TSK004874,0
VEH000051,TSK004874,0
VEH000016,TSK004874,0
VEH000526,TSK004874,0
VEH000247,TSK004874,1
VEH000252,TSK004874,0
VEH000314,TSK004874,1
VEH000242,TSK004874,1
VEH000433,TSK004874,1
VEH000366,TSK004874,0
VEH000318,TSK004874,1
VEH000290,TSK004874,1
VEH000008,TSK004874,1
VEH000530,TSK004874,1
VEH000081,TSK004874,0
VEH000304,TSK004874,0
VEH000358,TSK004874,0
VEH000026,TSK004874,1
VEH000430,TSK004874,1
VEH000067,TSK004874,1
VEH000088,TSK004874,0
VEH000417,TSK004874,0
VEH000015,TSK004874,0
VEH000024,TSK004874,1
VEH000250,TSK004874,0
VEH000267,TSK004874,1
VEH000034,TSK004874,0
VEH000532,TSK004874,1
VEH000482,TSK004874,1
VEH000386,TSK004874,0
VEH000389,TSK004874,0
VEH000007,TSK004874,1
VEH000367,TSK004874,1
VEH000230,TSK004874,1
VEH000327,TSK004874,1
VEH000426,TSK004874,0
VEH000073,TSK004874,1
VEH000488,TSK004874,0
VEH000222,TSK004874,0
VEH000047,TSK004874,0
VEH000263,TSK004874,0
VEH000346,TSK004874,1
VEH000292,TSK004878,0
VEH000097,TSK004878,0
VEH000077,TSK004878,1
VEH000251,TSK004878,0
VEH000429,TSK004878,1
VEH000036,TSK004878,0
VEH000525,TSK004878,1
VEH000320,TSK004878,1
VEH000313,TSK004878,1
VEH000312,TSK004878,0
VEH000299,TSK004878,1
VEH000298,TSK004878,0
VEH000431,TSK004878,1
VEH000246,TSK004878,0
VEH000061,TSK004878,0
VEH000096,TSK004878,0
VEH000059,TSK004878,1
VEH000336,TSK004878,0
VEH000284,TSK004878,0
VEH000397,TSK004878,0
VEH000334,TSK004878,1
VEH000259,TSK004878,0
VEH000527,TSK004878,0
VEH000031,TSK004878,1
VEH000348,TSK004878,1
VEH000271,TSK004878,0
VEH000089,TSK004878,0
VEH000385,TSK004878,0
VEH000414,TSK004878,1
VEH000060,TSK004878,0
VEH000468,TSK004878,1
VEH000269,TSK004878,1
VEH000459,TSK004878,0
VEH000528,TSK004878,0
VEH000406,TSK004878,1
VEH000229,TSK004878,1
VEH000379,TSK004878,1
VEH000003,TSK004878,1
VEH000028,TSK004878,1
VEH000100,TSK004878,0
VEH000335,TSK004878,1
VEH000048,TSK004878,0
VEH000368,TSK004878,1
VEH000309,TSK004878,1
VEH000499,TSK004878,0
VEH000225,TSK004878,0
VEH000330,TSK004878,0
VEH000279,TSK004878,0
VEH000341,TSK004878,1
VEH000049,TSK004878,1
VEH000344,TSK004878,0
VEH000042,TSK004878,1
VEH000311,TSK004878,0
VEH000287,TSK004878,1
VEH000421,TSK004878,1
VEH000516,TSK004878,1
VEH000510,TSK004878,1
VEH000084,TSK004878,0
VEH000266,TSK004878,0
VEH000051,TSK004878,0
VEH000016,TSK004878,0
VEH000526,TSK004878,0
VEH000247,TSK004878,0
VEH000252,TSK004878,1
VEH000314,TSK004878,0
VEH000242,TSK004878,0
VEH000433,TSK004878,1
VEH000366,TSK004878,0
VEH000318,TSK004878,1
VEH000290,TSK004878,1
VEH000008,TSK004878,0
VEH000530,TSK004878,1
VEH000081,TSK004878,0
VEH000304,TSK004878,1
VEH000358,TSK004878,0
VEH000026,TSK004878,1
VEH000430,TSK004878,1
VEH000067,TSK004878,0
VEH000088,TSK004878,0
VEH000417,TSK004878,1
VEH000015,TSK004878,0
VEH000024,TSK004878,0
VEH000250,TSK004878,0
VEH000267,TSK004878,1
VEH000034,TSK004878,0
VEH000532,TSK004878,1
VEH000482,TSK004878,0
VEH000386,TSK004878,1
VEH000389,TSK004878,0
VEH000007,TSK004878,1
VEH000367,TSK004878,1
VEH000230,TSK004878,1
VEH000327,TSK004878,1
VEH000426,TSK004878,1
VEH000073,TSK004878,1
VEH000488,TSK004878,1
VEH000222,TSK004878,1
VEH000047,TSK004878,0
VEH000263,TSK004878,0
VEH000346,TSK004878,1
VEH000292,TSK004923,0
VEH000097,TSK004923,1
VEH000077,TSK004923,1
VEH000251,TSK004923,1
VEH000429,TSK004923,0
VEH000036,TSK004923,0
VEH000525,TSK004923,0
VEH000320,TSK004923,0
VEH000313,TSK004923,1
VEH000312,TSK004923,0
VEH000299,TSK004923,0
VEH000298,TSK004923,0
VEH000431,TSK004923,1
VEH000246,TSK004923,0
VEH000061,TSK004923,1
VEH000096,TSK004923,0
VEH000059,TSK004923,1
VEH000336,TSK004923,0
VEH000284,TSK004923,1
VEH000397,TSK004923,1
VEH000334,TSK004923,1
VEH000259,TSK004923,0
VEH000527,TSK004923,0
VEH000031,TSK004923,1
VEH000348,TSK004923,1
VEH000271,TSK004923,0
VEH000089,TSK004923,0
VEH000385,TSK004923,0
VEH000414,TSK004923,0
VEH000060,TSK004923,1
VEH000468,TSK004923,1
VEH000269,TSK004923,0
VEH000459,TSK004923,0
VEH000528,TSK004923,1
VEH000406,TSK004923,1
VEH000229,TSK004923,1
VEH000379,TSK004923,0
VEH000003,TSK004923,1
VEH000028,TSK004923,0
VEH000100,TSK004923,1
VEH000335,TSK004923,1
VEH000048,TSK004923,1
VEH000368,TSK004923,0
VEH000309,TSK004923,0
VEH000499,TSK004923,1
VEH000225,TSK004923,1
VEH000330,TSK004923,0
VEH000279,TSK004923,0
VEH000341,TSK004923,1
VEH000049,TSK004923,0
VEH000344,TSK004923,0
VEH000042,TSK004923,1
VEH000311,TSK004923,0
VEH000287,TSK004923,0
VEH000421,TSK004923,1
VEH000516,TSK004923,0
VEH000510,TSK004923,0
VEH000084,TSK004923,1
VEH000266,TSK004923,1
VEH000051,TSK004923,0
VEH000016,TSK004923,0
VEH000526,TSK004923,0
VEH000247,TSK004923,1
VEH000252,TSK004923,1
VEH000314,TSK004923,1
VEH000242,TSK004923,0
VEH000433,TSK004923,1
VEH000366,TSK004923,1
VEH000318,TSK004923,1
VEH000290,TSK004923,0
VEH000008,TSK004923,0
VEH000530,TSK004923,0
VEH000081,TSK004923,0
VEH000304,TSK004923,0
VEH000358,TSK004923,1
VEH000026,TSK004923,0
VEH000430,TSK004923,1
VEH000067,TSK004923,0
VEH000088,TSK004923,0
VEH000417,TSK004923,1
VEH000015,TSK004923,1
VEH000024,TSK004923,1
VEH000250,TSK004923,0
VEH000267,TSK004923,1
VEH000034,TSK004923,0
VEH000532,TSK004923,1
VEH000482,TSK004923,0
VEH000386,TSK004923,1
VEH000389,TSK004923,0
VEH000007,TSK004923,1
VEH000367,TSK004923,0
VEH000230,TSK004923,0
VEH000327,TSK004923,1
VEH000426,TSK004923,1
VEH000073,TSK004923,1
VEH000488,TSK004923,1
VEH000222,TSK004923,1
VEH000047,TSK004923,1
VEH000263,TSK004923,0
VEH000346,TSK004923,1
VEH000292,TSK004951,1
VEH000097,TSK004951,0
VEH000077,TSK004951,0
VEH000251,TSK004951,1
VEH000429,TSK004951,1
VEH000036,TSK004951,1
VEH000525,TSK004951,0
VEH000320,TSK004951,1
VEH000313,TSK004951,0
VEH000312,TSK004951,1
VEH000299,TSK004951,1
VEH000298,TSK004951,0
VEH000431,TSK004951,1
VEH000246,TSK004951,0
VEH000061,TSK004951,0
VEH000096,TSK004951,1
VEH000059,TSK004951,1
VEH000336,TSK004951,0
VEH000284,TSK004951,0
VEH000397,TSK004951,1
VEH000334,TSK004951,0
VEH000259,TSK004951,0
VEH000527,TSK004951,1
VEH000031,TSK004951,0
VEH000348,TSK004951,1
VEH000271,TSK004951,0
VEH000089,TSK004951,1
VEH000385,TSK004951,1
VEH000414,TSK004951,0
VEH000060,TSK004951,1
VEH000468,TSK004951,1
VEH000269,TSK004951,0
VEH000459,TSK004951,1
VEH000528,TSK004951,1
VEH000406,TSK004951,1
VEH000229,TSK004951,0
VEH000379,TSK004951,0
VEH000003,TSK004951,1
VEH000028,TSK004951,0
VEH000100,TSK004951,1
VEH000335,TSK004951,1
VEH000048,TSK004951,1
VEH000368,TSK004951,0
VEH000309,TSK004951,1
VEH000499,TSK004951,1
VEH000225,TSK004951,0
VEH000330,TSK004951,1
VEH000279,TSK004951,0
VEH000341,TSK004951,1
VEH000049,TSK004951,1
VEH000344,TSK004951,0
VEH000042,TSK004951,0
VEH000311,TSK004951,0
VEH000287,TSK004951,0
VEH000421,TSK004951,0
VEH000516,TSK004951,1
VEH000510,TSK004951,1
VEH000084,TSK004951,0
VEH000266,TSK004951,1
VEH000051,TSK004951,1
VEH000016,TSK004951,1
VEH000526,TSK004951,0
VEH000247,TSK004951,0
VEH000252,TSK004951,1
VEH000314,TSK004951,1
VEH000242,TSK004951,0
VEH000433,TSK004951,0
VEH000366,TSK004951,0
VEH000318,TSK004951,0
VEH000290,TSK004951,0
VEH000008,TSK004951,0
VEH000530,TSK004951,1
VEH000081,TSK004951,1
VEH000304,TSK004951,1
VEH000358,TSK004951,1
VEH000026,TSK004951,0
VEH000430,TSK004951,0
VEH000067,TSK004951,1
VEH000088,TSK004951,0
VEH000417,TSK004951,0
VEH000015,TSK004951,1
VEH000024,TSK004951,1
VEH000250,TSK004951,0
VEH000267,TSK004951,0
VEH000034,TSK004951,0
VEH000532,TSK004951,0
VEH000482,TSK004951,0
VEH000386,TSK004951,1
VEH000389,TSK004951,1
VEH000007,TSK004951,1
VEH000367,TSK004951,1
VEH000230,TSK004951,1
VEH000327,TSK004951,0
VEH000426,TSK004951,0
VEH000073,TSK004951,0
VEH000488,TSK004951,0
VEH000222,TSK004951,0
VEH000047,TSK004951,1
VEH000263,TSK004951,0
VEH000346,TSK004951,1
VEH000292,TSK005017,0
VEH000097,TSK005017,1
VEH000077,TSK005017,0
VEH000251,TSK005017,0
VEH000429,TSK005017,1
VEH000036,TSK005017,0
VEH000525,TSK005017,0
VEH000320,TSK005017,1
VEH000313,TSK005017,0
VEH000312,TSK005017,0
VEH000299,TSK005017,0
VEH000298,TSK005017,1
VEH000431,TSK005017,1
VEH000246,TSK005017,1
VEH000061,TSK005017,0
VEH000096,TSK005017,1
VEH000059,TSK005017,1
VEH000336,TSK005017,0
VEH000284,TSK005017,1
VEH000397,TSK005017,0
VEH000334,TSK005017,0
VEH000259,TSK005017,0
VEH000527,TSK005017,1
VEH000031,TSK005017,1
VEH000348,TSK005017,1
VEH000271,TSK005017,0
VEH000089,TSK005017,1
VEH000385,TSK005017,1
VEH000414,TSK005017,1
VEH000060,TSK005017,1
VEH000468,TSK005017,0
VEH000269,TSK005017,1
VEH000459,TSK005017,0
VEH000528,TSK005017,1
VEH000406,TSK005017,1
VEH000229,TSK005017,1
VEH000379,TSK005017,1
VEH000003,TSK005017,1
VEH000028,TSK005017,1
VEH000100,TSK005017,0
VEH000335,TSK005017,0
VEH000048,TSK005017,0
VEH000368,TSK005017,1
VEH000309,TSK005017,0
VEH000499,TSK005017,0
VEH000225,TSK005017,1
VEH000330,TSK005017,0
VEH000279,TSK005017,0
VEH000341,TSK005017,0
VEH000049,TSK005017,1
VEH000344,TSK005017,0
VEH000042,TSK005017,1
VEH000311,TSK005017,0
VEH000287,TSK005017,1
VEH000421,TSK005017,0
VEH000516,TSK005017,0
VEH000510,TSK005017,0
VEH000084,TSK005017,0
VEH000266,TSK005017,0
VEH000051,TSK005017,0
VEH000016,TSK005017,0
VEH000526,TSK005017,0
VEH000247,TSK005017,1
VEH000252,TSK005017,1
VEH000314,TSK005017,1
VEH000242,TSK005017,1
VEH000433,TSK005017,0
VEH000366,TSK005017,1
VEH000318,TSK005017,1
VEH000290,TSK005017,1
VEH000008,TSK005017,1
VEH000530,TSK005017,0
VEH000081,TSK005017,1
VEH000304,TSK005017,0
VEH000358,TSK005017,0
VEH000026,TSK005017,1
VEH000430,TSK005017,1
VEH000067,TSK005017,1
VEH000088,TSK005017,1
VEH000417,TSK005017,1
VEH000015,TSK005017,0
VEH000024,TSK005017,0
VEH000250,TSK005017,1
VEH000267,TSK005017,1
VEH000034,TSK005017,1
VEH000532,TSK005017,0
VEH000482,TSK005017,1
VEH000386,TSK005017,0
VEH000389,TSK005017,0
VEH000007,TSK005017,0
VEH000367,TSK005017,1
VEH000230,TSK005017,1
VEH000327,TSK005017,0
VEH000426,TSK005017,0
VEH000073,TSK005017,0
VEH000488,TSK005017,1
VEH000222,TSK005017,0
VEH000047,TSK005017,0
VEH000263,TSK005017,1
VEH000346,TSK005017,0
VEH000292,TSK005073,1
VEH000097,TSK005073,0
VEH000077,TSK005073,1
VEH000251,TSK005073,1
VEH000429,TSK005073,1
VEH000036,TSK005073,1
VEH000525,TSK005073,0
VEH000320,TSK005073,1
VEH000313,TSK005073,0
VEH000312,TSK005073,1
VEH000299,TSK005073,0
VEH000298,TSK005073,0
VEH000431,TSK005073,0
VEH000246,TSK005073,0
VEH000061,TSK005073,0
VEH000096,TSK005073,0
VEH000059,TSK005073,1
VEH000336,TSK005073,0
VEH000284,TSK005073,0
VEH000397,TSK005073,0
VEH000334,TSK005073,1
VEH000259,TSK005073,0
VEH000527,TSK005073,0
VEH000031,TSK005073,0
VEH000348,TSK005073,1
VEH000271,TSK005073,1
VEH000089,TSK005073,1
VEH000385,TSK005073,1
VEH000414,TSK005073,1
VEH000060,TSK005073,0
VEH000468,TSK005073,0
VEH000269,TSK005073,0
VEH000459,TSK005073,1
VEH000528,TSK005073,0
VEH000406,TSK005073,1
VEH000229,TSK005073,1
VEH000379,TSK005073,0
VEH000003,TSK005073,1
VEH000028,TSK005073,1
VEH000100,TSK005073,0
VEH000335,TSK005073,1
VEH000048,TSK005073,1
VEH000368,TSK005073,0
VEH000309,TSK005073,0
VEH000499,TSK005073,1
VEH000225,TSK005073,1
VEH000330,TSK005073,1
VEH000279,TSK005073,0
VEH000341,TSK005073,0
VEH000049,TSK005073,1
VEH000344,TSK005073,1
VEH000042,TSK005073,1
VEH000311,TSK005073,0
VEH000287,TSK005073,1
VEH000421,TSK005073,0
VEH000516,TSK005073,1
VEH000510,TSK005073,1
VEH000084,TSK005073,0
VEH000266,TSK005073,0
VEH000051,TSK005073,1
VEH000016,TSK005073,0
VEH000526,TSK005073,0
VEH000247,TSK005073,0
VEH000252,TSK005073,1
VEH000314,TSK005073,1
VEH000242,TSK005073,0
VEH000433,TSK005073,1
VEH000366,TSK005073,1
VEH000318,TSK005073,0
VEH000290,TSK005073,1
VEH000008,TSK005073,0
VEH000530,TSK005073,1
VEH000081,TSK005073,0
VEH000304,TSK005073,1
VEH000358,TSK005073,1
VEH000026,TSK005073,1
VEH000430,TSK005073,0
VEH000067,TSK005073,0
VEH000088,TSK005073,1
VEH000417,TSK005073,1
VEH000015,TSK005073,1
VEH000024,TSK005073,0
VEH000250,TSK005073,0
VEH000267,TSK005073,1
VEH000034,TSK005073,0
VEH000532,TSK005073,1
VEH000482,TSK005073,0
VEH000386,TSK005073,1
VEH000389,TSK005073,1
VEH000007,TSK005073,1
VEH000367,TSK005073,0
VEH000230,TSK005073,0
VEH000327,TSK005073,0
VEH000426,TSK005073,0
VEH000073,TSK005073,1
VEH000488,TSK005073,0
VEH000222,TSK005073,0
VEH000047,TSK005073,0
VEH000263,TSK005073,0
VEH000346,TSK005073,1
VEH000292,TSK005075,0
VEH000097,TSK005075,1
VEH000077,TSK005075,0
VEH000251,TSK005075,1
VEH000429,TSK005075,0
VEH000036,TSK005075,0
VEH000525,TSK005075,0
VEH000320,TSK005075,0
VEH000313,TSK005075,1
VEH000312,TSK005075,1
VEH000299,TSK005075,1
VEH000298,TSK005075,0
VEH000431,TSK005075,0
VEH000246,TSK005075,1
VEH000061,TSK005075,1
VEH000096,TSK005075,1
VEH000059,TSK005075,0
VEH000336,TSK005075,0
VEH000284,TSK005075,0
VEH000397,TSK005075,1
VEH000334,TSK005075,0
VEH000259,TSK005075,0
VEH000527,TSK005075,0
VEH000031,TSK005075,0
VEH000348,TSK005075,1
VEH000271,TSK005075,1
VEH000089,TSK005075,1
VEH000385,TSK005075,1
VEH000414,TSK005075,0
VEH000060,TSK005075,0
VEH000468,TSK005075,1
VEH000269,TSK005075,0
VEH000459,TSK005075,1
VEH000528,TSK005075,0
VEH000406,TSK005075,0
VEH000229,TSK005075,1
VEH000379,TSK005075,0
VEH000003,TSK005075,1
VEH000028,TSK005075,0
VEH000100,TSK005075,1
VEH000335,TSK005075,0
VEH000048,TSK005075,1
VEH000368,TSK005075,1
VEH000309,TSK005075,0
VEH000499,TSK005075,1
VEH000225,TSK005075,0
VEH000330,TSK005075,1
VEH000279,TSK005075,1
VEH000341,TSK005075,1
VEH000049,TSK005075,0
VEH000344,TSK005075,0
VEH000042,TSK005075,1
VEH000311,TSK005075,0
VEH000287,TSK005075,1
VEH000421,TSK005075,1
VEH000516,TSK005075,1
VEH000510,TSK005075,0
VEH000084,TSK005075,1
VEH000266,TSK005075,1
VEH000051,TSK005075,1
VEH000016,TSK005075,1
VEH000526,TSK005075,1
VEH000247,TSK005075,0
VEH000252,TSK005075,1
VEH000314,TSK005075,1
VEH000242,TSK005075,0
VEH000433,TSK005075,0
VEH000366,TSK005075,1
VEH000318,TSK005075,0
VEH000290,TSK005075,1
VEH000008,TSK005075,0
VEH000530,TSK005075,1
VEH000081,TSK005075,0
VEH000304,TSK005075,1
VEH000358,TSK005075,1
VEH000026,TSK005075,0
VEH000430,TSK005075,0
VEH000067,TSK005075,0
VEH000088,TSK005075,0
VEH000417,TSK005075,0
VEH000015,TSK005075,1
VEH000024,TSK005075,0
VEH000250,TSK005075,1
VEH000267,TSK005075,0
VEH000034,TSK005075,1
VEH000532,TSK005075,0
VEH000482,TSK005075,1
VEH000386,TSK005075,1
VEH000389,TSK005075,0
VEH000007,TSK005075,0
VEH000367,TSK005075,1
VEH000230,TSK005075,0
VEH000327,TSK005075,1
VEH000426,TSK005075,1
VEH000073,TSK005075,0
VEH000488,TSK005075,0
VEH000222,TSK005075,1
VEH000047,TSK005075,1
VEH000263,TSK005075,0
VEH000346,TSK005075,0
VEH000292,TSK005078,1
VEH000097,TSK005078,0
VEH000077,TSK005078,0
VEH000251,TSK005078,0
VEH000429,TSK005078,1
VEH000036,TSK005078,1
VEH000525,TSK005078,0
VEH000320,TSK005078,1
VEH000313,TSK005078,1
VEH000312,TSK005078,1
VEH000299,TSK005078,1
VEH000298,TSK005078,0
VEH000431,TSK005078,1
VEH000246,TSK005078,1
VEH000061,TSK005078,1
VEH000096,TSK005078,1
VEH000059,TSK005078,0
VEH000336,TSK005078,1
VEH000284,TSK005078,1
VEH000397,TSK005078,0
VEH000334,TSK005078,0
VEH000259,TSK005078,0
VEH000527,TSK005078,0
VEH000031,TSK005078,0
VEH000348,TSK005078,1
VEH000271,TSK005078,1
VEH000089,TSK005078,1
VEH000385,TSK005078,1
VEH000414,TSK005078,1
VEH000060,TSK005078,1
VEH000468,TSK005078,0
VEH000269,TSK005078,0
VEH000459,TSK005078,1
VEH000528,TSK005078,0
VEH000406,TSK005078,0
VEH000229,TSK005078,0
VEH000379,TSK005078,0
VEH000003,TSK005078,0
VEH000028,TSK005078,0
VEH000100,TSK005078,1
VEH000335,TSK005078,0
VEH000048,TSK005078,0
VEH000368,TSK005078,1
VEH000309,TSK005078,1
VEH000499,TSK005078,1
VEH000225,TSK005078,0
VEH000330,TSK005078,1
VEH000279,TSK005078,0
VEH000341,TSK005078,0
VEH000049,TSK005078,0
VEH000344,TSK005078,1
VEH000042,TSK005078,1
VEH000311,TSK005078,1
VEH000287,TSK005078,0
VEH000421,TSK005078,0
VEH000516,TSK005078,1
VEH000510,TSK005078,1
VEH000084,TSK005078,1
VEH000266,TSK005078,0
VEH000051,TSK005078,0
VEH000016,TSK005078,0
VEH000526,TSK005078,0
VEH000247,TSK005078,1
VEH000252,TSK005078,1
VEH000314,TSK005078,1
VEH000242,TSK005078,0
VEH000433,TSK005078,1
VEH000366,TSK005078,1
VEH000318,TSK005078,1
VEH000290,TSK005078,1
VEH000008,TSK005078,0
VEH000530,TSK005078,0
VEH000081,TSK005078,1
VEH000304,TSK005078,0
VEH000358,TSK005078,0
VEH000026,TSK005078,0
VEH000430,TSK005078,1
VEH000067,TSK005078,1
VEH000088,TSK005078,1
VEH000417,TSK005078,0
VEH000015,TSK005078,1
VEH000024,TSK005078,0
VEH000250,TSK005078,0
VEH000267,TSK005078,0
VEH000034,TSK005078,0
VEH000532,TSK005078,1
VEH000482,TSK005078,1
VEH000386,TSK005078,0
VEH000389,TSK005078,0
VEH000007,TSK005078,1
VEH000367,TSK005078,0
VEH000230,TSK005078,0
VEH000327,TSK005078,1
VEH000426,TSK005078,1
VEH000073,TSK005078,0
VEH000488,TSK005078,0
VEH000222,TSK005078,1
VEH000047,TSK005078,1
VEH000263,TSK005078,0
VEH000346,TSK005078,0
VEH000292,TSK005103,0
VEH000097,TSK005103,1
VEH000077,TSK005103,1
VEH000251,TSK005103,0
VEH000429,TSK005103,1
VEH000036,TSK005103,1
VEH000525,TSK005103,0
VEH000320,TSK005103,0
VEH000313,TSK005103,1
VEH000312,TSK005103,1
VEH000299,TSK005103,0
VEH000298,TSK005103,0
VEH000431,TSK005103,1
VEH000246,TSK005103,1
VEH000061,TSK005103,1
VEH000096,TSK005103,0
VEH000059,TSK005103,1
VEH000336,TSK005103,1
VEH000284,TSK005103,0
VEH000397,TSK005103,0
VEH000334,TSK005103,0
VEH000259,TSK005103,0
VEH000527,TSK005103,1
VEH000031,TSK005103,0
VEH000348,TSK005103,1
VEH000271,TSK005103,0
VEH000089,TSK005103,1
VEH000385,TSK005103,1
VEH000414,TSK005103,1
VEH000060,TSK005103,1
VEH000468,TSK005103,1
VEH000269,TSK005103,1
VEH000459,TSK005103,0
VEH000528,TSK005103,0
VEH000406,TSK005103,1
VEH000229,TSK005103,0
VEH000379,TSK005103,0
VEH000003,TSK005103,1
VEH000028,TSK005103,0
VEH000100,TSK005103,1
VEH000335,TSK005103,1
VEH000048,TSK005103,0
VEH000368,TSK005103,0
VEH000309,TSK005103,0
VEH000499,TSK005103,0
VEH000225,TSK005103,1
VEH000330,TSK005103,1
VEH000279,TSK005103,1
VEH000341,TSK005103,0
VEH000049,TSK005103,0
VEH000344,TSK005103,0
VEH000042,TSK005103,0
VEH000311,TSK005103,1
VEH000287,TSK005103,0
VEH000421,TSK005103,0
VEH000516,TSK005103,0
VEH000510,TSK005103,0
VEH000084,TSK005103,0
VEH000266,TSK005103,0
VEH000051,TSK005103,0
VEH000016,TSK005103,1
VEH000526,TSK005103,0
VEH000247,TSK005103,1
VEH000252,TSK005103,1
VEH000314,TSK005103,0
VEH000242,TSK005103,1
VEH000433,TSK005103,0
VEH000366,TSK005103,0
VEH000318,TSK005103,1
VEH000290,TSK005103,0
VEH000008,TSK005103,1
VEH000530,TSK005103,1
VEH000081,TSK005103,1
VEH000304,TSK005103,1
VEH000358,TSK005103,1
VEH000026,TSK005103,1
VEH000430,TSK005103,0
VEH000067,TSK005103,0
VEH000088,TSK005103,1
VEH000417,TSK005103,1
VEH000015,TSK005103,0
VEH000024,TSK005103,1
VEH000250,TSK005103,1
VEH000267,TSK005103,0
VEH000034,TSK005103,1
VEH000532,TSK005103,1
VEH000482,TSK005103,1
VEH000386,TSK005103,1
VEH000389,TSK005103,0
VEH000007,TSK005103,0
VEH000367,TSK005103,1
VEH000230,TSK005103,0
VEH000327,TSK005103,1
VEH000426,TSK005103,0
VEH000073,TSK005103,0
VEH000488,TSK005103,0
VEH000222,TSK005103,0
VEH000047,TSK005103,0
VEH000263,TSK005103,1
VEH000346,TSK005103,1
VEH000292,TSK005193,0
VEH000097,TSK005193,1
VEH000077,TSK005193,1
VEH000251,TSK005193,1
VEH000429,TSK005193,0
VEH000036,TSK005193,0
VEH000525,TSK005193,0
VEH000320,TSK005193,0
VEH000313,TSK005193,1
VEH000312,TSK005193,0
VEH000299,TSK005193,0
VEH000298,TSK005193,1
VEH000431,TSK005193,0
VEH000246,TSK005193,1
VEH000061,TSK005193,0
VEH000096,TSK005193,0
VEH000059,TSK005193,0
VEH000336,TSK005193,0
VEH000284,TSK005193,0
VEH000397,TSK005193,1
VEH000334,TSK005193,1
VEH000259,TSK005193,0
VEH000527,TSK005193,1
VEH000031,TSK005193,1
VEH000348,TSK005193,1
VEH000271,TSK005193,0
VEH000089,TSK005193,0
VEH000385,TSK005193,1
VEH000414,TSK005193,1
VEH000060,TSK005193,1
VEH000468,TSK005193,0
VEH000269,TSK005193,1
VEH000459,TSK005193,1
VEH000528,TSK005193,0
VEH000406,TSK005193,1
VEH000229,TSK005193,0
VEH000379,TSK005193,1
VEH000003,TSK005193,0
VEH000028,TSK005193,1
VEH000100,TSK005193,1
VEH000335,TSK005193,1
VEH000048,TSK005193,1
VEH000368,TSK005193,1
VEH000309,TSK005193,1
VEH000499,TSK005193,0
VEH000225,TSK005193,1
VEH000330,TSK005193,1
VEH000279,TSK005193,1
VEH000341,TSK005193,0
VEH000049,TSK005193,0
VEH000344,TSK005193,0
VEH000042,TSK005193,0
VEH000311,TSK005193,0
VEH000287,TSK005193,1
VEH000421,TSK005193,1
VEH000516,TSK005193,1
VEH000510,TSK005193,1
VEH000084,TSK005193,1
VEH000266,TSK005193,1
VEH000051,TSK005193,1
VEH000016,TSK005193,1
VEH000526,TSK005193,1
VEH000247,TSK005193,1
VEH000252,TSK005193,0
VEH000314,TSK005193,1
VEH000242,TSK005193,0
VEH000433,TSK005193,0
VEH000366,TSK005193,0
VEH000318,TSK005193,1
VEH000290,TSK005193,0
VEH000008,TSK005193,1
VEH000530,TSK005193,0
VEH000081,TSK005193,1
VEH000304,TSK005193,1
VEH000358,TSK005193,0
VEH000026,TSK005193,1
VEH000430,TSK005193,1
VEH000067,TSK005193,1
VEH000088,TSK005193,0
VEH000417,TSK005193,0
VEH000015,TSK005193,0
VEH000024,TSK005193,0
VEH000250,TSK005193,0
VEH000267,TSK005193,0
VEH000034,TSK005193,0
VEH000532,TSK005193,0
VEH000482,TSK005193,1
VEH000386,TSK005193,0
VEH000389,TSK005193,0
VEH000007,TSK005193,0
VEH000367,TSK005193,0
VEH000230,TSK005193,0
VEH000327,TSK005193,0
VEH000426,TSK005193,1
VEH000073,TSK005193,1
VEH000488,TSK005193,0
VEH000222,TSK005193,1
VEH000047,TSK005193,0
VEH000263,TSK005193,0
VEH000346,TSK005193,1
VEH000292,TSK005252,1
VEH000097,TSK005252,1
VEH000077,TSK005252,0
VEH000251,TSK005252,1
VEH000429,TSK005252,0
VEH000036,TSK005252,1
VEH000525,TSK005252,1
VEH000320,TSK005252,0
VEH000313,TSK005252,1
VEH000312,TSK005252,0
VEH000299,TSK005252,1
VEH000298,TSK005252,1
VEH000431,TSK005252,1
VEH000246,TSK005252,0
VEH000061,TSK005252,1
VEH000096,TSK005252,0
VEH000059,TSK005252,1
VEH000336,TSK005252,0
VEH000284,TSK005252,0
VEH000397,TSK005252,1
VEH000334,TSK005252,1
VEH000259,TSK005252,0
VEH000527,TSK005252,1
VEH000031,TSK005252,1
VEH000348,TSK005252,0
VEH000271,TSK005252,1
VEH000089,TSK005252,0
VEH000385,TSK005252,0
VEH000414,TSK005252,0
VEH000060,TSK005252,1
VEH000468,TSK005252,0
VEH000269,TSK005252,1
VEH000459,TSK005252,0
VEH000528,TSK005252,0
VEH000406,TSK005252,1
VEH000229,TSK005252,1
VEH000379,TSK005252,1
VEH000003,TSK005252,0
VEH000028,TSK005252,1
VEH000100,TSK005252,0
VEH000335,TSK005252,0
VEH000048,TSK005252,0
VEH000368,TSK005252,1
VEH000309,TSK005252,1
VEH000499,TSK005252,0
VEH000225,TSK005252,0
VEH000330,TSK005252,0
VEH000279,TSK005252,1
VEH000341,TSK005252,1
VEH000049,TSK005252,0
VEH000344,TSK005252,1
VEH000042,TSK005252,0
VEH000311,TSK005252,1
VEH000287,TSK005252,1
VEH000421,TSK005252,0
VEH000516,TSK005252,1
VEH000510,TSK005252,0
VEH000084,TSK005252,0
VEH000266,TSK005252,0
VEH000051,TSK005252,0
VEH000016,TSK005252,0
VEH000526,TSK005252,1
VEH000247,TSK005252,0
VEH000252,TSK005252,0
VEH000314,TSK005252,0
VEH000242,TSK005252,1
VEH000433,TSK005252,0
VEH000366,TSK005252,0
VEH000318,TSK005252,0
VEH000290,TSK005252,1
VEH000008,TSK005252,0
VEH000530,TSK005252,1
VEH000081,TSK005252,1
VEH000304,TSK005252,1
VEH000358,TSK005252,1
VEH000026,TSK005252,1
VEH000430,TSK005252,0
VEH000067,TSK005252,0
VEH000088,TSK005252,0
VEH000417,TSK005252,0
VEH000015,TSK005252,1
VEH000024,TSK005252,0
VEH000250,TSK005252,0
VEH000267,TSK005252,1
VEH000034,TSK005252,1
VEH000532,TSK005252,0
VEH000482,TSK005252,1
VEH000386,TSK005252,0
VEH000389,TSK005252,1
VEH000007,TSK005252,0
VEH000367,TSK005252,0
VEH000230,TSK005252,1
VEH000327,TSK005252,1
VEH000426,TSK005252,1
VEH000073,TSK005252,1
VEH000488,TSK005252,1
VEH000222,TSK005252,0
VEH000047,TSK005252,1
VEH000263,TSK005252,1
VEH000346,TSK005252,0
VEH000292,TSK005332,1
VEH000097,TSK005332,0
VEH000077,TSK005332,1
VEH000251,TSK005332,0
VEH000429,TSK005332,1
VEH000036,TSK005332,1
VEH000525,TSK005332,1
VEH000320,TSK005332,0
VEH000313,TSK005332,0
VEH000312,TSK005332,1
VEH000299,TSK005332,0
VEH000298,TSK005332,1
VEH000431,TSK005332,1
VEH000246,TSK005332,0
VEH000061,TSK005332,1
VEH000096,TSK005332,1
VEH000059,TSK005332,1
VEH000336,TSK005332,0
VEH000284,TSK005332,0
VEH000397,TSK005332,1
VEH000334,TSK005332,0
VEH000259,TSK005332,1
VEH000527,TSK005332,1
VEH000031,TSK005332,0
VEH000348,TSK005332,0
VEH000271,TSK005332,1
VEH000089,TSK005332,0
VEH000385,TSK005332,0
VEH000414,TSK005332,1
VEH000060,TSK005332,0
VEH000468,TSK005332,0
VEH000269,TSK005332,1
VEH000459,TSK005332,0
VEH000528,TSK005332,1
VEH000406,TSK005332,1
VEH000229,TSK005332,1
VEH000379,TSK005332,1
VEH000003,TSK005332,1
VEH000028,TSK005332,1
VEH000100,TSK005332,1
VEH000335,TSK005332,1
VEH000048,TSK005332,1
VEH000368,TSK005332,1
VEH000309,TSK005332,0
VEH000499,TSK005332,0
VEH000225,TSK005332,0
VEH000330,TSK005332,0
VEH000279,TSK005332,0
VEH000341,TSK005332,0
VEH000049,TSK005332,1
VEH000344,TSK005332,1
VEH000042,TSK005332,1
VEH000311,TSK005332,0
VEH000287,TSK005332,0
VEH000421,TSK005332,0
VEH000516,TSK005332,1
VEH000510,TSK005332,0
VEH000084,TSK005332,1
VEH000266,TSK005332,0
VEH000051,TSK005332,1
VEH000016,TSK005332,0
VEH000526,TSK005332,1
VEH000247,TSK005332,1
VEH000252,TSK005332,1
VEH000314,TSK005332,1
VEH000242,TSK005332,0
VEH000433,TSK005332,0
VEH000366,TSK005332,0
VEH000318,TSK005332,1
VEH000290,TSK005332,1
VEH000008,TSK005332,0
VEH000530,TSK005332,0
VEH000081,TSK005332,1
VEH000304,TSK005332,0
VEH000358,TSK005332,0
VEH000026,TSK005332,1
VEH000430,TSK005332,1
VEH000067,TSK005332,1
VEH000088,TSK005332,1
VEH000417,TSK005332,1
VEH000015,TSK005332,0
VEH000024,TSK005332,1
VEH000250,TSK005332,0
VEH000267,TSK005332,1
VEH000034,TSK005332,1
VEH000532,TSK005332,0
VEH000482,TSK005332,0
VEH000386,TSK005332,0
VEH000389,TSK005332,0
VEH000007,TSK005332,0
VEH000367,TSK005332,1
VEH000230,TSK005332,1
VEH000327,TSK005332,0
VEH000426,TSK005332,0
VEH000073,TSK005332,0
VEH000488,TSK005332,0
VEH000222,TSK005332,0
VEH000047,TSK005332,0
VEH000263,TSK005332,0
VEH000346,TSK005332,0
VEH000292,TSK005412,1
VEH000097,TSK005412,1
VEH000077,TSK005412,1
VEH000251,TSK005412,1
VEH000429,TSK005412,1
VEH000036,TSK005412,0
VEH000525,TSK005412,1
VEH000320,TSK005412,1
VEH000313,TSK005412,0
VEH000312,TSK005412,1
VEH000299,TSK005412,0
VEH000298,TSK005412,0
VEH000431,TSK005412,0
VEH000246,TSK005412,0
VEH000061,TSK005412,1
VEH000096,TSK005412,0
VEH000059,TSK005412,0
VEH000336,TSK005412,0
VEH000284,TSK005412,1
VEH000397,TSK005412,1
VEH000334,TSK005412,0
VEH000259,TSK005412,0
VEH000527,TSK005412,1
VEH000031,TSK005412,0
VEH000348,TSK005412,0
VEH000271,TSK005412,0
VEH000089,TSK005412,0
VEH000385,TSK005412,1
VEH000414,TSK005412,1
VEH000060,TSK005412,1
VEH000468,TSK005412,1
VEH000269,TSK005412,1
VEH000459,TSK005412,1
VEH000528,TSK005412,0
VEH000406,TSK005412,0
VEH000229,TSK005412,0
VEH000379,TSK005412,0
VEH000003,TSK005412,1
VEH000028,TSK005412,1
VEH000100,TSK005412,1
VEH000335,TSK005412,1
VEH000048,TSK005412,0
VEH000368,TSK005412,1
VEH000309,TSK005412,1
VEH000499,TSK005412,0
VEH000225,TSK005412,1
VEH000330,TSK005412,1
VEH000279,TSK005412,0
VEH000341,TSK005412,1
VEH000049,TSK005412,1
VEH000344,TSK005412,1
VEH000042,TSK005412,0
VEH000311,TSK005412,0
VEH000287,TSK005412,1
VEH000421,TSK005412,0
VEH000516,TSK005412,1
VEH000510,TSK005412,0
VEH000084,TSK005412,0
VEH000266,TSK005412,0
VEH000051,TSK005412,1
VEH000016,TSK005412,0
VEH000526,TSK005412,1
VEH000247,TSK005412,0
VEH000252,TSK005412,1
VEH000314,TSK005412,1
VEH000242,TSK005412,0
VEH000433,TSK005412,0
VEH000366,TSK005412,0
VEH000318,TSK005412,1
VEH000290,TSK005412,0
VEH000008,TSK005412,1
VEH000530,TSK005412,0
VEH000081,TSK005412,1
VEH000304,TSK005412,0
VEH000358,TSK005412,0
VEH000026,TSK005412,1
VEH000430,TSK005412,1
VEH000067,TSK005412,0
VEH000088,TSK005412,0
VEH000417,TSK005412,1
VEH000015,TSK005412,0
VEH000024,TSK005412,0
VEH000250,TSK005412,1
VEH000267,TSK005412,0
VEH000034,TSK005412,0
VEH000532,TSK005412,1
VEH000482,TSK005412,0
VEH000386,TSK005412,1
VEH000389,TSK005412,0
VEH000007,TSK005412,1
VEH000367,TSK005412,1
VEH000230,TSK005412,1
VEH000327,TSK005412,0
VEH000426,TSK005412,0
VEH000073,TSK005412,0
VEH000488,TSK005412,1
VEH000222,TSK005412,0
VEH000047,TSK005412,0
VEH000263,TSK005412,1
VEH000346,TSK005412,1
VEH000292,TSK005454,1
VEH000097,TSK005454,0
VEH000077,TSK005454,1
VEH000251,TSK005454,1
VEH000429,TSK005454,1
VEH000036,TSK005454,1
VEH000525,TSK005454,1
VEH000320,TSK005454,1
VEH000313,TSK005454,0
VEH000312,TSK005454,1
VEH000299,TSK005454,0
VEH000298,TSK005454,1
VEH000431,TSK005454,0
VEH000246,TSK005454,0
VEH000061,TSK005454,0
VEH000096,TSK005454,0
VEH000059,TSK005454,0
VEH000336,TSK005454,1
VEH000284,TSK005454,1
VEH000397,TSK005454,0
VEH000334,TSK005454,1
VEH000259,TSK005454,0
VEH000527,TSK005454,1
VEH000031,TSK005454,1
VEH000348,TSK005454,0
VEH000271,TSK005454,0
VEH000089,TSK005454,1
VEH000385,TSK005454,1
VEH000414,TSK005454,0
VEH000060,TSK005454,0
VEH000468,TSK005454,1
VEH000269,TSK005454,0
VEH000459,TSK005454,1
VEH000528,TSK005454,0
VEH000406,TSK005454,1
VEH000229,TSK005454,0
VEH000379,TSK005454,0
VEH000003,TSK005454,1
VEH000028,TSK005454,0
VEH000100,TSK005454,0
VEH000335,TSK005454,0
VEH000048,TSK005454,1
VEH000368,TSK005454,0
VEH000309,TSK005454,0
VEH000499,TSK005454,1
VEH000225,TSK005454,1
VEH000330,TSK005454,0
VEH000279,TSK005454,0
VEH000341,TSK005454,1
VEH000049,TSK005454,1
VEH000344,TSK005454,0
VEH000042,TSK005454,1
VEH000311,TSK005454,1
VEH000287,TSK005454,1
VEH000421,TSK005454,0
VEH000516,TSK005454,0
VEH000510,TSK005454,1
VEH000084,TSK005454,1
VEH000266,TSK005454,0
VEH000051,TSK005454,1
VEH000016,TSK005454,0
VEH000526,TSK005454,1
VEH000247,TSK005454,0
VEH000252,TSK005454,0
VEH000314,TSK005454,1
VEH000242,TSK005454,0
VEH000433,TSK005454,0
VEH000366,TSK005454,0
VEH000318,TSK005454,1
VEH000290,TSK005454,0
VEH000008,TSK005454,0
VEH000530,TSK005454,0
VEH000081,TSK005454,0
VEH000304,TSK005454,0
VEH000358,TSK005454,0
VEH000026,TSK005454,0
VEH000430,TSK005454,0
VEH000067,TSK005454,1
VEH000088,TSK005454,0
VEH000417,TSK005454,1
VEH000015,TSK005454,0
VEH000024,TSK005454,1
VEH000250,TSK005454,0
VEH000267,TSK005454,1
VEH000034,TSK005454,1
VEH000532,TSK005454,1
VEH000482,TSK005454,0
VEH000386,TSK005454,0
VEH000389,TSK005454,0
VEH000007,TSK005454,1
VEH000367,TSK005454,1
VEH000230,TSK005454,0
VEH000327,TSK005454,1
VEH000426,TSK005454,1
VEH000073,TSK005454,1
VEH000488,TSK005454,1
VEH000222,TSK005454,1
VEH000047,TSK005454,1
VEH000263,TSK005454,1
VEH000346,TSK005454,1
VEH000292,TSK005489,1
VEH000097,TSK005489,1
VEH000077,TSK005489,1
VEH000251,TSK005489,0
VEH000429,TSK005489,0
VEH000036,TSK005489,1
VEH000525,TSK005489,1
VEH000320,TSK005489,0
VEH000313,TSK005489,0
VEH000312,TSK005489,1
VEH000299,TSK005489,0
VEH000298,TSK005489,1
VEH000431,TSK005489,1
VEH000246,TSK005489,0
VEH000061,TSK005489,0
VEH000096,TSK005489,1
VEH000059,TSK005489,0
VEH000336,TSK005489,0
VEH000284,TSK005489,1
VEH000397,TSK005489,0
VEH000334,TSK005489,1
VEH000259,TSK005489,0
VEH000527,TSK005489,0
VEH000031,TSK005489,0
VEH000348,TSK005489,1
VEH000271,TSK005489,1
VEH000089,TSK005489,0
VEH000385,TSK005489,1
VEH000414,TSK005489,1
VEH000060,TSK005489,1
VEH000468,TSK005489,1
VEH000269,TSK005489,1
VEH000459,TSK005489,1
VEH000528,TSK005489,1
VEH000406,TSK005489,1
VEH000229,TSK005489,0
VEH000379,TSK005489,1
VEH000003,TSK005489,1
VEH000028,TSK005489,0
VEH000100,TSK005489,1
VEH000335,TSK005489,1
VEH000048,TSK005489,0
VEH000368,TSK005489,0
VEH000309,TSK005489,1
VEH000499,TSK005489,0
VEH000225,TSK005489,1
VEH000330,TSK005489,0
VEH000279,TSK005489,0
VEH000341,TSK005489,0
VEH000049,TSK005489,1
VEH000344,TSK005489,1
VEH000042,TSK005489,1
VEH000311,TSK005489,0
VEH000287,TSK005489,0
VEH000421,TSK005489,0
VEH000516,TSK005489,1
VEH000510,TSK005489,0
VEH000084,TSK005489,1
VEH000266,TSK005489,1
VEH000051,TSK005489,0
VEH000016,TSK005489,1
VEH000526,TSK005489,1
VEH000247,TSK005489,1
VEH000252,TSK005489,0
VEH000314,TSK005489,0
VEH000242,TSK005489,1
VEH000433,TSK005489,1
VEH000366,TSK005489,1
VEH000318,TSK005489,0
VEH000290,TSK005489,0
VEH000008,TSK005489,1
VEH000530,TSK005489,1
VEH000081,TSK005489,0
VEH000304,TSK005489,1
VEH000358,TSK005489,0
VEH000026,TSK005489,0
VEH000430,TSK005489,0
VEH000067,TSK005489,1
VEH000088,TSK005489,0
VEH000417,TSK005489,0
VEH000015,TSK005489,0
VEH000024,TSK005489,1
VEH000250,TSK005489,1
VEH000267,TSK005489,0
VEH000034,TSK005489,0
VEH000532,TSK005489,0
VEH000482,TSK005489,0
VEH000386,TSK005489,0
VEH000389,TSK005489,1
VEH000007,TSK005489,1
VEH000367,TSK005489,1
VEH000230,TSK005489,1
VEH000327,TSK005489,0
VEH000426,TSK005489,1
VEH000073,TSK005489,0
VEH000488,TSK005489,0
VEH000222,TSK005489,0
VEH000047,TSK005489,0
VEH000263,TSK005489,0
VEH000346,TSK005489,0
VEH000292,TSK005494,1
VEH000097,TSK005494,1
VEH000077,TSK005494,0
VEH000251,TSK005494,0
VEH000429,TSK005494,1
VEH000036,TSK005494,0
VEH000525,TSK005494,0
VEH000320,TSK005494,1
VEH000313,TSK005494,1
VEH000312,TSK005494,0
VEH000299,TSK005494,0
VEH000298,TSK005494,0
VEH000431,TSK005494,0
VEH000246,TSK005494,1
VEH000061,TSK005494,0
VEH000096,TSK005494,1
VEH000059,TSK005494,1
VEH000336,TSK005494,1
VEH000284,TSK005494,1
VEH000397,TSK005494,1
VEH000334,TSK005494,0
VEH000259,TSK005494,0
VEH000527,TSK005494,0
VEH000031,TSK005494,1
VEH000348,TSK005494,0
VEH000271,TSK005494,1
VEH000089,TSK005494,0
VEH000385,TSK005494,1
VEH000414,TSK005494,1
VEH000060,TSK005494,0
VEH000468,TSK005494,1
VEH000269,TSK005494,1
VEH000459,TSK005494,0
VEH000528,TSK005494,1
VEH000406,TSK005494,1
VEH000229,TSK005494,0
VEH000379,TSK005494,0
VEH000003,TSK005494,1
VEH000028,TSK005494,1
VEH000100,TSK005494,0
VEH000335,TSK005494,1
VEH000048,TSK005494,0
VEH000368,TSK005494,0
VEH000309,TSK005494,0
VEH000499,TSK005494,1
VEH000225,TSK005494,1
VEH000330,TSK005494,0
VEH000279,TSK005494,1
VEH000341,TSK005494,1
VEH000049,TSK005494,1
VEH000344,TSK005494,0
VEH000042,TSK005494,0
VEH000311,TSK005494,0
VEH000287,TSK005494,0
VEH000421,TSK005494,0
VEH000516,TSK005494,0
VEH000510,TSK005494,1
VEH000084,TSK005494,1
VEH000266,TSK005494,0
VEH000051,TSK005494,1
VEH000016,TSK005494,0
VEH000526,TSK005494,1
VEH000247,TSK005494,1
VEH000252,TSK005494,1
VEH000314,TSK005494,1
VEH000242,TSK005494,1
VEH000433,TSK005494,1
VEH000366,TSK005494,1
VEH000318,TSK005494,1
VEH000290,TSK005494,0
VEH000008,TSK005494,0
VEH000530,TSK005494,0
VEH000081,TSK005494,1
VEH000304,TSK005494,0
VEH000358,TSK005494,1
VEH000026,TSK005494,0
VEH000430,TSK005494,0
VEH000067,TSK005494,1
VEH000088,TSK005494,1
VEH000417,TSK005494,1
VEH000015,TSK005494,0
VEH000024,TSK005494,1
VEH000250,TSK005494,0
VEH000267,TSK005494,0
VEH000034,TSK005494,0
VEH000532,TSK005494,0
VEH000482,TSK005494,1
VEH000386,TSK005494,0
VEH000389,TSK005494,1
VEH000007,TSK005494,0
VEH000367,TSK005494,0
VEH000230,TSK005494,0
VEH000327,TSK005494,0
VEH000426,TSK005494,1
VEH000073,TSK005494,1
VEH000488,TSK005494,0
VEH000222,TSK005494,0
VEH000047,TSK005494,1
VEH000263,TSK005494,0
VEH000346,TSK005494,1
VEH000292,TSK005571,0
VEH000097,TSK005571,0
VEH000077,TSK005571,1
VEH000251,TSK005571,1
VEH000429,TSK005571,1
VEH000036,TSK005571,1
VEH000525,TSK005571,0
VEH000320,TSK005571,0
VEH000313,TSK005571,1
VEH000312,TSK005571,1
VEH000299,TSK005571,0
VEH000298,TSK005571,1
VEH000431,TSK005571,0
VEH000246,TSK005571,1
VEH000061,TSK005571,0
VEH000096,TSK005571,1
VEH000059,TSK005571,1
VEH000336,TSK005571,1
VEH000284,TSK005571,0
VEH000397,TSK005571,1
VEH000334,TSK005571,0
VEH000259,TSK005571,1
VEH000527,TSK005571,0
VEH000031,TSK005571,1
VEH000348,TSK005571,1
VEH000271,TSK005571,0
VEH000089,TSK005571,0
VEH000385,TSK005571,0
VEH000414,TSK005571,1
VEH000060,TSK005571,1
VEH000468,TSK005571,0
VEH000269,TSK005571,0
VEH000459,TSK005571,0
VEH000528,TSK005571,0
VEH000406,TSK005571,0
VEH000229,TSK005571,0
VEH000379,TSK005571,0
VEH000003,TSK005571,1
VEH000028,TSK005571,0
VEH000100,TSK005571,1
VEH000335,TSK005571,1
VEH000048,TSK005571,1
VEH000368,TSK005571,0
VEH000309,TSK005571,0
VEH000499,TSK005571,1
VEH000225,TSK005571,1
VEH000330,TSK005571,0
VEH000279,TSK005571,1
VEH000341,TSK005571,0
VEH000049,TSK005571,1
VEH000344,TSK005571,0
VEH000042,TSK005571,0
VEH000311,TSK005571,0
VEH000287,TSK005571,1
VEH000421,TSK005571,0
VEH000516,TSK005571,1
VEH000510,TSK005571,1
VEH000084,TSK005571,0
VEH000266,TSK005571,1
VEH000051,TSK005571,1
VEH000016,TSK005571,1
VEH000526,TSK005571,0
VEH000247,TSK005571,0
VEH000252,TSK005571,1
VEH000314,TSK005571,1
VEH000242,TSK005571,0
VEH000433,TSK005571,1
VEH000366,TSK005571,1
VEH000318,TSK005571,0
VEH000290,TSK005571,0
VEH000008,TSK005571,0
VEH000530,TSK005571,0
VEH000081,TSK005571,0
VEH000304,TSK005571,1
VEH000358,TSK005571,1
VEH000026,TSK005571,0
VEH000430,TSK005571,1
VEH000067,TSK005571,1
VEH000088,TSK005571,0
VEH000417,TSK005571,0
VEH000015,TSK005571,1
VEH000024,TSK005571,0
VEH000250,TSK005571,0
VEH000267,TSK005571,1
VEH000034,TSK005571,0
VEH000532,TSK005571,1
VEH000482,TSK005571,0
VEH000386,TSK005571,1
VEH000389,TSK005571,1
VEH000007,TSK005571,0
VEH000367,TSK005571,0
VEH000230,TSK005571,1
VEH000327,TSK005571,0
VEH000426,TSK005571,1
VEH000073,TSK005571,1
VEH000488,TSK005571,1
VEH000222,TSK005571,0
VEH000047,TSK005571,0
VEH000263,TSK005571,1
VEH000346,TSK005571,1
VEH000292,TSK005628,1
VEH000097,TSK005628,1
VEH000077,TSK005628,0
VEH000251,TSK005628,0
VEH000429,TSK005628,1
VEH000036,TSK005628,1
VEH000525,TSK005628,0
VEH000320,TSK005628,1
VEH000313,TSK005628,0
VEH000312,TSK005628,0
VEH000299,TSK005628,0
VEH000298,TSK005628,1
VEH000431,TSK005628,1
VEH000246,TSK005628,1
VEH000061,TSK005628,0
VEH000096,TSK005628,1
VEH000059,TSK005628,0
VEH000336,TSK005628,0
VEH000284,TSK005628,0
VEH000397,TSK005628,1
VEH000334,TSK005628,0
VEH000259,TSK005628,0
VEH000527,TSK005628,0
VEH000031,TSK005628,1
VEH000348,TSK005628,0
VEH000271,TSK005628,1
VEH000089,TSK005628,0
VEH000385,TSK005628,0
VEH000414,TSK005628,1
VEH000060,TSK005628,0
VEH000468,TSK005628,0
VEH000269,TSK005628,0
VEH000459,TSK005628,1
VEH000528,TSK005628,0
VEH000406,TSK005628,1
VEH000229,TSK005628,0
VEH000379,TSK005628,0
VEH000003,TSK005628,1
VEH000028,TSK005628,0
VEH000100,TSK005628,1
VEH000335,TSK005628,1
VEH000048,TSK005628,0
VEH000368,TSK005628,0
VEH000309,TSK005628,0
VEH000499,TSK005628,1
VEH000225,TSK005628,0
VEH000330,TSK005628,0
VEH000279,TSK005628,1
VEH000341,TSK005628,1
VEH000049,TSK005628,1
VEH000344,TSK005628,1
VEH000042,TSK005628,0
VEH000311,TSK005628,0
VEH000287,TSK005628,0
VEH000421,TSK005628,1
VEH000516,TSK005628,0
VEH000510,TSK005628,0
VEH000084,TSK005628,1
VEH000266,TSK005628,1
VEH000051,TSK005628,0
VEH000016,TSK005628,0
VEH000526,TSK005628,0
VEH000247,TSK005628,1
VEH000252,TSK005628,0
VEH000314,TSK005628,1
VEH000242,TSK005628,0
VEH000433,TSK005628,0
VEH000366,TSK005628,0
VEH000318,TSK005628,1
VEH000290,TSK005628,1
VEH000008,TSK005628,0
VEH000530,TSK005628,1
VEH000081,TSK005628,0
VEH000304,TSK005628,0
VEH000358,TSK005628,0
VEH000026,TSK005628,1
VEH000430,TSK005628,0
VEH000067,TSK005628,0
VEH000088,TSK005628,1
VEH000417,TSK005628,0
VEH000015,TSK005628,1
VEH000024,TSK005628,1
VEH000250,TSK005628,1
VEH000267,TSK005628,0
VEH000034,TSK005628,1
VEH000532,TSK005628,1
VEH000482,TSK005628,1
VEH000386,TSK005628,1
VEH000389,TSK005628,1
VEH000007,TSK005628,1
VEH000367,TSK005628,1
VEH000230,TSK005628,1
VEH000327,TSK005628,1
VEH000426,TSK005628,1
VEH000073,TSK005628,0
VEH000488,TSK005628,1
VEH000222,TSK005628,1
VEH000047,TSK005628,1
VEH000263,TSK005628,1
VEH000346,TSK005628,0
VEH000292,TSK005672,1
VEH000097,TSK005672,0
VEH000077,TSK005672,0
VEH000251,TSK005672,1
VEH000429,TSK005672,0
VEH000036,TSK005672,1
VEH000525,TSK005672,0
VEH000320,TSK005672,0
VEH000313,TSK005672,1
VEH000312,TSK005672,0
VEH000299,TSK005672,0
VEH000298,TSK005672,1
VEH000431,TSK005672,1
VEH000246,TSK005672,0
VEH000061,TSK005672,0
VEH000096,TSK005672,0
VEH000059,TSK005672,0
VEH000336,TSK005672,0
VEH000284,TSK005672,1
VEH000397,TSK005672,1
VEH000334,TSK005672,1
VEH000259,TSK005672,1
VEH000527,TSK005672,0
VEH000031,TSK005672,1
VEH000348,TSK005672,0
VEH000271,TSK005672,0
VEH000089,TSK005672,1
VEH000385,TSK005672,1
VEH000414,TSK005672,1
VEH000060,TSK005672,1
VEH000468,TSK005672,1
VEH000269,TSK005672,0
VEH000459,TSK005672,0
VEH000528,TSK005672,0
VEH000406,TSK005672,1
VEH000229,TSK005672,1
VEH000379,TSK005672,1
VEH000003,TSK005672,0
VEH000028,TSK005672,1
VEH000100,TSK005672,0
VEH000335,TSK005672,0
VEH000048,TSK005672,1
VEH000368,TSK005672,0
VEH000309,TSK005672,0
VEH000499,TSK005672,1
VEH000225,TSK005672,1
VEH000330,TSK005672,0
VEH000279,TSK005672,1
VEH000341,TSK005672,0
VEH000049,TSK005672,0
VEH000344,TSK005672,1
VEH000042,TSK005672,1
VEH000311,TSK005672,0
VEH000287,TSK005672,1
VEH000421,TSK005672,1
VEH000516,TSK005672,1
VEH000510,TSK005672,1
VEH000084,TSK005672,1
VEH000266,TSK005672,0
VEH000051,TSK005672,1
VEH000016,TSK005672,0
VEH000526,TSK005672,0
VEH000247,TSK005672,1
VEH000252,TSK005672,0
VEH000314,TSK005672,1
VEH000242,TSK005672,1
VEH000433,TSK005672,0
VEH000366,TSK005672,0
VEH000318,TSK005672,1
VEH000290,TSK005672,0
VEH000008,TSK005672,0
VEH000530,TSK005672,0
VEH000081,TSK005672,0
VEH000304,TSK005672,0
VEH000358,TSK005672,0
VEH000026,TSK005672,0
VEH000430,TSK005672,1
VEH000067,TSK005672,1
VEH000088,TSK005672,0
VEH000417,TSK005672,0
VEH000015,TSK005672,1
VEH000024,TSK005672,1
VEH000250,TSK005672,0
VEH000267,TSK005672,1
VEH000034,TSK005672,1
VEH000532,TSK005672,0
VEH000482,TSK005672,0
VEH000386,TSK005672,0
VEH000389,TSK005672,0
VEH000007,TSK005672,1
VEH000367,TSK005672,1
VEH000230,TSK005672,1
VEH000327,TSK005672,0
VEH000426,TSK005672,0
VEH000073,TSK005672,1
VEH000488,TSK005672,1
VEH000222,TSK005672,1
VEH000047,TSK005672,0
VEH000263,TSK005672,1
VEH000346,TSK005672,1
VEH000292,TSK005729,1
VEH000097,TSK005729,1
VEH000077,TSK005729,0
VEH000251,TSK005729,1
VEH000429,TSK005729,0
VEH000036,TSK005729,0
VEH000525,TSK005729,0
VEH000320,TSK005729,0
VEH000313,TSK005729,1
VEH000312,TSK005729,0
VEH000299,TSK005729,1
VEH000298,TSK005729,1
VEH000431,TSK005729,0
VEH000246,TSK005729,1
VEH000061,TSK005729,1
VEH000096,TSK005729,1
VEH000059,TSK005729,1
VEH000336,TSK005729,0
VEH000284,TSK005729,0
VEH000397,TSK005729,1
VEH000334,TSK005729,0
VEH000259,TSK005729,0
VEH000527,TSK005729,0
VEH000031,TSK005729,1
VEH000348,TSK005729,0
VEH000271,TSK005729,0
VEH000089,TSK005729,0
VEH000385,TSK005729,0
VEH000414,TSK005729,0
VEH000060,TSK005729,0
VEH000468,TSK005729,1
VEH000269,TSK005729,0
VEH000459,TSK005729,1
VEH000528,TSK005729,0
VEH000406,TSK005729,0
VEH000229,TSK005729,1
VEH000379,TSK005729,1
VEH000003,TSK005729,1
VEH000028,TSK005729,1
VEH000100,TSK005729,0
VEH000335,TSK005729,0
VEH000048,TSK005729,0
VEH000368,TSK005729,1
VEH000309,TSK005729,1
VEH000499,TSK005729,1
VEH000225,TSK005729,1
VEH000330,TSK005729,1
VEH000279,TSK005729,1
VEH000341,TSK005729,0
VEH000049,TSK005729,0
VEH000344,TSK005729,0
VEH000042,TSK005729,0
VEH000311,TSK005729,1
VEH000287,TSK005729,1
VEH000421,TSK005729,0
VEH000516,TSK005729,1
VEH000510,TSK005729,1
VEH000084,TSK005729,1
VEH000266,TSK005729,1
VEH000051,TSK005729,0
VEH000016,TSK005729,0
VEH000526,TSK005729,0
VEH000247,TSK005729,0
VEH000252,TSK005729,1
VEH000314,TSK005729,1
VEH000242,TSK005729,0
VEH000433,TSK005729,1
VEH000366,TSK005729,0
VEH000318,TSK005729,0
VEH000290,TSK005729,1
VEH000008,TSK005729,1
VEH000530,TSK005729,0
VEH000081,TSK005729,1
VEH000304,TSK005729,1
VEH000358,TSK005729,1
VEH000026,TSK005729,0
VEH000430,TSK005729,0
VEH000067,TSK005729,0
VEH000088,TSK005729,1
VEH000417,TSK005729,1
VEH000015,TSK005729,1
VEH000024,TSK005729,0
VEH000250,TSK005729,1
VEH000267,TSK005729,1
VEH000034,TSK005729,1
VEH000532,TSK005729,1
VEH000482,TSK005729,0
VEH000386,TSK005729,1
VEH000389,TSK005729,0
VEH000007,TSK005729,0
VEH000367,TSK005729,0
VEH000230,TSK005729,0
VEH000327,TSK005729,0
VEH000426,TSK005729,1
VEH000073,TSK005729,1
VEH000488,TSK005729,0
VEH000222,TSK005729,0
VEH000047,TSK005729,1
VEH000263,TSK005729,1
VEH000346,TSK005729,0
VEH000292,TSK005745,1
VEH000097,TSK005745,0
VEH000077,TSK005745,1
VEH000251,TSK005745,0
VEH000429,TSK005745,0
VEH000036,TSK005745,0
VEH000525,TSK005745,0
VEH000320,TSK005745,1
VEH000313,TSK005745,0
VEH000312,TSK005745,0
VEH000299,TSK005745,1
VEH000298,TSK005745,1
VEH000431,TSK005745,0
VEH000246,TSK005745,1
VEH000061,TSK005745,1
VEH000096,TSK005745,1
VEH000059,TSK005745,1
VEH000336,TSK005745,1
VEH000284,TSK005745,1
VEH000397,TSK005745,0
VEH000334,TSK005745,0
VEH000259,TSK005745,0
VEH000527,TSK005745,1
VEH000031,TSK005745,1
VEH000348,TSK005745,1
VEH000271,TSK005745,0
VEH000089,TSK005745,0
VEH000385,TSK005745,0
VEH000414,TSK005745,0
VEH000060,TSK005745,0
VEH000468,TSK005745,0
VEH000269,TSK005745,0
VEH000459,TSK005745,0
VEH000528,TSK005745,1
VEH000406,TSK005745,1
VEH000229,TSK005745,1
VEH000379,TSK005745,1
VEH000003,TSK005745,1
VEH000028,TSK005745,0
VEH000100,TSK005745,0
VEH000335,TSK005745,1
VEH000048,TSK005745,0
VEH000368,TSK005745,1
VEH000309,TSK005745,1
VEH000499,TSK005745,0
VEH000225,TSK005745,0
VEH000330,TSK005745,0
VEH000279,TSK005745,1
VEH000341,TSK005745,1
VEH000049,TSK005745,1
VEH000344,TSK005745,1
VEH000042,TSK005745,1
VEH000311,TSK005745,0
VEH000287,TSK005745,0
VEH000421,TSK005745,1
VEH000516,TSK005745,0
VEH000510,TSK005745,0
VEH000084,TSK005745,1
VEH000266,TSK005745,0
VEH000051,TSK005745,1
VEH000016,TSK005745,0
VEH000526,TSK005745,1
VEH000247,TSK005745,1
VEH000252,TSK005745,0
VEH000314,TSK005745,0
VEH000242,TSK005745,0
VEH000433,TSK005745,0
VEH000366,TSK005745,0
VEH000318,TSK005745,1
VEH000290,TSK005745,0
VEH000008,TSK005745,1
VEH000530,TSK005745,0
VEH000081,TSK005745,1
VEH000304,TSK005745,0
VEH000358,TSK005745,1
VEH000026,TSK005745,0
VEH000430,TSK005745,0
VEH000067,TSK005745,0
VEH000088,TSK005745,1
VEH000417,TSK005745,1
VEH000015,TSK005745,1
VEH000024,TSK005745,0
VEH000250,TSK005745,0
VEH000267,TSK005745,1
VEH000034,TSK005745,1
VEH000532,TSK005745,1
VEH000482,TSK005745,1
VEH000386,TSK005745,1
VEH000389,TSK005745,1
VEH000007,TSK005745,1
VEH000367,TSK005745,0
VEH000230,TSK005745,0
VEH000327,TSK005745,0
VEH000426,TSK005745,0
VEH000073,TSK005745,1
VEH000488,TSK005745,0
VEH000222,TSK005745,1
VEH000047,TSK005745,0
VEH000263,TSK005745,1
VEH000346,TSK005745,1
VEH000292,TSK005849,1
VEH000097,TSK005849,0
VEH000077,TSK005849,0
VEH000251,TSK005849,1
VEH000429,TSK005849,1
VEH000036,TSK005849,0
VEH000525,TSK005849,0
VEH000320,TSK005849,0
VEH000313,TSK005849,1
VEH000312,TSK005849,1
VEH000299,TSK005849,1
VEH000298,TSK005849,1
VEH000431,TSK005849,0
VEH000246,TSK005849,0
VEH000061,TSK005849,1
VEH000096,TSK005849,1
VEH000059,TSK005849,1
VEH000336,TSK005849,0
VEH000284,TSK005849,0
VEH000397,TSK005849,1
VEH000334,TSK005849,1
VEH000259,TSK005849,1
VEH000527,TSK005849,1
VEH000031,TSK005849,1
VEH000348,TSK005849,1
VEH000271,TSK005849,1
VEH000089,TSK005849,0
VEH000385,TSK005849,0
VEH000414,TSK005849,1
VEH000060,TSK005849,0
VEH000468,TSK005849,0
VEH000269,TSK005849,1
VEH000459,TSK005849,0
VEH000528,TSK005849,1
VEH000406,TSK005849,0
VEH000229,TSK005849,0
VEH000379,TSK005849,0
VEH000003,TSK005849,0
VEH000028,TSK005849,1
VEH000100,TSK005849,0
VEH000335,TSK005849,0
VEH000048,TSK005849,1
VEH000368,TSK005849,1
VEH000309,TSK005849,1
VEH000499,TSK005849,0
VEH000225,TSK005849,1
VEH000330,TSK005849,1
VEH000279,TSK005849,1
VEH000341,TSK005849,0
VEH000049,TSK005849,0
VEH000344,TSK005849,0
VEH000042,TSK005849,0
VEH000311,TSK005849,1
VEH000287,TSK005849,0
VEH000421,TSK005849,0
VEH000516,TSK005849,1
VEH000510,TSK005849,1
VEH000084,TSK005849,0
VEH000266,TSK005849,1
VEH000051,TSK005849,1
VEH000016,TSK005849,0
VEH000526,TSK005849,0
VEH000247,TSK005849,1
VEH000252,TSK005849,0
VEH000314,TSK005849,0
VEH000242,TSK005849,0
VEH000433,TSK005849,0
VEH000366,TSK005849,1
VEH000318,TSK005849,1
VEH000290,TSK005849,0
VEH000008,TSK005849,1
VEH000530,TSK005849,1
VEH000081,TSK005849,0
VEH000304,TSK005849,1
VEH000358,TSK005849,1
VEH000026,TSK005849,1
VEH000430,TSK005849,1
VEH000067,TSK005849,0
VEH000088,TSK005849,0
VEH000417,TSK005849,1
VEH000015,TSK005849,1
VEH000024,TSK005849,0
VEH000250,TSK005849,0
VEH000267,TSK005849,1
VEH000034,TSK005849,0
VEH000532,TSK005849,0
VEH000482,TSK005849,0
VEH000386,TSK005849,1
VEH000389,TSK005849,0
VEH000007,TSK005849,0
VEH000367,TSK005849,1
VEH000230,TSK005849,1
VEH000327,TSK005849,1
VEH000426,TSK005849,1
VEH000073,TSK005849,0
VEH000488,TSK005849,0
VEH000222,TSK005849,1
VEH000047,TSK005849,0
VEH000263,TSK005849,0
VEH000346,TSK005849,0
VEH000292,TSK005856,1
VEH000097,TSK005856,1
VEH000077,TSK005856,1
VEH000251,TSK005856,0
VEH000429,TSK005856,0
VEH000036,TSK005856,1
VEH000525,TSK005856,1
VEH000320,TSK005856,0
VEH000313,TSK005856,1
VEH000312,TSK005856,0
VEH000299,TSK005856,0
VEH000298,TSK005856,0
VEH000431,TSK005856,1
VEH000246,TSK005856,1
VEH000061,TSK005856,0
VEH000096,TSK005856,1
VEH000059,TSK005856,0
VEH000336,TSK005856,1
VEH000284,TSK005856,0
VEH000397,TSK005856,0
VEH000334,TSK005856,1
VEH000259,TSK005856,1
VEH000527,TSK005856,0
VEH000031,TSK005856,0
VEH000348,TSK005856,0
VEH000271,TSK005856,1
VEH000089,TSK005856,0
VEH000385,TSK005856,0
VEH000414,TSK005856,1
VEH000060,TSK005856,1
VEH000468,TSK005856,0
VEH000269,TSK005856,0
VEH000459,TSK005856,0
VEH000528,TSK005856,0
VEH000406,TSK005856,1
VEH000229,TSK005856,0
VEH000379,TSK005856,1
VEH000003,TSK005856,0
VEH000028,TSK005856,1
VEH000100,TSK005856,0
VEH000335,TSK005856,1
VEH000048,TSK005856,1
VEH000368,TSK005856,0
VEH000309,TSK005856,0
VEH000499,TSK005856,0
VEH000225,TSK005856,1
VEH000330,TSK005856,1
VEH000279,TSK005856,0
VEH000341,TSK005856,1
VEH000049,TSK005856,1
VEH000344,TSK005856,0
VEH000042,TSK005856,0
VEH000311,TSK005856,0
VEH000287,TSK005856,1
VEH000421,TSK005856,0
VEH000516,TSK005856,0
VEH000510,TSK005856,1
VEH000084,TSK005856,0
VEH000266,TSK005856,0
VEH000051,TSK005856,1
VEH000016,TSK005856,0
VEH000526,TSK005856,0
VEH000247,TSK005856,0
VEH000252,TSK005856,1
VEH000314,TSK005856,0
VEH000242,TSK005856,1
VEH000433,TSK005856,0
VEH000366,TSK005856,1
VEH000318,TSK005856,0
VEH000290,TSK005856,0
VEH000008,TSK005856,1
VEH000530,TSK005856,0
VEH000081,TSK005856,1
VEH000304,TSK005856,0
VEH000358,TSK005856,1
VEH000026,TSK005856,0
VEH000430,TSK005856,1
VEH000067,TSK005856,0
VEH000088,TSK005856,0
VEH000417,TSK005856,1
VEH000015,TSK005856,1
VEH000024,TSK005856,1
VEH000250,TSK005856,0
VEH000267,TSK005856,1
VEH000034,TSK005856,1
VEH000532,TSK005856,1
VEH000482,TSK005856,1
VEH000386,TSK005856,0
VEH000389,TSK005856,1
VEH000007,TSK005856,0
VEH000367,TSK005856,1
VEH000230,TSK005856,1
VEH000327,TSK005856,1
VEH000426,TSK005856,1
VEH000073,TSK005856,1
VEH000488,TSK005856,0
VEH000222,TSK005856,0
VEH000047,TSK005856,1
VEH000263,TSK005856,1
VEH000346,TSK005856,1
VEH000292,TSK005866,0
VEH000097,TSK005866,0
VEH000077,TSK005866,1
VEH000251,TSK005866,1
VEH000429,TSK005866,1
VEH000036,TSK005866,0
VEH000525,TSK005866,0
VEH000320,TSK005866,1
VEH000313,TSK005866,0
VEH000312,TSK005866,1
VEH000299,TSK005866,0
VEH000298,TSK005866,1
VEH000431,TSK005866,1
VEH000246,TSK005866,1
VEH000061,TSK005866,1
VEH000096,TSK005866,1
VEH000059,TSK005866,1
VEH000336,TSK005866,0
VEH000284,TSK005866,1
VEH000397,TSK005866,1
VEH000334,TSK005866,0
VEH000259,TSK005866,0
VEH000527,TSK005866,1
VEH000031,TSK005866,1
VEH000348,TSK005866,0
VEH000271,TSK005866,0
VEH000089,TSK005866,0
VEH000385,TSK005866,0
VEH000414,TSK005866,1
VEH000060,TSK005866,1
VEH000468,TSK005866,1
VEH000269,TSK005866,0
VEH000459,TSK005866,1
VEH000528,TSK005866,1
VEH000406,TSK005866,0
VEH000229,TSK005866,0
VEH000379,TSK005866,1
VEH000003,TSK005866,1
VEH000028,TSK005866,0
VEH000100,TSK005866,0
VEH000335,TSK005866,0
VEH000048,TSK005866,0
VEH000368,TSK005866,1
VEH000309,TSK005866,0
VEH000499,TSK005866,0
VEH000225,TSK005866,1
VEH000330,TSK005866,0
VEH000279,TSK005866,1
VEH000341,TSK005866,0
VEH000049,TSK005866,0
VEH000344,TSK005866,1
VEH000042,TSK005866,1
VEH000311,TSK005866,0
VEH000287,TSK005866,0
VEH000421,TSK005866,1
VEH000516,TSK005866,1
VEH000510,TSK005866,1
VEH000084,TSK005866,0
VEH000266,TSK005866,0
VEH000051,TSK005866,1
VEH000016,TSK005866,1
VEH000526,TSK005866,0
VEH000247,TSK005866,1
VEH000252,TSK005866,0
VEH000314,TSK005866,0
VEH000242,TSK005866,0
VEH000433,TSK005866,0
VEH000366,TSK005866,1
VEH000318,TSK005866,1
VEH000290,TSK005866,0
VEH000008,TSK005866,1
VEH000530,TSK005866,0
VEH000081,TSK005866,1
VEH000304,TSK005866,1
VEH000358,TSK005866,1
VEH000026,TSK005866,1
VEH000430,TSK005866,0
VEH000067,TSK005866,0
VEH000088,TSK005866,0
VEH000417,TSK005866,0
VEH000015,TSK005866,1
VEH000024,TSK005866,1
VEH000250,TSK005866,0
VEH000267,TSK005866,1
VEH000034,TSK005866,1
VEH000532,TSK005866,1
VEH000482,TSK005866,0
VEH000386,TSK005866,1
VEH000389,TSK005866,0
VEH000007,TSK005866,0
VEH000367,TSK005866,0
VEH000230,TSK005866,1
VEH000327,TSK005866,0
VEH000426,TSK005866,1
VEH000073,TSK005866,1
VEH000488,TSK005866,1
VEH000222,TSK005866,0
VEH000047,TSK005866,0
VEH000263,TSK005866,0
VEH000346,TSK005866,0
VEH000292,TSK005870,0
VEH000097,TSK005870,0
VEH000077,TSK005870,1
VEH000251,TSK005870,1
VEH000429,TSK005870,0
VEH000036,TSK005870,1
VEH000525,TSK005870,1
VEH000320,TSK005870,0
VEH000313,TSK005870,0
VEH000312,TSK005870,0
VEH000299,TSK005870,1
VEH000298,TSK005870,0
VEH000431,TSK005870,1
VEH000246,TSK005870,1
VEH000061,TSK005870,0
VEH000096,TSK005870,1
VEH000059,TSK005870,0
VEH000336,TSK005870,1
VEH000284,TSK005870,0
VEH000397,TSK005870,0
VEH000334,TSK005870,1
VEH000259,TSK005870,0
VEH000527,TSK005870,0
VEH000031,TSK005870,1
VEH000348,TSK005870,1
VEH000271,TSK005870,1
VEH000089,TSK005870,0
VEH000385,TSK005870,1
VEH000414,TSK005870,0
VEH000060,TSK005870,1
VEH000468,TSK005870,0
VEH000269,TSK005870,1
VEH000459,TSK005870,0
VEH000528,TSK005870,1
VEH000406,TSK005870,1
VEH000229,TSK005870,1
VEH000379,TSK005870,0
VEH000003,TSK005870,0
VEH000028,TSK005870,1
VEH000100,TSK005870,0
VEH000335,TSK005870,1
VEH000048,TSK005870,1
VEH000368,TSK005870,1
VEH000309,TSK005870,0
VEH000499,TSK005870,1
VEH000225,TSK005870,0
VEH000330,TSK005870,1
VEH000279,TSK005870,0
VEH000341,TSK005870,1
VEH000049,TSK005870,0
VEH000344,TSK005870,1
VEH000042,TSK005870,1
VEH000311,TSK005870,0
VEH000287,TSK005870,1
VEH000421,TSK005870,1
VEH000516,TSK005870,1
VEH000510,TSK005870,1
VEH000084,TSK005870,1
VEH000266,TSK005870,0
VEH000051,TSK005870,1
VEH000016,TSK005870,1
VEH000526,TSK005870,0
VEH000247,TSK005870,1
VEH000252,TSK005870,1
VEH000314,TSK005870,0
VEH000242,TSK005870,1
VEH000433,TSK005870,1
VEH000366,TSK005870,0
VEH000318,TSK005870,1
VEH000290,TSK005870,0
VEH000008,TSK005870,0
VEH000530,TSK005870,1
VEH000081,TSK005870,0
VEH000304,TSK005870,0
VEH000358,TSK005870,1
VEH000026,TSK005870,0
VEH000430,TSK005870,0
VEH000067,TSK005870,0
VEH000088,TSK005870,0
VEH000417,TSK005870,0
VEH000015,TSK005870,1
VEH000024,TSK005870,0
VEH000250,TSK005870,1
VEH000267,TSK005870,0
VEH000034,TSK005870,0
VEH000532,TSK005870,1
VEH000482,TSK005870,1
VEH000386,TSK005870,0
VEH000389,TSK005870,0
VEH000007,TSK005870,0
VEH000367,TSK005870,1
VEH000230,TSK005870,0
VEH000327,TSK005870,1
VEH000426,TSK005870,0
VEH000073,TSK005870,0
VEH000488,TSK005870,1
VEH000222,TSK005870,0
VEH000047,TSK005870,0
VEH000263,TSK005870,0
VEH000346,TSK005870,1
VEH000292,TSK005890,1
VEH000097,TSK005890,1
VEH000077,TSK005890,1
VEH000251,TSK005890,0
VEH000429,TSK005890,0
VEH000036,TSK005890,0
VEH000525,TSK005890,0
VEH000320,TSK005890,0
VEH000313,TSK005890,0
VEH000312,TSK005890,0
VEH000299,TSK005890,0
VEH000298,TSK005890,0
VEH000431,TSK005890,0
VEH000246,TSK005890,0
VEH000061,TSK005890,1
VEH000096,TSK005890,0
VEH000059,TSK005890,1
VEH000336,TSK005890,0
VEH000284,TSK005890,1
VEH000397,TSK005890,0
VEH000334,TSK005890,0
VEH000259,TSK005890,1
VEH000527,TSK005890,1
VEH000031,TSK005890,1
VEH000348,TSK005890,1
VEH000271,TSK005890,0
VEH000089,TSK005890,1
VEH000385,TSK005890,1
VEH000414,TSK005890,0
VEH000060,TSK005890,0
VEH000468,TSK005890,0
VEH000269,TSK005890,1
VEH000459,TSK005890,1
VEH000528,TSK005890,0
VEH000406,TSK005890,0
VEH000229,TSK005890,0
VEH000379,TSK005890,1
VEH000003,TSK005890,1
VEH000028,TSK005890,1
VEH000100,TSK005890,1
VEH000335,TSK005890,1
VEH000048,TSK005890,1
VEH000368,TSK005890,0
VEH000309,TSK005890,1
VEH000499,TSK005890,0
VEH000225,TSK005890,0
VEH000330,TSK005890,1
VEH000279,TSK005890,0
VEH000341,TSK005890,1
VEH000049,TSK005890,1
VEH000344,TSK005890,1
VEH000042,TSK005890,0
VEH000311,TSK005890,1
VEH000287,TSK005890,0
VEH000421,TSK005890,0
VEH000516,TSK005890,1
VEH000510,TSK005890,1
VEH000084,TSK005890,1
VEH000266,TSK005890,1
VEH000051,TSK005890,0
VEH000016,TSK005890,1
VEH000526,TSK005890,1
VEH000247,TSK005890,1
VEH000252,TSK005890,1
VEH000314,TSK005890,0
VEH000242,TSK005890,1
VEH000433,TSK005890,1
VEH000366,TSK005890,1
VEH000318,TSK005890,0
VEH000290,TSK005890,1
VEH000008,TSK005890,1
VEH000530,TSK005890,1
VEH000081,TSK005890,0
VEH000304,TSK005890,0
VEH000358,TSK005890,1
VEH000026,TSK005890,1
VEH000430,TSK005890,0
VEH000067,TSK005890,1
VEH000088,TSK005890,0
VEH000417,TSK005890,0
VEH000015,TSK005890,1
VEH000024,TSK005890,0
VEH000250,TSK005890,0
VEH000267,TSK005890,0
VEH000034,TSK005890,0
VEH000532,TSK005890,0
VEH000482,TSK005890,1
VEH000386,TSK005890,0
VEH000389,TSK005890,1
VEH000007,TSK005890,0
VEH000367,TSK005890,0
VEH000230,TSK005890,0
VEH000327,TSK005890,1
VEH000426,TSK005890,0
VEH000073,TSK005890,1
VEH000488,TSK005890,0
VEH000222,TSK005890,0
VEH000047,TSK005890,1
VEH000263,TSK005890,1
VEH000346,TSK005890,0
VEH000292,TSK005905,1
VEH000097,TSK005905,0
VEH000077,TSK005905,0
VEH000251,TSK005905,1
VEH000429,TSK005905,0
VEH000036,TSK005905,0
VEH000525,TSK005905,1
VEH000320,TSK005905,0
VEH000313,TSK005905,1
VEH000312,TSK005905,1
VEH000299,TSK005905,1
VEH000298,TSK005905,0
VEH000431,TSK005905,1
VEH000246,TSK005905,0
VEH000061,TSK005905,1
VEH000096,TSK005905,1
VEH000059,TSK005905,1
VEH000336,TSK005905,0
VEH000284,TSK005905,0
VEH000397,TSK005905,1
VEH000334,TSK005905,0
VEH000259,TSK005905,0
VEH000527,TSK005905,0
VEH000031,TSK005905,0
VEH000348,TSK005905,1
VEH000271,TSK005905,0
VEH000089,TSK005905,1
VEH000385,TSK005905,0
VEH000414,TSK005905,1
VEH000060,TSK005905,0
VEH000468,TSK005905,0
VEH000269,TSK005905,1
VEH000459,TSK005905,0
VEH000528,TSK005905,0
VEH000406,TSK005905,0
VEH000229,TSK005905,0
VEH000379,TSK005905,1
VEH000003,TSK005905,1
VEH000028,TSK005905,0
VEH000100,TSK005905,0
VEH000335,TSK005905,0
VEH000048,TSK005905,1
VEH000368,TSK005905,1
VEH000309,TSK005905,0
VEH000499,TSK005905,0
VEH000225,TSK005905,0
VEH000330,TSK005905,1
VEH000279,TSK005905,1
VEH000341,TSK005905,0
VEH000049,TSK005905,1
VEH000344,TSK005905,1
VEH000042,TSK005905,1
VEH000311,TSK005905,1
VEH000287,TSK005905,1
VEH000421,TSK005905,1
VEH000516,TSK005905,1
VEH000510,TSK005905,1
VEH000084,TSK005905,1
VEH000266,TSK005905,1
VEH000051,TSK005905,1
VEH000016,TSK005905,0
VEH000526,TSK005905,0
VEH000247,TSK005905,0
VEH000252,TSK005905,1
VEH000314,TSK005905,1
VEH000242,TSK005905,1
VEH000433,TSK005905,0
VEH000366,TSK005905,1
VEH000318,TSK005905,1
VEH000290,TSK005905,0
VEH000008,TSK005905,1
VEH000530,TSK005905,1
VEH000081,TSK005905,0
VEH000304,TSK005905,1
VEH000358,TSK005905,0
VEH000026,TSK005905,1
VEH000430,TSK005905,0
VEH000067,TSK005905,1
VEH000088,TSK005905,1
VEH000417,TSK005905,0
VEH000015,TSK005905,0
VEH000024,TSK005905,0
VEH000250,TSK005905,1
VEH000267,TSK005905,1
VEH000034,TSK005905,0
VEH000532,TSK005905,0
VEH000482,TSK005905,0
VEH000386,TSK005905,0
VEH000389,TSK005905,1
VEH000007,TSK005905,0
VEH000367,TSK005905,0
VEH000230,TSK005905,1
VEH000327,TSK005905,1
VEH000426,TSK005905,0
VEH000073,TSK005905,0
VEH000488,TSK005905,0
VEH000222,TSK005905,0
VEH000047,TSK005905,1
VEH000263,TSK005905,1
VEH000346,TSK005905,0
VEH000292,TSK005920,0
VEH000097,TSK005920,0
VEH000077,TSK005920,0
VEH000251,TSK005920,0
VEH000429,TSK005920,1
VEH000036,TSK005920,0
VEH000525,TSK005920,1
VEH000320,TSK005920,1
VEH000313,TSK005920,1
VEH000312,TSK005920,0
VEH000299,TSK005920,0
VEH000298,TSK005920,0
VEH000431,TSK005920,1
VEH000246,TSK005920,1
VEH000061,TSK005920,0
VEH000096,TSK005920,1
VEH000059,TSK005920,0
VEH000336,TSK005920,1
VEH000284,TSK005920,0
VEH000397,TSK005920,0
VEH000334,TSK005920,1
VEH000259,TSK005920,0
VEH000527,TSK005920,1
VEH000031,TSK005920,0
VEH000348,TSK005920,0
VEH000271,TSK005920,1
VEH000089,TSK005920,1
VEH000385,TSK005920,1
VEH000414,TSK005920,0
VEH000060,TSK005920,1
VEH000468,TSK005920,1
VEH000269,TSK005920,1
VEH000459,TSK005920,0
VEH000528,TSK005920,1
VEH000406,TSK005920,1
VEH000229,TSK005920,1
VEH000379,TSK005920,0
VEH000003,TSK005920,0
VEH000028,TSK005920,1
VEH000100,TSK005920,1
VEH000335,TSK005920,1
VEH000048,TSK005920,1
VEH000368,TSK005920,1
VEH000309,TSK005920,1
VEH000499,TSK005920,0
VEH000225,TSK005920,1
VEH000330,TSK005920,1
VEH000279,TSK005920,0
VEH000341,TSK005920,0
VEH000049,TSK005920,1
VEH000344,TSK005920,1
VEH000042,TSK005920,1
VEH000311,TSK005920,1
VEH000287,TSK005920,0
VEH000421,TSK005920,0
VEH000516,TSK005920,0
VEH000510,TSK005920,1
VEH000084,TSK005920,0
VEH000266,TSK005920,1
VEH000051,TSK005920,0
VEH000016,TSK005920,1
VEH000526,TSK005920,1
VEH000247,TSK005920,0
VEH000252,TSK005920,0
VEH000314,TSK005920,0
VEH000242,TSK005920,0
VEH000433,TSK005920,1
VEH000366,TSK005920,1
VEH000318,TSK005920,0
VEH000290,TSK005920,0
VEH000008,TSK005920,0
VEH000530,TSK005920,0
VEH000081,TSK005920,0
VEH000304,TSK005920,1
VEH000358,TSK005920,0
VEH000026,TSK005920,0
VEH000430,TSK005920,1
VEH000067,TSK005920,1
VEH000088,TSK005920,1
VEH000417,TSK005920,1
VEH000015,TSK005920,1
VEH000024,TSK005920,0
VEH000250,TSK005920,1
VEH000267,TSK005920,1
VEH000034,TSK005920,1
VEH000532,TSK005920,0
VEH000482,TSK005920,0
VEH000386,TSK005920,0
VEH000389,TSK005920,0
VEH000007,TSK005920,1
VEH000367,TSK005920,0
VEH000230,TSK005920,0
VEH000327,TSK005920,0
VEH000426,TSK005920,1
VEH000073,TSK005920,0
VEH000488,TSK005920,1
VEH000222,TSK005920,1
VEH000047,TSK005920,0
VEH000263,TSK005920,0
VEH000346,TSK005920,0
VEH000292,TSK005986,0
VEH000097,TSK005986,0
VEH000077,TSK005986,0
VEH000251,TSK005986,0
VEH000429,TSK005986,1
VEH000036,TSK005986,0
VEH000525,TSK005986,1
VEH000320,TSK005986,0
VEH000313,TSK005986,0
VEH000312,TSK005986,1
VEH000299,TSK005986,0
VEH000298,TSK005986,1
VEH000431,TSK005986,0
VEH000246,TSK005986,0
VEH000061,TSK005986,1
VEH000096,TSK005986,1
VEH000059,TSK005986,1
VEH000336,TSK005986,0
VEH000284,TSK005986,1
VEH000397,TSK005986,1
VEH000334,TSK005986,1
VEH000259,TSK005986,0
VEH000527,TSK005986,1
VEH000031,TSK005986,0
VEH000348,TSK005986,1
VEH000271,TSK005986,0
VEH000089,TSK005986,0
VEH000385,TSK005986,0
VEH000414,TSK005986,0
VEH000060,TSK005986,0
VEH000468,TSK005986,1
VEH000269,TSK005986,1
VEH000459,TSK005986,0
VEH000528,TSK005986,1
VEH000406,TSK005986,0
VEH000229,TSK005986,0
VEH000379,TSK005986,1
VEH000003,TSK005986,1
VEH000028,TSK005986,1
VEH000100,TSK005986,1
VEH000335,TSK005986,0
VEH000048,TSK005986,0
VEH000368,TSK005986,1
VEH000309,TSK005986,0
VEH000499,TSK005986,1
VEH000225,TSK005986,0
VEH000330,TSK005986,0
VEH000279,TSK005986,0
VEH000341,TSK005986,1
VEH000049,TSK005986,0
VEH000344,TSK005986,1
VEH000042,TSK005986,1
VEH000311,TSK005986,1
VEH000287,TSK005986,0
VEH000421,TSK005986,1
VEH000516,TSK005986,1
VEH000510,TSK005986,1
VEH000084,TSK005986,0
VEH000266,TSK005986,1
VEH000051,TSK005986,0
VEH000016,TSK005986,0
VEH000526,TSK005986,0
VEH000247,TSK005986,0
VEH000252,TSK005986,0
VEH000314,TSK005986,0
VEH000242,TSK005986,0
VEH000433,TSK005986,0
VEH000366,TSK005986,0
VEH000318,TSK005986,0
VEH000290,TSK005986,1
VEH000008,TSK005986,1
VEH000530,TSK005986,1
VEH000081,TSK005986,1
VEH000304,TSK005986,1
VEH000358,TSK005986,0
VEH000026,TSK005986,1
VEH000430,TSK005986,0
VEH000067,TSK005986,1
VEH000088,TSK005986,1
VEH000417,TSK005986,1
VEH000015,TSK005986,0
VEH000024,TSK005986,1
VEH000250,TSK005986,0
VEH000267,TSK005986,0
VEH000034,TSK005986,0
VEH000532,TSK005986,1
VEH000482,TSK005986,1
VEH000386,TSK005986,1
VEH000389,TSK005986,0
VEH000007,TSK005986,0
VEH000367,TSK005986,1
VEH000230,TSK005986,1
VEH000327,TSK005986,1
VEH000426,TSK005986,1
VEH000073,TSK005986,0
VEH000488,TSK005986,1
VEH000222,TSK005986,0
VEH000047,TSK005986,1
VEH000263,TSK005986,1
VEH000346,TSK005986,1
VEH000292,TSK006043,1
VEH000097,TSK006043,0
VEH000077,TSK006043,1
VEH000251,TSK006043,1
VEH000429,TSK006043,1
VEH000036,TSK006043,1
VEH000525,TSK006043,1
VEH000320,TSK006043,1
VEH000313,TSK006043,0
VEH000312,TSK006043,1
VEH000299,TSK006043,1
VEH000298,TSK006043,0
VEH000431,TSK006043,0
VEH000246,TSK006043,0
VEH000061,TSK006043,0
VEH000096,TSK006043,1
VEH000059,TSK006043,1
VEH000336,TSK006043,1
VEH000284,TSK006043,1
VEH000397,TSK006043,0
VEH000334,TSK006043,0
VEH000259,TSK006043,1
VEH000527,TSK006043,0
VEH000031,TSK006043,0
VEH000348,TSK006043,0
VEH000271,TSK006043,0
VEH000089,TSK006043,0
VEH000385,TSK006043,1
VEH000414,TSK006043,1
VEH000060,TSK006043,0
VEH000468,TSK006043,0
VEH000269,TSK006043,0
VEH000459,TSK006043,1
VEH000528,TSK006043,0
VEH000406,TSK006043,1
VEH000229,TSK006043,0
VEH000379,TSK006043,1
VEH000003,TSK006043,1
VEH000028,TSK006043,0
VEH000100,TSK006043,1
VEH000335,TSK006043,0
VEH000048,TSK006043,0
VEH000368,TSK006043,1
VEH000309,TSK006043,0
VEH000499,TSK006043,0
VEH000225,TSK006043,0
VEH000330,TSK006043,1
VEH000279,TSK006043,0
VEH000341,TSK006043,0
VEH000049,TSK006043,0
VEH000344,TSK006043,1
VEH000042,TSK006043,1
VEH000311,TSK006043,1
VEH000287,TSK006043,0
VEH000421,TSK006043,0
VEH000516,TSK006043,0
VEH000510,TSK006043,1
VEH000084,TSK006043,1
VEH000266,TSK006043,1
VEH000051,TSK006043,1
VEH000016,TSK006043,1
VEH000526,TSK006043,1
VEH000247,TSK006043,1
VEH000252,TSK006043,0
VEH000314,TSK006043,1
VEH000242,TSK006043,1
VEH000433,TSK006043,0
VEH000366,TSK006043,1
VEH000318,TSK006043,0
VEH000290,TSK006043,1
VEH000008,TSK006043,1
VEH000530,TSK006043,1
VEH000081,TSK006043,1
VEH000304,TSK006043,0
VEH000358,TSK006043,0
VEH000026,TSK006043,1
VEH000430,TSK006043,0
VEH000067,TSK006043,0
VEH000088,TSK006043,0
VEH000417,TSK006043,0
VEH000015,TSK006043,1
VEH000024,TSK006043,1
VEH000250,TSK006043,0
VEH000267,TSK006043,1
VEH000034,TSK006043,0
VEH000532,TSK006043,1
VEH000482,TSK006043,1
VEH000386,TSK006043,1
VEH000389,TSK006043,1
VEH000007,TSK006043,0
VEH000367,TSK006043,1
VEH000230,TSK006043,0
VEH000327,TSK006043,0
VEH000426,TSK006043,0
VEH000073,TSK006043,0
VEH000488,TSK006043,1
VEH000222,TSK006043,0
VEH000047,TSK006043,0
VEH000263,TSK006043,0
VEH000346,TSK006043,0
VEH000292,TSK006065,0
VEH000097,TSK006065,1
VEH000077,TSK006065,0
VEH000251,TSK006065,1
VEH000429,TSK006065,0
VEH000036,TSK006065,0
VEH000525,TSK006065,0
VEH000320,TSK006065,1
VEH000313,TSK006065,1
VEH000312,TSK006065,0
VEH000299,TSK006065,0
VEH000298,TSK006065,0
VEH000431,TSK006065,0
VEH000246,TSK006065,1
VEH000061,TSK006065,0
VEH000096,TSK006065,0
VEH000059,TSK006065,1
VEH000336,TSK006065,0
VEH000284,TSK006065,0
VEH000397,TSK006065,0
VEH000334,TSK006065,0
VEH000259,TSK006065,0
VEH000527,TSK006065,0
VEH000031,TSK006065,1
VEH000348,TSK006065,1
VEH000271,TSK006065,0
VEH000089,TSK006065,0
VEH000385,TSK006065,1
VEH000414,TSK006065,0
VEH000060,TSK006065,1
VEH000468,TSK006065,1
VEH000269,TSK006065,0
VEH000459,TSK006065,1
VEH000528,TSK006065,0
VEH000406,TSK006065,1
VEH000229,TSK006065,1
VEH000379,TSK006065,1
VEH000003,TSK006065,1
VEH000028,TSK006065,0
VEH000100,TSK006065,1
VEH000335,TSK006065,0
VEH000048,TSK006065,0
VEH000368,TSK006065,1
VEH000309,TSK006065,1
VEH000499,TSK006065,0
VEH000225,TSK006065,1
VEH000330,TSK006065,1
VEH000279,TSK006065,1
VEH000341,TSK006065,1
VEH000049,TSK006065,0
VEH000344,TSK006065,0
VEH000042,TSK006065,1
VEH000311,TSK006065,1
VEH000287,TSK006065,0
VEH000421,TSK006065,0
VEH000516,TSK006065,1
VEH000510,TSK006065,1
VEH000084,TSK006065,1
VEH000266,TSK006065,1
VEH000051,TSK006065,1
VEH000016,TSK006065,1
VEH000526,TSK006065,1
VEH000247,TSK006065,1
VEH000252,TSK006065,0
VEH000314,TSK006065,1
VEH000242,TSK006065,0
VEH000433,TSK006065,0
VEH000366,TSK006065,0
VEH000318,TSK006065,1
VEH000290,TSK006065,0
VEH000008,TSK006065,0
VEH000530,TSK006065,1
VEH000081,TSK006065,0
VEH000304,TSK006065,1
VEH000358,TSK006065,1
VEH000026,TSK006065,0
VEH000430,TSK006065,0
VEH000067,TSK006065,1
VEH000088,TSK006065,1
VEH000417,TSK006065,0
VEH000015,TSK006065,0
VEH000024,TSK006065,0
VEH000250,TSK006065,0
VEH000267,TSK006065,1
VEH000034,TSK006065,0
VEH000532,TSK006065,0
VEH000482,TSK006065,1
VEH000386,TSK006065,1
VEH000389,TSK006065,0
VEH000007,TSK006065,1
VEH000367,TSK006065,1
VEH000230,TSK006065,1
VEH000327,TSK006065,0
VEH000426,TSK006065,1
VEH000073,TSK006065,0
VEH000488,TSK006065,1
VEH000222,TSK006065,0
VEH000047,TSK006065,1
VEH000263,TSK006065,0
VEH000346,TSK006065,1
VEH000292,TSK006068,1
VEH000097,TSK006068,1
VEH000077,TSK006068,1
VEH000251,TSK006068,1
VEH000429,TSK006068,1
VEH000036,TSK006068,0
VEH000525,TSK006068,0
VEH000320,TSK006068,1
VEH000313,TSK006068,0
VEH000312,TSK006068,1
VEH000299,TSK006068,0
VEH000298,TSK006068,0
VEH000431,TSK006068,0
VEH000246,TSK006068,0
VEH000061,TSK006068,1
VEH000096,TSK006068,0
VEH000059,TSK006068,0
VEH000336,TSK006068,1
VEH000284,TSK006068,1
VEH000397,TSK006068,1
VEH000334,TSK006068,1
VEH000259,TSK006068,0
VEH000527,TSK006068,0
VEH000031,TSK006068,0
VEH000348,TSK006068,1
VEH000271,TSK006068,1
VEH000089,TSK006068,0
VEH000385,TSK006068,0
VEH000414,TSK006068,0
VEH000060,TSK006068,1
VEH000468,TSK006068,0
VEH000269,TSK006068,1
VEH000459,TSK006068,1
VEH000528,TSK006068,1
VEH000406,TSK006068,0
VEH000229,TSK006068,1
VEH000379,TSK006068,0
VEH000003,TSK006068,0
VEH000028,TSK006068,0
VEH000100,TSK006068,1
VEH000335,TSK006068,1
VEH000048,TSK006068,1
VEH000368,TSK006068,0
VEH000309,TSK006068,1
VEH000499,TSK006068,0
VEH000225,TSK006068,0
VEH000330,TSK006068,0
VEH000279,TSK006068,0
VEH000341,TSK006068,1
VEH000049,TSK006068,1
VEH000344,TSK006068,0
VEH000042,TSK006068,0
VEH000311,TSK006068,1
VEH000287,TSK006068,0
VEH000421,TSK006068,0
VEH000516,TSK006068,1
VEH000510,TSK006068,0
VEH000084,TSK006068,0
VEH000266,TSK006068,0
VEH000051,TSK006068,0
VEH000016,TSK006068,0
VEH000526,TSK006068,1
VEH000247,TSK006068,0
VEH000252,TSK006068,1
VEH000314,TSK006068,0
VEH000242,TSK006068,1
VEH000433,TSK006068,1
VEH000366,TSK006068,0
VEH000318,TSK006068,0
VEH000290,TSK006068,1
VEH000008,TSK006068,0
VEH000530,TSK006068,0
VEH000081,TSK006068,0
VEH000304,TSK006068,1
VEH000358,TSK006068,1
VEH000026,TSK006068,0
VEH000430,TSK006068,1
VEH000067,TSK006068,0
VEH000088,TSK006068,1
VEH000417,TSK006068,0
VEH000015,TSK006068,0
VEH000024,TSK006068,0
VEH000250,TSK006068,1
VEH000267,TSK006068,1
VEH000034,TSK006068,1
VEH000532,TSK006068,1
VEH000482,TSK006068,1
VEH000386,TSK006068,1
VEH000389,TSK006068,1
VEH000007,TSK006068,1
VEH000367,TSK006068,1
VEH000230,TSK006068,0
VEH000327,TSK006068,1
VEH000426,TSK006068,1
VEH000073,TSK006068,0
VEH000488,TSK006068,0
VEH000222,TSK006068,1
VEH000047,TSK006068,1
VEH000263,TSK006068,0
VEH000346,TSK006068,1
VEH000292,TSK006307,1
VEH000097,TSK006307,1
VEH000077,TSK006307,0
VEH000251,TSK006307,0
VEH000429,TSK006307,1
VEH000036,TSK006307,1
VEH000525,TSK006307,0
VEH000320,TSK006307,0
VEH000313,TSK006307,0
VEH000312,TSK006307,0
VEH000299,TSK006307,1
VEH000298,TSK006307,1
VEH000431,TSK006307,0
VEH000246,TSK006307,1
VEH000061,TSK006307,1
VEH000096,TSK006307,0
VEH000059,TSK006307,1
VEH000336,TSK006307,0
VEH000284,TSK006307,1
VEH000397,TSK006307,1
VEH000334,TSK006307,0
VEH000259,TSK006307,1
VEH000527,TSK006307,1
VEH000031,TSK006307,1
VEH000348,TSK006307,0
VEH000271,TSK006307,1
VEH000089,TSK006307,1
VEH000385,TSK006307,0
VEH000414,TSK006307,1
VEH000060,TSK006307,1
VEH000468,TSK006307,1
VEH000269,TSK006307,0
VEH000459,TSK006307,0
VEH000528,TSK006307,0
VEH000406,TSK006307,1
VEH000229,TSK006307,0
VEH000379,TSK006307,1
VEH000003,TSK006307,0
VEH000028,TSK006307,1
VEH000100,TSK006307,1
VEH000335,TSK006307,0
VEH000048,TSK006307,1
VEH000368,TSK006307,1
VEH000309,TSK006307,1
VEH000499,TSK006307,0
VEH000225,TSK006307,0
VEH000330,TSK006307,0
VEH000279,TSK006307,1
VEH000341,TSK006307,1
VEH000049,TSK006307,1
VEH000344,TSK006307,1
VEH000042,TSK006307,0
VEH000311,TSK006307,0
VEH000287,TSK006307,1
VEH000421,TSK006307,1
VEH000516,TSK006307,1
VEH000510,TSK006307,1
VEH000084,TSK006307,1
VEH000266,TSK006307,0
VEH000051,TSK006307,1
VEH000016,TSK006307,0
VEH000526,TSK006307,1
VEH000247,TSK006307,0
VEH000252,TSK006307,1
VEH000314,TSK006307,1
VEH000242,TSK006307,1
VEH000433,TSK006307,1
VEH000366,TSK006307,0
VEH000318,TSK006307,1
VEH000290,TSK006307,0
VEH000008,TSK006307,0
VEH000530,TSK006307,0
VEH000081,TSK006307,0
VEH000304,TSK006307,1
VEH000358,TSK006307,0
VEH000026,TSK006307,0
VEH000430,TSK006307,0
VEH000067,TSK006307,0
VEH000088,TSK006307,0
VEH000417,TSK006307,1
VEH000015,TSK006307,0
VEH000024,TSK006307,1
VEH000250,TSK006307,0
VEH000267,TSK006307,0
VEH000034,TSK006307,0
VEH000532,TSK006307,1
VEH000482,TSK006307,0
VEH000386,TSK006307,0
VEH000389,TSK006307,1
VEH000007,TSK006307,0
VEH000367,TSK006307,0
VEH000230,TSK006307,0
VEH000327,TSK006307,0
VEH000426,TSK006307,0
VEH000073,TSK006307,0
VEH000488,TSK006307,1
VEH000222,TSK006307,1
VEH000047,TSK006307,0
VEH000263,TSK006307,0
VEH000346,TSK006307,1
VEH000292,TSK006354,1
VEH000097,TSK006354,1
VEH000077,TSK006354,0
VEH000251,TSK006354,0
VEH000429,TSK006354,0
VEH000036,TSK006354,1
VEH000525,TSK006354,0
VEH000320,TSK006354,0
VEH000313,TSK006354,1
VEH000312,TSK006354,1
VEH000299,TSK006354,0
VEH000298,TSK006354,0
VEH000431,TSK006354,0
VEH000246,TSK006354,0
VEH000061,TSK006354,1
VEH000096,TSK006354,0
VEH000059,TSK006354,0
VEH000336,TSK006354,1
VEH000284,TSK006354,0
VEH000397,TSK006354,1
VEH000334,TSK006354,0
VEH000259,TSK006354,0
VEH000527,TSK006354,1
VEH000031,TSK006354,1
VEH000348,TSK006354,0
VEH000271,TSK006354,1
VEH000089,TSK006354,1
VEH000385,TSK006354,0
VEH000414,TSK006354,1
VEH000060,TSK006354,1
VEH000468,TSK006354,0
VEH000269,TSK006354,0
VEH000459,TSK006354,0
VEH000528,TSK006354,1
VEH000406,TSK006354,0
VEH000229,TSK006354,0
VEH000379,TSK006354,1
VEH000003,TSK006354,1
VEH000028,TSK006354,0
VEH000100,TSK006354,0
VEH000335,TSK006354,0
VEH000048,TSK006354,0
VEH000368,TSK006354,1
VEH000309,TSK006354,1
VEH000499,TSK006354,1
VEH000225,TSK006354,0
VEH000330,TSK006354,1
VEH000279,TSK006354,0
VEH000341,TSK006354,0
VEH000049,TSK006354,1
VEH000344,TSK006354,1
VEH000042,TSK006354,1
VEH000311,TSK006354,1
VEH000287,TSK006354,0
VEH000421,TSK006354,1
VEH000516,TSK006354,0
VEH000510,TSK006354,0
VEH000084,TSK006354,1
VEH000266,TSK006354,1
VEH000051,TSK006354,0
VEH000016,TSK006354,0
VEH000526,TSK006354,1
VEH000247,TSK006354,0
VEH000252,TSK006354,0
VEH000314,TSK006354,0
VEH000242,TSK006354,0
VEH000433,TSK006354,1
VEH000366,TSK006354,0
VEH000318,TSK006354,1
VEH000290,TSK006354,0
VEH000008,TSK006354,1
VEH000530,TSK006354,0
VEH000081,TSK006354,0
VEH000304,TSK006354,1
VEH000358,TSK006354,0
VEH000026,TSK006354,0
VEH000430,TSK006354,1
VEH000067,TSK006354,1
VEH000088,TSK006354,0
VEH000417,TSK006354,1
VEH000015,TSK006354,1
VEH000024,TSK006354,0
VEH000250,TSK006354,1
VEH000267,TSK006354,1
VEH000034,TSK006354,1
VEH000532,TSK006354,1
VEH000482,TSK006354,1
VEH000386,TSK006354,0
VEH000389,TSK006354,1
VEH000007,TSK006354,0
VEH000367,TSK006354,1
VEH000230,TSK006354,1
VEH000327,TSK006354,0
VEH000426,TSK006354,1
VEH000073,TSK006354,1
VEH000488,TSK006354,1
VEH000222,TSK006354,0
VEH000047,TSK006354,1
VEH000263,TSK006354,0
VEH000346,TSK006354,1
VEH000292,TSK006393,0
VEH000097,TSK006393,1
VEH000077,TSK006393,1
VEH000251,TSK006393,1
VEH000429,TSK006393,0
VEH000036,TSK006393,1
VEH000525,TSK006393,0
VEH000320,TSK006393,1
VEH000313,TSK006393,0
VEH000312,TSK006393,1
VEH000299,TSK006393,1
VEH000298,TSK006393,1
VEH000431,TSK006393,0
VEH000246,TSK006393,1
VEH000061,TSK006393,0
VEH000096,TSK006393,1
VEH000059,TSK006393,1
VEH000336,TSK006393,0
VEH000284,TSK006393,0
VEH000397,TSK006393,0
VEH000334,TSK006393,1
VEH000259,TSK006393,0
VEH000527,TSK006393,0
VEH000031,TSK006393,0
VEH000348,TSK006393,1
VEH000271,TSK006393,1
VEH000089,TSK006393,1
VEH000385,TSK006393,0
VEH000414,TSK006393,1
VEH000060,TSK006393,0
VEH000468,TSK006393,1
VEH000269,TSK006393,0
VEH000459,TSK006393,0
VEH000528,TSK006393,0
VEH000406,TSK006393,0
VEH000229,TSK006393,0
VEH000379,TSK006393,1
VEH000003,TSK006393,0
VEH000028,TSK006393,1
VEH000100,TSK006393,1
VEH000335,TSK006393,1
VEH000048,TSK006393,0
VEH000368,TSK006393,0
VEH000309,TSK006393,1
VEH000499,TSK006393,1
VEH000225,TSK006393,0
VEH000330,TSK006393,1
VEH000279,TSK006393,0
VEH000341,TSK006393,1
VEH000049,TSK006393,0
VEH000344,TSK006393,0
VEH000042,TSK006393,1
VEH000311,TSK006393,1
VEH000287,TSK006393,0
VEH000421,TSK006393,0
VEH000516,TSK006393,0
VEH000510,TSK006393,0
VEH000084,TSK006393,0
VEH000266,TSK006393,0
VEH000051,TSK006393,0
VEH000016,TSK006393,1
VEH000526,TSK006393,0
VEH000247,TSK006393,1
VEH000252,TSK006393,0
VEH000314,TSK006393,0
VEH000242,TSK006393,1
VEH000433,TSK006393,1
VEH000366,TSK006393,1
VEH000318,TSK006393,0
VEH000290,TSK006393,0
VEH000008,TSK006393,0
VEH000530,TSK006393,1
VEH000081,TSK006393,1
VEH000304,TSK006393,0
VEH000358,TSK006393,1
VEH000026,TSK006393,0
VEH000430,TSK006393,1
VEH000067,TSK006393,0
VEH000088,TSK006393,0
VEH000417,TSK006393,0
VEH000015,TSK006393,1
VEH000024,TSK006393,1
VEH000250,TSK006393,1
VEH000267,TSK006393,1
VEH000034,TSK006393,1
VEH000532,TSK006393,1
VEH000482,TSK006393,0
VEH000386,TSK006393,1
VEH000389,TSK006393,0
VEH000007,TSK006393,1
VEH000367,TSK006393,1
VEH000230,TSK006393,1
VEH000327,TSK006393,1
VEH000426,TSK006393,1
VEH000073,TSK006393,1
VEH000488,TSK006393,0
VEH000222,TSK006393,0
VEH000047,TSK006393,0
VEH000263,TSK006393,1
VEH000346,TSK006393,0
VEH000292,TSK006396,0
VEH000097,TSK006396,0
VEH000077,TSK006396,0
VEH000251,TSK006396,0
VEH000429,TSK006396,1
VEH000036,TSK006396,1
VEH000525,TSK006396,0
VEH000320,TSK006396,0
VEH000313,TSK006396,1
VEH000312,TSK006396,1
VEH000299,TSK006396,1
VEH000298,TSK006396,1
VEH000431,TSK006396,1
VEH000246,TSK006396,1
VEH000061,TSK006396,0
VEH000096,TSK006396,0
VEH000059,TSK006396,1
VEH000336,TSK006396,0
VEH000284,TSK006396,0
VEH000397,TSK006396,1
VEH000334,TSK006396,1
VEH000259,TSK006396,0
VEH000527,TSK006396,1
VEH000031,TSK006396,1
VEH000348,TSK006396,1
VEH000271,TSK006396,0
VEH000089,TSK006396,0
VEH000385,TSK006396,1
VEH000414,TSK006396,0
VEH000060,TSK006396,1
VEH000468,TSK006396,1
VEH000269,TSK006396,1
VEH000459,TSK006396,0
VEH000528,TSK006396,1
VEH000406,TSK006396,1
VEH000229,TSK006396,0
VEH000379,TSK006396,1
VEH000003,TSK006396,1
VEH000028,TSK006396,1
VEH000100,TSK006396,1
VEH000335,TSK006396,1
VEH000048,TSK006396,0
VEH000368,TSK006396,0
VEH000309,TSK006396,0
VEH000499,TSK006396,0
VEH000225,TSK006396,1
VEH000330,TSK006396,1
VEH000279,TSK006396,1
VEH000341,TSK006396,1
VEH000049,TSK006396,0
VEH000344,TSK006396,0
VEH000042,TSK006396,0
VEH000311,TSK006396,0
VEH000287,TSK006396,0
VEH000421,TSK006396,1
VEH000516,TSK006396,1
VEH000510,TSK006396,0
VEH000084,TSK006396,1
VEH000266,TSK006396,0
VEH000051,TSK006396,1
VEH000016,TSK006396,0
VEH000526,TSK006396,1
VEH000247,TSK006396,1
VEH000252,TSK006396,0
VEH000314,TSK006396,1
VEH000242,TSK006396,1
VEH000433,TSK006396,0
VEH000366,TSK006396,1
VEH000318,TSK006396,0
VEH000290,TSK006396,1
VEH000008,TSK006396,0
VEH000530,TSK006396,1
VEH000081,TSK006396,0
VEH000304,TSK006396,0
VEH000358,TSK006396,1
VEH000026,TSK006396,1
VEH000430,TSK006396,0
VEH000067,TSK006396,0
VEH000088,TSK006396,1
VEH000417,TSK006396,0
VEH000015,TSK006396,0
VEH000024,TSK006396,1
VEH000250,TSK006396,0
VEH000267,TSK006396,1
VEH000034,TSK006396,0
VEH000532,TSK006396,0
VEH000482,TSK006396,0
VEH000386,TSK006396,0
VEH000389,TSK006396,1
VEH000007,TSK006396,0
VEH000367,TSK006396,0
VEH000230,TSK006396,1
VEH000327,TSK006396,0
VEH000426,TSK006396,0
VEH000073,TSK006396,0
VEH000488,TSK006396,1
VEH000222,TSK006396,1
VEH000047,TSK006396,0
VEH000263,TSK006396,1
VEH000346,TSK006396,0
VEH000292,TSK006420,0
VEH000097,TSK006420,0
VEH000077,TSK006420,0
VEH000251,TSK006420,0
VEH000429,TSK006420,0
VEH000036,TSK006420,0
VEH000525,TSK006420,0
VEH000320,TSK006420,1
VEH000313,TSK006420,1
VEH000312,TSK006420,0
VEH000299,TSK006420,0
VEH000298,TSK006420,1
VEH000431,TSK006420,0
VEH000246,TSK006420,1
VEH000061,TSK006420,0
VEH000096,TSK006420,0
VEH000059,TSK006420,1
VEH000336,TSK006420,1
VEH000284,TSK006420,1
VEH000397,TSK006420,1
VEH000334,TSK006420,0
VEH000259,TSK006420,0
VEH000527,TSK006420,0
VEH000031,TSK006420,1
VEH000348,TSK006420,1
VEH000271,TSK006420,1
VEH000089,TSK006420,1
VEH000385,TSK006420,1
VEH000414,TSK006420,1
VEH000060,TSK006420,0
VEH000468,TSK006420,1
VEH000269,TSK006420,0
VEH000459,TSK006420,0
VEH000528,TSK006420,1
VEH000406,TSK006420,1
VEH000229,TSK006420,0
VEH000379,TSK006420,1
VEH000003,TSK006420,1
VEH000028,TSK006420,0
VEH000100,TSK006420,1
VEH000335,TSK006420,1
VEH000048,TSK006420,0
VEH000368,TSK006420,0
VEH000309,TSK006420,1
VEH000499,TSK006420,0
VEH000225,TSK006420,1
VEH000330,TSK006420,1
VEH000279,TSK006420,0
VEH000341,TSK006420,1
VEH000049,TSK006420,0
VEH000344,TSK006420,1
VEH000042,TSK006420,0
VEH000311,TSK006420,1
VEH000287,TSK006420,0
VEH000421,TSK006420,0
VEH000516,TSK006420,1
VEH000510,TSK006420,0
VEH000084,TSK006420,0
VEH000266,TSK006420,0
VEH000051,TSK006420,1
VEH000016,TSK006420,0
VEH000526,TSK006420,0
VEH000247,TSK006420,1
VEH000252,TSK006420,1
VEH000314,TSK006420,1
VEH000242,TSK006420,1
VEH000433,TSK006420,1
VEH000366,TSK006420,0
VEH000318,TSK006420,1
VEH000290,TSK006420,1
VEH000008,TSK006420,0
VEH000530,TSK006420,0
VEH000081,TSK006420,0
VEH000304,TSK006420,0
VEH000358,TSK006420,0
VEH000026,TSK006420,1
VEH000430,TSK006420,0
VEH000067,TSK006420,0
VEH000088,TSK006420,1
VEH000417,TSK006420,1
VEH000015,TSK006420,1
VEH000024,TSK006420,0
VEH000250,TSK006420,0
VEH000267,TSK006420,0
VEH000034,TSK006420,1
VEH000532,TSK006420,1
VEH000482,TSK006420,0
VEH000386,TSK006420,0
VEH000389,TSK006420,1
VEH000007,TSK006420,1
VEH000367,TSK006420,1
VEH000230,TSK006420,0
VEH000327,TSK006420,0
VEH000426,TSK006420,1
VEH000073,TSK006420,1
VEH000488,TSK006420,1
VEH000222,TSK006420,1
VEH000047,TSK006420,0
VEH000263,TSK006420,1
VEH000346,TSK006420,0
VEH000292,TSK006432,0
VEH000097,TSK006432,1
VEH000077,TSK006432,0
VEH000251,TSK006432,1
VEH000429,TSK006432,1
VEH000036,TSK006432,1
VEH000525,TSK006432,0
VEH000320,TSK006432,1
VEH000313,TSK006432,1
VEH000312,TSK006432,0
VEH000299,TSK006432,1
VEH000298,TSK006432,0
VEH000431,TSK006432,1
VEH000246,TSK006432,0
VEH000061,TSK006432,1
VEH000096,TSK006432,0
VEH000059,TSK006432,1
VEH000336,TSK006432,1
VEH000284,TSK006432,1
VEH000397,TSK006432,1
VEH000334,TSK006432,0
VEH000259,TSK006432,0
VEH000527,TSK006432,0
VEH000031,TSK006432,0
VEH000348,TSK006432,1
VEH000271,TSK006432,1
VEH000089,TSK006432,0
VEH000385,TSK006432,0
VEH000414,TSK006432,1
VEH000060,TSK006432,1
VEH000468,TSK006432,1
VEH000269,TSK006432,1
VEH000459,TSK006432,0
VEH000528,TSK006432,1
VEH000406,TSK006432,1
VEH000229,TSK006432,0
VEH000379,TSK006432,1
VEH000003,TSK006432,1
VEH000028,TSK006432,1
VEH000100,TSK006432,0
VEH000335,TSK006432,0
VEH000048,TSK006432,0
VEH000368,TSK006432,0
VEH000309,TSK006432,1
VEH000499,TSK006432,0
VEH000225,TSK006432,0
VEH000330,TSK006432,0
VEH000279,TSK006432,0
VEH000341,TSK006432,1
VEH000049,TSK006432,0
VEH000344,TSK006432,0
VEH000042,TSK006432,0
VEH000311,TSK006432,0
VEH000287,TSK006432,1
VEH000421,TSK006432,0
VEH000516,TSK006432,0
VEH000510,TSK006432,1
VEH000084,TSK006432,1
VEH000266,TSK006432,1
VEH000051,TSK006432,1
VEH000016,TSK006432,0
VEH000526,TSK006432,0
VEH000247,TSK006432,0
VEH000252,TSK006432,0
VEH000314,TSK006432,1
VEH000242,TSK006432,0
VEH000433,TSK006432,1
VEH000366,TSK006432,1
VEH000318,TSK006432,0
VEH000290,TSK006432,1
VEH000008,TSK006432,1
VEH000530,TSK006432,1
VEH000081,TSK006432,0
VEH000304,TSK006432,1
VEH000358,TSK006432,0
VEH000026,TSK006432,1
VEH000430,TSK006432,0
VEH000067,TSK006432,0
VEH000088,TSK006432,1
VEH000417,TSK006432,1
VEH000015,TSK006432,1
VEH000024,TSK006432,0
VEH000250,TSK006432,1
VEH000267,TSK006432,0
VEH000034,TSK006432,1
VEH000532,TSK006432,1
VEH000482,TSK006432,1
VEH000386,TSK006432,0
VEH000389,TSK006432,1
VEH000007,TSK006432,1
VEH000367,TSK006432,0
VEH000230,TSK006432,0
VEH000327,TSK006432,0
VEH000426,TSK006432,0
VEH000073,TSK006432,0
VEH000488,TSK006432,0
VEH000222,TSK006432,0
VEH000047,TSK006432,1
VEH000263,TSK006432,0
VEH000346,TSK006432,1
VEH000292,TSK006493,0
VEH000097,TSK006493,0
VEH000077,TSK006493,1
VEH000251,TSK006493,1
VEH000429,TSK006493,0
VEH000036,TSK006493,0
VEH000525,TSK006493,1
VEH000320,TSK006493,0
VEH000313,TSK006493,1
VEH000312,TSK006493,0
VEH000299,TSK006493,0
VEH000298,TSK006493,0
VEH000431,TSK006493,0
VEH000246,TSK006493,0
VEH000061,TSK006493,0
VEH000096,TSK006493,1
VEH000059,TSK006493,1
VEH000336,TSK006493,1
VEH000284,TSK006493,1
VEH000397,TSK006493,0
VEH000334,TSK006493,0
VEH000259,TSK006493,1
VEH000527,TSK006493,0
VEH000031,TSK006493,0
VEH000348,TSK006493,1
VEH000271,TSK006493,0
VEH000089,TSK006493,0
VEH000385,TSK006493,0
VEH000414,TSK006493,1
VEH000060,TSK006493,0
VEH000468,TSK006493,1
VEH000269,TSK006493,0
VEH000459,TSK006493,0
VEH000528,TSK006493,1
VEH000406,TSK006493,1
VEH000229,TSK006493,0
VEH000379,TSK006493,1
VEH000003,TSK006493,0
VEH000028,TSK006493,1
VEH000100,TSK006493,0
VEH000335,TSK006493,1
VEH000048,TSK006493,1
VEH000368,TSK006493,0
VEH000309,TSK006493,1
VEH000499,TSK006493,1
VEH000225,TSK006493,1
VEH000330,TSK006493,1
VEH000279,TSK006493,1
VEH000341,TSK006493,1
VEH000049,TSK006493,1
VEH000344,TSK006493,1
VEH000042,TSK006493,1
VEH000311,TSK006493,1
VEH000287,TSK006493,1
VEH000421,TSK006493,1
VEH000516,TSK006493,1
VEH000510,TSK006493,0
VEH000084,TSK006493,0
VEH000266,TSK006493,0
VEH000051,TSK006493,0
VEH000016,TSK006493,0
VEH000526,TSK006493,1
VEH000247,TSK006493,0
VEH000252,TSK006493,1
VEH000314,TSK006493,1
VEH000242,TSK006493,0
VEH000433,TSK006493,0
VEH000366,TSK006493,0
VEH000318,TSK006493,1
VEH000290,TSK006493,1
VEH000008,TSK006493,0
VEH000530,TSK006493,0
VEH000081,TSK006493,1
VEH000304,TSK006493,0
VEH000358,TSK006493,0
VEH000026,TSK006493,1
VEH000430,TSK006493,0
VEH000067,TSK006493,1
VEH000088,TSK006493,1
VEH000417,TSK006493,0
VEH000015,TSK006493,0
VEH000024,TSK006493,1
VEH000250,TSK006493,0
VEH000267,TSK006493,1
VEH000034,TSK006493,1
VEH000532,TSK006493,0
VEH000482,TSK006493,1
VEH000386,TSK006493,0
VEH000389,TSK006493,1
VEH000007,TSK006493,0
VEH000367,TSK006493,1
VEH000230,TSK006493,0
VEH000327,TSK006493,1
VEH000426,TSK006493,0
VEH000073,TSK006493,0
VEH000488,TSK006493,0
VEH000222,TSK006493,1
VEH000047,TSK006493,1
VEH000263,TSK006493,0
VEH000346,TSK006493,1
VEH000292,TSK006529,0
VEH000097,TSK006529,1
VEH000077,TSK006529,0
VEH000251,TSK006529,1
VEH000429,TSK006529,1
VEH000036,TSK006529,1
VEH000525,TSK006529,0
VEH000320,TSK006529,1
VEH000313,TSK006529,1
VEH000312,TSK006529,0
VEH000299,TSK006529,0
VEH000298,TSK006529,0
VEH000431,TSK006529,0
VEH000246,TSK006529,1
VEH000061,TSK006529,1
VEH000096,TSK006529,0
VEH000059,TSK006529,0
VEH000336,TSK006529,0
VEH000284,TSK006529,1
VEH000397,TSK006529,0
VEH000334,TSK006529,0
VEH000259,TSK006529,1
VEH000527,TSK006529,1
VEH000031,TSK006529,1
VEH000348,TSK006529,0
VEH000271,TSK006529,1
VEH000089,TSK006529,1
VEH000385,TSK006529,1
VEH000414,TSK006529,1
VEH000060,TSK006529,1
VEH000468,TSK006529,1
VEH000269,TSK006529,1
VEH000459,TSK006529,0
VEH000528,TSK006529,0
VEH000406,TSK006529,0
VEH000229,TSK006529,1
VEH000379,TSK006529,0
VEH000003,TSK006529,1
VEH000028,TSK006529,0
VEH000100,TSK006529,1
VEH000335,TSK006529,0
VEH000048,TSK006529,0
VEH000368,TSK006529,0
VEH000309,TSK006529,0
VEH000499,TSK006529,1
VEH000225,TSK006529,0
VEH000330,TSK006529,1
VEH000279,TSK006529,1
VEH000341,TSK006529,1
VEH000049,TSK006529,1
VEH000344,TSK006529,0
VEH000042,TSK006529,0
VEH000311,TSK006529,1
VEH000287,TSK006529,1
VEH000421,TSK006529,0
VEH000516,TSK006529,0
VEH000510,TSK006529,0
VEH000084,TSK006529,0
VEH000266,TSK006529,0
VEH000051,TSK006529,1
VEH000016,TSK006529,0
VEH000526,TSK006529,0
VEH000247,TSK006529,0
VEH000252,TSK006529,1
VEH000314,TSK006529,0
VEH000242,TSK006529,0
VEH000433,TSK006529,1
VEH000366,TSK006529,0
VEH000318,TSK006529,1
VEH000290,TSK006529,1
VEH000008,TSK006529,0
VEH000530,TSK006529,0
VEH000081,TSK006529,1
VEH000304,TSK006529,1
VEH000358,TSK006529,1
VEH000026,TSK006529,0
VEH000430,TSK006529,1
VEH000067,TSK006529,1
VEH000088,TSK006529,0
VEH000417,TSK006529,0
VEH000015,TSK006529,1
VEH000024,TSK006529,0
VEH000250,TSK006529,0
VEH000267,TSK006529,1
VEH000034,TSK006529,0
VEH000532,TSK006529,1
VEH000482,TSK006529,1
VEH000386,TSK006529,0
VEH000389,TSK006529,1
VEH000007,TSK006529,1
VEH000367,TSK006529,0
VEH000230,TSK006529,1
VEH000327,TSK006529,1
VEH000426,TSK006529,1
VEH000073,TSK006529,1
VEH000488,TSK006529,0
VEH000222,TSK006529,0
VEH000047,TSK006529,1
VEH000263,TSK006529,0
VEH000346,TSK006529,0
VEH000292,TSK006530,1
VEH000097,TSK006530,1
VEH000077,TSK006530,0
VEH000251,TSK006530,0
VEH000429,TSK006530,1
VEH000036,TSK006530,0
VEH000525,TSK006530,1
VEH000320,TSK006530,0
VEH000313,TSK006530,1
VEH000312,TSK006530,0
VEH000299,TSK006530,1
VEH000298,TSK006530,1
VEH000431,TSK006530,0
VEH000246,TSK006530,1
VEH000061,TSK006530,1
VEH000096,TSK006530,0
VEH000059,TSK006530,1
VEH000336,TSK006530,1
VEH000284,TSK006530,0
VEH000397,TSK006530,0
VEH000334,TSK006530,0
VEH000259,TSK006530,1
VEH000527,TSK006530,0
VEH000031,TSK006530,1
VEH000348,TSK006530,1
VEH000271,TSK006530,0
VEH000089,TSK006530,0
VEH000385,TSK006530,1
VEH000414,TSK006530,1
VEH000060,TSK006530,1
VEH000468,TSK006530,1
VEH000269,TSK006530,1
VEH000459,TSK006530,0
VEH000528,TSK006530,0
VEH000406,TSK006530,1
VEH000229,TSK006530,1
VEH000379,TSK006530,1
VEH000003,TSK006530,0
VEH000028,TSK006530,1
VEH000100,TSK006530,0
VEH000335,TSK006530,0
VEH000048,TSK006530,0
VEH000368,TSK006530,1
VEH000309,TSK006530,1
VEH000499,TSK006530,0
VEH000225,TSK006530,0
VEH000330,TSK006530,1
VEH000279,TSK006530,0
VEH000341,TSK006530,1
VEH000049,TSK006530,1
VEH000344,TSK006530,0
VEH000042,TSK006530,0
VEH000311,TSK006530,0
VEH000287,TSK006530,1
VEH000421,TSK006530,0
VEH000516,TSK006530,0
VEH000510,TSK006530,0
VEH000084,TSK006530,1
VEH000266,TSK006530,0
VEH000051,TSK006530,0
VEH000016,TSK006530,0
VEH000526,TSK006530,0
VEH000247,TSK006530,0
VEH000252,TSK006530,1
VEH000314,TSK006530,0
VEH000242,TSK006530,1
VEH000433,TSK006530,1
VEH000366,TSK006530,1
VEH000318,TSK006530,0
VEH000290,TSK006530,1
VEH000008,TSK006530,0
VEH000530,TSK006530,1
VEH000081,TSK006530,1
VEH000304,TSK006530,0
VEH000358,TSK006530,1
VEH000026,TSK006530,1
VEH000430,TSK006530,1
VEH000067,TSK006530,0
VEH000088,TSK006530,1
VEH000417,TSK006530,0
VEH000015,TSK006530,0
VEH000024,TSK006530,1
VEH000250,TSK006530,1
VEH000267,TSK006530,0
VEH000034,TSK006530,1
VEH000532,TSK006530,0
VEH000482,TSK006530,1
VEH000386,TSK006530,1
VEH000389,TSK006530,1
VEH000007,TSK006530,0
VEH000367,TSK006530,0
VEH000230,TSK006530,1
VEH000327,TSK006530,0
VEH000426,TSK006530,0
VEH000073,TSK006530,0
VEH000488,TSK006530,1
VEH000222,TSK006530,0
VEH000047,TSK006530,0
VEH000263,TSK006530,0
VEH000346,TSK006530,1
VEH000292,TSK006559,0
VEH000097,TSK006559,1
VEH000077,TSK006559,1
VEH000251,TSK006559,0
VEH000429,TSK006559,1
VEH000036,TSK006559,0
VEH000525,TSK006559,1
VEH000320,TSK006559,1
VEH000313,TSK006559,1
VEH000312,TSK006559,1
VEH000299,TSK006559,0
VEH000298,TSK006559,0
VEH000431,TSK006559,0
VEH000246,TSK006559,1
VEH000061,TSK006559,1
VEH000096,TSK006559,0
VEH000059,TSK006559,0
VEH000336,TSK006559,0
VEH000284,TSK006559,0
VEH000397,TSK006559,0
VEH000334,TSK006559,0
VEH000259,TSK006559,1
VEH000527,TSK006559,1
VEH000031,TSK006559,1
VEH000348,TSK006559,0
VEH000271,TSK006559,0
VEH000089,TSK006559,0
VEH000385,TSK006559,1
VEH000414,TSK006559,0
VEH000060,TSK006559,0
VEH000468,TSK006559,1
VEH000269,TSK006559,0
VEH000459,TSK006559,1
VEH000528,TSK006559,1
VEH000406,TSK006559,1
VEH000229,TSK006559,0
VEH000379,TSK006559,1
VEH000003,TSK006559,1
VEH000028,TSK006559,1
VEH000100,TSK006559,1
VEH000335,TSK006559,0
VEH000048,TSK006559,1
VEH000368,TSK006559,0
VEH000309,TSK006559,1
VEH000499,TSK006559,0
VEH000225,TSK006559,1
VEH000330,TSK006559,1
VEH000279,TSK006559,0
VEH000341,TSK006559,1
VEH000049,TSK006559,1
VEH000344,TSK006559,1
VEH000042,TSK006559,0
VEH000311,TSK006559,0
VEH000287,TSK006559,0
VEH000421,TSK006559,0
VEH000516,TSK006559,0
VEH000510,TSK006559,0
VEH000084,TSK006559,0
VEH000266,TSK006559,1
VEH000051,TSK006559,1
VEH000016,TSK006559,1
VEH000526,TSK006559,1
VEH000247,TSK006559,1
VEH000252,TSK006559,0
VEH000314,TSK006559,0
VEH000242,TSK006559,0
VEH000433,TSK006559,1
VEH000366,TSK006559,1
VEH000318,TSK006559,1
VEH000290,TSK006559,0
VEH000008,TSK006559,0
VEH000530,TSK006559,0
VEH000081,TSK006559,0
VEH000304,TSK006559,0
VEH000358,TSK006559,1
VEH000026,TSK006559,0
VEH000430,TSK006559,1
VEH000067,TSK006559,1
VEH000088,TSK006559,1
VEH000417,TSK006559,1
VEH000015,TSK006559,0
VEH000024,TSK006559,1
VEH000250,TSK006559,0
VEH000267,TSK006559,0
VEH000034,TSK006559,1
VEH000532,TSK006559,1
VEH000482,TSK006559,0
VEH000386,TSK006559,1
VEH000389,TSK006559,0
VEH000007,TSK006559,0
VEH000367,TSK006559,1
VEH000230,TSK006559,0
VEH000327,TSK006559,1
VEH000426,TSK006559,0
VEH000073,TSK006559,1
VEH000488,TSK006559,0
VEH000222,TSK006559,0
VEH000047,TSK006559,1
VEH000263,TSK006559,1
VEH000346,TSK006559,0
VEH000292,TSK006613,1
VEH000097,TSK006613,0
VEH000077,TSK006613,1
VEH000251,TSK006613,0
VEH000429,TSK006613,0
VEH000036,TSK006613,1
VEH000525,TSK006613,0
VEH000320,TSK006613,1
VEH000313,TSK006613,1
VEH000312,TSK006613,1
VEH000299,TSK006613,0
VEH000298,TSK006613,0
VEH000431,TSK006613,0
VEH000246,TSK006613,0
VEH000061,TSK006613,0
VEH000096,TSK006613,0
VEH000059,TSK006613,1
VEH000336,TSK006613,0
VEH000284,TSK006613,1
VEH000397,TSK006613,1
VEH000334,TSK006613,0
VEH000259,TSK006613,1
VEH000527,TSK006613,1
VEH000031,TSK006613,1
VEH000348,TSK006613,0
VEH000271,TSK006613,1
VEH000089,TSK006613,1
VEH000385,TSK006613,0
VEH000414,TSK006613,1
VEH000060,TSK006613,1
VEH000468,TSK006613,1
VEH000269,TSK006613,0
VEH000459,TSK006613,0
VEH000528,TSK006613,0
VEH000406,TSK006613,1
VEH000229,TSK006613,1
VEH000379,TSK006613,1
VEH000003,TSK006613,1
VEH000028,TSK006613,1
VEH000100,TSK006613,0
VEH000335,TSK006613,0
VEH000048,TSK006613,0
VEH000368,TSK006613,0
VEH000309,TSK006613,1
VEH000499,TSK006613,1
VEH000225,TSK006613,0
VEH000330,TSK006613,1
VEH000279,TSK006613,0
VEH000341,TSK006613,0
VEH000049,TSK006613,1
VEH000344,TSK006613,0
VEH000042,TSK006613,1
VEH000311,TSK006613,0
VEH000287,TSK006613,0
VEH000421,TSK006613,1
VEH000516,TSK006613,1
VEH000510,TSK006613,1
VEH000084,TSK006613,0
VEH000266,TSK006613,0
VEH000051,TSK006613,0
VEH000016,TSK006613,1
VEH000526,TSK006613,1
VEH000247,TSK006613,1
VEH000252,TSK006613,0
VEH000314,TSK006613,1
VEH000242,TSK006613,0
VEH000433,TSK006613,1
VEH000366,TSK006613,0
VEH000318,TSK006613,1
VEH000290,TSK006613,1
VEH000008,TSK006613,1
VEH000530,TSK006613,1
VEH000081,TSK006613,0
VEH000304,TSK006613,0
VEH000358,TSK006613,1
VEH000026,TSK006613,0
VEH000430,TSK006613,0
VEH000067,TSK006613,0
VEH000088,TSK006613,0
VEH000417,TSK006613,1
VEH000015,TSK006613,0
VEH000024,TSK006613,1
VEH000250,TSK006613,1
VEH000267,TSK006613,1
VEH000034,TSK006613,1
VEH000532,TSK006613,1
VEH000482,TSK006613,1
VEH000386,TSK006613,0
VEH000389,TSK006613,0
VEH000007,TSK006613,0
VEH000367,TSK006613,0
VEH000230,TSK006613,0
VEH000327,TSK006613,1
VEH000426,TSK006613,1
VEH000073,TSK006613,0
VEH000488,TSK006613,0
VEH000222,TSK006613,0
VEH000047,TSK006613,0
VEH000263,TSK006613,1
VEH000346,TSK006613,0
VEH000292,TSK006640,0
VEH000097,TSK006640,1
VEH000077,TSK006640,1
VEH000251,TSK006640,0
VEH000429,TSK006640,1
VEH000036,TSK006640,1
VEH000525,TSK006640,0
VEH000320,TSK006640,0
VEH000313,TSK006640,0
VEH000312,TSK006640,1
VEH000299,TSK006640,1
VEH000298,TSK006640,1
VEH000431,TSK006640,0
VEH000246,TSK006640,0
VEH000061,TSK006640,0
VEH000096,TSK006640,0
VEH000059,TSK006640,0
VEH000336,TSK006640,1
VEH000284,TSK006640,0
VEH000397,TSK006640,0
VEH000334,TSK006640,1
VEH000259,TSK006640,1
VEH000527,TSK006640,0
VEH000031,TSK006640,1
VEH000348,TSK006640,1
VEH000271,TSK006640,1
VEH000089,TSK006640,1
VEH000385,TSK006640,1
VEH000414,TSK006640,0
VEH000060,TSK006640,1
VEH000468,TSK006640,1
VEH000269,TSK006640,0
VEH000459,TSK006640,0
VEH000528,TSK006640,0
VEH000406,TSK006640,0
VEH000229,TSK006640,0
VEH000379,TSK006640,0
VEH000003,TSK006640,1
VEH000028,TSK006640,1
VEH000100,TSK006640,1
VEH000335,TSK006640,1
VEH000048,TSK006640,1
VEH000368,TSK006640,1
VEH000309,TSK006640,0
VEH000499,TSK006640,1
VEH000225,TSK006640,0
VEH000330,TSK006640,1
VEH000279,TSK006640,0
VEH000341,TSK006640,0
VEH000049,TSK006640,0
VEH000344,TSK006640,1
VEH000042,TSK006640,0
VEH000311,TSK006640,1
VEH000287,TSK006640,0
VEH000421,TSK006640,0
VEH000516,TSK006640,1
VEH000510,TSK006640,1
VEH000084,TSK006640,1
VEH000266,TSK006640,1
VEH000051,TSK006640,0
VEH000016,TSK006640,1
VEH000526,TSK006640,0
VEH000247,TSK006640,0
VEH000252,TSK006640,1
VEH000314,TSK006640,1
VEH000242,TSK006640,1
VEH000433,TSK006640,1
VEH000366,TSK006640,1
VEH000318,TSK006640,0
VEH000290,TSK006640,0
VEH000008,TSK006640,1
VEH000530,TSK006640,0
VEH000081,TSK006640,0
VEH000304,TSK006640,0
VEH000358,TSK006640,0
VEH000026,TSK006640,1
VEH000430,TSK006640,0
VEH000067,TSK006640,1
VEH000088,TSK006640,0
VEH000417,TSK006640,0
VEH000015,TSK006640,0
VEH000024,TSK006640,1
VEH000250,TSK006640,1
VEH000267,TSK006640,0
VEH000034,TSK006640,0
VEH000532,TSK006640,1
VEH000482,TSK006640,1
VEH000386,TSK006640,0
VEH000389,TSK006640,0
VEH000007,TSK006640,0
VEH000367,TSK006640,1
VEH000230,TSK006640,1
VEH000327,TSK006640,1
VEH000426,TSK006640,0
VEH000073,TSK006640,0
VEH000488,TSK006640,0
VEH000222,TSK006640,1
VEH000047,TSK006640,0
VEH000263,TSK006640,1
VEH000346,TSK006640,1
VEH000292,TSK006720,0
VEH000097,TSK006720,1
VEH000077,TSK006720,1
VEH000251,TSK006720,1
VEH000429,TSK006720,1
VEH000036,TSK006720,0
VEH000525,TSK006720,1
VEH000320,TSK006720,1
VEH000313,TSK006720,1
VEH000312,TSK006720,0
VEH000299,TSK006720,0
VEH000298,TSK006720,0
VEH000431,TSK006720,0
VEH000246,TSK006720,0
VEH000061,TSK006720,0
VEH000096,TSK006720,1
VEH000059,TSK006720,0
VEH000336,TSK006720,1
VEH000284,TSK006720,0
VEH000397,TSK006720,0
VEH000334,TSK006720,0
VEH000259,TSK006720,1
VEH000527,TSK006720,0
VEH000031,TSK006720,0
VEH000348,TSK006720,0
VEH000271,TSK006720,0
VEH000089,TSK006720,1
VEH000385,TSK006720,1
VEH000414,TSK006720,1
VEH000060,TSK006720,1
VEH000468,TSK006720,0
VEH000269,TSK006720,1
VEH000459,TSK006720,0
VEH000528,TSK006720,0
VEH000406,TSK006720,0
VEH000229,TSK006720,0
VEH000379,TSK006720,1
VEH000003,TSK006720,1
VEH000028,TSK006720,0
VEH000100,TSK006720,1
VEH000335,TSK006720,1
VEH000048,TSK006720,1
VEH000368,TSK006720,0
VEH000309,TSK006720,1
VEH000499,TSK006720,1
VEH000225,TSK006720,0
VEH000330,TSK006720,1
VEH000279,TSK006720,0
VEH000341,TSK006720,0
VEH000049,TSK006720,1
VEH000344,TSK006720,0
VEH000042,TSK006720,1
VEH000311,TSK006720,0
VEH000287,TSK006720,0
VEH000421,TSK006720,1
VEH000516,TSK006720,1
VEH000510,TSK006720,1
VEH000084,TSK006720,1
VEH000266,TSK006720,0
VEH000051,TSK006720,0
VEH000016,TSK006720,0
VEH000526,TSK006720,1
VEH000247,TSK006720,1
VEH000252,TSK006720,1
VEH000314,TSK006720,0
VEH000242,TSK006720,0
VEH000433,TSK006720,1
VEH000366,TSK006720,1
VEH000318,TSK006720,0
VEH000290,TSK006720,1
VEH000008,TSK006720,1
VEH000530,TSK006720,0
VEH000081,TSK006720,0
VEH000304,TSK006720,1
VEH000358,TSK006720,0
VEH000026,TSK006720,0
VEH000430,TSK006720,1
VEH000067,TSK006720,0
VEH000088,TSK006720,1
VEH000417,TSK006720,1
VEH000015,TSK006720,1
VEH000024,TSK006720,1
VEH000250,TSK006720,0
VEH000267,TSK006720,0
VEH000034,TSK006720,1
VEH000532,TSK006720,0
VEH000482,TSK006720,0
VEH000386,TSK006720,0
VEH000389,TSK006720,1
VEH000007,TSK006720,1
VEH000367,TSK006720,1
VEH000230,TSK006720,1
VEH000327,TSK006720,0
VEH000426,TSK006720,1
VEH000073,TSK006720,0
VEH000488,TSK006720,1
VEH000222,TSK006720,0
VEH000047,TSK006720,0
VEH000263,TSK006720,0
VEH000346,TSK006720,1
VEH000292,TSK006783,1
VEH000097,TSK006783,1
VEH000077,TSK006783,1
VEH000251,TSK006783,0
VEH000429,TSK006783,0
VEH000036,TSK006783,1
VEH000525,TSK006783,0
VEH000320,TSK006783,1
VEH000313,TSK006783,0
VEH000312,TSK006783,1
VEH000299,TSK006783,0
VEH000298,TSK006783,0
VEH000431,TSK006783,1
VEH000246,TSK006783,0
VEH000061,TSK006783,1
VEH000096,TSK006783,1
VEH000059,TSK006783,0
VEH000336,TSK006783,0
VEH000284,TSK006783,1
VEH000397,TSK006783,0
VEH000334,TSK006783,0
VEH000259,TSK006783,0
VEH000527,TSK006783,1
VEH000031,TSK006783,1
VEH000348,TSK006783,0
VEH000271,TSK006783,0
VEH000089,TSK006783,1
VEH000385,TSK006783,0
VEH000414,TSK006783,1
VEH000060,TSK006783,0
VEH000468,TSK006783,1
VEH000269,TSK006783,1
VEH000459,TSK006783,1
VEH000528,TSK006783,0
VEH000406,TSK006783,0
VEH000229,TSK006783,0
VEH000379,TSK006783,0
VEH000003,TSK006783,0
VEH000028,TSK006783,1
VEH000100,TSK006783,0
VEH000335,TSK006783,0
VEH000048,TSK006783,1
VEH000368,TSK006783,0
VEH000309,TSK006783,0
VEH000499,TSK006783,0
VEH000225,TSK006783,1
VEH000330,TSK006783,0
VEH000279,TSK006783,1
VEH000341,TSK006783,1
VEH000049,TSK006783,0
VEH000344,TSK006783,0
VEH000042,TSK006783,1
VEH000311,TSK006783,1
VEH000287,TSK006783,1
VEH000421,TSK006783,1
VEH000516,TSK006783,1
VEH000510,TSK006783,1
VEH000084,TSK006783,1
VEH000266,TSK006783,1
VEH000051,TSK006783,0
VEH000016,TSK006783,1
VEH000526,TSK006783,1
VEH000247,TSK006783,0
VEH000252,TSK006783,1
VEH000314,TSK006783,1
VEH000242,TSK006783,1
VEH000433,TSK006783,0
VEH000366,TSK006783,1
VEH000318,TSK006783,0
VEH000290,TSK006783,0
VEH000008,TSK006783,1
VEH000530,TSK006783,1
VEH000081,TSK006783,1
VEH000304,TSK006783,0
VEH000358,TSK006783,1
VEH000026,TSK006783,1
VEH000430,TSK006783,0
VEH000067,TSK006783,1
VEH000088,TSK006783,0
VEH000417,TSK006783,0
VEH000015,TSK006783,0
VEH000024,TSK006783,0
VEH000250,TSK006783,0
VEH000267,TSK006783,1
VEH000034,TSK006783,0
VEH000532,TSK006783,1
VEH000482,TSK006783,0
VEH000386,TSK006783,1
VEH000389,TSK006783,1
VEH000007,TSK006783,0
VEH000367,TSK006783,0
VEH000230,TSK006783,0
VEH000327,TSK006783,1
VEH000426,TSK006783,1
VEH000073,TSK006783,1
VEH000488,TSK006783,0
VEH000222,TSK006783,0
VEH000047,TSK006783,0
VEH000263,TSK006783,0
VEH000346,TSK006783,1
VEH000292,TSK006794,1
VEH000097,TSK006794,0
VEH000077,TSK006794,0
VEH000251,TSK006794,0
VEH000429,TSK006794,0
VEH000036,TSK006794,1
VEH000525,TSK006794,0
VEH000320,TSK006794,1
VEH000313,TSK006794,0
VEH000312,TSK006794,0
VEH000299,TSK006794,1
VEH000298,TSK006794,0
VEH000431,TSK006794,1
VEH000246,TSK006794,1
VEH000061,TSK006794,0
VEH000096,TSK006794,0
VEH000059,TSK006794,1
VEH000336,TSK006794,0
VEH000284,TSK006794,1
VEH000397,TSK006794,1
VEH000334,TSK006794,1
VEH000259,TSK006794,0
VEH000527,TSK006794,1
VEH000031,TSK006794,1
VEH000348,TSK006794,1
VEH000271,TSK006794,1
VEH000089,TSK006794,1
VEH000385,TSK006794,0
VEH000414,TSK006794,1
VEH000060,TSK006794,0
VEH000468,TSK006794,0
VEH000269,TSK006794,0
VEH000459,TSK006794,0
VEH000528,TSK006794,1
VEH000406,TSK006794,0
VEH000229,TSK006794,1
VEH000379,TSK006794,0
VEH000003,TSK006794,0
VEH000028,TSK006794,0
VEH000100,TSK006794,0
VEH000335,TSK006794,1
VEH000048,TSK006794,0
VEH000368,TSK006794,1
VEH000309,TSK006794,1
VEH000499,TSK006794,0
VEH000225,TSK006794,1
VEH000330,TSK006794,0
VEH000279,TSK006794,0
VEH000341,TSK006794,0
VEH000049,TSK006794,1
VEH000344,TSK006794,0
VEH000042,TSK006794,0
VEH000311,TSK006794,1
VEH000287,TSK006794,1
VEH000421,TSK006794,0
VEH000516,TSK006794,0
VEH000510,TSK006794,1
VEH000084,TSK006794,1
VEH000266,TSK006794,0
VEH000051,TSK006794,1
VEH000016,TSK006794,0
VEH000526,TSK006794,0
VEH000247,TSK006794,1
VEH000252,TSK006794,1
VEH000314,TSK006794,0
VEH000242,TSK006794,0
VEH000433,TSK006794,1
VEH000366,TSK006794,1
VEH000318,TSK006794,0
VEH000290,TSK006794,1
VEH000008,TSK006794,1
VEH000530,TSK006794,0
VEH000081,TSK006794,0
VEH000304,TSK006794,0
VEH000358,TSK006794,0
VEH000026,TSK006794,0
VEH000430,TSK006794,1
VEH000067,TSK006794,0
VEH000088,TSK006794,1
VEH000417,TSK006794,1
VEH000015,TSK006794,1
VEH000024,TSK006794,1
VEH000250,TSK006794,1
VEH000267,TSK006794,0
VEH000034,TSK006794,1
VEH000532,TSK006794,1
VEH000482,TSK006794,0
VEH000386,TSK006794,0
VEH000389,TSK006794,1
VEH000007,TSK006794,1
VEH000367,TSK006794,0
VEH000230,TSK006794,1
VEH000327,TSK006794,0
VEH000426,TSK006794,1
VEH000073,TSK006794,1
VEH000488,TSK006794,0
VEH000222,TSK006794,1
VEH000047,TSK006794,0
VEH000263,TSK006794,1
VEH000346,TSK006794,1
VEH000292,TSK006858,0
VEH000097,TSK006858,0
VEH000077,TSK006858,0
VEH000251,TSK006858,1
VEH000429,TSK006858,0
VEH000036,TSK006858,1
VEH000525,TSK006858,1
VEH000320,TSK006858,0
VEH000313,TSK006858,0
VEH000312,TSK006858,0
VEH000299,TSK006858,1
VEH000298,TSK006858,0
VEH000431,TSK006858,1
VEH000246,TSK006858,0
VEH000061,TSK006858,1
VEH000096,TSK006858,1
VEH000059,TSK006858,0
VEH000336,TSK006858,1
VEH000284,TSK006858,1
VEH000397,TSK006858,1
VEH000334,TSK006858,0
VEH000259,TSK006858,0
VEH000527,TSK006858,0
VEH000031,TSK006858,1
VEH000348,TSK006858,0
VEH000271,TSK006858,0
VEH000089,TSK006858,1
VEH000385,TSK006858,0
VEH000414,TSK006858,1
VEH000060,TSK006858,0
VEH000468,TSK006858,1
VEH000269,TSK006858,1
VEH000459,TSK006858,0
VEH000528,TSK006858,0
VEH000406,TSK006858,0
VEH000229,TSK006858,0
VEH000379,TSK006858,1
VEH000003,TSK006858,0
VEH000028,TSK006858,1
VEH000100,TSK006858,1
VEH000335,TSK006858,0
VEH000048,TSK006858,1
VEH000368,TSK006858,0
VEH000309,TSK006858,0
VEH000499,TSK006858,0
VEH000225,TSK006858,0
VEH000330,TSK006858,1
VEH000279,TSK006858,0
VEH000341,TSK006858,1
VEH000049,TSK006858,1
VEH000344,TSK006858,0
VEH000042,TSK006858,1
VEH000311,TSK006858,1
VEH000287,TSK006858,0
VEH000421,TSK006858,0
VEH000516,TSK006858,0
VEH000510,TSK006858,1
VEH000084,TSK006858,0
VEH000266,TSK006858,1
VEH000051,TSK006858,0
VEH000016,TSK006858,1
VEH000526,TSK006858,1
VEH000247,TSK006858,1
VEH000252,TSK006858,1
VEH000314,TSK006858,0
VEH000242,TSK006858,1
VEH000433,TSK006858,0
VEH000366,TSK006858,1
VEH000318,TSK006858,1
VEH000290,TSK006858,1
VEH000008,TSK006858,1
VEH000530,TSK006858,0
VEH000081,TSK006858,1
VEH000304,TSK006858,1
VEH000358,TSK006858,1
VEH000026,TSK006858,1
VEH000430,TSK006858,0
VEH000067,TSK006858,0
VEH000088,TSK006858,0
VEH000417,TSK006858,0
VEH000015,TSK006858,1
VEH000024,TSK006858,1
VEH000250,TSK006858,0
VEH000267,TSK006858,1
VEH000034,TSK006858,1
VEH000532,TSK006858,0
VEH000482,TSK006858,0
VEH000386,TSK006858,1
VEH000389,TSK006858,1
VEH000007,TSK006858,0
VEH000367,TSK006858,0
VEH000230,TSK006858,0
VEH000327,TSK006858,1
VEH000426,TSK006858,1
VEH000073,TSK006858,1
VEH000488,TSK006858,1
VEH000222,TSK006858,1
VEH000047,TSK006858,0
VEH000263,TSK006858,0
VEH000346,TSK006858,0
VEH000292,TSK006936,1
VEH000097,TSK006936,1
VEH000077,TSK006936,1
VEH000251,TSK006936,0
VEH000429,TSK006936,1
VEH000036,TSK006936,0
VEH000525,TSK006936,0
VEH000320,TSK006936,0
VEH000313,TSK006936,0
VEH000312,TSK006936,1
VEH000299,TSK006936,0
VEH000298,TSK006936,0
VEH000431,TSK006936,0
VEH000246,TSK006936,1
VEH000061,TSK006936,0
VEH000096,TSK006936,0
VEH000059,TSK006936,1
VEH000336,TSK006936,1
VEH000284,TSK006936,0
VEH000397,TSK006936,1
VEH000334,TSK006936,1
VEH000259,TSK006936,0
VEH000527,TSK006936,0
VEH000031,TSK006936,1
VEH000348,TSK006936,1
VEH000271,TSK006936,0
VEH000089,TSK006936,1
VEH000385,TSK006936,1
VEH000414,TSK006936,1
VEH000060,TSK006936,1
VEH000468,TSK006936,1
VEH000269,TSK006936,1
VEH000459,TSK006936,1
VEH000528,TSK006936,1
VEH000406,TSK006936,0
VEH000229,TSK006936,0
VEH000379,TSK006936,1
VEH000003,TSK006936,1
VEH000028,TSK006936,0
VEH000100,TSK006936,0
VEH000335,TSK006936,0
VEH000048,TSK006936,0
VEH000368,TSK006936,0
VEH000309,TSK006936,0
VEH000499,TSK006936,1
VEH000225,TSK006936,1
VEH000330,TSK006936,1
VEH000279,TSK006936,0
VEH000341,TSK006936,1
VEH000049,TSK006936,0
VEH000344,TSK006936,0
VEH000042,TSK006936,0
VEH000311,TSK006936,0
VEH000287,TSK006936,1
VEH000421,TSK006936,1
VEH000516,TSK006936,1
VEH000510,TSK006936,1
VEH000084,TSK006936,0
VEH000266,TSK006936,1
VEH000051,TSK006936,0
VEH000016,TSK006936,1
VEH000526,TSK006936,1
VEH000247,TSK006936,0
VEH000252,TSK006936,1
VEH000314,TSK006936,0
VEH000242,TSK006936,1
VEH000433,TSK006936,1
VEH000366,TSK006936,1
VEH000318,TSK006936,0
VEH000290,TSK006936,0
VEH000008,TSK006936,1
VEH000530,TSK006936,1
VEH000081,TSK006936,1
VEH000304,TSK006936,1
VEH000358,TSK006936,0
VEH000026,TSK006936,1
VEH000430,TSK006936,0
VEH000067,TSK006936,0
VEH000088,TSK006936,0
VEH000417,TSK006936,1
VEH000015,TSK006936,0
VEH000024,TSK006936,1
VEH000250,TSK006936,0
VEH000267,TSK006936,1
VEH000034,TSK006936,0
VEH000532,TSK006936,1
VEH000482,TSK006936,0
VEH000386,TSK006936,0
VEH000389,TSK006936,0
VEH000007,TSK006936,0
VEH000367,TSK006936,1
VEH000230,TSK006936,1
VEH000327,TSK006936,1
VEH000426,TSK006936,0
VEH000073,TSK006936,0
VEH000488,TSK006936,0
VEH000222,TSK006936,0
VEH000047,TSK006936,0
VEH000263,TSK006936,0
VEH000346,TSK006936,1
VEH000292,TSK006946,0
VEH000097,TSK006946,1
VEH000077,TSK006946,1
VEH000251,TSK006946,1
VEH000429,TSK006946,1
VEH000036,TSK006946,0
VEH000525,TSK006946,1
VEH000320,TSK006946,0
VEH000313,TSK006946,1
VEH000312,TSK006946,0
VEH000299,TSK006946,1
VEH000298,TSK006946,1
VEH000431,TSK006946,1
VEH000246,TSK006946,0
VEH000061,TSK006946,0
VEH000096,TSK006946,1
VEH000059,TSK006946,0
VEH000336,TSK006946,1
VEH000284,TSK006946,0
VEH000397,TSK006946,0
VEH000334,TSK006946,1
VEH000259,TSK006946,0
VEH000527,TSK006946,1
VEH000031,TSK006946,1
VEH000348,TSK006946,1
VEH000271,TSK006946,1
VEH000089,TSK006946,0
VEH000385,TSK006946,1
VEH000414,TSK006946,1
VEH000060,TSK006946,1
VEH000468,TSK006946,0
VEH000269,TSK006946,1
VEH000459,TSK006946,0
VEH000528,TSK006946,0
VEH000406,TSK006946,1
VEH000229,TSK006946,0
VEH000379,TSK006946,0
VEH000003,TSK006946,0
VEH000028,TSK006946,1
VEH000100,TSK006946,1
VEH000335,TSK006946,1
VEH000048,TSK006946,1
VEH000368,TSK006946,0
VEH000309,TSK006946,1
VEH000499,TSK006946,0
VEH000225,TSK006946,1
VEH000330,TSK006946,1
VEH000279,TSK006946,0
VEH000341,TSK006946,1
VEH000049,TSK006946,0
VEH000344,TSK006946,0
VEH000042,TSK006946,1
VEH000311,TSK006946,0
VEH000287,TSK006946,0
VEH000421,TSK006946,0
VEH000516,TSK006946,0
VEH000510,TSK006946,1
VEH000084,TSK006946,0
VEH000266,TSK006946,1
VEH000051,TSK006946,0
VEH000016,TSK006946,1
VEH000526,TSK006946,0
VEH000247,TSK006946,1
VEH000252,TSK006946,1
VEH000314,TSK006946,1
VEH000242,TSK006946,1
VEH000433,TSK006946,1
VEH000366,TSK006946,1
VEH000318,TSK006946,1
VEH000290,TSK006946,1
VEH000008,TSK006946,1
VEH000530,TSK006946,0
VEH000081,TSK006946,0
VEH000304,TSK006946,0
VEH000358,TSK006946,1
VEH000026,TSK006946,0
VEH000430,TSK006946,0
VEH000067,TSK006946,1
VEH000088,TSK006946,0
VEH000417,TSK006946,0
VEH000015,TSK006946,0
VEH000024,TSK006946,0
VEH000250,TSK006946,0
VEH000267,TSK006946,0
VEH000034,TSK006946,0
VEH000532,TSK006946,1
VEH000482,TSK006946,0
VEH000386,TSK006946,1
VEH000389,TSK006946,1
VEH000007,TSK006946,1
VEH000367,TSK006946,0
VEH000230,TSK006946,0
VEH000327,TSK006946,1
VEH000426,TSK006946,0
VEH000073,TSK006946,0
VEH000488,TSK006946,0
VEH000222,TSK006946,0
VEH000047,TSK006946,1
VEH000263,TSK006946,0
VEH000346,TSK006946,0
VEH000292,TSK006999,1
VEH000097,TSK006999,1
VEH000077,TSK006999,0
VEH000251,TSK006999,0
VEH000429,TSK006999,1
VEH000036,TSK006999,1
VEH000525,TSK006999,1
VEH000320,TSK006999,0
VEH000313,TSK006999,1
VEH000312,TSK006999,0
VEH000299,TSK006999,1
VEH000298,TSK006999,1
VEH000431,TSK006999,1
VEH000246,TSK006999,1
VEH000061,TSK006999,1
VEH000096,TSK006999,0
VEH000059,TSK006999,1
VEH000336,TSK006999,0
VEH000284,TSK006999,0
VEH000397,TSK006999,0
VEH000334,TSK006999,0
VEH000259,TSK006999,1
VEH000527,TSK006999,1
VEH000031,TSK006999,1
VEH000348,TSK006999,0
VEH000271,TSK006999,0
VEH000089,TSK006999,0
VEH000385,TSK006999,0
VEH000414,TSK006999,1
VEH000060,TSK006999,0
VEH000468,TSK006999,1
VEH000269,TSK006999,0
VEH000459,TSK006999,1
VEH000528,TSK006999,1
VEH000406,TSK006999,0
VEH000229,TSK006999,1
VEH000379,TSK006999,0
VEH000003,TSK006999,0
VEH000028,TSK006999,0
VEH000100,TSK006999,0
VEH000335,TSK006999,0
VEH000048,TSK006999,0
VEH000368,TSK006999,0
VEH000309,TSK006999,0
VEH000499,TSK006999,1
VEH000225,TSK006999,0
VEH000330,TSK006999,0
VEH000279,TSK006999,1
VEH000341,TSK006999,0
VEH000049,TSK006999,1
VEH000344,TSK006999,1
VEH000042,TSK006999,1
VEH000311,TSK006999,1
VEH000287,TSK006999,0
VEH000421,TSK006999,0
VEH000516,TSK006999,0
VEH000510,TSK006999,1
VEH000084,TSK006999,0
VEH000266,TSK006999,1
VEH000051,TSK006999,1
VEH000016,TSK006999,0
VEH000526,TSK006999,1
VEH000247,TSK006999,0
VEH000252,TSK006999,1
VEH000314,TSK006999,0
VEH000242,TSK006999,1
VEH000433,TSK006999,1
VEH000366,TSK006999,0
VEH000318,TSK006999,1
VEH000290,TSK006999,1
VEH000008,TSK006999,0
VEH000530,TSK006999,0
VEH000081,TSK006999,0
VEH000304,TSK006999,0
VEH000358,TSK006999,1
VEH000026,TSK006999,0
VEH000430,TSK006999,0
VEH000067,TSK006999,1
VEH000088,TSK006999,1
VEH000417,TSK006999,0
VEH000015,TSK006999,1
VEH000024,TSK006999,0
VEH000250,TSK006999,1
VEH000267,TSK006999,1
VEH000034,TSK006999,0
VEH000532,TSK006999,0
VEH000482,TSK006999,1
VEH000386,TSK006999,0
VEH000389,TSK006999,0
VEH000007,TSK006999,1
VEH000367,TSK006999,1
VEH000230,TSK006999,1
VEH000327,TSK006999,0
VEH000426,TSK006999,0
VEH000073,TSK006999,1
VEH000488,TSK006999,0
VEH000222,TSK006999,1
VEH000047,TSK006999,1
VEH000263,TSK006999,1
VEH000346,TSK006999,1
