from_node_id,to_node_id,distance_km,travel_hours,source_travel_minutes
L0000,L0000,0.0,0.0,0
L0000,L0001,61.0,1.0166666666666666,61
L0000,L0002,86.0,1.4333333333333333,86
L0000,L0003,61.0,1.0166666666666666,61
L0000,L0004,75.0,1.25,75
L0000,L0005,40.0,0.6666666666666666,40
L0000,L0006,66.0,1.1,66
L0000,L0007,30.0,0.5,30
L0000,L0008,68.0,1.1333333333333333,68
L0000,L0009,75.0,1.25,75
L0000,L0010,44.0,0.7333333333333333,44
L0000,L0011,69.0,1.15,69
L0000,L0012,42.0,0.7,42
L0000,L0013,60.0,1.0,60
L0000,L0014,64.0,1.0666666666666667,64
L0000,L0015,68.0,1.1333333333333333,68
L0000,L0016,76.0,1.2666666666666666,76
L0000,L0017,46.0,0.7666666666666667,46
L0000,L0018,34.0,0.5666666666666667,34
L0000,L0019,14.0,0.23333333333333334,14
L0000,L0020,52.0,0.8666666666666667,52
L0000,L0021,81.0,1.35,81
L0000,L0022,55.0,0.9166666666666666,55
L0000,L0023,40.0,0.6666666666666666,40
L0000,L0024,5.0,0.08333333333333333,5
L0000,L0025,41.0,0.6833333333333333,41
L0000,L0026,44.0,0.7333333333333333,44
L0000,L0027,59.0,0.9833333333333333,59
L0000,L0028,29.0,0.48333333333333334,29
L0000,L0029,19.0,0.31666666666666665,19
L0000,L0030,13.0,0.21666666666666667,13
L0000,L0031,55.0,0.9166666666666666,55
L0000,L0032,60.0,1.0,60
L0000,L0033,19.0,0.31666666666666665,19
L0000,L0034,66.0,1.1,66
L0000,L0035,26.0,0.43333333333333335,26
L0000,L0036,50.0,0.8333333333333334,50
L0000,L0037,33.0,0.55,33
L0000,L0038,23.0,0.38333333333333336,23
L0000,L0039,60.0,1.0,60
L0000,L0040,32.0,0.5333333333333333,32
L0000,L0041,33.0,0.55,33
L0000,L0042,5.0,0.08333333333333333,5
L0000,L0043,59.0,0.9833333333333333,59
L0000,L0044,3.0,0.05,3
L0000,L0045,38.0,0.6333333333333333,38
L0000,L0046,66.0,1.1,66
L0000,L0047,50.0,0.8333333333333334,50
L0000,L0048,58.0,0.9666666666666667,58
L0000,L0049,31.0,0.5166666666666667,31
L0000,L0050,18.0,0.3,18
L0000,L0051,36.0,0.6,36
L0000,L0052,69.0,1.15,69
L0000,L0053,16.0,0.26666666666666666,16
L0000,L0054,6.0,0.1,6
L0000,L0055,63.0,1.05,63
L0000,L0056,43.0,0.7166666666666667,43
L0000,L0057,76.0,1.2666666666666666,76
L0000,L0058,23.0,0.38333333333333336,23
L0000,L0059,10.0,0.16666666666666666,10
L0000,L0060,26.0,0.43333333333333335,26
L0000,L0061,48.0,0.8,48
L0000,L0062,33.0,0.55,33
L0000,L0063,59.0,0.9833333333333333,59
L0000,L0064,33.0,0.55,33
L0000,L0065,38.0,0.6333333333333333,38
L0000,L0066,52.0,0.8666666666666667,52
L0000,L0067,39.0,0.65,39
L0000,L0068,56.0,0.9333333333333333,56
L0000,L0069,26.0,0.43333333333333335,26
L0000,L0070,41.0,0.6833333333333333,41
L0000,L0071,60.0,1.0,60
L0000,L0072,59.0,0.9833333333333333,59
L0000,L0073,52.0,0.8666666666666667,52
L0000,L0074,28.0,0.4666666666666667,28
L0000,L0075,28.0,0.4666666666666667,28
L0000,L0076,37.0,0.6166666666666667,37
L0000,L0077,46.0,0.7666666666666667,46
L0000,L0078,56.0,0.9333333333333333,56
L0001,L0000,61.0,1.0166666666666666,61
L0001,L0001,0.0,0.0,0
L0001,L0002,61.0,1.0166666666666666,61
L0001,L0003,86.0,1.4333333333333333,86
L0001,L0004,60.0,1.0,60
L0001,L0005,63.0,1.05,63
L0001,L0006,68.0,1.1333333333333333,68
L0001,L0007,66.0,1.1,66
L0001,L0008,49.0,0.8166666666666667,49
L0001,L0009,49.0,0.8166666666666667,49
L0001,L0010,18.0,0.3,18
L0001,L0011,34.0,0.5666666666666667,34
L0001,L0012,53.0,0.8833333333333333,53
L0001,L0013,19.0,0.31666666666666665,19
L0001,L0014,42.0,0.7,42
L0001,L0015,66.0,1.1,66
L0001,L0016,47.0,0.7833333333333333,47
L0001,L0017,48.0,0.8,48
L0001,L0018,40.0,0.6666666666666666,40
L0001,L0019,53.0,0.8833333333333333,53
L0001,L0020,16.0,0.26666666666666666,16
L0001,L0021,58.0,0.9666666666666667,58
L0001,L0022,64.0,1.0666666666666667,64
L0001,L0023,35.0,0.5833333333333334,35
L0001,L0024,57.0,0.95,57
L0001,L0025,22.0,0.36666666666666664,22
L0001,L0026,50.0,0.8333333333333334,50
L0001,L0027,6.0,0.1,6
L0001,L0028,33.0,0.55,33
L0001,L0029,50.0,0.8333333333333334,50
L0001,L0030,53.0,0.8833333333333333,53
L0001,L0031,27.0,0.45,27
L0001,L0032,79.0,1.3166666666666667,79
L0001,L0033,54.0,0.9,54
L0001,L0034,40.0,0.6666666666666666,40
L0001,L0035,53.0,0.8833333333333333,53
L0001,L0036,36.0,0.6,36
L0001,L0037,46.0,0.7666666666666667,46
L0001,L0038,52.0,0.8666666666666667,52
L0001,L0039,78.0,1.3,78
L0001,L0040,34.0,0.5666666666666667,34
L0001,L0041,40.0,0.6666666666666666,40
L0001,L0042,58.0,0.9666666666666667,58
L0001,L0043,69.0,1.15,69
L0001,L0044,61.0,1.0166666666666666,61
L0001,L0045,26.0,0.43333333333333335,26
L0001,L0046,44.0,0.7333333333333333,44
L0001,L0047,18.0,0.3,18
L0001,L0048,23.0,0.38333333333333336,23
L0001,L0049,50.0,0.8333333333333334,50
L0001,L0050,46.0,0.7666666666666667,46
L0001,L0051,59.0,0.9833333333333333,59
L0001,L0052,65.0,1.0833333333333333,65
L0001,L0053,47.0,0.7833333333333333,47
L0001,L0054,60.0,1.0,60
L0001,L0055,76.0,1.2666666666666666,76
L0001,L0056,20.0,0.3333333333333333,20
L0001,L0057,62.0,1.0333333333333334,62
L0001,L0058,50.0,0.8333333333333334,50
L0001,L0059,53.0,0.8833333333333333,53
L0001,L0060,44.0,0.7333333333333333,44
L0001,L0061,28.0,0.4666666666666667,28
L0001,L0062,42.0,0.7,42
L0001,L0063,13.0,0.21666666666666667,13
L0001,L0064,68.0,1.1333333333333333,68
L0001,L0065,70.0,1.1666666666666667,70
L0001,L0066,61.0,1.0166666666666666,61
L0001,L0067,40.0,0.6666666666666666,40
L0001,L0068,7.0,0.11666666666666667,7
L0001,L0069,66.0,1.1,66
L0001,L0070,55.0,0.9166666666666666,55
L0001,L0071,60.0,1.0,60
L0001,L0072,43.0,0.7166666666666667,43
L0001,L0073,16.0,0.26666666666666666,16
L0001,L0074,61.0,1.0166666666666666,61
L0001,L0075,52.0,0.8666666666666667,52
L0001,L0076,58.0,0.9666666666666667,58
L0001,L0077,20.0,0.3333333333333333,20
L0001,L0078,71.0,1.1833333333333333,71
L0002,L0000,86.0,1.4333333333333333,86
L0002,L0001,61.0,1.0166666666666666,61
L0002,L0002,0.0,0.0,0
L0002,L0003,61.0,1.0166666666666666,61
L0002,L0004,15.0,0.25,15
L0002,L0005,55.0,0.9166666666666666,55
L0002,L0006,34.0,0.5666666666666667,34
L0002,L0007,66.0,1.1,66
L0002,L0008,19.0,0.31666666666666665,19
L0002,L0009,14.0,0.23333333333333334,14
L0002,L0010,62.0,1.0333333333333334,62
L0002,L0011,28.0,0.4666666666666667,28
L0002,L0012,47.0,0.7833333333333333,47
L0002,L0013,44.0,0.7333333333333333,44
L0002,L0014,24.0,0.4,24
L0002,L0015,29.0,0.48333333333333334,29
L0002,L0016,15.0,0.25,15
L0002,L0017,41.0,0.6833333333333333,41
L0002,L0018,53.0,0.8833333333333333,53
L0002,L0019,73.0,1.2166666666666666,73
L0002,L0020,51.0,0.85,51
L0002,L0021,6.0,0.1,6
L0002,L0022,41.0,0.6833333333333333,41
L0002,L0023,48.0,0.8,48
L0002,L0024,83.0,1.3833333333333333,83
L0002,L0025,60.0,1.0,60
L0002,L0026,44.0,0.7333333333333333,44
L0002,L0027,57.0,0.95,57
L0002,L0028,67.0,1.1166666666666667,67
L0002,L0029,68.0,1.1333333333333333,68
L0002,L0030,74.0,1.2333333333333334,74
L0002,L0031,39.0,0.65,39
L0002,L0032,53.0,0.8833333333333333,53
L0002,L0033,69.0,1.15,69
L0002,L0034,23.0,0.38333333333333336,23
L0002,L0035,62.0,1.0333333333333334,62
L0002,L0036,38.0,0.6333333333333333,38
L0002,L0037,54.0,0.9,54
L0002,L0038,64.0,1.0666666666666667,64
L0002,L0039,51.0,0.85,51
L0002,L0040,58.0,0.9666666666666667,58
L0002,L0041,55.0,0.9166666666666666,55
L0002,L0042,83.0,1.3833333333333333,83
L0002,L0043,42.0,0.7,42
L0002,L0044,84.0,1.4,84
L0002,L0045,59.0,0.9833333333333333,59
L0002,L0046,22.0,0.36666666666666664,22
L0002,L0047,51.0,0.85,51
L0002,L0048,41.0,0.6833333333333333,41
L0002,L0049,56.0,0.9333333333333333,56
L0002,L0050,70.0,1.1666666666666667,70
L0002,L0051,56.0,0.9333333333333333,56
L0002,L0052,27.0,0.45,27
L0002,L0053,72.0,1.2,72
L0002,L0054,82.0,1.3666666666666667,82
L0002,L0055,47.0,0.7833333333333333,47
L0002,L0056,59.0,0.9833333333333333,59
L0002,L0057,15.0,0.25,15
L0002,L0058,64.0,1.0666666666666667,64
L0002,L0059,79.0,1.3166666666666667,79
L0002,L0060,61.0,1.0166666666666666,61
L0002,L0061,44.0,0.7333333333333333,44
L0002,L0062,54.0,0.9,54
L0002,L0063,50.0,0.8333333333333334,50
L0002,L0064,66.0,1.1,66
L0002,L0065,64.0,1.0666666666666667,64
L0002,L0066,41.0,0.6833333333333333,41
L0002,L0067,48.0,0.8,48
L0002,L0068,58.0,0.9666666666666667,58
L0002,L0069,71.0,1.1833333333333333,71
L0002,L0070,49.0,0.8166666666666667,49
L0002,L0071,32.0,0.5333333333333333,32
L0002,L0072,28.0,0.4666666666666667,28
L0002,L0073,51.0,0.85,51
L0002,L0074,64.0,1.0666666666666667,64
L0002,L0075,60.0,1.0,60
L0002,L0076,54.0,0.9,54
L0002,L0077,53.0,0.8833333333333333,53
L0002,L0078,47.0,0.7833333333333333,47
L0003,L0000,61.0,1.0166666666666666,61
L0003,L0001,86.0,1.4333333333333333,86
L0003,L0002,61.0,1.0166666666666666,61
L0003,L0003,0.0,0.0,0
L0003,L0004,48.0,0.8,48
L0003,L0005,26.0,0.43333333333333335,26
L0003,L0006,28.0,0.4666666666666667,28
L0003,L0007,32.0,0.5333333333333333,32
L0003,L0008,50.0,0.8333333333333334,50
L0003,L0009,59.0,0.9833333333333333,59
L0003,L0010,73.0,1.2166666666666666,73
L0003,L0011,67.0,1.1166666666666667,67
L0003,L0012,34.0,0.5666666666666667,34
L0003,L0013,72.0,1.2,72
L0003,L0014,54.0,0.9,54
L0003,L0015,33.0,0.55,33
L0003,L0016,62.0,1.0333333333333334,62
L0003,L0017,39.0,0.65,39
L0003,L0018,48.0,0.8,48
L0003,L0019,53.0,0.8833333333333333,53
L0003,L0020,71.0,1.1833333333333333,71
L0003,L0021,57.0,0.95,57
L0003,L0022,25.0,0.4166666666666667,25
L0003,L0023,52.0,0.8666666666666667,52
L0003,L0024,61.0,1.0166666666666666,61
L0003,L0025,69.0,1.15,69
L0003,L0026,37.0,0.6166666666666667,37
L0003,L0027,81.0,1.35,81
L0003,L0028,65.0,1.0833333333333333,65
L0003,L0029,50.0,0.8333333333333334,50
L0003,L0030,54.0,0.9,54
L0003,L0031,62.0,1.0333333333333334,62
L0003,L0032,9.0,0.15,9
L0003,L0033,46.0,0.7666666666666667,46
L0003,L0034,58.0,0.9666666666666667,58
L0003,L0035,41.0,0.6833333333333333,41
L0003,L0036,52.0,0.8666666666666667,52
L0003,L0037,43.0,0.7166666666666667,43
L0003,L0038,44.0,0.7333333333333333,44
L0003,L0039,12.0,0.2,12
L0003,L0040,57.0,0.95,57
L0003,L0041,50.0,0.8333333333333334,50
L0003,L0042,60.0,1.0,60
L0003,L0043,21.0,0.35,21
L0003,L0044,59.0,0.9833333333333333,59
L0003,L0045,65.0,1.0833333333333333,65
L0003,L0046,54.0,0.9,54
L0003,L0047,69.0,1.15,69
L0003,L0048,67.0,1.1166666666666667,67
L0003,L0049,41.0,0.6833333333333333,41
L0003,L0050,56.0,0.9333333333333333,56
L0003,L0051,31.0,0.5166666666666667,31
L0003,L0052,35.0,0.5833333333333334,35
L0003,L0053,57.0,0.95,57
L0003,L0054,56.0,0.9333333333333333,56
L0003,L0055,15.0,0.25,15
L0003,L0056,70.0,1.1666666666666667,70
L0003,L0057,47.0,0.7833333333333333,47
L0003,L0058,46.0,0.7666666666666667,46
L0003,L0059,60.0,1.0,60
L0003,L0060,49.0,0.8166666666666667,49
L0003,L0061,59.0,0.9833333333333333,59
L0003,L0062,47.0,0.7833333333333333,47
L0003,L0063,75.0,1.25,75
L0003,L0064,29.0,0.48333333333333334,29
L0003,L0065,24.0,0.4,24
L0003,L0066,27.0,0.45,27
L0003,L0067,47.0,0.7833333333333333,47
L0003,L0068,80.0,1.3333333333333333,80
L0003,L0069,36.0,0.6,36
L0003,L0070,32.0,0.5333333333333333,32
L0003,L0071,33.0,0.55,33
L0003,L0072,49.0,0.8166666666666667,49
L0003,L0073,71.0,1.1833333333333333,71
L0003,L0074,35.0,0.5833333333333334,35
L0003,L0075,42.0,0.7,42
L0003,L0076,31.0,0.5166666666666667,31
L0003,L0077,67.0,1.1166666666666667,67
L0003,L0078,17.0,0.2833333333333333,17
L0004,L0000,75.0,1.25,75
L0004,L0001,60.0,1.0,60
L0004,L0002,15.0,0.25,15
L0004,L0003,48.0,0.8,48
L0004,L0004,0.0,0.0,0
L0004,L0005,42.0,0.7,42
L0004,L0006,21.0,0.35,21
L0004,L0007,53.0,0.8833333333333333,53
L0004,L0008,11.0,0.18333333333333332,11
L0004,L0009,14.0,0.23333333333333334,14
L0004,L0010,56.0,0.9333333333333333,56
L0004,L0011,28.0,0.4666666666666667,28
L0004,L0012,35.0,0.5833333333333334,35
L0004,L0013,42.0,0.7,42
L0004,L0014,18.0,0.3,18
L0004,L0015,16.0,0.26666666666666666,16
L0004,L0016,18.0,0.3,18
L0004,L0017,29.0,0.48333333333333334,29
L0004,L0018,43.0,0.7166666666666667,43
L0004,L0019,62.0,1.0333333333333334,62
L0004,L0020,47.0,0.7833333333333333,47
L0004,L0021,10.0,0.16666666666666666,10
L0004,L0022,27.0,0.45,27
L0004,L0023,40.0,0.6666666666666666,40
L0004,L0024,72.0,1.2,72
L0004,L0025,54.0,0.9,54
L0004,L0026,32.0,0.5333333333333333,32
L0004,L0027,55.0,0.9166666666666666,55
L0004,L0028,59.0,0.9833333333333333,59
L0004,L0029,57.0,0.95,57
L0004,L0030,63.0,1.05,63
L0004,L0031,35.0,0.5833333333333334,35
L0004,L0032,40.0,0.6666666666666666,40
L0004,L0033,57.0,0.95,57
L0004,L0034,20.0,0.3333333333333333,20
L0004,L0035,50.0,0.8333333333333334,50
L0004,L0036,30.0,0.5,30
L0004,L0037,43.0,0.7166666666666667,43
L0004,L0038,53.0,0.8833333333333333,53
L0004,L0039,37.0,0.6166666666666667,37
L0004,L0040,49.0,0.8166666666666667,49
L0004,L0041,45.0,0.75,45
L0004,L0042,72.0,1.2,72
L0004,L0043,28.0,0.4666666666666667,28
L0004,L0044,73.0,1.2166666666666666,73
L0004,L0045,52.0,0.8666666666666667,52
L0004,L0046,16.0,0.26666666666666666,16
L0004,L0047,47.0,0.7833333333333333,47
L0004,L0048,38.0,0.6333333333333333,38
L0004,L0049,45.0,0.75,45
L0004,L0050,60.0,1.0,60
L0004,L0051,44.0,0.7333333333333333,44
L0004,L0052,14.0,0.23333333333333334,14
L0004,L0053,62.0,1.0333333333333334,62
L0004,L0054,71.0,1.1833333333333333,71
L0004,L0055,34.0,0.5666666666666667,34
L0004,L0056,53.0,0.8833333333333333,53
L0004,L0057,4.0,0.06666666666666667,4
L0004,L0058,53.0,0.8833333333333333,53
L0004,L0059,69.0,1.15,69
L0004,L0060,50.0,0.8333333333333334,50
L0004,L0061,38.0,0.6333333333333333,38
L0004,L0062,43.0,0.7166666666666667,43
L0004,L0063,48.0,0.8,48
L0004,L0064,53.0,0.8833333333333333,53
L0004,L0065,50.0,0.8333333333333334,50
L0004,L0066,28.0,0.4666666666666667,28
L0004,L0067,38.0,0.6333333333333333,38
L0004,L0068,55.0,0.9166666666666666,55
L0004,L0069,58.0,0.9666666666666667,58
L0004,L0070,36.0,0.6,36
L0004,L0071,18.0,0.3,18
L0004,L0072,19.0,0.31666666666666665,19
L0004,L0073,47.0,0.7833333333333333,47
L0004,L0074,52.0,0.8666666666666667,52
L0004,L0075,48.0,0.8,48
L0004,L0076,41.0,0.6833333333333333,41
L0004,L0077,48.0,0.8,48
L0004,L0078,34.0,0.5666666666666667,34
L0005,L0000,40.0,0.6666666666666666,40
L0005,L0001,63.0,1.05,63
L0005,L0002,55.0,0.9166666666666666,55
L0005,L0003,26.0,0.43333333333333335,26
L0005,L0004,42.0,0.7,42
L0005,L0005,0.0,0.0,0
L0005,L0006,28.0,0.4666666666666667,28
L0005,L0007,13.0,0.21666666666666667,13
L0005,L0008,39.0,0.65,39
L0005,L0009,48.0,0.8,48
L0005,L0010,49.0,0.8166666666666667,49
L0005,L0011,50.0,0.8333333333333334,50
L0005,L0012,12.0,0.2,12
L0005,L0013,51.0,0.85,51
L0005,L0014,40.0,0.6666666666666666,40
L0005,L0015,31.0,0.5166666666666667,31
L0005,L0016,51.0,0.85,51
L0005,L0017,19.0,0.31666666666666665,19
L0005,L0018,24.0,0.4,24
L0005,L0019,29.0,0.48333333333333334,29
L0005,L0020,48.0,0.8,48
L0005,L0021,50.0,0.8333333333333334,50
L0005,L0022,17.0,0.2833333333333333,17
L0005,L0023,28.0,0.4666666666666667,28
L0005,L0024,38.0,0.6333333333333333,38
L0005,L0025,45.0,0.75,45
L0005,L0026,15.0,0.25,15
L0005,L0027,58.0,0.9666666666666667,58
L0005,L0028,40.0,0.6666666666666666,40
L0005,L0029,25.0,0.4166666666666667,25
L0005,L0030,31.0,0.5166666666666667,31
L0005,L0031,42.0,0.7,42
L0005,L0032,22.0,0.36666666666666664,22
L0005,L0033,23.0,0.38333333333333336,23
L0005,L0034,43.0,0.7166666666666667,43
L0005,L0035,16.0,0.26666666666666666,16
L0005,L0036,31.0,0.5166666666666667,31
L0005,L0037,18.0,0.3,18
L0005,L0038,20.0,0.3333333333333333,20
L0005,L0039,22.0,0.36666666666666664,22
L0005,L0040,32.0,0.5333333333333333,32
L0005,L0041,25.0,0.4166666666666667,25
L0005,L0042,38.0,0.6333333333333333,38
L0005,L0043,21.0,0.35,21
L0005,L0044,38.0,0.6333333333333333,38
L0005,L0045,41.0,0.6833333333333333,41
L0005,L0046,40.0,0.6666666666666666,40
L0005,L0047,46.0,0.7666666666666667,46
L0005,L0048,46.0,0.7666666666666667,46
L0005,L0049,16.0,0.26666666666666666,16
L0005,L0050,31.0,0.5166666666666667,31
L0005,L0051,6.0,0.1,6
L0005,L0052,33.0,0.55,33
L0005,L0053,33.0,0.55,33
L0005,L0054,35.0,0.5833333333333334,35
L0005,L0055,24.0,0.4,24
L0005,L0056,45.0,0.75,45
L0005,L0057,43.0,0.7166666666666667,43
L0005,L0058,21.0,0.35,21
L0005,L0059,37.0,0.6166666666666667,37
L0005,L0060,24.0,0.4,24
L0005,L0061,37.0,0.6166666666666667,37
L0005,L0062,22.0,0.36666666666666664,22
L0005,L0063,53.0,0.8833333333333333,53
L0005,L0064,12.0,0.2,12
L0005,L0065,10.0,0.16666666666666666,10
L0005,L0066,15.0,0.25,15
L0005,L0067,23.0,0.38333333333333336,23
L0005,L0068,56.0,0.9333333333333333,56
L0005,L0069,17.0,0.2833333333333333,17
L0005,L0070,9.0,0.15,9
L0005,L0071,25.0,0.4166666666666667,25
L0005,L0072,34.0,0.5666666666666667,34
L0005,L0073,48.0,0.8,48
L0005,L0074,13.0,0.21666666666666667,13
L0005,L0075,16.0,0.26666666666666666,16
L0005,L0076,6.0,0.1,6
L0005,L0077,43.0,0.7166666666666667,43
L0005,L0078,17.0,0.2833333333333333,17
L0006,L0000,66.0,1.1,66
L0006,L0001,68.0,1.1333333333333333,68
L0006,L0002,34.0,0.5666666666666667,34
L0006,L0003,28.0,0.4666666666666667,28
L0006,L0004,21.0,0.35,21
L0006,L0005,28.0,0.4666666666666667,28
L0006,L0006,0.0,0.0,0
L0006,L0007,39.0,0.65,39
L0006,L0008,25.0,0.4166666666666667,25
L0006,L0009,32.0,0.5333333333333333,32
L0006,L0010,60.0,1.0,60
L0006,L0011,42.0,0.7,42
L0006,L0012,26.0,0.43333333333333335,26
L0006,L0013,52.0,0.8666666666666667,52
L0006,L0014,30.0,0.5,30
L0006,L0015,6.0,0.1,6
L0006,L0016,36.0,0.6,36
L0006,L0017,25.0,0.4166666666666667,25
L0006,L0018,39.0,0.65,39
L0006,L0019,54.0,0.9,54
L0006,L0020,53.0,0.8833333333333333,53
L0006,L0021,30.0,0.5,30
L0006,L0022,12.0,0.2,12
L0006,L0023,39.0,0.65,39
L0006,L0024,64.0,1.0666666666666667,64
L0006,L0025,57.0,0.95,57
L0006,L0026,25.0,0.4166666666666667,25
L0006,L0027,63.0,1.05,63
L0006,L0028,58.0,0.9666666666666667,58
L0006,L0029,49.0,0.8166666666666667,49
L0006,L0030,55.0,0.9166666666666666,55
L0006,L0031,42.0,0.7,42
L0006,L0032,20.0,0.3333333333333333,20
L0006,L0033,48.0,0.8,48
L0006,L0034,33.0,0.55,33
L0006,L0035,40.0,0.6666666666666666,40
L0006,L0036,33.0,0.55,33
L0006,L0037,37.0,0.6166666666666667,37
L0006,L0038,44.0,0.7333333333333333,44
L0006,L0039,18.0,0.3,18
L0006,L0040,47.0,0.7833333333333333,47
L0006,L0041,42.0,0.7,42
L0006,L0042,63.0,1.05,63
L0006,L0043,9.0,0.15,9
L0006,L0044,64.0,1.0666666666666667,64
L0006,L0045,54.0,0.9,54
L0006,L0046,29.0,0.48333333333333334,29
L0006,L0047,53.0,0.8833333333333333,53
L0006,L0048,47.0,0.7833333333333333,47
L0006,L0049,36.0,0.6,36
L0006,L0050,53.0,0.8833333333333333,53
L0006,L0051,31.0,0.5166666666666667,31
L0006,L0052,8.0,0.13333333333333333,8
L0006,L0053,56.0,0.9333333333333333,56
L0006,L0054,61.0,1.0166666666666666,61
L0006,L0055,14.0,0.23333333333333334,14
L0006,L0056,56.0,0.9333333333333333,56
L0006,L0057,20.0,0.3333333333333333,20
L0006,L0058,45.0,0.75,45
L0006,L0059,61.0,1.0166666666666666,61
L0006,L0060,44.0,0.7333333333333333,44
L0006,L0061,42.0,0.7,42
L0006,L0062,39.0,0.65,39
L0006,L0063,56.0,0.9333333333333333,56
L0006,L0064,38.0,0.6333333333333333,38
L0006,L0065,34.0,0.5666666666666667,34
L0006,L0066,14.0,0.23333333333333334,14
L0006,L0067,35.0,0.5833333333333334,35
L0006,L0068,63.0,1.05,63
L0006,L0069,44.0,0.7333333333333333,44
L0006,L0070,25.0,0.4166666666666667,25
L0006,L0071,9.0,0.15,9
L0006,L0072,26.0,0.43333333333333335,26
L0006,L0073,54.0,0.9,54
L0006,L0074,39.0,0.65,39
L0006,L0075,39.0,0.65,39
L0006,L0076,29.0,0.48333333333333334,29
L0006,L0077,52.0,0.8666666666666667,52
L0006,L0078,15.0,0.25,15
L0007,L0000,30.0,0.5,30
L0007,L0001,66.0,1.1,66
L0007,L0002,66.0,1.1,66
L0007,L0003,32.0,0.5333333333333333,32
L0007,L0004,53.0,0.8833333333333333,53
L0007,L0005,13.0,0.21666666666666667,13
L0007,L0006,39.0,0.65,39
L0007,L0007,0.0,0.0,0
L0007,L0008,49.0,0.8166666666666667,49
L0007,L0009,58.0,0.9666666666666667,58
L0007,L0010,50.0,0.8333333333333334,50
L0007,L0011,58.0,0.9666666666666667,58
L0007,L0012,21.0,0.35,21
L0007,L0013,57.0,0.95,57
L0007,L0014,49.0,0.8166666666666667,49
L0007,L0015,43.0,0.7166666666666667,43
L0007,L0016,61.0,1.0166666666666666,61
L0007,L0017,28.0,0.4666666666666667,28
L0007,L0018,27.0,0.45,27
L0007,L0019,22.0,0.36666666666666664,22
L0007,L0020,52.0,0.8666666666666667,52
L0007,L0021,61.0,1.0166666666666666,61
L0007,L0022,29.0,0.48333333333333334,29
L0007,L0023,33.0,0.55,33
L0007,L0024,30.0,0.5,30
L0007,L0025,46.0,0.7666666666666667,46
L0007,L0026,24.0,0.4,24
L0007,L0027,61.0,1.0166666666666666,61
L0007,L0028,38.0,0.6333333333333333,38
L0007,L0029,20.0,0.3333333333333333,20
L0007,L0030,24.0,0.4,24
L0007,L0031,48.0,0.8,48
L0007,L0032,30.0,0.5,30
L0007,L0033,16.0,0.26666666666666666,16
L0007,L0034,52.0,0.8666666666666667,52
L0007,L0035,14.0,0.23333333333333334,14
L0007,L0036,39.0,0.65,39
L0007,L0037,21.0,0.35,21
L0007,L0038,16.0,0.26666666666666666,16
L0007,L0039,31.0,0.5166666666666667,31
L0007,L0040,33.0,0.55,33
L0007,L0041,27.0,0.45,27
L0007,L0042,29.0,0.48333333333333334,29
L0007,L0043,32.0,0.5333333333333333,32
L0007,L0044,28.0,0.4666666666666667,28
L0007,L0045,42.0,0.7,42
L0007,L0046,50.0,0.8333333333333334,50
L0007,L0047,50.0,0.8333333333333334,50
L0007,L0048,53.0,0.8833333333333333,53
L0007,L0049,17.0,0.2833333333333333,17
L0007,L0050,26.0,0.43333333333333335,26
L0007,L0051,11.0,0.18333333333333332,11
L0007,L0052,44.0,0.7333333333333333,44
L0007,L0053,28.0,0.4666666666666667,28
L0007,L0054,26.0,0.43333333333333335,26
L0007,L0055,34.0,0.5666666666666667,34
L0007,L0056,47.0,0.7833333333333333,47
L0007,L0057,54.0,0.9,54
L0007,L0058,18.0,0.3,18
L0007,L0059,30.0,0.5,30
L0007,L0060,23.0,0.38333333333333336,23
L0007,L0061,42.0,0.7,42
L0007,L0062,25.0,0.4166666666666667,25
L0007,L0063,58.0,0.9666666666666667,58
L0007,L0064,4.0,0.06666666666666667,4
L0007,L0065,9.0,0.15,9
L0007,L0066,27.0,0.45,27
L0007,L0067,28.0,0.4666666666666667,28
L0007,L0068,59.0,0.9833333333333333,59
L0007,L0069,6.0,0.1,6
L0007,L0070,19.0,0.31666666666666665,19
L0007,L0071,37.0,0.6166666666666667,37
L0007,L0072,43.0,0.7166666666666667,43
L0007,L0073,52.0,0.8666666666666667,52
L0007,L0074,6.0,0.1,6
L0007,L0075,15.0,0.25,15
L0007,L0076,14.0,0.23333333333333334,14
L0007,L0077,46.0,0.7666666666666667,46
L0007,L0078,28.0,0.4666666666666667,28
L0008,L0000,68.0,1.1333333333333333,68
L0008,L0001,49.0,0.8166666666666667,49
L0008,L0002,19.0,0.31666666666666665,19
L0008,L0003,50.0,0.8333333333333334,50
L0008,L0004,11.0,0.18333333333333332,11
L0008,L0005,39.0,0.65,39
L0008,L0006,25.0,0.4166666666666667,25
L0008,L0007,49.0,0.8166666666666667,49
L0008,L0008,0.0,0.0,0
L0008,L0009,10.0,0.16666666666666666,10
L0008,L0010,46.0,0.7666666666666667,46
L0008,L0011,19.0,0.31666666666666665,19
L0008,L0012,30.0,0.5,30
L0008,L0013,32.0,0.5333333333333333,32
L0008,L0014,8.0,0.13333333333333333,8
L0008,L0015,21.0,0.35,21
L0008,L0016,13.0,0.21666666666666667,13
L0008,L0017,23.0,0.38333333333333336,23
L0008,L0018,35.0,0.5833333333333334,35
L0008,L0019,55.0,0.9166666666666666,55
L0008,L0020,36.0,0.6,36
L0008,L0021,14.0,0.23333333333333334,14
L0008,L0022,27.0,0.45,27
L0008,L0023,30.0,0.5,30
L0008,L0024,65.0,1.0833333333333333,65
L0008,L0025,44.0,0.7333333333333333,44
L0008,L0026,26.0,0.43333333333333335,26
L0008,L0027,44.0,0.7333333333333333,44
L0008,L0028,50.0,0.8333333333333334,50
L0008,L0029,50.0,0.8333333333333334,50
L0008,L0030,56.0,0.9333333333333333,56
L0008,L0031,24.0,0.4,24
L0008,L0032,42.0,0.7,42
L0008,L0033,50.0,0.8333333333333334,50
L0008,L0034,10.0,0.16666666666666666,10
L0008,L0035,44.0,0.7333333333333333,44
L0008,L0036,20.0,0.3333333333333333,20
L0008,L0037,36.0,0.6,36
L0008,L0038,46.0,0.7666666666666667,46
L0008,L0039,40.0,0.6666666666666666,40
L0008,L0040,40.0,0.6666666666666666,40
L0008,L0041,37.0,0.6166666666666667,37
L0008,L0042,64.0,1.0666666666666667,64
L0008,L0043,30.0,0.5,30
L0008,L0044,66.0,1.1,66
L0008,L0045,42.0,0.7,42
L0008,L0046,6.0,0.1,6
L0008,L0047,36.0,0.6,36
L0008,L0048,27.0,0.45,27
L0008,L0049,38.0,0.6333333333333333,38
L0008,L0050,52.0,0.8666666666666667,52
L0008,L0051,39.0,0.65,39
L0008,L0052,19.0,0.31666666666666665,19
L0008,L0053,54.0,0.9,54
L0008,L0054,64.0,1.0666666666666667,64
L0008,L0055,37.0,0.6166666666666667,37
L0008,L0056,43.0,0.7166666666666667,43
L0008,L0057,14.0,0.23333333333333334,14
L0008,L0058,46.0,0.7666666666666667,46
L0008,L0059,61.0,1.0166666666666666,61
L0008,L0060,42.0,0.7,42
L0008,L0061,28.0,0.4666666666666667,28
L0008,L0062,35.0,0.5833333333333334,35
L0008,L0063,37.0,0.6166666666666667,37
L0008,L0064,50.0,0.8333333333333334,50
L0008,L0065,48.0,0.8,48
L0008,L0066,26.0,0.43333333333333335,26
L0008,L0067,30.0,0.5,30
L0008,L0068,45.0,0.75,45
L0008,L0069,53.0,0.8833333333333333,53
L0008,L0070,32.0,0.5333333333333333,32
L0008,L0071,19.0,0.31666666666666665,19
L0008,L0072,10.0,0.16666666666666666,10
L0008,L0073,37.0,0.6166666666666667,37
L0008,L0074,47.0,0.7833333333333333,47
L0008,L0075,42.0,0.7,42
L0008,L0076,37.0,0.6166666666666667,37
L0008,L0077,37.0,0.6166666666666667,37
L0008,L0078,35.0,0.5833333333333334,35
L0009,L0000,75.0,1.25,75
L0009,L0001,49.0,0.8166666666666667,49
L0009,L0002,14.0,0.23333333333333334,14
L0009,L0003,59.0,0.9833333333333333,59
L0009,L0004,14.0,0.23333333333333334,14
L0009,L0005,48.0,0.8,48
L0009,L0006,32.0,0.5333333333333333,32
L0009,L0007,58.0,0.9666666666666667,58
L0009,L0008,10.0,0.16666666666666666,10
L0009,L0009,0.0,0.0,0
L0009,L0010,49.0,0.8166666666666667,49
L0009,L0011,16.0,0.26666666666666666,16
L0009,L0012,38.0,0.6333333333333333,38
L0009,L0013,31.0,0.5166666666666667,31
L0009,L0014,12.0,0.2,12
L0009,L0015,28.0,0.4666666666666667,28
L0009,L0016,4.0,0.06666666666666667,4
L0009,L0017,31.0,0.5166666666666667,31
L0009,L0018,42.0,0.7,42
L0009,L0019,62.0,1.0333333333333334,62
L0009,L0020,38.0,0.6333333333333333,38
L0009,L0021,10.0,0.16666666666666666,10
L0009,L0022,36.0,0.6,36
L0009,L0023,37.0,0.6166666666666667,37
L0009,L0024,72.0,1.2,72
L0009,L0025,47.0,0.7833333333333333,47
L0009,L0026,35.0,0.5833333333333334,35
L0009,L0027,44.0,0.7333333333333333,44
L0009,L0028,55.0,0.9166666666666666,55
L0009,L0029,57.0,0.95,57
L0009,L0030,63.0,1.05,63
L0009,L0031,27.0,0.45,27
L0009,L0032,51.0,0.85,51
L0009,L0033,58.0,0.9666666666666667,58
L0009,L0034,11.0,0.18333333333333332,11
L0009,L0035,52.0,0.8666666666666667,52
L0009,L0036,26.0,0.43333333333333335,26
L0009,L0037,44.0,0.7333333333333333,44
L0009,L0038,54.0,0.9,54
L0009,L0039,48.0,0.8,48
L0009,L0040,46.0,0.7666666666666667,46
L0009,L0041,44.0,0.7333333333333333,44
L0009,L0042,72.0,1.2,72
L0009,L0043,38.0,0.6333333333333333,38
L0009,L0044,73.0,1.2166666666666666,73
L0009,L0045,47.0,0.7833333333333333,47
L0009,L0046,10.0,0.16666666666666666,10
L0009,L0047,39.0,0.65,39
L0009,L0048,28.0,0.4666666666666667,28
L0009,L0049,46.0,0.7666666666666667,46
L0009,L0050,59.0,0.9833333333333333,59
L0009,L0051,48.0,0.8,48
L0009,L0052,26.0,0.43333333333333335,26
L0009,L0053,61.0,1.0166666666666666,61
L0009,L0054,71.0,1.1833333333333333,71
L0009,L0055,45.0,0.75,45
L0009,L0056,46.0,0.7666666666666667,46
L0009,L0057,17.0,0.2833333333333333,17
L0009,L0058,53.0,0.8833333333333333,53
L0009,L0059,68.0,1.1333333333333333,68
L0009,L0060,50.0,0.8333333333333334,50
L0009,L0061,32.0,0.5333333333333333,32
L0009,L0062,43.0,0.7166666666666667,43
L0009,L0063,37.0,0.6166666666666667,37
L0009,L0064,59.0,0.9833333333333333,59
L0009,L0065,57.0,0.95,57
L0009,L0066,35.0,0.5833333333333334,35
L0009,L0067,37.0,0.6166666666666667,37
L0009,L0068,45.0,0.75,45
L0009,L0069,62.0,1.0333333333333334,62
L0009,L0070,41.0,0.6833333333333333,41
L0009,L0071,27.0,0.45,27
L0009,L0072,17.0,0.2833333333333333,17
L0009,L0073,38.0,0.6333333333333333,38
L0009,L0074,56.0,0.9333333333333333,56
L0009,L0075,50.0,0.8333333333333334,50
L0009,L0076,46.0,0.7666666666666667,46
L0009,L0077,40.0,0.6666666666666666,40
L0009,L0078,44.0,0.7333333333333333,44
L0010,L0000,44.0,0.7333333333333333,44
L0010,L0001,18.0,0.3,18
L0010,L0002,62.0,1.0333333333333334,62
L0010,L0003,73.0,1.2166666666666666,73
L0010,L0004,56.0,0.9333333333333333,56
L0010,L0005,49.0,0.8166666666666667,49
L0010,L0006,60.0,1.0,60
L0010,L0007,50.0,0.8333333333333334,50
L0010,L0008,46.0,0.7666666666666667,46
L0010,L0009,49.0,0.8166666666666667,49
L0010,L0010,0.0,0.0,0
L0010,L0011,36.0,0.6,36
L0010,L0012,40.0,0.6666666666666666,40
L0010,L0013,22.0,0.36666666666666664,22
L0010,L0014,40.0,0.6666666666666666,40
L0010,L0015,59.0,0.9833333333333333,59
L0010,L0016,48.0,0.8,48
L0010,L0017,37.0,0.6166666666666667,37
L0010,L0018,26.0,0.43333333333333335,26
L0010,L0019,36.0,0.6,36
L0010,L0020,13.0,0.21666666666666667,13
L0010,L0021,57.0,0.95,57
L0010,L0022,53.0,0.8833333333333333,53
L0010,L0023,23.0,0.38333333333333336,23
L0010,L0024,41.0,0.6833333333333333,41
L0010,L0025,5.0,0.08333333333333333,5
L0010,L0026,39.0,0.65,39
L0010,L0027,16.0,0.26666666666666666,16
L0010,L0028,16.0,0.26666666666666666,16
L0010,L0029,34.0,0.5666666666666667,34
L0010,L0030,36.0,0.6,36
L0010,L0031,23.0,0.38333333333333336,23
L0010,L0032,67.0,1.1166666666666667,67
L0010,L0033,38.0,0.6333333333333333,38
L0010,L0034,39.0,0.65,39
L0010,L0035,37.0,0.6166666666666667,37
L0010,L0036,28.0,0.4666666666666667,28
L0010,L0037,32.0,0.5333333333333333,32
L0010,L0038,36.0,0.6,36
L0010,L0039,67.0,1.1166666666666667,67
L0010,L0040,19.0,0.31666666666666665,19
L0010,L0041,25.0,0.4166666666666667,25
L0010,L0042,41.0,0.6833333333333333,41
L0010,L0043,59.0,0.9833333333333333,59
L0010,L0044,44.0,0.7333333333333333,44
L0010,L0045,10.0,0.16666666666666666,10
L0010,L0046,42.0,0.7,42
L0010,L0047,11.0,0.18333333333333332,11
L0010,L0048,23.0,0.38333333333333336,23
L0010,L0049,35.0,0.5833333333333334,35
L0010,L0050,29.0,0.48333333333333334,29
L0010,L0051,45.0,0.75,45
L0010,L0052,59.0,0.9833333333333333,59
L0010,L0053,30.0,0.5,30
L0010,L0054,43.0,0.7166666666666667,43
L0010,L0055,66.0,1.1,66
L0010,L0056,5.0,0.08333333333333333,5
L0010,L0057,59.0,0.9833333333333333,59
L0010,L0058,34.0,0.5666666666666667,34
L0010,L0059,36.0,0.6,36
L0010,L0060,28.0,0.4666666666666667,28
L0010,L0061,20.0,0.3333333333333333,20
L0010,L0062,28.0,0.4666666666666667,28
L0010,L0063,17.0,0.2833333333333333,17
L0010,L0064,53.0,0.8833333333333333,53
L0010,L0065,56.0,0.9333333333333333,56
L0010,L0066,50.0,0.8333333333333334,50
L0010,L0067,28.0,0.4666666666666667,28
L0010,L0068,13.0,0.21666666666666667,13
L0010,L0069,50.0,0.8333333333333334,50
L0010,L0070,43.0,0.7166666666666667,43
L0010,L0071,52.0,0.8666666666666667,52
L0010,L0072,38.0,0.6333333333333333,38
L0010,L0073,12.0,0.2,12
L0010,L0074,45.0,0.75,45
L0010,L0075,36.0,0.6,36
L0010,L0076,44.0,0.7333333333333333,44
L0010,L0077,10.0,0.16666666666666666,10
L0010,L0078,60.0,1.0,60
L0011,L0000,69.0,1.15,69
L0011,L0001,34.0,0.5666666666666667,34
L0011,L0002,28.0,0.4666666666666667,28
L0011,L0003,67.0,1.1166666666666667,67
L0011,L0004,28.0,0.4666666666666667,28
L0011,L0005,50.0,0.8333333333333334,50
L0011,L0006,42.0,0.7,42
L0011,L0007,58.0,0.9666666666666667,58
L0011,L0008,19.0,0.31666666666666665,19
L0011,L0009,16.0,0.26666666666666666,16
L0011,L0010,36.0,0.6,36
L0011,L0011,0.0,0.0,0
L0011,L0012,39.0,0.65,39
L0011,L0013,17.0,0.2833333333333333,17
L0011,L0014,14.0,0.23333333333333334,14
L0011,L0015,39.0,0.65,39
L0011,L0016,15.0,0.25,15
L0011,L0017,32.0,0.5333333333333333,32
L0011,L0018,36.0,0.6,36
L0011,L0019,57.0,0.95,57
L0011,L0020,24.0,0.4,24
L0011,L0021,25.0,0.4166666666666667,25
L0011,L0022,42.0,0.7,42
L0011,L0023,30.0,0.5,30
L0011,L0024,66.0,1.1,66
L0011,L0025,36.0,0.6,36
L0011,L0026,36.0,0.6,36
L0011,L0027,29.0,0.48333333333333334,29
L0011,L0028,45.0,0.75,45
L0011,L0029,52.0,0.8666666666666667,52
L0011,L0030,58.0,0.9666666666666667,58
L0011,L0031,15.0,0.25,15
L0011,L0032,59.0,0.9833333333333333,59
L0011,L0033,54.0,0.9,54
L0011,L0034,10.0,0.16666666666666666,10
L0011,L0035,49.0,0.8166666666666667,49
L0011,L0036,21.0,0.35,21
L0011,L0037,41.0,0.6833333333333333,41
L0011,L0038,50.0,0.8333333333333334,50
L0011,L0039,56.0,0.9333333333333333,56
L0011,L0040,38.0,0.6333333333333333,38
L0011,L0041,38.0,0.6333333333333333,38
L0011,L0042,65.0,1.0833333333333333,65
L0011,L0043,46.0,0.7666666666666667,46
L0011,L0044,68.0,1.1333333333333333,68
L0011,L0045,36.0,0.6,36
L0011,L0046,15.0,0.25,15
L0011,L0047,26.0,0.43333333333333335,26
L0011,L0048,14.0,0.23333333333333334,14
L0011,L0049,43.0,0.7166666666666667,43
L0011,L0050,52.0,0.8666666666666667,52
L0011,L0051,49.0,0.8166666666666667,49
L0011,L0052,38.0,0.6333333333333333,38
L0011,L0053,54.0,0.9,54
L0011,L0054,66.0,1.1,66
L0011,L0055,54.0,0.9,54
L0011,L0056,34.0,0.5666666666666667,34
L0011,L0057,31.0,0.5166666666666667,31
L0011,L0058,49.0,0.8166666666666667,49
L0011,L0059,61.0,1.0166666666666666,61
L0011,L0060,44.0,0.7333333333333333,44
L0011,L0061,22.0,0.36666666666666664,22
L0011,L0062,38.0,0.6333333333333333,38
L0011,L0063,22.0,0.36666666666666664,22
L0011,L0064,59.0,0.9833333333333333,59
L0011,L0065,59.0,0.9833333333333333,59
L0011,L0066,41.0,0.6833333333333333,41
L0011,L0067,32.0,0.5333333333333333,32
L0011,L0068,31.0,0.5166666666666667,31
L0011,L0069,61.0,1.0166666666666666,61
L0011,L0070,42.0,0.7,42
L0011,L0071,35.0,0.5833333333333334,35
L0011,L0072,18.0,0.3,18
L0011,L0073,25.0,0.4166666666666667,25
L0011,L0074,55.0,0.9166666666666666,55
L0011,L0075,47.0,0.7833333333333333,47
L0011,L0076,46.0,0.7666666666666667,46
L0011,L0077,28.0,0.4666666666666667,28
L0011,L0078,51.0,0.85,51
L0012,L0000,42.0,0.7,42
L0012,L0001,53.0,0.8833333333333333,53
L0012,L0002,47.0,0.7833333333333333,47
L0012,L0003,34.0,0.5666666666666667,34
L0012,L0004,35.0,0.5833333333333334,35
L0012,L0005,12.0,0.2,12
L0012,L0006,26.0,0.43333333333333335,26
L0012,L0007,21.0,0.35,21
L0012,L0008,30.0,0.5,30
L0012,L0009,38.0,0.6333333333333333,38
L0012,L0010,40.0,0.6666666666666666,40
L0012,L0011,39.0,0.65,39
L0012,L0012,0.0,0.0,0
L0012,L0013,40.0,0.6666666666666666,40
L0012,L0014,29.0,0.48333333333333334,29
L0012,L0015,28.0,0.4666666666666667,28
L0012,L0016,41.0,0.6833333333333333,41
L0012,L0017,8.0,0.13333333333333333,8
L0012,L0018,16.0,0.26666666666666666,16
L0012,L0019,29.0,0.48333333333333334,29
L0012,L0020,37.0,0.6166666666666667,37
L0012,L0021,42.0,0.7,42
L0012,L0022,16.0,0.26666666666666666,16
L0012,L0023,19.0,0.31666666666666665,19
L0012,L0024,39.0,0.65,39
L0012,L0025,36.0,0.6,36
L0012,L0026,5.0,0.08333333333333333,5
L0012,L0027,48.0,0.8,48
L0012,L0028,34.0,0.5666666666666667,34
L0012,L0029,24.0,0.4,24
L0012,L0030,31.0,0.5166666666666667,31
L0012,L0031,31.0,0.5166666666666667,31
L0012,L0032,28.0,0.4666666666666667,28
L0012,L0033,24.0,0.4,24
L0012,L0034,33.0,0.55,33
L0012,L0035,16.0,0.26666666666666666,16
L0012,L0036,20.0,0.3333333333333333,20
L0012,L0037,12.0,0.2,12
L0012,L0038,19.0,0.31666666666666665,19
L0012,L0039,28.0,0.4666666666666667,28
L0012,L0040,24.0,0.4,24
L0012,L0041,18.0,0.3,18
L0012,L0042,39.0,0.65,39
L0012,L0043,21.0,0.35,21
L0012,L0044,40.0,0.6666666666666666,40
L0012,L0045,32.0,0.5333333333333333,32
L0012,L0046,30.0,0.5,30
L0012,L0047,36.0,0.6,36
L0012,L0048,35.0,0.5833333333333334,35
L0012,L0049,12.0,0.2,12
L0012,L0050,28.0,0.4666666666666667,28
L0012,L0051,11.0,0.18333333333333332,11
L0012,L0052,29.0,0.48333333333333334,29
L0012,L0053,31.0,0.5166666666666667,31
L0012,L0054,37.0,0.6166666666666667,37
L0012,L0055,28.0,0.4666666666666667,28
L0012,L0056,36.0,0.6,36
L0012,L0057,36.0,0.6,36
L0012,L0058,20.0,0.3333333333333333,20
L0012,L0059,37.0,0.6166666666666667,37
L0012,L0060,20.0,0.3333333333333333,20
L0012,L0061,26.0,0.43333333333333335,26
L0012,L0062,15.0,0.25,15
L0012,L0063,43.0,0.7166666666666667,43
L0012,L0064,22.0,0.36666666666666664,22
L0012,L0065,21.0,0.35,21
L0012,L0066,13.0,0.21666666666666667,13
L0012,L0067,14.0,0.23333333333333334,14
L0012,L0068,46.0,0.7666666666666667,46
L0012,L0069,24.0,0.4,24
L0012,L0070,4.0,0.06666666666666667,4
L0012,L0071,20.0,0.3333333333333333,20
L0012,L0072,23.0,0.38333333333333336,23
L0012,L0073,38.0,0.6333333333333333,38
L0012,L0074,18.0,0.3,18
L0012,L0075,15.0,0.25,15
L0012,L0076,8.0,0.13333333333333333,8
L0012,L0077,34.0,0.5666666666666667,34
L0012,L0078,21.0,0.35,21
L0013,L0000,60.0,1.0,60
L0013,L0001,19.0,0.31666666666666665,19
L0013,L0002,44.0,0.7333333333333333,44
L0013,L0003,72.0,1.2,72
L0013,L0004,42.0,0.7,42
L0013,L0005,51.0,0.85,51
L0013,L0006,52.0,0.8666666666666667,52
L0013,L0007,57.0,0.95,57
L0013,L0008,32.0,0.5333333333333333,32
L0013,L0009,31.0,0.5166666666666667,31
L0013,L0010,22.0,0.36666666666666664,22
L0013,L0011,17.0,0.2833333333333333,17
L0013,L0012,40.0,0.6666666666666666,40
L0013,L0013,0.0,0.0,0
L0013,L0014,25.0,0.4166666666666667,25
L0013,L0015,49.0,0.8166666666666667,49
L0013,L0016,30.0,0.5,30
L0013,L0017,34.0,0.5666666666666667,34
L0013,L0018,32.0,0.5333333333333333,32
L0013,L0019,50.0,0.8333333333333334,50
L0013,L0020,10.0,0.16666666666666666,10
L0013,L0021,40.0,0.6666666666666666,40
L0013,L0022,49.0,0.8166666666666667,49
L0013,L0023,25.0,0.4166666666666667,25
L0013,L0024,57.0,0.95,57
L0013,L0025,22.0,0.36666666666666664,22
L0013,L0026,37.0,0.6166666666666667,37
L0013,L0027,14.0,0.23333333333333334,14
L0013,L0028,34.0,0.5666666666666667,34
L0013,L0029,45.0,0.75,45
L0013,L0030,50.0,0.8333333333333334,50
L0013,L0031,11.0,0.18333333333333332,11
L0013,L0032,65.0,1.0833333333333333,65
L0013,L0033,49.0,0.8166666666666667,49
L0013,L0034,23.0,0.38333333333333336,23
L0013,L0035,45.0,0.75,45
L0013,L0036,21.0,0.35,21
L0013,L0037,37.0,0.6166666666666667,37
L0013,L0038,46.0,0.7666666666666667,46
L0013,L0039,63.0,1.05,63
L0013,L0040,29.0,0.48333333333333334,29
L0013,L0041,32.0,0.5333333333333333,32
L0013,L0042,57.0,0.95,57
L0013,L0043,54.0,0.9,54
L0013,L0044,60.0,1.0,60
L0013,L0045,24.0,0.4,24
L0013,L0046,27.0,0.45,27
L0013,L0047,12.0,0.2,12
L0013,L0048,6.0,0.1,6
L0013,L0049,40.0,0.6666666666666666,40
L0013,L0050,44.0,0.7333333333333333,44
L0013,L0051,49.0,0.8166666666666667,49
L0013,L0052,49.0,0.8166666666666667,49
L0013,L0053,45.0,0.75,45
L0013,L0054,58.0,0.9666666666666667,58
L0013,L0055,61.0,1.0166666666666666,61
L0013,L0056,21.0,0.35,21
L0013,L0057,45.0,0.75,45
L0013,L0058,44.0,0.7333333333333333,44
L0013,L0059,52.0,0.8666666666666667,52
L0013,L0060,38.0,0.6333333333333333,38
L0013,L0061,16.0,0.26666666666666666,16
L0013,L0062,33.0,0.55,33
L0013,L0063,7.0,0.11666666666666667,7
L0013,L0064,59.0,0.9833333333333333,59
L0013,L0065,60.0,1.0,60
L0013,L0066,46.0,0.7666666666666667,46
L0013,L0067,29.0,0.48333333333333334,29
L0013,L0068,15.0,0.25,15
L0013,L0069,58.0,0.9666666666666667,58
L0013,L0070,43.0,0.7166666666666667,43
L0013,L0071,44.0,0.7333333333333333,44
L0013,L0072,26.0,0.43333333333333335,26
L0013,L0073,10.0,0.16666666666666666,10
L0013,L0074,52.0,0.8666666666666667,52
L0013,L0075,43.0,0.7166666666666667,43
L0013,L0076,47.0,0.7833333333333333,47
L0013,L0077,16.0,0.26666666666666666,16
L0013,L0078,57.0,0.95,57
L0014,L0000,64.0,1.0666666666666667,64
L0014,L0001,42.0,0.7,42
L0014,L0002,24.0,0.4,24
L0014,L0003,54.0,0.9,54
L0014,L0004,18.0,0.3,18
L0014,L0005,40.0,0.6666666666666666,40
L0014,L0006,30.0,0.5,30
L0014,L0007,49.0,0.8166666666666667,49
L0014,L0008,8.0,0.13333333333333333,8
L0014,L0009,12.0,0.2,12
L0014,L0010,40.0,0.6666666666666666,40
L0014,L0011,14.0,0.23333333333333334,14
L0014,L0012,29.0,0.48333333333333334,29
L0014,L0013,25.0,0.4166666666666667,25
L0014,L0014,0.0,0.0,0
L0014,L0015,26.0,0.43333333333333335,26
L0014,L0016,13.0,0.21666666666666667,13
L0014,L0017,22.0,0.36666666666666664,22
L0014,L0018,31.0,0.5166666666666667,31
L0014,L0019,52.0,0.8666666666666667,52
L0014,L0020,29.0,0.48333333333333334,29
L0014,L0021,19.0,0.31666666666666665,19
L0014,L0022,30.0,0.5,30
L0014,L0023,26.0,0.43333333333333335,26
L0014,L0024,61.0,1.0166666666666666,61
L0014,L0025,38.0,0.6333333333333333,38
L0014,L0026,26.0,0.43333333333333335,26
L0014,L0027,37.0,0.6166666666666667,37
L0014,L0028,45.0,0.75,45
L0014,L0029,47.0,0.7833333333333333,47
L0014,L0030,53.0,0.8833333333333333,53
L0014,L0031,18.0,0.3,18
L0014,L0032,46.0,0.7666666666666667,46
L0014,L0033,48.0,0.8,48
L0014,L0034,5.0,0.08333333333333333,5
L0014,L0035,42.0,0.7,42
L0014,L0036,15.0,0.25,15
L0014,L0037,34.0,0.5666666666666667,34
L0014,L0038,44.0,0.7333333333333333,44
L0014,L0039,44.0,0.7333333333333333,44
L0014,L0040,35.0,0.5833333333333334,35
L0014,L0041,33.0,0.55,33
L0014,L0042,61.0,1.0166666666666666,61
L0014,L0043,34.0,0.5666666666666667,34
L0014,L0044,63.0,1.05,63
L0014,L0045,37.0,0.6166666666666667,37
L0014,L0046,3.0,0.05,3
L0014,L0047,30.0,0.5,30
L0014,L0048,20.0,0.3333333333333333,20
L0014,L0049,36.0,0.6,36
L0014,L0050,48.0,0.8,48
L0014,L0051,39.0,0.65,39
L0014,L0052,25.0,0.4166666666666667,25
L0014,L0053,50.0,0.8333333333333334,50
L0014,L0054,61.0,1.0166666666666666,61
L0014,L0055,41.0,0.6833333333333333,41
L0014,L0056,37.0,0.6166666666666667,37
L0014,L0057,21.0,0.35,21
L0014,L0058,43.0,0.7166666666666667,43
L0014,L0059,57.0,0.95,57
L0014,L0060,39.0,0.65,39
L0014,L0061,22.0,0.36666666666666664,22
L0014,L0062,32.0,0.5333333333333333,32
L0014,L0063,30.0,0.5,30
L0014,L0064,50.0,0.8333333333333334,50
L0014,L0065,49.0,0.8166666666666667,49
L0014,L0066,29.0,0.48333333333333334,29
L0014,L0067,26.0,0.43333333333333335,26
L0014,L0068,38.0,0.6333333333333333,38
L0014,L0069,52.0,0.8666666666666667,52
L0014,L0070,32.0,0.5333333333333333,32
L0014,L0071,23.0,0.38333333333333336,23
L0014,L0072,7.0,0.11666666666666667,7
L0014,L0073,30.0,0.5,30
L0014,L0074,46.0,0.7666666666666667,46
L0014,L0075,40.0,0.6666666666666666,40
L0014,L0076,37.0,0.6166666666666667,37
L0014,L0077,31.0,0.5166666666666667,31
L0014,L0078,39.0,0.65,39
L0015,L0000,68.0,1.1333333333333333,68
L0015,L0001,66.0,1.1,66
L0015,L0002,29.0,0.48333333333333334,29
L0015,L0003,33.0,0.55,33
L0015,L0004,16.0,0.26666666666666666,16
L0015,L0005,31.0,0.5166666666666667,31
L0015,L0006,6.0,0.1,6
L0015,L0007,43.0,0.7166666666666667,43
L0015,L0008,21.0,0.35,21
L0015,L0009,28.0,0.4666666666666667,28
L0015,L0010,59.0,0.9833333333333333,59
L0015,L0011,39.0,0.65,39
L0015,L0012,28.0,0.4666666666666667,28
L0015,L0013,49.0,0.8166666666666667,49
L0015,L0014,26.0,0.43333333333333335,26
L0015,L0015,0.0,0.0,0
L0015,L0016,31.0,0.5166666666666667,31
L0015,L0017,25.0,0.4166666666666667,25
L0015,L0018,40.0,0.6666666666666666,40
L0015,L0019,56.0,0.9333333333333333,56
L0015,L0020,51.0,0.85,51
L0015,L0021,25.0,0.4166666666666667,25
L0015,L0022,15.0,0.25,15
L0015,L0023,39.0,0.65,39
L0015,L0024,66.0,1.1,66
L0015,L0025,56.0,0.9333333333333333,56
L0015,L0026,26.0,0.43333333333333335,26
L0015,L0027,61.0,1.0166666666666666,61
L0015,L0028,58.0,0.9666666666666667,58
L0015,L0029,51.0,0.85,51
L0015,L0030,57.0,0.95,57
L0015,L0031,40.0,0.6666666666666666,40
L0015,L0032,25.0,0.4166666666666667,25
L0015,L0033,50.0,0.8333333333333334,50
L0015,L0034,30.0,0.5,30
L0015,L0035,43.0,0.7166666666666667,43
L0015,L0036,32.0,0.5333333333333333,32
L0015,L0037,38.0,0.6333333333333333,38
L0015,L0038,46.0,0.7666666666666667,46
L0015,L0039,23.0,0.38333333333333336,23
L0015,L0040,48.0,0.8,48
L0015,L0041,42.0,0.7,42
L0015,L0042,65.0,1.0833333333333333,65
L0015,L0043,14.0,0.23333333333333334,14
L0015,L0044,66.0,1.1,66
L0015,L0045,53.0,0.8833333333333333,53
L0015,L0046,25.0,0.4166666666666667,25
L0015,L0047,51.0,0.85,51
L0015,L0048,44.0,0.7333333333333333,44
L0015,L0049,38.0,0.6333333333333333,38
L0015,L0050,55.0,0.9166666666666666,55
L0015,L0051,34.0,0.5666666666666667,34
L0015,L0052,3.0,0.05,3
L0015,L0053,57.0,0.95,57
L0015,L0054,64.0,1.0666666666666667,64
L0015,L0055,19.0,0.31666666666666665,19
L0015,L0056,55.0,0.9166666666666666,55
L0015,L0057,15.0,0.25,15
L0015,L0058,47.0,0.7833333333333333,47
L0015,L0059,63.0,1.05,63
L0015,L0060,46.0,0.7666666666666667,46
L0015,L0061,41.0,0.6833333333333333,41
L0015,L0062,40.0,0.6666666666666666,40
L0015,L0063,54.0,0.9,54
L0015,L0064,42.0,0.7,42
L0015,L0065,39.0,0.65,39
L0015,L0066,17.0,0.2833333333333333,17
L0015,L0067,36.0,0.6,36
L0015,L0068,61.0,1.0166666666666666,61
L0015,L0069,48.0,0.8,48
L0015,L0070,28.0,0.4666666666666667,28
L0015,L0071,9.0,0.15,9
L0015,L0072,24.0,0.4,24
L0015,L0073,52.0,0.8666666666666667,52
L0015,L0074,43.0,0.7166666666666667,43
L0015,L0075,42.0,0.7,42
L0015,L0076,32.0,0.5333333333333333,32
L0015,L0077,51.0,0.85,51
L0015,L0078,20.0,0.3333333333333333,20
L0016,L0000,76.0,1.2666666666666666,76
L0016,L0001,47.0,0.7833333333333333,47
L0016,L0002,15.0,0.25,15
L0016,L0003,62.0,1.0333333333333334,62
L0016,L0004,18.0,0.3,18
L0016,L0005,51.0,0.85,51
L0016,L0006,36.0,0.6,36
L0016,L0007,61.0,1.0166666666666666,61
L0016,L0008,13.0,0.21666666666666667,13
L0016,L0009,4.0,0.06666666666666667,4
L0016,L0010,48.0,0.8,48
L0016,L0011,15.0,0.25,15
L0016,L0012,41.0,0.6833333333333333,41
L0016,L0013,30.0,0.5,30
L0016,L0014,13.0,0.21666666666666667,13
L0016,L0015,31.0,0.5166666666666667,31
L0016,L0016,0.0,0.0,0
L0016,L0017,34.0,0.5666666666666667,34
L0016,L0018,43.0,0.7166666666666667,43
L0016,L0019,64.0,1.0666666666666667,64
L0016,L0020,37.0,0.6166666666666667,37
L0016,L0021,12.0,0.2,12
L0016,L0022,39.0,0.65,39
L0016,L0023,38.0,0.6333333333333333,38
L0016,L0024,73.0,1.2166666666666666,73
L0016,L0025,47.0,0.7833333333333333,47
L0016,L0026,37.0,0.6166666666666667,37
L0016,L0027,43.0,0.7166666666666667,43
L0016,L0028,56.0,0.9333333333333333,56
L0016,L0029,59.0,0.9833333333333333,59
L0016,L0030,65.0,1.0833333333333333,65
L0016,L0031,26.0,0.43333333333333335,26
L0016,L0032,54.0,0.9,54
L0016,L0033,60.0,1.0,60
L0016,L0034,11.0,0.18333333333333332,11
L0016,L0035,54.0,0.9,54
L0016,L0036,27.0,0.45,27
L0016,L0037,46.0,0.7666666666666667,46
L0016,L0038,56.0,0.9333333333333333,56
L0016,L0039,52.0,0.8666666666666667,52
L0016,L0040,47.0,0.7833333333333333,47
L0016,L0041,45.0,0.75,45
L0016,L0042,73.0,1.2166666666666666,73
L0016,L0043,42.0,0.7,42
L0016,L0044,75.0,1.25,75
L0016,L0045,47.0,0.7833333333333333,47
L0016,L0046,12.0,0.2,12
L0016,L0047,38.0,0.6333333333333333,38
L0016,L0048,27.0,0.45,27
L0016,L0049,48.0,0.8,48
L0016,L0050,60.0,1.0,60
L0016,L0051,51.0,0.85,51
L0016,L0052,30.0,0.5,30
L0016,L0053,62.0,1.0333333333333334,62
L0016,L0054,73.0,1.2166666666666666,73
L0016,L0055,49.0,0.8166666666666667,49
L0016,L0056,46.0,0.7666666666666667,46
L0016,L0057,20.0,0.3333333333333333,20
L0016,L0058,55.0,0.9166666666666666,55
L0016,L0059,69.0,1.15,69
L0016,L0060,51.0,0.85,51
L0016,L0061,32.0,0.5333333333333333,32
L0016,L0062,44.0,0.7333333333333333,44
L0016,L0063,36.0,0.6,36
L0016,L0064,61.0,1.0166666666666666,61
L0016,L0065,60.0,1.0,60
L0016,L0066,39.0,0.65,39
L0016,L0067,39.0,0.65,39
L0016,L0068,44.0,0.7333333333333333,44
L0016,L0069,64.0,1.0666666666666667,64
L0016,L0070,43.0,0.7166666666666667,43
L0016,L0071,31.0,0.5166666666666667,31
L0016,L0072,19.0,0.31666666666666665,19
L0016,L0073,38.0,0.6333333333333333,38
L0016,L0074,58.0,0.9666666666666667,58
L0016,L0075,52.0,0.8666666666666667,52
L0016,L0076,48.0,0.8,48
L0016,L0077,40.0,0.6666666666666666,40
L0016,L0078,47.0,0.7833333333333333,47
L0017,L0000,46.0,0.7666666666666667,46
L0017,L0001,48.0,0.8,48
L0017,L0002,41.0,0.6833333333333333,41
L0017,L0003,39.0,0.65,39
L0017,L0004,29.0,0.48333333333333334,29
L0017,L0005,19.0,0.31666666666666665,19
L0017,L0006,25.0,0.4166666666666667,25
L0017,L0007,28.0,0.4666666666666667,28
L0017,L0008,23.0,0.38333333333333336,23
L0017,L0009,31.0,0.5166666666666667,31
L0017,L0010,37.0,0.6166666666666667,37
L0017,L0011,32.0,0.5333333333333333,32
L0017,L0012,8.0,0.13333333333333333,8
L0017,L0013,34.0,0.5666666666666667,34
L0017,L0014,22.0,0.36666666666666664,22
L0017,L0015,25.0,0.4166666666666667,25
L0017,L0016,34.0,0.5666666666666667,34
L0017,L0017,0.0,0.0,0
L0017,L0018,16.0,0.26666666666666666,16
L0017,L0019,34.0,0.5666666666666667,34
L0017,L0020,32.0,0.5333333333333333,32
L0017,L0021,36.0,0.6,36
L0017,L0022,17.0,0.2833333333333333,17
L0017,L0023,16.0,0.26666666666666666,16
L0017,L0024,44.0,0.7333333333333333,44
L0017,L0025,33.0,0.55,33
L0017,L0026,5.0,0.08333333333333333,5
L0017,L0027,43.0,0.7166666666666667,43
L0017,L0028,34.0,0.5666666666666667,34
L0017,L0029,28.0,0.4666666666666667,28
L0017,L0030,35.0,0.5833333333333334,35
L0017,L0031,24.0,0.4,24
L0017,L0032,32.0,0.5333333333333333,32
L0017,L0033,29.0,0.48333333333333334,29
L0017,L0034,25.0,0.4166666666666667,25
L0017,L0035,22.0,0.36666666666666664,22
L0017,L0036,14.0,0.23333333333333334,14
L0017,L0037,15.0,0.25,15
L0017,L0038,25.0,0.4166666666666667,25
L0017,L0039,31.0,0.5166666666666667,31
L0017,L0040,24.0,0.4,24
L0017,L0041,18.0,0.3,18
L0017,L0042,43.0,0.7166666666666667,43
L0017,L0043,23.0,0.38333333333333336,23
L0017,L0044,45.0,0.75,45
L0017,L0045,30.0,0.5,30
L0017,L0046,23.0,0.38333333333333336,23
L0017,L0047,31.0,0.5166666666666667,31
L0017,L0048,29.0,0.48333333333333334,29
L0017,L0049,16.0,0.26666666666666666,16
L0017,L0050,32.0,0.5333333333333333,32
L0017,L0051,18.0,0.3,18
L0017,L0052,26.0,0.43333333333333335,26
L0017,L0053,34.0,0.5666666666666667,34
L0017,L0054,42.0,0.7,42
L0017,L0055,30.0,0.5,30
L0017,L0056,33.0,0.55,33
L0017,L0057,31.0,0.5166666666666667,31
L0017,L0058,24.0,0.4,24
L0017,L0059,41.0,0.6833333333333333,41
L0017,L0060,22.0,0.36666666666666664,22
L0017,L0061,21.0,0.35,21
L0017,L0062,16.0,0.26666666666666666,16
L0017,L0063,37.0,0.6166666666666667,37
L0017,L0064,29.0,0.48333333333333334,29
L0017,L0065,29.0,0.48333333333333334,29
L0017,L0066,14.0,0.23333333333333334,14
L0017,L0067,12.0,0.2,12
L0017,L0068,42.0,0.7,42
L0017,L0069,32.0,0.5333333333333333,32
L0017,L0070,11.0,0.18333333333333332,11
L0017,L0071,17.0,0.2833333333333333,17
L0017,L0072,16.0,0.26666666666666666,16
L0017,L0073,33.0,0.55,33
L0017,L0074,25.0,0.4166666666666667,25
L0017,L0075,20.0,0.3333333333333333,20
L0017,L0076,16.0,0.26666666666666666,16
L0017,L0077,30.0,0.5,30
L0017,L0078,24.0,0.4,24
L0018,L0000,34.0,0.5666666666666667,34
L0018,L0001,40.0,0.6666666666666666,40
L0018,L0002,53.0,0.8833333333333333,53
L0018,L0003,48.0,0.8,48
L0018,L0004,43.0,0.7166666666666667,43
L0018,L0005,24.0,0.4,24
L0018,L0006,39.0,0.65,39
L0018,L0007,27.0,0.45,27
L0018,L0008,35.0,0.5833333333333334,35
L0018,L0009,42.0,0.7,42
L0018,L0010,26.0,0.43333333333333335,26
L0018,L0011,36.0,0.6,36
L0018,L0012,16.0,0.26666666666666666,16
L0018,L0013,32.0,0.5333333333333333,32
L0018,L0014,31.0,0.5166666666666667,31
L0018,L0015,40.0,0.6666666666666666,40
L0018,L0016,43.0,0.7166666666666667,43
L0018,L0017,16.0,0.26666666666666666,16
L0018,L0018,0.0,0.0,0
L0018,L0019,22.0,0.36666666666666664,22
L0018,L0020,26.0,0.43333333333333335,26
L0018,L0021,48.0,0.8,48
L0018,L0022,30.0,0.5,30
L0018,L0023,8.0,0.13333333333333333,8
L0018,L0024,31.0,0.5166666666666667,31
L0018,L0025,22.0,0.36666666666666664,22
L0018,L0026,15.0,0.25,15
L0018,L0027,36.0,0.6,36
L0018,L0028,20.0,0.3333333333333333,20
L0018,L0029,17.0,0.2833333333333333,17
L0018,L0030,23.0,0.38333333333333336,23
L0018,L0031,24.0,0.4,24
L0018,L0032,43.0,0.7166666666666667,43
L0018,L0033,19.0,0.31666666666666665,19
L0018,L0034,33.0,0.55,33
L0018,L0035,15.0,0.25,15
L0018,L0036,17.0,0.2833333333333333,17
L0018,L0037,7.0,0.11666666666666667,7
L0018,L0038,15.0,0.25,15
L0018,L0039,42.0,0.7,42
L0018,L0040,10.0,0.16666666666666666,10
L0018,L0041,3.0,0.05,3
L0018,L0042,31.0,0.5166666666666667,31
L0018,L0043,36.0,0.6,36
L0018,L0044,33.0,0.55,33
L0018,L0045,18.0,0.3,18
L0018,L0046,33.0,0.55,33
L0018,L0047,24.0,0.4,24
L0018,L0048,28.0,0.4666666666666667,28
L0018,L0049,10.0,0.16666666666666666,10
L0018,L0050,18.0,0.3,18
L0018,L0051,20.0,0.3333333333333333,20
L0018,L0052,40.0,0.6666666666666666,40
L0018,L0053,20.0,0.3333333333333333,20
L0018,L0054,31.0,0.5166666666666667,31
L0018,L0055,42.0,0.7,42
L0018,L0056,22.0,0.36666666666666664,22
L0018,L0057,45.0,0.75,45
L0018,L0058,14.0,0.23333333333333334,14
L0018,L0059,27.0,0.45,27
L0018,L0060,9.0,0.15,9
L0018,L0061,17.0,0.2833333333333333,17
L0018,L0062,3.0,0.05,3
L0018,L0063,32.0,0.5333333333333333,32
L0018,L0064,29.0,0.48333333333333334,29
L0018,L0065,31.0,0.5166666666666667,31
L0018,L0066,27.0,0.45,27
L0018,L0067,6.0,0.1,6
L0018,L0068,34.0,0.5666666666666667,34
L0018,L0069,28.0,0.4666666666666667,28
L0018,L0070,18.0,0.3,18
L0018,L0071,32.0,0.5333333333333333,32
L0018,L0072,26.0,0.43333333333333335,26
L0018,L0073,27.0,0.45,27
L0018,L0074,22.0,0.36666666666666664,22
L0018,L0075,13.0,0.21666666666666667,13
L0018,L0076,19.0,0.31666666666666665,19
L0018,L0077,21.0,0.35,21
L0018,L0078,36.0,0.6,36
L0019,L0000,14.0,0.23333333333333334,14
L0019,L0001,53.0,0.8833333333333333,53
L0019,L0002,73.0,1.2166666666666666,73
L0019,L0003,53.0,0.8833333333333333,53
L0019,L0004,62.0,1.0333333333333334,62
L0019,L0005,29.0,0.48333333333333334,29
L0019,L0006,54.0,0.9,54
L0019,L0007,22.0,0.36666666666666664,22
L0019,L0008,55.0,0.9166666666666666,55
L0019,L0009,62.0,1.0333333333333334,62
L0019,L0010,36.0,0.6,36
L0019,L0011,57.0,0.95,57
L0019,L0012,29.0,0.48333333333333334,29
L0019,L0013,50.0,0.8333333333333334,50
L0019,L0014,52.0,0.8666666666666667,52
L0019,L0015,56.0,0.9333333333333333,56
L0019,L0016,64.0,1.0666666666666667,64
L0019,L0017,34.0,0.5666666666666667,34
L0019,L0018,22.0,0.36666666666666664,22
L0019,L0019,0.0,0.0,0
L0019,L0020,42.0,0.7,42
L0019,L0021,68.0,1.1333333333333333,68
L0019,L0022,43.0,0.7166666666666667,43
L0019,L0023,28.0,0.4666666666666667,28
L0019,L0024,11.0,0.18333333333333332,11
L0019,L0025,33.0,0.55,33
L0019,L0026,31.0,0.5166666666666667,31
L0019,L0027,50.0,0.8333333333333334,50
L0019,L0028,21.0,0.35,21
L0019,L0029,6.0,0.1,6
L0019,L0030,3.0,0.05,3
L0019,L0031,44.0,0.7333333333333333,44
L0019,L0032,50.0,0.8333333333333334,50
L0019,L0033,7.0,0.11666666666666667,7
L0019,L0034,54.0,0.9,54
L0019,L0035,14.0,0.23333333333333334,14
L0019,L0036,38.0,0.6333333333333333,38
L0019,L0037,20.0,0.3333333333333333,20
L0019,L0038,11.0,0.18333333333333332,11
L0019,L0039,50.0,0.8333333333333334,50
L0019,L0040,21.0,0.35,21
L0019,L0041,20.0,0.3333333333333333,20
L0019,L0042,10.0,0.16666666666666666,10
L0019,L0043,48.0,0.8,48
L0019,L0044,12.0,0.2,12
L0019,L0045,29.0,0.48333333333333334,29
L0019,L0046,53.0,0.8833333333333333,53
L0019,L0047,40.0,0.6666666666666666,40
L0019,L0048,47.0,0.7833333333333333,47
L0019,L0049,19.0,0.31666666666666665,19
L0019,L0050,8.0,0.13333333333333333,8
L0019,L0051,25.0,0.4166666666666667,25
L0019,L0052,57.0,0.95,57
L0019,L0053,8.0,0.13333333333333333,8
L0019,L0054,10.0,0.16666666666666666,10
L0019,L0055,52.0,0.8666666666666667,52
L0019,L0056,34.0,0.5666666666666667,34
L0019,L0057,64.0,1.0666666666666667,64
L0019,L0058,11.0,0.18333333333333332,11
L0019,L0059,9.0,0.15,9
L0019,L0060,14.0,0.23333333333333334,14
L0019,L0061,37.0,0.6166666666666667,37
L0019,L0062,21.0,0.35,21
L0019,L0063,49.0,0.8166666666666667,49
L0019,L0064,25.0,0.4166666666666667,25
L0019,L0065,30.0,0.5,30
L0019,L0066,40.0,0.6666666666666666,40
L0019,L0067,27.0,0.45,27
L0019,L0068,47.0,0.7833333333333333,47
L0019,L0069,19.0,0.31666666666666665,19
L0019,L0070,29.0,0.48333333333333334,29
L0019,L0071,48.0,0.8,48
L0019,L0072,47.0,0.7833333333333333,47
L0019,L0073,42.0,0.7,42
L0019,L0074,18.0,0.3,18
L0019,L0075,15.0,0.25,15
L0019,L0076,26.0,0.43333333333333335,26
L0019,L0077,36.0,0.6,36
L0019,L0078,45.0,0.75,45
L0020,L0000,52.0,0.8666666666666667,52
L0020,L0001,16.0,0.26666666666666666,16
L0020,L0002,51.0,0.85,51
L0020,L0003,71.0,1.1833333333333333,71
L0020,L0004,47.0,0.7833333333333333,47
L0020,L0005,48.0,0.8,48
L0020,L0006,53.0,0.8833333333333333,53
L0020,L0007,52.0,0.8666666666666667,52
L0020,L0008,36.0,0.6,36
L0020,L0009,38.0,0.6333333333333333,38
L0020,L0010,13.0,0.21666666666666667,13
L0020,L0011,24.0,0.4,24
L0020,L0012,37.0,0.6166666666666667,37
L0020,L0013,10.0,0.16666666666666666,10
L0020,L0014,29.0,0.48333333333333334,29
L0020,L0015,51.0,0.85,51
L0020,L0016,37.0,0.6166666666666667,37
L0020,L0017,32.0,0.5333333333333333,32
L0020,L0018,26.0,0.43333333333333335,26
L0020,L0019,42.0,0.7,42
L0020,L0020,0.0,0.0,0
L0020,L0021,47.0,0.7833333333333333,47
L0020,L0022,48.0,0.8,48
L0020,L0023,20.0,0.3333333333333333,20
L0020,L0024,49.0,0.8166666666666667,49
L0020,L0025,13.0,0.21666666666666667,13
L0020,L0026,35.0,0.5833333333333334,35
L0020,L0027,11.0,0.18333333333333332,11
L0020,L0028,25.0,0.4166666666666667,25
L0020,L0029,38.0,0.6333333333333333,38
L0020,L0030,42.0,0.7,42
L0020,L0031,13.0,0.21666666666666667,13
L0020,L0032,64.0,1.0666666666666667,64
L0020,L0033,42.0,0.7,42
L0020,L0034,28.0,0.4666666666666667,28
L0020,L0035,39.0,0.65,39
L0020,L0036,21.0,0.35,21
L0020,L0037,32.0,0.5333333333333333,32
L0020,L0038,39.0,0.65,39
L0020,L0039,62.0,1.0333333333333334,62
L0020,L0040,22.0,0.36666666666666664,22
L0020,L0041,26.0,0.43333333333333335,26
L0020,L0042,49.0,0.8166666666666667,49
L0020,L0043,54.0,0.9,54
L0020,L0044,52.0,0.8666666666666667,52
L0020,L0045,16.0,0.26666666666666666,16
L0020,L0046,31.0,0.5166666666666667,31
L0020,L0047,3.0,0.05,3
L0020,L0048,11.0,0.18333333333333332,11
L0020,L0049,35.0,0.5833333333333334,35
L0020,L0050,36.0,0.6,36
L0020,L0051,45.0,0.75,45
L0020,L0052,51.0,0.85,51
L0020,L0053,37.0,0.6166666666666667,37
L0020,L0054,51.0,0.85,51
L0020,L0055,61.0,1.0166666666666666,61
L0020,L0056,12.0,0.2,12
L0020,L0057,49.0,0.8166666666666667,49
L0020,L0058,37.0,0.6166666666666667,37
L0020,L0059,44.0,0.7333333333333333,44
L0020,L0060,31.0,0.5166666666666667,31
L0020,L0061,13.0,0.21666666666666667,13
L0020,L0062,28.0,0.4666666666666667,28
L0020,L0063,8.0,0.13333333333333333,8
L0020,L0064,54.0,0.9,54
L0020,L0065,56.0,0.9333333333333333,56
L0020,L0066,45.0,0.75,45
L0020,L0067,25.0,0.4166666666666667,25
L0020,L0068,10.0,0.16666666666666666,10
L0020,L0069,53.0,0.8833333333333333,53
L0020,L0070,40.0,0.6666666666666666,40
L0020,L0071,45.0,0.75,45
L0020,L0072,29.0,0.48333333333333334,29
L0020,L0073,2.0,0.03333333333333333,2
L0020,L0074,47.0,0.7833333333333333,47
L0020,L0075,38.0,0.6333333333333333,38
L0020,L0076,43.0,0.7166666666666667,43
L0020,L0077,7.0,0.11666666666666667,7
L0020,L0078,56.0,0.9333333333333333,56
L0021,L0000,81.0,1.35,81
L0021,L0001,58.0,0.9666666666666667,58
L0021,L0002,6.0,0.1,6
L0021,L0003,57.0,0.95,57
L0021,L0004,10.0,0.16666666666666666,10
L0021,L0005,50.0,0.8333333333333334,50
L0021,L0006,30.0,0.5,30
L0021,L0007,61.0,1.0166666666666666,61
L0021,L0008,14.0,0.23333333333333334,14
L0021,L0009,10.0,0.16666666666666666,10
L0021,L0010,57.0,0.95,57
L0021,L0011,25.0,0.4166666666666667,25
L0021,L0012,42.0,0.7,42
L0021,L0013,40.0,0.6666666666666666,40
L0021,L0014,19.0,0.31666666666666665,19
L0021,L0015,25.0,0.4166666666666667,25
L0021,L0016,12.0,0.2,12
L0021,L0017,36.0,0.6,36
L0021,L0018,48.0,0.8,48
L0021,L0019,68.0,1.1333333333333333,68
L0021,L0020,47.0,0.7833333333333333,47
L0021,L0021,0.0,0.0,0
L0021,L0022,36.0,0.6,36
L0021,L0023,43.0,0.7166666666666667,43
L0021,L0024,78.0,1.3,78
L0021,L0025,56.0,0.9333333333333333,56
L0021,L0026,39.0,0.65,39
L0021,L0027,53.0,0.8833333333333333,53
L0021,L0028,63.0,1.05,63
L0021,L0029,63.0,1.05,63
L0021,L0030,69.0,1.15,69
L0021,L0031,35.0,0.5833333333333334,35
L0021,L0032,49.0,0.8166666666666667,49
L0021,L0033,63.0,1.05,63
L0021,L0034,19.0,0.31666666666666665,19
L0021,L0035,56.0,0.9333333333333333,56
L0021,L0036,33.0,0.55,33
L0021,L0037,49.0,0.8166666666666667,49
L0021,L0038,59.0,0.9833333333333333,59
L0021,L0039,47.0,0.7833333333333333,47
L0021,L0040,53.0,0.8833333333333333,53
L0021,L0041,50.0,0.8333333333333334,50
L0021,L0042,77.0,1.2833333333333334,77
L0021,L0043,37.0,0.6166666666666667,37
L0021,L0044,79.0,1.3166666666666667,79
L0021,L0045,55.0,0.9166666666666666,55
L0021,L0046,17.0,0.2833333333333333,17
L0021,L0047,47.0,0.7833333333333333,47
L0021,L0048,37.0,0.6166666666666667,37
L0021,L0049,51.0,0.85,51
L0021,L0050,65.0,1.0833333333333333,65
L0021,L0051,51.0,0.85,51
L0021,L0052,23.0,0.38333333333333336,23
L0021,L0053,67.0,1.1166666666666667,67
L0021,L0054,77.0,1.2833333333333334,77
L0021,L0055,43.0,0.7166666666666667,43
L0021,L0056,55.0,0.9166666666666666,55
L0021,L0057,11.0,0.18333333333333332,11
L0021,L0058,59.0,0.9833333333333333,59
L0021,L0059,74.0,1.2333333333333334,74
L0021,L0060,56.0,0.9333333333333333,56
L0021,L0061,40.0,0.6666666666666666,40
L0021,L0062,49.0,0.8166666666666667,49
L0021,L0063,46.0,0.7666666666666667,46
L0021,L0064,61.0,1.0166666666666666,61
L0021,L0065,59.0,0.9833333333333333,59
L0021,L0066,36.0,0.6,36
L0021,L0067,43.0,0.7166666666666667,43
L0021,L0068,54.0,0.9,54
L0021,L0069,65.0,1.0833333333333333,65
L0021,L0070,44.0,0.7333333333333333,44
L0021,L0071,27.0,0.45,27
L0021,L0072,23.0,0.38333333333333336,23
L0021,L0073,47.0,0.7833333333333333,47
L0021,L0074,59.0,0.9833333333333333,59
L0021,L0075,55.0,0.9166666666666666,55
L0021,L0076,49.0,0.8166666666666667,49
L0021,L0077,49.0,0.8166666666666667,49
L0021,L0078,43.0,0.7166666666666667,43
L0022,L0000,55.0,0.9166666666666666,55
L0022,L0001,64.0,1.0666666666666667,64
L0022,L0002,41.0,0.6833333333333333,41
L0022,L0003,25.0,0.4166666666666667,25
L0022,L0004,27.0,0.45,27
L0022,L0005,17.0,0.2833333333333333,17
L0022,L0006,12.0,0.2,12
L0022,L0007,29.0,0.48333333333333334,29
L0022,L0008,27.0,0.45,27
L0022,L0009,36.0,0.6,36
L0022,L0010,53.0,0.8833333333333333,53
L0022,L0011,42.0,0.7,42
L0022,L0012,16.0,0.26666666666666666,16
L0022,L0013,49.0,0.8166666666666667,49
L0022,L0014,30.0,0.5,30
L0022,L0015,15.0,0.25,15
L0022,L0016,39.0,0.65,39
L0022,L0017,17.0,0.2833333333333333,17
L0022,L0018,30.0,0.5,30
L0022,L0019,43.0,0.7166666666666667,43
L0022,L0020,48.0,0.8,48
L0022,L0021,36.0,0.6,36
L0022,L0022,0.0,0.0,0
L0022,L0023,32.0,0.5333333333333333,32
L0022,L0024,53.0,0.8833333333333333,53
L0022,L0025,50.0,0.8333333333333334,50
L0022,L0026,16.0,0.26666666666666666,16
L0022,L0027,59.0,0.9833333333333333,59
L0022,L0028,49.0,0.8166666666666667,49
L0022,L0029,39.0,0.65,39
L0022,L0030,45.0,0.75,45
L0022,L0031,39.0,0.65,39
L0022,L0032,17.0,0.2833333333333333,17
L0022,L0033,37.0,0.6166666666666667,37
L0022,L0034,34.0,0.5666666666666667,34
L0022,L0035,30.0,0.5,30
L0022,L0036,29.0,0.48333333333333334,29
L0022,L0037,27.0,0.45,27
L0022,L0038,33.0,0.55,33
L0022,L0039,15.0,0.25,15
L0022,L0040,39.0,0.65,39
L0022,L0041,33.0,0.55,33
L0022,L0042,52.0,0.8666666666666667,52
L0022,L0043,7.0,0.11666666666666667,7
L0022,L0044,53.0,0.8833333333333333,53
L0022,L0045,46.0,0.7666666666666667,46
L0022,L0046,30.0,0.5,30
L0022,L0047,47.0,0.7833333333333333,47
L0022,L0048,44.0,0.7333333333333333,44
L0022,L0049,26.0,0.43333333333333335,26
L0022,L0050,43.0,0.7166666666666667,43
L0022,L0051,20.0,0.3333333333333333,20
L0022,L0052,17.0,0.2833333333333333,17
L0022,L0053,46.0,0.7666666666666667,46
L0022,L0054,50.0,0.8333333333333334,50
L0022,L0055,14.0,0.23333333333333334,14
L0022,L0056,49.0,0.8166666666666667,49
L0022,L0057,28.0,0.4666666666666667,28
L0022,L0058,34.0,0.5666666666666667,34
L0022,L0059,51.0,0.85,51
L0022,L0060,35.0,0.5833333333333334,35
L0022,L0061,37.0,0.6166666666666667,37
L0022,L0062,30.0,0.5,30
L0022,L0063,53.0,0.8833333333333333,53
L0022,L0064,28.0,0.4666666666666667,28
L0022,L0065,25.0,0.4166666666666667,25
L0022,L0066,4.0,0.06666666666666667,4
L0022,L0067,27.0,0.45,27
L0022,L0068,58.0,0.9666666666666667,58
L0022,L0069,34.0,0.5666666666666667,34
L0022,L0070,15.0,0.25,15
L0022,L0071,10.0,0.16666666666666666,10
L0022,L0072,25.0,0.4166666666666667,25
L0022,L0073,49.0,0.8166666666666667,49
L0022,L0074,29.0,0.48333333333333334,29
L0022,L0075,29.0,0.48333333333333334,29
L0022,L0076,19.0,0.31666666666666665,19
L0022,L0077,46.0,0.7666666666666667,46
L0022,L0078,9.0,0.15,9
L0023,L0000,40.0,0.6666666666666666,40
L0023,L0001,35.0,0.5833333333333334,35
L0023,L0002,48.0,0.8,48
L0023,L0003,52.0,0.8666666666666667,52
L0023,L0004,40.0,0.6666666666666666,40
L0023,L0005,28.0,0.4666666666666667,28
L0023,L0006,39.0,0.65,39
L0023,L0007,33.0,0.55,33
L0023,L0008,30.0,0.5,30
L0023,L0009,37.0,0.6166666666666667,37
L0023,L0010,23.0,0.38333333333333336,23
L0023,L0011,30.0,0.5,30
L0023,L0012,19.0,0.31666666666666665,19
L0023,L0013,25.0,0.4166666666666667,25
L0023,L0014,26.0,0.43333333333333335,26
L0023,L0015,39.0,0.65,39
L0023,L0016,38.0,0.6333333333333333,38
L0023,L0017,16.0,0.26666666666666666,16
L0023,L0018,8.0,0.13333333333333333,8
L0023,L0019,28.0,0.4666666666666667,28
L0023,L0020,20.0,0.3333333333333333,20
L0023,L0021,43.0,0.7166666666666667,43
L0023,L0022,32.0,0.5333333333333333,32
L0023,L0023,0.0,0.0,0
L0023,L0024,37.0,0.6166666666666667,37
L0023,L0025,19.0,0.31666666666666665,19
L0023,L0026,17.0,0.2833333333333333,17
L0023,L0027,30.0,0.5,30
L0023,L0028,21.0,0.35,21
L0023,L0029,23.0,0.38333333333333336,23
L0023,L0030,29.0,0.48333333333333334,29
L0023,L0031,17.0,0.2833333333333333,17
L0023,L0032,46.0,0.7666666666666667,46
L0023,L0033,26.0,0.43333333333333335,26
L0023,L0034,28.0,0.4666666666666667,28
L0023,L0035,21.0,0.35,21
L0023,L0036,12.0,0.2,12
L0023,L0037,13.0,0.21666666666666667,13
L0023,L0038,22.0,0.36666666666666664,22
L0023,L0039,45.0,0.75,45
L0023,L0040,11.0,0.18333333333333332,11
L0023,L0041,9.0,0.15,9
L0023,L0042,37.0,0.6166666666666667,37
L0023,L0043,37.0,0.6166666666666667,37
L0023,L0044,39.0,0.65,39
L0023,L0045,16.0,0.26666666666666666,16
L0023,L0046,28.0,0.4666666666666667,28
L0023,L0047,18.0,0.3,18
L0023,L0048,21.0,0.35,21
L0023,L0049,16.0,0.26666666666666666,16
L0023,L0050,23.0,0.38333333333333336,23
L0023,L0051,25.0,0.4166666666666667,25
L0023,L0052,39.0,0.65,39
L0023,L0053,25.0,0.4166666666666667,25
L0023,L0054,37.0,0.6166666666666667,37
L0023,L0055,44.0,0.7333333333333333,44
L0023,L0056,19.0,0.31666666666666665,19
L0023,L0057,42.0,0.7,42
L0023,L0058,20.0,0.3333333333333333,20
L0023,L0059,33.0,0.55,33
L0023,L0060,15.0,0.25,15
L0023,L0061,11.0,0.18333333333333332,11
L0023,L0062,9.0,0.15,9
L0023,L0063,26.0,0.43333333333333335,26
L0023,L0064,35.0,0.5833333333333334,35
L0023,L0065,36.0,0.6,36
L0023,L0066,29.0,0.48333333333333334,29
L0023,L0067,6.0,0.1,6
L0023,L0068,29.0,0.48333333333333334,29
L0023,L0069,34.0,0.5666666666666667,34
L0023,L0070,21.0,0.35,21
L0023,L0071,31.0,0.5166666666666667,31
L0023,L0072,22.0,0.36666666666666664,22
L0023,L0073,21.0,0.35,21
L0023,L0074,28.0,0.4666666666666667,28
L0023,L0075,19.0,0.31666666666666665,19
L0023,L0076,24.0,0.4,24
L0023,L0077,16.0,0.26666666666666666,16
L0023,L0078,38.0,0.6333333333333333,38
L0024,L0000,5.0,0.08333333333333333,5
L0024,L0001,57.0,0.95,57
L0024,L0002,83.0,1.3833333333333333,83
L0024,L0003,61.0,1.0166666666666666,61
L0024,L0004,72.0,1.2,72
L0024,L0005,38.0,0.6333333333333333,38
L0024,L0006,64.0,1.0666666666666667,64
L0024,L0007,30.0,0.5,30
L0024,L0008,65.0,1.0833333333333333,65
L0024,L0009,72.0,1.2,72
L0024,L0010,41.0,0.6833333333333333,41
L0024,L0011,66.0,1.1,66
L0024,L0012,39.0,0.65,39
L0024,L0013,57.0,0.95,57
L0024,L0014,61.0,1.0166666666666666,61
L0024,L0015,66.0,1.1,66
L0024,L0016,73.0,1.2166666666666666,73
L0024,L0017,44.0,0.7333333333333333,44
L0024,L0018,31.0,0.5166666666666667,31
L0024,L0019,11.0,0.18333333333333332,11
L0024,L0020,49.0,0.8166666666666667,49
L0024,L0021,78.0,1.3,78
L0024,L0022,53.0,0.8833333333333333,53
L0024,L0023,37.0,0.6166666666666667,37
L0024,L0024,0.0,0.0,0
L0024,L0025,38.0,0.6333333333333333,38
L0024,L0026,41.0,0.6833333333333333,41
L0024,L0027,55.0,0.9166666666666666,55
L0024,L0028,25.0,0.4166666666666667,25
L0024,L0029,16.0,0.26666666666666666,16
L0024,L0030,10.0,0.16666666666666666,10
L0024,L0031,52.0,0.8666666666666667,52
L0024,L0032,59.0,0.9833333333333333,59
L0024,L0033,17.0,0.2833333333333333,17
L0024,L0034,63.0,1.05,63
L0024,L0035,24.0,0.4,24
L0024,L0036,47.0,0.7833333333333333,47
L0024,L0037,30.0,0.5,30
L0024,L0038,21.0,0.35,21
L0024,L0039,59.0,0.9833333333333333,59
L0024,L0040,29.0,0.48333333333333334,29
L0024,L0041,29.0,0.48333333333333334,29
L0024,L0042,2.0,0.03333333333333333,2
L0024,L0043,58.0,0.9666666666666667,58
L0024,L0044,5.0,0.08333333333333333,5
L0024,L0045,34.0,0.5666666666666667,34
L0024,L0046,63.0,1.05,63
L0024,L0047,46.0,0.7666666666666667,46
L0024,L0048,55.0,0.9166666666666666,55
L0024,L0049,29.0,0.48333333333333334,29
L0024,L0050,15.0,0.25,15
L0024,L0051,34.0,0.5666666666666667,34
L0024,L0052,67.0,1.1166666666666667,67
L0024,L0053,13.0,0.21666666666666667,13
L0024,L0054,6.0,0.1,6
L0024,L0055,61.0,1.0166666666666666,61
L0024,L0056,39.0,0.65,39
L0024,L0057,74.0,1.2333333333333334,74
L0024,L0058,21.0,0.35,21
L0024,L0059,6.0,0.1,6
L0024,L0060,23.0,0.38333333333333336,23
L0024,L0061,45.0,0.75,45
L0024,L0062,30.0,0.5,30
L0024,L0063,55.0,0.9166666666666666,55
L0024,L0064,33.0,0.55,33
L0024,L0065,38.0,0.6333333333333333,38
L0024,L0066,50.0,0.8333333333333334,50
L0024,L0067,36.0,0.6,36
L0024,L0068,52.0,0.8666666666666667,52
L0024,L0069,25.0,0.4166666666666667,25
L0024,L0070,39.0,0.65,39
L0024,L0071,58.0,0.9666666666666667,58
L0024,L0072,56.0,0.9333333333333333,56
L0024,L0073,49.0,0.8166666666666667,49
L0024,L0074,27.0,0.45,27
L0024,L0075,25.0,0.4166666666666667,25
L0024,L0076,36.0,0.6,36
L0024,L0077,42.0,0.7,42
L0024,L0078,55.0,0.9166666666666666,55
L0025,L0000,41.0,0.6833333333333333,41
L0025,L0001,22.0,0.36666666666666664,22
L0025,L0002,60.0,1.0,60
L0025,L0003,69.0,1.15,69
L0025,L0004,54.0,0.9,54
L0025,L0005,45.0,0.75,45
L0025,L0006,57.0,0.95,57
L0025,L0007,46.0,0.7666666666666667,46
L0025,L0008,44.0,0.7333333333333333,44
L0025,L0009,47.0,0.7833333333333333,47
L0025,L0010,5.0,0.08333333333333333,5
L0025,L0011,36.0,0.6,36
L0025,L0012,36.0,0.6,36
L0025,L0013,22.0,0.36666666666666664,22
L0025,L0014,38.0,0.6333333333333333,38
L0025,L0015,56.0,0.9333333333333333,56
L0025,L0016,47.0,0.7833333333333333,47
L0025,L0017,33.0,0.55,33
L0025,L0018,22.0,0.36666666666666664,22
L0025,L0019,33.0,0.55,33
L0025,L0020,13.0,0.21666666666666667,13
L0025,L0021,56.0,0.9333333333333333,56
L0025,L0022,50.0,0.8333333333333334,50
L0025,L0023,19.0,0.31666666666666665,19
L0025,L0024,38.0,0.6333333333333333,38
L0025,L0025,0.0,0.0,0
L0025,L0026,35.0,0.5833333333333334,35
L0025,L0027,19.0,0.31666666666666665,19
L0025,L0028,13.0,0.21666666666666667,13
L0025,L0029,30.0,0.5,30
L0025,L0030,32.0,0.5333333333333333,32
L0025,L0031,22.0,0.36666666666666664,22
L0025,L0032,64.0,1.0666666666666667,64
L0025,L0033,34.0,0.5666666666666667,34
L0025,L0034,38.0,0.6333333333333333,38
L0025,L0035,33.0,0.55,33
L0025,L0036,25.0,0.4166666666666667,25
L0025,L0037,28.0,0.4666666666666667,28
L0025,L0038,32.0,0.5333333333333333,32
L0025,L0039,63.0,1.05,63
L0025,L0040,14.0,0.23333333333333334,14
L0025,L0041,21.0,0.35,21
L0025,L0042,38.0,0.6333333333333333,38
L0025,L0043,55.0,0.9166666666666666,55
L0025,L0044,41.0,0.6833333333333333,41
L0025,L0045,5.0,0.08333333333333333,5
L0025,L0046,40.0,0.6666666666666666,40
L0025,L0047,11.0,0.18333333333333332,11
L0025,L0048,22.0,0.36666666666666664,22
L0025,L0049,31.0,0.5166666666666667,31
L0025,L0050,26.0,0.43333333333333335,26
L0025,L0051,41.0,0.6833333333333333,41
L0025,L0052,56.0,0.9333333333333333,56
L0025,L0053,27.0,0.45,27
L0025,L0054,40.0,0.6666666666666666,40
L0025,L0055,62.0,1.0333333333333334,62
L0025,L0056,3.0,0.05,3
L0025,L0057,57.0,0.95,57
L0025,L0058,30.0,0.5,30
L0025,L0059,33.0,0.55,33
L0025,L0060,24.0,0.4,24
L0025,L0061,17.0,0.2833333333333333,17
L0025,L0062,24.0,0.4,24
L0025,L0063,19.0,0.31666666666666665,19
L0025,L0064,49.0,0.8166666666666667,49
L0025,L0065,52.0,0.8666666666666667,52
L0025,L0066,47.0,0.7833333333333333,47
L0025,L0067,24.0,0.4,24
L0025,L0068,16.0,0.26666666666666666,16
L0025,L0069,46.0,0.7666666666666667,46
L0025,L0070,39.0,0.65,39
L0025,L0071,48.0,0.8,48
L0025,L0072,36.0,0.6,36
L0025,L0073,13.0,0.21666666666666667,13
L0025,L0074,41.0,0.6833333333333333,41
L0025,L0075,32.0,0.5333333333333333,32
L0025,L0076,40.0,0.6666666666666666,40
L0025,L0077,8.0,0.13333333333333333,8
L0025,L0078,56.0,0.9333333333333333,56
L0026,L0000,44.0,0.7333333333333333,44
L0026,L0001,50.0,0.8333333333333334,50
L0026,L0002,44.0,0.7333333333333333,44
L0026,L0003,37.0,0.6166666666666667,37
L0026,L0004,32.0,0.5333333333333333,32
L0026,L0005,15.0,0.25,15
L0026,L0006,25.0,0.4166666666666667,25
L0026,L0007,24.0,0.4,24
L0026,L0008,26.0,0.43333333333333335,26
L0026,L0009,35.0,0.5833333333333334,35
L0026,L0010,39.0,0.65,39
L0026,L0011,36.0,0.6,36
L0026,L0012,5.0,0.08333333333333333,5
L0026,L0013,37.0,0.6166666666666667,37
L0026,L0014,26.0,0.43333333333333335,26
L0026,L0015,26.0,0.43333333333333335,26
L0026,L0016,37.0,0.6166666666666667,37
L0026,L0017,5.0,0.08333333333333333,5
L0026,L0018,15.0,0.25,15
L0026,L0019,31.0,0.5166666666666667,31
L0026,L0020,35.0,0.5833333333333334,35
L0026,L0021,39.0,0.65,39
L0026,L0022,16.0,0.26666666666666666,16
L0026,L0023,17.0,0.2833333333333333,17
L0026,L0024,41.0,0.6833333333333333,41
L0026,L0025,35.0,0.5833333333333334,35
L0026,L0026,0.0,0.0,0
L0026,L0027,45.0,0.75,45
L0026,L0028,34.0,0.5666666666666667,34
L0026,L0029,26.0,0.43333333333333335,26
L0026,L0030,33.0,0.55,33
L0026,L0031,27.0,0.45,27
L0026,L0032,30.0,0.5,30
L0026,L0033,26.0,0.43333333333333335,26
L0026,L0034,29.0,0.48333333333333334,29
L0026,L0035,19.0,0.31666666666666665,19
L0026,L0036,17.0,0.2833333333333333,17
L0026,L0037,13.0,0.21666666666666667,13
L0026,L0038,22.0,0.36666666666666664,22
L0026,L0039,29.0,0.48333333333333334,29
L0026,L0040,24.0,0.4,24
L0026,L0041,18.0,0.3,18
L0026,L0042,41.0,0.6833333333333333,41
L0026,L0043,22.0,0.36666666666666664,22
L0026,L0044,42.0,0.7,42
L0026,L0045,31.0,0.5166666666666667,31
L0026,L0046,27.0,0.45,27
L0026,L0047,33.0,0.55,33
L0026,L0048,32.0,0.5333333333333333,32
L0026,L0049,14.0,0.23333333333333334,14
L0026,L0050,30.0,0.5,30
L0026,L0051,14.0,0.23333333333333334,14
L0026,L0052,27.0,0.45,27
L0026,L0053,32.0,0.5333333333333333,32
L0026,L0054,40.0,0.6666666666666666,40
L0026,L0055,29.0,0.48333333333333334,29
L0026,L0056,35.0,0.5833333333333334,35
L0026,L0057,34.0,0.5666666666666667,34
L0026,L0058,22.0,0.36666666666666664,22
L0026,L0059,38.0,0.6333333333333333,38
L0026,L0060,21.0,0.35,21
L0026,L0061,24.0,0.4,24
L0026,L0062,15.0,0.25,15
L0026,L0063,40.0,0.6666666666666666,40
L0026,L0064,25.0,0.4166666666666667,25
L0026,L0065,25.0,0.4166666666666667,25
L0026,L0066,13.0,0.21666666666666667,13
L0026,L0067,12.0,0.2,12
L0026,L0068,44.0,0.7333333333333333,44
L0026,L0069,28.0,0.4666666666666667,28
L0026,L0070,7.0,0.11666666666666667,7
L0026,L0071,18.0,0.3,18
L0026,L0072,20.0,0.3333333333333333,20
L0026,L0073,35.0,0.5833333333333334,35
L0026,L0074,22.0,0.36666666666666664,22
L0026,L0075,17.0,0.2833333333333333,17
L0026,L0076,12.0,0.2,12
L0026,L0077,31.0,0.5166666666666667,31
L0026,L0078,23.0,0.38333333333333336,23
L0027,L0000,59.0,0.9833333333333333,59
L0027,L0001,6.0,0.1,6
L0027,L0002,57.0,0.95,57
L0027,L0003,81.0,1.35,81
L0027,L0004,55.0,0.9166666666666666,55
L0027,L0005,58.0,0.9666666666666667,58
L0027,L0006,63.0,1.05,63
L0027,L0007,61.0,1.0166666666666666,61
L0027,L0008,44.0,0.7333333333333333,44
L0027,L0009,44.0,0.7333333333333333,44
L0027,L0010,16.0,0.26666666666666666,16
L0027,L0011,29.0,0.48333333333333334,29
L0027,L0012,48.0,0.8,48
L0027,L0013,14.0,0.23333333333333334,14
L0027,L0014,37.0,0.6166666666666667,37
L0027,L0015,61.0,1.0166666666666666,61
L0027,L0016,43.0,0.7166666666666667,43
L0027,L0017,43.0,0.7166666666666667,43
L0027,L0018,36.0,0.6,36
L0027,L0019,50.0,0.8333333333333334,50
L0027,L0020,11.0,0.18333333333333332,11
L0027,L0021,53.0,0.8833333333333333,53
L0027,L0022,59.0,0.9833333333333333,59
L0027,L0023,30.0,0.5,30
L0027,L0024,55.0,0.9166666666666666,55
L0027,L0025,19.0,0.31666666666666665,19
L0027,L0026,45.0,0.75,45
L0027,L0027,0.0,0.0,0
L0027,L0028,31.0,0.5166666666666667,31
L0027,L0029,47.0,0.7833333333333333,47
L0027,L0030,50.0,0.8333333333333334,50
L0027,L0031,22.0,0.36666666666666664,22
L0027,L0032,74.0,1.2333333333333334,74
L0027,L0033,51.0,0.85,51
L0027,L0034,36.0,0.6,36
L0027,L0035,49.0,0.8166666666666667,49
L0027,L0036,31.0,0.5166666666666667,31
L0027,L0037,42.0,0.7,42
L0027,L0038,48.0,0.8,48
L0027,L0039,73.0,1.2166666666666666,73
L0027,L0040,31.0,0.5166666666666667,31
L0027,L0041,35.0,0.5833333333333334,35
L0027,L0042,55.0,0.9166666666666666,55
L0027,L0043,64.0,1.0666666666666667,64
L0027,L0044,58.0,0.9666666666666667,58
L0027,L0045,22.0,0.36666666666666664,22
L0027,L0046,39.0,0.65,39
L0027,L0047,13.0,0.21666666666666667,13
L0027,L0048,18.0,0.3,18
L0027,L0049,45.0,0.75,45
L0027,L0050,43.0,0.7166666666666667,43
L0027,L0051,55.0,0.9166666666666666,55
L0027,L0052,60.0,1.0,60
L0027,L0053,44.0,0.7333333333333333,44
L0027,L0054,58.0,0.9666666666666667,58
L0027,L0055,71.0,1.1833333333333333,71
L0027,L0056,17.0,0.2833333333333333,17
L0027,L0057,57.0,0.95,57
L0027,L0058,46.0,0.7666666666666667,46
L0027,L0059,50.0,0.8333333333333334,50
L0027,L0060,40.0,0.6666666666666666,40
L0027,L0061,23.0,0.38333333333333336,23
L0027,L0062,38.0,0.6333333333333333,38
L0027,L0063,8.0,0.13333333333333333,8
L0027,L0064,64.0,1.0666666666666667,64
L0027,L0065,66.0,1.1,66
L0027,L0066,56.0,0.9333333333333333,56
L0027,L0067,36.0,0.6,36
L0027,L0068,4.0,0.06666666666666667,4
L0027,L0069,62.0,1.0333333333333334,62
L0027,L0070,51.0,0.85,51
L0027,L0071,55.0,0.9166666666666666,55
L0027,L0072,38.0,0.6333333333333333,38
L0027,L0073,11.0,0.18333333333333332,11
L0027,L0074,57.0,0.95,57
L0027,L0075,47.0,0.7833333333333333,47
L0027,L0076,53.0,0.8833333333333333,53
L0027,L0077,16.0,0.26666666666666666,16
L0027,L0078,66.0,1.1,66
L0028,L0000,29.0,0.48333333333333334,29
L0028,L0001,33.0,0.55,33
L0028,L0002,67.0,1.1166666666666667,67
L0028,L0003,65.0,1.0833333333333333,65
L0028,L0004,59.0,0.9833333333333333,59
L0028,L0005,40.0,0.6666666666666666,40
L0028,L0006,58.0,0.9666666666666667,58
L0028,L0007,38.0,0.6333333333333333,38
L0028,L0008,50.0,0.8333333333333334,50
L0028,L0009,55.0,0.9166666666666666,55
L0028,L0010,16.0,0.26666666666666666,16
L0028,L0011,45.0,0.75,45
L0028,L0012,34.0,0.5666666666666667,34
L0028,L0013,34.0,0.5666666666666667,34
L0028,L0014,45.0,0.75,45
L0028,L0015,58.0,0.9666666666666667,58
L0028,L0016,56.0,0.9333333333333333,56
L0028,L0017,34.0,0.5666666666666667,34
L0028,L0018,20.0,0.3333333333333333,20
L0028,L0019,21.0,0.35,21
L0028,L0020,25.0,0.4166666666666667,25
L0028,L0021,63.0,1.05,63
L0028,L0022,49.0,0.8166666666666667,49
L0028,L0023,21.0,0.35,21
L0028,L0024,25.0,0.4166666666666667,25
L0028,L0025,13.0,0.21666666666666667,13
L0028,L0026,34.0,0.5666666666666667,34
L0028,L0027,31.0,0.5166666666666667,31
L0028,L0028,0.0,0.0,0
L0028,L0029,20.0,0.3333333333333333,20
L0028,L0030,21.0,0.35,21
L0028,L0031,31.0,0.5166666666666667,31
L0028,L0032,60.0,1.0,60
L0028,L0033,24.0,0.4,24
L0028,L0034,45.0,0.75,45
L0028,L0035,26.0,0.43333333333333335,26
L0028,L0036,31.0,0.5166666666666667,31
L0028,L0037,23.0,0.38333333333333336,23
L0028,L0038,24.0,0.4,24
L0028,L0039,60.0,1.0,60
L0028,L0040,11.0,0.18333333333333332,11
L0028,L0041,17.0,0.2833333333333333,17
L0028,L0042,25.0,0.4166666666666667,25
L0028,L0043,54.0,0.9,54
L0028,L0044,29.0,0.48333333333333334,29
L0028,L0045,11.0,0.18333333333333332,11
L0028,L0046,46.0,0.7666666666666667,46
L0028,L0047,23.0,0.38333333333333336,23
L0028,L0048,33.0,0.55,33
L0028,L0049,25.0,0.4166666666666667,25
L0028,L0050,15.0,0.25,15
L0028,L0051,36.0,0.6,36
L0028,L0052,58.0,0.9666666666666667,58
L0028,L0053,15.0,0.25,15
L0028,L0054,28.0,0.4666666666666667,28
L0028,L0055,61.0,1.0166666666666666,61
L0028,L0056,15.0,0.25,15
L0028,L0057,61.0,1.0166666666666666,61
L0028,L0058,21.0,0.35,21
L0028,L0059,20.0,0.3333333333333333,20
L0028,L0060,17.0,0.2833333333333333,17
L0028,L0061,25.0,0.4166666666666667,25
L0028,L0062,20.0,0.3333333333333333,20
L0028,L0063,31.0,0.5166666666666667,31
L0028,L0064,41.0,0.6833333333333333,41
L0028,L0065,45.0,0.75,45
L0028,L0066,46.0,0.7666666666666667,46
L0028,L0067,23.0,0.38333333333333336,23
L0028,L0068,28.0,0.4666666666666667,28
L0028,L0069,37.0,0.6166666666666667,37
L0028,L0070,36.0,0.6,36
L0028,L0071,50.0,0.8333333333333334,50
L0028,L0072,41.0,0.6833333333333333,41
L0028,L0073,25.0,0.4166666666666667,25
L0028,L0074,34.0,0.5666666666666667,34
L0028,L0075,25.0,0.4166666666666667,25
L0028,L0076,35.0,0.5833333333333334,35
L0028,L0077,19.0,0.31666666666666665,19
L0028,L0078,54.0,0.9,54
L0029,L0000,19.0,0.31666666666666665,19
L0029,L0001,50.0,0.8333333333333334,50
L0029,L0002,68.0,1.1333333333333333,68
L0029,L0003,50.0,0.8333333333333334,50
L0029,L0004,57.0,0.95,57
L0029,L0005,25.0,0.4166666666666667,25
L0029,L0006,49.0,0.8166666666666667,49
L0029,L0007,20.0,0.3333333333333333,20
L0029,L0008,50.0,0.8333333333333334,50
L0029,L0009,57.0,0.95,57
L0029,L0010,34.0,0.5666666666666667,34
L0029,L0011,52.0,0.8666666666666667,52
L0029,L0012,24.0,0.4,24
L0029,L0013,45.0,0.75,45
L0029,L0014,47.0,0.7833333333333333,47
L0029,L0015,51.0,0.85,51
L0029,L0016,59.0,0.9833333333333333,59
L0029,L0017,28.0,0.4666666666666667,28
L0029,L0018,17.0,0.2833333333333333,17
L0029,L0019,6.0,0.1,6
L0029,L0020,38.0,0.6333333333333333,38
L0029,L0021,63.0,1.05,63
L0029,L0022,39.0,0.65,39
L0029,L0023,23.0,0.38333333333333336,23
L0029,L0024,16.0,0.26666666666666666,16
L0029,L0025,30.0,0.5,30
L0029,L0026,26.0,0.43333333333333335,26
L0029,L0027,47.0,0.7833333333333333,47
L0029,L0028,20.0,0.3333333333333333,20
L0029,L0029,0.0,0.0,0
L0029,L0030,8.0,0.13333333333333333,8
L0029,L0031,39.0,0.65,39
L0029,L0032,46.0,0.7666666666666667,46
L0029,L0033,5.0,0.08333333333333333,5
L0029,L0034,49.0,0.8166666666666667,49
L0029,L0035,10.0,0.16666666666666666,10
L0029,L0036,33.0,0.55,33
L0029,L0037,15.0,0.25,15
L0029,L0038,6.0,0.1,6
L0029,L0039,47.0,0.7833333333333333,47
L0029,L0040,17.0,0.2833333333333333,17
L0029,L0041,15.0,0.25,15
L0029,L0042,16.0,0.26666666666666666,16
L0029,L0043,43.0,0.7166666666666667,43
L0029,L0044,17.0,0.2833333333333333,17
L0029,L0045,25.0,0.4166666666666667,25
L0029,L0046,48.0,0.8,48
L0029,L0047,36.0,0.6,36
L0029,L0048,43.0,0.7166666666666667,43
L0029,L0049,14.0,0.23333333333333334,14
L0029,L0050,7.0,0.11666666666666667,7
L0029,L0051,21.0,0.35,21
L0029,L0052,52.0,0.8666666666666667,52
L0029,L0053,9.0,0.15,9
L0029,L0054,15.0,0.25,15
L0029,L0055,48.0,0.8,48
L0029,L0056,31.0,0.5166666666666667,31
L0029,L0057,58.0,0.9666666666666667,58
L0029,L0058,5.0,0.08333333333333333,5
L0029,L0059,14.0,0.23333333333333334,14
L0029,L0060,9.0,0.15,9
L0029,L0061,32.0,0.5333333333333333,32
L0029,L0062,16.0,0.26666666666666666,16
L0029,L0063,45.0,0.75,45
L0029,L0064,23.0,0.38333333333333336,23
L0029,L0065,28.0,0.4666666666666667,28
L0029,L0066,36.0,0.6,36
L0029,L0067,21.0,0.35,21
L0029,L0068,44.0,0.7333333333333333,44
L0029,L0069,18.0,0.3,18
L0029,L0070,24.0,0.4,24
L0029,L0071,43.0,0.7166666666666667,43
L0029,L0072,41.0,0.6833333333333333,41
L0029,L0073,39.0,0.65,39
L0029,L0074,16.0,0.26666666666666666,16
L0029,L0075,10.0,0.16666666666666666,10
L0029,L0076,22.0,0.36666666666666664,22
L0029,L0077,32.0,0.5333333333333333,32
L0029,L0078,41.0,0.6833333333333333,41
L0030,L0000,13.0,0.21666666666666667,13
L0030,L0001,53.0,0.8833333333333333,53
L0030,L0002,74.0,1.2333333333333334,74
L0030,L0003,54.0,0.9,54
L0030,L0004,63.0,1.05,63
L0030,L0005,31.0,0.5166666666666667,31
L0030,L0006,55.0,0.9166666666666666,55
L0030,L0007,24.0,0.4,24
L0030,L0008,56.0,0.9333333333333333,56
L0030,L0009,63.0,1.05,63
L0030,L0010,36.0,0.6,36
L0030,L0011,58.0,0.9666666666666667,58
L0030,L0012,31.0,0.5166666666666667,31
L0030,L0013,50.0,0.8333333333333334,50
L0030,L0014,53.0,0.8833333333333333,53
L0030,L0015,57.0,0.95,57
L0030,L0016,65.0,1.0833333333333333,65
L0030,L0017,35.0,0.5833333333333334,35
L0030,L0018,23.0,0.38333333333333336,23
L0030,L0019,3.0,0.05,3
L0030,L0020,42.0,0.7,42
L0030,L0021,69.0,1.15,69
L0030,L0022,45.0,0.75,45
L0030,L0023,29.0,0.48333333333333334,29
L0030,L0024,10.0,0.16666666666666666,10
L0030,L0025,32.0,0.5333333333333333,32
L0030,L0026,33.0,0.55,33
L0030,L0027,50.0,0.8333333333333334,50
L0030,L0028,21.0,0.35,21
L0030,L0029,8.0,0.13333333333333333,8
L0030,L0030,0.0,0.0,0
L0030,L0031,44.0,0.7333333333333333,44
L0030,L0032,52.0,0.8666666666666667,52
L0030,L0033,9.0,0.15,9
L0030,L0034,55.0,0.9166666666666666,55
L0030,L0035,16.0,0.26666666666666666,16
L0030,L0036,39.0,0.65,39
L0030,L0037,21.0,0.35,21
L0030,L0038,12.0,0.2,12
L0030,L0039,52.0,0.8666666666666667,52
L0030,L0040,22.0,0.36666666666666664,22
L0030,L0041,21.0,0.35,21
L0030,L0042,9.0,0.15,9
L0030,L0043,49.0,0.8166666666666667,49
L0030,L0044,11.0,0.18333333333333332,11
L0030,L0045,28.0,0.4666666666666667,28
L0030,L0046,54.0,0.9,54
L0030,L0047,40.0,0.6666666666666666,40
L0030,L0048,47.0,0.7833333333333333,47
L0030,L0049,20.0,0.3333333333333333,20
L0030,L0050,7.0,0.11666666666666667,7
L0030,L0051,26.0,0.43333333333333335,26
L0030,L0052,58.0,0.9666666666666667,58
L0030,L0053,7.0,0.11666666666666667,7
L0030,L0054,10.0,0.16666666666666666,10
L0030,L0055,54.0,0.9,54
L0030,L0056,33.0,0.55,33
L0030,L0057,65.0,1.0833333333333333,65
L0030,L0058,12.0,0.2,12
L0030,L0059,7.0,0.11666666666666667,7
L0030,L0060,15.0,0.25,15
L0030,L0061,37.0,0.6166666666666667,37
L0030,L0062,22.0,0.36666666666666664,22
L0030,L0063,49.0,0.8166666666666667,49
L0030,L0064,27.0,0.45,27
L0030,L0065,32.0,0.5333333333333333,32
L0030,L0066,42.0,0.7,42
L0030,L0067,27.0,0.45,27
L0030,L0068,47.0,0.7833333333333333,47
L0030,L0069,20.0,0.3333333333333333,20
L0030,L0070,31.0,0.5166666666666667,31
L0030,L0071,49.0,0.8166666666666667,49
L0030,L0072,48.0,0.8,48
L0030,L0073,42.0,0.7,42
L0030,L0074,20.0,0.3333333333333333,20
L0030,L0075,17.0,0.2833333333333333,17
L0030,L0076,28.0,0.4666666666666667,28
L0030,L0077,36.0,0.6,36
L0030,L0078,47.0,0.7833333333333333,47
L0031,L0000,55.0,0.9166666666666666,55
L0031,L0001,27.0,0.45,27
L0031,L0002,39.0,0.65,39
L0031,L0003,62.0,1.0333333333333334,62
L0031,L0004,35.0,0.5833333333333334,35
L0031,L0005,42.0,0.7,42
L0031,L0006,42.0,0.7,42
L0031,L0007,48.0,0.8,48
L0031,L0008,24.0,0.4,24
L0031,L0009,27.0,0.45,27
L0031,L0010,23.0,0.38333333333333336,23
L0031,L0011,15.0,0.25,15
L0031,L0012,31.0,0.5166666666666667,31
L0031,L0013,11.0,0.18333333333333332,11
L0031,L0014,18.0,0.3,18
L0031,L0015,40.0,0.6666666666666666,40
L0031,L0016,26.0,0.43333333333333335,26
L0031,L0017,24.0,0.4,24
L0031,L0018,24.0,0.4,24
L0031,L0019,44.0,0.7333333333333333,44
L0031,L0020,13.0,0.21666666666666667,13
L0031,L0021,35.0,0.5833333333333334,35
L0031,L0022,39.0,0.65,39
L0031,L0023,17.0,0.2833333333333333,17
L0031,L0024,52.0,0.8666666666666667,52
L0031,L0025,22.0,0.36666666666666664,22
L0031,L0026,27.0,0.45,27
L0031,L0027,22.0,0.36666666666666664,22
L0031,L0028,31.0,0.5166666666666667,31
L0031,L0029,39.0,0.65,39
L0031,L0030,44.0,0.7333333333333333,44
L0031,L0031,0.0,0.0,0
L0031,L0032,55.0,0.9166666666666666,55
L0031,L0033,42.0,0.7,42
L0031,L0034,17.0,0.2833333333333333,17
L0031,L0035,37.0,0.6166666666666667,37
L0031,L0036,11.0,0.18333333333333332,11
L0031,L0037,29.0,0.48333333333333334,29
L0031,L0038,38.0,0.6333333333333333,38
L0031,L0039,53.0,0.8833333333333333,53
L0031,L0040,24.0,0.4,24
L0031,L0041,25.0,0.4166666666666667,25
L0031,L0042,52.0,0.8666666666666667,52
L0031,L0043,44.0,0.7333333333333333,44
L0031,L0044,54.0,0.9,54
L0031,L0045,22.0,0.36666666666666664,22
L0031,L0046,20.0,0.3333333333333333,20
L0031,L0047,13.0,0.21666666666666667,13
L0031,L0048,6.0,0.1,6
L0031,L0049,32.0,0.5333333333333333,32
L0031,L0050,38.0,0.6333333333333333,38
L0031,L0051,39.0,0.65,39
L0031,L0052,40.0,0.6666666666666666,40
L0031,L0053,40.0,0.6666666666666666,40
L0031,L0054,53.0,0.8833333333333333,53
L0031,L0055,52.0,0.8666666666666667,52
L0031,L0056,21.0,0.35,21
L0031,L0057,37.0,0.6166666666666667,37
L0031,L0058,36.0,0.6,36
L0031,L0059,47.0,0.7833333333333333,47
L0031,L0060,31.0,0.5166666666666667,31
L0031,L0061,8.0,0.13333333333333333,8
L0031,L0062,25.0,0.4166666666666667,25
L0031,L0063,15.0,0.25,15
L0031,L0064,50.0,0.8333333333333334,50
L0031,L0065,50.0,0.8333333333333334,50
L0031,L0066,36.0,0.6,36
L0031,L0067,21.0,0.35,21
L0031,L0068,22.0,0.36666666666666664,22
L0031,L0069,50.0,0.8333333333333334,50
L0031,L0070,34.0,0.5666666666666667,34
L0031,L0071,34.0,0.5666666666666667,34
L0031,L0072,18.0,0.3,18
L0031,L0073,13.0,0.21666666666666667,13
L0031,L0074,44.0,0.7333333333333333,44
L0031,L0075,35.0,0.5833333333333334,35
L0031,L0076,37.0,0.6166666666666667,37
L0031,L0077,15.0,0.25,15
L0031,L0078,47.0,0.7833333333333333,47
L0032,L0000,60.0,1.0,60
L0032,L0001,79.0,1.3166666666666667,79
L0032,L0002,53.0,0.8833333333333333,53
L0032,L0003,9.0,0.15,9
L0032,L0004,40.0,0.6666666666666666,40
L0032,L0005,22.0,0.36666666666666664,22
L0032,L0006,20.0,0.3333333333333333,20
L0032,L0007,30.0,0.5,30
L0032,L0008,42.0,0.7,42
L0032,L0009,51.0,0.85,51
L0032,L0010,67.0,1.1166666666666667,67
L0032,L0011,59.0,0.9833333333333333,59
L0032,L0012,28.0,0.4666666666666667,28
L0032,L0013,65.0,1.0833333333333333,65
L0032,L0014,46.0,0.7666666666666667,46
L0032,L0015,25.0,0.4166666666666667,25
L0032,L0016,54.0,0.9,54
L0032,L0017,32.0,0.5333333333333333,32
L0032,L0018,43.0,0.7166666666666667,43
L0032,L0019,50.0,0.8333333333333334,50
L0032,L0020,64.0,1.0666666666666667,64
L0032,L0021,49.0,0.8166666666666667,49
L0032,L0022,17.0,0.2833333333333333,17
L0032,L0023,46.0,0.7666666666666667,46
L0032,L0024,59.0,0.9833333333333333,59
L0032,L0025,64.0,1.0666666666666667,64
L0032,L0026,30.0,0.5,30
L0032,L0027,74.0,1.2333333333333334,74
L0032,L0028,60.0,1.0,60
L0032,L0029,46.0,0.7666666666666667,46
L0032,L0030,52.0,0.8666666666666667,52
L0032,L0031,55.0,0.9166666666666666,55
L0032,L0032,0.0,0.0,0
L0032,L0033,44.0,0.7333333333333333,44
L0032,L0034,50.0,0.8333333333333334,50
L0032,L0035,37.0,0.6166666666666667,37
L0032,L0036,45.0,0.75,45
L0032,L0037,38.0,0.6333333333333333,38
L0032,L0038,41.0,0.6833333333333333,41
L0032,L0039,4.0,0.06666666666666667,4
L0032,L0040,52.0,0.8666666666666667,52
L0032,L0041,45.0,0.75,45
L0032,L0042,58.0,0.9666666666666667,58
L0032,L0043,13.0,0.21666666666666667,13
L0032,L0044,58.0,0.9666666666666667,58
L0032,L0045,60.0,1.0,60
L0032,L0046,46.0,0.7666666666666667,46
L0032,L0047,62.0,1.0333333333333334,62
L0032,L0048,60.0,1.0,60
L0032,L0049,36.0,0.6,36
L0032,L0050,52.0,0.8666666666666667,52
L0032,L0051,27.0,0.45,27
L0032,L0052,27.0,0.45,27
L0032,L0053,54.0,0.9,54
L0032,L0054,55.0,0.9166666666666666,55
L0032,L0055,8.0,0.13333333333333333,8
L0032,L0056,63.0,1.05,63
L0032,L0057,39.0,0.65,39
L0032,L0058,43.0,0.7166666666666667,43
L0032,L0059,58.0,0.9666666666666667,58
L0032,L0060,45.0,0.75,45
L0032,L0061,52.0,0.8666666666666667,52
L0032,L0062,42.0,0.7,42
L0032,L0063,68.0,1.1333333333333333,68
L0032,L0064,28.0,0.4666666666666667,28
L0032,L0065,23.0,0.38333333333333336,23
L0032,L0066,19.0,0.31666666666666665,19
L0032,L0067,41.0,0.6833333333333333,41
L0032,L0068,73.0,1.2166666666666666,73
L0032,L0069,35.0,0.5833333333333334,35
L0032,L0070,26.0,0.43333333333333335,26
L0032,L0071,25.0,0.4166666666666667,25
L0032,L0072,41.0,0.6833333333333333,41
L0032,L0073,64.0,1.0666666666666667,64
L0032,L0074,33.0,0.55,33
L0032,L0075,38.0,0.6333333333333333,38
L0032,L0076,26.0,0.43333333333333335,26
L0032,L0077,61.0,1.0166666666666666,61
L0032,L0078,9.0,0.15,9
L0033,L0000,19.0,0.31666666666666665,19
L0033,L0001,54.0,0.9,54
L0033,L0002,69.0,1.15,69
L0033,L0003,46.0,0.7666666666666667,46
L0033,L0004,57.0,0.95,57
L0033,L0005,23.0,0.38333333333333336,23
L0033,L0006,48.0,0.8,48
L0033,L0007,16.0,0.26666666666666666,16
L0033,L0008,50.0,0.8333333333333334,50
L0033,L0009,58.0,0.9666666666666667,58
L0033,L0010,38.0,0.6333333333333333,38
L0033,L0011,54.0,0.9,54
L0033,L0012,24.0,0.4,24
L0033,L0013,49.0,0.8166666666666667,49
L0033,L0014,48.0,0.8,48
L0033,L0015,50.0,0.8333333333333334,50
L0033,L0016,60.0,1.0,60
L0033,L0017,29.0,0.48333333333333334,29
L0033,L0018,19.0,0.31666666666666665,19
L0033,L0019,7.0,0.11666666666666667,7
L0033,L0020,42.0,0.7,42
L0033,L0021,63.0,1.05,63
L0033,L0022,37.0,0.6166666666666667,37
L0033,L0023,26.0,0.43333333333333335,26
L0033,L0024,17.0,0.2833333333333333,17
L0033,L0025,34.0,0.5666666666666667,34
L0033,L0026,26.0,0.43333333333333335,26
L0033,L0027,51.0,0.85,51
L0033,L0028,24.0,0.4,24
L0033,L0029,5.0,0.08333333333333333,5
L0033,L0030,9.0,0.15,9
L0033,L0031,42.0,0.7,42
L0033,L0032,44.0,0.7333333333333333,44
L0033,L0033,0.0,0.0,0
L0033,L0034,51.0,0.85,51
L0033,L0035,8.0,0.13333333333333333,8
L0033,L0036,35.0,0.5833333333333334,35
L0033,L0037,15.0,0.25,15
L0033,L0038,5.0,0.08333333333333333,5
L0033,L0039,44.0,0.7333333333333333,44
L0033,L0040,21.0,0.35,21
L0033,L0041,18.0,0.3,18
L0033,L0042,16.0,0.26666666666666666,16
L0033,L0043,42.0,0.7,42
L0033,L0044,17.0,0.2833333333333333,17
L0033,L0045,30.0,0.5,30
L0033,L0046,49.0,0.8166666666666667,49
L0033,L0047,40.0,0.6666666666666666,40
L0033,L0048,46.0,0.7666666666666667,46
L0033,L0049,14.0,0.23333333333333334,14
L0033,L0050,11.0,0.18333333333333332,11
L0033,L0051,18.0,0.3,18
L0033,L0052,51.0,0.85,51
L0033,L0053,12.0,0.2,12
L0033,L0054,15.0,0.25,15
L0033,L0055,46.0,0.7666666666666667,46
L0033,L0056,35.0,0.5833333333333334,35
L0033,L0057,59.0,0.9833333333333333,59
L0033,L0058,6.0,0.1,6
L0033,L0059,15.0,0.25,15
L0033,L0060,12.0,0.2,12
L0033,L0061,35.0,0.5833333333333334,35
L0033,L0062,18.0,0.3,18
L0033,L0063,49.0,0.8166666666666667,49
L0033,L0064,19.0,0.31666666666666665,19
L0033,L0065,24.0,0.4,24
L0033,L0066,34.0,0.5666666666666667,34
L0033,L0067,23.0,0.38333333333333336,23
L0033,L0068,48.0,0.8,48
L0033,L0069,14.0,0.23333333333333334,14
L0033,L0070,23.0,0.38333333333333336,23
L0033,L0071,42.0,0.7,42
L0033,L0072,43.0,0.7166666666666667,43
L0033,L0073,42.0,0.7,42
L0033,L0074,12.0,0.2,12
L0033,L0075,10.0,0.16666666666666666,10
L0033,L0076,20.0,0.3333333333333333,20
L0033,L0077,36.0,0.6,36
L0033,L0078,39.0,0.65,39
L0034,L0000,66.0,1.1,66
L0034,L0001,40.0,0.6666666666666666,40
L0034,L0002,23.0,0.38333333333333336,23
L0034,L0003,58.0,0.9666666666666667,58
L0034,L0004,20.0,0.3333333333333333,20
L0034,L0005,43.0,0.7166666666666667,43
L0034,L0006,33.0,0.55,33
L0034,L0007,52.0,0.8666666666666667,52
L0034,L0008,10.0,0.16666666666666666,10
L0034,L0009,11.0,0.18333333333333332,11
L0034,L0010,39.0,0.65,39
L0034,L0011,10.0,0.16666666666666666,10
L0034,L0012,33.0,0.55,33
L0034,L0013,23.0,0.38333333333333336,23
L0034,L0014,5.0,0.08333333333333333,5
L0034,L0015,30.0,0.5,30
L0034,L0016,11.0,0.18333333333333332,11
L0034,L0017,25.0,0.4166666666666667,25
L0034,L0018,33.0,0.55,33
L0034,L0019,54.0,0.9,54
L0034,L0020,28.0,0.4666666666666667,28
L0034,L0021,19.0,0.31666666666666665,19
L0034,L0022,34.0,0.5666666666666667,34
L0034,L0023,28.0,0.4666666666666667,28
L0034,L0024,63.0,1.05,63
L0034,L0025,38.0,0.6333333333333333,38
L0034,L0026,29.0,0.48333333333333334,29
L0034,L0027,36.0,0.6,36
L0034,L0028,45.0,0.75,45
L0034,L0029,49.0,0.8166666666666667,49
L0034,L0030,55.0,0.9166666666666666,55
L0034,L0031,17.0,0.2833333333333333,17
L0034,L0032,50.0,0.8333333333333334,50
L0034,L0033,51.0,0.85,51
L0034,L0034,0.0,0.0,0
L0034,L0035,44.0,0.7333333333333333,44
L0034,L0036,17.0,0.2833333333333333,17
L0034,L0037,36.0,0.6,36
L0034,L0038,46.0,0.7666666666666667,46
L0034,L0039,48.0,0.8,48
L0034,L0040,37.0,0.6166666666666667,37
L0034,L0041,35.0,0.5833333333333334,35
L0034,L0042,63.0,1.05,63
L0034,L0043,38.0,0.6333333333333333,38
L0034,L0044,65.0,1.0833333333333333,65
L0034,L0045,37.0,0.6166666666666667,37
L0034,L0046,5.0,0.08333333333333333,5
L0034,L0047,29.0,0.48333333333333334,29
L0034,L0048,19.0,0.31666666666666665,19
L0034,L0049,39.0,0.65,39
L0034,L0050,50.0,0.8333333333333334,50
L0034,L0051,42.0,0.7,42
L0034,L0052,29.0,0.48333333333333334,29
L0034,L0053,52.0,0.8666666666666667,52
L0034,L0054,63.0,1.05,63
L0034,L0055,45.0,0.75,45
L0034,L0056,37.0,0.6166666666666667,37
L0034,L0057,23.0,0.38333333333333336,23
L0034,L0058,45.0,0.75,45
L0034,L0059,59.0,0.9833333333333333,59
L0034,L0060,41.0,0.6833333333333333,41
L0034,L0061,22.0,0.36666666666666664,22
L0034,L0062,34.0,0.5666666666666667,34
L0034,L0063,29.0,0.48333333333333334,29
L0034,L0064,53.0,0.8833333333333333,53
L0034,L0065,52.0,0.8666666666666667,52
L0034,L0066,33.0,0.55,33
L0034,L0067,29.0,0.48333333333333334,29
L0034,L0068,36.0,0.6,36
L0034,L0069,56.0,0.9333333333333333,56
L0034,L0070,35.0,0.5833333333333334,35
L0034,L0071,26.0,0.43333333333333335,26
L0034,L0072,10.0,0.16666666666666666,10
L0034,L0073,29.0,0.48333333333333334,29
L0034,L0074,49.0,0.8166666666666667,49
L0034,L0075,43.0,0.7166666666666667,43
L0034,L0076,40.0,0.6666666666666666,40
L0034,L0077,31.0,0.5166666666666667,31
L0034,L0078,42.0,0.7,42
L0035,L0000,26.0,0.43333333333333335,26
L0035,L0001,53.0,0.8833333333333333,53
L0035,L0002,62.0,1.0333333333333334,62
L0035,L0003,41.0,0.6833333333333333,41
L0035,L0004,50.0,0.8333333333333334,50
L0035,L0005,16.0,0.26666666666666666,16
L0035,L0006,40.0,0.6666666666666666,40
L0035,L0007,14.0,0.23333333333333334,14
L0035,L0008,44.0,0.7333333333333333,44
L0035,L0009,52.0,0.8666666666666667,52
L0035,L0010,37.0,0.6166666666666667,37
L0035,L0011,49.0,0.8166666666666667,49
L0035,L0012,16.0,0.26666666666666666,16
L0035,L0013,45.0,0.75,45
L0035,L0014,42.0,0.7,42
L0035,L0015,43.0,0.7166666666666667,43
L0035,L0016,54.0,0.9,54
L0035,L0017,22.0,0.36666666666666664,22
L0035,L0018,15.0,0.25,15
L0035,L0019,14.0,0.23333333333333334,14
L0035,L0020,39.0,0.65,39
L0035,L0021,56.0,0.9333333333333333,56
L0035,L0022,30.0,0.5,30
L0035,L0023,21.0,0.35,21
L0035,L0024,24.0,0.4,24
L0035,L0025,33.0,0.55,33
L0035,L0026,19.0,0.31666666666666665,19
L0035,L0027,49.0,0.8166666666666667,49
L0035,L0028,26.0,0.43333333333333335,26
L0035,L0029,10.0,0.16666666666666666,10
L0035,L0030,16.0,0.26666666666666666,16
L0035,L0031,37.0,0.6166666666666667,37
L0035,L0032,37.0,0.6166666666666667,37
L0035,L0033,8.0,0.13333333333333333,8
L0035,L0034,44.0,0.7333333333333333,44
L0035,L0035,0.0,0.0,0
L0035,L0036,29.0,0.48333333333333334,29
L0035,L0037,9.0,0.15,9
L0035,L0038,5.0,0.08333333333333333,5
L0035,L0039,38.0,0.6333333333333333,38
L0035,L0040,20.0,0.3333333333333333,20
L0035,L0041,15.0,0.25,15
L0035,L0042,24.0,0.4,24
L0035,L0043,35.0,0.5833333333333334,35
L0035,L0044,25.0,0.4166666666666667,25
L0035,L0045,29.0,0.48333333333333334,29
L0035,L0046,43.0,0.7166666666666667,43
L0035,L0047,37.0,0.6166666666666667,37
L0035,L0048,41.0,0.6833333333333333,41
L0035,L0049,7.0,0.11666666666666667,7
L0035,L0050,16.0,0.26666666666666666,16
L0035,L0051,12.0,0.2,12
L0035,L0052,44.0,0.7333333333333333,44
L0035,L0053,17.0,0.2833333333333333,17
L0035,L0054,22.0,0.36666666666666664,22
L0035,L0055,39.0,0.65,39
L0035,L0056,34.0,0.5666666666666667,34
L0035,L0057,51.0,0.85,51
L0035,L0058,6.0,0.1,6
L0035,L0059,22.0,0.36666666666666664,22
L0035,L0060,10.0,0.16666666666666666,10
L0035,L0061,31.0,0.5166666666666667,31
L0035,L0062,13.0,0.21666666666666667,13
L0035,L0063,46.0,0.7666666666666667,46
L0035,L0064,17.0,0.2833333333333333,17
L0035,L0065,20.0,0.3333333333333333,20
L0035,L0066,27.0,0.45,27
L0035,L0067,18.0,0.3,18
L0035,L0068,47.0,0.7833333333333333,47
L0035,L0069,14.0,0.23333333333333334,14
L0035,L0070,16.0,0.26666666666666666,16
L0035,L0071,35.0,0.5833333333333334,35
L0035,L0072,36.0,0.6,36
L0035,L0073,40.0,0.6666666666666666,40
L0035,L0074,9.0,0.15,9
L0035,L0075,3.0,0.05,3
L0035,L0076,13.0,0.21666666666666667,13
L0035,L0077,34.0,0.5666666666666667,34
L0035,L0078,32.0,0.5333333333333333,32
L0036,L0000,50.0,0.8333333333333334,50
L0036,L0001,36.0,0.6,36
L0036,L0002,38.0,0.6333333333333333,38
L0036,L0003,52.0,0.8666666666666667,52
L0036,L0004,30.0,0.5,30
L0036,L0005,31.0,0.5166666666666667,31
L0036,L0006,33.0,0.55,33
L0036,L0007,39.0,0.65,39
L0036,L0008,20.0,0.3333333333333333,20
L0036,L0009,26.0,0.43333333333333335,26
L0036,L0010,28.0,0.4666666666666667,28
L0036,L0011,21.0,0.35,21
L0036,L0012,20.0,0.3333333333333333,20
L0036,L0013,21.0,0.35,21
L0036,L0014,15.0,0.25,15
L0036,L0015,32.0,0.5333333333333333,32
L0036,L0016,27.0,0.45,27
L0036,L0017,14.0,0.23333333333333334,14
L0036,L0018,17.0,0.2833333333333333,17
L0036,L0019,38.0,0.6333333333333333,38
L0036,L0020,21.0,0.35,21
L0036,L0021,33.0,0.55,33
L0036,L0022,29.0,0.48333333333333334,29
L0036,L0023,12.0,0.2,12
L0036,L0024,47.0,0.7833333333333333,47
L0036,L0025,25.0,0.4166666666666667,25
L0036,L0026,17.0,0.2833333333333333,17
L0036,L0027,31.0,0.5166666666666667,31
L0036,L0028,31.0,0.5166666666666667,31
L0036,L0029,33.0,0.55,33
L0036,L0030,39.0,0.65,39
L0036,L0031,11.0,0.18333333333333332,11
L0036,L0032,45.0,0.75,45
L0036,L0033,35.0,0.5833333333333334,35
L0036,L0034,17.0,0.2833333333333333,17
L0036,L0035,29.0,0.48333333333333334,29
L0036,L0036,0.0,0.0,0
L0036,L0037,21.0,0.35,21
L0036,L0038,31.0,0.5166666666666667,31
L0036,L0039,43.0,0.7166666666666667,43
L0036,L0040,21.0,0.35,21
L0036,L0041,19.0,0.31666666666666665,19
L0036,L0042,47.0,0.7833333333333333,47
L0036,L0043,34.0,0.5666666666666667,34
L0036,L0044,49.0,0.8166666666666667,49
L0036,L0045,24.0,0.4,24
L0036,L0046,17.0,0.2833333333333333,17
L0036,L0047,20.0,0.3333333333333333,20
L0036,L0048,16.0,0.26666666666666666,16
L0036,L0049,24.0,0.4,24
L0036,L0050,34.0,0.5666666666666667,34
L0036,L0051,30.0,0.5,30
L0036,L0052,32.0,0.5333333333333333,32
L0036,L0053,36.0,0.6,36
L0036,L0054,47.0,0.7833333333333333,47
L0036,L0055,42.0,0.7,42
L0036,L0056,25.0,0.4166666666666667,25
L0036,L0057,32.0,0.5333333333333333,32
L0036,L0058,30.0,0.5,30
L0036,L0059,43.0,0.7166666666666667,43
L0036,L0060,25.0,0.4166666666666667,25
L0036,L0061,10.0,0.16666666666666666,10
L0036,L0062,18.0,0.3,18
L0036,L0063,25.0,0.4166666666666667,25
L0036,L0064,40.0,0.6666666666666666,40
L0036,L0065,41.0,0.6833333333333333,41
L0036,L0066,26.0,0.43333333333333335,26
L0036,L0067,13.0,0.21666666666666667,13
L0036,L0068,30.0,0.5,30
L0036,L0069,41.0,0.6833333333333333,41
L0036,L0070,23.0,0.38333333333333336,23
L0036,L0071,25.0,0.4166666666666667,25
L0036,L0072,12.0,0.2,12
L0036,L0073,22.0,0.36666666666666664,22
L0036,L0074,35.0,0.5833333333333334,35
L0036,L0075,27.0,0.45,27
L0036,L0076,27.0,0.45,27
L0036,L0077,20.0,0.3333333333333333,20
L0036,L0078,37.0,0.6166666666666667,37
L0037,L0000,33.0,0.55,33
L0037,L0001,46.0,0.7666666666666667,46
L0037,L0002,54.0,0.9,54
L0037,L0003,43.0,0.7166666666666667,43
L0037,L0004,43.0,0.7166666666666667,43
L0037,L0005,18.0,0.3,18
L0037,L0006,37.0,0.6166666666666667,37
L0037,L0007,21.0,0.35,21
L0037,L0008,36.0,0.6,36
L0037,L0009,44.0,0.7333333333333333,44
L0037,L0010,32.0,0.5333333333333333,32
L0037,L0011,41.0,0.6833333333333333,41
L0037,L0012,12.0,0.2,12
L0037,L0013,37.0,0.6166666666666667,37
L0037,L0014,34.0,0.5666666666666667,34
L0037,L0015,38.0,0.6333333333333333,38
L0037,L0016,46.0,0.7666666666666667,46
L0037,L0017,15.0,0.25,15
L0037,L0018,7.0,0.11666666666666667,7
L0037,L0019,20.0,0.3333333333333333,20
L0037,L0020,32.0,0.5333333333333333,32
L0037,L0021,49.0,0.8166666666666667,49
L0037,L0022,27.0,0.45,27
L0037,L0023,13.0,0.21666666666666667,13
L0037,L0024,30.0,0.5,30
L0037,L0025,28.0,0.4666666666666667,28
L0037,L0026,13.0,0.21666666666666667,13
L0037,L0027,42.0,0.7,42
L0037,L0028,23.0,0.38333333333333336,23
L0037,L0029,15.0,0.25,15
L0037,L0030,21.0,0.35,21
L0037,L0031,29.0,0.48333333333333334,29
L0037,L0032,38.0,0.6333333333333333,38
L0037,L0033,15.0,0.25,15
L0037,L0034,36.0,0.6,36
L0037,L0035,9.0,0.15,9
L0037,L0036,21.0,0.35,21
L0037,L0037,0.0,0.0,0
L0037,L0038,11.0,0.18333333333333332,11
L0037,L0039,38.0,0.6333333333333333,38
L0037,L0040,15.0,0.25,15
L0037,L0041,8.0,0.13333333333333333,8
L0037,L0042,29.0,0.48333333333333334,29
L0037,L0043,32.0,0.5333333333333333,32
L0037,L0044,31.0,0.5166666666666667,31
L0037,L0045,23.0,0.38333333333333336,23
L0037,L0046,35.0,0.5833333333333334,35
L0037,L0047,30.0,0.5,30
L0037,L0048,33.0,0.55,33
L0037,L0049,4.0,0.06666666666666667,4
L0037,L0050,18.0,0.3,18
L0037,L0051,14.0,0.23333333333333334,14
L0037,L0052,39.0,0.65,39
L0037,L0053,20.0,0.3333333333333333,20
L0037,L0054,29.0,0.48333333333333334,29
L0037,L0055,38.0,0.6333333333333333,38
L0037,L0056,28.0,0.4666666666666667,28
L0037,L0057,45.0,0.75,45
L0037,L0058,10.0,0.16666666666666666,10
L0037,L0059,27.0,0.45,27
L0037,L0060,9.0,0.15,9
L0037,L0061,23.0,0.38333333333333336,23
L0037,L0062,5.0,0.08333333333333333,5
L0037,L0063,38.0,0.6333333333333333,38
L0037,L0064,23.0,0.38333333333333336,23
L0037,L0065,25.0,0.4166666666666667,25
L0037,L0066,24.0,0.4,24
L0037,L0067,9.0,0.15,9
L0037,L0068,40.0,0.6666666666666666,40
L0037,L0069,22.0,0.36666666666666664,22
L0037,L0070,13.0,0.21666666666666667,13
L0037,L0071,30.0,0.5,30
L0037,L0072,28.0,0.4666666666666667,28
L0037,L0073,32.0,0.5333333333333333,32
L0037,L0074,16.0,0.26666666666666666,16
L0037,L0075,8.0,0.13333333333333333,8
L0037,L0076,13.0,0.21666666666666667,13
L0037,L0077,27.0,0.45,27
L0037,L0078,32.0,0.5333333333333333,32
L0038,L0000,23.0,0.38333333333333336,23
L0038,L0001,52.0,0.8666666666666667,52
L0038,L0002,64.0,1.0666666666666667,64
L0038,L0003,44.0,0.7333333333333333,44
L0038,L0004,53.0,0.8833333333333333,53
L0038,L0005,20.0,0.3333333333333333,20
L0038,L0006,44.0,0.7333333333333333,44
L0038,L0007,16.0,0.26666666666666666,16
L0038,L0008,46.0,0.7666666666666667,46
L0038,L0009,54.0,0.9,54
L0038,L0010,36.0,0.6,36
L0038,L0011,50.0,0.8333333333333334,50
L0038,L0012,19.0,0.31666666666666665,19
L0038,L0013,46.0,0.7666666666666667,46
L0038,L0014,44.0,0.7333333333333333,44
L0038,L0015,46.0,0.7666666666666667,46
L0038,L0016,56.0,0.9333333333333333,56
L0038,L0017,25.0,0.4166666666666667,25
L0038,L0018,15.0,0.25,15
L0038,L0019,11.0,0.18333333333333332,11
L0038,L0020,39.0,0.65,39
L0038,L0021,59.0,0.9833333333333333,59
L0038,L0022,33.0,0.55,33
L0038,L0023,22.0,0.36666666666666664,22
L0038,L0024,21.0,0.35,21
L0038,L0025,32.0,0.5333333333333333,32
L0038,L0026,22.0,0.36666666666666664,22
L0038,L0027,48.0,0.8,48
L0038,L0028,24.0,0.4,24
L0038,L0029,6.0,0.1,6
L0038,L0030,12.0,0.2,12
L0038,L0031,38.0,0.6333333333333333,38
L0038,L0032,41.0,0.6833333333333333,41
L0038,L0033,5.0,0.08333333333333333,5
L0038,L0034,46.0,0.7666666666666667,46
L0038,L0035,5.0,0.08333333333333333,5
L0038,L0036,31.0,0.5166666666666667,31
L0038,L0037,11.0,0.18333333333333332,11
L0038,L0038,0.0,0.0,0
L0038,L0039,41.0,0.6833333333333333,41
L0038,L0040,19.0,0.31666666666666665,19
L0038,L0041,15.0,0.25,15
L0038,L0042,20.0,0.3333333333333333,20
L0038,L0043,38.0,0.6333333333333333,38
L0038,L0044,21.0,0.35,21
L0038,L0045,28.0,0.4666666666666667,28
L0038,L0046,45.0,0.75,45
L0038,L0047,37.0,0.6166666666666667,37
L0038,L0048,42.0,0.7,42
L0038,L0049,9.0,0.15,9
L0038,L0050,12.0,0.2,12
L0038,L0051,15.0,0.25,15
L0038,L0052,47.0,0.7833333333333333,47
L0038,L0053,14.0,0.23333333333333334,14
L0038,L0054,19.0,0.31666666666666665,19
L0038,L0055,43.0,0.7166666666666667,43
L0038,L0056,33.0,0.55,33
L0038,L0057,54.0,0.9,54
L0038,L0058,3.0,0.05,3
L0038,L0059,19.0,0.31666666666666665,19
L0038,L0060,9.0,0.15,9
L0038,L0061,31.0,0.5166666666666667,31
L0038,L0062,14.0,0.23333333333333334,14
L0038,L0063,46.0,0.7666666666666667,46
L0038,L0064,19.0,0.31666666666666665,19
L0038,L0065,23.0,0.38333333333333336,23
L0038,L0066,31.0,0.5166666666666667,31
L0038,L0067,19.0,0.31666666666666665,19
L0038,L0068,46.0,0.7666666666666667,46
L0038,L0069,15.0,0.25,15
L0038,L0070,19.0,0.31666666666666665,19
L0038,L0071,38.0,0.6333333333333333,38
L0038,L0072,38.0,0.6333333333333333,38
L0038,L0073,40.0,0.6666666666666666,40
L0038,L0074,11.0,0.18333333333333332,11
L0038,L0075,5.0,0.08333333333333333,5
L0038,L0076,16.0,0.26666666666666666,16
L0038,L0077,33.0,0.55,33
L0038,L0078,36.0,0.6,36
L0039,L0000,60.0,1.0,60
L0039,L0001,78.0,1.3,78
L0039,L0002,51.0,0.85,51
L0039,L0003,12.0,0.2,12
L0039,L0004,37.0,0.6166666666666667,37
L0039,L0005,22.0,0.36666666666666664,22
L0039,L0006,18.0,0.3,18
L0039,L0007,31.0,0.5166666666666667,31
L0039,L0008,40.0,0.6666666666666666,40
L0039,L0009,48.0,0.8,48
L0039,L0010,67.0,1.1166666666666667,67
L0039,L0011,56.0,0.9333333333333333,56
L0039,L0012,28.0,0.4666666666666667,28
L0039,L0013,63.0,1.05,63
L0039,L0014,44.0,0.7333333333333333,44
L0039,L0015,23.0,0.38333333333333336,23
L0039,L0016,52.0,0.8666666666666667,52
L0039,L0017,31.0,0.5166666666666667,31
L0039,L0018,42.0,0.7,42
L0039,L0019,50.0,0.8333333333333334,50
L0039,L0020,62.0,1.0333333333333334,62
L0039,L0021,47.0,0.7833333333333333,47
L0039,L0022,15.0,0.25,15
L0039,L0023,45.0,0.75,45
L0039,L0024,59.0,0.9833333333333333,59
L0039,L0025,63.0,1.05,63
L0039,L0026,29.0,0.48333333333333334,29
L0039,L0027,73.0,1.2166666666666666,73
L0039,L0028,60.0,1.0,60
L0039,L0029,47.0,0.7833333333333333,47
L0039,L0030,52.0,0.8666666666666667,52
L0039,L0031,53.0,0.8833333333333333,53
L0039,L0032,4.0,0.06666666666666667,4
L0039,L0033,44.0,0.7333333333333333,44
L0039,L0034,48.0,0.8,48
L0039,L0035,38.0,0.6333333333333333,38
L0039,L0036,43.0,0.7166666666666667,43
L0039,L0037,38.0,0.6333333333333333,38
L0039,L0038,41.0,0.6833333333333333,41
L0039,L0039,0.0,0.0,0
L0039,L0040,51.0,0.85,51
L0039,L0041,44.0,0.7333333333333333,44
L0039,L0042,59.0,0.9833333333333333,59
L0039,L0043,11.0,0.18333333333333332,11
L0039,L0044,58.0,0.9666666666666667,58
L0039,L0045,59.0,0.9833333333333333,59
L0039,L0046,44.0,0.7333333333333333,44
L0039,L0047,61.0,1.0166666666666666,61
L0039,L0048,58.0,0.9666666666666667,58
L0039,L0049,36.0,0.6,36
L0039,L0050,52.0,0.8666666666666667,52
L0039,L0051,27.0,0.45,27
L0039,L0052,24.0,0.4,24
L0039,L0053,54.0,0.9,54
L0039,L0054,56.0,0.9333333333333333,56
L0039,L0055,5.0,0.08333333333333333,5
L0039,L0056,63.0,1.05,63
L0039,L0057,37.0,0.6166666666666667,37
L0039,L0058,43.0,0.7166666666666667,43
L0039,L0059,58.0,0.9666666666666667,58
L0039,L0060,45.0,0.75,45
L0039,L0061,51.0,0.85,51
L0039,L0062,41.0,0.6833333333333333,41
L0039,L0063,67.0,1.1166666666666667,67
L0039,L0064,29.0,0.48333333333333334,29
L0039,L0065,24.0,0.4,24
L0039,L0066,18.0,0.3,18
L0039,L0067,40.0,0.6666666666666666,40
L0039,L0068,72.0,1.2,72
L0039,L0069,36.0,0.6,36
L0039,L0070,25.0,0.4166666666666667,25
L0039,L0071,22.0,0.36666666666666664,22
L0039,L0072,39.0,0.65,39
L0039,L0073,63.0,1.05,63
L0039,L0074,33.0,0.55,33
L0039,L0075,38.0,0.6333333333333333,38
L0039,L0076,26.0,0.43333333333333335,26
L0039,L0077,59.0,0.9833333333333333,59
L0039,L0078,8.0,0.13333333333333333,8
L0040,L0000,32.0,0.5333333333333333,32
L0040,L0001,34.0,0.5666666666666667,34
L0040,L0002,58.0,0.9666666666666667,58
L0040,L0003,57.0,0.95,57
L0040,L0004,49.0,0.8166666666666667,49
L0040,L0005,32.0,0.5333333333333333,32
L0040,L0006,47.0,0.7833333333333333,47
L0040,L0007,33.0,0.55,33
L0040,L0008,40.0,0.6666666666666666,40
L0040,L0009,46.0,0.7666666666666667,46
L0040,L0010,19.0,0.31666666666666665,19
L0040,L0011,38.0,0.6333333333333333,38
L0040,L0012,24.0,0.4,24
L0040,L0013,29.0,0.48333333333333334,29
L0040,L0014,35.0,0.5833333333333334,35
L0040,L0015,48.0,0.8,48
L0040,L0016,47.0,0.7833333333333333,47
L0040,L0017,24.0,0.4,24
L0040,L0018,10.0,0.16666666666666666,10
L0040,L0019,21.0,0.35,21
L0040,L0020,22.0,0.36666666666666664,22
L0040,L0021,53.0,0.8833333333333333,53
L0040,L0022,39.0,0.65,39
L0040,L0023,11.0,0.18333333333333332,11
L0040,L0024,29.0,0.48333333333333334,29
L0040,L0025,14.0,0.23333333333333334,14
L0040,L0026,24.0,0.4,24
L0040,L0027,31.0,0.5166666666666667,31
L0040,L0028,11.0,0.18333333333333332,11
L0040,L0029,17.0,0.2833333333333333,17
L0040,L0030,22.0,0.36666666666666664,22
L0040,L0031,24.0,0.4,24
L0040,L0032,52.0,0.8666666666666667,52
L0040,L0033,21.0,0.35,21
L0040,L0034,37.0,0.6166666666666667,37
L0040,L0035,20.0,0.3333333333333333,20
L0040,L0036,21.0,0.35,21
L0040,L0037,15.0,0.25,15
L0040,L0038,19.0,0.31666666666666665,19
L0040,L0039,51.0,0.85,51
L0040,L0040,0.0,0.0,0
L0040,L0041,8.0,0.13333333333333333,8
L0040,L0042,29.0,0.48333333333333334,29
L0040,L0043,45.0,0.75,45
L0040,L0044,31.0,0.5166666666666667,31
L0040,L0045,10.0,0.16666666666666666,10
L0040,L0046,37.0,0.6166666666666667,37
L0040,L0047,20.0,0.3333333333333333,20
L0040,L0048,27.0,0.45,27
L0040,L0049,17.0,0.2833333333333333,17
L0040,L0050,15.0,0.25,15
L0040,L0051,28.0,0.4666666666666667,28
L0040,L0052,48.0,0.8,48
L0040,L0053,17.0,0.2833333333333333,17
L0040,L0054,30.0,0.5,30
L0040,L0055,51.0,0.85,51
L0040,L0056,15.0,0.25,15
L0040,L0057,51.0,0.85,51
L0040,L0058,17.0,0.2833333333333333,17
L0040,L0059,24.0,0.4,24
L0040,L0060,11.0,0.18333333333333332,11
L0040,L0061,17.0,0.2833333333333333,17
L0040,L0062,11.0,0.18333333333333332,11
L0040,L0063,29.0,0.48333333333333334,29
L0040,L0064,35.0,0.5833333333333334,35
L0040,L0065,38.0,0.6333333333333333,38
L0040,L0066,36.0,0.6,36
L0040,L0067,13.0,0.21666666666666667,13
L0040,L0068,28.0,0.4666666666666667,28
L0040,L0069,32.0,0.5333333333333333,32
L0040,L0070,27.0,0.45,27
L0040,L0071,40.0,0.6666666666666666,40
L0040,L0072,31.0,0.5166666666666667,31
L0040,L0073,22.0,0.36666666666666664,22
L0040,L0074,28.0,0.4666666666666667,28
L0040,L0075,18.0,0.3,18
L0040,L0076,27.0,0.45,27
L0040,L0077,16.0,0.26666666666666666,16
L0040,L0078,45.0,0.75,45
L0041,L0000,33.0,0.55,33
L0041,L0001,40.0,0.6666666666666666,40
L0041,L0002,55.0,0.9166666666666666,55
L0041,L0003,50.0,0.8333333333333334,50
L0041,L0004,45.0,0.75,45
L0041,L0005,25.0,0.4166666666666667,25
L0041,L0006,42.0,0.7,42
L0041,L0007,27.0,0.45,27
L0041,L0008,37.0,0.6166666666666667,37
L0041,L0009,44.0,0.7333333333333333,44
L0041,L0010,25.0,0.4166666666666667,25
L0041,L0011,38.0,0.6333333333333333,38
L0041,L0012,18.0,0.3,18
L0041,L0013,32.0,0.5333333333333333,32
L0041,L0014,33.0,0.55,33
L0041,L0015,42.0,0.7,42
L0041,L0016,45.0,0.75,45
L0041,L0017,18.0,0.3,18
L0041,L0018,3.0,0.05,3
L0041,L0019,20.0,0.3333333333333333,20
L0041,L0020,26.0,0.43333333333333335,26
L0041,L0021,50.0,0.8333333333333334,50
L0041,L0022,33.0,0.55,33
L0041,L0023,9.0,0.15,9
L0041,L0024,29.0,0.48333333333333334,29
L0041,L0025,21.0,0.35,21
L0041,L0026,18.0,0.3,18
L0041,L0027,35.0,0.5833333333333334,35
L0041,L0028,17.0,0.2833333333333333,17
L0041,L0029,15.0,0.25,15
L0041,L0030,21.0,0.35,21
L0041,L0031,25.0,0.4166666666666667,25
L0041,L0032,45.0,0.75,45
L0041,L0033,18.0,0.3,18
L0041,L0034,35.0,0.5833333333333334,35
L0041,L0035,15.0,0.25,15
L0041,L0036,19.0,0.31666666666666665,19
L0041,L0037,8.0,0.13333333333333333,8
L0041,L0038,15.0,0.25,15
L0041,L0039,44.0,0.7333333333333333,44
L0041,L0040,8.0,0.13333333333333333,8
L0041,L0041,0.0,0.0,0
L0041,L0042,29.0,0.48333333333333334,29
L0041,L0043,38.0,0.6333333333333333,38
L0041,L0044,31.0,0.5166666666666667,31
L0041,L0045,16.0,0.26666666666666666,16
L0041,L0046,35.0,0.5833333333333334,35
L0041,L0047,24.0,0.4,24
L0041,L0048,28.0,0.4666666666666667,28
L0041,L0049,11.0,0.18333333333333332,11
L0041,L0050,16.0,0.26666666666666666,16
L0041,L0051,21.0,0.35,21
L0041,L0052,43.0,0.7166666666666667,43
L0041,L0053,18.0,0.3,18
L0041,L0054,30.0,0.5,30
L0041,L0055,45.0,0.75,45
L0041,L0056,21.0,0.35,21
L0041,L0057,47.0,0.7833333333333333,47
L0041,L0058,13.0,0.21666666666666667,13
L0041,L0059,25.0,0.4166666666666667,25
L0041,L0060,8.0,0.13333333333333333,8
L0041,L0061,18.0,0.3,18
L0041,L0062,4.0,0.06666666666666667,4
L0041,L0063,32.0,0.5333333333333333,32
L0041,L0064,30.0,0.5,30
L0041,L0065,32.0,0.5333333333333333,32
L0041,L0066,29.0,0.48333333333333334,29
L0041,L0067,8.0,0.13333333333333333,8
L0041,L0068,33.0,0.55,33
L0041,L0069,28.0,0.4666666666666667,28
L0041,L0070,20.0,0.3333333333333333,20
L0041,L0071,34.0,0.5666666666666667,34
L0041,L0072,28.0,0.4666666666666667,28
L0041,L0073,26.0,0.43333333333333335,26
L0041,L0074,22.0,0.36666666666666664,22
L0041,L0075,13.0,0.21666666666666667,13
L0041,L0076,20.0,0.3333333333333333,20
L0041,L0077,20.0,0.3333333333333333,20
L0041,L0078,38.0,0.6333333333333333,38
L0042,L0000,5.0,0.08333333333333333,5
L0042,L0001,58.0,0.9666666666666667,58
L0042,L0002,83.0,1.3833333333333333,83
L0042,L0003,60.0,1.0,60
L0042,L0004,72.0,1.2,72
L0042,L0005,38.0,0.6333333333333333,38
L0042,L0006,63.0,1.05,63
L0042,L0007,29.0,0.48333333333333334,29
L0042,L0008,64.0,1.0666666666666667,64
L0042,L0009,72.0,1.2,72
L0042,L0010,41.0,0.6833333333333333,41
L0042,L0011,65.0,1.0833333333333333,65
L0042,L0012,39.0,0.65,39
L0042,L0013,57.0,0.95,57
L0042,L0014,61.0,1.0166666666666666,61
L0042,L0015,65.0,1.0833333333333333,65
L0042,L0016,73.0,1.2166666666666666,73
L0042,L0017,43.0,0.7166666666666667,43
L0042,L0018,31.0,0.5166666666666667,31
L0042,L0019,10.0,0.16666666666666666,10
L0042,L0020,49.0,0.8166666666666667,49
L0042,L0021,77.0,1.2833333333333334,77
L0042,L0022,52.0,0.8666666666666667,52
L0042,L0023,37.0,0.6166666666666667,37
L0042,L0024,2.0,0.03333333333333333,2
L0042,L0025,38.0,0.6333333333333333,38
L0042,L0026,41.0,0.6833333333333333,41
L0042,L0027,55.0,0.9166666666666666,55
L0042,L0028,25.0,0.4166666666666667,25
L0042,L0029,16.0,0.26666666666666666,16
L0042,L0030,9.0,0.15,9
L0042,L0031,52.0,0.8666666666666667,52
L0042,L0032,58.0,0.9666666666666667,58
L0042,L0033,16.0,0.26666666666666666,16
L0042,L0034,63.0,1.05,63
L0042,L0035,24.0,0.4,24
L0042,L0036,47.0,0.7833333333333333,47
L0042,L0037,29.0,0.48333333333333334,29
L0042,L0038,20.0,0.3333333333333333,20
L0042,L0039,59.0,0.9833333333333333,59
L0042,L0040,29.0,0.48333333333333334,29
L0042,L0041,29.0,0.48333333333333334,29
L0042,L0042,0.0,0.0,0
L0042,L0043,57.0,0.95,57
L0042,L0044,4.0,0.06666666666666667,4
L0042,L0045,34.0,0.5666666666666667,34
L0042,L0046,63.0,1.05,63
L0042,L0047,46.0,0.7666666666666667,46
L0042,L0048,55.0,0.9166666666666666,55
L0042,L0049,28.0,0.4666666666666667,28
L0042,L0050,15.0,0.25,15
L0042,L0051,33.0,0.55,33
L0042,L0052,66.0,1.1,66
L0042,L0053,13.0,0.21666666666666667,13
L0042,L0054,5.0,0.08333333333333333,5
L0042,L0055,61.0,1.0166666666666666,61
L0042,L0056,39.0,0.65,39
L0042,L0057,73.0,1.2166666666666666,73
L0042,L0058,20.0,0.3333333333333333,20
L0042,L0059,6.0,0.1,6
L0042,L0060,23.0,0.38333333333333336,23
L0042,L0061,45.0,0.75,45
L0042,L0062,30.0,0.5,30
L0042,L0063,55.0,0.9166666666666666,55
L0042,L0064,32.0,0.5333333333333333,32
L0042,L0065,37.0,0.6166666666666667,37
L0042,L0066,50.0,0.8333333333333334,50
L0042,L0067,36.0,0.6,36
L0042,L0068,52.0,0.8666666666666667,52
L0042,L0069,25.0,0.4166666666666667,25
L0042,L0070,39.0,0.65,39
L0042,L0071,57.0,0.95,57
L0042,L0072,56.0,0.9333333333333333,56
L0042,L0073,49.0,0.8166666666666667,49
L0042,L0074,26.0,0.43333333333333335,26
L0042,L0075,25.0,0.4166666666666667,25
L0042,L0076,35.0,0.5833333333333334,35
L0042,L0077,42.0,0.7,42
L0042,L0078,54.0,0.9,54
L0043,L0000,59.0,0.9833333333333333,59
L0043,L0001,69.0,1.15,69
L0043,L0002,42.0,0.7,42
L0043,L0003,21.0,0.35,21
L0043,L0004,28.0,0.4666666666666667,28
L0043,L0005,21.0,0.35,21
L0043,L0006,9.0,0.15,9
L0043,L0007,32.0,0.5333333333333333,32
L0043,L0008,30.0,0.5,30
L0043,L0009,38.0,0.6333333333333333,38
L0043,L0010,59.0,0.9833333333333333,59
L0043,L0011,46.0,0.7666666666666667,46
L0043,L0012,21.0,0.35,21
L0043,L0013,54.0,0.9,54
L0043,L0014,34.0,0.5666666666666667,34
L0043,L0015,14.0,0.23333333333333334,14
L0043,L0016,42.0,0.7,42
L0043,L0017,23.0,0.38333333333333336,23
L0043,L0018,36.0,0.6,36
L0043,L0019,48.0,0.8,48
L0043,L0020,54.0,0.9,54
L0043,L0021,37.0,0.6166666666666667,37
L0043,L0022,7.0,0.11666666666666667,7
L0043,L0023,37.0,0.6166666666666667,37
L0043,L0024,58.0,0.9666666666666667,58
L0043,L0025,55.0,0.9166666666666666,55
L0043,L0026,22.0,0.36666666666666664,22
L0043,L0027,64.0,1.0666666666666667,64
L0043,L0028,54.0,0.9,54
L0043,L0029,43.0,0.7166666666666667,43
L0043,L0030,49.0,0.8166666666666667,49
L0043,L0031,44.0,0.7333333333333333,44
L0043,L0032,13.0,0.21666666666666667,13
L0043,L0033,42.0,0.7,42
L0043,L0034,38.0,0.6333333333333333,38
L0043,L0035,35.0,0.5833333333333334,35
L0043,L0036,34.0,0.5666666666666667,34
L0043,L0037,32.0,0.5333333333333333,32
L0043,L0038,38.0,0.6333333333333333,38
L0043,L0039,11.0,0.18333333333333332,11
L0043,L0040,45.0,0.75,45
L0043,L0041,38.0,0.6333333333333333,38
L0043,L0042,57.0,0.95,57
L0043,L0043,0.0,0.0,0
L0043,L0044,57.0,0.95,57
L0043,L0045,52.0,0.8666666666666667,52
L0043,L0046,33.0,0.55,33
L0043,L0047,53.0,0.8833333333333333,53
L0043,L0048,49.0,0.8166666666666667,49
L0043,L0049,31.0,0.5166666666666667,31
L0043,L0050,48.0,0.8,48
L0043,L0051,24.0,0.4,24
L0043,L0052,16.0,0.26666666666666666,16
L0043,L0053,51.0,0.85,51
L0043,L0054,55.0,0.9166666666666666,55
L0043,L0055,9.0,0.15,9
L0043,L0056,55.0,0.9166666666666666,55
L0043,L0057,28.0,0.4666666666666667,28
L0043,L0058,39.0,0.65,39
L0043,L0059,56.0,0.9333333333333333,56
L0043,L0060,40.0,0.6666666666666666,40
L0043,L0061,42.0,0.7,42
L0043,L0062,35.0,0.5833333333333334,35
L0043,L0063,58.0,0.9666666666666667,58
L0043,L0064,30.0,0.5,30
L0043,L0065,26.0,0.43333333333333335,26
L0043,L0066,10.0,0.16666666666666666,10
L0043,L0067,33.0,0.55,33
L0043,L0068,63.0,1.05,63
L0043,L0069,37.0,0.6166666666666667,37
L0043,L0070,20.0,0.3333333333333333,20
L0043,L0071,12.0,0.2,12
L0043,L0072,29.0,0.48333333333333334,29
L0043,L0073,54.0,0.9,54
L0043,L0074,32.0,0.5333333333333333,32
L0043,L0075,34.0,0.5666666666666667,34
L0043,L0076,23.0,0.38333333333333336,23
L0043,L0077,51.0,0.85,51
L0043,L0078,7.0,0.11666666666666667,7
L0044,L0000,3.0,0.05,3
L0044,L0001,61.0,1.0166666666666666,61
L0044,L0002,84.0,1.4,84
L0044,L0003,59.0,0.9833333333333333,59
L0044,L0004,73.0,1.2166666666666666,73
L0044,L0005,38.0,0.6333333333333333,38
L0044,L0006,64.0,1.0666666666666667,64
L0044,L0007,28.0,0.4666666666666667,28
L0044,L0008,66.0,1.1,66
L0044,L0009,73.0,1.2166666666666666,73
L0044,L0010,44.0,0.7333333333333333,44
L0044,L0011,68.0,1.1333333333333333,68
L0044,L0012,40.0,0.6666666666666666,40
L0044,L0013,60.0,1.0,60
L0044,L0014,63.0,1.05,63
L0044,L0015,66.0,1.1,66
L0044,L0016,75.0,1.25,75
L0044,L0017,45.0,0.75,45
L0044,L0018,33.0,0.55,33
L0044,L0019,12.0,0.2,12
L0044,L0020,52.0,0.8666666666666667,52
L0044,L0021,79.0,1.3166666666666667,79
L0044,L0022,53.0,0.8833333333333333,53
L0044,L0023,39.0,0.65,39
L0044,L0024,5.0,0.08333333333333333,5
L0044,L0025,41.0,0.6833333333333333,41
L0044,L0026,42.0,0.7,42
L0044,L0027,58.0,0.9666666666666667,58
L0044,L0028,29.0,0.48333333333333334,29
L0044,L0029,17.0,0.2833333333333333,17
L0044,L0030,11.0,0.18333333333333332,11
L0044,L0031,54.0,0.9,54
L0044,L0032,58.0,0.9666666666666667,58
L0044,L0033,17.0,0.2833333333333333,17
L0044,L0034,65.0,1.0833333333333333,65
L0044,L0035,25.0,0.4166666666666667,25
L0044,L0036,49.0,0.8166666666666667,49
L0044,L0037,31.0,0.5166666666666667,31
L0044,L0038,21.0,0.35,21
L0044,L0039,58.0,0.9666666666666667,58
L0044,L0040,31.0,0.5166666666666667,31
L0044,L0041,31.0,0.5166666666666667,31
L0044,L0042,4.0,0.06666666666666667,4
L0044,L0043,57.0,0.95,57
L0044,L0044,0.0,0.0,0
L0044,L0045,37.0,0.6166666666666667,37
L0044,L0046,64.0,1.0666666666666667,64
L0044,L0047,49.0,0.8166666666666667,49
L0044,L0048,57.0,0.95,57
L0044,L0049,29.0,0.48333333333333334,29
L0044,L0050,17.0,0.2833333333333333,17
L0044,L0051,34.0,0.5666666666666667,34
L0044,L0052,67.0,1.1166666666666667,67
L0044,L0053,15.0,0.25,15
L0044,L0054,4.0,0.06666666666666667,4
L0044,L0055,61.0,1.0166666666666666,61
L0044,L0056,42.0,0.7,42
L0044,L0057,75.0,1.25,75
L0044,L0058,21.0,0.35,21
L0044,L0059,9.0,0.15,9
L0044,L0060,25.0,0.4166666666666667,25
L0044,L0061,47.0,0.7833333333333333,47
L0044,L0062,32.0,0.5333333333333333,32
L0044,L0063,58.0,0.9666666666666667,58
L0044,L0064,31.0,0.5166666666666667,31
L0044,L0065,36.0,0.6,36
L0044,L0066,50.0,0.8333333333333334,50
L0044,L0067,38.0,0.6333333333333333,38
L0044,L0068,55.0,0.9166666666666666,55
L0044,L0069,24.0,0.4,24
L0044,L0070,39.0,0.65,39
L0044,L0071,58.0,0.9666666666666667,58
L0044,L0072,58.0,0.9666666666666667,58
L0044,L0073,52.0,0.8666666666666667,52
L0044,L0074,26.0,0.43333333333333335,26
L0044,L0075,26.0,0.43333333333333335,26
L0044,L0076,35.0,0.5833333333333334,35
L0044,L0077,45.0,0.75,45
L0044,L0078,54.0,0.9,54
L0045,L0000,38.0,0.6333333333333333,38
L0045,L0001,26.0,0.43333333333333335,26
L0045,L0002,59.0,0.9833333333333333,59
L0045,L0003,65.0,1.0833333333333333,65
L0045,L0004,52.0,0.8666666666666667,52
L0045,L0005,41.0,0.6833333333333333,41
L0045,L0006,54.0,0.9,54
L0045,L0007,42.0,0.7,42
L0045,L0008,42.0,0.7,42
L0045,L0009,47.0,0.7833333333333333,47
L0045,L0010,10.0,0.16666666666666666,10
L0045,L0011,36.0,0.6,36
L0045,L0012,32.0,0.5333333333333333,32
L0045,L0013,24.0,0.4,24
L0045,L0014,37.0,0.6166666666666667,37
L0045,L0015,53.0,0.8833333333333333,53
L0045,L0016,47.0,0.7833333333333333,47
L0045,L0017,30.0,0.5,30
L0045,L0018,18.0,0.3,18
L0045,L0019,29.0,0.48333333333333334,29
L0045,L0020,16.0,0.26666666666666666,16
L0045,L0021,55.0,0.9166666666666666,55
L0045,L0022,46.0,0.7666666666666667,46
L0045,L0023,16.0,0.26666666666666666,16
L0045,L0024,34.0,0.5666666666666667,34
L0045,L0025,5.0,0.08333333333333333,5
L0045,L0026,31.0,0.5166666666666667,31
L0045,L0027,22.0,0.36666666666666664,22
L0045,L0028,11.0,0.18333333333333332,11
L0045,L0029,25.0,0.4166666666666667,25
L0045,L0030,28.0,0.4666666666666667,28
L0045,L0031,22.0,0.36666666666666664,22
L0045,L0032,60.0,1.0,60
L0045,L0033,30.0,0.5,30
L0045,L0034,37.0,0.6166666666666667,37
L0045,L0035,29.0,0.48333333333333334,29
L0045,L0036,24.0,0.4,24
L0045,L0037,23.0,0.38333333333333336,23
L0045,L0038,28.0,0.4666666666666667,28
L0045,L0039,59.0,0.9833333333333333,59
L0045,L0040,10.0,0.16666666666666666,10
L0045,L0041,16.0,0.26666666666666666,16
L0045,L0042,34.0,0.5666666666666667,34
L0045,L0043,52.0,0.8666666666666667,52
L0045,L0044,37.0,0.6166666666666667,37
L0045,L0045,0.0,0.0,0
L0045,L0046,39.0,0.65,39
L0045,L0047,13.0,0.21666666666666667,13
L0045,L0048,23.0,0.38333333333333336,23
L0045,L0049,26.0,0.43333333333333335,26
L0045,L0050,22.0,0.36666666666666664,22
L0045,L0051,37.0,0.6166666666666667,37
L0045,L0052,53.0,0.8833333333333333,53
L0045,L0053,23.0,0.38333333333333336,23
L0045,L0054,36.0,0.6,36
L0045,L0055,59.0,0.9833333333333333,59
L0045,L0056,6.0,0.1,6
L0045,L0057,55.0,0.9166666666666666,55
L0045,L0058,25.0,0.4166666666666667,25
L0045,L0059,29.0,0.48333333333333334,29
L0045,L0060,20.0,0.3333333333333333,20
L0045,L0061,16.0,0.26666666666666666,16
L0045,L0062,19.0,0.31666666666666665,19
L0045,L0063,22.0,0.36666666666666664,22
L0045,L0064,44.0,0.7333333333333333,44
L0045,L0065,47.0,0.7833333333333333,47
L0045,L0066,43.0,0.7166666666666667,43
L0045,L0067,20.0,0.3333333333333333,20
L0045,L0068,20.0,0.3333333333333333,20
L0045,L0069,41.0,0.6833333333333333,41
L0045,L0070,35.0,0.5833333333333334,35
L0045,L0071,46.0,0.7666666666666667,46
L0045,L0072,34.0,0.5666666666666667,34
L0045,L0073,16.0,0.26666666666666666,16
L0045,L0074,37.0,0.6166666666666667,37
L0045,L0075,28.0,0.4666666666666667,28
L0045,L0076,36.0,0.6,36
L0045,L0077,10.0,0.16666666666666666,10
L0045,L0078,52.0,0.8666666666666667,52
L0046,L0000,66.0,1.1,66
L0046,L0001,44.0,0.7333333333333333,44
L0046,L0002,22.0,0.36666666666666664,22
L0046,L0003,54.0,0.9,54
L0046,L0004,16.0,0.26666666666666666,16
L0046,L0005,40.0,0.6666666666666666,40
L0046,L0006,29.0,0.48333333333333334,29
L0046,L0007,50.0,0.8333333333333334,50
L0046,L0008,6.0,0.1,6
L0046,L0009,10.0,0.16666666666666666,10
L0046,L0010,42.0,0.7,42
L0046,L0011,15.0,0.25,15
L0046,L0012,30.0,0.5,30
L0046,L0013,27.0,0.45,27
L0046,L0014,3.0,0.05,3
L0046,L0015,25.0,0.4166666666666667,25
L0046,L0016,12.0,0.2,12
L0046,L0017,23.0,0.38333333333333336,23
L0046,L0018,33.0,0.55,33
L0046,L0019,53.0,0.8833333333333333,53
L0046,L0020,31.0,0.5166666666666667,31
L0046,L0021,17.0,0.2833333333333333,17
L0046,L0022,30.0,0.5,30
L0046,L0023,28.0,0.4666666666666667,28
L0046,L0024,63.0,1.05,63
L0046,L0025,40.0,0.6666666666666666,40
L0046,L0026,27.0,0.45,27
L0046,L0027,39.0,0.65,39
L0046,L0028,46.0,0.7666666666666667,46
L0046,L0029,48.0,0.8,48
L0046,L0030,54.0,0.9,54
L0046,L0031,20.0,0.3333333333333333,20
L0046,L0032,46.0,0.7666666666666667,46
L0046,L0033,49.0,0.8166666666666667,49
L0046,L0034,5.0,0.08333333333333333,5
L0046,L0035,43.0,0.7166666666666667,43
L0046,L0036,17.0,0.2833333333333333,17
L0046,L0037,35.0,0.5833333333333334,35
L0046,L0038,45.0,0.75,45
L0046,L0039,44.0,0.7333333333333333,44
L0046,L0040,37.0,0.6166666666666667,37
L0046,L0041,35.0,0.5833333333333334,35
L0046,L0042,63.0,1.05,63
L0046,L0043,33.0,0.55,33
L0046,L0044,64.0,1.0666666666666667,64
L0046,L0045,39.0,0.65,39
L0046,L0046,0.0,0.0,0
L0046,L0047,32.0,0.5333333333333333,32
L0046,L0048,22.0,0.36666666666666664,22
L0046,L0049,37.0,0.6166666666666667,37
L0046,L0050,50.0,0.8333333333333334,50
L0046,L0051,40.0,0.6666666666666666,40
L0046,L0052,24.0,0.4,24
L0046,L0053,52.0,0.8666666666666667,52
L0046,L0054,62.0,1.0333333333333334,62
L0046,L0055,41.0,0.6833333333333333,41
L0046,L0056,39.0,0.65,39
L0046,L0057,19.0,0.31666666666666665,19
L0046,L0058,44.0,0.7333333333333333,44
L0046,L0059,59.0,0.9833333333333333,59
L0046,L0060,41.0,0.6833333333333333,41
L0046,L0061,24.0,0.4,24
L0046,L0062,34.0,0.5666666666666667,34
L0046,L0063,32.0,0.5333333333333333,32
L0046,L0064,50.0,0.8333333333333334,50
L0046,L0065,49.0,0.8166666666666667,49
L0046,L0066,29.0,0.48333333333333334,29
L0046,L0067,28.0,0.4666666666666667,28
L0046,L0068,40.0,0.6666666666666666,40
L0046,L0069,53.0,0.8833333333333333,53
L0046,L0070,32.0,0.5333333333333333,32
L0046,L0071,22.0,0.36666666666666664,22
L0046,L0072,8.0,0.13333333333333333,8
L0046,L0073,32.0,0.5333333333333333,32
L0046,L0074,47.0,0.7833333333333333,47
L0046,L0075,41.0,0.6833333333333333,41
L0046,L0076,37.0,0.6166666666666667,37
L0046,L0077,33.0,0.55,33
L0046,L0078,38.0,0.6333333333333333,38
L0047,L0000,50.0,0.8333333333333334,50
L0047,L0001,18.0,0.3,18
L0047,L0002,51.0,0.85,51
L0047,L0003,69.0,1.15,69
L0047,L0004,47.0,0.7833333333333333,47
L0047,L0005,46.0,0.7666666666666667,46
L0047,L0006,53.0,0.8833333333333333,53
L0047,L0007,50.0,0.8333333333333334,50
L0047,L0008,36.0,0.6,36
L0047,L0009,39.0,0.65,39
L0047,L0010,11.0,0.18333333333333332,11
L0047,L0011,26.0,0.43333333333333335,26
L0047,L0012,36.0,0.6,36
L0047,L0013,12.0,0.2,12
L0047,L0014,30.0,0.5,30
L0047,L0015,51.0,0.85,51
L0047,L0016,38.0,0.6333333333333333,38
L0047,L0017,31.0,0.5166666666666667,31
L0047,L0018,24.0,0.4,24
L0047,L0019,40.0,0.6666666666666666,40
L0047,L0020,3.0,0.05,3
L0047,L0021,47.0,0.7833333333333333,47
L0047,L0022,47.0,0.7833333333333333,47
L0047,L0023,18.0,0.3,18
L0047,L0024,46.0,0.7666666666666667,46
L0047,L0025,11.0,0.18333333333333332,11
L0047,L0026,33.0,0.55,33
L0047,L0027,13.0,0.21666666666666667,13
L0047,L0028,23.0,0.38333333333333336,23
L0047,L0029,36.0,0.6,36
L0047,L0030,40.0,0.6666666666666666,40
L0047,L0031,13.0,0.21666666666666667,13
L0047,L0032,62.0,1.0333333333333334,62
L0047,L0033,40.0,0.6666666666666666,40
L0047,L0034,29.0,0.48333333333333334,29
L0047,L0035,37.0,0.6166666666666667,37
L0047,L0036,20.0,0.3333333333333333,20
L0047,L0037,30.0,0.5,30
L0047,L0038,37.0,0.6166666666666667,37
L0047,L0039,61.0,1.0166666666666666,61
L0047,L0040,20.0,0.3333333333333333,20
L0047,L0041,24.0,0.4,24
L0047,L0042,46.0,0.7666666666666667,46
L0047,L0043,53.0,0.8833333333333333,53
L0047,L0044,49.0,0.8166666666666667,49
L0047,L0045,13.0,0.21666666666666667,13
L0047,L0046,32.0,0.5333333333333333,32
L0047,L0047,0.0,0.0,0
L0047,L0048,12.0,0.2,12
L0047,L0049,33.0,0.55,33
L0047,L0050,33.0,0.55,33
L0047,L0051,43.0,0.7166666666666667,43
L0047,L0052,51.0,0.85,51
L0047,L0053,35.0,0.5833333333333334,35
L0047,L0054,48.0,0.8,48
L0047,L0055,60.0,1.0,60
L0047,L0056,10.0,0.16666666666666666,10
L0047,L0057,49.0,0.8166666666666667,49
L0047,L0058,35.0,0.5833333333333334,35
L0047,L0059,41.0,0.6833333333333333,41
L0047,L0060,29.0,0.48333333333333334,29
L0047,L0061,12.0,0.2,12
L0047,L0062,26.0,0.43333333333333335,26
L0047,L0063,10.0,0.16666666666666666,10
L0047,L0064,52.0,0.8666666666666667,52
L0047,L0065,54.0,0.9,54
L0047,L0066,44.0,0.7333333333333333,44
L0047,L0067,23.0,0.38333333333333336,23
L0047,L0068,11.0,0.18333333333333332,11
L0047,L0069,50.0,0.8333333333333334,50
L0047,L0070,39.0,0.65,39
L0047,L0071,44.0,0.7333333333333333,44
L0047,L0072,29.0,0.48333333333333334,29
L0047,L0073,4.0,0.06666666666666667,4
L0047,L0074,45.0,0.75,45
L0047,L0075,36.0,0.6,36
L0047,L0076,41.0,0.6833333333333333,41
L0047,L0077,5.0,0.08333333333333333,5
L0047,L0078,55.0,0.9166666666666666,55
L0048,L0000,58.0,0.9666666666666667,58
L0048,L0001,23.0,0.38333333333333336,23
L0048,L0002,41.0,0.6833333333333333,41
L0048,L0003,67.0,1.1166666666666667,67
L0048,L0004,38.0,0.6333333333333333,38
L0048,L0005,46.0,0.7666666666666667,46
L0048,L0006,47.0,0.7833333333333333,47
L0048,L0007,53.0,0.8833333333333333,53
L0048,L0008,27.0,0.45,27
L0048,L0009,28.0,0.4666666666666667,28
L0048,L0010,23.0,0.38333333333333336,23
L0048,L0011,14.0,0.23333333333333334,14
L0048,L0012,35.0,0.5833333333333334,35
L0048,L0013,6.0,0.1,6
L0048,L0014,20.0,0.3333333333333333,20
L0048,L0015,44.0,0.7333333333333333,44
L0048,L0016,27.0,0.45,27
L0048,L0017,29.0,0.48333333333333334,29
L0048,L0018,28.0,0.4666666666666667,28
L0048,L0019,47.0,0.7833333333333333,47
L0048,L0020,11.0,0.18333333333333332,11
L0048,L0021,37.0,0.6166666666666667,37
L0048,L0022,44.0,0.7333333333333333,44
L0048,L0023,21.0,0.35,21
L0048,L0024,55.0,0.9166666666666666,55
L0048,L0025,22.0,0.36666666666666664,22
L0048,L0026,32.0,0.5333333333333333,32
L0048,L0027,18.0,0.3,18
L0048,L0028,33.0,0.55,33
L0048,L0029,43.0,0.7166666666666667,43
L0048,L0030,47.0,0.7833333333333333,47
L0048,L0031,6.0,0.1,6
L0048,L0032,60.0,1.0,60
L0048,L0033,46.0,0.7666666666666667,46
L0048,L0034,19.0,0.31666666666666665,19
L0048,L0035,41.0,0.6833333333333333,41
L0048,L0036,16.0,0.26666666666666666,16
L0048,L0037,33.0,0.55,33
L0048,L0038,42.0,0.7,42
L0048,L0039,58.0,0.9666666666666667,58
L0048,L0040,27.0,0.45,27
L0048,L0041,28.0,0.4666666666666667,28
L0048,L0042,55.0,0.9166666666666666,55
L0048,L0043,49.0,0.8166666666666667,49
L0048,L0044,57.0,0.95,57
L0048,L0045,23.0,0.38333333333333336,23
L0048,L0046,22.0,0.36666666666666664,22
L0048,L0047,12.0,0.2,12
L0048,L0048,0.0,0.0,0
L0048,L0049,36.0,0.6,36
L0048,L0050,41.0,0.6833333333333333,41
L0048,L0051,44.0,0.7333333333333333,44
L0048,L0052,44.0,0.7333333333333333,44
L0048,L0053,43.0,0.7166666666666667,43
L0048,L0054,56.0,0.9333333333333333,56
L0048,L0055,56.0,0.9333333333333333,56
L0048,L0056,21.0,0.35,21
L0048,L0057,40.0,0.6666666666666666,40
L0048,L0058,40.0,0.6666666666666666,40
L0048,L0059,50.0,0.8333333333333334,50
L0048,L0060,35.0,0.5833333333333334,35
L0048,L0061,12.0,0.2,12
L0048,L0062,30.0,0.5,30
L0048,L0063,11.0,0.18333333333333332,11
L0048,L0064,54.0,0.9,54
L0048,L0065,55.0,0.9166666666666666,55
L0048,L0066,41.0,0.6833333333333333,41
L0048,L0067,25.0,0.4166666666666667,25
L0048,L0068,19.0,0.31666666666666665,19
L0048,L0069,54.0,0.9,54
L0048,L0070,38.0,0.6333333333333333,38
L0048,L0071,38.0,0.6333333333333333,38
L0048,L0072,21.0,0.35,21
L0048,L0073,12.0,0.2,12
L0048,L0074,48.0,0.8,48
L0048,L0075,40.0,0.6666666666666666,40
L0048,L0076,42.0,0.7,42
L0048,L0077,15.0,0.25,15
L0048,L0078,52.0,0.8666666666666667,52
L0049,L0000,31.0,0.5166666666666667,31
L0049,L0001,50.0,0.8333333333333334,50
L0049,L0002,56.0,0.9333333333333333,56
L0049,L0003,41.0,0.6833333333333333,41
L0049,L0004,45.0,0.75,45
L0049,L0005,16.0,0.26666666666666666,16
L0049,L0006,36.0,0.6,36
L0049,L0007,17.0,0.2833333333333333,17
L0049,L0008,38.0,0.6333333333333333,38
L0049,L0009,46.0,0.7666666666666667,46
L0049,L0010,35.0,0.5833333333333334,35
L0049,L0011,43.0,0.7166666666666667,43
L0049,L0012,12.0,0.2,12
L0049,L0013,40.0,0.6666666666666666,40
L0049,L0014,36.0,0.6,36
L0049,L0015,38.0,0.6333333333333333,38
L0049,L0016,48.0,0.8,48
L0049,L0017,16.0,0.26666666666666666,16
L0049,L0018,10.0,0.16666666666666666,10
L0049,L0019,19.0,0.31666666666666665,19
L0049,L0020,35.0,0.5833333333333334,35
L0049,L0021,51.0,0.85,51
L0049,L0022,26.0,0.43333333333333335,26
L0049,L0023,16.0,0.26666666666666666,16
L0049,L0024,29.0,0.48333333333333334,29
L0049,L0025,31.0,0.5166666666666667,31
L0049,L0026,14.0,0.23333333333333334,14
L0049,L0027,45.0,0.75,45
L0049,L0028,25.0,0.4166666666666667,25
L0049,L0029,14.0,0.23333333333333334,14
L0049,L0030,20.0,0.3333333333333333,20
L0049,L0031,32.0,0.5333333333333333,32
L0049,L0032,36.0,0.6,36
L0049,L0033,14.0,0.23333333333333334,14
L0049,L0034,39.0,0.65,39
L0049,L0035,7.0,0.11666666666666667,7
L0049,L0036,24.0,0.4,24
L0049,L0037,4.0,0.06666666666666667,4
L0049,L0038,9.0,0.15,9
L0049,L0039,36.0,0.6,36
L0049,L0040,17.0,0.2833333333333333,17
L0049,L0041,11.0,0.18333333333333332,11
L0049,L0042,28.0,0.4666666666666667,28
L0049,L0043,31.0,0.5166666666666667,31
L0049,L0044,29.0,0.48333333333333334,29
L0049,L0045,26.0,0.43333333333333335,26
L0049,L0046,37.0,0.6166666666666667,37
L0049,L0047,33.0,0.55,33
L0049,L0048,36.0,0.6,36
L0049,L0049,0.0,0.0,0
L0049,L0050,18.0,0.3,18
L0049,L0051,11.0,0.18333333333333332,11
L0049,L0052,39.0,0.65,39
L0049,L0053,20.0,0.3333333333333333,20
L0049,L0054,27.0,0.45,27
L0049,L0055,37.0,0.6166666666666667,37
L0049,L0056,31.0,0.5166666666666667,31
L0049,L0057,46.0,0.7666666666666667,46
L0049,L0058,9.0,0.15,9
L0049,L0059,26.0,0.43333333333333335,26
L0049,L0060,10.0,0.16666666666666666,10
L0049,L0061,26.0,0.43333333333333335,26
L0049,L0062,8.0,0.13333333333333333,8
L0049,L0063,42.0,0.7,42
L0049,L0064,20.0,0.3333333333333333,20
L0049,L0065,22.0,0.36666666666666664,22
L0049,L0066,23.0,0.38333333333333336,23
L0049,L0067,12.0,0.2,12
L0049,L0068,43.0,0.7166666666666667,43
L0049,L0069,19.0,0.31666666666666665,19
L0049,L0070,12.0,0.2,12
L0049,L0071,30.0,0.5,30
L0049,L0072,30.0,0.5,30
L0049,L0073,36.0,0.6,36
L0049,L0074,13.0,0.21666666666666667,13
L0049,L0075,5.0,0.08333333333333333,5
L0049,L0076,11.0,0.18333333333333332,11
L0049,L0077,30.0,0.5,30
L0049,L0078,30.0,0.5,30
L0050,L0000,18.0,0.3,18
L0050,L0001,46.0,0.7666666666666667,46
L0050,L0002,70.0,1.1666666666666667,70
L0050,L0003,56.0,0.9333333333333333,56
L0050,L0004,60.0,1.0,60
L0050,L0005,31.0,0.5166666666666667,31
L0050,L0006,53.0,0.8833333333333333,53
L0050,L0007,26.0,0.43333333333333335,26
L0050,L0008,52.0,0.8666666666666667,52
L0050,L0009,59.0,0.9833333333333333,59
L0050,L0010,29.0,0.48333333333333334,29
L0050,L0011,52.0,0.8666666666666667,52
L0050,L0012,28.0,0.4666666666666667,28
L0050,L0013,44.0,0.7333333333333333,44
L0050,L0014,48.0,0.8,48
L0050,L0015,55.0,0.9166666666666666,55
L0050,L0016,60.0,1.0,60
L0050,L0017,32.0,0.5333333333333333,32
L0050,L0018,18.0,0.3,18
L0050,L0019,8.0,0.13333333333333333,8
L0050,L0020,36.0,0.6,36
L0050,L0021,65.0,1.0833333333333333,65
L0050,L0022,43.0,0.7166666666666667,43
L0050,L0023,23.0,0.38333333333333336,23
L0050,L0024,15.0,0.25,15
L0050,L0025,26.0,0.43333333333333335,26
L0050,L0026,30.0,0.5,30
L0050,L0027,43.0,0.7166666666666667,43
L0050,L0028,15.0,0.25,15
L0050,L0029,7.0,0.11666666666666667,7
L0050,L0030,7.0,0.11666666666666667,7
L0050,L0031,38.0,0.6333333333333333,38
L0050,L0032,52.0,0.8666666666666667,52
L0050,L0033,11.0,0.18333333333333332,11
L0050,L0034,50.0,0.8333333333333334,50
L0050,L0035,16.0,0.26666666666666666,16
L0050,L0036,34.0,0.5666666666666667,34
L0050,L0037,18.0,0.3,18
L0050,L0038,12.0,0.2,12
L0050,L0039,52.0,0.8666666666666667,52
L0050,L0040,15.0,0.25,15
L0050,L0041,16.0,0.26666666666666666,16
L0050,L0042,15.0,0.25,15
L0050,L0043,48.0,0.8,48
L0050,L0044,17.0,0.2833333333333333,17
L0050,L0045,22.0,0.36666666666666664,22
L0050,L0046,50.0,0.8333333333333334,50
L0050,L0047,33.0,0.55,33
L0050,L0048,41.0,0.6833333333333333,41
L0050,L0049,18.0,0.3,18
L0050,L0050,0.0,0.0,0
L0050,L0051,26.0,0.43333333333333335,26
L0050,L0052,56.0,0.9333333333333333,56
L0050,L0053,3.0,0.05,3
L0050,L0054,16.0,0.26666666666666666,16
L0050,L0055,53.0,0.8833333333333333,53
L0050,L0056,27.0,0.45,27
L0050,L0057,61.0,1.0166666666666666,61
L0050,L0058,10.0,0.16666666666666666,10
L0050,L0059,10.0,0.16666666666666666,10
L0050,L0060,10.0,0.16666666666666666,10
L0050,L0061,31.0,0.5166666666666667,31
L0050,L0062,17.0,0.2833333333333333,17
L0050,L0063,42.0,0.7,42
L0050,L0064,29.0,0.48333333333333334,29
L0050,L0065,34.0,0.5666666666666667,34
L0050,L0066,40.0,0.6666666666666666,40
L0050,L0067,23.0,0.38333333333333336,23
L0050,L0068,41.0,0.6833333333333333,41
L0050,L0069,24.0,0.4,24
L0050,L0070,29.0,0.48333333333333334,29
L0050,L0071,47.0,0.7833333333333333,47
L0050,L0072,43.0,0.7166666666666667,43
L0050,L0073,36.0,0.6,36
L0050,L0074,22.0,0.36666666666666664,22
L0050,L0075,16.0,0.26666666666666666,16
L0050,L0076,27.0,0.45,27
L0050,L0077,30.0,0.5,30
L0050,L0078,47.0,0.7833333333333333,47
L0051,L0000,36.0,0.6,36
L0051,L0001,59.0,0.9833333333333333,59
L0051,L0002,56.0,0.9333333333333333,56
L0051,L0003,31.0,0.5166666666666667,31
L0051,L0004,44.0,0.7333333333333333,44
L0051,L0005,6.0,0.1,6
L0051,L0006,31.0,0.5166666666666667,31
L0051,L0007,11.0,0.18333333333333332,11
L0051,L0008,39.0,0.65,39
L0051,L0009,48.0,0.8,48
L0051,L0010,45.0,0.75,45
L0051,L0011,49.0,0.8166666666666667,49
L0051,L0012,11.0,0.18333333333333332,11
L0051,L0013,49.0,0.8166666666666667,49
L0051,L0014,39.0,0.65,39
L0051,L0015,34.0,0.5666666666666667,34
L0051,L0016,51.0,0.85,51
L0051,L0017,18.0,0.3,18
L0051,L0018,20.0,0.3333333333333333,20
L0051,L0019,25.0,0.4166666666666667,25
L0051,L0020,45.0,0.75,45
L0051,L0021,51.0,0.85,51
L0051,L0022,20.0,0.3333333333333333,20
L0051,L0023,25.0,0.4166666666666667,25
L0051,L0024,34.0,0.5666666666666667,34
L0051,L0025,41.0,0.6833333333333333,41
L0051,L0026,14.0,0.23333333333333334,14
L0051,L0027,55.0,0.9166666666666666,55
L0051,L0028,36.0,0.6,36
L0051,L0029,21.0,0.35,21
L0051,L0030,26.0,0.43333333333333335,26
L0051,L0031,39.0,0.65,39
L0051,L0032,27.0,0.45,27
L0051,L0033,18.0,0.3,18
L0051,L0034,42.0,0.7,42
L0051,L0035,12.0,0.2,12
L0051,L0036,30.0,0.5,30
L0051,L0037,14.0,0.23333333333333334,14
L0051,L0038,15.0,0.25,15
L0051,L0039,27.0,0.45,27
L0051,L0040,28.0,0.4666666666666667,28
L0051,L0041,21.0,0.35,21
L0051,L0042,33.0,0.55,33
L0051,L0043,24.0,0.4,24
L0051,L0044,34.0,0.5666666666666667,34
L0051,L0045,37.0,0.6166666666666667,37
L0051,L0046,40.0,0.6666666666666666,40
L0051,L0047,43.0,0.7166666666666667,43
L0051,L0048,44.0,0.7333333333333333,44
L0051,L0049,11.0,0.18333333333333332,11
L0051,L0050,26.0,0.43333333333333335,26
L0051,L0051,0.0,0.0,0
L0051,L0052,35.0,0.5833333333333334,35
L0051,L0053,28.0,0.4666666666666667,28
L0051,L0054,31.0,0.5166666666666667,31
L0051,L0055,28.0,0.4666666666666667,28
L0051,L0056,41.0,0.6833333333333333,41
L0051,L0057,45.0,0.75,45
L0051,L0058,17.0,0.2833333333333333,17
L0051,L0059,33.0,0.55,33
L0051,L0060,20.0,0.3333333333333333,20
L0051,L0061,34.0,0.5666666666666667,34
L0051,L0062,18.0,0.3,18
L0051,L0063,50.0,0.8333333333333334,50
L0051,L0064,12.0,0.2,12
L0051,L0065,12.0,0.2,12
L0051,L0066,18.0,0.3,18
L0051,L0067,20.0,0.3333333333333333,20
L0051,L0068,53.0,0.8833333333333333,53
L0051,L0069,15.0,0.25,15
L0051,L0070,9.0,0.15,9
L0051,L0071,27.0,0.45,27
L0051,L0072,33.0,0.55,33
L0051,L0073,45.0,0.75,45
L0051,L0074,9.0,0.15,9
L0051,L0075,12.0,0.2,12
L0051,L0076,4.0,0.06666666666666667,4
L0051,L0077,40.0,0.6666666666666666,40
L0051,L0078,22.0,0.36666666666666664,22
L0052,L0000,69.0,1.15,69
L0052,L0001,65.0,1.0833333333333333,65
L0052,L0002,27.0,0.45,27
L0052,L0003,35.0,0.5833333333333334,35
L0052,L0004,14.0,0.23333333333333334,14
L0052,L0005,33.0,0.55,33
L0052,L0006,8.0,0.13333333333333333,8
L0052,L0007,44.0,0.7333333333333333,44
L0052,L0008,19.0,0.31666666666666665,19
L0052,L0009,26.0,0.43333333333333335,26
L0052,L0010,59.0,0.9833333333333333,59
L0052,L0011,38.0,0.6333333333333333,38
L0052,L0012,29.0,0.48333333333333334,29
L0052,L0013,49.0,0.8166666666666667,49
L0052,L0014,25.0,0.4166666666666667,25
L0052,L0015,3.0,0.05,3
L0052,L0016,30.0,0.5,30
L0052,L0017,26.0,0.43333333333333335,26
L0052,L0018,40.0,0.6666666666666666,40
L0052,L0019,57.0,0.95,57
L0052,L0020,51.0,0.85,51
L0052,L0021,23.0,0.38333333333333336,23
L0052,L0022,17.0,0.2833333333333333,17
L0052,L0023,39.0,0.65,39
L0052,L0024,67.0,1.1166666666666667,67
L0052,L0025,56.0,0.9333333333333333,56
L0052,L0026,27.0,0.45,27
L0052,L0027,60.0,1.0,60
L0052,L0028,58.0,0.9666666666666667,58
L0052,L0029,52.0,0.8666666666666667,52
L0052,L0030,58.0,0.9666666666666667,58
L0052,L0031,40.0,0.6666666666666666,40
L0052,L0032,27.0,0.45,27
L0052,L0033,51.0,0.85,51
L0052,L0034,29.0,0.48333333333333334,29
L0052,L0035,44.0,0.7333333333333333,44
L0052,L0036,32.0,0.5333333333333333,32
L0052,L0037,39.0,0.65,39
L0052,L0038,47.0,0.7833333333333333,47
L0052,L0039,24.0,0.4,24
L0052,L0040,48.0,0.8,48
L0052,L0041,43.0,0.7166666666666667,43
L0052,L0042,66.0,1.1,66
L0052,L0043,16.0,0.26666666666666666,16
L0052,L0044,67.0,1.1166666666666667,67
L0052,L0045,53.0,0.8833333333333333,53
L0052,L0046,24.0,0.4,24
L0052,L0047,51.0,0.85,51
L0052,L0048,44.0,0.7333333333333333,44
L0052,L0049,39.0,0.65,39
L0052,L0050,56.0,0.9333333333333333,56
L0052,L0051,35.0,0.5833333333333334,35
L0052,L0052,0.0,0.0,0
L0052,L0053,58.0,0.9666666666666667,58
L0052,L0054,65.0,1.0833333333333333,65
L0052,L0055,21.0,0.35,21
L0052,L0056,55.0,0.9166666666666666,55
L0052,L0057,13.0,0.21666666666666667,13
L0052,L0058,47.0,0.7833333333333333,47
L0052,L0059,64.0,1.0666666666666667,64
L0052,L0060,46.0,0.7666666666666667,46
L0052,L0061,40.0,0.6666666666666666,40
L0052,L0062,40.0,0.6666666666666666,40
L0052,L0063,54.0,0.9,54
L0052,L0064,43.0,0.7166666666666667,43
L0052,L0065,40.0,0.6666666666666666,40
L0052,L0066,18.0,0.3,18
L0052,L0067,36.0,0.6,36
L0052,L0068,60.0,1.0,60
L0052,L0069,49.0,0.8166666666666667,49
L0052,L0070,29.0,0.48333333333333334,29
L0052,L0071,10.0,0.16666666666666666,10
L0052,L0072,23.0,0.38333333333333336,23
L0052,L0073,52.0,0.8666666666666667,52
L0052,L0074,44.0,0.7333333333333333,44
L0052,L0075,43.0,0.7166666666666667,43
L0052,L0076,33.0,0.55,33
L0052,L0077,50.0,0.8333333333333334,50
L0052,L0078,22.0,0.36666666666666664,22
L0053,L0000,16.0,0.26666666666666666,16
L0053,L0001,47.0,0.7833333333333333,47
L0053,L0002,72.0,1.2,72
L0053,L0003,57.0,0.95,57
L0053,L0004,62.0,1.0333333333333334,62
L0053,L0005,33.0,0.55,33
L0053,L0006,56.0,0.9333333333333333,56
L0053,L0007,28.0,0.4666666666666667,28
L0053,L0008,54.0,0.9,54
L0053,L0009,61.0,1.0166666666666666,61
L0053,L0010,30.0,0.5,30
L0053,L0011,54.0,0.9,54
L0053,L0012,31.0,0.5166666666666667,31
L0053,L0013,45.0,0.75,45
L0053,L0014,50.0,0.8333333333333334,50
L0053,L0015,57.0,0.95,57
L0053,L0016,62.0,1.0333333333333334,62
L0053,L0017,34.0,0.5666666666666667,34
L0053,L0018,20.0,0.3333333333333333,20
L0053,L0019,8.0,0.13333333333333333,8
L0053,L0020,37.0,0.6166666666666667,37
L0053,L0021,67.0,1.1166666666666667,67
L0053,L0022,46.0,0.7666666666666667,46
L0053,L0023,25.0,0.4166666666666667,25
L0053,L0024,13.0,0.21666666666666667,13
L0053,L0025,27.0,0.45,27
L0053,L0026,32.0,0.5333333333333333,32
L0053,L0027,44.0,0.7333333333333333,44
L0053,L0028,15.0,0.25,15
L0053,L0029,9.0,0.15,9
L0053,L0030,7.0,0.11666666666666667,7
L0053,L0031,40.0,0.6666666666666666,40
L0053,L0032,54.0,0.9,54
L0053,L0033,12.0,0.2,12
L0053,L0034,52.0,0.8666666666666667,52
L0053,L0035,17.0,0.2833333333333333,17
L0053,L0036,36.0,0.6,36
L0053,L0037,20.0,0.3333333333333333,20
L0053,L0038,14.0,0.23333333333333334,14
L0053,L0039,54.0,0.9,54
L0053,L0040,17.0,0.2833333333333333,17
L0053,L0041,18.0,0.3,18
L0053,L0042,13.0,0.21666666666666667,13
L0053,L0043,51.0,0.85,51
L0053,L0044,15.0,0.25,15
L0053,L0045,23.0,0.38333333333333336,23
L0053,L0046,52.0,0.8666666666666667,52
L0053,L0047,35.0,0.5833333333333334,35
L0053,L0048,43.0,0.7166666666666667,43
L0053,L0049,20.0,0.3333333333333333,20
L0053,L0050,3.0,0.05,3
L0053,L0051,28.0,0.4666666666666667,28
L0053,L0052,58.0,0.9666666666666667,58
L0053,L0053,0.0,0.0,0
L0053,L0054,14.0,0.23333333333333334,14
L0053,L0055,55.0,0.9166666666666666,55
L0053,L0056,28.0,0.4666666666666667,28
L0053,L0057,64.0,1.0666666666666667,64
L0053,L0058,12.0,0.2,12
L0053,L0059,8.0,0.13333333333333333,8
L0053,L0060,13.0,0.21666666666666667,13
L0053,L0061,33.0,0.55,33
L0053,L0062,20.0,0.3333333333333333,20
L0053,L0063,44.0,0.7333333333333333,44
L0053,L0064,31.0,0.5166666666666667,31
L0053,L0065,35.0,0.5833333333333334,35
L0053,L0066,42.0,0.7,42
L0053,L0067,25.0,0.4166666666666667,25
L0053,L0068,41.0,0.6833333333333333,41
L0053,L0069,25.0,0.4166666666666667,25
L0053,L0070,31.0,0.5166666666666667,31
L0053,L0071,49.0,0.8166666666666667,49
L0053,L0072,45.0,0.75,45
L0053,L0073,37.0,0.6166666666666667,37
L0053,L0074,23.0,0.38333333333333336,23
L0053,L0075,18.0,0.3,18
L0053,L0076,29.0,0.48333333333333334,29
L0053,L0077,31.0,0.5166666666666667,31
L0053,L0078,49.0,0.8166666666666667,49
L0054,L0000,6.0,0.1,6
L0054,L0001,60.0,1.0,60
L0054,L0002,82.0,1.3666666666666667,82
L0054,L0003,56.0,0.9333333333333333,56
L0054,L0004,71.0,1.1833333333333333,71
L0054,L0005,35.0,0.5833333333333334,35
L0054,L0006,61.0,1.0166666666666666,61
L0054,L0007,26.0,0.43333333333333335,26
L0054,L0008,64.0,1.0666666666666667,64
L0054,L0009,71.0,1.1833333333333333,71
L0054,L0010,43.0,0.7166666666666667,43
L0054,L0011,66.0,1.1,66
L0054,L0012,37.0,0.6166666666666667,37
L0054,L0013,58.0,0.9666666666666667,58
L0054,L0014,61.0,1.0166666666666666,61
L0054,L0015,64.0,1.0666666666666667,64
L0054,L0016,73.0,1.2166666666666666,73
L0054,L0017,42.0,0.7,42
L0054,L0018,31.0,0.5166666666666667,31
L0054,L0019,10.0,0.16666666666666666,10
L0054,L0020,51.0,0.85,51
L0054,L0021,77.0,1.2833333333333334,77
L0054,L0022,50.0,0.8333333333333334,50
L0054,L0023,37.0,0.6166666666666667,37
L0054,L0024,6.0,0.1,6
L0054,L0025,40.0,0.6666666666666666,40
L0054,L0026,40.0,0.6666666666666666,40
L0054,L0027,58.0,0.9666666666666667,58
L0054,L0028,28.0,0.4666666666666667,28
L0054,L0029,15.0,0.25,15
L0054,L0030,10.0,0.16666666666666666,10
L0054,L0031,53.0,0.8833333333333333,53
L0054,L0032,55.0,0.9166666666666666,55
L0054,L0033,15.0,0.25,15
L0054,L0034,63.0,1.05,63
L0054,L0035,22.0,0.36666666666666664,22
L0054,L0036,47.0,0.7833333333333333,47
L0054,L0037,29.0,0.48333333333333334,29
L0054,L0038,19.0,0.31666666666666665,19
L0054,L0039,56.0,0.9333333333333333,56
L0054,L0040,30.0,0.5,30
L0054,L0041,30.0,0.5,30
L0054,L0042,5.0,0.08333333333333333,5
L0054,L0043,55.0,0.9166666666666666,55
L0054,L0044,4.0,0.06666666666666667,4
L0054,L0045,36.0,0.6,36
L0054,L0046,62.0,1.0333333333333334,62
L0054,L0047,48.0,0.8,48
L0054,L0048,56.0,0.9333333333333333,56
L0054,L0049,27.0,0.45,27
L0054,L0050,16.0,0.26666666666666666,16
L0054,L0051,31.0,0.5166666666666667,31
L0054,L0052,65.0,1.0833333333333333,65
L0054,L0053,14.0,0.23333333333333334,14
L0054,L0054,0.0,0.0,0
L0054,L0055,58.0,0.9666666666666667,58
L0054,L0056,41.0,0.6833333333333333,41
L0054,L0057,72.0,1.2,72
L0054,L0058,19.0,0.31666666666666665,19
L0054,L0059,9.0,0.15,9
L0054,L0060,23.0,0.38333333333333336,23
L0054,L0061,46.0,0.7666666666666667,46
L0054,L0062,30.0,0.5,30
L0054,L0063,57.0,0.95,57
L0054,L0064,29.0,0.48333333333333334,29
L0054,L0065,34.0,0.5666666666666667,34
L0054,L0066,48.0,0.8,48
L0054,L0067,36.0,0.6,36
L0054,L0068,55.0,0.9166666666666666,55
L0054,L0069,21.0,0.35,21
L0054,L0070,37.0,0.6166666666666667,37
L0054,L0071,56.0,0.9333333333333333,56
L0054,L0072,56.0,0.9333333333333333,56
L0054,L0073,51.0,0.85,51
L0054,L0074,23.0,0.38333333333333336,23
L0054,L0075,23.0,0.38333333333333336,23
L0054,L0076,33.0,0.55,33
L0054,L0077,44.0,0.7333333333333333,44
L0054,L0078,51.0,0.85,51
L0055,L0000,63.0,1.05,63
L0055,L0001,76.0,1.2666666666666666,76
L0055,L0002,47.0,0.7833333333333333,47
L0055,L0003,15.0,0.25,15
L0055,L0004,34.0,0.5666666666666667,34
L0055,L0005,24.0,0.4,24
L0055,L0006,14.0,0.23333333333333334,14
L0055,L0007,34.0,0.5666666666666667,34
L0055,L0008,37.0,0.6166666666666667,37
L0055,L0009,45.0,0.75,45
L0055,L0010,66.0,1.1,66
L0055,L0011,54.0,0.9,54
L0055,L0012,28.0,0.4666666666666667,28
L0055,L0013,61.0,1.0166666666666666,61
L0055,L0014,41.0,0.6833333333333333,41
L0055,L0015,19.0,0.31666666666666665,19
L0055,L0016,49.0,0.8166666666666667,49
L0055,L0017,30.0,0.5,30
L0055,L0018,42.0,0.7,42
L0055,L0019,52.0,0.8666666666666667,52
L0055,L0020,61.0,1.0166666666666666,61
L0055,L0021,43.0,0.7166666666666667,43
L0055,L0022,14.0,0.23333333333333334,14
L0055,L0023,44.0,0.7333333333333333,44
L0055,L0024,61.0,1.0166666666666666,61
L0055,L0025,62.0,1.0333333333333334,62
L0055,L0026,29.0,0.48333333333333334,29
L0055,L0027,71.0,1.1833333333333333,71
L0055,L0028,61.0,1.0166666666666666,61
L0055,L0029,48.0,0.8,48
L0055,L0030,54.0,0.9,54
L0055,L0031,52.0,0.8666666666666667,52
L0055,L0032,8.0,0.13333333333333333,8
L0055,L0033,46.0,0.7666666666666667,46
L0055,L0034,45.0,0.75,45
L0055,L0035,39.0,0.65,39
L0055,L0036,42.0,0.7,42
L0055,L0037,38.0,0.6333333333333333,38
L0055,L0038,43.0,0.7166666666666667,43
L0055,L0039,5.0,0.08333333333333333,5
L0055,L0040,51.0,0.85,51
L0055,L0041,45.0,0.75,45
L0055,L0042,61.0,1.0166666666666666,61
L0055,L0043,9.0,0.15,9
L0055,L0044,61.0,1.0166666666666666,61
L0055,L0045,59.0,0.9833333333333333,59
L0055,L0046,41.0,0.6833333333333333,41
L0055,L0047,60.0,1.0,60
L0055,L0048,56.0,0.9333333333333333,56
L0055,L0049,37.0,0.6166666666666667,37
L0055,L0050,53.0,0.8833333333333333,53
L0055,L0051,28.0,0.4666666666666667,28
L0055,L0052,21.0,0.35,21
L0055,L0053,55.0,0.9166666666666666,55
L0055,L0054,58.0,0.9666666666666667,58
L0055,L0055,0.0,0.0,0
L0055,L0056,62.0,1.0333333333333334,62
L0055,L0057,33.0,0.55,33
L0055,L0058,44.0,0.7333333333333333,44
L0055,L0059,60.0,1.0,60
L0055,L0060,45.0,0.75,45
L0055,L0061,50.0,0.8333333333333334,50
L0055,L0062,41.0,0.6833333333333333,41
L0055,L0063,65.0,1.0833333333333333,65
L0055,L0064,32.0,0.5333333333333333,32
L0055,L0065,27.0,0.45,27
L0055,L0066,17.0,0.2833333333333333,17
L0055,L0067,40.0,0.6666666666666666,40
L0055,L0068,70.0,1.1666666666666667,70
L0055,L0069,39.0,0.65,39
L0055,L0070,26.0,0.43333333333333335,26
L0055,L0071,20.0,0.3333333333333333,20
L0055,L0072,37.0,0.6166666666666667,37
L0055,L0073,62.0,1.0333333333333334,62
L0055,L0074,35.0,0.5833333333333334,35
L0055,L0075,39.0,0.65,39
L0055,L0076,27.0,0.45,27
L0055,L0077,59.0,0.9833333333333333,59
L0055,L0078,8.0,0.13333333333333333,8
L0056,L0000,43.0,0.7166666666666667,43
L0056,L0001,20.0,0.3333333333333333,20
L0056,L0002,59.0,0.9833333333333333,59
L0056,L0003,70.0,1.1666666666666667,70
L0056,L0004,53.0,0.8833333333333333,53
L0056,L0005,45.0,0.75,45
L0056,L0006,56.0,0.9333333333333333,56
L0056,L0007,47.0,0.7833333333333333,47
L0056,L0008,43.0,0.7166666666666667,43
L0056,L0009,46.0,0.7666666666666667,46
L0056,L0010,5.0,0.08333333333333333,5
L0056,L0011,34.0,0.5666666666666667,34
L0056,L0012,36.0,0.6,36
L0056,L0013,21.0,0.35,21
L0056,L0014,37.0,0.6166666666666667,37
L0056,L0015,55.0,0.9166666666666666,55
L0056,L0016,46.0,0.7666666666666667,46
L0056,L0017,33.0,0.55,33
L0056,L0018,22.0,0.36666666666666664,22
L0056,L0019,34.0,0.5666666666666667,34
L0056,L0020,12.0,0.2,12
L0056,L0021,55.0,0.9166666666666666,55
L0056,L0022,49.0,0.8166666666666667,49
L0056,L0023,19.0,0.31666666666666665,19
L0056,L0024,39.0,0.65,39
L0056,L0025,3.0,0.05,3
L0056,L0026,35.0,0.5833333333333334,35
L0056,L0027,17.0,0.2833333333333333,17
L0056,L0028,15.0,0.25,15
L0056,L0029,31.0,0.5166666666666667,31
L0056,L0030,33.0,0.55,33
L0056,L0031,21.0,0.35,21
L0056,L0032,63.0,1.05,63
L0056,L0033,35.0,0.5833333333333334,35
L0056,L0034,37.0,0.6166666666666667,37
L0056,L0035,34.0,0.5666666666666667,34
L0056,L0036,25.0,0.4166666666666667,25
L0056,L0037,28.0,0.4666666666666667,28
L0056,L0038,33.0,0.55,33
L0056,L0039,63.0,1.05,63
L0056,L0040,15.0,0.25,15
L0056,L0041,21.0,0.35,21
L0056,L0042,39.0,0.65,39
L0056,L0043,55.0,0.9166666666666666,55
L0056,L0044,42.0,0.7,42
L0056,L0045,6.0,0.1,6
L0056,L0046,39.0,0.65,39
L0056,L0047,10.0,0.16666666666666666,10
L0056,L0048,21.0,0.35,21
L0056,L0049,31.0,0.5166666666666667,31
L0056,L0050,27.0,0.45,27
L0056,L0051,41.0,0.6833333333333333,41
L0056,L0052,55.0,0.9166666666666666,55
L0056,L0053,28.0,0.4666666666666667,28
L0056,L0054,41.0,0.6833333333333333,41
L0056,L0055,62.0,1.0333333333333334,62
L0056,L0056,0.0,0.0,0
L0056,L0057,56.0,0.9333333333333333,56
L0056,L0058,31.0,0.5166666666666667,31
L0056,L0059,34.0,0.5666666666666667,34
L0056,L0060,25.0,0.4166666666666667,25
L0056,L0061,16.0,0.26666666666666666,16
L0056,L0062,24.0,0.4,24
L0056,L0063,17.0,0.2833333333333333,17
L0056,L0064,49.0,0.8166666666666667,49
L0056,L0065,52.0,0.8666666666666667,52
L0056,L0066,46.0,0.7666666666666667,46
L0056,L0067,24.0,0.4,24
L0056,L0068,14.0,0.23333333333333334,14
L0056,L0069,47.0,0.7833333333333333,47
L0056,L0070,39.0,0.65,39
L0056,L0071,48.0,0.8,48
L0056,L0072,35.0,0.5833333333333334,35
L0056,L0073,11.0,0.18333333333333332,11
L0056,L0074,42.0,0.7,42
L0056,L0075,33.0,0.55,33
L0056,L0076,40.0,0.6666666666666666,40
L0056,L0077,7.0,0.11666666666666667,7
L0056,L0078,56.0,0.9333333333333333,56
L0057,L0000,76.0,1.2666666666666666,76
L0057,L0001,62.0,1.0333333333333334,62
L0057,L0002,15.0,0.25,15
L0057,L0003,47.0,0.7833333333333333,47
L0057,L0004,4.0,0.06666666666666667,4
L0057,L0005,43.0,0.7166666666666667,43
L0057,L0006,20.0,0.3333333333333333,20
L0057,L0007,54.0,0.9,54
L0057,L0008,14.0,0.23333333333333334,14
L0057,L0009,17.0,0.2833333333333333,17
L0057,L0010,59.0,0.9833333333333333,59
L0057,L0011,31.0,0.5166666666666667,31
L0057,L0012,36.0,0.6,36
L0057,L0013,45.0,0.75,45
L0057,L0014,21.0,0.35,21
L0057,L0015,15.0,0.25,15
L0057,L0016,20.0,0.3333333333333333,20
L0057,L0017,31.0,0.5166666666666667,31
L0057,L0018,45.0,0.75,45
L0057,L0019,64.0,1.0666666666666667,64
L0057,L0020,49.0,0.8166666666666667,49
L0057,L0021,11.0,0.18333333333333332,11
L0057,L0022,28.0,0.4666666666666667,28
L0057,L0023,42.0,0.7,42
L0057,L0024,74.0,1.2333333333333334,74
L0057,L0025,57.0,0.95,57
L0057,L0026,34.0,0.5666666666666667,34
L0057,L0027,57.0,0.95,57
L0057,L0028,61.0,1.0166666666666666,61
L0057,L0029,58.0,0.9666666666666667,58
L0057,L0030,65.0,1.0833333333333333,65
L0057,L0031,37.0,0.6166666666666667,37
L0057,L0032,39.0,0.65,39
L0057,L0033,59.0,0.9833333333333333,59
L0057,L0034,23.0,0.38333333333333336,23
L0057,L0035,51.0,0.85,51
L0057,L0036,32.0,0.5333333333333333,32
L0057,L0037,45.0,0.75,45
L0057,L0038,54.0,0.9,54
L0057,L0039,37.0,0.6166666666666667,37
L0057,L0040,51.0,0.85,51
L0057,L0041,47.0,0.7833333333333333,47
L0057,L0042,73.0,1.2166666666666666,73
L0057,L0043,28.0,0.4666666666666667,28
L0057,L0044,75.0,1.25,75
L0057,L0045,55.0,0.9166666666666666,55
L0057,L0046,19.0,0.31666666666666665,19
L0057,L0047,49.0,0.8166666666666667,49
L0057,L0048,40.0,0.6666666666666666,40
L0057,L0049,46.0,0.7666666666666667,46
L0057,L0050,61.0,1.0166666666666666,61
L0057,L0051,45.0,0.75,45
L0057,L0052,13.0,0.21666666666666667,13
L0057,L0053,64.0,1.0666666666666667,64
L0057,L0054,72.0,1.2,72
L0057,L0055,33.0,0.55,33
L0057,L0056,56.0,0.9333333333333333,56
L0057,L0057,0.0,0.0,0
L0057,L0058,54.0,0.9,54
L0057,L0059,71.0,1.1833333333333333,71
L0057,L0060,52.0,0.8666666666666667,52
L0057,L0061,40.0,0.6666666666666666,40
L0057,L0062,45.0,0.75,45
L0057,L0063,50.0,0.8333333333333334,50
L0057,L0064,54.0,0.9,54
L0057,L0065,51.0,0.85,51
L0057,L0066,28.0,0.4666666666666667,28
L0057,L0067,40.0,0.6666666666666666,40
L0057,L0068,58.0,0.9666666666666667,58
L0057,L0069,59.0,0.9833333333333333,59
L0057,L0070,37.0,0.6166666666666667,37
L0057,L0071,19.0,0.31666666666666665,19
L0057,L0072,22.0,0.36666666666666664,22
L0057,L0073,50.0,0.8333333333333334,50
L0057,L0074,53.0,0.8833333333333333,53
L0057,L0075,50.0,0.8333333333333334,50
L0057,L0076,42.0,0.7,42
L0057,L0077,50.0,0.8333333333333334,50
L0057,L0078,34.0,0.5666666666666667,34
L0058,L0000,23.0,0.38333333333333336,23
L0058,L0001,50.0,0.8333333333333334,50
L0058,L0002,64.0,1.0666666666666667,64
L0058,L0003,46.0,0.7666666666666667,46
L0058,L0004,53.0,0.8833333333333333,53
L0058,L0005,21.0,0.35,21
L0058,L0006,45.0,0.75,45
L0058,L0007,18.0,0.3,18
L0058,L0008,46.0,0.7666666666666667,46
L0058,L0009,53.0,0.8833333333333333,53
L0058,L0010,34.0,0.5666666666666667,34
L0058,L0011,49.0,0.8166666666666667,49
L0058,L0012,20.0,0.3333333333333333,20
L0058,L0013,44.0,0.7333333333333333,44
L0058,L0014,43.0,0.7166666666666667,43
L0058,L0015,47.0,0.7833333333333333,47
L0058,L0016,55.0,0.9166666666666666,55
L0058,L0017,24.0,0.4,24
L0058,L0018,14.0,0.23333333333333334,14
L0058,L0019,11.0,0.18333333333333332,11
L0058,L0020,37.0,0.6166666666666667,37
L0058,L0021,59.0,0.9833333333333333,59
L0058,L0022,34.0,0.5666666666666667,34
L0058,L0023,20.0,0.3333333333333333,20
L0058,L0024,21.0,0.35,21
L0058,L0025,30.0,0.5,30
L0058,L0026,22.0,0.36666666666666664,22
L0058,L0027,46.0,0.7666666666666667,46
L0058,L0028,21.0,0.35,21
L0058,L0029,5.0,0.08333333333333333,5
L0058,L0030,12.0,0.2,12
L0058,L0031,36.0,0.6,36
L0058,L0032,43.0,0.7166666666666667,43
L0058,L0033,6.0,0.1,6
L0058,L0034,45.0,0.75,45
L0058,L0035,6.0,0.1,6
L0058,L0036,30.0,0.5,30
L0058,L0037,10.0,0.16666666666666666,10
L0058,L0038,3.0,0.05,3
L0058,L0039,43.0,0.7166666666666667,43
L0058,L0040,17.0,0.2833333333333333,17
L0058,L0041,13.0,0.21666666666666667,13
L0058,L0042,20.0,0.3333333333333333,20
L0058,L0043,39.0,0.65,39
L0058,L0044,21.0,0.35,21
L0058,L0045,25.0,0.4166666666666667,25
L0058,L0046,44.0,0.7333333333333333,44
L0058,L0047,35.0,0.5833333333333334,35
L0058,L0048,40.0,0.6666666666666666,40
L0058,L0049,9.0,0.15,9
L0058,L0050,10.0,0.16666666666666666,10
L0058,L0051,17.0,0.2833333333333333,17
L0058,L0052,47.0,0.7833333333333333,47
L0058,L0053,12.0,0.2,12
L0058,L0054,19.0,0.31666666666666665,19
L0058,L0055,44.0,0.7333333333333333,44
L0058,L0056,31.0,0.5166666666666667,31
L0058,L0057,54.0,0.9,54
L0058,L0058,0.0,0.0,0
L0058,L0059,18.0,0.3,18
L0058,L0060,7.0,0.11666666666666667,7
L0058,L0061,30.0,0.5,30
L0058,L0062,12.0,0.2,12
L0058,L0063,44.0,0.7333333333333333,44
L0058,L0064,21.0,0.35,21
L0058,L0065,25.0,0.4166666666666667,25
L0058,L0066,31.0,0.5166666666666667,31
L0058,L0067,18.0,0.3,18
L0058,L0068,44.0,0.7333333333333333,44
L0058,L0069,17.0,0.2833333333333333,17
L0058,L0070,20.0,0.3333333333333333,20
L0058,L0071,39.0,0.65,39
L0058,L0072,38.0,0.6333333333333333,38
L0058,L0073,37.0,0.6166666666666667,37
L0058,L0074,13.0,0.21666666666666667,13
L0058,L0075,6.0,0.1,6
L0058,L0076,18.0,0.3,18
L0058,L0077,31.0,0.5166666666666667,31
L0058,L0078,37.0,0.6166666666666667,37
L0059,L0000,10.0,0.16666666666666666,10
L0059,L0001,53.0,0.8833333333333333,53
L0059,L0002,79.0,1.3166666666666667,79
L0059,L0003,60.0,1.0,60
L0059,L0004,69.0,1.15,69
L0059,L0005,37.0,0.6166666666666667,37
L0059,L0006,61.0,1.0166666666666666,61
L0059,L0007,30.0,0.5,30
L0059,L0008,61.0,1.0166666666666666,61
L0059,L0009,68.0,1.1333333333333333,68
L0059,L0010,36.0,0.6,36
L0059,L0011,61.0,1.0166666666666666,61
L0059,L0012,37.0,0.6166666666666667,37
L0059,L0013,52.0,0.8666666666666667,52
L0059,L0014,57.0,0.95,57
L0059,L0015,63.0,1.05,63
L0059,L0016,69.0,1.15,69
L0059,L0017,41.0,0.6833333333333333,41
L0059,L0018,27.0,0.45,27
L0059,L0019,9.0,0.15,9
L0059,L0020,44.0,0.7333333333333333,44
L0059,L0021,74.0,1.2333333333333334,74
L0059,L0022,51.0,0.85,51
L0059,L0023,33.0,0.55,33
L0059,L0024,6.0,0.1,6
L0059,L0025,33.0,0.55,33
L0059,L0026,38.0,0.6333333333333333,38
L0059,L0027,50.0,0.8333333333333334,50
L0059,L0028,20.0,0.3333333333333333,20
L0059,L0029,14.0,0.23333333333333334,14
L0059,L0030,7.0,0.11666666666666667,7
L0059,L0031,47.0,0.7833333333333333,47
L0059,L0032,58.0,0.9666666666666667,58
L0059,L0033,15.0,0.25,15
L0059,L0034,59.0,0.9833333333333333,59
L0059,L0035,22.0,0.36666666666666664,22
L0059,L0036,43.0,0.7166666666666667,43
L0059,L0037,27.0,0.45,27
L0059,L0038,19.0,0.31666666666666665,19
L0059,L0039,58.0,0.9666666666666667,58
L0059,L0040,24.0,0.4,24
L0059,L0041,25.0,0.4166666666666667,25
L0059,L0042,6.0,0.1,6
L0059,L0043,56.0,0.9333333333333333,56
L0059,L0044,9.0,0.15,9
L0059,L0045,29.0,0.48333333333333334,29
L0059,L0046,59.0,0.9833333333333333,59
L0059,L0047,41.0,0.6833333333333333,41
L0059,L0048,50.0,0.8333333333333334,50
L0059,L0049,26.0,0.43333333333333335,26
L0059,L0050,10.0,0.16666666666666666,10
L0059,L0051,33.0,0.55,33
L0059,L0052,64.0,1.0666666666666667,64
L0059,L0053,8.0,0.13333333333333333,8
L0059,L0054,9.0,0.15,9
L0059,L0055,60.0,1.0,60
L0059,L0056,34.0,0.5666666666666667,34
L0059,L0057,71.0,1.1833333333333333,71
L0059,L0058,18.0,0.3,18
L0059,L0059,0.0,0.0,0
L0059,L0060,20.0,0.3333333333333333,20
L0059,L0061,40.0,0.6666666666666666,40
L0059,L0062,27.0,0.45,27
L0059,L0063,50.0,0.8333333333333334,50
L0059,L0064,33.0,0.55,33
L0059,L0065,38.0,0.6333333333333333,38
L0059,L0066,48.0,0.8,48
L0059,L0067,32.0,0.5333333333333333,32
L0059,L0068,47.0,0.7833333333333333,47
L0059,L0069,26.0,0.43333333333333335,26
L0059,L0070,37.0,0.6166666666666667,37
L0059,L0071,55.0,0.9166666666666666,55
L0059,L0072,53.0,0.8833333333333333,53
L0059,L0073,44.0,0.7333333333333333,44
L0059,L0074,26.0,0.43333333333333335,26
L0059,L0075,23.0,0.38333333333333336,23
L0059,L0076,34.0,0.5666666666666667,34
L0059,L0077,37.0,0.6166666666666667,37
L0059,L0078,53.0,0.8833333333333333,53
L0060,L0000,26.0,0.43333333333333335,26
L0060,L0001,44.0,0.7333333333333333,44
L0060,L0002,61.0,1.0166666666666666,61
L0060,L0003,49.0,0.8166666666666667,49
L0060,L0004,50.0,0.8333333333333334,50
L0060,L0005,24.0,0.4,24
L0060,L0006,44.0,0.7333333333333333,44
L0060,L0007,23.0,0.38333333333333336,23
L0060,L0008,42.0,0.7,42
L0060,L0009,50.0,0.8333333333333334,50
L0060,L0010,28.0,0.4666666666666667,28
L0060,L0011,44.0,0.7333333333333333,44
L0060,L0012,20.0,0.3333333333333333,20
L0060,L0013,38.0,0.6333333333333333,38
L0060,L0014,39.0,0.65,39
L0060,L0015,46.0,0.7666666666666667,46
L0060,L0016,51.0,0.85,51
L0060,L0017,22.0,0.36666666666666664,22
L0060,L0018,9.0,0.15,9
L0060,L0019,14.0,0.23333333333333334,14
L0060,L0020,31.0,0.5166666666666667,31
L0060,L0021,56.0,0.9333333333333333,56
L0060,L0022,35.0,0.5833333333333334,35
L0060,L0023,15.0,0.25,15
L0060,L0024,23.0,0.38333333333333336,23
L0060,L0025,24.0,0.4,24
L0060,L0026,21.0,0.35,21
L0060,L0027,40.0,0.6666666666666666,40
L0060,L0028,17.0,0.2833333333333333,17
L0060,L0029,9.0,0.15,9
L0060,L0030,15.0,0.25,15
L0060,L0031,31.0,0.5166666666666667,31
L0060,L0032,45.0,0.75,45
L0060,L0033,12.0,0.2,12
L0060,L0034,41.0,0.6833333333333333,41
L0060,L0035,10.0,0.16666666666666666,10
L0060,L0036,25.0,0.4166666666666667,25
L0060,L0037,9.0,0.15,9
L0060,L0038,9.0,0.15,9
L0060,L0039,45.0,0.75,45
L0060,L0040,11.0,0.18333333333333332,11
L0060,L0041,8.0,0.13333333333333333,8
L0060,L0042,23.0,0.38333333333333336,23
L0060,L0043,40.0,0.6666666666666666,40
L0060,L0044,25.0,0.4166666666666667,25
L0060,L0045,20.0,0.3333333333333333,20
L0060,L0046,41.0,0.6833333333333333,41
L0060,L0047,29.0,0.48333333333333334,29
L0060,L0048,35.0,0.5833333333333334,35
L0060,L0049,10.0,0.16666666666666666,10
L0060,L0050,10.0,0.16666666666666666,10
L0060,L0051,20.0,0.3333333333333333,20
L0060,L0052,46.0,0.7666666666666667,46
L0060,L0053,13.0,0.21666666666666667,13
L0060,L0054,23.0,0.38333333333333336,23
L0060,L0055,45.0,0.75,45
L0060,L0056,25.0,0.4166666666666667,25
L0060,L0057,52.0,0.8666666666666667,52
L0060,L0058,7.0,0.11666666666666667,7
L0060,L0059,20.0,0.3333333333333333,20
L0060,L0060,0.0,0.0,0
L0060,L0061,24.0,0.4,24
L0060,L0062,8.0,0.13333333333333333,8
L0060,L0063,38.0,0.6333333333333333,38
L0060,L0064,26.0,0.43333333333333335,26
L0060,L0065,29.0,0.48333333333333334,29
L0060,L0066,31.0,0.5166666666666667,31
L0060,L0067,14.0,0.23333333333333334,14
L0060,L0068,38.0,0.6333333333333333,38
L0060,L0069,23.0,0.38333333333333336,23
L0060,L0070,21.0,0.35,21
L0060,L0071,38.0,0.6333333333333333,38
L0060,L0072,34.0,0.5666666666666667,34
L0060,L0073,32.0,0.5333333333333333,32
L0060,L0074,18.0,0.3,18
L0060,L0075,9.0,0.15,9
L0060,L0076,20.0,0.3333333333333333,20
L0060,L0077,26.0,0.43333333333333335,26
L0060,L0078,39.0,0.65,39
L0061,L0000,48.0,0.8,48
L0061,L0001,28.0,0.4666666666666667,28
L0061,L0002,44.0,0.7333333333333333,44
L0061,L0003,59.0,0.9833333333333333,59
L0061,L0004,38.0,0.6333333333333333,38
L0061,L0005,37.0,0.6166666666666667,37
L0061,L0006,42.0,0.7,42
L0061,L0007,42.0,0.7,42
L0061,L0008,28.0,0.4666666666666667,28
L0061,L0009,32.0,0.5333333333333333,32
L0061,L0010,20.0,0.3333333333333333,20
L0061,L0011,22.0,0.36666666666666664,22
L0061,L0012,26.0,0.43333333333333335,26
L0061,L0013,16.0,0.26666666666666666,16
L0061,L0014,22.0,0.36666666666666664,22
L0061,L0015,41.0,0.6833333333333333,41
L0061,L0016,32.0,0.5333333333333333,32
L0061,L0017,21.0,0.35,21
L0061,L0018,17.0,0.2833333333333333,17
L0061,L0019,37.0,0.6166666666666667,37
L0061,L0020,13.0,0.21666666666666667,13
L0061,L0021,40.0,0.6666666666666666,40
L0061,L0022,37.0,0.6166666666666667,37
L0061,L0023,11.0,0.18333333333333332,11
L0061,L0024,45.0,0.75,45
L0061,L0025,17.0,0.2833333333333333,17
L0061,L0026,24.0,0.4,24
L0061,L0027,23.0,0.38333333333333336,23
L0061,L0028,25.0,0.4166666666666667,25
L0061,L0029,32.0,0.5333333333333333,32
L0061,L0030,37.0,0.6166666666666667,37
L0061,L0031,8.0,0.13333333333333333,8
L0061,L0032,52.0,0.8666666666666667,52
L0061,L0033,35.0,0.5833333333333334,35
L0061,L0034,22.0,0.36666666666666664,22
L0061,L0035,31.0,0.5166666666666667,31
L0061,L0036,10.0,0.16666666666666666,10
L0061,L0037,23.0,0.38333333333333336,23
L0061,L0038,31.0,0.5166666666666667,31
L0061,L0039,51.0,0.85,51
L0061,L0040,17.0,0.2833333333333333,17
L0061,L0041,18.0,0.3,18
L0061,L0042,45.0,0.75,45
L0061,L0043,42.0,0.7,42
L0061,L0044,47.0,0.7833333333333333,47
L0061,L0045,16.0,0.26666666666666666,16
L0061,L0046,24.0,0.4,24
L0061,L0047,12.0,0.2,12
L0061,L0048,12.0,0.2,12
L0061,L0049,26.0,0.43333333333333335,26
L0061,L0050,31.0,0.5166666666666667,31
L0061,L0051,34.0,0.5666666666666667,34
L0061,L0052,40.0,0.6666666666666666,40
L0061,L0053,33.0,0.55,33
L0061,L0054,46.0,0.7666666666666667,46
L0061,L0055,50.0,0.8333333333333334,50
L0061,L0056,16.0,0.26666666666666666,16
L0061,L0057,40.0,0.6666666666666666,40
L0061,L0058,30.0,0.5,30
L0061,L0059,40.0,0.6666666666666666,40
L0061,L0060,24.0,0.4,24
L0061,L0061,0.0,0.0,0
L0061,L0062,19.0,0.31666666666666665,19
L0061,L0063,18.0,0.3,18
L0061,L0064,44.0,0.7333333333333333,44
L0061,L0065,45.0,0.75,45
L0061,L0066,34.0,0.5666666666666667,34
L0061,L0067,15.0,0.25,15
L0061,L0068,22.0,0.36666666666666664,22
L0061,L0069,44.0,0.7333333333333333,44
L0061,L0070,29.0,0.48333333333333334,29
L0061,L0071,34.0,0.5666666666666667,34
L0061,L0072,19.0,0.31666666666666665,19
L0061,L0073,13.0,0.21666666666666667,13
L0061,L0074,38.0,0.6333333333333333,38
L0061,L0075,29.0,0.48333333333333334,29
L0061,L0076,32.0,0.5333333333333333,32
L0061,L0077,11.0,0.18333333333333332,11
L0061,L0078,44.0,0.7333333333333333,44
L0062,L0000,33.0,0.55,33
L0062,L0001,42.0,0.7,42
L0062,L0002,54.0,0.9,54
L0062,L0003,47.0,0.7833333333333333,47
L0062,L0004,43.0,0.7166666666666667,43
L0062,L0005,22.0,0.36666666666666664,22
L0062,L0006,39.0,0.65,39
L0062,L0007,25.0,0.4166666666666667,25
L0062,L0008,35.0,0.5833333333333334,35
L0062,L0009,43.0,0.7166666666666667,43
L0062,L0010,28.0,0.4666666666666667,28
L0062,L0011,38.0,0.6333333333333333,38
L0062,L0012,15.0,0.25,15
L0062,L0013,33.0,0.55,33
L0062,L0014,32.0,0.5333333333333333,32
L0062,L0015,40.0,0.6666666666666666,40
L0062,L0016,44.0,0.7333333333333333,44
L0062,L0017,16.0,0.26666666666666666,16
L0062,L0018,3.0,0.05,3
L0062,L0019,21.0,0.35,21
L0062,L0020,28.0,0.4666666666666667,28
L0062,L0021,49.0,0.8166666666666667,49
L0062,L0022,30.0,0.5,30
L0062,L0023,9.0,0.15,9
L0062,L0024,30.0,0.5,30
L0062,L0025,24.0,0.4,24
L0062,L0026,15.0,0.25,15
L0062,L0027,38.0,0.6333333333333333,38
L0062,L0028,20.0,0.3333333333333333,20
L0062,L0029,16.0,0.26666666666666666,16
L0062,L0030,22.0,0.36666666666666664,22
L0062,L0031,25.0,0.4166666666666667,25
L0062,L0032,42.0,0.7,42
L0062,L0033,18.0,0.3,18
L0062,L0034,34.0,0.5666666666666667,34
L0062,L0035,13.0,0.21666666666666667,13
L0062,L0036,18.0,0.3,18
L0062,L0037,5.0,0.08333333333333333,5
L0062,L0038,14.0,0.23333333333333334,14
L0062,L0039,41.0,0.6833333333333333,41
L0062,L0040,11.0,0.18333333333333332,11
L0062,L0041,4.0,0.06666666666666667,4
L0062,L0042,30.0,0.5,30
L0062,L0043,35.0,0.5833333333333334,35
L0062,L0044,32.0,0.5333333333333333,32
L0062,L0045,19.0,0.31666666666666665,19
L0062,L0046,34.0,0.5666666666666667,34
L0062,L0047,26.0,0.43333333333333335,26
L0062,L0048,30.0,0.5,30
L0062,L0049,8.0,0.13333333333333333,8
L0062,L0050,17.0,0.2833333333333333,17
L0062,L0051,18.0,0.3,18
L0062,L0052,40.0,0.6666666666666666,40
L0062,L0053,20.0,0.3333333333333333,20
L0062,L0054,30.0,0.5,30
L0062,L0055,41.0,0.6833333333333333,41
L0062,L0056,24.0,0.4,24
L0062,L0057,45.0,0.75,45
L0062,L0058,12.0,0.2,12
L0062,L0059,27.0,0.45,27
L0062,L0060,8.0,0.13333333333333333,8
L0062,L0061,19.0,0.31666666666666665,19
L0062,L0062,0.0,0.0,0
L0062,L0063,34.0,0.5666666666666667,34
L0062,L0064,27.0,0.45,27
L0062,L0065,29.0,0.48333333333333334,29
L0062,L0066,26.0,0.43333333333333335,26
L0062,L0067,7.0,0.11666666666666667,7
L0062,L0068,36.0,0.6,36
L0062,L0069,26.0,0.43333333333333335,26
L0062,L0070,17.0,0.2833333333333333,17
L0062,L0071,31.0,0.5166666666666667,31
L0062,L0072,27.0,0.45,27
L0062,L0073,28.0,0.4666666666666667,28
L0062,L0074,20.0,0.3333333333333333,20
L0062,L0075,11.0,0.18333333333333332,11
L0062,L0076,17.0,0.2833333333333333,17
L0062,L0077,23.0,0.38333333333333336,23
L0062,L0078,35.0,0.5833333333333334,35
L0063,L0000,59.0,0.9833333333333333,59
L0063,L0001,13.0,0.21666666666666667,13
L0063,L0002,50.0,0.8333333333333334,50
L0063,L0003,75.0,1.25,75
L0063,L0004,48.0,0.8,48
L0063,L0005,53.0,0.8833333333333333,53
L0063,L0006,56.0,0.9333333333333333,56
L0063,L0007,58.0,0.9666666666666667,58
L0063,L0008,37.0,0.6166666666666667,37
L0063,L0009,37.0,0.6166666666666667,37
L0063,L0010,17.0,0.2833333333333333,17
L0063,L0011,22.0,0.36666666666666664,22
L0063,L0012,43.0,0.7166666666666667,43
L0063,L0013,7.0,0.11666666666666667,7
L0063,L0014,30.0,0.5,30
L0063,L0015,54.0,0.9,54
L0063,L0016,36.0,0.6,36
L0063,L0017,37.0,0.6166666666666667,37
L0063,L0018,32.0,0.5333333333333333,32
L0063,L0019,49.0,0.8166666666666667,49
L0063,L0020,8.0,0.13333333333333333,8
L0063,L0021,46.0,0.7666666666666667,46
L0063,L0022,53.0,0.8833333333333333,53
L0063,L0023,26.0,0.43333333333333335,26
L0063,L0024,55.0,0.9166666666666666,55
L0063,L0025,19.0,0.31666666666666665,19
L0063,L0026,40.0,0.6666666666666666,40
L0063,L0027,8.0,0.13333333333333333,8
L0063,L0028,31.0,0.5166666666666667,31
L0063,L0029,45.0,0.75,45
L0063,L0030,49.0,0.8166666666666667,49
L0063,L0031,15.0,0.25,15
L0063,L0032,68.0,1.1333333333333333,68
L0063,L0033,49.0,0.8166666666666667,49
L0063,L0034,29.0,0.48333333333333334,29
L0063,L0035,46.0,0.7666666666666667,46
L0063,L0036,25.0,0.4166666666666667,25
L0063,L0037,38.0,0.6333333333333333,38
L0063,L0038,46.0,0.7666666666666667,46
L0063,L0039,67.0,1.1166666666666667,67
L0063,L0040,29.0,0.48333333333333334,29
L0063,L0041,32.0,0.5333333333333333,32
L0063,L0042,55.0,0.9166666666666666,55
L0063,L0043,58.0,0.9666666666666667,58
L0063,L0044,58.0,0.9666666666666667,58
L0063,L0045,22.0,0.36666666666666664,22
L0063,L0046,32.0,0.5333333333333333,32
L0063,L0047,10.0,0.16666666666666666,10
L0063,L0048,11.0,0.18333333333333332,11
L0063,L0049,42.0,0.7,42
L0063,L0050,42.0,0.7,42
L0063,L0051,50.0,0.8333333333333334,50
L0063,L0052,54.0,0.9,54
L0063,L0053,44.0,0.7333333333333333,44
L0063,L0054,57.0,0.95,57
L0063,L0055,65.0,1.0833333333333333,65
L0063,L0056,17.0,0.2833333333333333,17
L0063,L0057,50.0,0.8333333333333334,50
L0063,L0058,44.0,0.7333333333333333,44
L0063,L0059,50.0,0.8333333333333334,50
L0063,L0060,38.0,0.6333333333333333,38
L0063,L0061,18.0,0.3,18
L0063,L0062,34.0,0.5666666666666667,34
L0063,L0063,0.0,0.0,0
L0063,L0064,60.0,1.0,60
L0063,L0065,62.0,1.0333333333333334,62
L0063,L0066,50.0,0.8333333333333334,50
L0063,L0067,31.0,0.5166666666666667,31
L0063,L0068,9.0,0.15,9
L0063,L0069,59.0,0.9833333333333333,59
L0063,L0070,46.0,0.7666666666666667,46
L0063,L0071,48.0,0.8,48
L0063,L0072,31.0,0.5166666666666667,31
L0063,L0073,7.0,0.11666666666666667,7
L0063,L0074,53.0,0.8833333333333333,53
L0063,L0075,44.0,0.7333333333333333,44
L0063,L0076,49.0,0.8166666666666667,49
L0063,L0077,14.0,0.23333333333333334,14
L0063,L0078,60.0,1.0,60
L0064,L0000,33.0,0.55,33
L0064,L0001,68.0,1.1333333333333333,68
L0064,L0002,66.0,1.1,66
L0064,L0003,29.0,0.48333333333333334,29
L0064,L0004,53.0,0.8833333333333333,53
L0064,L0005,12.0,0.2,12
L0064,L0006,38.0,0.6333333333333333,38
L0064,L0007,4.0,0.06666666666666667,4
L0064,L0008,50.0,0.8333333333333334,50
L0064,L0009,59.0,0.9833333333333333,59
L0064,L0010,53.0,0.8833333333333333,53
L0064,L0011,59.0,0.9833333333333333,59
L0064,L0012,22.0,0.36666666666666664,22
L0064,L0013,59.0,0.9833333333333333,59
L0064,L0014,50.0,0.8333333333333334,50
L0064,L0015,42.0,0.7,42
L0064,L0016,61.0,1.0166666666666666,61
L0064,L0017,29.0,0.48333333333333334,29
L0064,L0018,29.0,0.48333333333333334,29
L0064,L0019,25.0,0.4166666666666667,25
L0064,L0020,54.0,0.9,54
L0064,L0021,61.0,1.0166666666666666,61
L0064,L0022,28.0,0.4666666666666667,28
L0064,L0023,35.0,0.5833333333333334,35
L0064,L0024,33.0,0.55,33
L0064,L0025,49.0,0.8166666666666667,49
L0064,L0026,25.0,0.4166666666666667,25
L0064,L0027,64.0,1.0666666666666667,64
L0064,L0028,41.0,0.6833333333333333,41
L0064,L0029,23.0,0.38333333333333336,23
L0064,L0030,27.0,0.45,27
L0064,L0031,50.0,0.8333333333333334,50
L0064,L0032,28.0,0.4666666666666667,28
L0064,L0033,19.0,0.31666666666666665,19
L0064,L0034,53.0,0.8833333333333333,53
L0064,L0035,17.0,0.2833333333333333,17
L0064,L0036,40.0,0.6666666666666666,40
L0064,L0037,23.0,0.38333333333333336,23
L0064,L0038,19.0,0.31666666666666665,19
L0064,L0039,29.0,0.48333333333333334,29
L0064,L0040,35.0,0.5833333333333334,35
L0064,L0041,30.0,0.5,30
L0064,L0042,32.0,0.5333333333333333,32
L0064,L0043,30.0,0.5,30
L0064,L0044,31.0,0.5166666666666667,31
L0064,L0045,44.0,0.7333333333333333,44
L0064,L0046,50.0,0.8333333333333334,50
L0064,L0047,52.0,0.8666666666666667,52
L0064,L0048,54.0,0.9,54
L0064,L0049,20.0,0.3333333333333333,20
L0064,L0050,29.0,0.48333333333333334,29
L0064,L0051,12.0,0.2,12
L0064,L0052,43.0,0.7166666666666667,43
L0064,L0053,31.0,0.5166666666666667,31
L0064,L0054,29.0,0.48333333333333334,29
L0064,L0055,32.0,0.5333333333333333,32
L0064,L0056,49.0,0.8166666666666667,49
L0064,L0057,54.0,0.9,54
L0064,L0058,21.0,0.35,21
L0064,L0059,33.0,0.55,33
L0064,L0060,26.0,0.43333333333333335,26
L0064,L0061,44.0,0.7333333333333333,44
L0064,L0062,27.0,0.45,27
L0064,L0063,60.0,1.0,60
L0064,L0064,0.0,0.0,0
L0064,L0065,6.0,0.1,6
L0064,L0066,26.0,0.43333333333333335,26
L0064,L0067,30.0,0.5,30
L0064,L0068,62.0,1.0333333333333334,62
L0064,L0069,9.0,0.15,9
L0064,L0070,19.0,0.31666666666666665,19
L0064,L0071,36.0,0.6,36
L0064,L0072,44.0,0.7333333333333333,44
L0064,L0073,54.0,0.9,54
L0064,L0074,9.0,0.15,9
L0064,L0075,18.0,0.3,18
L0064,L0076,14.0,0.23333333333333334,14
L0064,L0077,49.0,0.8166666666666667,49
L0064,L0078,26.0,0.43333333333333335,26
L0065,L0000,38.0,0.6333333333333333,38
L0065,L0001,70.0,1.1666666666666667,70
L0065,L0002,64.0,1.0666666666666667,64
L0065,L0003,24.0,0.4,24
L0065,L0004,50.0,0.8333333333333334,50
L0065,L0005,10.0,0.16666666666666666,10
L0065,L0006,34.0,0.5666666666666667,34
L0065,L0007,9.0,0.15,9
L0065,L0008,48.0,0.8,48
L0065,L0009,57.0,0.95,57
L0065,L0010,56.0,0.9333333333333333,56
L0065,L0011,59.0,0.9833333333333333,59
L0065,L0012,21.0,0.35,21
L0065,L0013,60.0,1.0,60
L0065,L0014,49.0,0.8166666666666667,49
L0065,L0015,39.0,0.65,39
L0065,L0016,60.0,1.0,60
L0065,L0017,29.0,0.48333333333333334,29
L0065,L0018,31.0,0.5166666666666667,31
L0065,L0019,30.0,0.5,30
L0065,L0020,56.0,0.9333333333333333,56
L0065,L0021,59.0,0.9833333333333333,59
L0065,L0022,25.0,0.4166666666666667,25
L0065,L0023,36.0,0.6,36
L0065,L0024,38.0,0.6333333333333333,38
L0065,L0025,52.0,0.8666666666666667,52
L0065,L0026,25.0,0.4166666666666667,25
L0065,L0027,66.0,1.1,66
L0065,L0028,45.0,0.75,45
L0065,L0029,28.0,0.4666666666666667,28
L0065,L0030,32.0,0.5333333333333333,32
L0065,L0031,50.0,0.8333333333333334,50
L0065,L0032,23.0,0.38333333333333336,23
L0065,L0033,24.0,0.4,24
L0065,L0034,52.0,0.8666666666666667,52
L0065,L0035,20.0,0.3333333333333333,20
L0065,L0036,41.0,0.6833333333333333,41
L0065,L0037,25.0,0.4166666666666667,25
L0065,L0038,23.0,0.38333333333333336,23
L0065,L0039,24.0,0.4,24
L0065,L0040,38.0,0.6333333333333333,38
L0065,L0041,32.0,0.5333333333333333,32
L0065,L0042,37.0,0.6166666666666667,37
L0065,L0043,26.0,0.43333333333333335,26
L0065,L0044,36.0,0.6,36
L0065,L0045,47.0,0.7833333333333333,47
L0065,L0046,49.0,0.8166666666666667,49
L0065,L0047,54.0,0.9,54
L0065,L0048,55.0,0.9166666666666666,55
L0065,L0049,22.0,0.36666666666666664,22
L0065,L0050,34.0,0.5666666666666667,34
L0065,L0051,12.0,0.2,12
L0065,L0052,40.0,0.6666666666666666,40
L0065,L0053,35.0,0.5833333333333334,35
L0065,L0054,34.0,0.5666666666666667,34
L0065,L0055,27.0,0.45,27
L0065,L0056,52.0,0.8666666666666667,52
L0065,L0057,51.0,0.85,51
L0065,L0058,25.0,0.4166666666666667,25
L0065,L0059,38.0,0.6333333333333333,38
L0065,L0060,29.0,0.48333333333333334,29
L0065,L0061,45.0,0.75,45
L0065,L0062,29.0,0.48333333333333334,29
L0065,L0063,62.0,1.0333333333333334,62
L0065,L0064,6.0,0.1,6
L0065,L0065,0.0,0.0,0
L0065,L0066,24.0,0.4,24
L0065,L0067,32.0,0.5333333333333333,32
L0065,L0068,64.0,1.0666666666666667,64
L0065,L0069,14.0,0.23333333333333334,14
L0065,L0070,18.0,0.3,18
L0065,L0071,33.0,0.55,33
L0065,L0072,43.0,0.7166666666666667,43
L0065,L0073,56.0,0.9333333333333333,56
L0065,L0074,13.0,0.21666666666666667,13
L0065,L0075,21.0,0.35,21
L0065,L0076,14.0,0.23333333333333334,14
L0065,L0077,51.0,0.85,51
L0065,L0078,21.0,0.35,21
L0066,L0000,52.0,0.8666666666666667,52
L0066,L0001,61.0,1.0166666666666666,61
L0066,L0002,41.0,0.6833333333333333,41
L0066,L0003,27.0,0.45,27
L0066,L0004,28.0,0.4666666666666667,28
L0066,L0005,15.0,0.25,15
L0066,L0006,14.0,0.23333333333333334,14
L0066,L0007,27.0,0.45,27
L0066,L0008,26.0,0.43333333333333335,26
L0066,L0009,35.0,0.5833333333333334,35
L0066,L0010,50.0,0.8333333333333334,50
L0066,L0011,41.0,0.6833333333333333,41
L0066,L0012,13.0,0.21666666666666667,13
L0066,L0013,46.0,0.7666666666666667,46
L0066,L0014,29.0,0.48333333333333334,29
L0066,L0015,17.0,0.2833333333333333,17
L0066,L0016,39.0,0.65,39
L0066,L0017,14.0,0.23333333333333334,14
L0066,L0018,27.0,0.45,27
L0066,L0019,40.0,0.6666666666666666,40
L0066,L0020,45.0,0.75,45
L0066,L0021,36.0,0.6,36
L0066,L0022,4.0,0.06666666666666667,4
L0066,L0023,29.0,0.48333333333333334,29
L0066,L0024,50.0,0.8333333333333334,50
L0066,L0025,47.0,0.7833333333333333,47
L0066,L0026,13.0,0.21666666666666667,13
L0066,L0027,56.0,0.9333333333333333,56
L0066,L0028,46.0,0.7666666666666667,46
L0066,L0029,36.0,0.6,36
L0066,L0030,42.0,0.7,42
L0066,L0031,36.0,0.6,36
L0066,L0032,19.0,0.31666666666666665,19
L0066,L0033,34.0,0.5666666666666667,34
L0066,L0034,33.0,0.55,33
L0066,L0035,27.0,0.45,27
L0066,L0036,26.0,0.43333333333333335,26
L0066,L0037,24.0,0.4,24
L0066,L0038,31.0,0.5166666666666667,31
L0066,L0039,18.0,0.3,18
L0066,L0040,36.0,0.6,36
L0066,L0041,29.0,0.48333333333333334,29
L0066,L0042,50.0,0.8333333333333334,50
L0066,L0043,10.0,0.16666666666666666,10
L0066,L0044,50.0,0.8333333333333334,50
L0066,L0045,43.0,0.7166666666666667,43
L0066,L0046,29.0,0.48333333333333334,29
L0066,L0047,44.0,0.7333333333333333,44
L0066,L0048,41.0,0.6833333333333333,41
L0066,L0049,23.0,0.38333333333333336,23
L0066,L0050,40.0,0.6666666666666666,40
L0066,L0051,18.0,0.3,18
L0066,L0052,18.0,0.3,18
L0066,L0053,42.0,0.7,42
L0066,L0054,48.0,0.8,48
L0066,L0055,17.0,0.2833333333333333,17
L0066,L0056,46.0,0.7666666666666667,46
L0066,L0057,28.0,0.4666666666666667,28
L0066,L0058,31.0,0.5166666666666667,31
L0066,L0059,48.0,0.8,48
L0066,L0060,31.0,0.5166666666666667,31
L0066,L0061,34.0,0.5666666666666667,34
L0066,L0062,26.0,0.43333333333333335,26
L0066,L0063,50.0,0.8333333333333334,50
L0066,L0064,26.0,0.43333333333333335,26
L0066,L0065,24.0,0.4,24
L0066,L0066,0.0,0.0,0
L0066,L0067,24.0,0.4,24
L0066,L0068,55.0,0.9166666666666666,55
L0066,L0069,32.0,0.5333333333333333,32
L0066,L0070,12.0,0.2,12
L0066,L0071,11.0,0.18333333333333332,11
L0066,L0072,24.0,0.4,24
L0066,L0073,46.0,0.7666666666666667,46
L0066,L0074,26.0,0.43333333333333335,26
L0066,L0075,26.0,0.43333333333333335,26
L0066,L0076,16.0,0.26666666666666666,16
L0066,L0077,43.0,0.7166666666666667,43
L0066,L0078,12.0,0.2,12
L0067,L0000,39.0,0.65,39
L0067,L0001,40.0,0.6666666666666666,40
L0067,L0002,48.0,0.8,48
L0067,L0003,47.0,0.7833333333333333,47
L0067,L0004,38.0,0.6333333333333333,38
L0067,L0005,23.0,0.38333333333333336,23
L0067,L0006,35.0,0.5833333333333334,35
L0067,L0007,28.0,0.4666666666666667,28
L0067,L0008,30.0,0.5,30
L0067,L0009,37.0,0.6166666666666667,37
L0067,L0010,28.0,0.4666666666666667,28
L0067,L0011,32.0,0.5333333333333333,32
L0067,L0012,14.0,0.23333333333333334,14
L0067,L0013,29.0,0.48333333333333334,29
L0067,L0014,26.0,0.43333333333333335,26
L0067,L0015,36.0,0.6,36
L0067,L0016,39.0,0.65,39
L0067,L0017,12.0,0.2,12
L0067,L0018,6.0,0.1,6
L0067,L0019,27.0,0.45,27
L0067,L0020,25.0,0.4166666666666667,25
L0067,L0021,43.0,0.7166666666666667,43
L0067,L0022,27.0,0.45,27
L0067,L0023,6.0,0.1,6
L0067,L0024,36.0,0.6,36
L0067,L0025,24.0,0.4,24
L0067,L0026,12.0,0.2,12
L0067,L0027,36.0,0.6,36
L0067,L0028,23.0,0.38333333333333336,23
L0067,L0029,21.0,0.35,21
L0067,L0030,27.0,0.45,27
L0067,L0031,21.0,0.35,21
L0067,L0032,41.0,0.6833333333333333,41
L0067,L0033,23.0,0.38333333333333336,23
L0067,L0034,29.0,0.48333333333333334,29
L0067,L0035,18.0,0.3,18
L0067,L0036,13.0,0.21666666666666667,13
L0067,L0037,9.0,0.15,9
L0067,L0038,19.0,0.31666666666666665,19
L0067,L0039,40.0,0.6666666666666666,40
L0067,L0040,13.0,0.21666666666666667,13
L0067,L0041,8.0,0.13333333333333333,8
L0067,L0042,36.0,0.6,36
L0067,L0043,33.0,0.55,33
L0067,L0044,38.0,0.6333333333333333,38
L0067,L0045,20.0,0.3333333333333333,20
L0067,L0046,28.0,0.4666666666666667,28
L0067,L0047,23.0,0.38333333333333336,23
L0067,L0048,25.0,0.4166666666666667,25
L0067,L0049,12.0,0.2,12
L0067,L0050,23.0,0.38333333333333336,23
L0067,L0051,20.0,0.3333333333333333,20
L0067,L0052,36.0,0.6,36
L0067,L0053,25.0,0.4166666666666667,25
L0067,L0054,36.0,0.6,36
L0067,L0055,40.0,0.6666666666666666,40
L0067,L0056,24.0,0.4,24
L0067,L0057,40.0,0.6666666666666666,40
L0067,L0058,18.0,0.3,18
L0067,L0059,32.0,0.5333333333333333,32
L0067,L0060,14.0,0.23333333333333334,14
L0067,L0061,15.0,0.25,15
L0067,L0062,7.0,0.11666666666666667,7
L0067,L0063,31.0,0.5166666666666667,31
L0067,L0064,30.0,0.5,30
L0067,L0065,32.0,0.5333333333333333,32
L0067,L0066,24.0,0.4,24
L0067,L0067,0.0,0.0,0
L0067,L0068,34.0,0.5666666666666667,34
L0067,L0069,30.0,0.5,30
L0067,L0070,16.0,0.26666666666666666,16
L0067,L0071,28.0,0.4666666666666667,28
L0067,L0072,21.0,0.35,21
L0067,L0073,26.0,0.43333333333333335,26
L0067,L0074,24.0,0.4,24
L0067,L0075,16.0,0.26666666666666666,16
L0067,L0076,19.0,0.31666666666666665,19
L0067,L0077,21.0,0.35,21
L0067,L0078,34.0,0.5666666666666667,34
L0068,L0000,56.0,0.9333333333333333,56
L0068,L0001,7.0,0.11666666666666667,7
L0068,L0002,58.0,0.9666666666666667,58
L0068,L0003,80.0,1.3333333333333333,80
L0068,L0004,55.0,0.9166666666666666,55
L0068,L0005,56.0,0.9333333333333333,56
L0068,L0006,63.0,1.05,63
L0068,L0007,59.0,0.9833333333333333,59
L0068,L0008,45.0,0.75,45
L0068,L0009,45.0,0.75,45
L0068,L0010,13.0,0.21666666666666667,13
L0068,L0011,31.0,0.5166666666666667,31
L0068,L0012,46.0,0.7666666666666667,46
L0068,L0013,15.0,0.25,15
L0068,L0014,38.0,0.6333333333333333,38
L0068,L0015,61.0,1.0166666666666666,61
L0068,L0016,44.0,0.7333333333333333,44
L0068,L0017,42.0,0.7,42
L0068,L0018,34.0,0.5666666666666667,34
L0068,L0019,47.0,0.7833333333333333,47
L0068,L0020,10.0,0.16666666666666666,10
L0068,L0021,54.0,0.9,54
L0068,L0022,58.0,0.9666666666666667,58
L0068,L0023,29.0,0.48333333333333334,29
L0068,L0024,52.0,0.8666666666666667,52
L0068,L0025,16.0,0.26666666666666666,16
L0068,L0026,44.0,0.7333333333333333,44
L0068,L0027,4.0,0.06666666666666667,4
L0068,L0028,28.0,0.4666666666666667,28
L0068,L0029,44.0,0.7333333333333333,44
L0068,L0030,47.0,0.7833333333333333,47
L0068,L0031,22.0,0.36666666666666664,22
L0068,L0032,73.0,1.2166666666666666,73
L0068,L0033,48.0,0.8,48
L0068,L0034,36.0,0.6,36
L0068,L0035,47.0,0.7833333333333333,47
L0068,L0036,30.0,0.5,30
L0068,L0037,40.0,0.6666666666666666,40
L0068,L0038,46.0,0.7666666666666667,46
L0068,L0039,72.0,1.2,72
L0068,L0040,28.0,0.4666666666666667,28
L0068,L0041,33.0,0.55,33
L0068,L0042,52.0,0.8666666666666667,52
L0068,L0043,63.0,1.05,63
L0068,L0044,55.0,0.9166666666666666,55
L0068,L0045,20.0,0.3333333333333333,20
L0068,L0046,40.0,0.6666666666666666,40
L0068,L0047,11.0,0.18333333333333332,11
L0068,L0048,19.0,0.31666666666666665,19
L0068,L0049,43.0,0.7166666666666667,43
L0068,L0050,41.0,0.6833333333333333,41
L0068,L0051,53.0,0.8833333333333333,53
L0068,L0052,60.0,1.0,60
L0068,L0053,41.0,0.6833333333333333,41
L0068,L0054,55.0,0.9166666666666666,55
L0068,L0055,70.0,1.1666666666666667,70
L0068,L0056,14.0,0.23333333333333334,14
L0068,L0057,58.0,0.9666666666666667,58
L0068,L0058,44.0,0.7333333333333333,44
L0068,L0059,47.0,0.7833333333333333,47
L0068,L0060,38.0,0.6333333333333333,38
L0068,L0061,22.0,0.36666666666666664,22
L0068,L0062,36.0,0.6,36
L0068,L0063,9.0,0.15,9
L0068,L0064,62.0,1.0333333333333334,62
L0068,L0065,64.0,1.0666666666666667,64
L0068,L0066,55.0,0.9166666666666666,55
L0068,L0067,34.0,0.5666666666666667,34
L0068,L0068,0.0,0.0,0
L0068,L0069,59.0,0.9833333333333333,59
L0068,L0070,49.0,0.8166666666666667,49
L0068,L0071,54.0,0.9,54
L0068,L0072,38.0,0.6333333333333333,38
L0068,L0073,10.0,0.16666666666666666,10
L0068,L0074,55.0,0.9166666666666666,55
L0068,L0075,45.0,0.75,45
L0068,L0076,51.0,0.85,51
L0068,L0077,14.0,0.23333333333333334,14
L0068,L0078,65.0,1.0833333333333333,65
L0069,L0000,26.0,0.43333333333333335,26
L0069,L0001,66.0,1.1,66
L0069,L0002,71.0,1.1833333333333333,71
L0069,L0003,36.0,0.6,36
L0069,L0004,58.0,0.9666666666666667,58
L0069,L0005,17.0,0.2833333333333333,17
L0069,L0006,44.0,0.7333333333333333,44
L0069,L0007,6.0,0.1,6
L0069,L0008,53.0,0.8833333333333333,53
L0069,L0009,62.0,1.0333333333333334,62
L0069,L0010,50.0,0.8333333333333334,50
L0069,L0011,61.0,1.0166666666666666,61
L0069,L0012,24.0,0.4,24
L0069,L0013,58.0,0.9666666666666667,58
L0069,L0014,52.0,0.8666666666666667,52
L0069,L0015,48.0,0.8,48
L0069,L0016,64.0,1.0666666666666667,64
L0069,L0017,32.0,0.5333333333333333,32
L0069,L0018,28.0,0.4666666666666667,28
L0069,L0019,19.0,0.31666666666666665,19
L0069,L0020,53.0,0.8833333333333333,53
L0069,L0021,65.0,1.0833333333333333,65
L0069,L0022,34.0,0.5666666666666667,34
L0069,L0023,34.0,0.5666666666666667,34
L0069,L0024,25.0,0.4166666666666667,25
L0069,L0025,46.0,0.7666666666666667,46
L0069,L0026,28.0,0.4666666666666667,28
L0069,L0027,62.0,1.0333333333333334,62
L0069,L0028,37.0,0.6166666666666667,37
L0069,L0029,18.0,0.3,18
L0069,L0030,20.0,0.3333333333333333,20
L0069,L0031,50.0,0.8333333333333334,50
L0069,L0032,35.0,0.5833333333333334,35
L0069,L0033,14.0,0.23333333333333334,14
L0069,L0034,56.0,0.9333333333333333,56
L0069,L0035,14.0,0.23333333333333334,14
L0069,L0036,41.0,0.6833333333333333,41
L0069,L0037,22.0,0.36666666666666664,22
L0069,L0038,15.0,0.25,15
L0069,L0039,36.0,0.6,36
L0069,L0040,32.0,0.5333333333333333,32
L0069,L0041,28.0,0.4666666666666667,28
L0069,L0042,25.0,0.4166666666666667,25
L0069,L0043,37.0,0.6166666666666667,37
L0069,L0044,24.0,0.4,24
L0069,L0045,41.0,0.6833333333333333,41
L0069,L0046,53.0,0.8833333333333333,53
L0069,L0047,50.0,0.8333333333333334,50
L0069,L0048,54.0,0.9,54
L0069,L0049,19.0,0.31666666666666665,19
L0069,L0050,24.0,0.4,24
L0069,L0051,15.0,0.25,15
L0069,L0052,49.0,0.8166666666666667,49
L0069,L0053,25.0,0.4166666666666667,25
L0069,L0054,21.0,0.35,21
L0069,L0055,39.0,0.65,39
L0069,L0056,47.0,0.7833333333333333,47
L0069,L0057,59.0,0.9833333333333333,59
L0069,L0058,17.0,0.2833333333333333,17
L0069,L0059,26.0,0.43333333333333335,26
L0069,L0060,23.0,0.38333333333333336,23
L0069,L0061,44.0,0.7333333333333333,44
L0069,L0062,26.0,0.43333333333333335,26
L0069,L0063,59.0,0.9833333333333333,59
L0069,L0064,9.0,0.15,9
L0069,L0065,14.0,0.23333333333333334,14
L0069,L0066,32.0,0.5333333333333333,32
L0069,L0067,30.0,0.5,30
L0069,L0068,59.0,0.9833333333333333,59
L0069,L0069,0.0,0.0,0
L0069,L0070,23.0,0.38333333333333336,23
L0069,L0071,41.0,0.6833333333333333,41
L0069,L0072,47.0,0.7833333333333333,47
L0069,L0073,53.0,0.8833333333333333,53
L0069,L0074,7.0,0.11666666666666667,7
L0069,L0075,16.0,0.26666666666666666,16
L0069,L0076,18.0,0.3,18
L0069,L0077,47.0,0.7833333333333333,47
L0069,L0078,33.0,0.55,33
L0070,L0000,41.0,0.6833333333333333,41
L0070,L0001,55.0,0.9166666666666666,55
L0070,L0002,49.0,0.8166666666666667,49
L0070,L0003,32.0,0.5333333333333333,32
L0070,L0004,36.0,0.6,36
L0070,L0005,9.0,0.15,9
L0070,L0006,25.0,0.4166666666666667,25
L0070,L0007,19.0,0.31666666666666665,19
L0070,L0008,32.0,0.5333333333333333,32
L0070,L0009,41.0,0.6833333333333333,41
L0070,L0010,43.0,0.7166666666666667,43
L0070,L0011,42.0,0.7,42
L0070,L0012,4.0,0.06666666666666667,4
L0070,L0013,43.0,0.7166666666666667,43
L0070,L0014,32.0,0.5333333333333333,32
L0070,L0015,28.0,0.4666666666666667,28
L0070,L0016,43.0,0.7166666666666667,43
L0070,L0017,11.0,0.18333333333333332,11
L0070,L0018,18.0,0.3,18
L0070,L0019,29.0,0.48333333333333334,29
L0070,L0020,40.0,0.6666666666666666,40
L0070,L0021,44.0,0.7333333333333333,44
L0070,L0022,15.0,0.25,15
L0070,L0023,21.0,0.35,21
L0070,L0024,39.0,0.65,39
L0070,L0025,39.0,0.65,39
L0070,L0026,7.0,0.11666666666666667,7
L0070,L0027,51.0,0.85,51
L0070,L0028,36.0,0.6,36
L0070,L0029,24.0,0.4,24
L0070,L0030,31.0,0.5166666666666667,31
L0070,L0031,34.0,0.5666666666666667,34
L0070,L0032,26.0,0.43333333333333335,26
L0070,L0033,23.0,0.38333333333333336,23
L0070,L0034,35.0,0.5833333333333334,35
L0070,L0035,16.0,0.26666666666666666,16
L0070,L0036,23.0,0.38333333333333336,23
L0070,L0037,13.0,0.21666666666666667,13
L0070,L0038,19.0,0.31666666666666665,19
L0070,L0039,25.0,0.4166666666666667,25
L0070,L0040,27.0,0.45,27
L0070,L0041,20.0,0.3333333333333333,20
L0070,L0042,39.0,0.65,39
L0070,L0043,20.0,0.3333333333333333,20
L0070,L0044,39.0,0.65,39
L0070,L0045,35.0,0.5833333333333334,35
L0070,L0046,32.0,0.5333333333333333,32
L0070,L0047,39.0,0.65,39
L0070,L0048,38.0,0.6333333333333333,38
L0070,L0049,12.0,0.2,12
L0070,L0050,29.0,0.48333333333333334,29
L0070,L0051,9.0,0.15,9
L0070,L0052,29.0,0.48333333333333334,29
L0070,L0053,31.0,0.5166666666666667,31
L0070,L0054,37.0,0.6166666666666667,37
L0070,L0055,26.0,0.43333333333333335,26
L0070,L0056,39.0,0.65,39
L0070,L0057,37.0,0.6166666666666667,37
L0070,L0058,20.0,0.3333333333333333,20
L0070,L0059,37.0,0.6166666666666667,37
L0070,L0060,21.0,0.35,21
L0070,L0061,29.0,0.48333333333333334,29
L0070,L0062,17.0,0.2833333333333333,17
L0070,L0063,46.0,0.7666666666666667,46
L0070,L0064,19.0,0.31666666666666665,19
L0070,L0065,18.0,0.3,18
L0070,L0066,12.0,0.2,12
L0070,L0067,16.0,0.26666666666666666,16
L0070,L0068,49.0,0.8166666666666667,49
L0070,L0069,23.0,0.38333333333333336,23
L0070,L0070,0.0,0.0,0
L0070,L0071,20.0,0.3333333333333333,20
L0070,L0072,26.0,0.43333333333333335,26
L0070,L0073,41.0,0.6833333333333333,41
L0070,L0074,17.0,0.2833333333333333,17
L0070,L0075,15.0,0.25,15
L0070,L0076,6.0,0.1,6
L0070,L0077,36.0,0.6,36
L0070,L0078,19.0,0.31666666666666665,19
L0071,L0000,60.0,1.0,60
L0071,L0001,60.0,1.0,60
L0071,L0002,32.0,0.5333333333333333,32
L0071,L0003,33.0,0.55,33
L0071,L0004,18.0,0.3,18
L0071,L0005,25.0,0.4166666666666667,25
L0071,L0006,9.0,0.15,9
L0071,L0007,37.0,0.6166666666666667,37
L0071,L0008,19.0,0.31666666666666665,19
L0071,L0009,27.0,0.45,27
L0071,L0010,52.0,0.8666666666666667,52
L0071,L0011,35.0,0.5833333333333334,35
L0071,L0012,20.0,0.3333333333333333,20
L0071,L0013,44.0,0.7333333333333333,44
L0071,L0014,23.0,0.38333333333333336,23
L0071,L0015,9.0,0.15,9
L0071,L0016,31.0,0.5166666666666667,31
L0071,L0017,17.0,0.2833333333333333,17
L0071,L0018,32.0,0.5333333333333333,32
L0071,L0019,48.0,0.8,48
L0071,L0020,45.0,0.75,45
L0071,L0021,27.0,0.45,27
L0071,L0022,10.0,0.16666666666666666,10
L0071,L0023,31.0,0.5166666666666667,31
L0071,L0024,58.0,0.9666666666666667,58
L0071,L0025,48.0,0.8,48
L0071,L0026,18.0,0.3,18
L0071,L0027,55.0,0.9166666666666666,55
L0071,L0028,50.0,0.8333333333333334,50
L0071,L0029,43.0,0.7166666666666667,43
L0071,L0030,49.0,0.8166666666666667,49
L0071,L0031,34.0,0.5666666666666667,34
L0071,L0032,25.0,0.4166666666666667,25
L0071,L0033,42.0,0.7,42
L0071,L0034,26.0,0.43333333333333335,26
L0071,L0035,35.0,0.5833333333333334,35
L0071,L0036,25.0,0.4166666666666667,25
L0071,L0037,30.0,0.5,30
L0071,L0038,38.0,0.6333333333333333,38
L0071,L0039,22.0,0.36666666666666664,22
L0071,L0040,40.0,0.6666666666666666,40
L0071,L0041,34.0,0.5666666666666667,34
L0071,L0042,57.0,0.95,57
L0071,L0043,12.0,0.2,12
L0071,L0044,58.0,0.9666666666666667,58
L0071,L0045,46.0,0.7666666666666667,46
L0071,L0046,22.0,0.36666666666666664,22
L0071,L0047,44.0,0.7333333333333333,44
L0071,L0048,38.0,0.6333333333333333,38
L0071,L0049,30.0,0.5,30
L0071,L0050,47.0,0.7833333333333333,47
L0071,L0051,27.0,0.45,27
L0071,L0052,10.0,0.16666666666666666,10
L0071,L0053,49.0,0.8166666666666667,49
L0071,L0054,56.0,0.9333333333333333,56
L0071,L0055,20.0,0.3333333333333333,20
L0071,L0056,48.0,0.8,48
L0071,L0057,19.0,0.31666666666666665,19
L0071,L0058,39.0,0.65,39
L0071,L0059,55.0,0.9166666666666666,55
L0071,L0060,38.0,0.6333333333333333,38
L0071,L0061,34.0,0.5666666666666667,34
L0071,L0062,31.0,0.5166666666666667,31
L0071,L0063,48.0,0.8,48
L0071,L0064,36.0,0.6,36
L0071,L0065,33.0,0.55,33
L0071,L0066,11.0,0.18333333333333332,11
L0071,L0067,28.0,0.4666666666666667,28
L0071,L0068,54.0,0.9,54
L0071,L0069,41.0,0.6833333333333333,41
L0071,L0070,20.0,0.3333333333333333,20
L0071,L0071,0.0,0.0,0
L0071,L0072,19.0,0.31666666666666665,19
L0071,L0073,45.0,0.75,45
L0071,L0074,35.0,0.5833333333333334,35
L0071,L0075,34.0,0.5666666666666667,34
L0071,L0076,25.0,0.4166666666666667,25
L0071,L0077,43.0,0.7166666666666667,43
L0071,L0078,18.0,0.3,18
L0072,L0000,59.0,0.9833333333333333,59
L0072,L0001,43.0,0.7166666666666667,43
L0072,L0002,28.0,0.4666666666666667,28
L0072,L0003,49.0,0.8166666666666667,49
L0072,L0004,19.0,0.31666666666666665,19
L0072,L0005,34.0,0.5666666666666667,34
L0072,L0006,26.0,0.43333333333333335,26
L0072,L0007,43.0,0.7166666666666667,43
L0072,L0008,10.0,0.16666666666666666,10
L0072,L0009,17.0,0.2833333333333333,17
L0072,L0010,38.0,0.6333333333333333,38
L0072,L0011,18.0,0.3,18
L0072,L0012,23.0,0.38333333333333336,23
L0072,L0013,26.0,0.43333333333333335,26
L0072,L0014,7.0,0.11666666666666667,7
L0072,L0015,24.0,0.4,24
L0072,L0016,19.0,0.31666666666666665,19
L0072,L0017,16.0,0.26666666666666666,16
L0072,L0018,26.0,0.43333333333333335,26
L0072,L0019,47.0,0.7833333333333333,47
L0072,L0020,29.0,0.48333333333333334,29
L0072,L0021,23.0,0.38333333333333336,23
L0072,L0022,25.0,0.4166666666666667,25
L0072,L0023,22.0,0.36666666666666664,22
L0072,L0024,56.0,0.9333333333333333,56
L0072,L0025,36.0,0.6,36
L0072,L0026,20.0,0.3333333333333333,20
L0072,L0027,38.0,0.6333333333333333,38
L0072,L0028,41.0,0.6833333333333333,41
L0072,L0029,41.0,0.6833333333333333,41
L0072,L0030,48.0,0.8,48
L0072,L0031,18.0,0.3,18
L0072,L0032,41.0,0.6833333333333333,41
L0072,L0033,43.0,0.7166666666666667,43
L0072,L0034,10.0,0.16666666666666666,10
L0072,L0035,36.0,0.6,36
L0072,L0036,12.0,0.2,12
L0072,L0037,28.0,0.4666666666666667,28
L0072,L0038,38.0,0.6333333333333333,38
L0072,L0039,39.0,0.65,39
L0072,L0040,31.0,0.5166666666666667,31
L0072,L0041,28.0,0.4666666666666667,28
L0072,L0042,56.0,0.9333333333333333,56
L0072,L0043,29.0,0.48333333333333334,29
L0072,L0044,58.0,0.9666666666666667,58
L0072,L0045,34.0,0.5666666666666667,34
L0072,L0046,8.0,0.13333333333333333,8
L0072,L0047,29.0,0.48333333333333334,29
L0072,L0048,21.0,0.35,21
L0072,L0049,30.0,0.5,30
L0072,L0050,43.0,0.7166666666666667,43
L0072,L0051,33.0,0.55,33
L0072,L0052,23.0,0.38333333333333336,23
L0072,L0053,45.0,0.75,45
L0072,L0054,56.0,0.9333333333333333,56
L0072,L0055,37.0,0.6166666666666667,37
L0072,L0056,35.0,0.5833333333333334,35
L0072,L0057,22.0,0.36666666666666664,22
L0072,L0058,38.0,0.6333333333333333,38
L0072,L0059,53.0,0.8833333333333333,53
L0072,L0060,34.0,0.5666666666666667,34
L0072,L0061,19.0,0.31666666666666665,19
L0072,L0062,27.0,0.45,27
L0072,L0063,31.0,0.5166666666666667,31
L0072,L0064,44.0,0.7333333333333333,44
L0072,L0065,43.0,0.7166666666666667,43
L0072,L0066,24.0,0.4,24
L0072,L0067,21.0,0.35,21
L0072,L0068,38.0,0.6333333333333333,38
L0072,L0069,47.0,0.7833333333333333,47
L0072,L0070,26.0,0.43333333333333335,26
L0072,L0071,19.0,0.31666666666666665,19
L0072,L0072,0.0,0.0,0
L0072,L0073,30.0,0.5,30
L0072,L0074,40.0,0.6666666666666666,40
L0072,L0075,34.0,0.5666666666666667,34
L0072,L0076,31.0,0.5166666666666667,31
L0072,L0077,29.0,0.48333333333333334,29
L0072,L0078,34.0,0.5666666666666667,34
L0073,L0000,52.0,0.8666666666666667,52
L0073,L0001,16.0,0.26666666666666666,16
L0073,L0002,51.0,0.85,51
L0073,L0003,71.0,1.1833333333333333,71
L0073,L0004,47.0,0.7833333333333333,47
L0073,L0005,48.0,0.8,48
L0073,L0006,54.0,0.9,54
L0073,L0007,52.0,0.8666666666666667,52
L0073,L0008,37.0,0.6166666666666667,37
L0073,L0009,38.0,0.6333333333333333,38
L0073,L0010,12.0,0.2,12
L0073,L0011,25.0,0.4166666666666667,25
L0073,L0012,38.0,0.6333333333333333,38
L0073,L0013,10.0,0.16666666666666666,10
L0073,L0014,30.0,0.5,30
L0073,L0015,52.0,0.8666666666666667,52
L0073,L0016,38.0,0.6333333333333333,38
L0073,L0017,33.0,0.55,33
L0073,L0018,27.0,0.45,27
L0073,L0019,42.0,0.7,42
L0073,L0020,2.0,0.03333333333333333,2
L0073,L0021,47.0,0.7833333333333333,47
L0073,L0022,49.0,0.8166666666666667,49
L0073,L0023,21.0,0.35,21
L0073,L0024,49.0,0.8166666666666667,49
L0073,L0025,13.0,0.21666666666666667,13
L0073,L0026,35.0,0.5833333333333334,35
L0073,L0027,11.0,0.18333333333333332,11
L0073,L0028,25.0,0.4166666666666667,25
L0073,L0029,39.0,0.65,39
L0073,L0030,42.0,0.7,42
L0073,L0031,13.0,0.21666666666666667,13
L0073,L0032,64.0,1.0666666666666667,64
L0073,L0033,42.0,0.7,42
L0073,L0034,29.0,0.48333333333333334,29
L0073,L0035,40.0,0.6666666666666666,40
L0073,L0036,22.0,0.36666666666666664,22
L0073,L0037,32.0,0.5333333333333333,32
L0073,L0038,40.0,0.6666666666666666,40
L0073,L0039,63.0,1.05,63
L0073,L0040,22.0,0.36666666666666664,22
L0073,L0041,26.0,0.43333333333333335,26
L0073,L0042,49.0,0.8166666666666667,49
L0073,L0043,54.0,0.9,54
L0073,L0044,52.0,0.8666666666666667,52
L0073,L0045,16.0,0.26666666666666666,16
L0073,L0046,32.0,0.5333333333333333,32
L0073,L0047,4.0,0.06666666666666667,4
L0073,L0048,12.0,0.2,12
L0073,L0049,36.0,0.6,36
L0073,L0050,36.0,0.6,36
L0073,L0051,45.0,0.75,45
L0073,L0052,52.0,0.8666666666666667,52
L0073,L0053,37.0,0.6166666666666667,37
L0073,L0054,51.0,0.85,51
L0073,L0055,62.0,1.0333333333333334,62
L0073,L0056,11.0,0.18333333333333332,11
L0073,L0057,50.0,0.8333333333333334,50
L0073,L0058,37.0,0.6166666666666667,37
L0073,L0059,44.0,0.7333333333333333,44
L0073,L0060,32.0,0.5333333333333333,32
L0073,L0061,13.0,0.21666666666666667,13
L0073,L0062,28.0,0.4666666666666667,28
L0073,L0063,7.0,0.11666666666666667,7
L0073,L0064,54.0,0.9,54
L0073,L0065,56.0,0.9333333333333333,56
L0073,L0066,46.0,0.7666666666666667,46
L0073,L0067,26.0,0.43333333333333335,26
L0073,L0068,10.0,0.16666666666666666,10
L0073,L0069,53.0,0.8833333333333333,53
L0073,L0070,41.0,0.6833333333333333,41
L0073,L0071,45.0,0.75,45
L0073,L0072,30.0,0.5,30
L0073,L0073,0.0,0.0,0
L0073,L0074,47.0,0.7833333333333333,47
L0073,L0075,38.0,0.6333333333333333,38
L0073,L0076,43.0,0.7166666666666667,43
L0073,L0077,7.0,0.11666666666666667,7
L0073,L0078,57.0,0.95,57
L0074,L0000,28.0,0.4666666666666667,28
L0074,L0001,61.0,1.0166666666666666,61
L0074,L0002,64.0,1.0666666666666667,64
L0074,L0003,35.0,0.5833333333333334,35
L0074,L0004,52.0,0.8666666666666667,52
L0074,L0005,13.0,0.21666666666666667,13
L0074,L0006,39.0,0.65,39
L0074,L0007,6.0,0.1,6
L0074,L0008,47.0,0.7833333333333333,47
L0074,L0009,56.0,0.9333333333333333,56
L0074,L0010,45.0,0.75,45
L0074,L0011,55.0,0.9166666666666666,55
L0074,L0012,18.0,0.3,18
L0074,L0013,52.0,0.8666666666666667,52
L0074,L0014,46.0,0.7666666666666667,46
L0074,L0015,43.0,0.7166666666666667,43
L0074,L0016,58.0,0.9666666666666667,58
L0074,L0017,25.0,0.4166666666666667,25
L0074,L0018,22.0,0.36666666666666664,22
L0074,L0019,18.0,0.3,18
L0074,L0020,47.0,0.7833333333333333,47
L0074,L0021,59.0,0.9833333333333333,59
L0074,L0022,29.0,0.48333333333333334,29
L0074,L0023,28.0,0.4666666666666667,28
L0074,L0024,27.0,0.45,27
L0074,L0025,41.0,0.6833333333333333,41
L0074,L0026,22.0,0.36666666666666664,22
L0074,L0027,57.0,0.95,57
L0074,L0028,34.0,0.5666666666666667,34
L0074,L0029,16.0,0.26666666666666666,16
L0074,L0030,20.0,0.3333333333333333,20
L0074,L0031,44.0,0.7333333333333333,44
L0074,L0032,33.0,0.55,33
L0074,L0033,12.0,0.2,12
L0074,L0034,49.0,0.8166666666666667,49
L0074,L0035,9.0,0.15,9
L0074,L0036,35.0,0.5833333333333334,35
L0074,L0037,16.0,0.26666666666666666,16
L0074,L0038,11.0,0.18333333333333332,11
L0074,L0039,33.0,0.55,33
L0074,L0040,28.0,0.4666666666666667,28
L0074,L0041,22.0,0.36666666666666664,22
L0074,L0042,26.0,0.43333333333333335,26
L0074,L0043,32.0,0.5333333333333333,32
L0074,L0044,26.0,0.43333333333333335,26
L0074,L0045,37.0,0.6166666666666667,37
L0074,L0046,47.0,0.7833333333333333,47
L0074,L0047,45.0,0.75,45
L0074,L0048,48.0,0.8,48
L0074,L0049,13.0,0.21666666666666667,13
L0074,L0050,22.0,0.36666666666666664,22
L0074,L0051,9.0,0.15,9
L0074,L0052,44.0,0.7333333333333333,44
L0074,L0053,23.0,0.38333333333333336,23
L0074,L0054,23.0,0.38333333333333336,23
L0074,L0055,35.0,0.5833333333333334,35
L0074,L0056,42.0,0.7,42
L0074,L0057,53.0,0.8833333333333333,53
L0074,L0058,13.0,0.21666666666666667,13
L0074,L0059,26.0,0.43333333333333335,26
L0074,L0060,18.0,0.3,18
L0074,L0061,38.0,0.6333333333333333,38
L0074,L0062,20.0,0.3333333333333333,20
L0074,L0063,53.0,0.8833333333333333,53
L0074,L0064,9.0,0.15,9
L0074,L0065,13.0,0.21666666666666667,13
L0074,L0066,26.0,0.43333333333333335,26
L0074,L0067,24.0,0.4,24
L0074,L0068,55.0,0.9166666666666666,55
L0074,L0069,7.0,0.11666666666666667,7
L0074,L0070,17.0,0.2833333333333333,17
L0074,L0071,35.0,0.5833333333333334,35
L0074,L0072,40.0,0.6666666666666666,40
L0074,L0073,47.0,0.7833333333333333,47
L0074,L0074,0.0,0.0,0
L0074,L0075,10.0,0.16666666666666666,10
L0074,L0076,12.0,0.2,12
L0074,L0077,42.0,0.7,42
L0074,L0078,29.0,0.48333333333333334,29
L0075,L0000,28.0,0.4666666666666667,28
L0075,L0001,52.0,0.8666666666666667,52
L0075,L0002,60.0,1.0,60
L0075,L0003,42.0,0.7,42
L0075,L0004,48.0,0.8,48
L0075,L0005,16.0,0.26666666666666666,16
L0075,L0006,39.0,0.65,39
L0075,L0007,15.0,0.25,15
L0075,L0008,42.0,0.7,42
L0075,L0009,50.0,0.8333333333333334,50
L0075,L0010,36.0,0.6,36
L0075,L0011,47.0,0.7833333333333333,47
L0075,L0012,15.0,0.25,15
L0075,L0013,43.0,0.7166666666666667,43
L0075,L0014,40.0,0.6666666666666666,40
L0075,L0015,42.0,0.7,42
L0075,L0016,52.0,0.8666666666666667,52
L0075,L0017,20.0,0.3333333333333333,20
L0075,L0018,13.0,0.21666666666666667,13
L0075,L0019,15.0,0.25,15
L0075,L0020,38.0,0.6333333333333333,38
L0075,L0021,55.0,0.9166666666666666,55
L0075,L0022,29.0,0.48333333333333334,29
L0075,L0023,19.0,0.31666666666666665,19
L0075,L0024,25.0,0.4166666666666667,25
L0075,L0025,32.0,0.5333333333333333,32
L0075,L0026,17.0,0.2833333333333333,17
L0075,L0027,47.0,0.7833333333333333,47
L0075,L0028,25.0,0.4166666666666667,25
L0075,L0029,10.0,0.16666666666666666,10
L0075,L0030,17.0,0.2833333333333333,17
L0075,L0031,35.0,0.5833333333333334,35
L0075,L0032,38.0,0.6333333333333333,38
L0075,L0033,10.0,0.16666666666666666,10
L0075,L0034,43.0,0.7166666666666667,43
L0075,L0035,3.0,0.05,3
L0075,L0036,27.0,0.45,27
L0075,L0037,8.0,0.13333333333333333,8
L0075,L0038,5.0,0.08333333333333333,5
L0075,L0039,38.0,0.6333333333333333,38
L0075,L0040,18.0,0.3,18
L0075,L0041,13.0,0.21666666666666667,13
L0075,L0042,25.0,0.4166666666666667,25
L0075,L0043,34.0,0.5666666666666667,34
L0075,L0044,26.0,0.43333333333333335,26
L0075,L0045,28.0,0.4666666666666667,28
L0075,L0046,41.0,0.6833333333333333,41
L0075,L0047,36.0,0.6,36
L0075,L0048,40.0,0.6666666666666666,40
L0075,L0049,5.0,0.08333333333333333,5
L0075,L0050,16.0,0.26666666666666666,16
L0075,L0051,12.0,0.2,12
L0075,L0052,43.0,0.7166666666666667,43
L0075,L0053,18.0,0.3,18
L0075,L0054,23.0,0.38333333333333336,23
L0075,L0055,39.0,0.65,39
L0075,L0056,33.0,0.55,33
L0075,L0057,50.0,0.8333333333333334,50
L0075,L0058,6.0,0.1,6
L0075,L0059,23.0,0.38333333333333336,23
L0075,L0060,9.0,0.15,9
L0075,L0061,29.0,0.48333333333333334,29
L0075,L0062,11.0,0.18333333333333332,11
L0075,L0063,44.0,0.7333333333333333,44
L0075,L0064,18.0,0.3,18
L0075,L0065,21.0,0.35,21
L0075,L0066,26.0,0.43333333333333335,26
L0075,L0067,16.0,0.26666666666666666,16
L0075,L0068,45.0,0.75,45
L0075,L0069,16.0,0.26666666666666666,16
L0075,L0070,15.0,0.25,15
L0075,L0071,34.0,0.5666666666666667,34
L0075,L0072,34.0,0.5666666666666667,34
L0075,L0073,38.0,0.6333333333333333,38
L0075,L0074,10.0,0.16666666666666666,10
L0075,L0075,0.0,0.0,0
L0075,L0076,12.0,0.2,12
L0075,L0077,32.0,0.5333333333333333,32
L0075,L0078,32.0,0.5333333333333333,32
L0076,L0000,37.0,0.6166666666666667,37
L0076,L0001,58.0,0.9666666666666667,58
L0076,L0002,54.0,0.9,54
L0076,L0003,31.0,0.5166666666666667,31
L0076,L0004,41.0,0.6833333333333333,41
L0076,L0005,6.0,0.1,6
L0076,L0006,29.0,0.48333333333333334,29
L0076,L0007,14.0,0.23333333333333334,14
L0076,L0008,37.0,0.6166666666666667,37
L0076,L0009,46.0,0.7666666666666667,46
L0076,L0010,44.0,0.7333333333333333,44
L0076,L0011,46.0,0.7666666666666667,46
L0076,L0012,8.0,0.13333333333333333,8
L0076,L0013,47.0,0.7833333333333333,47
L0076,L0014,37.0,0.6166666666666667,37
L0076,L0015,32.0,0.5333333333333333,32
L0076,L0016,48.0,0.8,48
L0076,L0017,16.0,0.26666666666666666,16
L0076,L0018,19.0,0.31666666666666665,19
L0076,L0019,26.0,0.43333333333333335,26
L0076,L0020,43.0,0.7166666666666667,43
L0076,L0021,49.0,0.8166666666666667,49
L0076,L0022,19.0,0.31666666666666665,19
L0076,L0023,24.0,0.4,24
L0076,L0024,36.0,0.6,36
L0076,L0025,40.0,0.6666666666666666,40
L0076,L0026,12.0,0.2,12
L0076,L0027,53.0,0.8833333333333333,53
L0076,L0028,35.0,0.5833333333333334,35
L0076,L0029,22.0,0.36666666666666664,22
L0076,L0030,28.0,0.4666666666666667,28
L0076,L0031,37.0,0.6166666666666667,37
L0076,L0032,26.0,0.43333333333333335,26
L0076,L0033,20.0,0.3333333333333333,20
L0076,L0034,40.0,0.6666666666666666,40
L0076,L0035,13.0,0.21666666666666667,13
L0076,L0036,27.0,0.45,27
L0076,L0037,13.0,0.21666666666666667,13
L0076,L0038,16.0,0.26666666666666666,16
L0076,L0039,26.0,0.43333333333333335,26
L0076,L0040,27.0,0.45,27
L0076,L0041,20.0,0.3333333333333333,20
L0076,L0042,35.0,0.5833333333333334,35
L0076,L0043,23.0,0.38333333333333336,23
L0076,L0044,35.0,0.5833333333333334,35
L0076,L0045,36.0,0.6,36
L0076,L0046,37.0,0.6166666666666667,37
L0076,L0047,41.0,0.6833333333333333,41
L0076,L0048,42.0,0.7,42
L0076,L0049,11.0,0.18333333333333332,11
L0076,L0050,27.0,0.45,27
L0076,L0051,4.0,0.06666666666666667,4
L0076,L0052,33.0,0.55,33
L0076,L0053,29.0,0.48333333333333334,29
L0076,L0054,33.0,0.55,33
L0076,L0055,27.0,0.45,27
L0076,L0056,40.0,0.6666666666666666,40
L0076,L0057,42.0,0.7,42
L0076,L0058,18.0,0.3,18
L0076,L0059,34.0,0.5666666666666667,34
L0076,L0060,20.0,0.3333333333333333,20
L0076,L0061,32.0,0.5333333333333333,32
L0076,L0062,17.0,0.2833333333333333,17
L0076,L0063,49.0,0.8166666666666667,49
L0076,L0064,14.0,0.23333333333333334,14
L0076,L0065,14.0,0.23333333333333334,14
L0076,L0066,16.0,0.26666666666666666,16
L0076,L0067,19.0,0.31666666666666665,19
L0076,L0068,51.0,0.85,51
L0076,L0069,18.0,0.3,18
L0076,L0070,6.0,0.1,6
L0076,L0071,25.0,0.4166666666666667,25
L0076,L0072,31.0,0.5166666666666667,31
L0076,L0073,43.0,0.7166666666666667,43
L0076,L0074,12.0,0.2,12
L0076,L0075,12.0,0.2,12
L0076,L0076,0.0,0.0,0
L0076,L0077,38.0,0.6333333333333333,38
L0076,L0078,21.0,0.35,21
L0077,L0000,46.0,0.7666666666666667,46
L0077,L0001,20.0,0.3333333333333333,20
L0077,L0002,53.0,0.8833333333333333,53
L0077,L0003,67.0,1.1166666666666667,67
L0077,L0004,48.0,0.8,48
L0077,L0005,43.0,0.7166666666666667,43
L0077,L0006,52.0,0.8666666666666667,52
L0077,L0007,46.0,0.7666666666666667,46
L0077,L0008,37.0,0.6166666666666667,37
L0077,L0009,40.0,0.6666666666666666,40
L0077,L0010,10.0,0.16666666666666666,10
L0077,L0011,28.0,0.4666666666666667,28
L0077,L0012,34.0,0.5666666666666667,34
L0077,L0013,16.0,0.26666666666666666,16
L0077,L0014,31.0,0.5166666666666667,31
L0077,L0015,51.0,0.85,51
L0077,L0016,40.0,0.6666666666666666,40
L0077,L0017,30.0,0.5,30
L0077,L0018,21.0,0.35,21
L0077,L0019,36.0,0.6,36
L0077,L0020,7.0,0.11666666666666667,7
L0077,L0021,49.0,0.8166666666666667,49
L0077,L0022,46.0,0.7666666666666667,46
L0077,L0023,16.0,0.26666666666666666,16
L0077,L0024,42.0,0.7,42
L0077,L0025,8.0,0.13333333333333333,8
L0077,L0026,31.0,0.5166666666666667,31
L0077,L0027,16.0,0.26666666666666666,16
L0077,L0028,19.0,0.31666666666666665,19
L0077,L0029,32.0,0.5333333333333333,32
L0077,L0030,36.0,0.6,36
L0077,L0031,15.0,0.25,15
L0077,L0032,61.0,1.0166666666666666,61
L0077,L0033,36.0,0.6,36
L0077,L0034,31.0,0.5166666666666667,31
L0077,L0035,34.0,0.5666666666666667,34
L0077,L0036,20.0,0.3333333333333333,20
L0077,L0037,27.0,0.45,27
L0077,L0038,33.0,0.55,33
L0077,L0039,59.0,0.9833333333333333,59
L0077,L0040,16.0,0.26666666666666666,16
L0077,L0041,20.0,0.3333333333333333,20
L0077,L0042,42.0,0.7,42
L0077,L0043,51.0,0.85,51
L0077,L0044,45.0,0.75,45
L0077,L0045,10.0,0.16666666666666666,10
L0077,L0046,33.0,0.55,33
L0077,L0047,5.0,0.08333333333333333,5
L0077,L0048,15.0,0.25,15
L0077,L0049,30.0,0.5,30
L0077,L0050,30.0,0.5,30
L0077,L0051,40.0,0.6666666666666666,40
L0077,L0052,50.0,0.8333333333333334,50
L0077,L0053,31.0,0.5166666666666667,31
L0077,L0054,44.0,0.7333333333333333,44
L0077,L0055,59.0,0.9833333333333333,59
L0077,L0056,7.0,0.11666666666666667,7
L0077,L0057,50.0,0.8333333333333334,50
L0077,L0058,31.0,0.5166666666666667,31
L0077,L0059,37.0,0.6166666666666667,37
L0077,L0060,26.0,0.43333333333333335,26
L0077,L0061,11.0,0.18333333333333332,11
L0077,L0062,23.0,0.38333333333333336,23
L0077,L0063,14.0,0.23333333333333334,14
L0077,L0064,49.0,0.8166666666666667,49
L0077,L0065,51.0,0.85,51
L0077,L0066,43.0,0.7166666666666667,43
L0077,L0067,21.0,0.35,21
L0077,L0068,14.0,0.23333333333333334,14
L0077,L0069,47.0,0.7833333333333333,47
L0077,L0070,36.0,0.6,36
L0077,L0071,43.0,0.7166666666666667,43
L0077,L0072,29.0,0.48333333333333334,29
L0077,L0073,7.0,0.11666666666666667,7
L0077,L0074,42.0,0.7,42
L0077,L0075,32.0,0.5333333333333333,32
L0077,L0076,38.0,0.6333333333333333,38
L0077,L0077,0.0,0.0,0
L0077,L0078,53.0,0.8833333333333333,53
L0078,L0000,56.0,0.9333333333333333,56
L0078,L0001,71.0,1.1833333333333333,71
L0078,L0002,47.0,0.7833333333333333,47
L0078,L0003,17.0,0.2833333333333333,17
L0078,L0004,34.0,0.5666666666666667,34
L0078,L0005,17.0,0.2833333333333333,17
L0078,L0006,15.0,0.25,15
L0078,L0007,28.0,0.4666666666666667,28
L0078,L0008,35.0,0.5833333333333334,35
L0078,L0009,44.0,0.7333333333333333,44
L0078,L0010,60.0,1.0,60
L0078,L0011,51.0,0.85,51
L0078,L0012,21.0,0.35,21
L0078,L0013,57.0,0.95,57
L0078,L0014,39.0,0.65,39
L0078,L0015,20.0,0.3333333333333333,20
L0078,L0016,47.0,0.7833333333333333,47
L0078,L0017,24.0,0.4,24
L0078,L0018,36.0,0.6,36
L0078,L0019,45.0,0.75,45
L0078,L0020,56.0,0.9333333333333333,56
L0078,L0021,43.0,0.7166666666666667,43
L0078,L0022,9.0,0.15,9
L0078,L0023,38.0,0.6333333333333333,38
L0078,L0024,55.0,0.9166666666666666,55
L0078,L0025,56.0,0.9333333333333333,56
L0078,L0026,23.0,0.38333333333333336,23
L0078,L0027,66.0,1.1,66
L0078,L0028,54.0,0.9,54
L0078,L0029,41.0,0.6833333333333333,41
L0078,L0030,47.0,0.7833333333333333,47
L0078,L0031,47.0,0.7833333333333333,47
L0078,L0032,9.0,0.15,9
L0078,L0033,39.0,0.65,39
L0078,L0034,42.0,0.7,42
L0078,L0035,32.0,0.5333333333333333,32
L0078,L0036,37.0,0.6166666666666667,37
L0078,L0037,32.0,0.5333333333333333,32
L0078,L0038,36.0,0.6,36
L0078,L0039,8.0,0.13333333333333333,8
L0078,L0040,45.0,0.75,45
L0078,L0041,38.0,0.6333333333333333,38
L0078,L0042,54.0,0.9,54
L0078,L0043,7.0,0.11666666666666667,7
L0078,L0044,54.0,0.9,54
L0078,L0045,52.0,0.8666666666666667,52
L0078,L0046,38.0,0.6333333333333333,38
L0078,L0047,55.0,0.9166666666666666,55
L0078,L0048,52.0,0.8666666666666667,52
L0078,L0049,30.0,0.5,30
L0078,L0050,47.0,0.7833333333333333,47
L0078,L0051,22.0,0.36666666666666664,22
L0078,L0052,22.0,0.36666666666666664,22
L0078,L0053,49.0,0.8166666666666667,49
L0078,L0054,51.0,0.85,51
L0078,L0055,8.0,0.13333333333333333,8
L0078,L0056,56.0,0.9333333333333333,56
L0078,L0057,34.0,0.5666666666666667,34
L0078,L0058,37.0,0.6166666666666667,37
L0078,L0059,53.0,0.8833333333333333,53
L0078,L0060,39.0,0.65,39
L0078,L0061,44.0,0.7333333333333333,44
L0078,L0062,35.0,0.5833333333333334,35
L0078,L0063,60.0,1.0,60
L0078,L0064,26.0,0.43333333333333335,26
L0078,L0065,21.0,0.35,21
L0078,L0066,12.0,0.2,12
L0078,L0067,34.0,0.5666666666666667,34
L0078,L0068,65.0,1.0833333333333333,65
L0078,L0069,33.0,0.55,33
L0078,L0070,19.0,0.31666666666666665,19
L0078,L0071,18.0,0.3,18
L0078,L0072,34.0,0.5666666666666667,34
L0078,L0073,57.0,0.95,57
L0078,L0074,29.0,0.48333333333333334,29
L0078,L0075,32.0,0.5333333333333333,32
L0078,L0076,21.0,0.35,21
L0078,L0077,53.0,0.8833333333333333,53
L0078,L0078,0.0,0.0,0
