vehicle_id,task_id,q_ki
VEH000089,TSK000010,0
VEH000033,TSK000010,0
VEH000330,TSK000010,0
VEH000261,TSK000010,1
VEH000025,TSK000010,0
VEH000482,TSK000010,0
VEH000523,TSK000010,1
VEH000019,TSK000010,1
VEH000240,TSK000010,1
VEH000083,TSK000010,1
VEH000433,TSK000010,1
VEH000329,TSK000010,1
VEH000450,TSK000010,0
VEH000422,TSK000010,0
VEH000267,TSK000010,1
VEH000296,TSK000010,1
VEH000467,TSK000010,1
VEH000098,TSK000010,0
VEH000074,TSK000010,0
VEH000320,TSK000010,0
VEH000309,TSK000010,0
VEH000067,TSK000010,1
VEH000218,TSK000010,0
VEH000459,TSK000010,0
VEH000101,TSK000010,1
VEH000024,TSK000010,1
VEH000265,TSK000010,0
VEH000006,TSK000010,0
VEH000484,TSK000010,0
VEH000379,TSK000010,1
VEH000358,TSK000010,0
VEH000275,TSK000010,1
VEH000337,TSK000010,1
VEH000532,TSK000010,1
VEH000332,TSK000010,1
VEH000527,TSK000010,0
VEH000078,TSK000010,1
VEH000304,TSK000010,0
VEH000047,TSK000010,1
VEH000287,TSK000010,1
VEH000327,TSK000010,0
VEH000508,TSK000010,0
VEH000057,TSK000010,0
VEH000505,TSK000010,1
VEH000416,TSK000010,1
VEH000035,TSK000010,1
VEH000353,TSK000010,0
VEH000406,TSK000010,1
VEH000050,TSK000010,0
VEH000070,TSK000010,0
VEH000478,TSK000010,1
VEH000514,TSK000010,1
VEH000359,TSK000010,1
VEH000096,TSK000010,1
VEH000229,TSK000010,0
VEH000529,TSK000010,0
VEH000321,TSK000010,1
VEH000037,TSK000010,0
VEH000082,TSK000010,0
VEH000280,TSK000010,0
VEH000388,TSK000010,0
VEH000366,TSK000010,1
VEH000525,TSK000010,0
VEH000281,TSK000010,0
VEH000065,TSK000010,0
VEH000424,TSK000010,1
VEH000246,TSK000010,0
VEH000063,TSK000010,0
VEH000092,TSK000010,1
VEH000251,TSK000010,0
VEH000455,TSK000010,0
VEH000313,TSK000010,1
VEH000053,TSK000010,1
VEH000220,TSK000010,1
VEH000298,TSK000010,1
VEH000040,TSK000010,0
VEH000519,TSK000010,1
VEH000344,TSK000010,1
VEH000312,TSK000010,0
VEH000431,TSK000010,0
VEH000072,TSK000010,0
VEH000093,TSK000010,0
VEH000225,TSK000010,1
VEH000269,TSK000010,1
VEH000401,TSK000010,1
VEH000060,TSK000010,1
VEH000414,TSK000010,1
VEH000531,TSK000010,1
VEH000410,TSK000010,0
VEH000324,TSK000010,1
VEH000095,TSK000010,1
VEH000077,TSK000010,1
VEH000227,TSK000010,1
VEH000308,TSK000010,0
VEH000003,TSK000010,1
VEH000049,TSK000010,0
VEH000015,TSK000010,0
VEH000272,TSK000010,0
VEH000510,TSK000010,0
VEH000483,TSK000010,0
VEH000089,TSK000022,1
VEH000033,TSK000022,0
VEH000330,TSK000022,1
VEH000261,TSK000022,1
VEH000025,TSK000022,1
VEH000482,TSK000022,1
VEH000523,TSK000022,1
VEH000019,TSK000022,1
VEH000240,TSK000022,1
VEH000083,TSK000022,0
VEH000433,TSK000022,0
VEH000329,TSK000022,0
VEH000450,TSK000022,0
VEH000422,TSK000022,1
VEH000267,TSK000022,1
VEH000296,TSK000022,0
VEH000467,TSK000022,0
VEH000098,TSK000022,1
VEH000074,TSK000022,1
VEH000320,TSK000022,0
VEH000309,TSK000022,0
VEH000067,TSK000022,0
VEH000218,TSK000022,1
VEH000459,TSK000022,1
VEH000101,TSK000022,1
VEH000024,TSK000022,1
VEH000265,TSK000022,0
VEH000006,TSK000022,0
VEH000484,TSK000022,1
VEH000379,TSK000022,0
VEH000358,TSK000022,0
VEH000275,TSK000022,0
VEH000337,TSK000022,1
VEH000532,TSK000022,0
VEH000332,TSK000022,0
VEH000527,TSK000022,0
VEH000078,TSK000022,1
VEH000304,TSK000022,0
VEH000047,TSK000022,0
VEH000287,TSK000022,0
VEH000327,TSK000022,0
VEH000508,TSK000022,1
VEH000057,TSK000022,1
VEH000505,TSK000022,1
VEH000416,TSK000022,0
VEH000035,TSK000022,1
VEH000353,TSK000022,1
VEH000406,TSK000022,1
VEH000050,TSK000022,1
VEH000070,TSK000022,1
VEH000478,TSK000022,0
VEH000514,TSK000022,1
VEH000359,TSK000022,0
VEH000096,TSK000022,0
VEH000229,TSK000022,0
VEH000529,TSK000022,1
VEH000321,TSK000022,1
VEH000037,TSK000022,1
VEH000082,TSK000022,1
VEH000280,TSK000022,1
VEH000388,TSK000022,0
VEH000366,TSK000022,1
VEH000525,TSK000022,1
VEH000281,TSK000022,0
VEH000065,TSK000022,1
VEH000424,TSK000022,1
VEH000246,TSK000022,0
VEH000063,TSK000022,0
VEH000092,TSK000022,1
VEH000251,TSK000022,1
VEH000455,TSK000022,1
VEH000313,TSK000022,0
VEH000053,TSK000022,0
VEH000220,TSK000022,1
VEH000298,TSK000022,0
VEH000040,TSK000022,1
VEH000519,TSK000022,0
VEH000344,TSK000022,0
VEH000312,TSK000022,1
VEH000431,TSK000022,1
VEH000072,TSK000022,0
VEH000093,TSK000022,0
VEH000225,TSK000022,0
VEH000269,TSK000022,0
VEH000401,TSK000022,0
VEH000060,TSK000022,1
VEH000414,TSK000022,1
VEH000531,TSK000022,0
VEH000410,TSK000022,0
VEH000324,TSK000022,1
VEH000095,TSK000022,0
VEH000077,TSK000022,0
VEH000227,TSK000022,1
VEH000308,TSK000022,0
VEH000003,TSK000022,1
VEH000049,TSK000022,1
VEH000015,TSK000022,0
VEH000272,TSK000022,0
VEH000510,TSK000022,0
VEH000483,TSK000022,0
VEH000089,TSK000028,0
VEH000033,TSK000028,0
VEH000330,TSK000028,0
VEH000261,TSK000028,0
VEH000025,TSK000028,1
VEH000482,TSK000028,1
VEH000523,TSK000028,0
VEH000019,TSK000028,1
VEH000240,TSK000028,1
VEH000083,TSK000028,0
VEH000433,TSK000028,1
VEH000329,TSK000028,1
VEH000450,TSK000028,0
VEH000422,TSK000028,0
VEH000267,TSK000028,1
VEH000296,TSK000028,1
VEH000467,TSK000028,1
VEH000098,TSK000028,1
VEH000074,TSK000028,0
VEH000320,TSK000028,0
VEH000309,TSK000028,0
VEH000067,TSK000028,1
VEH000218,TSK000028,0
VEH000459,TSK000028,1
VEH000101,TSK000028,0
VEH000024,TSK000028,1
VEH000265,TSK000028,1
VEH000006,TSK000028,0
VEH000484,TSK000028,0
VEH000379,TSK000028,1
VEH000358,TSK000028,1
VEH000275,TSK000028,1
VEH000337,TSK000028,1
VEH000532,TSK000028,0
VEH000332,TSK000028,0
VEH000527,TSK000028,1
VEH000078,TSK000028,1
VEH000304,TSK000028,0
VEH000047,TSK000028,1
VEH000287,TSK000028,0
VEH000327,TSK000028,0
VEH000508,TSK000028,0
VEH000057,TSK000028,0
VEH000505,TSK000028,1
VEH000416,TSK000028,1
VEH000035,TSK000028,0
VEH000353,TSK000028,0
VEH000406,TSK000028,0
VEH000050,TSK000028,1
VEH000070,TSK000028,0
VEH000478,TSK000028,0
VEH000514,TSK000028,0
VEH000359,TSK000028,1
VEH000096,TSK000028,1
VEH000229,TSK000028,1
VEH000529,TSK000028,1
VEH000321,TSK000028,0
VEH000037,TSK000028,0
VEH000082,TSK000028,0
VEH000280,TSK000028,0
VEH000388,TSK000028,0
VEH000366,TSK000028,0
VEH000525,TSK000028,0
VEH000281,TSK000028,1
VEH000065,TSK000028,0
VEH000424,TSK000028,1
VEH000246,TSK000028,1
VEH000063,TSK000028,0
VEH000092,TSK000028,1
VEH000251,TSK000028,0
VEH000455,TSK000028,1
VEH000313,TSK000028,0
VEH000053,TSK000028,1
VEH000220,TSK000028,1
VEH000298,TSK000028,1
VEH000040,TSK000028,1
VEH000519,TSK000028,0
VEH000344,TSK000028,0
VEH000312,TSK000028,0
VEH000431,TSK000028,1
VEH000072,TSK000028,0
VEH000093,TSK000028,0
VEH000225,TSK000028,1
VEH000269,TSK000028,1
VEH000401,TSK000028,0
VEH000060,TSK000028,1
VEH000414,TSK000028,1
VEH000531,TSK000028,1
VEH000410,TSK000028,1
VEH000324,TSK000028,1
VEH000095,TSK000028,0
VEH000077,TSK000028,0
VEH000227,TSK000028,1
VEH000308,TSK000028,1
VEH000003,TSK000028,1
VEH000049,TSK000028,1
VEH000015,TSK000028,0
VEH000272,TSK000028,1
VEH000510,TSK000028,0
VEH000483,TSK000028,0
VEH000089,TSK000057,1
VEH000033,TSK000057,1
VEH000330,TSK000057,0
VEH000261,TSK000057,1
VEH000025,TSK000057,1
VEH000482,TSK000057,1
VEH000523,TSK000057,1
VEH000019,TSK000057,0
VEH000240,TSK000057,1
VEH000083,TSK000057,0
VEH000433,TSK000057,1
VEH000329,TSK000057,0
VEH000450,TSK000057,1
VEH000422,TSK000057,0
VEH000267,TSK000057,0
VEH000296,TSK000057,0
VEH000467,TSK000057,1
VEH000098,TSK000057,1
VEH000074,TSK000057,0
VEH000320,TSK000057,1
VEH000309,TSK000057,0
VEH000067,TSK000057,1
VEH000218,TSK000057,1
VEH000459,TSK000057,1
VEH000101,TSK000057,1
VEH000024,TSK000057,0
VEH000265,TSK000057,1
VEH000006,TSK000057,1
VEH000484,TSK000057,0
VEH000379,TSK000057,0
VEH000358,TSK000057,1
VEH000275,TSK000057,0
VEH000337,TSK000057,1
VEH000532,TSK000057,0
VEH000332,TSK000057,1
VEH000527,TSK000057,1
VEH000078,TSK000057,1
VEH000304,TSK000057,1
VEH000047,TSK000057,0
VEH000287,TSK000057,0
VEH000327,TSK000057,0
VEH000508,TSK000057,0
VEH000057,TSK000057,0
VEH000505,TSK000057,1
VEH000416,TSK000057,1
VEH000035,TSK000057,1
VEH000353,TSK000057,1
VEH000406,TSK000057,0
VEH000050,TSK000057,1
VEH000070,TSK000057,0
VEH000478,TSK000057,1
VEH000514,TSK000057,1
VEH000359,TSK000057,1
VEH000096,TSK000057,0
VEH000229,TSK000057,1
VEH000529,TSK000057,0
VEH000321,TSK000057,1
VEH000037,TSK000057,0
VEH000082,TSK000057,1
VEH000280,TSK000057,1
VEH000388,TSK000057,0
VEH000366,TSK000057,1
VEH000525,TSK000057,1
VEH000281,TSK000057,0
VEH000065,TSK000057,0
VEH000424,TSK000057,0
VEH000246,TSK000057,1
VEH000063,TSK000057,0
VEH000092,TSK000057,0
VEH000251,TSK000057,0
VEH000455,TSK000057,1
VEH000313,TSK000057,1
VEH000053,TSK000057,0
VEH000220,TSK000057,0
VEH000298,TSK000057,0
VEH000040,TSK000057,0
VEH000519,TSK000057,1
VEH000344,TSK000057,1
VEH000312,TSK000057,1
VEH000431,TSK000057,0
VEH000072,TSK000057,0
VEH000093,TSK000057,0
VEH000225,TSK000057,0
VEH000269,TSK000057,0
VEH000401,TSK000057,0
VEH000060,TSK000057,0
VEH000414,TSK000057,0
VEH000531,TSK000057,0
VEH000410,TSK000057,0
VEH000324,TSK000057,0
VEH000095,TSK000057,1
VEH000077,TSK000057,0
VEH000227,TSK000057,0
VEH000308,TSK000057,1
VEH000003,TSK000057,1
VEH000049,TSK000057,1
VEH000015,TSK000057,0
VEH000272,TSK000057,1
VEH000510,TSK000057,0
VEH000483,TSK000057,1
VEH000089,TSK000098,0
VEH000033,TSK000098,1
VEH000330,TSK000098,1
VEH000261,TSK000098,1
VEH000025,TSK000098,0
VEH000482,TSK000098,1
VEH000523,TSK000098,0
VEH000019,TSK000098,0
VEH000240,TSK000098,0
VEH000083,TSK000098,0
VEH000433,TSK000098,1
VEH000329,TSK000098,1
VEH000450,TSK000098,1
VEH000422,TSK000098,1
VEH000267,TSK000098,0
VEH000296,TSK000098,1
VEH000467,TSK000098,0
VEH000098,TSK000098,0
VEH000074,TSK000098,1
VEH000320,TSK000098,1
VEH000309,TSK000098,1
VEH000067,TSK000098,0
VEH000218,TSK000098,0
VEH000459,TSK000098,0
VEH000101,TSK000098,1
VEH000024,TSK000098,1
VEH000265,TSK000098,1
VEH000006,TSK000098,0
VEH000484,TSK000098,1
VEH000379,TSK000098,0
VEH000358,TSK000098,0
VEH000275,TSK000098,0
VEH000337,TSK000098,0
VEH000532,TSK000098,1
VEH000332,TSK000098,0
VEH000527,TSK000098,0
VEH000078,TSK000098,1
VEH000304,TSK000098,1
VEH000047,TSK000098,1
VEH000287,TSK000098,0
VEH000327,TSK000098,0
VEH000508,TSK000098,0
VEH000057,TSK000098,1
VEH000505,TSK000098,1
VEH000416,TSK000098,1
VEH000035,TSK000098,1
VEH000353,TSK000098,0
VEH000406,TSK000098,0
VEH000050,TSK000098,0
VEH000070,TSK000098,1
VEH000478,TSK000098,0
VEH000514,TSK000098,1
VEH000359,TSK000098,0
VEH000096,TSK000098,1
VEH000229,TSK000098,0
VEH000529,TSK000098,1
VEH000321,TSK000098,1
VEH000037,TSK000098,1
VEH000082,TSK000098,1
VEH000280,TSK000098,1
VEH000388,TSK000098,0
VEH000366,TSK000098,0
VEH000525,TSK000098,0
VEH000281,TSK000098,0
VEH000065,TSK000098,1
VEH000424,TSK000098,0
VEH000246,TSK000098,0
VEH000063,TSK000098,0
VEH000092,TSK000098,1
VEH000251,TSK000098,0
VEH000455,TSK000098,1
VEH000313,TSK000098,1
VEH000053,TSK000098,1
VEH000220,TSK000098,0
VEH000298,TSK000098,1
VEH000040,TSK000098,1
VEH000519,TSK000098,0
VEH000344,TSK000098,0
VEH000312,TSK000098,0
VEH000431,TSK000098,1
VEH000072,TSK000098,1
VEH000093,TSK000098,1
VEH000225,TSK000098,1
VEH000269,TSK000098,1
VEH000401,TSK000098,0
VEH000060,TSK000098,0
VEH000414,TSK000098,0
VEH000531,TSK000098,0
VEH000410,TSK000098,1
VEH000324,TSK000098,1
VEH000095,TSK000098,1
VEH000077,TSK000098,0
VEH000227,TSK000098,0
VEH000308,TSK000098,0
VEH000003,TSK000098,0
VEH000049,TSK000098,0
VEH000015,TSK000098,1
VEH000272,TSK000098,1
VEH000510,TSK000098,1
VEH000483,TSK000098,0
VEH000089,TSK000135,0
VEH000033,TSK000135,0
VEH000330,TSK000135,1
VEH000261,TSK000135,0
VEH000025,TSK000135,0
VEH000482,TSK000135,1
VEH000523,TSK000135,0
VEH000019,TSK000135,1
VEH000240,TSK000135,1
VEH000083,TSK000135,0
VEH000433,TSK000135,0
VEH000329,TSK000135,0
VEH000450,TSK000135,1
VEH000422,TSK000135,1
VEH000267,TSK000135,1
VEH000296,TSK000135,1
VEH000467,TSK000135,0
VEH000098,TSK000135,0
VEH000074,TSK000135,0
VEH000320,TSK000135,1
VEH000309,TSK000135,1
VEH000067,TSK000135,0
VEH000218,TSK000135,1
VEH000459,TSK000135,0
VEH000101,TSK000135,1
VEH000024,TSK000135,0
VEH000265,TSK000135,0
VEH000006,TSK000135,0
VEH000484,TSK000135,0
VEH000379,TSK000135,0
VEH000358,TSK000135,0
VEH000275,TSK000135,0
VEH000337,TSK000135,1
VEH000532,TSK000135,1
VEH000332,TSK000135,1
VEH000527,TSK000135,1
VEH000078,TSK000135,1
VEH000304,TSK000135,1
VEH000047,TSK000135,1
VEH000287,TSK000135,0
VEH000327,TSK000135,0
VEH000508,TSK000135,0
VEH000057,TSK000135,1
VEH000505,TSK000135,1
VEH000416,TSK000135,1
VEH000035,TSK000135,0
VEH000353,TSK000135,1
VEH000406,TSK000135,1
VEH000050,TSK000135,0
VEH000070,TSK000135,0
VEH000478,TSK000135,1
VEH000514,TSK000135,1
VEH000359,TSK000135,1
VEH000096,TSK000135,1
VEH000229,TSK000135,1
VEH000529,TSK000135,1
VEH000321,TSK000135,1
VEH000037,TSK000135,0
VEH000082,TSK000135,1
VEH000280,TSK000135,1
VEH000388,TSK000135,1
VEH000366,TSK000135,0
VEH000525,TSK000135,0
VEH000281,TSK000135,0
VEH000065,TSK000135,0
VEH000424,TSK000135,0
VEH000246,TSK000135,0
VEH000063,TSK000135,0
VEH000092,TSK000135,1
VEH000251,TSK000135,1
VEH000455,TSK000135,0
VEH000313,TSK000135,0
VEH000053,TSK000135,0
VEH000220,TSK000135,0
VEH000298,TSK000135,1
VEH000040,TSK000135,1
VEH000519,TSK000135,0
VEH000344,TSK000135,0
VEH000312,TSK000135,0
VEH000431,TSK000135,0
VEH000072,TSK000135,1
VEH000093,TSK000135,1
VEH000225,TSK000135,1
VEH000269,TSK000135,0
VEH000401,TSK000135,1
VEH000060,TSK000135,1
VEH000414,TSK000135,1
VEH000531,TSK000135,0
VEH000410,TSK000135,1
VEH000324,TSK000135,0
VEH000095,TSK000135,1
VEH000077,TSK000135,1
VEH000227,TSK000135,0
VEH000308,TSK000135,0
VEH000003,TSK000135,1
VEH000049,TSK000135,0
VEH000015,TSK000135,0
VEH000272,TSK000135,0
VEH000510,TSK000135,1
VEH000483,TSK000135,1
VEH000089,TSK000249,0
VEH000033,TSK000249,1
VEH000330,TSK000249,1
VEH000261,TSK000249,0
VEH000025,TSK000249,1
VEH000482,TSK000249,1
VEH000523,TSK000249,1
VEH000019,TSK000249,1
VEH000240,TSK000249,1
VEH000083,TSK000249,1
VEH000433,TSK000249,1
VEH000329,TSK000249,0
VEH000450,TSK000249,1
VEH000422,TSK000249,0
VEH000267,TSK000249,0
VEH000296,TSK000249,0
VEH000467,TSK000249,0
VEH000098,TSK000249,0
VEH000074,TSK000249,1
VEH000320,TSK000249,0
VEH000309,TSK000249,1
VEH000067,TSK000249,1
VEH000218,TSK000249,1
VEH000459,TSK000249,0
VEH000101,TSK000249,1
VEH000024,TSK000249,1
VEH000265,TSK000249,0
VEH000006,TSK000249,0
VEH000484,TSK000249,1
VEH000379,TSK000249,1
VEH000358,TSK000249,1
VEH000275,TSK000249,1
VEH000337,TSK000249,1
VEH000532,TSK000249,1
VEH000332,TSK000249,1
VEH000527,TSK000249,0
VEH000078,TSK000249,0
VEH000304,TSK000249,0
VEH000047,TSK000249,1
VEH000287,TSK000249,0
VEH000327,TSK000249,1
VEH000508,TSK000249,0
VEH000057,TSK000249,0
VEH000505,TSK000249,0
VEH000416,TSK000249,0
VEH000035,TSK000249,1
VEH000353,TSK000249,1
VEH000406,TSK000249,1
VEH000050,TSK000249,1
VEH000070,TSK000249,0
VEH000478,TSK000249,0
VEH000514,TSK000249,1
VEH000359,TSK000249,0
VEH000096,TSK000249,1
VEH000229,TSK000249,0
VEH000529,TSK000249,1
VEH000321,TSK000249,0
VEH000037,TSK000249,1
VEH000082,TSK000249,1
VEH000280,TSK000249,0
VEH000388,TSK000249,0
VEH000366,TSK000249,1
VEH000525,TSK000249,0
VEH000281,TSK000249,0
VEH000065,TSK000249,1
VEH000424,TSK000249,1
VEH000246,TSK000249,1
VEH000063,TSK000249,0
VEH000092,TSK000249,1
VEH000251,TSK000249,0
VEH000455,TSK000249,0
VEH000313,TSK000249,0
VEH000053,TSK000249,1
VEH000220,TSK000249,1
VEH000298,TSK000249,0
VEH000040,TSK000249,1
VEH000519,TSK000249,0
VEH000344,TSK000249,0
VEH000312,TSK000249,1
VEH000431,TSK000249,0
VEH000072,TSK000249,0
VEH000093,TSK000249,1
VEH000225,TSK000249,0
VEH000269,TSK000249,1
VEH000401,TSK000249,0
VEH000060,TSK000249,0
VEH000414,TSK000249,1
VEH000531,TSK000249,0
VEH000410,TSK000249,0
VEH000324,TSK000249,0
VEH000095,TSK000249,0
VEH000077,TSK000249,0
VEH000227,TSK000249,1
VEH000308,TSK000249,0
VEH000003,TSK000249,1
VEH000049,TSK000249,0
VEH000015,TSK000249,0
VEH000272,TSK000249,1
VEH000510,TSK000249,1
VEH000483,TSK000249,0
VEH000089,TSK000253,0
VEH000033,TSK000253,1
VEH000330,TSK000253,1
VEH000261,TSK000253,1
VEH000025,TSK000253,0
VEH000482,TSK000253,0
VEH000523,TSK000253,1
VEH000019,TSK000253,0
VEH000240,TSK000253,0
VEH000083,TSK000253,0
VEH000433,TSK000253,0
VEH000329,TSK000253,0
VEH000450,TSK000253,1
VEH000422,TSK000253,1
VEH000267,TSK000253,0
VEH000296,TSK000253,1
VEH000467,TSK000253,1
VEH000098,TSK000253,0
VEH000074,TSK000253,0
VEH000320,TSK000253,0
VEH000309,TSK000253,0
VEH000067,TSK000253,0
VEH000218,TSK000253,0
VEH000459,TSK000253,0
VEH000101,TSK000253,1
VEH000024,TSK000253,1
VEH000265,TSK000253,0
VEH000006,TSK000253,1
VEH000484,TSK000253,1
VEH000379,TSK000253,0
VEH000358,TSK000253,0
VEH000275,TSK000253,1
VEH000337,TSK000253,1
VEH000532,TSK000253,0
VEH000332,TSK000253,0
VEH000527,TSK000253,1
VEH000078,TSK000253,0
VEH000304,TSK000253,1
VEH000047,TSK000253,1
VEH000287,TSK000253,1
VEH000327,TSK000253,1
VEH000508,TSK000253,1
VEH000057,TSK000253,1
VEH000505,TSK000253,0
VEH000416,TSK000253,1
VEH000035,TSK000253,0
VEH000353,TSK000253,0
VEH000406,TSK000253,0
VEH000050,TSK000253,0
VEH000070,TSK000253,1
VEH000478,TSK000253,1
VEH000514,TSK000253,1
VEH000359,TSK000253,0
VEH000096,TSK000253,0
VEH000229,TSK000253,0
VEH000529,TSK000253,1
VEH000321,TSK000253,0
VEH000037,TSK000253,1
VEH000082,TSK000253,0
VEH000280,TSK000253,1
VEH000388,TSK000253,0
VEH000366,TSK000253,0
VEH000525,TSK000253,0
VEH000281,TSK000253,1
VEH000065,TSK000253,1
VEH000424,TSK000253,0
VEH000246,TSK000253,0
VEH000063,TSK000253,1
VEH000092,TSK000253,0
VEH000251,TSK000253,0
VEH000455,TSK000253,1
VEH000313,TSK000253,1
VEH000053,TSK000253,1
VEH000220,TSK000253,0
VEH000298,TSK000253,0
VEH000040,TSK000253,0
VEH000519,TSK000253,0
VEH000344,TSK000253,0
VEH000312,TSK000253,1
VEH000431,TSK000253,1
VEH000072,TSK000253,1
VEH000093,TSK000253,1
VEH000225,TSK000253,0
VEH000269,TSK000253,1
VEH000401,TSK000253,0
VEH000060,TSK000253,1
VEH000414,TSK000253,0
VEH000531,TSK000253,1
VEH000410,TSK000253,1
VEH000324,TSK000253,0
VEH000095,TSK000253,1
VEH000077,TSK000253,1
VEH000227,TSK000253,0
VEH000308,TSK000253,0
VEH000003,TSK000253,1
VEH000049,TSK000253,1
VEH000015,TSK000253,1
VEH000272,TSK000253,1
VEH000510,TSK000253,1
VEH000483,TSK000253,1
VEH000089,TSK000263,1
VEH000033,TSK000263,0
VEH000330,TSK000263,0
VEH000261,TSK000263,0
VEH000025,TSK000263,1
VEH000482,TSK000263,1
VEH000523,TSK000263,0
VEH000019,TSK000263,0
VEH000240,TSK000263,0
VEH000083,TSK000263,1
VEH000433,TSK000263,1
VEH000329,TSK000263,1
VEH000450,TSK000263,0
VEH000422,TSK000263,0
VEH000267,TSK000263,1
VEH000296,TSK000263,0
VEH000467,TSK000263,1
VEH000098,TSK000263,1
VEH000074,TSK000263,1
VEH000320,TSK000263,0
VEH000309,TSK000263,0
VEH000067,TSK000263,0
VEH000218,TSK000263,0
VEH000459,TSK000263,1
VEH000101,TSK000263,0
VEH000024,TSK000263,0
VEH000265,TSK000263,1
VEH000006,TSK000263,1
VEH000484,TSK000263,1
VEH000379,TSK000263,1
VEH000358,TSK000263,0
VEH000275,TSK000263,0
VEH000337,TSK000263,1
VEH000532,TSK000263,1
VEH000332,TSK000263,0
VEH000527,TSK000263,0
VEH000078,TSK000263,1
VEH000304,TSK000263,0
VEH000047,TSK000263,0
VEH000287,TSK000263,1
VEH000327,TSK000263,1
VEH000508,TSK000263,1
VEH000057,TSK000263,0
VEH000505,TSK000263,0
VEH000416,TSK000263,1
VEH000035,TSK000263,1
VEH000353,TSK000263,1
VEH000406,TSK000263,0
VEH000050,TSK000263,1
VEH000070,TSK000263,1
VEH000478,TSK000263,1
VEH000514,TSK000263,1
VEH000359,TSK000263,0
VEH000096,TSK000263,1
VEH000229,TSK000263,1
VEH000529,TSK000263,1
VEH000321,TSK000263,1
VEH000037,TSK000263,0
VEH000082,TSK000263,1
VEH000280,TSK000263,0
VEH000388,TSK000263,0
VEH000366,TSK000263,0
VEH000525,TSK000263,0
VEH000281,TSK000263,1
VEH000065,TSK000263,1
VEH000424,TSK000263,0
VEH000246,TSK000263,1
VEH000063,TSK000263,0
VEH000092,TSK000263,0
VEH000251,TSK000263,0
VEH000455,TSK000263,1
VEH000313,TSK000263,1
VEH000053,TSK000263,0
VEH000220,TSK000263,1
VEH000298,TSK000263,1
VEH000040,TSK000263,1
VEH000519,TSK000263,0
VEH000344,TSK000263,1
VEH000312,TSK000263,0
VEH000431,TSK000263,0
VEH000072,TSK000263,1
VEH000093,TSK000263,0
VEH000225,TSK000263,1
VEH000269,TSK000263,0
VEH000401,TSK000263,0
VEH000060,TSK000263,1
VEH000414,TSK000263,1
VEH000531,TSK000263,0
VEH000410,TSK000263,1
VEH000324,TSK000263,0
VEH000095,TSK000263,0
VEH000077,TSK000263,0
VEH000227,TSK000263,0
VEH000308,TSK000263,0
VEH000003,TSK000263,0
VEH000049,TSK000263,1
VEH000015,TSK000263,0
VEH000272,TSK000263,1
VEH000510,TSK000263,1
VEH000483,TSK000263,0
VEH000089,TSK000264,1
VEH000033,TSK000264,0
VEH000330,TSK000264,1
VEH000261,TSK000264,0
VEH000025,TSK000264,1
VEH000482,TSK000264,0
VEH000523,TSK000264,1
VEH000019,TSK000264,0
VEH000240,TSK000264,0
VEH000083,TSK000264,1
VEH000433,TSK000264,0
VEH000329,TSK000264,1
VEH000450,TSK000264,1
VEH000422,TSK000264,0
VEH000267,TSK000264,0
VEH000296,TSK000264,0
VEH000467,TSK000264,1
VEH000098,TSK000264,1
VEH000074,TSK000264,1
VEH000320,TSK000264,1
VEH000309,TSK000264,1
VEH000067,TSK000264,0
VEH000218,TSK000264,0
VEH000459,TSK000264,0
VEH000101,TSK000264,0
VEH000024,TSK000264,1
VEH000265,TSK000264,0
VEH000006,TSK000264,0
VEH000484,TSK000264,1
VEH000379,TSK000264,0
VEH000358,TSK000264,1
VEH000275,TSK000264,0
VEH000337,TSK000264,1
VEH000532,TSK000264,0
VEH000332,TSK000264,0
VEH000527,TSK000264,1
VEH000078,TSK000264,0
VEH000304,TSK000264,1
VEH000047,TSK000264,1
VEH000287,TSK000264,1
VEH000327,TSK000264,0
VEH000508,TSK000264,1
VEH000057,TSK000264,1
VEH000505,TSK000264,0
VEH000416,TSK000264,0
VEH000035,TSK000264,0
VEH000353,TSK000264,1
VEH000406,TSK000264,1
VEH000050,TSK000264,0
VEH000070,TSK000264,0
VEH000478,TSK000264,1
VEH000514,TSK000264,1
VEH000359,TSK000264,1
VEH000096,TSK000264,1
VEH000229,TSK000264,1
VEH000529,TSK000264,0
VEH000321,TSK000264,0
VEH000037,TSK000264,0
VEH000082,TSK000264,0
VEH000280,TSK000264,1
VEH000388,TSK000264,1
VEH000366,TSK000264,0
VEH000525,TSK000264,1
VEH000281,TSK000264,1
VEH000065,TSK000264,0
VEH000424,TSK000264,0
VEH000246,TSK000264,1
VEH000063,TSK000264,0
VEH000092,TSK000264,1
VEH000251,TSK000264,1
VEH000455,TSK000264,1
VEH000313,TSK000264,1
VEH000053,TSK000264,0
VEH000220,TSK000264,0
VEH000298,TSK000264,0
VEH000040,TSK000264,0
VEH000519,TSK000264,1
VEH000344,TSK000264,1
VEH000312,TSK000264,0
VEH000431,TSK000264,1
VEH000072,TSK000264,1
VEH000093,TSK000264,0
VEH000225,TSK000264,0
VEH000269,TSK000264,0
VEH000401,TSK000264,0
VEH000060,TSK000264,0
VEH000414,TSK000264,0
VEH000531,TSK000264,0
VEH000410,TSK000264,0
VEH000324,TSK000264,1
VEH000095,TSK000264,1
VEH000077,TSK000264,1
VEH000227,TSK000264,1
VEH000308,TSK000264,1
VEH000003,TSK000264,1
VEH000049,TSK000264,1
VEH000015,TSK000264,0
VEH000272,TSK000264,0
VEH000510,TSK000264,1
VEH000483,TSK000264,0
VEH000089,TSK000310,0
VEH000033,TSK000310,0
VEH000330,TSK000310,1
VEH000261,TSK000310,0
VEH000025,TSK000310,0
VEH000482,TSK000310,1
VEH000523,TSK000310,1
VEH000019,TSK000310,0
VEH000240,TSK000310,1
VEH000083,TSK000310,0
VEH000433,TSK000310,0
VEH000329,TSK000310,1
VEH000450,TSK000310,1
VEH000422,TSK000310,1
VEH000267,TSK000310,0
VEH000296,TSK000310,1
VEH000467,TSK000310,0
VEH000098,TSK000310,1
VEH000074,TSK000310,1
VEH000320,TSK000310,1
VEH000309,TSK000310,0
VEH000067,TSK000310,0
VEH000218,TSK000310,1
VEH000459,TSK000310,1
VEH000101,TSK000310,1
VEH000024,TSK000310,0
VEH000265,TSK000310,0
VEH000006,TSK000310,1
VEH000484,TSK000310,1
VEH000379,TSK000310,0
VEH000358,TSK000310,0
VEH000275,TSK000310,1
VEH000337,TSK000310,1
VEH000532,TSK000310,0
VEH000332,TSK000310,1
VEH000527,TSK000310,0
VEH000078,TSK000310,1
VEH000304,TSK000310,0
VEH000047,TSK000310,0
VEH000287,TSK000310,0
VEH000327,TSK000310,0
VEH000508,TSK000310,0
VEH000057,TSK000310,0
VEH000505,TSK000310,0
VEH000416,TSK000310,1
VEH000035,TSK000310,1
VEH000353,TSK000310,1
VEH000406,TSK000310,1
VEH000050,TSK000310,1
VEH000070,TSK000310,1
VEH000478,TSK000310,0
VEH000514,TSK000310,0
VEH000359,TSK000310,0
VEH000096,TSK000310,1
VEH000229,TSK000310,1
VEH000529,TSK000310,0
VEH000321,TSK000310,0
VEH000037,TSK000310,1
VEH000082,TSK000310,0
VEH000280,TSK000310,1
VEH000388,TSK000310,1
VEH000366,TSK000310,0
VEH000525,TSK000310,1
VEH000281,TSK000310,0
VEH000065,TSK000310,0
VEH000424,TSK000310,0
VEH000246,TSK000310,1
VEH000063,TSK000310,0
VEH000092,TSK000310,1
VEH000251,TSK000310,1
VEH000455,TSK000310,1
VEH000313,TSK000310,0
VEH000053,TSK000310,0
VEH000220,TSK000310,0
VEH000298,TSK000310,1
VEH000040,TSK000310,0
VEH000519,TSK000310,1
VEH000344,TSK000310,1
VEH000312,TSK000310,0
VEH000431,TSK000310,0
VEH000072,TSK000310,1
VEH000093,TSK000310,0
VEH000225,TSK000310,1
VEH000269,TSK000310,1
VEH000401,TSK000310,0
VEH000060,TSK000310,1
VEH000414,TSK000310,1
VEH000531,TSK000310,1
VEH000410,TSK000310,1
VEH000324,TSK000310,1
VEH000095,TSK000310,0
VEH000077,TSK000310,0
VEH000227,TSK000310,0
VEH000308,TSK000310,1
VEH000003,TSK000310,0
VEH000049,TSK000310,0
VEH000015,TSK000310,1
VEH000272,TSK000310,0
VEH000510,TSK000310,0
VEH000483,TSK000310,1
VEH000089,TSK000366,0
VEH000033,TSK000366,1
VEH000330,TSK000366,0
VEH000261,TSK000366,0
VEH000025,TSK000366,1
VEH000482,TSK000366,1
VEH000523,TSK000366,0
VEH000019,TSK000366,1
VEH000240,TSK000366,1
VEH000083,TSK000366,0
VEH000433,TSK000366,0
VEH000329,TSK000366,0
VEH000450,TSK000366,0
VEH000422,TSK000366,0
VEH000267,TSK000366,1
VEH000296,TSK000366,1
VEH000467,TSK000366,0
VEH000098,TSK000366,0
VEH000074,TSK000366,1
VEH000320,TSK000366,1
VEH000309,TSK000366,0
VEH000067,TSK000366,0
VEH000218,TSK000366,0
VEH000459,TSK000366,0
VEH000101,TSK000366,0
VEH000024,TSK000366,1
VEH000265,TSK000366,1
VEH000006,TSK000366,0
VEH000484,TSK000366,1
VEH000379,TSK000366,0
VEH000358,TSK000366,1
VEH000275,TSK000366,1
VEH000337,TSK000366,0
VEH000532,TSK000366,1
VEH000332,TSK000366,1
VEH000527,TSK000366,1
VEH000078,TSK000366,0
VEH000304,TSK000366,1
VEH000047,TSK000366,1
VEH000287,TSK000366,0
VEH000327,TSK000366,0
VEH000508,TSK000366,0
VEH000057,TSK000366,0
VEH000505,TSK000366,1
VEH000416,TSK000366,0
VEH000035,TSK000366,1
VEH000353,TSK000366,1
VEH000406,TSK000366,1
VEH000050,TSK000366,0
VEH000070,TSK000366,0
VEH000478,TSK000366,0
VEH000514,TSK000366,1
VEH000359,TSK000366,1
VEH000096,TSK000366,0
VEH000229,TSK000366,1
VEH000529,TSK000366,1
VEH000321,TSK000366,1
VEH000037,TSK000366,1
VEH000082,TSK000366,0
VEH000280,TSK000366,1
VEH000388,TSK000366,1
VEH000366,TSK000366,1
VEH000525,TSK000366,1
VEH000281,TSK000366,1
VEH000065,TSK000366,1
VEH000424,TSK000366,1
VEH000246,TSK000366,0
VEH000063,TSK000366,0
VEH000092,TSK000366,1
VEH000251,TSK000366,0
VEH000455,TSK000366,0
VEH000313,TSK000366,1
VEH000053,TSK000366,1
VEH000220,TSK000366,1
VEH000298,TSK000366,1
VEH000040,TSK000366,0
VEH000519,TSK000366,1
VEH000344,TSK000366,0
VEH000312,TSK000366,0
VEH000431,TSK000366,0
VEH000072,TSK000366,0
VEH000093,TSK000366,1
VEH000225,TSK000366,1
VEH000269,TSK000366,1
VEH000401,TSK000366,1
VEH000060,TSK000366,0
VEH000414,TSK000366,0
VEH000531,TSK000366,0
VEH000410,TSK000366,1
VEH000324,TSK000366,0
VEH000095,TSK000366,0
VEH000077,TSK000366,0
VEH000227,TSK000366,1
VEH000308,TSK000366,0
VEH000003,TSK000366,0
VEH000049,TSK000366,1
VEH000015,TSK000366,0
VEH000272,TSK000366,0
VEH000510,TSK000366,1
VEH000483,TSK000366,0
VEH000089,TSK000367,0
VEH000033,TSK000367,0
VEH000330,TSK000367,0
VEH000261,TSK000367,0
VEH000025,TSK000367,0
VEH000482,TSK000367,1
VEH000523,TSK000367,0
VEH000019,TSK000367,1
VEH000240,TSK000367,1
VEH000083,TSK000367,1
VEH000433,TSK000367,0
VEH000329,TSK000367,0
VEH000450,TSK000367,1
VEH000422,TSK000367,1
VEH000267,TSK000367,1
VEH000296,TSK000367,1
VEH000467,TSK000367,0
VEH000098,TSK000367,0
VEH000074,TSK000367,0
VEH000320,TSK000367,0
VEH000309,TSK000367,1
VEH000067,TSK000367,0
VEH000218,TSK000367,1
VEH000459,TSK000367,0
VEH000101,TSK000367,0
VEH000024,TSK000367,1
VEH000265,TSK000367,1
VEH000006,TSK000367,0
VEH000484,TSK000367,1
VEH000379,TSK000367,0
VEH000358,TSK000367,0
VEH000275,TSK000367,0
VEH000337,TSK000367,1
VEH000532,TSK000367,1
VEH000332,TSK000367,0
VEH000527,TSK000367,1
VEH000078,TSK000367,1
VEH000304,TSK000367,0
VEH000047,TSK000367,1
VEH000287,TSK000367,1
VEH000327,TSK000367,1
VEH000508,TSK000367,0
VEH000057,TSK000367,1
VEH000505,TSK000367,1
VEH000416,TSK000367,0
VEH000035,TSK000367,0
VEH000353,TSK000367,0
VEH000406,TSK000367,0
VEH000050,TSK000367,0
VEH000070,TSK000367,1
VEH000478,TSK000367,0
VEH000514,TSK000367,0
VEH000359,TSK000367,0
VEH000096,TSK000367,1
VEH000229,TSK000367,0
VEH000529,TSK000367,0
VEH000321,TSK000367,1
VEH000037,TSK000367,0
VEH000082,TSK000367,1
VEH000280,TSK000367,0
VEH000388,TSK000367,0
VEH000366,TSK000367,1
VEH000525,TSK000367,1
VEH000281,TSK000367,1
VEH000065,TSK000367,1
VEH000424,TSK000367,1
VEH000246,TSK000367,1
VEH000063,TSK000367,1
VEH000092,TSK000367,1
VEH000251,TSK000367,1
VEH000455,TSK000367,0
VEH000313,TSK000367,1
VEH000053,TSK000367,0
VEH000220,TSK000367,0
VEH000298,TSK000367,1
VEH000040,TSK000367,0
VEH000519,TSK000367,0
VEH000344,TSK000367,0
VEH000312,TSK000367,1
VEH000431,TSK000367,1
VEH000072,TSK000367,1
VEH000093,TSK000367,0
VEH000225,TSK000367,1
VEH000269,TSK000367,1
VEH000401,TSK000367,1
VEH000060,TSK000367,0
VEH000414,TSK000367,0
VEH000531,TSK000367,1
VEH000410,TSK000367,0
VEH000324,TSK000367,1
VEH000095,TSK000367,1
VEH000077,TSK000367,0
VEH000227,TSK000367,1
VEH000308,TSK000367,0
VEH000003,TSK000367,1
VEH000049,TSK000367,0
VEH000015,TSK000367,1
VEH000272,TSK000367,1
VEH000510,TSK000367,0
VEH000483,TSK000367,0
VEH000089,TSK000385,1
VEH000033,TSK000385,0
VEH000330,TSK000385,1
VEH000261,TSK000385,1
VEH000025,TSK000385,1
VEH000482,TSK000385,1
VEH000523,TSK000385,1
VEH000019,TSK000385,0
VEH000240,TSK000385,1
VEH000083,TSK000385,0
VEH000433,TSK000385,1
VEH000329,TSK000385,0
VEH000450,TSK000385,0
VEH000422,TSK000385,1
VEH000267,TSK000385,1
VEH000296,TSK000385,0
VEH000467,TSK000385,1
VEH000098,TSK000385,0
VEH000074,TSK000385,0
VEH000320,TSK000385,0
VEH000309,TSK000385,1
VEH000067,TSK000385,0
VEH000218,TSK000385,0
VEH000459,TSK000385,0
VEH000101,TSK000385,1
VEH000024,TSK000385,0
VEH000265,TSK000385,0
VEH000006,TSK000385,0
VEH000484,TSK000385,1
VEH000379,TSK000385,1
VEH000358,TSK000385,0
VEH000275,TSK000385,1
VEH000337,TSK000385,1
VEH000532,TSK000385,0
VEH000332,TSK000385,0
VEH000527,TSK000385,1
VEH000078,TSK000385,0
VEH000304,TSK000385,1
VEH000047,TSK000385,0
VEH000287,TSK000385,1
VEH000327,TSK000385,0
VEH000508,TSK000385,1
VEH000057,TSK000385,0
VEH000505,TSK000385,1
VEH000416,TSK000385,0
VEH000035,TSK000385,0
VEH000353,TSK000385,0
VEH000406,TSK000385,1
VEH000050,TSK000385,1
VEH000070,TSK000385,1
VEH000478,TSK000385,0
VEH000514,TSK000385,0
VEH000359,TSK000385,1
VEH000096,TSK000385,0
VEH000229,TSK000385,0
VEH000529,TSK000385,0
VEH000321,TSK000385,1
VEH000037,TSK000385,1
VEH000082,TSK000385,1
VEH000280,TSK000385,1
VEH000388,TSK000385,1
VEH000366,TSK000385,1
VEH000525,TSK000385,0
VEH000281,TSK000385,0
VEH000065,TSK000385,1
VEH000424,TSK000385,0
VEH000246,TSK000385,1
VEH000063,TSK000385,1
VEH000092,TSK000385,0
VEH000251,TSK000385,0
VEH000455,TSK000385,0
VEH000313,TSK000385,1
VEH000053,TSK000385,1
VEH000220,TSK000385,1
VEH000298,TSK000385,1
VEH000040,TSK000385,0
VEH000519,TSK000385,1
VEH000344,TSK000385,1
VEH000312,TSK000385,0
VEH000431,TSK000385,0
VEH000072,TSK000385,0
VEH000093,TSK000385,0
VEH000225,TSK000385,0
VEH000269,TSK000385,1
VEH000401,TSK000385,1
VEH000060,TSK000385,0
VEH000414,TSK000385,1
VEH000531,TSK000385,0
VEH000410,TSK000385,1
VEH000324,TSK000385,1
VEH000095,TSK000385,1
VEH000077,TSK000385,1
VEH000227,TSK000385,0
VEH000308,TSK000385,0
VEH000003,TSK000385,1
VEH000049,TSK000385,0
VEH000015,TSK000385,0
VEH000272,TSK000385,0
VEH000510,TSK000385,0
VEH000483,TSK000385,1
VEH000089,TSK000391,1
VEH000033,TSK000391,0
VEH000330,TSK000391,1
VEH000261,TSK000391,1
VEH000025,TSK000391,0
VEH000482,TSK000391,1
VEH000523,TSK000391,0
VEH000019,TSK000391,1
VEH000240,TSK000391,1
VEH000083,TSK000391,0
VEH000433,TSK000391,0
VEH000329,TSK000391,0
VEH000450,TSK000391,0
VEH000422,TSK000391,0
VEH000267,TSK000391,0
VEH000296,TSK000391,0
VEH000467,TSK000391,1
VEH000098,TSK000391,1
VEH000074,TSK000391,0
VEH000320,TSK000391,0
VEH000309,TSK000391,1
VEH000067,TSK000391,0
VEH000218,TSK000391,0
VEH000459,TSK000391,1
VEH000101,TSK000391,0
VEH000024,TSK000391,1
VEH000265,TSK000391,1
VEH000006,TSK000391,1
VEH000484,TSK000391,0
VEH000379,TSK000391,1
VEH000358,TSK000391,0
VEH000275,TSK000391,0
VEH000337,TSK000391,1
VEH000532,TSK000391,0
VEH000332,TSK000391,1
VEH000527,TSK000391,1
VEH000078,TSK000391,1
VEH000304,TSK000391,1
VEH000047,TSK000391,0
VEH000287,TSK000391,0
VEH000327,TSK000391,1
VEH000508,TSK000391,0
VEH000057,TSK000391,0
VEH000505,TSK000391,1
VEH000416,TSK000391,1
VEH000035,TSK000391,1
VEH000353,TSK000391,0
VEH000406,TSK000391,0
VEH000050,TSK000391,1
VEH000070,TSK000391,0
VEH000478,TSK000391,1
VEH000514,TSK000391,0
VEH000359,TSK000391,0
VEH000096,TSK000391,1
VEH000229,TSK000391,0
VEH000529,TSK000391,0
VEH000321,TSK000391,1
VEH000037,TSK000391,0
VEH000082,TSK000391,0
VEH000280,TSK000391,0
VEH000388,TSK000391,1
VEH000366,TSK000391,1
VEH000525,TSK000391,0
VEH000281,TSK000391,1
VEH000065,TSK000391,0
VEH000424,TSK000391,1
VEH000246,TSK000391,0
VEH000063,TSK000391,0
VEH000092,TSK000391,1
VEH000251,TSK000391,0
VEH000455,TSK000391,0
VEH000313,TSK000391,0
VEH000053,TSK000391,1
VEH000220,TSK000391,1
VEH000298,TSK000391,1
VEH000040,TSK000391,1
VEH000519,TSK000391,1
VEH000344,TSK000391,1
VEH000312,TSK000391,1
VEH000431,TSK000391,0
VEH000072,TSK000391,0
VEH000093,TSK000391,0
VEH000225,TSK000391,0
VEH000269,TSK000391,1
VEH000401,TSK000391,1
VEH000060,TSK000391,0
VEH000414,TSK000391,1
VEH000531,TSK000391,0
VEH000410,TSK000391,1
VEH000324,TSK000391,1
VEH000095,TSK000391,0
VEH000077,TSK000391,1
VEH000227,TSK000391,1
VEH000308,TSK000391,1
VEH000003,TSK000391,0
VEH000049,TSK000391,0
VEH000015,TSK000391,1
VEH000272,TSK000391,0
VEH000510,TSK000391,1
VEH000483,TSK000391,1
VEH000089,TSK000400,0
VEH000033,TSK000400,0
VEH000330,TSK000400,1
VEH000261,TSK000400,1
VEH000025,TSK000400,0
VEH000482,TSK000400,0
VEH000523,TSK000400,1
VEH000019,TSK000400,1
VEH000240,TSK000400,0
VEH000083,TSK000400,1
VEH000433,TSK000400,0
VEH000329,TSK000400,1
VEH000450,TSK000400,0
VEH000422,TSK000400,0
VEH000267,TSK000400,0
VEH000296,TSK000400,1
VEH000467,TSK000400,0
VEH000098,TSK000400,1
VEH000074,TSK000400,1
VEH000320,TSK000400,0
VEH000309,TSK000400,1
VEH000067,TSK000400,1
VEH000218,TSK000400,0
VEH000459,TSK000400,0
VEH000101,TSK000400,1
VEH000024,TSK000400,1
VEH000265,TSK000400,0
VEH000006,TSK000400,0
VEH000484,TSK000400,1
VEH000379,TSK000400,1
VEH000358,TSK000400,0
VEH000275,TSK000400,1
VEH000337,TSK000400,0
VEH000532,TSK000400,1
VEH000332,TSK000400,1
VEH000527,TSK000400,1
VEH000078,TSK000400,0
VEH000304,TSK000400,1
VEH000047,TSK000400,0
VEH000287,TSK000400,0
VEH000327,TSK000400,0
VEH000508,TSK000400,1
VEH000057,TSK000400,1
VEH000505,TSK000400,0
VEH000416,TSK000400,0
VEH000035,TSK000400,1
VEH000353,TSK000400,0
VEH000406,TSK000400,0
VEH000050,TSK000400,0
VEH000070,TSK000400,1
VEH000478,TSK000400,1
VEH000514,TSK000400,1
VEH000359,TSK000400,0
VEH000096,TSK000400,0
VEH000229,TSK000400,1
VEH000529,TSK000400,1
VEH000321,TSK000400,1
VEH000037,TSK000400,0
VEH000082,TSK000400,1
VEH000280,TSK000400,1
VEH000388,TSK000400,0
VEH000366,TSK000400,1
VEH000525,TSK000400,0
VEH000281,TSK000400,0
VEH000065,TSK000400,1
VEH000424,TSK000400,0
VEH000246,TSK000400,0
VEH000063,TSK000400,0
VEH000092,TSK000400,1
VEH000251,TSK000400,1
VEH000455,TSK000400,0
VEH000313,TSK000400,0
VEH000053,TSK000400,0
VEH000220,TSK000400,1
VEH000298,TSK000400,0
VEH000040,TSK000400,0
VEH000519,TSK000400,0
VEH000344,TSK000400,0
VEH000312,TSK000400,0
VEH000431,TSK000400,1
VEH000072,TSK000400,0
VEH000093,TSK000400,0
VEH000225,TSK000400,1
VEH000269,TSK000400,1
VEH000401,TSK000400,1
VEH000060,TSK000400,1
VEH000414,TSK000400,1
VEH000531,TSK000400,1
VEH000410,TSK000400,0
VEH000324,TSK000400,1
VEH000095,TSK000400,0
VEH000077,TSK000400,1
VEH000227,TSK000400,0
VEH000308,TSK000400,1
VEH000003,TSK000400,1
VEH000049,TSK000400,1
VEH000015,TSK000400,0
VEH000272,TSK000400,1
VEH000510,TSK000400,0
VEH000483,TSK000400,1
VEH000089,TSK000419,0
VEH000033,TSK000419,0
VEH000330,TSK000419,0
VEH000261,TSK000419,0
VEH000025,TSK000419,0
VEH000482,TSK000419,1
VEH000523,TSK000419,0
VEH000019,TSK000419,0
VEH000240,TSK000419,0
VEH000083,TSK000419,0
VEH000433,TSK000419,1
VEH000329,TSK000419,0
VEH000450,TSK000419,0
VEH000422,TSK000419,0
VEH000267,TSK000419,0
VEH000296,TSK000419,1
VEH000467,TSK000419,1
VEH000098,TSK000419,0
VEH000074,TSK000419,1
VEH000320,TSK000419,0
VEH000309,TSK000419,0
VEH000067,TSK000419,1
VEH000218,TSK000419,0
VEH000459,TSK000419,0
VEH000101,TSK000419,1
VEH000024,TSK000419,0
VEH000265,TSK000419,0
VEH000006,TSK000419,0
VEH000484,TSK000419,0
VEH000379,TSK000419,0
VEH000358,TSK000419,1
VEH000275,TSK000419,1
VEH000337,TSK000419,0
VEH000532,TSK000419,0
VEH000332,TSK000419,0
VEH000527,TSK000419,1
VEH000078,TSK000419,0
VEH000304,TSK000419,1
VEH000047,TSK000419,1
VEH000287,TSK000419,1
VEH000327,TSK000419,0
VEH000508,TSK000419,1
VEH000057,TSK000419,0
VEH000505,TSK000419,1
VEH000416,TSK000419,1
VEH000035,TSK000419,0
VEH000353,TSK000419,1
VEH000406,TSK000419,0
VEH000050,TSK000419,1
VEH000070,TSK000419,1
VEH000478,TSK000419,1
VEH000514,TSK000419,0
VEH000359,TSK000419,1
VEH000096,TSK000419,0
VEH000229,TSK000419,1
VEH000529,TSK000419,1
VEH000321,TSK000419,1
VEH000037,TSK000419,0
VEH000082,TSK000419,1
VEH000280,TSK000419,0
VEH000388,TSK000419,0
VEH000366,TSK000419,1
VEH000525,TSK000419,1
VEH000281,TSK000419,1
VEH000065,TSK000419,1
VEH000424,TSK000419,0
VEH000246,TSK000419,0
VEH000063,TSK000419,1
VEH000092,TSK000419,0
VEH000251,TSK000419,1
VEH000455,TSK000419,0
VEH000313,TSK000419,1
VEH000053,TSK000419,1
VEH000220,TSK000419,1
VEH000298,TSK000419,1
VEH000040,TSK000419,1
VEH000519,TSK000419,0
VEH000344,TSK000419,1
VEH000312,TSK000419,0
VEH000431,TSK000419,0
VEH000072,TSK000419,1
VEH000093,TSK000419,1
VEH000225,TSK000419,0
VEH000269,TSK000419,1
VEH000401,TSK000419,0
VEH000060,TSK000419,0
VEH000414,TSK000419,1
VEH000531,TSK000419,0
VEH000410,TSK000419,0
VEH000324,TSK000419,0
VEH000095,TSK000419,1
VEH000077,TSK000419,1
VEH000227,TSK000419,0
VEH000308,TSK000419,1
VEH000003,TSK000419,1
VEH000049,TSK000419,1
VEH000015,TSK000419,1
VEH000272,TSK000419,1
VEH000510,TSK000419,1
VEH000483,TSK000419,1
VEH000089,TSK000480,1
VEH000033,TSK000480,1
VEH000330,TSK000480,1
VEH000261,TSK000480,1
VEH000025,TSK000480,0
VEH000482,TSK000480,0
VEH000523,TSK000480,1
VEH000019,TSK000480,1
VEH000240,TSK000480,1
VEH000083,TSK000480,1
VEH000433,TSK000480,0
VEH000329,TSK000480,0
VEH000450,TSK000480,0
VEH000422,TSK000480,1
VEH000267,TSK000480,1
VEH000296,TSK000480,0
VEH000467,TSK000480,0
VEH000098,TSK000480,0
VEH000074,TSK000480,1
VEH000320,TSK000480,1
VEH000309,TSK000480,1
VEH000067,TSK000480,1
VEH000218,TSK000480,0
VEH000459,TSK000480,0
VEH000101,TSK000480,1
VEH000024,TSK000480,1
VEH000265,TSK000480,0
VEH000006,TSK000480,1
VEH000484,TSK000480,1
VEH000379,TSK000480,1
VEH000358,TSK000480,0
VEH000275,TSK000480,1
VEH000337,TSK000480,0
VEH000532,TSK000480,0
VEH000332,TSK000480,1
VEH000527,TSK000480,0
VEH000078,TSK000480,0
VEH000304,TSK000480,0
VEH000047,TSK000480,0
VEH000287,TSK000480,0
VEH000327,TSK000480,0
VEH000508,TSK000480,1
VEH000057,TSK000480,1
VEH000505,TSK000480,1
VEH000416,TSK000480,1
VEH000035,TSK000480,0
VEH000353,TSK000480,1
VEH000406,TSK000480,1
VEH000050,TSK000480,1
VEH000070,TSK000480,1
VEH000478,TSK000480,0
VEH000514,TSK000480,1
VEH000359,TSK000480,1
VEH000096,TSK000480,0
VEH000229,TSK000480,0
VEH000529,TSK000480,1
VEH000321,TSK000480,1
VEH000037,TSK000480,0
VEH000082,TSK000480,1
VEH000280,TSK000480,0
VEH000388,TSK000480,0
VEH000366,TSK000480,0
VEH000525,TSK000480,0
VEH000281,TSK000480,1
VEH000065,TSK000480,0
VEH000424,TSK000480,1
VEH000246,TSK000480,1
VEH000063,TSK000480,0
VEH000092,TSK000480,1
VEH000251,TSK000480,1
VEH000455,TSK000480,0
VEH000313,TSK000480,0
VEH000053,TSK000480,0
VEH000220,TSK000480,0
VEH000298,TSK000480,1
VEH000040,TSK000480,1
VEH000519,TSK000480,0
VEH000344,TSK000480,0
VEH000312,TSK000480,1
VEH000431,TSK000480,0
VEH000072,TSK000480,0
VEH000093,TSK000480,0
VEH000225,TSK000480,1
VEH000269,TSK000480,0
VEH000401,TSK000480,0
VEH000060,TSK000480,0
VEH000414,TSK000480,1
VEH000531,TSK000480,0
VEH000410,TSK000480,0
VEH000324,TSK000480,1
VEH000095,TSK000480,1
VEH000077,TSK000480,0
VEH000227,TSK000480,1
VEH000308,TSK000480,1
VEH000003,TSK000480,1
VEH000049,TSK000480,0
VEH000015,TSK000480,0
VEH000272,TSK000480,0
VEH000510,TSK000480,0
VEH000483,TSK000480,1
VEH000089,TSK000496,0
VEH000033,TSK000496,0
VEH000330,TSK000496,1
VEH000261,TSK000496,0
VEH000025,TSK000496,0
VEH000482,TSK000496,0
VEH000523,TSK000496,0
VEH000019,TSK000496,0
VEH000240,TSK000496,0
VEH000083,TSK000496,0
VEH000433,TSK000496,0
VEH000329,TSK000496,1
VEH000450,TSK000496,1
VEH000422,TSK000496,0
VEH000267,TSK000496,1
VEH000296,TSK000496,1
VEH000467,TSK000496,1
VEH000098,TSK000496,1
VEH000074,TSK000496,0
VEH000320,TSK000496,1
VEH000309,TSK000496,1
VEH000067,TSK000496,0
VEH000218,TSK000496,0
VEH000459,TSK000496,0
VEH000101,TSK000496,1
VEH000024,TSK000496,1
VEH000265,TSK000496,1
VEH000006,TSK000496,0
VEH000484,TSK000496,0
VEH000379,TSK000496,1
VEH000358,TSK000496,1
VEH000275,TSK000496,1
VEH000337,TSK000496,0
VEH000532,TSK000496,1
VEH000332,TSK000496,1
VEH000527,TSK000496,1
VEH000078,TSK000496,0
VEH000304,TSK000496,1
VEH000047,TSK000496,1
VEH000287,TSK000496,1
VEH000327,TSK000496,0
VEH000508,TSK000496,1
VEH000057,TSK000496,0
VEH000505,TSK000496,1
VEH000416,TSK000496,1
VEH000035,TSK000496,0
VEH000353,TSK000496,0
VEH000406,TSK000496,1
VEH000050,TSK000496,0
VEH000070,TSK000496,0
VEH000478,TSK000496,1
VEH000514,TSK000496,0
VEH000359,TSK000496,1
VEH000096,TSK000496,0
VEH000229,TSK000496,0
VEH000529,TSK000496,0
VEH000321,TSK000496,1
VEH000037,TSK000496,0
VEH000082,TSK000496,0
VEH000280,TSK000496,1
VEH000388,TSK000496,0
VEH000366,TSK000496,0
VEH000525,TSK000496,0
VEH000281,TSK000496,1
VEH000065,TSK000496,0
VEH000424,TSK000496,1
VEH000246,TSK000496,1
VEH000063,TSK000496,1
VEH000092,TSK000496,0
VEH000251,TSK000496,1
VEH000455,TSK000496,1
VEH000313,TSK000496,0
VEH000053,TSK000496,1
VEH000220,TSK000496,1
VEH000298,TSK000496,1
VEH000040,TSK000496,0
VEH000519,TSK000496,0
VEH000344,TSK000496,0
VEH000312,TSK000496,0
VEH000431,TSK000496,1
VEH000072,TSK000496,1
VEH000093,TSK000496,1
VEH000225,TSK000496,0
VEH000269,TSK000496,0
VEH000401,TSK000496,1
VEH000060,TSK000496,0
VEH000414,TSK000496,0
VEH000531,TSK000496,0
VEH000410,TSK000496,1
VEH000324,TSK000496,0
VEH000095,TSK000496,0
VEH000077,TSK000496,1
VEH000227,TSK000496,0
VEH000308,TSK000496,1
VEH000003,TSK000496,1
VEH000049,TSK000496,1
VEH000015,TSK000496,1
VEH000272,TSK000496,0
VEH000510,TSK000496,1
VEH000483,TSK000496,1
VEH000089,TSK000528,0
VEH000033,TSK000528,1
VEH000330,TSK000528,1
VEH000261,TSK000528,0
VEH000025,TSK000528,1
VEH000482,TSK000528,0
VEH000523,TSK000528,0
VEH000019,TSK000528,0
VEH000240,TSK000528,0
VEH000083,TSK000528,1
VEH000433,TSK000528,1
VEH000329,TSK000528,0
VEH000450,TSK000528,1
VEH000422,TSK000528,1
VEH000267,TSK000528,0
VEH000296,TSK000528,0
VEH000467,TSK000528,0
VEH000098,TSK000528,0
VEH000074,TSK000528,1
VEH000320,TSK000528,1
VEH000309,TSK000528,0
VEH000067,TSK000528,0
VEH000218,TSK000528,0
VEH000459,TSK000528,0
VEH000101,TSK000528,1
VEH000024,TSK000528,0
VEH000265,TSK000528,1
VEH000006,TSK000528,1
VEH000484,TSK000528,1
VEH000379,TSK000528,0
VEH000358,TSK000528,0
VEH000275,TSK000528,0
VEH000337,TSK000528,0
VEH000532,TSK000528,1
VEH000332,TSK000528,1
VEH000527,TSK000528,1
VEH000078,TSK000528,1
VEH000304,TSK000528,1
VEH000047,TSK000528,0
VEH000287,TSK000528,1
VEH000327,TSK000528,1
VEH000508,TSK000528,1
VEH000057,TSK000528,0
VEH000505,TSK000528,0
VEH000416,TSK000528,1
VEH000035,TSK000528,1
VEH000353,TSK000528,0
VEH000406,TSK000528,1
VEH000050,TSK000528,0
VEH000070,TSK000528,1
VEH000478,TSK000528,0
VEH000514,TSK000528,1
VEH000359,TSK000528,0
VEH000096,TSK000528,0
VEH000229,TSK000528,1
VEH000529,TSK000528,0
VEH000321,TSK000528,0
VEH000037,TSK000528,1
VEH000082,TSK000528,1
VEH000280,TSK000528,0
VEH000388,TSK000528,1
VEH000366,TSK000528,0
VEH000525,TSK000528,1
VEH000281,TSK000528,0
VEH000065,TSK000528,1
VEH000424,TSK000528,1
VEH000246,TSK000528,1
VEH000063,TSK000528,1
VEH000092,TSK000528,1
VEH000251,TSK000528,0
VEH000455,TSK000528,1
VEH000313,TSK000528,0
VEH000053,TSK000528,0
VEH000220,TSK000528,0
VEH000298,TSK000528,0
VEH000040,TSK000528,1
VEH000519,TSK000528,1
VEH000344,TSK000528,1
VEH000312,TSK000528,1
VEH000431,TSK000528,1
VEH000072,TSK000528,1
VEH000093,TSK000528,0
VEH000225,TSK000528,0
VEH000269,TSK000528,0
VEH000401,TSK000528,0
VEH000060,TSK000528,0
VEH000414,TSK000528,0
VEH000531,TSK000528,1
VEH000410,TSK000528,0
VEH000324,TSK000528,1
VEH000095,TSK000528,0
VEH000077,TSK000528,0
VEH000227,TSK000528,0
VEH000308,TSK000528,1
VEH000003,TSK000528,1
VEH000049,TSK000528,1
VEH000015,TSK000528,0
VEH000272,TSK000528,0
VEH000510,TSK000528,1
VEH000483,TSK000528,1
VEH000089,TSK000530,1
VEH000033,TSK000530,0
VEH000330,TSK000530,0
VEH000261,TSK000530,1
VEH000025,TSK000530,1
VEH000482,TSK000530,0
VEH000523,TSK000530,1
VEH000019,TSK000530,0
VEH000240,TSK000530,0
VEH000083,TSK000530,1
VEH000433,TSK000530,1
VEH000329,TSK000530,0
VEH000450,TSK000530,0
VEH000422,TSK000530,1
VEH000267,TSK000530,0
VEH000296,TSK000530,1
VEH000467,TSK000530,1
VEH000098,TSK000530,1
VEH000074,TSK000530,1
VEH000320,TSK000530,1
VEH000309,TSK000530,1
VEH000067,TSK000530,1
VEH000218,TSK000530,0
VEH000459,TSK000530,1
VEH000101,TSK000530,1
VEH000024,TSK000530,0
VEH000265,TSK000530,1
VEH000006,TSK000530,0
VEH000484,TSK000530,1
VEH000379,TSK000530,0
VEH000358,TSK000530,1
VEH000275,TSK000530,1
VEH000337,TSK000530,0
VEH000532,TSK000530,1
VEH000332,TSK000530,0
VEH000527,TSK000530,0
VEH000078,TSK000530,0
VEH000304,TSK000530,1
VEH000047,TSK000530,0
VEH000287,TSK000530,1
VEH000327,TSK000530,0
VEH000508,TSK000530,0
VEH000057,TSK000530,0
VEH000505,TSK000530,0
VEH000416,TSK000530,0
VEH000035,TSK000530,0
VEH000353,TSK000530,1
VEH000406,TSK000530,1
VEH000050,TSK000530,0
VEH000070,TSK000530,0
VEH000478,TSK000530,0
VEH000514,TSK000530,0
VEH000359,TSK000530,1
VEH000096,TSK000530,1
VEH000229,TSK000530,1
VEH000529,TSK000530,1
VEH000321,TSK000530,0
VEH000037,TSK000530,0
VEH000082,TSK000530,0
VEH000280,TSK000530,0
VEH000388,TSK000530,1
VEH000366,TSK000530,1
VEH000525,TSK000530,1
VEH000281,TSK000530,1
VEH000065,TSK000530,0
VEH000424,TSK000530,0
VEH000246,TSK000530,0
VEH000063,TSK000530,0
VEH000092,TSK000530,0
VEH000251,TSK000530,0
VEH000455,TSK000530,1
VEH000313,TSK000530,1
VEH000053,TSK000530,1
VEH000220,TSK000530,1
VEH000298,TSK000530,1
VEH000040,TSK000530,1
VEH000519,TSK000530,0
VEH000344,TSK000530,0
VEH000312,TSK000530,0
VEH000431,TSK000530,0
VEH000072,TSK000530,0
VEH000093,TSK000530,1
VEH000225,TSK000530,0
VEH000269,TSK000530,0
VEH000401,TSK000530,1
VEH000060,TSK000530,1
VEH000414,TSK000530,0
VEH000531,TSK000530,1
VEH000410,TSK000530,0
VEH000324,TSK000530,1
VEH000095,TSK000530,1
VEH000077,TSK000530,0
VEH000227,TSK000530,1
VEH000308,TSK000530,0
VEH000003,TSK000530,1
VEH000049,TSK000530,1
VEH000015,TSK000530,1
VEH000272,TSK000530,0
VEH000510,TSK000530,0
VEH000483,TSK000530,1
VEH000089,TSK000606,1
VEH000033,TSK000606,1
VEH000330,TSK000606,1
VEH000261,TSK000606,1
VEH000025,TSK000606,1
VEH000482,TSK000606,0
VEH000523,TSK000606,1
VEH000019,TSK000606,0
VEH000240,TSK000606,1
VEH000083,TSK000606,0
VEH000433,TSK000606,0
VEH000329,TSK000606,0
VEH000450,TSK000606,0
VEH000422,TSK000606,0
VEH000267,TSK000606,1
VEH000296,TSK000606,1
VEH000467,TSK000606,1
VEH000098,TSK000606,1
VEH000074,TSK000606,1
VEH000320,TSK000606,0
VEH000309,TSK000606,0
VEH000067,TSK000606,0
VEH000218,TSK000606,1
VEH000459,TSK000606,1
VEH000101,TSK000606,0
VEH000024,TSK000606,0
VEH000265,TSK000606,1
VEH000006,TSK000606,1
VEH000484,TSK000606,1
VEH000379,TSK000606,0
VEH000358,TSK000606,0
VEH000275,TSK000606,1
VEH000337,TSK000606,1
VEH000532,TSK000606,1
VEH000332,TSK000606,0
VEH000527,TSK000606,0
VEH000078,TSK000606,1
VEH000304,TSK000606,0
VEH000047,TSK000606,0
VEH000287,TSK000606,1
VEH000327,TSK000606,0
VEH000508,TSK000606,1
VEH000057,TSK000606,0
VEH000505,TSK000606,1
VEH000416,TSK000606,0
VEH000035,TSK000606,0
VEH000353,TSK000606,1
VEH000406,TSK000606,0
VEH000050,TSK000606,0
VEH000070,TSK000606,1
VEH000478,TSK000606,0
VEH000514,TSK000606,0
VEH000359,TSK000606,1
VEH000096,TSK000606,0
VEH000229,TSK000606,1
VEH000529,TSK000606,0
VEH000321,TSK000606,1
VEH000037,TSK000606,0
VEH000082,TSK000606,1
VEH000280,TSK000606,0
VEH000388,TSK000606,1
VEH000366,TSK000606,0
VEH000525,TSK000606,0
VEH000281,TSK000606,0
VEH000065,TSK000606,0
VEH000424,TSK000606,0
VEH000246,TSK000606,0
VEH000063,TSK000606,0
VEH000092,TSK000606,0
VEH000251,TSK000606,1
VEH000455,TSK000606,1
VEH000313,TSK000606,1
VEH000053,TSK000606,1
VEH000220,TSK000606,1
VEH000298,TSK000606,0
VEH000040,TSK000606,0
VEH000519,TSK000606,1
VEH000344,TSK000606,0
VEH000312,TSK000606,1
VEH000431,TSK000606,1
VEH000072,TSK000606,1
VEH000093,TSK000606,1
VEH000225,TSK000606,0
VEH000269,TSK000606,1
VEH000401,TSK000606,1
VEH000060,TSK000606,1
VEH000414,TSK000606,1
VEH000531,TSK000606,0
VEH000410,TSK000606,0
VEH000324,TSK000606,0
VEH000095,TSK000606,1
VEH000077,TSK000606,1
VEH000227,TSK000606,1
VEH000308,TSK000606,0
VEH000003,TSK000606,1
VEH000049,TSK000606,0
VEH000015,TSK000606,0
VEH000272,TSK000606,0
VEH000510,TSK000606,1
VEH000483,TSK000606,0
VEH000089,TSK000628,1
VEH000033,TSK000628,0
VEH000330,TSK000628,0
VEH000261,TSK000628,0
VEH000025,TSK000628,0
VEH000482,TSK000628,0
VEH000523,TSK000628,1
VEH000019,TSK000628,1
VEH000240,TSK000628,1
VEH000083,TSK000628,1
VEH000433,TSK000628,1
VEH000329,TSK000628,1
VEH000450,TSK000628,1
VEH000422,TSK000628,1
VEH000267,TSK000628,0
VEH000296,TSK000628,0
VEH000467,TSK000628,0
VEH000098,TSK000628,0
VEH000074,TSK000628,0
VEH000320,TSK000628,0
VEH000309,TSK000628,1
VEH000067,TSK000628,0
VEH000218,TSK000628,0
VEH000459,TSK000628,0
VEH000101,TSK000628,1
VEH000024,TSK000628,0
VEH000265,TSK000628,1
VEH000006,TSK000628,1
VEH000484,TSK000628,0
VEH000379,TSK000628,1
VEH000358,TSK000628,1
VEH000275,TSK000628,1
VEH000337,TSK000628,1
VEH000532,TSK000628,0
VEH000332,TSK000628,1
VEH000527,TSK000628,1
VEH000078,TSK000628,0
VEH000304,TSK000628,0
VEH000047,TSK000628,0
VEH000287,TSK000628,1
VEH000327,TSK000628,0
VEH000508,TSK000628,0
VEH000057,TSK000628,1
VEH000505,TSK000628,0
VEH000416,TSK000628,1
VEH000035,TSK000628,1
VEH000353,TSK000628,0
VEH000406,TSK000628,1
VEH000050,TSK000628,1
VEH000070,TSK000628,0
VEH000478,TSK000628,1
VEH000514,TSK000628,0
VEH000359,TSK000628,0
VEH000096,TSK000628,0
VEH000229,TSK000628,1
VEH000529,TSK000628,0
VEH000321,TSK000628,1
VEH000037,TSK000628,0
VEH000082,TSK000628,0
VEH000280,TSK000628,0
VEH000388,TSK000628,1
VEH000366,TSK000628,0
VEH000525,TSK000628,0
VEH000281,TSK000628,0
VEH000065,TSK000628,0
VEH000424,TSK000628,1
VEH000246,TSK000628,0
VEH000063,TSK000628,0
VEH000092,TSK000628,1
VEH000251,TSK000628,1
VEH000455,TSK000628,1
VEH000313,TSK000628,0
VEH000053,TSK000628,1
VEH000220,TSK000628,0
VEH000298,TSK000628,1
VEH000040,TSK000628,1
VEH000519,TSK000628,0
VEH000344,TSK000628,1
VEH000312,TSK000628,0
VEH000431,TSK000628,1
VEH000072,TSK000628,1
VEH000093,TSK000628,1
VEH000225,TSK000628,1
VEH000269,TSK000628,1
VEH000401,TSK000628,1
VEH000060,TSK000628,1
VEH000414,TSK000628,0
VEH000531,TSK000628,0
VEH000410,TSK000628,0
VEH000324,TSK000628,0
VEH000095,TSK000628,0
VEH000077,TSK000628,0
VEH000227,TSK000628,0
VEH000308,TSK000628,1
VEH000003,TSK000628,1
VEH000049,TSK000628,1
VEH000015,TSK000628,1
VEH000272,TSK000628,1
VEH000510,TSK000628,1
VEH000483,TSK000628,0
VEH000089,TSK000726,0
VEH000033,TSK000726,0
VEH000330,TSK000726,0
VEH000261,TSK000726,0
VEH000025,TSK000726,1
VEH000482,TSK000726,0
VEH000523,TSK000726,0
VEH000019,TSK000726,0
VEH000240,TSK000726,1
VEH000083,TSK000726,0
VEH000433,TSK000726,1
VEH000329,TSK000726,0
VEH000450,TSK000726,0
VEH000422,TSK000726,0
VEH000267,TSK000726,0
VEH000296,TSK000726,1
VEH000467,TSK000726,1
VEH000098,TSK000726,0
VEH000074,TSK000726,1
VEH000320,TSK000726,1
VEH000309,TSK000726,1
VEH000067,TSK000726,1
VEH000218,TSK000726,1
VEH000459,TSK000726,1
VEH000101,TSK000726,1
VEH000024,TSK000726,1
VEH000265,TSK000726,1
VEH000006,TSK000726,1
VEH000484,TSK000726,0
VEH000379,TSK000726,1
VEH000358,TSK000726,0
VEH000275,TSK000726,0
VEH000337,TSK000726,0
VEH000532,TSK000726,1
VEH000332,TSK000726,1
VEH000527,TSK000726,0
VEH000078,TSK000726,1
VEH000304,TSK000726,1
VEH000047,TSK000726,1
VEH000287,TSK000726,0
VEH000327,TSK000726,0
VEH000508,TSK000726,0
VEH000057,TSK000726,1
VEH000505,TSK000726,1
VEH000416,TSK000726,0
VEH000035,TSK000726,0
VEH000353,TSK000726,0
VEH000406,TSK000726,1
VEH000050,TSK000726,1
VEH000070,TSK000726,0
VEH000478,TSK000726,1
VEH000514,TSK000726,1
VEH000359,TSK000726,1
VEH000096,TSK000726,1
VEH000229,TSK000726,1
VEH000529,TSK000726,1
VEH000321,TSK000726,0
VEH000037,TSK000726,1
VEH000082,TSK000726,0
VEH000280,TSK000726,0
VEH000388,TSK000726,1
VEH000366,TSK000726,1
VEH000525,TSK000726,1
VEH000281,TSK000726,1
VEH000065,TSK000726,0
VEH000424,TSK000726,0
VEH000246,TSK000726,1
VEH000063,TSK000726,0
VEH000092,TSK000726,1
VEH000251,TSK000726,0
VEH000455,TSK000726,1
VEH000313,TSK000726,0
VEH000053,TSK000726,0
VEH000220,TSK000726,0
VEH000298,TSK000726,0
VEH000040,TSK000726,0
VEH000519,TSK000726,0
VEH000344,TSK000726,0
VEH000312,TSK000726,1
VEH000431,TSK000726,1
VEH000072,TSK000726,0
VEH000093,TSK000726,0
VEH000225,TSK000726,1
VEH000269,TSK000726,0
VEH000401,TSK000726,1
VEH000060,TSK000726,1
VEH000414,TSK000726,1
VEH000531,TSK000726,1
VEH000410,TSK000726,0
VEH000324,TSK000726,0
VEH000095,TSK000726,1
VEH000077,TSK000726,0
VEH000227,TSK000726,1
VEH000308,TSK000726,0
VEH000003,TSK000726,1
VEH000049,TSK000726,0
VEH000015,TSK000726,0
VEH000272,TSK000726,1
VEH000510,TSK000726,0
VEH000483,TSK000726,0
VEH000089,TSK000743,0
VEH000033,TSK000743,1
VEH000330,TSK000743,1
VEH000261,TSK000743,0
VEH000025,TSK000743,0
VEH000482,TSK000743,0
VEH000523,TSK000743,0
VEH000019,TSK000743,0
VEH000240,TSK000743,0
VEH000083,TSK000743,1
VEH000433,TSK000743,1
VEH000329,TSK000743,1
VEH000450,TSK000743,1
VEH000422,TSK000743,0
VEH000267,TSK000743,1
VEH000296,TSK000743,1
VEH000467,TSK000743,0
VEH000098,TSK000743,1
VEH000074,TSK000743,0
VEH000320,TSK000743,1
VEH000309,TSK000743,0
VEH000067,TSK000743,1
VEH000218,TSK000743,0
VEH000459,TSK000743,1
VEH000101,TSK000743,1
VEH000024,TSK000743,0
VEH000265,TSK000743,1
VEH000006,TSK000743,0
VEH000484,TSK000743,1
VEH000379,TSK000743,0
VEH000358,TSK000743,0
VEH000275,TSK000743,1
VEH000337,TSK000743,0
VEH000532,TSK000743,0
VEH000332,TSK000743,0
VEH000527,TSK000743,1
VEH000078,TSK000743,0
VEH000304,TSK000743,1
VEH000047,TSK000743,1
VEH000287,TSK000743,0
VEH000327,TSK000743,0
VEH000508,TSK000743,0
VEH000057,TSK000743,1
VEH000505,TSK000743,1
VEH000416,TSK000743,1
VEH000035,TSK000743,1
VEH000353,TSK000743,0
VEH000406,TSK000743,1
VEH000050,TSK000743,1
VEH000070,TSK000743,0
VEH000478,TSK000743,1
VEH000514,TSK000743,1
VEH000359,TSK000743,0
VEH000096,TSK000743,0
VEH000229,TSK000743,0
VEH000529,TSK000743,0
VEH000321,TSK000743,1
VEH000037,TSK000743,1
VEH000082,TSK000743,0
VEH000280,TSK000743,0
VEH000388,TSK000743,1
VEH000366,TSK000743,0
VEH000525,TSK000743,1
VEH000281,TSK000743,0
VEH000065,TSK000743,0
VEH000424,TSK000743,0
VEH000246,TSK000743,0
VEH000063,TSK000743,0
VEH000092,TSK000743,1
VEH000251,TSK000743,0
VEH000455,TSK000743,1
VEH000313,TSK000743,0
VEH000053,TSK000743,1
VEH000220,TSK000743,1
VEH000298,TSK000743,1
VEH000040,TSK000743,1
VEH000519,TSK000743,0
VEH000344,TSK000743,0
VEH000312,TSK000743,0
VEH000431,TSK000743,1
VEH000072,TSK000743,1
VEH000093,TSK000743,0
VEH000225,TSK000743,0
VEH000269,TSK000743,1
VEH000401,TSK000743,1
VEH000060,TSK000743,1
VEH000414,TSK000743,1
VEH000531,TSK000743,0
VEH000410,TSK000743,1
VEH000324,TSK000743,1
VEH000095,TSK000743,1
VEH000077,TSK000743,1
VEH000227,TSK000743,1
VEH000308,TSK000743,0
VEH000003,TSK000743,0
VEH000049,TSK000743,0
VEH000015,TSK000743,0
VEH000272,TSK000743,1
VEH000510,TSK000743,1
VEH000483,TSK000743,0
VEH000089,TSK000760,0
VEH000033,TSK000760,0
VEH000330,TSK000760,0
VEH000261,TSK000760,0
VEH000025,TSK000760,0
VEH000482,TSK000760,0
VEH000523,TSK000760,1
VEH000019,TSK000760,1
VEH000240,TSK000760,1
VEH000083,TSK000760,0
VEH000433,TSK000760,1
VEH000329,TSK000760,1
VEH000450,TSK000760,1
VEH000422,TSK000760,1
VEH000267,TSK000760,1
VEH000296,TSK000760,0
VEH000467,TSK000760,0
VEH000098,TSK000760,0
VEH000074,TSK000760,1
VEH000320,TSK000760,1
VEH000309,TSK000760,1
VEH000067,TSK000760,1
VEH000218,TSK000760,1
VEH000459,TSK000760,1
VEH000101,TSK000760,1
VEH000024,TSK000760,0
VEH000265,TSK000760,0
VEH000006,TSK000760,1
VEH000484,TSK000760,1
VEH000379,TSK000760,0
VEH000358,TSK000760,0
VEH000275,TSK000760,0
VEH000337,TSK000760,1
VEH000532,TSK000760,0
VEH000332,TSK000760,0
VEH000527,TSK000760,1
VEH000078,TSK000760,1
VEH000304,TSK000760,0
VEH000047,TSK000760,1
VEH000287,TSK000760,1
VEH000327,TSK000760,0
VEH000508,TSK000760,1
VEH000057,TSK000760,0
VEH000505,TSK000760,0
VEH000416,TSK000760,0
VEH000035,TSK000760,1
VEH000353,TSK000760,0
VEH000406,TSK000760,1
VEH000050,TSK000760,1
VEH000070,TSK000760,0
VEH000478,TSK000760,1
VEH000514,TSK000760,1
VEH000359,TSK000760,1
VEH000096,TSK000760,0
VEH000229,TSK000760,1
VEH000529,TSK000760,1
VEH000321,TSK000760,0
VEH000037,TSK000760,0
VEH000082,TSK000760,1
VEH000280,TSK000760,0
VEH000388,TSK000760,1
VEH000366,TSK000760,1
VEH000525,TSK000760,1
VEH000281,TSK000760,1
VEH000065,TSK000760,0
VEH000424,TSK000760,0
VEH000246,TSK000760,1
VEH000063,TSK000760,1
VEH000092,TSK000760,0
VEH000251,TSK000760,0
VEH000455,TSK000760,0
VEH000313,TSK000760,1
VEH000053,TSK000760,1
VEH000220,TSK000760,1
VEH000298,TSK000760,0
VEH000040,TSK000760,1
VEH000519,TSK000760,0
VEH000344,TSK000760,0
VEH000312,TSK000760,1
VEH000431,TSK000760,1
VEH000072,TSK000760,0
VEH000093,TSK000760,0
VEH000225,TSK000760,1
VEH000269,TSK000760,0
VEH000401,TSK000760,0
VEH000060,TSK000760,0
VEH000414,TSK000760,0
VEH000531,TSK000760,0
VEH000410,TSK000760,1
VEH000324,TSK000760,1
VEH000095,TSK000760,0
VEH000077,TSK000760,1
VEH000227,TSK000760,1
VEH000308,TSK000760,1
VEH000003,TSK000760,0
VEH000049,TSK000760,0
VEH000015,TSK000760,0
VEH000272,TSK000760,0
VEH000510,TSK000760,0
VEH000483,TSK000760,0
VEH000089,TSK000762,1
VEH000033,TSK000762,0
VEH000330,TSK000762,0
VEH000261,TSK000762,0
VEH000025,TSK000762,1
VEH000482,TSK000762,0
VEH000523,TSK000762,0
VEH000019,TSK000762,1
VEH000240,TSK000762,1
VEH000083,TSK000762,0
VEH000433,TSK000762,0
VEH000329,TSK000762,1
VEH000450,TSK000762,1
VEH000422,TSK000762,1
VEH000267,TSK000762,1
VEH000296,TSK000762,0
VEH000467,TSK000762,0
VEH000098,TSK000762,1
VEH000074,TSK000762,1
VEH000320,TSK000762,1
VEH000309,TSK000762,1
VEH000067,TSK000762,0
VEH000218,TSK000762,0
VEH000459,TSK000762,0
VEH000101,TSK000762,0
VEH000024,TSK000762,1
VEH000265,TSK000762,1
VEH000006,TSK000762,1
VEH000484,TSK000762,1
VEH000379,TSK000762,0
VEH000358,TSK000762,1
VEH000275,TSK000762,0
VEH000337,TSK000762,1
VEH000532,TSK000762,0
VEH000332,TSK000762,1
VEH000527,TSK000762,0
VEH000078,TSK000762,1
VEH000304,TSK000762,0
VEH000047,TSK000762,1
VEH000287,TSK000762,1
VEH000327,TSK000762,0
VEH000508,TSK000762,0
VEH000057,TSK000762,0
VEH000505,TSK000762,1
VEH000416,TSK000762,1
VEH000035,TSK000762,0
VEH000353,TSK000762,0
VEH000406,TSK000762,0
VEH000050,TSK000762,1
VEH000070,TSK000762,1
VEH000478,TSK000762,0
VEH000514,TSK000762,1
VEH000359,TSK000762,1
VEH000096,TSK000762,0
VEH000229,TSK000762,0
VEH000529,TSK000762,0
VEH000321,TSK000762,1
VEH000037,TSK000762,1
VEH000082,TSK000762,1
VEH000280,TSK000762,0
VEH000388,TSK000762,1
VEH000366,TSK000762,0
VEH000525,TSK000762,0
VEH000281,TSK000762,1
VEH000065,TSK000762,0
VEH000424,TSK000762,0
VEH000246,TSK000762,1
VEH000063,TSK000762,0
VEH000092,TSK000762,1
VEH000251,TSK000762,0
VEH000455,TSK000762,0
VEH000313,TSK000762,0
VEH000053,TSK000762,0
VEH000220,TSK000762,1
VEH000298,TSK000762,1
VEH000040,TSK000762,1
VEH000519,TSK000762,1
VEH000344,TSK000762,0
VEH000312,TSK000762,1
VEH000431,TSK000762,1
VEH000072,TSK000762,1
VEH000093,TSK000762,1
VEH000225,TSK000762,1
VEH000269,TSK000762,0
VEH000401,TSK000762,0
VEH000060,TSK000762,0
VEH000414,TSK000762,1
VEH000531,TSK000762,1
VEH000410,TSK000762,0
VEH000324,TSK000762,0
VEH000095,TSK000762,0
VEH000077,TSK000762,0
VEH000227,TSK000762,0
VEH000308,TSK000762,1
VEH000003,TSK000762,1
VEH000049,TSK000762,0
VEH000015,TSK000762,1
VEH000272,TSK000762,1
VEH000510,TSK000762,0
VEH000483,TSK000762,0
VEH000089,TSK000808,0
VEH000033,TSK000808,1
VEH000330,TSK000808,1
VEH000261,TSK000808,1
VEH000025,TSK000808,1
VEH000482,TSK000808,0
VEH000523,TSK000808,0
VEH000019,TSK000808,0
VEH000240,TSK000808,1
VEH000083,TSK000808,1
VEH000433,TSK000808,0
VEH000329,TSK000808,1
VEH000450,TSK000808,0
VEH000422,TSK000808,1
VEH000267,TSK000808,1
VEH000296,TSK000808,0
VEH000467,TSK000808,1
VEH000098,TSK000808,1
VEH000074,TSK000808,1
VEH000320,TSK000808,0
VEH000309,TSK000808,1
VEH000067,TSK000808,0
VEH000218,TSK000808,0
VEH000459,TSK000808,0
VEH000101,TSK000808,0
VEH000024,TSK000808,0
VEH000265,TSK000808,0
VEH000006,TSK000808,0
VEH000484,TSK000808,1
VEH000379,TSK000808,0
VEH000358,TSK000808,1
VEH000275,TSK000808,0
VEH000337,TSK000808,0
VEH000532,TSK000808,1
VEH000332,TSK000808,0
VEH000527,TSK000808,1
VEH000078,TSK000808,0
VEH000304,TSK000808,0
VEH000047,TSK000808,0
VEH000287,TSK000808,0
VEH000327,TSK000808,1
VEH000508,TSK000808,1
VEH000057,TSK000808,0
VEH000505,TSK000808,0
VEH000416,TSK000808,1
VEH000035,TSK000808,0
VEH000353,TSK000808,1
VEH000406,TSK000808,1
VEH000050,TSK000808,0
VEH000070,TSK000808,1
VEH000478,TSK000808,1
VEH000514,TSK000808,1
VEH000359,TSK000808,1
VEH000096,TSK000808,1
VEH000229,TSK000808,0
VEH000529,TSK000808,0
VEH000321,TSK000808,1
VEH000037,TSK000808,1
VEH000082,TSK000808,0
VEH000280,TSK000808,0
VEH000388,TSK000808,0
VEH000366,TSK000808,1
VEH000525,TSK000808,1
VEH000281,TSK000808,1
VEH000065,TSK000808,0
VEH000424,TSK000808,1
VEH000246,TSK000808,0
VEH000063,TSK000808,1
VEH000092,TSK000808,0
VEH000251,TSK000808,0
VEH000455,TSK000808,1
VEH000313,TSK000808,1
VEH000053,TSK000808,0
VEH000220,TSK000808,1
VEH000298,TSK000808,0
VEH000040,TSK000808,1
VEH000519,TSK000808,0
VEH000344,TSK000808,0
VEH000312,TSK000808,0
VEH000431,TSK000808,1
VEH000072,TSK000808,0
VEH000093,TSK000808,0
VEH000225,TSK000808,0
VEH000269,TSK000808,1
VEH000401,TSK000808,0
VEH000060,TSK000808,1
VEH000414,TSK000808,0
VEH000531,TSK000808,0
VEH000410,TSK000808,1
VEH000324,TSK000808,1
VEH000095,TSK000808,1
VEH000077,TSK000808,1
VEH000227,TSK000808,1
VEH000308,TSK000808,0
VEH000003,TSK000808,1
VEH000049,TSK000808,0
VEH000015,TSK000808,0
VEH000272,TSK000808,1
VEH000510,TSK000808,1
VEH000483,TSK000808,1
VEH000089,TSK000816,1
VEH000033,TSK000816,1
VEH000330,TSK000816,0
VEH000261,TSK000816,1
VEH000025,TSK000816,0
VEH000482,TSK000816,1
VEH000523,TSK000816,0
VEH000019,TSK000816,1
VEH000240,TSK000816,1
VEH000083,TSK000816,0
VEH000433,TSK000816,0
VEH000329,TSK000816,1
VEH000450,TSK000816,0
VEH000422,TSK000816,1
VEH000267,TSK000816,0
VEH000296,TSK000816,0
VEH000467,TSK000816,0
VEH000098,TSK000816,1
VEH000074,TSK000816,0
VEH000320,TSK000816,0
VEH000309,TSK000816,0
VEH000067,TSK000816,1
VEH000218,TSK000816,1
VEH000459,TSK000816,1
VEH000101,TSK000816,0
VEH000024,TSK000816,0
VEH000265,TSK000816,0
VEH000006,TSK000816,1
VEH000484,TSK000816,0
VEH000379,TSK000816,0
VEH000358,TSK000816,1
VEH000275,TSK000816,0
VEH000337,TSK000816,0
VEH000532,TSK000816,1
VEH000332,TSK000816,1
VEH000527,TSK000816,0
VEH000078,TSK000816,0
VEH000304,TSK000816,1
VEH000047,TSK000816,1
VEH000287,TSK000816,1
VEH000327,TSK000816,1
VEH000508,TSK000816,1
VEH000057,TSK000816,0
VEH000505,TSK000816,0
VEH000416,TSK000816,1
VEH000035,TSK000816,0
VEH000353,TSK000816,1
VEH000406,TSK000816,1
VEH000050,TSK000816,1
VEH000070,TSK000816,0
VEH000478,TSK000816,0
VEH000514,TSK000816,0
VEH000359,TSK000816,0
VEH000096,TSK000816,0
VEH000229,TSK000816,0
VEH000529,TSK000816,0
VEH000321,TSK000816,0
VEH000037,TSK000816,1
VEH000082,TSK000816,1
VEH000280,TSK000816,0
VEH000388,TSK000816,0
VEH000366,TSK000816,1
VEH000525,TSK000816,1
VEH000281,TSK000816,0
VEH000065,TSK000816,1
VEH000424,TSK000816,1
VEH000246,TSK000816,1
VEH000063,TSK000816,0
VEH000092,TSK000816,0
VEH000251,TSK000816,1
VEH000455,TSK000816,1
VEH000313,TSK000816,0
VEH000053,TSK000816,1
VEH000220,TSK000816,0
VEH000298,TSK000816,1
VEH000040,TSK000816,0
VEH000519,TSK000816,0
VEH000344,TSK000816,1
VEH000312,TSK000816,1
VEH000431,TSK000816,1
VEH000072,TSK000816,1
VEH000093,TSK000816,1
VEH000225,TSK000816,0
VEH000269,TSK000816,0
VEH000401,TSK000816,0
VEH000060,TSK000816,1
VEH000414,TSK000816,0
VEH000531,TSK000816,1
VEH000410,TSK000816,1
VEH000324,TSK000816,0
VEH000095,TSK000816,1
VEH000077,TSK000816,0
VEH000227,TSK000816,0
VEH000308,TSK000816,1
VEH000003,TSK000816,0
VEH000049,TSK000816,1
VEH000015,TSK000816,1
VEH000272,TSK000816,0
VEH000510,TSK000816,1
VEH000483,TSK000816,1
VEH000089,TSK000896,1
VEH000033,TSK000896,0
VEH000330,TSK000896,1
VEH000261,TSK000896,0
VEH000025,TSK000896,1
VEH000482,TSK000896,1
VEH000523,TSK000896,1
VEH000019,TSK000896,0
VEH000240,TSK000896,1
VEH000083,TSK000896,0
VEH000433,TSK000896,1
VEH000329,TSK000896,0
VEH000450,TSK000896,1
VEH000422,TSK000896,0
VEH000267,TSK000896,1
VEH000296,TSK000896,0
VEH000467,TSK000896,0
VEH000098,TSK000896,1
VEH000074,TSK000896,0
VEH000320,TSK000896,1
VEH000309,TSK000896,0
VEH000067,TSK000896,0
VEH000218,TSK000896,1
VEH000459,TSK000896,0
VEH000101,TSK000896,0
VEH000024,TSK000896,0
VEH000265,TSK000896,0
VEH000006,TSK000896,0
VEH000484,TSK000896,0
VEH000379,TSK000896,0
VEH000358,TSK000896,1
VEH000275,TSK000896,1
VEH000337,TSK000896,1
VEH000532,TSK000896,1
VEH000332,TSK000896,0
VEH000527,TSK000896,0
VEH000078,TSK000896,1
VEH000304,TSK000896,0
VEH000047,TSK000896,1
VEH000287,TSK000896,1
VEH000327,TSK000896,1
VEH000508,TSK000896,1
VEH000057,TSK000896,1
VEH000505,TSK000896,0
VEH000416,TSK000896,0
VEH000035,TSK000896,0
VEH000353,TSK000896,0
VEH000406,TSK000896,1
VEH000050,TSK000896,0
VEH000070,TSK000896,0
VEH000478,TSK000896,0
VEH000514,TSK000896,1
VEH000359,TSK000896,1
VEH000096,TSK000896,1
VEH000229,TSK000896,1
VEH000529,TSK000896,1
VEH000321,TSK000896,0
VEH000037,TSK000896,1
VEH000082,TSK000896,0
VEH000280,TSK000896,1
VEH000388,TSK000896,0
VEH000366,TSK000896,1
VEH000525,TSK000896,0
VEH000281,TSK000896,1
VEH000065,TSK000896,1
VEH000424,TSK000896,0
VEH000246,TSK000896,0
VEH000063,TSK000896,1
VEH000092,TSK000896,1
VEH000251,TSK000896,0
VEH000455,TSK000896,0
VEH000313,TSK000896,1
VEH000053,TSK000896,1
VEH000220,TSK000896,1
VEH000298,TSK000896,0
VEH000040,TSK000896,1
VEH000519,TSK000896,1
VEH000344,TSK000896,1
VEH000312,TSK000896,1
VEH000431,TSK000896,0
VEH000072,TSK000896,1
VEH000093,TSK000896,1
VEH000225,TSK000896,0
VEH000269,TSK000896,1
VEH000401,TSK000896,0
VEH000060,TSK000896,0
VEH000414,TSK000896,1
VEH000531,TSK000896,0
VEH000410,TSK000896,0
VEH000324,TSK000896,0
VEH000095,TSK000896,0
VEH000077,TSK000896,0
VEH000227,TSK000896,1
VEH000308,TSK000896,1
VEH000003,TSK000896,1
VEH000049,TSK000896,0
VEH000015,TSK000896,1
VEH000272,TSK000896,0
VEH000510,TSK000896,0
VEH000483,TSK000896,0
VEH000089,TSK000929,1
VEH000033,TSK000929,0
VEH000330,TSK000929,1
VEH000261,TSK000929,0
VEH000025,TSK000929,0
VEH000482,TSK000929,1
VEH000523,TSK000929,1
VEH000019,TSK000929,0
VEH000240,TSK000929,1
VEH000083,TSK000929,1
VEH000433,TSK000929,0
VEH000329,TSK000929,1
VEH000450,TSK000929,0
VEH000422,TSK000929,0
VEH000267,TSK000929,0
VEH000296,TSK000929,1
VEH000467,TSK000929,1
VEH000098,TSK000929,1
VEH000074,TSK000929,0
VEH000320,TSK000929,1
VEH000309,TSK000929,1
VEH000067,TSK000929,0
VEH000218,TSK000929,1
VEH000459,TSK000929,1
VEH000101,TSK000929,1
VEH000024,TSK000929,0
VEH000265,TSK000929,1
VEH000006,TSK000929,1
VEH000484,TSK000929,1
VEH000379,TSK000929,1
VEH000358,TSK000929,1
VEH000275,TSK000929,1
VEH000337,TSK000929,1
VEH000532,TSK000929,0
VEH000332,TSK000929,1
VEH000527,TSK000929,0
VEH000078,TSK000929,0
VEH000304,TSK000929,0
VEH000047,TSK000929,1
VEH000287,TSK000929,0
VEH000327,TSK000929,0
VEH000508,TSK000929,0
VEH000057,TSK000929,1
VEH000505,TSK000929,1
VEH000416,TSK000929,0
VEH000035,TSK000929,1
VEH000353,TSK000929,1
VEH000406,TSK000929,0
VEH000050,TSK000929,1
VEH000070,TSK000929,0
VEH000478,TSK000929,0
VEH000514,TSK000929,1
VEH000359,TSK000929,1
VEH000096,TSK000929,1
VEH000229,TSK000929,0
VEH000529,TSK000929,0
VEH000321,TSK000929,0
VEH000037,TSK000929,1
VEH000082,TSK000929,0
VEH000280,TSK000929,0
VEH000388,TSK000929,1
VEH000366,TSK000929,0
VEH000525,TSK000929,0
VEH000281,TSK000929,1
VEH000065,TSK000929,0
VEH000424,TSK000929,1
VEH000246,TSK000929,0
VEH000063,TSK000929,1
VEH000092,TSK000929,0
VEH000251,TSK000929,0
VEH000455,TSK000929,1
VEH000313,TSK000929,0
VEH000053,TSK000929,1
VEH000220,TSK000929,0
VEH000298,TSK000929,0
VEH000040,TSK000929,1
VEH000519,TSK000929,1
VEH000344,TSK000929,0
VEH000312,TSK000929,1
VEH000431,TSK000929,0
VEH000072,TSK000929,0
VEH000093,TSK000929,1
VEH000225,TSK000929,0
VEH000269,TSK000929,0
VEH000401,TSK000929,1
VEH000060,TSK000929,0
VEH000414,TSK000929,1
VEH000531,TSK000929,0
VEH000410,TSK000929,0
VEH000324,TSK000929,0
VEH000095,TSK000929,1
VEH000077,TSK000929,0
VEH000227,TSK000929,1
VEH000308,TSK000929,0
VEH000003,TSK000929,1
VEH000049,TSK000929,1
VEH000015,TSK000929,0
VEH000272,TSK000929,0
VEH000510,TSK000929,0
VEH000483,TSK000929,1
VEH000089,TSK000965,1
VEH000033,TSK000965,0
VEH000330,TSK000965,1
VEH000261,TSK000965,1
VEH000025,TSK000965,1
VEH000482,TSK000965,0
VEH000523,TSK000965,0
VEH000019,TSK000965,1
VEH000240,TSK000965,0
VEH000083,TSK000965,0
VEH000433,TSK000965,0
VEH000329,TSK000965,1
VEH000450,TSK000965,1
VEH000422,TSK000965,1
VEH000267,TSK000965,0
VEH000296,TSK000965,0
VEH000467,TSK000965,1
VEH000098,TSK000965,0
VEH000074,TSK000965,0
VEH000320,TSK000965,0
VEH000309,TSK000965,0
VEH000067,TSK000965,0
VEH000218,TSK000965,0
VEH000459,TSK000965,1
VEH000101,TSK000965,1
VEH000024,TSK000965,0
VEH000265,TSK000965,0
VEH000006,TSK000965,1
VEH000484,TSK000965,1
VEH000379,TSK000965,0
VEH000358,TSK000965,0
VEH000275,TSK000965,0
VEH000337,TSK000965,1
VEH000532,TSK000965,0
VEH000332,TSK000965,1
VEH000527,TSK000965,1
VEH000078,TSK000965,1
VEH000304,TSK000965,1
VEH000047,TSK000965,1
VEH000287,TSK000965,1
VEH000327,TSK000965,0
VEH000508,TSK000965,0
VEH000057,TSK000965,1
VEH000505,TSK000965,0
VEH000416,TSK000965,1
VEH000035,TSK000965,0
VEH000353,TSK000965,1
VEH000406,TSK000965,1
VEH000050,TSK000965,1
VEH000070,TSK000965,1
VEH000478,TSK000965,0
VEH000514,TSK000965,1
VEH000359,TSK000965,0
VEH000096,TSK000965,0
VEH000229,TSK000965,1
VEH000529,TSK000965,0
VEH000321,TSK000965,1
VEH000037,TSK000965,0
VEH000082,TSK000965,1
VEH000280,TSK000965,1
VEH000388,TSK000965,0
VEH000366,TSK000965,1
VEH000525,TSK000965,0
VEH000281,TSK000965,0
VEH000065,TSK000965,1
VEH000424,TSK000965,0
VEH000246,TSK000965,0
VEH000063,TSK000965,0
VEH000092,TSK000965,1
VEH000251,TSK000965,1
VEH000455,TSK000965,0
VEH000313,TSK000965,1
VEH000053,TSK000965,1
VEH000220,TSK000965,0
VEH000298,TSK000965,0
VEH000040,TSK000965,0
VEH000519,TSK000965,1
VEH000344,TSK000965,0
VEH000312,TSK000965,0
VEH000431,TSK000965,1
VEH000072,TSK000965,0
VEH000093,TSK000965,1
VEH000225,TSK000965,0
VEH000269,TSK000965,0
VEH000401,TSK000965,0
VEH000060,TSK000965,0
VEH000414,TSK000965,1
VEH000531,TSK000965,1
VEH000410,TSK000965,1
VEH000324,TSK000965,1
VEH000095,TSK000965,0
VEH000077,TSK000965,1
VEH000227,TSK000965,1
VEH000308,TSK000965,1
VEH000003,TSK000965,0
VEH000049,TSK000965,1
VEH000015,TSK000965,0
VEH000272,TSK000965,0
VEH000510,TSK000965,1
VEH000483,TSK000965,1
VEH000089,TSK000976,1
VEH000033,TSK000976,1
VEH000330,TSK000976,0
VEH000261,TSK000976,0
VEH000025,TSK000976,1
VEH000482,TSK000976,0
VEH000523,TSK000976,0
VEH000019,TSK000976,1
VEH000240,TSK000976,0
VEH000083,TSK000976,1
VEH000433,TSK000976,1
VEH000329,TSK000976,0
VEH000450,TSK000976,0
VEH000422,TSK000976,0
VEH000267,TSK000976,1
VEH000296,TSK000976,0
VEH000467,TSK000976,1
VEH000098,TSK000976,1
VEH000074,TSK000976,0
VEH000320,TSK000976,1
VEH000309,TSK000976,1
VEH000067,TSK000976,1
VEH000218,TSK000976,0
VEH000459,TSK000976,0
VEH000101,TSK000976,1
VEH000024,TSK000976,1
VEH000265,TSK000976,0
VEH000006,TSK000976,1
VEH000484,TSK000976,1
VEH000379,TSK000976,0
VEH000358,TSK000976,0
VEH000275,TSK000976,1
VEH000337,TSK000976,1
VEH000532,TSK000976,1
VEH000332,TSK000976,1
VEH000527,TSK000976,0
VEH000078,TSK000976,0
VEH000304,TSK000976,1
VEH000047,TSK000976,0
VEH000287,TSK000976,0
VEH000327,TSK000976,1
VEH000508,TSK000976,1
VEH000057,TSK000976,0
VEH000505,TSK000976,0
VEH000416,TSK000976,0
VEH000035,TSK000976,1
VEH000353,TSK000976,0
VEH000406,TSK000976,1
VEH000050,TSK000976,0
VEH000070,TSK000976,1
VEH000478,TSK000976,0
VEH000514,TSK000976,0
VEH000359,TSK000976,0
VEH000096,TSK000976,0
VEH000229,TSK000976,1
VEH000529,TSK000976,1
VEH000321,TSK000976,1
VEH000037,TSK000976,1
VEH000082,TSK000976,0
VEH000280,TSK000976,1
VEH000388,TSK000976,1
VEH000366,TSK000976,0
VEH000525,TSK000976,0
VEH000281,TSK000976,0
VEH000065,TSK000976,0
VEH000424,TSK000976,0
VEH000246,TSK000976,1
VEH000063,TSK000976,0
VEH000092,TSK000976,1
VEH000251,TSK000976,1
VEH000455,TSK000976,1
VEH000313,TSK000976,0
VEH000053,TSK000976,0
VEH000220,TSK000976,1
VEH000298,TSK000976,1
VEH000040,TSK000976,1
VEH000519,TSK000976,1
VEH000344,TSK000976,0
VEH000312,TSK000976,1
VEH000431,TSK000976,0
VEH000072,TSK000976,1
VEH000093,TSK000976,0
VEH000225,TSK000976,0
VEH000269,TSK000976,0
VEH000401,TSK000976,0
VEH000060,TSK000976,1
VEH000414,TSK000976,1
VEH000531,TSK000976,0
VEH000410,TSK000976,1
VEH000324,TSK000976,0
VEH000095,TSK000976,1
VEH000077,TSK000976,0
VEH000227,TSK000976,1
VEH000308,TSK000976,0
VEH000003,TSK000976,0
VEH000049,TSK000976,1
VEH000015,TSK000976,1
VEH000272,TSK000976,0
VEH000510,TSK000976,1
VEH000483,TSK000976,0
VEH000089,TSK000981,1
VEH000033,TSK000981,0
VEH000330,TSK000981,1
VEH000261,TSK000981,1
VEH000025,TSK000981,1
VEH000482,TSK000981,0
VEH000523,TSK000981,0
VEH000019,TSK000981,0
VEH000240,TSK000981,1
VEH000083,TSK000981,0
VEH000433,TSK000981,0
VEH000329,TSK000981,1
VEH000450,TSK000981,0
VEH000422,TSK000981,1
VEH000267,TSK000981,1
VEH000296,TSK000981,1
VEH000467,TSK000981,0
VEH000098,TSK000981,1
VEH000074,TSK000981,0
VEH000320,TSK000981,0
VEH000309,TSK000981,1
VEH000067,TSK000981,0
VEH000218,TSK000981,0
VEH000459,TSK000981,0
VEH000101,TSK000981,0
VEH000024,TSK000981,0
VEH000265,TSK000981,0
VEH000006,TSK000981,0
VEH000484,TSK000981,1
VEH000379,TSK000981,0
VEH000358,TSK000981,0
VEH000275,TSK000981,1
VEH000337,TSK000981,0
VEH000532,TSK000981,1
VEH000332,TSK000981,1
VEH000527,TSK000981,0
VEH000078,TSK000981,1
VEH000304,TSK000981,1
VEH000047,TSK000981,0
VEH000287,TSK000981,1
VEH000327,TSK000981,0
VEH000508,TSK000981,1
VEH000057,TSK000981,1
VEH000505,TSK000981,1
VEH000416,TSK000981,1
VEH000035,TSK000981,0
VEH000353,TSK000981,1
VEH000406,TSK000981,1
VEH000050,TSK000981,1
VEH000070,TSK000981,1
VEH000478,TSK000981,0
VEH000514,TSK000981,1
VEH000359,TSK000981,0
VEH000096,TSK000981,0
VEH000229,TSK000981,1
VEH000529,TSK000981,1
VEH000321,TSK000981,0
VEH000037,TSK000981,0
VEH000082,TSK000981,1
VEH000280,TSK000981,0
VEH000388,TSK000981,1
VEH000366,TSK000981,1
VEH000525,TSK000981,0
VEH000281,TSK000981,1
VEH000065,TSK000981,1
VEH000424,TSK000981,0
VEH000246,TSK000981,0
VEH000063,TSK000981,0
VEH000092,TSK000981,0
VEH000251,TSK000981,1
VEH000455,TSK000981,0
VEH000313,TSK000981,1
VEH000053,TSK000981,0
VEH000220,TSK000981,1
VEH000298,TSK000981,1
VEH000040,TSK000981,1
VEH000519,TSK000981,0
VEH000344,TSK000981,1
VEH000312,TSK000981,0
VEH000431,TSK000981,0
VEH000072,TSK000981,0
VEH000093,TSK000981,1
VEH000225,TSK000981,1
VEH000269,TSK000981,0
VEH000401,TSK000981,0
VEH000060,TSK000981,1
VEH000414,TSK000981,1
VEH000531,TSK000981,1
VEH000410,TSK000981,1
VEH000324,TSK000981,0
VEH000095,TSK000981,0
VEH000077,TSK000981,0
VEH000227,TSK000981,0
VEH000308,TSK000981,0
VEH000003,TSK000981,1
VEH000049,TSK000981,0
VEH000015,TSK000981,1
VEH000272,TSK000981,1
VEH000510,TSK000981,1
VEH000483,TSK000981,0
VEH000089,TSK000998,1
VEH000033,TSK000998,0
VEH000330,TSK000998,0
VEH000261,TSK000998,1
VEH000025,TSK000998,1
VEH000482,TSK000998,1
VEH000523,TSK000998,0
VEH000019,TSK000998,1
VEH000240,TSK000998,1
VEH000083,TSK000998,1
VEH000433,TSK000998,1
VEH000329,TSK000998,1
VEH000450,TSK000998,0
VEH000422,TSK000998,1
VEH000267,TSK000998,0
VEH000296,TSK000998,1
VEH000467,TSK000998,1
VEH000098,TSK000998,1
VEH000074,TSK000998,1
VEH000320,TSK000998,1
VEH000309,TSK000998,1
VEH000067,TSK000998,0
VEH000218,TSK000998,0
VEH000459,TSK000998,0
VEH000101,TSK000998,0
VEH000024,TSK000998,1
VEH000265,TSK000998,1
VEH000006,TSK000998,0
VEH000484,TSK000998,0
VEH000379,TSK000998,1
VEH000358,TSK000998,1
VEH000275,TSK000998,0
VEH000337,TSK000998,1
VEH000532,TSK000998,0
VEH000332,TSK000998,1
VEH000527,TSK000998,1
VEH000078,TSK000998,1
VEH000304,TSK000998,0
VEH000047,TSK000998,1
VEH000287,TSK000998,0
VEH000327,TSK000998,1
VEH000508,TSK000998,1
VEH000057,TSK000998,1
VEH000505,TSK000998,0
VEH000416,TSK000998,0
VEH000035,TSK000998,0
VEH000353,TSK000998,0
VEH000406,TSK000998,1
VEH000050,TSK000998,0
VEH000070,TSK000998,0
VEH000478,TSK000998,0
VEH000514,TSK000998,1
VEH000359,TSK000998,0
VEH000096,TSK000998,0
VEH000229,TSK000998,1
VEH000529,TSK000998,0
VEH000321,TSK000998,1
VEH000037,TSK000998,1
VEH000082,TSK000998,1
VEH000280,TSK000998,0
VEH000388,TSK000998,0
VEH000366,TSK000998,0
VEH000525,TSK000998,1
VEH000281,TSK000998,1
VEH000065,TSK000998,0
VEH000424,TSK000998,0
VEH000246,TSK000998,1
VEH000063,TSK000998,1
VEH000092,TSK000998,0
VEH000251,TSK000998,0
VEH000455,TSK000998,0
VEH000313,TSK000998,0
VEH000053,TSK000998,0
VEH000220,TSK000998,0
VEH000298,TSK000998,0
VEH000040,TSK000998,0
VEH000519,TSK000998,1
VEH000344,TSK000998,0
VEH000312,TSK000998,0
VEH000431,TSK000998,0
VEH000072,TSK000998,1
VEH000093,TSK000998,1
VEH000225,TSK000998,0
VEH000269,TSK000998,1
VEH000401,TSK000998,1
VEH000060,TSK000998,1
VEH000414,TSK000998,1
VEH000531,TSK000998,0
VEH000410,TSK000998,1
VEH000324,TSK000998,0
VEH000095,TSK000998,1
VEH000077,TSK000998,0
VEH000227,TSK000998,0
VEH000308,TSK000998,0
VEH000003,TSK000998,0
VEH000049,TSK000998,0
VEH000015,TSK000998,1
VEH000272,TSK000998,0
VEH000510,TSK000998,1
VEH000483,TSK000998,1
VEH000089,TSK001014,0
VEH000033,TSK001014,1
VEH000330,TSK001014,1
VEH000261,TSK001014,0
VEH000025,TSK001014,1
VEH000482,TSK001014,0
VEH000523,TSK001014,0
VEH000019,TSK001014,1
VEH000240,TSK001014,0
VEH000083,TSK001014,0
VEH000433,TSK001014,1
VEH000329,TSK001014,1
VEH000450,TSK001014,1
VEH000422,TSK001014,0
VEH000267,TSK001014,1
VEH000296,TSK001014,1
VEH000467,TSK001014,0
VEH000098,TSK001014,0
VEH000074,TSK001014,1
VEH000320,TSK001014,0
VEH000309,TSK001014,1
VEH000067,TSK001014,1
VEH000218,TSK001014,1
VEH000459,TSK001014,1
VEH000101,TSK001014,0
VEH000024,TSK001014,0
VEH000265,TSK001014,0
VEH000006,TSK001014,1
VEH000484,TSK001014,0
VEH000379,TSK001014,0
VEH000358,TSK001014,0
VEH000275,TSK001014,1
VEH000337,TSK001014,0
VEH000532,TSK001014,0
VEH000332,TSK001014,1
VEH000527,TSK001014,1
VEH000078,TSK001014,1
VEH000304,TSK001014,0
VEH000047,TSK001014,0
VEH000287,TSK001014,0
VEH000327,TSK001014,1
VEH000508,TSK001014,0
VEH000057,TSK001014,0
VEH000505,TSK001014,1
VEH000416,TSK001014,1
VEH000035,TSK001014,1
VEH000353,TSK001014,1
VEH000406,TSK001014,0
VEH000050,TSK001014,1
VEH000070,TSK001014,0
VEH000478,TSK001014,0
VEH000514,TSK001014,1
VEH000359,TSK001014,1
VEH000096,TSK001014,1
VEH000229,TSK001014,1
VEH000529,TSK001014,0
VEH000321,TSK001014,1
VEH000037,TSK001014,0
VEH000082,TSK001014,0
VEH000280,TSK001014,1
VEH000388,TSK001014,1
VEH000366,TSK001014,0
VEH000525,TSK001014,0
VEH000281,TSK001014,0
VEH000065,TSK001014,1
VEH000424,TSK001014,1
VEH000246,TSK001014,1
VEH000063,TSK001014,0
VEH000092,TSK001014,1
VEH000251,TSK001014,1
VEH000455,TSK001014,1
VEH000313,TSK001014,1
VEH000053,TSK001014,1
VEH000220,TSK001014,0
VEH000298,TSK001014,1
VEH000040,TSK001014,0
VEH000519,TSK001014,0
VEH000344,TSK001014,1
VEH000312,TSK001014,1
VEH000431,TSK001014,0
VEH000072,TSK001014,0
VEH000093,TSK001014,1
VEH000225,TSK001014,0
VEH000269,TSK001014,1
VEH000401,TSK001014,1
VEH000060,TSK001014,1
VEH000414,TSK001014,0
VEH000531,TSK001014,0
VEH000410,TSK001014,0
VEH000324,TSK001014,0
VEH000095,TSK001014,1
VEH000077,TSK001014,0
VEH000227,TSK001014,0
VEH000308,TSK001014,0
VEH000003,TSK001014,0
VEH000049,TSK001014,1
VEH000015,TSK001014,0
VEH000272,TSK001014,1
VEH000510,TSK001014,0
VEH000483,TSK001014,0
VEH000089,TSK001114,1
VEH000033,TSK001114,0
VEH000330,TSK001114,1
VEH000261,TSK001114,1
VEH000025,TSK001114,0
VEH000482,TSK001114,0
VEH000523,TSK001114,1
VEH000019,TSK001114,1
VEH000240,TSK001114,1
VEH000083,TSK001114,1
VEH000433,TSK001114,1
VEH000329,TSK001114,0
VEH000450,TSK001114,1
VEH000422,TSK001114,1
VEH000267,TSK001114,1
VEH000296,TSK001114,0
VEH000467,TSK001114,0
VEH000098,TSK001114,0
VEH000074,TSK001114,0
VEH000320,TSK001114,0
VEH000309,TSK001114,0
VEH000067,TSK001114,0
VEH000218,TSK001114,1
VEH000459,TSK001114,1
VEH000101,TSK001114,0
VEH000024,TSK001114,0
VEH000265,TSK001114,1
VEH000006,TSK001114,1
VEH000484,TSK001114,0
VEH000379,TSK001114,0
VEH000358,TSK001114,1
VEH000275,TSK001114,1
VEH000337,TSK001114,1
VEH000532,TSK001114,0
VEH000332,TSK001114,1
VEH000527,TSK001114,1
VEH000078,TSK001114,0
VEH000304,TSK001114,0
VEH000047,TSK001114,1
VEH000287,TSK001114,0
VEH000327,TSK001114,1
VEH000508,TSK001114,0
VEH000057,TSK001114,1
VEH000505,TSK001114,0
VEH000416,TSK001114,1
VEH000035,TSK001114,1
VEH000353,TSK001114,1
VEH000406,TSK001114,0
VEH000050,TSK001114,0
VEH000070,TSK001114,1
VEH000478,TSK001114,0
VEH000514,TSK001114,1
VEH000359,TSK001114,1
VEH000096,TSK001114,1
VEH000229,TSK001114,0
VEH000529,TSK001114,0
VEH000321,TSK001114,1
VEH000037,TSK001114,1
VEH000082,TSK001114,0
VEH000280,TSK001114,0
VEH000388,TSK001114,1
VEH000366,TSK001114,1
VEH000525,TSK001114,0
VEH000281,TSK001114,1
VEH000065,TSK001114,1
VEH000424,TSK001114,0
VEH000246,TSK001114,0
VEH000063,TSK001114,0
VEH000092,TSK001114,1
VEH000251,TSK001114,1
VEH000455,TSK001114,0
VEH000313,TSK001114,1
VEH000053,TSK001114,0
VEH000220,TSK001114,0
VEH000298,TSK001114,0
VEH000040,TSK001114,0
VEH000519,TSK001114,1
VEH000344,TSK001114,0
VEH000312,TSK001114,0
VEH000431,TSK001114,0
VEH000072,TSK001114,1
VEH000093,TSK001114,1
VEH000225,TSK001114,1
VEH000269,TSK001114,0
VEH000401,TSK001114,1
VEH000060,TSK001114,0
VEH000414,TSK001114,0
VEH000531,TSK001114,0
VEH000410,TSK001114,1
VEH000324,TSK001114,0
VEH000095,TSK001114,0
VEH000077,TSK001114,0
VEH000227,TSK001114,1
VEH000308,TSK001114,0
VEH000003,TSK001114,1
VEH000049,TSK001114,0
VEH000015,TSK001114,1
VEH000272,TSK001114,1
VEH000510,TSK001114,0
VEH000483,TSK001114,1
VEH000089,TSK001133,0
VEH000033,TSK001133,0
VEH000330,TSK001133,1
VEH000261,TSK001133,1
VEH000025,TSK001133,0
VEH000482,TSK001133,1
VEH000523,TSK001133,0
VEH000019,TSK001133,1
VEH000240,TSK001133,0
VEH000083,TSK001133,0
VEH000433,TSK001133,1
VEH000329,TSK001133,0
VEH000450,TSK001133,1
VEH000422,TSK001133,1
VEH000267,TSK001133,0
VEH000296,TSK001133,0
VEH000467,TSK001133,1
VEH000098,TSK001133,1
VEH000074,TSK001133,0
VEH000320,TSK001133,1
VEH000309,TSK001133,1
VEH000067,TSK001133,0
VEH000218,TSK001133,0
VEH000459,TSK001133,1
VEH000101,TSK001133,0
VEH000024,TSK001133,0
VEH000265,TSK001133,0
VEH000006,TSK001133,1
VEH000484,TSK001133,1
VEH000379,TSK001133,1
VEH000358,TSK001133,1
VEH000275,TSK001133,0
VEH000337,TSK001133,0
VEH000532,TSK001133,1
VEH000332,TSK001133,0
VEH000527,TSK001133,1
VEH000078,TSK001133,0
VEH000304,TSK001133,1
VEH000047,TSK001133,1
VEH000287,TSK001133,1
VEH000327,TSK001133,1
VEH000508,TSK001133,0
VEH000057,TSK001133,0
VEH000505,TSK001133,1
VEH000416,TSK001133,1
VEH000035,TSK001133,1
VEH000353,TSK001133,0
VEH000406,TSK001133,1
VEH000050,TSK001133,1
VEH000070,TSK001133,1
VEH000478,TSK001133,0
VEH000514,TSK001133,0
VEH000359,TSK001133,1
VEH000096,TSK001133,1
VEH000229,TSK001133,0
VEH000529,TSK001133,0
VEH000321,TSK001133,0
VEH000037,TSK001133,1
VEH000082,TSK001133,0
VEH000280,TSK001133,1
VEH000388,TSK001133,0
VEH000366,TSK001133,1
VEH000525,TSK001133,0
VEH000281,TSK001133,1
VEH000065,TSK001133,0
VEH000424,TSK001133,0
VEH000246,TSK001133,0
VEH000063,TSK001133,1
VEH000092,TSK001133,0
VEH000251,TSK001133,1
VEH000455,TSK001133,0
VEH000313,TSK001133,1
VEH000053,TSK001133,0
VEH000220,TSK001133,1
VEH000298,TSK001133,1
VEH000040,TSK001133,0
VEH000519,TSK001133,1
VEH000344,TSK001133,0
VEH000312,TSK001133,1
VEH000431,TSK001133,1
VEH000072,TSK001133,1
VEH000093,TSK001133,1
VEH000225,TSK001133,0
VEH000269,TSK001133,0
VEH000401,TSK001133,1
VEH000060,TSK001133,1
VEH000414,TSK001133,0
VEH000531,TSK001133,0
VEH000410,TSK001133,1
VEH000324,TSK001133,0
VEH000095,TSK001133,0
VEH000077,TSK001133,1
VEH000227,TSK001133,0
VEH000308,TSK001133,0
VEH000003,TSK001133,0
VEH000049,TSK001133,1
VEH000015,TSK001133,0
VEH000272,TSK001133,1
VEH000510,TSK001133,0
VEH000483,TSK001133,0
VEH000089,TSK001169,0
VEH000033,TSK001169,0
VEH000330,TSK001169,0
VEH000261,TSK001169,0
VEH000025,TSK001169,1
VEH000482,TSK001169,1
VEH000523,TSK001169,0
VEH000019,TSK001169,1
VEH000240,TSK001169,1
VEH000083,TSK001169,0
VEH000433,TSK001169,0
VEH000329,TSK001169,0
VEH000450,TSK001169,0
VEH000422,TSK001169,1
VEH000267,TSK001169,1
VEH000296,TSK001169,1
VEH000467,TSK001169,0
VEH000098,TSK001169,0
VEH000074,TSK001169,1
VEH000320,TSK001169,1
VEH000309,TSK001169,0
VEH000067,TSK001169,1
VEH000218,TSK001169,1
VEH000459,TSK001169,1
VEH000101,TSK001169,0
VEH000024,TSK001169,1
VEH000265,TSK001169,1
VEH000006,TSK001169,1
VEH000484,TSK001169,1
VEH000379,TSK001169,0
VEH000358,TSK001169,1
VEH000275,TSK001169,0
VEH000337,TSK001169,1
VEH000532,TSK001169,0
VEH000332,TSK001169,1
VEH000527,TSK001169,0
VEH000078,TSK001169,0
VEH000304,TSK001169,0
VEH000047,TSK001169,0
VEH000287,TSK001169,1
VEH000327,TSK001169,1
VEH000508,TSK001169,0
VEH000057,TSK001169,1
VEH000505,TSK001169,1
VEH000416,TSK001169,0
VEH000035,TSK001169,0
VEH000353,TSK001169,1
VEH000406,TSK001169,0
VEH000050,TSK001169,1
VEH000070,TSK001169,1
VEH000478,TSK001169,0
VEH000514,TSK001169,1
VEH000359,TSK001169,0
VEH000096,TSK001169,0
VEH000229,TSK001169,0
VEH000529,TSK001169,1
VEH000321,TSK001169,0
VEH000037,TSK001169,1
VEH000082,TSK001169,0
VEH000280,TSK001169,0
VEH000388,TSK001169,0
VEH000366,TSK001169,0
VEH000525,TSK001169,0
VEH000281,TSK001169,1
VEH000065,TSK001169,0
VEH000424,TSK001169,1
VEH000246,TSK001169,1
VEH000063,TSK001169,1
VEH000092,TSK001169,0
VEH000251,TSK001169,0
VEH000455,TSK001169,1
VEH000313,TSK001169,1
VEH000053,TSK001169,0
VEH000220,TSK001169,1
VEH000298,TSK001169,1
VEH000040,TSK001169,1
VEH000519,TSK001169,1
VEH000344,TSK001169,0
VEH000312,TSK001169,0
VEH000431,TSK001169,1
VEH000072,TSK001169,0
VEH000093,TSK001169,1
VEH000225,TSK001169,0
VEH000269,TSK001169,1
VEH000401,TSK001169,1
VEH000060,TSK001169,0
VEH000414,TSK001169,0
VEH000531,TSK001169,1
VEH000410,TSK001169,0
VEH000324,TSK001169,1
VEH000095,TSK001169,1
VEH000077,TSK001169,1
VEH000227,TSK001169,1
VEH000308,TSK001169,1
VEH000003,TSK001169,0
VEH000049,TSK001169,0
VEH000015,TSK001169,1
VEH000272,TSK001169,0
VEH000510,TSK001169,0
VEH000483,TSK001169,0
VEH000089,TSK001199,1
VEH000033,TSK001199,1
VEH000330,TSK001199,0
VEH000261,TSK001199,1
VEH000025,TSK001199,0
VEH000482,TSK001199,1
VEH000523,TSK001199,0
VEH000019,TSK001199,0
VEH000240,TSK001199,1
VEH000083,TSK001199,0
VEH000433,TSK001199,0
VEH000329,TSK001199,1
VEH000450,TSK001199,0
VEH000422,TSK001199,0
VEH000267,TSK001199,1
VEH000296,TSK001199,1
VEH000467,TSK001199,0
VEH000098,TSK001199,0
VEH000074,TSK001199,0
VEH000320,TSK001199,1
VEH000309,TSK001199,1
VEH000067,TSK001199,1
VEH000218,TSK001199,0
VEH000459,TSK001199,0
VEH000101,TSK001199,0
VEH000024,TSK001199,0
VEH000265,TSK001199,0
VEH000006,TSK001199,1
VEH000484,TSK001199,1
VEH000379,TSK001199,1
VEH000358,TSK001199,1
VEH000275,TSK001199,1
VEH000337,TSK001199,1
VEH000532,TSK001199,0
VEH000332,TSK001199,0
VEH000527,TSK001199,0
VEH000078,TSK001199,0
VEH000304,TSK001199,0
VEH000047,TSK001199,1
VEH000287,TSK001199,1
VEH000327,TSK001199,1
VEH000508,TSK001199,1
VEH000057,TSK001199,0
VEH000505,TSK001199,0
VEH000416,TSK001199,1
VEH000035,TSK001199,1
VEH000353,TSK001199,1
VEH000406,TSK001199,0
VEH000050,TSK001199,0
VEH000070,TSK001199,1
VEH000478,TSK001199,0
VEH000514,TSK001199,0
VEH000359,TSK001199,0
VEH000096,TSK001199,0
VEH000229,TSK001199,1
VEH000529,TSK001199,1
VEH000321,TSK001199,1
VEH000037,TSK001199,1
VEH000082,TSK001199,0
VEH000280,TSK001199,0
VEH000388,TSK001199,0
VEH000366,TSK001199,0
VEH000525,TSK001199,1
VEH000281,TSK001199,0
VEH000065,TSK001199,0
VEH000424,TSK001199,1
VEH000246,TSK001199,1
VEH000063,TSK001199,1
VEH000092,TSK001199,0
VEH000251,TSK001199,0
VEH000455,TSK001199,1
VEH000313,TSK001199,1
VEH000053,TSK001199,1
VEH000220,TSK001199,0
VEH000298,TSK001199,0
VEH000040,TSK001199,0
VEH000519,TSK001199,0
VEH000344,TSK001199,0
VEH000312,TSK001199,0
VEH000431,TSK001199,0
VEH000072,TSK001199,1
VEH000093,TSK001199,1
VEH000225,TSK001199,1
VEH000269,TSK001199,1
VEH000401,TSK001199,1
VEH000060,TSK001199,1
VEH000414,TSK001199,1
VEH000531,TSK001199,1
VEH000410,TSK001199,0
VEH000324,TSK001199,0
VEH000095,TSK001199,0
VEH000077,TSK001199,0
VEH000227,TSK001199,1
VEH000308,TSK001199,1
VEH000003,TSK001199,1
VEH000049,TSK001199,1
VEH000015,TSK001199,1
VEH000272,TSK001199,0
VEH000510,TSK001199,1
VEH000483,TSK001199,0
VEH000089,TSK001215,1
VEH000033,TSK001215,0
VEH000330,TSK001215,0
VEH000261,TSK001215,0
VEH000025,TSK001215,0
VEH000482,TSK001215,0
VEH000523,TSK001215,0
VEH000019,TSK001215,1
VEH000240,TSK001215,1
VEH000083,TSK001215,1
VEH000433,TSK001215,0
VEH000329,TSK001215,0
VEH000450,TSK001215,0
VEH000422,TSK001215,1
VEH000267,TSK001215,0
VEH000296,TSK001215,0
VEH000467,TSK001215,1
VEH000098,TSK001215,1
VEH000074,TSK001215,1
VEH000320,TSK001215,1
VEH000309,TSK001215,1
VEH000067,TSK001215,0
VEH000218,TSK001215,0
VEH000459,TSK001215,1
VEH000101,TSK001215,0
VEH000024,TSK001215,0
VEH000265,TSK001215,1
VEH000006,TSK001215,1
VEH000484,TSK001215,1
VEH000379,TSK001215,0
VEH000358,TSK001215,1
VEH000275,TSK001215,1
VEH000337,TSK001215,1
VEH000532,TSK001215,0
VEH000332,TSK001215,1
VEH000527,TSK001215,1
VEH000078,TSK001215,1
VEH000304,TSK001215,1
VEH000047,TSK001215,1
VEH000287,TSK001215,0
VEH000327,TSK001215,1
VEH000508,TSK001215,1
VEH000057,TSK001215,1
VEH000505,TSK001215,0
VEH000416,TSK001215,0
VEH000035,TSK001215,0
VEH000353,TSK001215,0
VEH000406,TSK001215,0
VEH000050,TSK001215,1
VEH000070,TSK001215,1
VEH000478,TSK001215,0
VEH000514,TSK001215,0
VEH000359,TSK001215,0
VEH000096,TSK001215,0
VEH000229,TSK001215,1
VEH000529,TSK001215,1
VEH000321,TSK001215,0
VEH000037,TSK001215,1
VEH000082,TSK001215,1
VEH000280,TSK001215,1
VEH000388,TSK001215,0
VEH000366,TSK001215,0
VEH000525,TSK001215,0
VEH000281,TSK001215,1
VEH000065,TSK001215,1
VEH000424,TSK001215,0
VEH000246,TSK001215,1
VEH000063,TSK001215,0
VEH000092,TSK001215,1
VEH000251,TSK001215,1
VEH000455,TSK001215,0
VEH000313,TSK001215,1
VEH000053,TSK001215,0
VEH000220,TSK001215,1
VEH000298,TSK001215,0
VEH000040,TSK001215,1
VEH000519,TSK001215,1
VEH000344,TSK001215,1
VEH000312,TSK001215,0
VEH000431,TSK001215,0
VEH000072,TSK001215,0
VEH000093,TSK001215,1
VEH000225,TSK001215,1
VEH000269,TSK001215,1
VEH000401,TSK001215,1
VEH000060,TSK001215,0
VEH000414,TSK001215,0
VEH000531,TSK001215,0
VEH000410,TSK001215,1
VEH000324,TSK001215,0
VEH000095,TSK001215,0
VEH000077,TSK001215,0
VEH000227,TSK001215,0
VEH000308,TSK001215,1
VEH000003,TSK001215,1
VEH000049,TSK001215,0
VEH000015,TSK001215,0
VEH000272,TSK001215,1
VEH000510,TSK001215,0
VEH000483,TSK001215,0
VEH000089,TSK001220,1
VEH000033,TSK001220,1
VEH000330,TSK001220,1
VEH000261,TSK001220,1
VEH000025,TSK001220,1
VEH000482,TSK001220,0
VEH000523,TSK001220,1
VEH000019,TSK001220,0
VEH000240,TSK001220,1
VEH000083,TSK001220,0
VEH000433,TSK001220,1
VEH000329,TSK001220,0
VEH000450,TSK001220,0
VEH000422,TSK001220,1
VEH000267,TSK001220,1
VEH000296,TSK001220,1
VEH000467,TSK001220,1
VEH000098,TSK001220,0
VEH000074,TSK001220,1
VEH000320,TSK001220,0
VEH000309,TSK001220,0
VEH000067,TSK001220,1
VEH000218,TSK001220,0
VEH000459,TSK001220,1
VEH000101,TSK001220,1
VEH000024,TSK001220,0
VEH000265,TSK001220,0
VEH000006,TSK001220,0
VEH000484,TSK001220,1
VEH000379,TSK001220,1
VEH000358,TSK001220,0
VEH000275,TSK001220,0
VEH000337,TSK001220,0
VEH000532,TSK001220,1
VEH000332,TSK001220,0
VEH000527,TSK001220,0
VEH000078,TSK001220,1
VEH000304,TSK001220,0
VEH000047,TSK001220,1
VEH000287,TSK001220,0
VEH000327,TSK001220,0
VEH000508,TSK001220,1
VEH000057,TSK001220,1
VEH000505,TSK001220,0
VEH000416,TSK001220,0
VEH000035,TSK001220,1
VEH000353,TSK001220,1
VEH000406,TSK001220,1
VEH000050,TSK001220,1
VEH000070,TSK001220,0
VEH000478,TSK001220,0
VEH000514,TSK001220,0
VEH000359,TSK001220,0
VEH000096,TSK001220,1
VEH000229,TSK001220,0
VEH000529,TSK001220,1
VEH000321,TSK001220,1
VEH000037,TSK001220,1
VEH000082,TSK001220,1
VEH000280,TSK001220,1
VEH000388,TSK001220,0
VEH000366,TSK001220,0
VEH000525,TSK001220,1
VEH000281,TSK001220,1
VEH000065,TSK001220,1
VEH000424,TSK001220,1
VEH000246,TSK001220,0
VEH000063,TSK001220,1
VEH000092,TSK001220,0
VEH000251,TSK001220,0
VEH000455,TSK001220,0
VEH000313,TSK001220,0
VEH000053,TSK001220,0
VEH000220,TSK001220,1
VEH000298,TSK001220,1
VEH000040,TSK001220,1
VEH000519,TSK001220,1
VEH000344,TSK001220,0
VEH000312,TSK001220,0
VEH000431,TSK001220,0
VEH000072,TSK001220,0
VEH000093,TSK001220,0
VEH000225,TSK001220,1
VEH000269,TSK001220,1
VEH000401,TSK001220,0
VEH000060,TSK001220,0
VEH000414,TSK001220,0
VEH000531,TSK001220,0
VEH000410,TSK001220,0
VEH000324,TSK001220,0
VEH000095,TSK001220,1
VEH000077,TSK001220,0
VEH000227,TSK001220,1
VEH000308,TSK001220,1
VEH000003,TSK001220,1
VEH000049,TSK001220,1
VEH000015,TSK001220,0
VEH000272,TSK001220,1
VEH000510,TSK001220,0
VEH000483,TSK001220,0
VEH000089,TSK001235,1
VEH000033,TSK001235,1
VEH000330,TSK001235,0
VEH000261,TSK001235,1
VEH000025,TSK001235,0
VEH000482,TSK001235,1
VEH000523,TSK001235,1
VEH000019,TSK001235,1
VEH000240,TSK001235,1
VEH000083,TSK001235,0
VEH000433,TSK001235,1
VEH000329,TSK001235,1
VEH000450,TSK001235,0
VEH000422,TSK001235,1
VEH000267,TSK001235,0
VEH000296,TSK001235,1
VEH000467,TSK001235,0
VEH000098,TSK001235,0
VEH000074,TSK001235,1
VEH000320,TSK001235,0
VEH000309,TSK001235,0
VEH000067,TSK001235,0
VEH000218,TSK001235,0
VEH000459,TSK001235,0
VEH000101,TSK001235,1
VEH000024,TSK001235,1
VEH000265,TSK001235,0
VEH000006,TSK001235,1
VEH000484,TSK001235,0
VEH000379,TSK001235,0
VEH000358,TSK001235,1
VEH000275,TSK001235,1
VEH000337,TSK001235,0
VEH000532,TSK001235,1
VEH000332,TSK001235,1
VEH000527,TSK001235,1
VEH000078,TSK001235,1
VEH000304,TSK001235,0
VEH000047,TSK001235,0
VEH000287,TSK001235,0
VEH000327,TSK001235,1
VEH000508,TSK001235,0
VEH000057,TSK001235,1
VEH000505,TSK001235,1
VEH000416,TSK001235,1
VEH000035,TSK001235,1
VEH000353,TSK001235,1
VEH000406,TSK001235,1
VEH000050,TSK001235,0
VEH000070,TSK001235,0
VEH000478,TSK001235,0
VEH000514,TSK001235,1
VEH000359,TSK001235,1
VEH000096,TSK001235,0
VEH000229,TSK001235,1
VEH000529,TSK001235,1
VEH000321,TSK001235,0
VEH000037,TSK001235,0
VEH000082,TSK001235,0
VEH000280,TSK001235,1
VEH000388,TSK001235,1
VEH000366,TSK001235,0
VEH000525,TSK001235,1
VEH000281,TSK001235,1
VEH000065,TSK001235,0
VEH000424,TSK001235,0
VEH000246,TSK001235,0
VEH000063,TSK001235,0
VEH000092,TSK001235,0
VEH000251,TSK001235,0
VEH000455,TSK001235,0
VEH000313,TSK001235,1
VEH000053,TSK001235,0
VEH000220,TSK001235,0
VEH000298,TSK001235,0
VEH000040,TSK001235,0
VEH000519,TSK001235,0
VEH000344,TSK001235,1
VEH000312,TSK001235,1
VEH000431,TSK001235,1
VEH000072,TSK001235,0
VEH000093,TSK001235,1
VEH000225,TSK001235,1
VEH000269,TSK001235,0
VEH000401,TSK001235,1
VEH000060,TSK001235,1
VEH000414,TSK001235,1
VEH000531,TSK001235,1
VEH000410,TSK001235,0
VEH000324,TSK001235,0
VEH000095,TSK001235,1
VEH000077,TSK001235,0
VEH000227,TSK001235,1
VEH000308,TSK001235,0
VEH000003,TSK001235,1
VEH000049,TSK001235,0
VEH000015,TSK001235,1
VEH000272,TSK001235,0
VEH000510,TSK001235,0
VEH000483,TSK001235,0
VEH000089,TSK001256,0
VEH000033,TSK001256,1
VEH000330,TSK001256,0
VEH000261,TSK001256,0
VEH000025,TSK001256,1
VEH000482,TSK001256,1
VEH000523,TSK001256,1
VEH000019,TSK001256,0
VEH000240,TSK001256,1
VEH000083,TSK001256,1
VEH000433,TSK001256,1
VEH000329,TSK001256,0
VEH000450,TSK001256,1
VEH000422,TSK001256,1
VEH000267,TSK001256,0
VEH000296,TSK001256,1
VEH000467,TSK001256,1
VEH000098,TSK001256,1
VEH000074,TSK001256,0
VEH000320,TSK001256,0
VEH000309,TSK001256,1
VEH000067,TSK001256,1
VEH000218,TSK001256,0
VEH000459,TSK001256,1
VEH000101,TSK001256,1
VEH000024,TSK001256,1
VEH000265,TSK001256,1
VEH000006,TSK001256,0
VEH000484,TSK001256,1
VEH000379,TSK001256,1
VEH000358,TSK001256,1
VEH000275,TSK001256,0
VEH000337,TSK001256,0
VEH000532,TSK001256,1
VEH000332,TSK001256,1
VEH000527,TSK001256,1
VEH000078,TSK001256,0
VEH000304,TSK001256,1
VEH000047,TSK001256,1
VEH000287,TSK001256,0
VEH000327,TSK001256,1
VEH000508,TSK001256,1
VEH000057,TSK001256,0
VEH000505,TSK001256,1
VEH000416,TSK001256,0
VEH000035,TSK001256,1
VEH000353,TSK001256,0
VEH000406,TSK001256,0
VEH000050,TSK001256,0
VEH000070,TSK001256,0
VEH000478,TSK001256,0
VEH000514,TSK001256,0
VEH000359,TSK001256,1
VEH000096,TSK001256,0
VEH000229,TSK001256,1
VEH000529,TSK001256,0
VEH000321,TSK001256,0
VEH000037,TSK001256,0
VEH000082,TSK001256,0
VEH000280,TSK001256,0
VEH000388,TSK001256,0
VEH000366,TSK001256,0
VEH000525,TSK001256,1
VEH000281,TSK001256,1
VEH000065,TSK001256,1
VEH000424,TSK001256,1
VEH000246,TSK001256,1
VEH000063,TSK001256,0
VEH000092,TSK001256,0
VEH000251,TSK001256,1
VEH000455,TSK001256,0
VEH000313,TSK001256,0
VEH000053,TSK001256,0
VEH000220,TSK001256,1
VEH000298,TSK001256,0
VEH000040,TSK001256,0
VEH000519,TSK001256,1
VEH000344,TSK001256,0
VEH000312,TSK001256,0
VEH000431,TSK001256,0
VEH000072,TSK001256,0
VEH000093,TSK001256,0
VEH000225,TSK001256,1
VEH000269,TSK001256,0
VEH000401,TSK001256,1
VEH000060,TSK001256,1
VEH000414,TSK001256,1
VEH000531,TSK001256,0
VEH000410,TSK001256,1
VEH000324,TSK001256,1
VEH000095,TSK001256,0
VEH000077,TSK001256,0
VEH000227,TSK001256,1
VEH000308,TSK001256,0
VEH000003,TSK001256,0
VEH000049,TSK001256,0
VEH000015,TSK001256,1
VEH000272,TSK001256,1
VEH000510,TSK001256,1
VEH000483,TSK001256,0
VEH000089,TSK001317,0
VEH000033,TSK001317,0
VEH000330,TSK001317,1
VEH000261,TSK001317,0
VEH000025,TSK001317,0
VEH000482,TSK001317,0
VEH000523,TSK001317,0
VEH000019,TSK001317,0
VEH000240,TSK001317,0
VEH000083,TSK001317,0
VEH000433,TSK001317,1
VEH000329,TSK001317,1
VEH000450,TSK001317,0
VEH000422,TSK001317,0
VEH000267,TSK001317,1
VEH000296,TSK001317,1
VEH000467,TSK001317,0
VEH000098,TSK001317,1
VEH000074,TSK001317,1
VEH000320,TSK001317,0
VEH000309,TSK001317,0
VEH000067,TSK001317,1
VEH000218,TSK001317,1
VEH000459,TSK001317,1
VEH000101,TSK001317,1
VEH000024,TSK001317,0
VEH000265,TSK001317,1
VEH000006,TSK001317,1
VEH000484,TSK001317,0
VEH000379,TSK001317,1
VEH000358,TSK001317,1
VEH000275,TSK001317,1
VEH000337,TSK001317,1
VEH000532,TSK001317,0
VEH000332,TSK001317,0
VEH000527,TSK001317,1
VEH000078,TSK001317,1
VEH000304,TSK001317,1
VEH000047,TSK001317,0
VEH000287,TSK001317,0
VEH000327,TSK001317,0
VEH000508,TSK001317,0
VEH000057,TSK001317,1
VEH000505,TSK001317,1
VEH000416,TSK001317,0
VEH000035,TSK001317,0
VEH000353,TSK001317,1
VEH000406,TSK001317,1
VEH000050,TSK001317,1
VEH000070,TSK001317,0
VEH000478,TSK001317,1
VEH000514,TSK001317,1
VEH000359,TSK001317,0
VEH000096,TSK001317,1
VEH000229,TSK001317,0
VEH000529,TSK001317,0
VEH000321,TSK001317,1
VEH000037,TSK001317,1
VEH000082,TSK001317,0
VEH000280,TSK001317,0
VEH000388,TSK001317,1
VEH000366,TSK001317,0
VEH000525,TSK001317,1
VEH000281,TSK001317,0
VEH000065,TSK001317,1
VEH000424,TSK001317,1
VEH000246,TSK001317,1
VEH000063,TSK001317,0
VEH000092,TSK001317,0
VEH000251,TSK001317,1
VEH000455,TSK001317,0
VEH000313,TSK001317,1
VEH000053,TSK001317,0
VEH000220,TSK001317,1
VEH000298,TSK001317,1
VEH000040,TSK001317,1
VEH000519,TSK001317,0
VEH000344,TSK001317,1
VEH000312,TSK001317,0
VEH000431,TSK001317,0
VEH000072,TSK001317,0
VEH000093,TSK001317,1
VEH000225,TSK001317,1
VEH000269,TSK001317,0
VEH000401,TSK001317,0
VEH000060,TSK001317,1
VEH000414,TSK001317,0
VEH000531,TSK001317,1
VEH000410,TSK001317,0
VEH000324,TSK001317,1
VEH000095,TSK001317,0
VEH000077,TSK001317,1
VEH000227,TSK001317,1
VEH000308,TSK001317,0
VEH000003,TSK001317,1
VEH000049,TSK001317,0
VEH000015,TSK001317,0
VEH000272,TSK001317,0
VEH000510,TSK001317,0
VEH000483,TSK001317,1
VEH000089,TSK001377,0
VEH000033,TSK001377,1
VEH000330,TSK001377,0
VEH000261,TSK001377,0
VEH000025,TSK001377,0
VEH000482,TSK001377,0
VEH000523,TSK001377,1
VEH000019,TSK001377,0
VEH000240,TSK001377,1
VEH000083,TSK001377,1
VEH000433,TSK001377,1
VEH000329,TSK001377,1
VEH000450,TSK001377,0
VEH000422,TSK001377,0
VEH000267,TSK001377,1
VEH000296,TSK001377,0
VEH000467,TSK001377,0
VEH000098,TSK001377,1
VEH000074,TSK001377,1
VEH000320,TSK001377,1
VEH000309,TSK001377,0
VEH000067,TSK001377,0
VEH000218,TSK001377,0
VEH000459,TSK001377,0
VEH000101,TSK001377,0
VEH000024,TSK001377,1
VEH000265,TSK001377,1
VEH000006,TSK001377,1
VEH000484,TSK001377,1
VEH000379,TSK001377,1
VEH000358,TSK001377,0
VEH000275,TSK001377,1
VEH000337,TSK001377,0
VEH000532,TSK001377,0
VEH000332,TSK001377,1
VEH000527,TSK001377,0
VEH000078,TSK001377,0
VEH000304,TSK001377,0
VEH000047,TSK001377,1
VEH000287,TSK001377,0
VEH000327,TSK001377,1
VEH000508,TSK001377,0
VEH000057,TSK001377,0
VEH000505,TSK001377,0
VEH000416,TSK001377,1
VEH000035,TSK001377,1
VEH000353,TSK001377,1
VEH000406,TSK001377,1
VEH000050,TSK001377,0
VEH000070,TSK001377,1
VEH000478,TSK001377,1
VEH000514,TSK001377,1
VEH000359,TSK001377,0
VEH000096,TSK001377,1
VEH000229,TSK001377,0
VEH000529,TSK001377,1
VEH000321,TSK001377,1
VEH000037,TSK001377,1
VEH000082,TSK001377,0
VEH000280,TSK001377,0
VEH000388,TSK001377,1
VEH000366,TSK001377,1
VEH000525,TSK001377,1
VEH000281,TSK001377,0
VEH000065,TSK001377,1
VEH000424,TSK001377,1
VEH000246,TSK001377,1
VEH000063,TSK001377,1
VEH000092,TSK001377,0
VEH000251,TSK001377,1
VEH000455,TSK001377,0
VEH000313,TSK001377,0
VEH000053,TSK001377,1
VEH000220,TSK001377,0
VEH000298,TSK001377,1
VEH000040,TSK001377,0
VEH000519,TSK001377,0
VEH000344,TSK001377,0
VEH000312,TSK001377,1
VEH000431,TSK001377,0
VEH000072,TSK001377,0
VEH000093,TSK001377,1
VEH000225,TSK001377,1
VEH000269,TSK001377,1
VEH000401,TSK001377,0
VEH000060,TSK001377,0
VEH000414,TSK001377,1
VEH000531,TSK001377,0
VEH000410,TSK001377,1
VEH000324,TSK001377,0
VEH000095,TSK001377,0
VEH000077,TSK001377,0
VEH000227,TSK001377,1
VEH000308,TSK001377,1
VEH000003,TSK001377,1
VEH000049,TSK001377,0
VEH000015,TSK001377,0
VEH000272,TSK001377,1
VEH000510,TSK001377,0
VEH000483,TSK001377,0
VEH000089,TSK001495,1
VEH000033,TSK001495,0
VEH000330,TSK001495,0
VEH000261,TSK001495,1
VEH000025,TSK001495,0
VEH000482,TSK001495,0
VEH000523,TSK001495,0
VEH000019,TSK001495,1
VEH000240,TSK001495,1
VEH000083,TSK001495,0
VEH000433,TSK001495,1
VEH000329,TSK001495,1
VEH000450,TSK001495,0
VEH000422,TSK001495,0
VEH000267,TSK001495,0
VEH000296,TSK001495,1
VEH000467,TSK001495,0
VEH000098,TSK001495,1
VEH000074,TSK001495,1
VEH000320,TSK001495,0
VEH000309,TSK001495,1
VEH000067,TSK001495,1
VEH000218,TSK001495,0
VEH000459,TSK001495,1
VEH000101,TSK001495,1
VEH000024,TSK001495,1
VEH000265,TSK001495,1
VEH000006,TSK001495,1
VEH000484,TSK001495,0
VEH000379,TSK001495,0
VEH000358,TSK001495,1
VEH000275,TSK001495,1
VEH000337,TSK001495,0
VEH000532,TSK001495,1
VEH000332,TSK001495,0
VEH000527,TSK001495,1
VEH000078,TSK001495,0
VEH000304,TSK001495,0
VEH000047,TSK001495,1
VEH000287,TSK001495,1
VEH000327,TSK001495,1
VEH000508,TSK001495,1
VEH000057,TSK001495,0
VEH000505,TSK001495,0
VEH000416,TSK001495,0
VEH000035,TSK001495,0
VEH000353,TSK001495,0
VEH000406,TSK001495,0
VEH000050,TSK001495,0
VEH000070,TSK001495,0
VEH000478,TSK001495,1
VEH000514,TSK001495,0
VEH000359,TSK001495,1
VEH000096,TSK001495,1
VEH000229,TSK001495,0
VEH000529,TSK001495,1
VEH000321,TSK001495,1
VEH000037,TSK001495,1
VEH000082,TSK001495,1
VEH000280,TSK001495,0
VEH000388,TSK001495,1
VEH000366,TSK001495,0
VEH000525,TSK001495,0
VEH000281,TSK001495,0
VEH000065,TSK001495,1
VEH000424,TSK001495,1
VEH000246,TSK001495,0
VEH000063,TSK001495,0
VEH000092,TSK001495,1
VEH000251,TSK001495,1
VEH000455,TSK001495,0
VEH000313,TSK001495,1
VEH000053,TSK001495,0
VEH000220,TSK001495,0
VEH000298,TSK001495,0
VEH000040,TSK001495,1
VEH000519,TSK001495,0
VEH000344,TSK001495,0
VEH000312,TSK001495,1
VEH000431,TSK001495,0
VEH000072,TSK001495,1
VEH000093,TSK001495,1
VEH000225,TSK001495,1
VEH000269,TSK001495,1
VEH000401,TSK001495,0
VEH000060,TSK001495,1
VEH000414,TSK001495,0
VEH000531,TSK001495,0
VEH000410,TSK001495,0
VEH000324,TSK001495,1
VEH000095,TSK001495,1
VEH000077,TSK001495,0
VEH000227,TSK001495,1
VEH000308,TSK001495,0
VEH000003,TSK001495,0
VEH000049,TSK001495,1
VEH000015,TSK001495,0
VEH000272,TSK001495,1
VEH000510,TSK001495,1
VEH000483,TSK001495,0
VEH000089,TSK001534,0
VEH000033,TSK001534,1
VEH000330,TSK001534,1
VEH000261,TSK001534,0
VEH000025,TSK001534,1
VEH000482,TSK001534,0
VEH000523,TSK001534,1
VEH000019,TSK001534,1
VEH000240,TSK001534,1
VEH000083,TSK001534,0
VEH000433,TSK001534,0
VEH000329,TSK001534,1
VEH000450,TSK001534,1
VEH000422,TSK001534,0
VEH000267,TSK001534,0
VEH000296,TSK001534,0
VEH000467,TSK001534,1
VEH000098,TSK001534,0
VEH000074,TSK001534,1
VEH000320,TSK001534,0
VEH000309,TSK001534,1
VEH000067,TSK001534,1
VEH000218,TSK001534,0
VEH000459,TSK001534,0
VEH000101,TSK001534,0
VEH000024,TSK001534,1
VEH000265,TSK001534,1
VEH000006,TSK001534,1
VEH000484,TSK001534,1
VEH000379,TSK001534,1
VEH000358,TSK001534,1
VEH000275,TSK001534,1
VEH000337,TSK001534,0
VEH000532,TSK001534,1
VEH000332,TSK001534,1
VEH000527,TSK001534,1
VEH000078,TSK001534,0
VEH000304,TSK001534,0
VEH000047,TSK001534,1
VEH000287,TSK001534,0
VEH000327,TSK001534,0
VEH000508,TSK001534,0
VEH000057,TSK001534,0
VEH000505,TSK001534,0
VEH000416,TSK001534,0
VEH000035,TSK001534,1
VEH000353,TSK001534,1
VEH000406,TSK001534,1
VEH000050,TSK001534,1
VEH000070,TSK001534,1
VEH000478,TSK001534,1
VEH000514,TSK001534,1
VEH000359,TSK001534,0
VEH000096,TSK001534,0
VEH000229,TSK001534,0
VEH000529,TSK001534,0
VEH000321,TSK001534,1
VEH000037,TSK001534,1
VEH000082,TSK001534,0
VEH000280,TSK001534,0
VEH000388,TSK001534,1
VEH000366,TSK001534,0
VEH000525,TSK001534,0
VEH000281,TSK001534,0
VEH000065,TSK001534,0
VEH000424,TSK001534,1
VEH000246,TSK001534,0
VEH000063,TSK001534,1
VEH000092,TSK001534,1
VEH000251,TSK001534,0
VEH000455,TSK001534,0
VEH000313,TSK001534,0
VEH000053,TSK001534,1
VEH000220,TSK001534,1
VEH000298,TSK001534,0
VEH000040,TSK001534,1
VEH000519,TSK001534,0
VEH000344,TSK001534,1
VEH000312,TSK001534,1
VEH000431,TSK001534,0
VEH000072,TSK001534,0
VEH000093,TSK001534,0
VEH000225,TSK001534,1
VEH000269,TSK001534,1
VEH000401,TSK001534,0
VEH000060,TSK001534,0
VEH000414,TSK001534,0
VEH000531,TSK001534,1
VEH000410,TSK001534,1
VEH000324,TSK001534,1
VEH000095,TSK001534,0
VEH000077,TSK001534,1
VEH000227,TSK001534,0
VEH000308,TSK001534,0
VEH000003,TSK001534,0
VEH000049,TSK001534,1
VEH000015,TSK001534,1
VEH000272,TSK001534,0
VEH000510,TSK001534,0
VEH000483,TSK001534,1
VEH000089,TSK001545,1
VEH000033,TSK001545,1
VEH000330,TSK001545,0
VEH000261,TSK001545,0
VEH000025,TSK001545,0
VEH000482,TSK001545,1
VEH000523,TSK001545,1
VEH000019,TSK001545,1
VEH000240,TSK001545,1
VEH000083,TSK001545,1
VEH000433,TSK001545,1
VEH000329,TSK001545,1
VEH000450,TSK001545,1
VEH000422,TSK001545,0
VEH000267,TSK001545,0
VEH000296,TSK001545,0
VEH000467,TSK001545,1
VEH000098,TSK001545,0
VEH000074,TSK001545,1
VEH000320,TSK001545,1
VEH000309,TSK001545,1
VEH000067,TSK001545,1
VEH000218,TSK001545,0
VEH000459,TSK001545,1
VEH000101,TSK001545,1
VEH000024,TSK001545,1
VEH000265,TSK001545,0
VEH000006,TSK001545,0
VEH000484,TSK001545,0
VEH000379,TSK001545,0
VEH000358,TSK001545,1
VEH000275,TSK001545,1
VEH000337,TSK001545,0
VEH000532,TSK001545,0
VEH000332,TSK001545,1
VEH000527,TSK001545,0
VEH000078,TSK001545,1
VEH000304,TSK001545,1
VEH000047,TSK001545,0
VEH000287,TSK001545,1
VEH000327,TSK001545,1
VEH000508,TSK001545,1
VEH000057,TSK001545,0
VEH000505,TSK001545,0
VEH000416,TSK001545,0
VEH000035,TSK001545,0
VEH000353,TSK001545,0
VEH000406,TSK001545,1
VEH000050,TSK001545,1
VEH000070,TSK001545,0
VEH000478,TSK001545,1
VEH000514,TSK001545,0
VEH000359,TSK001545,0
VEH000096,TSK001545,0
VEH000229,TSK001545,1
VEH000529,TSK001545,1
VEH000321,TSK001545,0
VEH000037,TSK001545,0
VEH000082,TSK001545,1
VEH000280,TSK001545,0
VEH000388,TSK001545,1
VEH000366,TSK001545,1
VEH000525,TSK001545,1
VEH000281,TSK001545,0
VEH000065,TSK001545,1
VEH000424,TSK001545,0
VEH000246,TSK001545,0
VEH000063,TSK001545,0
VEH000092,TSK001545,0
VEH000251,TSK001545,0
VEH000455,TSK001545,1
VEH000313,TSK001545,1
VEH000053,TSK001545,1
VEH000220,TSK001545,1
VEH000298,TSK001545,1
VEH000040,TSK001545,0
VEH000519,TSK001545,0
VEH000344,TSK001545,0
VEH000312,TSK001545,0
VEH000431,TSK001545,0
VEH000072,TSK001545,0
VEH000093,TSK001545,0
VEH000225,TSK001545,0
VEH000269,TSK001545,1
VEH000401,TSK001545,1
VEH000060,TSK001545,1
VEH000414,TSK001545,1
VEH000531,TSK001545,0
VEH000410,TSK001545,0
VEH000324,TSK001545,1
VEH000095,TSK001545,1
VEH000077,TSK001545,1
VEH000227,TSK001545,0
VEH000308,TSK001545,0
VEH000003,TSK001545,0
VEH000049,TSK001545,0
VEH000015,TSK001545,0
VEH000272,TSK001545,1
VEH000510,TSK001545,1
VEH000483,TSK001545,0
VEH000089,TSK001569,0
VEH000033,TSK001569,1
VEH000330,TSK001569,0
VEH000261,TSK001569,0
VEH000025,TSK001569,1
VEH000482,TSK001569,0
VEH000523,TSK001569,0
VEH000019,TSK001569,0
VEH000240,TSK001569,0
VEH000083,TSK001569,0
VEH000433,TSK001569,0
VEH000329,TSK001569,0
VEH000450,TSK001569,0
VEH000422,TSK001569,1
VEH000267,TSK001569,0
VEH000296,TSK001569,0
VEH000467,TSK001569,0
VEH000098,TSK001569,0
VEH000074,TSK001569,1
VEH000320,TSK001569,0
VEH000309,TSK001569,1
VEH000067,TSK001569,1
VEH000218,TSK001569,1
VEH000459,TSK001569,1
VEH000101,TSK001569,0
VEH000024,TSK001569,1
VEH000265,TSK001569,1
VEH000006,TSK001569,1
VEH000484,TSK001569,1
VEH000379,TSK001569,0
VEH000358,TSK001569,1
VEH000275,TSK001569,0
VEH000337,TSK001569,1
VEH000532,TSK001569,1
VEH000332,TSK001569,1
VEH000527,TSK001569,0
VEH000078,TSK001569,1
VEH000304,TSK001569,0
VEH000047,TSK001569,1
VEH000287,TSK001569,1
VEH000327,TSK001569,1
VEH000508,TSK001569,1
VEH000057,TSK001569,0
VEH000505,TSK001569,0
VEH000416,TSK001569,0
VEH000035,TSK001569,1
VEH000353,TSK001569,0
VEH000406,TSK001569,0
VEH000050,TSK001569,1
VEH000070,TSK001569,1
VEH000478,TSK001569,0
VEH000514,TSK001569,0
VEH000359,TSK001569,1
VEH000096,TSK001569,1
VEH000229,TSK001569,0
VEH000529,TSK001569,1
VEH000321,TSK001569,1
VEH000037,TSK001569,0
VEH000082,TSK001569,0
VEH000280,TSK001569,1
VEH000388,TSK001569,1
VEH000366,TSK001569,1
VEH000525,TSK001569,0
VEH000281,TSK001569,1
VEH000065,TSK001569,1
VEH000424,TSK001569,1
VEH000246,TSK001569,0
VEH000063,TSK001569,0
VEH000092,TSK001569,0
VEH000251,TSK001569,0
VEH000455,TSK001569,0
VEH000313,TSK001569,0
VEH000053,TSK001569,0
VEH000220,TSK001569,1
VEH000298,TSK001569,1
VEH000040,TSK001569,1
VEH000519,TSK001569,1
VEH000344,TSK001569,0
VEH000312,TSK001569,0
VEH000431,TSK001569,1
VEH000072,TSK001569,0
VEH000093,TSK001569,1
VEH000225,TSK001569,1
VEH000269,TSK001569,1
VEH000401,TSK001569,0
VEH000060,TSK001569,1
VEH000414,TSK001569,1
VEH000531,TSK001569,1
VEH000410,TSK001569,0
VEH000324,TSK001569,1
VEH000095,TSK001569,1
VEH000077,TSK001569,0
VEH000227,TSK001569,1
VEH000308,TSK001569,1
VEH000003,TSK001569,0
VEH000049,TSK001569,0
VEH000015,TSK001569,0
VEH000272,TSK001569,1
VEH000510,TSK001569,0
VEH000483,TSK001569,0
VEH000089,TSK001605,1
VEH000033,TSK001605,0
VEH000330,TSK001605,1
VEH000261,TSK001605,1
VEH000025,TSK001605,1
VEH000482,TSK001605,1
VEH000523,TSK001605,0
VEH000019,TSK001605,0
VEH000240,TSK001605,0
VEH000083,TSK001605,1
VEH000433,TSK001605,1
VEH000329,TSK001605,0
VEH000450,TSK001605,1
VEH000422,TSK001605,1
VEH000267,TSK001605,1
VEH000296,TSK001605,0
VEH000467,TSK001605,1
VEH000098,TSK001605,0
VEH000074,TSK001605,1
VEH000320,TSK001605,1
VEH000309,TSK001605,1
VEH000067,TSK001605,1
VEH000218,TSK001605,1
VEH000459,TSK001605,1
VEH000101,TSK001605,0
VEH000024,TSK001605,0
VEH000265,TSK001605,0
VEH000006,TSK001605,0
VEH000484,TSK001605,1
VEH000379,TSK001605,0
VEH000358,TSK001605,0
VEH000275,TSK001605,0
VEH000337,TSK001605,0
VEH000532,TSK001605,1
VEH000332,TSK001605,1
VEH000527,TSK001605,1
VEH000078,TSK001605,1
VEH000304,TSK001605,0
VEH000047,TSK001605,0
VEH000287,TSK001605,1
VEH000327,TSK001605,1
VEH000508,TSK001605,0
VEH000057,TSK001605,0
VEH000505,TSK001605,1
VEH000416,TSK001605,1
VEH000035,TSK001605,1
VEH000353,TSK001605,0
VEH000406,TSK001605,1
VEH000050,TSK001605,0
VEH000070,TSK001605,0
VEH000478,TSK001605,0
VEH000514,TSK001605,1
VEH000359,TSK001605,1
VEH000096,TSK001605,1
VEH000229,TSK001605,0
VEH000529,TSK001605,1
VEH000321,TSK001605,1
VEH000037,TSK001605,1
VEH000082,TSK001605,0
VEH000280,TSK001605,0
VEH000388,TSK001605,1
VEH000366,TSK001605,0
VEH000525,TSK001605,1
VEH000281,TSK001605,1
VEH000065,TSK001605,0
VEH000424,TSK001605,0
VEH000246,TSK001605,0
VEH000063,TSK001605,1
VEH000092,TSK001605,1
VEH000251,TSK001605,0
VEH000455,TSK001605,0
VEH000313,TSK001605,0
VEH000053,TSK001605,0
VEH000220,TSK001605,0
VEH000298,TSK001605,0
VEH000040,TSK001605,0
VEH000519,TSK001605,1
VEH000344,TSK001605,0
VEH000312,TSK001605,1
VEH000431,TSK001605,0
VEH000072,TSK001605,0
VEH000093,TSK001605,0
VEH000225,TSK001605,0
VEH000269,TSK001605,0
VEH000401,TSK001605,0
VEH000060,TSK001605,1
VEH000414,TSK001605,0
VEH000531,TSK001605,1
VEH000410,TSK001605,1
VEH000324,TSK001605,0
VEH000095,TSK001605,1
VEH000077,TSK001605,1
VEH000227,TSK001605,1
VEH000308,TSK001605,0
VEH000003,TSK001605,1
VEH000049,TSK001605,0
VEH000015,TSK001605,1
VEH000272,TSK001605,1
VEH000510,TSK001605,0
VEH000483,TSK001605,0
VEH000089,TSK001642,1
VEH000033,TSK001642,0
VEH000330,TSK001642,0
VEH000261,TSK001642,1
VEH000025,TSK001642,0
VEH000482,TSK001642,0
VEH000523,TSK001642,1
VEH000019,TSK001642,1
VEH000240,TSK001642,0
VEH000083,TSK001642,1
VEH000433,TSK001642,0
VEH000329,TSK001642,1
VEH000450,TSK001642,0
VEH000422,TSK001642,0
VEH000267,TSK001642,0
VEH000296,TSK001642,0
VEH000467,TSK001642,1
VEH000098,TSK001642,1
VEH000074,TSK001642,1
VEH000320,TSK001642,1
VEH000309,TSK001642,1
VEH000067,TSK001642,1
VEH000218,TSK001642,1
VEH000459,TSK001642,1
VEH000101,TSK001642,0
VEH000024,TSK001642,0
VEH000265,TSK001642,0
VEH000006,TSK001642,0
VEH000484,TSK001642,1
VEH000379,TSK001642,1
VEH000358,TSK001642,0
VEH000275,TSK001642,1
VEH000337,TSK001642,0
VEH000532,TSK001642,1
VEH000332,TSK001642,0
VEH000527,TSK001642,1
VEH000078,TSK001642,0
VEH000304,TSK001642,0
VEH000047,TSK001642,0
VEH000287,TSK001642,1
VEH000327,TSK001642,1
VEH000508,TSK001642,1
VEH000057,TSK001642,0
VEH000505,TSK001642,0
VEH000416,TSK001642,0
VEH000035,TSK001642,1
VEH000353,TSK001642,1
VEH000406,TSK001642,1
VEH000050,TSK001642,1
VEH000070,TSK001642,1
VEH000478,TSK001642,1
VEH000514,TSK001642,0
VEH000359,TSK001642,0
VEH000096,TSK001642,1
VEH000229,TSK001642,0
VEH000529,TSK001642,0
VEH000321,TSK001642,0
VEH000037,TSK001642,1
VEH000082,TSK001642,0
VEH000280,TSK001642,1
VEH000388,TSK001642,0
VEH000366,TSK001642,1
VEH000525,TSK001642,0
VEH000281,TSK001642,0
VEH000065,TSK001642,0
VEH000424,TSK001642,1
VEH000246,TSK001642,0
VEH000063,TSK001642,1
VEH000092,TSK001642,1
VEH000251,TSK001642,0
VEH000455,TSK001642,1
VEH000313,TSK001642,0
VEH000053,TSK001642,0
VEH000220,TSK001642,0
VEH000298,TSK001642,1
VEH000040,TSK001642,0
VEH000519,TSK001642,1
VEH000344,TSK001642,0
VEH000312,TSK001642,1
VEH000431,TSK001642,1
VEH000072,TSK001642,1
VEH000093,TSK001642,1
VEH000225,TSK001642,0
VEH000269,TSK001642,0
VEH000401,TSK001642,0
VEH000060,TSK001642,1
VEH000414,TSK001642,0
VEH000531,TSK001642,0
VEH000410,TSK001642,0
VEH000324,TSK001642,1
VEH000095,TSK001642,1
VEH000077,TSK001642,0
VEH000227,TSK001642,1
VEH000308,TSK001642,1
VEH000003,TSK001642,1
VEH000049,TSK001642,1
VEH000015,TSK001642,0
VEH000272,TSK001642,0
VEH000510,TSK001642,0
VEH000483,TSK001642,1
VEH000089,TSK001646,0
VEH000033,TSK001646,1
VEH000330,TSK001646,0
VEH000261,TSK001646,1
VEH000025,TSK001646,1
VEH000482,TSK001646,1
VEH000523,TSK001646,0
VEH000019,TSK001646,1
VEH000240,TSK001646,1
VEH000083,TSK001646,1
VEH000433,TSK001646,0
VEH000329,TSK001646,1
VEH000450,TSK001646,0
VEH000422,TSK001646,0
VEH000267,TSK001646,1
VEH000296,TSK001646,0
VEH000467,TSK001646,0
VEH000098,TSK001646,1
VEH000074,TSK001646,0
VEH000320,TSK001646,0
VEH000309,TSK001646,0
VEH000067,TSK001646,0
VEH000218,TSK001646,0
VEH000459,TSK001646,0
VEH000101,TSK001646,1
VEH000024,TSK001646,0
VEH000265,TSK001646,0
VEH000006,TSK001646,0
VEH000484,TSK001646,1
VEH000379,TSK001646,0
VEH000358,TSK001646,0
VEH000275,TSK001646,1
VEH000337,TSK001646,1
VEH000532,TSK001646,0
VEH000332,TSK001646,1
VEH000527,TSK001646,1
VEH000078,TSK001646,1
VEH000304,TSK001646,0
VEH000047,TSK001646,1
VEH000287,TSK001646,1
VEH000327,TSK001646,0
VEH000508,TSK001646,1
VEH000057,TSK001646,1
VEH000505,TSK001646,0
VEH000416,TSK001646,1
VEH000035,TSK001646,1
VEH000353,TSK001646,0
VEH000406,TSK001646,0
VEH000050,TSK001646,0
VEH000070,TSK001646,1
VEH000478,TSK001646,1
VEH000514,TSK001646,0
VEH000359,TSK001646,1
VEH000096,TSK001646,1
VEH000229,TSK001646,1
VEH000529,TSK001646,1
VEH000321,TSK001646,0
VEH000037,TSK001646,0
VEH000082,TSK001646,0
VEH000280,TSK001646,1
VEH000388,TSK001646,1
VEH000366,TSK001646,0
VEH000525,TSK001646,0
VEH000281,TSK001646,1
VEH000065,TSK001646,1
VEH000424,TSK001646,1
VEH000246,TSK001646,1
VEH000063,TSK001646,0
VEH000092,TSK001646,1
VEH000251,TSK001646,1
VEH000455,TSK001646,1
VEH000313,TSK001646,1
VEH000053,TSK001646,0
VEH000220,TSK001646,0
VEH000298,TSK001646,1
VEH000040,TSK001646,1
VEH000519,TSK001646,1
VEH000344,TSK001646,0
VEH000312,TSK001646,1
VEH000431,TSK001646,0
VEH000072,TSK001646,1
VEH000093,TSK001646,1
VEH000225,TSK001646,0
VEH000269,TSK001646,0
VEH000401,TSK001646,1
VEH000060,TSK001646,1
VEH000414,TSK001646,0
VEH000531,TSK001646,0
VEH000410,TSK001646,0
VEH000324,TSK001646,0
VEH000095,TSK001646,0
VEH000077,TSK001646,1
VEH000227,TSK001646,0
VEH000308,TSK001646,0
VEH000003,TSK001646,0
VEH000049,TSK001646,0
VEH000015,TSK001646,0
VEH000272,TSK001646,0
VEH000510,TSK001646,1
VEH000483,TSK001646,1
VEH000089,TSK001647,1
VEH000033,TSK001647,0
VEH000330,TSK001647,1
VEH000261,TSK001647,1
VEH000025,TSK001647,0
VEH000482,TSK001647,1
VEH000523,TSK001647,1
VEH000019,TSK001647,0
VEH000240,TSK001647,1
VEH000083,TSK001647,1
VEH000433,TSK001647,1
VEH000329,TSK001647,1
VEH000450,TSK001647,1
VEH000422,TSK001647,1
VEH000267,TSK001647,0
VEH000296,TSK001647,1
VEH000467,TSK001647,0
VEH000098,TSK001647,1
VEH000074,TSK001647,0
VEH000320,TSK001647,1
VEH000309,TSK001647,1
VEH000067,TSK001647,0
VEH000218,TSK001647,0
VEH000459,TSK001647,1
VEH000101,TSK001647,1
VEH000024,TSK001647,1
VEH000265,TSK001647,0
VEH000006,TSK001647,0
VEH000484,TSK001647,0
VEH000379,TSK001647,0
VEH000358,TSK001647,0
VEH000275,TSK001647,0
VEH000337,TSK001647,1
VEH000532,TSK001647,1
VEH000332,TSK001647,1
VEH000527,TSK001647,0
VEH000078,TSK001647,0
VEH000304,TSK001647,0
VEH000047,TSK001647,0
VEH000287,TSK001647,0
VEH000327,TSK001647,0
VEH000508,TSK001647,1
VEH000057,TSK001647,0
VEH000505,TSK001647,1
VEH000416,TSK001647,0
VEH000035,TSK001647,1
VEH000353,TSK001647,1
VEH000406,TSK001647,1
VEH000050,TSK001647,1
VEH000070,TSK001647,1
VEH000478,TSK001647,1
VEH000514,TSK001647,0
VEH000359,TSK001647,0
VEH000096,TSK001647,1
VEH000229,TSK001647,0
VEH000529,TSK001647,0
VEH000321,TSK001647,1
VEH000037,TSK001647,1
VEH000082,TSK001647,1
VEH000280,TSK001647,0
VEH000388,TSK001647,0
VEH000366,TSK001647,0
VEH000525,TSK001647,1
VEH000281,TSK001647,1
VEH000065,TSK001647,1
VEH000424,TSK001647,1
VEH000246,TSK001647,0
VEH000063,TSK001647,0
VEH000092,TSK001647,1
VEH000251,TSK001647,1
VEH000455,TSK001647,1
VEH000313,TSK001647,0
VEH000053,TSK001647,1
VEH000220,TSK001647,0
VEH000298,TSK001647,1
VEH000040,TSK001647,0
VEH000519,TSK001647,0
VEH000344,TSK001647,1
VEH000312,TSK001647,0
VEH000431,TSK001647,0
VEH000072,TSK001647,0
VEH000093,TSK001647,1
VEH000225,TSK001647,0
VEH000269,TSK001647,0
VEH000401,TSK001647,0
VEH000060,TSK001647,0
VEH000414,TSK001647,0
VEH000531,TSK001647,1
VEH000410,TSK001647,1
VEH000324,TSK001647,1
VEH000095,TSK001647,0
VEH000077,TSK001647,0
VEH000227,TSK001647,0
VEH000308,TSK001647,0
VEH000003,TSK001647,0
VEH000049,TSK001647,1
VEH000015,TSK001647,0
VEH000272,TSK001647,1
VEH000510,TSK001647,1
VEH000483,TSK001647,0
VEH000089,TSK001709,0
VEH000033,TSK001709,1
VEH000330,TSK001709,0
VEH000261,TSK001709,1
VEH000025,TSK001709,0
VEH000482,TSK001709,0
VEH000523,TSK001709,0
VEH000019,TSK001709,0
VEH000240,TSK001709,0
VEH000083,TSK001709,1
VEH000433,TSK001709,1
VEH000329,TSK001709,1
VEH000450,TSK001709,0
VEH000422,TSK001709,0
VEH000267,TSK001709,0
VEH000296,TSK001709,0
VEH000467,TSK001709,0
VEH000098,TSK001709,0
VEH000074,TSK001709,1
VEH000320,TSK001709,0
VEH000309,TSK001709,0
VEH000067,TSK001709,1
VEH000218,TSK001709,0
VEH000459,TSK001709,1
VEH000101,TSK001709,0
VEH000024,TSK001709,0
VEH000265,TSK001709,0
VEH000006,TSK001709,1
VEH000484,TSK001709,0
VEH000379,TSK001709,0
VEH000358,TSK001709,1
VEH000275,TSK001709,0
VEH000337,TSK001709,1
VEH000532,TSK001709,0
VEH000332,TSK001709,0
VEH000527,TSK001709,0
VEH000078,TSK001709,0
VEH000304,TSK001709,1
VEH000047,TSK001709,1
VEH000287,TSK001709,0
VEH000327,TSK001709,1
VEH000508,TSK001709,0
VEH000057,TSK001709,0
VEH000505,TSK001709,1
VEH000416,TSK001709,1
VEH000035,TSK001709,1
VEH000353,TSK001709,1
VEH000406,TSK001709,0
VEH000050,TSK001709,1
VEH000070,TSK001709,0
VEH000478,TSK001709,1
VEH000514,TSK001709,0
VEH000359,TSK001709,1
VEH000096,TSK001709,1
VEH000229,TSK001709,0
VEH000529,TSK001709,1
VEH000321,TSK001709,1
VEH000037,TSK001709,1
VEH000082,TSK001709,0
VEH000280,TSK001709,1
VEH000388,TSK001709,1
VEH000366,TSK001709,0
VEH000525,TSK001709,1
VEH000281,TSK001709,0
VEH000065,TSK001709,1
VEH000424,TSK001709,0
VEH000246,TSK001709,0
VEH000063,TSK001709,0
VEH000092,TSK001709,1
VEH000251,TSK001709,1
VEH000455,TSK001709,0
VEH000313,TSK001709,0
VEH000053,TSK001709,0
VEH000220,TSK001709,0
VEH000298,TSK001709,1
VEH000040,TSK001709,1
VEH000519,TSK001709,0
VEH000344,TSK001709,1
VEH000312,TSK001709,1
VEH000431,TSK001709,1
VEH000072,TSK001709,0
VEH000093,TSK001709,1
VEH000225,TSK001709,1
VEH000269,TSK001709,1
VEH000401,TSK001709,0
VEH000060,TSK001709,1
VEH000414,TSK001709,0
VEH000531,TSK001709,1
VEH000410,TSK001709,1
VEH000324,TSK001709,1
VEH000095,TSK001709,1
VEH000077,TSK001709,1
VEH000227,TSK001709,1
VEH000308,TSK001709,0
VEH000003,TSK001709,1
VEH000049,TSK001709,1
VEH000015,TSK001709,0
VEH000272,TSK001709,1
VEH000510,TSK001709,0
VEH000483,TSK001709,1
VEH000089,TSK001721,1
VEH000033,TSK001721,0
VEH000330,TSK001721,1
VEH000261,TSK001721,1
VEH000025,TSK001721,1
VEH000482,TSK001721,1
VEH000523,TSK001721,1
VEH000019,TSK001721,1
VEH000240,TSK001721,0
VEH000083,TSK001721,0
VEH000433,TSK001721,0
VEH000329,TSK001721,1
VEH000450,TSK001721,1
VEH000422,TSK001721,1
VEH000267,TSK001721,0
VEH000296,TSK001721,1
VEH000467,TSK001721,0
VEH000098,TSK001721,0
VEH000074,TSK001721,1
VEH000320,TSK001721,0
VEH000309,TSK001721,1
VEH000067,TSK001721,1
VEH000218,TSK001721,0
VEH000459,TSK001721,1
VEH000101,TSK001721,0
VEH000024,TSK001721,1
VEH000265,TSK001721,0
VEH000006,TSK001721,0
VEH000484,TSK001721,0
VEH000379,TSK001721,1
VEH000358,TSK001721,0
VEH000275,TSK001721,0
VEH000337,TSK001721,0
VEH000532,TSK001721,1
VEH000332,TSK001721,1
VEH000527,TSK001721,0
VEH000078,TSK001721,1
VEH000304,TSK001721,0
VEH000047,TSK001721,0
VEH000287,TSK001721,1
VEH000327,TSK001721,0
VEH000508,TSK001721,0
VEH000057,TSK001721,1
VEH000505,TSK001721,0
VEH000416,TSK001721,0
VEH000035,TSK001721,1
VEH000353,TSK001721,1
VEH000406,TSK001721,1
VEH000050,TSK001721,0
VEH000070,TSK001721,0
VEH000478,TSK001721,0
VEH000514,TSK001721,0
VEH000359,TSK001721,1
VEH000096,TSK001721,1
VEH000229,TSK001721,0
VEH000529,TSK001721,0
VEH000321,TSK001721,1
VEH000037,TSK001721,1
VEH000082,TSK001721,1
VEH000280,TSK001721,0
VEH000388,TSK001721,1
VEH000366,TSK001721,0
VEH000525,TSK001721,0
VEH000281,TSK001721,0
VEH000065,TSK001721,1
VEH000424,TSK001721,1
VEH000246,TSK001721,0
VEH000063,TSK001721,1
VEH000092,TSK001721,0
VEH000251,TSK001721,1
VEH000455,TSK001721,1
VEH000313,TSK001721,1
VEH000053,TSK001721,0
VEH000220,TSK001721,1
VEH000298,TSK001721,0
VEH000040,TSK001721,1
VEH000519,TSK001721,0
VEH000344,TSK001721,0
VEH000312,TSK001721,0
VEH000431,TSK001721,1
VEH000072,TSK001721,0
VEH000093,TSK001721,0
VEH000225,TSK001721,0
VEH000269,TSK001721,1
VEH000401,TSK001721,1
VEH000060,TSK001721,0
VEH000414,TSK001721,0
VEH000531,TSK001721,1
VEH000410,TSK001721,1
VEH000324,TSK001721,1
VEH000095,TSK001721,1
VEH000077,TSK001721,0
VEH000227,TSK001721,0
VEH000308,TSK001721,1
VEH000003,TSK001721,1
VEH000049,TSK001721,0
VEH000015,TSK001721,1
VEH000272,TSK001721,0
VEH000510,TSK001721,0
VEH000483,TSK001721,1
VEH000089,TSK001900,0
VEH000033,TSK001900,0
VEH000330,TSK001900,1
VEH000261,TSK001900,1
VEH000025,TSK001900,0
VEH000482,TSK001900,0
VEH000523,TSK001900,0
VEH000019,TSK001900,1
VEH000240,TSK001900,1
VEH000083,TSK001900,1
VEH000433,TSK001900,1
VEH000329,TSK001900,1
VEH000450,TSK001900,1
VEH000422,TSK001900,1
VEH000267,TSK001900,0
VEH000296,TSK001900,0
VEH000467,TSK001900,1
VEH000098,TSK001900,1
VEH000074,TSK001900,0
VEH000320,TSK001900,1
VEH000309,TSK001900,1
VEH000067,TSK001900,0
VEH000218,TSK001900,1
VEH000459,TSK001900,0
VEH000101,TSK001900,1
VEH000024,TSK001900,0
VEH000265,TSK001900,0
VEH000006,TSK001900,0
VEH000484,TSK001900,0
VEH000379,TSK001900,0
VEH000358,TSK001900,0
VEH000275,TSK001900,0
VEH000337,TSK001900,1
VEH000532,TSK001900,0
VEH000332,TSK001900,1
VEH000527,TSK001900,1
VEH000078,TSK001900,0
VEH000304,TSK001900,1
VEH000047,TSK001900,1
VEH000287,TSK001900,1
VEH000327,TSK001900,0
VEH000508,TSK001900,1
VEH000057,TSK001900,0
VEH000505,TSK001900,1
VEH000416,TSK001900,0
VEH000035,TSK001900,1
VEH000353,TSK001900,0
VEH000406,TSK001900,0
VEH000050,TSK001900,1
VEH000070,TSK001900,1
VEH000478,TSK001900,1
VEH000514,TSK001900,1
VEH000359,TSK001900,0
VEH000096,TSK001900,0
VEH000229,TSK001900,0
VEH000529,TSK001900,0
VEH000321,TSK001900,1
VEH000037,TSK001900,0
VEH000082,TSK001900,0
VEH000280,TSK001900,0
VEH000388,TSK001900,1
VEH000366,TSK001900,1
VEH000525,TSK001900,1
VEH000281,TSK001900,0
VEH000065,TSK001900,0
VEH000424,TSK001900,0
VEH000246,TSK001900,1
VEH000063,TSK001900,1
VEH000092,TSK001900,0
VEH000251,TSK001900,1
VEH000455,TSK001900,0
VEH000313,TSK001900,0
VEH000053,TSK001900,1
VEH000220,TSK001900,1
VEH000298,TSK001900,0
VEH000040,TSK001900,1
VEH000519,TSK001900,0
VEH000344,TSK001900,0
VEH000312,TSK001900,0
VEH000431,TSK001900,1
VEH000072,TSK001900,0
VEH000093,TSK001900,1
VEH000225,TSK001900,0
VEH000269,TSK001900,0
VEH000401,TSK001900,1
VEH000060,TSK001900,1
VEH000414,TSK001900,0
VEH000531,TSK001900,0
VEH000410,TSK001900,1
VEH000324,TSK001900,0
VEH000095,TSK001900,1
VEH000077,TSK001900,1
VEH000227,TSK001900,1
VEH000308,TSK001900,0
VEH000003,TSK001900,0
VEH000049,TSK001900,1
VEH000015,TSK001900,1
VEH000272,TSK001900,1
VEH000510,TSK001900,1
VEH000483,TSK001900,0
VEH000089,TSK001911,0
VEH000033,TSK001911,1
VEH000330,TSK001911,0
VEH000261,TSK001911,1
VEH000025,TSK001911,1
VEH000482,TSK001911,1
VEH000523,TSK001911,1
VEH000019,TSK001911,1
VEH000240,TSK001911,0
VEH000083,TSK001911,1
VEH000433,TSK001911,0
VEH000329,TSK001911,1
VEH000450,TSK001911,1
VEH000422,TSK001911,0
VEH000267,TSK001911,0
VEH000296,TSK001911,1
VEH000467,TSK001911,0
VEH000098,TSK001911,1
VEH000074,TSK001911,1
VEH000320,TSK001911,0
VEH000309,TSK001911,0
VEH000067,TSK001911,0
VEH000218,TSK001911,0
VEH000459,TSK001911,0
VEH000101,TSK001911,1
VEH000024,TSK001911,0
VEH000265,TSK001911,1
VEH000006,TSK001911,0
VEH000484,TSK001911,1
VEH000379,TSK001911,0
VEH000358,TSK001911,1
VEH000275,TSK001911,1
VEH000337,TSK001911,0
VEH000532,TSK001911,1
VEH000332,TSK001911,1
VEH000527,TSK001911,0
VEH000078,TSK001911,0
VEH000304,TSK001911,1
VEH000047,TSK001911,0
VEH000287,TSK001911,1
VEH000327,TSK001911,0
VEH000508,TSK001911,0
VEH000057,TSK001911,1
VEH000505,TSK001911,0
VEH000416,TSK001911,1
VEH000035,TSK001911,1
VEH000353,TSK001911,0
VEH000406,TSK001911,0
VEH000050,TSK001911,0
VEH000070,TSK001911,1
VEH000478,TSK001911,1
VEH000514,TSK001911,1
VEH000359,TSK001911,1
VEH000096,TSK001911,0
VEH000229,TSK001911,0
VEH000529,TSK001911,0
VEH000321,TSK001911,1
VEH000037,TSK001911,0
VEH000082,TSK001911,0
VEH000280,TSK001911,1
VEH000388,TSK001911,0
VEH000366,TSK001911,0
VEH000525,TSK001911,1
VEH000281,TSK001911,0
VEH000065,TSK001911,0
VEH000424,TSK001911,0
VEH000246,TSK001911,0
VEH000063,TSK001911,1
VEH000092,TSK001911,0
VEH000251,TSK001911,0
VEH000455,TSK001911,1
VEH000313,TSK001911,1
VEH000053,TSK001911,1
VEH000220,TSK001911,0
VEH000298,TSK001911,0
VEH000040,TSK001911,0
VEH000519,TSK001911,1
VEH000344,TSK001911,1
VEH000312,TSK001911,1
VEH000431,TSK001911,0
VEH000072,TSK001911,0
VEH000093,TSK001911,1
VEH000225,TSK001911,1
VEH000269,TSK001911,1
VEH000401,TSK001911,1
VEH000060,TSK001911,1
VEH000414,TSK001911,0
VEH000531,TSK001911,1
VEH000410,TSK001911,1
VEH000324,TSK001911,0
VEH000095,TSK001911,1
VEH000077,TSK001911,1
VEH000227,TSK001911,0
VEH000308,TSK001911,0
VEH000003,TSK001911,0
VEH000049,TSK001911,1
VEH000015,TSK001911,0
VEH000272,TSK001911,1
VEH000510,TSK001911,1
VEH000483,TSK001911,0
VEH000089,TSK002064,1
VEH000033,TSK002064,0
VEH000330,TSK002064,0
VEH000261,TSK002064,0
VEH000025,TSK002064,1
VEH000482,TSK002064,1
VEH000523,TSK002064,1
VEH000019,TSK002064,1
VEH000240,TSK002064,0
VEH000083,TSK002064,0
VEH000433,TSK002064,0
VEH000329,TSK002064,1
VEH000450,TSK002064,0
VEH000422,TSK002064,1
VEH000267,TSK002064,1
VEH000296,TSK002064,1
VEH000467,TSK002064,1
VEH000098,TSK002064,0
VEH000074,TSK002064,1
VEH000320,TSK002064,1
VEH000309,TSK002064,1
VEH000067,TSK002064,0
VEH000218,TSK002064,1
VEH000459,TSK002064,0
VEH000101,TSK002064,0
VEH000024,TSK002064,1
VEH000265,TSK002064,1
VEH000006,TSK002064,1
VEH000484,TSK002064,1
VEH000379,TSK002064,1
VEH000358,TSK002064,1
VEH000275,TSK002064,0
VEH000337,TSK002064,0
VEH000532,TSK002064,0
VEH000332,TSK002064,1
VEH000527,TSK002064,0
VEH000078,TSK002064,1
VEH000304,TSK002064,1
VEH000047,TSK002064,0
VEH000287,TSK002064,1
VEH000327,TSK002064,1
VEH000508,TSK002064,0
VEH000057,TSK002064,1
VEH000505,TSK002064,0
VEH000416,TSK002064,1
VEH000035,TSK002064,0
VEH000353,TSK002064,0
VEH000406,TSK002064,0
VEH000050,TSK002064,0
VEH000070,TSK002064,1
VEH000478,TSK002064,1
VEH000514,TSK002064,1
VEH000359,TSK002064,0
VEH000096,TSK002064,1
VEH000229,TSK002064,1
VEH000529,TSK002064,0
VEH000321,TSK002064,1
VEH000037,TSK002064,0
VEH000082,TSK002064,1
VEH000280,TSK002064,0
VEH000388,TSK002064,0
VEH000366,TSK002064,0
VEH000525,TSK002064,0
VEH000281,TSK002064,0
VEH000065,TSK002064,1
VEH000424,TSK002064,0
VEH000246,TSK002064,0
VEH000063,TSK002064,0
VEH000092,TSK002064,0
VEH000251,TSK002064,1
VEH000455,TSK002064,1
VEH000313,TSK002064,1
VEH000053,TSK002064,0
VEH000220,TSK002064,0
VEH000298,TSK002064,1
VEH000040,TSK002064,0
VEH000519,TSK002064,0
VEH000344,TSK002064,0
VEH000312,TSK002064,0
VEH000431,TSK002064,0
VEH000072,TSK002064,1
VEH000093,TSK002064,1
VEH000225,TSK002064,0
VEH000269,TSK002064,1
VEH000401,TSK002064,1
VEH000060,TSK002064,1
VEH000414,TSK002064,1
VEH000531,TSK002064,0
VEH000410,TSK002064,0
VEH000324,TSK002064,0
VEH000095,TSK002064,0
VEH000077,TSK002064,0
VEH000227,TSK002064,1
VEH000308,TSK002064,0
VEH000003,TSK002064,0
VEH000049,TSK002064,1
VEH000015,TSK002064,1
VEH000272,TSK002064,0
VEH000510,TSK002064,1
VEH000483,TSK002064,1
VEH000089,TSK002067,1
VEH000033,TSK002067,0
VEH000330,TSK002067,1
VEH000261,TSK002067,1
VEH000025,TSK002067,0
VEH000482,TSK002067,1
VEH000523,TSK002067,1
VEH000019,TSK002067,0
VEH000240,TSK002067,1
VEH000083,TSK002067,1
VEH000433,TSK002067,0
VEH000329,TSK002067,0
VEH000450,TSK002067,1
VEH000422,TSK002067,0
VEH000267,TSK002067,0
VEH000296,TSK002067,0
VEH000467,TSK002067,1
VEH000098,TSK002067,1
VEH000074,TSK002067,1
VEH000320,TSK002067,1
VEH000309,TSK002067,0
VEH000067,TSK002067,1
VEH000218,TSK002067,1
VEH000459,TSK002067,1
VEH000101,TSK002067,0
VEH000024,TSK002067,1
VEH000265,TSK002067,1
VEH000006,TSK002067,0
VEH000484,TSK002067,1
VEH000379,TSK002067,1
VEH000358,TSK002067,1
VEH000275,TSK002067,0
VEH000337,TSK002067,1
VEH000532,TSK002067,1
VEH000332,TSK002067,1
VEH000527,TSK002067,0
VEH000078,TSK002067,1
VEH000304,TSK002067,1
VEH000047,TSK002067,0
VEH000287,TSK002067,0
VEH000327,TSK002067,0
VEH000508,TSK002067,0
VEH000057,TSK002067,0
VEH000505,TSK002067,1
VEH000416,TSK002067,0
VEH000035,TSK002067,0
VEH000353,TSK002067,0
VEH000406,TSK002067,0
VEH000050,TSK002067,1
VEH000070,TSK002067,1
VEH000478,TSK002067,0
VEH000514,TSK002067,1
VEH000359,TSK002067,0
VEH000096,TSK002067,0
VEH000229,TSK002067,0
VEH000529,TSK002067,1
VEH000321,TSK002067,0
VEH000037,TSK002067,0
VEH000082,TSK002067,0
VEH000280,TSK002067,0
VEH000388,TSK002067,1
VEH000366,TSK002067,0
VEH000525,TSK002067,1
VEH000281,TSK002067,1
VEH000065,TSK002067,0
VEH000424,TSK002067,0
VEH000246,TSK002067,0
VEH000063,TSK002067,0
VEH000092,TSK002067,0
VEH000251,TSK002067,0
VEH000455,TSK002067,1
VEH000313,TSK002067,1
VEH000053,TSK002067,0
VEH000220,TSK002067,1
VEH000298,TSK002067,0
VEH000040,TSK002067,0
VEH000519,TSK002067,1
VEH000344,TSK002067,0
VEH000312,TSK002067,1
VEH000431,TSK002067,0
VEH000072,TSK002067,1
VEH000093,TSK002067,1
VEH000225,TSK002067,1
VEH000269,TSK002067,0
VEH000401,TSK002067,0
VEH000060,TSK002067,1
VEH000414,TSK002067,0
VEH000531,TSK002067,1
VEH000410,TSK002067,0
VEH000324,TSK002067,1
VEH000095,TSK002067,1
VEH000077,TSK002067,1
VEH000227,TSK002067,1
VEH000308,TSK002067,1
VEH000003,TSK002067,1
VEH000049,TSK002067,0
VEH000015,TSK002067,0
VEH000272,TSK002067,0
VEH000510,TSK002067,0
VEH000483,TSK002067,1
VEH000089,TSK002093,1
VEH000033,TSK002093,1
VEH000330,TSK002093,1
VEH000261,TSK002093,0
VEH000025,TSK002093,1
VEH000482,TSK002093,0
VEH000523,TSK002093,1
VEH000019,TSK002093,1
VEH000240,TSK002093,1
VEH000083,TSK002093,1
VEH000433,TSK002093,1
VEH000329,TSK002093,0
VEH000450,TSK002093,0
VEH000422,TSK002093,1
VEH000267,TSK002093,1
VEH000296,TSK002093,1
VEH000467,TSK002093,1
VEH000098,TSK002093,1
VEH000074,TSK002093,0
VEH000320,TSK002093,1
VEH000309,TSK002093,1
VEH000067,TSK002093,0
VEH000218,TSK002093,1
VEH000459,TSK002093,0
VEH000101,TSK002093,1
VEH000024,TSK002093,0
VEH000265,TSK002093,1
VEH000006,TSK002093,0
VEH000484,TSK002093,0
VEH000379,TSK002093,0
VEH000358,TSK002093,0
VEH000275,TSK002093,0
VEH000337,TSK002093,1
VEH000532,TSK002093,1
VEH000332,TSK002093,0
VEH000527,TSK002093,0
VEH000078,TSK002093,1
VEH000304,TSK002093,1
VEH000047,TSK002093,1
VEH000287,TSK002093,0
VEH000327,TSK002093,1
VEH000508,TSK002093,0
VEH000057,TSK002093,0
VEH000505,TSK002093,1
VEH000416,TSK002093,1
VEH000035,TSK002093,0
VEH000353,TSK002093,0
VEH000406,TSK002093,0
VEH000050,TSK002093,1
VEH000070,TSK002093,1
VEH000478,TSK002093,0
VEH000514,TSK002093,1
VEH000359,TSK002093,0
VEH000096,TSK002093,1
VEH000229,TSK002093,0
VEH000529,TSK002093,0
VEH000321,TSK002093,0
VEH000037,TSK002093,1
VEH000082,TSK002093,0
VEH000280,TSK002093,1
VEH000388,TSK002093,0
VEH000366,TSK002093,0
VEH000525,TSK002093,0
VEH000281,TSK002093,0
VEH000065,TSK002093,0
VEH000424,TSK002093,1
VEH000246,TSK002093,0
VEH000063,TSK002093,0
VEH000092,TSK002093,1
VEH000251,TSK002093,1
VEH000455,TSK002093,1
VEH000313,TSK002093,0
VEH000053,TSK002093,1
VEH000220,TSK002093,1
VEH000298,TSK002093,0
VEH000040,TSK002093,0
VEH000519,TSK002093,1
VEH000344,TSK002093,1
VEH000312,TSK002093,1
VEH000431,TSK002093,0
VEH000072,TSK002093,0
VEH000093,TSK002093,1
VEH000225,TSK002093,0
VEH000269,TSK002093,1
VEH000401,TSK002093,1
VEH000060,TSK002093,0
VEH000414,TSK002093,0
VEH000531,TSK002093,1
VEH000410,TSK002093,1
VEH000324,TSK002093,0
VEH000095,TSK002093,0
VEH000077,TSK002093,1
VEH000227,TSK002093,0
VEH000308,TSK002093,0
VEH000003,TSK002093,0
VEH000049,TSK002093,0
VEH000015,TSK002093,0
VEH000272,TSK002093,0
VEH000510,TSK002093,1
VEH000483,TSK002093,1
VEH000089,TSK002147,0
VEH000033,TSK002147,1
VEH000330,TSK002147,0
VEH000261,TSK002147,1
VEH000025,TSK002147,1
VEH000482,TSK002147,0
VEH000523,TSK002147,1
VEH000019,TSK002147,0
VEH000240,TSK002147,1
VEH000083,TSK002147,0
VEH000433,TSK002147,0
VEH000329,TSK002147,0
VEH000450,TSK002147,1
VEH000422,TSK002147,1
VEH000267,TSK002147,0
VEH000296,TSK002147,0
VEH000467,TSK002147,0
VEH000098,TSK002147,1
VEH000074,TSK002147,0
VEH000320,TSK002147,0
VEH000309,TSK002147,1
VEH000067,TSK002147,0
VEH000218,TSK002147,1
VEH000459,TSK002147,0
VEH000101,TSK002147,0
VEH000024,TSK002147,1
VEH000265,TSK002147,1
VEH000006,TSK002147,1
VEH000484,TSK002147,1
VEH000379,TSK002147,0
VEH000358,TSK002147,1
VEH000275,TSK002147,1
VEH000337,TSK002147,1
VEH000532,TSK002147,0
VEH000332,TSK002147,0
VEH000527,TSK002147,1
VEH000078,TSK002147,1
VEH000304,TSK002147,0
VEH000047,TSK002147,1
VEH000287,TSK002147,1
VEH000327,TSK002147,0
VEH000508,TSK002147,0
VEH000057,TSK002147,0
VEH000505,TSK002147,0
VEH000416,TSK002147,0
VEH000035,TSK002147,1
VEH000353,TSK002147,1
VEH000406,TSK002147,0
VEH000050,TSK002147,0
VEH000070,TSK002147,0
VEH000478,TSK002147,1
VEH000514,TSK002147,1
VEH000359,TSK002147,0
VEH000096,TSK002147,0
VEH000229,TSK002147,1
VEH000529,TSK002147,1
VEH000321,TSK002147,1
VEH000037,TSK002147,1
VEH000082,TSK002147,0
VEH000280,TSK002147,0
VEH000388,TSK002147,1
VEH000366,TSK002147,0
VEH000525,TSK002147,0
VEH000281,TSK002147,1
VEH000065,TSK002147,1
VEH000424,TSK002147,1
VEH000246,TSK002147,0
VEH000063,TSK002147,0
VEH000092,TSK002147,1
VEH000251,TSK002147,0
VEH000455,TSK002147,1
VEH000313,TSK002147,1
VEH000053,TSK002147,0
VEH000220,TSK002147,0
VEH000298,TSK002147,0
VEH000040,TSK002147,0
VEH000519,TSK002147,0
VEH000344,TSK002147,0
VEH000312,TSK002147,0
VEH000431,TSK002147,0
VEH000072,TSK002147,0
VEH000093,TSK002147,1
VEH000225,TSK002147,0
VEH000269,TSK002147,1
VEH000401,TSK002147,0
VEH000060,TSK002147,0
VEH000414,TSK002147,1
VEH000531,TSK002147,1
VEH000410,TSK002147,1
VEH000324,TSK002147,1
VEH000095,TSK002147,1
VEH000077,TSK002147,1
VEH000227,TSK002147,1
VEH000308,TSK002147,1
VEH000003,TSK002147,0
VEH000049,TSK002147,0
VEH000015,TSK002147,1
VEH000272,TSK002147,1
VEH000510,TSK002147,1
VEH000483,TSK002147,1
VEH000089,TSK002158,1
VEH000033,TSK002158,0
VEH000330,TSK002158,1
VEH000261,TSK002158,0
VEH000025,TSK002158,1
VEH000482,TSK002158,0
VEH000523,TSK002158,0
VEH000019,TSK002158,1
VEH000240,TSK002158,0
VEH000083,TSK002158,1
VEH000433,TSK002158,0
VEH000329,TSK002158,1
VEH000450,TSK002158,0
VEH000422,TSK002158,0
VEH000267,TSK002158,0
VEH000296,TSK002158,1
VEH000467,TSK002158,0
VEH000098,TSK002158,1
VEH000074,TSK002158,1
VEH000320,TSK002158,0
VEH000309,TSK002158,1
VEH000067,TSK002158,1
VEH000218,TSK002158,1
VEH000459,TSK002158,0
VEH000101,TSK002158,1
VEH000024,TSK002158,0
VEH000265,TSK002158,0
VEH000006,TSK002158,1
VEH000484,TSK002158,0
VEH000379,TSK002158,0
VEH000358,TSK002158,1
VEH000275,TSK002158,1
VEH000337,TSK002158,0
VEH000532,TSK002158,1
VEH000332,TSK002158,0
VEH000527,TSK002158,0
VEH000078,TSK002158,1
VEH000304,TSK002158,0
VEH000047,TSK002158,1
VEH000287,TSK002158,1
VEH000327,TSK002158,1
VEH000508,TSK002158,1
VEH000057,TSK002158,1
VEH000505,TSK002158,1
VEH000416,TSK002158,0
VEH000035,TSK002158,0
VEH000353,TSK002158,1
VEH000406,TSK002158,1
VEH000050,TSK002158,1
VEH000070,TSK002158,1
VEH000478,TSK002158,1
VEH000514,TSK002158,0
VEH000359,TSK002158,0
VEH000096,TSK002158,0
VEH000229,TSK002158,1
VEH000529,TSK002158,1
VEH000321,TSK002158,0
VEH000037,TSK002158,1
VEH000082,TSK002158,0
VEH000280,TSK002158,0
VEH000388,TSK002158,0
VEH000366,TSK002158,1
VEH000525,TSK002158,1
VEH000281,TSK002158,0
VEH000065,TSK002158,1
VEH000424,TSK002158,0
VEH000246,TSK002158,1
VEH000063,TSK002158,1
VEH000092,TSK002158,0
VEH000251,TSK002158,0
VEH000455,TSK002158,0
VEH000313,TSK002158,1
VEH000053,TSK002158,0
VEH000220,TSK002158,1
VEH000298,TSK002158,0
VEH000040,TSK002158,1
VEH000519,TSK002158,0
VEH000344,TSK002158,0
VEH000312,TSK002158,1
VEH000431,TSK002158,1
VEH000072,TSK002158,0
VEH000093,TSK002158,1
VEH000225,TSK002158,0
VEH000269,TSK002158,0
VEH000401,TSK002158,1
VEH000060,TSK002158,0
VEH000414,TSK002158,0
VEH000531,TSK002158,0
VEH000410,TSK002158,0
VEH000324,TSK002158,1
VEH000095,TSK002158,0
VEH000077,TSK002158,0
VEH000227,TSK002158,1
VEH000308,TSK002158,1
VEH000003,TSK002158,1
VEH000049,TSK002158,1
VEH000015,TSK002158,0
VEH000272,TSK002158,1
VEH000510,TSK002158,0
VEH000483,TSK002158,0
VEH000089,TSK002161,0
VEH000033,TSK002161,1
VEH000330,TSK002161,1
VEH000261,TSK002161,0
VEH000025,TSK002161,1
VEH000482,TSK002161,0
VEH000523,TSK002161,0
VEH000019,TSK002161,0
VEH000240,TSK002161,1
VEH000083,TSK002161,1
VEH000433,TSK002161,0
VEH000329,TSK002161,0
VEH000450,TSK002161,1
VEH000422,TSK002161,1
VEH000267,TSK002161,1
VEH000296,TSK002161,0
VEH000467,TSK002161,0
VEH000098,TSK002161,0
VEH000074,TSK002161,1
VEH000320,TSK002161,0
VEH000309,TSK002161,1
VEH000067,TSK002161,0
VEH000218,TSK002161,1
VEH000459,TSK002161,0
VEH000101,TSK002161,1
VEH000024,TSK002161,1
VEH000265,TSK002161,1
VEH000006,TSK002161,1
VEH000484,TSK002161,1
VEH000379,TSK002161,0
VEH000358,TSK002161,0
VEH000275,TSK002161,0
VEH000337,TSK002161,1
VEH000532,TSK002161,0
VEH000332,TSK002161,1
VEH000527,TSK002161,0
VEH000078,TSK002161,0
VEH000304,TSK002161,1
VEH000047,TSK002161,0
VEH000287,TSK002161,0
VEH000327,TSK002161,1
VEH000508,TSK002161,0
VEH000057,TSK002161,1
VEH000505,TSK002161,1
VEH000416,TSK002161,0
VEH000035,TSK002161,0
VEH000353,TSK002161,1
VEH000406,TSK002161,1
VEH000050,TSK002161,1
VEH000070,TSK002161,1
VEH000478,TSK002161,1
VEH000514,TSK002161,0
VEH000359,TSK002161,1
VEH000096,TSK002161,1
VEH000229,TSK002161,1
VEH000529,TSK002161,1
VEH000321,TSK002161,0
VEH000037,TSK002161,0
VEH000082,TSK002161,1
VEH000280,TSK002161,1
VEH000388,TSK002161,1
VEH000366,TSK002161,1
VEH000525,TSK002161,0
VEH000281,TSK002161,0
VEH000065,TSK002161,1
VEH000424,TSK002161,0
VEH000246,TSK002161,1
VEH000063,TSK002161,0
VEH000092,TSK002161,1
VEH000251,TSK002161,0
VEH000455,TSK002161,0
VEH000313,TSK002161,1
VEH000053,TSK002161,0
VEH000220,TSK002161,1
VEH000298,TSK002161,0
VEH000040,TSK002161,0
VEH000519,TSK002161,0
VEH000344,TSK002161,0
VEH000312,TSK002161,1
VEH000431,TSK002161,0
VEH000072,TSK002161,0
VEH000093,TSK002161,0
VEH000225,TSK002161,1
VEH000269,TSK002161,0
VEH000401,TSK002161,0
VEH000060,TSK002161,0
VEH000414,TSK002161,0
VEH000531,TSK002161,1
VEH000410,TSK002161,0
VEH000324,TSK002161,0
VEH000095,TSK002161,0
VEH000077,TSK002161,0
VEH000227,TSK002161,0
VEH000308,TSK002161,1
VEH000003,TSK002161,1
VEH000049,TSK002161,1
VEH000015,TSK002161,1
VEH000272,TSK002161,1
VEH000510,TSK002161,1
VEH000483,TSK002161,1
VEH000089,TSK002179,0
VEH000033,TSK002179,1
VEH000330,TSK002179,1
VEH000261,TSK002179,0
VEH000025,TSK002179,0
VEH000482,TSK002179,1
VEH000523,TSK002179,0
VEH000019,TSK002179,1
VEH000240,TSK002179,0
VEH000083,TSK002179,1
VEH000433,TSK002179,1
VEH000329,TSK002179,0
VEH000450,TSK002179,0
VEH000422,TSK002179,0
VEH000267,TSK002179,1
VEH000296,TSK002179,0
VEH000467,TSK002179,0
VEH000098,TSK002179,0
VEH000074,TSK002179,1
VEH000320,TSK002179,0
VEH000309,TSK002179,0
VEH000067,TSK002179,0
VEH000218,TSK002179,0
VEH000459,TSK002179,1
VEH000101,TSK002179,0
VEH000024,TSK002179,1
VEH000265,TSK002179,1
VEH000006,TSK002179,1
VEH000484,TSK002179,1
VEH000379,TSK002179,0
VEH000358,TSK002179,0
VEH000275,TSK002179,0
VEH000337,TSK002179,1
VEH000532,TSK002179,1
VEH000332,TSK002179,0
VEH000527,TSK002179,0
VEH000078,TSK002179,1
VEH000304,TSK002179,0
VEH000047,TSK002179,0
VEH000287,TSK002179,0
VEH000327,TSK002179,1
VEH000508,TSK002179,1
VEH000057,TSK002179,1
VEH000505,TSK002179,1
VEH000416,TSK002179,0
VEH000035,TSK002179,0
VEH000353,TSK002179,0
VEH000406,TSK002179,1
VEH000050,TSK002179,1
VEH000070,TSK002179,1
VEH000478,TSK002179,0
VEH000514,TSK002179,0
VEH000359,TSK002179,1
VEH000096,TSK002179,0
VEH000229,TSK002179,1
VEH000529,TSK002179,1
VEH000321,TSK002179,0
VEH000037,TSK002179,0
VEH000082,TSK002179,1
VEH000280,TSK002179,1
VEH000388,TSK002179,1
VEH000366,TSK002179,0
VEH000525,TSK002179,1
VEH000281,TSK002179,1
VEH000065,TSK002179,1
VEH000424,TSK002179,1
VEH000246,TSK002179,1
VEH000063,TSK002179,0
VEH000092,TSK002179,1
VEH000251,TSK002179,1
VEH000455,TSK002179,0
VEH000313,TSK002179,1
VEH000053,TSK002179,1
VEH000220,TSK002179,0
VEH000298,TSK002179,1
VEH000040,TSK002179,0
VEH000519,TSK002179,1
VEH000344,TSK002179,1
VEH000312,TSK002179,1
VEH000431,TSK002179,0
VEH000072,TSK002179,1
VEH000093,TSK002179,1
VEH000225,TSK002179,0
VEH000269,TSK002179,1
VEH000401,TSK002179,1
VEH000060,TSK002179,0
VEH000414,TSK002179,1
VEH000531,TSK002179,0
VEH000410,TSK002179,1
VEH000324,TSK002179,0
VEH000095,TSK002179,0
VEH000077,TSK002179,1
VEH000227,TSK002179,0
VEH000308,TSK002179,0
VEH000003,TSK002179,0
VEH000049,TSK002179,0
VEH000015,TSK002179,0
VEH000272,TSK002179,1
VEH000510,TSK002179,0
VEH000483,TSK002179,0
VEH000089,TSK002206,1
VEH000033,TSK002206,0
VEH000330,TSK002206,1
VEH000261,TSK002206,1
VEH000025,TSK002206,0
VEH000482,TSK002206,0
VEH000523,TSK002206,1
VEH000019,TSK002206,0
VEH000240,TSK002206,1
VEH000083,TSK002206,1
VEH000433,TSK002206,1
VEH000329,TSK002206,1
VEH000450,TSK002206,1
VEH000422,TSK002206,1
VEH000267,TSK002206,1
VEH000296,TSK002206,0
VEH000467,TSK002206,0
VEH000098,TSK002206,1
VEH000074,TSK002206,0
VEH000320,TSK002206,1
VEH000309,TSK002206,0
VEH000067,TSK002206,1
VEH000218,TSK002206,0
VEH000459,TSK002206,0
VEH000101,TSK002206,0
VEH000024,TSK002206,1
VEH000265,TSK002206,0
VEH000006,TSK002206,1
VEH000484,TSK002206,0
VEH000379,TSK002206,0
VEH000358,TSK002206,1
VEH000275,TSK002206,1
VEH000337,TSK002206,0
VEH000532,TSK002206,0
VEH000332,TSK002206,1
VEH000527,TSK002206,1
VEH000078,TSK002206,0
VEH000304,TSK002206,1
VEH000047,TSK002206,1
VEH000287,TSK002206,0
VEH000327,TSK002206,1
VEH000508,TSK002206,0
VEH000057,TSK002206,0
VEH000505,TSK002206,0
VEH000416,TSK002206,0
VEH000035,TSK002206,0
VEH000353,TSK002206,1
VEH000406,TSK002206,0
VEH000050,TSK002206,1
VEH000070,TSK002206,1
VEH000478,TSK002206,0
VEH000514,TSK002206,0
VEH000359,TSK002206,0
VEH000096,TSK002206,1
VEH000229,TSK002206,1
VEH000529,TSK002206,1
VEH000321,TSK002206,1
VEH000037,TSK002206,1
VEH000082,TSK002206,1
VEH000280,TSK002206,1
VEH000388,TSK002206,0
VEH000366,TSK002206,1
VEH000525,TSK002206,0
VEH000281,TSK002206,1
VEH000065,TSK002206,0
VEH000424,TSK002206,1
VEH000246,TSK002206,0
VEH000063,TSK002206,0
VEH000092,TSK002206,1
VEH000251,TSK002206,0
VEH000455,TSK002206,1
VEH000313,TSK002206,1
VEH000053,TSK002206,1
VEH000220,TSK002206,0
VEH000298,TSK002206,1
VEH000040,TSK002206,1
VEH000519,TSK002206,0
VEH000344,TSK002206,0
VEH000312,TSK002206,1
VEH000431,TSK002206,1
VEH000072,TSK002206,1
VEH000093,TSK002206,0
VEH000225,TSK002206,0
VEH000269,TSK002206,0
VEH000401,TSK002206,0
VEH000060,TSK002206,0
VEH000414,TSK002206,0
VEH000531,TSK002206,1
VEH000410,TSK002206,0
VEH000324,TSK002206,0
VEH000095,TSK002206,0
VEH000077,TSK002206,1
VEH000227,TSK002206,1
VEH000308,TSK002206,0
VEH000003,TSK002206,0
VEH000049,TSK002206,1
VEH000015,TSK002206,0
VEH000272,TSK002206,0
VEH000510,TSK002206,0
VEH000483,TSK002206,1
VEH000089,TSK002233,1
VEH000033,TSK002233,0
VEH000330,TSK002233,0
VEH000261,TSK002233,1
VEH000025,TSK002233,1
VEH000482,TSK002233,1
VEH000523,TSK002233,0
VEH000019,TSK002233,1
VEH000240,TSK002233,0
VEH000083,TSK002233,1
VEH000433,TSK002233,0
VEH000329,TSK002233,0
VEH000450,TSK002233,0
VEH000422,TSK002233,1
VEH000267,TSK002233,0
VEH000296,TSK002233,0
VEH000467,TSK002233,1
VEH000098,TSK002233,0
VEH000074,TSK002233,0
VEH000320,TSK002233,0
VEH000309,TSK002233,0
VEH000067,TSK002233,0
VEH000218,TSK002233,0
VEH000459,TSK002233,0
VEH000101,TSK002233,1
VEH000024,TSK002233,0
VEH000265,TSK002233,0
VEH000006,TSK002233,1
VEH000484,TSK002233,0
VEH000379,TSK002233,1
VEH000358,TSK002233,1
VEH000275,TSK002233,0
VEH000337,TSK002233,1
VEH000532,TSK002233,1
VEH000332,TSK002233,1
VEH000527,TSK002233,1
VEH000078,TSK002233,1
VEH000304,TSK002233,1
VEH000047,TSK002233,1
VEH000287,TSK002233,0
VEH000327,TSK002233,0
VEH000508,TSK002233,0
VEH000057,TSK002233,0
VEH000505,TSK002233,0
VEH000416,TSK002233,0
VEH000035,TSK002233,0
VEH000353,TSK002233,0
VEH000406,TSK002233,0
VEH000050,TSK002233,1
VEH000070,TSK002233,1
VEH000478,TSK002233,0
VEH000514,TSK002233,0
VEH000359,TSK002233,1
VEH000096,TSK002233,0
VEH000229,TSK002233,0
VEH000529,TSK002233,1
VEH000321,TSK002233,1
VEH000037,TSK002233,1
VEH000082,TSK002233,1
VEH000280,TSK002233,1
VEH000388,TSK002233,0
VEH000366,TSK002233,1
VEH000525,TSK002233,1
VEH000281,TSK002233,0
VEH000065,TSK002233,1
VEH000424,TSK002233,1
VEH000246,TSK002233,0
VEH000063,TSK002233,1
VEH000092,TSK002233,0
VEH000251,TSK002233,0
VEH000455,TSK002233,0
VEH000313,TSK002233,1
VEH000053,TSK002233,1
VEH000220,TSK002233,0
VEH000298,TSK002233,0
VEH000040,TSK002233,0
VEH000519,TSK002233,1
VEH000344,TSK002233,0
VEH000312,TSK002233,0
VEH000431,TSK002233,1
VEH000072,TSK002233,1
VEH000093,TSK002233,1
VEH000225,TSK002233,1
VEH000269,TSK002233,0
VEH000401,TSK002233,1
VEH000060,TSK002233,1
VEH000414,TSK002233,0
VEH000531,TSK002233,1
VEH000410,TSK002233,1
VEH000324,TSK002233,0
VEH000095,TSK002233,1
VEH000077,TSK002233,0
VEH000227,TSK002233,0
VEH000308,TSK002233,1
VEH000003,TSK002233,1
VEH000049,TSK002233,1
VEH000015,TSK002233,1
VEH000272,TSK002233,1
VEH000510,TSK002233,0
VEH000483,TSK002233,1
VEH000089,TSK002294,0
VEH000033,TSK002294,0
VEH000330,TSK002294,1
VEH000261,TSK002294,0
VEH000025,TSK002294,0
VEH000482,TSK002294,0
VEH000523,TSK002294,0
VEH000019,TSK002294,1
VEH000240,TSK002294,1
VEH000083,TSK002294,1
VEH000433,TSK002294,0
VEH000329,TSK002294,1
VEH000450,TSK002294,0
VEH000422,TSK002294,0
VEH000267,TSK002294,1
VEH000296,TSK002294,1
VEH000467,TSK002294,0
VEH000098,TSK002294,0
VEH000074,TSK002294,0
VEH000320,TSK002294,1
VEH000309,TSK002294,0
VEH000067,TSK002294,0
VEH000218,TSK002294,1
VEH000459,TSK002294,0
VEH000101,TSK002294,0
VEH000024,TSK002294,0
VEH000265,TSK002294,1
VEH000006,TSK002294,1
VEH000484,TSK002294,1
VEH000379,TSK002294,1
VEH000358,TSK002294,1
VEH000275,TSK002294,1
VEH000337,TSK002294,0
VEH000532,TSK002294,0
VEH000332,TSK002294,1
VEH000527,TSK002294,1
VEH000078,TSK002294,1
VEH000304,TSK002294,1
VEH000047,TSK002294,1
VEH000287,TSK002294,0
VEH000327,TSK002294,0
VEH000508,TSK002294,0
VEH000057,TSK002294,0
VEH000505,TSK002294,1
VEH000416,TSK002294,1
VEH000035,TSK002294,1
VEH000353,TSK002294,0
VEH000406,TSK002294,0
VEH000050,TSK002294,1
VEH000070,TSK002294,1
VEH000478,TSK002294,0
VEH000514,TSK002294,0
VEH000359,TSK002294,1
VEH000096,TSK002294,0
VEH000229,TSK002294,1
VEH000529,TSK002294,1
VEH000321,TSK002294,1
VEH000037,TSK002294,0
VEH000082,TSK002294,1
VEH000280,TSK002294,0
VEH000388,TSK002294,1
VEH000366,TSK002294,1
VEH000525,TSK002294,0
VEH000281,TSK002294,0
VEH000065,TSK002294,1
VEH000424,TSK002294,1
VEH000246,TSK002294,1
VEH000063,TSK002294,0
VEH000092,TSK002294,0
VEH000251,TSK002294,1
VEH000455,TSK002294,1
VEH000313,TSK002294,0
VEH000053,TSK002294,0
VEH000220,TSK002294,0
VEH000298,TSK002294,1
VEH000040,TSK002294,1
VEH000519,TSK002294,1
VEH000344,TSK002294,1
VEH000312,TSK002294,0
VEH000431,TSK002294,0
VEH000072,TSK002294,0
VEH000093,TSK002294,1
VEH000225,TSK002294,0
VEH000269,TSK002294,0
VEH000401,TSK002294,1
VEH000060,TSK002294,0
VEH000414,TSK002294,1
VEH000531,TSK002294,0
VEH000410,TSK002294,1
VEH000324,TSK002294,0
VEH000095,TSK002294,1
VEH000077,TSK002294,1
VEH000227,TSK002294,1
VEH000308,TSK002294,1
VEH000003,TSK002294,1
VEH000049,TSK002294,0
VEH000015,TSK002294,0
VEH000272,TSK002294,0
VEH000510,TSK002294,0
VEH000483,TSK002294,0
VEH000089,TSK002326,0
VEH000033,TSK002326,1
VEH000330,TSK002326,1
VEH000261,TSK002326,0
VEH000025,TSK002326,1
VEH000482,TSK002326,1
VEH000523,TSK002326,0
VEH000019,TSK002326,0
VEH000240,TSK002326,0
VEH000083,TSK002326,0
VEH000433,TSK002326,0
VEH000329,TSK002326,0
VEH000450,TSK002326,1
VEH000422,TSK002326,0
VEH000267,TSK002326,0
VEH000296,TSK002326,0
VEH000467,TSK002326,0
VEH000098,TSK002326,0
VEH000074,TSK002326,0
VEH000320,TSK002326,1
VEH000309,TSK002326,0
VEH000067,TSK002326,0
VEH000218,TSK002326,0
VEH000459,TSK002326,0
VEH000101,TSK002326,0
VEH000024,TSK002326,1
VEH000265,TSK002326,1
VEH000006,TSK002326,1
VEH000484,TSK002326,1
VEH000379,TSK002326,1
VEH000358,TSK002326,0
VEH000275,TSK002326,0
VEH000337,TSK002326,0
VEH000532,TSK002326,1
VEH000332,TSK002326,0
VEH000527,TSK002326,1
VEH000078,TSK002326,1
VEH000304,TSK002326,1
VEH000047,TSK002326,0
VEH000287,TSK002326,0
VEH000327,TSK002326,1
VEH000508,TSK002326,1
VEH000057,TSK002326,0
VEH000505,TSK002326,1
VEH000416,TSK002326,1
VEH000035,TSK002326,1
VEH000353,TSK002326,1
VEH000406,TSK002326,1
VEH000050,TSK002326,1
VEH000070,TSK002326,0
VEH000478,TSK002326,0
VEH000514,TSK002326,0
VEH000359,TSK002326,1
VEH000096,TSK002326,1
VEH000229,TSK002326,0
VEH000529,TSK002326,0
VEH000321,TSK002326,1
VEH000037,TSK002326,1
VEH000082,TSK002326,0
VEH000280,TSK002326,0
VEH000388,TSK002326,1
VEH000366,TSK002326,0
VEH000525,TSK002326,0
VEH000281,TSK002326,0
VEH000065,TSK002326,1
VEH000424,TSK002326,1
VEH000246,TSK002326,1
VEH000063,TSK002326,1
VEH000092,TSK002326,1
VEH000251,TSK002326,1
VEH000455,TSK002326,0
VEH000313,TSK002326,1
VEH000053,TSK002326,0
VEH000220,TSK002326,0
VEH000298,TSK002326,1
VEH000040,TSK002326,0
VEH000519,TSK002326,1
VEH000344,TSK002326,1
VEH000312,TSK002326,0
VEH000431,TSK002326,1
VEH000072,TSK002326,0
VEH000093,TSK002326,1
VEH000225,TSK002326,0
VEH000269,TSK002326,0
VEH000401,TSK002326,1
VEH000060,TSK002326,0
VEH000414,TSK002326,1
VEH000531,TSK002326,1
VEH000410,TSK002326,0
VEH000324,TSK002326,1
VEH000095,TSK002326,0
VEH000077,TSK002326,0
VEH000227,TSK002326,1
VEH000308,TSK002326,0
VEH000003,TSK002326,1
VEH000049,TSK002326,1
VEH000015,TSK002326,1
VEH000272,TSK002326,1
VEH000510,TSK002326,0
VEH000483,TSK002326,1
VEH000089,TSK002364,1
VEH000033,TSK002364,1
VEH000330,TSK002364,1
VEH000261,TSK002364,1
VEH000025,TSK002364,1
VEH000482,TSK002364,0
VEH000523,TSK002364,0
VEH000019,TSK002364,1
VEH000240,TSK002364,0
VEH000083,TSK002364,0
VEH000433,TSK002364,0
VEH000329,TSK002364,1
VEH000450,TSK002364,0
VEH000422,TSK002364,0
VEH000267,TSK002364,0
VEH000296,TSK002364,1
VEH000467,TSK002364,1
VEH000098,TSK002364,1
VEH000074,TSK002364,1
VEH000320,TSK002364,0
VEH000309,TSK002364,1
VEH000067,TSK002364,1
VEH000218,TSK002364,0
VEH000459,TSK002364,1
VEH000101,TSK002364,0
VEH000024,TSK002364,1
VEH000265,TSK002364,1
VEH000006,TSK002364,1
VEH000484,TSK002364,1
VEH000379,TSK002364,1
VEH000358,TSK002364,0
VEH000275,TSK002364,1
VEH000337,TSK002364,1
VEH000532,TSK002364,0
VEH000332,TSK002364,1
VEH000527,TSK002364,0
VEH000078,TSK002364,0
VEH000304,TSK002364,0
VEH000047,TSK002364,0
VEH000287,TSK002364,0
VEH000327,TSK002364,0
VEH000508,TSK002364,0
VEH000057,TSK002364,1
VEH000505,TSK002364,0
VEH000416,TSK002364,1
VEH000035,TSK002364,0
VEH000353,TSK002364,0
VEH000406,TSK002364,0
VEH000050,TSK002364,0
VEH000070,TSK002364,0
VEH000478,TSK002364,1
VEH000514,TSK002364,1
VEH000359,TSK002364,0
VEH000096,TSK002364,0
VEH000229,TSK002364,1
VEH000529,TSK002364,1
VEH000321,TSK002364,0
VEH000037,TSK002364,0
VEH000082,TSK002364,1
VEH000280,TSK002364,1
VEH000388,TSK002364,1
VEH000366,TSK002364,1
VEH000525,TSK002364,0
VEH000281,TSK002364,1
VEH000065,TSK002364,0
VEH000424,TSK002364,1
VEH000246,TSK002364,1
VEH000063,TSK002364,1
VEH000092,TSK002364,0
VEH000251,TSK002364,0
VEH000455,TSK002364,1
VEH000313,TSK002364,1
VEH000053,TSK002364,0
VEH000220,TSK002364,0
VEH000298,TSK002364,1
VEH000040,TSK002364,0
VEH000519,TSK002364,1
VEH000344,TSK002364,1
VEH000312,TSK002364,0
VEH000431,TSK002364,1
VEH000072,TSK002364,1
VEH000093,TSK002364,0
VEH000225,TSK002364,0
VEH000269,TSK002364,0
VEH000401,TSK002364,0
VEH000060,TSK002364,0
VEH000414,TSK002364,0
VEH000531,TSK002364,0
VEH000410,TSK002364,1
VEH000324,TSK002364,1
VEH000095,TSK002364,0
VEH000077,TSK002364,1
VEH000227,TSK002364,1
VEH000308,TSK002364,1
VEH000003,TSK002364,0
VEH000049,TSK002364,0
VEH000015,TSK002364,0
VEH000272,TSK002364,1
VEH000510,TSK002364,0
VEH000483,TSK002364,1
VEH000089,TSK002385,0
VEH000033,TSK002385,0
VEH000330,TSK002385,0
VEH000261,TSK002385,1
VEH000025,TSK002385,1
VEH000482,TSK002385,1
VEH000523,TSK002385,0
VEH000019,TSK002385,1
VEH000240,TSK002385,0
VEH000083,TSK002385,1
VEH000433,TSK002385,0
VEH000329,TSK002385,1
VEH000450,TSK002385,0
VEH000422,TSK002385,1
VEH000267,TSK002385,1
VEH000296,TSK002385,0
VEH000467,TSK002385,1
VEH000098,TSK002385,1
VEH000074,TSK002385,0
VEH000320,TSK002385,1
VEH000309,TSK002385,1
VEH000067,TSK002385,1
VEH000218,TSK002385,0
VEH000459,TSK002385,0
VEH000101,TSK002385,1
VEH000024,TSK002385,1
VEH000265,TSK002385,1
VEH000006,TSK002385,1
VEH000484,TSK002385,1
VEH000379,TSK002385,1
VEH000358,TSK002385,1
VEH000275,TSK002385,1
VEH000337,TSK002385,1
VEH000532,TSK002385,0
VEH000332,TSK002385,0
VEH000527,TSK002385,0
VEH000078,TSK002385,1
VEH000304,TSK002385,0
VEH000047,TSK002385,1
VEH000287,TSK002385,1
VEH000327,TSK002385,0
VEH000508,TSK002385,1
VEH000057,TSK002385,0
VEH000505,TSK002385,1
VEH000416,TSK002385,1
VEH000035,TSK002385,0
VEH000353,TSK002385,1
VEH000406,TSK002385,0
VEH000050,TSK002385,0
VEH000070,TSK002385,1
VEH000478,TSK002385,0
VEH000514,TSK002385,1
VEH000359,TSK002385,0
VEH000096,TSK002385,0
VEH000229,TSK002385,0
VEH000529,TSK002385,0
VEH000321,TSK002385,1
VEH000037,TSK002385,0
VEH000082,TSK002385,1
VEH000280,TSK002385,1
VEH000388,TSK002385,0
VEH000366,TSK002385,0
VEH000525,TSK002385,1
VEH000281,TSK002385,0
VEH000065,TSK002385,1
VEH000424,TSK002385,1
VEH000246,TSK002385,1
VEH000063,TSK002385,0
VEH000092,TSK002385,1
VEH000251,TSK002385,0
VEH000455,TSK002385,0
VEH000313,TSK002385,1
VEH000053,TSK002385,1
VEH000220,TSK002385,1
VEH000298,TSK002385,0
VEH000040,TSK002385,0
VEH000519,TSK002385,0
VEH000344,TSK002385,0
VEH000312,TSK002385,1
VEH000431,TSK002385,1
VEH000072,TSK002385,0
VEH000093,TSK002385,0
VEH000225,TSK002385,0
VEH000269,TSK002385,0
VEH000401,TSK002385,0
VEH000060,TSK002385,0
VEH000414,TSK002385,1
VEH000531,TSK002385,1
VEH000410,TSK002385,1
VEH000324,TSK002385,1
VEH000095,TSK002385,0
VEH000077,TSK002385,0
VEH000227,TSK002385,0
VEH000308,TSK002385,0
VEH000003,TSK002385,1
VEH000049,TSK002385,0
VEH000015,TSK002385,1
VEH000272,TSK002385,0
VEH000510,TSK002385,0
VEH000483,TSK002385,0
VEH000089,TSK002486,0
VEH000033,TSK002486,1
VEH000330,TSK002486,0
VEH000261,TSK002486,0
VEH000025,TSK002486,1
VEH000482,TSK002486,0
VEH000523,TSK002486,0
VEH000019,TSK002486,1
VEH000240,TSK002486,1
VEH000083,TSK002486,0
VEH000433,TSK002486,1
VEH000329,TSK002486,0
VEH000450,TSK002486,1
VEH000422,TSK002486,0
VEH000267,TSK002486,0
VEH000296,TSK002486,0
VEH000467,TSK002486,0
VEH000098,TSK002486,0
VEH000074,TSK002486,0
VEH000320,TSK002486,1
VEH000309,TSK002486,1
VEH000067,TSK002486,0
VEH000218,TSK002486,0
VEH000459,TSK002486,1
VEH000101,TSK002486,1
VEH000024,TSK002486,1
VEH000265,TSK002486,0
VEH000006,TSK002486,0
VEH000484,TSK002486,0
VEH000379,TSK002486,1
VEH000358,TSK002486,1
VEH000275,TSK002486,0
VEH000337,TSK002486,1
VEH000532,TSK002486,1
VEH000332,TSK002486,0
VEH000527,TSK002486,1
VEH000078,TSK002486,1
VEH000304,TSK002486,0
VEH000047,TSK002486,0
VEH000287,TSK002486,1
VEH000327,TSK002486,1
VEH000508,TSK002486,1
VEH000057,TSK002486,0
VEH000505,TSK002486,1
VEH000416,TSK002486,0
VEH000035,TSK002486,0
VEH000353,TSK002486,0
VEH000406,TSK002486,1
VEH000050,TSK002486,1
VEH000070,TSK002486,1
VEH000478,TSK002486,1
VEH000514,TSK002486,0
VEH000359,TSK002486,1
VEH000096,TSK002486,0
VEH000229,TSK002486,1
VEH000529,TSK002486,1
VEH000321,TSK002486,1
VEH000037,TSK002486,0
VEH000082,TSK002486,1
VEH000280,TSK002486,0
VEH000388,TSK002486,1
VEH000366,TSK002486,1
VEH000525,TSK002486,1
VEH000281,TSK002486,0
VEH000065,TSK002486,1
VEH000424,TSK002486,0
VEH000246,TSK002486,0
VEH000063,TSK002486,1
VEH000092,TSK002486,0
VEH000251,TSK002486,1
VEH000455,TSK002486,0
VEH000313,TSK002486,0
VEH000053,TSK002486,1
VEH000220,TSK002486,1
VEH000298,TSK002486,0
VEH000040,TSK002486,1
VEH000519,TSK002486,1
VEH000344,TSK002486,0
VEH000312,TSK002486,1
VEH000431,TSK002486,1
VEH000072,TSK002486,1
VEH000093,TSK002486,0
VEH000225,TSK002486,0
VEH000269,TSK002486,0
VEH000401,TSK002486,1
VEH000060,TSK002486,0
VEH000414,TSK002486,1
VEH000531,TSK002486,0
VEH000410,TSK002486,0
VEH000324,TSK002486,0
VEH000095,TSK002486,0
VEH000077,TSK002486,0
VEH000227,TSK002486,1
VEH000308,TSK002486,1
VEH000003,TSK002486,1
VEH000049,TSK002486,0
VEH000015,TSK002486,1
VEH000272,TSK002486,0
VEH000510,TSK002486,0
VEH000483,TSK002486,1
VEH000089,TSK002628,0
VEH000033,TSK002628,1
VEH000330,TSK002628,0
VEH000261,TSK002628,0
VEH000025,TSK002628,1
VEH000482,TSK002628,1
VEH000523,TSK002628,0
VEH000019,TSK002628,0
VEH000240,TSK002628,1
VEH000083,TSK002628,1
VEH000433,TSK002628,0
VEH000329,TSK002628,0
VEH000450,TSK002628,1
VEH000422,TSK002628,0
VEH000267,TSK002628,1
VEH000296,TSK002628,0
VEH000467,TSK002628,1
VEH000098,TSK002628,0
VEH000074,TSK002628,0
VEH000320,TSK002628,1
VEH000309,TSK002628,0
VEH000067,TSK002628,1
VEH000218,TSK002628,1
VEH000459,TSK002628,1
VEH000101,TSK002628,0
VEH000024,TSK002628,1
VEH000265,TSK002628,0
VEH000006,TSK002628,1
VEH000484,TSK002628,1
VEH000379,TSK002628,0
VEH000358,TSK002628,1
VEH000275,TSK002628,1
VEH000337,TSK002628,1
VEH000532,TSK002628,0
VEH000332,TSK002628,0
VEH000527,TSK002628,1
VEH000078,TSK002628,1
VEH000304,TSK002628,0
VEH000047,TSK002628,0
VEH000287,TSK002628,1
VEH000327,TSK002628,0
VEH000508,TSK002628,1
VEH000057,TSK002628,1
VEH000505,TSK002628,1
VEH000416,TSK002628,0
VEH000035,TSK002628,0
VEH000353,TSK002628,1
VEH000406,TSK002628,1
VEH000050,TSK002628,0
VEH000070,TSK002628,1
VEH000478,TSK002628,0
VEH000514,TSK002628,0
VEH000359,TSK002628,0
VEH000096,TSK002628,0
VEH000229,TSK002628,0
VEH000529,TSK002628,0
VEH000321,TSK002628,0
VEH000037,TSK002628,1
VEH000082,TSK002628,1
VEH000280,TSK002628,1
VEH000388,TSK002628,1
VEH000366,TSK002628,1
VEH000525,TSK002628,0
VEH000281,TSK002628,1
VEH000065,TSK002628,0
VEH000424,TSK002628,1
VEH000246,TSK002628,0
VEH000063,TSK002628,0
VEH000092,TSK002628,0
VEH000251,TSK002628,0
VEH000455,TSK002628,0
VEH000313,TSK002628,0
VEH000053,TSK002628,1
VEH000220,TSK002628,1
VEH000298,TSK002628,1
VEH000040,TSK002628,1
VEH000519,TSK002628,1
VEH000344,TSK002628,0
VEH000312,TSK002628,1
VEH000431,TSK002628,1
VEH000072,TSK002628,0
VEH000093,TSK002628,0
VEH000225,TSK002628,1
VEH000269,TSK002628,0
VEH000401,TSK002628,1
VEH000060,TSK002628,0
VEH000414,TSK002628,0
VEH000531,TSK002628,0
VEH000410,TSK002628,1
VEH000324,TSK002628,1
VEH000095,TSK002628,1
VEH000077,TSK002628,0
VEH000227,TSK002628,0
VEH000308,TSK002628,1
VEH000003,TSK002628,1
VEH000049,TSK002628,0
VEH000015,TSK002628,0
VEH000272,TSK002628,1
VEH000510,TSK002628,0
VEH000483,TSK002628,1
VEH000089,TSK002642,1
VEH000033,TSK002642,1
VEH000330,TSK002642,1
VEH000261,TSK002642,0
VEH000025,TSK002642,1
VEH000482,TSK002642,1
VEH000523,TSK002642,1
VEH000019,TSK002642,1
VEH000240,TSK002642,1
VEH000083,TSK002642,0
VEH000433,TSK002642,1
VEH000329,TSK002642,0
VEH000450,TSK002642,1
VEH000422,TSK002642,0
VEH000267,TSK002642,0
VEH000296,TSK002642,0
VEH000467,TSK002642,0
VEH000098,TSK002642,0
VEH000074,TSK002642,1
VEH000320,TSK002642,1
VEH000309,TSK002642,0
VEH000067,TSK002642,0
VEH000218,TSK002642,1
VEH000459,TSK002642,1
VEH000101,TSK002642,0
VEH000024,TSK002642,0
VEH000265,TSK002642,0
VEH000006,TSK002642,0
VEH000484,TSK002642,1
VEH000379,TSK002642,1
VEH000358,TSK002642,0
VEH000275,TSK002642,0
VEH000337,TSK002642,0
VEH000532,TSK002642,1
VEH000332,TSK002642,1
VEH000527,TSK002642,0
VEH000078,TSK002642,1
VEH000304,TSK002642,0
VEH000047,TSK002642,1
VEH000287,TSK002642,0
VEH000327,TSK002642,1
VEH000508,TSK002642,1
VEH000057,TSK002642,0
VEH000505,TSK002642,1
VEH000416,TSK002642,0
VEH000035,TSK002642,1
VEH000353,TSK002642,1
VEH000406,TSK002642,0
VEH000050,TSK002642,0
VEH000070,TSK002642,0
VEH000478,TSK002642,0
VEH000514,TSK002642,0
VEH000359,TSK002642,0
VEH000096,TSK002642,0
VEH000229,TSK002642,0
VEH000529,TSK002642,0
VEH000321,TSK002642,1
VEH000037,TSK002642,1
VEH000082,TSK002642,0
VEH000280,TSK002642,1
VEH000388,TSK002642,1
VEH000366,TSK002642,0
VEH000525,TSK002642,0
VEH000281,TSK002642,0
VEH000065,TSK002642,1
VEH000424,TSK002642,1
VEH000246,TSK002642,0
VEH000063,TSK002642,1
VEH000092,TSK002642,1
VEH000251,TSK002642,1
VEH000455,TSK002642,1
VEH000313,TSK002642,1
VEH000053,TSK002642,0
VEH000220,TSK002642,1
VEH000298,TSK002642,1
VEH000040,TSK002642,0
VEH000519,TSK002642,1
VEH000344,TSK002642,0
VEH000312,TSK002642,1
VEH000431,TSK002642,0
VEH000072,TSK002642,1
VEH000093,TSK002642,0
VEH000225,TSK002642,0
VEH000269,TSK002642,1
VEH000401,TSK002642,1
VEH000060,TSK002642,1
VEH000414,TSK002642,1
VEH000531,TSK002642,0
VEH000410,TSK002642,0
VEH000324,TSK002642,1
VEH000095,TSK002642,0
VEH000077,TSK002642,1
VEH000227,TSK002642,0
VEH000308,TSK002642,0
VEH000003,TSK002642,1
VEH000049,TSK002642,1
VEH000015,TSK002642,1
VEH000272,TSK002642,0
VEH000510,TSK002642,0
VEH000483,TSK002642,0
VEH000089,TSK002660,0
VEH000033,TSK002660,0
VEH000330,TSK002660,1
VEH000261,TSK002660,1
VEH000025,TSK002660,0
VEH000482,TSK002660,1
VEH000523,TSK002660,0
VEH000019,TSK002660,0
VEH000240,TSK002660,0
VEH000083,TSK002660,1
VEH000433,TSK002660,0
VEH000329,TSK002660,1
VEH000450,TSK002660,0
VEH000422,TSK002660,1
VEH000267,TSK002660,0
VEH000296,TSK002660,0
VEH000467,TSK002660,1
VEH000098,TSK002660,1
VEH000074,TSK002660,1
VEH000320,TSK002660,1
VEH000309,TSK002660,0
VEH000067,TSK002660,1
VEH000218,TSK002660,1
VEH000459,TSK002660,1
VEH000101,TSK002660,1
VEH000024,TSK002660,1
VEH000265,TSK002660,1
VEH000006,TSK002660,0
VEH000484,TSK002660,0
VEH000379,TSK002660,0
VEH000358,TSK002660,1
VEH000275,TSK002660,0
VEH000337,TSK002660,0
VEH000532,TSK002660,0
VEH000332,TSK002660,0
VEH000527,TSK002660,0
VEH000078,TSK002660,1
VEH000304,TSK002660,0
VEH000047,TSK002660,1
VEH000287,TSK002660,1
VEH000327,TSK002660,0
VEH000508,TSK002660,0
VEH000057,TSK002660,1
VEH000505,TSK002660,0
VEH000416,TSK002660,0
VEH000035,TSK002660,0
VEH000353,TSK002660,1
VEH000406,TSK002660,0
VEH000050,TSK002660,1
VEH000070,TSK002660,1
VEH000478,TSK002660,0
VEH000514,TSK002660,1
VEH000359,TSK002660,1
VEH000096,TSK002660,1
VEH000229,TSK002660,0
VEH000529,TSK002660,1
VEH000321,TSK002660,1
VEH000037,TSK002660,0
VEH000082,TSK002660,1
VEH000280,TSK002660,1
VEH000388,TSK002660,0
VEH000366,TSK002660,0
VEH000525,TSK002660,1
VEH000281,TSK002660,1
VEH000065,TSK002660,0
VEH000424,TSK002660,1
VEH000246,TSK002660,0
VEH000063,TSK002660,1
VEH000092,TSK002660,1
VEH000251,TSK002660,0
VEH000455,TSK002660,1
VEH000313,TSK002660,0
VEH000053,TSK002660,1
VEH000220,TSK002660,1
VEH000298,TSK002660,0
VEH000040,TSK002660,1
VEH000519,TSK002660,0
VEH000344,TSK002660,0
VEH000312,TSK002660,1
VEH000431,TSK002660,1
VEH000072,TSK002660,1
VEH000093,TSK002660,0
VEH000225,TSK002660,0
VEH000269,TSK002660,1
VEH000401,TSK002660,1
VEH000060,TSK002660,0
VEH000414,TSK002660,1
VEH000531,TSK002660,0
VEH000410,TSK002660,0
VEH000324,TSK002660,0
VEH000095,TSK002660,1
VEH000077,TSK002660,1
VEH000227,TSK002660,1
VEH000308,TSK002660,0
VEH000003,TSK002660,0
VEH000049,TSK002660,0
VEH000015,TSK002660,0
VEH000272,TSK002660,0
VEH000510,TSK002660,1
VEH000483,TSK002660,0
VEH000089,TSK002672,0
VEH000033,TSK002672,1
VEH000330,TSK002672,1
VEH000261,TSK002672,0
VEH000025,TSK002672,1
VEH000482,TSK002672,1
VEH000523,TSK002672,0
VEH000019,TSK002672,1
VEH000240,TSK002672,0
VEH000083,TSK002672,1
VEH000433,TSK002672,1
VEH000329,TSK002672,1
VEH000450,TSK002672,0
VEH000422,TSK002672,0
VEH000267,TSK002672,1
VEH000296,TSK002672,0
VEH000467,TSK002672,0
VEH000098,TSK002672,1
VEH000074,TSK002672,0
VEH000320,TSK002672,0
VEH000309,TSK002672,0
VEH000067,TSK002672,0
VEH000218,TSK002672,0
VEH000459,TSK002672,0
VEH000101,TSK002672,1
VEH000024,TSK002672,1
VEH000265,TSK002672,0
VEH000006,TSK002672,0
VEH000484,TSK002672,0
VEH000379,TSK002672,0
VEH000358,TSK002672,0
VEH000275,TSK002672,1
VEH000337,TSK002672,0
VEH000532,TSK002672,0
VEH000332,TSK002672,1
VEH000527,TSK002672,1
VEH000078,TSK002672,1
VEH000304,TSK002672,0
VEH000047,TSK002672,0
VEH000287,TSK002672,1
VEH000327,TSK002672,0
VEH000508,TSK002672,1
VEH000057,TSK002672,0
VEH000505,TSK002672,0
VEH000416,TSK002672,0
VEH000035,TSK002672,1
VEH000353,TSK002672,0
VEH000406,TSK002672,1
VEH000050,TSK002672,1
VEH000070,TSK002672,1
VEH000478,TSK002672,1
VEH000514,TSK002672,0
VEH000359,TSK002672,1
VEH000096,TSK002672,1
VEH000229,TSK002672,1
VEH000529,TSK002672,1
VEH000321,TSK002672,0
VEH000037,TSK002672,1
VEH000082,TSK002672,1
VEH000280,TSK002672,0
VEH000388,TSK002672,1
VEH000366,TSK002672,1
VEH000525,TSK002672,0
VEH000281,TSK002672,0
VEH000065,TSK002672,1
VEH000424,TSK002672,1
VEH000246,TSK002672,0
VEH000063,TSK002672,0
VEH000092,TSK002672,0
VEH000251,TSK002672,1
VEH000455,TSK002672,1
VEH000313,TSK002672,0
VEH000053,TSK002672,1
VEH000220,TSK002672,0
VEH000298,TSK002672,0
VEH000040,TSK002672,0
VEH000519,TSK002672,1
VEH000344,TSK002672,1
VEH000312,TSK002672,0
VEH000431,TSK002672,0
VEH000072,TSK002672,0
VEH000093,TSK002672,0
VEH000225,TSK002672,1
VEH000269,TSK002672,0
VEH000401,TSK002672,1
VEH000060,TSK002672,1
VEH000414,TSK002672,1
VEH000531,TSK002672,1
VEH000410,TSK002672,1
VEH000324,TSK002672,1
VEH000095,TSK002672,1
VEH000077,TSK002672,1
VEH000227,TSK002672,0
VEH000308,TSK002672,1
VEH000003,TSK002672,0
VEH000049,TSK002672,1
VEH000015,TSK002672,0
VEH000272,TSK002672,0
VEH000510,TSK002672,1
VEH000483,TSK002672,0
VEH000089,TSK002721,1
VEH000033,TSK002721,1
VEH000330,TSK002721,1
VEH000261,TSK002721,0
VEH000025,TSK002721,0
VEH000482,TSK002721,0
VEH000523,TSK002721,0
VEH000019,TSK002721,1
VEH000240,TSK002721,0
VEH000083,TSK002721,1
VEH000433,TSK002721,1
VEH000329,TSK002721,0
VEH000450,TSK002721,0
VEH000422,TSK002721,1
VEH000267,TSK002721,1
VEH000296,TSK002721,1
VEH000467,TSK002721,0
VEH000098,TSK002721,1
VEH000074,TSK002721,0
VEH000320,TSK002721,1
VEH000309,TSK002721,1
VEH000067,TSK002721,1
VEH000218,TSK002721,0
VEH000459,TSK002721,0
VEH000101,TSK002721,0
VEH000024,TSK002721,1
VEH000265,TSK002721,0
VEH000006,TSK002721,0
VEH000484,TSK002721,0
VEH000379,TSK002721,1
VEH000358,TSK002721,1
VEH000275,TSK002721,1
VEH000337,TSK002721,0
VEH000532,TSK002721,0
VEH000332,TSK002721,0
VEH000527,TSK002721,1
VEH000078,TSK002721,1
VEH000304,TSK002721,0
VEH000047,TSK002721,0
VEH000287,TSK002721,1
VEH000327,TSK002721,1
VEH000508,TSK002721,0
VEH000057,TSK002721,0
VEH000505,TSK002721,0
VEH000416,TSK002721,0
VEH000035,TSK002721,0
VEH000353,TSK002721,1
VEH000406,TSK002721,0
VEH000050,TSK002721,1
VEH000070,TSK002721,0
VEH000478,TSK002721,1
VEH000514,TSK002721,0
VEH000359,TSK002721,1
VEH000096,TSK002721,0
VEH000229,TSK002721,0
VEH000529,TSK002721,1
VEH000321,TSK002721,0
VEH000037,TSK002721,0
VEH000082,TSK002721,0
VEH000280,TSK002721,1
VEH000388,TSK002721,0
VEH000366,TSK002721,1
VEH000525,TSK002721,1
VEH000281,TSK002721,0
VEH000065,TSK002721,1
VEH000424,TSK002721,1
VEH000246,TSK002721,1
VEH000063,TSK002721,1
VEH000092,TSK002721,1
VEH000251,TSK002721,0
VEH000455,TSK002721,0
VEH000313,TSK002721,1
VEH000053,TSK002721,1
VEH000220,TSK002721,0
VEH000298,TSK002721,0
VEH000040,TSK002721,1
VEH000519,TSK002721,1
VEH000344,TSK002721,0
VEH000312,TSK002721,1
VEH000431,TSK002721,0
VEH000072,TSK002721,0
VEH000093,TSK002721,1
VEH000225,TSK002721,1
VEH000269,TSK002721,0
VEH000401,TSK002721,0
VEH000060,TSK002721,1
VEH000414,TSK002721,0
VEH000531,TSK002721,0
VEH000410,TSK002721,1
VEH000324,TSK002721,0
VEH000095,TSK002721,1
VEH000077,TSK002721,1
VEH000227,TSK002721,1
VEH000308,TSK002721,0
VEH000003,TSK002721,0
VEH000049,TSK002721,1
VEH000015,TSK002721,0
VEH000272,TSK002721,1
VEH000510,TSK002721,1
VEH000483,TSK002721,1
VEH000089,TSK002765,0
VEH000033,TSK002765,1
VEH000330,TSK002765,1
VEH000261,TSK002765,1
VEH000025,TSK002765,1
VEH000482,TSK002765,1
VEH000523,TSK002765,1
VEH000019,TSK002765,1
VEH000240,TSK002765,1
VEH000083,TSK002765,1
VEH000433,TSK002765,0
VEH000329,TSK002765,0
VEH000450,TSK002765,0
VEH000422,TSK002765,1
VEH000267,TSK002765,1
VEH000296,TSK002765,0
VEH000467,TSK002765,1
VEH000098,TSK002765,1
VEH000074,TSK002765,0
VEH000320,TSK002765,0
VEH000309,TSK002765,0
VEH000067,TSK002765,0
VEH000218,TSK002765,1
VEH000459,TSK002765,1
VEH000101,TSK002765,1
VEH000024,TSK002765,1
VEH000265,TSK002765,0
VEH000006,TSK002765,0
VEH000484,TSK002765,0
VEH000379,TSK002765,0
VEH000358,TSK002765,1
VEH000275,TSK002765,0
VEH000337,TSK002765,1
VEH000532,TSK002765,1
VEH000332,TSK002765,0
VEH000527,TSK002765,0
VEH000078,TSK002765,1
VEH000304,TSK002765,0
VEH000047,TSK002765,1
VEH000287,TSK002765,0
VEH000327,TSK002765,0
VEH000508,TSK002765,0
VEH000057,TSK002765,1
VEH000505,TSK002765,1
VEH000416,TSK002765,1
VEH000035,TSK002765,0
VEH000353,TSK002765,1
VEH000406,TSK002765,1
VEH000050,TSK002765,0
VEH000070,TSK002765,0
VEH000478,TSK002765,1
VEH000514,TSK002765,0
VEH000359,TSK002765,0
VEH000096,TSK002765,0
VEH000229,TSK002765,1
VEH000529,TSK002765,1
VEH000321,TSK002765,1
VEH000037,TSK002765,1
VEH000082,TSK002765,1
VEH000280,TSK002765,0
VEH000388,TSK002765,1
VEH000366,TSK002765,1
VEH000525,TSK002765,0
VEH000281,TSK002765,0
VEH000065,TSK002765,0
VEH000424,TSK002765,0
VEH000246,TSK002765,1
VEH000063,TSK002765,1
VEH000092,TSK002765,0
VEH000251,TSK002765,0
VEH000455,TSK002765,0
VEH000313,TSK002765,0
VEH000053,TSK002765,0
VEH000220,TSK002765,0
VEH000298,TSK002765,0
VEH000040,TSK002765,0
VEH000519,TSK002765,1
VEH000344,TSK002765,0
VEH000312,TSK002765,0
VEH000431,TSK002765,1
VEH000072,TSK002765,1
VEH000093,TSK002765,0
VEH000225,TSK002765,1
VEH000269,TSK002765,1
VEH000401,TSK002765,0
VEH000060,TSK002765,1
VEH000414,TSK002765,0
VEH000531,TSK002765,1
VEH000410,TSK002765,0
VEH000324,TSK002765,1
VEH000095,TSK002765,0
VEH000077,TSK002765,1
VEH000227,TSK002765,0
VEH000308,TSK002765,1
VEH000003,TSK002765,0
VEH000049,TSK002765,1
VEH000015,TSK002765,0
VEH000272,TSK002765,1
VEH000510,TSK002765,1
VEH000483,TSK002765,0
VEH000089,TSK002778,1
VEH000033,TSK002778,0
VEH000330,TSK002778,1
VEH000261,TSK002778,1
VEH000025,TSK002778,1
VEH000482,TSK002778,0
VEH000523,TSK002778,0
VEH000019,TSK002778,1
VEH000240,TSK002778,1
VEH000083,TSK002778,1
VEH000433,TSK002778,0
VEH000329,TSK002778,0
VEH000450,TSK002778,0
VEH000422,TSK002778,1
VEH000267,TSK002778,1
VEH000296,TSK002778,0
VEH000467,TSK002778,1
VEH000098,TSK002778,0
VEH000074,TSK002778,0
VEH000320,TSK002778,1
VEH000309,TSK002778,1
VEH000067,TSK002778,0
VEH000218,TSK002778,0
VEH000459,TSK002778,0
VEH000101,TSK002778,0
VEH000024,TSK002778,0
VEH000265,TSK002778,0
VEH000006,TSK002778,0
VEH000484,TSK002778,0
VEH000379,TSK002778,1
VEH000358,TSK002778,0
VEH000275,TSK002778,1
VEH000337,TSK002778,0
VEH000532,TSK002778,1
VEH000332,TSK002778,1
VEH000527,TSK002778,0
VEH000078,TSK002778,1
VEH000304,TSK002778,0
VEH000047,TSK002778,1
VEH000287,TSK002778,0
VEH000327,TSK002778,0
VEH000508,TSK002778,1
VEH000057,TSK002778,1
VEH000505,TSK002778,0
VEH000416,TSK002778,1
VEH000035,TSK002778,1
VEH000353,TSK002778,0
VEH000406,TSK002778,0
VEH000050,TSK002778,0
VEH000070,TSK002778,0
VEH000478,TSK002778,0
VEH000514,TSK002778,1
VEH000359,TSK002778,0
VEH000096,TSK002778,0
VEH000229,TSK002778,0
VEH000529,TSK002778,0
VEH000321,TSK002778,0
VEH000037,TSK002778,1
VEH000082,TSK002778,1
VEH000280,TSK002778,1
VEH000388,TSK002778,1
VEH000366,TSK002778,0
VEH000525,TSK002778,1
VEH000281,TSK002778,0
VEH000065,TSK002778,1
VEH000424,TSK002778,0
VEH000246,TSK002778,0
VEH000063,TSK002778,1
VEH000092,TSK002778,1
VEH000251,TSK002778,1
VEH000455,TSK002778,0
VEH000313,TSK002778,1
VEH000053,TSK002778,1
VEH000220,TSK002778,1
VEH000298,TSK002778,0
VEH000040,TSK002778,1
VEH000519,TSK002778,1
VEH000344,TSK002778,1
VEH000312,TSK002778,0
VEH000431,TSK002778,0
VEH000072,TSK002778,0
VEH000093,TSK002778,1
VEH000225,TSK002778,0
VEH000269,TSK002778,1
VEH000401,TSK002778,0
VEH000060,TSK002778,0
VEH000414,TSK002778,1
VEH000531,TSK002778,0
VEH000410,TSK002778,0
VEH000324,TSK002778,1
VEH000095,TSK002778,0
VEH000077,TSK002778,1
VEH000227,TSK002778,1
VEH000308,TSK002778,1
VEH000003,TSK002778,1
VEH000049,TSK002778,1
VEH000015,TSK002778,1
VEH000272,TSK002778,1
VEH000510,TSK002778,0
VEH000483,TSK002778,1
VEH000089,TSK002779,0
VEH000033,TSK002779,0
VEH000330,TSK002779,0
VEH000261,TSK002779,0
VEH000025,TSK002779,0
VEH000482,TSK002779,1
VEH000523,TSK002779,0
VEH000019,TSK002779,0
VEH000240,TSK002779,0
VEH000083,TSK002779,1
VEH000433,TSK002779,1
VEH000329,TSK002779,0
VEH000450,TSK002779,0
VEH000422,TSK002779,1
VEH000267,TSK002779,1
VEH000296,TSK002779,1
VEH000467,TSK002779,0
VEH000098,TSK002779,0
VEH000074,TSK002779,1
VEH000320,TSK002779,0
VEH000309,TSK002779,0
VEH000067,TSK002779,1
VEH000218,TSK002779,0
VEH000459,TSK002779,0
VEH000101,TSK002779,1
VEH000024,TSK002779,1
VEH000265,TSK002779,1
VEH000006,TSK002779,0
VEH000484,TSK002779,1
VEH000379,TSK002779,1
VEH000358,TSK002779,0
VEH000275,TSK002779,1
VEH000337,TSK002779,1
VEH000532,TSK002779,1
VEH000332,TSK002779,0
VEH000527,TSK002779,0
VEH000078,TSK002779,0
VEH000304,TSK002779,0
VEH000047,TSK002779,1
VEH000287,TSK002779,1
VEH000327,TSK002779,1
VEH000508,TSK002779,0
VEH000057,TSK002779,1
VEH000505,TSK002779,0
VEH000416,TSK002779,0
VEH000035,TSK002779,1
VEH000353,TSK002779,1
VEH000406,TSK002779,0
VEH000050,TSK002779,0
VEH000070,TSK002779,0
VEH000478,TSK002779,1
VEH000514,TSK002779,0
VEH000359,TSK002779,1
VEH000096,TSK002779,0
VEH000229,TSK002779,1
VEH000529,TSK002779,1
VEH000321,TSK002779,0
VEH000037,TSK002779,1
VEH000082,TSK002779,1
VEH000280,TSK002779,1
VEH000388,TSK002779,0
VEH000366,TSK002779,0
VEH000525,TSK002779,1
VEH000281,TSK002779,0
VEH000065,TSK002779,1
VEH000424,TSK002779,1
VEH000246,TSK002779,1
VEH000063,TSK002779,0
VEH000092,TSK002779,1
VEH000251,TSK002779,1
VEH000455,TSK002779,1
VEH000313,TSK002779,1
VEH000053,TSK002779,1
VEH000220,TSK002779,0
VEH000298,TSK002779,0
VEH000040,TSK002779,1
VEH000519,TSK002779,0
VEH000344,TSK002779,1
VEH000312,TSK002779,1
VEH000431,TSK002779,0
VEH000072,TSK002779,1
VEH000093,TSK002779,0
VEH000225,TSK002779,0
VEH000269,TSK002779,0
VEH000401,TSK002779,0
VEH000060,TSK002779,1
VEH000414,TSK002779,1
VEH000531,TSK002779,1
VEH000410,TSK002779,0
VEH000324,TSK002779,1
VEH000095,TSK002779,0
VEH000077,TSK002779,1
VEH000227,TSK002779,1
VEH000308,TSK002779,0
VEH000003,TSK002779,0
VEH000049,TSK002779,0
VEH000015,TSK002779,1
VEH000272,TSK002779,1
VEH000510,TSK002779,0
VEH000483,TSK002779,0
VEH000089,TSK002782,0
VEH000033,TSK002782,1
VEH000330,TSK002782,1
VEH000261,TSK002782,0
VEH000025,TSK002782,1
VEH000482,TSK002782,0
VEH000523,TSK002782,0
VEH000019,TSK002782,1
VEH000240,TSK002782,0
VEH000083,TSK002782,1
VEH000433,TSK002782,0
VEH000329,TSK002782,1
VEH000450,TSK002782,0
VEH000422,TSK002782,1
VEH000267,TSK002782,0
VEH000296,TSK002782,1
VEH000467,TSK002782,1
VEH000098,TSK002782,1
VEH000074,TSK002782,1
VEH000320,TSK002782,1
VEH000309,TSK002782,0
VEH000067,TSK002782,0
VEH000218,TSK002782,0
VEH000459,TSK002782,1
VEH000101,TSK002782,0
VEH000024,TSK002782,1
VEH000265,TSK002782,0
VEH000006,TSK002782,1
VEH000484,TSK002782,1
VEH000379,TSK002782,1
VEH000358,TSK002782,0
VEH000275,TSK002782,1
VEH000337,TSK002782,1
VEH000532,TSK002782,1
VEH000332,TSK002782,0
VEH000527,TSK002782,0
VEH000078,TSK002782,1
VEH000304,TSK002782,1
VEH000047,TSK002782,1
VEH000287,TSK002782,1
VEH000327,TSK002782,1
VEH000508,TSK002782,0
VEH000057,TSK002782,1
VEH000505,TSK002782,0
VEH000416,TSK002782,1
VEH000035,TSK002782,1
VEH000353,TSK002782,1
VEH000406,TSK002782,1
VEH000050,TSK002782,0
VEH000070,TSK002782,1
VEH000478,TSK002782,0
VEH000514,TSK002782,0
VEH000359,TSK002782,0
VEH000096,TSK002782,1
VEH000229,TSK002782,0
VEH000529,TSK002782,0
VEH000321,TSK002782,0
VEH000037,TSK002782,0
VEH000082,TSK002782,1
VEH000280,TSK002782,0
VEH000388,TSK002782,0
VEH000366,TSK002782,1
VEH000525,TSK002782,1
VEH000281,TSK002782,0
VEH000065,TSK002782,0
VEH000424,TSK002782,1
VEH000246,TSK002782,0
VEH000063,TSK002782,0
VEH000092,TSK002782,0
VEH000251,TSK002782,0
VEH000455,TSK002782,1
VEH000313,TSK002782,0
VEH000053,TSK002782,0
VEH000220,TSK002782,0
VEH000298,TSK002782,1
VEH000040,TSK002782,0
VEH000519,TSK002782,1
VEH000344,TSK002782,0
VEH000312,TSK002782,1
VEH000431,TSK002782,0
VEH000072,TSK002782,0
VEH000093,TSK002782,0
VEH000225,TSK002782,0
VEH000269,TSK002782,0
VEH000401,TSK002782,1
VEH000060,TSK002782,0
VEH000414,TSK002782,1
VEH000531,TSK002782,1
VEH000410,TSK002782,0
VEH000324,TSK002782,0
VEH000095,TSK002782,1
VEH000077,TSK002782,1
VEH000227,TSK002782,0
VEH000308,TSK002782,1
VEH000003,TSK002782,1
VEH000049,TSK002782,0
VEH000015,TSK002782,1
VEH000272,TSK002782,1
VEH000510,TSK002782,1
VEH000483,TSK002782,0
VEH000089,TSK002789,1
VEH000033,TSK002789,1
VEH000330,TSK002789,0
VEH000261,TSK002789,1
VEH000025,TSK002789,1
VEH000482,TSK002789,0
VEH000523,TSK002789,0
VEH000019,TSK002789,1
VEH000240,TSK002789,1
VEH000083,TSK002789,0
VEH000433,TSK002789,1
VEH000329,TSK002789,1
VEH000450,TSK002789,0
VEH000422,TSK002789,1
VEH000267,TSK002789,0
VEH000296,TSK002789,0
VEH000467,TSK002789,0
VEH000098,TSK002789,0
VEH000074,TSK002789,1
VEH000320,TSK002789,0
VEH000309,TSK002789,0
VEH000067,TSK002789,1
VEH000218,TSK002789,0
VEH000459,TSK002789,0
VEH000101,TSK002789,0
VEH000024,TSK002789,1
VEH000265,TSK002789,0
VEH000006,TSK002789,0
VEH000484,TSK002789,1
VEH000379,TSK002789,1
VEH000358,TSK002789,0
VEH000275,TSK002789,1
VEH000337,TSK002789,1
VEH000532,TSK002789,1
VEH000332,TSK002789,0
VEH000527,TSK002789,0
VEH000078,TSK002789,1
VEH000304,TSK002789,1
VEH000047,TSK002789,1
VEH000287,TSK002789,0
VEH000327,TSK002789,1
VEH000508,TSK002789,1
VEH000057,TSK002789,1
VEH000505,TSK002789,0
VEH000416,TSK002789,0
VEH000035,TSK002789,0
VEH000353,TSK002789,0
VEH000406,TSK002789,0
VEH000050,TSK002789,0
VEH000070,TSK002789,0
VEH000478,TSK002789,1
VEH000514,TSK002789,0
VEH000359,TSK002789,0
VEH000096,TSK002789,1
VEH000229,TSK002789,1
VEH000529,TSK002789,1
VEH000321,TSK002789,1
VEH000037,TSK002789,0
VEH000082,TSK002789,1
VEH000280,TSK002789,0
VEH000388,TSK002789,0
VEH000366,TSK002789,0
VEH000525,TSK002789,1
VEH000281,TSK002789,0
VEH000065,TSK002789,1
VEH000424,TSK002789,0
VEH000246,TSK002789,0
VEH000063,TSK002789,0
VEH000092,TSK002789,0
VEH000251,TSK002789,0
VEH000455,TSK002789,1
VEH000313,TSK002789,0
VEH000053,TSK002789,1
VEH000220,TSK002789,0
VEH000298,TSK002789,1
VEH000040,TSK002789,1
VEH000519,TSK002789,1
VEH000344,TSK002789,1
VEH000312,TSK002789,1
VEH000431,TSK002789,1
VEH000072,TSK002789,1
VEH000093,TSK002789,0
VEH000225,TSK002789,0
VEH000269,TSK002789,0
VEH000401,TSK002789,1
VEH000060,TSK002789,0
VEH000414,TSK002789,0
VEH000531,TSK002789,1
VEH000410,TSK002789,1
VEH000324,TSK002789,0
VEH000095,TSK002789,1
VEH000077,TSK002789,1
VEH000227,TSK002789,1
VEH000308,TSK002789,0
VEH000003,TSK002789,0
VEH000049,TSK002789,1
VEH000015,TSK002789,1
VEH000272,TSK002789,1
VEH000510,TSK002789,0
VEH000483,TSK002789,1
VEH000089,TSK002809,0
VEH000033,TSK002809,1
VEH000330,TSK002809,0
VEH000261,TSK002809,1
VEH000025,TSK002809,1
VEH000482,TSK002809,0
VEH000523,TSK002809,0
VEH000019,TSK002809,1
VEH000240,TSK002809,1
VEH000083,TSK002809,1
VEH000433,TSK002809,0
VEH000329,TSK002809,0
VEH000450,TSK002809,1
VEH000422,TSK002809,0
VEH000267,TSK002809,0
VEH000296,TSK002809,0
VEH000467,TSK002809,1
VEH000098,TSK002809,1
VEH000074,TSK002809,0
VEH000320,TSK002809,0
VEH000309,TSK002809,1
VEH000067,TSK002809,1
VEH000218,TSK002809,1
VEH000459,TSK002809,0
VEH000101,TSK002809,1
VEH000024,TSK002809,1
VEH000265,TSK002809,1
VEH000006,TSK002809,1
VEH000484,TSK002809,0
VEH000379,TSK002809,1
VEH000358,TSK002809,1
VEH000275,TSK002809,1
VEH000337,TSK002809,1
VEH000532,TSK002809,1
VEH000332,TSK002809,1
VEH000527,TSK002809,1
VEH000078,TSK002809,0
VEH000304,TSK002809,1
VEH000047,TSK002809,1
VEH000287,TSK002809,0
VEH000327,TSK002809,0
VEH000508,TSK002809,1
VEH000057,TSK002809,0
VEH000505,TSK002809,1
VEH000416,TSK002809,0
VEH000035,TSK002809,0
VEH000353,TSK002809,0
VEH000406,TSK002809,0
VEH000050,TSK002809,0
VEH000070,TSK002809,0
VEH000478,TSK002809,1
VEH000514,TSK002809,1
VEH000359,TSK002809,0
VEH000096,TSK002809,0
VEH000229,TSK002809,1
VEH000529,TSK002809,0
VEH000321,TSK002809,1
VEH000037,TSK002809,0
VEH000082,TSK002809,0
VEH000280,TSK002809,0
VEH000388,TSK002809,1
VEH000366,TSK002809,0
VEH000525,TSK002809,1
VEH000281,TSK002809,1
VEH000065,TSK002809,1
VEH000424,TSK002809,0
VEH000246,TSK002809,0
VEH000063,TSK002809,0
VEH000092,TSK002809,0
VEH000251,TSK002809,1
VEH000455,TSK002809,1
VEH000313,TSK002809,1
VEH000053,TSK002809,0
VEH000220,TSK002809,1
VEH000298,TSK002809,0
VEH000040,TSK002809,1
VEH000519,TSK002809,0
VEH000344,TSK002809,0
VEH000312,TSK002809,0
VEH000431,TSK002809,1
VEH000072,TSK002809,0
VEH000093,TSK002809,0
VEH000225,TSK002809,1
VEH000269,TSK002809,0
VEH000401,TSK002809,1
VEH000060,TSK002809,1
VEH000414,TSK002809,0
VEH000531,TSK002809,0
VEH000410,TSK002809,1
VEH000324,TSK002809,1
VEH000095,TSK002809,0
VEH000077,TSK002809,1
VEH000227,TSK002809,1
VEH000308,TSK002809,0
VEH000003,TSK002809,0
VEH000049,TSK002809,1
VEH000015,TSK002809,1
VEH000272,TSK002809,0
VEH000510,TSK002809,0
VEH000483,TSK002809,0
VEH000089,TSK002929,1
VEH000033,TSK002929,0
VEH000330,TSK002929,1
VEH000261,TSK002929,1
VEH000025,TSK002929,1
VEH000482,TSK002929,1
VEH000523,TSK002929,0
VEH000019,TSK002929,0
VEH000240,TSK002929,0
VEH000083,TSK002929,0
VEH000433,TSK002929,0
VEH000329,TSK002929,1
VEH000450,TSK002929,0
VEH000422,TSK002929,0
VEH000267,TSK002929,1
VEH000296,TSK002929,1
VEH000467,TSK002929,1
VEH000098,TSK002929,1
VEH000074,TSK002929,0
VEH000320,TSK002929,0
VEH000309,TSK002929,1
VEH000067,TSK002929,1
VEH000218,TSK002929,1
VEH000459,TSK002929,1
VEH000101,TSK002929,0
VEH000024,TSK002929,1
VEH000265,TSK002929,1
VEH000006,TSK002929,0
VEH000484,TSK002929,1
VEH000379,TSK002929,0
VEH000358,TSK002929,0
VEH000275,TSK002929,0
VEH000337,TSK002929,1
VEH000532,TSK002929,0
VEH000332,TSK002929,1
VEH000527,TSK002929,1
VEH000078,TSK002929,1
VEH000304,TSK002929,0
VEH000047,TSK002929,0
VEH000287,TSK002929,0
VEH000327,TSK002929,1
VEH000508,TSK002929,0
VEH000057,TSK002929,0
VEH000505,TSK002929,0
VEH000416,TSK002929,0
VEH000035,TSK002929,1
VEH000353,TSK002929,1
VEH000406,TSK002929,1
VEH000050,TSK002929,0
VEH000070,TSK002929,0
VEH000478,TSK002929,0
VEH000514,TSK002929,0
VEH000359,TSK002929,0
VEH000096,TSK002929,1
VEH000229,TSK002929,0
VEH000529,TSK002929,0
VEH000321,TSK002929,1
VEH000037,TSK002929,1
VEH000082,TSK002929,1
VEH000280,TSK002929,1
VEH000388,TSK002929,0
VEH000366,TSK002929,0
VEH000525,TSK002929,0
VEH000281,TSK002929,0
VEH000065,TSK002929,1
VEH000424,TSK002929,0
VEH000246,TSK002929,1
VEH000063,TSK002929,1
VEH000092,TSK002929,0
VEH000251,TSK002929,0
VEH000455,TSK002929,0
VEH000313,TSK002929,0
VEH000053,TSK002929,1
VEH000220,TSK002929,0
VEH000298,TSK002929,1
VEH000040,TSK002929,1
VEH000519,TSK002929,0
VEH000344,TSK002929,1
VEH000312,TSK002929,1
VEH000431,TSK002929,1
VEH000072,TSK002929,1
VEH000093,TSK002929,0
VEH000225,TSK002929,0
VEH000269,TSK002929,1
VEH000401,TSK002929,0
VEH000060,TSK002929,1
VEH000414,TSK002929,1
VEH000531,TSK002929,1
VEH000410,TSK002929,1
VEH000324,TSK002929,1
VEH000095,TSK002929,0
VEH000077,TSK002929,0
VEH000227,TSK002929,1
VEH000308,TSK002929,0
VEH000003,TSK002929,0
VEH000049,TSK002929,1
VEH000015,TSK002929,0
VEH000272,TSK002929,0
VEH000510,TSK002929,1
VEH000483,TSK002929,1
VEH000089,TSK002941,0
VEH000033,TSK002941,1
VEH000330,TSK002941,1
VEH000261,TSK002941,0
VEH000025,TSK002941,0
VEH000482,TSK002941,1
VEH000523,TSK002941,0
VEH000019,TSK002941,1
VEH000240,TSK002941,1
VEH000083,TSK002941,0
VEH000433,TSK002941,0
VEH000329,TSK002941,0
VEH000450,TSK002941,1
VEH000422,TSK002941,1
VEH000267,TSK002941,0
VEH000296,TSK002941,1
VEH000467,TSK002941,1
VEH000098,TSK002941,0
VEH000074,TSK002941,1
VEH000320,TSK002941,0
VEH000309,TSK002941,1
VEH000067,TSK002941,1
VEH000218,TSK002941,0
VEH000459,TSK002941,0
VEH000101,TSK002941,0
VEH000024,TSK002941,1
VEH000265,TSK002941,0
VEH000006,TSK002941,0
VEH000484,TSK002941,0
VEH000379,TSK002941,0
VEH000358,TSK002941,1
VEH000275,TSK002941,0
VEH000337,TSK002941,1
VEH000532,TSK002941,0
VEH000332,TSK002941,0
VEH000527,TSK002941,1
VEH000078,TSK002941,0
VEH000304,TSK002941,1
VEH000047,TSK002941,0
VEH000287,TSK002941,1
VEH000327,TSK002941,1
VEH000508,TSK002941,0
VEH000057,TSK002941,1
VEH000505,TSK002941,0
VEH000416,TSK002941,1
VEH000035,TSK002941,1
VEH000353,TSK002941,0
VEH000406,TSK002941,0
VEH000050,TSK002941,0
VEH000070,TSK002941,0
VEH000478,TSK002941,1
VEH000514,TSK002941,0
VEH000359,TSK002941,1
VEH000096,TSK002941,1
VEH000229,TSK002941,1
VEH000529,TSK002941,1
VEH000321,TSK002941,0
VEH000037,TSK002941,0
VEH000082,TSK002941,0
VEH000280,TSK002941,1
VEH000388,TSK002941,1
VEH000366,TSK002941,1
VEH000525,TSK002941,0
VEH000281,TSK002941,1
VEH000065,TSK002941,0
VEH000424,TSK002941,0
VEH000246,TSK002941,1
VEH000063,TSK002941,1
VEH000092,TSK002941,0
VEH000251,TSK002941,0
VEH000455,TSK002941,1
VEH000313,TSK002941,1
VEH000053,TSK002941,1
VEH000220,TSK002941,0
VEH000298,TSK002941,1
VEH000040,TSK002941,0
VEH000519,TSK002941,0
VEH000344,TSK002941,1
VEH000312,TSK002941,0
VEH000431,TSK002941,1
VEH000072,TSK002941,1
VEH000093,TSK002941,0
VEH000225,TSK002941,1
VEH000269,TSK002941,1
VEH000401,TSK002941,0
VEH000060,TSK002941,1
VEH000414,TSK002941,0
VEH000531,TSK002941,0
VEH000410,TSK002941,1
VEH000324,TSK002941,1
VEH000095,TSK002941,1
VEH000077,TSK002941,1
VEH000227,TSK002941,0
VEH000308,TSK002941,0
VEH000003,TSK002941,0
VEH000049,TSK002941,0
VEH000015,TSK002941,0
VEH000272,TSK002941,1
VEH000510,TSK002941,1
VEH000483,TSK002941,1
VEH000089,TSK002988,1
VEH000033,TSK002988,0
VEH000330,TSK002988,0
VEH000261,TSK002988,0
VEH000025,TSK002988,1
VEH000482,TSK002988,0
VEH000523,TSK002988,0
VEH000019,TSK002988,1
VEH000240,TSK002988,0
VEH000083,TSK002988,0
VEH000433,TSK002988,0
VEH000329,TSK002988,0
VEH000450,TSK002988,1
VEH000422,TSK002988,0
VEH000267,TSK002988,1
VEH000296,TSK002988,0
VEH000467,TSK002988,0
VEH000098,TSK002988,0
VEH000074,TSK002988,1
VEH000320,TSK002988,1
VEH000309,TSK002988,1
VEH000067,TSK002988,1
VEH000218,TSK002988,1
VEH000459,TSK002988,0
VEH000101,TSK002988,1
VEH000024,TSK002988,1
VEH000265,TSK002988,0
VEH000006,TSK002988,1
VEH000484,TSK002988,1
VEH000379,TSK002988,1
VEH000358,TSK002988,1
VEH000275,TSK002988,1
VEH000337,TSK002988,0
VEH000532,TSK002988,1
VEH000332,TSK002988,0
VEH000527,TSK002988,1
VEH000078,TSK002988,1
VEH000304,TSK002988,1
VEH000047,TSK002988,0
VEH000287,TSK002988,1
VEH000327,TSK002988,1
VEH000508,TSK002988,1
VEH000057,TSK002988,0
VEH000505,TSK002988,0
VEH000416,TSK002988,0
VEH000035,TSK002988,0
VEH000353,TSK002988,1
VEH000406,TSK002988,1
VEH000050,TSK002988,0
VEH000070,TSK002988,0
VEH000478,TSK002988,1
VEH000514,TSK002988,1
VEH000359,TSK002988,0
VEH000096,TSK002988,0
VEH000229,TSK002988,1
VEH000529,TSK002988,0
VEH000321,TSK002988,1
VEH000037,TSK002988,0
VEH000082,TSK002988,1
VEH000280,TSK002988,1
VEH000388,TSK002988,1
VEH000366,TSK002988,0
VEH000525,TSK002988,0
VEH000281,TSK002988,1
VEH000065,TSK002988,0
VEH000424,TSK002988,1
VEH000246,TSK002988,0
VEH000063,TSK002988,0
VEH000092,TSK002988,0
VEH000251,TSK002988,0
VEH000455,TSK002988,0
VEH000313,TSK002988,1
VEH000053,TSK002988,0
VEH000220,TSK002988,1
VEH000298,TSK002988,0
VEH000040,TSK002988,1
VEH000519,TSK002988,0
VEH000344,TSK002988,1
VEH000312,TSK002988,1
VEH000431,TSK002988,0
VEH000072,TSK002988,1
VEH000093,TSK002988,0
VEH000225,TSK002988,0
VEH000269,TSK002988,1
VEH000401,TSK002988,1
VEH000060,TSK002988,0
VEH000414,TSK002988,1
VEH000531,TSK002988,1
VEH000410,TSK002988,1
VEH000324,TSK002988,1
VEH000095,TSK002988,0
VEH000077,TSK002988,0
VEH000227,TSK002988,1
VEH000308,TSK002988,0
VEH000003,TSK002988,0
VEH000049,TSK002988,0
VEH000015,TSK002988,1
VEH000272,TSK002988,1
VEH000510,TSK002988,0
VEH000483,TSK002988,0
VEH000089,TSK002994,1
VEH000033,TSK002994,0
VEH000330,TSK002994,0
VEH000261,TSK002994,1
VEH000025,TSK002994,1
VEH000482,TSK002994,0
VEH000523,TSK002994,0
VEH000019,TSK002994,0
VEH000240,TSK002994,1
VEH000083,TSK002994,0
VEH000433,TSK002994,0
VEH000329,TSK002994,0
VEH000450,TSK002994,0
VEH000422,TSK002994,0
VEH000267,TSK002994,1
VEH000296,TSK002994,1
VEH000467,TSK002994,1
VEH000098,TSK002994,0
VEH000074,TSK002994,0
VEH000320,TSK002994,0
VEH000309,TSK002994,1
VEH000067,TSK002994,0
VEH000218,TSK002994,0
VEH000459,TSK002994,0
VEH000101,TSK002994,0
VEH000024,TSK002994,0
VEH000265,TSK002994,0
VEH000006,TSK002994,1
VEH000484,TSK002994,1
VEH000379,TSK002994,1
VEH000358,TSK002994,0
VEH000275,TSK002994,1
VEH000337,TSK002994,0
VEH000532,TSK002994,0
VEH000332,TSK002994,1
VEH000527,TSK002994,1
VEH000078,TSK002994,0
VEH000304,TSK002994,1
VEH000047,TSK002994,1
VEH000287,TSK002994,0
VEH000327,TSK002994,1
VEH000508,TSK002994,1
VEH000057,TSK002994,0
VEH000505,TSK002994,0
VEH000416,TSK002994,1
VEH000035,TSK002994,1
VEH000353,TSK002994,1
VEH000406,TSK002994,0
VEH000050,TSK002994,0
VEH000070,TSK002994,0
VEH000478,TSK002994,0
VEH000514,TSK002994,1
VEH000359,TSK002994,0
VEH000096,TSK002994,1
VEH000229,TSK002994,1
VEH000529,TSK002994,1
VEH000321,TSK002994,0
VEH000037,TSK002994,0
VEH000082,TSK002994,1
VEH000280,TSK002994,1
VEH000388,TSK002994,1
VEH000366,TSK002994,1
VEH000525,TSK002994,0
VEH000281,TSK002994,0
VEH000065,TSK002994,0
VEH000424,TSK002994,1
VEH000246,TSK002994,0
VEH000063,TSK002994,1
VEH000092,TSK002994,1
VEH000251,TSK002994,0
VEH000455,TSK002994,1
VEH000313,TSK002994,1
VEH000053,TSK002994,1
VEH000220,TSK002994,0
VEH000298,TSK002994,1
VEH000040,TSK002994,0
VEH000519,TSK002994,0
VEH000344,TSK002994,1
VEH000312,TSK002994,0
VEH000431,TSK002994,1
VEH000072,TSK002994,1
VEH000093,TSK002994,1
VEH000225,TSK002994,1
VEH000269,TSK002994,1
VEH000401,TSK002994,1
VEH000060,TSK002994,1
VEH000414,TSK002994,0
VEH000531,TSK002994,0
VEH000410,TSK002994,0
VEH000324,TSK002994,1
VEH000095,TSK002994,1
VEH000077,TSK002994,1
VEH000227,TSK002994,0
VEH000308,TSK002994,0
VEH000003,TSK002994,1
VEH000049,TSK002994,0
VEH000015,TSK002994,1
VEH000272,TSK002994,1
VEH000510,TSK002994,0
VEH000483,TSK002994,0
VEH000089,TSK003035,0
VEH000033,TSK003035,0
VEH000330,TSK003035,0
VEH000261,TSK003035,0
VEH000025,TSK003035,0
VEH000482,TSK003035,1
VEH000523,TSK003035,0
VEH000019,TSK003035,1
VEH000240,TSK003035,0
VEH000083,TSK003035,1
VEH000433,TSK003035,1
VEH000329,TSK003035,0
VEH000450,TSK003035,1
VEH000422,TSK003035,0
VEH000267,TSK003035,0
VEH000296,TSK003035,0
VEH000467,TSK003035,0
VEH000098,TSK003035,1
VEH000074,TSK003035,0
VEH000320,TSK003035,0
VEH000309,TSK003035,0
VEH000067,TSK003035,1
VEH000218,TSK003035,0
VEH000459,TSK003035,1
VEH000101,TSK003035,0
VEH000024,TSK003035,1
VEH000265,TSK003035,0
VEH000006,TSK003035,1
VEH000484,TSK003035,0
VEH000379,TSK003035,0
VEH000358,TSK003035,0
VEH000275,TSK003035,0
VEH000337,TSK003035,1
VEH000532,TSK003035,0
VEH000332,TSK003035,1
VEH000527,TSK003035,0
VEH000078,TSK003035,1
VEH000304,TSK003035,1
VEH000047,TSK003035,1
VEH000287,TSK003035,0
VEH000327,TSK003035,1
VEH000508,TSK003035,1
VEH000057,TSK003035,0
VEH000505,TSK003035,1
VEH000416,TSK003035,1
VEH000035,TSK003035,0
VEH000353,TSK003035,1
VEH000406,TSK003035,0
VEH000050,TSK003035,0
VEH000070,TSK003035,0
VEH000478,TSK003035,1
VEH000514,TSK003035,0
VEH000359,TSK003035,1
VEH000096,TSK003035,0
VEH000229,TSK003035,1
VEH000529,TSK003035,1
VEH000321,TSK003035,1
VEH000037,TSK003035,0
VEH000082,TSK003035,0
VEH000280,TSK003035,0
VEH000388,TSK003035,1
VEH000366,TSK003035,0
VEH000525,TSK003035,1
VEH000281,TSK003035,1
VEH000065,TSK003035,0
VEH000424,TSK003035,1
VEH000246,TSK003035,1
VEH000063,TSK003035,1
VEH000092,TSK003035,1
VEH000251,TSK003035,1
VEH000455,TSK003035,1
VEH000313,TSK003035,0
VEH000053,TSK003035,1
VEH000220,TSK003035,1
VEH000298,TSK003035,1
VEH000040,TSK003035,1
VEH000519,TSK003035,0
VEH000344,TSK003035,1
VEH000312,TSK003035,0
VEH000431,TSK003035,1
VEH000072,TSK003035,1
VEH000093,TSK003035,0
VEH000225,TSK003035,1
VEH000269,TSK003035,1
VEH000401,TSK003035,0
VEH000060,TSK003035,0
VEH000414,TSK003035,1
VEH000531,TSK003035,1
VEH000410,TSK003035,1
VEH000324,TSK003035,0
VEH000095,TSK003035,1
VEH000077,TSK003035,0
VEH000227,TSK003035,0
VEH000308,TSK003035,1
VEH000003,TSK003035,0
VEH000049,TSK003035,0
VEH000015,TSK003035,0
VEH000272,TSK003035,1
VEH000510,TSK003035,0
VEH000483,TSK003035,1
VEH000089,TSK003061,1
VEH000033,TSK003061,1
VEH000330,TSK003061,1
VEH000261,TSK003061,1
VEH000025,TSK003061,1
VEH000482,TSK003061,1
VEH000523,TSK003061,0
VEH000019,TSK003061,0
VEH000240,TSK003061,0
VEH000083,TSK003061,1
VEH000433,TSK003061,0
VEH000329,TSK003061,0
VEH000450,TSK003061,0
VEH000422,TSK003061,1
VEH000267,TSK003061,1
VEH000296,TSK003061,0
VEH000467,TSK003061,1
VEH000098,TSK003061,1
VEH000074,TSK003061,0
VEH000320,TSK003061,0
VEH000309,TSK003061,0
VEH000067,TSK003061,0
VEH000218,TSK003061,1
VEH000459,TSK003061,0
VEH000101,TSK003061,1
VEH000024,TSK003061,1
VEH000265,TSK003061,0
VEH000006,TSK003061,0
VEH000484,TSK003061,0
VEH000379,TSK003061,1
VEH000358,TSK003061,0
VEH000275,TSK003061,1
VEH000337,TSK003061,0
VEH000532,TSK003061,1
VEH000332,TSK003061,0
VEH000527,TSK003061,0
VEH000078,TSK003061,0
VEH000304,TSK003061,1
VEH000047,TSK003061,0
VEH000287,TSK003061,1
VEH000327,TSK003061,1
VEH000508,TSK003061,1
VEH000057,TSK003061,1
VEH000505,TSK003061,1
VEH000416,TSK003061,0
VEH000035,TSK003061,0
VEH000353,TSK003061,1
VEH000406,TSK003061,0
VEH000050,TSK003061,0
VEH000070,TSK003061,1
VEH000478,TSK003061,0
VEH000514,TSK003061,0
VEH000359,TSK003061,0
VEH000096,TSK003061,1
VEH000229,TSK003061,1
VEH000529,TSK003061,0
VEH000321,TSK003061,1
VEH000037,TSK003061,0
VEH000082,TSK003061,0
VEH000280,TSK003061,1
VEH000388,TSK003061,0
VEH000366,TSK003061,0
VEH000525,TSK003061,0
VEH000281,TSK003061,0
VEH000065,TSK003061,1
VEH000424,TSK003061,1
VEH000246,TSK003061,1
VEH000063,TSK003061,0
VEH000092,TSK003061,1
VEH000251,TSK003061,0
VEH000455,TSK003061,1
VEH000313,TSK003061,0
VEH000053,TSK003061,0
VEH000220,TSK003061,1
VEH000298,TSK003061,1
VEH000040,TSK003061,0
VEH000519,TSK003061,1
VEH000344,TSK003061,0
VEH000312,TSK003061,1
VEH000431,TSK003061,1
VEH000072,TSK003061,1
VEH000093,TSK003061,0
VEH000225,TSK003061,1
VEH000269,TSK003061,1
VEH000401,TSK003061,0
VEH000060,TSK003061,1
VEH000414,TSK003061,0
VEH000531,TSK003061,0
VEH000410,TSK003061,0
VEH000324,TSK003061,0
VEH000095,TSK003061,1
VEH000077,TSK003061,0
VEH000227,TSK003061,1
VEH000308,TSK003061,1
VEH000003,TSK003061,1
VEH000049,TSK003061,1
VEH000015,TSK003061,1
VEH000272,TSK003061,1
VEH000510,TSK003061,0
VEH000483,TSK003061,0
VEH000089,TSK003085,1
VEH000033,TSK003085,1
VEH000330,TSK003085,0
VEH000261,TSK003085,1
VEH000025,TSK003085,0
VEH000482,TSK003085,0
VEH000523,TSK003085,0
VEH000019,TSK003085,0
VEH000240,TSK003085,0
VEH000083,TSK003085,1
VEH000433,TSK003085,0
VEH000329,TSK003085,1
VEH000450,TSK003085,0
VEH000422,TSK003085,1
VEH000267,TSK003085,0
VEH000296,TSK003085,1
VEH000467,TSK003085,1
VEH000098,TSK003085,1
VEH000074,TSK003085,1
VEH000320,TSK003085,0
VEH000309,TSK003085,1
VEH000067,TSK003085,0
VEH000218,TSK003085,0
VEH000459,TSK003085,1
VEH000101,TSK003085,0
VEH000024,TSK003085,0
VEH000265,TSK003085,1
VEH000006,TSK003085,0
VEH000484,TSK003085,0
VEH000379,TSK003085,0
VEH000358,TSK003085,0
VEH000275,TSK003085,0
VEH000337,TSK003085,1
VEH000532,TSK003085,0
VEH000332,TSK003085,0
VEH000527,TSK003085,0
VEH000078,TSK003085,0
VEH000304,TSK003085,1
VEH000047,TSK003085,0
VEH000287,TSK003085,0
VEH000327,TSK003085,0
VEH000508,TSK003085,1
VEH000057,TSK003085,1
VEH000505,TSK003085,1
VEH000416,TSK003085,0
VEH000035,TSK003085,1
VEH000353,TSK003085,1
VEH000406,TSK003085,0
VEH000050,TSK003085,1
VEH000070,TSK003085,1
VEH000478,TSK003085,0
VEH000514,TSK003085,1
VEH000359,TSK003085,1
VEH000096,TSK003085,1
VEH000229,TSK003085,1
VEH000529,TSK003085,0
VEH000321,TSK003085,0
VEH000037,TSK003085,0
VEH000082,TSK003085,1
VEH000280,TSK003085,1
VEH000388,TSK003085,1
VEH000366,TSK003085,1
VEH000525,TSK003085,0
VEH000281,TSK003085,0
VEH000065,TSK003085,0
VEH000424,TSK003085,1
VEH000246,TSK003085,0
VEH000063,TSK003085,1
VEH000092,TSK003085,1
VEH000251,TSK003085,1
VEH000455,TSK003085,1
VEH000313,TSK003085,0
VEH000053,TSK003085,1
VEH000220,TSK003085,1
VEH000298,TSK003085,1
VEH000040,TSK003085,0
VEH000519,TSK003085,1
VEH000344,TSK003085,1
VEH000312,TSK003085,1
VEH000431,TSK003085,1
VEH000072,TSK003085,0
VEH000093,TSK003085,1
VEH000225,TSK003085,0
VEH000269,TSK003085,1
VEH000401,TSK003085,0
VEH000060,TSK003085,1
VEH000414,TSK003085,1
VEH000531,TSK003085,0
VEH000410,TSK003085,1
VEH000324,TSK003085,1
VEH000095,TSK003085,0
VEH000077,TSK003085,0
VEH000227,TSK003085,1
VEH000308,TSK003085,0
VEH000003,TSK003085,0
VEH000049,TSK003085,0
VEH000015,TSK003085,1
VEH000272,TSK003085,0
VEH000510,TSK003085,0
VEH000483,TSK003085,0
VEH000089,TSK003112,0
VEH000033,TSK003112,1
VEH000330,TSK003112,1
VEH000261,TSK003112,0
VEH000025,TSK003112,1
VEH000482,TSK003112,0
VEH000523,TSK003112,1
VEH000019,TSK003112,0
VEH000240,TSK003112,0
VEH000083,TSK003112,1
VEH000433,TSK003112,0
VEH000329,TSK003112,1
VEH000450,TSK003112,1
VEH000422,TSK003112,0
VEH000267,TSK003112,1
VEH000296,TSK003112,0
VEH000467,TSK003112,1
VEH000098,TSK003112,1
VEH000074,TSK003112,0
VEH000320,TSK003112,1
VEH000309,TSK003112,1
VEH000067,TSK003112,1
VEH000218,TSK003112,0
VEH000459,TSK003112,0
VEH000101,TSK003112,0
VEH000024,TSK003112,0
VEH000265,TSK003112,0
VEH000006,TSK003112,0
VEH000484,TSK003112,0
VEH000379,TSK003112,0
VEH000358,TSK003112,1
VEH000275,TSK003112,1
VEH000337,TSK003112,1
VEH000532,TSK003112,1
VEH000332,TSK003112,0
VEH000527,TSK003112,0
VEH000078,TSK003112,1
VEH000304,TSK003112,1
VEH000047,TSK003112,1
VEH000287,TSK003112,1
VEH000327,TSK003112,1
VEH000508,TSK003112,1
VEH000057,TSK003112,0
VEH000505,TSK003112,0
VEH000416,TSK003112,0
VEH000035,TSK003112,1
VEH000353,TSK003112,1
VEH000406,TSK003112,1
VEH000050,TSK003112,1
VEH000070,TSK003112,0
VEH000478,TSK003112,0
VEH000514,TSK003112,1
VEH000359,TSK003112,0
VEH000096,TSK003112,0
VEH000229,TSK003112,1
VEH000529,TSK003112,1
VEH000321,TSK003112,1
VEH000037,TSK003112,0
VEH000082,TSK003112,1
VEH000280,TSK003112,0
VEH000388,TSK003112,0
VEH000366,TSK003112,0
VEH000525,TSK003112,1
VEH000281,TSK003112,1
VEH000065,TSK003112,0
VEH000424,TSK003112,1
VEH000246,TSK003112,0
VEH000063,TSK003112,1
VEH000092,TSK003112,1
VEH000251,TSK003112,1
VEH000455,TSK003112,0
VEH000313,TSK003112,0
VEH000053,TSK003112,0
VEH000220,TSK003112,0
VEH000298,TSK003112,1
VEH000040,TSK003112,0
VEH000519,TSK003112,1
VEH000344,TSK003112,0
VEH000312,TSK003112,0
VEH000431,TSK003112,0
VEH000072,TSK003112,1
VEH000093,TSK003112,1
VEH000225,TSK003112,0
VEH000269,TSK003112,1
VEH000401,TSK003112,0
VEH000060,TSK003112,0
VEH000414,TSK003112,1
VEH000531,TSK003112,0
VEH000410,TSK003112,1
VEH000324,TSK003112,0
VEH000095,TSK003112,1
VEH000077,TSK003112,0
VEH000227,TSK003112,1
VEH000308,TSK003112,1
VEH000003,TSK003112,1
VEH000049,TSK003112,0
VEH000015,TSK003112,0
VEH000272,TSK003112,0
VEH000510,TSK003112,0
VEH000483,TSK003112,1
VEH000089,TSK003114,0
VEH000033,TSK003114,0
VEH000330,TSK003114,1
VEH000261,TSK003114,1
VEH000025,TSK003114,1
VEH000482,TSK003114,0
VEH000523,TSK003114,1
VEH000019,TSK003114,1
VEH000240,TSK003114,1
VEH000083,TSK003114,0
VEH000433,TSK003114,1
VEH000329,TSK003114,0
VEH000450,TSK003114,1
VEH000422,TSK003114,1
VEH000267,TSK003114,0
VEH000296,TSK003114,0
VEH000467,TSK003114,0
VEH000098,TSK003114,1
VEH000074,TSK003114,0
VEH000320,TSK003114,0
VEH000309,TSK003114,0
VEH000067,TSK003114,1
VEH000218,TSK003114,0
VEH000459,TSK003114,1
VEH000101,TSK003114,0
VEH000024,TSK003114,0
VEH000265,TSK003114,0
VEH000006,TSK003114,1
VEH000484,TSK003114,1
VEH000379,TSK003114,0
VEH000358,TSK003114,1
VEH000275,TSK003114,0
VEH000337,TSK003114,0
VEH000532,TSK003114,1
VEH000332,TSK003114,1
VEH000527,TSK003114,1
VEH000078,TSK003114,1
VEH000304,TSK003114,0
VEH000047,TSK003114,1
VEH000287,TSK003114,0
VEH000327,TSK003114,1
VEH000508,TSK003114,1
VEH000057,TSK003114,1
VEH000505,TSK003114,0
VEH000416,TSK003114,0
VEH000035,TSK003114,1
VEH000353,TSK003114,1
VEH000406,TSK003114,1
VEH000050,TSK003114,0
VEH000070,TSK003114,1
VEH000478,TSK003114,1
VEH000514,TSK003114,0
VEH000359,TSK003114,0
VEH000096,TSK003114,0
VEH000229,TSK003114,1
VEH000529,TSK003114,0
VEH000321,TSK003114,0
VEH000037,TSK003114,1
VEH000082,TSK003114,0
VEH000280,TSK003114,0
VEH000388,TSK003114,1
VEH000366,TSK003114,1
VEH000525,TSK003114,0
VEH000281,TSK003114,1
VEH000065,TSK003114,0
VEH000424,TSK003114,1
VEH000246,TSK003114,0
VEH000063,TSK003114,1
VEH000092,TSK003114,0
VEH000251,TSK003114,0
VEH000455,TSK003114,1
VEH000313,TSK003114,0
VEH000053,TSK003114,0
VEH000220,TSK003114,0
VEH000298,TSK003114,1
VEH000040,TSK003114,0
VEH000519,TSK003114,1
VEH000344,TSK003114,1
VEH000312,TSK003114,0
VEH000431,TSK003114,1
VEH000072,TSK003114,1
VEH000093,TSK003114,0
VEH000225,TSK003114,0
VEH000269,TSK003114,1
VEH000401,TSK003114,1
VEH000060,TSK003114,0
VEH000414,TSK003114,1
VEH000531,TSK003114,0
VEH000410,TSK003114,0
VEH000324,TSK003114,0
VEH000095,TSK003114,1
VEH000077,TSK003114,0
VEH000227,TSK003114,1
VEH000308,TSK003114,1
VEH000003,TSK003114,1
VEH000049,TSK003114,1
VEH000015,TSK003114,0
VEH000272,TSK003114,0
VEH000510,TSK003114,0
VEH000483,TSK003114,1
VEH000089,TSK003146,1
VEH000033,TSK003146,1
VEH000330,TSK003146,1
VEH000261,TSK003146,0
VEH000025,TSK003146,0
VEH000482,TSK003146,1
VEH000523,TSK003146,1
VEH000019,TSK003146,0
VEH000240,TSK003146,0
VEH000083,TSK003146,1
VEH000433,TSK003146,0
VEH000329,TSK003146,0
VEH000450,TSK003146,0
VEH000422,TSK003146,1
VEH000267,TSK003146,0
VEH000296,TSK003146,1
VEH000467,TSK003146,1
VEH000098,TSK003146,1
VEH000074,TSK003146,0
VEH000320,TSK003146,1
VEH000309,TSK003146,0
VEH000067,TSK003146,1
VEH000218,TSK003146,0
VEH000459,TSK003146,1
VEH000101,TSK003146,0
VEH000024,TSK003146,0
VEH000265,TSK003146,1
VEH000006,TSK003146,0
VEH000484,TSK003146,1
VEH000379,TSK003146,0
VEH000358,TSK003146,0
VEH000275,TSK003146,1
VEH000337,TSK003146,1
VEH000532,TSK003146,1
VEH000332,TSK003146,1
VEH000527,TSK003146,1
VEH000078,TSK003146,1
VEH000304,TSK003146,1
VEH000047,TSK003146,1
VEH000287,TSK003146,1
VEH000327,TSK003146,0
VEH000508,TSK003146,1
VEH000057,TSK003146,0
VEH000505,TSK003146,0
VEH000416,TSK003146,0
VEH000035,TSK003146,1
VEH000353,TSK003146,1
VEH000406,TSK003146,1
VEH000050,TSK003146,0
VEH000070,TSK003146,0
VEH000478,TSK003146,1
VEH000514,TSK003146,0
VEH000359,TSK003146,0
VEH000096,TSK003146,0
VEH000229,TSK003146,1
VEH000529,TSK003146,0
VEH000321,TSK003146,1
VEH000037,TSK003146,0
VEH000082,TSK003146,0
VEH000280,TSK003146,1
VEH000388,TSK003146,1
VEH000366,TSK003146,0
VEH000525,TSK003146,1
VEH000281,TSK003146,1
VEH000065,TSK003146,0
VEH000424,TSK003146,0
VEH000246,TSK003146,1
VEH000063,TSK003146,0
VEH000092,TSK003146,0
VEH000251,TSK003146,0
VEH000455,TSK003146,0
VEH000313,TSK003146,0
VEH000053,TSK003146,0
VEH000220,TSK003146,1
VEH000298,TSK003146,1
VEH000040,TSK003146,0
VEH000519,TSK003146,0
VEH000344,TSK003146,1
VEH000312,TSK003146,1
VEH000431,TSK003146,0
VEH000072,TSK003146,1
VEH000093,TSK003146,0
VEH000225,TSK003146,1
VEH000269,TSK003146,0
VEH000401,TSK003146,1
VEH000060,TSK003146,0
VEH000414,TSK003146,0
VEH000531,TSK003146,0
VEH000410,TSK003146,1
VEH000324,TSK003146,1
VEH000095,TSK003146,1
VEH000077,TSK003146,0
VEH000227,TSK003146,1
VEH000308,TSK003146,1
VEH000003,TSK003146,0
VEH000049,TSK003146,0
VEH000015,TSK003146,0
VEH000272,TSK003146,1
VEH000510,TSK003146,1
VEH000483,TSK003146,0
VEH000089,TSK003206,0
VEH000033,TSK003206,1
VEH000330,TSK003206,1
VEH000261,TSK003206,1
VEH000025,TSK003206,1
VEH000482,TSK003206,0
VEH000523,TSK003206,0
VEH000019,TSK003206,1
VEH000240,TSK003206,1
VEH000083,TSK003206,1
VEH000433,TSK003206,1
VEH000329,TSK003206,0
VEH000450,TSK003206,0
VEH000422,TSK003206,0
VEH000267,TSK003206,1
VEH000296,TSK003206,0
VEH000467,TSK003206,0
VEH000098,TSK003206,0
VEH000074,TSK003206,1
VEH000320,TSK003206,0
VEH000309,TSK003206,1
VEH000067,TSK003206,1
VEH000218,TSK003206,1
VEH000459,TSK003206,1
VEH000101,TSK003206,0
VEH000024,TSK003206,1
VEH000265,TSK003206,0
VEH000006,TSK003206,1
VEH000484,TSK003206,0
VEH000379,TSK003206,1
VEH000358,TSK003206,1
VEH000275,TSK003206,0
VEH000337,TSK003206,1
VEH000532,TSK003206,1
VEH000332,TSK003206,0
VEH000527,TSK003206,0
VEH000078,TSK003206,1
VEH000304,TSK003206,1
VEH000047,TSK003206,0
VEH000287,TSK003206,0
VEH000327,TSK003206,1
VEH000508,TSK003206,1
VEH000057,TSK003206,1
VEH000505,TSK003206,1
VEH000416,TSK003206,1
VEH000035,TSK003206,0
VEH000353,TSK003206,0
VEH000406,TSK003206,1
VEH000050,TSK003206,0
VEH000070,TSK003206,1
VEH000478,TSK003206,0
VEH000514,TSK003206,1
VEH000359,TSK003206,1
VEH000096,TSK003206,1
VEH000229,TSK003206,1
VEH000529,TSK003206,0
VEH000321,TSK003206,0
VEH000037,TSK003206,0
VEH000082,TSK003206,0
VEH000280,TSK003206,1
VEH000388,TSK003206,0
VEH000366,TSK003206,0
VEH000525,TSK003206,1
VEH000281,TSK003206,0
VEH000065,TSK003206,0
VEH000424,TSK003206,0
VEH000246,TSK003206,1
VEH000063,TSK003206,0
VEH000092,TSK003206,1
VEH000251,TSK003206,1
VEH000455,TSK003206,1
VEH000313,TSK003206,1
VEH000053,TSK003206,0
VEH000220,TSK003206,0
VEH000298,TSK003206,0
VEH000040,TSK003206,0
VEH000519,TSK003206,0
VEH000344,TSK003206,1
VEH000312,TSK003206,0
VEH000431,TSK003206,1
VEH000072,TSK003206,0
VEH000093,TSK003206,0
VEH000225,TSK003206,0
VEH000269,TSK003206,1
VEH000401,TSK003206,1
VEH000060,TSK003206,0
VEH000414,TSK003206,0
VEH000531,TSK003206,1
VEH000410,TSK003206,0
VEH000324,TSK003206,0
VEH000095,TSK003206,1
VEH000077,TSK003206,0
VEH000227,TSK003206,0
VEH000308,TSK003206,0
VEH000003,TSK003206,1
VEH000049,TSK003206,0
VEH000015,TSK003206,0
VEH000272,TSK003206,1
VEH000510,TSK003206,1
VEH000483,TSK003206,1
VEH000089,TSK003244,0
VEH000033,TSK003244,1
VEH000330,TSK003244,1
VEH000261,TSK003244,0
VEH000025,TSK003244,1
VEH000482,TSK003244,0
VEH000523,TSK003244,0
VEH000019,TSK003244,0
VEH000240,TSK003244,0
VEH000083,TSK003244,0
VEH000433,TSK003244,0
VEH000329,TSK003244,0
VEH000450,TSK003244,1
VEH000422,TSK003244,0
VEH000267,TSK003244,0
VEH000296,TSK003244,1
VEH000467,TSK003244,0
VEH000098,TSK003244,1
VEH000074,TSK003244,1
VEH000320,TSK003244,0
VEH000309,TSK003244,0
VEH000067,TSK003244,1
VEH000218,TSK003244,1
VEH000459,TSK003244,0
VEH000101,TSK003244,0
VEH000024,TSK003244,0
VEH000265,TSK003244,0
VEH000006,TSK003244,1
VEH000484,TSK003244,0
VEH000379,TSK003244,1
VEH000358,TSK003244,1
VEH000275,TSK003244,1
VEH000337,TSK003244,1
VEH000532,TSK003244,1
VEH000332,TSK003244,1
VEH000527,TSK003244,1
VEH000078,TSK003244,0
VEH000304,TSK003244,1
VEH000047,TSK003244,0
VEH000287,TSK003244,1
VEH000327,TSK003244,0
VEH000508,TSK003244,0
VEH000057,TSK003244,0
VEH000505,TSK003244,0
VEH000416,TSK003244,1
VEH000035,TSK003244,1
VEH000353,TSK003244,0
VEH000406,TSK003244,0
VEH000050,TSK003244,1
VEH000070,TSK003244,0
VEH000478,TSK003244,0
VEH000514,TSK003244,1
VEH000359,TSK003244,0
VEH000096,TSK003244,1
VEH000229,TSK003244,1
VEH000529,TSK003244,0
VEH000321,TSK003244,0
VEH000037,TSK003244,0
VEH000082,TSK003244,0
VEH000280,TSK003244,1
VEH000388,TSK003244,0
VEH000366,TSK003244,1
VEH000525,TSK003244,0
VEH000281,TSK003244,1
VEH000065,TSK003244,0
VEH000424,TSK003244,0
VEH000246,TSK003244,1
VEH000063,TSK003244,1
VEH000092,TSK003244,1
VEH000251,TSK003244,1
VEH000455,TSK003244,0
VEH000313,TSK003244,0
VEH000053,TSK003244,1
VEH000220,TSK003244,1
VEH000298,TSK003244,1
VEH000040,TSK003244,1
VEH000519,TSK003244,1
VEH000344,TSK003244,1
VEH000312,TSK003244,1
VEH000431,TSK003244,1
VEH000072,TSK003244,1
VEH000093,TSK003244,0
VEH000225,TSK003244,1
VEH000269,TSK003244,0
VEH000401,TSK003244,0
VEH000060,TSK003244,1
VEH000414,TSK003244,0
VEH000531,TSK003244,1
VEH000410,TSK003244,0
VEH000324,TSK003244,1
VEH000095,TSK003244,0
VEH000077,TSK003244,0
VEH000227,TSK003244,0
VEH000308,TSK003244,1
VEH000003,TSK003244,0
VEH000049,TSK003244,0
VEH000015,TSK003244,1
VEH000272,TSK003244,1
VEH000510,TSK003244,1
VEH000483,TSK003244,1
VEH000089,TSK003246,0
VEH000033,TSK003246,1
VEH000330,TSK003246,0
VEH000261,TSK003246,0
VEH000025,TSK003246,1
VEH000482,TSK003246,1
VEH000523,TSK003246,0
VEH000019,TSK003246,1
VEH000240,TSK003246,0
VEH000083,TSK003246,0
VEH000433,TSK003246,0
VEH000329,TSK003246,1
VEH000450,TSK003246,0
VEH000422,TSK003246,1
VEH000267,TSK003246,0
VEH000296,TSK003246,1
VEH000467,TSK003246,0
VEH000098,TSK003246,0
VEH000074,TSK003246,0
VEH000320,TSK003246,1
VEH000309,TSK003246,0
VEH000067,TSK003246,1
VEH000218,TSK003246,0
VEH000459,TSK003246,0
VEH000101,TSK003246,0
VEH000024,TSK003246,1
VEH000265,TSK003246,1
VEH000006,TSK003246,0
VEH000484,TSK003246,0
VEH000379,TSK003246,0
VEH000358,TSK003246,1
VEH000275,TSK003246,1
VEH000337,TSK003246,1
VEH000532,TSK003246,0
VEH000332,TSK003246,0
VEH000527,TSK003246,0
VEH000078,TSK003246,0
VEH000304,TSK003246,1
VEH000047,TSK003246,0
VEH000287,TSK003246,0
VEH000327,TSK003246,1
VEH000508,TSK003246,0
VEH000057,TSK003246,0
VEH000505,TSK003246,0
VEH000416,TSK003246,0
VEH000035,TSK003246,1
VEH000353,TSK003246,1
VEH000406,TSK003246,0
VEH000050,TSK003246,1
VEH000070,TSK003246,1
VEH000478,TSK003246,1
VEH000514,TSK003246,1
VEH000359,TSK003246,1
VEH000096,TSK003246,1
VEH000229,TSK003246,0
VEH000529,TSK003246,1
VEH000321,TSK003246,1
VEH000037,TSK003246,0
VEH000082,TSK003246,1
VEH000280,TSK003246,0
VEH000388,TSK003246,0
VEH000366,TSK003246,0
VEH000525,TSK003246,0
VEH000281,TSK003246,0
VEH000065,TSK003246,1
VEH000424,TSK003246,0
VEH000246,TSK003246,1
VEH000063,TSK003246,1
VEH000092,TSK003246,1
VEH000251,TSK003246,1
VEH000455,TSK003246,1
VEH000313,TSK003246,1
VEH000053,TSK003246,0
VEH000220,TSK003246,1
VEH000298,TSK003246,0
VEH000040,TSK003246,1
VEH000519,TSK003246,0
VEH000344,TSK003246,0
VEH000312,TSK003246,1
VEH000431,TSK003246,1
VEH000072,TSK003246,1
VEH000093,TSK003246,1
VEH000225,TSK003246,1
VEH000269,TSK003246,0
VEH000401,TSK003246,0
VEH000060,TSK003246,1
VEH000414,TSK003246,1
VEH000531,TSK003246,1
VEH000410,TSK003246,1
VEH000324,TSK003246,0
VEH000095,TSK003246,0
VEH000077,TSK003246,0
VEH000227,TSK003246,0
VEH000308,TSK003246,0
VEH000003,TSK003246,1
VEH000049,TSK003246,0
VEH000015,TSK003246,1
VEH000272,TSK003246,1
VEH000510,TSK003246,1
VEH000483,TSK003246,1
VEH000089,TSK003289,1
VEH000033,TSK003289,0
VEH000330,TSK003289,1
VEH000261,TSK003289,0
VEH000025,TSK003289,1
VEH000482,TSK003289,1
VEH000523,TSK003289,0
VEH000019,TSK003289,1
VEH000240,TSK003289,0
VEH000083,TSK003289,1
VEH000433,TSK003289,0
VEH000329,TSK003289,1
VEH000450,TSK003289,1
VEH000422,TSK003289,0
VEH000267,TSK003289,1
VEH000296,TSK003289,1
VEH000467,TSK003289,1
VEH000098,TSK003289,1
VEH000074,TSK003289,0
VEH000320,TSK003289,1
VEH000309,TSK003289,1
VEH000067,TSK003289,0
VEH000218,TSK003289,0
VEH000459,TSK003289,0
VEH000101,TSK003289,0
VEH000024,TSK003289,1
VEH000265,TSK003289,1
VEH000006,TSK003289,1
VEH000484,TSK003289,1
VEH000379,TSK003289,0
VEH000358,TSK003289,1
VEH000275,TSK003289,1
VEH000337,TSK003289,0
VEH000532,TSK003289,0
VEH000332,TSK003289,1
VEH000527,TSK003289,1
VEH000078,TSK003289,1
VEH000304,TSK003289,0
VEH000047,TSK003289,1
VEH000287,TSK003289,1
VEH000327,TSK003289,1
VEH000508,TSK003289,1
VEH000057,TSK003289,0
VEH000505,TSK003289,0
VEH000416,TSK003289,0
VEH000035,TSK003289,1
VEH000353,TSK003289,1
VEH000406,TSK003289,0
VEH000050,TSK003289,0
VEH000070,TSK003289,1
VEH000478,TSK003289,1
VEH000514,TSK003289,0
VEH000359,TSK003289,1
VEH000096,TSK003289,0
VEH000229,TSK003289,1
VEH000529,TSK003289,1
VEH000321,TSK003289,0
VEH000037,TSK003289,0
VEH000082,TSK003289,0
VEH000280,TSK003289,0
VEH000388,TSK003289,1
VEH000366,TSK003289,0
VEH000525,TSK003289,1
VEH000281,TSK003289,0
VEH000065,TSK003289,1
VEH000424,TSK003289,0
VEH000246,TSK003289,0
VEH000063,TSK003289,1
VEH000092,TSK003289,0
VEH000251,TSK003289,1
VEH000455,TSK003289,0
VEH000313,TSK003289,0
VEH000053,TSK003289,1
VEH000220,TSK003289,0
VEH000298,TSK003289,0
VEH000040,TSK003289,1
VEH000519,TSK003289,0
VEH000344,TSK003289,0
VEH000312,TSK003289,0
VEH000431,TSK003289,0
VEH000072,TSK003289,1
VEH000093,TSK003289,0
VEH000225,TSK003289,1
VEH000269,TSK003289,1
VEH000401,TSK003289,0
VEH000060,TSK003289,1
VEH000414,TSK003289,0
VEH000531,TSK003289,0
VEH000410,TSK003289,0
VEH000324,TSK003289,1
VEH000095,TSK003289,0
VEH000077,TSK003289,0
VEH000227,TSK003289,1
VEH000308,TSK003289,1
VEH000003,TSK003289,0
VEH000049,TSK003289,1
VEH000015,TSK003289,0
VEH000272,TSK003289,0
VEH000510,TSK003289,0
VEH000483,TSK003289,1
VEH000089,TSK003373,0
VEH000033,TSK003373,0
VEH000330,TSK003373,1
VEH000261,TSK003373,1
VEH000025,TSK003373,1
VEH000482,TSK003373,1
VEH000523,TSK003373,1
VEH000019,TSK003373,0
VEH000240,TSK003373,0
VEH000083,TSK003373,0
VEH000433,TSK003373,1
VEH000329,TSK003373,1
VEH000450,TSK003373,0
VEH000422,TSK003373,1
VEH000267,TSK003373,0
VEH000296,TSK003373,1
VEH000467,TSK003373,1
VEH000098,TSK003373,0
VEH000074,TSK003373,0
VEH000320,TSK003373,1
VEH000309,TSK003373,1
VEH000067,TSK003373,0
VEH000218,TSK003373,0
VEH000459,TSK003373,1
VEH000101,TSK003373,1
VEH000024,TSK003373,1
VEH000265,TSK003373,0
VEH000006,TSK003373,0
VEH000484,TSK003373,0
VEH000379,TSK003373,1
VEH000358,TSK003373,1
VEH000275,TSK003373,0
VEH000337,TSK003373,1
VEH000532,TSK003373,0
VEH000332,TSK003373,1
VEH000527,TSK003373,1
VEH000078,TSK003373,0
VEH000304,TSK003373,0
VEH000047,TSK003373,1
VEH000287,TSK003373,0
VEH000327,TSK003373,0
VEH000508,TSK003373,0
VEH000057,TSK003373,1
VEH000505,TSK003373,0
VEH000416,TSK003373,1
VEH000035,TSK003373,1
VEH000353,TSK003373,1
VEH000406,TSK003373,0
VEH000050,TSK003373,1
VEH000070,TSK003373,1
VEH000478,TSK003373,0
VEH000514,TSK003373,0
VEH000359,TSK003373,0
VEH000096,TSK003373,1
VEH000229,TSK003373,0
VEH000529,TSK003373,1
VEH000321,TSK003373,0
VEH000037,TSK003373,0
VEH000082,TSK003373,0
VEH000280,TSK003373,0
VEH000388,TSK003373,1
VEH000366,TSK003373,0
VEH000525,TSK003373,0
VEH000281,TSK003373,1
VEH000065,TSK003373,1
VEH000424,TSK003373,0
VEH000246,TSK003373,0
VEH000063,TSK003373,1
VEH000092,TSK003373,1
VEH000251,TSK003373,1
VEH000455,TSK003373,0
VEH000313,TSK003373,0
VEH000053,TSK003373,0
VEH000220,TSK003373,0
VEH000298,TSK003373,1
VEH000040,TSK003373,1
VEH000519,TSK003373,1
VEH000344,TSK003373,1
VEH000312,TSK003373,0
VEH000431,TSK003373,1
VEH000072,TSK003373,0
VEH000093,TSK003373,0
VEH000225,TSK003373,0
VEH000269,TSK003373,1
VEH000401,TSK003373,1
VEH000060,TSK003373,1
VEH000414,TSK003373,1
VEH000531,TSK003373,0
VEH000410,TSK003373,0
VEH000324,TSK003373,0
VEH000095,TSK003373,1
VEH000077,TSK003373,1
VEH000227,TSK003373,1
VEH000308,TSK003373,0
VEH000003,TSK003373,0
VEH000049,TSK003373,1
VEH000015,TSK003373,1
VEH000272,TSK003373,0
VEH000510,TSK003373,0
VEH000483,TSK003373,1
VEH000089,TSK003450,1
VEH000033,TSK003450,1
VEH000330,TSK003450,1
VEH000261,TSK003450,1
VEH000025,TSK003450,1
VEH000482,TSK003450,0
VEH000523,TSK003450,0
VEH000019,TSK003450,1
VEH000240,TSK003450,0
VEH000083,TSK003450,1
VEH000433,TSK003450,1
VEH000329,TSK003450,1
VEH000450,TSK003450,1
VEH000422,TSK003450,1
VEH000267,TSK003450,0
VEH000296,TSK003450,1
VEH000467,TSK003450,1
VEH000098,TSK003450,1
VEH000074,TSK003450,0
VEH000320,TSK003450,0
VEH000309,TSK003450,0
VEH000067,TSK003450,0
VEH000218,TSK003450,0
VEH000459,TSK003450,1
VEH000101,TSK003450,0
VEH000024,TSK003450,1
VEH000265,TSK003450,0
VEH000006,TSK003450,1
VEH000484,TSK003450,1
VEH000379,TSK003450,1
VEH000358,TSK003450,1
VEH000275,TSK003450,1
VEH000337,TSK003450,0
VEH000532,TSK003450,1
VEH000332,TSK003450,0
VEH000527,TSK003450,1
VEH000078,TSK003450,0
VEH000304,TSK003450,1
VEH000047,TSK003450,1
VEH000287,TSK003450,0
VEH000327,TSK003450,0
VEH000508,TSK003450,1
VEH000057,TSK003450,0
VEH000505,TSK003450,0
VEH000416,TSK003450,0
VEH000035,TSK003450,0
VEH000353,TSK003450,0
VEH000406,TSK003450,0
VEH000050,TSK003450,1
VEH000070,TSK003450,0
VEH000478,TSK003450,0
VEH000514,TSK003450,0
VEH000359,TSK003450,1
VEH000096,TSK003450,1
VEH000229,TSK003450,0
VEH000529,TSK003450,1
VEH000321,TSK003450,1
VEH000037,TSK003450,0
VEH000082,TSK003450,1
VEH000280,TSK003450,0
VEH000388,TSK003450,0
VEH000366,TSK003450,1
VEH000525,TSK003450,0
VEH000281,TSK003450,0
VEH000065,TSK003450,1
VEH000424,TSK003450,1
VEH000246,TSK003450,0
VEH000063,TSK003450,0
VEH000092,TSK003450,0
VEH000251,TSK003450,1
VEH000455,TSK003450,0
VEH000313,TSK003450,1
VEH000053,TSK003450,0
VEH000220,TSK003450,0
VEH000298,TSK003450,1
VEH000040,TSK003450,1
VEH000519,TSK003450,1
VEH000344,TSK003450,0
VEH000312,TSK003450,1
VEH000431,TSK003450,0
VEH000072,TSK003450,0
VEH000093,TSK003450,1
VEH000225,TSK003450,1
VEH000269,TSK003450,0
VEH000401,TSK003450,1
VEH000060,TSK003450,0
VEH000414,TSK003450,0
VEH000531,TSK003450,1
VEH000410,TSK003450,0
VEH000324,TSK003450,1
VEH000095,TSK003450,1
VEH000077,TSK003450,0
VEH000227,TSK003450,0
VEH000308,TSK003450,1
VEH000003,TSK003450,0
VEH000049,TSK003450,0
VEH000015,TSK003450,1
VEH000272,TSK003450,1
VEH000510,TSK003450,0
VEH000483,TSK003450,0
VEH000089,TSK003451,0
VEH000033,TSK003451,0
VEH000330,TSK003451,1
VEH000261,TSK003451,0
VEH000025,TSK003451,1
VEH000482,TSK003451,1
VEH000523,TSK003451,1
VEH000019,TSK003451,1
VEH000240,TSK003451,1
VEH000083,TSK003451,0
VEH000433,TSK003451,0
VEH000329,TSK003451,1
VEH000450,TSK003451,0
VEH000422,TSK003451,0
VEH000267,TSK003451,1
VEH000296,TSK003451,1
VEH000467,TSK003451,0
VEH000098,TSK003451,1
VEH000074,TSK003451,0
VEH000320,TSK003451,0
VEH000309,TSK003451,1
VEH000067,TSK003451,1
VEH000218,TSK003451,0
VEH000459,TSK003451,0
VEH000101,TSK003451,1
VEH000024,TSK003451,1
VEH000265,TSK003451,0
VEH000006,TSK003451,1
VEH000484,TSK003451,0
VEH000379,TSK003451,0
VEH000358,TSK003451,0
VEH000275,TSK003451,0
VEH000337,TSK003451,0
VEH000532,TSK003451,0
VEH000332,TSK003451,0
VEH000527,TSK003451,1
VEH000078,TSK003451,0
VEH000304,TSK003451,1
VEH000047,TSK003451,1
VEH000287,TSK003451,0
VEH000327,TSK003451,0
VEH000508,TSK003451,0
VEH000057,TSK003451,1
VEH000505,TSK003451,1
VEH000416,TSK003451,0
VEH000035,TSK003451,0
VEH000353,TSK003451,1
VEH000406,TSK003451,1
VEH000050,TSK003451,0
VEH000070,TSK003451,1
VEH000478,TSK003451,1
VEH000514,TSK003451,1
VEH000359,TSK003451,0
VEH000096,TSK003451,1
VEH000229,TSK003451,0
VEH000529,TSK003451,1
VEH000321,TSK003451,0
VEH000037,TSK003451,0
VEH000082,TSK003451,1
VEH000280,TSK003451,0
VEH000388,TSK003451,1
VEH000366,TSK003451,1
VEH000525,TSK003451,1
VEH000281,TSK003451,0
VEH000065,TSK003451,0
VEH000424,TSK003451,0
VEH000246,TSK003451,0
VEH000063,TSK003451,1
VEH000092,TSK003451,0
VEH000251,TSK003451,1
VEH000455,TSK003451,1
VEH000313,TSK003451,0
VEH000053,TSK003451,1
VEH000220,TSK003451,1
VEH000298,TSK003451,1
VEH000040,TSK003451,0
VEH000519,TSK003451,1
VEH000344,TSK003451,1
VEH000312,TSK003451,1
VEH000431,TSK003451,0
VEH000072,TSK003451,1
VEH000093,TSK003451,1
VEH000225,TSK003451,1
VEH000269,TSK003451,0
VEH000401,TSK003451,0
VEH000060,TSK003451,0
VEH000414,TSK003451,1
VEH000531,TSK003451,0
VEH000410,TSK003451,1
VEH000324,TSK003451,0
VEH000095,TSK003451,1
VEH000077,TSK003451,0
VEH000227,TSK003451,0
VEH000308,TSK003451,1
VEH000003,TSK003451,1
VEH000049,TSK003451,1
VEH000015,TSK003451,0
VEH000272,TSK003451,0
VEH000510,TSK003451,0
VEH000483,TSK003451,1
VEH000089,TSK003643,1
VEH000033,TSK003643,1
VEH000330,TSK003643,1
VEH000261,TSK003643,0
VEH000025,TSK003643,0
VEH000482,TSK003643,0
VEH000523,TSK003643,0
VEH000019,TSK003643,0
VEH000240,TSK003643,0
VEH000083,TSK003643,0
VEH000433,TSK003643,0
VEH000329,TSK003643,0
VEH000450,TSK003643,1
VEH000422,TSK003643,0
VEH000267,TSK003643,0
VEH000296,TSK003643,0
VEH000467,TSK003643,1
VEH000098,TSK003643,0
VEH000074,TSK003643,0
VEH000320,TSK003643,1
VEH000309,TSK003643,0
VEH000067,TSK003643,1
VEH000218,TSK003643,1
VEH000459,TSK003643,1
VEH000101,TSK003643,0
VEH000024,TSK003643,0
VEH000265,TSK003643,1
VEH000006,TSK003643,1
VEH000484,TSK003643,0
VEH000379,TSK003643,0
VEH000358,TSK003643,0
VEH000275,TSK003643,1
VEH000337,TSK003643,1
VEH000532,TSK003643,1
VEH000332,TSK003643,1
VEH000527,TSK003643,0
VEH000078,TSK003643,0
VEH000304,TSK003643,1
VEH000047,TSK003643,1
VEH000287,TSK003643,1
VEH000327,TSK003643,1
VEH000508,TSK003643,0
VEH000057,TSK003643,1
VEH000505,TSK003643,1
VEH000416,TSK003643,1
VEH000035,TSK003643,1
VEH000353,TSK003643,1
VEH000406,TSK003643,0
VEH000050,TSK003643,1
VEH000070,TSK003643,0
VEH000478,TSK003643,1
VEH000514,TSK003643,0
VEH000359,TSK003643,0
VEH000096,TSK003643,1
VEH000229,TSK003643,1
VEH000529,TSK003643,0
VEH000321,TSK003643,1
VEH000037,TSK003643,0
VEH000082,TSK003643,0
VEH000280,TSK003643,1
VEH000388,TSK003643,1
VEH000366,TSK003643,0
VEH000525,TSK003643,0
VEH000281,TSK003643,1
VEH000065,TSK003643,0
VEH000424,TSK003643,0
VEH000246,TSK003643,0
VEH000063,TSK003643,1
VEH000092,TSK003643,1
VEH000251,TSK003643,1
VEH000455,TSK003643,0
VEH000313,TSK003643,1
VEH000053,TSK003643,1
VEH000220,TSK003643,0
VEH000298,TSK003643,1
VEH000040,TSK003643,1
VEH000519,TSK003643,0
VEH000344,TSK003643,1
VEH000312,TSK003643,0
VEH000431,TSK003643,0
VEH000072,TSK003643,0
VEH000093,TSK003643,1
VEH000225,TSK003643,1
VEH000269,TSK003643,1
VEH000401,TSK003643,1
VEH000060,TSK003643,0
VEH000414,TSK003643,1
VEH000531,TSK003643,0
VEH000410,TSK003643,1
VEH000324,TSK003643,0
VEH000095,TSK003643,0
VEH000077,TSK003643,0
VEH000227,TSK003643,1
VEH000308,TSK003643,1
VEH000003,TSK003643,1
VEH000049,TSK003643,0
VEH000015,TSK003643,0
VEH000272,TSK003643,0
VEH000510,TSK003643,1
VEH000483,TSK003643,0
VEH000089,TSK003654,0
VEH000033,TSK003654,1
VEH000330,TSK003654,1
VEH000261,TSK003654,1
VEH000025,TSK003654,1
VEH000482,TSK003654,0
VEH000523,TSK003654,1
VEH000019,TSK003654,1
VEH000240,TSK003654,1
VEH000083,TSK003654,0
VEH000433,TSK003654,0
VEH000329,TSK003654,0
VEH000450,TSK003654,0
VEH000422,TSK003654,0
VEH000267,TSK003654,0
VEH000296,TSK003654,1
VEH000467,TSK003654,1
VEH000098,TSK003654,1
VEH000074,TSK003654,1
VEH000320,TSK003654,0
VEH000309,TSK003654,1
VEH000067,TSK003654,1
VEH000218,TSK003654,0
VEH000459,TSK003654,0
VEH000101,TSK003654,0
VEH000024,TSK003654,1
VEH000265,TSK003654,0
VEH000006,TSK003654,1
VEH000484,TSK003654,1
VEH000379,TSK003654,1
VEH000358,TSK003654,1
VEH000275,TSK003654,0
VEH000337,TSK003654,0
VEH000532,TSK003654,0
VEH000332,TSK003654,1
VEH000527,TSK003654,1
VEH000078,TSK003654,1
VEH000304,TSK003654,1
VEH000047,TSK003654,1
VEH000287,TSK003654,0
VEH000327,TSK003654,1
VEH000508,TSK003654,0
VEH000057,TSK003654,0
VEH000505,TSK003654,0
VEH000416,TSK003654,0
VEH000035,TSK003654,0
VEH000353,TSK003654,0
VEH000406,TSK003654,0
VEH000050,TSK003654,0
VEH000070,TSK003654,1
VEH000478,TSK003654,0
VEH000514,TSK003654,1
VEH000359,TSK003654,0
VEH000096,TSK003654,0
VEH000229,TSK003654,1
VEH000529,TSK003654,0
VEH000321,TSK003654,0
VEH000037,TSK003654,1
VEH000082,TSK003654,0
VEH000280,TSK003654,1
VEH000388,TSK003654,1
VEH000366,TSK003654,0
VEH000525,TSK003654,1
VEH000281,TSK003654,0
VEH000065,TSK003654,0
VEH000424,TSK003654,1
VEH000246,TSK003654,0
VEH000063,TSK003654,1
VEH000092,TSK003654,0
VEH000251,TSK003654,0
VEH000455,TSK003654,0
VEH000313,TSK003654,1
VEH000053,TSK003654,1
VEH000220,TSK003654,0
VEH000298,TSK003654,1
VEH000040,TSK003654,1
VEH000519,TSK003654,1
VEH000344,TSK003654,0
VEH000312,TSK003654,1
VEH000431,TSK003654,1
VEH000072,TSK003654,1
VEH000093,TSK003654,0
VEH000225,TSK003654,0
VEH000269,TSK003654,1
VEH000401,TSK003654,1
VEH000060,TSK003654,0
VEH000414,TSK003654,0
VEH000531,TSK003654,0
VEH000410,TSK003654,1
VEH000324,TSK003654,0
VEH000095,TSK003654,0
VEH000077,TSK003654,1
VEH000227,TSK003654,0
VEH000308,TSK003654,0
VEH000003,TSK003654,1
VEH000049,TSK003654,1
VEH000015,TSK003654,0
VEH000272,TSK003654,1
VEH000510,TSK003654,1
VEH000483,TSK003654,1
VEH000089,TSK003711,1
VEH000033,TSK003711,1
VEH000330,TSK003711,1
VEH000261,TSK003711,1
VEH000025,TSK003711,0
VEH000482,TSK003711,1
VEH000523,TSK003711,0
VEH000019,TSK003711,1
VEH000240,TSK003711,0
VEH000083,TSK003711,0
VEH000433,TSK003711,1
VEH000329,TSK003711,0
VEH000450,TSK003711,0
VEH000422,TSK003711,1
VEH000267,TSK003711,0
VEH000296,TSK003711,0
VEH000467,TSK003711,1
VEH000098,TSK003711,0
VEH000074,TSK003711,0
VEH000320,TSK003711,0
VEH000309,TSK003711,1
VEH000067,TSK003711,1
VEH000218,TSK003711,0
VEH000459,TSK003711,0
VEH000101,TSK003711,0
VEH000024,TSK003711,1
VEH000265,TSK003711,0
VEH000006,TSK003711,0
VEH000484,TSK003711,1
VEH000379,TSK003711,1
VEH000358,TSK003711,1
VEH000275,TSK003711,0
VEH000337,TSK003711,1
VEH000532,TSK003711,0
VEH000332,TSK003711,0
VEH000527,TSK003711,0
VEH000078,TSK003711,1
VEH000304,TSK003711,1
VEH000047,TSK003711,1
VEH000287,TSK003711,1
VEH000327,TSK003711,1
VEH000508,TSK003711,0
VEH000057,TSK003711,1
VEH000505,TSK003711,0
VEH000416,TSK003711,1
VEH000035,TSK003711,1
VEH000353,TSK003711,0
VEH000406,TSK003711,1
VEH000050,TSK003711,0
VEH000070,TSK003711,0
VEH000478,TSK003711,1
VEH000514,TSK003711,0
VEH000359,TSK003711,1
VEH000096,TSK003711,0
VEH000229,TSK003711,1
VEH000529,TSK003711,1
VEH000321,TSK003711,1
VEH000037,TSK003711,0
VEH000082,TSK003711,1
VEH000280,TSK003711,1
VEH000388,TSK003711,1
VEH000366,TSK003711,0
VEH000525,TSK003711,0
VEH000281,TSK003711,0
VEH000065,TSK003711,0
VEH000424,TSK003711,1
VEH000246,TSK003711,1
VEH000063,TSK003711,1
VEH000092,TSK003711,1
VEH000251,TSK003711,1
VEH000455,TSK003711,1
VEH000313,TSK003711,1
VEH000053,TSK003711,1
VEH000220,TSK003711,0
VEH000298,TSK003711,0
VEH000040,TSK003711,1
VEH000519,TSK003711,0
VEH000344,TSK003711,0
VEH000312,TSK003711,0
VEH000431,TSK003711,1
VEH000072,TSK003711,1
VEH000093,TSK003711,0
VEH000225,TSK003711,0
VEH000269,TSK003711,1
VEH000401,TSK003711,0
VEH000060,TSK003711,0
VEH000414,TSK003711,0
VEH000531,TSK003711,1
VEH000410,TSK003711,0
VEH000324,TSK003711,1
VEH000095,TSK003711,1
VEH000077,TSK003711,0
VEH000227,TSK003711,1
VEH000308,TSK003711,0
VEH000003,TSK003711,0
VEH000049,TSK003711,0
VEH000015,TSK003711,0
VEH000272,TSK003711,1
VEH000510,TSK003711,0
VEH000483,TSK003711,0
VEH000089,TSK003757,0
VEH000033,TSK003757,1
VEH000330,TSK003757,0
VEH000261,TSK003757,1
VEH000025,TSK003757,0
VEH000482,TSK003757,0
VEH000523,TSK003757,0
VEH000019,TSK003757,0
VEH000240,TSK003757,1
VEH000083,TSK003757,0
VEH000433,TSK003757,0
VEH000329,TSK003757,0
VEH000450,TSK003757,0
VEH000422,TSK003757,0
VEH000267,TSK003757,0
VEH000296,TSK003757,0
VEH000467,TSK003757,1
VEH000098,TSK003757,0
VEH000074,TSK003757,0
VEH000320,TSK003757,1
VEH000309,TSK003757,1
VEH000067,TSK003757,1
VEH000218,TSK003757,1
VEH000459,TSK003757,0
VEH000101,TSK003757,1
VEH000024,TSK003757,0
VEH000265,TSK003757,1
VEH000006,TSK003757,1
VEH000484,TSK003757,1
VEH000379,TSK003757,1
VEH000358,TSK003757,1
VEH000275,TSK003757,0
VEH000337,TSK003757,1
VEH000532,TSK003757,0
VEH000332,TSK003757,1
VEH000527,TSK003757,1
VEH000078,TSK003757,0
VEH000304,TSK003757,0
VEH000047,TSK003757,1
VEH000287,TSK003757,1
VEH000327,TSK003757,1
VEH000508,TSK003757,0
VEH000057,TSK003757,1
VEH000505,TSK003757,0
VEH000416,TSK003757,1
VEH000035,TSK003757,0
VEH000353,TSK003757,1
VEH000406,TSK003757,0
VEH000050,TSK003757,1
VEH000070,TSK003757,0
VEH000478,TSK003757,1
VEH000514,TSK003757,0
VEH000359,TSK003757,1
VEH000096,TSK003757,0
VEH000229,TSK003757,0
VEH000529,TSK003757,0
VEH000321,TSK003757,0
VEH000037,TSK003757,1
VEH000082,TSK003757,0
VEH000280,TSK003757,1
VEH000388,TSK003757,1
VEH000366,TSK003757,1
VEH000525,TSK003757,0
VEH000281,TSK003757,0
VEH000065,TSK003757,1
VEH000424,TSK003757,1
VEH000246,TSK003757,0
VEH000063,TSK003757,1
VEH000092,TSK003757,1
VEH000251,TSK003757,1
VEH000455,TSK003757,0
VEH000313,TSK003757,1
VEH000053,TSK003757,1
VEH000220,TSK003757,1
VEH000298,TSK003757,0
VEH000040,TSK003757,0
VEH000519,TSK003757,1
VEH000344,TSK003757,1
VEH000312,TSK003757,0
VEH000431,TSK003757,1
VEH000072,TSK003757,1
VEH000093,TSK003757,1
VEH000225,TSK003757,0
VEH000269,TSK003757,1
VEH000401,TSK003757,0
VEH000060,TSK003757,0
VEH000414,TSK003757,1
VEH000531,TSK003757,0
VEH000410,TSK003757,0
VEH000324,TSK003757,1
VEH000095,TSK003757,0
VEH000077,TSK003757,0
VEH000227,TSK003757,0
VEH000308,TSK003757,0
VEH000003,TSK003757,1
VEH000049,TSK003757,1
VEH000015,TSK003757,1
VEH000272,TSK003757,1
VEH000510,TSK003757,0
VEH000483,TSK003757,0
VEH000089,TSK003788,1
VEH000033,TSK003788,0
VEH000330,TSK003788,1
VEH000261,TSK003788,0
VEH000025,TSK003788,0
VEH000482,TSK003788,0
VEH000523,TSK003788,1
VEH000019,TSK003788,1
VEH000240,TSK003788,1
VEH000083,TSK003788,0
VEH000433,TSK003788,1
VEH000329,TSK003788,0
VEH000450,TSK003788,0
VEH000422,TSK003788,1
VEH000267,TSK003788,1
VEH000296,TSK003788,1
VEH000467,TSK003788,1
VEH000098,TSK003788,0
VEH000074,TSK003788,1
VEH000320,TSK003788,0
VEH000309,TSK003788,1
VEH000067,TSK003788,1
VEH000218,TSK003788,1
VEH000459,TSK003788,0
VEH000101,TSK003788,0
VEH000024,TSK003788,0
VEH000265,TSK003788,1
VEH000006,TSK003788,0
VEH000484,TSK003788,0
VEH000379,TSK003788,0
VEH000358,TSK003788,1
VEH000275,TSK003788,1
VEH000337,TSK003788,1
VEH000532,TSK003788,0
VEH000332,TSK003788,1
VEH000527,TSK003788,0
VEH000078,TSK003788,0
VEH000304,TSK003788,1
VEH000047,TSK003788,0
VEH000287,TSK003788,0
VEH000327,TSK003788,1
VEH000508,TSK003788,1
VEH000057,TSK003788,1
VEH000505,TSK003788,1
VEH000416,TSK003788,0
VEH000035,TSK003788,0
VEH000353,TSK003788,0
VEH000406,TSK003788,1
VEH000050,TSK003788,1
VEH000070,TSK003788,0
VEH000478,TSK003788,1
VEH000514,TSK003788,1
VEH000359,TSK003788,0
VEH000096,TSK003788,1
VEH000229,TSK003788,0
VEH000529,TSK003788,0
VEH000321,TSK003788,0
VEH000037,TSK003788,1
VEH000082,TSK003788,1
VEH000280,TSK003788,0
VEH000388,TSK003788,0
VEH000366,TSK003788,0
VEH000525,TSK003788,0
VEH000281,TSK003788,0
VEH000065,TSK003788,1
VEH000424,TSK003788,0
VEH000246,TSK003788,1
VEH000063,TSK003788,1
VEH000092,TSK003788,0
VEH000251,TSK003788,0
VEH000455,TSK003788,0
VEH000313,TSK003788,1
VEH000053,TSK003788,0
VEH000220,TSK003788,0
VEH000298,TSK003788,0
VEH000040,TSK003788,1
VEH000519,TSK003788,1
VEH000344,TSK003788,1
VEH000312,TSK003788,1
VEH000431,TSK003788,1
VEH000072,TSK003788,1
VEH000093,TSK003788,0
VEH000225,TSK003788,1
VEH000269,TSK003788,1
VEH000401,TSK003788,0
VEH000060,TSK003788,0
VEH000414,TSK003788,0
VEH000531,TSK003788,1
VEH000410,TSK003788,0
VEH000324,TSK003788,1
VEH000095,TSK003788,1
VEH000077,TSK003788,1
VEH000227,TSK003788,0
VEH000308,TSK003788,0
VEH000003,TSK003788,1
VEH000049,TSK003788,0
VEH000015,TSK003788,0
VEH000272,TSK003788,1
VEH000510,TSK003788,1
VEH000483,TSK003788,0
VEH000089,TSK003902,1
VEH000033,TSK003902,0
VEH000330,TSK003902,0
VEH000261,TSK003902,0
VEH000025,TSK003902,1
VEH000482,TSK003902,1
VEH000523,TSK003902,0
VEH000019,TSK003902,1
VEH000240,TSK003902,1
VEH000083,TSK003902,1
VEH000433,TSK003902,0
VEH000329,TSK003902,1
VEH000450,TSK003902,1
VEH000422,TSK003902,1
VEH000267,TSK003902,1
VEH000296,TSK003902,0
VEH000467,TSK003902,0
VEH000098,TSK003902,0
VEH000074,TSK003902,0
VEH000320,TSK003902,0
VEH000309,TSK003902,1
VEH000067,TSK003902,1
VEH000218,TSK003902,0
VEH000459,TSK003902,0
VEH000101,TSK003902,0
VEH000024,TSK003902,1
VEH000265,TSK003902,0
VEH000006,TSK003902,0
VEH000484,TSK003902,0
VEH000379,TSK003902,1
VEH000358,TSK003902,1
VEH000275,TSK003902,1
VEH000337,TSK003902,0
VEH000532,TSK003902,1
VEH000332,TSK003902,0
VEH000527,TSK003902,0
VEH000078,TSK003902,0
VEH000304,TSK003902,0
VEH000047,TSK003902,0
VEH000287,TSK003902,1
VEH000327,TSK003902,1
VEH000508,TSK003902,1
VEH000057,TSK003902,1
VEH000505,TSK003902,1
VEH000416,TSK003902,1
VEH000035,TSK003902,0
VEH000353,TSK003902,1
VEH000406,TSK003902,1
VEH000050,TSK003902,0
VEH000070,TSK003902,0
VEH000478,TSK003902,1
VEH000514,TSK003902,0
VEH000359,TSK003902,1
VEH000096,TSK003902,1
VEH000229,TSK003902,1
VEH000529,TSK003902,0
VEH000321,TSK003902,0
VEH000037,TSK003902,1
VEH000082,TSK003902,0
VEH000280,TSK003902,1
VEH000388,TSK003902,1
VEH000366,TSK003902,0
VEH000525,TSK003902,1
VEH000281,TSK003902,1
VEH000065,TSK003902,1
VEH000424,TSK003902,0
VEH000246,TSK003902,1
VEH000063,TSK003902,1
VEH000092,TSK003902,0
VEH000251,TSK003902,1
VEH000455,TSK003902,1
VEH000313,TSK003902,1
VEH000053,TSK003902,0
VEH000220,TSK003902,0
VEH000298,TSK003902,1
VEH000040,TSK003902,1
VEH000519,TSK003902,0
VEH000344,TSK003902,0
VEH000312,TSK003902,0
VEH000431,TSK003902,0
VEH000072,TSK003902,0
VEH000093,TSK003902,1
VEH000225,TSK003902,1
VEH000269,TSK003902,0
VEH000401,TSK003902,1
VEH000060,TSK003902,0
VEH000414,TSK003902,0
VEH000531,TSK003902,1
VEH000410,TSK003902,0
VEH000324,TSK003902,1
VEH000095,TSK003902,1
VEH000077,TSK003902,1
VEH000227,TSK003902,0
VEH000308,TSK003902,0
VEH000003,TSK003902,0
VEH000049,TSK003902,0
VEH000015,TSK003902,0
VEH000272,TSK003902,0
VEH000510,TSK003902,1
VEH000483,TSK003902,0
VEH000089,TSK003907,0
VEH000033,TSK003907,0
VEH000330,TSK003907,1
VEH000261,TSK003907,1
VEH000025,TSK003907,1
VEH000482,TSK003907,0
VEH000523,TSK003907,0
VEH000019,TSK003907,0
VEH000240,TSK003907,0
VEH000083,TSK003907,1
VEH000433,TSK003907,1
VEH000329,TSK003907,1
VEH000450,TSK003907,1
VEH000422,TSK003907,0
VEH000267,TSK003907,1
VEH000296,TSK003907,0
VEH000467,TSK003907,0
VEH000098,TSK003907,0
VEH000074,TSK003907,0
VEH000320,TSK003907,1
VEH000309,TSK003907,1
VEH000067,TSK003907,1
VEH000218,TSK003907,1
VEH000459,TSK003907,0
VEH000101,TSK003907,1
VEH000024,TSK003907,0
VEH000265,TSK003907,1
VEH000006,TSK003907,1
VEH000484,TSK003907,1
VEH000379,TSK003907,0
VEH000358,TSK003907,1
VEH000275,TSK003907,0
VEH000337,TSK003907,1
VEH000532,TSK003907,0
VEH000332,TSK003907,1
VEH000527,TSK003907,0
VEH000078,TSK003907,1
VEH000304,TSK003907,1
VEH000047,TSK003907,0
VEH000287,TSK003907,1
VEH000327,TSK003907,1
VEH000508,TSK003907,0
VEH000057,TSK003907,1
VEH000505,TSK003907,1
VEH000416,TSK003907,1
VEH000035,TSK003907,0
VEH000353,TSK003907,0
VEH000406,TSK003907,1
VEH000050,TSK003907,0
VEH000070,TSK003907,0
VEH000478,TSK003907,1
VEH000514,TSK003907,0
VEH000359,TSK003907,0
VEH000096,TSK003907,0
VEH000229,TSK003907,0
VEH000529,TSK003907,1
VEH000321,TSK003907,1
VEH000037,TSK003907,0
VEH000082,TSK003907,0
VEH000280,TSK003907,0
VEH000388,TSK003907,1
VEH000366,TSK003907,0
VEH000525,TSK003907,1
VEH000281,TSK003907,0
VEH000065,TSK003907,0
VEH000424,TSK003907,1
VEH000246,TSK003907,1
VEH000063,TSK003907,1
VEH000092,TSK003907,1
VEH000251,TSK003907,1
VEH000455,TSK003907,1
VEH000313,TSK003907,0
VEH000053,TSK003907,1
VEH000220,TSK003907,1
VEH000298,TSK003907,0
VEH000040,TSK003907,0
VEH000519,TSK003907,0
VEH000344,TSK003907,0
VEH000312,TSK003907,1
VEH000431,TSK003907,1
VEH000072,TSK003907,0
VEH000093,TSK003907,1
VEH000225,TSK003907,1
VEH000269,TSK003907,0
VEH000401,TSK003907,0
VEH000060,TSK003907,0
VEH000414,TSK003907,1
VEH000531,TSK003907,0
VEH000410,TSK003907,1
VEH000324,TSK003907,0
VEH000095,TSK003907,1
VEH000077,TSK003907,0
VEH000227,TSK003907,1
VEH000308,TSK003907,0
VEH000003,TSK003907,0
VEH000049,TSK003907,0
VEH000015,TSK003907,1
VEH000272,TSK003907,0
VEH000510,TSK003907,0
VEH000483,TSK003907,1
VEH000089,TSK003915,0
VEH000033,TSK003915,0
VEH000330,TSK003915,1
VEH000261,TSK003915,1
VEH000025,TSK003915,1
VEH000482,TSK003915,1
VEH000523,TSK003915,0
VEH000019,TSK003915,1
VEH000240,TSK003915,0
VEH000083,TSK003915,1
VEH000433,TSK003915,1
VEH000329,TSK003915,0
VEH000450,TSK003915,0
VEH000422,TSK003915,1
VEH000267,TSK003915,1
VEH000296,TSK003915,1
VEH000467,TSK003915,1
VEH000098,TSK003915,1
VEH000074,TSK003915,0
VEH000320,TSK003915,1
VEH000309,TSK003915,1
VEH000067,TSK003915,0
VEH000218,TSK003915,0
VEH000459,TSK003915,0
VEH000101,TSK003915,0
VEH000024,TSK003915,1
VEH000265,TSK003915,0
VEH000006,TSK003915,1
VEH000484,TSK003915,0
VEH000379,TSK003915,1
VEH000358,TSK003915,1
VEH000275,TSK003915,1
VEH000337,TSK003915,1
VEH000532,TSK003915,0
VEH000332,TSK003915,0
VEH000527,TSK003915,1
VEH000078,TSK003915,0
VEH000304,TSK003915,0
VEH000047,TSK003915,0
VEH000287,TSK003915,0
VEH000327,TSK003915,1
VEH000508,TSK003915,1
VEH000057,TSK003915,0
VEH000505,TSK003915,0
VEH000416,TSK003915,1
VEH000035,TSK003915,1
VEH000353,TSK003915,1
VEH000406,TSK003915,0
VEH000050,TSK003915,0
VEH000070,TSK003915,1
VEH000478,TSK003915,0
VEH000514,TSK003915,1
VEH000359,TSK003915,0
VEH000096,TSK003915,0
VEH000229,TSK003915,1
VEH000529,TSK003915,1
VEH000321,TSK003915,0
VEH000037,TSK003915,0
VEH000082,TSK003915,1
VEH000280,TSK003915,0
VEH000388,TSK003915,1
VEH000366,TSK003915,0
VEH000525,TSK003915,0
VEH000281,TSK003915,1
VEH000065,TSK003915,0
VEH000424,TSK003915,0
VEH000246,TSK003915,0
VEH000063,TSK003915,0
VEH000092,TSK003915,1
VEH000251,TSK003915,1
VEH000455,TSK003915,1
VEH000313,TSK003915,1
VEH000053,TSK003915,0
VEH000220,TSK003915,1
VEH000298,TSK003915,0
VEH000040,TSK003915,1
VEH000519,TSK003915,1
VEH000344,TSK003915,1
VEH000312,TSK003915,1
VEH000431,TSK003915,1
VEH000072,TSK003915,0
VEH000093,TSK003915,0
VEH000225,TSK003915,1
VEH000269,TSK003915,0
VEH000401,TSK003915,1
VEH000060,TSK003915,0
VEH000414,TSK003915,0
VEH000531,TSK003915,1
VEH000410,TSK003915,1
VEH000324,TSK003915,1
VEH000095,TSK003915,1
VEH000077,TSK003915,0
VEH000227,TSK003915,0
VEH000308,TSK003915,0
VEH000003,TSK003915,0
VEH000049,TSK003915,0
VEH000015,TSK003915,1
VEH000272,TSK003915,0
VEH000510,TSK003915,0
VEH000483,TSK003915,0
VEH000089,TSK003948,1
VEH000033,TSK003948,0
VEH000330,TSK003948,0
VEH000261,TSK003948,0
VEH000025,TSK003948,1
VEH000482,TSK003948,0
VEH000523,TSK003948,1
VEH000019,TSK003948,0
VEH000240,TSK003948,0
VEH000083,TSK003948,0
VEH000433,TSK003948,0
VEH000329,TSK003948,1
VEH000450,TSK003948,1
VEH000422,TSK003948,1
VEH000267,TSK003948,0
VEH000296,TSK003948,1
VEH000467,TSK003948,1
VEH000098,TSK003948,1
VEH000074,TSK003948,1
VEH000320,TSK003948,1
VEH000309,TSK003948,0
VEH000067,TSK003948,0
VEH000218,TSK003948,1
VEH000459,TSK003948,1
VEH000101,TSK003948,1
VEH000024,TSK003948,1
VEH000265,TSK003948,0
VEH000006,TSK003948,0
VEH000484,TSK003948,0
VEH000379,TSK003948,1
VEH000358,TSK003948,1
VEH000275,TSK003948,1
VEH000337,TSK003948,1
VEH000532,TSK003948,1
VEH000332,TSK003948,0
VEH000527,TSK003948,1
VEH000078,TSK003948,1
VEH000304,TSK003948,0
VEH000047,TSK003948,0
VEH000287,TSK003948,0
VEH000327,TSK003948,1
VEH000508,TSK003948,0
VEH000057,TSK003948,0
VEH000505,TSK003948,0
VEH000416,TSK003948,0
VEH000035,TSK003948,0
VEH000353,TSK003948,1
VEH000406,TSK003948,1
VEH000050,TSK003948,1
VEH000070,TSK003948,0
VEH000478,TSK003948,1
VEH000514,TSK003948,1
VEH000359,TSK003948,1
VEH000096,TSK003948,1
VEH000229,TSK003948,1
VEH000529,TSK003948,0
VEH000321,TSK003948,0
VEH000037,TSK003948,0
VEH000082,TSK003948,0
VEH000280,TSK003948,1
VEH000388,TSK003948,0
VEH000366,TSK003948,1
VEH000525,TSK003948,1
VEH000281,TSK003948,0
VEH000065,TSK003948,0
VEH000424,TSK003948,1
VEH000246,TSK003948,1
VEH000063,TSK003948,1
VEH000092,TSK003948,1
VEH000251,TSK003948,1
VEH000455,TSK003948,1
VEH000313,TSK003948,1
VEH000053,TSK003948,1
VEH000220,TSK003948,0
VEH000298,TSK003948,1
VEH000040,TSK003948,1
VEH000519,TSK003948,0
VEH000344,TSK003948,0
VEH000312,TSK003948,0
VEH000431,TSK003948,0
VEH000072,TSK003948,0
VEH000093,TSK003948,1
VEH000225,TSK003948,0
VEH000269,TSK003948,1
VEH000401,TSK003948,1
VEH000060,TSK003948,0
VEH000414,TSK003948,0
VEH000531,TSK003948,0
VEH000410,TSK003948,0
VEH000324,TSK003948,0
VEH000095,TSK003948,0
VEH000077,TSK003948,1
VEH000227,TSK003948,0
VEH000308,TSK003948,1
VEH000003,TSK003948,0
VEH000049,TSK003948,0
VEH000015,TSK003948,0
VEH000272,TSK003948,0
VEH000510,TSK003948,1
VEH000483,TSK003948,0
VEH000089,TSK003964,0
VEH000033,TSK003964,0
VEH000330,TSK003964,0
VEH000261,TSK003964,0
VEH000025,TSK003964,0
VEH000482,TSK003964,1
VEH000523,TSK003964,1
VEH000019,TSK003964,1
VEH000240,TSK003964,1
VEH000083,TSK003964,1
VEH000433,TSK003964,0
VEH000329,TSK003964,0
VEH000450,TSK003964,0
VEH000422,TSK003964,0
VEH000267,TSK003964,0
VEH000296,TSK003964,0
VEH000467,TSK003964,0
VEH000098,TSK003964,0
VEH000074,TSK003964,1
VEH000320,TSK003964,1
VEH000309,TSK003964,1
VEH000067,TSK003964,0
VEH000218,TSK003964,0
VEH000459,TSK003964,0
VEH000101,TSK003964,1
VEH000024,TSK003964,1
VEH000265,TSK003964,0
VEH000006,TSK003964,0
VEH000484,TSK003964,1
VEH000379,TSK003964,0
VEH000358,TSK003964,0
VEH000275,TSK003964,1
VEH000337,TSK003964,1
VEH000532,TSK003964,1
VEH000332,TSK003964,1
VEH000527,TSK003964,1
VEH000078,TSK003964,1
VEH000304,TSK003964,1
VEH000047,TSK003964,0
VEH000287,TSK003964,0
VEH000327,TSK003964,0
VEH000508,TSK003964,1
VEH000057,TSK003964,1
VEH000505,TSK003964,1
VEH000416,TSK003964,1
VEH000035,TSK003964,1
VEH000353,TSK003964,1
VEH000406,TSK003964,1
VEH000050,TSK003964,1
VEH000070,TSK003964,1
VEH000478,TSK003964,1
VEH000514,TSK003964,0
VEH000359,TSK003964,0
VEH000096,TSK003964,1
VEH000229,TSK003964,0
VEH000529,TSK003964,0
VEH000321,TSK003964,1
VEH000037,TSK003964,0
VEH000082,TSK003964,0
VEH000280,TSK003964,1
VEH000388,TSK003964,1
VEH000366,TSK003964,1
VEH000525,TSK003964,1
VEH000281,TSK003964,0
VEH000065,TSK003964,0
VEH000424,TSK003964,1
VEH000246,TSK003964,1
VEH000063,TSK003964,0
VEH000092,TSK003964,0
VEH000251,TSK003964,1
VEH000455,TSK003964,0
VEH000313,TSK003964,0
VEH000053,TSK003964,1
VEH000220,TSK003964,1
VEH000298,TSK003964,0
VEH000040,TSK003964,1
VEH000519,TSK003964,0
VEH000344,TSK003964,0
VEH000312,TSK003964,1
VEH000431,TSK003964,1
VEH000072,TSK003964,1
VEH000093,TSK003964,0
VEH000225,TSK003964,0
VEH000269,TSK003964,0
VEH000401,TSK003964,0
VEH000060,TSK003964,1
VEH000414,TSK003964,0
VEH000531,TSK003964,1
VEH000410,TSK003964,1
VEH000324,TSK003964,0
VEH000095,TSK003964,0
VEH000077,TSK003964,0
VEH000227,TSK003964,1
VEH000308,TSK003964,1
VEH000003,TSK003964,1
VEH000049,TSK003964,0
VEH000015,TSK003964,0
VEH000272,TSK003964,0
VEH000510,TSK003964,1
VEH000483,TSK003964,0
VEH000089,TSK003998,1
VEH000033,TSK003998,1
VEH000330,TSK003998,1
VEH000261,TSK003998,0
VEH000025,TSK003998,1
VEH000482,TSK003998,0
VEH000523,TSK003998,0
VEH000019,TSK003998,1
VEH000240,TSK003998,1
VEH000083,TSK003998,1
VEH000433,TSK003998,1
VEH000329,TSK003998,1
VEH000450,TSK003998,0
VEH000422,TSK003998,0
VEH000267,TSK003998,0
VEH000296,TSK003998,0
VEH000467,TSK003998,1
VEH000098,TSK003998,1
VEH000074,TSK003998,0
VEH000320,TSK003998,1
VEH000309,TSK003998,1
VEH000067,TSK003998,0
VEH000218,TSK003998,1
VEH000459,TSK003998,0
VEH000101,TSK003998,1
VEH000024,TSK003998,1
VEH000265,TSK003998,0
VEH000006,TSK003998,0
VEH000484,TSK003998,0
VEH000379,TSK003998,1
VEH000358,TSK003998,0
VEH000275,TSK003998,0
VEH000337,TSK003998,0
VEH000532,TSK003998,0
VEH000332,TSK003998,0
VEH000527,TSK003998,1
VEH000078,TSK003998,1
VEH000304,TSK003998,1
VEH000047,TSK003998,0
VEH000287,TSK003998,0
VEH000327,TSK003998,1
VEH000508,TSK003998,1
VEH000057,TSK003998,0
VEH000505,TSK003998,1
VEH000416,TSK003998,1
VEH000035,TSK003998,0
VEH000353,TSK003998,1
VEH000406,TSK003998,1
VEH000050,TSK003998,0
VEH000070,TSK003998,1
VEH000478,TSK003998,1
VEH000514,TSK003998,1
VEH000359,TSK003998,0
VEH000096,TSK003998,0
VEH000229,TSK003998,0
VEH000529,TSK003998,1
VEH000321,TSK003998,0
VEH000037,TSK003998,1
VEH000082,TSK003998,1
VEH000280,TSK003998,1
VEH000388,TSK003998,0
VEH000366,TSK003998,0
VEH000525,TSK003998,1
VEH000281,TSK003998,1
VEH000065,TSK003998,1
VEH000424,TSK003998,0
VEH000246,TSK003998,1
VEH000063,TSK003998,0
VEH000092,TSK003998,0
VEH000251,TSK003998,0
VEH000455,TSK003998,1
VEH000313,TSK003998,0
VEH000053,TSK003998,0
VEH000220,TSK003998,0
VEH000298,TSK003998,0
VEH000040,TSK003998,0
VEH000519,TSK003998,0
VEH000344,TSK003998,0
VEH000312,TSK003998,1
VEH000431,TSK003998,1
VEH000072,TSK003998,0
VEH000093,TSK003998,0
VEH000225,TSK003998,0
VEH000269,TSK003998,0
VEH000401,TSK003998,0
VEH000060,TSK003998,0
VEH000414,TSK003998,1
VEH000531,TSK003998,0
VEH000410,TSK003998,1
VEH000324,TSK003998,1
VEH000095,TSK003998,1
VEH000077,TSK003998,1
VEH000227,TSK003998,0
VEH000308,TSK003998,0
VEH000003,TSK003998,0
VEH000049,TSK003998,1
VEH000015,TSK003998,1
VEH000272,TSK003998,1
VEH000510,TSK003998,1
VEH000483,TSK003998,1
VEH000089,TSK004022,0
VEH000033,TSK004022,1
VEH000330,TSK004022,1
VEH000261,TSK004022,0
VEH000025,TSK004022,0
VEH000482,TSK004022,1
VEH000523,TSK004022,0
VEH000019,TSK004022,0
VEH000240,TSK004022,1
VEH000083,TSK004022,0
VEH000433,TSK004022,0
VEH000329,TSK004022,0
VEH000450,TSK004022,1
VEH000422,TSK004022,0
VEH000267,TSK004022,0
VEH000296,TSK004022,0
VEH000467,TSK004022,1
VEH000098,TSK004022,0
VEH000074,TSK004022,1
VEH000320,TSK004022,0
VEH000309,TSK004022,1
VEH000067,TSK004022,0
VEH000218,TSK004022,1
VEH000459,TSK004022,0
VEH000101,TSK004022,1
VEH000024,TSK004022,1
VEH000265,TSK004022,0
VEH000006,TSK004022,1
VEH000484,TSK004022,0
VEH000379,TSK004022,1
VEH000358,TSK004022,1
VEH000275,TSK004022,1
VEH000337,TSK004022,1
VEH000532,TSK004022,1
VEH000332,TSK004022,0
VEH000527,TSK004022,0
VEH000078,TSK004022,1
VEH000304,TSK004022,1
VEH000047,TSK004022,1
VEH000287,TSK004022,1
VEH000327,TSK004022,0
VEH000508,TSK004022,0
VEH000057,TSK004022,1
VEH000505,TSK004022,0
VEH000416,TSK004022,0
VEH000035,TSK004022,0
VEH000353,TSK004022,1
VEH000406,TSK004022,0
VEH000050,TSK004022,0
VEH000070,TSK004022,0
VEH000478,TSK004022,0
VEH000514,TSK004022,1
VEH000359,TSK004022,0
VEH000096,TSK004022,0
VEH000229,TSK004022,0
VEH000529,TSK004022,1
VEH000321,TSK004022,1
VEH000037,TSK004022,1
VEH000082,TSK004022,0
VEH000280,TSK004022,1
VEH000388,TSK004022,0
VEH000366,TSK004022,1
VEH000525,TSK004022,1
VEH000281,TSK004022,0
VEH000065,TSK004022,0
VEH000424,TSK004022,0
VEH000246,TSK004022,1
VEH000063,TSK004022,0
VEH000092,TSK004022,1
VEH000251,TSK004022,0
VEH000455,TSK004022,0
VEH000313,TSK004022,0
VEH000053,TSK004022,1
VEH000220,TSK004022,1
VEH000298,TSK004022,0
VEH000040,TSK004022,0
VEH000519,TSK004022,0
VEH000344,TSK004022,0
VEH000312,TSK004022,1
VEH000431,TSK004022,1
VEH000072,TSK004022,0
VEH000093,TSK004022,1
VEH000225,TSK004022,0
VEH000269,TSK004022,1
VEH000401,TSK004022,1
VEH000060,TSK004022,1
VEH000414,TSK004022,1
VEH000531,TSK004022,1
VEH000410,TSK004022,1
VEH000324,TSK004022,0
VEH000095,TSK004022,1
VEH000077,TSK004022,1
VEH000227,TSK004022,1
VEH000308,TSK004022,1
VEH000003,TSK004022,0
VEH000049,TSK004022,1
VEH000015,TSK004022,0
VEH000272,TSK004022,0
VEH000510,TSK004022,1
VEH000483,TSK004022,1
VEH000089,TSK004042,0
VEH000033,TSK004042,0
VEH000330,TSK004042,1
VEH000261,TSK004042,1
VEH000025,TSK004042,0
VEH000482,TSK004042,0
VEH000523,TSK004042,1
VEH000019,TSK004042,1
VEH000240,TSK004042,1
VEH000083,TSK004042,1
VEH000433,TSK004042,0
VEH000329,TSK004042,0
VEH000450,TSK004042,1
VEH000422,TSK004042,0
VEH000267,TSK004042,0
VEH000296,TSK004042,1
VEH000467,TSK004042,1
VEH000098,TSK004042,1
VEH000074,TSK004042,0
VEH000320,TSK004042,0
VEH000309,TSK004042,1
VEH000067,TSK004042,0
VEH000218,TSK004042,0
VEH000459,TSK004042,1
VEH000101,TSK004042,0
VEH000024,TSK004042,1
VEH000265,TSK004042,1
VEH000006,TSK004042,1
VEH000484,TSK004042,0
VEH000379,TSK004042,1
VEH000358,TSK004042,0
VEH000275,TSK004042,1
VEH000337,TSK004042,1
VEH000532,TSK004042,1
VEH000332,TSK004042,0
VEH000527,TSK004042,0
VEH000078,TSK004042,0
VEH000304,TSK004042,0
VEH000047,TSK004042,1
VEH000287,TSK004042,1
VEH000327,TSK004042,1
VEH000508,TSK004042,0
VEH000057,TSK004042,0
VEH000505,TSK004042,1
VEH000416,TSK004042,1
VEH000035,TSK004042,0
VEH000353,TSK004042,1
VEH000406,TSK004042,0
VEH000050,TSK004042,1
VEH000070,TSK004042,0
VEH000478,TSK004042,0
VEH000514,TSK004042,0
VEH000359,TSK004042,0
VEH000096,TSK004042,1
VEH000229,TSK004042,0
VEH000529,TSK004042,1
VEH000321,TSK004042,1
VEH000037,TSK004042,0
VEH000082,TSK004042,0
VEH000280,TSK004042,0
VEH000388,TSK004042,0
VEH000366,TSK004042,0
VEH000525,TSK004042,1
VEH000281,TSK004042,1
VEH000065,TSK004042,1
VEH000424,TSK004042,1
VEH000246,TSK004042,0
VEH000063,TSK004042,1
VEH000092,TSK004042,1
VEH000251,TSK004042,0
VEH000455,TSK004042,1
VEH000313,TSK004042,0
VEH000053,TSK004042,0
VEH000220,TSK004042,0
VEH000298,TSK004042,1
VEH000040,TSK004042,0
VEH000519,TSK004042,1
VEH000344,TSK004042,1
VEH000312,TSK004042,0
VEH000431,TSK004042,1
VEH000072,TSK004042,1
VEH000093,TSK004042,1
VEH000225,TSK004042,1
VEH000269,TSK004042,0
VEH000401,TSK004042,0
VEH000060,TSK004042,0
VEH000414,TSK004042,0
VEH000531,TSK004042,1
VEH000410,TSK004042,1
VEH000324,TSK004042,0
VEH000095,TSK004042,0
VEH000077,TSK004042,1
VEH000227,TSK004042,0
VEH000308,TSK004042,1
VEH000003,TSK004042,0
VEH000049,TSK004042,0
VEH000015,TSK004042,1
VEH000272,TSK004042,0
VEH000510,TSK004042,1
VEH000483,TSK004042,1
VEH000089,TSK004094,0
VEH000033,TSK004094,1
VEH000330,TSK004094,1
VEH000261,TSK004094,1
VEH000025,TSK004094,0
VEH000482,TSK004094,1
VEH000523,TSK004094,0
VEH000019,TSK004094,1
VEH000240,TSK004094,1
VEH000083,TSK004094,1
VEH000433,TSK004094,1
VEH000329,TSK004094,0
VEH000450,TSK004094,0
VEH000422,TSK004094,0
VEH000267,TSK004094,0
VEH000296,TSK004094,1
VEH000467,TSK004094,1
VEH000098,TSK004094,1
VEH000074,TSK004094,1
VEH000320,TSK004094,0
VEH000309,TSK004094,1
VEH000067,TSK004094,0
VEH000218,TSK004094,0
VEH000459,TSK004094,1
VEH000101,TSK004094,0
VEH000024,TSK004094,0
VEH000265,TSK004094,1
VEH000006,TSK004094,1
VEH000484,TSK004094,0
VEH000379,TSK004094,0
VEH000358,TSK004094,1
VEH000275,TSK004094,0
VEH000337,TSK004094,1
VEH000532,TSK004094,0
VEH000332,TSK004094,1
VEH000527,TSK004094,1
VEH000078,TSK004094,0
VEH000304,TSK004094,0
VEH000047,TSK004094,0
VEH000287,TSK004094,1
VEH000327,TSK004094,1
VEH000508,TSK004094,1
VEH000057,TSK004094,1
VEH000505,TSK004094,1
VEH000416,TSK004094,0
VEH000035,TSK004094,1
VEH000353,TSK004094,1
VEH000406,TSK004094,1
VEH000050,TSK004094,1
VEH000070,TSK004094,1
VEH000478,TSK004094,0
VEH000514,TSK004094,0
VEH000359,TSK004094,0
VEH000096,TSK004094,0
VEH000229,TSK004094,1
VEH000529,TSK004094,1
VEH000321,TSK004094,0
VEH000037,TSK004094,0
VEH000082,TSK004094,0
VEH000280,TSK004094,1
VEH000388,TSK004094,1
VEH000366,TSK004094,1
VEH000525,TSK004094,1
VEH000281,TSK004094,1
VEH000065,TSK004094,1
VEH000424,TSK004094,0
VEH000246,TSK004094,0
VEH000063,TSK004094,0
VEH000092,TSK004094,1
VEH000251,TSK004094,0
VEH000455,TSK004094,0
VEH000313,TSK004094,1
VEH000053,TSK004094,1
VEH000220,TSK004094,0
VEH000298,TSK004094,0
VEH000040,TSK004094,0
VEH000519,TSK004094,1
VEH000344,TSK004094,1
VEH000312,TSK004094,0
VEH000431,TSK004094,0
VEH000072,TSK004094,1
VEH000093,TSK004094,0
VEH000225,TSK004094,0
VEH000269,TSK004094,0
VEH000401,TSK004094,0
VEH000060,TSK004094,0
VEH000414,TSK004094,1
VEH000531,TSK004094,1
VEH000410,TSK004094,1
VEH000324,TSK004094,0
VEH000095,TSK004094,0
VEH000077,TSK004094,0
VEH000227,TSK004094,0
VEH000308,TSK004094,1
VEH000003,TSK004094,1
VEH000049,TSK004094,0
VEH000015,TSK004094,0
VEH000272,TSK004094,0
VEH000510,TSK004094,1
VEH000483,TSK004094,0
VEH000089,TSK004095,0
VEH000033,TSK004095,1
VEH000330,TSK004095,1
VEH000261,TSK004095,1
VEH000025,TSK004095,0
VEH000482,TSK004095,1
VEH000523,TSK004095,1
VEH000019,TSK004095,0
VEH000240,TSK004095,1
VEH000083,TSK004095,0
VEH000433,TSK004095,1
VEH000329,TSK004095,0
VEH000450,TSK004095,1
VEH000422,TSK004095,0
VEH000267,TSK004095,0
VEH000296,TSK004095,0
VEH000467,TSK004095,0
VEH000098,TSK004095,0
VEH000074,TSK004095,1
VEH000320,TSK004095,0
VEH000309,TSK004095,0
VEH000067,TSK004095,0
VEH000218,TSK004095,1
VEH000459,TSK004095,1
VEH000101,TSK004095,0
VEH000024,TSK004095,0
VEH000265,TSK004095,1
VEH000006,TSK004095,1
VEH000484,TSK004095,1
VEH000379,TSK004095,0
VEH000358,TSK004095,1
VEH000275,TSK004095,0
VEH000337,TSK004095,0
VEH000532,TSK004095,0
VEH000332,TSK004095,0
VEH000527,TSK004095,1
VEH000078,TSK004095,1
VEH000304,TSK004095,1
VEH000047,TSK004095,0
VEH000287,TSK004095,1
VEH000327,TSK004095,0
VEH000508,TSK004095,1
VEH000057,TSK004095,1
VEH000505,TSK004095,0
VEH000416,TSK004095,0
VEH000035,TSK004095,0
VEH000353,TSK004095,0
VEH000406,TSK004095,0
VEH000050,TSK004095,0
VEH000070,TSK004095,0
VEH000478,TSK004095,1
VEH000514,TSK004095,0
VEH000359,TSK004095,1
VEH000096,TSK004095,0
VEH000229,TSK004095,0
VEH000529,TSK004095,1
VEH000321,TSK004095,0
VEH000037,TSK004095,1
VEH000082,TSK004095,1
VEH000280,TSK004095,1
VEH000388,TSK004095,1
VEH000366,TSK004095,0
VEH000525,TSK004095,1
VEH000281,TSK004095,0
VEH000065,TSK004095,1
VEH000424,TSK004095,0
VEH000246,TSK004095,0
VEH000063,TSK004095,1
VEH000092,TSK004095,1
VEH000251,TSK004095,0
VEH000455,TSK004095,1
VEH000313,TSK004095,0
VEH000053,TSK004095,1
VEH000220,TSK004095,1
VEH000298,TSK004095,0
VEH000040,TSK004095,0
VEH000519,TSK004095,0
VEH000344,TSK004095,1
VEH000312,TSK004095,0
VEH000431,TSK004095,1
VEH000072,TSK004095,0
VEH000093,TSK004095,1
VEH000225,TSK004095,1
VEH000269,TSK004095,1
VEH000401,TSK004095,0
VEH000060,TSK004095,0
VEH000414,TSK004095,0
VEH000531,TSK004095,1
VEH000410,TSK004095,1
VEH000324,TSK004095,1
VEH000095,TSK004095,1
VEH000077,TSK004095,1
VEH000227,TSK004095,1
VEH000308,TSK004095,1
VEH000003,TSK004095,0
VEH000049,TSK004095,0
VEH000015,TSK004095,1
VEH000272,TSK004095,0
VEH000510,TSK004095,1
VEH000483,TSK004095,1
VEH000089,TSK004109,0
VEH000033,TSK004109,1
VEH000330,TSK004109,0
VEH000261,TSK004109,1
VEH000025,TSK004109,1
VEH000482,TSK004109,0
VEH000523,TSK004109,0
VEH000019,TSK004109,1
VEH000240,TSK004109,1
VEH000083,TSK004109,1
VEH000433,TSK004109,0
VEH000329,TSK004109,1
VEH000450,TSK004109,1
VEH000422,TSK004109,0
VEH000267,TSK004109,0
VEH000296,TSK004109,1
VEH000467,TSK004109,0
VEH000098,TSK004109,1
VEH000074,TSK004109,0
VEH000320,TSK004109,1
VEH000309,TSK004109,0
VEH000067,TSK004109,1
VEH000218,TSK004109,0
VEH000459,TSK004109,0
VEH000101,TSK004109,1
VEH000024,TSK004109,1
VEH000265,TSK004109,0
VEH000006,TSK004109,1
VEH000484,TSK004109,1
VEH000379,TSK004109,0
VEH000358,TSK004109,0
VEH000275,TSK004109,0
VEH000337,TSK004109,0
VEH000532,TSK004109,1
VEH000332,TSK004109,0
VEH000527,TSK004109,0
VEH000078,TSK004109,1
VEH000304,TSK004109,0
VEH000047,TSK004109,1
VEH000287,TSK004109,1
VEH000327,TSK004109,0
VEH000508,TSK004109,0
VEH000057,TSK004109,0
VEH000505,TSK004109,1
VEH000416,TSK004109,1
VEH000035,TSK004109,0
VEH000353,TSK004109,0
VEH000406,TSK004109,0
VEH000050,TSK004109,1
VEH000070,TSK004109,0
VEH000478,TSK004109,1
VEH000514,TSK004109,0
VEH000359,TSK004109,1
VEH000096,TSK004109,1
VEH000229,TSK004109,1
VEH000529,TSK004109,1
VEH000321,TSK004109,1
VEH000037,TSK004109,0
VEH000082,TSK004109,0
VEH000280,TSK004109,0
VEH000388,TSK004109,0
VEH000366,TSK004109,1
VEH000525,TSK004109,0
VEH000281,TSK004109,1
VEH000065,TSK004109,1
VEH000424,TSK004109,1
VEH000246,TSK004109,1
VEH000063,TSK004109,0
VEH000092,TSK004109,0
VEH000251,TSK004109,0
VEH000455,TSK004109,0
VEH000313,TSK004109,1
VEH000053,TSK004109,0
VEH000220,TSK004109,1
VEH000298,TSK004109,1
VEH000040,TSK004109,1
VEH000519,TSK004109,0
VEH000344,TSK004109,0
VEH000312,TSK004109,1
VEH000431,TSK004109,0
VEH000072,TSK004109,1
VEH000093,TSK004109,0
VEH000225,TSK004109,1
VEH000269,TSK004109,1
VEH000401,TSK004109,0
VEH000060,TSK004109,1
VEH000414,TSK004109,1
VEH000531,TSK004109,1
VEH000410,TSK004109,1
VEH000324,TSK004109,0
VEH000095,TSK004109,1
VEH000077,TSK004109,1
VEH000227,TSK004109,0
VEH000308,TSK004109,0
VEH000003,TSK004109,0
VEH000049,TSK004109,0
VEH000015,TSK004109,0
VEH000272,TSK004109,0
VEH000510,TSK004109,1
VEH000483,TSK004109,1
VEH000089,TSK004110,0
VEH000033,TSK004110,0
VEH000330,TSK004110,0
VEH000261,TSK004110,0
VEH000025,TSK004110,1
VEH000482,TSK004110,1
VEH000523,TSK004110,0
VEH000019,TSK004110,0
VEH000240,TSK004110,0
VEH000083,TSK004110,0
VEH000433,TSK004110,0
VEH000329,TSK004110,1
VEH000450,TSK004110,1
VEH000422,TSK004110,0
VEH000267,TSK004110,0
VEH000296,TSK004110,1
VEH000467,TSK004110,0
VEH000098,TSK004110,1
VEH000074,TSK004110,0
VEH000320,TSK004110,0
VEH000309,TSK004110,1
VEH000067,TSK004110,0
VEH000218,TSK004110,1
VEH000459,TSK004110,1
VEH000101,TSK004110,0
VEH000024,TSK004110,0
VEH000265,TSK004110,1
VEH000006,TSK004110,1
VEH000484,TSK004110,1
VEH000379,TSK004110,0
VEH000358,TSK004110,0
VEH000275,TSK004110,0
VEH000337,TSK004110,0
VEH000532,TSK004110,0
VEH000332,TSK004110,0
VEH000527,TSK004110,0
VEH000078,TSK004110,0
VEH000304,TSK004110,1
VEH000047,TSK004110,0
VEH000287,TSK004110,0
VEH000327,TSK004110,0
VEH000508,TSK004110,0
VEH000057,TSK004110,1
VEH000505,TSK004110,1
VEH000416,TSK004110,0
VEH000035,TSK004110,0
VEH000353,TSK004110,1
VEH000406,TSK004110,1
VEH000050,TSK004110,1
VEH000070,TSK004110,1
VEH000478,TSK004110,1
VEH000514,TSK004110,0
VEH000359,TSK004110,0
VEH000096,TSK004110,1
VEH000229,TSK004110,0
VEH000529,TSK004110,1
VEH000321,TSK004110,1
VEH000037,TSK004110,1
VEH000082,TSK004110,0
VEH000280,TSK004110,1
VEH000388,TSK004110,0
VEH000366,TSK004110,1
VEH000525,TSK004110,0
VEH000281,TSK004110,1
VEH000065,TSK004110,1
VEH000424,TSK004110,1
VEH000246,TSK004110,0
VEH000063,TSK004110,0
VEH000092,TSK004110,0
VEH000251,TSK004110,1
VEH000455,TSK004110,1
VEH000313,TSK004110,0
VEH000053,TSK004110,0
VEH000220,TSK004110,1
VEH000298,TSK004110,1
VEH000040,TSK004110,0
VEH000519,TSK004110,1
VEH000344,TSK004110,1
VEH000312,TSK004110,0
VEH000431,TSK004110,1
VEH000072,TSK004110,1
VEH000093,TSK004110,1
VEH000225,TSK004110,0
VEH000269,TSK004110,1
VEH000401,TSK004110,1
VEH000060,TSK004110,1
VEH000414,TSK004110,1
VEH000531,TSK004110,0
VEH000410,TSK004110,1
VEH000324,TSK004110,0
VEH000095,TSK004110,1
VEH000077,TSK004110,1
VEH000227,TSK004110,0
VEH000308,TSK004110,1
VEH000003,TSK004110,1
VEH000049,TSK004110,0
VEH000015,TSK004110,0
VEH000272,TSK004110,1
VEH000510,TSK004110,1
VEH000483,TSK004110,1
VEH000089,TSK004111,0
VEH000033,TSK004111,1
VEH000330,TSK004111,1
VEH000261,TSK004111,1
VEH000025,TSK004111,1
VEH000482,TSK004111,1
VEH000523,TSK004111,0
VEH000019,TSK004111,0
VEH000240,TSK004111,1
VEH000083,TSK004111,0
VEH000433,TSK004111,1
VEH000329,TSK004111,0
VEH000450,TSK004111,0
VEH000422,TSK004111,0
VEH000267,TSK004111,1
VEH000296,TSK004111,1
VEH000467,TSK004111,0
VEH000098,TSK004111,0
VEH000074,TSK004111,1
VEH000320,TSK004111,0
VEH000309,TSK004111,1
VEH000067,TSK004111,1
VEH000218,TSK004111,0
VEH000459,TSK004111,0
VEH000101,TSK004111,0
VEH000024,TSK004111,1
VEH000265,TSK004111,0
VEH000006,TSK004111,0
VEH000484,TSK004111,1
VEH000379,TSK004111,1
VEH000358,TSK004111,1
VEH000275,TSK004111,1
VEH000337,TSK004111,1
VEH000532,TSK004111,0
VEH000332,TSK004111,1
VEH000527,TSK004111,0
VEH000078,TSK004111,1
VEH000304,TSK004111,1
VEH000047,TSK004111,1
VEH000287,TSK004111,1
VEH000327,TSK004111,0
VEH000508,TSK004111,0
VEH000057,TSK004111,1
VEH000505,TSK004111,0
VEH000416,TSK004111,0
VEH000035,TSK004111,0
VEH000353,TSK004111,0
VEH000406,TSK004111,0
VEH000050,TSK004111,0
VEH000070,TSK004111,1
VEH000478,TSK004111,1
VEH000514,TSK004111,0
VEH000359,TSK004111,0
VEH000096,TSK004111,1
VEH000229,TSK004111,0
VEH000529,TSK004111,0
VEH000321,TSK004111,0
VEH000037,TSK004111,0
VEH000082,TSK004111,1
VEH000280,TSK004111,1
VEH000388,TSK004111,1
VEH000366,TSK004111,1
VEH000525,TSK004111,0
VEH000281,TSK004111,0
VEH000065,TSK004111,1
VEH000424,TSK004111,0
VEH000246,TSK004111,1
VEH000063,TSK004111,1
VEH000092,TSK004111,0
VEH000251,TSK004111,1
VEH000455,TSK004111,0
VEH000313,TSK004111,1
VEH000053,TSK004111,1
VEH000220,TSK004111,1
VEH000298,TSK004111,0
VEH000040,TSK004111,1
VEH000519,TSK004111,0
VEH000344,TSK004111,1
VEH000312,TSK004111,1
VEH000431,TSK004111,0
VEH000072,TSK004111,1
VEH000093,TSK004111,1
VEH000225,TSK004111,0
VEH000269,TSK004111,1
VEH000401,TSK004111,0
VEH000060,TSK004111,0
VEH000414,TSK004111,0
VEH000531,TSK004111,0
VEH000410,TSK004111,0
VEH000324,TSK004111,0
VEH000095,TSK004111,0
VEH000077,TSK004111,0
VEH000227,TSK004111,1
VEH000308,TSK004111,1
VEH000003,TSK004111,0
VEH000049,TSK004111,1
VEH000015,TSK004111,1
VEH000272,TSK004111,0
VEH000510,TSK004111,1
VEH000483,TSK004111,1
VEH000089,TSK004164,1
VEH000033,TSK004164,0
VEH000330,TSK004164,1
VEH000261,TSK004164,1
VEH000025,TSK004164,0
VEH000482,TSK004164,0
VEH000523,TSK004164,0
VEH000019,TSK004164,1
VEH000240,TSK004164,0
VEH000083,TSK004164,1
VEH000433,TSK004164,0
VEH000329,TSK004164,1
VEH000450,TSK004164,1
VEH000422,TSK004164,0
VEH000267,TSK004164,1
VEH000296,TSK004164,1
VEH000467,TSK004164,0
VEH000098,TSK004164,1
VEH000074,TSK004164,0
VEH000320,TSK004164,0
VEH000309,TSK004164,1
VEH000067,TSK004164,1
VEH000218,TSK004164,1
VEH000459,TSK004164,1
VEH000101,TSK004164,0
VEH000024,TSK004164,1
VEH000265,TSK004164,1
VEH000006,TSK004164,0
VEH000484,TSK004164,0
VEH000379,TSK004164,1
VEH000358,TSK004164,0
VEH000275,TSK004164,1
VEH000337,TSK004164,0
VEH000532,TSK004164,1
VEH000332,TSK004164,1
VEH000527,TSK004164,0
VEH000078,TSK004164,0
VEH000304,TSK004164,1
VEH000047,TSK004164,0
VEH000287,TSK004164,1
VEH000327,TSK004164,0
VEH000508,TSK004164,0
VEH000057,TSK004164,0
VEH000505,TSK004164,0
VEH000416,TSK004164,0
VEH000035,TSK004164,0
VEH000353,TSK004164,1
VEH000406,TSK004164,1
VEH000050,TSK004164,0
VEH000070,TSK004164,1
VEH000478,TSK004164,1
VEH000514,TSK004164,0
VEH000359,TSK004164,1
VEH000096,TSK004164,0
VEH000229,TSK004164,1
VEH000529,TSK004164,1
VEH000321,TSK004164,0
VEH000037,TSK004164,1
VEH000082,TSK004164,1
VEH000280,TSK004164,0
VEH000388,TSK004164,0
VEH000366,TSK004164,1
VEH000525,TSK004164,1
VEH000281,TSK004164,1
VEH000065,TSK004164,0
VEH000424,TSK004164,1
VEH000246,TSK004164,0
VEH000063,TSK004164,0
VEH000092,TSK004164,1
VEH000251,TSK004164,0
VEH000455,TSK004164,0
VEH000313,TSK004164,0
VEH000053,TSK004164,1
VEH000220,TSK004164,0
VEH000298,TSK004164,1
VEH000040,TSK004164,1
VEH000519,TSK004164,1
VEH000344,TSK004164,0
VEH000312,TSK004164,1
VEH000431,TSK004164,1
VEH000072,TSK004164,0
VEH000093,TSK004164,1
VEH000225,TSK004164,0
VEH000269,TSK004164,0
VEH000401,TSK004164,1
VEH000060,TSK004164,1
VEH000414,TSK004164,1
VEH000531,TSK004164,0
VEH000410,TSK004164,1
VEH000324,TSK004164,1
VEH000095,TSK004164,0
VEH000077,TSK004164,0
VEH000227,TSK004164,0
VEH000308,TSK004164,0
VEH000003,TSK004164,1
VEH000049,TSK004164,0
VEH000015,TSK004164,1
VEH000272,TSK004164,0
VEH000510,TSK004164,0
VEH000483,TSK004164,0
VEH000089,TSK004207,1
VEH000033,TSK004207,1
VEH000330,TSK004207,0
VEH000261,TSK004207,0
VEH000025,TSK004207,0
VEH000482,TSK004207,1
VEH000523,TSK004207,0
VEH000019,TSK004207,1
VEH000240,TSK004207,0
VEH000083,TSK004207,1
VEH000433,TSK004207,0
VEH000329,TSK004207,1
VEH000450,TSK004207,0
VEH000422,TSK004207,0
VEH000267,TSK004207,0
VEH000296,TSK004207,1
VEH000467,TSK004207,0
VEH000098,TSK004207,1
VEH000074,TSK004207,1
VEH000320,TSK004207,0
VEH000309,TSK004207,0
VEH000067,TSK004207,1
VEH000218,TSK004207,1
VEH000459,TSK004207,0
VEH000101,TSK004207,0
VEH000024,TSK004207,0
VEH000265,TSK004207,1
VEH000006,TSK004207,0
VEH000484,TSK004207,0
VEH000379,TSK004207,0
VEH000358,TSK004207,1
VEH000275,TSK004207,1
VEH000337,TSK004207,0
VEH000532,TSK004207,0
VEH000332,TSK004207,1
VEH000527,TSK004207,1
VEH000078,TSK004207,0
VEH000304,TSK004207,1
VEH000047,TSK004207,0
VEH000287,TSK004207,0
VEH000327,TSK004207,0
VEH000508,TSK004207,1
VEH000057,TSK004207,1
VEH000505,TSK004207,1
VEH000416,TSK004207,0
VEH000035,TSK004207,0
VEH000353,TSK004207,1
VEH000406,TSK004207,1
VEH000050,TSK004207,1
VEH000070,TSK004207,0
VEH000478,TSK004207,1
VEH000514,TSK004207,0
VEH000359,TSK004207,1
VEH000096,TSK004207,1
VEH000229,TSK004207,1
VEH000529,TSK004207,1
VEH000321,TSK004207,1
VEH000037,TSK004207,0
VEH000082,TSK004207,0
VEH000280,TSK004207,1
VEH000388,TSK004207,0
VEH000366,TSK004207,0
VEH000525,TSK004207,0
VEH000281,TSK004207,0
VEH000065,TSK004207,1
VEH000424,TSK004207,1
VEH000246,TSK004207,1
VEH000063,TSK004207,1
VEH000092,TSK004207,0
VEH000251,TSK004207,1
VEH000455,TSK004207,0
VEH000313,TSK004207,1
VEH000053,TSK004207,0
VEH000220,TSK004207,1
VEH000298,TSK004207,1
VEH000040,TSK004207,1
VEH000519,TSK004207,1
VEH000344,TSK004207,1
VEH000312,TSK004207,0
VEH000431,TSK004207,0
VEH000072,TSK004207,0
VEH000093,TSK004207,1
VEH000225,TSK004207,1
VEH000269,TSK004207,0
VEH000401,TSK004207,0
VEH000060,TSK004207,0
VEH000414,TSK004207,0
VEH000531,TSK004207,0
VEH000410,TSK004207,1
VEH000324,TSK004207,1
VEH000095,TSK004207,0
VEH000077,TSK004207,1
VEH000227,TSK004207,1
VEH000308,TSK004207,0
VEH000003,TSK004207,1
VEH000049,TSK004207,0
VEH000015,TSK004207,0
VEH000272,TSK004207,0
VEH000510,TSK004207,1
VEH000483,TSK004207,1
VEH000089,TSK004234,0
VEH000033,TSK004234,1
VEH000330,TSK004234,1
VEH000261,TSK004234,1
VEH000025,TSK004234,1
VEH000482,TSK004234,1
VEH000523,TSK004234,0
VEH000019,TSK004234,0
VEH000240,TSK004234,1
VEH000083,TSK004234,1
VEH000433,TSK004234,0
VEH000329,TSK004234,1
VEH000450,TSK004234,0
VEH000422,TSK004234,0
VEH000267,TSK004234,0
VEH000296,TSK004234,1
VEH000467,TSK004234,1
VEH000098,TSK004234,1
VEH000074,TSK004234,1
VEH000320,TSK004234,1
VEH000309,TSK004234,1
VEH000067,TSK004234,0
VEH000218,TSK004234,0
VEH000459,TSK004234,1
VEH000101,TSK004234,1
VEH000024,TSK004234,0
VEH000265,TSK004234,0
VEH000006,TSK004234,0
VEH000484,TSK004234,0
VEH000379,TSK004234,1
VEH000358,TSK004234,0
VEH000275,TSK004234,0
VEH000337,TSK004234,1
VEH000532,TSK004234,0
VEH000332,TSK004234,0
VEH000527,TSK004234,1
VEH000078,TSK004234,0
VEH000304,TSK004234,1
VEH000047,TSK004234,1
VEH000287,TSK004234,1
VEH000327,TSK004234,0
VEH000508,TSK004234,0
VEH000057,TSK004234,1
VEH000505,TSK004234,1
VEH000416,TSK004234,0
VEH000035,TSK004234,0
VEH000353,TSK004234,1
VEH000406,TSK004234,0
VEH000050,TSK004234,0
VEH000070,TSK004234,1
VEH000478,TSK004234,1
VEH000514,TSK004234,1
VEH000359,TSK004234,0
VEH000096,TSK004234,1
VEH000229,TSK004234,0
VEH000529,TSK004234,1
VEH000321,TSK004234,0
VEH000037,TSK004234,0
VEH000082,TSK004234,1
VEH000280,TSK004234,0
VEH000388,TSK004234,1
VEH000366,TSK004234,0
VEH000525,TSK004234,1
VEH000281,TSK004234,0
VEH000065,TSK004234,0
VEH000424,TSK004234,0
VEH000246,TSK004234,1
VEH000063,TSK004234,1
VEH000092,TSK004234,0
VEH000251,TSK004234,0
VEH000455,TSK004234,0
VEH000313,TSK004234,0
VEH000053,TSK004234,1
VEH000220,TSK004234,1
VEH000298,TSK004234,0
VEH000040,TSK004234,1
VEH000519,TSK004234,0
VEH000344,TSK004234,0
VEH000312,TSK004234,1
VEH000431,TSK004234,1
VEH000072,TSK004234,1
VEH000093,TSK004234,0
VEH000225,TSK004234,0
VEH000269,TSK004234,1
VEH000401,TSK004234,0
VEH000060,TSK004234,1
VEH000414,TSK004234,1
VEH000531,TSK004234,1
VEH000410,TSK004234,0
VEH000324,TSK004234,1
VEH000095,TSK004234,0
VEH000077,TSK004234,1
VEH000227,TSK004234,0
VEH000308,TSK004234,0
VEH000003,TSK004234,1
VEH000049,TSK004234,0
VEH000015,TSK004234,0
VEH000272,TSK004234,1
VEH000510,TSK004234,0
VEH000483,TSK004234,1
VEH000089,TSK004281,1
VEH000033,TSK004281,1
VEH000330,TSK004281,0
VEH000261,TSK004281,1
VEH000025,TSK004281,0
VEH000482,TSK004281,1
VEH000523,TSK004281,0
VEH000019,TSK004281,1
VEH000240,TSK004281,0
VEH000083,TSK004281,0
VEH000433,TSK004281,1
VEH000329,TSK004281,0
VEH000450,TSK004281,1
VEH000422,TSK004281,1
VEH000267,TSK004281,1
VEH000296,TSK004281,1
VEH000467,TSK004281,1
VEH000098,TSK004281,1
VEH000074,TSK004281,0
VEH000320,TSK004281,0
VEH000309,TSK004281,1
VEH000067,TSK004281,0
VEH000218,TSK004281,1
VEH000459,TSK004281,0
VEH000101,TSK004281,1
VEH000024,TSK004281,0
VEH000265,TSK004281,0
VEH000006,TSK004281,1
VEH000484,TSK004281,1
VEH000379,TSK004281,0
VEH000358,TSK004281,0
VEH000275,TSK004281,1
VEH000337,TSK004281,0
VEH000532,TSK004281,1
VEH000332,TSK004281,0
VEH000527,TSK004281,1
VEH000078,TSK004281,0
VEH000304,TSK004281,1
VEH000047,TSK004281,1
VEH000287,TSK004281,1
VEH000327,TSK004281,1
VEH000508,TSK004281,0
VEH000057,TSK004281,1
VEH000505,TSK004281,0
VEH000416,TSK004281,0
VEH000035,TSK004281,0
VEH000353,TSK004281,0
VEH000406,TSK004281,1
VEH000050,TSK004281,1
VEH000070,TSK004281,1
VEH000478,TSK004281,0
VEH000514,TSK004281,1
VEH000359,TSK004281,0
VEH000096,TSK004281,1
VEH000229,TSK004281,0
VEH000529,TSK004281,1
VEH000321,TSK004281,0
VEH000037,TSK004281,0
VEH000082,TSK004281,0
VEH000280,TSK004281,0
VEH000388,TSK004281,0
VEH000366,TSK004281,0
VEH000525,TSK004281,1
VEH000281,TSK004281,1
VEH000065,TSK004281,0
VEH000424,TSK004281,0
VEH000246,TSK004281,0
VEH000063,TSK004281,1
VEH000092,TSK004281,0
VEH000251,TSK004281,1
VEH000455,TSK004281,0
VEH000313,TSK004281,0
VEH000053,TSK004281,1
VEH000220,TSK004281,1
VEH000298,TSK004281,0
VEH000040,TSK004281,0
VEH000519,TSK004281,0
VEH000344,TSK004281,0
VEH000312,TSK004281,1
VEH000431,TSK004281,1
VEH000072,TSK004281,1
VEH000093,TSK004281,0
VEH000225,TSK004281,0
VEH000269,TSK004281,1
VEH000401,TSK004281,1
VEH000060,TSK004281,0
VEH000414,TSK004281,1
VEH000531,TSK004281,0
VEH000410,TSK004281,1
VEH000324,TSK004281,0
VEH000095,TSK004281,1
VEH000077,TSK004281,1
VEH000227,TSK004281,0
VEH000308,TSK004281,1
VEH000003,TSK004281,0
VEH000049,TSK004281,1
VEH000015,TSK004281,1
VEH000272,TSK004281,0
VEH000510,TSK004281,0
VEH000483,TSK004281,1
VEH000089,TSK004287,0
VEH000033,TSK004287,1
VEH000330,TSK004287,1
VEH000261,TSK004287,1
VEH000025,TSK004287,0
VEH000482,TSK004287,1
VEH000523,TSK004287,0
VEH000019,TSK004287,1
VEH000240,TSK004287,0
VEH000083,TSK004287,0
VEH000433,TSK004287,1
VEH000329,TSK004287,1
VEH000450,TSK004287,1
VEH000422,TSK004287,0
VEH000267,TSK004287,0
VEH000296,TSK004287,0
VEH000467,TSK004287,1
VEH000098,TSK004287,0
VEH000074,TSK004287,0
VEH000320,TSK004287,0
VEH000309,TSK004287,0
VEH000067,TSK004287,0
VEH000218,TSK004287,1
VEH000459,TSK004287,1
VEH000101,TSK004287,0
VEH000024,TSK004287,1
VEH000265,TSK004287,1
VEH000006,TSK004287,1
VEH000484,TSK004287,0
VEH000379,TSK004287,0
VEH000358,TSK004287,1
VEH000275,TSK004287,1
VEH000337,TSK004287,1
VEH000532,TSK004287,1
VEH000332,TSK004287,1
VEH000527,TSK004287,0
VEH000078,TSK004287,1
VEH000304,TSK004287,0
VEH000047,TSK004287,1
VEH000287,TSK004287,0
VEH000327,TSK004287,1
VEH000508,TSK004287,1
VEH000057,TSK004287,0
VEH000505,TSK004287,1
VEH000416,TSK004287,1
VEH000035,TSK004287,1
VEH000353,TSK004287,1
VEH000406,TSK004287,0
VEH000050,TSK004287,1
VEH000070,TSK004287,1
VEH000478,TSK004287,1
VEH000514,TSK004287,0
VEH000359,TSK004287,1
VEH000096,TSK004287,0
VEH000229,TSK004287,0
VEH000529,TSK004287,0
VEH000321,TSK004287,0
VEH000037,TSK004287,0
VEH000082,TSK004287,0
VEH000280,TSK004287,1
VEH000388,TSK004287,1
VEH000366,TSK004287,1
VEH000525,TSK004287,0
VEH000281,TSK004287,1
VEH000065,TSK004287,0
VEH000424,TSK004287,0
VEH000246,TSK004287,0
VEH000063,TSK004287,0
VEH000092,TSK004287,1
VEH000251,TSK004287,0
VEH000455,TSK004287,0
VEH000313,TSK004287,0
VEH000053,TSK004287,1
VEH000220,TSK004287,0
VEH000298,TSK004287,1
VEH000040,TSK004287,0
VEH000519,TSK004287,1
VEH000344,TSK004287,1
VEH000312,TSK004287,0
VEH000431,TSK004287,0
VEH000072,TSK004287,1
VEH000093,TSK004287,0
VEH000225,TSK004287,1
VEH000269,TSK004287,1
VEH000401,TSK004287,1
VEH000060,TSK004287,0
VEH000414,TSK004287,1
VEH000531,TSK004287,1
VEH000410,TSK004287,1
VEH000324,TSK004287,0
VEH000095,TSK004287,1
VEH000077,TSK004287,0
VEH000227,TSK004287,0
VEH000308,TSK004287,1
VEH000003,TSK004287,0
VEH000049,TSK004287,0
VEH000015,TSK004287,1
VEH000272,TSK004287,0
VEH000510,TSK004287,0
VEH000483,TSK004287,0
VEH000089,TSK004308,1
VEH000033,TSK004308,1
VEH000330,TSK004308,1
VEH000261,TSK004308,1
VEH000025,TSK004308,0
VEH000482,TSK004308,0
VEH000523,TSK004308,1
VEH000019,TSK004308,1
VEH000240,TSK004308,0
VEH000083,TSK004308,0
VEH000433,TSK004308,0
VEH000329,TSK004308,1
VEH000450,TSK004308,1
VEH000422,TSK004308,0
VEH000267,TSK004308,1
VEH000296,TSK004308,1
VEH000467,TSK004308,0
VEH000098,TSK004308,1
VEH000074,TSK004308,1
VEH000320,TSK004308,1
VEH000309,TSK004308,0
VEH000067,TSK004308,1
VEH000218,TSK004308,1
VEH000459,TSK004308,1
VEH000101,TSK004308,0
VEH000024,TSK004308,1
VEH000265,TSK004308,1
VEH000006,TSK004308,1
VEH000484,TSK004308,0
VEH000379,TSK004308,0
VEH000358,TSK004308,1
VEH000275,TSK004308,1
VEH000337,TSK004308,1
VEH000532,TSK004308,1
VEH000332,TSK004308,1
VEH000527,TSK004308,0
VEH000078,TSK004308,1
VEH000304,TSK004308,0
VEH000047,TSK004308,1
VEH000287,TSK004308,0
VEH000327,TSK004308,1
VEH000508,TSK004308,0
VEH000057,TSK004308,0
VEH000505,TSK004308,0
VEH000416,TSK004308,1
VEH000035,TSK004308,0
VEH000353,TSK004308,0
VEH000406,TSK004308,0
VEH000050,TSK004308,1
VEH000070,TSK004308,1
VEH000478,TSK004308,0
VEH000514,TSK004308,0
VEH000359,TSK004308,0
VEH000096,TSK004308,1
VEH000229,TSK004308,0
VEH000529,TSK004308,0
VEH000321,TSK004308,1
VEH000037,TSK004308,1
VEH000082,TSK004308,0
VEH000280,TSK004308,1
VEH000388,TSK004308,0
VEH000366,TSK004308,0
VEH000525,TSK004308,0
VEH000281,TSK004308,0
VEH000065,TSK004308,0
VEH000424,TSK004308,0
VEH000246,TSK004308,1
VEH000063,TSK004308,0
VEH000092,TSK004308,1
VEH000251,TSK004308,0
VEH000455,TSK004308,0
VEH000313,TSK004308,0
VEH000053,TSK004308,1
VEH000220,TSK004308,1
VEH000298,TSK004308,0
VEH000040,TSK004308,0
VEH000519,TSK004308,1
VEH000344,TSK004308,0
VEH000312,TSK004308,0
VEH000431,TSK004308,0
VEH000072,TSK004308,1
VEH000093,TSK004308,0
VEH000225,TSK004308,1
VEH000269,TSK004308,1
VEH000401,TSK004308,0
VEH000060,TSK004308,1
VEH000414,TSK004308,1
VEH000531,TSK004308,0
VEH000410,TSK004308,1
VEH000324,TSK004308,0
VEH000095,TSK004308,0
VEH000077,TSK004308,0
VEH000227,TSK004308,0
VEH000308,TSK004308,0
VEH000003,TSK004308,1
VEH000049,TSK004308,1
VEH000015,TSK004308,1
VEH000272,TSK004308,1
VEH000510,TSK004308,0
VEH000483,TSK004308,1
VEH000089,TSK004399,0
VEH000033,TSK004399,0
VEH000330,TSK004399,0
VEH000261,TSK004399,1
VEH000025,TSK004399,1
VEH000482,TSK004399,0
VEH000523,TSK004399,1
VEH000019,TSK004399,0
VEH000240,TSK004399,0
VEH000083,TSK004399,0
VEH000433,TSK004399,1
VEH000329,TSK004399,0
VEH000450,TSK004399,1
VEH000422,TSK004399,1
VEH000267,TSK004399,1
VEH000296,TSK004399,1
VEH000467,TSK004399,1
VEH000098,TSK004399,1
VEH000074,TSK004399,1
VEH000320,TSK004399,0
VEH000309,TSK004399,0
VEH000067,TSK004399,0
VEH000218,TSK004399,0
VEH000459,TSK004399,0
VEH000101,TSK004399,1
VEH000024,TSK004399,1
VEH000265,TSK004399,1
VEH000006,TSK004399,1
VEH000484,TSK004399,0
VEH000379,TSK004399,1
VEH000358,TSK004399,1
VEH000275,TSK004399,0
VEH000337,TSK004399,1
VEH000532,TSK004399,0
VEH000332,TSK004399,1
VEH000527,TSK004399,1
VEH000078,TSK004399,1
VEH000304,TSK004399,1
VEH000047,TSK004399,1
VEH000287,TSK004399,0
VEH000327,TSK004399,0
VEH000508,TSK004399,0
VEH000057,TSK004399,0
VEH000505,TSK004399,1
VEH000416,TSK004399,0
VEH000035,TSK004399,0
VEH000353,TSK004399,0
VEH000406,TSK004399,0
VEH000050,TSK004399,1
VEH000070,TSK004399,0
VEH000478,TSK004399,1
VEH000514,TSK004399,1
VEH000359,TSK004399,1
VEH000096,TSK004399,1
VEH000229,TSK004399,0
VEH000529,TSK004399,0
VEH000321,TSK004399,0
VEH000037,TSK004399,0
VEH000082,TSK004399,0
VEH000280,TSK004399,1
VEH000388,TSK004399,1
VEH000366,TSK004399,0
VEH000525,TSK004399,1
VEH000281,TSK004399,1
VEH000065,TSK004399,1
VEH000424,TSK004399,0
VEH000246,TSK004399,1
VEH000063,TSK004399,1
VEH000092,TSK004399,1
VEH000251,TSK004399,1
VEH000455,TSK004399,0
VEH000313,TSK004399,0
VEH000053,TSK004399,1
VEH000220,TSK004399,1
VEH000298,TSK004399,1
VEH000040,TSK004399,1
VEH000519,TSK004399,0
VEH000344,TSK004399,0
VEH000312,TSK004399,0
VEH000431,TSK004399,0
VEH000072,TSK004399,0
VEH000093,TSK004399,0
VEH000225,TSK004399,0
VEH000269,TSK004399,0
VEH000401,TSK004399,0
VEH000060,TSK004399,0
VEH000414,TSK004399,1
VEH000531,TSK004399,1
VEH000410,TSK004399,0
VEH000324,TSK004399,1
VEH000095,TSK004399,0
VEH000077,TSK004399,0
VEH000227,TSK004399,1
VEH000308,TSK004399,1
VEH000003,TSK004399,1
VEH000049,TSK004399,1
VEH000015,TSK004399,0
VEH000272,TSK004399,0
VEH000510,TSK004399,1
VEH000483,TSK004399,0
VEH000089,TSK004476,0
VEH000033,TSK004476,0
VEH000330,TSK004476,1
VEH000261,TSK004476,0
VEH000025,TSK004476,1
VEH000482,TSK004476,1
VEH000523,TSK004476,1
VEH000019,TSK004476,0
VEH000240,TSK004476,0
VEH000083,TSK004476,1
VEH000433,TSK004476,1
VEH000329,TSK004476,1
VEH000450,TSK004476,1
VEH000422,TSK004476,1
VEH000267,TSK004476,1
VEH000296,TSK004476,0
VEH000467,TSK004476,0
VEH000098,TSK004476,1
VEH000074,TSK004476,0
VEH000320,TSK004476,0
VEH000309,TSK004476,1
VEH000067,TSK004476,1
VEH000218,TSK004476,1
VEH000459,TSK004476,0
VEH000101,TSK004476,0
VEH000024,TSK004476,1
VEH000265,TSK004476,1
VEH000006,TSK004476,0
VEH000484,TSK004476,0
VEH000379,TSK004476,1
VEH000358,TSK004476,1
VEH000275,TSK004476,0
VEH000337,TSK004476,0
VEH000532,TSK004476,1
VEH000332,TSK004476,1
VEH000527,TSK004476,1
VEH000078,TSK004476,1
VEH000304,TSK004476,1
VEH000047,TSK004476,1
VEH000287,TSK004476,1
VEH000327,TSK004476,1
VEH000508,TSK004476,1
VEH000057,TSK004476,1
VEH000505,TSK004476,0
VEH000416,TSK004476,1
VEH000035,TSK004476,0
VEH000353,TSK004476,0
VEH000406,TSK004476,1
VEH000050,TSK004476,0
VEH000070,TSK004476,1
VEH000478,TSK004476,0
VEH000514,TSK004476,0
VEH000359,TSK004476,0
VEH000096,TSK004476,1
VEH000229,TSK004476,1
VEH000529,TSK004476,0
VEH000321,TSK004476,0
VEH000037,TSK004476,1
VEH000082,TSK004476,0
VEH000280,TSK004476,0
VEH000388,TSK004476,0
VEH000366,TSK004476,0
VEH000525,TSK004476,0
VEH000281,TSK004476,0
VEH000065,TSK004476,1
VEH000424,TSK004476,0
VEH000246,TSK004476,0
VEH000063,TSK004476,1
VEH000092,TSK004476,0
VEH000251,TSK004476,1
VEH000455,TSK004476,0
VEH000313,TSK004476,1
VEH000053,TSK004476,0
VEH000220,TSK004476,0
VEH000298,TSK004476,0
VEH000040,TSK004476,0
VEH000519,TSK004476,1
VEH000344,TSK004476,0
VEH000312,TSK004476,0
VEH000431,TSK004476,0
VEH000072,TSK004476,1
VEH000093,TSK004476,1
VEH000225,TSK004476,1
VEH000269,TSK004476,1
VEH000401,TSK004476,1
VEH000060,TSK004476,0
VEH000414,TSK004476,0
VEH000531,TSK004476,1
VEH000410,TSK004476,1
VEH000324,TSK004476,0
VEH000095,TSK004476,1
VEH000077,TSK004476,1
VEH000227,TSK004476,0
VEH000308,TSK004476,1
VEH000003,TSK004476,0
VEH000049,TSK004476,0
VEH000015,TSK004476,0
VEH000272,TSK004476,0
VEH000510,TSK004476,0
VEH000483,TSK004476,1
VEH000089,TSK004536,0
VEH000033,TSK004536,0
VEH000330,TSK004536,0
VEH000261,TSK004536,1
VEH000025,TSK004536,0
VEH000482,TSK004536,0
VEH000523,TSK004536,0
VEH000019,TSK004536,0
VEH000240,TSK004536,0
VEH000083,TSK004536,0
VEH000433,TSK004536,0
VEH000329,TSK004536,1
VEH000450,TSK004536,1
VEH000422,TSK004536,0
VEH000267,TSK004536,1
VEH000296,TSK004536,1
VEH000467,TSK004536,1
VEH000098,TSK004536,0
VEH000074,TSK004536,1
VEH000320,TSK004536,0
VEH000309,TSK004536,1
VEH000067,TSK004536,1
VEH000218,TSK004536,0
VEH000459,TSK004536,1
VEH000101,TSK004536,0
VEH000024,TSK004536,0
VEH000265,TSK004536,0
VEH000006,TSK004536,1
VEH000484,TSK004536,0
VEH000379,TSK004536,1
VEH000358,TSK004536,1
VEH000275,TSK004536,1
VEH000337,TSK004536,1
VEH000532,TSK004536,1
VEH000332,TSK004536,1
VEH000527,TSK004536,1
VEH000078,TSK004536,1
VEH000304,TSK004536,0
VEH000047,TSK004536,0
VEH000287,TSK004536,1
VEH000327,TSK004536,0
VEH000508,TSK004536,1
VEH000057,TSK004536,0
VEH000505,TSK004536,1
VEH000416,TSK004536,1
VEH000035,TSK004536,0
VEH000353,TSK004536,0
VEH000406,TSK004536,1
VEH000050,TSK004536,1
VEH000070,TSK004536,1
VEH000478,TSK004536,1
VEH000514,TSK004536,1
VEH000359,TSK004536,1
VEH000096,TSK004536,0
VEH000229,TSK004536,1
VEH000529,TSK004536,1
VEH000321,TSK004536,0
VEH000037,TSK004536,0
VEH000082,TSK004536,0
VEH000280,TSK004536,0
VEH000388,TSK004536,1
VEH000366,TSK004536,0
VEH000525,TSK004536,1
VEH000281,TSK004536,1
VEH000065,TSK004536,0
VEH000424,TSK004536,1
VEH000246,TSK004536,0
VEH000063,TSK004536,1
VEH000092,TSK004536,1
VEH000251,TSK004536,0
VEH000455,TSK004536,0
VEH000313,TSK004536,0
VEH000053,TSK004536,1
VEH000220,TSK004536,1
VEH000298,TSK004536,1
VEH000040,TSK004536,1
VEH000519,TSK004536,1
VEH000344,TSK004536,0
VEH000312,TSK004536,0
VEH000431,TSK004536,1
VEH000072,TSK004536,1
VEH000093,TSK004536,0
VEH000225,TSK004536,0
VEH000269,TSK004536,0
VEH000401,TSK004536,0
VEH000060,TSK004536,0
VEH000414,TSK004536,0
VEH000531,TSK004536,1
VEH000410,TSK004536,0
VEH000324,TSK004536,0
VEH000095,TSK004536,1
VEH000077,TSK004536,0
VEH000227,TSK004536,1
VEH000308,TSK004536,0
VEH000003,TSK004536,0
VEH000049,TSK004536,0
VEH000015,TSK004536,1
VEH000272,TSK004536,1
VEH000510,TSK004536,1
VEH000483,TSK004536,0
VEH000089,TSK004628,0
VEH000033,TSK004628,1
VEH000330,TSK004628,1
VEH000261,TSK004628,0
VEH000025,TSK004628,0
VEH000482,TSK004628,0
VEH000523,TSK004628,0
VEH000019,TSK004628,1
VEH000240,TSK004628,0
VEH000083,TSK004628,0
VEH000433,TSK004628,0
VEH000329,TSK004628,1
VEH000450,TSK004628,0
VEH000422,TSK004628,1
VEH000267,TSK004628,1
VEH000296,TSK004628,0
VEH000467,TSK004628,0
VEH000098,TSK004628,1
VEH000074,TSK004628,0
VEH000320,TSK004628,0
VEH000309,TSK004628,0
VEH000067,TSK004628,0
VEH000218,TSK004628,1
VEH000459,TSK004628,1
VEH000101,TSK004628,0
VEH000024,TSK004628,0
VEH000265,TSK004628,0
VEH000006,TSK004628,0
VEH000484,TSK004628,0
VEH000379,TSK004628,0
VEH000358,TSK004628,1
VEH000275,TSK004628,1
VEH000337,TSK004628,1
VEH000532,TSK004628,1
VEH000332,TSK004628,0
VEH000527,TSK004628,0
VEH000078,TSK004628,0
VEH000304,TSK004628,0
VEH000047,TSK004628,1
VEH000287,TSK004628,1
VEH000327,TSK004628,0
VEH000508,TSK004628,1
VEH000057,TSK004628,0
VEH000505,TSK004628,0
VEH000416,TSK004628,0
VEH000035,TSK004628,1
VEH000353,TSK004628,1
VEH000406,TSK004628,1
VEH000050,TSK004628,1
VEH000070,TSK004628,1
VEH000478,TSK004628,1
VEH000514,TSK004628,0
VEH000359,TSK004628,1
VEH000096,TSK004628,1
VEH000229,TSK004628,1
VEH000529,TSK004628,0
VEH000321,TSK004628,1
VEH000037,TSK004628,0
VEH000082,TSK004628,0
VEH000280,TSK004628,0
VEH000388,TSK004628,1
VEH000366,TSK004628,0
VEH000525,TSK004628,1
VEH000281,TSK004628,1
VEH000065,TSK004628,1
VEH000424,TSK004628,1
VEH000246,TSK004628,1
VEH000063,TSK004628,0
VEH000092,TSK004628,1
VEH000251,TSK004628,0
VEH000455,TSK004628,1
VEH000313,TSK004628,1
VEH000053,TSK004628,0
VEH000220,TSK004628,0
VEH000298,TSK004628,0
VEH000040,TSK004628,1
VEH000519,TSK004628,0
VEH000344,TSK004628,1
VEH000312,TSK004628,1
VEH000431,TSK004628,0
VEH000072,TSK004628,1
VEH000093,TSK004628,0
VEH000225,TSK004628,1
VEH000269,TSK004628,0
VEH000401,TSK004628,1
VEH000060,TSK004628,1
VEH000414,TSK004628,0
VEH000531,TSK004628,1
VEH000410,TSK004628,1
VEH000324,TSK004628,0
VEH000095,TSK004628,0
VEH000077,TSK004628,0
VEH000227,TSK004628,1
VEH000308,TSK004628,0
VEH000003,TSK004628,1
VEH000049,TSK004628,1
VEH000015,TSK004628,1
VEH000272,TSK004628,0
VEH000510,TSK004628,1
VEH000483,TSK004628,1
VEH000089,TSK004673,0
VEH000033,TSK004673,1
VEH000330,TSK004673,0
VEH000261,TSK004673,1
VEH000025,TSK004673,1
VEH000482,TSK004673,1
VEH000523,TSK004673,0
VEH000019,TSK004673,0
VEH000240,TSK004673,1
VEH000083,TSK004673,0
VEH000433,TSK004673,1
VEH000329,TSK004673,0
VEH000450,TSK004673,1
VEH000422,TSK004673,0
VEH000267,TSK004673,1
VEH000296,TSK004673,1
VEH000467,TSK004673,0
VEH000098,TSK004673,0
VEH000074,TSK004673,0
VEH000320,TSK004673,0
VEH000309,TSK004673,0
VEH000067,TSK004673,0
VEH000218,TSK004673,1
VEH000459,TSK004673,1
VEH000101,TSK004673,1
VEH000024,TSK004673,0
VEH000265,TSK004673,1
VEH000006,TSK004673,1
VEH000484,TSK004673,1
VEH000379,TSK004673,0
VEH000358,TSK004673,1
VEH000275,TSK004673,1
VEH000337,TSK004673,1
VEH000532,TSK004673,1
VEH000332,TSK004673,0
VEH000527,TSK004673,1
VEH000078,TSK004673,0
VEH000304,TSK004673,0
VEH000047,TSK004673,0
VEH000287,TSK004673,0
VEH000327,TSK004673,1
VEH000508,TSK004673,0
VEH000057,TSK004673,1
VEH000505,TSK004673,1
VEH000416,TSK004673,0
VEH000035,TSK004673,1
VEH000353,TSK004673,0
VEH000406,TSK004673,1
VEH000050,TSK004673,0
VEH000070,TSK004673,1
VEH000478,TSK004673,0
VEH000514,TSK004673,0
VEH000359,TSK004673,1
VEH000096,TSK004673,0
VEH000229,TSK004673,0
VEH000529,TSK004673,0
VEH000321,TSK004673,0
VEH000037,TSK004673,0
VEH000082,TSK004673,1
VEH000280,TSK004673,0
VEH000388,TSK004673,1
VEH000366,TSK004673,0
VEH000525,TSK004673,0
VEH000281,TSK004673,0
VEH000065,TSK004673,0
VEH000424,TSK004673,0
VEH000246,TSK004673,1
VEH000063,TSK004673,0
VEH000092,TSK004673,1
VEH000251,TSK004673,0
VEH000455,TSK004673,0
VEH000313,TSK004673,1
VEH000053,TSK004673,0
VEH000220,TSK004673,0
VEH000298,TSK004673,1
VEH000040,TSK004673,1
VEH000519,TSK004673,1
VEH000344,TSK004673,1
VEH000312,TSK004673,0
VEH000431,TSK004673,1
VEH000072,TSK004673,1
VEH000093,TSK004673,1
VEH000225,TSK004673,0
VEH000269,TSK004673,1
VEH000401,TSK004673,1
VEH000060,TSK004673,0
VEH000414,TSK004673,1
VEH000531,TSK004673,0
VEH000410,TSK004673,1
VEH000324,TSK004673,1
VEH000095,TSK004673,0
VEH000077,TSK004673,0
VEH000227,TSK004673,1
VEH000308,TSK004673,1
VEH000003,TSK004673,0
VEH000049,TSK004673,1
VEH000015,TSK004673,0
VEH000272,TSK004673,1
VEH000510,TSK004673,1
VEH000483,TSK004673,1
VEH000089,TSK004691,1
VEH000033,TSK004691,0
VEH000330,TSK004691,1
VEH000261,TSK004691,0
VEH000025,TSK004691,1
VEH000482,TSK004691,1
VEH000523,TSK004691,1
VEH000019,TSK004691,1
VEH000240,TSK004691,0
VEH000083,TSK004691,1
VEH000433,TSK004691,0
VEH000329,TSK004691,0
VEH000450,TSK004691,0
VEH000422,TSK004691,1
VEH000267,TSK004691,1
VEH000296,TSK004691,1
VEH000467,TSK004691,0
VEH000098,TSK004691,0
VEH000074,TSK004691,1
VEH000320,TSK004691,0
VEH000309,TSK004691,1
VEH000067,TSK004691,0
VEH000218,TSK004691,1
VEH000459,TSK004691,1
VEH000101,TSK004691,1
VEH000024,TSK004691,0
VEH000265,TSK004691,0
VEH000006,TSK004691,0
VEH000484,TSK004691,1
VEH000379,TSK004691,1
VEH000358,TSK004691,0
VEH000275,TSK004691,0
VEH000337,TSK004691,1
VEH000532,TSK004691,0
VEH000332,TSK004691,1
VEH000527,TSK004691,1
VEH000078,TSK004691,1
VEH000304,TSK004691,0
VEH000047,TSK004691,0
VEH000287,TSK004691,0
VEH000327,TSK004691,1
VEH000508,TSK004691,0
VEH000057,TSK004691,0
VEH000505,TSK004691,0
VEH000416,TSK004691,0
VEH000035,TSK004691,0
VEH000353,TSK004691,0
VEH000406,TSK004691,0
VEH000050,TSK004691,0
VEH000070,TSK004691,0
VEH000478,TSK004691,1
VEH000514,TSK004691,0
VEH000359,TSK004691,1
VEH000096,TSK004691,0
VEH000229,TSK004691,0
VEH000529,TSK004691,0
VEH000321,TSK004691,1
VEH000037,TSK004691,1
VEH000082,TSK004691,0
VEH000280,TSK004691,0
VEH000388,TSK004691,1
VEH000366,TSK004691,0
VEH000525,TSK004691,1
VEH000281,TSK004691,0
VEH000065,TSK004691,0
VEH000424,TSK004691,0
VEH000246,TSK004691,1
VEH000063,TSK004691,1
VEH000092,TSK004691,0
VEH000251,TSK004691,0
VEH000455,TSK004691,1
VEH000313,TSK004691,0
VEH000053,TSK004691,0
VEH000220,TSK004691,1
VEH000298,TSK004691,1
VEH000040,TSK004691,1
VEH000519,TSK004691,1
VEH000344,TSK004691,0
VEH000312,TSK004691,1
VEH000431,TSK004691,0
VEH000072,TSK004691,0
VEH000093,TSK004691,0
VEH000225,TSK004691,0
VEH000269,TSK004691,1
VEH000401,TSK004691,1
VEH000060,TSK004691,1
VEH000414,TSK004691,1
VEH000531,TSK004691,1
VEH000410,TSK004691,1
VEH000324,TSK004691,1
VEH000095,TSK004691,1
VEH000077,TSK004691,0
VEH000227,TSK004691,1
VEH000308,TSK004691,1
VEH000003,TSK004691,0
VEH000049,TSK004691,1
VEH000015,TSK004691,1
VEH000272,TSK004691,0
VEH000510,TSK004691,1
VEH000483,TSK004691,1
VEH000089,TSK004702,0
VEH000033,TSK004702,0
VEH000330,TSK004702,0
VEH000261,TSK004702,1
VEH000025,TSK004702,1
VEH000482,TSK004702,0
VEH000523,TSK004702,1
VEH000019,TSK004702,1
VEH000240,TSK004702,0
VEH000083,TSK004702,1
VEH000433,TSK004702,1
VEH000329,TSK004702,1
VEH000450,TSK004702,1
VEH000422,TSK004702,0
VEH000267,TSK004702,1
VEH000296,TSK004702,0
VEH000467,TSK004702,1
VEH000098,TSK004702,1
VEH000074,TSK004702,0
VEH000320,TSK004702,1
VEH000309,TSK004702,1
VEH000067,TSK004702,0
VEH000218,TSK004702,1
VEH000459,TSK004702,1
VEH000101,TSK004702,0
VEH000024,TSK004702,1
VEH000265,TSK004702,0
VEH000006,TSK004702,0
VEH000484,TSK004702,1
VEH000379,TSK004702,0
VEH000358,TSK004702,0
VEH000275,TSK004702,0
VEH000337,TSK004702,1
VEH000532,TSK004702,0
VEH000332,TSK004702,0
VEH000527,TSK004702,0
VEH000078,TSK004702,0
VEH000304,TSK004702,0
VEH000047,TSK004702,0
VEH000287,TSK004702,1
VEH000327,TSK004702,1
VEH000508,TSK004702,0
VEH000057,TSK004702,1
VEH000505,TSK004702,0
VEH000416,TSK004702,1
VEH000035,TSK004702,0
VEH000353,TSK004702,1
VEH000406,TSK004702,0
VEH000050,TSK004702,0
VEH000070,TSK004702,1
VEH000478,TSK004702,0
VEH000514,TSK004702,1
VEH000359,TSK004702,0
VEH000096,TSK004702,1
VEH000229,TSK004702,1
VEH000529,TSK004702,1
VEH000321,TSK004702,1
VEH000037,TSK004702,0
VEH000082,TSK004702,1
VEH000280,TSK004702,1
VEH000388,TSK004702,1
VEH000366,TSK004702,0
VEH000525,TSK004702,1
VEH000281,TSK004702,0
VEH000065,TSK004702,1
VEH000424,TSK004702,1
VEH000246,TSK004702,0
VEH000063,TSK004702,1
VEH000092,TSK004702,0
VEH000251,TSK004702,0
VEH000455,TSK004702,0
VEH000313,TSK004702,1
VEH000053,TSK004702,1
VEH000220,TSK004702,1
VEH000298,TSK004702,1
VEH000040,TSK004702,0
VEH000519,TSK004702,0
VEH000344,TSK004702,0
VEH000312,TSK004702,0
VEH000431,TSK004702,0
VEH000072,TSK004702,1
VEH000093,TSK004702,0
VEH000225,TSK004702,0
VEH000269,TSK004702,0
VEH000401,TSK004702,1
VEH000060,TSK004702,1
VEH000414,TSK004702,1
VEH000531,TSK004702,1
VEH000410,TSK004702,0
VEH000324,TSK004702,1
VEH000095,TSK004702,0
VEH000077,TSK004702,0
VEH000227,TSK004702,0
VEH000308,TSK004702,0
VEH000003,TSK004702,1
VEH000049,TSK004702,1
VEH000015,TSK004702,0
VEH000272,TSK004702,1
VEH000510,TSK004702,1
VEH000483,TSK004702,0
VEH000089,TSK004716,1
VEH000033,TSK004716,0
VEH000330,TSK004716,1
VEH000261,TSK004716,0
VEH000025,TSK004716,1
VEH000482,TSK004716,1
VEH000523,TSK004716,1
VEH000019,TSK004716,1
VEH000240,TSK004716,1
VEH000083,TSK004716,1
VEH000433,TSK004716,1
VEH000329,TSK004716,0
VEH000450,TSK004716,0
VEH000422,TSK004716,0
VEH000267,TSK004716,1
VEH000296,TSK004716,1
VEH000467,TSK004716,0
VEH000098,TSK004716,1
VEH000074,TSK004716,1
VEH000320,TSK004716,0
VEH000309,TSK004716,0
VEH000067,TSK004716,1
VEH000218,TSK004716,0
VEH000459,TSK004716,1
VEH000101,TSK004716,1
VEH000024,TSK004716,1
VEH000265,TSK004716,0
VEH000006,TSK004716,0
VEH000484,TSK004716,0
VEH000379,TSK004716,1
VEH000358,TSK004716,0
VEH000275,TSK004716,0
VEH000337,TSK004716,1
VEH000532,TSK004716,0
VEH000332,TSK004716,1
VEH000527,TSK004716,1
VEH000078,TSK004716,1
VEH000304,TSK004716,0
VEH000047,TSK004716,1
VEH000287,TSK004716,0
VEH000327,TSK004716,1
VEH000508,TSK004716,0
VEH000057,TSK004716,1
VEH000505,TSK004716,0
VEH000416,TSK004716,0
VEH000035,TSK004716,0
VEH000353,TSK004716,1
VEH000406,TSK004716,1
VEH000050,TSK004716,0
VEH000070,TSK004716,1
VEH000478,TSK004716,1
VEH000514,TSK004716,1
VEH000359,TSK004716,0
VEH000096,TSK004716,1
VEH000229,TSK004716,0
VEH000529,TSK004716,1
VEH000321,TSK004716,0
VEH000037,TSK004716,1
VEH000082,TSK004716,0
VEH000280,TSK004716,0
VEH000388,TSK004716,0
VEH000366,TSK004716,0
VEH000525,TSK004716,0
VEH000281,TSK004716,0
VEH000065,TSK004716,0
VEH000424,TSK004716,1
VEH000246,TSK004716,1
VEH000063,TSK004716,1
VEH000092,TSK004716,0
VEH000251,TSK004716,0
VEH000455,TSK004716,0
VEH000313,TSK004716,0
VEH000053,TSK004716,1
VEH000220,TSK004716,1
VEH000298,TSK004716,0
VEH000040,TSK004716,0
VEH000519,TSK004716,1
VEH000344,TSK004716,1
VEH000312,TSK004716,1
VEH000431,TSK004716,1
VEH000072,TSK004716,0
VEH000093,TSK004716,1
VEH000225,TSK004716,1
VEH000269,TSK004716,0
VEH000401,TSK004716,0
VEH000060,TSK004716,0
VEH000414,TSK004716,1
VEH000531,TSK004716,1
VEH000410,TSK004716,0
VEH000324,TSK004716,0
VEH000095,TSK004716,1
VEH000077,TSK004716,0
VEH000227,TSK004716,0
VEH000308,TSK004716,0
VEH000003,TSK004716,0
VEH000049,TSK004716,0
VEH000015,TSK004716,1
VEH000272,TSK004716,1
VEH000510,TSK004716,0
VEH000483,TSK004716,1
VEH000089,TSK004721,0
VEH000033,TSK004721,0
VEH000330,TSK004721,0
VEH000261,TSK004721,0
VEH000025,TSK004721,0
VEH000482,TSK004721,0
VEH000523,TSK004721,1
VEH000019,TSK004721,1
VEH000240,TSK004721,0
VEH000083,TSK004721,0
VEH000433,TSK004721,1
VEH000329,TSK004721,0
VEH000450,TSK004721,1
VEH000422,TSK004721,0
VEH000267,TSK004721,0
VEH000296,TSK004721,1
VEH000467,TSK004721,0
VEH000098,TSK004721,1
VEH000074,TSK004721,1
VEH000320,TSK004721,0
VEH000309,TSK004721,0
VEH000067,TSK004721,0
VEH000218,TSK004721,0
VEH000459,TSK004721,0
VEH000101,TSK004721,1
VEH000024,TSK004721,1
VEH000265,TSK004721,1
VEH000006,TSK004721,1
VEH000484,TSK004721,1
VEH000379,TSK004721,0
VEH000358,TSK004721,1
VEH000275,TSK004721,1
VEH000337,TSK004721,0
VEH000532,TSK004721,1
VEH000332,TSK004721,1
VEH000527,TSK004721,1
VEH000078,TSK004721,1
VEH000304,TSK004721,1
VEH000047,TSK004721,0
VEH000287,TSK004721,1
VEH000327,TSK004721,1
VEH000508,TSK004721,0
VEH000057,TSK004721,1
VEH000505,TSK004721,1
VEH000416,TSK004721,1
VEH000035,TSK004721,1
VEH000353,TSK004721,0
VEH000406,TSK004721,0
VEH000050,TSK004721,1
VEH000070,TSK004721,1
VEH000478,TSK004721,0
VEH000514,TSK004721,0
VEH000359,TSK004721,0
VEH000096,TSK004721,1
VEH000229,TSK004721,1
VEH000529,TSK004721,0
VEH000321,TSK004721,0
VEH000037,TSK004721,1
VEH000082,TSK004721,0
VEH000280,TSK004721,0
VEH000388,TSK004721,0
VEH000366,TSK004721,1
VEH000525,TSK004721,0
VEH000281,TSK004721,1
VEH000065,TSK004721,1
VEH000424,TSK004721,0
VEH000246,TSK004721,1
VEH000063,TSK004721,1
VEH000092,TSK004721,0
VEH000251,TSK004721,0
VEH000455,TSK004721,1
VEH000313,TSK004721,0
VEH000053,TSK004721,1
VEH000220,TSK004721,0
VEH000298,TSK004721,1
VEH000040,TSK004721,1
VEH000519,TSK004721,1
VEH000344,TSK004721,0
VEH000312,TSK004721,1
VEH000431,TSK004721,1
VEH000072,TSK004721,0
VEH000093,TSK004721,1
VEH000225,TSK004721,0
VEH000269,TSK004721,1
VEH000401,TSK004721,1
VEH000060,TSK004721,0
VEH000414,TSK004721,1
VEH000531,TSK004721,0
VEH000410,TSK004721,0
VEH000324,TSK004721,0
VEH000095,TSK004721,0
VEH000077,TSK004721,0
VEH000227,TSK004721,0
VEH000308,TSK004721,1
VEH000003,TSK004721,0
VEH000049,TSK004721,1
VEH000015,TSK004721,0
VEH000272,TSK004721,1
VEH000510,TSK004721,1
VEH000483,TSK004721,0
VEH000089,TSK004747,1
VEH000033,TSK004747,0
VEH000330,TSK004747,0
VEH000261,TSK004747,0
VEH000025,TSK004747,1
VEH000482,TSK004747,0
VEH000523,TSK004747,1
VEH000019,TSK004747,1
VEH000240,TSK004747,0
VEH000083,TSK004747,0
VEH000433,TSK004747,1
VEH000329,TSK004747,1
VEH000450,TSK004747,1
VEH000422,TSK004747,1
VEH000267,TSK004747,1
VEH000296,TSK004747,1
VEH000467,TSK004747,1
VEH000098,TSK004747,0
VEH000074,TSK004747,0
VEH000320,TSK004747,1
VEH000309,TSK004747,1
VEH000067,TSK004747,0
VEH000218,TSK004747,1
VEH000459,TSK004747,1
VEH000101,TSK004747,1
VEH000024,TSK004747,0
VEH000265,TSK004747,1
VEH000006,TSK004747,1
VEH000484,TSK004747,1
VEH000379,TSK004747,0
VEH000358,TSK004747,1
VEH000275,TSK004747,1
VEH000337,TSK004747,0
VEH000532,TSK004747,1
VEH000332,TSK004747,1
VEH000527,TSK004747,0
VEH000078,TSK004747,0
VEH000304,TSK004747,1
VEH000047,TSK004747,0
VEH000287,TSK004747,1
VEH000327,TSK004747,0
VEH000508,TSK004747,0
VEH000057,TSK004747,1
VEH000505,TSK004747,0
VEH000416,TSK004747,0
VEH000035,TSK004747,0
VEH000353,TSK004747,0
VEH000406,TSK004747,0
VEH000050,TSK004747,1
VEH000070,TSK004747,1
VEH000478,TSK004747,0
VEH000514,TSK004747,1
VEH000359,TSK004747,1
VEH000096,TSK004747,0
VEH000229,TSK004747,1
VEH000529,TSK004747,0
VEH000321,TSK004747,1
VEH000037,TSK004747,0
VEH000082,TSK004747,0
VEH000280,TSK004747,1
VEH000388,TSK004747,0
VEH000366,TSK004747,1
VEH000525,TSK004747,0
VEH000281,TSK004747,1
VEH000065,TSK004747,0
VEH000424,TSK004747,1
VEH000246,TSK004747,1
VEH000063,TSK004747,1
VEH000092,TSK004747,0
VEH000251,TSK004747,0
VEH000455,TSK004747,0
VEH000313,TSK004747,0
VEH000053,TSK004747,0
VEH000220,TSK004747,1
VEH000298,TSK004747,0
VEH000040,TSK004747,0
VEH000519,TSK004747,1
VEH000344,TSK004747,0
VEH000312,TSK004747,0
VEH000431,TSK004747,0
VEH000072,TSK004747,1
VEH000093,TSK004747,1
VEH000225,TSK004747,0
VEH000269,TSK004747,1
VEH000401,TSK004747,0
VEH000060,TSK004747,1
VEH000414,TSK004747,0
VEH000531,TSK004747,0
VEH000410,TSK004747,0
VEH000324,TSK004747,0
VEH000095,TSK004747,1
VEH000077,TSK004747,1
VEH000227,TSK004747,0
VEH000308,TSK004747,1
VEH000003,TSK004747,0
VEH000049,TSK004747,0
VEH000015,TSK004747,1
VEH000272,TSK004747,1
VEH000510,TSK004747,1
VEH000483,TSK004747,0
VEH000089,TSK004757,0
VEH000033,TSK004757,1
VEH000330,TSK004757,1
VEH000261,TSK004757,1
VEH000025,TSK004757,0
VEH000482,TSK004757,1
VEH000523,TSK004757,0
VEH000019,TSK004757,0
VEH000240,TSK004757,1
VEH000083,TSK004757,1
VEH000433,TSK004757,0
VEH000329,TSK004757,1
VEH000450,TSK004757,0
VEH000422,TSK004757,1
VEH000267,TSK004757,0
VEH000296,TSK004757,0
VEH000467,TSK004757,0
VEH000098,TSK004757,0
VEH000074,TSK004757,1
VEH000320,TSK004757,0
VEH000309,TSK004757,0
VEH000067,TSK004757,0
VEH000218,TSK004757,0
VEH000459,TSK004757,1
VEH000101,TSK004757,1
VEH000024,TSK004757,1
VEH000265,TSK004757,1
VEH000006,TSK004757,0
VEH000484,TSK004757,0
VEH000379,TSK004757,1
VEH000358,TSK004757,0
VEH000275,TSK004757,1
VEH000337,TSK004757,0
VEH000532,TSK004757,1
VEH000332,TSK004757,1
VEH000527,TSK004757,0
VEH000078,TSK004757,1
VEH000304,TSK004757,1
VEH000047,TSK004757,0
VEH000287,TSK004757,1
VEH000327,TSK004757,0
VEH000508,TSK004757,1
VEH000057,TSK004757,1
VEH000505,TSK004757,0
VEH000416,TSK004757,0
VEH000035,TSK004757,0
VEH000353,TSK004757,0
VEH000406,TSK004757,1
VEH000050,TSK004757,0
VEH000070,TSK004757,1
VEH000478,TSK004757,1
VEH000514,TSK004757,0
VEH000359,TSK004757,1
VEH000096,TSK004757,0
VEH000229,TSK004757,1
VEH000529,TSK004757,0
VEH000321,TSK004757,1
VEH000037,TSK004757,1
VEH000082,TSK004757,1
VEH000280,TSK004757,1
VEH000388,TSK004757,1
VEH000366,TSK004757,1
VEH000525,TSK004757,0
VEH000281,TSK004757,0
VEH000065,TSK004757,1
VEH000424,TSK004757,0
VEH000246,TSK004757,1
VEH000063,TSK004757,1
VEH000092,TSK004757,0
VEH000251,TSK004757,1
VEH000455,TSK004757,1
VEH000313,TSK004757,0
VEH000053,TSK004757,0
VEH000220,TSK004757,1
VEH000298,TSK004757,0
VEH000040,TSK004757,1
VEH000519,TSK004757,0
VEH000344,TSK004757,1
VEH000312,TSK004757,1
VEH000431,TSK004757,0
VEH000072,TSK004757,1
VEH000093,TSK004757,1
VEH000225,TSK004757,0
VEH000269,TSK004757,0
VEH000401,TSK004757,0
VEH000060,TSK004757,1
VEH000414,TSK004757,1
VEH000531,TSK004757,0
VEH000410,TSK004757,1
VEH000324,TSK004757,1
VEH000095,TSK004757,0
VEH000077,TSK004757,0
VEH000227,TSK004757,0
VEH000308,TSK004757,0
VEH000003,TSK004757,0
VEH000049,TSK004757,1
VEH000015,TSK004757,0
VEH000272,TSK004757,1
VEH000510,TSK004757,0
VEH000483,TSK004757,0
VEH000089,TSK004773,1
VEH000033,TSK004773,1
VEH000330,TSK004773,0
VEH000261,TSK004773,1
VEH000025,TSK004773,0
VEH000482,TSK004773,0
VEH000523,TSK004773,1
VEH000019,TSK004773,1
VEH000240,TSK004773,1
VEH000083,TSK004773,0
VEH000433,TSK004773,0
VEH000329,TSK004773,1
VEH000450,TSK004773,1
VEH000422,TSK004773,1
VEH000267,TSK004773,1
VEH000296,TSK004773,1
VEH000467,TSK004773,0
VEH000098,TSK004773,1
VEH000074,TSK004773,0
VEH000320,TSK004773,0
VEH000309,TSK004773,1
VEH000067,TSK004773,1
VEH000218,TSK004773,1
VEH000459,TSK004773,0
VEH000101,TSK004773,0
VEH000024,TSK004773,1
VEH000265,TSK004773,0
VEH000006,TSK004773,0
VEH000484,TSK004773,1
VEH000379,TSK004773,1
VEH000358,TSK004773,0
VEH000275,TSK004773,1
VEH000337,TSK004773,0
VEH000532,TSK004773,1
VEH000332,TSK004773,0
VEH000527,TSK004773,0
VEH000078,TSK004773,1
VEH000304,TSK004773,1
VEH000047,TSK004773,0
VEH000287,TSK004773,1
VEH000327,TSK004773,1
VEH000508,TSK004773,0
VEH000057,TSK004773,1
VEH000505,TSK004773,0
VEH000416,TSK004773,0
VEH000035,TSK004773,1
VEH000353,TSK004773,1
VEH000406,TSK004773,1
VEH000050,TSK004773,0
VEH000070,TSK004773,1
VEH000478,TSK004773,1
VEH000514,TSK004773,1
VEH000359,TSK004773,1
VEH000096,TSK004773,0
VEH000229,TSK004773,1
VEH000529,TSK004773,1
VEH000321,TSK004773,1
VEH000037,TSK004773,0
VEH000082,TSK004773,1
VEH000280,TSK004773,0
VEH000388,TSK004773,0
VEH000366,TSK004773,0
VEH000525,TSK004773,1
VEH000281,TSK004773,0
VEH000065,TSK004773,0
VEH000424,TSK004773,1
VEH000246,TSK004773,1
VEH000063,TSK004773,1
VEH000092,TSK004773,0
VEH000251,TSK004773,0
VEH000455,TSK004773,0
VEH000313,TSK004773,0
VEH000053,TSK004773,0
VEH000220,TSK004773,1
VEH000298,TSK004773,1
VEH000040,TSK004773,0
VEH000519,TSK004773,1
VEH000344,TSK004773,0
VEH000312,TSK004773,0
VEH000431,TSK004773,0
VEH000072,TSK004773,0
VEH000093,TSK004773,0
VEH000225,TSK004773,1
VEH000269,TSK004773,1
VEH000401,TSK004773,0
VEH000060,TSK004773,1
VEH000414,TSK004773,0
VEH000531,TSK004773,0
VEH000410,TSK004773,0
VEH000324,TSK004773,0
VEH000095,TSK004773,0
VEH000077,TSK004773,1
VEH000227,TSK004773,1
VEH000308,TSK004773,0
VEH000003,TSK004773,0
VEH000049,TSK004773,0
VEH000015,TSK004773,1
VEH000272,TSK004773,1
VEH000510,TSK004773,0
VEH000483,TSK004773,0
VEH000089,TSK004791,1
VEH000033,TSK004791,1
VEH000330,TSK004791,1
VEH000261,TSK004791,0
VEH000025,TSK004791,0
VEH000482,TSK004791,0
VEH000523,TSK004791,1
VEH000019,TSK004791,1
VEH000240,TSK004791,1
VEH000083,TSK004791,1
VEH000433,TSK004791,1
VEH000329,TSK004791,1
VEH000450,TSK004791,0
VEH000422,TSK004791,1
VEH000267,TSK004791,1
VEH000296,TSK004791,0
VEH000467,TSK004791,1
VEH000098,TSK004791,0
VEH000074,TSK004791,0
VEH000320,TSK004791,0
VEH000309,TSK004791,1
VEH000067,TSK004791,0
VEH000218,TSK004791,0
VEH000459,TSK004791,0
VEH000101,TSK004791,1
VEH000024,TSK004791,0
VEH000265,TSK004791,0
VEH000006,TSK004791,1
VEH000484,TSK004791,1
VEH000379,TSK004791,1
VEH000358,TSK004791,1
VEH000275,TSK004791,0
VEH000337,TSK004791,1
VEH000532,TSK004791,1
VEH000332,TSK004791,0
VEH000527,TSK004791,1
VEH000078,TSK004791,1
VEH000304,TSK004791,1
VEH000047,TSK004791,0
VEH000287,TSK004791,0
VEH000327,TSK004791,0
VEH000508,TSK004791,1
VEH000057,TSK004791,0
VEH000505,TSK004791,1
VEH000416,TSK004791,0
VEH000035,TSK004791,0
VEH000353,TSK004791,1
VEH000406,TSK004791,1
VEH000050,TSK004791,0
VEH000070,TSK004791,1
VEH000478,TSK004791,0
VEH000514,TSK004791,0
VEH000359,TSK004791,0
VEH000096,TSK004791,0
VEH000229,TSK004791,0
VEH000529,TSK004791,0
VEH000321,TSK004791,1
VEH000037,TSK004791,0
VEH000082,TSK004791,1
VEH000280,TSK004791,0
VEH000388,TSK004791,1
VEH000366,TSK004791,0
VEH000525,TSK004791,0
VEH000281,TSK004791,0
VEH000065,TSK004791,0
VEH000424,TSK004791,0
VEH000246,TSK004791,0
VEH000063,TSK004791,0
VEH000092,TSK004791,1
VEH000251,TSK004791,0
VEH000455,TSK004791,0
VEH000313,TSK004791,1
VEH000053,TSK004791,1
VEH000220,TSK004791,1
VEH000298,TSK004791,0
VEH000040,TSK004791,1
VEH000519,TSK004791,0
VEH000344,TSK004791,1
VEH000312,TSK004791,1
VEH000431,TSK004791,0
VEH000072,TSK004791,1
VEH000093,TSK004791,1
VEH000225,TSK004791,1
VEH000269,TSK004791,1
VEH000401,TSK004791,1
VEH000060,TSK004791,0
VEH000414,TSK004791,1
VEH000531,TSK004791,1
VEH000410,TSK004791,1
VEH000324,TSK004791,0
VEH000095,TSK004791,1
VEH000077,TSK004791,0
VEH000227,TSK004791,1
VEH000308,TSK004791,1
VEH000003,TSK004791,1
VEH000049,TSK004791,0
VEH000015,TSK004791,0
VEH000272,TSK004791,0
VEH000510,TSK004791,0
VEH000483,TSK004791,0
VEH000089,TSK004825,1
VEH000033,TSK004825,0
VEH000330,TSK004825,0
VEH000261,TSK004825,0
VEH000025,TSK004825,1
VEH000482,TSK004825,1
VEH000523,TSK004825,0
VEH000019,TSK004825,1
VEH000240,TSK004825,0
VEH000083,TSK004825,0
VEH000433,TSK004825,1
VEH000329,TSK004825,1
VEH000450,TSK004825,1
VEH000422,TSK004825,1
VEH000267,TSK004825,0
VEH000296,TSK004825,0
VEH000467,TSK004825,0
VEH000098,TSK004825,0
VEH000074,TSK004825,0
VEH000320,TSK004825,0
VEH000309,TSK004825,1
VEH000067,TSK004825,0
VEH000218,TSK004825,0
VEH000459,TSK004825,0
VEH000101,TSK004825,1
VEH000024,TSK004825,1
VEH000265,TSK004825,0
VEH000006,TSK004825,1
VEH000484,TSK004825,0
VEH000379,TSK004825,1
VEH000358,TSK004825,1
VEH000275,TSK004825,0
VEH000337,TSK004825,0
VEH000532,TSK004825,1
VEH000332,TSK004825,1
VEH000527,TSK004825,0
VEH000078,TSK004825,0
VEH000304,TSK004825,0
VEH000047,TSK004825,1
VEH000287,TSK004825,1
VEH000327,TSK004825,1
VEH000508,TSK004825,1
VEH000057,TSK004825,0
VEH000505,TSK004825,0
VEH000416,TSK004825,1
VEH000035,TSK004825,1
VEH000353,TSK004825,0
VEH000406,TSK004825,1
VEH000050,TSK004825,1
VEH000070,TSK004825,1
VEH000478,TSK004825,1
VEH000514,TSK004825,0
VEH000359,TSK004825,0
VEH000096,TSK004825,1
VEH000229,TSK004825,1
VEH000529,TSK004825,1
VEH000321,TSK004825,1
VEH000037,TSK004825,1
VEH000082,TSK004825,0
VEH000280,TSK004825,1
VEH000388,TSK004825,1
VEH000366,TSK004825,1
VEH000525,TSK004825,1
VEH000281,TSK004825,0
VEH000065,TSK004825,1
VEH000424,TSK004825,0
VEH000246,TSK004825,0
VEH000063,TSK004825,0
VEH000092,TSK004825,0
VEH000251,TSK004825,0
VEH000455,TSK004825,1
VEH000313,TSK004825,0
VEH000053,TSK004825,1
VEH000220,TSK004825,0
VEH000298,TSK004825,0
VEH000040,TSK004825,0
VEH000519,TSK004825,1
VEH000344,TSK004825,0
VEH000312,TSK004825,1
VEH000431,TSK004825,0
VEH000072,TSK004825,0
VEH000093,TSK004825,0
VEH000225,TSK004825,0
VEH000269,TSK004825,1
VEH000401,TSK004825,1
VEH000060,TSK004825,0
VEH000414,TSK004825,1
VEH000531,TSK004825,1
VEH000410,TSK004825,0
VEH000324,TSK004825,1
VEH000095,TSK004825,1
VEH000077,TSK004825,0
VEH000227,TSK004825,0
VEH000308,TSK004825,1
VEH000003,TSK004825,1
VEH000049,TSK004825,0
VEH000015,TSK004825,1
VEH000272,TSK004825,1
VEH000510,TSK004825,0
VEH000483,TSK004825,0
VEH000089,TSK004839,1
VEH000033,TSK004839,1
VEH000330,TSK004839,0
VEH000261,TSK004839,0
VEH000025,TSK004839,0
VEH000482,TSK004839,0
VEH000523,TSK004839,1
VEH000019,TSK004839,1
VEH000240,TSK004839,1
VEH000083,TSK004839,0
VEH000433,TSK004839,1
VEH000329,TSK004839,0
VEH000450,TSK004839,0
VEH000422,TSK004839,0
VEH000267,TSK004839,1
VEH000296,TSK004839,1
VEH000467,TSK004839,0
VEH000098,TSK004839,1
VEH000074,TSK004839,0
VEH000320,TSK004839,1
VEH000309,TSK004839,1
VEH000067,TSK004839,1
VEH000218,TSK004839,1
VEH000459,TSK004839,0
VEH000101,TSK004839,0
VEH000024,TSK004839,0
VEH000265,TSK004839,1
VEH000006,TSK004839,1
VEH000484,TSK004839,0
VEH000379,TSK004839,0
VEH000358,TSK004839,0
VEH000275,TSK004839,1
VEH000337,TSK004839,1
VEH000532,TSK004839,1
VEH000332,TSK004839,0
VEH000527,TSK004839,0
VEH000078,TSK004839,0
VEH000304,TSK004839,0
VEH000047,TSK004839,0
VEH000287,TSK004839,0
VEH000327,TSK004839,1
VEH000508,TSK004839,1
VEH000057,TSK004839,1
VEH000505,TSK004839,0
VEH000416,TSK004839,1
VEH000035,TSK004839,1
VEH000353,TSK004839,1
VEH000406,TSK004839,1
VEH000050,TSK004839,0
VEH000070,TSK004839,1
VEH000478,TSK004839,0
VEH000514,TSK004839,0
VEH000359,TSK004839,1
VEH000096,TSK004839,1
VEH000229,TSK004839,0
VEH000529,TSK004839,0
VEH000321,TSK004839,1
VEH000037,TSK004839,0
VEH000082,TSK004839,0
VEH000280,TSK004839,1
VEH000388,TSK004839,1
VEH000366,TSK004839,0
VEH000525,TSK004839,1
VEH000281,TSK004839,0
VEH000065,TSK004839,0
VEH000424,TSK004839,1
VEH000246,TSK004839,1
VEH000063,TSK004839,0
VEH000092,TSK004839,0
VEH000251,TSK004839,0
VEH000455,TSK004839,1
VEH000313,TSK004839,1
VEH000053,TSK004839,0
VEH000220,TSK004839,1
VEH000298,TSK004839,0
VEH000040,TSK004839,0
VEH000519,TSK004839,0
VEH000344,TSK004839,1
VEH000312,TSK004839,0
VEH000431,TSK004839,1
VEH000072,TSK004839,1
VEH000093,TSK004839,0
VEH000225,TSK004839,0
VEH000269,TSK004839,1
VEH000401,TSK004839,1
VEH000060,TSK004839,1
VEH000414,TSK004839,1
VEH000531,TSK004839,1
VEH000410,TSK004839,1
VEH000324,TSK004839,0
VEH000095,TSK004839,0
VEH000077,TSK004839,0
VEH000227,TSK004839,0
VEH000308,TSK004839,1
VEH000003,TSK004839,0
VEH000049,TSK004839,1
VEH000015,TSK004839,1
VEH000272,TSK004839,0
VEH000510,TSK004839,1
VEH000483,TSK004839,0
VEH000089,TSK004849,0
VEH000033,TSK004849,0
VEH000330,TSK004849,0
VEH000261,TSK004849,0
VEH000025,TSK004849,0
VEH000482,TSK004849,0
VEH000523,TSK004849,1
VEH000019,TSK004849,1
VEH000240,TSK004849,1
VEH000083,TSK004849,0
VEH000433,TSK004849,1
VEH000329,TSK004849,0
VEH000450,TSK004849,0
VEH000422,TSK004849,1
VEH000267,TSK004849,1
VEH000296,TSK004849,1
VEH000467,TSK004849,0
VEH000098,TSK004849,0
VEH000074,TSK004849,0
VEH000320,TSK004849,0
VEH000309,TSK004849,1
VEH000067,TSK004849,1
VEH000218,TSK004849,0
VEH000459,TSK004849,0
VEH000101,TSK004849,1
VEH000024,TSK004849,1
VEH000265,TSK004849,1
VEH000006,TSK004849,0
VEH000484,TSK004849,0
VEH000379,TSK004849,1
VEH000358,TSK004849,0
VEH000275,TSK004849,0
VEH000337,TSK004849,0
VEH000532,TSK004849,0
VEH000332,TSK004849,1
VEH000527,TSK004849,1
VEH000078,TSK004849,0
VEH000304,TSK004849,0
VEH000047,TSK004849,1
VEH000287,TSK004849,0
VEH000327,TSK004849,0
VEH000508,TSK004849,1
VEH000057,TSK004849,1
VEH000505,TSK004849,1
VEH000416,TSK004849,0
VEH000035,TSK004849,1
VEH000353,TSK004849,0
VEH000406,TSK004849,1
VEH000050,TSK004849,1
VEH000070,TSK004849,1
VEH000478,TSK004849,0
VEH000514,TSK004849,1
VEH000359,TSK004849,1
VEH000096,TSK004849,0
VEH000229,TSK004849,0
VEH000529,TSK004849,1
VEH000321,TSK004849,0
VEH000037,TSK004849,0
VEH000082,TSK004849,1
VEH000280,TSK004849,0
VEH000388,TSK004849,1
VEH000366,TSK004849,0
VEH000525,TSK004849,1
VEH000281,TSK004849,0
VEH000065,TSK004849,1
VEH000424,TSK004849,1
VEH000246,TSK004849,0
VEH000063,TSK004849,1
VEH000092,TSK004849,1
VEH000251,TSK004849,0
VEH000455,TSK004849,0
VEH000313,TSK004849,0
VEH000053,TSK004849,1
VEH000220,TSK004849,1
VEH000298,TSK004849,0
VEH000040,TSK004849,1
VEH000519,TSK004849,1
VEH000344,TSK004849,0
VEH000312,TSK004849,0
VEH000431,TSK004849,0
VEH000072,TSK004849,1
VEH000093,TSK004849,1
VEH000225,TSK004849,1
VEH000269,TSK004849,0
VEH000401,TSK004849,0
VEH000060,TSK004849,1
VEH000414,TSK004849,0
VEH000531,TSK004849,0
VEH000410,TSK004849,1
VEH000324,TSK004849,1
VEH000095,TSK004849,0
VEH000077,TSK004849,1
VEH000227,TSK004849,1
VEH000308,TSK004849,1
VEH000003,TSK004849,0
VEH000049,TSK004849,1
VEH000015,TSK004849,0
VEH000272,TSK004849,1
VEH000510,TSK004849,1
VEH000483,TSK004849,1
VEH000089,TSK004860,0
VEH000033,TSK004860,1
VEH000330,TSK004860,0
VEH000261,TSK004860,1
VEH000025,TSK004860,0
VEH000482,TSK004860,0
VEH000523,TSK004860,0
VEH000019,TSK004860,1
VEH000240,TSK004860,1
VEH000083,TSK004860,1
VEH000433,TSK004860,0
VEH000329,TSK004860,1
VEH000450,TSK004860,0
VEH000422,TSK004860,0
VEH000267,TSK004860,1
VEH000296,TSK004860,1
VEH000467,TSK004860,1
VEH000098,TSK004860,0
VEH000074,TSK004860,1
VEH000320,TSK004860,1
VEH000309,TSK004860,1
VEH000067,TSK004860,0
VEH000218,TSK004860,1
VEH000459,TSK004860,1
VEH000101,TSK004860,0
VEH000024,TSK004860,0
VEH000265,TSK004860,0
VEH000006,TSK004860,1
VEH000484,TSK004860,0
VEH000379,TSK004860,1
VEH000358,TSK004860,0
VEH000275,TSK004860,0
VEH000337,TSK004860,1
VEH000532,TSK004860,1
VEH000332,TSK004860,0
VEH000527,TSK004860,0
VEH000078,TSK004860,0
VEH000304,TSK004860,0
VEH000047,TSK004860,1
VEH000287,TSK004860,1
VEH000327,TSK004860,1
VEH000508,TSK004860,0
VEH000057,TSK004860,0
VEH000505,TSK004860,0
VEH000416,TSK004860,0
VEH000035,TSK004860,1
VEH000353,TSK004860,0
VEH000406,TSK004860,1
VEH000050,TSK004860,0
VEH000070,TSK004860,0
VEH000478,TSK004860,1
VEH000514,TSK004860,1
VEH000359,TSK004860,1
VEH000096,TSK004860,0
VEH000229,TSK004860,0
VEH000529,TSK004860,0
VEH000321,TSK004860,1
VEH000037,TSK004860,1
VEH000082,TSK004860,0
VEH000280,TSK004860,1
VEH000388,TSK004860,0
VEH000366,TSK004860,1
VEH000525,TSK004860,0
VEH000281,TSK004860,0
VEH000065,TSK004860,0
VEH000424,TSK004860,0
VEH000246,TSK004860,0
VEH000063,TSK004860,0
VEH000092,TSK004860,1
VEH000251,TSK004860,1
VEH000455,TSK004860,1
VEH000313,TSK004860,0
VEH000053,TSK004860,0
VEH000220,TSK004860,1
VEH000298,TSK004860,0
VEH000040,TSK004860,1
VEH000519,TSK004860,0
VEH000344,TSK004860,1
VEH000312,TSK004860,1
VEH000431,TSK004860,0
VEH000072,TSK004860,0
VEH000093,TSK004860,0
VEH000225,TSK004860,0
VEH000269,TSK004860,1
VEH000401,TSK004860,1
VEH000060,TSK004860,1
VEH000414,TSK004860,1
VEH000531,TSK004860,0
VEH000410,TSK004860,1
VEH000324,TSK004860,1
VEH000095,TSK004860,0
VEH000077,TSK004860,0
VEH000227,TSK004860,1
VEH000308,TSK004860,1
VEH000003,TSK004860,1
VEH000049,TSK004860,1
VEH000015,TSK004860,1
VEH000272,TSK004860,1
VEH000510,TSK004860,1
VEH000483,TSK004860,0
VEH000089,TSK004891,1
VEH000033,TSK004891,0
VEH000330,TSK004891,1
VEH000261,TSK004891,1
VEH000025,TSK004891,1
VEH000482,TSK004891,1
VEH000523,TSK004891,1
VEH000019,TSK004891,0
VEH000240,TSK004891,1
VEH000083,TSK004891,1
VEH000433,TSK004891,1
VEH000329,TSK004891,0
VEH000450,TSK004891,1
VEH000422,TSK004891,0
VEH000267,TSK004891,0
VEH000296,TSK004891,1
VEH000467,TSK004891,1
VEH000098,TSK004891,0
VEH000074,TSK004891,0
VEH000320,TSK004891,0
VEH000309,TSK004891,0
VEH000067,TSK004891,1
VEH000218,TSK004891,1
VEH000459,TSK004891,1
VEH000101,TSK004891,0
VEH000024,TSK004891,0
VEH000265,TSK004891,1
VEH000006,TSK004891,0
VEH000484,TSK004891,1
VEH000379,TSK004891,0
VEH000358,TSK004891,1
VEH000275,TSK004891,0
VEH000337,TSK004891,0
VEH000532,TSK004891,1
VEH000332,TSK004891,1
VEH000527,TSK004891,0
VEH000078,TSK004891,1
VEH000304,TSK004891,0
VEH000047,TSK004891,0
VEH000287,TSK004891,1
VEH000327,TSK004891,0
VEH000508,TSK004891,0
VEH000057,TSK004891,1
VEH000505,TSK004891,0
VEH000416,TSK004891,0
VEH000035,TSK004891,1
VEH000353,TSK004891,1
VEH000406,TSK004891,0
VEH000050,TSK004891,1
VEH000070,TSK004891,1
VEH000478,TSK004891,0
VEH000514,TSK004891,0
VEH000359,TSK004891,1
VEH000096,TSK004891,1
VEH000229,TSK004891,0
VEH000529,TSK004891,1
VEH000321,TSK004891,1
VEH000037,TSK004891,0
VEH000082,TSK004891,1
VEH000280,TSK004891,0
VEH000388,TSK004891,0
VEH000366,TSK004891,0
VEH000525,TSK004891,1
VEH000281,TSK004891,0
VEH000065,TSK004891,0
VEH000424,TSK004891,1
VEH000246,TSK004891,1
VEH000063,TSK004891,0
VEH000092,TSK004891,0
VEH000251,TSK004891,1
VEH000455,TSK004891,0
VEH000313,TSK004891,0
VEH000053,TSK004891,0
VEH000220,TSK004891,1
VEH000298,TSK004891,1
VEH000040,TSK004891,1
VEH000519,TSK004891,0
VEH000344,TSK004891,0
VEH000312,TSK004891,0
VEH000431,TSK004891,1
VEH000072,TSK004891,0
VEH000093,TSK004891,1
VEH000225,TSK004891,0
VEH000269,TSK004891,0
VEH000401,TSK004891,1
VEH000060,TSK004891,1
VEH000414,TSK004891,0
VEH000531,TSK004891,1
VEH000410,TSK004891,0
VEH000324,TSK004891,1
VEH000095,TSK004891,1
VEH000077,TSK004891,1
VEH000227,TSK004891,0
VEH000308,TSK004891,0
VEH000003,TSK004891,0
VEH000049,TSK004891,0
VEH000015,TSK004891,1
VEH000272,TSK004891,1
VEH000510,TSK004891,0
VEH000483,TSK004891,1
VEH000089,TSK004894,1
VEH000033,TSK004894,0
VEH000330,TSK004894,0
VEH000261,TSK004894,0
VEH000025,TSK004894,1
VEH000482,TSK004894,0
VEH000523,TSK004894,1
VEH000019,TSK004894,0
VEH000240,TSK004894,1
VEH000083,TSK004894,0
VEH000433,TSK004894,0
VEH000329,TSK004894,0
VEH000450,TSK004894,1
VEH000422,TSK004894,1
VEH000267,TSK004894,1
VEH000296,TSK004894,1
VEH000467,TSK004894,1
VEH000098,TSK004894,0
VEH000074,TSK004894,1
VEH000320,TSK004894,1
VEH000309,TSK004894,0
VEH000067,TSK004894,0
VEH000218,TSK004894,0
VEH000459,TSK004894,0
VEH000101,TSK004894,0
VEH000024,TSK004894,1
VEH000265,TSK004894,0
VEH000006,TSK004894,1
VEH000484,TSK004894,0
VEH000379,TSK004894,1
VEH000358,TSK004894,1
VEH000275,TSK004894,1
VEH000337,TSK004894,1
VEH000532,TSK004894,0
VEH000332,TSK004894,1
VEH000527,TSK004894,0
VEH000078,TSK004894,1
VEH000304,TSK004894,0
VEH000047,TSK004894,0
VEH000287,TSK004894,1
VEH000327,TSK004894,0
VEH000508,TSK004894,1
VEH000057,TSK004894,0
VEH000505,TSK004894,0
VEH000416,TSK004894,1
VEH000035,TSK004894,0
VEH000353,TSK004894,0
VEH000406,TSK004894,0
VEH000050,TSK004894,0
VEH000070,TSK004894,0
VEH000478,TSK004894,0
VEH000514,TSK004894,0
VEH000359,TSK004894,0
VEH000096,TSK004894,0
VEH000229,TSK004894,1
VEH000529,TSK004894,1
VEH000321,TSK004894,0
VEH000037,TSK004894,1
VEH000082,TSK004894,0
VEH000280,TSK004894,1
VEH000388,TSK004894,0
VEH000366,TSK004894,1
VEH000525,TSK004894,0
VEH000281,TSK004894,0
VEH000065,TSK004894,1
VEH000424,TSK004894,1
VEH000246,TSK004894,1
VEH000063,TSK004894,1
VEH000092,TSK004894,0
VEH000251,TSK004894,1
VEH000455,TSK004894,1
VEH000313,TSK004894,1
VEH000053,TSK004894,0
VEH000220,TSK004894,1
VEH000298,TSK004894,1
VEH000040,TSK004894,0
VEH000519,TSK004894,1
VEH000344,TSK004894,0
VEH000312,TSK004894,1
VEH000431,TSK004894,0
VEH000072,TSK004894,0
VEH000093,TSK004894,1
VEH000225,TSK004894,1
VEH000269,TSK004894,1
VEH000401,TSK004894,1
VEH000060,TSK004894,1
VEH000414,TSK004894,1
VEH000531,TSK004894,0
VEH000410,TSK004894,0
VEH000324,TSK004894,0
VEH000095,TSK004894,0
VEH000077,TSK004894,1
VEH000227,TSK004894,1
VEH000308,TSK004894,1
VEH000003,TSK004894,1
VEH000049,TSK004894,0
VEH000015,TSK004894,1
VEH000272,TSK004894,0
VEH000510,TSK004894,1
VEH000483,TSK004894,0
VEH000089,TSK004913,0
VEH000033,TSK004913,1
VEH000330,TSK004913,1
VEH000261,TSK004913,0
VEH000025,TSK004913,0
VEH000482,TSK004913,1
VEH000523,TSK004913,0
VEH000019,TSK004913,0
VEH000240,TSK004913,1
VEH000083,TSK004913,0
VEH000433,TSK004913,0
VEH000329,TSK004913,0
VEH000450,TSK004913,0
VEH000422,TSK004913,1
VEH000267,TSK004913,1
VEH000296,TSK004913,0
VEH000467,TSK004913,0
VEH000098,TSK004913,1
VEH000074,TSK004913,1
VEH000320,TSK004913,0
VEH000309,TSK004913,1
VEH000067,TSK004913,1
VEH000218,TSK004913,1
VEH000459,TSK004913,0
VEH000101,TSK004913,0
VEH000024,TSK004913,1
VEH000265,TSK004913,1
VEH000006,TSK004913,1
VEH000484,TSK004913,1
VEH000379,TSK004913,1
VEH000358,TSK004913,0
VEH000275,TSK004913,0
VEH000337,TSK004913,0
VEH000532,TSK004913,1
VEH000332,TSK004913,0
VEH000527,TSK004913,0
VEH000078,TSK004913,0
VEH000304,TSK004913,0
VEH000047,TSK004913,1
VEH000287,TSK004913,0
VEH000327,TSK004913,0
VEH000508,TSK004913,1
VEH000057,TSK004913,1
VEH000505,TSK004913,1
VEH000416,TSK004913,0
VEH000035,TSK004913,1
VEH000353,TSK004913,1
VEH000406,TSK004913,1
VEH000050,TSK004913,0
VEH000070,TSK004913,1
VEH000478,TSK004913,1
VEH000514,TSK004913,1
VEH000359,TSK004913,0
VEH000096,TSK004913,1
VEH000229,TSK004913,0
VEH000529,TSK004913,0
VEH000321,TSK004913,1
VEH000037,TSK004913,1
VEH000082,TSK004913,1
VEH000280,TSK004913,1
VEH000388,TSK004913,0
VEH000366,TSK004913,0
VEH000525,TSK004913,0
VEH000281,TSK004913,1
VEH000065,TSK004913,0
VEH000424,TSK004913,1
VEH000246,TSK004913,0
VEH000063,TSK004913,0
VEH000092,TSK004913,0
VEH000251,TSK004913,0
VEH000455,TSK004913,0
VEH000313,TSK004913,0
VEH000053,TSK004913,1
VEH000220,TSK004913,0
VEH000298,TSK004913,0
VEH000040,TSK004913,0
VEH000519,TSK004913,0
VEH000344,TSK004913,1
VEH000312,TSK004913,1
VEH000431,TSK004913,1
VEH000072,TSK004913,1
VEH000093,TSK004913,1
VEH000225,TSK004913,1
VEH000269,TSK004913,1
VEH000401,TSK004913,1
VEH000060,TSK004913,0
VEH000414,TSK004913,0
VEH000531,TSK004913,1
VEH000410,TSK004913,0
VEH000324,TSK004913,1
VEH000095,TSK004913,1
VEH000077,TSK004913,0
VEH000227,TSK004913,1
VEH000308,TSK004913,1
VEH000003,TSK004913,1
VEH000049,TSK004913,0
VEH000015,TSK004913,1
VEH000272,TSK004913,0
VEH000510,TSK004913,0
VEH000483,TSK004913,0
VEH000089,TSK004926,0
VEH000033,TSK004926,1
VEH000330,TSK004926,1
VEH000261,TSK004926,0
VEH000025,TSK004926,1
VEH000482,TSK004926,0
VEH000523,TSK004926,1
VEH000019,TSK004926,0
VEH000240,TSK004926,1
VEH000083,TSK004926,0
VEH000433,TSK004926,0
VEH000329,TSK004926,1
VEH000450,TSK004926,1
VEH000422,TSK004926,0
VEH000267,TSK004926,1
VEH000296,TSK004926,0
VEH000467,TSK004926,0
VEH000098,TSK004926,0
VEH000074,TSK004926,1
VEH000320,TSK004926,0
VEH000309,TSK004926,0
VEH000067,TSK004926,1
VEH000218,TSK004926,1
VEH000459,TSK004926,0
VEH000101,TSK004926,0
VEH000024,TSK004926,0
VEH000265,TSK004926,0
VEH000006,TSK004926,1
VEH000484,TSK004926,1
VEH000379,TSK004926,1
VEH000358,TSK004926,1
VEH000275,TSK004926,0
VEH000337,TSK004926,0
VEH000532,TSK004926,1
VEH000332,TSK004926,0
VEH000527,TSK004926,1
VEH000078,TSK004926,1
VEH000304,TSK004926,1
VEH000047,TSK004926,1
VEH000287,TSK004926,0
VEH000327,TSK004926,0
VEH000508,TSK004926,1
VEH000057,TSK004926,1
VEH000505,TSK004926,0
VEH000416,TSK004926,0
VEH000035,TSK004926,1
VEH000353,TSK004926,0
VEH000406,TSK004926,0
VEH000050,TSK004926,1
VEH000070,TSK004926,0
VEH000478,TSK004926,1
VEH000514,TSK004926,1
VEH000359,TSK004926,1
VEH000096,TSK004926,1
VEH000229,TSK004926,1
VEH000529,TSK004926,1
VEH000321,TSK004926,0
VEH000037,TSK004926,1
VEH000082,TSK004926,0
VEH000280,TSK004926,0
VEH000388,TSK004926,0
VEH000366,TSK004926,1
VEH000525,TSK004926,0
VEH000281,TSK004926,0
VEH000065,TSK004926,0
VEH000424,TSK004926,0
VEH000246,TSK004926,1
VEH000063,TSK004926,0
VEH000092,TSK004926,0
VEH000251,TSK004926,0
VEH000455,TSK004926,0
VEH000313,TSK004926,0
VEH000053,TSK004926,1
VEH000220,TSK004926,0
VEH000298,TSK004926,1
VEH000040,TSK004926,0
VEH000519,TSK004926,1
VEH000344,TSK004926,1
VEH000312,TSK004926,1
VEH000431,TSK004926,1
VEH000072,TSK004926,0
VEH000093,TSK004926,1
VEH000225,TSK004926,1
VEH000269,TSK004926,0
VEH000401,TSK004926,0
VEH000060,TSK004926,0
VEH000414,TSK004926,0
VEH000531,TSK004926,1
VEH000410,TSK004926,1
VEH000324,TSK004926,1
VEH000095,TSK004926,1
VEH000077,TSK004926,1
VEH000227,TSK004926,1
VEH000308,TSK004926,1
VEH000003,TSK004926,0
VEH000049,TSK004926,0
VEH000015,TSK004926,0
VEH000272,TSK004926,0
VEH000510,TSK004926,1
VEH000483,TSK004926,1
VEH000089,TSK004929,0
VEH000033,TSK004929,0
VEH000330,TSK004929,0
VEH000261,TSK004929,1
VEH000025,TSK004929,0
VEH000482,TSK004929,1
VEH000523,TSK004929,1
VEH000019,TSK004929,1
VEH000240,TSK004929,1
VEH000083,TSK004929,0
VEH000433,TSK004929,0
VEH000329,TSK004929,1
VEH000450,TSK004929,0
VEH000422,TSK004929,1
VEH000267,TSK004929,1
VEH000296,TSK004929,0
VEH000467,TSK004929,0
VEH000098,TSK004929,0
VEH000074,TSK004929,1
VEH000320,TSK004929,0
VEH000309,TSK004929,0
VEH000067,TSK004929,1
VEH000218,TSK004929,1
VEH000459,TSK004929,0
VEH000101,TSK004929,0
VEH000024,TSK004929,0
VEH000265,TSK004929,0
VEH000006,TSK004929,1
VEH000484,TSK004929,1
VEH000379,TSK004929,1
VEH000358,TSK004929,0
VEH000275,TSK004929,0
VEH000337,TSK004929,1
VEH000532,TSK004929,0
VEH000332,TSK004929,0
VEH000527,TSK004929,1
VEH000078,TSK004929,1
VEH000304,TSK004929,0
VEH000047,TSK004929,0
VEH000287,TSK004929,0
VEH000327,TSK004929,1
VEH000508,TSK004929,0
VEH000057,TSK004929,0
VEH000505,TSK004929,0
VEH000416,TSK004929,1
VEH000035,TSK004929,0
VEH000353,TSK004929,1
VEH000406,TSK004929,1
VEH000050,TSK004929,1
VEH000070,TSK004929,1
VEH000478,TSK004929,0
VEH000514,TSK004929,0
VEH000359,TSK004929,0
VEH000096,TSK004929,1
VEH000229,TSK004929,1
VEH000529,TSK004929,1
VEH000321,TSK004929,0
VEH000037,TSK004929,0
VEH000082,TSK004929,1
VEH000280,TSK004929,1
VEH000388,TSK004929,0
VEH000366,TSK004929,0
VEH000525,TSK004929,0
VEH000281,TSK004929,1
VEH000065,TSK004929,1
VEH000424,TSK004929,1
VEH000246,TSK004929,1
VEH000063,TSK004929,1
VEH000092,TSK004929,1
VEH000251,TSK004929,0
VEH000455,TSK004929,1
VEH000313,TSK004929,0
VEH000053,TSK004929,1
VEH000220,TSK004929,1
VEH000298,TSK004929,0
VEH000040,TSK004929,1
VEH000519,TSK004929,0
VEH000344,TSK004929,1
VEH000312,TSK004929,1
VEH000431,TSK004929,0
VEH000072,TSK004929,0
VEH000093,TSK004929,0
VEH000225,TSK004929,1
VEH000269,TSK004929,1
VEH000401,TSK004929,1
VEH000060,TSK004929,1
VEH000414,TSK004929,0
VEH000531,TSK004929,1
VEH000410,TSK004929,0
VEH000324,TSK004929,0
VEH000095,TSK004929,1
VEH000077,TSK004929,0
VEH000227,TSK004929,1
VEH000308,TSK004929,1
VEH000003,TSK004929,1
VEH000049,TSK004929,0
VEH000015,TSK004929,0
VEH000272,TSK004929,0
VEH000510,TSK004929,0
VEH000483,TSK004929,1
VEH000089,TSK004936,0
VEH000033,TSK004936,1
VEH000330,TSK004936,0
VEH000261,TSK004936,1
VEH000025,TSK004936,0
VEH000482,TSK004936,0
VEH000523,TSK004936,0
VEH000019,TSK004936,1
VEH000240,TSK004936,0
VEH000083,TSK004936,1
VEH000433,TSK004936,0
VEH000329,TSK004936,1
VEH000450,TSK004936,1
VEH000422,TSK004936,1
VEH000267,TSK004936,0
VEH000296,TSK004936,0
VEH000467,TSK004936,0
VEH000098,TSK004936,0
VEH000074,TSK004936,1
VEH000320,TSK004936,0
VEH000309,TSK004936,1
VEH000067,TSK004936,1
VEH000218,TSK004936,1
VEH000459,TSK004936,1
VEH000101,TSK004936,1
VEH000024,TSK004936,1
VEH000265,TSK004936,1
VEH000006,TSK004936,1
VEH000484,TSK004936,1
VEH000379,TSK004936,0
VEH000358,TSK004936,1
VEH000275,TSK004936,1
VEH000337,TSK004936,0
VEH000532,TSK004936,1
VEH000332,TSK004936,0
VEH000527,TSK004936,1
VEH000078,TSK004936,0
VEH000304,TSK004936,1
VEH000047,TSK004936,0
VEH000287,TSK004936,1
VEH000327,TSK004936,0
VEH000508,TSK004936,0
VEH000057,TSK004936,0
VEH000505,TSK004936,1
VEH000416,TSK004936,0
VEH000035,TSK004936,0
VEH000353,TSK004936,0
VEH000406,TSK004936,1
VEH000050,TSK004936,1
VEH000070,TSK004936,1
VEH000478,TSK004936,0
VEH000514,TSK004936,0
VEH000359,TSK004936,1
VEH000096,TSK004936,1
VEH000229,TSK004936,0
VEH000529,TSK004936,1
VEH000321,TSK004936,1
VEH000037,TSK004936,0
VEH000082,TSK004936,0
VEH000280,TSK004936,0
VEH000388,TSK004936,0
VEH000366,TSK004936,1
VEH000525,TSK004936,0
VEH000281,TSK004936,1
VEH000065,TSK004936,1
VEH000424,TSK004936,0
VEH000246,TSK004936,1
VEH000063,TSK004936,1
VEH000092,TSK004936,0
VEH000251,TSK004936,0
VEH000455,TSK004936,0
VEH000313,TSK004936,0
VEH000053,TSK004936,1
VEH000220,TSK004936,1
VEH000298,TSK004936,1
VEH000040,TSK004936,1
VEH000519,TSK004936,0
VEH000344,TSK004936,0
VEH000312,TSK004936,1
VEH000431,TSK004936,1
VEH000072,TSK004936,0
VEH000093,TSK004936,1
VEH000225,TSK004936,0
VEH000269,TSK004936,1
VEH000401,TSK004936,0
VEH000060,TSK004936,1
VEH000414,TSK004936,0
VEH000531,TSK004936,1
VEH000410,TSK004936,0
VEH000324,TSK004936,0
VEH000095,TSK004936,0
VEH000077,TSK004936,1
VEH000227,TSK004936,0
VEH000308,TSK004936,0
VEH000003,TSK004936,1
VEH000049,TSK004936,1
VEH000015,TSK004936,1
VEH000272,TSK004936,0
VEH000510,TSK004936,0
VEH000483,TSK004936,0
VEH000089,TSK004968,1
VEH000033,TSK004968,0
VEH000330,TSK004968,0
VEH000261,TSK004968,1
VEH000025,TSK004968,0
VEH000482,TSK004968,1
VEH000523,TSK004968,0
VEH000019,TSK004968,0
VEH000240,TSK004968,0
VEH000083,TSK004968,0
VEH000433,TSK004968,0
VEH000329,TSK004968,1
VEH000450,TSK004968,0
VEH000422,TSK004968,1
VEH000267,TSK004968,1
VEH000296,TSK004968,0
VEH000467,TSK004968,0
VEH000098,TSK004968,0
VEH000074,TSK004968,0
VEH000320,TSK004968,1
VEH000309,TSK004968,1
VEH000067,TSK004968,0
VEH000218,TSK004968,1
VEH000459,TSK004968,0
VEH000101,TSK004968,1
VEH000024,TSK004968,1
VEH000265,TSK004968,1
VEH000006,TSK004968,1
VEH000484,TSK004968,1
VEH000379,TSK004968,0
VEH000358,TSK004968,1
VEH000275,TSK004968,1
VEH000337,TSK004968,1
VEH000532,TSK004968,1
VEH000332,TSK004968,1
VEH000527,TSK004968,1
VEH000078,TSK004968,0
VEH000304,TSK004968,1
VEH000047,TSK004968,0
VEH000287,TSK004968,1
VEH000327,TSK004968,0
VEH000508,TSK004968,0
VEH000057,TSK004968,1
VEH000505,TSK004968,1
VEH000416,TSK004968,1
VEH000035,TSK004968,0
VEH000353,TSK004968,1
VEH000406,TSK004968,1
VEH000050,TSK004968,1
VEH000070,TSK004968,0
VEH000478,TSK004968,0
VEH000514,TSK004968,1
VEH000359,TSK004968,0
VEH000096,TSK004968,1
VEH000229,TSK004968,1
VEH000529,TSK004968,0
VEH000321,TSK004968,1
VEH000037,TSK004968,1
VEH000082,TSK004968,1
VEH000280,TSK004968,0
VEH000388,TSK004968,0
VEH000366,TSK004968,0
VEH000525,TSK004968,0
VEH000281,TSK004968,0
VEH000065,TSK004968,0
VEH000424,TSK004968,0
VEH000246,TSK004968,0
VEH000063,TSK004968,1
VEH000092,TSK004968,0
VEH000251,TSK004968,1
VEH000455,TSK004968,1
VEH000313,TSK004968,0
VEH000053,TSK004968,0
VEH000220,TSK004968,1
VEH000298,TSK004968,1
VEH000040,TSK004968,1
VEH000519,TSK004968,1
VEH000344,TSK004968,0
VEH000312,TSK004968,0
VEH000431,TSK004968,1
VEH000072,TSK004968,0
VEH000093,TSK004968,0
VEH000225,TSK004968,0
VEH000269,TSK004968,1
VEH000401,TSK004968,0
VEH000060,TSK004968,0
VEH000414,TSK004968,1
VEH000531,TSK004968,0
VEH000410,TSK004968,0
VEH000324,TSK004968,0
VEH000095,TSK004968,0
VEH000077,TSK004968,0
VEH000227,TSK004968,1
VEH000308,TSK004968,1
VEH000003,TSK004968,1
VEH000049,TSK004968,0
VEH000015,TSK004968,0
VEH000272,TSK004968,1
VEH000510,TSK004968,1
VEH000483,TSK004968,1
VEH000089,TSK004992,1
VEH000033,TSK004992,0
VEH000330,TSK004992,0
VEH000261,TSK004992,1
VEH000025,TSK004992,0
VEH000482,TSK004992,0
VEH000523,TSK004992,0
VEH000019,TSK004992,1
VEH000240,TSK004992,0
VEH000083,TSK004992,0
VEH000433,TSK004992,1
VEH000329,TSK004992,1
VEH000450,TSK004992,0
VEH000422,TSK004992,1
VEH000267,TSK004992,0
VEH000296,TSK004992,1
VEH000467,TSK004992,1
VEH000098,TSK004992,0
VEH000074,TSK004992,1
VEH000320,TSK004992,1
VEH000309,TSK004992,0
VEH000067,TSK004992,1
VEH000218,TSK004992,0
VEH000459,TSK004992,1
VEH000101,TSK004992,0
VEH000024,TSK004992,0
VEH000265,TSK004992,1
VEH000006,TSK004992,1
VEH000484,TSK004992,1
VEH000379,TSK004992,1
VEH000358,TSK004992,1
VEH000275,TSK004992,0
VEH000337,TSK004992,1
VEH000532,TSK004992,1
VEH000332,TSK004992,1
VEH000527,TSK004992,1
VEH000078,TSK004992,0
VEH000304,TSK004992,0
VEH000047,TSK004992,0
VEH000287,TSK004992,0
VEH000327,TSK004992,0
VEH000508,TSK004992,1
VEH000057,TSK004992,1
VEH000505,TSK004992,1
VEH000416,TSK004992,0
VEH000035,TSK004992,1
VEH000353,TSK004992,1
VEH000406,TSK004992,0
VEH000050,TSK004992,0
VEH000070,TSK004992,1
VEH000478,TSK004992,0
VEH000514,TSK004992,0
VEH000359,TSK004992,0
VEH000096,TSK004992,0
VEH000229,TSK004992,1
VEH000529,TSK004992,0
VEH000321,TSK004992,0
VEH000037,TSK004992,1
VEH000082,TSK004992,1
VEH000280,TSK004992,0
VEH000388,TSK004992,0
VEH000366,TSK004992,1
VEH000525,TSK004992,1
VEH000281,TSK004992,1
VEH000065,TSK004992,1
VEH000424,TSK004992,0
VEH000246,TSK004992,0
VEH000063,TSK004992,1
VEH000092,TSK004992,1
VEH000251,TSK004992,0
VEH000455,TSK004992,0
VEH000313,TSK004992,1
VEH000053,TSK004992,1
VEH000220,TSK004992,1
VEH000298,TSK004992,1
VEH000040,TSK004992,1
VEH000519,TSK004992,0
VEH000344,TSK004992,0
VEH000312,TSK004992,1
VEH000431,TSK004992,0
VEH000072,TSK004992,1
VEH000093,TSK004992,1
VEH000225,TSK004992,0
VEH000269,TSK004992,1
VEH000401,TSK004992,1
VEH000060,TSK004992,1
VEH000414,TSK004992,0
VEH000531,TSK004992,0
VEH000410,TSK004992,0
VEH000324,TSK004992,0
VEH000095,TSK004992,0
VEH000077,TSK004992,1
VEH000227,TSK004992,1
VEH000308,TSK004992,0
VEH000003,TSK004992,0
VEH000049,TSK004992,1
VEH000015,TSK004992,0
VEH000272,TSK004992,0
VEH000510,TSK004992,0
VEH000483,TSK004992,0
VEH000089,TSK004994,0
VEH000033,TSK004994,1
VEH000330,TSK004994,0
VEH000261,TSK004994,0
VEH000025,TSK004994,0
VEH000482,TSK004994,0
VEH000523,TSK004994,0
VEH000019,TSK004994,1
VEH000240,TSK004994,1
VEH000083,TSK004994,1
VEH000433,TSK004994,0
VEH000329,TSK004994,0
VEH000450,TSK004994,1
VEH000422,TSK004994,1
VEH000267,TSK004994,0
VEH000296,TSK004994,1
VEH000467,TSK004994,0
VEH000098,TSK004994,1
VEH000074,TSK004994,0
VEH000320,TSK004994,0
VEH000309,TSK004994,1
VEH000067,TSK004994,1
VEH000218,TSK004994,0
VEH000459,TSK004994,1
VEH000101,TSK004994,0
VEH000024,TSK004994,1
VEH000265,TSK004994,1
VEH000006,TSK004994,0
VEH000484,TSK004994,1
VEH000379,TSK004994,0
VEH000358,TSK004994,0
VEH000275,TSK004994,1
VEH000337,TSK004994,0
VEH000532,TSK004994,1
VEH000332,TSK004994,1
VEH000527,TSK004994,1
VEH000078,TSK004994,1
VEH000304,TSK004994,1
VEH000047,TSK004994,0
VEH000287,TSK004994,0
VEH000327,TSK004994,1
VEH000508,TSK004994,0
VEH000057,TSK004994,1
VEH000505,TSK004994,0
VEH000416,TSK004994,1
VEH000035,TSK004994,0
VEH000353,TSK004994,1
VEH000406,TSK004994,1
VEH000050,TSK004994,1
VEH000070,TSK004994,0
VEH000478,TSK004994,1
VEH000514,TSK004994,1
VEH000359,TSK004994,0
VEH000096,TSK004994,0
VEH000229,TSK004994,1
VEH000529,TSK004994,1
VEH000321,TSK004994,0
VEH000037,TSK004994,1
VEH000082,TSK004994,0
VEH000280,TSK004994,1
VEH000388,TSK004994,1
VEH000366,TSK004994,0
VEH000525,TSK004994,0
VEH000281,TSK004994,1
VEH000065,TSK004994,1
VEH000424,TSK004994,0
VEH000246,TSK004994,1
VEH000063,TSK004994,1
VEH000092,TSK004994,0
VEH000251,TSK004994,1
VEH000455,TSK004994,0
VEH000313,TSK004994,1
VEH000053,TSK004994,1
VEH000220,TSK004994,0
VEH000298,TSK004994,0
VEH000040,TSK004994,1
VEH000519,TSK004994,1
VEH000344,TSK004994,1
VEH000312,TSK004994,1
VEH000431,TSK004994,0
VEH000072,TSK004994,1
VEH000093,TSK004994,0
VEH000225,TSK004994,0
VEH000269,TSK004994,1
VEH000401,TSK004994,1
VEH000060,TSK004994,0
VEH000414,TSK004994,0
VEH000531,TSK004994,0
VEH000410,TSK004994,0
VEH000324,TSK004994,1
VEH000095,TSK004994,0
VEH000077,TSK004994,0
VEH000227,TSK004994,1
VEH000308,TSK004994,1
VEH000003,TSK004994,0
VEH000049,TSK004994,0
VEH000015,TSK004994,0
VEH000272,TSK004994,0
VEH000510,TSK004994,0
VEH000483,TSK004994,0
VEH000089,TSK005022,0
VEH000033,TSK005022,0
VEH000330,TSK005022,1
VEH000261,TSK005022,0
VEH000025,TSK005022,1
VEH000482,TSK005022,1
VEH000523,TSK005022,1
VEH000019,TSK005022,1
VEH000240,TSK005022,0
VEH000083,TSK005022,1
VEH000433,TSK005022,0
VEH000329,TSK005022,0
VEH000450,TSK005022,0
VEH000422,TSK005022,0
VEH000267,TSK005022,0
VEH000296,TSK005022,0
VEH000467,TSK005022,1
VEH000098,TSK005022,1
VEH000074,TSK005022,0
VEH000320,TSK005022,0
VEH000309,TSK005022,0
VEH000067,TSK005022,0
VEH000218,TSK005022,1
VEH000459,TSK005022,1
VEH000101,TSK005022,1
VEH000024,TSK005022,1
VEH000265,TSK005022,1
VEH000006,TSK005022,1
VEH000484,TSK005022,0
VEH000379,TSK005022,1
VEH000358,TSK005022,1
VEH000275,TSK005022,0
VEH000337,TSK005022,1
VEH000532,TSK005022,1
VEH000332,TSK005022,1
VEH000527,TSK005022,0
VEH000078,TSK005022,0
VEH000304,TSK005022,1
VEH000047,TSK005022,0
VEH000287,TSK005022,1
VEH000327,TSK005022,0
VEH000508,TSK005022,1
VEH000057,TSK005022,0
VEH000505,TSK005022,1
VEH000416,TSK005022,0
VEH000035,TSK005022,0
VEH000353,TSK005022,1
VEH000406,TSK005022,1
VEH000050,TSK005022,0
VEH000070,TSK005022,1
VEH000478,TSK005022,0
VEH000514,TSK005022,0
VEH000359,TSK005022,0
VEH000096,TSK005022,1
VEH000229,TSK005022,1
VEH000529,TSK005022,1
VEH000321,TSK005022,0
VEH000037,TSK005022,1
VEH000082,TSK005022,0
VEH000280,TSK005022,0
VEH000388,TSK005022,1
VEH000366,TSK005022,1
VEH000525,TSK005022,1
VEH000281,TSK005022,1
VEH000065,TSK005022,0
VEH000424,TSK005022,1
VEH000246,TSK005022,1
VEH000063,TSK005022,1
VEH000092,TSK005022,0
VEH000251,TSK005022,1
VEH000455,TSK005022,0
VEH000313,TSK005022,0
VEH000053,TSK005022,1
VEH000220,TSK005022,0
VEH000298,TSK005022,0
VEH000040,TSK005022,0
VEH000519,TSK005022,0
VEH000344,TSK005022,0
VEH000312,TSK005022,1
VEH000431,TSK005022,0
VEH000072,TSK005022,0
VEH000093,TSK005022,1
VEH000225,TSK005022,1
VEH000269,TSK005022,1
VEH000401,TSK005022,0
VEH000060,TSK005022,0
VEH000414,TSK005022,0
VEH000531,TSK005022,1
VEH000410,TSK005022,1
VEH000324,TSK005022,0
VEH000095,TSK005022,0
VEH000077,TSK005022,1
VEH000227,TSK005022,1
VEH000308,TSK005022,0
VEH000003,TSK005022,0
VEH000049,TSK005022,1
VEH000015,TSK005022,0
VEH000272,TSK005022,0
VEH000510,TSK005022,1
VEH000483,TSK005022,1
VEH000089,TSK005044,1
VEH000033,TSK005044,1
VEH000330,TSK005044,0
VEH000261,TSK005044,1
VEH000025,TSK005044,1
VEH000482,TSK005044,0
VEH000523,TSK005044,0
VEH000019,TSK005044,0
VEH000240,TSK005044,1
VEH000083,TSK005044,0
VEH000433,TSK005044,1
VEH000329,TSK005044,1
VEH000450,TSK005044,1
VEH000422,TSK005044,1
VEH000267,TSK005044,1
VEH000296,TSK005044,0
VEH000467,TSK005044,1
VEH000098,TSK005044,0
VEH000074,TSK005044,0
VEH000320,TSK005044,1
VEH000309,TSK005044,1
VEH000067,TSK005044,0
VEH000218,TSK005044,0
VEH000459,TSK005044,1
VEH000101,TSK005044,1
VEH000024,TSK005044,1
VEH000265,TSK005044,0
VEH000006,TSK005044,1
VEH000484,TSK005044,1
VEH000379,TSK005044,0
VEH000358,TSK005044,1
VEH000275,TSK005044,0
VEH000337,TSK005044,1
VEH000532,TSK005044,1
VEH000332,TSK005044,0
VEH000527,TSK005044,1
VEH000078,TSK005044,0
VEH000304,TSK005044,0
VEH000047,TSK005044,0
VEH000287,TSK005044,0
VEH000327,TSK005044,0
VEH000508,TSK005044,1
VEH000057,TSK005044,1
VEH000505,TSK005044,0
VEH000416,TSK005044,1
VEH000035,TSK005044,0
VEH000353,TSK005044,0
VEH000406,TSK005044,1
VEH000050,TSK005044,1
VEH000070,TSK005044,1
VEH000478,TSK005044,1
VEH000514,TSK005044,0
VEH000359,TSK005044,1
VEH000096,TSK005044,0
VEH000229,TSK005044,0
VEH000529,TSK005044,1
VEH000321,TSK005044,0
VEH000037,TSK005044,1
VEH000082,TSK005044,0
VEH000280,TSK005044,0
VEH000388,TSK005044,0
VEH000366,TSK005044,1
VEH000525,TSK005044,0
VEH000281,TSK005044,1
VEH000065,TSK005044,1
VEH000424,TSK005044,1
VEH000246,TSK005044,0
VEH000063,TSK005044,0
VEH000092,TSK005044,0
VEH000251,TSK005044,0
VEH000455,TSK005044,0
VEH000313,TSK005044,1
VEH000053,TSK005044,0
VEH000220,TSK005044,1
VEH000298,TSK005044,1
VEH000040,TSK005044,0
VEH000519,TSK005044,1
VEH000344,TSK005044,0
VEH000312,TSK005044,0
VEH000431,TSK005044,0
VEH000072,TSK005044,1
VEH000093,TSK005044,0
VEH000225,TSK005044,0
VEH000269,TSK005044,0
VEH000401,TSK005044,1
VEH000060,TSK005044,1
VEH000414,TSK005044,0
VEH000531,TSK005044,1
VEH000410,TSK005044,1
VEH000324,TSK005044,1
VEH000095,TSK005044,0
VEH000077,TSK005044,1
VEH000227,TSK005044,1
VEH000308,TSK005044,1
VEH000003,TSK005044,0
VEH000049,TSK005044,0
VEH000015,TSK005044,0
VEH000272,TSK005044,0
VEH000510,TSK005044,1
VEH000483,TSK005044,0
VEH000089,TSK005080,1
VEH000033,TSK005080,1
VEH000330,TSK005080,1
VEH000261,TSK005080,0
VEH000025,TSK005080,0
VEH000482,TSK005080,0
VEH000523,TSK005080,1
VEH000019,TSK005080,1
VEH000240,TSK005080,0
VEH000083,TSK005080,1
VEH000433,TSK005080,1
VEH000329,TSK005080,1
VEH000450,TSK005080,1
VEH000422,TSK005080,0
VEH000267,TSK005080,0
VEH000296,TSK005080,1
VEH000467,TSK005080,1
VEH000098,TSK005080,1
VEH000074,TSK005080,0
VEH000320,TSK005080,0
VEH000309,TSK005080,1
VEH000067,TSK005080,0
VEH000218,TSK005080,1
VEH000459,TSK005080,0
VEH000101,TSK005080,0
VEH000024,TSK005080,1
VEH000265,TSK005080,0
VEH000006,TSK005080,1
VEH000484,TSK005080,0
VEH000379,TSK005080,1
VEH000358,TSK005080,0
VEH000275,TSK005080,1
VEH000337,TSK005080,1
VEH000532,TSK005080,1
VEH000332,TSK005080,0
VEH000527,TSK005080,0
VEH000078,TSK005080,0
VEH000304,TSK005080,1
VEH000047,TSK005080,0
VEH000287,TSK005080,0
VEH000327,TSK005080,0
VEH000508,TSK005080,1
VEH000057,TSK005080,0
VEH000505,TSK005080,0
VEH000416,TSK005080,1
VEH000035,TSK005080,1
VEH000353,TSK005080,0
VEH000406,TSK005080,0
VEH000050,TSK005080,0
VEH000070,TSK005080,1
VEH000478,TSK005080,0
VEH000514,TSK005080,1
VEH000359,TSK005080,0
VEH000096,TSK005080,0
VEH000229,TSK005080,1
VEH000529,TSK005080,0
VEH000321,TSK005080,1
VEH000037,TSK005080,1
VEH000082,TSK005080,0
VEH000280,TSK005080,0
VEH000388,TSK005080,1
VEH000366,TSK005080,1
VEH000525,TSK005080,0
VEH000281,TSK005080,1
VEH000065,TSK005080,0
VEH000424,TSK005080,0
VEH000246,TSK005080,0
VEH000063,TSK005080,1
VEH000092,TSK005080,0
VEH000251,TSK005080,1
VEH000455,TSK005080,1
VEH000313,TSK005080,0
VEH000053,TSK005080,1
VEH000220,TSK005080,0
VEH000298,TSK005080,1
VEH000040,TSK005080,0
VEH000519,TSK005080,0
VEH000344,TSK005080,1
VEH000312,TSK005080,0
VEH000431,TSK005080,1
VEH000072,TSK005080,1
VEH000093,TSK005080,0
VEH000225,TSK005080,1
VEH000269,TSK005080,1
VEH000401,TSK005080,1
VEH000060,TSK005080,1
VEH000414,TSK005080,0
VEH000531,TSK005080,0
VEH000410,TSK005080,1
VEH000324,TSK005080,0
VEH000095,TSK005080,1
VEH000077,TSK005080,0
VEH000227,TSK005080,1
VEH000308,TSK005080,0
VEH000003,TSK005080,1
VEH000049,TSK005080,0
VEH000015,TSK005080,0
VEH000272,TSK005080,1
VEH000510,TSK005080,1
VEH000483,TSK005080,0
VEH000089,TSK005093,1
VEH000033,TSK005093,0
VEH000330,TSK005093,1
VEH000261,TSK005093,0
VEH000025,TSK005093,0
VEH000482,TSK005093,1
VEH000523,TSK005093,1
VEH000019,TSK005093,1
VEH000240,TSK005093,1
VEH000083,TSK005093,1
VEH000433,TSK005093,0
VEH000329,TSK005093,0
VEH000450,TSK005093,0
VEH000422,TSK005093,0
VEH000267,TSK005093,0
VEH000296,TSK005093,1
VEH000467,TSK005093,0
VEH000098,TSK005093,1
VEH000074,TSK005093,1
VEH000320,TSK005093,1
VEH000309,TSK005093,0
VEH000067,TSK005093,1
VEH000218,TSK005093,0
VEH000459,TSK005093,1
VEH000101,TSK005093,1
VEH000024,TSK005093,0
VEH000265,TSK005093,0
VEH000006,TSK005093,0
VEH000484,TSK005093,0
VEH000379,TSK005093,1
VEH000358,TSK005093,1
VEH000275,TSK005093,1
VEH000337,TSK005093,1
VEH000532,TSK005093,1
VEH000332,TSK005093,0
VEH000527,TSK005093,0
VEH000078,TSK005093,1
VEH000304,TSK005093,1
VEH000047,TSK005093,0
VEH000287,TSK005093,0
VEH000327,TSK005093,1
VEH000508,TSK005093,0
VEH000057,TSK005093,0
VEH000505,TSK005093,1
VEH000416,TSK005093,1
VEH000035,TSK005093,0
VEH000353,TSK005093,0
VEH000406,TSK005093,1
VEH000050,TSK005093,0
VEH000070,TSK005093,0
VEH000478,TSK005093,1
VEH000514,TSK005093,0
VEH000359,TSK005093,0
VEH000096,TSK005093,1
VEH000229,TSK005093,1
VEH000529,TSK005093,0
VEH000321,TSK005093,0
VEH000037,TSK005093,0
VEH000082,TSK005093,1
VEH000280,TSK005093,0
VEH000388,TSK005093,0
VEH000366,TSK005093,1
VEH000525,TSK005093,1
VEH000281,TSK005093,1
VEH000065,TSK005093,1
VEH000424,TSK005093,1
VEH000246,TSK005093,0
VEH000063,TSK005093,1
VEH000092,TSK005093,0
VEH000251,TSK005093,1
VEH000455,TSK005093,0
VEH000313,TSK005093,1
VEH000053,TSK005093,0
VEH000220,TSK005093,0
VEH000298,TSK005093,0
VEH000040,TSK005093,0
VEH000519,TSK005093,1
VEH000344,TSK005093,0
VEH000312,TSK005093,0
VEH000431,TSK005093,1
VEH000072,TSK005093,0
VEH000093,TSK005093,1
VEH000225,TSK005093,0
VEH000269,TSK005093,1
VEH000401,TSK005093,1
VEH000060,TSK005093,1
VEH000414,TSK005093,0
VEH000531,TSK005093,0
VEH000410,TSK005093,0
VEH000324,TSK005093,0
VEH000095,TSK005093,1
VEH000077,TSK005093,0
VEH000227,TSK005093,1
VEH000308,TSK005093,1
VEH000003,TSK005093,1
VEH000049,TSK005093,0
VEH000015,TSK005093,0
VEH000272,TSK005093,1
VEH000510,TSK005093,1
VEH000483,TSK005093,1
VEH000089,TSK005321,1
VEH000033,TSK005321,0
VEH000330,TSK005321,0
VEH000261,TSK005321,1
VEH000025,TSK005321,0
VEH000482,TSK005321,0
VEH000523,TSK005321,1
VEH000019,TSK005321,0
VEH000240,TSK005321,1
VEH000083,TSK005321,1
VEH000433,TSK005321,1
VEH000329,TSK005321,1
VEH000450,TSK005321,0
VEH000422,TSK005321,0
VEH000267,TSK005321,1
VEH000296,TSK005321,1
VEH000467,TSK005321,0
VEH000098,TSK005321,1
VEH000074,TSK005321,1
VEH000320,TSK005321,0
VEH000309,TSK005321,0
VEH000067,TSK005321,1
VEH000218,TSK005321,1
VEH000459,TSK005321,1
VEH000101,TSK005321,1
VEH000024,TSK005321,1
VEH000265,TSK005321,0
VEH000006,TSK005321,1
VEH000484,TSK005321,1
VEH000379,TSK005321,0
VEH000358,TSK005321,1
VEH000275,TSK005321,0
VEH000337,TSK005321,1
VEH000532,TSK005321,1
VEH000332,TSK005321,1
VEH000527,TSK005321,1
VEH000078,TSK005321,1
VEH000304,TSK005321,1
VEH000047,TSK005321,1
VEH000287,TSK005321,0
VEH000327,TSK005321,1
VEH000508,TSK005321,0
VEH000057,TSK005321,0
VEH000505,TSK005321,1
VEH000416,TSK005321,1
VEH000035,TSK005321,0
VEH000353,TSK005321,0
VEH000406,TSK005321,0
VEH000050,TSK005321,1
VEH000070,TSK005321,0
VEH000478,TSK005321,1
VEH000514,TSK005321,1
VEH000359,TSK005321,0
VEH000096,TSK005321,1
VEH000229,TSK005321,0
VEH000529,TSK005321,1
VEH000321,TSK005321,1
VEH000037,TSK005321,0
VEH000082,TSK005321,1
VEH000280,TSK005321,1
VEH000388,TSK005321,0
VEH000366,TSK005321,0
VEH000525,TSK005321,0
VEH000281,TSK005321,0
VEH000065,TSK005321,1
VEH000424,TSK005321,1
VEH000246,TSK005321,1
VEH000063,TSK005321,0
VEH000092,TSK005321,0
VEH000251,TSK005321,0
VEH000455,TSK005321,1
VEH000313,TSK005321,0
VEH000053,TSK005321,0
VEH000220,TSK005321,1
VEH000298,TSK005321,0
VEH000040,TSK005321,0
VEH000519,TSK005321,0
VEH000344,TSK005321,1
VEH000312,TSK005321,1
VEH000431,TSK005321,0
VEH000072,TSK005321,1
VEH000093,TSK005321,0
VEH000225,TSK005321,1
VEH000269,TSK005321,0
VEH000401,TSK005321,1
VEH000060,TSK005321,0
VEH000414,TSK005321,0
VEH000531,TSK005321,0
VEH000410,TSK005321,1
VEH000324,TSK005321,0
VEH000095,TSK005321,1
VEH000077,TSK005321,0
VEH000227,TSK005321,0
VEH000308,TSK005321,0
VEH000003,TSK005321,1
VEH000049,TSK005321,0
VEH000015,TSK005321,0
VEH000272,TSK005321,0
VEH000510,TSK005321,0
VEH000483,TSK005321,0
VEH000089,TSK005329,1
VEH000033,TSK005329,0
VEH000330,TSK005329,1
VEH000261,TSK005329,1
VEH000025,TSK005329,1
VEH000482,TSK005329,1
VEH000523,TSK005329,0
VEH000019,TSK005329,0
VEH000240,TSK005329,0
VEH000083,TSK005329,1
VEH000433,TSK005329,0
VEH000329,TSK005329,0
VEH000450,TSK005329,0
VEH000422,TSK005329,0
VEH000267,TSK005329,1
VEH000296,TSK005329,1
VEH000467,TSK005329,1
VEH000098,TSK005329,1
VEH000074,TSK005329,0
VEH000320,TSK005329,0
VEH000309,TSK005329,0
VEH000067,TSK005329,1
VEH000218,TSK005329,1
VEH000459,TSK005329,0
VEH000101,TSK005329,0
VEH000024,TSK005329,0
VEH000265,TSK005329,0
VEH000006,TSK005329,0
VEH000484,TSK005329,0
VEH000379,TSK005329,1
VEH000358,TSK005329,1
VEH000275,TSK005329,1
VEH000337,TSK005329,1
VEH000532,TSK005329,1
VEH000332,TSK005329,0
VEH000527,TSK005329,0
VEH000078,TSK005329,0
VEH000304,TSK005329,1
VEH000047,TSK005329,1
VEH000287,TSK005329,1
VEH000327,TSK005329,0
VEH000508,TSK005329,0
VEH000057,TSK005329,1
VEH000505,TSK005329,1
VEH000416,TSK005329,1
VEH000035,TSK005329,1
VEH000353,TSK005329,1
VEH000406,TSK005329,1
VEH000050,TSK005329,1
VEH000070,TSK005329,1
VEH000478,TSK005329,1
VEH000514,TSK005329,0
VEH000359,TSK005329,0
VEH000096,TSK005329,1
VEH000229,TSK005329,0
VEH000529,TSK005329,0
VEH000321,TSK005329,0
VEH000037,TSK005329,1
VEH000082,TSK005329,1
VEH000280,TSK005329,1
VEH000388,TSK005329,1
VEH000366,TSK005329,1
VEH000525,TSK005329,1
VEH000281,TSK005329,0
VEH000065,TSK005329,1
VEH000424,TSK005329,0
VEH000246,TSK005329,1
VEH000063,TSK005329,1
VEH000092,TSK005329,0
VEH000251,TSK005329,1
VEH000455,TSK005329,0
VEH000313,TSK005329,0
VEH000053,TSK005329,0
VEH000220,TSK005329,1
VEH000298,TSK005329,1
VEH000040,TSK005329,0
VEH000519,TSK005329,1
VEH000344,TSK005329,0
VEH000312,TSK005329,0
VEH000431,TSK005329,0
VEH000072,TSK005329,0
VEH000093,TSK005329,1
VEH000225,TSK005329,0
VEH000269,TSK005329,1
VEH000401,TSK005329,0
VEH000060,TSK005329,1
VEH000414,TSK005329,0
VEH000531,TSK005329,0
VEH000410,TSK005329,0
VEH000324,TSK005329,0
VEH000095,TSK005329,0
VEH000077,TSK005329,0
VEH000227,TSK005329,1
VEH000308,TSK005329,0
VEH000003,TSK005329,0
VEH000049,TSK005329,1
VEH000015,TSK005329,1
VEH000272,TSK005329,1
VEH000510,TSK005329,0
VEH000483,TSK005329,0
VEH000089,TSK005346,0
VEH000033,TSK005346,1
VEH000330,TSK005346,1
VEH000261,TSK005346,1
VEH000025,TSK005346,0
VEH000482,TSK005346,1
VEH000523,TSK005346,0
VEH000019,TSK005346,1
VEH000240,TSK005346,1
VEH000083,TSK005346,1
VEH000433,TSK005346,1
VEH000329,TSK005346,1
VEH000450,TSK005346,0
VEH000422,TSK005346,0
VEH000267,TSK005346,0
VEH000296,TSK005346,1
VEH000467,TSK005346,1
VEH000098,TSK005346,1
VEH000074,TSK005346,0
VEH000320,TSK005346,0
VEH000309,TSK005346,0
VEH000067,TSK005346,0
VEH000218,TSK005346,1
VEH000459,TSK005346,1
VEH000101,TSK005346,1
VEH000024,TSK005346,0
VEH000265,TSK005346,1
VEH000006,TSK005346,0
VEH000484,TSK005346,0
VEH000379,TSK005346,0
VEH000358,TSK005346,1
VEH000275,TSK005346,1
VEH000337,TSK005346,0
VEH000532,TSK005346,0
VEH000332,TSK005346,0
VEH000527,TSK005346,1
VEH000078,TSK005346,0
VEH000304,TSK005346,1
VEH000047,TSK005346,0
VEH000287,TSK005346,1
VEH000327,TSK005346,0
VEH000508,TSK005346,0
VEH000057,TSK005346,0
VEH000505,TSK005346,1
VEH000416,TSK005346,0
VEH000035,TSK005346,0
VEH000353,TSK005346,1
VEH000406,TSK005346,1
VEH000050,TSK005346,0
VEH000070,TSK005346,1
VEH000478,TSK005346,0
VEH000514,TSK005346,0
VEH000359,TSK005346,0
VEH000096,TSK005346,1
VEH000229,TSK005346,1
VEH000529,TSK005346,1
VEH000321,TSK005346,0
VEH000037,TSK005346,0
VEH000082,TSK005346,0
VEH000280,TSK005346,0
VEH000388,TSK005346,1
VEH000366,TSK005346,0
VEH000525,TSK005346,1
VEH000281,TSK005346,0
VEH000065,TSK005346,1
VEH000424,TSK005346,1
VEH000246,TSK005346,1
VEH000063,TSK005346,1
VEH000092,TSK005346,1
VEH000251,TSK005346,0
VEH000455,TSK005346,1
VEH000313,TSK005346,0
VEH000053,TSK005346,1
VEH000220,TSK005346,1
VEH000298,TSK005346,1
VEH000040,TSK005346,0
VEH000519,TSK005346,1
VEH000344,TSK005346,1
VEH000312,TSK005346,1
VEH000431,TSK005346,0
VEH000072,TSK005346,1
VEH000093,TSK005346,1
VEH000225,TSK005346,0
VEH000269,TSK005346,1
VEH000401,TSK005346,0
VEH000060,TSK005346,0
VEH000414,TSK005346,0
VEH000531,TSK005346,1
VEH000410,TSK005346,0
VEH000324,TSK005346,0
VEH000095,TSK005346,0
VEH000077,TSK005346,0
VEH000227,TSK005346,0
VEH000308,TSK005346,0
VEH000003,TSK005346,0
VEH000049,TSK005346,1
VEH000015,TSK005346,1
VEH000272,TSK005346,0
VEH000510,TSK005346,1
VEH000483,TSK005346,1
VEH000089,TSK005362,0
VEH000033,TSK005362,0
VEH000330,TSK005362,1
VEH000261,TSK005362,0
VEH000025,TSK005362,0
VEH000482,TSK005362,0
VEH000523,TSK005362,1
VEH000019,TSK005362,0
VEH000240,TSK005362,1
VEH000083,TSK005362,1
VEH000433,TSK005362,1
VEH000329,TSK005362,0
VEH000450,TSK005362,0
VEH000422,TSK005362,1
VEH000267,TSK005362,0
VEH000296,TSK005362,1
VEH000467,TSK005362,1
VEH000098,TSK005362,1
VEH000074,TSK005362,1
VEH000320,TSK005362,1
VEH000309,TSK005362,0
VEH000067,TSK005362,0
VEH000218,TSK005362,0
VEH000459,TSK005362,1
VEH000101,TSK005362,1
VEH000024,TSK005362,0
VEH000265,TSK005362,0
VEH000006,TSK005362,1
VEH000484,TSK005362,1
VEH000379,TSK005362,1
VEH000358,TSK005362,1
VEH000275,TSK005362,1
VEH000337,TSK005362,0
VEH000532,TSK005362,1
VEH000332,TSK005362,0
VEH000527,TSK005362,0
VEH000078,TSK005362,1
VEH000304,TSK005362,0
VEH000047,TSK005362,0
VEH000287,TSK005362,1
VEH000327,TSK005362,0
VEH000508,TSK005362,0
VEH000057,TSK005362,1
VEH000505,TSK005362,1
VEH000416,TSK005362,1
VEH000035,TSK005362,1
VEH000353,TSK005362,1
VEH000406,TSK005362,0
VEH000050,TSK005362,1
VEH000070,TSK005362,0
VEH000478,TSK005362,0
VEH000514,TSK005362,0
VEH000359,TSK005362,0
VEH000096,TSK005362,1
VEH000229,TSK005362,0
VEH000529,TSK005362,0
VEH000321,TSK005362,0
VEH000037,TSK005362,1
VEH000082,TSK005362,0
VEH000280,TSK005362,0
VEH000388,TSK005362,0
VEH000366,TSK005362,1
VEH000525,TSK005362,1
VEH000281,TSK005362,1
VEH000065,TSK005362,0
VEH000424,TSK005362,1
VEH000246,TSK005362,0
VEH000063,TSK005362,1
VEH000092,TSK005362,1
VEH000251,TSK005362,0
VEH000455,TSK005362,1
VEH000313,TSK005362,1
VEH000053,TSK005362,1
VEH000220,TSK005362,1
VEH000298,TSK005362,0
VEH000040,TSK005362,1
VEH000519,TSK005362,0
VEH000344,TSK005362,1
VEH000312,TSK005362,1
VEH000431,TSK005362,1
VEH000072,TSK005362,0
VEH000093,TSK005362,0
VEH000225,TSK005362,1
VEH000269,TSK005362,0
VEH000401,TSK005362,0
VEH000060,TSK005362,0
VEH000414,TSK005362,1
VEH000531,TSK005362,0
VEH000410,TSK005362,1
VEH000324,TSK005362,0
VEH000095,TSK005362,0
VEH000077,TSK005362,1
VEH000227,TSK005362,0
VEH000308,TSK005362,0
VEH000003,TSK005362,0
VEH000049,TSK005362,1
VEH000015,TSK005362,0
VEH000272,TSK005362,0
VEH000510,TSK005362,1
VEH000483,TSK005362,1
VEH000089,TSK005376,0
VEH000033,TSK005376,1
VEH000330,TSK005376,0
VEH000261,TSK005376,1
VEH000025,TSK005376,1
VEH000482,TSK005376,0
VEH000523,TSK005376,0
VEH000019,TSK005376,1
VEH000240,TSK005376,1
VEH000083,TSK005376,0
VEH000433,TSK005376,0
VEH000329,TSK005376,0
VEH000450,TSK005376,0
VEH000422,TSK005376,1
VEH000267,TSK005376,0
VEH000296,TSK005376,1
VEH000467,TSK005376,1
VEH000098,TSK005376,1
VEH000074,TSK005376,0
VEH000320,TSK005376,1
VEH000309,TSK005376,0
VEH000067,TSK005376,0
VEH000218,TSK005376,1
VEH000459,TSK005376,1
VEH000101,TSK005376,0
VEH000024,TSK005376,1
VEH000265,TSK005376,1
VEH000006,TSK005376,0
VEH000484,TSK005376,1
VEH000379,TSK005376,0
VEH000358,TSK005376,0
VEH000275,TSK005376,0
VEH000337,TSK005376,0
VEH000532,TSK005376,0
VEH000332,TSK005376,0
VEH000527,TSK005376,0
VEH000078,TSK005376,1
VEH000304,TSK005376,0
VEH000047,TSK005376,0
VEH000287,TSK005376,1
VEH000327,TSK005376,1
VEH000508,TSK005376,0
VEH000057,TSK005376,1
VEH000505,TSK005376,1
VEH000416,TSK005376,0
VEH000035,TSK005376,1
VEH000353,TSK005376,0
VEH000406,TSK005376,0
VEH000050,TSK005376,0
VEH000070,TSK005376,0
VEH000478,TSK005376,1
VEH000514,TSK005376,1
VEH000359,TSK005376,0
VEH000096,TSK005376,0
VEH000229,TSK005376,1
VEH000529,TSK005376,1
VEH000321,TSK005376,0
VEH000037,TSK005376,1
VEH000082,TSK005376,1
VEH000280,TSK005376,1
VEH000388,TSK005376,1
VEH000366,TSK005376,0
VEH000525,TSK005376,0
VEH000281,TSK005376,0
VEH000065,TSK005376,1
VEH000424,TSK005376,0
VEH000246,TSK005376,1
VEH000063,TSK005376,1
VEH000092,TSK005376,1
VEH000251,TSK005376,1
VEH000455,TSK005376,1
VEH000313,TSK005376,0
VEH000053,TSK005376,0
VEH000220,TSK005376,1
VEH000298,TSK005376,1
VEH000040,TSK005376,0
VEH000519,TSK005376,1
VEH000344,TSK005376,0
VEH000312,TSK005376,1
VEH000431,TSK005376,1
VEH000072,TSK005376,1
VEH000093,TSK005376,1
VEH000225,TSK005376,0
VEH000269,TSK005376,1
VEH000401,TSK005376,0
VEH000060,TSK005376,1
VEH000414,TSK005376,0
VEH000531,TSK005376,1
VEH000410,TSK005376,1
VEH000324,TSK005376,0
VEH000095,TSK005376,1
VEH000077,TSK005376,0
VEH000227,TSK005376,1
VEH000308,TSK005376,0
VEH000003,TSK005376,0
VEH000049,TSK005376,1
VEH000015,TSK005376,1
VEH000272,TSK005376,0
VEH000510,TSK005376,0
VEH000483,TSK005376,0
VEH000089,TSK005417,0
VEH000033,TSK005417,1
VEH000330,TSK005417,1
VEH000261,TSK005417,0
VEH000025,TSK005417,0
VEH000482,TSK005417,0
VEH000523,TSK005417,0
VEH000019,TSK005417,0
VEH000240,TSK005417,1
VEH000083,TSK005417,1
VEH000433,TSK005417,1
VEH000329,TSK005417,0
VEH000450,TSK005417,1
VEH000422,TSK005417,1
VEH000267,TSK005417,1
VEH000296,TSK005417,1
VEH000467,TSK005417,0
VEH000098,TSK005417,0
VEH000074,TSK005417,1
VEH000320,TSK005417,0
VEH000309,TSK005417,1
VEH000067,TSK005417,0
VEH000218,TSK005417,0
VEH000459,TSK005417,0
VEH000101,TSK005417,0
VEH000024,TSK005417,1
VEH000265,TSK005417,1
VEH000006,TSK005417,0
VEH000484,TSK005417,0
VEH000379,TSK005417,0
VEH000358,TSK005417,0
VEH000275,TSK005417,1
VEH000337,TSK005417,1
VEH000532,TSK005417,1
VEH000332,TSK005417,1
VEH000527,TSK005417,1
VEH000078,TSK005417,1
VEH000304,TSK005417,0
VEH000047,TSK005417,1
VEH000287,TSK005417,1
VEH000327,TSK005417,1
VEH000508,TSK005417,0
VEH000057,TSK005417,0
VEH000505,TSK005417,0
VEH000416,TSK005417,0
VEH000035,TSK005417,1
VEH000353,TSK005417,1
VEH000406,TSK005417,1
VEH000050,TSK005417,1
VEH000070,TSK005417,1
VEH000478,TSK005417,0
VEH000514,TSK005417,1
VEH000359,TSK005417,0
VEH000096,TSK005417,0
VEH000229,TSK005417,0
VEH000529,TSK005417,1
VEH000321,TSK005417,0
VEH000037,TSK005417,0
VEH000082,TSK005417,0
VEH000280,TSK005417,1
VEH000388,TSK005417,1
VEH000366,TSK005417,1
VEH000525,TSK005417,0
VEH000281,TSK005417,0
VEH000065,TSK005417,1
VEH000424,TSK005417,1
VEH000246,TSK005417,0
VEH000063,TSK005417,0
VEH000092,TSK005417,1
VEH000251,TSK005417,1
VEH000455,TSK005417,0
VEH000313,TSK005417,1
VEH000053,TSK005417,0
VEH000220,TSK005417,1
VEH000298,TSK005417,1
VEH000040,TSK005417,0
VEH000519,TSK005417,1
VEH000344,TSK005417,1
VEH000312,TSK005417,0
VEH000431,TSK005417,0
VEH000072,TSK005417,1
VEH000093,TSK005417,0
VEH000225,TSK005417,0
VEH000269,TSK005417,1
VEH000401,TSK005417,0
VEH000060,TSK005417,0
VEH000414,TSK005417,1
VEH000531,TSK005417,1
VEH000410,TSK005417,0
VEH000324,TSK005417,1
VEH000095,TSK005417,0
VEH000077,TSK005417,1
VEH000227,TSK005417,1
VEH000308,TSK005417,0
VEH000003,TSK005417,0
VEH000049,TSK005417,1
VEH000015,TSK005417,0
VEH000272,TSK005417,1
VEH000510,TSK005417,0
VEH000483,TSK005417,0
VEH000089,TSK005460,0
VEH000033,TSK005460,0
VEH000330,TSK005460,1
VEH000261,TSK005460,1
VEH000025,TSK005460,1
VEH000482,TSK005460,0
VEH000523,TSK005460,1
VEH000019,TSK005460,1
VEH000240,TSK005460,1
VEH000083,TSK005460,0
VEH000433,TSK005460,1
VEH000329,TSK005460,1
VEH000450,TSK005460,1
VEH000422,TSK005460,1
VEH000267,TSK005460,1
VEH000296,TSK005460,1
VEH000467,TSK005460,0
VEH000098,TSK005460,1
VEH000074,TSK005460,1
VEH000320,TSK005460,1
VEH000309,TSK005460,0
VEH000067,TSK005460,1
VEH000218,TSK005460,0
VEH000459,TSK005460,1
VEH000101,TSK005460,0
VEH000024,TSK005460,0
VEH000265,TSK005460,1
VEH000006,TSK005460,0
VEH000484,TSK005460,1
VEH000379,TSK005460,0
VEH000358,TSK005460,0
VEH000275,TSK005460,0
VEH000337,TSK005460,0
VEH000532,TSK005460,1
VEH000332,TSK005460,0
VEH000527,TSK005460,0
VEH000078,TSK005460,0
VEH000304,TSK005460,1
VEH000047,TSK005460,1
VEH000287,TSK005460,0
VEH000327,TSK005460,0
VEH000508,TSK005460,1
VEH000057,TSK005460,0
VEH000505,TSK005460,0
VEH000416,TSK005460,1
VEH000035,TSK005460,1
VEH000353,TSK005460,1
VEH000406,TSK005460,1
VEH000050,TSK005460,0
VEH000070,TSK005460,0
VEH000478,TSK005460,0
VEH000514,TSK005460,1
VEH000359,TSK005460,0
VEH000096,TSK005460,1
VEH000229,TSK005460,1
VEH000529,TSK005460,1
VEH000321,TSK005460,0
VEH000037,TSK005460,1
VEH000082,TSK005460,1
VEH000280,TSK005460,1
VEH000388,TSK005460,1
VEH000366,TSK005460,0
VEH000525,TSK005460,0
VEH000281,TSK005460,1
VEH000065,TSK005460,1
VEH000424,TSK005460,0
VEH000246,TSK005460,1
VEH000063,TSK005460,0
VEH000092,TSK005460,0
VEH000251,TSK005460,1
VEH000455,TSK005460,1
VEH000313,TSK005460,1
VEH000053,TSK005460,0
VEH000220,TSK005460,1
VEH000298,TSK005460,0
VEH000040,TSK005460,1
VEH000519,TSK005460,0
VEH000344,TSK005460,0
VEH000312,TSK005460,0
VEH000431,TSK005460,1
VEH000072,TSK005460,0
VEH000093,TSK005460,1
VEH000225,TSK005460,0
VEH000269,TSK005460,0
VEH000401,TSK005460,0
VEH000060,TSK005460,0
VEH000414,TSK005460,1
VEH000531,TSK005460,1
VEH000410,TSK005460,0
VEH000324,TSK005460,1
VEH000095,TSK005460,0
VEH000077,TSK005460,0
VEH000227,TSK005460,0
VEH000308,TSK005460,0
VEH000003,TSK005460,0
VEH000049,TSK005460,0
VEH000015,TSK005460,0
VEH000272,TSK005460,1
VEH000510,TSK005460,0
VEH000483,TSK005460,1
VEH000089,TSK005513,1
VEH000033,TSK005513,1
VEH000330,TSK005513,1
VEH000261,TSK005513,0
VEH000025,TSK005513,1
VEH000482,TSK005513,0
VEH000523,TSK005513,0
VEH000019,TSK005513,1
VEH000240,TSK005513,1
VEH000083,TSK005513,0
VEH000433,TSK005513,1
VEH000329,TSK005513,0
VEH000450,TSK005513,1
VEH000422,TSK005513,1
VEH000267,TSK005513,0
VEH000296,TSK005513,1
VEH000467,TSK005513,0
VEH000098,TSK005513,1
VEH000074,TSK005513,0
VEH000320,TSK005513,0
VEH000309,TSK005513,0
VEH000067,TSK005513,0
VEH000218,TSK005513,1
VEH000459,TSK005513,1
VEH000101,TSK005513,1
VEH000024,TSK005513,1
VEH000265,TSK005513,0
VEH000006,TSK005513,1
VEH000484,TSK005513,0
VEH000379,TSK005513,0
VEH000358,TSK005513,1
VEH000275,TSK005513,0
VEH000337,TSK005513,0
VEH000532,TSK005513,0
VEH000332,TSK005513,0
VEH000527,TSK005513,0
VEH000078,TSK005513,1
VEH000304,TSK005513,0
VEH000047,TSK005513,0
VEH000287,TSK005513,0
VEH000327,TSK005513,1
VEH000508,TSK005513,0
VEH000057,TSK005513,1
VEH000505,TSK005513,0
VEH000416,TSK005513,0
VEH000035,TSK005513,1
VEH000353,TSK005513,1
VEH000406,TSK005513,0
VEH000050,TSK005513,0
VEH000070,TSK005513,0
VEH000478,TSK005513,0
VEH000514,TSK005513,1
VEH000359,TSK005513,0
VEH000096,TSK005513,1
VEH000229,TSK005513,1
VEH000529,TSK005513,0
VEH000321,TSK005513,0
VEH000037,TSK005513,1
VEH000082,TSK005513,0
VEH000280,TSK005513,1
VEH000388,TSK005513,1
VEH000366,TSK005513,0
VEH000525,TSK005513,1
VEH000281,TSK005513,0
VEH000065,TSK005513,0
VEH000424,TSK005513,1
VEH000246,TSK005513,0
VEH000063,TSK005513,1
VEH000092,TSK005513,1
VEH000251,TSK005513,0
VEH000455,TSK005513,0
VEH000313,TSK005513,1
VEH000053,TSK005513,0
VEH000220,TSK005513,0
VEH000298,TSK005513,1
VEH000040,TSK005513,1
VEH000519,TSK005513,0
VEH000344,TSK005513,1
VEH000312,TSK005513,1
VEH000431,TSK005513,1
VEH000072,TSK005513,0
VEH000093,TSK005513,1
VEH000225,TSK005513,1
VEH000269,TSK005513,0
VEH000401,TSK005513,1
VEH000060,TSK005513,1
VEH000414,TSK005513,1
VEH000531,TSK005513,1
VEH000410,TSK005513,1
VEH000324,TSK005513,1
VEH000095,TSK005513,0
VEH000077,TSK005513,0
VEH000227,TSK005513,0
VEH000308,TSK005513,1
VEH000003,TSK005513,1
VEH000049,TSK005513,1
VEH000015,TSK005513,1
VEH000272,TSK005513,0
VEH000510,TSK005513,0
VEH000483,TSK005513,0
VEH000089,TSK005518,0
VEH000033,TSK005518,0
VEH000330,TSK005518,0
VEH000261,TSK005518,0
VEH000025,TSK005518,0
VEH000482,TSK005518,1
VEH000523,TSK005518,0
VEH000019,TSK005518,0
VEH000240,TSK005518,0
VEH000083,TSK005518,1
VEH000433,TSK005518,1
VEH000329,TSK005518,0
VEH000450,TSK005518,1
VEH000422,TSK005518,0
VEH000267,TSK005518,1
VEH000296,TSK005518,0
VEH000467,TSK005518,0
VEH000098,TSK005518,0
VEH000074,TSK005518,0
VEH000320,TSK005518,1
VEH000309,TSK005518,1
VEH000067,TSK005518,1
VEH000218,TSK005518,1
VEH000459,TSK005518,1
VEH000101,TSK005518,1
VEH000024,TSK005518,1
VEH000265,TSK005518,1
VEH000006,TSK005518,1
VEH000484,TSK005518,1
VEH000379,TSK005518,0
VEH000358,TSK005518,1
VEH000275,TSK005518,1
VEH000337,TSK005518,0
VEH000532,TSK005518,1
VEH000332,TSK005518,0
VEH000527,TSK005518,1
VEH000078,TSK005518,0
VEH000304,TSK005518,1
VEH000047,TSK005518,0
VEH000287,TSK005518,1
VEH000327,TSK005518,1
VEH000508,TSK005518,0
VEH000057,TSK005518,0
VEH000505,TSK005518,1
VEH000416,TSK005518,1
VEH000035,TSK005518,0
VEH000353,TSK005518,0
VEH000406,TSK005518,0
VEH000050,TSK005518,0
VEH000070,TSK005518,0
VEH000478,TSK005518,1
VEH000514,TSK005518,1
VEH000359,TSK005518,1
VEH000096,TSK005518,1
VEH000229,TSK005518,0
VEH000529,TSK005518,1
VEH000321,TSK005518,1
VEH000037,TSK005518,0
VEH000082,TSK005518,0
VEH000280,TSK005518,0
VEH000388,TSK005518,0
VEH000366,TSK005518,0
VEH000525,TSK005518,0
VEH000281,TSK005518,1
VEH000065,TSK005518,1
VEH000424,TSK005518,1
VEH000246,TSK005518,0
VEH000063,TSK005518,1
VEH000092,TSK005518,1
VEH000251,TSK005518,0
VEH000455,TSK005518,0
VEH000313,TSK005518,0
VEH000053,TSK005518,1
VEH000220,TSK005518,1
VEH000298,TSK005518,0
VEH000040,TSK005518,0
VEH000519,TSK005518,0
VEH000344,TSK005518,1
VEH000312,TSK005518,1
VEH000431,TSK005518,0
VEH000072,TSK005518,0
VEH000093,TSK005518,0
VEH000225,TSK005518,1
VEH000269,TSK005518,1
VEH000401,TSK005518,1
VEH000060,TSK005518,1
VEH000414,TSK005518,1
VEH000531,TSK005518,1
VEH000410,TSK005518,1
VEH000324,TSK005518,1
VEH000095,TSK005518,0
VEH000077,TSK005518,1
VEH000227,TSK005518,0
VEH000308,TSK005518,1
VEH000003,TSK005518,0
VEH000049,TSK005518,0
VEH000015,TSK005518,0
VEH000272,TSK005518,0
VEH000510,TSK005518,0
VEH000483,TSK005518,1
VEH000089,TSK005521,1
VEH000033,TSK005521,1
VEH000330,TSK005521,0
VEH000261,TSK005521,1
VEH000025,TSK005521,0
VEH000482,TSK005521,1
VEH000523,TSK005521,0
VEH000019,TSK005521,1
VEH000240,TSK005521,0
VEH000083,TSK005521,0
VEH000433,TSK005521,0
VEH000329,TSK005521,1
VEH000450,TSK005521,0
VEH000422,TSK005521,1
VEH000267,TSK005521,0
VEH000296,TSK005521,1
VEH000467,TSK005521,0
VEH000098,TSK005521,0
VEH000074,TSK005521,0
VEH000320,TSK005521,0
VEH000309,TSK005521,1
VEH000067,TSK005521,0
VEH000218,TSK005521,1
VEH000459,TSK005521,0
VEH000101,TSK005521,1
VEH000024,TSK005521,0
VEH000265,TSK005521,0
VEH000006,TSK005521,0
VEH000484,TSK005521,0
VEH000379,TSK005521,0
VEH000358,TSK005521,0
VEH000275,TSK005521,1
VEH000337,TSK005521,1
VEH000532,TSK005521,1
VEH000332,TSK005521,1
VEH000527,TSK005521,0
VEH000078,TSK005521,0
VEH000304,TSK005521,0
VEH000047,TSK005521,0
VEH000287,TSK005521,1
VEH000327,TSK005521,0
VEH000508,TSK005521,1
VEH000057,TSK005521,0
VEH000505,TSK005521,0
VEH000416,TSK005521,1
VEH000035,TSK005521,0
VEH000353,TSK005521,1
VEH000406,TSK005521,0
VEH000050,TSK005521,1
VEH000070,TSK005521,1
VEH000478,TSK005521,1
VEH000514,TSK005521,1
VEH000359,TSK005521,1
VEH000096,TSK005521,0
VEH000229,TSK005521,1
VEH000529,TSK005521,1
VEH000321,TSK005521,1
VEH000037,TSK005521,0
VEH000082,TSK005521,1
VEH000280,TSK005521,1
VEH000388,TSK005521,0
VEH000366,TSK005521,0
VEH000525,TSK005521,1
VEH000281,TSK005521,0
VEH000065,TSK005521,0
VEH000424,TSK005521,1
VEH000246,TSK005521,0
VEH000063,TSK005521,1
VEH000092,TSK005521,1
VEH000251,TSK005521,1
VEH000455,TSK005521,0
VEH000313,TSK005521,1
VEH000053,TSK005521,1
VEH000220,TSK005521,0
VEH000298,TSK005521,1
VEH000040,TSK005521,0
VEH000519,TSK005521,0
VEH000344,TSK005521,0
VEH000312,TSK005521,1
VEH000431,TSK005521,0
VEH000072,TSK005521,1
VEH000093,TSK005521,0
VEH000225,TSK005521,1
VEH000269,TSK005521,0
VEH000401,TSK005521,0
VEH000060,TSK005521,1
VEH000414,TSK005521,1
VEH000531,TSK005521,0
VEH000410,TSK005521,1
VEH000324,TSK005521,1
VEH000095,TSK005521,1
VEH000077,TSK005521,0
VEH000227,TSK005521,0
VEH000308,TSK005521,1
VEH000003,TSK005521,1
VEH000049,TSK005521,1
VEH000015,TSK005521,1
VEH000272,TSK005521,0
VEH000510,TSK005521,1
VEH000483,TSK005521,0
VEH000089,TSK005558,1
VEH000033,TSK005558,1
VEH000330,TSK005558,1
VEH000261,TSK005558,0
VEH000025,TSK005558,0
VEH000482,TSK005558,0
VEH000523,TSK005558,1
VEH000019,TSK005558,1
VEH000240,TSK005558,0
VEH000083,TSK005558,0
VEH000433,TSK005558,0
VEH000329,TSK005558,1
VEH000450,TSK005558,0
VEH000422,TSK005558,1
VEH000267,TSK005558,1
VEH000296,TSK005558,0
VEH000467,TSK005558,1
VEH000098,TSK005558,0
VEH000074,TSK005558,0
VEH000320,TSK005558,0
VEH000309,TSK005558,0
VEH000067,TSK005558,0
VEH000218,TSK005558,0
VEH000459,TSK005558,1
VEH000101,TSK005558,1
VEH000024,TSK005558,0
VEH000265,TSK005558,0
VEH000006,TSK005558,1
VEH000484,TSK005558,1
VEH000379,TSK005558,1
VEH000358,TSK005558,1
VEH000275,TSK005558,0
VEH000337,TSK005558,1
VEH000532,TSK005558,0
VEH000332,TSK005558,1
VEH000527,TSK005558,1
VEH000078,TSK005558,1
VEH000304,TSK005558,0
VEH000047,TSK005558,1
VEH000287,TSK005558,1
VEH000327,TSK005558,0
VEH000508,TSK005558,1
VEH000057,TSK005558,1
VEH000505,TSK005558,1
VEH000416,TSK005558,1
VEH000035,TSK005558,0
VEH000353,TSK005558,0
VEH000406,TSK005558,1
VEH000050,TSK005558,1
VEH000070,TSK005558,1
VEH000478,TSK005558,1
VEH000514,TSK005558,0
VEH000359,TSK005558,1
VEH000096,TSK005558,0
VEH000229,TSK005558,0
VEH000529,TSK005558,1
VEH000321,TSK005558,0
VEH000037,TSK005558,0
VEH000082,TSK005558,1
VEH000280,TSK005558,1
VEH000388,TSK005558,0
VEH000366,TSK005558,1
VEH000525,TSK005558,1
VEH000281,TSK005558,1
VEH000065,TSK005558,0
VEH000424,TSK005558,0
VEH000246,TSK005558,0
VEH000063,TSK005558,1
VEH000092,TSK005558,1
VEH000251,TSK005558,0
VEH000455,TSK005558,0
VEH000313,TSK005558,1
VEH000053,TSK005558,0
VEH000220,TSK005558,1
VEH000298,TSK005558,0
VEH000040,TSK005558,1
VEH000519,TSK005558,0
VEH000344,TSK005558,1
VEH000312,TSK005558,0
VEH000431,TSK005558,0
VEH000072,TSK005558,0
VEH000093,TSK005558,0
VEH000225,TSK005558,0
VEH000269,TSK005558,0
VEH000401,TSK005558,1
VEH000060,TSK005558,0
VEH000414,TSK005558,0
VEH000531,TSK005558,0
VEH000410,TSK005558,0
VEH000324,TSK005558,0
VEH000095,TSK005558,1
VEH000077,TSK005558,1
VEH000227,TSK005558,1
VEH000308,TSK005558,0
VEH000003,TSK005558,0
VEH000049,TSK005558,1
VEH000015,TSK005558,1
VEH000272,TSK005558,1
VEH000510,TSK005558,1
VEH000483,TSK005558,0
VEH000089,TSK005678,1
VEH000033,TSK005678,0
VEH000330,TSK005678,1
VEH000261,TSK005678,1
VEH000025,TSK005678,1
VEH000482,TSK005678,0
VEH000523,TSK005678,0
VEH000019,TSK005678,0
VEH000240,TSK005678,0
VEH000083,TSK005678,0
VEH000433,TSK005678,0
VEH000329,TSK005678,1
VEH000450,TSK005678,1
VEH000422,TSK005678,0
VEH000267,TSK005678,1
VEH000296,TSK005678,0
VEH000467,TSK005678,0
VEH000098,TSK005678,0
VEH000074,TSK005678,0
VEH000320,TSK005678,1
VEH000309,TSK005678,1
VEH000067,TSK005678,1
VEH000218,TSK005678,0
VEH000459,TSK005678,0
VEH000101,TSK005678,1
VEH000024,TSK005678,1
VEH000265,TSK005678,1
VEH000006,TSK005678,1
VEH000484,TSK005678,0
VEH000379,TSK005678,1
VEH000358,TSK005678,0
VEH000275,TSK005678,1
VEH000337,TSK005678,0
VEH000532,TSK005678,0
VEH000332,TSK005678,0
VEH000527,TSK005678,0
VEH000078,TSK005678,1
VEH000304,TSK005678,0
VEH000047,TSK005678,1
VEH000287,TSK005678,0
VEH000327,TSK005678,0
VEH000508,TSK005678,1
VEH000057,TSK005678,1
VEH000505,TSK005678,1
VEH000416,TSK005678,1
VEH000035,TSK005678,1
VEH000353,TSK005678,0
VEH000406,TSK005678,1
VEH000050,TSK005678,1
VEH000070,TSK005678,0
VEH000478,TSK005678,1
VEH000514,TSK005678,1
VEH000359,TSK005678,0
VEH000096,TSK005678,0
VEH000229,TSK005678,1
VEH000529,TSK005678,0
VEH000321,TSK005678,0
VEH000037,TSK005678,1
VEH000082,TSK005678,0
VEH000280,TSK005678,1
VEH000388,TSK005678,0
VEH000366,TSK005678,1
VEH000525,TSK005678,1
VEH000281,TSK005678,0
VEH000065,TSK005678,0
VEH000424,TSK005678,1
VEH000246,TSK005678,0
VEH000063,TSK005678,0
VEH000092,TSK005678,0
VEH000251,TSK005678,1
VEH000455,TSK005678,1
VEH000313,TSK005678,1
VEH000053,TSK005678,0
VEH000220,TSK005678,0
VEH000298,TSK005678,1
VEH000040,TSK005678,1
VEH000519,TSK005678,0
VEH000344,TSK005678,1
VEH000312,TSK005678,0
VEH000431,TSK005678,1
VEH000072,TSK005678,0
VEH000093,TSK005678,1
VEH000225,TSK005678,1
VEH000269,TSK005678,1
VEH000401,TSK005678,0
VEH000060,TSK005678,0
VEH000414,TSK005678,0
VEH000531,TSK005678,1
VEH000410,TSK005678,0
VEH000324,TSK005678,0
VEH000095,TSK005678,1
VEH000077,TSK005678,1
VEH000227,TSK005678,1
VEH000308,TSK005678,0
VEH000003,TSK005678,1
VEH000049,TSK005678,0
VEH000015,TSK005678,1
VEH000272,TSK005678,0
VEH000510,TSK005678,1
VEH000483,TSK005678,0
VEH000089,TSK005737,1
VEH000033,TSK005737,0
VEH000330,TSK005737,0
VEH000261,TSK005737,0
VEH000025,TSK005737,0
VEH000482,TSK005737,1
VEH000523,TSK005737,0
VEH000019,TSK005737,1
VEH000240,TSK005737,0
VEH000083,TSK005737,1
VEH000433,TSK005737,0
VEH000329,TSK005737,0
VEH000450,TSK005737,0
VEH000422,TSK005737,1
VEH000267,TSK005737,1
VEH000296,TSK005737,0
VEH000467,TSK005737,0
VEH000098,TSK005737,0
VEH000074,TSK005737,1
VEH000320,TSK005737,0
VEH000309,TSK005737,0
VEH000067,TSK005737,0
VEH000218,TSK005737,0
VEH000459,TSK005737,0
VEH000101,TSK005737,1
VEH000024,TSK005737,0
VEH000265,TSK005737,0
VEH000006,TSK005737,1
VEH000484,TSK005737,0
VEH000379,TSK005737,1
VEH000358,TSK005737,1
VEH000275,TSK005737,1
VEH000337,TSK005737,0
VEH000532,TSK005737,1
VEH000332,TSK005737,1
VEH000527,TSK005737,1
VEH000078,TSK005737,1
VEH000304,TSK005737,1
VEH000047,TSK005737,0
VEH000287,TSK005737,1
VEH000327,TSK005737,1
VEH000508,TSK005737,1
VEH000057,TSK005737,0
VEH000505,TSK005737,1
VEH000416,TSK005737,0
VEH000035,TSK005737,1
VEH000353,TSK005737,0
VEH000406,TSK005737,0
VEH000050,TSK005737,0
VEH000070,TSK005737,0
VEH000478,TSK005737,0
VEH000514,TSK005737,0
VEH000359,TSK005737,1
VEH000096,TSK005737,1
VEH000229,TSK005737,0
VEH000529,TSK005737,1
VEH000321,TSK005737,0
VEH000037,TSK005737,0
VEH000082,TSK005737,1
VEH000280,TSK005737,0
VEH000388,TSK005737,0
VEH000366,TSK005737,1
VEH000525,TSK005737,1
VEH000281,TSK005737,1
VEH000065,TSK005737,1
VEH000424,TSK005737,1
VEH000246,TSK005737,0
VEH000063,TSK005737,1
VEH000092,TSK005737,0
VEH000251,TSK005737,0
VEH000455,TSK005737,1
VEH000313,TSK005737,1
VEH000053,TSK005737,1
VEH000220,TSK005737,1
VEH000298,TSK005737,1
VEH000040,TSK005737,0
VEH000519,TSK005737,0
VEH000344,TSK005737,0
VEH000312,TSK005737,1
VEH000431,TSK005737,0
VEH000072,TSK005737,1
VEH000093,TSK005737,0
VEH000225,TSK005737,0
VEH000269,TSK005737,1
VEH000401,TSK005737,0
VEH000060,TSK005737,0
VEH000414,TSK005737,1
VEH000531,TSK005737,1
VEH000410,TSK005737,0
VEH000324,TSK005737,0
VEH000095,TSK005737,1
VEH000077,TSK005737,1
VEH000227,TSK005737,1
VEH000308,TSK005737,0
VEH000003,TSK005737,1
VEH000049,TSK005737,1
VEH000015,TSK005737,1
VEH000272,TSK005737,0
VEH000510,TSK005737,1
VEH000483,TSK005737,1
VEH000089,TSK005777,1
VEH000033,TSK005777,1
VEH000330,TSK005777,1
VEH000261,TSK005777,1
VEH000025,TSK005777,0
VEH000482,TSK005777,0
VEH000523,TSK005777,0
VEH000019,TSK005777,1
VEH000240,TSK005777,1
VEH000083,TSK005777,0
VEH000433,TSK005777,0
VEH000329,TSK005777,0
VEH000450,TSK005777,1
VEH000422,TSK005777,0
VEH000267,TSK005777,0
VEH000296,TSK005777,1
VEH000467,TSK005777,0
VEH000098,TSK005777,0
VEH000074,TSK005777,0
VEH000320,TSK005777,1
VEH000309,TSK005777,1
VEH000067,TSK005777,1
VEH000218,TSK005777,1
VEH000459,TSK005777,1
VEH000101,TSK005777,1
VEH000024,TSK005777,1
VEH000265,TSK005777,1
VEH000006,TSK005777,0
VEH000484,TSK005777,1
VEH000379,TSK005777,0
VEH000358,TSK005777,0
VEH000275,TSK005777,0
VEH000337,TSK005777,1
VEH000532,TSK005777,0
VEH000332,TSK005777,0
VEH000527,TSK005777,1
VEH000078,TSK005777,0
VEH000304,TSK005777,1
VEH000047,TSK005777,0
VEH000287,TSK005777,0
VEH000327,TSK005777,0
VEH000508,TSK005777,1
VEH000057,TSK005777,1
VEH000505,TSK005777,0
VEH000416,TSK005777,1
VEH000035,TSK005777,1
VEH000353,TSK005777,1
VEH000406,TSK005777,1
VEH000050,TSK005777,1
VEH000070,TSK005777,1
VEH000478,TSK005777,1
VEH000514,TSK005777,0
VEH000359,TSK005777,0
VEH000096,TSK005777,0
VEH000229,TSK005777,0
VEH000529,TSK005777,1
VEH000321,TSK005777,0
VEH000037,TSK005777,0
VEH000082,TSK005777,0
VEH000280,TSK005777,0
VEH000388,TSK005777,0
VEH000366,TSK005777,1
VEH000525,TSK005777,0
VEH000281,TSK005777,0
VEH000065,TSK005777,1
VEH000424,TSK005777,1
VEH000246,TSK005777,0
VEH000063,TSK005777,1
VEH000092,TSK005777,0
VEH000251,TSK005777,0
VEH000455,TSK005777,1
VEH000313,TSK005777,1
VEH000053,TSK005777,0
VEH000220,TSK005777,0
VEH000298,TSK005777,0
VEH000040,TSK005777,1
VEH000519,TSK005777,1
VEH000344,TSK005777,0
VEH000312,TSK005777,0
VEH000431,TSK005777,1
VEH000072,TSK005777,0
VEH000093,TSK005777,1
VEH000225,TSK005777,1
VEH000269,TSK005777,0
VEH000401,TSK005777,0
VEH000060,TSK005777,1
VEH000414,TSK005777,1
VEH000531,TSK005777,0
VEH000410,TSK005777,0
VEH000324,TSK005777,1
VEH000095,TSK005777,1
VEH000077,TSK005777,1
VEH000227,TSK005777,0
VEH000308,TSK005777,0
VEH000003,TSK005777,1
VEH000049,TSK005777,1
VEH000015,TSK005777,0
VEH000272,TSK005777,1
VEH000510,TSK005777,0
VEH000483,TSK005777,1
VEH000089,TSK005943,1
VEH000033,TSK005943,1
VEH000330,TSK005943,0
VEH000261,TSK005943,1
VEH000025,TSK005943,1
VEH000482,TSK005943,1
VEH000523,TSK005943,0
VEH000019,TSK005943,0
VEH000240,TSK005943,1
VEH000083,TSK005943,0
VEH000433,TSK005943,0
VEH000329,TSK005943,0
VEH000450,TSK005943,0
VEH000422,TSK005943,0
VEH000267,TSK005943,0
VEH000296,TSK005943,0
VEH000467,TSK005943,0
VEH000098,TSK005943,1
VEH000074,TSK005943,1
VEH000320,TSK005943,0
VEH000309,TSK005943,0
VEH000067,TSK005943,0
VEH000218,TSK005943,1
VEH000459,TSK005943,1
VEH000101,TSK005943,1
VEH000024,TSK005943,0
VEH000265,TSK005943,1
VEH000006,TSK005943,1
VEH000484,TSK005943,0
VEH000379,TSK005943,1
VEH000358,TSK005943,0
VEH000275,TSK005943,1
VEH000337,TSK005943,1
VEH000532,TSK005943,1
VEH000332,TSK005943,1
VEH000527,TSK005943,1
VEH000078,TSK005943,0
VEH000304,TSK005943,1
VEH000047,TSK005943,1
VEH000287,TSK005943,1
VEH000327,TSK005943,1
VEH000508,TSK005943,1
VEH000057,TSK005943,0
VEH000505,TSK005943,0
VEH000416,TSK005943,0
VEH000035,TSK005943,1
VEH000353,TSK005943,0
VEH000406,TSK005943,1
VEH000050,TSK005943,0
VEH000070,TSK005943,1
VEH000478,TSK005943,0
VEH000514,TSK005943,0
VEH000359,TSK005943,1
VEH000096,TSK005943,0
VEH000229,TSK005943,1
VEH000529,TSK005943,1
VEH000321,TSK005943,0
VEH000037,TSK005943,1
VEH000082,TSK005943,0
VEH000280,TSK005943,1
VEH000388,TSK005943,0
VEH000366,TSK005943,1
VEH000525,TSK005943,1
VEH000281,TSK005943,0
VEH000065,TSK005943,0
VEH000424,TSK005943,0
VEH000246,TSK005943,1
VEH000063,TSK005943,1
VEH000092,TSK005943,1
VEH000251,TSK005943,1
VEH000455,TSK005943,0
VEH000313,TSK005943,0
VEH000053,TSK005943,0
VEH000220,TSK005943,0
VEH000298,TSK005943,1
VEH000040,TSK005943,1
VEH000519,TSK005943,1
VEH000344,TSK005943,1
VEH000312,TSK005943,1
VEH000431,TSK005943,0
VEH000072,TSK005943,0
VEH000093,TSK005943,1
VEH000225,TSK005943,0
VEH000269,TSK005943,0
VEH000401,TSK005943,1
VEH000060,TSK005943,0
VEH000414,TSK005943,0
VEH000531,TSK005943,0
VEH000410,TSK005943,0
VEH000324,TSK005943,0
VEH000095,TSK005943,1
VEH000077,TSK005943,0
VEH000227,TSK005943,0
VEH000308,TSK005943,1
VEH000003,TSK005943,0
VEH000049,TSK005943,1
VEH000015,TSK005943,0
VEH000272,TSK005943,1
VEH000510,TSK005943,1
VEH000483,TSK005943,0
VEH000089,TSK005955,0
VEH000033,TSK005955,1
VEH000330,TSK005955,0
VEH000261,TSK005955,1
VEH000025,TSK005955,1
VEH000482,TSK005955,0
VEH000523,TSK005955,0
VEH000019,TSK005955,1
VEH000240,TSK005955,0
VEH000083,TSK005955,1
VEH000433,TSK005955,0
VEH000329,TSK005955,0
VEH000450,TSK005955,1
VEH000422,TSK005955,1
VEH000267,TSK005955,0
VEH000296,TSK005955,1
VEH000467,TSK005955,1
VEH000098,TSK005955,0
VEH000074,TSK005955,1
VEH000320,TSK005955,1
VEH000309,TSK005955,1
VEH000067,TSK005955,1
VEH000218,TSK005955,1
VEH000459,TSK005955,0
VEH000101,TSK005955,0
VEH000024,TSK005955,1
VEH000265,TSK005955,0
VEH000006,TSK005955,0
VEH000484,TSK005955,1
VEH000379,TSK005955,0
VEH000358,TSK005955,1
VEH000275,TSK005955,1
VEH000337,TSK005955,0
VEH000532,TSK005955,0
VEH000332,TSK005955,1
VEH000527,TSK005955,0
VEH000078,TSK005955,0
VEH000304,TSK005955,1
VEH000047,TSK005955,0
VEH000287,TSK005955,0
VEH000327,TSK005955,0
VEH000508,TSK005955,0
VEH000057,TSK005955,1
VEH000505,TSK005955,1
VEH000416,TSK005955,0
VEH000035,TSK005955,1
VEH000353,TSK005955,1
VEH000406,TSK005955,0
VEH000050,TSK005955,1
VEH000070,TSK005955,1
VEH000478,TSK005955,1
VEH000514,TSK005955,0
VEH000359,TSK005955,1
VEH000096,TSK005955,0
VEH000229,TSK005955,0
VEH000529,TSK005955,1
VEH000321,TSK005955,1
VEH000037,TSK005955,0
VEH000082,TSK005955,1
VEH000280,TSK005955,0
VEH000388,TSK005955,0
VEH000366,TSK005955,0
VEH000525,TSK005955,1
VEH000281,TSK005955,0
VEH000065,TSK005955,0
VEH000424,TSK005955,1
VEH000246,TSK005955,0
VEH000063,TSK005955,1
VEH000092,TSK005955,0
VEH000251,TSK005955,0
VEH000455,TSK005955,1
VEH000313,TSK005955,0
VEH000053,TSK005955,1
VEH000220,TSK005955,0
VEH000298,TSK005955,1
VEH000040,TSK005955,1
VEH000519,TSK005955,0
VEH000344,TSK005955,1
VEH000312,TSK005955,1
VEH000431,TSK005955,0
VEH000072,TSK005955,1
VEH000093,TSK005955,1
VEH000225,TSK005955,1
VEH000269,TSK005955,1
VEH000401,TSK005955,1
VEH000060,TSK005955,0
VEH000414,TSK005955,0
VEH000531,TSK005955,0
VEH000410,TSK005955,0
VEH000324,TSK005955,0
VEH000095,TSK005955,1
VEH000077,TSK005955,1
VEH000227,TSK005955,0
VEH000308,TSK005955,0
VEH000003,TSK005955,1
VEH000049,TSK005955,0
VEH000015,TSK005955,1
VEH000272,TSK005955,1
VEH000510,TSK005955,0
VEH000483,TSK005955,0
VEH000089,TSK005982,0
VEH000033,TSK005982,1
VEH000330,TSK005982,1
VEH000261,TSK005982,0
VEH000025,TSK005982,1
VEH000482,TSK005982,0
VEH000523,TSK005982,1
VEH000019,TSK005982,1
VEH000240,TSK005982,1
VEH000083,TSK005982,0
VEH000433,TSK005982,0
VEH000329,TSK005982,1
VEH000450,TSK005982,0
VEH000422,TSK005982,1
VEH000267,TSK005982,0
VEH000296,TSK005982,0
VEH000467,TSK005982,0
VEH000098,TSK005982,0
VEH000074,TSK005982,1
VEH000320,TSK005982,0
VEH000309,TSK005982,1
VEH000067,TSK005982,0
VEH000218,TSK005982,1
VEH000459,TSK005982,1
VEH000101,TSK005982,0
VEH000024,TSK005982,0
VEH000265,TSK005982,0
VEH000006,TSK005982,1
VEH000484,TSK005982,1
VEH000379,TSK005982,1
VEH000358,TSK005982,0
VEH000275,TSK005982,0
VEH000337,TSK005982,1
VEH000532,TSK005982,0
VEH000332,TSK005982,0
VEH000527,TSK005982,1
VEH000078,TSK005982,1
VEH000304,TSK005982,1
VEH000047,TSK005982,0
VEH000287,TSK005982,1
VEH000327,TSK005982,1
VEH000508,TSK005982,1
VEH000057,TSK005982,0
VEH000505,TSK005982,0
VEH000416,TSK005982,0
VEH000035,TSK005982,0
VEH000353,TSK005982,0
VEH000406,TSK005982,1
VEH000050,TSK005982,1
VEH000070,TSK005982,1
VEH000478,TSK005982,1
VEH000514,TSK005982,0
VEH000359,TSK005982,0
VEH000096,TSK005982,0
VEH000229,TSK005982,1
VEH000529,TSK005982,0
VEH000321,TSK005982,1
VEH000037,TSK005982,1
VEH000082,TSK005982,1
VEH000280,TSK005982,0
VEH000388,TSK005982,1
VEH000366,TSK005982,1
VEH000525,TSK005982,1
VEH000281,TSK005982,1
VEH000065,TSK005982,0
VEH000424,TSK005982,1
VEH000246,TSK005982,0
VEH000063,TSK005982,1
VEH000092,TSK005982,0
VEH000251,TSK005982,1
VEH000455,TSK005982,0
VEH000313,TSK005982,0
VEH000053,TSK005982,1
VEH000220,TSK005982,1
VEH000298,TSK005982,0
VEH000040,TSK005982,0
VEH000519,TSK005982,0
VEH000344,TSK005982,1
VEH000312,TSK005982,0
VEH000431,TSK005982,0
VEH000072,TSK005982,1
VEH000093,TSK005982,0
VEH000225,TSK005982,1
VEH000269,TSK005982,0
VEH000401,TSK005982,0
VEH000060,TSK005982,1
VEH000414,TSK005982,0
VEH000531,TSK005982,0
VEH000410,TSK005982,0
VEH000324,TSK005982,1
VEH000095,TSK005982,0
VEH000077,TSK005982,1
VEH000227,TSK005982,0
VEH000308,TSK005982,1
VEH000003,TSK005982,0
VEH000049,TSK005982,1
VEH000015,TSK005982,1
VEH000272,TSK005982,1
VEH000510,TSK005982,1
VEH000483,TSK005982,0
VEH000089,TSK006062,0
VEH000033,TSK006062,1
VEH000330,TSK006062,0
VEH000261,TSK006062,0
VEH000025,TSK006062,0
VEH000482,TSK006062,1
VEH000523,TSK006062,0
VEH000019,TSK006062,0
VEH000240,TSK006062,0
VEH000083,TSK006062,0
VEH000433,TSK006062,0
VEH000329,TSK006062,1
VEH000450,TSK006062,0
VEH000422,TSK006062,1
VEH000267,TSK006062,1
VEH000296,TSK006062,0
VEH000467,TSK006062,1
VEH000098,TSK006062,1
VEH000074,TSK006062,0
VEH000320,TSK006062,0
VEH000309,TSK006062,1
VEH000067,TSK006062,1
VEH000218,TSK006062,0
VEH000459,TSK006062,1
VEH000101,TSK006062,1
VEH000024,TSK006062,1
VEH000265,TSK006062,0
VEH000006,TSK006062,0
VEH000484,TSK006062,0
VEH000379,TSK006062,0
VEH000358,TSK006062,0
VEH000275,TSK006062,0
VEH000337,TSK006062,0
VEH000532,TSK006062,1
VEH000332,TSK006062,1
VEH000527,TSK006062,1
VEH000078,TSK006062,0
VEH000304,TSK006062,1
VEH000047,TSK006062,1
VEH000287,TSK006062,0
VEH000327,TSK006062,1
VEH000508,TSK006062,1
VEH000057,TSK006062,1
VEH000505,TSK006062,1
VEH000416,TSK006062,0
VEH000035,TSK006062,1
VEH000353,TSK006062,1
VEH000406,TSK006062,0
VEH000050,TSK006062,0
VEH000070,TSK006062,0
VEH000478,TSK006062,0
VEH000514,TSK006062,1
VEH000359,TSK006062,0
VEH000096,TSK006062,1
VEH000229,TSK006062,1
VEH000529,TSK006062,0
VEH000321,TSK006062,0
VEH000037,TSK006062,1
VEH000082,TSK006062,0
VEH000280,TSK006062,0
VEH000388,TSK006062,1
VEH000366,TSK006062,0
VEH000525,TSK006062,1
VEH000281,TSK006062,0
VEH000065,TSK006062,1
VEH000424,TSK006062,1
VEH000246,TSK006062,0
VEH000063,TSK006062,1
VEH000092,TSK006062,0
VEH000251,TSK006062,1
VEH000455,TSK006062,1
VEH000313,TSK006062,1
VEH000053,TSK006062,0
VEH000220,TSK006062,0
VEH000298,TSK006062,1
VEH000040,TSK006062,1
VEH000519,TSK006062,1
VEH000344,TSK006062,1
VEH000312,TSK006062,0
VEH000431,TSK006062,0
VEH000072,TSK006062,0
VEH000093,TSK006062,1
VEH000225,TSK006062,1
VEH000269,TSK006062,0
VEH000401,TSK006062,0
VEH000060,TSK006062,0
VEH000414,TSK006062,0
VEH000531,TSK006062,1
VEH000410,TSK006062,1
VEH000324,TSK006062,1
VEH000095,TSK006062,0
VEH000077,TSK006062,1
VEH000227,TSK006062,0
VEH000308,TSK006062,0
VEH000003,TSK006062,1
VEH000049,TSK006062,1
VEH000015,TSK006062,1
VEH000272,TSK006062,0
VEH000510,TSK006062,1
VEH000483,TSK006062,1
VEH000089,TSK006127,0
VEH000033,TSK006127,1
VEH000330,TSK006127,0
VEH000261,TSK006127,1
VEH000025,TSK006127,0
VEH000482,TSK006127,1
VEH000523,TSK006127,0
VEH000019,TSK006127,1
VEH000240,TSK006127,0
VEH000083,TSK006127,0
VEH000433,TSK006127,0
VEH000329,TSK006127,1
VEH000450,TSK006127,1
VEH000422,TSK006127,0
VEH000267,TSK006127,1
VEH000296,TSK006127,1
VEH000467,TSK006127,0
VEH000098,TSK006127,1
VEH000074,TSK006127,0
VEH000320,TSK006127,0
VEH000309,TSK006127,0
VEH000067,TSK006127,0
VEH000218,TSK006127,0
VEH000459,TSK006127,1
VEH000101,TSK006127,0
VEH000024,TSK006127,1
VEH000265,TSK006127,0
VEH000006,TSK006127,1
VEH000484,TSK006127,1
VEH000379,TSK006127,0
VEH000358,TSK006127,1
VEH000275,TSK006127,0
VEH000337,TSK006127,1
VEH000532,TSK006127,0
VEH000332,TSK006127,0
VEH000527,TSK006127,1
VEH000078,TSK006127,1
VEH000304,TSK006127,1
VEH000047,TSK006127,1
VEH000287,TSK006127,1
VEH000327,TSK006127,0
VEH000508,TSK006127,1
VEH000057,TSK006127,0
VEH000505,TSK006127,1
VEH000416,TSK006127,0
VEH000035,TSK006127,0
VEH000353,TSK006127,0
VEH000406,TSK006127,0
VEH000050,TSK006127,1
VEH000070,TSK006127,1
VEH000478,TSK006127,0
VEH000514,TSK006127,0
VEH000359,TSK006127,0
VEH000096,TSK006127,0
VEH000229,TSK006127,1
VEH000529,TSK006127,1
VEH000321,TSK006127,0
VEH000037,TSK006127,0
VEH000082,TSK006127,1
VEH000280,TSK006127,1
VEH000388,TSK006127,0
VEH000366,TSK006127,0
VEH000525,TSK006127,1
VEH000281,TSK006127,1
VEH000065,TSK006127,1
VEH000424,TSK006127,1
VEH000246,TSK006127,1
VEH000063,TSK006127,0
VEH000092,TSK006127,0
VEH000251,TSK006127,1
VEH000455,TSK006127,0
VEH000313,TSK006127,1
VEH000053,TSK006127,1
VEH000220,TSK006127,0
VEH000298,TSK006127,1
VEH000040,TSK006127,1
VEH000519,TSK006127,0
VEH000344,TSK006127,1
VEH000312,TSK006127,1
VEH000431,TSK006127,0
VEH000072,TSK006127,0
VEH000093,TSK006127,1
VEH000225,TSK006127,1
VEH000269,TSK006127,0
VEH000401,TSK006127,0
VEH000060,TSK006127,0
VEH000414,TSK006127,0
VEH000531,TSK006127,1
VEH000410,TSK006127,0
VEH000324,TSK006127,0
VEH000095,TSK006127,1
VEH000077,TSK006127,1
VEH000227,TSK006127,0
VEH000308,TSK006127,1
VEH000003,TSK006127,1
VEH000049,TSK006127,1
VEH000015,TSK006127,1
VEH000272,TSK006127,0
VEH000510,TSK006127,0
VEH000483,TSK006127,1
VEH000089,TSK006128,0
VEH000033,TSK006128,1
VEH000330,TSK006128,1
VEH000261,TSK006128,1
VEH000025,TSK006128,0
VEH000482,TSK006128,0
VEH000523,TSK006128,1
VEH000019,TSK006128,0
VEH000240,TSK006128,0
VEH000083,TSK006128,0
VEH000433,TSK006128,0
VEH000329,TSK006128,0
VEH000450,TSK006128,1
VEH000422,TSK006128,1
VEH000267,TSK006128,0
VEH000296,TSK006128,1
VEH000467,TSK006128,0
VEH000098,TSK006128,0
VEH000074,TSK006128,0
VEH000320,TSK006128,0
VEH000309,TSK006128,1
VEH000067,TSK006128,0
VEH000218,TSK006128,0
VEH000459,TSK006128,0
VEH000101,TSK006128,1
VEH000024,TSK006128,1
VEH000265,TSK006128,0
VEH000006,TSK006128,0
VEH000484,TSK006128,0
VEH000379,TSK006128,1
VEH000358,TSK006128,0
VEH000275,TSK006128,0
VEH000337,TSK006128,1
VEH000532,TSK006128,0
VEH000332,TSK006128,0
VEH000527,TSK006128,1
VEH000078,TSK006128,0
VEH000304,TSK006128,1
VEH000047,TSK006128,1
VEH000287,TSK006128,0
VEH000327,TSK006128,1
VEH000508,TSK006128,1
VEH000057,TSK006128,0
VEH000505,TSK006128,0
VEH000416,TSK006128,1
VEH000035,TSK006128,1
VEH000353,TSK006128,1
VEH000406,TSK006128,0
VEH000050,TSK006128,1
VEH000070,TSK006128,0
VEH000478,TSK006128,1
VEH000514,TSK006128,0
VEH000359,TSK006128,1
VEH000096,TSK006128,0
VEH000229,TSK006128,1
VEH000529,TSK006128,1
VEH000321,TSK006128,0
VEH000037,TSK006128,0
VEH000082,TSK006128,0
VEH000280,TSK006128,1
VEH000388,TSK006128,0
VEH000366,TSK006128,1
VEH000525,TSK006128,0
VEH000281,TSK006128,1
VEH000065,TSK006128,0
VEH000424,TSK006128,1
VEH000246,TSK006128,1
VEH000063,TSK006128,0
VEH000092,TSK006128,1
VEH000251,TSK006128,0
VEH000455,TSK006128,1
VEH000313,TSK006128,1
VEH000053,TSK006128,1
VEH000220,TSK006128,0
VEH000298,TSK006128,0
VEH000040,TSK006128,1
VEH000519,TSK006128,1
VEH000344,TSK006128,0
VEH000312,TSK006128,0
VEH000431,TSK006128,0
VEH000072,TSK006128,1
VEH000093,TSK006128,0
VEH000225,TSK006128,1
VEH000269,TSK006128,1
VEH000401,TSK006128,1
VEH000060,TSK006128,1
VEH000414,TSK006128,0
VEH000531,TSK006128,0
VEH000410,TSK006128,1
VEH000324,TSK006128,1
VEH000095,TSK006128,1
VEH000077,TSK006128,1
VEH000227,TSK006128,1
VEH000308,TSK006128,1
VEH000003,TSK006128,0
VEH000049,TSK006128,1
VEH000015,TSK006128,1
VEH000272,TSK006128,0
VEH000510,TSK006128,1
VEH000483,TSK006128,0
VEH000089,TSK006130,1
VEH000033,TSK006130,0
VEH000330,TSK006130,1
VEH000261,TSK006130,0
VEH000025,TSK006130,1
VEH000482,TSK006130,1
VEH000523,TSK006130,0
VEH000019,TSK006130,1
VEH000240,TSK006130,0
VEH000083,TSK006130,1
VEH000433,TSK006130,0
VEH000329,TSK006130,1
VEH000450,TSK006130,1
VEH000422,TSK006130,1
VEH000267,TSK006130,0
VEH000296,TSK006130,0
VEH000467,TSK006130,1
VEH000098,TSK006130,0
VEH000074,TSK006130,1
VEH000320,TSK006130,0
VEH000309,TSK006130,0
VEH000067,TSK006130,1
VEH000218,TSK006130,1
VEH000459,TSK006130,1
VEH000101,TSK006130,1
VEH000024,TSK006130,0
VEH000265,TSK006130,1
VEH000006,TSK006130,0
VEH000484,TSK006130,0
VEH000379,TSK006130,1
VEH000358,TSK006130,1
VEH000275,TSK006130,1
VEH000337,TSK006130,1
VEH000532,TSK006130,0
VEH000332,TSK006130,0
VEH000527,TSK006130,1
VEH000078,TSK006130,0
VEH000304,TSK006130,0
VEH000047,TSK006130,1
VEH000287,TSK006130,1
VEH000327,TSK006130,0
VEH000508,TSK006130,0
VEH000057,TSK006130,1
VEH000505,TSK006130,1
VEH000416,TSK006130,1
VEH000035,TSK006130,0
VEH000353,TSK006130,1
VEH000406,TSK006130,0
VEH000050,TSK006130,1
VEH000070,TSK006130,0
VEH000478,TSK006130,0
VEH000514,TSK006130,1
VEH000359,TSK006130,1
VEH000096,TSK006130,0
VEH000229,TSK006130,0
VEH000529,TSK006130,1
VEH000321,TSK006130,1
VEH000037,TSK006130,1
VEH000082,TSK006130,0
VEH000280,TSK006130,0
VEH000388,TSK006130,1
VEH000366,TSK006130,0
VEH000525,TSK006130,0
VEH000281,TSK006130,1
VEH000065,TSK006130,0
VEH000424,TSK006130,0
VEH000246,TSK006130,0
VEH000063,TSK006130,0
VEH000092,TSK006130,0
VEH000251,TSK006130,1
VEH000455,TSK006130,0
VEH000313,TSK006130,0
VEH000053,TSK006130,1
VEH000220,TSK006130,0
VEH000298,TSK006130,0
VEH000040,TSK006130,1
VEH000519,TSK006130,0
VEH000344,TSK006130,0
VEH000312,TSK006130,1
VEH000431,TSK006130,1
VEH000072,TSK006130,0
VEH000093,TSK006130,0
VEH000225,TSK006130,1
VEH000269,TSK006130,1
VEH000401,TSK006130,1
VEH000060,TSK006130,1
VEH000414,TSK006130,1
VEH000531,TSK006130,0
VEH000410,TSK006130,0
VEH000324,TSK006130,0
VEH000095,TSK006130,1
VEH000077,TSK006130,0
VEH000227,TSK006130,1
VEH000308,TSK006130,1
VEH000003,TSK006130,0
VEH000049,TSK006130,0
VEH000015,TSK006130,0
VEH000272,TSK006130,0
VEH000510,TSK006130,1
VEH000483,TSK006130,1
VEH000089,TSK006140,0
VEH000033,TSK006140,0
VEH000330,TSK006140,0
VEH000261,TSK006140,1
VEH000025,TSK006140,0
VEH000482,TSK006140,1
VEH000523,TSK006140,0
VEH000019,TSK006140,0
VEH000240,TSK006140,0
VEH000083,TSK006140,1
VEH000433,TSK006140,1
VEH000329,TSK006140,0
VEH000450,TSK006140,1
VEH000422,TSK006140,0
VEH000267,TSK006140,1
VEH000296,TSK006140,1
VEH000467,TSK006140,0
VEH000098,TSK006140,0
VEH000074,TSK006140,0
VEH000320,TSK006140,0
VEH000309,TSK006140,0
VEH000067,TSK006140,1
VEH000218,TSK006140,0
VEH000459,TSK006140,1
VEH000101,TSK006140,1
VEH000024,TSK006140,0
VEH000265,TSK006140,1
VEH000006,TSK006140,0
VEH000484,TSK006140,0
VEH000379,TSK006140,1
VEH000358,TSK006140,0
VEH000275,TSK006140,0
VEH000337,TSK006140,1
VEH000532,TSK006140,0
VEH000332,TSK006140,0
VEH000527,TSK006140,1
VEH000078,TSK006140,0
VEH000304,TSK006140,1
VEH000047,TSK006140,1
VEH000287,TSK006140,1
VEH000327,TSK006140,0
VEH000508,TSK006140,1
VEH000057,TSK006140,0
VEH000505,TSK006140,0
VEH000416,TSK006140,0
VEH000035,TSK006140,1
VEH000353,TSK006140,1
VEH000406,TSK006140,1
VEH000050,TSK006140,0
VEH000070,TSK006140,1
VEH000478,TSK006140,0
VEH000514,TSK006140,1
VEH000359,TSK006140,1
VEH000096,TSK006140,1
VEH000229,TSK006140,0
VEH000529,TSK006140,0
VEH000321,TSK006140,1
VEH000037,TSK006140,0
VEH000082,TSK006140,0
VEH000280,TSK006140,1
VEH000388,TSK006140,0
VEH000366,TSK006140,0
VEH000525,TSK006140,1
VEH000281,TSK006140,0
VEH000065,TSK006140,1
VEH000424,TSK006140,1
VEH000246,TSK006140,1
VEH000063,TSK006140,1
VEH000092,TSK006140,1
VEH000251,TSK006140,0
VEH000455,TSK006140,0
VEH000313,TSK006140,1
VEH000053,TSK006140,0
VEH000220,TSK006140,1
VEH000298,TSK006140,1
VEH000040,TSK006140,1
VEH000519,TSK006140,1
VEH000344,TSK006140,1
VEH000312,TSK006140,1
VEH000431,TSK006140,0
VEH000072,TSK006140,1
VEH000093,TSK006140,1
VEH000225,TSK006140,1
VEH000269,TSK006140,1
VEH000401,TSK006140,0
VEH000060,TSK006140,0
VEH000414,TSK006140,0
VEH000531,TSK006140,1
VEH000410,TSK006140,0
VEH000324,TSK006140,0
VEH000095,TSK006140,1
VEH000077,TSK006140,1
VEH000227,TSK006140,0
VEH000308,TSK006140,0
VEH000003,TSK006140,0
VEH000049,TSK006140,1
VEH000015,TSK006140,0
VEH000272,TSK006140,1
VEH000510,TSK006140,1
VEH000483,TSK006140,0
VEH000089,TSK006145,0
VEH000033,TSK006145,1
VEH000330,TSK006145,1
VEH000261,TSK006145,0
VEH000025,TSK006145,1
VEH000482,TSK006145,1
VEH000523,TSK006145,1
VEH000019,TSK006145,0
VEH000240,TSK006145,1
VEH000083,TSK006145,1
VEH000433,TSK006145,1
VEH000329,TSK006145,0
VEH000450,TSK006145,1
VEH000422,TSK006145,1
VEH000267,TSK006145,0
VEH000296,TSK006145,1
VEH000467,TSK006145,1
VEH000098,TSK006145,0
VEH000074,TSK006145,1
VEH000320,TSK006145,1
VEH000309,TSK006145,1
VEH000067,TSK006145,0
VEH000218,TSK006145,0
VEH000459,TSK006145,0
VEH000101,TSK006145,0
VEH000024,TSK006145,0
VEH000265,TSK006145,1
VEH000006,TSK006145,0
VEH000484,TSK006145,1
VEH000379,TSK006145,0
VEH000358,TSK006145,0
VEH000275,TSK006145,0
VEH000337,TSK006145,0
VEH000532,TSK006145,0
VEH000332,TSK006145,0
VEH000527,TSK006145,0
VEH000078,TSK006145,0
VEH000304,TSK006145,0
VEH000047,TSK006145,1
VEH000287,TSK006145,0
VEH000327,TSK006145,1
VEH000508,TSK006145,1
VEH000057,TSK006145,0
VEH000505,TSK006145,0
VEH000416,TSK006145,0
VEH000035,TSK006145,1
VEH000353,TSK006145,0
VEH000406,TSK006145,1
VEH000050,TSK006145,0
VEH000070,TSK006145,0
VEH000478,TSK006145,0
VEH000514,TSK006145,0
VEH000359,TSK006145,1
VEH000096,TSK006145,1
VEH000229,TSK006145,0
VEH000529,TSK006145,1
VEH000321,TSK006145,1
VEH000037,TSK006145,0
VEH000082,TSK006145,0
VEH000280,TSK006145,1
VEH000388,TSK006145,1
VEH000366,TSK006145,1
VEH000525,TSK006145,0
VEH000281,TSK006145,1
VEH000065,TSK006145,0
VEH000424,TSK006145,1
VEH000246,TSK006145,0
VEH000063,TSK006145,0
VEH000092,TSK006145,1
VEH000251,TSK006145,1
VEH000455,TSK006145,1
VEH000313,TSK006145,0
VEH000053,TSK006145,1
VEH000220,TSK006145,0
VEH000298,TSK006145,1
VEH000040,TSK006145,1
VEH000519,TSK006145,1
VEH000344,TSK006145,1
VEH000312,TSK006145,1
VEH000431,TSK006145,1
VEH000072,TSK006145,1
VEH000093,TSK006145,0
VEH000225,TSK006145,1
VEH000269,TSK006145,1
VEH000401,TSK006145,0
VEH000060,TSK006145,0
VEH000414,TSK006145,0
VEH000531,TSK006145,1
VEH000410,TSK006145,0
VEH000324,TSK006145,1
VEH000095,TSK006145,1
VEH000077,TSK006145,1
VEH000227,TSK006145,0
VEH000308,TSK006145,0
VEH000003,TSK006145,0
VEH000049,TSK006145,1
VEH000015,TSK006145,1
VEH000272,TSK006145,0
VEH000510,TSK006145,0
VEH000483,TSK006145,0
VEH000089,TSK006163,0
VEH000033,TSK006163,1
VEH000330,TSK006163,0
VEH000261,TSK006163,1
VEH000025,TSK006163,1
VEH000482,TSK006163,0
VEH000523,TSK006163,0
VEH000019,TSK006163,0
VEH000240,TSK006163,1
VEH000083,TSK006163,0
VEH000433,TSK006163,0
VEH000329,TSK006163,0
VEH000450,TSK006163,1
VEH000422,TSK006163,1
VEH000267,TSK006163,1
VEH000296,TSK006163,0
VEH000467,TSK006163,0
VEH000098,TSK006163,1
VEH000074,TSK006163,1
VEH000320,TSK006163,0
VEH000309,TSK006163,1
VEH000067,TSK006163,0
VEH000218,TSK006163,0
VEH000459,TSK006163,1
VEH000101,TSK006163,1
VEH000024,TSK006163,0
VEH000265,TSK006163,1
VEH000006,TSK006163,1
VEH000484,TSK006163,0
VEH000379,TSK006163,1
VEH000358,TSK006163,1
VEH000275,TSK006163,0
VEH000337,TSK006163,1
VEH000532,TSK006163,1
VEH000332,TSK006163,1
VEH000527,TSK006163,0
VEH000078,TSK006163,0
VEH000304,TSK006163,1
VEH000047,TSK006163,0
VEH000287,TSK006163,1
VEH000327,TSK006163,0
VEH000508,TSK006163,0
VEH000057,TSK006163,0
VEH000505,TSK006163,1
VEH000416,TSK006163,0
VEH000035,TSK006163,1
VEH000353,TSK006163,1
VEH000406,TSK006163,1
VEH000050,TSK006163,1
VEH000070,TSK006163,0
VEH000478,TSK006163,0
VEH000514,TSK006163,0
VEH000359,TSK006163,1
VEH000096,TSK006163,0
VEH000229,TSK006163,1
VEH000529,TSK006163,1
VEH000321,TSK006163,1
VEH000037,TSK006163,0
VEH000082,TSK006163,1
VEH000280,TSK006163,1
VEH000388,TSK006163,0
VEH000366,TSK006163,1
VEH000525,TSK006163,0
VEH000281,TSK006163,0
VEH000065,TSK006163,0
VEH000424,TSK006163,0
VEH000246,TSK006163,0
VEH000063,TSK006163,0
VEH000092,TSK006163,1
VEH000251,TSK006163,1
VEH000455,TSK006163,0
VEH000313,TSK006163,1
VEH000053,TSK006163,1
VEH000220,TSK006163,1
VEH000298,TSK006163,0
VEH000040,TSK006163,1
VEH000519,TSK006163,0
VEH000344,TSK006163,0
VEH000312,TSK006163,1
VEH000431,TSK006163,1
VEH000072,TSK006163,1
VEH000093,TSK006163,0
VEH000225,TSK006163,1
VEH000269,TSK006163,1
VEH000401,TSK006163,0
VEH000060,TSK006163,1
VEH000414,TSK006163,0
VEH000531,TSK006163,1
VEH000410,TSK006163,0
VEH000324,TSK006163,1
VEH000095,TSK006163,1
VEH000077,TSK006163,0
VEH000227,TSK006163,1
VEH000308,TSK006163,0
VEH000003,TSK006163,0
VEH000049,TSK006163,0
VEH000015,TSK006163,0
VEH000272,TSK006163,1
VEH000510,TSK006163,0
VEH000483,TSK006163,0
VEH000089,TSK006231,1
VEH000033,TSK006231,1
VEH000330,TSK006231,0
VEH000261,TSK006231,0
VEH000025,TSK006231,0
VEH000482,TSK006231,1
VEH000523,TSK006231,1
VEH000019,TSK006231,0
VEH000240,TSK006231,1
VEH000083,TSK006231,0
VEH000433,TSK006231,0
VEH000329,TSK006231,1
VEH000450,TSK006231,1
VEH000422,TSK006231,0
VEH000267,TSK006231,0
VEH000296,TSK006231,1
VEH000467,TSK006231,0
VEH000098,TSK006231,0
VEH000074,TSK006231,0
VEH000320,TSK006231,1
VEH000309,TSK006231,0
VEH000067,TSK006231,0
VEH000218,TSK006231,0
VEH000459,TSK006231,1
VEH000101,TSK006231,0
VEH000024,TSK006231,0
VEH000265,TSK006231,0
VEH000006,TSK006231,0
VEH000484,TSK006231,1
VEH000379,TSK006231,1
VEH000358,TSK006231,1
VEH000275,TSK006231,0
VEH000337,TSK006231,0
VEH000532,TSK006231,1
VEH000332,TSK006231,0
VEH000527,TSK006231,0
VEH000078,TSK006231,1
VEH000304,TSK006231,0
VEH000047,TSK006231,1
VEH000287,TSK006231,1
VEH000327,TSK006231,0
VEH000508,TSK006231,0
VEH000057,TSK006231,1
VEH000505,TSK006231,0
VEH000416,TSK006231,0
VEH000035,TSK006231,1
VEH000353,TSK006231,0
VEH000406,TSK006231,1
VEH000050,TSK006231,1
VEH000070,TSK006231,1
VEH000478,TSK006231,1
VEH000514,TSK006231,0
VEH000359,TSK006231,0
VEH000096,TSK006231,0
VEH000229,TSK006231,0
VEH000529,TSK006231,1
VEH000321,TSK006231,0
VEH000037,TSK006231,0
VEH000082,TSK006231,1
VEH000280,TSK006231,0
VEH000388,TSK006231,1
VEH000366,TSK006231,1
VEH000525,TSK006231,1
VEH000281,TSK006231,1
VEH000065,TSK006231,1
VEH000424,TSK006231,1
VEH000246,TSK006231,1
VEH000063,TSK006231,0
VEH000092,TSK006231,1
VEH000251,TSK006231,1
VEH000455,TSK006231,1
VEH000313,TSK006231,1
VEH000053,TSK006231,1
VEH000220,TSK006231,0
VEH000298,TSK006231,1
VEH000040,TSK006231,1
VEH000519,TSK006231,0
VEH000344,TSK006231,1
VEH000312,TSK006231,1
VEH000431,TSK006231,0
VEH000072,TSK006231,1
VEH000093,TSK006231,0
VEH000225,TSK006231,1
VEH000269,TSK006231,0
VEH000401,TSK006231,0
VEH000060,TSK006231,1
VEH000414,TSK006231,0
VEH000531,TSK006231,0
VEH000410,TSK006231,0
VEH000324,TSK006231,0
VEH000095,TSK006231,1
VEH000077,TSK006231,1
VEH000227,TSK006231,1
VEH000308,TSK006231,0
VEH000003,TSK006231,1
VEH000049,TSK006231,0
VEH000015,TSK006231,1
VEH000272,TSK006231,0
VEH000510,TSK006231,0
VEH000483,TSK006231,1
VEH000089,TSK006365,1
VEH000033,TSK006365,1
VEH000330,TSK006365,0
VEH000261,TSK006365,1
VEH000025,TSK006365,1
VEH000482,TSK006365,0
VEH000523,TSK006365,0
VEH000019,TSK006365,1
VEH000240,TSK006365,1
VEH000083,TSK006365,1
VEH000433,TSK006365,0
VEH000329,TSK006365,0
VEH000450,TSK006365,1
VEH000422,TSK006365,0
VEH000267,TSK006365,0
VEH000296,TSK006365,1
VEH000467,TSK006365,0
VEH000098,TSK006365,0
VEH000074,TSK006365,1
VEH000320,TSK006365,1
VEH000309,TSK006365,0
VEH000067,TSK006365,0
VEH000218,TSK006365,1
VEH000459,TSK006365,0
VEH000101,TSK006365,0
VEH000024,TSK006365,0
VEH000265,TSK006365,0
VEH000006,TSK006365,0
VEH000484,TSK006365,0
VEH000379,TSK006365,1
VEH000358,TSK006365,0
VEH000275,TSK006365,0
VEH000337,TSK006365,1
VEH000532,TSK006365,0
VEH000332,TSK006365,0
VEH000527,TSK006365,0
VEH000078,TSK006365,1
VEH000304,TSK006365,1
VEH000047,TSK006365,0
VEH000287,TSK006365,0
VEH000327,TSK006365,0
VEH000508,TSK006365,0
VEH000057,TSK006365,0
VEH000505,TSK006365,1
VEH000416,TSK006365,1
VEH000035,TSK006365,0
VEH000353,TSK006365,1
VEH000406,TSK006365,1
VEH000050,TSK006365,1
VEH000070,TSK006365,1
VEH000478,TSK006365,0
VEH000514,TSK006365,1
VEH000359,TSK006365,1
VEH000096,TSK006365,1
VEH000229,TSK006365,0
VEH000529,TSK006365,0
VEH000321,TSK006365,0
VEH000037,TSK006365,1
VEH000082,TSK006365,1
VEH000280,TSK006365,1
VEH000388,TSK006365,1
VEH000366,TSK006365,1
VEH000525,TSK006365,0
VEH000281,TSK006365,0
VEH000065,TSK006365,0
VEH000424,TSK006365,1
VEH000246,TSK006365,0
VEH000063,TSK006365,1
VEH000092,TSK006365,0
VEH000251,TSK006365,1
VEH000455,TSK006365,0
VEH000313,TSK006365,0
VEH000053,TSK006365,0
VEH000220,TSK006365,1
VEH000298,TSK006365,0
VEH000040,TSK006365,1
VEH000519,TSK006365,0
VEH000344,TSK006365,1
VEH000312,TSK006365,1
VEH000431,TSK006365,1
VEH000072,TSK006365,1
VEH000093,TSK006365,1
VEH000225,TSK006365,1
VEH000269,TSK006365,0
VEH000401,TSK006365,0
VEH000060,TSK006365,1
VEH000414,TSK006365,0
VEH000531,TSK006365,1
VEH000410,TSK006365,1
VEH000324,TSK006365,1
VEH000095,TSK006365,0
VEH000077,TSK006365,0
VEH000227,TSK006365,0
VEH000308,TSK006365,0
VEH000003,TSK006365,0
VEH000049,TSK006365,1
VEH000015,TSK006365,1
VEH000272,TSK006365,1
VEH000510,TSK006365,1
VEH000483,TSK006365,1
VEH000089,TSK006437,1
VEH000033,TSK006437,0
VEH000330,TSK006437,1
VEH000261,TSK006437,0
VEH000025,TSK006437,1
VEH000482,TSK006437,1
VEH000523,TSK006437,0
VEH000019,TSK006437,1
VEH000240,TSK006437,1
VEH000083,TSK006437,1
VEH000433,TSK006437,1
VEH000329,TSK006437,1
VEH000450,TSK006437,0
VEH000422,TSK006437,1
VEH000267,TSK006437,0
VEH000296,TSK006437,1
VEH000467,TSK006437,0
VEH000098,TSK006437,0
VEH000074,TSK006437,1
VEH000320,TSK006437,1
VEH000309,TSK006437,0
VEH000067,TSK006437,1
VEH000218,TSK006437,0
VEH000459,TSK006437,1
VEH000101,TSK006437,1
VEH000024,TSK006437,0
VEH000265,TSK006437,0
VEH000006,TSK006437,1
VEH000484,TSK006437,0
VEH000379,TSK006437,0
VEH000358,TSK006437,0
VEH000275,TSK006437,1
VEH000337,TSK006437,1
VEH000532,TSK006437,0
VEH000332,TSK006437,1
VEH000527,TSK006437,1
VEH000078,TSK006437,0
VEH000304,TSK006437,0
VEH000047,TSK006437,1
VEH000287,TSK006437,0
VEH000327,TSK006437,1
VEH000508,TSK006437,0
VEH000057,TSK006437,0
VEH000505,TSK006437,0
VEH000416,TSK006437,1
VEH000035,TSK006437,0
VEH000353,TSK006437,0
VEH000406,TSK006437,1
VEH000050,TSK006437,0
VEH000070,TSK006437,1
VEH000478,TSK006437,0
VEH000514,TSK006437,0
VEH000359,TSK006437,0
VEH000096,TSK006437,0
VEH000229,TSK006437,0
VEH000529,TSK006437,1
VEH000321,TSK006437,1
VEH000037,TSK006437,1
VEH000082,TSK006437,1
VEH000280,TSK006437,1
VEH000388,TSK006437,0
VEH000366,TSK006437,1
VEH000525,TSK006437,1
VEH000281,TSK006437,1
VEH000065,TSK006437,1
VEH000424,TSK006437,0
VEH000246,TSK006437,0
VEH000063,TSK006437,0
VEH000092,TSK006437,1
VEH000251,TSK006437,0
VEH000455,TSK006437,0
VEH000313,TSK006437,0
VEH000053,TSK006437,0
VEH000220,TSK006437,1
VEH000298,TSK006437,1
VEH000040,TSK006437,1
VEH000519,TSK006437,0
VEH000344,TSK006437,1
VEH000312,TSK006437,0
VEH000431,TSK006437,0
VEH000072,TSK006437,0
VEH000093,TSK006437,0
VEH000225,TSK006437,1
VEH000269,TSK006437,1
VEH000401,TSK006437,1
VEH000060,TSK006437,0
VEH000414,TSK006437,1
VEH000531,TSK006437,1
VEH000410,TSK006437,1
VEH000324,TSK006437,0
VEH000095,TSK006437,1
VEH000077,TSK006437,0
VEH000227,TSK006437,0
VEH000308,TSK006437,0
VEH000003,TSK006437,0
VEH000049,TSK006437,1
VEH000015,TSK006437,1
VEH000272,TSK006437,0
VEH000510,TSK006437,0
VEH000483,TSK006437,1
VEH000089,TSK006465,1
VEH000033,TSK006465,1
VEH000330,TSK006465,0
VEH000261,TSK006465,0
VEH000025,TSK006465,0
VEH000482,TSK006465,0
VEH000523,TSK006465,0
VEH000019,TSK006465,0
VEH000240,TSK006465,0
VEH000083,TSK006465,0
VEH000433,TSK006465,1
VEH000329,TSK006465,0
VEH000450,TSK006465,0
VEH000422,TSK006465,1
VEH000267,TSK006465,0
VEH000296,TSK006465,1
VEH000467,TSK006465,1
VEH000098,TSK006465,1
VEH000074,TSK006465,0
VEH000320,TSK006465,1
VEH000309,TSK006465,0
VEH000067,TSK006465,1
VEH000218,TSK006465,1
VEH000459,TSK006465,1
VEH000101,TSK006465,1
VEH000024,TSK006465,1
VEH000265,TSK006465,0
VEH000006,TSK006465,0
VEH000484,TSK006465,0
VEH000379,TSK006465,1
VEH000358,TSK006465,1
VEH000275,TSK006465,0
VEH000337,TSK006465,1
VEH000532,TSK006465,0
VEH000332,TSK006465,0
VEH000527,TSK006465,0
VEH000078,TSK006465,0
VEH000304,TSK006465,1
VEH000047,TSK006465,0
VEH000287,TSK006465,0
VEH000327,TSK006465,0
VEH000508,TSK006465,0
VEH000057,TSK006465,0
VEH000505,TSK006465,1
VEH000416,TSK006465,1
VEH000035,TSK006465,1
VEH000353,TSK006465,0
VEH000406,TSK006465,1
VEH000050,TSK006465,0
VEH000070,TSK006465,0
VEH000478,TSK006465,0
VEH000514,TSK006465,1
VEH000359,TSK006465,0
VEH000096,TSK006465,1
VEH000229,TSK006465,0
VEH000529,TSK006465,1
VEH000321,TSK006465,1
VEH000037,TSK006465,1
VEH000082,TSK006465,0
VEH000280,TSK006465,0
VEH000388,TSK006465,1
VEH000366,TSK006465,1
VEH000525,TSK006465,1
VEH000281,TSK006465,0
VEH000065,TSK006465,0
VEH000424,TSK006465,1
VEH000246,TSK006465,0
VEH000063,TSK006465,0
VEH000092,TSK006465,1
VEH000251,TSK006465,0
VEH000455,TSK006465,1
VEH000313,TSK006465,1
VEH000053,TSK006465,1
VEH000220,TSK006465,0
VEH000298,TSK006465,1
VEH000040,TSK006465,1
VEH000519,TSK006465,0
VEH000344,TSK006465,0
VEH000312,TSK006465,1
VEH000431,TSK006465,1
VEH000072,TSK006465,1
VEH000093,TSK006465,1
VEH000225,TSK006465,0
VEH000269,TSK006465,0
VEH000401,TSK006465,1
VEH000060,TSK006465,1
VEH000414,TSK006465,1
VEH000531,TSK006465,0
VEH000410,TSK006465,0
VEH000324,TSK006465,0
VEH000095,TSK006465,1
VEH000077,TSK006465,0
VEH000227,TSK006465,1
VEH000308,TSK006465,1
VEH000003,TSK006465,0
VEH000049,TSK006465,1
VEH000015,TSK006465,0
VEH000272,TSK006465,1
VEH000510,TSK006465,1
VEH000483,TSK006465,1
VEH000089,TSK006554,1
VEH000033,TSK006554,1
VEH000330,TSK006554,0
VEH000261,TSK006554,1
VEH000025,TSK006554,1
VEH000482,TSK006554,0
VEH000523,TSK006554,1
VEH000019,TSK006554,1
VEH000240,TSK006554,1
VEH000083,TSK006554,1
VEH000433,TSK006554,0
VEH000329,TSK006554,0
VEH000450,TSK006554,0
VEH000422,TSK006554,0
VEH000267,TSK006554,1
VEH000296,TSK006554,1
VEH000467,TSK006554,0
VEH000098,TSK006554,1
VEH000074,TSK006554,1
VEH000320,TSK006554,0
VEH000309,TSK006554,0
VEH000067,TSK006554,0
VEH000218,TSK006554,0
VEH000459,TSK006554,1
VEH000101,TSK006554,1
VEH000024,TSK006554,0
VEH000265,TSK006554,1
VEH000006,TSK006554,0
VEH000484,TSK006554,0
VEH000379,TSK006554,1
VEH000358,TSK006554,0
VEH000275,TSK006554,0
VEH000337,TSK006554,0
VEH000532,TSK006554,0
VEH000332,TSK006554,0
VEH000527,TSK006554,0
VEH000078,TSK006554,0
VEH000304,TSK006554,1
VEH000047,TSK006554,1
VEH000287,TSK006554,0
VEH000327,TSK006554,1
VEH000508,TSK006554,1
VEH000057,TSK006554,1
VEH000505,TSK006554,0
VEH000416,TSK006554,1
VEH000035,TSK006554,1
VEH000353,TSK006554,1
VEH000406,TSK006554,0
VEH000050,TSK006554,1
VEH000070,TSK006554,1
VEH000478,TSK006554,0
VEH000514,TSK006554,0
VEH000359,TSK006554,0
VEH000096,TSK006554,0
VEH000229,TSK006554,0
VEH000529,TSK006554,0
VEH000321,TSK006554,1
VEH000037,TSK006554,1
VEH000082,TSK006554,1
VEH000280,TSK006554,1
VEH000388,TSK006554,1
VEH000366,TSK006554,1
VEH000525,TSK006554,0
VEH000281,TSK006554,0
VEH000065,TSK006554,1
VEH000424,TSK006554,0
VEH000246,TSK006554,0
VEH000063,TSK006554,1
VEH000092,TSK006554,0
VEH000251,TSK006554,0
VEH000455,TSK006554,0
VEH000313,TSK006554,1
VEH000053,TSK006554,1
VEH000220,TSK006554,1
VEH000298,TSK006554,0
VEH000040,TSK006554,1
VEH000519,TSK006554,1
VEH000344,TSK006554,1
VEH000312,TSK006554,1
VEH000431,TSK006554,0
VEH000072,TSK006554,1
VEH000093,TSK006554,0
VEH000225,TSK006554,0
VEH000269,TSK006554,1
VEH000401,TSK006554,0
VEH000060,TSK006554,0
VEH000414,TSK006554,1
VEH000531,TSK006554,0
VEH000410,TSK006554,1
VEH000324,TSK006554,0
VEH000095,TSK006554,1
VEH000077,TSK006554,1
VEH000227,TSK006554,0
VEH000308,TSK006554,1
VEH000003,TSK006554,0
VEH000049,TSK006554,1
VEH000015,TSK006554,0
VEH000272,TSK006554,1
VEH000510,TSK006554,0
VEH000483,TSK006554,0
VEH000089,TSK006560,1
VEH000033,TSK006560,0
VEH000330,TSK006560,1
VEH000261,TSK006560,0
VEH000025,TSK006560,1
VEH000482,TSK006560,0
VEH000523,TSK006560,0
VEH000019,TSK006560,0
VEH000240,TSK006560,0
VEH000083,TSK006560,0
VEH000433,TSK006560,0
VEH000329,TSK006560,0
VEH000450,TSK006560,1
VEH000422,TSK006560,1
VEH000267,TSK006560,0
VEH000296,TSK006560,0
VEH000467,TSK006560,0
VEH000098,TSK006560,1
VEH000074,TSK006560,1
VEH000320,TSK006560,0
VEH000309,TSK006560,1
VEH000067,TSK006560,0
VEH000218,TSK006560,0
VEH000459,TSK006560,1
VEH000101,TSK006560,1
VEH000024,TSK006560,1
VEH000265,TSK006560,0
VEH000006,TSK006560,1
VEH000484,TSK006560,1
VEH000379,TSK006560,0
VEH000358,TSK006560,1
VEH000275,TSK006560,0
VEH000337,TSK006560,1
VEH000532,TSK006560,1
VEH000332,TSK006560,0
VEH000527,TSK006560,0
VEH000078,TSK006560,1
VEH000304,TSK006560,0
VEH000047,TSK006560,0
VEH000287,TSK006560,0
VEH000327,TSK006560,0
VEH000508,TSK006560,0
VEH000057,TSK006560,0
VEH000505,TSK006560,0
VEH000416,TSK006560,1
VEH000035,TSK006560,1
VEH000353,TSK006560,1
VEH000406,TSK006560,1
VEH000050,TSK006560,0
VEH000070,TSK006560,1
VEH000478,TSK006560,0
VEH000514,TSK006560,1
VEH000359,TSK006560,1
VEH000096,TSK006560,1
VEH000229,TSK006560,0
VEH000529,TSK006560,1
VEH000321,TSK006560,1
VEH000037,TSK006560,1
VEH000082,TSK006560,1
VEH000280,TSK006560,1
VEH000388,TSK006560,0
VEH000366,TSK006560,0
VEH000525,TSK006560,0
VEH000281,TSK006560,1
VEH000065,TSK006560,1
VEH000424,TSK006560,0
VEH000246,TSK006560,0
VEH000063,TSK006560,0
VEH000092,TSK006560,0
VEH000251,TSK006560,1
VEH000455,TSK006560,0
VEH000313,TSK006560,1
VEH000053,TSK006560,0
VEH000220,TSK006560,0
VEH000298,TSK006560,1
VEH000040,TSK006560,1
VEH000519,TSK006560,1
VEH000344,TSK006560,0
VEH000312,TSK006560,0
VEH000431,TSK006560,0
VEH000072,TSK006560,1
VEH000093,TSK006560,1
VEH000225,TSK006560,0
VEH000269,TSK006560,1
VEH000401,TSK006560,0
VEH000060,TSK006560,0
VEH000414,TSK006560,1
VEH000531,TSK006560,1
VEH000410,TSK006560,1
VEH000324,TSK006560,1
VEH000095,TSK006560,0
VEH000077,TSK006560,1
VEH000227,TSK006560,1
VEH000308,TSK006560,1
VEH000003,TSK006560,0
VEH000049,TSK006560,1
VEH000015,TSK006560,1
VEH000272,TSK006560,0
VEH000510,TSK006560,0
VEH000483,TSK006560,1
VEH000089,TSK006564,1
VEH000033,TSK006564,0
VEH000330,TSK006564,1
VEH000261,TSK006564,1
VEH000025,TSK006564,1
VEH000482,TSK006564,0
VEH000523,TSK006564,0
VEH000019,TSK006564,0
VEH000240,TSK006564,0
VEH000083,TSK006564,0
VEH000433,TSK006564,1
VEH000329,TSK006564,1
VEH000450,TSK006564,0
VEH000422,TSK006564,1
VEH000267,TSK006564,0
VEH000296,TSK006564,0
VEH000467,TSK006564,0
VEH000098,TSK006564,1
VEH000074,TSK006564,1
VEH000320,TSK006564,0
VEH000309,TSK006564,1
VEH000067,TSK006564,0
VEH000218,TSK006564,1
VEH000459,TSK006564,0
VEH000101,TSK006564,0
VEH000024,TSK006564,1
VEH000265,TSK006564,1
VEH000006,TSK006564,1
VEH000484,TSK006564,1
VEH000379,TSK006564,1
VEH000358,TSK006564,0
VEH000275,TSK006564,1
VEH000337,TSK006564,1
VEH000532,TSK006564,1
VEH000332,TSK006564,0
VEH000527,TSK006564,0
VEH000078,TSK006564,1
VEH000304,TSK006564,1
VEH000047,TSK006564,0
VEH000287,TSK006564,0
VEH000327,TSK006564,1
VEH000508,TSK006564,1
VEH000057,TSK006564,0
VEH000505,TSK006564,1
VEH000416,TSK006564,0
VEH000035,TSK006564,0
VEH000353,TSK006564,1
VEH000406,TSK006564,1
VEH000050,TSK006564,1
VEH000070,TSK006564,0
VEH000478,TSK006564,0
VEH000514,TSK006564,0
VEH000359,TSK006564,0
VEH000096,TSK006564,0
VEH000229,TSK006564,1
VEH000529,TSK006564,1
VEH000321,TSK006564,0
VEH000037,TSK006564,1
VEH000082,TSK006564,1
VEH000280,TSK006564,0
VEH000388,TSK006564,1
VEH000366,TSK006564,1
VEH000525,TSK006564,0
VEH000281,TSK006564,1
VEH000065,TSK006564,0
VEH000424,TSK006564,1
VEH000246,TSK006564,0
VEH000063,TSK006564,1
VEH000092,TSK006564,1
VEH000251,TSK006564,0
VEH000455,TSK006564,1
VEH000313,TSK006564,1
VEH000053,TSK006564,1
VEH000220,TSK006564,0
VEH000298,TSK006564,0
VEH000040,TSK006564,0
VEH000519,TSK006564,1
VEH000344,TSK006564,0
VEH000312,TSK006564,1
VEH000431,TSK006564,0
VEH000072,TSK006564,1
VEH000093,TSK006564,0
VEH000225,TSK006564,1
VEH000269,TSK006564,0
VEH000401,TSK006564,0
VEH000060,TSK006564,0
VEH000414,TSK006564,0
VEH000531,TSK006564,1
VEH000410,TSK006564,0
VEH000324,TSK006564,1
VEH000095,TSK006564,1
VEH000077,TSK006564,0
VEH000227,TSK006564,0
VEH000308,TSK006564,1
VEH000003,TSK006564,0
VEH000049,TSK006564,1
VEH000015,TSK006564,1
VEH000272,TSK006564,0
VEH000510,TSK006564,0
VEH000483,TSK006564,0
VEH000089,TSK006573,0
VEH000033,TSK006573,1
VEH000330,TSK006573,0
VEH000261,TSK006573,1
VEH000025,TSK006573,0
VEH000482,TSK006573,1
VEH000523,TSK006573,0
VEH000019,TSK006573,1
VEH000240,TSK006573,1
VEH000083,TSK006573,0
VEH000433,TSK006573,1
VEH000329,TSK006573,1
VEH000450,TSK006573,0
VEH000422,TSK006573,0
VEH000267,TSK006573,0
VEH000296,TSK006573,0
VEH000467,TSK006573,0
VEH000098,TSK006573,0
VEH000074,TSK006573,0
VEH000320,TSK006573,0
VEH000309,TSK006573,1
VEH000067,TSK006573,0
VEH000218,TSK006573,0
VEH000459,TSK006573,0
VEH000101,TSK006573,0
VEH000024,TSK006573,0
VEH000265,TSK006573,1
VEH000006,TSK006573,0
VEH000484,TSK006573,0
VEH000379,TSK006573,1
VEH000358,TSK006573,0
VEH000275,TSK006573,1
VEH000337,TSK006573,0
VEH000532,TSK006573,1
VEH000332,TSK006573,0
VEH000527,TSK006573,1
VEH000078,TSK006573,1
VEH000304,TSK006573,1
VEH000047,TSK006573,0
VEH000287,TSK006573,1
VEH000327,TSK006573,1
VEH000508,TSK006573,1
VEH000057,TSK006573,1
VEH000505,TSK006573,0
VEH000416,TSK006573,1
VEH000035,TSK006573,1
VEH000353,TSK006573,1
VEH000406,TSK006573,0
VEH000050,TSK006573,0
VEH000070,TSK006573,1
VEH000478,TSK006573,1
VEH000514,TSK006573,1
VEH000359,TSK006573,1
VEH000096,TSK006573,1
VEH000229,TSK006573,1
VEH000529,TSK006573,1
VEH000321,TSK006573,0
VEH000037,TSK006573,0
VEH000082,TSK006573,0
VEH000280,TSK006573,0
VEH000388,TSK006573,1
VEH000366,TSK006573,1
VEH000525,TSK006573,1
VEH000281,TSK006573,1
VEH000065,TSK006573,1
VEH000424,TSK006573,0
VEH000246,TSK006573,1
VEH000063,TSK006573,1
VEH000092,TSK006573,0
VEH000251,TSK006573,0
VEH000455,TSK006573,0
VEH000313,TSK006573,0
VEH000053,TSK006573,1
VEH000220,TSK006573,1
VEH000298,TSK006573,0
VEH000040,TSK006573,1
VEH000519,TSK006573,0
VEH000344,TSK006573,1
VEH000312,TSK006573,1
VEH000431,TSK006573,1
VEH000072,TSK006573,1
VEH000093,TSK006573,0
VEH000225,TSK006573,0
VEH000269,TSK006573,1
VEH000401,TSK006573,1
VEH000060,TSK006573,0
VEH000414,TSK006573,0
VEH000531,TSK006573,1
VEH000410,TSK006573,0
VEH000324,TSK006573,0
VEH000095,TSK006573,0
VEH000077,TSK006573,1
VEH000227,TSK006573,0
VEH000308,TSK006573,0
VEH000003,TSK006573,1
VEH000049,TSK006573,0
VEH000015,TSK006573,0
VEH000272,TSK006573,0
VEH000510,TSK006573,1
VEH000483,TSK006573,1
VEH000089,TSK006608,1
VEH000033,TSK006608,1
VEH000330,TSK006608,1
VEH000261,TSK006608,1
VEH000025,TSK006608,0
VEH000482,TSK006608,1
VEH000523,TSK006608,1
VEH000019,TSK006608,1
VEH000240,TSK006608,1
VEH000083,TSK006608,1
VEH000433,TSK006608,1
VEH000329,TSK006608,1
VEH000450,TSK006608,0
VEH000422,TSK006608,0
VEH000267,TSK006608,0
VEH000296,TSK006608,0
VEH000467,TSK006608,0
VEH000098,TSK006608,0
VEH000074,TSK006608,1
VEH000320,TSK006608,1
VEH000309,TSK006608,0
VEH000067,TSK006608,0
VEH000218,TSK006608,1
VEH000459,TSK006608,1
VEH000101,TSK006608,1
VEH000024,TSK006608,0
VEH000265,TSK006608,0
VEH000006,TSK006608,0
VEH000484,TSK006608,0
VEH000379,TSK006608,1
VEH000358,TSK006608,1
VEH000275,TSK006608,1
VEH000337,TSK006608,1
VEH000532,TSK006608,0
VEH000332,TSK006608,1
VEH000527,TSK006608,0
VEH000078,TSK006608,1
VEH000304,TSK006608,1
VEH000047,TSK006608,1
VEH000287,TSK006608,0
VEH000327,TSK006608,1
VEH000508,TSK006608,0
VEH000057,TSK006608,0
VEH000505,TSK006608,1
VEH000416,TSK006608,0
VEH000035,TSK006608,1
VEH000353,TSK006608,1
VEH000406,TSK006608,0
VEH000050,TSK006608,0
VEH000070,TSK006608,1
VEH000478,TSK006608,0
VEH000514,TSK006608,0
VEH000359,TSK006608,0
VEH000096,TSK006608,1
VEH000229,TSK006608,1
VEH000529,TSK006608,0
VEH000321,TSK006608,0
VEH000037,TSK006608,0
VEH000082,TSK006608,1
VEH000280,TSK006608,0
VEH000388,TSK006608,1
VEH000366,TSK006608,1
VEH000525,TSK006608,0
VEH000281,TSK006608,1
VEH000065,TSK006608,0
VEH000424,TSK006608,0
VEH000246,TSK006608,0
VEH000063,TSK006608,0
VEH000092,TSK006608,1
VEH000251,TSK006608,1
VEH000455,TSK006608,0
VEH000313,TSK006608,0
VEH000053,TSK006608,0
VEH000220,TSK006608,1
VEH000298,TSK006608,1
VEH000040,TSK006608,1
VEH000519,TSK006608,1
VEH000344,TSK006608,1
VEH000312,TSK006608,0
VEH000431,TSK006608,0
VEH000072,TSK006608,0
VEH000093,TSK006608,0
VEH000225,TSK006608,1
VEH000269,TSK006608,0
VEH000401,TSK006608,0
VEH000060,TSK006608,0
VEH000414,TSK006608,0
VEH000531,TSK006608,1
VEH000410,TSK006608,0
VEH000324,TSK006608,0
VEH000095,TSK006608,1
VEH000077,TSK006608,1
VEH000227,TSK006608,1
VEH000308,TSK006608,0
VEH000003,TSK006608,1
VEH000049,TSK006608,0
VEH000015,TSK006608,1
VEH000272,TSK006608,0
VEH000510,TSK006608,0
VEH000483,TSK006608,1
VEH000089,TSK006659,0
VEH000033,TSK006659,0
VEH000330,TSK006659,0
VEH000261,TSK006659,0
VEH000025,TSK006659,1
VEH000482,TSK006659,0
VEH000523,TSK006659,0
VEH000019,TSK006659,0
VEH000240,TSK006659,0
VEH000083,TSK006659,1
VEH000433,TSK006659,1
VEH000329,TSK006659,0
VEH000450,TSK006659,0
VEH000422,TSK006659,1
VEH000267,TSK006659,1
VEH000296,TSK006659,0
VEH000467,TSK006659,0
VEH000098,TSK006659,1
VEH000074,TSK006659,1
VEH000320,TSK006659,1
VEH000309,TSK006659,0
VEH000067,TSK006659,1
VEH000218,TSK006659,0
VEH000459,TSK006659,0
VEH000101,TSK006659,0
VEH000024,TSK006659,0
VEH000265,TSK006659,1
VEH000006,TSK006659,0
VEH000484,TSK006659,0
VEH000379,TSK006659,0
VEH000358,TSK006659,1
VEH000275,TSK006659,0
VEH000337,TSK006659,1
VEH000532,TSK006659,0
VEH000332,TSK006659,1
VEH000527,TSK006659,1
VEH000078,TSK006659,1
VEH000304,TSK006659,1
VEH000047,TSK006659,0
VEH000287,TSK006659,1
VEH000327,TSK006659,1
VEH000508,TSK006659,0
VEH000057,TSK006659,0
VEH000505,TSK006659,1
VEH000416,TSK006659,0
VEH000035,TSK006659,1
VEH000353,TSK006659,1
VEH000406,TSK006659,1
VEH000050,TSK006659,1
VEH000070,TSK006659,0
VEH000478,TSK006659,0
VEH000514,TSK006659,1
VEH000359,TSK006659,0
VEH000096,TSK006659,0
VEH000229,TSK006659,1
VEH000529,TSK006659,1
VEH000321,TSK006659,1
VEH000037,TSK006659,1
VEH000082,TSK006659,1
VEH000280,TSK006659,1
VEH000388,TSK006659,0
VEH000366,TSK006659,1
VEH000525,TSK006659,1
VEH000281,TSK006659,0
VEH000065,TSK006659,1
VEH000424,TSK006659,1
VEH000246,TSK006659,1
VEH000063,TSK006659,1
VEH000092,TSK006659,1
VEH000251,TSK006659,1
VEH000455,TSK006659,1
VEH000313,TSK006659,0
VEH000053,TSK006659,0
VEH000220,TSK006659,0
VEH000298,TSK006659,0
VEH000040,TSK006659,0
VEH000519,TSK006659,1
VEH000344,TSK006659,1
VEH000312,TSK006659,0
VEH000431,TSK006659,1
VEH000072,TSK006659,1
VEH000093,TSK006659,0
VEH000225,TSK006659,0
VEH000269,TSK006659,1
VEH000401,TSK006659,1
VEH000060,TSK006659,0
VEH000414,TSK006659,1
VEH000531,TSK006659,0
VEH000410,TSK006659,1
VEH000324,TSK006659,1
VEH000095,TSK006659,0
VEH000077,TSK006659,0
VEH000227,TSK006659,0
VEH000308,TSK006659,0
VEH000003,TSK006659,1
VEH000049,TSK006659,1
VEH000015,TSK006659,0
VEH000272,TSK006659,0
VEH000510,TSK006659,0
VEH000483,TSK006659,0
VEH000089,TSK006711,1
VEH000033,TSK006711,0
VEH000330,TSK006711,0
VEH000261,TSK006711,0
VEH000025,TSK006711,0
VEH000482,TSK006711,1
VEH000523,TSK006711,0
VEH000019,TSK006711,0
VEH000240,TSK006711,1
VEH000083,TSK006711,1
VEH000433,TSK006711,1
VEH000329,TSK006711,0
VEH000450,TSK006711,0
VEH000422,TSK006711,1
VEH000267,TSK006711,0
VEH000296,TSK006711,0
VEH000467,TSK006711,1
VEH000098,TSK006711,1
VEH000074,TSK006711,1
VEH000320,TSK006711,0
VEH000309,TSK006711,0
VEH000067,TSK006711,0
VEH000218,TSK006711,1
VEH000459,TSK006711,0
VEH000101,TSK006711,1
VEH000024,TSK006711,1
VEH000265,TSK006711,0
VEH000006,TSK006711,1
VEH000484,TSK006711,0
VEH000379,TSK006711,0
VEH000358,TSK006711,1
VEH000275,TSK006711,1
VEH000337,TSK006711,1
VEH000532,TSK006711,0
VEH000332,TSK006711,0
VEH000527,TSK006711,0
VEH000078,TSK006711,1
VEH000304,TSK006711,1
VEH000047,TSK006711,0
VEH000287,TSK006711,0
VEH000327,TSK006711,0
VEH000508,TSK006711,1
VEH000057,TSK006711,1
VEH000505,TSK006711,0
VEH000416,TSK006711,0
VEH000035,TSK006711,0
VEH000353,TSK006711,0
VEH000406,TSK006711,1
VEH000050,TSK006711,0
VEH000070,TSK006711,1
VEH000478,TSK006711,0
VEH000514,TSK006711,1
VEH000359,TSK006711,1
VEH000096,TSK006711,1
VEH000229,TSK006711,1
VEH000529,TSK006711,0
VEH000321,TSK006711,0
VEH000037,TSK006711,0
VEH000082,TSK006711,1
VEH000280,TSK006711,0
VEH000388,TSK006711,0
VEH000366,TSK006711,1
VEH000525,TSK006711,0
VEH000281,TSK006711,1
VEH000065,TSK006711,0
VEH000424,TSK006711,1
VEH000246,TSK006711,1
VEH000063,TSK006711,1
VEH000092,TSK006711,1
VEH000251,TSK006711,1
VEH000455,TSK006711,0
VEH000313,TSK006711,1
VEH000053,TSK006711,0
VEH000220,TSK006711,1
VEH000298,TSK006711,0
VEH000040,TSK006711,1
VEH000519,TSK006711,1
VEH000344,TSK006711,0
VEH000312,TSK006711,0
VEH000431,TSK006711,0
VEH000072,TSK006711,1
VEH000093,TSK006711,1
VEH000225,TSK006711,1
VEH000269,TSK006711,0
VEH000401,TSK006711,1
VEH000060,TSK006711,1
VEH000414,TSK006711,1
VEH000531,TSK006711,1
VEH000410,TSK006711,1
VEH000324,TSK006711,0
VEH000095,TSK006711,0
VEH000077,TSK006711,0
VEH000227,TSK006711,1
VEH000308,TSK006711,1
VEH000003,TSK006711,0
VEH000049,TSK006711,1
VEH000015,TSK006711,0
VEH000272,TSK006711,0
VEH000510,TSK006711,1
VEH000483,TSK006711,0
VEH000089,TSK006739,0
VEH000033,TSK006739,0
VEH000330,TSK006739,1
VEH000261,TSK006739,0
VEH000025,TSK006739,0
VEH000482,TSK006739,0
VEH000523,TSK006739,0
VEH000019,TSK006739,0
VEH000240,TSK006739,0
VEH000083,TSK006739,0
VEH000433,TSK006739,1
VEH000329,TSK006739,1
VEH000450,TSK006739,1
VEH000422,TSK006739,0
VEH000267,TSK006739,0
VEH000296,TSK006739,1
VEH000467,TSK006739,1
VEH000098,TSK006739,0
VEH000074,TSK006739,0
VEH000320,TSK006739,0
VEH000309,TSK006739,1
VEH000067,TSK006739,0
VEH000218,TSK006739,1
VEH000459,TSK006739,1
VEH000101,TSK006739,1
VEH000024,TSK006739,0
VEH000265,TSK006739,0
VEH000006,TSK006739,0
VEH000484,TSK006739,1
VEH000379,TSK006739,1
VEH000358,TSK006739,0
VEH000275,TSK006739,1
VEH000337,TSK006739,1
VEH000532,TSK006739,0
VEH000332,TSK006739,1
VEH000527,TSK006739,0
VEH000078,TSK006739,0
VEH000304,TSK006739,0
VEH000047,TSK006739,1
VEH000287,TSK006739,1
VEH000327,TSK006739,0
VEH000508,TSK006739,1
VEH000057,TSK006739,0
VEH000505,TSK006739,0
VEH000416,TSK006739,0
VEH000035,TSK006739,1
VEH000353,TSK006739,1
VEH000406,TSK006739,1
VEH000050,TSK006739,1
VEH000070,TSK006739,0
VEH000478,TSK006739,0
VEH000514,TSK006739,1
VEH000359,TSK006739,0
VEH000096,TSK006739,1
VEH000229,TSK006739,1
VEH000529,TSK006739,1
VEH000321,TSK006739,0
VEH000037,TSK006739,1
VEH000082,TSK006739,0
VEH000280,TSK006739,1
VEH000388,TSK006739,1
VEH000366,TSK006739,1
VEH000525,TSK006739,0
VEH000281,TSK006739,1
VEH000065,TSK006739,0
VEH000424,TSK006739,0
VEH000246,TSK006739,1
VEH000063,TSK006739,0
VEH000092,TSK006739,1
VEH000251,TSK006739,1
VEH000455,TSK006739,0
VEH000313,TSK006739,1
VEH000053,TSK006739,1
VEH000220,TSK006739,0
VEH000298,TSK006739,1
VEH000040,TSK006739,1
VEH000519,TSK006739,0
VEH000344,TSK006739,0
VEH000312,TSK006739,1
VEH000431,TSK006739,0
VEH000072,TSK006739,1
VEH000093,TSK006739,0
VEH000225,TSK006739,0
VEH000269,TSK006739,1
VEH000401,TSK006739,0
VEH000060,TSK006739,0
VEH000414,TSK006739,1
VEH000531,TSK006739,1
VEH000410,TSK006739,1
VEH000324,TSK006739,0
VEH000095,TSK006739,1
VEH000077,TSK006739,1
VEH000227,TSK006739,1
VEH000308,TSK006739,1
VEH000003,TSK006739,0
VEH000049,TSK006739,0
VEH000015,TSK006739,0
VEH000272,TSK006739,1
VEH000510,TSK006739,1
VEH000483,TSK006739,0
VEH000089,TSK006771,0
VEH000033,TSK006771,0
VEH000330,TSK006771,1
VEH000261,TSK006771,1
VEH000025,TSK006771,1
VEH000482,TSK006771,0
VEH000523,TSK006771,1
VEH000019,TSK006771,0
VEH000240,TSK006771,0
VEH000083,TSK006771,1
VEH000433,TSK006771,1
VEH000329,TSK006771,1
VEH000450,TSK006771,0
VEH000422,TSK006771,1
VEH000267,TSK006771,1
VEH000296,TSK006771,1
VEH000467,TSK006771,1
VEH000098,TSK006771,0
VEH000074,TSK006771,0
VEH000320,TSK006771,1
VEH000309,TSK006771,0
VEH000067,TSK006771,0
VEH000218,TSK006771,0
VEH000459,TSK006771,1
VEH000101,TSK006771,0
VEH000024,TSK006771,1
VEH000265,TSK006771,0
VEH000006,TSK006771,0
VEH000484,TSK006771,0
VEH000379,TSK006771,1
VEH000358,TSK006771,1
VEH000275,TSK006771,0
VEH000337,TSK006771,1
VEH000532,TSK006771,0
VEH000332,TSK006771,1
VEH000527,TSK006771,0
VEH000078,TSK006771,1
VEH000304,TSK006771,1
VEH000047,TSK006771,1
VEH000287,TSK006771,0
VEH000327,TSK006771,1
VEH000508,TSK006771,0
VEH000057,TSK006771,1
VEH000505,TSK006771,0
VEH000416,TSK006771,1
VEH000035,TSK006771,1
VEH000353,TSK006771,1
VEH000406,TSK006771,1
VEH000050,TSK006771,0
VEH000070,TSK006771,1
VEH000478,TSK006771,1
VEH000514,TSK006771,0
VEH000359,TSK006771,1
VEH000096,TSK006771,0
VEH000229,TSK006771,1
VEH000529,TSK006771,0
VEH000321,TSK006771,0
VEH000037,TSK006771,0
VEH000082,TSK006771,0
VEH000280,TSK006771,0
VEH000388,TSK006771,1
VEH000366,TSK006771,1
VEH000525,TSK006771,1
VEH000281,TSK006771,0
VEH000065,TSK006771,0
VEH000424,TSK006771,0
VEH000246,TSK006771,1
VEH000063,TSK006771,0
VEH000092,TSK006771,1
VEH000251,TSK006771,0
VEH000455,TSK006771,0
VEH000313,TSK006771,1
VEH000053,TSK006771,0
VEH000220,TSK006771,0
VEH000298,TSK006771,0
VEH000040,TSK006771,1
VEH000519,TSK006771,0
VEH000344,TSK006771,0
VEH000312,TSK006771,1
VEH000431,TSK006771,1
VEH000072,TSK006771,1
VEH000093,TSK006771,1
VEH000225,TSK006771,0
VEH000269,TSK006771,1
VEH000401,TSK006771,0
VEH000060,TSK006771,1
VEH000414,TSK006771,0
VEH000531,TSK006771,0
VEH000410,TSK006771,1
VEH000324,TSK006771,0
VEH000095,TSK006771,0
VEH000077,TSK006771,1
VEH000227,TSK006771,0
VEH000308,TSK006771,0
VEH000003,TSK006771,0
VEH000049,TSK006771,1
VEH000015,TSK006771,1
VEH000272,TSK006771,1
VEH000510,TSK006771,1
VEH000483,TSK006771,0
VEH000089,TSK006806,0
VEH000033,TSK006806,1
VEH000330,TSK006806,1
VEH000261,TSK006806,0
VEH000025,TSK006806,1
VEH000482,TSK006806,0
VEH000523,TSK006806,1
VEH000019,TSK006806,1
VEH000240,TSK006806,0
VEH000083,TSK006806,0
VEH000433,TSK006806,0
VEH000329,TSK006806,0
VEH000450,TSK006806,1
VEH000422,TSK006806,0
VEH000267,TSK006806,0
VEH000296,TSK006806,1
VEH000467,TSK006806,1
VEH000098,TSK006806,1
VEH000074,TSK006806,1
VEH000320,TSK006806,0
VEH000309,TSK006806,0
VEH000067,TSK006806,0
VEH000218,TSK006806,0
VEH000459,TSK006806,1
VEH000101,TSK006806,0
VEH000024,TSK006806,1
VEH000265,TSK006806,1
VEH000006,TSK006806,1
VEH000484,TSK006806,0
VEH000379,TSK006806,0
VEH000358,TSK006806,1
VEH000275,TSK006806,0
VEH000337,TSK006806,1
VEH000532,TSK006806,0
VEH000332,TSK006806,1
VEH000527,TSK006806,1
VEH000078,TSK006806,0
VEH000304,TSK006806,0
VEH000047,TSK006806,1
VEH000287,TSK006806,1
VEH000327,TSK006806,1
VEH000508,TSK006806,0
VEH000057,TSK006806,1
VEH000505,TSK006806,0
VEH000416,TSK006806,1
VEH000035,TSK006806,0
VEH000353,TSK006806,0
VEH000406,TSK006806,0
VEH000050,TSK006806,0
VEH000070,TSK006806,0
VEH000478,TSK006806,1
VEH000514,TSK006806,0
VEH000359,TSK006806,0
VEH000096,TSK006806,1
VEH000229,TSK006806,1
VEH000529,TSK006806,1
VEH000321,TSK006806,1
VEH000037,TSK006806,1
VEH000082,TSK006806,0
VEH000280,TSK006806,1
VEH000388,TSK006806,0
VEH000366,TSK006806,1
VEH000525,TSK006806,1
VEH000281,TSK006806,1
VEH000065,TSK006806,1
VEH000424,TSK006806,0
VEH000246,TSK006806,0
VEH000063,TSK006806,0
VEH000092,TSK006806,0
VEH000251,TSK006806,1
VEH000455,TSK006806,0
VEH000313,TSK006806,0
VEH000053,TSK006806,0
VEH000220,TSK006806,0
VEH000298,TSK006806,0
VEH000040,TSK006806,1
VEH000519,TSK006806,1
VEH000344,TSK006806,0
VEH000312,TSK006806,1
VEH000431,TSK006806,0
VEH000072,TSK006806,1
VEH000093,TSK006806,1
VEH000225,TSK006806,0
VEH000269,TSK006806,1
VEH000401,TSK006806,0
VEH000060,TSK006806,1
VEH000414,TSK006806,0
VEH000531,TSK006806,0
VEH000410,TSK006806,1
VEH000324,TSK006806,1
VEH000095,TSK006806,1
VEH000077,TSK006806,0
VEH000227,TSK006806,1
VEH000308,TSK006806,0
VEH000003,TSK006806,1
VEH000049,TSK006806,0
VEH000015,TSK006806,1
VEH000272,TSK006806,1
VEH000510,TSK006806,1
VEH000483,TSK006806,0
VEH000089,TSK006846,1
VEH000033,TSK006846,0
VEH000330,TSK006846,1
VEH000261,TSK006846,0
VEH000025,TSK006846,1
VEH000482,TSK006846,0
VEH000523,TSK006846,0
VEH000019,TSK006846,0
VEH000240,TSK006846,1
VEH000083,TSK006846,0
VEH000433,TSK006846,1
VEH000329,TSK006846,1
VEH000450,TSK006846,1
VEH000422,TSK006846,1
VEH000267,TSK006846,1
VEH000296,TSK006846,1
VEH000467,TSK006846,1
VEH000098,TSK006846,1
VEH000074,TSK006846,1
VEH000320,TSK006846,0
VEH000309,TSK006846,0
VEH000067,TSK006846,1
VEH000218,TSK006846,0
VEH000459,TSK006846,0
VEH000101,TSK006846,1
VEH000024,TSK006846,0
VEH000265,TSK006846,0
VEH000006,TSK006846,0
VEH000484,TSK006846,1
VEH000379,TSK006846,1
VEH000358,TSK006846,1
VEH000275,TSK006846,0
VEH000337,TSK006846,0
VEH000532,TSK006846,0
VEH000332,TSK006846,0
VEH000527,TSK006846,1
VEH000078,TSK006846,0
VEH000304,TSK006846,0
VEH000047,TSK006846,1
VEH000287,TSK006846,1
VEH000327,TSK006846,1
VEH000508,TSK006846,0
VEH000057,TSK006846,1
VEH000505,TSK006846,1
VEH000416,TSK006846,0
VEH000035,TSK006846,1
VEH000353,TSK006846,0
VEH000406,TSK006846,1
VEH000050,TSK006846,0
VEH000070,TSK006846,0
VEH000478,TSK006846,1
VEH000514,TSK006846,0
VEH000359,TSK006846,1
VEH000096,TSK006846,0
VEH000229,TSK006846,0
VEH000529,TSK006846,0
VEH000321,TSK006846,0
VEH000037,TSK006846,1
VEH000082,TSK006846,1
VEH000280,TSK006846,1
VEH000388,TSK006846,0
VEH000366,TSK006846,1
VEH000525,TSK006846,0
VEH000281,TSK006846,0
VEH000065,TSK006846,1
VEH000424,TSK006846,0
VEH000246,TSK006846,1
VEH000063,TSK006846,0
VEH000092,TSK006846,0
VEH000251,TSK006846,1
VEH000455,TSK006846,1
VEH000313,TSK006846,0
VEH000053,TSK006846,1
VEH000220,TSK006846,0
VEH000298,TSK006846,0
VEH000040,TSK006846,0
VEH000519,TSK006846,1
VEH000344,TSK006846,0
VEH000312,TSK006846,1
VEH000431,TSK006846,0
VEH000072,TSK006846,0
VEH000093,TSK006846,0
VEH000225,TSK006846,0
VEH000269,TSK006846,0
VEH000401,TSK006846,1
VEH000060,TSK006846,0
VEH000414,TSK006846,1
VEH000531,TSK006846,1
VEH000410,TSK006846,0
VEH000324,TSK006846,1
VEH000095,TSK006846,1
VEH000077,TSK006846,1
VEH000227,TSK006846,0
VEH000308,TSK006846,1
VEH000003,TSK006846,1
VEH000049,TSK006846,1
VEH000015,TSK006846,0
VEH000272,TSK006846,1
VEH000510,TSK006846,0
VEH000483,TSK006846,1
VEH000089,TSK006872,1
VEH000033,TSK006872,1
VEH000330,TSK006872,1
VEH000261,TSK006872,1
VEH000025,TSK006872,1
VEH000482,TSK006872,1
VEH000523,TSK006872,1
VEH000019,TSK006872,1
VEH000240,TSK006872,1
VEH000083,TSK006872,0
VEH000433,TSK006872,1
VEH000329,TSK006872,0
VEH000450,TSK006872,0
VEH000422,TSK006872,1
VEH000267,TSK006872,1
VEH000296,TSK006872,1
VEH000467,TSK006872,0
VEH000098,TSK006872,0
VEH000074,TSK006872,1
VEH000320,TSK006872,1
VEH000309,TSK006872,1
VEH000067,TSK006872,0
VEH000218,TSK006872,1
VEH000459,TSK006872,0
VEH000101,TSK006872,0
VEH000024,TSK006872,1
VEH000265,TSK006872,0
VEH000006,TSK006872,0
VEH000484,TSK006872,0
VEH000379,TSK006872,0
VEH000358,TSK006872,0
VEH000275,TSK006872,1
VEH000337,TSK006872,0
VEH000532,TSK006872,0
VEH000332,TSK006872,0
VEH000527,TSK006872,0
VEH000078,TSK006872,0
VEH000304,TSK006872,0
VEH000047,TSK006872,0
VEH000287,TSK006872,0
VEH000327,TSK006872,1
VEH000508,TSK006872,0
VEH000057,TSK006872,0
VEH000505,TSK006872,0
VEH000416,TSK006872,1
VEH000035,TSK006872,1
VEH000353,TSK006872,0
VEH000406,TSK006872,0
VEH000050,TSK006872,1
VEH000070,TSK006872,0
VEH000478,TSK006872,0
VEH000514,TSK006872,1
VEH000359,TSK006872,1
VEH000096,TSK006872,1
VEH000229,TSK006872,1
VEH000529,TSK006872,1
VEH000321,TSK006872,1
VEH000037,TSK006872,0
VEH000082,TSK006872,1
VEH000280,TSK006872,1
VEH000388,TSK006872,0
VEH000366,TSK006872,0
VEH000525,TSK006872,1
VEH000281,TSK006872,1
VEH000065,TSK006872,0
VEH000424,TSK006872,0
VEH000246,TSK006872,1
VEH000063,TSK006872,1
VEH000092,TSK006872,0
VEH000251,TSK006872,0
VEH000455,TSK006872,1
VEH000313,TSK006872,0
VEH000053,TSK006872,1
VEH000220,TSK006872,1
VEH000298,TSK006872,1
VEH000040,TSK006872,0
VEH000519,TSK006872,1
VEH000344,TSK006872,0
VEH000312,TSK006872,0
VEH000431,TSK006872,0
VEH000072,TSK006872,1
VEH000093,TSK006872,0
VEH000225,TSK006872,1
VEH000269,TSK006872,0
VEH000401,TSK006872,1
VEH000060,TSK006872,0
VEH000414,TSK006872,0
VEH000531,TSK006872,0
VEH000410,TSK006872,1
VEH000324,TSK006872,0
VEH000095,TSK006872,0
VEH000077,TSK006872,1
VEH000227,TSK006872,1
VEH000308,TSK006872,1
VEH000003,TSK006872,1
VEH000049,TSK006872,0
VEH000015,TSK006872,1
VEH000272,TSK006872,0
VEH000510,TSK006872,0
VEH000483,TSK006872,1
VEH000089,TSK006900,1
VEH000033,TSK006900,0
VEH000330,TSK006900,1
VEH000261,TSK006900,0
VEH000025,TSK006900,0
VEH000482,TSK006900,1
VEH000523,TSK006900,1
VEH000019,TSK006900,0
VEH000240,TSK006900,0
VEH000083,TSK006900,0
VEH000433,TSK006900,0
VEH000329,TSK006900,0
VEH000450,TSK006900,1
VEH000422,TSK006900,0
VEH000267,TSK006900,1
VEH000296,TSK006900,0
VEH000467,TSK006900,0
VEH000098,TSK006900,1
VEH000074,TSK006900,1
VEH000320,TSK006900,1
VEH000309,TSK006900,0
VEH000067,TSK006900,1
VEH000218,TSK006900,0
VEH000459,TSK006900,0
VEH000101,TSK006900,0
VEH000024,TSK006900,0
VEH000265,TSK006900,1
VEH000006,TSK006900,0
VEH000484,TSK006900,1
VEH000379,TSK006900,1
VEH000358,TSK006900,0
VEH000275,TSK006900,0
VEH000337,TSK006900,0
VEH000532,TSK006900,1
VEH000332,TSK006900,0
VEH000527,TSK006900,0
VEH000078,TSK006900,1
VEH000304,TSK006900,0
VEH000047,TSK006900,0
VEH000287,TSK006900,0
VEH000327,TSK006900,1
VEH000508,TSK006900,1
VEH000057,TSK006900,1
VEH000505,TSK006900,0
VEH000416,TSK006900,1
VEH000035,TSK006900,0
VEH000353,TSK006900,0
VEH000406,TSK006900,0
VEH000050,TSK006900,1
VEH000070,TSK006900,1
VEH000478,TSK006900,1
VEH000514,TSK006900,1
VEH000359,TSK006900,0
VEH000096,TSK006900,0
VEH000229,TSK006900,1
VEH000529,TSK006900,1
VEH000321,TSK006900,0
VEH000037,TSK006900,0
VEH000082,TSK006900,1
VEH000280,TSK006900,1
VEH000388,TSK006900,1
VEH000366,TSK006900,1
VEH000525,TSK006900,1
VEH000281,TSK006900,1
VEH000065,TSK006900,1
VEH000424,TSK006900,1
VEH000246,TSK006900,0
VEH000063,TSK006900,0
VEH000092,TSK006900,1
VEH000251,TSK006900,1
VEH000455,TSK006900,1
VEH000313,TSK006900,1
VEH000053,TSK006900,1
VEH000220,TSK006900,0
VEH000298,TSK006900,0
VEH000040,TSK006900,0
VEH000519,TSK006900,1
VEH000344,TSK006900,0
VEH000312,TSK006900,0
VEH000431,TSK006900,1
VEH000072,TSK006900,0
VEH000093,TSK006900,0
VEH000225,TSK006900,0
VEH000269,TSK006900,1
VEH000401,TSK006900,0
VEH000060,TSK006900,1
VEH000414,TSK006900,1
VEH000531,TSK006900,0
VEH000410,TSK006900,0
VEH000324,TSK006900,1
VEH000095,TSK006900,1
VEH000077,TSK006900,0
VEH000227,TSK006900,0
VEH000308,TSK006900,0
VEH000003,TSK006900,1
VEH000049,TSK006900,1
VEH000015,TSK006900,1
VEH000272,TSK006900,1
VEH000510,TSK006900,0
VEH000483,TSK006900,1
VEH000089,TSK006921,0
VEH000033,TSK006921,0
VEH000330,TSK006921,0
VEH000261,TSK006921,1
VEH000025,TSK006921,0
VEH000482,TSK006921,1
VEH000523,TSK006921,1
VEH000019,TSK006921,0
VEH000240,TSK006921,1
VEH000083,TSK006921,1
VEH000433,TSK006921,1
VEH000329,TSK006921,1
VEH000450,TSK006921,1
VEH000422,TSK006921,0
VEH000267,TSK006921,0
VEH000296,TSK006921,1
VEH000467,TSK006921,0
VEH000098,TSK006921,0
VEH000074,TSK006921,1
VEH000320,TSK006921,1
VEH000309,TSK006921,1
VEH000067,TSK006921,1
VEH000218,TSK006921,0
VEH000459,TSK006921,0
VEH000101,TSK006921,1
VEH000024,TSK006921,1
VEH000265,TSK006921,0
VEH000006,TSK006921,0
VEH000484,TSK006921,1
VEH000379,TSK006921,0
VEH000358,TSK006921,0
VEH000275,TSK006921,1
VEH000337,TSK006921,0
VEH000532,TSK006921,1
VEH000332,TSK006921,1
VEH000527,TSK006921,0
VEH000078,TSK006921,0
VEH000304,TSK006921,0
VEH000047,TSK006921,0
VEH000287,TSK006921,1
VEH000327,TSK006921,1
VEH000508,TSK006921,1
VEH000057,TSK006921,1
VEH000505,TSK006921,0
VEH000416,TSK006921,0
VEH000035,TSK006921,0
VEH000353,TSK006921,0
VEH000406,TSK006921,1
VEH000050,TSK006921,0
VEH000070,TSK006921,0
VEH000478,TSK006921,1
VEH000514,TSK006921,1
VEH000359,TSK006921,1
VEH000096,TSK006921,0
VEH000229,TSK006921,1
VEH000529,TSK006921,1
VEH000321,TSK006921,0
VEH000037,TSK006921,0
VEH000082,TSK006921,1
VEH000280,TSK006921,0
VEH000388,TSK006921,1
VEH000366,TSK006921,0
VEH000525,TSK006921,0
VEH000281,TSK006921,0
VEH000065,TSK006921,0
VEH000424,TSK006921,0
VEH000246,TSK006921,1
VEH000063,TSK006921,0
VEH000092,TSK006921,1
VEH000251,TSK006921,0
VEH000455,TSK006921,1
VEH000313,TSK006921,0
VEH000053,TSK006921,0
VEH000220,TSK006921,1
VEH000298,TSK006921,0
VEH000040,TSK006921,0
VEH000519,TSK006921,0
VEH000344,TSK006921,0
VEH000312,TSK006921,1
VEH000431,TSK006921,0
VEH000072,TSK006921,0
VEH000093,TSK006921,0
VEH000225,TSK006921,0
VEH000269,TSK006921,1
VEH000401,TSK006921,0
VEH000060,TSK006921,1
VEH000414,TSK006921,1
VEH000531,TSK006921,1
VEH000410,TSK006921,1
VEH000324,TSK006921,1
VEH000095,TSK006921,1
VEH000077,TSK006921,1
VEH000227,TSK006921,1
VEH000308,TSK006921,1
VEH000003,TSK006921,1
VEH000049,TSK006921,1
VEH000015,TSK006921,0
VEH000272,TSK006921,1
VEH000510,TSK006921,1
VEH000483,TSK006921,0
VEH000089,TSK006923,0
VEH000033,TSK006923,0
VEH000330,TSK006923,0
VEH000261,TSK006923,0
VEH000025,TSK006923,0
VEH000482,TSK006923,0
VEH000523,TSK006923,1
VEH000019,TSK006923,1
VEH000240,TSK006923,1
VEH000083,TSK006923,0
VEH000433,TSK006923,0
VEH000329,TSK006923,1
VEH000450,TSK006923,0
VEH000422,TSK006923,1
VEH000267,TSK006923,0
VEH000296,TSK006923,0
VEH000467,TSK006923,1
VEH000098,TSK006923,1
VEH000074,TSK006923,1
VEH000320,TSK006923,1
VEH000309,TSK006923,0
VEH000067,TSK006923,0
VEH000218,TSK006923,1
VEH000459,TSK006923,0
VEH000101,TSK006923,0
VEH000024,TSK006923,1
VEH000265,TSK006923,0
VEH000006,TSK006923,0
VEH000484,TSK006923,1
VEH000379,TSK006923,1
VEH000358,TSK006923,0
VEH000275,TSK006923,1
VEH000337,TSK006923,1
VEH000532,TSK006923,1
VEH000332,TSK006923,1
VEH000527,TSK006923,1
VEH000078,TSK006923,1
VEH000304,TSK006923,0
VEH000047,TSK006923,1
VEH000287,TSK006923,0
VEH000327,TSK006923,1
VEH000508,TSK006923,0
VEH000057,TSK006923,1
VEH000505,TSK006923,0
VEH000416,TSK006923,0
VEH000035,TSK006923,1
VEH000353,TSK006923,1
VEH000406,TSK006923,1
VEH000050,TSK006923,1
VEH000070,TSK006923,0
VEH000478,TSK006923,1
VEH000514,TSK006923,0
VEH000359,TSK006923,1
VEH000096,TSK006923,0
VEH000229,TSK006923,0
VEH000529,TSK006923,1
VEH000321,TSK006923,0
VEH000037,TSK006923,0
VEH000082,TSK006923,1
VEH000280,TSK006923,0
VEH000388,TSK006923,1
VEH000366,TSK006923,1
VEH000525,TSK006923,1
VEH000281,TSK006923,1
VEH000065,TSK006923,1
VEH000424,TSK006923,1
VEH000246,TSK006923,0
VEH000063,TSK006923,0
VEH000092,TSK006923,1
VEH000251,TSK006923,0
VEH000455,TSK006923,1
VEH000313,TSK006923,0
VEH000053,TSK006923,1
VEH000220,TSK006923,0
VEH000298,TSK006923,0
VEH000040,TSK006923,0
VEH000519,TSK006923,0
VEH000344,TSK006923,1
VEH000312,TSK006923,1
VEH000431,TSK006923,0
VEH000072,TSK006923,0
VEH000093,TSK006923,1
VEH000225,TSK006923,0
VEH000269,TSK006923,0
VEH000401,TSK006923,0
VEH000060,TSK006923,0
VEH000414,TSK006923,1
VEH000531,TSK006923,0
VEH000410,TSK006923,1
VEH000324,TSK006923,0
VEH000095,TSK006923,0
VEH000077,TSK006923,1
VEH000227,TSK006923,1
VEH000308,TSK006923,0
VEH000003,TSK006923,1
VEH000049,TSK006923,0
VEH000015,TSK006923,0
VEH000272,TSK006923,1
VEH000510,TSK006923,1
VEH000483,TSK006923,1
VEH000089,TSK006958,1
VEH000033,TSK006958,0
VEH000330,TSK006958,0
VEH000261,TSK006958,1
VEH000025,TSK006958,1
VEH000482,TSK006958,1
VEH000523,TSK006958,1
VEH000019,TSK006958,0
VEH000240,TSK006958,0
VEH000083,TSK006958,1
VEH000433,TSK006958,0
VEH000329,TSK006958,1
VEH000450,TSK006958,0
VEH000422,TSK006958,0
VEH000267,TSK006958,0
VEH000296,TSK006958,0
VEH000467,TSK006958,1
VEH000098,TSK006958,1
VEH000074,TSK006958,0
VEH000320,TSK006958,0
VEH000309,TSK006958,1
VEH000067,TSK006958,1
VEH000218,TSK006958,1
VEH000459,TSK006958,0
VEH000101,TSK006958,1
VEH000024,TSK006958,1
VEH000265,TSK006958,1
VEH000006,TSK006958,1
VEH000484,TSK006958,0
VEH000379,TSK006958,0
VEH000358,TSK006958,1
VEH000275,TSK006958,0
VEH000337,TSK006958,1
VEH000532,TSK006958,0
VEH000332,TSK006958,0
VEH000527,TSK006958,0
VEH000078,TSK006958,0
VEH000304,TSK006958,1
VEH000047,TSK006958,0
VEH000287,TSK006958,1
VEH000327,TSK006958,0
VEH000508,TSK006958,0
VEH000057,TSK006958,0
VEH000505,TSK006958,0
VEH000416,TSK006958,1
VEH000035,TSK006958,1
VEH000353,TSK006958,0
VEH000406,TSK006958,0
VEH000050,TSK006958,0
VEH000070,TSK006958,0
VEH000478,TSK006958,0
VEH000514,TSK006958,1
VEH000359,TSK006958,0
VEH000096,TSK006958,0
VEH000229,TSK006958,1
VEH000529,TSK006958,0
VEH000321,TSK006958,0
VEH000037,TSK006958,0
VEH000082,TSK006958,1
VEH000280,TSK006958,1
VEH000388,TSK006958,0
VEH000366,TSK006958,1
VEH000525,TSK006958,0
VEH000281,TSK006958,0
VEH000065,TSK006958,1
VEH000424,TSK006958,0
VEH000246,TSK006958,0
VEH000063,TSK006958,1
VEH000092,TSK006958,1
VEH000251,TSK006958,0
VEH000455,TSK006958,0
VEH000313,TSK006958,1
VEH000053,TSK006958,1
VEH000220,TSK006958,0
VEH000298,TSK006958,1
VEH000040,TSK006958,1
VEH000519,TSK006958,0
VEH000344,TSK006958,1
VEH000312,TSK006958,1
VEH000431,TSK006958,1
VEH000072,TSK006958,1
VEH000093,TSK006958,1
VEH000225,TSK006958,1
VEH000269,TSK006958,0
VEH000401,TSK006958,1
VEH000060,TSK006958,0
VEH000414,TSK006958,0
VEH000531,TSK006958,1
VEH000410,TSK006958,1
VEH000324,TSK006958,1
VEH000095,TSK006958,1
VEH000077,TSK006958,1
VEH000227,TSK006958,0
VEH000308,TSK006958,1
VEH000003,TSK006958,0
VEH000049,TSK006958,0
VEH000015,TSK006958,1
VEH000272,TSK006958,0
VEH000510,TSK006958,1
VEH000483,TSK006958,1
VEH000089,TSK006973,1
VEH000033,TSK006973,0
VEH000330,TSK006973,1
VEH000261,TSK006973,0
VEH000025,TSK006973,1
VEH000482,TSK006973,1
VEH000523,TSK006973,1
VEH000019,TSK006973,0
VEH000240,TSK006973,1
VEH000083,TSK006973,0
VEH000433,TSK006973,1
VEH000329,TSK006973,0
VEH000450,TSK006973,0
VEH000422,TSK006973,0
VEH000267,TSK006973,0
VEH000296,TSK006973,0
VEH000467,TSK006973,1
VEH000098,TSK006973,0
VEH000074,TSK006973,1
VEH000320,TSK006973,0
VEH000309,TSK006973,1
VEH000067,TSK006973,0
VEH000218,TSK006973,0
VEH000459,TSK006973,1
VEH000101,TSK006973,1
VEH000024,TSK006973,1
VEH000265,TSK006973,0
VEH000006,TSK006973,1
VEH000484,TSK006973,0
VEH000379,TSK006973,1
VEH000358,TSK006973,1
VEH000275,TSK006973,0
VEH000337,TSK006973,1
VEH000532,TSK006973,0
VEH000332,TSK006973,1
VEH000527,TSK006973,1
VEH000078,TSK006973,1
VEH000304,TSK006973,0
VEH000047,TSK006973,0
VEH000287,TSK006973,1
VEH000327,TSK006973,1
VEH000508,TSK006973,0
VEH000057,TSK006973,0
VEH000505,TSK006973,0
VEH000416,TSK006973,1
VEH000035,TSK006973,0
VEH000353,TSK006973,1
VEH000406,TSK006973,0
VEH000050,TSK006973,1
VEH000070,TSK006973,1
VEH000478,TSK006973,0
VEH000514,TSK006973,1
VEH000359,TSK006973,1
VEH000096,TSK006973,0
VEH000229,TSK006973,0
VEH000529,TSK006973,1
VEH000321,TSK006973,1
VEH000037,TSK006973,0
VEH000082,TSK006973,1
VEH000280,TSK006973,0
VEH000388,TSK006973,0
VEH000366,TSK006973,1
VEH000525,TSK006973,1
VEH000281,TSK006973,1
VEH000065,TSK006973,1
VEH000424,TSK006973,0
VEH000246,TSK006973,1
VEH000063,TSK006973,0
VEH000092,TSK006973,0
VEH000251,TSK006973,0
VEH000455,TSK006973,0
VEH000313,TSK006973,1
VEH000053,TSK006973,0
VEH000220,TSK006973,0
VEH000298,TSK006973,0
VEH000040,TSK006973,0
VEH000519,TSK006973,1
VEH000344,TSK006973,0
VEH000312,TSK006973,1
VEH000431,TSK006973,0
VEH000072,TSK006973,0
VEH000093,TSK006973,1
VEH000225,TSK006973,1
VEH000269,TSK006973,1
VEH000401,TSK006973,0
VEH000060,TSK006973,0
VEH000414,TSK006973,1
VEH000531,TSK006973,1
VEH000410,TSK006973,1
VEH000324,TSK006973,0
VEH000095,TSK006973,1
VEH000077,TSK006973,1
VEH000227,TSK006973,0
VEH000308,TSK006973,0
VEH000003,TSK006973,0
VEH000049,TSK006973,0
VEH000015,TSK006973,1
VEH000272,TSK006973,1
VEH000510,TSK006973,1
VEH000483,TSK006973,0
VEH000089,TSK006977,0
VEH000033,TSK006977,1
VEH000330,TSK006977,0
VEH000261,TSK006977,1
VEH000025,TSK006977,1
VEH000482,TSK006977,0
VEH000523,TSK006977,1
VEH000019,TSK006977,0
VEH000240,TSK006977,0
VEH000083,TSK006977,0
VEH000433,TSK006977,0
VEH000329,TSK006977,1
VEH000450,TSK006977,0
VEH000422,TSK006977,0
VEH000267,TSK006977,0
VEH000296,TSK006977,0
VEH000467,TSK006977,0
VEH000098,TSK006977,1
VEH000074,TSK006977,1
VEH000320,TSK006977,1
VEH000309,TSK006977,1
VEH000067,TSK006977,1
VEH000218,TSK006977,0
VEH000459,TSK006977,1
VEH000101,TSK006977,1
VEH000024,TSK006977,0
VEH000265,TSK006977,0
VEH000006,TSK006977,1
VEH000484,TSK006977,1
VEH000379,TSK006977,0
VEH000358,TSK006977,0
VEH000275,TSK006977,1
VEH000337,TSK006977,1
VEH000532,TSK006977,0
VEH000332,TSK006977,1
VEH000527,TSK006977,1
VEH000078,TSK006977,0
VEH000304,TSK006977,1
VEH000047,TSK006977,0
VEH000287,TSK006977,1
VEH000327,TSK006977,1
VEH000508,TSK006977,1
VEH000057,TSK006977,0
VEH000505,TSK006977,0
VEH000416,TSK006977,0
VEH000035,TSK006977,1
VEH000353,TSK006977,0
VEH000406,TSK006977,0
VEH000050,TSK006977,1
VEH000070,TSK006977,0
VEH000478,TSK006977,1
VEH000514,TSK006977,1
VEH000359,TSK006977,0
VEH000096,TSK006977,1
VEH000229,TSK006977,1
VEH000529,TSK006977,1
VEH000321,TSK006977,0
VEH000037,TSK006977,0
VEH000082,TSK006977,0
VEH000280,TSK006977,0
VEH000388,TSK006977,0
VEH000366,TSK006977,1
VEH000525,TSK006977,1
VEH000281,TSK006977,1
VEH000065,TSK006977,0
VEH000424,TSK006977,1
VEH000246,TSK006977,1
VEH000063,TSK006977,1
VEH000092,TSK006977,1
VEH000251,TSK006977,1
VEH000455,TSK006977,0
VEH000313,TSK006977,0
VEH000053,TSK006977,1
VEH000220,TSK006977,0
VEH000298,TSK006977,1
VEH000040,TSK006977,0
VEH000519,TSK006977,1
VEH000344,TSK006977,1
VEH000312,TSK006977,1
VEH000431,TSK006977,0
VEH000072,TSK006977,1
VEH000093,TSK006977,0
VEH000225,TSK006977,1
VEH000269,TSK006977,0
VEH000401,TSK006977,1
VEH000060,TSK006977,0
VEH000414,TSK006977,1
VEH000531,TSK006977,0
VEH000410,TSK006977,0
VEH000324,TSK006977,0
VEH000095,TSK006977,0
VEH000077,TSK006977,0
VEH000227,TSK006977,0
VEH000308,TSK006977,1
VEH000003,TSK006977,1
VEH000049,TSK006977,0
VEH000015,TSK006977,1
VEH000272,TSK006977,0
VEH000510,TSK006977,1
VEH000483,TSK006977,0
