from_node_id,to_node_id,distance_km,travel_hours
NOD000008,NOD000592,821.0,48.0392
NOD000008,NOD000593,839.0,49.0925
NOD000008,NOD000594,839.0,49.0925
NOD000008,NOD000596,1446.0,84.6099
NOD000008,NOD000597,829.0,48.5073
NOD000008,NOD000598,1397.0,81.7428
NOD000008,NOD000599,1252.0,73.2584
NOD000008,NOD000601,845.0,49.4435
NOD000008,NOD000602,1074.0,62.843
NOD000008,NOD000607,979.0,57.2843
NOD000008,NOD000624,1522.0,89.0569
NOD000008,NOD000625,833.0,48.7414
NOD000008,NOD000632,986.0,57.6939
NOD000008,NOD000645,829.0,48.5073
NOD000008,NOD000647,845.0,49.4435
NOD000008,NOD000675,845.0,49.4435
NOD000008,NOD000678,954.0,55.8215
NOD000008,NOD000702,1252.0,73.2584
NOD000008,NOD000706,1391.0,81.3917
NOD000008,NOD000777,1252.0,73.2584
NOD000008,NOD000779,839.0,49.0925
NOD000008,NOD000780,829.0,48.5073
NOD000008,NOD000781,973.0,56.9332
NOD000008,NOD000785,1067.0,62.4334
NOD000008,NOD000786,829.0,48.5073
NOD000008,NOD000788,981.0,57.4013
NOD000008,NOD000790,1391.0,81.3917
NOD000008,NOD000794,1833.0,107.2545
NOD000008,NOD000795,839.0,49.0925
NOD000010,NOD000592,812.0,47.5126
NOD000010,NOD000593,811.0,47.4541
NOD000010,NOD000594,811.0,47.4541
NOD000010,NOD000596,1171.0,68.5188
NOD000010,NOD000597,812.0,47.5126
NOD000010,NOD000598,1374.0,80.397
NOD000010,NOD000599,1229.0,71.9126
NOD000010,NOD000601,817.0,47.8052
NOD000010,NOD000602,1046.0,61.2047
NOD000010,NOD000607,941.0,55.0608
NOD000010,NOD000624,1380.0,80.748
NOD000010,NOD000625,817.0,47.8052
NOD000010,NOD000632,711.0,41.6028
NOD000010,NOD000645,812.0,47.5126
NOD000010,NOD000647,817.0,47.8052
NOD000010,NOD000675,817.0,47.8052
NOD000010,NOD000678,679.0,39.7304
NOD000010,NOD000702,1229.0,71.9126
NOD000010,NOD000706,1374.0,80.397
NOD000010,NOD000777,1229.0,71.9126
NOD000010,NOD000779,801.0,46.869
NOD000010,NOD000780,804.0,47.0445
NOD000010,NOD000781,935.0,54.7097
NOD000010,NOD000785,1039.0,60.7951
NOD000010,NOD000786,812.0,47.5126
NOD000010,NOD000788,958.0,56.0555
NOD000010,NOD000790,1374.0,80.397
NOD000010,NOD000794,1805.0,105.6161
NOD000010,NOD000795,811.0,47.4541
NOD000014,NOD000592,344.0,20.1285
NOD000014,NOD000593,343.0,20.07
NOD000014,NOD000594,343.0,20.07
NOD000014,NOD000596,703.0,41.1347
NOD000014,NOD000597,344.0,20.1285
NOD000014,NOD000598,906.0,53.0128
NOD000014,NOD000599,761.0,44.5284
NOD000014,NOD000601,349.0,20.4211
NOD000014,NOD000602,578.0,33.8206
NOD000014,NOD000607,473.0,27.6767
NOD000014,NOD000624,912.0,53.3639
NOD000014,NOD000625,349.0,20.4211
NOD000014,NOD000632,211.0,12.3463
NOD000014,NOD000645,344.0,20.1285
NOD000014,NOD000647,349.0,20.4211
NOD000014,NOD000675,349.0,20.4211
NOD000014,NOD000678,211.0,12.3463
NOD000014,NOD000702,761.0,44.5284
NOD000014,NOD000706,906.0,53.0128
NOD000014,NOD000777,761.0,44.5284
NOD000014,NOD000779,333.0,19.4849
NOD000014,NOD000780,336.0,19.6604
NOD000014,NOD000781,467.0,27.3256
NOD000014,NOD000785,571.0,33.411
NOD000014,NOD000786,344.0,20.1285
NOD000014,NOD000788,490.0,28.6714
NOD000014,NOD000790,906.0,53.0128
NOD000014,NOD000794,1337.0,78.232
NOD000014,NOD000795,343.0,20.07
NOD000017,NOD000592,390.0,22.8201
NOD000017,NOD000593,389.0,22.7616
NOD000017,NOD000594,389.0,22.7616
NOD000017,NOD000596,749.0,43.8263
NOD000017,NOD000597,390.0,22.8201
NOD000017,NOD000598,952.0,55.7044
NOD000017,NOD000599,807.0,47.22
NOD000017,NOD000601,395.0,23.1127
NOD000017,NOD000602,624.0,36.5122
NOD000017,NOD000607,519.0,30.3683
NOD000017,NOD000624,958.0,56.0555
NOD000017,NOD000625,395.0,23.1127
NOD000017,NOD000632,257.0,15.0379
NOD000017,NOD000645,390.0,22.8201
NOD000017,NOD000647,395.0,23.1127
NOD000017,NOD000675,395.0,23.1127
NOD000017,NOD000678,257.0,15.0379
NOD000017,NOD000702,807.0,47.22
NOD000017,NOD000706,952.0,55.7044
NOD000017,NOD000777,807.0,47.22
NOD000017,NOD000779,379.0,22.1765
NOD000017,NOD000780,382.0,22.352
NOD000017,NOD000781,513.0,30.0172
NOD000017,NOD000785,617.0,36.1026
NOD000017,NOD000786,390.0,22.8201
NOD000017,NOD000788,536.0,31.363
NOD000017,NOD000790,952.0,55.7044
NOD000017,NOD000794,1383.0,80.9236
NOD000017,NOD000795,389.0,22.7616
NOD000018,NOD000592,390.0,22.8201
NOD000018,NOD000593,389.0,22.7616
NOD000018,NOD000594,389.0,22.7616
NOD000018,NOD000596,749.0,43.8263
NOD000018,NOD000597,390.0,22.8201
NOD000018,NOD000598,952.0,55.7044
NOD000018,NOD000599,807.0,47.22
NOD000018,NOD000601,395.0,23.1127
NOD000018,NOD000602,624.0,36.5122
NOD000018,NOD000607,519.0,30.3683
NOD000018,NOD000624,958.0,56.0555
NOD000018,NOD000625,395.0,23.1127
NOD000018,NOD000632,257.0,15.0379
NOD000018,NOD000645,390.0,22.8201
NOD000018,NOD000647,395.0,23.1127
NOD000018,NOD000675,395.0,23.1127
NOD000018,NOD000678,257.0,15.0379
NOD000018,NOD000702,807.0,47.22
NOD000018,NOD000706,952.0,55.7044
NOD000018,NOD000777,807.0,47.22
NOD000018,NOD000779,379.0,22.1765
NOD000018,NOD000780,382.0,22.352
NOD000018,NOD000781,513.0,30.0172
NOD000018,NOD000785,617.0,36.1026
NOD000018,NOD000786,390.0,22.8201
NOD000018,NOD000788,536.0,31.363
NOD000018,NOD000790,952.0,55.7044
NOD000018,NOD000794,1383.0,80.9236
NOD000018,NOD000795,389.0,22.7616
NOD000019,NOD000592,393.0,22.9956
NOD000019,NOD000593,392.0,22.9371
NOD000019,NOD000594,392.0,22.9371
NOD000019,NOD000596,752.0,44.0018
NOD000019,NOD000597,393.0,22.9956
NOD000019,NOD000598,955.0,55.88
NOD000019,NOD000599,810.0,47.3956
NOD000019,NOD000601,398.0,23.2882
NOD000019,NOD000602,627.0,36.6877
NOD000019,NOD000607,522.0,30.5438
NOD000019,NOD000624,961.0,56.2311
NOD000019,NOD000625,398.0,23.2882
NOD000019,NOD000632,260.0,15.2134
NOD000019,NOD000645,393.0,22.9956
NOD000019,NOD000647,398.0,23.2882
NOD000019,NOD000675,398.0,23.2882
NOD000019,NOD000678,260.0,15.2134
NOD000019,NOD000702,810.0,47.3956
NOD000019,NOD000706,955.0,55.88
NOD000019,NOD000777,810.0,47.3956
NOD000019,NOD000779,382.0,22.352
NOD000019,NOD000780,385.0,22.5275
NOD000019,NOD000781,516.0,30.1927
NOD000019,NOD000785,620.0,36.2781
NOD000019,NOD000786,393.0,22.9956
NOD000019,NOD000788,539.0,31.5385
NOD000019,NOD000790,955.0,55.88
NOD000019,NOD000794,1386.0,81.0991
NOD000019,NOD000795,392.0,22.9371
NOD000020,NOD000592,313.0,18.3146
NOD000020,NOD000593,312.0,18.2561
NOD000020,NOD000594,312.0,18.2561
NOD000020,NOD000596,672.0,39.3208
NOD000020,NOD000597,313.0,18.3146
NOD000020,NOD000598,875.0,51.1989
NOD000020,NOD000599,730.0,42.7145
NOD000020,NOD000601,318.0,18.6072
NOD000020,NOD000602,547.0,32.0066
NOD000020,NOD000607,442.0,25.8628
NOD000020,NOD000624,881.0,51.55
NOD000020,NOD000625,318.0,18.6072
NOD000020,NOD000632,212.0,12.4048
NOD000020,NOD000645,313.0,18.3146
NOD000020,NOD000647,318.0,18.6072
NOD000020,NOD000675,318.0,18.6072
NOD000020,NOD000678,180.0,10.5324
NOD000020,NOD000702,730.0,42.7145
NOD000020,NOD000706,875.0,51.1989
NOD000020,NOD000777,730.0,42.7145
NOD000020,NOD000779,302.0,17.6709
NOD000020,NOD000780,305.0,17.8465
NOD000020,NOD000781,436.0,25.5117
NOD000020,NOD000785,540.0,31.5971
NOD000020,NOD000786,313.0,18.3146
NOD000020,NOD000788,459.0,26.8575
NOD000020,NOD000790,875.0,51.1989
NOD000020,NOD000794,1306.0,76.4181
NOD000020,NOD000795,312.0,18.2561
NOD000028,NOD000592,358.0,20.9477
NOD000028,NOD000593,357.0,20.8892
NOD000028,NOD000594,357.0,20.8892
NOD000028,NOD000596,717.0,41.9539
NOD000028,NOD000597,358.0,20.9477
NOD000028,NOD000598,920.0,53.832
NOD000028,NOD000599,775.0,45.3476
NOD000028,NOD000601,363.0,21.2402
NOD000028,NOD000602,592.0,34.6397
NOD000028,NOD000607,487.0,28.4959
NOD000028,NOD000624,926.0,54.1831
NOD000028,NOD000625,363.0,21.2402
NOD000028,NOD000632,225.0,13.1654
NOD000028,NOD000645,358.0,20.9477
NOD000028,NOD000647,363.0,21.2402
NOD000028,NOD000675,363.0,21.2402
NOD000028,NOD000678,225.0,13.1654
NOD000028,NOD000702,775.0,45.3476
NOD000028,NOD000706,920.0,53.832
NOD000028,NOD000777,775.0,45.3476
NOD000028,NOD000779,347.0,20.304
NOD000028,NOD000780,350.0,20.4796
NOD000028,NOD000781,481.0,28.1448
NOD000028,NOD000785,585.0,34.2301
NOD000028,NOD000786,358.0,20.9477
NOD000028,NOD000788,504.0,29.4906
NOD000028,NOD000790,920.0,53.832
NOD000028,NOD000794,1351.0,79.0512
NOD000028,NOD000795,357.0,20.8892
NOD000031,NOD000592,1062.0,62.1409
NOD000031,NOD000593,1059.0,61.9653
NOD000031,NOD000594,1059.0,61.9653
NOD000031,NOD000596,1673.0,97.8924
NOD000031,NOD000597,1062.0,62.1409
NOD000031,NOD000598,1377.0,80.5725
NOD000031,NOD000599,1081.0,63.2526
NOD000031,NOD000601,1065.0,62.3164
NOD000031,NOD000602,1294.0,75.7159
NOD000031,NOD000607,1199.0,70.1572
NOD000031,NOD000624,1332.0,77.9394
NOD000031,NOD000625,1065.0,62.3164
NOD000031,NOD000632,1213.0,70.9764
NOD000031,NOD000645,1055.0,61.7313
NOD000031,NOD000647,1065.0,62.3164
NOD000031,NOD000675,1065.0,62.3164
NOD000031,NOD000678,1181.0,69.1039
NOD000031,NOD000702,1081.0,63.2526
NOD000031,NOD000706,1189.0,69.572
NOD000031,NOD000777,631.0,36.9217
NOD000031,NOD000779,1059.0,61.9653
NOD000031,NOD000780,1059.0,61.9653
NOD000031,NOD000781,1193.0,69.8061
NOD000031,NOD000785,1287.0,75.3063
NOD000031,NOD000786,1062.0,62.1409
NOD000031,NOD000788,1106.0,64.7155
NOD000031,NOD000790,1189.0,69.572
NOD000031,NOD000794,2027.0,118.606
NOD000031,NOD000795,1059.0,61.9653
NOD000035,NOD000592,1456.0,85.195
NOD000035,NOD000593,1455.0,85.1365
NOD000035,NOD000594,1455.0,85.1365
NOD000035,NOD000596,1815.0,106.2012
NOD000035,NOD000597,1456.0,85.195
NOD000035,NOD000598,2018.0,118.0794
NOD000035,NOD000599,1873.0,109.595
NOD000035,NOD000601,1461.0,85.4876
NOD000035,NOD000602,1690.0,98.8871
NOD000035,NOD000607,1585.0,92.7432
NOD000035,NOD000624,2024.0,118.4305
NOD000035,NOD000625,1461.0,85.4876
NOD000035,NOD000632,1355.0,79.2852
NOD000035,NOD000645,1456.0,85.195
NOD000035,NOD000647,1461.0,85.4876
NOD000035,NOD000675,1461.0,85.4876
NOD000035,NOD000678,1323.0,77.4128
NOD000035,NOD000702,1873.0,109.595
NOD000035,NOD000706,2018.0,118.0794
NOD000035,NOD000777,1873.0,109.595
NOD000035,NOD000779,1445.0,84.5514
NOD000035,NOD000780,1448.0,84.7269
NOD000035,NOD000781,1579.0,92.3921
NOD000035,NOD000785,1683.0,98.4775
NOD000035,NOD000786,1456.0,85.195
NOD000035,NOD000788,1602.0,93.7379
NOD000035,NOD000790,2018.0,118.0794
NOD000035,NOD000794,2449.0,143.2985
NOD000035,NOD000795,1455.0,85.1365
NOD000048,NOD000592,991.0,57.9865
NOD000048,NOD000593,1001.0,58.5716
NOD000048,NOD000594,1001.0,58.5716
NOD000048,NOD000596,1608.0,94.089
NOD000048,NOD000597,983.0,57.5183
NOD000048,NOD000598,1539.0,90.0516
NOD000048,NOD000599,981.0,57.4013
NOD000048,NOD000601,1007.0,58.9227
NOD000048,NOD000602,1236.0,72.3222
NOD000048,NOD000607,1141.0,66.7634
NOD000048,NOD000624,1682.0,98.419
NOD000048,NOD000625,1003.0,58.6886
NOD000048,NOD000632,1148.0,67.173
NOD000048,NOD000645,983.0,57.5183
NOD000048,NOD000647,1007.0,58.9227
NOD000048,NOD000675,1007.0,58.9227
NOD000048,NOD000678,1116.0,65.3006
NOD000048,NOD000702,983.0,57.5183
NOD000048,NOD000706,1541.0,90.1686
NOD000048,NOD000777,983.0,57.5183
NOD000048,NOD000779,1001.0,58.5716
NOD000048,NOD000780,991.0,57.9865
NOD000048,NOD000781,1135.0,66.4123
NOD000048,NOD000785,1229.0,71.9126
NOD000048,NOD000786,991.0,57.9865
NOD000048,NOD000788,1123.0,65.7102
NOD000048,NOD000790,1541.0,90.1686
NOD000048,NOD000794,1969.0,115.2122
NOD000048,NOD000795,1001.0,58.5716
NOD000055,NOD000592,2306.0,134.9311
NOD000055,NOD000593,2303.0,134.7556
NOD000055,NOD000594,2303.0,134.7556
NOD000055,NOD000596,2917.0,170.6826
NOD000055,NOD000597,2306.0,134.9311
NOD000055,NOD000598,2766.0,161.8472
NOD000055,NOD000599,2596.0,151.8999
NOD000055,NOD000601,2309.0,135.1067
NOD000055,NOD000602,2538.0,148.5062
NOD000055,NOD000607,2443.0,142.9474
NOD000055,NOD000624,2847.0,166.5867
NOD000055,NOD000625,2309.0,135.1067
NOD000055,NOD000632,2457.0,143.7666
NOD000055,NOD000645,2299.0,134.5216
NOD000055,NOD000647,2309.0,135.1067
NOD000055,NOD000675,2309.0,135.1067
NOD000055,NOD000678,2425.0,141.8942
NOD000055,NOD000702,2596.0,151.8999
NOD000055,NOD000706,2704.0,158.2193
NOD000055,NOD000777,2146.0,125.5691
NOD000055,NOD000779,2303.0,134.7556
NOD000055,NOD000780,2303.0,134.7556
NOD000055,NOD000781,2437.0,142.5964
NOD000055,NOD000785,2531.0,148.0966
NOD000055,NOD000786,2306.0,134.9311
NOD000055,NOD000788,2146.0,125.5691
NOD000055,NOD000790,2704.0,158.2193
NOD000055,NOD000794,3297.0,192.9176
NOD000055,NOD000795,2303.0,134.7556
NOD000058,NOD000592,2016.0,117.9624
NOD000058,NOD000593,2018.0,118.0794
NOD000058,NOD000594,2018.0,118.0794
NOD000058,NOD000596,2622.0,153.4213
NOD000058,NOD000597,2016.0,117.9624
NOD000058,NOD000598,2495.0,145.9901
NOD000058,NOD000599,2350.0,137.5057
NOD000058,NOD000601,2024.0,118.4305
NOD000058,NOD000602,2253.0,131.8299
NOD000058,NOD000607,2148.0,125.6861
NOD000058,NOD000624,2645.0,154.7671
NOD000058,NOD000625,2024.0,118.4305
NOD000058,NOD000632,2162.0,126.5053
NOD000058,NOD000645,2016.0,117.9624
NOD000058,NOD000647,2024.0,118.4305
NOD000058,NOD000675,2024.0,118.4305
NOD000058,NOD000678,2130.0,124.6328
NOD000058,NOD000702,2350.0,137.5057
NOD000058,NOD000706,2503.0,146.4582
NOD000058,NOD000777,2350.0,137.5057
NOD000058,NOD000779,2008.0,117.4942
NOD000058,NOD000780,2008.0,117.4942
NOD000058,NOD000781,2142.0,125.335
NOD000058,NOD000785,2246.0,131.4204
NOD000058,NOD000786,2008.0,117.4942
NOD000058,NOD000788,2079.0,121.6487
NOD000058,NOD000790,2502.0,146.3997
NOD000058,NOD000794,3012.0,176.2414
NOD000058,NOD000795,2018.0,118.0794
NOD000059,NOD000592,937.0,54.8267
NOD000059,NOD000593,934.0,54.6512
NOD000059,NOD000594,934.0,54.6512
NOD000059,NOD000596,1548.0,90.5782
NOD000059,NOD000597,937.0,54.8267
NOD000059,NOD000598,917.0,53.6565
NOD000059,NOD000599,1252.0,73.2584
NOD000059,NOD000601,940.0,55.0023
NOD000059,NOD000602,1169.0,68.4018
NOD000059,NOD000607,1074.0,62.843
NOD000059,NOD000624,1547.0,90.5197
NOD000059,NOD000625,940.0,55.0023
NOD000059,NOD000632,1088.0,63.6622
NOD000059,NOD000645,930.0,54.4172
NOD000059,NOD000647,940.0,55.0023
NOD000059,NOD000675,940.0,55.0023
NOD000059,NOD000678,1056.0,61.7898
NOD000059,NOD000702,1252.0,73.2584
NOD000059,NOD000706,917.0,53.6565
NOD000059,NOD000777,1252.0,73.2584
NOD000059,NOD000779,934.0,54.6512
NOD000059,NOD000780,934.0,54.6512
NOD000059,NOD000781,1068.0,62.492
NOD000059,NOD000785,1162.0,67.9922
NOD000059,NOD000786,937.0,54.8267
NOD000059,NOD000788,981.0,57.4013
NOD000059,NOD000790,926.0,54.1831
NOD000059,NOD000794,1905.0,111.4674
NOD000059,NOD000795,934.0,54.6512
NOD000069,NOD000592,951.0,55.6459
NOD000069,NOD000593,943.0,55.1778
NOD000069,NOD000594,943.0,55.1778
NOD000069,NOD000596,1547.0,90.5197
NOD000069,NOD000597,951.0,55.6459
NOD000069,NOD000598,1506.0,88.1207
NOD000069,NOD000599,1361.0,79.6363
NOD000069,NOD000601,949.0,55.5289
NOD000069,NOD000602,1178.0,68.9284
NOD000069,NOD000607,1073.0,62.7845
NOD000069,NOD000624,1634.0,95.6104
NOD000069,NOD000625,949.0,55.5289
NOD000069,NOD000632,1087.0,63.6037
NOD000069,NOD000645,951.0,55.6459
NOD000069,NOD000647,949.0,55.5289
NOD000069,NOD000675,949.0,55.5289
NOD000069,NOD000678,1055.0,61.7313
NOD000069,NOD000702,1361.0,79.6363
NOD000069,NOD000706,1511.0,88.4133
NOD000069,NOD000777,1361.0,79.6363
NOD000069,NOD000779,933.0,54.5927
NOD000069,NOD000780,943.0,55.1778
NOD000069,NOD000781,1067.0,62.4334
NOD000069,NOD000785,1171.0,68.5188
NOD000069,NOD000786,949.0,55.5289
NOD000069,NOD000788,1090.0,63.7792
NOD000069,NOD000790,1511.0,88.4133
NOD000069,NOD000794,1937.0,113.3398
NOD000069,NOD000795,943.0,55.1778
NOD000076,NOD000592,1382.0,80.8651
NOD000076,NOD000593,1400.0,81.9183
NOD000076,NOD000594,1400.0,81.9183
NOD000076,NOD000596,2007.0,117.4357
NOD000076,NOD000597,1390.0,81.3332
NOD000076,NOD000598,1382.0,80.8651
NOD000076,NOD000599,1727.0,101.0521
NOD000076,NOD000601,1406.0,82.2694
NOD000076,NOD000602,1635.0,95.6689
NOD000076,NOD000607,1540.0,90.1101
NOD000076,NOD000624,2022.0,118.3134
NOD000076,NOD000625,1394.0,81.5672
NOD000076,NOD000632,1547.0,90.5197
NOD000076,NOD000645,1390.0,81.3332
NOD000076,NOD000647,1406.0,82.2694
NOD000076,NOD000675,1406.0,82.2694
NOD000076,NOD000678,1515.0,88.6473
NOD000076,NOD000702,1727.0,101.0521
NOD000076,NOD000706,1880.0,110.0046
NOD000076,NOD000777,1727.0,101.0521
NOD000076,NOD000779,1400.0,81.9183
NOD000076,NOD000780,1390.0,81.3332
NOD000076,NOD000781,1534.0,89.7591
NOD000076,NOD000785,1628.0,95.2593
NOD000076,NOD000786,1390.0,81.3332
NOD000076,NOD000788,1456.0,85.195
NOD000076,NOD000790,1879.0,109.9461
NOD000076,NOD000794,2394.0,140.0803
NOD000076,NOD000795,1400.0,81.9183
NOD000091,NOD000592,931.0,54.4757
NOD000091,NOD000593,923.0,54.0076
NOD000091,NOD000594,923.0,54.0076
NOD000091,NOD000596,1537.0,89.9346
NOD000091,NOD000597,931.0,54.4757
NOD000091,NOD000598,1486.0,86.9504
NOD000091,NOD000599,1341.0,78.466
NOD000091,NOD000601,929.0,54.3586
NOD000091,NOD000602,1158.0,67.7581
NOD000091,NOD000607,1063.0,62.1994
NOD000091,NOD000624,1624.0,95.0252
NOD000091,NOD000625,929.0,54.3586
NOD000091,NOD000632,1077.0,63.0186
NOD000091,NOD000645,931.0,54.4757
NOD000091,NOD000647,929.0,54.3586
NOD000091,NOD000675,907.0,53.0714
NOD000091,NOD000678,1045.0,61.1462
NOD000091,NOD000702,1341.0,78.466
NOD000091,NOD000706,1491.0,87.243
NOD000091,NOD000777,1341.0,78.466
NOD000091,NOD000779,923.0,54.0076
NOD000091,NOD000780,923.0,54.0076
NOD000091,NOD000781,1057.0,61.8483
NOD000091,NOD000785,1151.0,67.3485
NOD000091,NOD000786,929.0,54.3586
NOD000091,NOD000788,1070.0,62.609
NOD000091,NOD000790,1491.0,87.243
NOD000091,NOD000794,1917.0,112.1696
NOD000091,NOD000795,923.0,54.0076
NOD000104,NOD000592,1050.0,61.4387
NOD000104,NOD000593,1032.0,60.3855
NOD000104,NOD000594,1042.0,60.9706
NOD000104,NOD000596,1656.0,96.8976
NOD000104,NOD000597,1050.0,61.4387
NOD000104,NOD000598,1605.0,93.9135
NOD000104,NOD000599,1460.0,85.4291
NOD000104,NOD000601,1048.0,61.3217
NOD000104,NOD000602,1277.0,74.7212
NOD000104,NOD000607,1182.0,69.1624
NOD000104,NOD000624,1743.0,101.9883
NOD000104,NOD000625,1048.0,61.3217
NOD000104,NOD000632,1196.0,69.9816
NOD000104,NOD000645,1050.0,61.4387
NOD000104,NOD000647,1048.0,61.3217
NOD000104,NOD000675,1048.0,61.3217
NOD000104,NOD000678,1164.0,68.1092
NOD000104,NOD000702,1460.0,85.4291
NOD000104,NOD000706,1610.0,94.206
NOD000104,NOD000777,1460.0,85.4291
NOD000104,NOD000779,1042.0,60.9706
NOD000104,NOD000780,1042.0,60.9706
NOD000104,NOD000781,1176.0,68.8114
NOD000104,NOD000785,1270.0,74.3116
NOD000104,NOD000786,1048.0,61.3217
NOD000104,NOD000788,1189.0,69.572
NOD000104,NOD000790,1610.0,94.206
NOD000104,NOD000794,2036.0,119.1326
NOD000104,NOD000795,1042.0,60.9706
NOD000105,NOD000592,1169.0,68.4018
NOD000105,NOD000593,1166.0,68.2262
NOD000105,NOD000594,1166.0,68.2262
NOD000105,NOD000596,1780.0,104.1533
NOD000105,NOD000597,1169.0,68.4018
NOD000105,NOD000598,1484.0,86.8334
NOD000105,NOD000599,1188.0,69.5135
NOD000105,NOD000601,1172.0,68.5773
NOD000105,NOD000602,1401.0,81.9768
NOD000105,NOD000607,1306.0,76.4181
NOD000105,NOD000624,1439.0,84.2003
NOD000105,NOD000625,1172.0,68.5773
NOD000105,NOD000632,1320.0,77.2373
NOD000105,NOD000645,1162.0,67.9922
NOD000105,NOD000647,1172.0,68.5773
NOD000105,NOD000675,1172.0,68.5773
NOD000105,NOD000678,1288.0,75.3648
NOD000105,NOD000702,1188.0,69.5135
NOD000105,NOD000706,1296.0,75.8329
NOD000105,NOD000777,738.0,43.1826
NOD000105,NOD000779,1166.0,68.2262
NOD000105,NOD000780,1166.0,68.2262
NOD000105,NOD000781,1300.0,76.067
NOD000105,NOD000785,1394.0,81.5672
NOD000105,NOD000786,1169.0,68.4018
NOD000105,NOD000788,1213.0,70.9764
NOD000105,NOD000790,1296.0,75.8329
NOD000105,NOD000794,2134.0,124.8669
NOD000105,NOD000795,1166.0,68.2262
NOD000113,NOD000592,1894.0,110.8238
NOD000113,NOD000593,1886.0,110.3557
NOD000113,NOD000594,1886.0,110.3557
NOD000113,NOD000596,2500.0,146.2827
NOD000113,NOD000597,1894.0,110.8238
NOD000113,NOD000598,2409.0,140.958
NOD000113,NOD000599,1870.0,109.4194
NOD000113,NOD000601,1892.0,110.7067
NOD000113,NOD000602,2121.0,124.1062
NOD000113,NOD000607,2026.0,118.5475
NOD000113,NOD000624,2571.0,150.4371
NOD000113,NOD000625,1892.0,110.7067
NOD000113,NOD000632,2040.0,119.3667
NOD000113,NOD000645,1894.0,110.8238
NOD000113,NOD000647,1870.0,109.4194
NOD000113,NOD000675,1892.0,110.7067
NOD000113,NOD000678,2008.0,117.4942
NOD000113,NOD000702,2304.0,134.8141
NOD000113,NOD000706,1870.0,109.4194
NOD000113,NOD000777,2278.0,133.2928
NOD000113,NOD000779,1886.0,110.3557
NOD000113,NOD000780,1886.0,110.3557
NOD000113,NOD000781,2020.0,118.1964
NOD000113,NOD000785,2114.0,123.6966
NOD000113,NOD000786,1892.0,110.7067
NOD000113,NOD000788,2033.0,118.9571
NOD000113,NOD000790,1886.0,110.3557
NOD000113,NOD000794,882.0,51.6085
NOD000113,NOD000795,1886.0,110.3557
NOD000118,NOD000592,1477.0,86.4238
NOD000118,NOD000593,1479.0,86.5408
NOD000118,NOD000594,1479.0,86.5408
NOD000118,NOD000596,2093.0,122.4679
NOD000118,NOD000597,1477.0,86.4238
NOD000118,NOD000598,2026.0,118.5475
NOD000118,NOD000599,1469.0,85.9557
NOD000118,NOD000601,1485.0,86.8919
NOD000118,NOD000602,1704.0,99.7063
NOD000118,NOD000607,1475.0,86.3068
NOD000118,NOD000624,2170.0,126.9734
NOD000118,NOD000625,1485.0,86.8919
NOD000118,NOD000632,1633.0,95.5518
NOD000118,NOD000645,1477.0,86.4238
NOD000118,NOD000647,1485.0,86.8919
NOD000118,NOD000675,1485.0,86.8919
NOD000118,NOD000678,1601.0,93.6794
NOD000118,NOD000702,1881.0,110.0631
NOD000118,NOD000706,2031.0,118.84
NOD000118,NOD000777,1881.0,110.0631
NOD000118,NOD000779,1479.0,86.5408
NOD000118,NOD000780,1477.0,86.4238
NOD000118,NOD000781,1469.0,85.9557
NOD000118,NOD000785,1697.0,99.2967
NOD000118,NOD000786,1469.0,85.9557
NOD000118,NOD000788,1610.0,94.206
NOD000118,NOD000790,2031.0,118.84
NOD000118,NOD000794,2457.0,143.7666
NOD000118,NOD000795,1479.0,86.5408
NOD000120,NOD000592,1617.0,94.6156
NOD000120,NOD000593,1614.0,94.4401
NOD000120,NOD000594,1614.0,94.4401
NOD000120,NOD000596,2228.0,130.3671
NOD000120,NOD000597,1617.0,94.6156
NOD000120,NOD000598,1932.0,113.0473
NOD000120,NOD000599,1636.0,95.7274
NOD000120,NOD000601,1620.0,94.7912
NOD000120,NOD000602,1849.0,108.1907
NOD000120,NOD000607,1754.0,102.6319
NOD000120,NOD000624,1887.0,110.4142
NOD000120,NOD000625,1620.0,94.7912
NOD000120,NOD000632,1768.0,103.4511
NOD000120,NOD000645,1610.0,94.206
NOD000120,NOD000647,1620.0,94.7912
NOD000120,NOD000675,1620.0,94.7912
NOD000120,NOD000678,1736.0,101.5787
NOD000120,NOD000702,1636.0,95.7274
NOD000120,NOD000706,1744.0,102.0468
NOD000120,NOD000777,1186.0,69.3965
NOD000120,NOD000779,1614.0,94.4401
NOD000120,NOD000780,1614.0,94.4401
NOD000120,NOD000781,1748.0,102.2808
NOD000120,NOD000785,1842.0,107.7811
NOD000120,NOD000786,1617.0,94.6156
NOD000120,NOD000788,1661.0,97.1902
NOD000120,NOD000790,1744.0,102.0468
NOD000120,NOD000794,2582.0,151.0807
NOD000120,NOD000795,1614.0,94.4401
NOD000123,NOD000592,830.0,48.5658
NOD000123,NOD000593,829.0,48.5073
NOD000123,NOD000594,829.0,48.5073
NOD000123,NOD000596,1189.0,69.572
NOD000123,NOD000597,830.0,48.5658
NOD000123,NOD000598,1392.0,81.4502
NOD000123,NOD000599,1247.0,72.9658
NOD000123,NOD000601,835.0,48.8584
NOD000123,NOD000602,1064.0,62.2579
NOD000123,NOD000607,959.0,56.114
NOD000123,NOD000624,1398.0,81.8013
NOD000123,NOD000625,835.0,48.8584
NOD000123,NOD000632,729.0,42.656
NOD000123,NOD000645,830.0,48.5658
NOD000123,NOD000647,835.0,48.8584
NOD000123,NOD000675,835.0,48.8584
NOD000123,NOD000678,697.0,40.7836
NOD000123,NOD000702,1247.0,72.9658
NOD000123,NOD000706,1392.0,81.4502
NOD000123,NOD000777,1247.0,72.9658
NOD000123,NOD000779,819.0,47.9222
NOD000123,NOD000780,822.0,48.0977
NOD000123,NOD000781,953.0,55.763
NOD000123,NOD000785,1057.0,61.8483
NOD000123,NOD000786,830.0,48.5658
NOD000123,NOD000788,976.0,57.1088
NOD000123,NOD000790,1392.0,81.4502
NOD000123,NOD000794,1823.0,106.6693
NOD000123,NOD000795,829.0,48.5073
NOD000124,NOD000592,149.0,8.7184
NOD000124,NOD000593,148.0,8.6599
NOD000124,NOD000594,148.0,8.6599
NOD000124,NOD000596,508.0,29.7246
NOD000124,NOD000597,149.0,8.7184
NOD000124,NOD000598,711.0,41.6028
NOD000124,NOD000599,566.0,33.1184
NOD000124,NOD000601,154.0,9.011
NOD000124,NOD000602,383.0,22.4105
NOD000124,NOD000607,278.0,16.2666
NOD000124,NOD000624,717.0,41.9539
NOD000124,NOD000625,154.0,9.011
NOD000124,NOD000632,48.0,2.8086
NOD000124,NOD000645,149.0,8.7184
NOD000124,NOD000647,154.0,9.011
NOD000124,NOD000675,154.0,9.011
NOD000124,NOD000678,16.0,0.9362
NOD000124,NOD000702,566.0,33.1184
NOD000124,NOD000706,711.0,41.6028
NOD000124,NOD000777,566.0,33.1184
NOD000124,NOD000779,138.0,8.0748
NOD000124,NOD000780,141.0,8.2503
NOD000124,NOD000781,272.0,15.9156
NOD000124,NOD000785,376.0,22.0009
NOD000124,NOD000786,149.0,8.7184
NOD000124,NOD000788,295.0,17.2614
NOD000124,NOD000790,711.0,41.6028
NOD000124,NOD000794,1142.0,66.8219
NOD000124,NOD000795,148.0,8.6599
NOD000131,NOD000592,132.0,7.7237
NOD000131,NOD000593,124.0,7.2556
NOD000131,NOD000594,124.0,7.2556
NOD000131,NOD000596,738.0,43.1826
NOD000131,NOD000597,132.0,7.7237
NOD000131,NOD000598,687.0,40.1985
NOD000131,NOD000599,542.0,31.7141
NOD000131,NOD000601,130.0,7.6067
NOD000131,NOD000602,121.0,7.0801
NOD000131,NOD000607,264.0,15.4475
NOD000131,NOD000624,825.0,48.2733
NOD000131,NOD000625,130.0,7.6067
NOD000131,NOD000632,278.0,16.2666
NOD000131,NOD000645,132.0,7.7237
NOD000131,NOD000647,130.0,7.6067
NOD000131,NOD000675,130.0,7.6067
NOD000131,NOD000678,246.0,14.3942
NOD000131,NOD000702,542.0,31.7141
NOD000131,NOD000706,692.0,40.491
NOD000131,NOD000777,542.0,31.7141
NOD000131,NOD000779,124.0,7.2556
NOD000131,NOD000780,124.0,7.2556
NOD000131,NOD000781,258.0,15.0964
NOD000131,NOD000785,114.0,6.6705
NOD000131,NOD000786,130.0,7.6067
NOD000131,NOD000788,271.0,15.857
NOD000131,NOD000790,692.0,40.491
NOD000131,NOD000794,1118.0,65.4176
NOD000131,NOD000795,124.0,7.2556
NOD000134,NOD000592,263.0,15.3889
NOD000134,NOD000593,260.0,15.2134
NOD000134,NOD000594,260.0,15.2134
NOD000134,NOD000596,874.0,51.1404
NOD000134,NOD000597,263.0,15.3889
NOD000134,NOD000598,723.0,42.305
NOD000134,NOD000599,578.0,33.8206
NOD000134,NOD000601,266.0,15.5645
NOD000134,NOD000602,495.0,28.964
NOD000134,NOD000607,148.0,8.6599
NOD000134,NOD000624,873.0,51.0819
NOD000134,NOD000625,266.0,15.5645
NOD000134,NOD000632,414.0,24.2244
NOD000134,NOD000645,256.0,14.9793
NOD000134,NOD000647,266.0,15.5645
NOD000134,NOD000675,266.0,15.5645
NOD000134,NOD000678,382.0,22.352
NOD000134,NOD000702,578.0,33.8206
NOD000134,NOD000706,731.0,42.7731
NOD000134,NOD000777,578.0,33.8206
NOD000134,NOD000779,260.0,15.2134
NOD000134,NOD000780,260.0,15.2134
NOD000134,NOD000781,148.0,8.6599
NOD000134,NOD000785,488.0,28.5544
NOD000134,NOD000786,263.0,15.3889
NOD000134,NOD000788,307.0,17.9635
NOD000134,NOD000790,730.0,42.7145
NOD000134,NOD000794,1254.0,73.3754
NOD000134,NOD000795,260.0,15.2134
NOD000136,NOD000592,72.0,4.2129
NOD000136,NOD000593,71.0,4.1544
NOD000136,NOD000594,71.0,4.1544
NOD000136,NOD000596,553.0,32.3577
NOD000136,NOD000597,72.0,4.2129
NOD000136,NOD000598,634.0,37.0973
NOD000136,NOD000599,489.0,28.6129
NOD000136,NOD000601,77.0,4.5055
NOD000136,NOD000602,306.0,17.905
NOD000136,NOD000607,201.0,11.7611
NOD000136,NOD000624,762.0,44.587
NOD000136,NOD000625,77.0,4.5055
NOD000136,NOD000632,93.0,5.4417
NOD000136,NOD000645,72.0,4.2129
NOD000136,NOD000647,77.0,4.5055
NOD000136,NOD000675,77.0,4.5055
NOD000136,NOD000678,61.0,3.5693
NOD000136,NOD000702,489.0,28.6129
NOD000136,NOD000706,634.0,37.0973
NOD000136,NOD000777,489.0,28.6129
NOD000136,NOD000779,61.0,3.5693
NOD000136,NOD000780,64.0,3.7448
NOD000136,NOD000781,195.0,11.41
NOD000136,NOD000785,299.0,17.4954
NOD000136,NOD000786,72.0,4.2129
NOD000136,NOD000788,218.0,12.7558
NOD000136,NOD000790,634.0,37.0973
NOD000136,NOD000794,1065.0,62.3164
NOD000136,NOD000795,71.0,4.1544
NOD000138,NOD000592,58.0,3.3938
NOD000138,NOD000593,50.0,2.9257
NOD000138,NOD000594,50.0,2.9257
NOD000138,NOD000596,654.0,38.2675
NOD000138,NOD000597,58.0,3.3938
NOD000138,NOD000598,613.0,35.8685
NOD000138,NOD000599,468.0,27.3841
NOD000138,NOD000601,56.0,3.2767
NOD000138,NOD000602,285.0,16.6762
NOD000138,NOD000607,180.0,10.5324
NOD000138,NOD000624,741.0,43.3582
NOD000138,NOD000625,56.0,3.2767
NOD000138,NOD000632,194.0,11.3515
NOD000138,NOD000645,58.0,3.3938
NOD000138,NOD000647,56.0,3.2767
NOD000138,NOD000675,56.0,3.2767
NOD000138,NOD000678,162.0,9.4791
NOD000138,NOD000702,468.0,27.3841
NOD000138,NOD000706,618.0,36.1611
NOD000138,NOD000777,468.0,27.3841
NOD000138,NOD000779,40.0,2.3405
NOD000138,NOD000780,50.0,2.9257
NOD000138,NOD000781,174.0,10.1813
NOD000138,NOD000785,278.0,16.2666
NOD000138,NOD000786,56.0,3.2767
NOD000138,NOD000788,197.0,11.5271
NOD000138,NOD000790,618.0,36.1611
NOD000138,NOD000794,1044.0,61.0876
NOD000138,NOD000795,50.0,2.9257
NOD000140,NOD000592,13.0,0.7607
NOD000140,NOD000593,5.0,0.2926
NOD000140,NOD000594,5.0,0.2926
NOD000140,NOD000596,619.0,36.2196
NOD000140,NOD000597,13.0,0.7607
NOD000140,NOD000598,568.0,33.2354
NOD000140,NOD000599,423.0,24.751
NOD000140,NOD000601,11.0,0.6436
NOD000140,NOD000602,240.0,14.0431
NOD000140,NOD000607,145.0,8.4844
NOD000140,NOD000624,706.0,41.3102
NOD000140,NOD000625,11.0,0.6436
NOD000140,NOD000632,159.0,9.3036
NOD000140,NOD000645,13.0,0.7607
NOD000140,NOD000647,11.0,0.6436
NOD000140,NOD000675,11.0,0.6436
NOD000140,NOD000678,127.0,7.4312
NOD000140,NOD000702,423.0,24.751
NOD000140,NOD000706,573.0,33.528
NOD000140,NOD000777,423.0,24.751
NOD000140,NOD000779,5.0,0.2926
NOD000140,NOD000780,5.0,0.2926
NOD000140,NOD000781,139.0,8.1333
NOD000140,NOD000785,233.0,13.6335
NOD000140,NOD000786,11.0,0.6436
NOD000140,NOD000788,152.0,8.894
NOD000140,NOD000790,573.0,33.528
NOD000140,NOD000794,999.0,58.4546
NOD000140,NOD000795,5.0,0.2926
NOD000142,NOD000592,637.0,37.2728
NOD000142,NOD000593,636.0,37.2143
NOD000142,NOD000594,636.0,37.2143
NOD000142,NOD000596,504.0,29.4906
NOD000142,NOD000597,637.0,37.2728
NOD000142,NOD000598,1199.0,70.1572
NOD000142,NOD000599,1054.0,61.6728
NOD000142,NOD000601,642.0,37.5654
NOD000142,NOD000602,871.0,50.9649
NOD000142,NOD000607,766.0,44.821
NOD000142,NOD000624,1205.0,70.5083
NOD000142,NOD000625,642.0,37.5654
NOD000142,NOD000632,536.0,31.363
NOD000142,NOD000645,637.0,37.2728
NOD000142,NOD000647,642.0,37.5654
NOD000142,NOD000675,642.0,37.5654
NOD000142,NOD000678,504.0,29.4906
NOD000142,NOD000702,1054.0,61.6728
NOD000142,NOD000706,1199.0,70.1572
NOD000142,NOD000777,1054.0,61.6728
NOD000142,NOD000779,626.0,36.6292
NOD000142,NOD000780,629.0,36.8047
NOD000142,NOD000781,760.0,44.4699
NOD000142,NOD000785,864.0,50.5553
NOD000142,NOD000786,637.0,37.2728
NOD000142,NOD000788,783.0,45.8157
NOD000142,NOD000790,1199.0,70.1572
NOD000142,NOD000794,1630.0,95.3763
NOD000142,NOD000795,636.0,37.2143
NOD000161,NOD000592,1607.0,94.0305
NOD000161,NOD000593,1606.0,93.972
NOD000161,NOD000594,1606.0,93.972
NOD000161,NOD000596,1966.0,115.0367
NOD000161,NOD000597,1607.0,94.0305
NOD000161,NOD000598,2169.0,126.9149
NOD000161,NOD000599,2024.0,118.4305
NOD000161,NOD000601,1612.0,94.3231
NOD000161,NOD000602,1841.0,107.7226
NOD000161,NOD000607,1736.0,101.5787
NOD000161,NOD000624,2175.0,127.2659
NOD000161,NOD000625,1612.0,94.3231
NOD000161,NOD000632,1474.0,86.2483
NOD000161,NOD000645,1607.0,94.0305
NOD000161,NOD000647,1612.0,94.3231
NOD000161,NOD000675,1612.0,94.3231
NOD000161,NOD000678,1474.0,86.2483
NOD000161,NOD000702,2024.0,118.4305
NOD000161,NOD000706,2169.0,126.9149
NOD000161,NOD000777,2024.0,118.4305
NOD000161,NOD000779,1596.0,93.3869
NOD000161,NOD000780,1599.0,93.5624
NOD000161,NOD000781,1730.0,101.2276
NOD000161,NOD000785,1834.0,107.313
NOD000161,NOD000786,1607.0,94.0305
NOD000161,NOD000788,1753.0,102.5734
NOD000161,NOD000790,2169.0,126.9149
NOD000161,NOD000794,2600.0,152.134
NOD000161,NOD000795,1606.0,93.972
NOD000168,NOD000592,832.0,48.6829
NOD000168,NOD000593,831.0,48.6244
NOD000168,NOD000594,831.0,48.6244
NOD000168,NOD000596,1191.0,69.6891
NOD000168,NOD000597,832.0,48.6829
NOD000168,NOD000598,1394.0,81.5672
NOD000168,NOD000599,1249.0,73.0828
NOD000168,NOD000601,837.0,48.9754
NOD000168,NOD000602,1066.0,62.3749
NOD000168,NOD000607,961.0,56.2311
NOD000168,NOD000624,1400.0,81.9183
NOD000168,NOD000625,837.0,48.9754
NOD000168,NOD000632,731.0,42.7731
NOD000168,NOD000645,832.0,48.6829
NOD000168,NOD000647,837.0,48.9754
NOD000168,NOD000675,837.0,48.9754
NOD000168,NOD000678,699.0,40.9006
NOD000168,NOD000702,1249.0,73.0828
NOD000168,NOD000706,1394.0,81.5672
NOD000168,NOD000777,1249.0,73.0828
NOD000168,NOD000779,821.0,48.0392
NOD000168,NOD000780,824.0,48.2148
NOD000168,NOD000781,955.0,55.88
NOD000168,NOD000785,1059.0,61.9653
NOD000168,NOD000786,832.0,48.6829
NOD000168,NOD000788,978.0,57.2258
NOD000168,NOD000790,1394.0,81.5672
NOD000168,NOD000794,1825.0,106.7864
NOD000168,NOD000795,831.0,48.6244
NOD000170,NOD000592,736.0,43.0656
NOD000170,NOD000593,728.0,42.5975
NOD000170,NOD000594,728.0,42.5975
NOD000170,NOD000596,1332.0,77.9394
NOD000170,NOD000597,736.0,43.0656
NOD000170,NOD000598,1291.0,75.5404
NOD000170,NOD000599,1146.0,67.056
NOD000170,NOD000601,734.0,42.9486
NOD000170,NOD000602,963.0,56.3481
NOD000170,NOD000607,858.0,50.2042
NOD000170,NOD000624,1419.0,83.03
NOD000170,NOD000625,734.0,42.9486
NOD000170,NOD000632,872.0,51.0234
NOD000170,NOD000645,736.0,43.0656
NOD000170,NOD000647,734.0,42.9486
NOD000170,NOD000675,734.0,42.9486
NOD000170,NOD000678,840.0,49.151
NOD000170,NOD000702,1146.0,67.056
NOD000170,NOD000706,1276.0,74.6627
NOD000170,NOD000777,718.0,42.0124
NOD000170,NOD000779,718.0,42.0124
NOD000170,NOD000780,728.0,42.5975
NOD000170,NOD000781,852.0,49.8531
NOD000170,NOD000785,956.0,55.9385
NOD000170,NOD000786,734.0,42.9486
NOD000170,NOD000788,875.0,51.1989
NOD000170,NOD000790,1276.0,74.6627
NOD000170,NOD000794,1722.0,100.7595
NOD000170,NOD000795,728.0,42.5975
NOD000177,NOD000592,390.0,22.8201
NOD000177,NOD000593,389.0,22.7616
NOD000177,NOD000594,389.0,22.7616
NOD000177,NOD000596,749.0,43.8263
NOD000177,NOD000597,390.0,22.8201
NOD000177,NOD000598,952.0,55.7044
NOD000177,NOD000599,807.0,47.22
NOD000177,NOD000601,395.0,23.1127
NOD000177,NOD000602,624.0,36.5122
NOD000177,NOD000607,519.0,30.3683
NOD000177,NOD000624,958.0,56.0555
NOD000177,NOD000625,395.0,23.1127
NOD000177,NOD000632,257.0,15.0379
NOD000177,NOD000645,390.0,22.8201
NOD000177,NOD000647,395.0,23.1127
NOD000177,NOD000675,395.0,23.1127
NOD000177,NOD000678,257.0,15.0379
NOD000177,NOD000702,807.0,47.22
NOD000177,NOD000706,952.0,55.7044
NOD000177,NOD000777,807.0,47.22
NOD000177,NOD000779,379.0,22.1765
NOD000177,NOD000780,382.0,22.352
NOD000177,NOD000781,513.0,30.0172
NOD000177,NOD000785,617.0,36.1026
NOD000177,NOD000786,390.0,22.8201
NOD000177,NOD000788,536.0,31.363
NOD000177,NOD000790,952.0,55.7044
NOD000177,NOD000794,1383.0,80.9236
NOD000177,NOD000795,389.0,22.7616
NOD000178,NOD000592,358.0,20.9477
NOD000178,NOD000593,357.0,20.8892
NOD000178,NOD000594,357.0,20.8892
NOD000178,NOD000596,717.0,41.9539
NOD000178,NOD000597,358.0,20.9477
NOD000178,NOD000598,920.0,53.832
NOD000178,NOD000599,775.0,45.3476
NOD000178,NOD000601,363.0,21.2402
NOD000178,NOD000602,592.0,34.6397
NOD000178,NOD000607,487.0,28.4959
NOD000178,NOD000624,926.0,54.1831
NOD000178,NOD000625,363.0,21.2402
NOD000178,NOD000632,225.0,13.1654
NOD000178,NOD000645,358.0,20.9477
NOD000178,NOD000647,363.0,21.2402
NOD000178,NOD000675,363.0,21.2402
NOD000178,NOD000678,225.0,13.1654
NOD000178,NOD000702,775.0,45.3476
NOD000178,NOD000706,920.0,53.832
NOD000178,NOD000777,775.0,45.3476
NOD000178,NOD000779,347.0,20.304
NOD000178,NOD000780,350.0,20.4796
NOD000178,NOD000781,481.0,28.1448
NOD000178,NOD000785,585.0,34.2301
NOD000178,NOD000786,358.0,20.9477
NOD000178,NOD000788,504.0,29.4906
NOD000178,NOD000790,920.0,53.832
NOD000178,NOD000794,1351.0,79.0512
NOD000178,NOD000795,357.0,20.8892
NOD000181,NOD000592,2332.0,136.4525
NOD000181,NOD000593,2331.0,136.394
NOD000181,NOD000594,2331.0,136.394
NOD000181,NOD000596,2691.0,157.4587
NOD000181,NOD000597,2332.0,136.4525
NOD000181,NOD000598,2894.0,169.3368
NOD000181,NOD000599,2749.0,160.8524
NOD000181,NOD000601,2337.0,136.745
NOD000181,NOD000602,2566.0,150.1445
NOD000181,NOD000607,2461.0,144.0007
NOD000181,NOD000624,2900.0,169.6879
NOD000181,NOD000625,2337.0,136.745
NOD000181,NOD000632,2167.0,126.7978
NOD000181,NOD000645,2332.0,136.4525
NOD000181,NOD000647,2337.0,136.745
NOD000181,NOD000675,2337.0,136.745
NOD000181,NOD000678,2199.0,128.6702
NOD000181,NOD000702,2749.0,160.8524
NOD000181,NOD000706,2894.0,169.3368
NOD000181,NOD000777,2749.0,160.8524
NOD000181,NOD000779,2321.0,135.8088
NOD000181,NOD000780,2324.0,135.9844
NOD000181,NOD000781,2455.0,143.6496
NOD000181,NOD000785,2559.0,149.7349
NOD000181,NOD000786,2332.0,136.4525
NOD000181,NOD000788,2478.0,144.9954
NOD000181,NOD000790,2894.0,169.3368
NOD000181,NOD000794,3325.0,194.556
NOD000181,NOD000795,2331.0,136.394
NOD000182,NOD000592,310.0,18.1391
NOD000182,NOD000593,309.0,18.0805
NOD000182,NOD000594,309.0,18.0805
NOD000182,NOD000596,669.0,39.1452
NOD000182,NOD000597,310.0,18.1391
NOD000182,NOD000598,872.0,51.0234
NOD000182,NOD000599,727.0,42.539
NOD000182,NOD000601,315.0,18.4316
NOD000182,NOD000602,544.0,31.8311
NOD000182,NOD000607,439.0,25.6872
NOD000182,NOD000624,878.0,51.3745
NOD000182,NOD000625,315.0,18.4316
NOD000182,NOD000632,177.0,10.3568
NOD000182,NOD000645,310.0,18.1391
NOD000182,NOD000647,315.0,18.4316
NOD000182,NOD000675,315.0,18.4316
NOD000182,NOD000678,177.0,10.3568
NOD000182,NOD000702,727.0,42.539
NOD000182,NOD000706,872.0,51.0234
NOD000182,NOD000777,727.0,42.539
NOD000182,NOD000779,299.0,17.4954
NOD000182,NOD000780,302.0,17.6709
NOD000182,NOD000781,433.0,25.3362
NOD000182,NOD000785,537.0,31.4215
NOD000182,NOD000786,310.0,18.1391
NOD000182,NOD000788,456.0,26.682
NOD000182,NOD000790,872.0,51.0234
NOD000182,NOD000794,1303.0,76.2425
NOD000182,NOD000795,309.0,18.0805
NOD000187,NOD000592,1255.0,73.4339
NOD000187,NOD000593,1237.0,72.3807
NOD000187,NOD000594,1247.0,72.9658
NOD000187,NOD000596,1861.0,108.8928
NOD000187,NOD000597,1255.0,73.4339
NOD000187,NOD000598,1810.0,105.9087
NOD000187,NOD000599,1665.0,97.4243
NOD000187,NOD000601,1253.0,73.3169
NOD000187,NOD000602,1482.0,86.7164
NOD000187,NOD000607,1387.0,81.1576
NOD000187,NOD000624,1948.0,113.9835
NOD000187,NOD000625,1253.0,73.3169
NOD000187,NOD000632,1401.0,81.9768
NOD000187,NOD000645,1255.0,73.4339
NOD000187,NOD000647,1253.0,73.3169
NOD000187,NOD000675,1253.0,73.3169
NOD000187,NOD000678,1369.0,80.1044
NOD000187,NOD000702,1665.0,97.4243
NOD000187,NOD000706,1815.0,106.2012
NOD000187,NOD000777,1665.0,97.4243
NOD000187,NOD000779,1247.0,72.9658
NOD000187,NOD000780,1247.0,72.9658
NOD000187,NOD000781,1381.0,80.8066
NOD000187,NOD000785,1475.0,86.3068
NOD000187,NOD000786,1253.0,73.3169
NOD000187,NOD000788,1394.0,81.5672
NOD000187,NOD000790,1815.0,106.2012
NOD000187,NOD000794,2241.0,131.1278
NOD000187,NOD000795,1247.0,72.9658
NOD000189,NOD000592,1010.0,59.0982
NOD000189,NOD000593,1012.0,59.2152
NOD000189,NOD000594,1012.0,59.2152
NOD000189,NOD000596,1619.0,94.7327
NOD000189,NOD000597,1010.0,59.0982
NOD000189,NOD000598,1575.0,92.1581
NOD000189,NOD000599,1430.0,83.6737
NOD000189,NOD000601,1018.0,59.5663
NOD000189,NOD000602,1247.0,72.9658
NOD000189,NOD000607,1005.0,58.8056
NOD000189,NOD000624,1703.0,99.6478
NOD000189,NOD000625,1018.0,59.5663
NOD000189,NOD000632,1159.0,67.8166
NOD000189,NOD000645,1010.0,59.0982
NOD000189,NOD000647,1018.0,59.5663
NOD000189,NOD000675,1018.0,59.5663
NOD000189,NOD000678,1127.0,65.9442
NOD000189,NOD000702,1430.0,83.6737
NOD000189,NOD000706,1560.0,91.2804
NOD000189,NOD000777,1002.0,58.6301
NOD000189,NOD000779,1012.0,59.2152
NOD000189,NOD000780,1002.0,58.6301
NOD000189,NOD000781,1002.0,58.6301
NOD000189,NOD000785,1240.0,72.5562
NOD000189,NOD000786,1002.0,58.6301
NOD000189,NOD000788,1159.0,67.8166
NOD000189,NOD000790,1560.0,91.2804
NOD000189,NOD000794,2006.0,117.3772
NOD000189,NOD000795,1012.0,59.2152
NOD000190,NOD000592,1313.0,76.8277
NOD000190,NOD000593,1312.0,76.7691
NOD000190,NOD000594,1312.0,76.7691
NOD000190,NOD000596,1926.0,112.6962
NOD000190,NOD000597,1305.0,76.3596
NOD000190,NOD000598,1874.0,109.6535
NOD000190,NOD000599,1729.0,101.1691
NOD000190,NOD000601,1318.0,77.1202
NOD000190,NOD000602,1547.0,90.5197
NOD000190,NOD000607,1452.0,84.961
NOD000190,NOD000624,2006.0,117.3772
NOD000190,NOD000625,1318.0,77.1202
NOD000190,NOD000632,1466.0,85.7802
NOD000190,NOD000645,1305.0,76.3596
NOD000190,NOD000647,1305.0,76.3596
NOD000190,NOD000675,1318.0,77.1202
NOD000190,NOD000678,1434.0,83.9077
NOD000190,NOD000702,1729.0,101.1691
NOD000190,NOD000706,1867.0,109.2439
NOD000190,NOD000777,1729.0,101.1691
NOD000190,NOD000779,1312.0,76.7691
NOD000190,NOD000780,1312.0,76.7691
NOD000190,NOD000781,1446.0,84.6099
NOD000190,NOD000785,1540.0,90.1101
NOD000190,NOD000786,1305.0,76.3596
NOD000190,NOD000788,1458.0,85.3121
NOD000190,NOD000790,1867.0,109.2439
NOD000190,NOD000794,2293.0,134.1705
NOD000190,NOD000795,1312.0,76.7691
NOD000194,NOD000592,1053.0,61.6143
NOD000194,NOD000593,1061.0,62.0824
NOD000194,NOD000594,1061.0,62.0824
NOD000194,NOD000596,1670.0,97.7168
NOD000194,NOD000597,1053.0,61.6143
NOD000194,NOD000598,1621.0,94.8497
NOD000194,NOD000599,1476.0,86.3653
NOD000194,NOD000601,1067.0,62.4334
NOD000194,NOD000602,1296.0,75.8329
NOD000194,NOD000607,1145.0,66.9975
NOD000194,NOD000624,1746.0,102.1638
NOD000194,NOD000625,1065.0,62.3164
NOD000194,NOD000632,1210.0,70.8008
NOD000194,NOD000645,1053.0,61.6143
NOD000194,NOD000647,1067.0,62.4334
NOD000194,NOD000675,1067.0,62.4334
NOD000194,NOD000678,1178.0,68.9284
NOD000194,NOD000702,1476.0,86.3653
NOD000194,NOD000706,1607.0,94.0305
NOD000194,NOD000777,1076.0,62.9601
NOD000194,NOD000779,1061.0,62.0824
NOD000194,NOD000780,1053.0,61.6143
NOD000194,NOD000781,1139.0,66.6464
NOD000194,NOD000785,1289.0,75.4233
NOD000194,NOD000786,1045.0,61.1462
NOD000194,NOD000788,1205.0,70.5083
NOD000194,NOD000790,1607.0,94.0305
NOD000194,NOD000794,2055.0,120.2444
NOD000194,NOD000795,1061.0,62.0824
NOD000198,NOD000592,1392.0,81.4502
NOD000198,NOD000593,1402.0,82.0353
NOD000198,NOD000594,1402.0,82.0353
NOD000198,NOD000596,2009.0,117.5528
NOD000198,NOD000597,1392.0,81.4502
NOD000198,NOD000598,1953.0,114.276
NOD000198,NOD000599,1808.0,105.7916
NOD000198,NOD000601,1408.0,82.3864
NOD000198,NOD000602,1637.0,95.7859
NOD000198,NOD000607,1384.0,80.9821
NOD000198,NOD000624,2085.0,121.9998
NOD000198,NOD000625,1404.0,82.1524
NOD000198,NOD000632,1549.0,90.6367
NOD000198,NOD000645,1384.0,80.9821
NOD000198,NOD000647,1408.0,82.3864
NOD000198,NOD000675,1408.0,82.3864
NOD000198,NOD000678,1517.0,88.7643
NOD000198,NOD000702,1808.0,105.7916
NOD000198,NOD000706,1946.0,113.8664
NOD000198,NOD000777,1808.0,105.7916
NOD000198,NOD000779,1402.0,82.0353
NOD000198,NOD000780,1392.0,81.4502
NOD000198,NOD000781,1384.0,80.9821
NOD000198,NOD000785,1630.0,95.3763
NOD000198,NOD000786,1392.0,81.4502
NOD000198,NOD000788,1537.0,89.9346
NOD000198,NOD000790,1946.0,113.8664
NOD000198,NOD000794,2396.0,140.1973
NOD000198,NOD000795,1402.0,82.0353
NOD000204,NOD000592,1292.0,75.5989
NOD000204,NOD000593,1289.0,75.4233
NOD000204,NOD000594,1289.0,75.4233
NOD000204,NOD000596,1903.0,111.3504
NOD000204,NOD000597,1297.0,75.8915
NOD000204,NOD000598,1803.0,105.4991
NOD000204,NOD000599,1662.0,97.2487
NOD000204,NOD000601,1280.0,74.8967
NOD000204,NOD000602,1514.0,88.5888
NOD000204,NOD000607,1429.0,83.6152
NOD000204,NOD000624,1957.0,114.5101
NOD000204,NOD000625,1292.0,75.5989
NOD000204,NOD000632,1443.0,84.4344
NOD000204,NOD000645,1297.0,75.8915
NOD000204,NOD000647,1295.0,75.7744
NOD000204,NOD000675,1295.0,75.7744
NOD000204,NOD000678,1411.0,82.5619
NOD000204,NOD000702,1662.0,97.2487
NOD000204,NOD000706,1279.0,74.8382
NOD000204,NOD000777,1280.0,74.8967
NOD000204,NOD000779,1289.0,75.4233
NOD000204,NOD000780,1289.0,75.4233
NOD000204,NOD000781,1423.0,83.2641
NOD000204,NOD000785,1507.0,88.1792
NOD000204,NOD000786,1295.0,75.7744
NOD000204,NOD000788,1280.0,74.8967
NOD000204,NOD000790,1280.0,74.8967
NOD000204,NOD000794,2267.0,132.6491
NOD000204,NOD000795,1289.0,75.4233
NOD000205,NOD000592,1143.0,66.8804
NOD000205,NOD000593,1135.0,66.4123
NOD000205,NOD000594,1125.0,65.8272
NOD000205,NOD000596,1739.0,101.7542
NOD000205,NOD000597,1143.0,66.8804
NOD000205,NOD000598,1698.0,99.3552
NOD000205,NOD000599,1441.0,84.3173
NOD000205,NOD000601,1141.0,66.7634
NOD000205,NOD000602,1370.0,80.1629
NOD000205,NOD000607,991.0,57.9865
NOD000205,NOD000624,1692.0,99.0041
NOD000205,NOD000625,1141.0,66.7634
NOD000205,NOD000632,1279.0,74.8382
NOD000205,NOD000645,1143.0,66.8804
NOD000205,NOD000647,1141.0,66.7634
NOD000205,NOD000675,1141.0,66.7634
NOD000205,NOD000678,1247.0,72.9658
NOD000205,NOD000702,1441.0,84.3173
NOD000205,NOD000706,1549.0,90.6367
NOD000205,NOD000777,991.0,57.9865
NOD000205,NOD000779,1125.0,65.8272
NOD000205,NOD000780,1135.0,66.4123
NOD000205,NOD000781,991.0,57.9865
NOD000205,NOD000785,1363.0,79.7533
NOD000205,NOD000786,1141.0,66.7634
NOD000205,NOD000788,1282.0,75.0138
NOD000205,NOD000790,1549.0,90.6367
NOD000205,NOD000794,2129.0,124.5743
NOD000205,NOD000795,1135.0,66.4123
NOD000206,NOD000592,2015.0,117.9038
NOD000206,NOD000593,2012.0,117.7283
NOD000206,NOD000594,2012.0,117.7283
NOD000206,NOD000596,2626.0,153.6553
NOD000206,NOD000597,2015.0,117.9038
NOD000206,NOD000598,2330.0,136.3355
NOD000206,NOD000599,2034.0,119.0156
NOD000206,NOD000601,2018.0,118.0794
NOD000206,NOD000602,2247.0,131.4789
NOD000206,NOD000607,2152.0,125.9201
NOD000206,NOD000624,2285.0,133.7024
NOD000206,NOD000625,2018.0,118.0794
NOD000206,NOD000632,2166.0,126.7393
NOD000206,NOD000645,2008.0,117.4942
NOD000206,NOD000647,2018.0,118.0794
NOD000206,NOD000675,2018.0,118.0794
NOD000206,NOD000678,2134.0,124.8669
NOD000206,NOD000702,2034.0,119.0156
NOD000206,NOD000706,2142.0,125.335
NOD000206,NOD000777,1584.0,92.6847
NOD000206,NOD000779,2012.0,117.7283
NOD000206,NOD000780,2012.0,117.7283
NOD000206,NOD000781,2146.0,125.5691
NOD000206,NOD000785,2240.0,131.0693
NOD000206,NOD000786,2015.0,117.9038
NOD000206,NOD000788,2059.0,120.4784
NOD000206,NOD000790,2142.0,125.335
NOD000206,NOD000794,2980.0,174.369
NOD000206,NOD000795,2012.0,117.7283
NOD000208,NOD000592,465.0,27.2086
NOD000208,NOD000593,447.0,26.1553
NOD000208,NOD000594,457.0,26.7405
NOD000208,NOD000596,1071.0,62.6675
NOD000208,NOD000597,465.0,27.2086
NOD000208,NOD000598,1020.0,59.6833
NOD000208,NOD000599,875.0,51.1989
NOD000208,NOD000601,463.0,27.0916
NOD000208,NOD000602,682.0,39.9059
NOD000208,NOD000607,597.0,34.9323
NOD000208,NOD000624,1158.0,67.7581
NOD000208,NOD000625,463.0,27.0916
NOD000208,NOD000632,611.0,35.7515
NOD000208,NOD000645,465.0,27.2086
NOD000208,NOD000647,463.0,27.0916
NOD000208,NOD000675,463.0,27.0916
NOD000208,NOD000678,579.0,33.8791
NOD000208,NOD000702,875.0,51.1989
NOD000208,NOD000706,1025.0,59.9759
NOD000208,NOD000777,875.0,51.1989
NOD000208,NOD000779,457.0,26.7405
NOD000208,NOD000780,457.0,26.7405
NOD000208,NOD000781,591.0,34.5812
NOD000208,NOD000785,675.0,39.4963
NOD000208,NOD000786,463.0,27.0916
NOD000208,NOD000788,604.0,35.3419
NOD000208,NOD000790,1025.0,59.9759
NOD000208,NOD000794,1451.0,84.9025
NOD000208,NOD000795,457.0,26.7405
NOD000215,NOD000592,1042.0,60.9706
NOD000215,NOD000593,1050.0,61.4387
NOD000215,NOD000594,1050.0,61.4387
NOD000215,NOD000596,1659.0,97.0732
NOD000215,NOD000597,1042.0,60.9706
NOD000215,NOD000598,1610.0,94.206
NOD000215,NOD000599,1465.0,85.7216
NOD000215,NOD000601,1056.0,61.7898
NOD000215,NOD000602,1285.0,75.1893
NOD000215,NOD000607,1190.0,69.6306
NOD000215,NOD000624,1735.0,101.5202
NOD000215,NOD000625,1054.0,61.6728
NOD000215,NOD000632,1199.0,70.1572
NOD000215,NOD000645,1042.0,60.9706
NOD000215,NOD000647,1056.0,61.7898
NOD000215,NOD000675,1056.0,61.7898
NOD000215,NOD000678,1167.0,68.2848
NOD000215,NOD000702,1465.0,85.7216
NOD000215,NOD000706,1596.0,93.3869
NOD000215,NOD000777,1465.0,85.7216
NOD000215,NOD000779,1050.0,61.4387
NOD000215,NOD000780,1042.0,60.9706
NOD000215,NOD000781,1184.0,69.2795
NOD000215,NOD000785,1278.0,74.7797
NOD000215,NOD000786,1034.0,60.5025
NOD000215,NOD000788,1194.0,69.8646
NOD000215,NOD000790,1596.0,93.3869
NOD000215,NOD000794,2044.0,119.6007
NOD000215,NOD000795,1050.0,61.4387
NOD000218,NOD000592,864.0,50.5553
NOD000218,NOD000593,856.0,50.0872
NOD000218,NOD000594,856.0,50.0872
NOD000218,NOD000596,1338.0,78.2905
NOD000218,NOD000597,864.0,50.5553
NOD000218,NOD000598,1419.0,83.03
NOD000218,NOD000599,1274.0,74.5457
NOD000218,NOD000601,862.0,50.4383
NOD000218,NOD000602,1081.0,63.2526
NOD000218,NOD000607,996.0,58.279
NOD000218,NOD000624,1547.0,90.5197
NOD000218,NOD000625,862.0,50.4383
NOD000218,NOD000632,834.0,48.7999
NOD000218,NOD000645,864.0,50.5553
NOD000218,NOD000647,862.0,50.4383
NOD000218,NOD000675,862.0,50.4383
NOD000218,NOD000678,846.0,49.5021
NOD000218,NOD000702,1274.0,74.5457
NOD000218,NOD000706,1424.0,83.3226
NOD000218,NOD000777,1274.0,74.5457
NOD000218,NOD000779,856.0,50.0872
NOD000218,NOD000780,856.0,50.0872
NOD000218,NOD000781,990.0,57.9279
NOD000218,NOD000785,1074.0,62.843
NOD000218,NOD000786,862.0,50.4383
NOD000218,NOD000788,1003.0,58.6886
NOD000218,NOD000790,1424.0,83.3226
NOD000218,NOD000794,1850.0,108.2492
NOD000218,NOD000795,856.0,50.0872
NOD000219,NOD000592,1014.0,59.3323
NOD000219,NOD000593,1016.0,59.4493
NOD000219,NOD000594,1016.0,59.4493
NOD000219,NOD000596,1620.0,94.7912
NOD000219,NOD000597,1014.0,59.3323
NOD000219,NOD000598,1579.0,92.3921
NOD000219,NOD000599,1434.0,83.9077
NOD000219,NOD000601,1022.0,59.8004
NOD000219,NOD000602,1251.0,73.1999
NOD000219,NOD000607,1146.0,67.056
NOD000219,NOD000624,1707.0,99.8818
NOD000219,NOD000625,1022.0,59.8004
NOD000219,NOD000632,1160.0,67.8752
NOD000219,NOD000645,1014.0,59.3323
NOD000219,NOD000647,1022.0,59.8004
NOD000219,NOD000675,1022.0,59.8004
NOD000219,NOD000678,1128.0,66.0027
NOD000219,NOD000702,1434.0,83.9077
NOD000219,NOD000706,1568.0,91.7485
NOD000219,NOD000777,1434.0,83.9077
NOD000219,NOD000779,1006.0,58.8641
NOD000219,NOD000780,1014.0,59.3323
NOD000219,NOD000781,1140.0,66.7049
NOD000219,NOD000785,1244.0,72.7903
NOD000219,NOD000786,1006.0,58.8641
NOD000219,NOD000788,1163.0,68.0507
NOD000219,NOD000790,1568.0,91.7485
NOD000219,NOD000794,2010.0,117.6113
NOD000219,NOD000795,1016.0,59.4493
NOD000227,NOD000592,733.0,42.8901
NOD000227,NOD000593,725.0,42.422
NOD000227,NOD000594,725.0,42.422
NOD000227,NOD000596,1339.0,78.349
NOD000227,NOD000597,733.0,42.8901
NOD000227,NOD000598,1235.0,72.2636
NOD000227,NOD000599,687.0,40.1985
NOD000227,NOD000601,731.0,42.7731
NOD000227,NOD000602,960.0,56.1725
NOD000227,NOD000607,865.0,50.6138
NOD000227,NOD000624,1388.0,81.2161
NOD000227,NOD000625,731.0,42.7731
NOD000227,NOD000632,879.0,51.433
NOD000227,NOD000645,733.0,42.8901
NOD000227,NOD000647,709.0,41.4858
NOD000227,NOD000675,731.0,42.7731
NOD000227,NOD000678,847.0,49.5606
NOD000227,NOD000702,1137.0,66.5294
NOD000227,NOD000706,709.0,41.4858
NOD000227,NOD000777,709.0,41.4858
NOD000227,NOD000779,725.0,42.422
NOD000227,NOD000780,725.0,42.422
NOD000227,NOD000781,859.0,50.2627
NOD000227,NOD000785,953.0,55.763
NOD000227,NOD000786,731.0,42.7731
NOD000227,NOD000788,872.0,51.0234
NOD000227,NOD000790,712.0,41.6613
NOD000227,NOD000794,687.0,40.1985
NOD000227,NOD000795,725.0,42.422
NOD000229,NOD000592,1069.0,62.5505
NOD000229,NOD000593,1066.0,62.3749
NOD000229,NOD000594,1066.0,62.3749
NOD000229,NOD000596,1680.0,98.302
NOD000229,NOD000597,1069.0,62.5505
NOD000229,NOD000598,1384.0,80.9821
NOD000229,NOD000599,1088.0,63.6622
NOD000229,NOD000601,1072.0,62.726
NOD000229,NOD000602,1301.0,76.1255
NOD000229,NOD000607,1206.0,70.5668
NOD000229,NOD000624,1339.0,78.349
NOD000229,NOD000625,1072.0,62.726
NOD000229,NOD000632,1220.0,71.3859
NOD000229,NOD000645,1062.0,62.1409
NOD000229,NOD000647,1072.0,62.726
NOD000229,NOD000675,1072.0,62.726
NOD000229,NOD000678,1188.0,69.5135
NOD000229,NOD000702,1088.0,63.6622
NOD000229,NOD000706,1196.0,69.9816
NOD000229,NOD000777,638.0,37.3313
NOD000229,NOD000779,1066.0,62.3749
NOD000229,NOD000780,1066.0,62.3749
NOD000229,NOD000781,1200.0,70.2157
NOD000229,NOD000785,1294.0,75.7159
NOD000229,NOD000786,1069.0,62.5505
NOD000229,NOD000788,1113.0,65.125
NOD000229,NOD000790,1196.0,69.9816
NOD000229,NOD000794,2034.0,119.0156
NOD000229,NOD000795,1066.0,62.3749
NOD000242,NOD000592,1702.0,99.5892
NOD000242,NOD000593,1694.0,99.1211
NOD000242,NOD000594,1694.0,99.1211
NOD000242,NOD000596,2308.0,135.0482
NOD000242,NOD000597,1702.0,99.5892
NOD000242,NOD000598,2217.0,129.7235
NOD000242,NOD000599,1678.0,98.1849
NOD000242,NOD000601,1700.0,99.4722
NOD000242,NOD000602,1929.0,112.8717
NOD000242,NOD000607,1834.0,107.313
NOD000242,NOD000624,2379.0,139.2026
NOD000242,NOD000625,1700.0,99.4722
NOD000242,NOD000632,1848.0,108.1322
NOD000242,NOD000645,1702.0,99.5892
NOD000242,NOD000647,1678.0,98.1849
NOD000242,NOD000675,1700.0,99.4722
NOD000242,NOD000678,1816.0,106.2597
NOD000242,NOD000702,2112.0,123.5796
NOD000242,NOD000706,1678.0,98.1849
NOD000242,NOD000777,2086.0,122.0583
NOD000242,NOD000779,1694.0,99.1211
NOD000242,NOD000780,1694.0,99.1211
NOD000242,NOD000781,1828.0,106.9619
NOD000242,NOD000785,1922.0,112.4621
NOD000242,NOD000786,1700.0,99.4722
NOD000242,NOD000788,1841.0,107.7226
NOD000242,NOD000790,1694.0,99.1211
NOD000242,NOD000794,690.0,40.374
NOD000242,NOD000795,1694.0,99.1211
NOD000259,NOD000592,1003.0,58.6886
NOD000259,NOD000593,1002.0,58.6301
NOD000259,NOD000594,1002.0,58.6301
NOD000259,NOD000596,1362.0,79.6948
NOD000259,NOD000597,1003.0,58.6886
NOD000259,NOD000598,1565.0,91.573
NOD000259,NOD000599,1420.0,83.0886
NOD000259,NOD000601,1008.0,58.9812
NOD000259,NOD000602,1237.0,72.3807
NOD000259,NOD000607,1132.0,66.2368
NOD000259,NOD000624,1571.0,91.924
NOD000259,NOD000625,1008.0,58.9812
NOD000259,NOD000632,902.0,52.7788
NOD000259,NOD000645,1003.0,58.6886
NOD000259,NOD000647,1008.0,58.9812
NOD000259,NOD000675,1008.0,58.9812
NOD000259,NOD000678,870.0,50.9064
NOD000259,NOD000702,1420.0,83.0886
NOD000259,NOD000706,1565.0,91.573
NOD000259,NOD000777,1420.0,83.0886
NOD000259,NOD000779,992.0,58.045
NOD000259,NOD000780,995.0,58.2205
NOD000259,NOD000781,1126.0,65.8857
NOD000259,NOD000785,1230.0,71.9711
NOD000259,NOD000786,1003.0,58.6886
NOD000259,NOD000788,1149.0,67.2315
NOD000259,NOD000790,1565.0,91.573
NOD000259,NOD000794,1996.0,116.7921
NOD000259,NOD000795,1002.0,58.6301
NOD000264,NOD000592,844.0,49.385
NOD000264,NOD000593,843.0,49.3265
NOD000264,NOD000594,843.0,49.3265
NOD000264,NOD000596,1203.0,70.3912
NOD000264,NOD000597,844.0,49.385
NOD000264,NOD000598,1406.0,82.2694
NOD000264,NOD000599,1261.0,73.785
NOD000264,NOD000601,849.0,49.6776
NOD000264,NOD000602,1078.0,63.0771
NOD000264,NOD000607,973.0,56.9332
NOD000264,NOD000624,1412.0,82.6205
NOD000264,NOD000625,849.0,49.6776
NOD000264,NOD000632,743.0,43.4752
NOD000264,NOD000645,844.0,49.385
NOD000264,NOD000647,849.0,49.6776
NOD000264,NOD000675,849.0,49.6776
NOD000264,NOD000678,711.0,41.6028
NOD000264,NOD000702,1261.0,73.785
NOD000264,NOD000706,1406.0,82.2694
NOD000264,NOD000777,1261.0,73.785
NOD000264,NOD000779,833.0,48.7414
NOD000264,NOD000780,836.0,48.9169
NOD000264,NOD000781,967.0,56.5821
NOD000264,NOD000785,1071.0,62.6675
NOD000264,NOD000786,844.0,49.385
NOD000264,NOD000788,990.0,57.9279
NOD000264,NOD000790,1406.0,82.2694
NOD000264,NOD000794,1837.0,107.4885
NOD000264,NOD000795,843.0,49.3265
NOD000266,NOD000592,675.0,39.4963
NOD000266,NOD000593,674.0,39.4378
NOD000266,NOD000594,674.0,39.4378
NOD000266,NOD000596,542.0,31.7141
NOD000266,NOD000597,675.0,39.4963
NOD000266,NOD000598,1237.0,72.3807
NOD000266,NOD000599,1092.0,63.8963
NOD000266,NOD000601,680.0,39.7889
NOD000266,NOD000602,909.0,53.1884
NOD000266,NOD000607,804.0,47.0445
NOD000266,NOD000624,1243.0,72.7317
NOD000266,NOD000625,680.0,39.7889
NOD000266,NOD000632,574.0,33.5865
NOD000266,NOD000645,675.0,39.4963
NOD000266,NOD000647,680.0,39.7889
NOD000266,NOD000675,680.0,39.7889
NOD000266,NOD000678,542.0,31.7141
NOD000266,NOD000702,1092.0,63.8963
NOD000266,NOD000706,1237.0,72.3807
NOD000266,NOD000777,1092.0,63.8963
NOD000266,NOD000779,664.0,38.8527
NOD000266,NOD000780,667.0,39.0282
NOD000266,NOD000781,798.0,46.6934
NOD000266,NOD000785,902.0,52.7788
NOD000266,NOD000786,675.0,39.4963
NOD000266,NOD000788,821.0,48.0392
NOD000266,NOD000790,1237.0,72.3807
NOD000266,NOD000794,1668.0,97.5998
NOD000266,NOD000795,674.0,39.4378
NOD000271,NOD000592,541.0,31.6556
NOD000271,NOD000593,551.0,32.2407
NOD000271,NOD000594,551.0,32.2407
NOD000271,NOD000596,1158.0,67.7581
NOD000271,NOD000597,541.0,31.6556
NOD000271,NOD000598,1084.0,63.4282
NOD000271,NOD000599,533.0,31.1875
NOD000271,NOD000601,557.0,32.5918
NOD000271,NOD000602,786.0,45.9913
NOD000271,NOD000607,691.0,40.4325
NOD000271,NOD000624,1234.0,72.2051
NOD000271,NOD000625,553.0,32.3577
NOD000271,NOD000632,698.0,40.8421
NOD000271,NOD000645,533.0,31.1875
NOD000271,NOD000647,557.0,32.5918
NOD000271,NOD000675,557.0,32.5918
NOD000271,NOD000678,666.0,38.9697
NOD000271,NOD000702,939.0,54.9438
NOD000271,NOD000706,1091.0,63.8378
NOD000271,NOD000777,533.0,31.1875
NOD000271,NOD000779,551.0,32.2407
NOD000271,NOD000780,541.0,31.6556
NOD000271,NOD000781,685.0,40.0815
NOD000271,NOD000785,779.0,45.5817
NOD000271,NOD000786,541.0,31.6556
NOD000271,NOD000788,668.0,39.0867
NOD000271,NOD000790,1091.0,63.8378
NOD000271,NOD000794,1521.0,88.9984
NOD000271,NOD000795,551.0,32.2407
NOD000273,NOD000592,961.0,56.2311
NOD000273,NOD000593,960.0,56.1725
NOD000273,NOD000594,960.0,56.1725
NOD000273,NOD000596,1320.0,77.2373
NOD000273,NOD000597,961.0,56.2311
NOD000273,NOD000598,1523.0,89.1154
NOD000273,NOD000599,1378.0,80.631
NOD000273,NOD000601,966.0,56.5236
NOD000273,NOD000602,1195.0,69.9231
NOD000273,NOD000607,1090.0,63.7792
NOD000273,NOD000624,1529.0,89.4665
NOD000273,NOD000625,966.0,56.5236
NOD000273,NOD000632,855.0,50.0287
NOD000273,NOD000645,961.0,56.2311
NOD000273,NOD000647,966.0,56.5236
NOD000273,NOD000675,966.0,56.5236
NOD000273,NOD000678,828.0,48.4488
NOD000273,NOD000702,1378.0,80.631
NOD000273,NOD000706,1523.0,89.1154
NOD000273,NOD000777,1378.0,80.631
NOD000273,NOD000779,950.0,55.5874
NOD000273,NOD000780,953.0,55.763
NOD000273,NOD000781,1084.0,63.4282
NOD000273,NOD000785,1188.0,69.5135
NOD000273,NOD000786,961.0,56.2311
NOD000273,NOD000788,1107.0,64.774
NOD000273,NOD000790,1523.0,89.1154
NOD000273,NOD000794,1954.0,114.3345
NOD000273,NOD000795,960.0,56.1725
NOD000284,NOD000592,621.0,36.3366
NOD000284,NOD000593,613.0,35.8685
NOD000284,NOD000594,613.0,35.8685
NOD000284,NOD000596,1025.0,59.9759
NOD000284,NOD000597,621.0,36.3366
NOD000284,NOD000598,1176.0,68.8114
NOD000284,NOD000599,1031.0,60.327
NOD000284,NOD000601,619.0,36.2196
NOD000284,NOD000602,838.0,49.034
NOD000284,NOD000607,753.0,44.0603
NOD000284,NOD000624,1234.0,72.2051
NOD000284,NOD000625,619.0,36.2196
NOD000284,NOD000632,533.0,31.1875
NOD000284,NOD000645,621.0,36.3366
NOD000284,NOD000647,619.0,36.2196
NOD000284,NOD000675,619.0,36.2196
NOD000284,NOD000678,533.0,31.1875
NOD000284,NOD000702,1031.0,60.327
NOD000284,NOD000706,1181.0,69.1039
NOD000284,NOD000777,1031.0,60.327
NOD000284,NOD000779,613.0,35.8685
NOD000284,NOD000780,613.0,35.8685
NOD000284,NOD000781,747.0,43.7093
NOD000284,NOD000785,831.0,48.6244
NOD000284,NOD000786,619.0,36.2196
NOD000284,NOD000788,760.0,44.4699
NOD000284,NOD000790,1181.0,69.1039
NOD000284,NOD000794,1607.0,94.0305
NOD000284,NOD000795,613.0,35.8685
NOD000285,NOD000592,648.0,37.9165
NOD000285,NOD000593,645.0,37.7409
NOD000285,NOD000594,645.0,37.7409
NOD000285,NOD000596,1080.0,63.1941
NOD000285,NOD000597,648.0,37.9165
NOD000285,NOD000598,1108.0,64.8325
NOD000285,NOD000599,963.0,56.3481
NOD000285,NOD000601,651.0,38.092
NOD000285,NOD000602,880.0,51.4915
NOD000285,NOD000607,785.0,45.9328
NOD000285,NOD000624,1258.0,73.6094
NOD000285,NOD000625,651.0,38.092
NOD000285,NOD000632,588.0,34.4057
NOD000285,NOD000645,641.0,37.5069
NOD000285,NOD000647,651.0,38.092
NOD000285,NOD000675,651.0,38.092
NOD000285,NOD000678,588.0,34.4057
NOD000285,NOD000702,963.0,56.3481
NOD000285,NOD000706,1116.0,65.3006
NOD000285,NOD000777,963.0,56.3481
NOD000285,NOD000779,645.0,37.7409
NOD000285,NOD000780,645.0,37.7409
NOD000285,NOD000781,779.0,45.5817
NOD000285,NOD000785,873.0,51.0819
NOD000285,NOD000786,648.0,37.9165
NOD000285,NOD000788,692.0,40.491
NOD000285,NOD000790,1115.0,65.2421
NOD000285,NOD000794,1639.0,95.9029
NOD000285,NOD000795,645.0,37.7409
NOD000290,NOD000592,1330.0,77.8224
NOD000290,NOD000593,1312.0,76.7691
NOD000290,NOD000594,1322.0,77.3543
NOD000290,NOD000596,1936.0,113.2813
NOD000290,NOD000597,1330.0,77.8224
NOD000290,NOD000598,1885.0,110.2971
NOD000290,NOD000599,1740.0,101.8127
NOD000290,NOD000601,1328.0,77.7054
NOD000290,NOD000602,1557.0,91.1049
NOD000290,NOD000607,1462.0,85.5461
NOD000290,NOD000624,2023.0,118.3719
NOD000290,NOD000625,1328.0,77.7054
NOD000290,NOD000632,1476.0,86.3653
NOD000290,NOD000645,1330.0,77.8224
NOD000290,NOD000647,1328.0,77.7054
NOD000290,NOD000675,1328.0,77.7054
NOD000290,NOD000678,1444.0,84.4929
NOD000290,NOD000702,1740.0,101.8127
NOD000290,NOD000706,1890.0,110.5897
NOD000290,NOD000777,1740.0,101.8127
NOD000290,NOD000779,1322.0,77.3543
NOD000290,NOD000780,1322.0,77.3543
NOD000290,NOD000781,1456.0,85.195
NOD000290,NOD000785,1550.0,90.6953
NOD000290,NOD000786,1328.0,77.7054
NOD000290,NOD000788,1469.0,85.9557
NOD000290,NOD000790,1890.0,110.5897
NOD000290,NOD000794,2316.0,135.5163
NOD000290,NOD000795,1322.0,77.3543
NOD000296,NOD000592,1057.0,61.8483
NOD000296,NOD000593,1049.0,61.3802
NOD000296,NOD000594,1049.0,61.3802
NOD000296,NOD000596,1653.0,96.7221
NOD000296,NOD000597,1057.0,61.8483
NOD000296,NOD000598,1612.0,94.3231
NOD000296,NOD000599,1467.0,85.8387
NOD000296,NOD000601,1055.0,61.7313
NOD000296,NOD000602,1284.0,75.1308
NOD000296,NOD000607,1179.0,68.9869
NOD000296,NOD000624,1740.0,101.8127
NOD000296,NOD000625,1055.0,61.7313
NOD000296,NOD000632,1193.0,69.8061
NOD000296,NOD000645,1057.0,61.8483
NOD000296,NOD000647,1055.0,61.7313
NOD000296,NOD000675,1055.0,61.7313
NOD000296,NOD000678,1161.0,67.9337
NOD000296,NOD000702,1467.0,85.8387
NOD000296,NOD000706,1617.0,94.6156
NOD000296,NOD000777,1467.0,85.8387
NOD000296,NOD000779,1039.0,60.7951
NOD000296,NOD000780,1049.0,61.3802
NOD000296,NOD000781,1173.0,68.6358
NOD000296,NOD000785,1277.0,74.7212
NOD000296,NOD000786,1055.0,61.7313
NOD000296,NOD000788,1196.0,69.9816
NOD000296,NOD000790,1617.0,94.6156
NOD000296,NOD000794,2043.0,119.5422
NOD000296,NOD000795,1049.0,61.3802
NOD000307,NOD000592,896.0,52.4277
NOD000307,NOD000593,898.0,52.5447
NOD000307,NOD000594,898.0,52.5447
NOD000307,NOD000596,1505.0,88.0622
NOD000307,NOD000597,896.0,52.4277
NOD000307,NOD000598,1392.0,81.4502
NOD000307,NOD000599,1247.0,72.9658
NOD000307,NOD000601,904.0,52.8958
NOD000307,NOD000602,1133.0,66.2953
NOD000307,NOD000607,888.0,51.9596
NOD000307,NOD000624,1542.0,90.2272
NOD000307,NOD000625,900.0,52.6618
NOD000307,NOD000632,1045.0,61.1462
NOD000307,NOD000645,896.0,52.4277
NOD000307,NOD000647,904.0,52.8958
NOD000307,NOD000675,904.0,52.8958
NOD000307,NOD000678,1013.0,59.2737
NOD000307,NOD000702,1247.0,72.9658
NOD000307,NOD000706,897.0,52.4862
NOD000307,NOD000777,1247.0,72.9658
NOD000307,NOD000779,897.0,52.4862
NOD000307,NOD000780,888.0,51.9596
NOD000307,NOD000781,888.0,51.9596
NOD000307,NOD000785,1126.0,65.8857
NOD000307,NOD000786,888.0,51.9596
NOD000307,NOD000788,976.0,57.1088
NOD000307,NOD000790,1399.0,81.8598
NOD000307,NOD000794,1885.0,110.2971
NOD000307,NOD000795,898.0,52.5447
NOD000316,NOD000592,835.0,48.8584
NOD000316,NOD000593,837.0,48.9754
NOD000316,NOD000594,837.0,48.9754
NOD000316,NOD000596,1444.0,84.4929
NOD000316,NOD000597,835.0,48.8584
NOD000316,NOD000598,1400.0,81.9183
NOD000316,NOD000599,1255.0,73.4339
NOD000316,NOD000601,843.0,49.3265
NOD000316,NOD000602,1072.0,62.726
NOD000316,NOD000607,977.0,57.1673
NOD000316,NOD000624,1528.0,89.408
NOD000316,NOD000625,843.0,49.3265
NOD000316,NOD000632,984.0,57.5769
NOD000316,NOD000645,835.0,48.8584
NOD000316,NOD000647,843.0,49.3265
NOD000316,NOD000675,843.0,49.3265
NOD000316,NOD000678,952.0,55.7044
NOD000316,NOD000702,1255.0,73.4339
NOD000316,NOD000706,1397.0,81.7428
NOD000316,NOD000777,1255.0,73.4339
NOD000316,NOD000779,837.0,48.9754
NOD000316,NOD000780,827.0,48.3903
NOD000316,NOD000781,971.0,56.8162
NOD000316,NOD000785,1065.0,62.3164
NOD000316,NOD000786,835.0,48.8584
NOD000316,NOD000788,984.0,57.5769
NOD000316,NOD000790,1397.0,81.7428
NOD000316,NOD000794,1831.0,107.1374
NOD000316,NOD000795,837.0,48.9754
NOD000319,NOD000592,630.0,36.8632
NOD000319,NOD000593,642.0,37.5654
NOD000319,NOD000594,642.0,37.5654
NOD000319,NOD000596,1255.0,73.4339
NOD000319,NOD000597,630.0,36.8632
NOD000319,NOD000598,1120.0,65.5346
NOD000319,NOD000599,975.0,57.0502
NOD000319,NOD000601,648.0,37.9165
NOD000319,NOD000602,877.0,51.316
NOD000319,NOD000607,782.0,45.7572
NOD000319,NOD000624,630.0,36.8632
NOD000319,NOD000625,642.0,37.5654
NOD000319,NOD000632,795.0,46.5179
NOD000319,NOD000645,630.0,36.8632
NOD000319,NOD000647,648.0,37.9165
NOD000319,NOD000675,648.0,37.9165
NOD000319,NOD000678,763.0,44.6455
NOD000319,NOD000702,975.0,57.0502
NOD000319,NOD000706,1128.0,66.0027
NOD000319,NOD000777,975.0,57.0502
NOD000319,NOD000779,642.0,37.5654
NOD000319,NOD000780,638.0,37.3313
NOD000319,NOD000781,776.0,45.4061
NOD000319,NOD000785,870.0,50.9064
NOD000319,NOD000786,638.0,37.3313
NOD000319,NOD000788,704.0,41.1932
NOD000319,NOD000790,1127.0,65.9442
NOD000319,NOD000794,1636.0,95.7274
NOD000319,NOD000795,642.0,37.5654
NOD000333,NOD000592,977.0,57.1673
NOD000333,NOD000593,987.0,57.7524
NOD000333,NOD000594,987.0,57.7524
NOD000333,NOD000596,1594.0,93.2698
NOD000333,NOD000597,969.0,56.6992
NOD000333,NOD000598,1496.0,87.5356
NOD000333,NOD000599,1351.0,79.0512
NOD000333,NOD000601,993.0,58.1035
NOD000333,NOD000602,1222.0,71.503
NOD000333,NOD000607,1127.0,65.9442
NOD000333,NOD000624,978.0,57.2258
NOD000333,NOD000625,989.0,57.8694
NOD000333,NOD000632,1134.0,66.3538
NOD000333,NOD000645,969.0,56.6992
NOD000333,NOD000647,993.0,58.1035
NOD000333,NOD000675,993.0,58.1035
NOD000333,NOD000678,1102.0,64.4814
NOD000333,NOD000702,1351.0,79.0512
NOD000333,NOD000706,1504.0,88.0037
NOD000333,NOD000777,969.0,56.6992
NOD000333,NOD000779,987.0,57.7524
NOD000333,NOD000780,977.0,57.1673
NOD000333,NOD000781,1121.0,65.5932
NOD000333,NOD000785,1215.0,71.0934
NOD000333,NOD000786,977.0,57.1673
NOD000333,NOD000788,1080.0,63.1941
NOD000333,NOD000790,1503.0,87.9451
NOD000333,NOD000794,1981.0,115.9144
NOD000333,NOD000795,987.0,57.7524
NOD000339,NOD000592,744.0,43.5337
NOD000339,NOD000593,743.0,43.4752
NOD000339,NOD000594,743.0,43.4752
NOD000339,NOD000596,1103.0,64.5399
NOD000339,NOD000597,744.0,43.5337
NOD000339,NOD000598,1306.0,76.4181
NOD000339,NOD000599,1161.0,67.9337
NOD000339,NOD000601,749.0,43.8263
NOD000339,NOD000602,978.0,57.2258
NOD000339,NOD000607,873.0,51.0819
NOD000339,NOD000624,1312.0,76.7691
NOD000339,NOD000625,749.0,43.8263
NOD000339,NOD000632,643.0,37.6239
NOD000339,NOD000645,744.0,43.5337
NOD000339,NOD000647,749.0,43.8263
NOD000339,NOD000675,749.0,43.8263
NOD000339,NOD000678,611.0,35.7515
NOD000339,NOD000702,1161.0,67.9337
NOD000339,NOD000706,1306.0,76.4181
NOD000339,NOD000777,1161.0,67.9337
NOD000339,NOD000779,733.0,42.8901
NOD000339,NOD000780,736.0,43.0656
NOD000339,NOD000781,867.0,50.7308
NOD000339,NOD000785,971.0,56.8162
NOD000339,NOD000786,744.0,43.5337
NOD000339,NOD000788,890.0,52.0766
NOD000339,NOD000790,1306.0,76.4181
NOD000339,NOD000794,1737.0,101.6372
NOD000339,NOD000795,743.0,43.4752
NOD000340,NOD000592,768.0,44.938
NOD000340,NOD000593,767.0,44.8795
NOD000340,NOD000594,767.0,44.8795
NOD000340,NOD000596,1127.0,65.9442
NOD000340,NOD000597,768.0,44.938
NOD000340,NOD000598,1330.0,77.8224
NOD000340,NOD000599,1185.0,69.338
NOD000340,NOD000601,773.0,45.2306
NOD000340,NOD000602,1002.0,58.6301
NOD000340,NOD000607,897.0,52.4862
NOD000340,NOD000624,1336.0,78.1735
NOD000340,NOD000625,773.0,45.2306
NOD000340,NOD000632,667.0,39.0282
NOD000340,NOD000645,768.0,44.938
NOD000340,NOD000647,773.0,45.2306
NOD000340,NOD000675,773.0,45.2306
NOD000340,NOD000678,635.0,37.1558
NOD000340,NOD000702,1185.0,69.338
NOD000340,NOD000706,1330.0,77.8224
NOD000340,NOD000777,1185.0,69.338
NOD000340,NOD000779,757.0,44.2944
NOD000340,NOD000780,760.0,44.4699
NOD000340,NOD000781,891.0,52.1351
NOD000340,NOD000785,995.0,58.2205
NOD000340,NOD000786,768.0,44.938
NOD000340,NOD000788,914.0,53.4809
NOD000340,NOD000790,1330.0,77.8224
NOD000340,NOD000794,1761.0,103.0415
NOD000340,NOD000795,767.0,44.8795
NOD000341,NOD000592,564.0,33.0014
NOD000341,NOD000593,556.0,32.5333
NOD000341,NOD000594,556.0,32.5333
NOD000341,NOD000596,1032.0,60.3855
NOD000341,NOD000597,564.0,33.0014
NOD000341,NOD000598,1053.0,61.6143
NOD000341,NOD000599,528.0,30.8949
NOD000341,NOD000601,562.0,32.8843
NOD000341,NOD000602,791.0,46.2838
NOD000341,NOD000607,696.0,40.7251
NOD000341,NOD000624,1203.0,70.3912
NOD000341,NOD000625,562.0,32.8843
NOD000341,NOD000632,572.0,33.4695
NOD000341,NOD000645,564.0,33.0014
NOD000341,NOD000647,540.0,31.5971
NOD000341,NOD000675,562.0,32.8843
NOD000341,NOD000678,540.0,31.5971
NOD000341,NOD000702,908.0,53.1299
NOD000341,NOD000706,1061.0,62.0824
NOD000341,NOD000777,528.0,30.8949
NOD000341,NOD000779,556.0,32.5333
NOD000341,NOD000780,556.0,32.5333
NOD000341,NOD000781,690.0,40.374
NOD000341,NOD000785,784.0,45.8742
NOD000341,NOD000786,562.0,32.8843
NOD000341,NOD000788,637.0,37.2728
NOD000341,NOD000790,540.0,31.5971
NOD000341,NOD000794,1516.0,88.7058
NOD000341,NOD000795,556.0,32.5333
NOD000344,NOD000592,1042.0,60.9706
NOD000344,NOD000593,1052.0,61.5558
NOD000344,NOD000594,1052.0,61.5558
NOD000344,NOD000596,1666.0,97.4828
NOD000344,NOD000597,1050.0,61.4387
NOD000344,NOD000598,1560.0,91.2804
NOD000344,NOD000599,1415.0,82.796
NOD000344,NOD000601,1058.0,61.9068
NOD000344,NOD000602,1287.0,75.3063
NOD000344,NOD000607,1192.0,69.7476
NOD000344,NOD000624,1710.0,100.0574
NOD000344,NOD000625,1054.0,61.6728
NOD000344,NOD000632,1206.0,70.5668
NOD000344,NOD000645,1050.0,61.4387
NOD000344,NOD000647,1058.0,61.9068
NOD000344,NOD000675,1058.0,61.9068
NOD000344,NOD000678,1174.0,68.6943
NOD000344,NOD000702,1415.0,82.796
NOD000344,NOD000706,1568.0,91.7485
NOD000344,NOD000777,1415.0,82.796
NOD000344,NOD000779,1052.0,61.5558
NOD000344,NOD000780,1050.0,61.4387
NOD000344,NOD000781,1186.0,69.3965
NOD000344,NOD000785,1280.0,74.8967
NOD000344,NOD000786,1050.0,61.4387
NOD000344,NOD000788,1144.0,66.939
NOD000344,NOD000790,1567.0,91.69
NOD000344,NOD000794,2046.0,119.7177
NOD000344,NOD000795,1052.0,61.5558
NOD000348,NOD000592,2313.0,135.3407
NOD000348,NOD000593,2310.0,135.1652
NOD000348,NOD000594,2310.0,135.1652
NOD000348,NOD000596,2924.0,171.0922
NOD000348,NOD000597,2313.0,135.3407
NOD000348,NOD000598,2773.0,162.2567
NOD000348,NOD000599,2628.0,153.7724
NOD000348,NOD000601,2316.0,135.5163
NOD000348,NOD000602,2545.0,148.9158
NOD000348,NOD000607,2450.0,143.357
NOD000348,NOD000624,2923.0,171.0337
NOD000348,NOD000625,2316.0,135.5163
NOD000348,NOD000632,2464.0,144.1762
NOD000348,NOD000645,2306.0,134.9311
NOD000348,NOD000647,2316.0,135.5163
NOD000348,NOD000675,2316.0,135.5163
NOD000348,NOD000678,2432.0,142.3038
NOD000348,NOD000702,2628.0,153.7724
NOD000348,NOD000706,2781.0,162.7249
NOD000348,NOD000777,2628.0,153.7724
NOD000348,NOD000779,2310.0,135.1652
NOD000348,NOD000780,2310.0,135.1652
NOD000348,NOD000781,2444.0,143.0059
NOD000348,NOD000785,2538.0,148.5062
NOD000348,NOD000786,2313.0,135.3407
NOD000348,NOD000788,2153.0,125.9786
NOD000348,NOD000790,2780.0,162.6663
NOD000348,NOD000794,3304.0,193.3272
NOD000348,NOD000795,2310.0,135.1652
NOD000357,NOD000592,801.0,46.869
NOD000357,NOD000593,800.0,46.8105
NOD000357,NOD000594,800.0,46.8105
NOD000357,NOD000596,1160.0,67.8752
NOD000357,NOD000597,801.0,46.869
NOD000357,NOD000598,1363.0,79.7533
NOD000357,NOD000599,1218.0,71.2689
NOD000357,NOD000601,806.0,47.1615
NOD000357,NOD000602,1035.0,60.561
NOD000357,NOD000607,930.0,54.4172
NOD000357,NOD000624,1369.0,80.1044
NOD000357,NOD000625,806.0,47.1615
NOD000357,NOD000632,700.0,40.9591
NOD000357,NOD000645,801.0,46.869
NOD000357,NOD000647,806.0,47.1615
NOD000357,NOD000675,806.0,47.1615
NOD000357,NOD000678,668.0,39.0867
NOD000357,NOD000702,1218.0,71.2689
NOD000357,NOD000706,1363.0,79.7533
NOD000357,NOD000777,1218.0,71.2689
NOD000357,NOD000779,790.0,46.2253
NOD000357,NOD000780,793.0,46.4009
NOD000357,NOD000781,924.0,54.0661
NOD000357,NOD000785,1028.0,60.1514
NOD000357,NOD000786,801.0,46.869
NOD000357,NOD000788,947.0,55.4119
NOD000357,NOD000790,1363.0,79.7533
NOD000357,NOD000794,1794.0,104.9724
NOD000357,NOD000795,800.0,46.8105
NOD000362,NOD000592,2031.0,118.84
NOD000362,NOD000593,2030.0,118.7815
NOD000362,NOD000594,2030.0,118.7815
NOD000362,NOD000596,2390.0,139.8462
NOD000362,NOD000597,2031.0,118.84
NOD000362,NOD000598,2593.0,151.7244
NOD000362,NOD000599,2448.0,143.24
NOD000362,NOD000601,2036.0,119.1326
NOD000362,NOD000602,2265.0,132.5321
NOD000362,NOD000607,2160.0,126.3882
NOD000362,NOD000624,2599.0,152.0755
NOD000362,NOD000625,2036.0,119.1326
NOD000362,NOD000632,1930.0,112.9302
NOD000362,NOD000645,2031.0,118.84
NOD000362,NOD000647,2036.0,119.1326
NOD000362,NOD000675,2036.0,119.1326
NOD000362,NOD000678,1898.0,111.0578
NOD000362,NOD000702,2448.0,143.24
NOD000362,NOD000706,2593.0,151.7244
NOD000362,NOD000777,2448.0,143.24
NOD000362,NOD000779,2020.0,118.1964
NOD000362,NOD000780,2023.0,118.3719
NOD000362,NOD000781,2154.0,126.0372
NOD000362,NOD000785,2258.0,132.1225
NOD000362,NOD000786,2031.0,118.84
NOD000362,NOD000788,2177.0,127.383
NOD000362,NOD000790,2593.0,151.7244
NOD000362,NOD000794,3024.0,176.9435
NOD000362,NOD000795,2030.0,118.7815
NOD000364,NOD000592,537.0,31.4215
NOD000364,NOD000593,529.0,30.9534
NOD000364,NOD000594,529.0,30.9534
NOD000364,NOD000596,1011.0,59.1567
NOD000364,NOD000597,537.0,31.4215
NOD000364,NOD000598,1092.0,63.8963
NOD000364,NOD000599,947.0,55.4119
NOD000364,NOD000601,535.0,31.3045
NOD000364,NOD000602,754.0,44.1189
NOD000364,NOD000607,669.0,39.1452
NOD000364,NOD000624,1220.0,71.3859
NOD000364,NOD000625,535.0,31.3045
NOD000364,NOD000632,551.0,32.2407
NOD000364,NOD000645,537.0,31.4215
NOD000364,NOD000647,535.0,31.3045
NOD000364,NOD000675,535.0,31.3045
NOD000364,NOD000678,519.0,30.3683
NOD000364,NOD000702,947.0,55.4119
NOD000364,NOD000706,1097.0,64.1888
NOD000364,NOD000777,947.0,55.4119
NOD000364,NOD000779,529.0,30.9534
NOD000364,NOD000780,529.0,30.9534
NOD000364,NOD000781,663.0,38.7942
NOD000364,NOD000785,747.0,43.7093
NOD000364,NOD000786,535.0,31.3045
NOD000364,NOD000788,676.0,39.5548
NOD000364,NOD000790,1097.0,64.1888
NOD000364,NOD000794,1523.0,89.1154
NOD000364,NOD000795,529.0,30.9534
NOD000375,NOD000592,668.0,39.0867
NOD000375,NOD000593,667.0,39.0282
NOD000375,NOD000594,667.0,39.0282
NOD000375,NOD000596,1027.0,60.0929
NOD000375,NOD000597,668.0,39.0867
NOD000375,NOD000598,1230.0,71.9711
NOD000375,NOD000599,1085.0,63.4867
NOD000375,NOD000601,673.0,39.3793
NOD000375,NOD000602,902.0,52.7788
NOD000375,NOD000607,797.0,46.6349
NOD000375,NOD000624,1236.0,72.3222
NOD000375,NOD000625,673.0,39.3793
NOD000375,NOD000632,567.0,33.1769
NOD000375,NOD000645,668.0,39.0867
NOD000375,NOD000647,673.0,39.3793
NOD000375,NOD000675,673.0,39.3793
NOD000375,NOD000678,535.0,31.3045
NOD000375,NOD000702,1085.0,63.4867
NOD000375,NOD000706,1230.0,71.9711
NOD000375,NOD000777,1085.0,63.4867
NOD000375,NOD000779,657.0,38.4431
NOD000375,NOD000780,660.0,38.6186
NOD000375,NOD000781,791.0,46.2838
NOD000375,NOD000785,895.0,52.3692
NOD000375,NOD000786,668.0,39.0867
NOD000375,NOD000788,814.0,47.6296
NOD000375,NOD000790,1230.0,71.9711
NOD000375,NOD000794,1661.0,97.1902
NOD000375,NOD000795,667.0,39.0282
NOD000382,NOD000592,512.0,29.9587
NOD000382,NOD000593,522.0,30.5438
NOD000382,NOD000594,522.0,30.5438
NOD000382,NOD000596,1129.0,66.0613
NOD000382,NOD000597,512.0,29.9587
NOD000382,NOD000598,504.0,29.4906
NOD000382,NOD000599,467.0,27.3256
NOD000382,NOD000601,528.0,30.8949
NOD000382,NOD000602,757.0,44.2944
NOD000382,NOD000607,662.0,38.7357
NOD000382,NOD000624,504.0,29.4906
NOD000382,NOD000625,524.0,30.6608
NOD000382,NOD000632,669.0,39.1452
NOD000382,NOD000645,504.0,29.4906
NOD000382,NOD000647,528.0,30.8949
NOD000382,NOD000675,528.0,30.8949
NOD000382,NOD000678,637.0,37.2728
NOD000382,NOD000702,844.0,49.385
NOD000382,NOD000706,467.0,27.3256
NOD000382,NOD000777,504.0,29.4906
NOD000382,NOD000779,522.0,30.5438
NOD000382,NOD000780,512.0,29.9587
NOD000382,NOD000781,656.0,38.3846
NOD000382,NOD000785,750.0,43.8848
NOD000382,NOD000786,512.0,29.9587
NOD000382,NOD000788,573.0,33.528
NOD000382,NOD000790,504.0,29.4906
NOD000382,NOD000794,1455.0,85.1365
NOD000382,NOD000795,522.0,30.5438
NOD000394,NOD000592,384.0,22.469
NOD000394,NOD000593,376.0,22.0009
NOD000394,NOD000594,376.0,22.0009
NOD000394,NOD000596,990.0,57.9279
NOD000394,NOD000597,384.0,22.469
NOD000394,NOD000598,939.0,54.9438
NOD000394,NOD000599,794.0,46.4594
NOD000394,NOD000601,382.0,22.352
NOD000394,NOD000602,601.0,35.1664
NOD000394,NOD000607,516.0,30.1927
NOD000394,NOD000624,1077.0,63.0186
NOD000394,NOD000625,382.0,22.352
NOD000394,NOD000632,530.0,31.0119
NOD000394,NOD000645,384.0,22.469
NOD000394,NOD000647,382.0,22.352
NOD000394,NOD000675,382.0,22.352
NOD000394,NOD000678,498.0,29.1395
NOD000394,NOD000702,794.0,46.4594
NOD000394,NOD000706,944.0,55.2363
NOD000394,NOD000777,794.0,46.4594
NOD000394,NOD000779,376.0,22.0009
NOD000394,NOD000780,376.0,22.0009
NOD000394,NOD000781,510.0,29.8417
NOD000394,NOD000785,366.0,21.4158
NOD000394,NOD000786,382.0,22.352
NOD000394,NOD000788,523.0,30.6023
NOD000394,NOD000790,944.0,55.2363
NOD000394,NOD000794,1370.0,80.1629
NOD000394,NOD000795,366.0,21.4158
NOD000399,NOD000592,610.0,35.693
NOD000399,NOD000593,609.0,35.6345
NOD000399,NOD000594,609.0,35.6345
NOD000399,NOD000596,969.0,56.6992
NOD000399,NOD000597,610.0,35.693
NOD000399,NOD000598,1172.0,68.5773
NOD000399,NOD000599,1027.0,60.0929
NOD000399,NOD000601,615.0,35.9855
NOD000399,NOD000602,844.0,49.385
NOD000399,NOD000607,739.0,43.2412
NOD000399,NOD000624,1178.0,68.9284
NOD000399,NOD000625,615.0,35.9855
NOD000399,NOD000632,509.0,29.7832
NOD000399,NOD000645,610.0,35.693
NOD000399,NOD000647,615.0,35.9855
NOD000399,NOD000675,615.0,35.9855
NOD000399,NOD000678,477.0,27.9107
NOD000399,NOD000702,1027.0,60.0929
NOD000399,NOD000706,1172.0,68.5773
NOD000399,NOD000777,1027.0,60.0929
NOD000399,NOD000779,599.0,35.0493
NOD000399,NOD000780,602.0,35.2249
NOD000399,NOD000781,733.0,42.8901
NOD000399,NOD000785,837.0,48.9754
NOD000399,NOD000786,610.0,35.693
NOD000399,NOD000788,756.0,44.2359
NOD000399,NOD000790,1172.0,68.5773
NOD000399,NOD000794,1603.0,93.7965
NOD000399,NOD000795,609.0,35.6345
NOD000404,NOD000592,1420.0,83.0886
NOD000404,NOD000593,1412.0,82.6205
NOD000404,NOD000594,1412.0,82.6205
NOD000404,NOD000596,2026.0,118.5475
NOD000404,NOD000597,1420.0,83.0886
NOD000404,NOD000598,1935.0,113.2228
NOD000404,NOD000599,1396.0,81.6842
NOD000404,NOD000601,1418.0,82.9715
NOD000404,NOD000602,1647.0,96.371
NOD000404,NOD000607,1552.0,90.8123
NOD000404,NOD000624,2097.0,122.7019
NOD000404,NOD000625,1418.0,82.9715
NOD000404,NOD000632,1566.0,91.6315
NOD000404,NOD000645,1420.0,83.0886
NOD000404,NOD000647,1396.0,81.6842
NOD000404,NOD000675,1418.0,82.9715
NOD000404,NOD000678,1534.0,89.7591
NOD000404,NOD000702,1830.0,107.0789
NOD000404,NOD000706,1396.0,81.6842
NOD000404,NOD000777,1804.0,105.5576
NOD000404,NOD000779,1412.0,82.6205
NOD000404,NOD000780,1412.0,82.6205
NOD000404,NOD000781,1546.0,90.4612
NOD000404,NOD000785,1640.0,95.9614
NOD000404,NOD000786,1418.0,82.9715
NOD000404,NOD000788,1559.0,91.2219
NOD000404,NOD000790,1412.0,82.6205
NOD000404,NOD000794,408.0,23.8733
NOD000404,NOD000795,1412.0,82.6205
NOD000405,NOD000592,587.0,34.3472
NOD000405,NOD000593,586.0,34.2887
NOD000405,NOD000594,586.0,34.2887
NOD000405,NOD000596,946.0,55.3534
NOD000405,NOD000597,587.0,34.3472
NOD000405,NOD000598,1149.0,67.2315
NOD000405,NOD000599,1004.0,58.7471
NOD000405,NOD000601,592.0,34.6397
NOD000405,NOD000602,821.0,48.0392
NOD000405,NOD000607,716.0,41.8954
NOD000405,NOD000624,1155.0,67.5826
NOD000405,NOD000625,592.0,34.6397
NOD000405,NOD000632,486.0,28.4374
NOD000405,NOD000645,587.0,34.3472
NOD000405,NOD000647,592.0,34.6397
NOD000405,NOD000675,592.0,34.6397
NOD000405,NOD000678,454.0,26.5649
NOD000405,NOD000702,1004.0,58.7471
NOD000405,NOD000706,1149.0,67.2315
NOD000405,NOD000777,1004.0,58.7471
NOD000405,NOD000779,576.0,33.7035
NOD000405,NOD000780,579.0,33.8791
NOD000405,NOD000781,710.0,41.5443
NOD000405,NOD000785,814.0,47.6296
NOD000405,NOD000786,587.0,34.3472
NOD000405,NOD000788,733.0,42.8901
NOD000405,NOD000790,1149.0,67.2315
NOD000405,NOD000794,1580.0,92.4507
NOD000405,NOD000795,586.0,34.2887
NOD000406,NOD000592,472.0,27.6182
NOD000406,NOD000593,471.0,27.5597
NOD000406,NOD000594,471.0,27.5597
NOD000406,NOD000596,831.0,48.6244
NOD000406,NOD000597,472.0,27.6182
NOD000406,NOD000598,1034.0,60.5025
NOD000406,NOD000599,889.0,52.0181
NOD000406,NOD000601,477.0,27.9107
NOD000406,NOD000602,706.0,41.3102
NOD000406,NOD000607,601.0,35.1664
NOD000406,NOD000624,1040.0,60.8536
NOD000406,NOD000625,477.0,27.9107
NOD000406,NOD000632,346.0,20.2455
NOD000406,NOD000645,472.0,27.6182
NOD000406,NOD000647,477.0,27.9107
NOD000406,NOD000675,477.0,27.9107
NOD000406,NOD000678,339.0,19.8359
NOD000406,NOD000702,889.0,52.0181
NOD000406,NOD000706,1034.0,60.5025
NOD000406,NOD000777,889.0,52.0181
NOD000406,NOD000779,461.0,26.9745
NOD000406,NOD000780,464.0,27.1501
NOD000406,NOD000781,595.0,34.8153
NOD000406,NOD000785,699.0,40.9006
NOD000406,NOD000786,472.0,27.6182
NOD000406,NOD000788,618.0,36.1611
NOD000406,NOD000790,1034.0,60.5025
NOD000406,NOD000794,1465.0,85.7216
NOD000406,NOD000795,471.0,27.5597
NOD000407,NOD000592,281.0,16.4422
NOD000407,NOD000593,280.0,16.3837
NOD000407,NOD000594,280.0,16.3837
NOD000407,NOD000596,640.0,37.4484
NOD000407,NOD000597,281.0,16.4422
NOD000407,NOD000598,843.0,49.3265
NOD000407,NOD000599,698.0,40.8421
NOD000407,NOD000601,286.0,16.7347
NOD000407,NOD000602,515.0,30.1342
NOD000407,NOD000607,410.0,23.9904
NOD000407,NOD000624,849.0,49.6776
NOD000407,NOD000625,286.0,16.7347
NOD000407,NOD000632,180.0,10.5324
NOD000407,NOD000645,281.0,16.4422
NOD000407,NOD000647,286.0,16.7347
NOD000407,NOD000675,286.0,16.7347
NOD000407,NOD000678,148.0,8.6599
NOD000407,NOD000702,698.0,40.8421
NOD000407,NOD000706,843.0,49.3265
NOD000407,NOD000777,698.0,40.8421
NOD000407,NOD000779,270.0,15.7985
NOD000407,NOD000780,273.0,15.9741
NOD000407,NOD000781,404.0,23.6393
NOD000407,NOD000785,508.0,29.7246
NOD000407,NOD000786,281.0,16.4422
NOD000407,NOD000788,427.0,24.9851
NOD000407,NOD000790,843.0,49.3265
NOD000407,NOD000794,1274.0,74.5457
NOD000407,NOD000795,280.0,16.3837
NOD000419,NOD000592,342.0,20.0115
NOD000419,NOD000593,352.0,20.5966
NOD000419,NOD000594,352.0,20.5966
NOD000419,NOD000596,834.0,48.7999
NOD000419,NOD000597,350.0,20.4796
NOD000419,NOD000598,827.0,48.3903
NOD000419,NOD000599,342.0,20.0115
NOD000419,NOD000601,358.0,20.9477
NOD000419,NOD000602,587.0,34.3472
NOD000419,NOD000607,482.0,28.2033
NOD000419,NOD000624,359.0,21.0062
NOD000419,NOD000625,354.0,20.7136
NOD000419,NOD000632,374.0,21.8839
NOD000419,NOD000645,342.0,20.0115
NOD000419,NOD000647,358.0,20.9477
NOD000419,NOD000675,358.0,20.9477
NOD000419,NOD000678,342.0,20.0115
NOD000419,NOD000702,682.0,39.9059
NOD000419,NOD000706,359.0,21.0062
NOD000419,NOD000777,342.0,20.0115
NOD000419,NOD000779,342.0,20.0115
NOD000419,NOD000780,342.0,20.0115
NOD000419,NOD000781,476.0,27.8522
NOD000419,NOD000785,580.0,33.9376
NOD000419,NOD000786,342.0,20.0115
NOD000419,NOD000788,411.0,24.0489
NOD000419,NOD000790,359.0,21.0062
NOD000419,NOD000794,1330.0,77.8224
NOD000419,NOD000795,352.0,20.5966
NOD000421,NOD000592,379.0,22.1765
NOD000421,NOD000593,378.0,22.1179
NOD000421,NOD000594,378.0,22.1179
NOD000421,NOD000596,246.0,14.3942
NOD000421,NOD000597,379.0,22.1765
NOD000421,NOD000598,941.0,55.0608
NOD000421,NOD000599,796.0,46.5764
NOD000421,NOD000601,384.0,22.469
NOD000421,NOD000602,613.0,35.8685
NOD000421,NOD000607,508.0,29.7246
NOD000421,NOD000624,947.0,55.4119
NOD000421,NOD000625,384.0,22.469
NOD000421,NOD000632,278.0,16.2666
NOD000421,NOD000645,379.0,22.1765
NOD000421,NOD000647,384.0,22.469
NOD000421,NOD000675,384.0,22.469
NOD000421,NOD000678,246.0,14.3942
NOD000421,NOD000702,796.0,46.5764
NOD000421,NOD000706,941.0,55.0608
NOD000421,NOD000777,796.0,46.5764
NOD000421,NOD000779,368.0,21.5328
NOD000421,NOD000780,371.0,21.7083
NOD000421,NOD000781,502.0,29.3736
NOD000421,NOD000785,606.0,35.4589
NOD000421,NOD000786,379.0,22.1765
NOD000421,NOD000788,525.0,30.7194
NOD000421,NOD000790,941.0,55.0608
NOD000421,NOD000794,1372.0,80.2799
NOD000421,NOD000795,378.0,22.1179
NOD000430,NOD000592,1042.0,60.9706
NOD000430,NOD000593,1039.0,60.7951
NOD000430,NOD000594,1039.0,60.7951
NOD000430,NOD000596,1653.0,96.7221
NOD000430,NOD000597,1042.0,60.9706
NOD000430,NOD000598,1502.0,87.8866
NOD000430,NOD000599,1357.0,79.4022
NOD000430,NOD000601,1045.0,61.1462
NOD000430,NOD000602,1274.0,74.5457
NOD000430,NOD000607,918.0,53.715
NOD000430,NOD000624,1652.0,96.6636
NOD000430,NOD000625,1045.0,61.1462
NOD000430,NOD000632,1193.0,69.8061
NOD000430,NOD000645,1035.0,60.561
NOD000430,NOD000647,1045.0,61.1462
NOD000430,NOD000675,1045.0,61.1462
NOD000430,NOD000678,1161.0,67.9337
NOD000430,NOD000702,1357.0,79.4022
NOD000430,NOD000706,1510.0,88.3547
NOD000430,NOD000777,1357.0,79.4022
NOD000430,NOD000779,1039.0,60.7951
NOD000430,NOD000780,1039.0,60.7951
NOD000430,NOD000781,918.0,53.715
NOD000430,NOD000785,1267.0,74.1361
NOD000430,NOD000786,1042.0,60.9706
NOD000430,NOD000788,1086.0,63.5452
NOD000430,NOD000790,1509.0,88.2962
NOD000430,NOD000794,2033.0,118.9571
NOD000430,NOD000795,1039.0,60.7951
NOD000431,NOD000592,806.0,47.1615
NOD000431,NOD000593,816.0,47.7467
NOD000431,NOD000594,816.0,47.7467
NOD000431,NOD000596,1423.0,83.2641
NOD000431,NOD000597,798.0,46.6934
NOD000431,NOD000598,1367.0,79.9874
NOD000431,NOD000599,798.0,46.6934
NOD000431,NOD000601,822.0,48.0977
NOD000431,NOD000602,1051.0,61.4972
NOD000431,NOD000607,956.0,55.9385
NOD000431,NOD000624,798.0,46.6934
NOD000431,NOD000625,818.0,47.8637
NOD000431,NOD000632,963.0,56.3481
NOD000431,NOD000645,798.0,46.6934
NOD000431,NOD000647,822.0,48.0977
NOD000431,NOD000675,822.0,48.0977
NOD000431,NOD000678,931.0,54.4757
NOD000431,NOD000702,1222.0,71.503
NOD000431,NOD000706,798.0,46.6934
NOD000431,NOD000777,798.0,46.6934
NOD000431,NOD000779,816.0,47.7467
NOD000431,NOD000780,806.0,47.1615
NOD000431,NOD000781,950.0,55.5874
NOD000431,NOD000785,1044.0,61.0876
NOD000431,NOD000786,806.0,47.1615
NOD000431,NOD000788,951.0,55.6459
NOD000431,NOD000790,1356.0,79.3437
NOD000431,NOD000794,1786.0,104.5043
NOD000431,NOD000795,816.0,47.7467
NOD000432,NOD000592,1178.0,68.9284
NOD000432,NOD000593,1177.0,68.8699
NOD000432,NOD000594,1177.0,68.8699
NOD000432,NOD000596,1537.0,89.9346
NOD000432,NOD000597,1178.0,68.9284
NOD000432,NOD000598,1740.0,101.8127
NOD000432,NOD000599,1595.0,93.3283
NOD000432,NOD000601,1183.0,69.221
NOD000432,NOD000602,1412.0,82.6205
NOD000432,NOD000607,1307.0,76.4766
NOD000432,NOD000624,1746.0,102.1638
NOD000432,NOD000625,1183.0,69.221
NOD000432,NOD000632,1077.0,63.0186
NOD000432,NOD000645,1178.0,68.9284
NOD000432,NOD000647,1183.0,69.221
NOD000432,NOD000675,1183.0,69.221
NOD000432,NOD000678,1045.0,61.1462
NOD000432,NOD000702,1595.0,93.3283
NOD000432,NOD000706,1740.0,101.8127
NOD000432,NOD000777,1595.0,93.3283
NOD000432,NOD000779,1167.0,68.2848
NOD000432,NOD000780,1170.0,68.4603
NOD000432,NOD000781,1301.0,76.1255
NOD000432,NOD000785,1405.0,82.2109
NOD000432,NOD000786,1178.0,68.9284
NOD000432,NOD000788,1324.0,77.4713
NOD000432,NOD000790,1740.0,101.8127
NOD000432,NOD000794,2171.0,127.0319
NOD000432,NOD000795,1177.0,68.8699
NOD000435,NOD000592,809.0,47.3371
NOD000435,NOD000593,808.0,47.2786
NOD000435,NOD000594,808.0,47.2786
NOD000435,NOD000596,1168.0,68.3433
NOD000435,NOD000597,809.0,47.3371
NOD000435,NOD000598,1371.0,80.2214
NOD000435,NOD000599,1226.0,71.737
NOD000435,NOD000601,814.0,47.6296
NOD000435,NOD000602,1043.0,61.0291
NOD000435,NOD000607,938.0,54.8853
NOD000435,NOD000624,1377.0,80.5725
NOD000435,NOD000625,814.0,47.6296
NOD000435,NOD000632,708.0,41.4273
NOD000435,NOD000645,809.0,47.3371
NOD000435,NOD000647,814.0,47.6296
NOD000435,NOD000675,814.0,47.6296
NOD000435,NOD000678,676.0,39.5548
NOD000435,NOD000702,1226.0,71.737
NOD000435,NOD000706,1371.0,80.2214
NOD000435,NOD000777,1226.0,71.737
NOD000435,NOD000779,798.0,46.6934
NOD000435,NOD000780,801.0,46.869
NOD000435,NOD000781,932.0,54.5342
NOD000435,NOD000785,1036.0,60.6195
NOD000435,NOD000786,809.0,47.3371
NOD000435,NOD000788,955.0,55.88
NOD000435,NOD000790,1371.0,80.2214
NOD000435,NOD000794,1802.0,105.4406
NOD000435,NOD000795,808.0,47.2786
NOD000437,NOD000592,797.0,46.6349
NOD000437,NOD000593,805.0,47.103
NOD000437,NOD000594,805.0,47.103
NOD000437,NOD000596,1414.0,82.7375
NOD000437,NOD000597,797.0,46.6349
NOD000437,NOD000598,1358.0,79.4608
NOD000437,NOD000599,1213.0,70.9764
NOD000437,NOD000601,811.0,47.4541
NOD000437,NOD000602,1040.0,60.8536
NOD000437,NOD000607,945.0,55.2949
NOD000437,NOD000624,1490.0,87.1845
NOD000437,NOD000625,809.0,47.3371
NOD000437,NOD000632,954.0,55.8215
NOD000437,NOD000645,789.0,46.1668
NOD000437,NOD000647,811.0,47.4541
NOD000437,NOD000675,811.0,47.4541
NOD000437,NOD000678,922.0,53.9491
NOD000437,NOD000702,1213.0,70.9764
NOD000437,NOD000706,1351.0,79.0512
NOD000437,NOD000777,1213.0,70.9764
NOD000437,NOD000779,805.0,47.103
NOD000437,NOD000780,797.0,46.6349
NOD000437,NOD000781,939.0,54.9438
NOD000437,NOD000785,1033.0,60.444
NOD000437,NOD000786,789.0,46.1668
NOD000437,NOD000788,942.0,55.1193
NOD000437,NOD000790,1351.0,79.0512
NOD000437,NOD000794,783.0,45.8157
NOD000437,NOD000795,805.0,47.103
NOD000442,NOD000592,1118.0,65.4176
NOD000442,NOD000593,1110.0,64.9495
NOD000442,NOD000594,1110.0,64.9495
NOD000442,NOD000596,1724.0,100.8765
NOD000442,NOD000597,1118.0,65.4176
NOD000442,NOD000598,1673.0,97.8924
NOD000442,NOD000599,1528.0,89.408
NOD000442,NOD000601,1116.0,65.3006
NOD000442,NOD000602,1335.0,78.1149
NOD000442,NOD000607,1250.0,73.1413
NOD000442,NOD000624,1811.0,105.9672
NOD000442,NOD000625,1116.0,65.3006
NOD000442,NOD000632,1264.0,73.9605
NOD000442,NOD000645,1118.0,65.4176
NOD000442,NOD000647,1116.0,65.3006
NOD000442,NOD000675,1116.0,65.3006
NOD000442,NOD000678,1232.0,72.0881
NOD000442,NOD000702,1528.0,89.408
NOD000442,NOD000706,1678.0,98.1849
NOD000442,NOD000777,1528.0,89.408
NOD000442,NOD000779,1110.0,64.9495
NOD000442,NOD000780,1110.0,64.9495
NOD000442,NOD000781,1244.0,72.7903
NOD000442,NOD000785,1328.0,77.7054
NOD000442,NOD000786,1116.0,65.3006
NOD000442,NOD000788,1257.0,73.5509
NOD000442,NOD000790,1678.0,98.1849
NOD000442,NOD000794,2104.0,123.1115
NOD000442,NOD000795,1100.0,64.3644
NOD000443,NOD000592,1500.0,87.7696
NOD000443,NOD000593,1497.0,87.5941
NOD000443,NOD000594,1497.0,87.5941
NOD000443,NOD000596,2111.0,123.5211
NOD000443,NOD000597,1500.0,87.7696
NOD000443,NOD000598,1815.0,106.2012
NOD000443,NOD000599,1519.0,88.8814
NOD000443,NOD000601,1503.0,87.9451
NOD000443,NOD000602,1732.0,101.3446
NOD000443,NOD000607,1637.0,95.7859
NOD000443,NOD000624,1770.0,103.5681
NOD000443,NOD000625,1503.0,87.9451
NOD000443,NOD000632,1651.0,96.6051
NOD000443,NOD000645,1493.0,87.36
NOD000443,NOD000647,1503.0,87.9451
NOD000443,NOD000675,1503.0,87.9451
NOD000443,NOD000678,1619.0,94.7327
NOD000443,NOD000702,1519.0,88.8814
NOD000443,NOD000706,1627.0,95.2008
NOD000443,NOD000777,1069.0,62.5505
NOD000443,NOD000779,1497.0,87.5941
NOD000443,NOD000780,1497.0,87.5941
NOD000443,NOD000781,1631.0,95.4348
NOD000443,NOD000785,1725.0,100.935
NOD000443,NOD000786,1500.0,87.7696
NOD000443,NOD000788,1544.0,90.3442
NOD000443,NOD000790,1627.0,95.2008
NOD000443,NOD000794,2465.0,144.2347
NOD000443,NOD000795,1497.0,87.5941
NOD000473,NOD000592,741.0,43.3582
NOD000473,NOD000593,740.0,43.2997
NOD000473,NOD000594,740.0,43.2997
NOD000473,NOD000596,1100.0,64.3644
NOD000473,NOD000597,741.0,43.3582
NOD000473,NOD000598,1303.0,76.2425
NOD000473,NOD000599,1158.0,67.7581
NOD000473,NOD000601,746.0,43.6508
NOD000473,NOD000602,975.0,57.0502
NOD000473,NOD000607,870.0,50.9064
NOD000473,NOD000624,1309.0,76.5936
NOD000473,NOD000625,746.0,43.6508
NOD000473,NOD000632,640.0,37.4484
NOD000473,NOD000645,741.0,43.3582
NOD000473,NOD000647,746.0,43.6508
NOD000473,NOD000675,746.0,43.6508
NOD000473,NOD000678,608.0,35.5759
NOD000473,NOD000702,1158.0,67.7581
NOD000473,NOD000706,1303.0,76.2425
NOD000473,NOD000777,1158.0,67.7581
NOD000473,NOD000779,730.0,42.7145
NOD000473,NOD000780,733.0,42.8901
NOD000473,NOD000781,864.0,50.5553
NOD000473,NOD000785,968.0,56.6407
NOD000473,NOD000786,741.0,43.3582
NOD000473,NOD000788,887.0,51.9011
NOD000473,NOD000790,1303.0,76.2425
NOD000473,NOD000794,1734.0,101.4617
NOD000473,NOD000795,740.0,43.2997
NOD000483,NOD000592,735.0,43.0071
NOD000483,NOD000593,734.0,42.9486
NOD000483,NOD000594,734.0,42.9486
NOD000483,NOD000596,1094.0,64.0133
NOD000483,NOD000597,735.0,43.0071
NOD000483,NOD000598,1297.0,75.8915
NOD000483,NOD000599,1152.0,67.4071
NOD000483,NOD000601,740.0,43.2997
NOD000483,NOD000602,969.0,56.6992
NOD000483,NOD000607,864.0,50.5553
NOD000483,NOD000624,1303.0,76.2425
NOD000483,NOD000625,740.0,43.2997
NOD000483,NOD000632,634.0,37.0973
NOD000483,NOD000645,735.0,43.0071
NOD000483,NOD000647,740.0,43.2997
NOD000483,NOD000675,740.0,43.2997
NOD000483,NOD000678,602.0,35.2249
NOD000483,NOD000702,1152.0,67.4071
NOD000483,NOD000706,1297.0,75.8915
NOD000483,NOD000777,1152.0,67.4071
NOD000483,NOD000779,724.0,42.3635
NOD000483,NOD000780,727.0,42.539
NOD000483,NOD000781,858.0,50.2042
NOD000483,NOD000785,962.0,56.2896
NOD000483,NOD000786,735.0,43.0071
NOD000483,NOD000788,881.0,51.55
NOD000483,NOD000790,1297.0,75.8915
NOD000483,NOD000794,1728.0,101.1106
NOD000483,NOD000795,734.0,42.9486
NOD000501,NOD000592,915.0,53.5395
NOD000501,NOD000593,923.0,54.0076
NOD000501,NOD000594,923.0,54.0076
NOD000501,NOD000596,1399.0,81.8598
NOD000501,NOD000597,915.0,53.5395
NOD000501,NOD000598,1483.0,86.7749
NOD000501,NOD000599,1338.0,78.2905
NOD000501,NOD000601,929.0,54.3586
NOD000501,NOD000602,1158.0,67.7581
NOD000501,NOD000607,1063.0,62.1994
NOD000501,NOD000624,1608.0,94.089
NOD000501,NOD000625,927.0,54.2416
NOD000501,NOD000632,907.0,53.0714
NOD000501,NOD000645,915.0,53.5395
NOD000501,NOD000647,929.0,54.3586
NOD000501,NOD000675,929.0,54.3586
NOD000501,NOD000678,907.0,53.0714
NOD000501,NOD000702,1338.0,78.2905
NOD000501,NOD000706,1469.0,85.9557
NOD000501,NOD000777,1338.0,78.2905
NOD000501,NOD000779,923.0,54.0076
NOD000501,NOD000780,915.0,53.5395
NOD000501,NOD000781,1057.0,61.8483
NOD000501,NOD000785,1151.0,67.3485
NOD000501,NOD000786,907.0,53.0714
NOD000501,NOD000788,1067.0,62.4334
NOD000501,NOD000790,1469.0,85.9557
NOD000501,NOD000794,1917.0,112.1696
NOD000501,NOD000795,923.0,54.0076
NOD000505,NOD000592,1040.0,60.8536
NOD000505,NOD000593,1039.0,60.7951
NOD000505,NOD000594,1039.0,60.7951
NOD000505,NOD000596,1399.0,81.8598
NOD000505,NOD000597,1040.0,60.8536
NOD000505,NOD000598,1602.0,93.7379
NOD000505,NOD000599,1457.0,85.2535
NOD000505,NOD000601,1045.0,61.1462
NOD000505,NOD000602,1274.0,74.5457
NOD000505,NOD000607,1169.0,68.4018
NOD000505,NOD000624,1608.0,94.089
NOD000505,NOD000625,1045.0,61.1462
NOD000505,NOD000632,907.0,53.0714
NOD000505,NOD000645,1040.0,60.8536
NOD000505,NOD000647,1045.0,61.1462
NOD000505,NOD000675,1045.0,61.1462
NOD000505,NOD000678,907.0,53.0714
NOD000505,NOD000702,1457.0,85.2535
NOD000505,NOD000706,1602.0,93.7379
NOD000505,NOD000777,1457.0,85.2535
NOD000505,NOD000779,1029.0,60.21
NOD000505,NOD000780,1032.0,60.3855
NOD000505,NOD000781,1163.0,68.0507
NOD000505,NOD000785,1267.0,74.1361
NOD000505,NOD000786,1040.0,60.8536
NOD000505,NOD000788,1186.0,69.3965
NOD000505,NOD000790,1602.0,93.7379
NOD000505,NOD000794,2033.0,118.9571
NOD000505,NOD000795,1039.0,60.7951
NOD000511,NOD000592,859.0,50.2627
NOD000511,NOD000593,869.0,50.8479
NOD000511,NOD000594,869.0,50.8479
NOD000511,NOD000596,1476.0,86.3653
NOD000511,NOD000597,851.0,49.7946
NOD000511,NOD000598,1427.0,83.4982
NOD000511,NOD000599,826.0,48.3318
NOD000511,NOD000601,875.0,51.1989
NOD000511,NOD000602,1104.0,64.5984
NOD000511,NOD000607,1009.0,59.0397
NOD000511,NOD000624,1527.0,89.3495
NOD000511,NOD000625,871.0,50.9649
NOD000511,NOD000632,1016.0,59.4493
NOD000511,NOD000645,859.0,50.2627
NOD000511,NOD000647,875.0,51.1989
NOD000511,NOD000675,875.0,51.1989
NOD000511,NOD000678,984.0,57.5769
NOD000511,NOD000702,1276.0,74.6627
NOD000511,NOD000706,1409.0,82.4449
NOD000511,NOD000777,851.0,49.7946
NOD000511,NOD000779,869.0,50.8479
NOD000511,NOD000780,859.0,50.2627
NOD000511,NOD000781,1003.0,58.6886
NOD000511,NOD000785,1097.0,64.1888
NOD000511,NOD000786,859.0,50.2627
NOD000511,NOD000788,1011.0,59.1567
NOD000511,NOD000790,1409.0,82.4449
NOD000511,NOD000794,1814.0,106.1427
NOD000511,NOD000795,869.0,50.8479
NOD000519,NOD000592,973.0,56.9332
NOD000519,NOD000593,972.0,56.8747
NOD000519,NOD000594,972.0,56.8747
NOD000519,NOD000596,1332.0,77.9394
NOD000519,NOD000597,973.0,56.9332
NOD000519,NOD000598,1535.0,89.8176
NOD000519,NOD000599,1390.0,81.3332
NOD000519,NOD000601,978.0,57.2258
NOD000519,NOD000602,1207.0,70.6253
NOD000519,NOD000607,1102.0,64.4814
NOD000519,NOD000624,1541.0,90.1686
NOD000519,NOD000625,978.0,57.2258
NOD000519,NOD000632,840.0,49.151
NOD000519,NOD000645,973.0,56.9332
NOD000519,NOD000647,978.0,57.2258
NOD000519,NOD000675,978.0,57.2258
NOD000519,NOD000678,840.0,49.151
NOD000519,NOD000702,1390.0,81.3332
NOD000519,NOD000706,1535.0,89.8176
NOD000519,NOD000777,1390.0,81.3332
NOD000519,NOD000779,962.0,56.2896
NOD000519,NOD000780,965.0,56.4651
NOD000519,NOD000781,1096.0,64.1303
NOD000519,NOD000785,1200.0,70.2157
NOD000519,NOD000786,973.0,56.9332
NOD000519,NOD000788,1119.0,65.4761
NOD000519,NOD000790,1535.0,89.8176
NOD000519,NOD000794,1966.0,115.0367
NOD000519,NOD000795,972.0,56.8747
NOD000520,NOD000592,79.0,4.6225
NOD000520,NOD000593,71.0,4.1544
NOD000520,NOD000594,71.0,4.1544
NOD000520,NOD000596,675.0,39.4963
NOD000520,NOD000597,79.0,4.6225
NOD000520,NOD000598,634.0,37.0973
NOD000520,NOD000599,489.0,28.6129
NOD000520,NOD000601,77.0,4.5055
NOD000520,NOD000602,306.0,17.905
NOD000520,NOD000607,201.0,11.7611
NOD000520,NOD000624,762.0,44.587
NOD000520,NOD000625,77.0,4.5055
NOD000520,NOD000632,215.0,12.5803
NOD000520,NOD000645,79.0,4.6225
NOD000520,NOD000647,77.0,4.5055
NOD000520,NOD000675,77.0,4.5055
NOD000520,NOD000678,183.0,10.7079
NOD000520,NOD000702,489.0,28.6129
NOD000520,NOD000706,639.0,37.3899
NOD000520,NOD000777,489.0,28.6129
NOD000520,NOD000779,61.0,3.5693
NOD000520,NOD000780,71.0,4.1544
NOD000520,NOD000781,195.0,11.41
NOD000520,NOD000785,299.0,17.4954
NOD000520,NOD000786,77.0,4.5055
NOD000520,NOD000788,218.0,12.7558
NOD000520,NOD000790,639.0,37.3899
NOD000520,NOD000794,1065.0,62.3164
NOD000520,NOD000795,71.0,4.1544
NOD000533,NOD000592,756.0,44.2359
NOD000533,NOD000593,766.0,44.821
NOD000533,NOD000594,766.0,44.821
NOD000533,NOD000596,1373.0,80.3384
NOD000533,NOD000597,748.0,43.7678
NOD000533,NOD000598,1317.0,77.0617
NOD000533,NOD000599,748.0,43.7678
NOD000533,NOD000601,772.0,45.1721
NOD000533,NOD000602,1001.0,58.5716
NOD000533,NOD000607,906.0,53.0128
NOD000533,NOD000624,1449.0,84.7854
NOD000533,NOD000625,768.0,44.938
NOD000533,NOD000632,913.0,53.4224
NOD000533,NOD000645,748.0,43.7678
NOD000533,NOD000647,772.0,45.1721
NOD000533,NOD000675,772.0,45.1721
NOD000533,NOD000678,881.0,51.55
NOD000533,NOD000702,1172.0,68.5773
NOD000533,NOD000706,1306.0,76.4181
NOD000533,NOD000777,748.0,43.7678
NOD000533,NOD000779,766.0,44.821
NOD000533,NOD000780,756.0,44.2359
NOD000533,NOD000781,900.0,52.6618
NOD000533,NOD000785,994.0,58.162
NOD000533,NOD000786,756.0,44.2359
NOD000533,NOD000788,901.0,52.7203
NOD000533,NOD000790,1306.0,76.4181
NOD000533,NOD000794,1736.0,101.5787
NOD000533,NOD000795,766.0,44.821
NOD000536,NOD000592,512.0,29.9587
NOD000536,NOD000593,514.0,30.0757
NOD000536,NOD000594,504.0,29.4906
NOD000536,NOD000596,1118.0,65.4176
NOD000536,NOD000597,512.0,29.9587
NOD000536,NOD000598,1077.0,63.0186
NOD000536,NOD000599,932.0,54.5342
NOD000536,NOD000601,520.0,30.4268
NOD000536,NOD000602,739.0,43.2412
NOD000536,NOD000607,644.0,37.6824
NOD000536,NOD000624,1205.0,70.5083
NOD000536,NOD000625,520.0,30.4268
NOD000536,NOD000632,658.0,38.5016
NOD000536,NOD000645,512.0,29.9587
NOD000536,NOD000647,520.0,30.4268
NOD000536,NOD000675,520.0,30.4268
NOD000536,NOD000678,626.0,36.6292
NOD000536,NOD000702,932.0,54.5342
NOD000536,NOD000706,1066.0,62.3749
NOD000536,NOD000777,932.0,54.5342
NOD000536,NOD000779,504.0,29.4906
NOD000536,NOD000780,512.0,29.9587
NOD000536,NOD000781,638.0,37.3313
NOD000536,NOD000785,732.0,42.8316
NOD000536,NOD000786,504.0,29.4906
NOD000536,NOD000788,661.0,38.6771
NOD000536,NOD000790,1066.0,62.3749
NOD000536,NOD000794,1508.0,88.2377
NOD000536,NOD000795,514.0,30.0757
NOD000542,NOD000592,375.0,21.9424
NOD000542,NOD000593,374.0,21.8839
NOD000542,NOD000594,374.0,21.8839
NOD000542,NOD000596,734.0,42.9486
NOD000542,NOD000597,375.0,21.9424
NOD000542,NOD000598,937.0,54.8267
NOD000542,NOD000599,792.0,46.3424
NOD000542,NOD000601,380.0,22.235
NOD000542,NOD000602,609.0,35.6345
NOD000542,NOD000607,504.0,29.4906
NOD000542,NOD000624,943.0,55.1778
NOD000542,NOD000625,380.0,22.235
NOD000542,NOD000632,274.0,16.0326
NOD000542,NOD000645,375.0,21.9424
NOD000542,NOD000647,380.0,22.235
NOD000542,NOD000675,380.0,22.235
NOD000542,NOD000678,242.0,14.1602
NOD000542,NOD000702,792.0,46.3424
NOD000542,NOD000706,937.0,54.8267
NOD000542,NOD000777,792.0,46.3424
NOD000542,NOD000779,364.0,21.2988
NOD000542,NOD000780,367.0,21.4743
NOD000542,NOD000781,498.0,29.1395
NOD000542,NOD000785,602.0,35.2249
NOD000542,NOD000786,375.0,21.9424
NOD000542,NOD000788,521.0,30.4853
NOD000542,NOD000790,937.0,54.8267
NOD000542,NOD000794,1368.0,80.0459
NOD000542,NOD000795,374.0,21.8839
NOD000552,NOD000592,602.0,35.2249
NOD000552,NOD000593,594.0,34.7568
NOD000552,NOD000594,584.0,34.1716
NOD000552,NOD000596,1198.0,70.0987
NOD000552,NOD000597,602.0,35.2249
NOD000552,NOD000598,1157.0,67.6996
NOD000552,NOD000599,1012.0,59.2152
NOD000552,NOD000601,600.0,35.1078
NOD000552,NOD000602,829.0,48.5073
NOD000552,NOD000607,450.0,26.3309
NOD000552,NOD000624,1285.0,75.1893
NOD000552,NOD000625,600.0,35.1078
NOD000552,NOD000632,738.0,43.1826
NOD000552,NOD000645,602.0,35.2249
NOD000552,NOD000647,600.0,35.1078
NOD000552,NOD000675,600.0,35.1078
NOD000552,NOD000678,706.0,41.3102
NOD000552,NOD000702,1012.0,59.2152
NOD000552,NOD000706,1162.0,67.9922
NOD000552,NOD000777,1012.0,59.2152
NOD000552,NOD000779,584.0,34.1716
NOD000552,NOD000780,594.0,34.7568
NOD000552,NOD000781,450.0,26.3309
NOD000552,NOD000785,822.0,48.0977
NOD000552,NOD000786,600.0,35.1078
NOD000552,NOD000788,741.0,43.3582
NOD000552,NOD000790,1162.0,67.9922
NOD000552,NOD000794,1588.0,92.9188
NOD000552,NOD000795,594.0,34.7568
NOD000582,NOD000592,2321.0,135.8088
NOD000582,NOD000593,2323.0,135.9259
NOD000582,NOD000594,2313.0,135.3407
NOD000582,NOD000596,2937.0,171.8529
NOD000582,NOD000597,2321.0,135.8088
NOD000582,NOD000598,2886.0,168.8687
NOD000582,NOD000599,2741.0,160.3843
NOD000582,NOD000601,2329.0,136.2769
NOD000582,NOD000602,2548.0,149.0913
NOD000582,NOD000607,2453.0,143.5326
NOD000582,NOD000624,3014.0,176.3584
NOD000582,NOD000625,2329.0,136.2769
NOD000582,NOD000632,2477.0,144.9369
NOD000582,NOD000645,2321.0,135.8088
NOD000582,NOD000647,2329.0,136.2769
NOD000582,NOD000675,2329.0,136.2769
NOD000582,NOD000678,2445.0,143.0645
NOD000582,NOD000702,2741.0,160.3843
NOD000582,NOD000706,2875.0,168.2251
NOD000582,NOD000777,2741.0,160.3843
NOD000582,NOD000779,2323.0,135.9259
NOD000582,NOD000780,2321.0,135.8088
NOD000582,NOD000781,2447.0,143.1815
NOD000582,NOD000785,2541.0,148.6817
NOD000582,NOD000786,2313.0,135.3407
NOD000582,NOD000788,2470.0,144.5273
NOD000582,NOD000790,2875.0,168.2251
NOD000582,NOD000794,3317.0,194.0879
NOD000582,NOD000795,2313.0,135.3407
NOD000583,NOD000592,1108.0,64.8325
NOD000583,NOD000593,1110.0,64.9495
NOD000583,NOD000594,1110.0,64.9495
NOD000583,NOD000596,1624.0,95.0252
NOD000583,NOD000597,1108.0,64.8325
NOD000583,NOD000598,1659.0,97.0732
NOD000583,NOD000599,1520.0,88.9399
NOD000583,NOD000601,1116.0,65.3006
NOD000583,NOD000602,1335.0,78.1149
NOD000583,NOD000607,1250.0,73.1413
NOD000583,NOD000624,1801.0,105.382
NOD000583,NOD000625,1116.0,65.3006
NOD000583,NOD000632,1100.0,64.3644
NOD000583,NOD000645,1108.0,64.8325
NOD000583,NOD000647,1116.0,65.3006
NOD000583,NOD000675,1116.0,65.3006
NOD000583,NOD000678,1132.0,66.2368
NOD000583,NOD000702,1520.0,88.9399
NOD000583,NOD000706,1136.0,66.4708
NOD000583,NOD000777,1520.0,88.9399
NOD000583,NOD000779,1110.0,64.9495
NOD000583,NOD000780,1100.0,64.3644
NOD000583,NOD000781,1244.0,72.7903
NOD000583,NOD000785,1328.0,77.7054
NOD000583,NOD000786,1108.0,64.8325
NOD000583,NOD000788,1249.0,73.0828
NOD000583,NOD000790,1136.0,66.4708
NOD000583,NOD000794,2104.0,123.1115
NOD000583,NOD000795,1100.0,64.3644
NOD000587,NOD000592,851.0,49.7946
NOD000587,NOD000593,833.0,48.7414
NOD000587,NOD000594,843.0,49.3265
NOD000587,NOD000596,1457.0,85.2535
NOD000587,NOD000597,851.0,49.7946
NOD000587,NOD000598,1406.0,82.2694
NOD000587,NOD000599,1261.0,73.785
NOD000587,NOD000601,849.0,49.6776
NOD000587,NOD000602,1078.0,63.0771
NOD000587,NOD000607,983.0,57.5183
NOD000587,NOD000624,1544.0,90.3442
NOD000587,NOD000625,844.0,49.385
NOD000587,NOD000632,997.0,58.3375
NOD000587,NOD000645,851.0,49.7946
NOD000587,NOD000647,849.0,49.6776
NOD000587,NOD000675,849.0,49.6776
NOD000587,NOD000678,965.0,56.4651
NOD000587,NOD000702,1261.0,73.785
NOD000587,NOD000706,1411.0,82.5619
NOD000587,NOD000777,1261.0,73.785
NOD000587,NOD000779,843.0,49.3265
NOD000587,NOD000780,843.0,49.3265
NOD000587,NOD000781,977.0,57.1673
NOD000587,NOD000785,1071.0,62.6675
NOD000587,NOD000786,849.0,49.6776
NOD000587,NOD000788,990.0,57.9279
NOD000587,NOD000790,1411.0,82.5619
NOD000587,NOD000794,1837.0,107.4885
NOD000587,NOD000795,843.0,49.3265
NOD000614,NOD000592,1012.0,59.2152
NOD000614,NOD000593,1004.0,58.7471
NOD000614,NOD000594,994.0,58.162
NOD000614,NOD000596,1618.0,94.6741
NOD000614,NOD000597,1012.0,59.2152
NOD000614,NOD000598,1567.0,91.69
NOD000614,NOD000599,1422.0,83.2056
NOD000614,NOD000601,1010.0,59.0982
NOD000614,NOD000602,1239.0,72.4977
NOD000614,NOD000607,1134.0,66.3538
NOD000614,NOD000624,1705.0,99.7648
NOD000614,NOD000625,1010.0,59.0982
NOD000614,NOD000632,1158.0,67.7581
NOD000614,NOD000645,1012.0,59.2152
NOD000614,NOD000647,1010.0,59.0982
NOD000614,NOD000675,1010.0,59.0982
NOD000614,NOD000678,1126.0,65.8857
NOD000614,NOD000702,1422.0,83.2056
NOD000614,NOD000706,1572.0,91.9825
NOD000614,NOD000777,1422.0,83.2056
NOD000614,NOD000779,1004.0,58.7471
NOD000614,NOD000780,1004.0,58.7471
NOD000614,NOD000781,1128.0,66.0027
NOD000614,NOD000785,1232.0,72.0881
NOD000614,NOD000786,1010.0,59.0982
NOD000614,NOD000788,1151.0,67.3485
NOD000614,NOD000790,1572.0,91.9825
NOD000614,NOD000794,1998.0,116.9091
NOD000614,NOD000795,1004.0,58.7471
NOD000616,NOD000620,1586.0,92.8017
NOD000627,NOD000592,422.0,24.6925
NOD000627,NOD000593,421.0,24.634
NOD000627,NOD000594,421.0,24.634
NOD000627,NOD000596,781.0,45.6987
NOD000627,NOD000597,422.0,24.6925
NOD000627,NOD000598,984.0,57.5769
NOD000627,NOD000599,839.0,49.0925
NOD000627,NOD000601,427.0,24.9851
NOD000627,NOD000602,656.0,38.3846
NOD000627,NOD000607,551.0,32.2407
NOD000627,NOD000624,990.0,57.9279
NOD000627,NOD000625,427.0,24.9851
NOD000627,NOD000632,257.0,15.0379
NOD000627,NOD000645,422.0,24.6925
NOD000627,NOD000647,427.0,24.9851
NOD000627,NOD000675,427.0,24.9851
NOD000627,NOD000678,289.0,16.9103
NOD000627,NOD000702,839.0,49.0925
NOD000627,NOD000706,984.0,57.5769
NOD000627,NOD000777,839.0,49.0925
NOD000627,NOD000779,411.0,24.0489
NOD000627,NOD000780,414.0,24.2244
NOD000627,NOD000781,545.0,31.8896
NOD000627,NOD000785,649.0,37.975
NOD000627,NOD000786,422.0,24.6925
NOD000627,NOD000788,568.0,33.2354
NOD000627,NOD000790,984.0,57.5769
NOD000627,NOD000794,1415.0,82.796
NOD000627,NOD000795,421.0,24.634
NOD000656,NOD000592,1191.0,69.6891
NOD000656,NOD000593,1190.0,69.6306
NOD000656,NOD000594,1190.0,69.6306
NOD000656,NOD000596,566.0,33.1184
NOD000656,NOD000597,1191.0,69.6891
NOD000656,NOD000598,1753.0,102.5734
NOD000656,NOD000599,1608.0,94.089
NOD000656,NOD000601,1196.0,69.9816
NOD000656,NOD000602,1425.0,83.3811
NOD000656,NOD000607,1320.0,77.2373
NOD000656,NOD000624,1759.0,102.9245
NOD000656,NOD000625,1196.0,69.9816
NOD000656,NOD000632,1090.0,63.7792
NOD000656,NOD000645,1191.0,69.6891
NOD000656,NOD000647,1196.0,69.9816
NOD000656,NOD000675,1196.0,69.9816
NOD000656,NOD000678,1058.0,61.9068
NOD000656,NOD000702,1608.0,94.089
NOD000656,NOD000706,1753.0,102.5734
NOD000656,NOD000777,1608.0,94.089
NOD000656,NOD000779,1180.0,69.0454
NOD000656,NOD000780,1183.0,69.221
NOD000656,NOD000781,1314.0,76.8862
NOD000656,NOD000785,1418.0,82.9715
NOD000656,NOD000786,1191.0,69.6891
NOD000656,NOD000788,1337.0,78.232
NOD000656,NOD000790,1753.0,102.5734
NOD000656,NOD000794,2184.0,127.7925
NOD000656,NOD000795,1190.0,69.6306
NOD000662,NOD000592,149.0,8.7184
NOD000662,NOD000593,148.0,8.6599
NOD000662,NOD000594,148.0,8.6599
NOD000662,NOD000596,508.0,29.7246
NOD000662,NOD000597,149.0,8.7184
NOD000662,NOD000598,711.0,41.6028
NOD000662,NOD000599,566.0,33.1184
NOD000662,NOD000601,154.0,9.011
NOD000662,NOD000602,383.0,22.4105
NOD000662,NOD000607,278.0,16.2666
NOD000662,NOD000624,717.0,41.9539
NOD000662,NOD000625,154.0,9.011
NOD000662,NOD000632,48.0,2.8086
NOD000662,NOD000645,149.0,8.7184
NOD000662,NOD000647,154.0,9.011
NOD000662,NOD000675,154.0,9.011
NOD000662,NOD000678,16.0,0.9362
NOD000662,NOD000702,566.0,33.1184
NOD000662,NOD000706,711.0,41.6028
NOD000662,NOD000777,566.0,33.1184
NOD000662,NOD000779,138.0,8.0748
NOD000662,NOD000780,141.0,8.2503
NOD000662,NOD000781,272.0,15.9156
NOD000662,NOD000785,376.0,22.0009
NOD000662,NOD000786,149.0,8.7184
NOD000662,NOD000788,295.0,17.2614
NOD000662,NOD000790,711.0,41.6028
NOD000662,NOD000794,1142.0,66.8219
NOD000662,NOD000795,148.0,8.6599
NOD000678,NOD000592,133.0,7.7822
NOD000678,NOD000593,132.0,7.7237
NOD000678,NOD000594,132.0,7.7237
NOD000678,NOD000596,492.0,28.7884
NOD000678,NOD000597,133.0,7.7822
NOD000678,NOD000598,695.0,40.6666
NOD000678,NOD000599,550.0,32.1822
NOD000678,NOD000601,138.0,8.0748
NOD000678,NOD000602,367.0,21.4743
NOD000678,NOD000607,262.0,15.3304
NOD000678,NOD000624,701.0,41.0177
NOD000678,NOD000625,138.0,8.0748
NOD000678,NOD000632,32.0,1.8724
NOD000678,NOD000645,133.0,7.7822
NOD000678,NOD000647,138.0,8.0748
NOD000678,NOD000675,138.0,8.0748
NOD000678,NOD000678,0.0,0.0
NOD000678,NOD000702,550.0,32.1822
NOD000678,NOD000706,695.0,40.6666
NOD000678,NOD000777,550.0,32.1822
NOD000678,NOD000779,122.0,7.1386
NOD000678,NOD000780,125.0,7.3141
NOD000678,NOD000781,256.0,14.9793
NOD000678,NOD000785,360.0,21.0647
NOD000678,NOD000786,133.0,7.7822
NOD000678,NOD000788,279.0,16.3251
NOD000678,NOD000790,695.0,40.6666
NOD000678,NOD000794,1126.0,65.8857
NOD000678,NOD000795,132.0,7.7237
NOD000720,NOD000592,806.0,47.1615
NOD000720,NOD000593,808.0,47.2786
NOD000720,NOD000594,808.0,47.2786
NOD000720,NOD000596,1415.0,82.796
NOD000720,NOD000597,806.0,47.1615
NOD000720,NOD000598,1371.0,80.2214
NOD000720,NOD000599,1226.0,71.737
NOD000720,NOD000601,814.0,47.6296
NOD000720,NOD000602,1043.0,61.0291
NOD000720,NOD000607,948.0,55.4704
NOD000720,NOD000624,1499.0,87.7111
NOD000720,NOD000625,814.0,47.6296
NOD000720,NOD000632,955.0,55.88
NOD000720,NOD000645,806.0,47.1615
NOD000720,NOD000647,814.0,47.6296
NOD000720,NOD000675,814.0,47.6296
NOD000720,NOD000678,923.0,54.0076
NOD000720,NOD000702,1226.0,71.737
NOD000720,NOD000706,1368.0,80.0459
NOD000720,NOD000777,1226.0,71.737
NOD000720,NOD000779,808.0,47.2786
NOD000720,NOD000780,798.0,46.6934
NOD000720,NOD000781,942.0,55.1193
NOD000720,NOD000785,1036.0,60.6195
NOD000720,NOD000786,806.0,47.1615
NOD000720,NOD000788,955.0,55.88
NOD000720,NOD000790,1368.0,80.0459
NOD000720,NOD000794,1802.0,105.4406
NOD000720,NOD000795,808.0,47.2786
NOD000776,NOD000592,895.0,52.3692
NOD000776,NOD000593,894.0,52.3107
NOD000776,NOD000594,894.0,52.3107
NOD000776,NOD000596,1254.0,73.3754
NOD000776,NOD000597,895.0,52.3692
NOD000776,NOD000598,1457.0,85.2535
NOD000776,NOD000599,1312.0,76.7691
NOD000776,NOD000601,900.0,52.6618
NOD000776,NOD000602,1129.0,66.0613
NOD000776,NOD000607,1024.0,59.9174
NOD000776,NOD000624,1463.0,85.6046
NOD000776,NOD000625,900.0,52.6618
NOD000776,NOD000632,794.0,46.4594
NOD000776,NOD000645,895.0,52.3692
NOD000776,NOD000647,900.0,52.6618
NOD000776,NOD000675,900.0,52.6618
NOD000776,NOD000678,762.0,44.587
NOD000776,NOD000702,1312.0,76.7691
NOD000776,NOD000706,1457.0,85.2535
NOD000776,NOD000777,1312.0,76.7691
NOD000776,NOD000779,884.0,51.7256
NOD000776,NOD000780,887.0,51.9011
NOD000776,NOD000781,1018.0,59.5663
NOD000776,NOD000785,1122.0,65.6517
NOD000776,NOD000786,895.0,52.3692
NOD000776,NOD000788,1041.0,60.9121
NOD000776,NOD000790,1457.0,85.2535
NOD000776,NOD000794,1888.0,110.4727
NOD000776,NOD000795,894.0,52.3107
NOD000782,NOD000592,1033.0,60.444
NOD000782,NOD000593,1025.0,59.9759
NOD000782,NOD000594,1015.0,59.3908
NOD000782,NOD000596,1629.0,95.3178
NOD000782,NOD000597,1033.0,60.444
NOD000782,NOD000598,1588.0,92.9188
NOD000782,NOD000599,1443.0,84.4344
NOD000782,NOD000601,1031.0,60.327
NOD000782,NOD000602,1260.0,73.7265
NOD000782,NOD000607,881.0,51.55
NOD000782,NOD000624,1716.0,100.4084
NOD000782,NOD000625,1031.0,60.327
NOD000782,NOD000632,1169.0,68.4018
NOD000782,NOD000645,1033.0,60.444
NOD000782,NOD000647,1031.0,60.327
NOD000782,NOD000675,1031.0,60.327
NOD000782,NOD000678,1137.0,66.5294
NOD000782,NOD000702,1443.0,84.4344
NOD000782,NOD000706,1593.0,93.2113
NOD000782,NOD000777,1443.0,84.4344
NOD000782,NOD000779,1015.0,59.3908
NOD000782,NOD000780,1025.0,59.9759
NOD000782,NOD000781,881.0,51.55
NOD000782,NOD000785,1253.0,73.3169
NOD000782,NOD000786,1031.0,60.327
NOD000782,NOD000788,1172.0,68.5773
NOD000782,NOD000790,1593.0,93.2113
NOD000782,NOD000794,2019.0,118.1379
NOD000782,NOD000795,1025.0,59.9759
