from_node_id,to_node_id,distance_km,travel_hours
NOD000002,NOD000592,1096.0,64.1303
NOD000002,NOD000593,1088.0,63.6622
NOD000002,NOD000594,1078.0,63.0771
NOD000002,NOD000596,1692.0,99.0041
NOD000002,NOD000597,1096.0,64.1303
NOD000002,NOD000598,1651.0,96.6051
NOD000002,NOD000599,1506.0,88.1207
NOD000002,NOD000601,1094.0,64.0133
NOD000002,NOD000603,1094.0,64.0133
NOD000002,NOD000607,944.0,55.2363
NOD000002,NOD000611,1094.0,64.0133
NOD000002,NOD000612,2726.0,159.5066
NOD000002,NOD000622,2082.0,121.8242
NOD000002,NOD000632,1232.0,72.0881
NOD000002,NOD000645,1096.0,64.1303
NOD000002,NOD000647,1094.0,64.0133
NOD000002,NOD000677,1094.0,64.0133
NOD000002,NOD000678,1200.0,70.2157
NOD000002,NOD000696,1088.0,63.6622
NOD000002,NOD000706,1656.0,96.8976
NOD000002,NOD000777,1506.0,88.1207
NOD000002,NOD000779,1078.0,63.0771
NOD000002,NOD000780,1088.0,63.6622
NOD000002,NOD000781,944.0,55.2363
NOD000002,NOD000785,1316.0,77.0032
NOD000002,NOD000786,1094.0,64.0133
NOD000002,NOD000789,1088.0,63.6622
NOD000002,NOD000790,1656.0,96.8976
NOD000002,NOD000794,2082.0,121.8242
NOD000002,NOD000795,1088.0,63.6622
NOD000003,NOD000592,1233.0,72.1466
NOD000003,NOD000593,1225.0,71.6785
NOD000003,NOD000594,1215.0,71.0934
NOD000003,NOD000596,1829.0,107.0204
NOD000003,NOD000597,1233.0,72.1466
NOD000003,NOD000598,1788.0,104.6214
NOD000003,NOD000599,1643.0,96.137
NOD000003,NOD000601,1231.0,72.0296
NOD000003,NOD000603,1231.0,72.0296
NOD000003,NOD000607,1081.0,63.2526
NOD000003,NOD000611,1231.0,72.0296
NOD000003,NOD000612,2863.0,167.5229
NOD000003,NOD000622,2219.0,129.8405
NOD000003,NOD000632,1369.0,80.1044
NOD000003,NOD000645,1233.0,72.1466
NOD000003,NOD000647,1231.0,72.0296
NOD000003,NOD000677,1231.0,72.0296
NOD000003,NOD000678,1337.0,78.232
NOD000003,NOD000696,1225.0,71.6785
NOD000003,NOD000706,1793.0,104.9139
NOD000003,NOD000777,1643.0,96.137
NOD000003,NOD000779,1215.0,71.0934
NOD000003,NOD000780,1225.0,71.6785
NOD000003,NOD000781,1081.0,63.2526
NOD000003,NOD000785,1453.0,85.0195
NOD000003,NOD000786,1231.0,72.0296
NOD000003,NOD000789,1225.0,71.6785
NOD000003,NOD000790,1793.0,104.9139
NOD000003,NOD000794,2219.0,129.8405
NOD000003,NOD000795,1225.0,71.6785
NOD000008,NOD000592,821.0,48.0392
NOD000008,NOD000593,839.0,49.0925
NOD000008,NOD000594,839.0,49.0925
NOD000008,NOD000596,1446.0,84.6099
NOD000008,NOD000597,829.0,48.5073
NOD000008,NOD000598,1397.0,81.7428
NOD000008,NOD000599,1252.0,73.2584
NOD000008,NOD000601,845.0,49.4435
NOD000008,NOD000603,845.0,49.4435
NOD000008,NOD000607,979.0,57.2843
NOD000008,NOD000611,845.0,49.4435
NOD000008,NOD000612,2755.0,161.2035
NOD000008,NOD000622,1833.0,107.2545
NOD000008,NOD000632,986.0,57.6939
NOD000008,NOD000645,829.0,48.5073
NOD000008,NOD000647,845.0,49.4435
NOD000008,NOD000677,829.0,48.5073
NOD000008,NOD000678,954.0,55.8215
NOD000008,NOD000696,833.0,48.7414
NOD000008,NOD000706,1391.0,81.3917
NOD000008,NOD000777,1252.0,73.2584
NOD000008,NOD000779,839.0,49.0925
NOD000008,NOD000780,829.0,48.5073
NOD000008,NOD000781,973.0,56.9332
NOD000008,NOD000785,1067.0,62.4334
NOD000008,NOD000786,829.0,48.5073
NOD000008,NOD000789,839.0,49.0925
NOD000008,NOD000790,1391.0,81.3917
NOD000008,NOD000794,1833.0,107.2545
NOD000008,NOD000795,839.0,49.0925
NOD000011,NOD000592,717.0,41.9539
NOD000011,NOD000593,723.0,42.305
NOD000011,NOD000594,723.0,42.305
NOD000011,NOD000596,1334.0,78.0564
NOD000011,NOD000597,717.0,41.9539
NOD000011,NOD000598,1186.0,69.3965
NOD000011,NOD000599,1041.0,60.9121
NOD000011,NOD000601,729.0,42.656
NOD000011,NOD000603,729.0,42.656
NOD000011,NOD000607,863.0,50.4968
NOD000011,NOD000611,729.0,42.656
NOD000011,NOD000612,2639.0,154.416
NOD000011,NOD000622,1717.0,100.4669
NOD000011,NOD000632,874.0,51.1404
NOD000011,NOD000645,709.0,41.4858
NOD000011,NOD000647,729.0,42.656
NOD000011,NOD000677,717.0,41.9539
NOD000011,NOD000678,842.0,49.268
NOD000011,NOD000696,723.0,42.305
NOD000011,NOD000706,1194.0,69.8646
NOD000011,NOD000777,699.0,40.9006
NOD000011,NOD000779,723.0,42.305
NOD000011,NOD000780,717.0,41.9539
NOD000011,NOD000781,857.0,50.1457
NOD000011,NOD000785,951.0,55.6459
NOD000011,NOD000786,717.0,41.9539
NOD000011,NOD000789,723.0,42.305
NOD000011,NOD000790,1193.0,69.8061
NOD000011,NOD000794,1717.0,100.4669
NOD000011,NOD000795,723.0,42.305
NOD000013,NOD000592,206.0,12.0537
NOD000013,NOD000593,203.0,11.8782
NOD000013,NOD000594,203.0,11.8782
NOD000013,NOD000596,817.0,47.8052
NOD000013,NOD000597,206.0,12.0537
NOD000013,NOD000598,666.0,38.9697
NOD000013,NOD000599,225.0,13.1654
NOD000013,NOD000601,209.0,12.2292
NOD000013,NOD000603,209.0,12.2292
NOD000013,NOD000607,343.0,20.07
NOD000013,NOD000611,209.0,12.2292
NOD000013,NOD000612,2119.0,123.9892
NOD000013,NOD000622,1197.0,70.0401
NOD000013,NOD000632,357.0,20.8892
NOD000013,NOD000645,199.0,11.6441
NOD000013,NOD000647,209.0,12.2292
NOD000013,NOD000677,206.0,12.0537
NOD000013,NOD000678,325.0,19.0167
NOD000013,NOD000696,203.0,11.8782
NOD000013,NOD000706,674.0,39.4378
NOD000013,NOD000777,225.0,13.1654
NOD000013,NOD000779,203.0,11.8782
NOD000013,NOD000780,203.0,11.8782
NOD000013,NOD000781,337.0,19.7189
NOD000013,NOD000785,431.0,25.2191
NOD000013,NOD000786,206.0,12.0537
NOD000013,NOD000789,203.0,11.8782
NOD000013,NOD000790,673.0,39.3793
NOD000013,NOD000794,1197.0,70.0401
NOD000013,NOD000795,203.0,11.8782
NOD000014,NOD000592,344.0,20.1285
NOD000014,NOD000593,343.0,20.07
NOD000014,NOD000594,343.0,20.07
NOD000014,NOD000596,703.0,41.1347
NOD000014,NOD000597,344.0,20.1285
NOD000014,NOD000598,906.0,53.0128
NOD000014,NOD000599,761.0,44.5284
NOD000014,NOD000601,349.0,20.4211
NOD000014,NOD000603,349.0,20.4211
NOD000014,NOD000607,473.0,27.6767
NOD000014,NOD000611,349.0,20.4211
NOD000014,NOD000612,2249.0,131.5959
NOD000014,NOD000622,1291.0,75.5404
NOD000014,NOD000632,211.0,12.3463
NOD000014,NOD000645,344.0,20.1285
NOD000014,NOD000647,349.0,20.4211
NOD000014,NOD000677,344.0,20.1285
NOD000014,NOD000678,211.0,12.3463
NOD000014,NOD000696,343.0,20.07
NOD000014,NOD000706,906.0,53.0128
NOD000014,NOD000777,761.0,44.5284
NOD000014,NOD000779,333.0,19.4849
NOD000014,NOD000780,336.0,19.6604
NOD000014,NOD000781,467.0,27.3256
NOD000014,NOD000785,571.0,33.411
NOD000014,NOD000786,344.0,20.1285
NOD000014,NOD000789,343.0,20.07
NOD000014,NOD000790,906.0,53.0128
NOD000014,NOD000794,1337.0,78.232
NOD000014,NOD000795,343.0,20.07
NOD000017,NOD000592,390.0,22.8201
NOD000017,NOD000593,389.0,22.7616
NOD000017,NOD000594,389.0,22.7616
NOD000017,NOD000596,749.0,43.8263
NOD000017,NOD000597,390.0,22.8201
NOD000017,NOD000598,952.0,55.7044
NOD000017,NOD000599,807.0,47.22
NOD000017,NOD000601,395.0,23.1127
NOD000017,NOD000603,395.0,23.1127
NOD000017,NOD000607,519.0,30.3683
NOD000017,NOD000611,395.0,23.1127
NOD000017,NOD000612,2295.0,134.2875
NOD000017,NOD000622,1337.0,78.232
NOD000017,NOD000632,257.0,15.0379
NOD000017,NOD000645,390.0,22.8201
NOD000017,NOD000647,395.0,23.1127
NOD000017,NOD000677,390.0,22.8201
NOD000017,NOD000678,257.0,15.0379
NOD000017,NOD000696,389.0,22.7616
NOD000017,NOD000706,952.0,55.7044
NOD000017,NOD000777,807.0,47.22
NOD000017,NOD000779,379.0,22.1765
NOD000017,NOD000780,382.0,22.352
NOD000017,NOD000781,513.0,30.0172
NOD000017,NOD000785,617.0,36.1026
NOD000017,NOD000786,390.0,22.8201
NOD000017,NOD000789,389.0,22.7616
NOD000017,NOD000790,952.0,55.7044
NOD000017,NOD000794,1383.0,80.9236
NOD000017,NOD000795,389.0,22.7616
NOD000018,NOD000592,390.0,22.8201
NOD000018,NOD000593,389.0,22.7616
NOD000018,NOD000594,389.0,22.7616
NOD000018,NOD000596,749.0,43.8263
NOD000018,NOD000597,390.0,22.8201
NOD000018,NOD000598,952.0,55.7044
NOD000018,NOD000599,807.0,47.22
NOD000018,NOD000601,395.0,23.1127
NOD000018,NOD000603,395.0,23.1127
NOD000018,NOD000607,519.0,30.3683
NOD000018,NOD000611,395.0,23.1127
NOD000018,NOD000612,2295.0,134.2875
NOD000018,NOD000622,1337.0,78.232
NOD000018,NOD000632,257.0,15.0379
NOD000018,NOD000645,390.0,22.8201
NOD000018,NOD000647,395.0,23.1127
NOD000018,NOD000677,390.0,22.8201
NOD000018,NOD000678,257.0,15.0379
NOD000018,NOD000696,389.0,22.7616
NOD000018,NOD000706,952.0,55.7044
NOD000018,NOD000777,807.0,47.22
NOD000018,NOD000779,379.0,22.1765
NOD000018,NOD000780,382.0,22.352
NOD000018,NOD000781,513.0,30.0172
NOD000018,NOD000785,617.0,36.1026
NOD000018,NOD000786,390.0,22.8201
NOD000018,NOD000789,389.0,22.7616
NOD000018,NOD000790,952.0,55.7044
NOD000018,NOD000794,1383.0,80.9236
NOD000018,NOD000795,389.0,22.7616
NOD000019,NOD000592,393.0,22.9956
NOD000019,NOD000593,392.0,22.9371
NOD000019,NOD000594,392.0,22.9371
NOD000019,NOD000596,752.0,44.0018
NOD000019,NOD000597,393.0,22.9956
NOD000019,NOD000598,955.0,55.88
NOD000019,NOD000599,810.0,47.3956
NOD000019,NOD000601,398.0,23.2882
NOD000019,NOD000603,398.0,23.2882
NOD000019,NOD000607,522.0,30.5438
NOD000019,NOD000611,398.0,23.2882
NOD000019,NOD000612,2298.0,134.463
NOD000019,NOD000622,1340.0,78.4075
NOD000019,NOD000632,260.0,15.2134
NOD000019,NOD000645,393.0,22.9956
NOD000019,NOD000647,398.0,23.2882
NOD000019,NOD000677,393.0,22.9956
NOD000019,NOD000678,260.0,15.2134
NOD000019,NOD000696,392.0,22.9371
NOD000019,NOD000706,955.0,55.88
NOD000019,NOD000777,810.0,47.3956
NOD000019,NOD000779,382.0,22.352
NOD000019,NOD000780,385.0,22.5275
NOD000019,NOD000781,516.0,30.1927
NOD000019,NOD000785,620.0,36.2781
NOD000019,NOD000786,393.0,22.9956
NOD000019,NOD000789,392.0,22.9371
NOD000019,NOD000790,955.0,55.88
NOD000019,NOD000794,1386.0,81.0991
NOD000019,NOD000795,392.0,22.9371
NOD000020,NOD000592,313.0,18.3146
NOD000020,NOD000593,312.0,18.2561
NOD000020,NOD000594,312.0,18.2561
NOD000020,NOD000596,672.0,39.3208
NOD000020,NOD000597,313.0,18.3146
NOD000020,NOD000598,875.0,51.1989
NOD000020,NOD000599,730.0,42.7145
NOD000020,NOD000601,318.0,18.6072
NOD000020,NOD000603,318.0,18.6072
NOD000020,NOD000607,442.0,25.8628
NOD000020,NOD000611,318.0,18.6072
NOD000020,NOD000612,2218.0,129.782
NOD000020,NOD000622,1260.0,73.7265
NOD000020,NOD000632,212.0,12.4048
NOD000020,NOD000645,313.0,18.3146
NOD000020,NOD000647,318.0,18.6072
NOD000020,NOD000677,313.0,18.3146
NOD000020,NOD000678,180.0,10.5324
NOD000020,NOD000696,312.0,18.2561
NOD000020,NOD000706,875.0,51.1989
NOD000020,NOD000777,730.0,42.7145
NOD000020,NOD000779,302.0,17.6709
NOD000020,NOD000780,305.0,17.8465
NOD000020,NOD000781,436.0,25.5117
NOD000020,NOD000785,540.0,31.5971
NOD000020,NOD000786,313.0,18.3146
NOD000020,NOD000789,312.0,18.2561
NOD000020,NOD000790,875.0,51.1989
NOD000020,NOD000794,1306.0,76.4181
NOD000020,NOD000795,312.0,18.2561
NOD000021,NOD000592,310.0,18.1391
NOD000021,NOD000593,309.0,18.0805
NOD000021,NOD000594,309.0,18.0805
NOD000021,NOD000596,669.0,39.1452
NOD000021,NOD000597,310.0,18.1391
NOD000021,NOD000598,872.0,51.0234
NOD000021,NOD000599,727.0,42.539
NOD000021,NOD000601,315.0,18.4316
NOD000021,NOD000603,315.0,18.4316
NOD000021,NOD000607,439.0,25.6872
NOD000021,NOD000611,315.0,18.4316
NOD000021,NOD000612,2215.0,129.6065
NOD000021,NOD000622,1257.0,73.5509
NOD000021,NOD000632,209.0,12.2292
NOD000021,NOD000645,310.0,18.1391
NOD000021,NOD000647,315.0,18.4316
NOD000021,NOD000677,310.0,18.1391
NOD000021,NOD000678,177.0,10.3568
NOD000021,NOD000696,309.0,18.0805
NOD000021,NOD000706,872.0,51.0234
NOD000021,NOD000777,727.0,42.539
NOD000021,NOD000779,299.0,17.4954
NOD000021,NOD000780,302.0,17.6709
NOD000021,NOD000781,433.0,25.3362
NOD000021,NOD000785,537.0,31.4215
NOD000021,NOD000786,310.0,18.1391
NOD000021,NOD000789,309.0,18.0805
NOD000021,NOD000790,872.0,51.0234
NOD000021,NOD000794,1303.0,76.2425
NOD000021,NOD000795,309.0,18.0805
NOD000022,NOD000592,318.0,18.6072
NOD000022,NOD000593,315.0,18.4316
NOD000022,NOD000594,315.0,18.4316
NOD000022,NOD000596,929.0,54.3586
NOD000022,NOD000597,318.0,18.6072
NOD000022,NOD000598,258.0,15.0964
NOD000022,NOD000599,633.0,37.0388
NOD000022,NOD000601,321.0,18.7827
NOD000022,NOD000603,321.0,18.7827
NOD000022,NOD000607,455.0,26.6234
NOD000022,NOD000611,321.0,18.7827
NOD000022,NOD000612,2231.0,130.5427
NOD000022,NOD000622,1269.0,74.2531
NOD000022,NOD000632,469.0,27.4426
NOD000022,NOD000645,311.0,18.1976
NOD000022,NOD000647,321.0,18.7827
NOD000022,NOD000677,318.0,18.6072
NOD000022,NOD000678,437.0,25.5702
NOD000022,NOD000696,315.0,18.4316
NOD000022,NOD000706,786.0,45.9913
NOD000022,NOD000777,633.0,37.0388
NOD000022,NOD000779,315.0,18.4316
NOD000022,NOD000780,315.0,18.4316
NOD000022,NOD000781,449.0,26.2724
NOD000022,NOD000785,543.0,31.7726
NOD000022,NOD000786,318.0,18.6072
NOD000022,NOD000789,315.0,18.4316
NOD000022,NOD000790,265.0,15.506
NOD000022,NOD000794,1269.0,74.2531
NOD000022,NOD000795,315.0,18.4316
NOD000028,NOD000592,358.0,20.9477
NOD000028,NOD000593,357.0,20.8892
NOD000028,NOD000594,357.0,20.8892
NOD000028,NOD000596,717.0,41.9539
NOD000028,NOD000597,358.0,20.9477
NOD000028,NOD000598,920.0,53.832
NOD000028,NOD000599,775.0,45.3476
NOD000028,NOD000601,363.0,21.2402
NOD000028,NOD000603,363.0,21.2402
NOD000028,NOD000607,487.0,28.4959
NOD000028,NOD000611,363.0,21.2402
NOD000028,NOD000612,2263.0,132.4151
NOD000028,NOD000622,1305.0,76.3596
NOD000028,NOD000632,225.0,13.1654
NOD000028,NOD000645,358.0,20.9477
NOD000028,NOD000647,363.0,21.2402
NOD000028,NOD000677,358.0,20.9477
NOD000028,NOD000678,225.0,13.1654
NOD000028,NOD000696,357.0,20.8892
NOD000028,NOD000706,920.0,53.832
NOD000028,NOD000777,775.0,45.3476
NOD000028,NOD000779,347.0,20.304
NOD000028,NOD000780,350.0,20.4796
NOD000028,NOD000781,481.0,28.1448
NOD000028,NOD000785,585.0,34.2301
NOD000028,NOD000786,358.0,20.9477
NOD000028,NOD000789,357.0,20.8892
NOD000028,NOD000790,920.0,53.832
NOD000028,NOD000794,1351.0,79.0512
NOD000028,NOD000795,357.0,20.8892
NOD000030,NOD000592,1067.0,62.4334
NOD000030,NOD000593,1064.0,62.2579
NOD000030,NOD000594,1064.0,62.2579
NOD000030,NOD000596,1678.0,98.1849
NOD000030,NOD000597,1067.0,62.4334
NOD000030,NOD000598,1382.0,80.8651
NOD000030,NOD000599,1086.0,63.5452
NOD000030,NOD000601,1070.0,62.609
NOD000030,NOD000603,1070.0,62.609
NOD000030,NOD000607,1204.0,70.4497
NOD000030,NOD000611,1070.0,62.609
NOD000030,NOD000612,2980.0,174.369
NOD000030,NOD000622,1704.0,99.7063
NOD000030,NOD000632,1218.0,71.2689
NOD000030,NOD000645,1060.0,62.0239
NOD000030,NOD000647,1070.0,62.609
NOD000030,NOD000677,1067.0,62.4334
NOD000030,NOD000678,1186.0,69.3965
NOD000030,NOD000696,1064.0,62.2579
NOD000030,NOD000706,1194.0,69.8646
NOD000030,NOD000777,636.0,37.2143
NOD000030,NOD000779,1064.0,62.2579
NOD000030,NOD000780,1064.0,62.2579
NOD000030,NOD000781,1198.0,70.0987
NOD000030,NOD000785,1292.0,75.5989
NOD000030,NOD000786,1067.0,62.4334
NOD000030,NOD000789,1064.0,62.2579
NOD000030,NOD000790,1194.0,69.8646
NOD000030,NOD000794,2032.0,118.8986
NOD000030,NOD000795,1064.0,62.2579
NOD000031,NOD000592,1062.0,62.1409
NOD000031,NOD000593,1059.0,61.9653
NOD000031,NOD000594,1059.0,61.9653
NOD000031,NOD000596,1673.0,97.8924
NOD000031,NOD000597,1062.0,62.1409
NOD000031,NOD000598,1377.0,80.5725
NOD000031,NOD000599,1081.0,63.2526
NOD000031,NOD000601,1065.0,62.3164
NOD000031,NOD000603,1065.0,62.3164
NOD000031,NOD000607,1199.0,70.1572
NOD000031,NOD000611,1065.0,62.3164
NOD000031,NOD000612,2975.0,174.0764
NOD000031,NOD000622,1699.0,99.4137
NOD000031,NOD000632,1213.0,70.9764
NOD000031,NOD000645,1055.0,61.7313
NOD000031,NOD000647,1065.0,62.3164
NOD000031,NOD000677,1062.0,62.1409
NOD000031,NOD000678,1181.0,69.1039
NOD000031,NOD000696,1059.0,61.9653
NOD000031,NOD000706,1189.0,69.572
NOD000031,NOD000777,631.0,36.9217
NOD000031,NOD000779,1059.0,61.9653
NOD000031,NOD000780,1059.0,61.9653
NOD000031,NOD000781,1193.0,69.8061
NOD000031,NOD000785,1287.0,75.3063
NOD000031,NOD000786,1062.0,62.1409
NOD000031,NOD000789,1059.0,61.9653
NOD000031,NOD000790,1189.0,69.572
NOD000031,NOD000794,2027.0,118.606
NOD000031,NOD000795,1059.0,61.9653
NOD000032,NOD000592,1123.0,65.7102
NOD000032,NOD000593,1120.0,65.5346
NOD000032,NOD000594,1120.0,65.5346
NOD000032,NOD000596,1734.0,101.4617
NOD000032,NOD000597,1123.0,65.7102
NOD000032,NOD000598,1438.0,84.1418
NOD000032,NOD000599,1142.0,66.8219
NOD000032,NOD000601,1126.0,65.8857
NOD000032,NOD000603,1126.0,65.8857
NOD000032,NOD000607,1260.0,73.7265
NOD000032,NOD000611,1126.0,65.8857
NOD000032,NOD000612,3036.0,177.6457
NOD000032,NOD000622,1760.0,102.983
NOD000032,NOD000632,1274.0,74.5457
NOD000032,NOD000645,1116.0,65.3006
NOD000032,NOD000647,1126.0,65.8857
NOD000032,NOD000677,1123.0,65.7102
NOD000032,NOD000678,1242.0,72.6732
NOD000032,NOD000696,1120.0,65.5346
NOD000032,NOD000706,1250.0,73.1413
NOD000032,NOD000777,692.0,40.491
NOD000032,NOD000779,1120.0,65.5346
NOD000032,NOD000780,1120.0,65.5346
NOD000032,NOD000781,1254.0,73.3754
NOD000032,NOD000785,1348.0,78.8756
NOD000032,NOD000786,1123.0,65.7102
NOD000032,NOD000789,1120.0,65.5346
NOD000032,NOD000790,1250.0,73.1413
NOD000032,NOD000794,2088.0,122.1753
NOD000032,NOD000795,1120.0,65.5346
NOD000035,NOD000592,1456.0,85.195
NOD000035,NOD000593,1455.0,85.1365
NOD000035,NOD000594,1455.0,85.1365
NOD000035,NOD000596,1815.0,106.2012
NOD000035,NOD000597,1456.0,85.195
NOD000035,NOD000598,2018.0,118.0794
NOD000035,NOD000599,1873.0,109.595
NOD000035,NOD000601,1461.0,85.4876
NOD000035,NOD000603,1461.0,85.4876
NOD000035,NOD000607,1585.0,92.7432
NOD000035,NOD000611,1461.0,85.4876
NOD000035,NOD000612,3361.0,196.6624
NOD000035,NOD000622,2403.0,140.6069
NOD000035,NOD000632,1355.0,79.2852
NOD000035,NOD000645,1456.0,85.195
NOD000035,NOD000647,1461.0,85.4876
NOD000035,NOD000677,1456.0,85.195
NOD000035,NOD000678,1323.0,77.4128
NOD000035,NOD000696,1455.0,85.1365
NOD000035,NOD000706,2018.0,118.0794
NOD000035,NOD000777,1873.0,109.595
NOD000035,NOD000779,1445.0,84.5514
NOD000035,NOD000780,1448.0,84.7269
NOD000035,NOD000781,1579.0,92.3921
NOD000035,NOD000785,1683.0,98.4775
NOD000035,NOD000786,1456.0,85.195
NOD000035,NOD000789,1455.0,85.1365
NOD000035,NOD000790,2018.0,118.0794
NOD000035,NOD000794,2449.0,143.2985
NOD000035,NOD000795,1455.0,85.1365
NOD000044,NOD000592,1040.0,60.8536
NOD000044,NOD000593,1039.0,60.7951
NOD000044,NOD000594,1039.0,60.7951
NOD000044,NOD000596,1399.0,81.8598
NOD000044,NOD000597,1040.0,60.8536
NOD000044,NOD000598,1602.0,93.7379
NOD000044,NOD000599,1457.0,85.2535
NOD000044,NOD000601,1045.0,61.1462
NOD000044,NOD000603,1045.0,61.1462
NOD000044,NOD000607,1169.0,68.4018
NOD000044,NOD000611,1045.0,61.1462
NOD000044,NOD000612,2945.0,172.321
NOD000044,NOD000622,1987.0,116.2655
NOD000044,NOD000632,907.0,53.0714
NOD000044,NOD000645,1040.0,60.8536
NOD000044,NOD000647,1045.0,61.1462
NOD000044,NOD000677,1040.0,60.8536
NOD000044,NOD000678,907.0,53.0714
NOD000044,NOD000696,1039.0,60.7951
NOD000044,NOD000706,1602.0,93.7379
NOD000044,NOD000777,1457.0,85.2535
NOD000044,NOD000779,1029.0,60.21
NOD000044,NOD000780,1032.0,60.3855
NOD000044,NOD000781,1163.0,68.0507
NOD000044,NOD000785,1267.0,74.1361
NOD000044,NOD000786,1040.0,60.8536
NOD000044,NOD000789,1039.0,60.7951
NOD000044,NOD000790,1602.0,93.7379
NOD000044,NOD000794,2033.0,118.9571
NOD000044,NOD000795,1039.0,60.7951
NOD000047,NOD000592,1032.0,60.3855
NOD000047,NOD000593,1024.0,59.9174
NOD000047,NOD000594,1014.0,59.3323
NOD000047,NOD000596,1628.0,95.2593
NOD000047,NOD000597,1032.0,60.3855
NOD000047,NOD000598,1587.0,92.8602
NOD000047,NOD000599,1442.0,84.3758
NOD000047,NOD000601,1030.0,60.2685
NOD000047,NOD000603,1030.0,60.2685
NOD000047,NOD000607,880.0,51.4915
NOD000047,NOD000611,1030.0,60.2685
NOD000047,NOD000612,902.0,52.7788
NOD000047,NOD000622,2018.0,118.0794
NOD000047,NOD000632,1168.0,68.3433
NOD000047,NOD000645,1032.0,60.3855
NOD000047,NOD000647,1030.0,60.2685
NOD000047,NOD000677,1030.0,60.2685
NOD000047,NOD000678,1136.0,66.4708
NOD000047,NOD000696,1024.0,59.9174
NOD000047,NOD000706,1592.0,93.1528
NOD000047,NOD000777,1442.0,84.3758
NOD000047,NOD000779,1014.0,59.3323
NOD000047,NOD000780,1024.0,59.9174
NOD000047,NOD000781,880.0,51.4915
NOD000047,NOD000785,1252.0,73.2584
NOD000047,NOD000786,1030.0,60.2685
NOD000047,NOD000789,1024.0,59.9174
NOD000047,NOD000790,1592.0,93.1528
NOD000047,NOD000794,2018.0,118.0794
NOD000047,NOD000795,1024.0,59.9174
NOD000048,NOD000592,991.0,57.9865
NOD000048,NOD000593,1001.0,58.5716
NOD000048,NOD000594,1001.0,58.5716
NOD000048,NOD000596,1608.0,94.089
NOD000048,NOD000597,983.0,57.5183
NOD000048,NOD000598,1539.0,90.0516
NOD000048,NOD000599,981.0,57.4013
NOD000048,NOD000601,1007.0,58.9227
NOD000048,NOD000603,1007.0,58.9227
NOD000048,NOD000607,1141.0,66.7634
NOD000048,NOD000611,1007.0,58.9227
NOD000048,NOD000612,2917.0,170.6826
NOD000048,NOD000622,1969.0,115.2122
NOD000048,NOD000632,1148.0,67.173
NOD000048,NOD000645,983.0,57.5183
NOD000048,NOD000647,1007.0,58.9227
NOD000048,NOD000677,991.0,57.9865
NOD000048,NOD000678,1116.0,65.3006
NOD000048,NOD000696,1001.0,58.5716
NOD000048,NOD000706,1541.0,90.1686
NOD000048,NOD000777,983.0,57.5183
NOD000048,NOD000779,1001.0,58.5716
NOD000048,NOD000780,991.0,57.9865
NOD000048,NOD000781,1135.0,66.4123
NOD000048,NOD000785,1229.0,71.9126
NOD000048,NOD000786,991.0,57.9865
NOD000048,NOD000789,1001.0,58.5716
NOD000048,NOD000790,1541.0,90.1686
NOD000048,NOD000794,1969.0,115.2122
NOD000048,NOD000795,1001.0,58.5716
NOD000049,NOD000592,1186.0,69.3965
NOD000049,NOD000593,1185.0,69.338
NOD000049,NOD000594,1185.0,69.338
NOD000049,NOD000596,1545.0,90.4027
NOD000049,NOD000597,1186.0,69.3965
NOD000049,NOD000598,1748.0,102.2808
NOD000049,NOD000599,1603.0,93.7965
NOD000049,NOD000601,1191.0,69.6891
NOD000049,NOD000603,1191.0,69.6891
NOD000049,NOD000607,1315.0,76.9447
NOD000049,NOD000611,1191.0,69.6891
NOD000049,NOD000612,3091.0,180.8639
NOD000049,NOD000622,2133.0,124.8084
NOD000049,NOD000632,1085.0,63.4867
NOD000049,NOD000645,1186.0,69.3965
NOD000049,NOD000647,1191.0,69.6891
NOD000049,NOD000677,1186.0,69.3965
NOD000049,NOD000678,1053.0,61.6143
NOD000049,NOD000696,1185.0,69.338
NOD000049,NOD000706,1748.0,102.2808
NOD000049,NOD000777,1603.0,93.7965
NOD000049,NOD000779,1175.0,68.7529
NOD000049,NOD000780,1178.0,68.9284
NOD000049,NOD000781,1309.0,76.5936
NOD000049,NOD000785,1413.0,82.679
NOD000049,NOD000786,1186.0,69.3965
NOD000049,NOD000789,1185.0,69.338
NOD000049,NOD000790,1748.0,102.2808
NOD000049,NOD000794,2179.0,127.5
NOD000049,NOD000795,1185.0,69.338
NOD000051,NOD000592,1274.0,74.5457
NOD000051,NOD000593,1272.0,74.4286
NOD000051,NOD000594,1272.0,74.4286
NOD000051,NOD000596,1886.0,110.3557
NOD000051,NOD000597,1280.0,74.8967
NOD000051,NOD000598,1835.0,107.3715
NOD000051,NOD000599,1637.0,95.7859
NOD000051,NOD000601,1278.0,74.7797
NOD000051,NOD000603,1278.0,74.7797
NOD000051,NOD000607,1412.0,82.6205
NOD000051,NOD000611,1278.0,74.7797
NOD000051,NOD000612,3188.0,186.5397
NOD000051,NOD000622,2255.0,131.947
NOD000051,NOD000632,1426.0,83.4396
NOD000051,NOD000645,1280.0,74.8967
NOD000051,NOD000647,1278.0,74.7797
NOD000051,NOD000677,1274.0,74.5457
NOD000051,NOD000678,1394.0,81.5672
NOD000051,NOD000696,1262.0,73.8435
NOD000051,NOD000706,1745.0,102.1053
NOD000051,NOD000777,1187.0,69.455
NOD000051,NOD000779,1272.0,74.4286
NOD000051,NOD000780,1272.0,74.4286
NOD000051,NOD000781,1406.0,82.2694
NOD000051,NOD000785,1500.0,87.7696
NOD000051,NOD000786,1278.0,74.7797
NOD000051,NOD000789,1272.0,74.4286
NOD000051,NOD000790,1745.0,102.1053
NOD000051,NOD000794,2266.0,132.5906
NOD000051,NOD000795,1272.0,74.4286
NOD000056,NOD000592,925.0,54.1246
NOD000056,NOD000593,907.0,53.0714
NOD000056,NOD000594,917.0,53.6565
NOD000056,NOD000596,1531.0,89.5835
NOD000056,NOD000597,925.0,54.1246
NOD000056,NOD000598,1480.0,86.5993
NOD000056,NOD000599,1335.0,78.1149
NOD000056,NOD000601,923.0,54.0076
NOD000056,NOD000603,923.0,54.0076
NOD000056,NOD000607,1057.0,61.8483
NOD000056,NOD000611,923.0,54.0076
NOD000056,NOD000612,2833.0,165.7675
NOD000056,NOD000622,1911.0,111.8185
NOD000056,NOD000632,1071.0,62.6675
NOD000056,NOD000645,925.0,54.1246
NOD000056,NOD000647,923.0,54.0076
NOD000056,NOD000677,923.0,54.0076
NOD000056,NOD000678,1039.0,60.7951
NOD000056,NOD000696,917.0,53.6565
NOD000056,NOD000706,1485.0,86.8919
NOD000056,NOD000777,1335.0,78.1149
NOD000056,NOD000779,917.0,53.6565
NOD000056,NOD000780,917.0,53.6565
NOD000056,NOD000781,1051.0,61.4972
NOD000056,NOD000785,1145.0,66.9975
NOD000056,NOD000786,923.0,54.0076
NOD000056,NOD000789,917.0,53.6565
NOD000056,NOD000790,1485.0,86.8919
NOD000056,NOD000794,1911.0,111.8185
NOD000056,NOD000795,917.0,53.6565
NOD000058,NOD000592,2016.0,117.9624
NOD000058,NOD000593,2018.0,118.0794
NOD000058,NOD000594,2018.0,118.0794
NOD000058,NOD000596,2622.0,153.4213
NOD000058,NOD000597,2016.0,117.9624
NOD000058,NOD000598,2495.0,145.9901
NOD000058,NOD000599,2350.0,137.5057
NOD000058,NOD000601,2024.0,118.4305
NOD000058,NOD000603,2024.0,118.4305
NOD000058,NOD000607,2148.0,125.6861
NOD000058,NOD000611,2024.0,118.4305
NOD000058,NOD000612,3924.0,229.6053
NOD000058,NOD000622,3012.0,176.2414
NOD000058,NOD000632,2162.0,126.5053
NOD000058,NOD000645,2016.0,117.9624
NOD000058,NOD000647,2024.0,118.4305
NOD000058,NOD000677,2016.0,117.9624
NOD000058,NOD000678,2130.0,124.6328
NOD000058,NOD000696,2018.0,118.0794
NOD000058,NOD000706,2503.0,146.4582
NOD000058,NOD000777,2350.0,137.5057
NOD000058,NOD000779,2008.0,117.4942
NOD000058,NOD000780,2008.0,117.4942
NOD000058,NOD000781,2142.0,125.335
NOD000058,NOD000785,2246.0,131.4204
NOD000058,NOD000786,2008.0,117.4942
NOD000058,NOD000789,2018.0,118.0794
NOD000058,NOD000790,2502.0,146.3997
NOD000058,NOD000794,3012.0,176.2414
NOD000058,NOD000795,2018.0,118.0794
NOD000059,NOD000592,937.0,54.8267
NOD000059,NOD000593,934.0,54.6512
NOD000059,NOD000594,934.0,54.6512
NOD000059,NOD000596,1548.0,90.5782
NOD000059,NOD000597,937.0,54.8267
NOD000059,NOD000598,917.0,53.6565
NOD000059,NOD000599,1252.0,73.2584
NOD000059,NOD000601,940.0,55.0023
NOD000059,NOD000603,940.0,55.0023
NOD000059,NOD000607,1074.0,62.843
NOD000059,NOD000611,940.0,55.0023
NOD000059,NOD000612,2850.0,166.7623
NOD000059,NOD000622,1905.0,111.4674
NOD000059,NOD000632,1088.0,63.6622
NOD000059,NOD000645,930.0,54.4172
NOD000059,NOD000647,940.0,55.0023
NOD000059,NOD000677,937.0,54.8267
NOD000059,NOD000678,1056.0,61.7898
NOD000059,NOD000696,934.0,54.6512
NOD000059,NOD000706,917.0,53.6565
NOD000059,NOD000777,1252.0,73.2584
NOD000059,NOD000779,934.0,54.6512
NOD000059,NOD000780,934.0,54.6512
NOD000059,NOD000781,1068.0,62.492
NOD000059,NOD000785,1162.0,67.9922
NOD000059,NOD000786,937.0,54.8267
NOD000059,NOD000789,934.0,54.6512
NOD000059,NOD000790,926.0,54.1831
NOD000059,NOD000794,1905.0,111.4674
NOD000059,NOD000795,934.0,54.6512
NOD000065,NOD000592,620.0,36.2781
NOD000065,NOD000593,630.0,36.8632
NOD000065,NOD000594,630.0,36.8632
NOD000065,NOD000596,1237.0,72.3807
NOD000065,NOD000597,620.0,36.2781
NOD000065,NOD000598,1181.0,69.1039
NOD000065,NOD000599,1036.0,60.6195
NOD000065,NOD000601,636.0,37.2143
NOD000065,NOD000603,636.0,37.2143
NOD000065,NOD000607,770.0,45.0551
NOD000065,NOD000611,636.0,37.2143
NOD000065,NOD000612,2546.0,148.9743
NOD000065,NOD000622,1624.0,95.0252
NOD000065,NOD000632,777.0,45.4647
NOD000065,NOD000645,612.0,35.81
NOD000065,NOD000647,636.0,37.2143
NOD000065,NOD000677,620.0,36.2781
NOD000065,NOD000678,745.0,43.5922
NOD000065,NOD000696,630.0,36.8632
NOD000065,NOD000706,1174.0,68.6943
NOD000065,NOD000777,1036.0,60.6195
NOD000065,NOD000779,630.0,36.8632
NOD000065,NOD000780,620.0,36.2781
NOD000065,NOD000781,764.0,44.704
NOD000065,NOD000785,858.0,50.2042
NOD000065,NOD000786,620.0,36.2781
NOD000065,NOD000789,630.0,36.8632
NOD000065,NOD000790,1174.0,68.6943
NOD000065,NOD000794,1624.0,95.0252
NOD000065,NOD000795,630.0,36.8632
NOD000067,NOD000592,149.0,8.7184
NOD000067,NOD000593,148.0,8.6599
NOD000067,NOD000594,148.0,8.6599
NOD000067,NOD000596,508.0,29.7246
NOD000067,NOD000597,149.0,8.7184
NOD000067,NOD000598,711.0,41.6028
NOD000067,NOD000599,566.0,33.1184
NOD000067,NOD000601,154.0,9.011
NOD000067,NOD000603,154.0,9.011
NOD000067,NOD000607,278.0,16.2666
NOD000067,NOD000611,154.0,9.011
NOD000067,NOD000612,2054.0,120.1858
NOD000067,NOD000622,1096.0,64.1303
NOD000067,NOD000632,48.0,2.8086
NOD000067,NOD000645,149.0,8.7184
NOD000067,NOD000647,154.0,9.011
NOD000067,NOD000677,149.0,8.7184
NOD000067,NOD000678,16.0,0.9362
NOD000067,NOD000696,148.0,8.6599
NOD000067,NOD000706,711.0,41.6028
NOD000067,NOD000777,566.0,33.1184
NOD000067,NOD000779,138.0,8.0748
NOD000067,NOD000780,141.0,8.2503
NOD000067,NOD000781,272.0,15.9156
NOD000067,NOD000785,376.0,22.0009
NOD000067,NOD000786,149.0,8.7184
NOD000067,NOD000789,148.0,8.6599
NOD000067,NOD000790,711.0,41.6028
NOD000067,NOD000794,1142.0,66.8219
NOD000067,NOD000795,148.0,8.6599
NOD000069,NOD000592,951.0,55.6459
NOD000069,NOD000593,943.0,55.1778
NOD000069,NOD000594,943.0,55.1778
NOD000069,NOD000596,1547.0,90.5197
NOD000069,NOD000597,951.0,55.6459
NOD000069,NOD000598,1506.0,88.1207
NOD000069,NOD000599,1361.0,79.6363
NOD000069,NOD000601,949.0,55.5289
NOD000069,NOD000603,949.0,55.5289
NOD000069,NOD000607,1073.0,62.7845
NOD000069,NOD000611,949.0,55.5289
NOD000069,NOD000612,2849.0,166.7037
NOD000069,NOD000622,1937.0,113.3398
NOD000069,NOD000632,1087.0,63.6037
NOD000069,NOD000645,951.0,55.6459
NOD000069,NOD000647,949.0,55.5289
NOD000069,NOD000677,949.0,55.5289
NOD000069,NOD000678,1055.0,61.7313
NOD000069,NOD000696,943.0,55.1778
NOD000069,NOD000706,1511.0,88.4133
NOD000069,NOD000777,1361.0,79.6363
NOD000069,NOD000779,933.0,54.5927
NOD000069,NOD000780,943.0,55.1778
NOD000069,NOD000781,1067.0,62.4334
NOD000069,NOD000785,1171.0,68.5188
NOD000069,NOD000786,949.0,55.5289
NOD000069,NOD000789,943.0,55.1778
NOD000069,NOD000790,1511.0,88.4133
NOD000069,NOD000794,1937.0,113.3398
NOD000069,NOD000795,943.0,55.1778
NOD000070,NOD000592,2200.0,128.7288
NOD000070,NOD000593,2197.0,128.5532
NOD000070,NOD000594,2197.0,128.5532
NOD000070,NOD000596,2811.0,164.4802
NOD000070,NOD000597,2200.0,128.7288
NOD000070,NOD000598,2515.0,147.1604
NOD000070,NOD000599,2219.0,129.8405
NOD000070,NOD000601,2203.0,128.9043
NOD000070,NOD000603,2203.0,128.9043
NOD000070,NOD000607,2337.0,136.745
NOD000070,NOD000611,2203.0,128.9043
NOD000070,NOD000612,4113.0,240.6643
NOD000070,NOD000622,2837.0,166.0016
NOD000070,NOD000632,2351.0,137.5642
NOD000070,NOD000645,2193.0,128.3192
NOD000070,NOD000647,2203.0,128.9043
NOD000070,NOD000677,2200.0,128.7288
NOD000070,NOD000678,2319.0,135.6918
NOD000070,NOD000696,2197.0,128.5532
NOD000070,NOD000706,2327.0,136.1599
NOD000070,NOD000777,1769.0,103.5096
NOD000070,NOD000779,2197.0,128.5532
NOD000070,NOD000780,2197.0,128.5532
NOD000070,NOD000781,2331.0,136.394
NOD000070,NOD000785,2425.0,141.8942
NOD000070,NOD000786,2200.0,128.7288
NOD000070,NOD000789,2197.0,128.5532
NOD000070,NOD000790,2327.0,136.1599
NOD000070,NOD000794,3165.0,185.1939
NOD000070,NOD000795,2197.0,128.5532
NOD000072,NOD000592,601.0,35.1664
NOD000072,NOD000593,593.0,34.6983
NOD000072,NOD000594,593.0,34.6983
NOD000072,NOD000596,1207.0,70.6253
NOD000072,NOD000597,601.0,35.1664
NOD000072,NOD000598,1077.0,63.0186
NOD000072,NOD000599,932.0,54.5342
NOD000072,NOD000601,599.0,35.0493
NOD000072,NOD000603,577.0,33.762
NOD000072,NOD000607,733.0,42.8901
NOD000072,NOD000611,599.0,35.0493
NOD000072,NOD000612,2509.0,146.8093
NOD000072,NOD000622,1587.0,92.8602
NOD000072,NOD000632,747.0,43.7093
NOD000072,NOD000645,601.0,35.1664
NOD000072,NOD000647,599.0,35.0493
NOD000072,NOD000677,599.0,35.0493
NOD000072,NOD000678,715.0,41.8368
NOD000072,NOD000696,593.0,34.6983
NOD000072,NOD000706,1085.0,63.4867
NOD000072,NOD000777,932.0,54.5342
NOD000072,NOD000779,593.0,34.6983
NOD000072,NOD000780,593.0,34.6983
NOD000072,NOD000781,727.0,42.539
NOD000072,NOD000785,821.0,48.0392
NOD000072,NOD000786,599.0,35.0493
NOD000072,NOD000789,593.0,34.6983
NOD000072,NOD000790,1084.0,63.4282
NOD000072,NOD000794,1587.0,92.8602
NOD000072,NOD000795,593.0,34.6983
NOD000073,NOD000592,958.0,56.0555
NOD000073,NOD000593,960.0,56.1725
NOD000073,NOD000594,960.0,56.1725
NOD000073,NOD000596,1574.0,92.0996
NOD000073,NOD000597,950.0,55.5874
NOD000073,NOD000598,1471.0,86.0727
NOD000073,NOD000599,975.0,57.0502
NOD000073,NOD000601,966.0,56.5236
NOD000073,NOD000603,966.0,56.5236
NOD000073,NOD000607,1100.0,64.3644
NOD000073,NOD000611,966.0,56.5236
NOD000073,NOD000612,2876.0,168.2836
NOD000073,NOD000622,1938.0,113.3983
NOD000073,NOD000632,1114.0,65.1836
NOD000073,NOD000645,950.0,55.5874
NOD000073,NOD000647,966.0,56.5236
NOD000073,NOD000677,958.0,56.0555
NOD000073,NOD000678,1082.0,63.3111
NOD000073,NOD000696,950.0,55.5874
NOD000073,NOD000706,950.0,55.5874
NOD000073,NOD000777,950.0,55.5874
NOD000073,NOD000779,960.0,56.1725
NOD000073,NOD000780,958.0,56.0555
NOD000073,NOD000781,1094.0,64.0133
NOD000073,NOD000785,1188.0,69.5135
NOD000073,NOD000786,958.0,56.0555
NOD000073,NOD000789,960.0,56.1725
NOD000073,NOD000790,975.0,57.0502
NOD000073,NOD000794,1938.0,113.3983
NOD000073,NOD000795,960.0,56.1725
NOD000078,NOD000592,1129.0,66.0613
NOD000078,NOD000593,1121.0,65.5932
NOD000078,NOD000594,1121.0,65.5932
NOD000078,NOD000596,1725.0,100.935
NOD000078,NOD000597,1129.0,66.0613
NOD000078,NOD000598,1684.0,98.536
NOD000078,NOD000599,1539.0,90.0516
NOD000078,NOD000601,1127.0,65.9442
NOD000078,NOD000603,1127.0,65.9442
NOD000078,NOD000607,1251.0,73.1999
NOD000078,NOD000611,1127.0,65.9442
NOD000078,NOD000612,3027.0,177.1191
NOD000078,NOD000622,2115.0,123.7551
NOD000078,NOD000632,1265.0,74.019
NOD000078,NOD000645,1129.0,66.0613
NOD000078,NOD000647,1127.0,65.9442
NOD000078,NOD000677,1127.0,65.9442
NOD000078,NOD000678,1233.0,72.1466
NOD000078,NOD000696,1121.0,65.5932
NOD000078,NOD000706,1689.0,98.8286
NOD000078,NOD000777,1539.0,90.0516
NOD000078,NOD000779,1111.0,65.008
NOD000078,NOD000780,1121.0,65.5932
NOD000078,NOD000781,1245.0,72.8488
NOD000078,NOD000785,1349.0,78.9341
NOD000078,NOD000786,1127.0,65.9442
NOD000078,NOD000789,1121.0,65.5932
NOD000078,NOD000790,1689.0,98.8286
NOD000078,NOD000794,2115.0,123.7551
NOD000078,NOD000795,1121.0,65.5932
NOD000087,NOD000592,860.0,50.3212
NOD000087,NOD000593,859.0,50.2627
NOD000087,NOD000594,859.0,50.2627
NOD000087,NOD000596,1219.0,71.3274
NOD000087,NOD000597,860.0,50.3212
NOD000087,NOD000598,1422.0,83.2056
NOD000087,NOD000599,1277.0,74.7212
NOD000087,NOD000601,865.0,50.6138
NOD000087,NOD000603,865.0,50.6138
NOD000087,NOD000607,989.0,57.8694
NOD000087,NOD000611,865.0,50.6138
NOD000087,NOD000612,2765.0,161.7886
NOD000087,NOD000622,1807.0,105.7331
NOD000087,NOD000632,759.0,44.4114
NOD000087,NOD000645,860.0,50.3212
NOD000087,NOD000647,865.0,50.6138
NOD000087,NOD000677,860.0,50.3212
NOD000087,NOD000678,727.0,42.539
NOD000087,NOD000696,859.0,50.2627
NOD000087,NOD000706,1422.0,83.2056
NOD000087,NOD000777,1277.0,74.7212
NOD000087,NOD000779,849.0,49.6776
NOD000087,NOD000780,852.0,49.8531
NOD000087,NOD000781,983.0,57.5183
NOD000087,NOD000785,1087.0,63.6037
NOD000087,NOD000786,860.0,50.3212
NOD000087,NOD000789,859.0,50.2627
NOD000087,NOD000790,1422.0,83.2056
NOD000087,NOD000794,1853.0,108.4247
NOD000087,NOD000795,859.0,50.2627
NOD000094,NOD000592,1338.0,78.2905
NOD000094,NOD000593,1335.0,78.1149
NOD000094,NOD000594,1335.0,78.1149
NOD000094,NOD000596,1949.0,114.042
NOD000094,NOD000597,1338.0,78.2905
NOD000094,NOD000598,1653.0,96.7221
NOD000094,NOD000599,907.0,53.0714
NOD000094,NOD000601,1341.0,78.466
NOD000094,NOD000603,1341.0,78.466
NOD000094,NOD000607,1475.0,86.3068
NOD000094,NOD000611,1341.0,78.466
NOD000094,NOD000612,3251.0,190.226
NOD000094,NOD000622,1895.0,110.8823
NOD000094,NOD000632,1489.0,87.126
NOD000094,NOD000645,1331.0,77.8809
NOD000094,NOD000647,1341.0,78.466
NOD000094,NOD000677,1338.0,78.2905
NOD000094,NOD000678,1457.0,85.2535
NOD000094,NOD000696,1335.0,78.1149
NOD000094,NOD000706,1465.0,85.7216
NOD000094,NOD000777,907.0,53.0714
NOD000094,NOD000779,1335.0,78.1149
NOD000094,NOD000780,1335.0,78.1149
NOD000094,NOD000781,1469.0,85.9557
NOD000094,NOD000785,1563.0,91.4559
NOD000094,NOD000786,1338.0,78.2905
NOD000094,NOD000789,1335.0,78.1149
NOD000094,NOD000790,1465.0,85.7216
NOD000094,NOD000794,1895.0,110.8823
NOD000094,NOD000795,1335.0,78.1149
NOD000116,NOD000592,1021.0,59.7418
NOD000116,NOD000593,1018.0,59.5663
NOD000116,NOD000594,1018.0,59.5663
NOD000116,NOD000596,1632.0,95.4933
NOD000116,NOD000597,1021.0,59.7418
NOD000116,NOD000598,1481.0,86.6579
NOD000116,NOD000599,1336.0,78.1735
NOD000116,NOD000601,1024.0,59.9174
NOD000116,NOD000603,1024.0,59.9174
NOD000116,NOD000607,1158.0,67.7581
NOD000116,NOD000611,1024.0,59.9174
NOD000116,NOD000612,2934.0,171.6774
NOD000116,NOD000622,1963.0,114.8612
NOD000116,NOD000632,1172.0,68.5773
NOD000116,NOD000645,1014.0,59.3323
NOD000116,NOD000647,1024.0,59.9174
NOD000116,NOD000677,1021.0,59.7418
NOD000116,NOD000678,1140.0,66.7049
NOD000116,NOD000696,1018.0,59.5663
NOD000116,NOD000706,1489.0,87.126
NOD000116,NOD000777,1336.0,78.1735
NOD000116,NOD000779,1018.0,59.5663
NOD000116,NOD000780,1018.0,59.5663
NOD000116,NOD000781,1152.0,67.4071
NOD000116,NOD000785,1246.0,72.9073
NOD000116,NOD000786,1021.0,59.7418
NOD000116,NOD000789,1018.0,59.5663
NOD000116,NOD000790,1488.0,87.0674
NOD000116,NOD000794,959.0,56.114
NOD000116,NOD000795,1018.0,59.5663
NOD000118,NOD000592,1477.0,86.4238
NOD000118,NOD000593,1479.0,86.5408
NOD000118,NOD000594,1479.0,86.5408
NOD000118,NOD000596,2093.0,122.4679
NOD000118,NOD000597,1477.0,86.4238
NOD000118,NOD000598,2026.0,118.5475
NOD000118,NOD000599,1469.0,85.9557
NOD000118,NOD000601,1485.0,86.8919
NOD000118,NOD000603,1485.0,86.8919
NOD000118,NOD000607,1475.0,86.3068
NOD000118,NOD000611,1485.0,86.8919
NOD000118,NOD000612,3251.0,190.226
NOD000118,NOD000622,2457.0,143.7666
NOD000118,NOD000632,1633.0,95.5518
NOD000118,NOD000645,1477.0,86.4238
NOD000118,NOD000647,1485.0,86.8919
NOD000118,NOD000677,1477.0,86.4238
NOD000118,NOD000678,1601.0,93.6794
NOD000118,NOD000696,1479.0,86.5408
NOD000118,NOD000706,2031.0,118.84
NOD000118,NOD000777,1881.0,110.0631
NOD000118,NOD000779,1479.0,86.5408
NOD000118,NOD000780,1477.0,86.4238
NOD000118,NOD000781,1469.0,85.9557
NOD000118,NOD000785,1697.0,99.2967
NOD000118,NOD000786,1469.0,85.9557
NOD000118,NOD000789,1469.0,85.9557
NOD000118,NOD000790,2031.0,118.84
NOD000118,NOD000794,2457.0,143.7666
NOD000118,NOD000795,1479.0,86.5408
NOD000119,NOD000592,1905.0,111.4674
NOD000119,NOD000593,1913.0,111.9355
NOD000119,NOD000594,1913.0,111.9355
NOD000119,NOD000596,2522.0,147.57
NOD000119,NOD000597,1905.0,111.4674
NOD000119,NOD000598,2473.0,144.7028
NOD000119,NOD000599,2328.0,136.2184
NOD000119,NOD000601,1919.0,112.2866
NOD000119,NOD000603,1919.0,112.2866
NOD000119,NOD000607,2053.0,120.1273
NOD000119,NOD000611,1919.0,112.2866
NOD000119,NOD000612,3829.0,224.0465
NOD000119,NOD000622,2907.0,170.0975
NOD000119,NOD000632,2062.0,120.654
NOD000119,NOD000645,1905.0,111.4674
NOD000119,NOD000647,1919.0,112.2866
NOD000119,NOD000677,1905.0,111.4674
NOD000119,NOD000678,2030.0,118.7815
NOD000119,NOD000696,1913.0,111.9355
NOD000119,NOD000706,2459.0,143.8836
NOD000119,NOD000777,2328.0,136.2184
NOD000119,NOD000779,1913.0,111.9355
NOD000119,NOD000780,1905.0,111.4674
NOD000119,NOD000781,2047.0,119.7763
NOD000119,NOD000785,2141.0,125.2765
NOD000119,NOD000786,1897.0,110.9993
NOD000119,NOD000789,1913.0,111.9355
NOD000119,NOD000790,2459.0,143.8836
NOD000119,NOD000794,2907.0,170.0975
NOD000119,NOD000795,1913.0,111.9355
NOD000123,NOD000592,830.0,48.5658
NOD000123,NOD000593,829.0,48.5073
NOD000123,NOD000594,829.0,48.5073
NOD000123,NOD000596,1189.0,69.572
NOD000123,NOD000597,830.0,48.5658
NOD000123,NOD000598,1392.0,81.4502
NOD000123,NOD000599,1247.0,72.9658
NOD000123,NOD000601,835.0,48.8584
NOD000123,NOD000603,835.0,48.8584
NOD000123,NOD000607,959.0,56.114
NOD000123,NOD000611,835.0,48.8584
NOD000123,NOD000612,2735.0,160.0332
NOD000123,NOD000622,1777.0,103.9777
NOD000123,NOD000632,729.0,42.656
NOD000123,NOD000645,830.0,48.5658
NOD000123,NOD000647,835.0,48.8584
NOD000123,NOD000677,830.0,48.5658
NOD000123,NOD000678,697.0,40.7836
NOD000123,NOD000696,829.0,48.5073
NOD000123,NOD000706,1392.0,81.4502
NOD000123,NOD000777,1247.0,72.9658
NOD000123,NOD000779,819.0,47.9222
NOD000123,NOD000780,822.0,48.0977
NOD000123,NOD000781,953.0,55.763
NOD000123,NOD000785,1057.0,61.8483
NOD000123,NOD000786,830.0,48.5658
NOD000123,NOD000789,829.0,48.5073
NOD000123,NOD000790,1392.0,81.4502
NOD000123,NOD000794,1823.0,106.6693
NOD000123,NOD000795,829.0,48.5073
NOD000124,NOD000592,149.0,8.7184
NOD000124,NOD000593,148.0,8.6599
NOD000124,NOD000594,148.0,8.6599
NOD000124,NOD000596,508.0,29.7246
NOD000124,NOD000597,149.0,8.7184
NOD000124,NOD000598,711.0,41.6028
NOD000124,NOD000599,566.0,33.1184
NOD000124,NOD000601,154.0,9.011
NOD000124,NOD000603,154.0,9.011
NOD000124,NOD000607,278.0,16.2666
NOD000124,NOD000611,154.0,9.011
NOD000124,NOD000612,2054.0,120.1858
NOD000124,NOD000622,1096.0,64.1303
NOD000124,NOD000632,48.0,2.8086
NOD000124,NOD000645,149.0,8.7184
NOD000124,NOD000647,154.0,9.011
NOD000124,NOD000677,149.0,8.7184
NOD000124,NOD000678,16.0,0.9362
NOD000124,NOD000696,148.0,8.6599
NOD000124,NOD000706,711.0,41.6028
NOD000124,NOD000777,566.0,33.1184
NOD000124,NOD000779,138.0,8.0748
NOD000124,NOD000780,141.0,8.2503
NOD000124,NOD000781,272.0,15.9156
NOD000124,NOD000785,376.0,22.0009
NOD000124,NOD000786,149.0,8.7184
NOD000124,NOD000789,148.0,8.6599
NOD000124,NOD000790,711.0,41.6028
NOD000124,NOD000794,1142.0,66.8219
NOD000124,NOD000795,148.0,8.6599
NOD000130,NOD000592,155.0,9.0695
NOD000130,NOD000593,147.0,8.6014
NOD000130,NOD000594,137.0,8.0163
NOD000130,NOD000596,751.0,43.9433
NOD000130,NOD000597,155.0,9.0695
NOD000130,NOD000598,710.0,41.5443
NOD000130,NOD000599,565.0,33.0599
NOD000130,NOD000601,153.0,8.9525
NOD000130,NOD000603,153.0,8.9525
NOD000130,NOD000607,3.0,0.1755
NOD000130,NOD000611,153.0,8.9525
NOD000130,NOD000612,1785.0,104.4458
NOD000130,NOD000622,1141.0,66.7634
NOD000130,NOD000632,291.0,17.0273
NOD000130,NOD000645,155.0,9.0695
NOD000130,NOD000647,153.0,8.9525
NOD000130,NOD000677,153.0,8.9525
NOD000130,NOD000678,259.0,15.1549
NOD000130,NOD000696,147.0,8.6014
NOD000130,NOD000706,715.0,41.8368
NOD000130,NOD000777,565.0,33.0599
NOD000130,NOD000779,137.0,8.0163
NOD000130,NOD000780,147.0,8.6014
NOD000130,NOD000781,3.0,0.1755
NOD000130,NOD000785,375.0,21.9424
NOD000130,NOD000786,153.0,8.9525
NOD000130,NOD000789,147.0,8.6014
NOD000130,NOD000790,715.0,41.8368
NOD000130,NOD000794,1141.0,66.7634
NOD000130,NOD000795,147.0,8.6014
NOD000134,NOD000592,263.0,15.3889
NOD000134,NOD000593,260.0,15.2134
NOD000134,NOD000594,260.0,15.2134
NOD000134,NOD000596,874.0,51.1404
NOD000134,NOD000597,263.0,15.3889
NOD000134,NOD000598,723.0,42.305
NOD000134,NOD000599,578.0,33.8206
NOD000134,NOD000601,266.0,15.5645
NOD000134,NOD000603,266.0,15.5645
NOD000134,NOD000607,148.0,8.6599
NOD000134,NOD000611,266.0,15.5645
NOD000134,NOD000612,1930.0,112.9302
NOD000134,NOD000622,1254.0,73.3754
NOD000134,NOD000632,414.0,24.2244
NOD000134,NOD000645,256.0,14.9793
NOD000134,NOD000647,266.0,15.5645
NOD000134,NOD000677,263.0,15.3889
NOD000134,NOD000678,382.0,22.352
NOD000134,NOD000696,260.0,15.2134
NOD000134,NOD000706,731.0,42.7731
NOD000134,NOD000777,578.0,33.8206
NOD000134,NOD000779,260.0,15.2134
NOD000134,NOD000780,260.0,15.2134
NOD000134,NOD000781,148.0,8.6599
NOD000134,NOD000785,488.0,28.5544
NOD000134,NOD000786,263.0,15.3889
NOD000134,NOD000789,260.0,15.2134
NOD000134,NOD000790,730.0,42.7145
NOD000134,NOD000794,1254.0,73.3754
NOD000134,NOD000795,260.0,15.2134
NOD000136,NOD000592,72.0,4.2129
NOD000136,NOD000593,71.0,4.1544
NOD000136,NOD000594,71.0,4.1544
NOD000136,NOD000596,553.0,32.3577
NOD000136,NOD000597,72.0,4.2129
NOD000136,NOD000598,634.0,37.0973
NOD000136,NOD000599,489.0,28.6129
NOD000136,NOD000601,77.0,4.5055
NOD000136,NOD000603,77.0,4.5055
NOD000136,NOD000607,201.0,11.7611
NOD000136,NOD000611,77.0,4.5055
NOD000136,NOD000612,1977.0,115.6803
NOD000136,NOD000622,1065.0,62.3164
NOD000136,NOD000632,93.0,5.4417
NOD000136,NOD000645,72.0,4.2129
NOD000136,NOD000647,77.0,4.5055
NOD000136,NOD000677,72.0,4.2129
NOD000136,NOD000678,61.0,3.5693
NOD000136,NOD000696,71.0,4.1544
NOD000136,NOD000706,634.0,37.0973
NOD000136,NOD000777,489.0,28.6129
NOD000136,NOD000779,61.0,3.5693
NOD000136,NOD000780,64.0,3.7448
NOD000136,NOD000781,195.0,11.41
NOD000136,NOD000785,299.0,17.4954
NOD000136,NOD000786,72.0,4.2129
NOD000136,NOD000789,71.0,4.1544
NOD000136,NOD000790,634.0,37.0973
NOD000136,NOD000794,1065.0,62.3164
NOD000136,NOD000795,71.0,4.1544
NOD000138,NOD000592,58.0,3.3938
NOD000138,NOD000593,50.0,2.9257
NOD000138,NOD000594,50.0,2.9257
NOD000138,NOD000596,654.0,38.2675
NOD000138,NOD000597,58.0,3.3938
NOD000138,NOD000598,613.0,35.8685
NOD000138,NOD000599,468.0,27.3841
NOD000138,NOD000601,56.0,3.2767
NOD000138,NOD000603,56.0,3.2767
NOD000138,NOD000607,180.0,10.5324
NOD000138,NOD000611,56.0,3.2767
NOD000138,NOD000612,1956.0,114.4516
NOD000138,NOD000622,1044.0,61.0876
NOD000138,NOD000632,194.0,11.3515
NOD000138,NOD000645,58.0,3.3938
NOD000138,NOD000647,56.0,3.2767
NOD000138,NOD000677,56.0,3.2767
NOD000138,NOD000678,162.0,9.4791
NOD000138,NOD000696,50.0,2.9257
NOD000138,NOD000706,618.0,36.1611
NOD000138,NOD000777,468.0,27.3841
NOD000138,NOD000779,40.0,2.3405
NOD000138,NOD000780,50.0,2.9257
NOD000138,NOD000781,174.0,10.1813
NOD000138,NOD000785,278.0,16.2666
NOD000138,NOD000786,56.0,3.2767
NOD000138,NOD000789,50.0,2.9257
NOD000138,NOD000790,618.0,36.1611
NOD000138,NOD000794,1044.0,61.0876
NOD000138,NOD000795,50.0,2.9257
NOD000140,NOD000592,13.0,0.7607
NOD000140,NOD000593,5.0,0.2926
NOD000140,NOD000594,5.0,0.2926
NOD000140,NOD000596,619.0,36.2196
NOD000140,NOD000597,13.0,0.7607
NOD000140,NOD000598,568.0,33.2354
NOD000140,NOD000599,423.0,24.751
NOD000140,NOD000601,11.0,0.6436
NOD000140,NOD000603,11.0,0.6436
NOD000140,NOD000607,145.0,8.4844
NOD000140,NOD000611,11.0,0.6436
NOD000140,NOD000612,1921.0,112.4036
NOD000140,NOD000622,999.0,58.4546
NOD000140,NOD000632,159.0,9.3036
NOD000140,NOD000645,13.0,0.7607
NOD000140,NOD000647,11.0,0.6436
NOD000140,NOD000677,11.0,0.6436
NOD000140,NOD000678,127.0,7.4312
NOD000140,NOD000696,5.0,0.2926
NOD000140,NOD000706,573.0,33.528
NOD000140,NOD000777,423.0,24.751
NOD000140,NOD000779,5.0,0.2926
NOD000140,NOD000780,5.0,0.2926
NOD000140,NOD000781,139.0,8.1333
NOD000140,NOD000785,233.0,13.6335
NOD000140,NOD000786,11.0,0.6436
NOD000140,NOD000789,5.0,0.2926
NOD000140,NOD000790,573.0,33.528
NOD000140,NOD000794,999.0,58.4546
NOD000140,NOD000795,5.0,0.2926
NOD000142,NOD000592,637.0,37.2728
NOD000142,NOD000593,636.0,37.2143
NOD000142,NOD000594,636.0,37.2143
NOD000142,NOD000596,504.0,29.4906
NOD000142,NOD000597,637.0,37.2728
NOD000142,NOD000598,1199.0,70.1572
NOD000142,NOD000599,1054.0,61.6728
NOD000142,NOD000601,642.0,37.5654
NOD000142,NOD000603,642.0,37.5654
NOD000142,NOD000607,766.0,44.821
NOD000142,NOD000611,642.0,37.5654
NOD000142,NOD000612,2542.0,148.7402
NOD000142,NOD000622,1584.0,92.6847
NOD000142,NOD000632,536.0,31.363
NOD000142,NOD000645,637.0,37.2728
NOD000142,NOD000647,642.0,37.5654
NOD000142,NOD000677,637.0,37.2728
NOD000142,NOD000678,504.0,29.4906
NOD000142,NOD000696,636.0,37.2143
NOD000142,NOD000706,1199.0,70.1572
NOD000142,NOD000777,1054.0,61.6728
NOD000142,NOD000779,626.0,36.6292
NOD000142,NOD000780,629.0,36.8047
NOD000142,NOD000781,760.0,44.4699
NOD000142,NOD000785,864.0,50.5553
NOD000142,NOD000786,637.0,37.2728
NOD000142,NOD000789,636.0,37.2143
NOD000142,NOD000790,1199.0,70.1572
NOD000142,NOD000794,1630.0,95.3763
NOD000142,NOD000795,636.0,37.2143
NOD000145,NOD000592,1157.0,67.6996
NOD000145,NOD000593,1156.0,67.6411
NOD000145,NOD000594,1156.0,67.6411
NOD000145,NOD000596,1516.0,88.7058
NOD000145,NOD000597,1157.0,67.6996
NOD000145,NOD000598,1719.0,100.584
NOD000145,NOD000599,1574.0,92.0996
NOD000145,NOD000601,1162.0,67.9922
NOD000145,NOD000603,1162.0,67.9922
NOD000145,NOD000607,1286.0,75.2478
NOD000145,NOD000611,1162.0,67.9922
NOD000145,NOD000612,3062.0,179.167
NOD000145,NOD000622,2104.0,123.1115
NOD000145,NOD000632,1048.0,61.3217
NOD000145,NOD000645,1157.0,67.6996
NOD000145,NOD000647,1162.0,67.9922
NOD000145,NOD000677,1157.0,67.6996
NOD000145,NOD000678,1024.0,59.9174
NOD000145,NOD000696,1156.0,67.6411
NOD000145,NOD000706,1719.0,100.584
NOD000145,NOD000777,1574.0,92.0996
NOD000145,NOD000779,1146.0,67.056
NOD000145,NOD000780,1149.0,67.2315
NOD000145,NOD000781,1280.0,74.8967
NOD000145,NOD000785,1384.0,80.9821
NOD000145,NOD000786,1157.0,67.6996
NOD000145,NOD000789,1156.0,67.6411
NOD000145,NOD000790,1719.0,100.584
NOD000145,NOD000794,2150.0,125.8031
NOD000145,NOD000795,1156.0,67.6411
NOD000149,NOD000592,1229.0,71.9126
NOD000149,NOD000593,1226.0,71.737
NOD000149,NOD000594,1226.0,71.737
NOD000149,NOD000596,1840.0,107.6641
NOD000149,NOD000597,1229.0,71.9126
NOD000149,NOD000598,1544.0,90.3442
NOD000149,NOD000599,1248.0,73.0243
NOD000149,NOD000601,1232.0,72.0881
NOD000149,NOD000603,1232.0,72.0881
NOD000149,NOD000607,1366.0,79.9289
NOD000149,NOD000611,1232.0,72.0881
NOD000149,NOD000612,3142.0,183.8481
NOD000149,NOD000622,1866.0,109.1854
NOD000149,NOD000632,1380.0,80.748
NOD000149,NOD000645,1222.0,71.503
NOD000149,NOD000647,1232.0,72.0881
NOD000149,NOD000677,1229.0,71.9126
NOD000149,NOD000678,1348.0,78.8756
NOD000149,NOD000696,1226.0,71.737
NOD000149,NOD000706,1356.0,79.3437
NOD000149,NOD000777,798.0,46.6934
NOD000149,NOD000779,1226.0,71.737
NOD000149,NOD000780,1226.0,71.737
NOD000149,NOD000781,1360.0,79.5778
NOD000149,NOD000785,1454.0,85.078
NOD000149,NOD000786,1229.0,71.9126
NOD000149,NOD000789,1226.0,71.737
NOD000149,NOD000790,1356.0,79.3437
NOD000149,NOD000794,2194.0,128.3777
NOD000149,NOD000795,1226.0,71.737
NOD000154,NOD000592,988.0,57.8109
NOD000154,NOD000593,996.0,58.279
NOD000154,NOD000594,996.0,58.279
NOD000154,NOD000596,1605.0,93.9135
NOD000154,NOD000597,980.0,57.3428
NOD000154,NOD000598,1516.0,88.7058
NOD000154,NOD000599,980.0,57.3428
NOD000154,NOD000601,1002.0,58.6301
NOD000154,NOD000603,1002.0,58.6301
NOD000154,NOD000607,1136.0,66.4708
NOD000154,NOD000611,1002.0,58.6301
NOD000154,NOD000612,2912.0,170.3901
NOD000154,NOD000622,1968.0,115.1537
NOD000154,NOD000632,1145.0,66.9975
NOD000154,NOD000645,980.0,57.3428
NOD000154,NOD000647,1002.0,58.6301
NOD000154,NOD000677,980.0,57.3428
NOD000154,NOD000678,1113.0,65.125
NOD000154,NOD000696,992.0,58.045
NOD000154,NOD000706,1524.0,89.1739
NOD000154,NOD000777,980.0,57.3428
NOD000154,NOD000779,996.0,58.279
NOD000154,NOD000780,988.0,57.8109
NOD000154,NOD000781,1130.0,66.1198
NOD000154,NOD000785,1224.0,71.62
NOD000154,NOD000786,988.0,57.8109
NOD000154,NOD000789,996.0,58.279
NOD000154,NOD000790,1523.0,89.1154
NOD000154,NOD000794,1968.0,115.1537
NOD000154,NOD000795,996.0,58.279
NOD000155,NOD000592,1815.0,106.2012
NOD000155,NOD000593,1814.0,106.1427
NOD000155,NOD000594,1814.0,106.1427
NOD000155,NOD000596,2174.0,127.2074
NOD000155,NOD000597,1815.0,106.2012
NOD000155,NOD000598,2377.0,139.0856
NOD000155,NOD000599,2232.0,130.6012
NOD000155,NOD000601,1820.0,106.4938
NOD000155,NOD000603,1820.0,106.4938
NOD000155,NOD000607,1944.0,113.7494
NOD000155,NOD000611,1820.0,106.4938
NOD000155,NOD000612,3720.0,217.6686
NOD000155,NOD000622,2762.0,161.6131
NOD000155,NOD000632,1650.0,96.5466
NOD000155,NOD000645,1815.0,106.2012
NOD000155,NOD000647,1820.0,106.4938
NOD000155,NOD000677,1815.0,106.2012
NOD000155,NOD000678,1682.0,98.419
NOD000155,NOD000696,1814.0,106.1427
NOD000155,NOD000706,2377.0,139.0856
NOD000155,NOD000777,2232.0,130.6012
NOD000155,NOD000779,1804.0,105.5576
NOD000155,NOD000780,1807.0,105.7331
NOD000155,NOD000781,1938.0,113.3983
NOD000155,NOD000785,2042.0,119.4837
NOD000155,NOD000786,1815.0,106.2012
NOD000155,NOD000789,1814.0,106.1427
NOD000155,NOD000790,2377.0,139.0856
NOD000155,NOD000794,2808.0,164.3047
NOD000155,NOD000795,1814.0,106.1427
NOD000156,NOD000592,1791.0,104.7969
NOD000156,NOD000593,1783.0,104.3288
NOD000156,NOD000594,1773.0,103.7437
NOD000156,NOD000596,2387.0,139.6707
NOD000156,NOD000597,1791.0,104.7969
NOD000156,NOD000598,2346.0,137.2717
NOD000156,NOD000599,2201.0,128.7873
NOD000156,NOD000601,1789.0,104.6799
NOD000156,NOD000603,1789.0,104.6799
NOD000156,NOD000607,1633.0,95.5518
NOD000156,NOD000611,1789.0,104.6799
NOD000156,NOD000612,1628.0,95.2593
NOD000156,NOD000622,2777.0,162.4908
NOD000156,NOD000632,1927.0,112.7547
NOD000156,NOD000645,1791.0,104.7969
NOD000156,NOD000647,1789.0,104.6799
NOD000156,NOD000677,1789.0,104.6799
NOD000156,NOD000678,1895.0,110.8823
NOD000156,NOD000696,1783.0,104.3288
NOD000156,NOD000706,2351.0,137.5642
NOD000156,NOD000777,2201.0,128.7873
NOD000156,NOD000779,1773.0,103.7437
NOD000156,NOD000780,1783.0,104.3288
NOD000156,NOD000781,1639.0,95.9029
NOD000156,NOD000785,2011.0,117.6698
NOD000156,NOD000786,1789.0,104.6799
NOD000156,NOD000789,1783.0,104.3288
NOD000156,NOD000790,2351.0,137.5642
NOD000156,NOD000794,2777.0,162.4908
NOD000156,NOD000795,1783.0,104.3288
NOD000161,NOD000592,1607.0,94.0305
NOD000161,NOD000593,1606.0,93.972
NOD000161,NOD000594,1606.0,93.972
NOD000161,NOD000596,1966.0,115.0367
NOD000161,NOD000597,1607.0,94.0305
NOD000161,NOD000598,2169.0,126.9149
NOD000161,NOD000599,2024.0,118.4305
NOD000161,NOD000601,1612.0,94.3231
NOD000161,NOD000603,1612.0,94.3231
NOD000161,NOD000607,1736.0,101.5787
NOD000161,NOD000611,1612.0,94.3231
NOD000161,NOD000612,3512.0,205.4979
NOD000161,NOD000622,2554.0,149.4424
NOD000161,NOD000632,1474.0,86.2483
NOD000161,NOD000645,1607.0,94.0305
NOD000161,NOD000647,1612.0,94.3231
NOD000161,NOD000677,1607.0,94.0305
NOD000161,NOD000678,1474.0,86.2483
NOD000161,NOD000696,1606.0,93.972
NOD000161,NOD000706,2169.0,126.9149
NOD000161,NOD000777,2024.0,118.4305
NOD000161,NOD000779,1596.0,93.3869
NOD000161,NOD000780,1599.0,93.5624
NOD000161,NOD000781,1730.0,101.2276
NOD000161,NOD000785,1834.0,107.313
NOD000161,NOD000786,1607.0,94.0305
NOD000161,NOD000789,1606.0,93.972
NOD000161,NOD000790,2169.0,126.9149
NOD000161,NOD000794,2600.0,152.134
NOD000161,NOD000795,1606.0,93.972
NOD000162,NOD000592,1250.0,73.1413
NOD000162,NOD000593,1260.0,73.7265
NOD000162,NOD000594,1260.0,73.7265
NOD000162,NOD000596,1867.0,109.2439
NOD000162,NOD000597,1242.0,72.6732
NOD000162,NOD000598,1735.0,101.5202
NOD000162,NOD000599,1590.0,93.0358
NOD000162,NOD000601,1266.0,74.0775
NOD000162,NOD000603,1266.0,74.0775
NOD000162,NOD000607,1400.0,81.9183
NOD000162,NOD000611,1266.0,74.0775
NOD000162,NOD000612,3176.0,185.8375
NOD000162,NOD000622,2254.0,131.8885
NOD000162,NOD000632,1407.0,82.3279
NOD000162,NOD000645,1242.0,72.6732
NOD000162,NOD000647,1266.0,74.0775
NOD000162,NOD000677,1250.0,73.1413
NOD000162,NOD000678,1375.0,80.4555
NOD000162,NOD000696,1260.0,73.7265
NOD000162,NOD000706,1743.0,101.9883
NOD000162,NOD000777,1238.0,72.4392
NOD000162,NOD000779,1260.0,73.7265
NOD000162,NOD000780,1250.0,73.1413
NOD000162,NOD000781,1394.0,81.5672
NOD000162,NOD000785,1488.0,87.0674
NOD000162,NOD000786,1250.0,73.1413
NOD000162,NOD000789,1260.0,73.7265
NOD000162,NOD000790,1742.0,101.9298
NOD000162,NOD000794,2254.0,131.8885
NOD000162,NOD000795,1260.0,73.7265
NOD000163,NOD000592,1425.0,83.3811
NOD000163,NOD000593,1417.0,82.913
NOD000163,NOD000594,1417.0,82.913
NOD000163,NOD000596,2031.0,118.84
NOD000163,NOD000597,1425.0,83.3811
NOD000163,NOD000598,1980.0,115.8559
NOD000163,NOD000599,1835.0,107.3715
NOD000163,NOD000601,1423.0,83.2641
NOD000163,NOD000603,1401.0,81.9768
NOD000163,NOD000607,1557.0,91.1049
NOD000163,NOD000611,1423.0,83.2641
NOD000163,NOD000612,3333.0,195.0241
NOD000163,NOD000622,2411.0,141.075
NOD000163,NOD000632,1571.0,91.924
NOD000163,NOD000645,1425.0,83.3811
NOD000163,NOD000647,1423.0,83.2641
NOD000163,NOD000677,1423.0,83.2641
NOD000163,NOD000678,1539.0,90.0516
NOD000163,NOD000696,1417.0,82.913
NOD000163,NOD000706,1985.0,116.1484
NOD000163,NOD000777,1835.0,107.3715
NOD000163,NOD000779,1417.0,82.913
NOD000163,NOD000780,1417.0,82.913
NOD000163,NOD000781,1551.0,90.7538
NOD000163,NOD000785,1645.0,96.254
NOD000163,NOD000786,1423.0,83.2641
NOD000163,NOD000789,1417.0,82.913
NOD000163,NOD000790,1985.0,116.1484
NOD000163,NOD000794,2411.0,141.075
NOD000163,NOD000795,1417.0,82.913
NOD000165,NOD000592,1298.0,75.95
NOD000165,NOD000593,1306.0,76.4181
NOD000165,NOD000594,1306.0,76.4181
NOD000165,NOD000596,1915.0,112.0525
NOD000165,NOD000597,1298.0,75.95
NOD000165,NOD000598,1777.0,103.9777
NOD000165,NOD000599,1632.0,95.4933
NOD000165,NOD000601,1312.0,76.7691
NOD000165,NOD000603,1312.0,76.7691
NOD000165,NOD000607,1446.0,84.6099
NOD000165,NOD000611,1312.0,76.7691
NOD000165,NOD000612,3222.0,188.5291
NOD000165,NOD000622,2300.0,134.5801
NOD000165,NOD000632,1455.0,85.1365
NOD000165,NOD000645,1298.0,75.95
NOD000165,NOD000647,1312.0,76.7691
NOD000165,NOD000677,1298.0,75.95
NOD000165,NOD000678,1423.0,83.2641
NOD000165,NOD000696,1306.0,76.4181
NOD000165,NOD000706,1785.0,104.4458
NOD000165,NOD000777,1632.0,95.4933
NOD000165,NOD000779,1306.0,76.4181
NOD000165,NOD000780,1298.0,75.95
NOD000165,NOD000781,1440.0,84.2588
NOD000165,NOD000785,1534.0,89.7591
NOD000165,NOD000786,1290.0,75.4819
NOD000165,NOD000789,1306.0,76.4181
NOD000165,NOD000790,1784.0,104.3873
NOD000165,NOD000794,2300.0,134.5801
NOD000165,NOD000795,1306.0,76.4181
NOD000167,NOD000592,919.0,53.7735
NOD000167,NOD000593,918.0,53.715
NOD000167,NOD000594,918.0,53.715
NOD000167,NOD000596,1278.0,74.7797
NOD000167,NOD000597,919.0,53.7735
NOD000167,NOD000598,1481.0,86.6579
NOD000167,NOD000599,1336.0,78.1735
NOD000167,NOD000601,924.0,54.0661
NOD000167,NOD000603,924.0,54.0661
NOD000167,NOD000607,1048.0,61.3217
NOD000167,NOD000611,924.0,54.0661
NOD000167,NOD000612,2824.0,165.2409
NOD000167,NOD000622,1866.0,109.1854
NOD000167,NOD000632,786.0,45.9913
NOD000167,NOD000645,919.0,53.7735
NOD000167,NOD000647,924.0,54.0661
NOD000167,NOD000677,919.0,53.7735
NOD000167,NOD000678,786.0,45.9913
NOD000167,NOD000696,918.0,53.715
NOD000167,NOD000706,1481.0,86.6579
NOD000167,NOD000777,1336.0,78.1735
NOD000167,NOD000779,908.0,53.1299
NOD000167,NOD000780,911.0,53.3054
NOD000167,NOD000781,1042.0,60.9706
NOD000167,NOD000785,1146.0,67.056
NOD000167,NOD000786,919.0,53.7735
NOD000167,NOD000789,918.0,53.715
NOD000167,NOD000790,1481.0,86.6579
NOD000167,NOD000794,1912.0,111.877
NOD000167,NOD000795,918.0,53.715
NOD000168,NOD000592,832.0,48.6829
NOD000168,NOD000593,831.0,48.6244
NOD000168,NOD000594,831.0,48.6244
NOD000168,NOD000596,1191.0,69.6891
NOD000168,NOD000597,832.0,48.6829
NOD000168,NOD000598,1394.0,81.5672
NOD000168,NOD000599,1249.0,73.0828
NOD000168,NOD000601,837.0,48.9754
NOD000168,NOD000603,837.0,48.9754
NOD000168,NOD000607,961.0,56.2311
NOD000168,NOD000611,837.0,48.9754
NOD000168,NOD000612,2737.0,160.1503
NOD000168,NOD000622,1779.0,104.0948
NOD000168,NOD000632,731.0,42.7731
NOD000168,NOD000645,832.0,48.6829
NOD000168,NOD000647,837.0,48.9754
NOD000168,NOD000677,832.0,48.6829
NOD000168,NOD000678,699.0,40.9006
NOD000168,NOD000696,831.0,48.6244
NOD000168,NOD000706,1394.0,81.5672
NOD000168,NOD000777,1249.0,73.0828
NOD000168,NOD000779,821.0,48.0392
NOD000168,NOD000780,824.0,48.2148
NOD000168,NOD000781,955.0,55.88
NOD000168,NOD000785,1059.0,61.9653
NOD000168,NOD000786,832.0,48.6829
NOD000168,NOD000789,831.0,48.6244
NOD000168,NOD000790,1394.0,81.5672
NOD000168,NOD000794,1825.0,106.7864
NOD000168,NOD000795,831.0,48.6244
NOD000172,NOD000592,1815.0,106.2012
NOD000172,NOD000593,1812.0,106.0257
NOD000172,NOD000594,1812.0,106.0257
NOD000172,NOD000596,2426.0,141.9527
NOD000172,NOD000597,1815.0,106.2012
NOD000172,NOD000598,2130.0,124.6328
NOD000172,NOD000599,1834.0,107.313
NOD000172,NOD000601,1818.0,106.3768
NOD000172,NOD000603,1818.0,106.3768
NOD000172,NOD000607,1952.0,114.2175
NOD000172,NOD000611,1818.0,106.3768
NOD000172,NOD000612,3728.0,218.1367
NOD000172,NOD000622,2452.0,143.4741
NOD000172,NOD000632,1966.0,115.0367
NOD000172,NOD000645,1808.0,105.7916
NOD000172,NOD000647,1818.0,106.3768
NOD000172,NOD000677,1815.0,106.2012
NOD000172,NOD000678,1934.0,113.1643
NOD000172,NOD000696,1812.0,106.0257
NOD000172,NOD000706,1942.0,113.6324
NOD000172,NOD000777,1384.0,80.9821
NOD000172,NOD000779,1812.0,106.0257
NOD000172,NOD000780,1812.0,106.0257
NOD000172,NOD000781,1946.0,113.8664
NOD000172,NOD000785,2040.0,119.3667
NOD000172,NOD000786,1815.0,106.2012
NOD000172,NOD000789,1812.0,106.0257
NOD000172,NOD000790,1942.0,113.6324
NOD000172,NOD000794,2780.0,162.6663
NOD000172,NOD000795,1812.0,106.0257
NOD000177,NOD000592,390.0,22.8201
NOD000177,NOD000593,389.0,22.7616
NOD000177,NOD000594,389.0,22.7616
NOD000177,NOD000596,749.0,43.8263
NOD000177,NOD000597,390.0,22.8201
NOD000177,NOD000598,952.0,55.7044
NOD000177,NOD000599,807.0,47.22
NOD000177,NOD000601,395.0,23.1127
NOD000177,NOD000603,395.0,23.1127
NOD000177,NOD000607,519.0,30.3683
NOD000177,NOD000611,395.0,23.1127
NOD000177,NOD000612,2295.0,134.2875
NOD000177,NOD000622,1337.0,78.232
NOD000177,NOD000632,257.0,15.0379
NOD000177,NOD000645,390.0,22.8201
NOD000177,NOD000647,395.0,23.1127
NOD000177,NOD000677,390.0,22.8201
NOD000177,NOD000678,257.0,15.0379
NOD000177,NOD000696,389.0,22.7616
NOD000177,NOD000706,952.0,55.7044
NOD000177,NOD000777,807.0,47.22
NOD000177,NOD000779,379.0,22.1765
NOD000177,NOD000780,382.0,22.352
NOD000177,NOD000781,513.0,30.0172
NOD000177,NOD000785,617.0,36.1026
NOD000177,NOD000786,390.0,22.8201
NOD000177,NOD000789,389.0,22.7616
NOD000177,NOD000790,952.0,55.7044
NOD000177,NOD000794,1383.0,80.9236
NOD000177,NOD000795,389.0,22.7616
NOD000178,NOD000592,358.0,20.9477
NOD000178,NOD000593,357.0,20.8892
NOD000178,NOD000594,357.0,20.8892
NOD000178,NOD000596,717.0,41.9539
NOD000178,NOD000597,358.0,20.9477
NOD000178,NOD000598,920.0,53.832
NOD000178,NOD000599,775.0,45.3476
NOD000178,NOD000601,363.0,21.2402
NOD000178,NOD000603,363.0,21.2402
NOD000178,NOD000607,487.0,28.4959
NOD000178,NOD000611,363.0,21.2402
NOD000178,NOD000612,2263.0,132.4151
NOD000178,NOD000622,1305.0,76.3596
NOD000178,NOD000632,225.0,13.1654
NOD000178,NOD000645,358.0,20.9477
NOD000178,NOD000647,363.0,21.2402
NOD000178,NOD000677,358.0,20.9477
NOD000178,NOD000678,225.0,13.1654
NOD000178,NOD000696,357.0,20.8892
NOD000178,NOD000706,920.0,53.832
NOD000178,NOD000777,775.0,45.3476
NOD000178,NOD000779,347.0,20.304
NOD000178,NOD000780,350.0,20.4796
NOD000178,NOD000781,481.0,28.1448
NOD000178,NOD000785,585.0,34.2301
NOD000178,NOD000786,358.0,20.9477
NOD000178,NOD000789,357.0,20.8892
NOD000178,NOD000790,920.0,53.832
NOD000178,NOD000794,1351.0,79.0512
NOD000178,NOD000795,357.0,20.8892
NOD000182,NOD000592,310.0,18.1391
NOD000182,NOD000593,309.0,18.0805
NOD000182,NOD000594,309.0,18.0805
NOD000182,NOD000596,669.0,39.1452
NOD000182,NOD000597,310.0,18.1391
NOD000182,NOD000598,872.0,51.0234
NOD000182,NOD000599,727.0,42.539
NOD000182,NOD000601,315.0,18.4316
NOD000182,NOD000603,315.0,18.4316
NOD000182,NOD000607,439.0,25.6872
NOD000182,NOD000611,315.0,18.4316
NOD000182,NOD000612,2215.0,129.6065
NOD000182,NOD000622,1257.0,73.5509
NOD000182,NOD000632,177.0,10.3568
NOD000182,NOD000645,310.0,18.1391
NOD000182,NOD000647,315.0,18.4316
NOD000182,NOD000677,310.0,18.1391
NOD000182,NOD000678,177.0,10.3568
NOD000182,NOD000696,309.0,18.0805
NOD000182,NOD000706,872.0,51.0234
NOD000182,NOD000777,727.0,42.539
NOD000182,NOD000779,299.0,17.4954
NOD000182,NOD000780,302.0,17.6709
NOD000182,NOD000781,433.0,25.3362
NOD000182,NOD000785,537.0,31.4215
NOD000182,NOD000786,310.0,18.1391
NOD000182,NOD000789,309.0,18.0805
NOD000182,NOD000790,872.0,51.0234
NOD000182,NOD000794,1303.0,76.2425
NOD000182,NOD000795,309.0,18.0805
NOD000187,NOD000592,1255.0,73.4339
NOD000187,NOD000593,1237.0,72.3807
NOD000187,NOD000594,1247.0,72.9658
NOD000187,NOD000596,1861.0,108.8928
NOD000187,NOD000597,1255.0,73.4339
NOD000187,NOD000598,1810.0,105.9087
NOD000187,NOD000599,1665.0,97.4243
NOD000187,NOD000601,1253.0,73.3169
NOD000187,NOD000603,1253.0,73.3169
NOD000187,NOD000607,1387.0,81.1576
NOD000187,NOD000611,1253.0,73.3169
NOD000187,NOD000612,3163.0,185.0768
NOD000187,NOD000622,2241.0,131.1278
NOD000187,NOD000632,1401.0,81.9768
NOD000187,NOD000645,1255.0,73.4339
NOD000187,NOD000647,1253.0,73.3169
NOD000187,NOD000677,1253.0,73.3169
NOD000187,NOD000678,1369.0,80.1044
NOD000187,NOD000696,1247.0,72.9658
NOD000187,NOD000706,1815.0,106.2012
NOD000187,NOD000777,1665.0,97.4243
NOD000187,NOD000779,1247.0,72.9658
NOD000187,NOD000780,1247.0,72.9658
NOD000187,NOD000781,1381.0,80.8066
NOD000187,NOD000785,1475.0,86.3068
NOD000187,NOD000786,1253.0,73.3169
NOD000187,NOD000789,1247.0,72.9658
NOD000187,NOD000790,1815.0,106.2012
NOD000187,NOD000794,2241.0,131.1278
NOD000187,NOD000795,1247.0,72.9658
NOD000195,NOD000592,1445.0,84.5514
NOD000195,NOD000593,1442.0,84.3758
NOD000195,NOD000594,1442.0,84.3758
NOD000195,NOD000596,2056.0,120.3029
NOD000195,NOD000597,1445.0,84.5514
NOD000195,NOD000598,1760.0,102.983
NOD000195,NOD000599,1464.0,85.6631
NOD000195,NOD000601,1448.0,84.7269
NOD000195,NOD000603,1448.0,84.7269
NOD000195,NOD000607,1582.0,92.5677
NOD000195,NOD000611,1448.0,84.7269
NOD000195,NOD000612,3358.0,196.4869
NOD000195,NOD000622,2082.0,121.8242
NOD000195,NOD000632,1596.0,93.3869
NOD000195,NOD000645,1438.0,84.1418
NOD000195,NOD000647,1448.0,84.7269
NOD000195,NOD000677,1445.0,84.5514
NOD000195,NOD000678,1564.0,91.5144
NOD000195,NOD000696,1442.0,84.3758
NOD000195,NOD000706,1572.0,91.9825
NOD000195,NOD000777,1014.0,59.3323
NOD000195,NOD000779,1442.0,84.3758
NOD000195,NOD000780,1442.0,84.3758
NOD000195,NOD000781,1576.0,92.2166
NOD000195,NOD000785,1670.0,97.7168
NOD000195,NOD000786,1445.0,84.5514
NOD000195,NOD000789,1442.0,84.3758
NOD000195,NOD000790,1572.0,91.9825
NOD000195,NOD000794,2410.0,141.0165
NOD000195,NOD000795,1442.0,84.3758
NOD000196,NOD000592,58.0,3.3938
NOD000196,NOD000593,55.0,3.2182
NOD000196,NOD000594,55.0,3.2182
NOD000196,NOD000596,669.0,39.1452
NOD000196,NOD000597,58.0,3.3938
NOD000196,NOD000598,518.0,30.3098
NOD000196,NOD000599,373.0,21.8254
NOD000196,NOD000601,61.0,3.5693
NOD000196,NOD000603,61.0,3.5693
NOD000196,NOD000607,195.0,11.41
NOD000196,NOD000611,61.0,3.5693
NOD000196,NOD000612,1971.0,115.3293
NOD000196,NOD000622,1049.0,61.3802
NOD000196,NOD000632,209.0,12.2292
NOD000196,NOD000645,51.0,2.9842
NOD000196,NOD000647,61.0,3.5693
NOD000196,NOD000677,58.0,3.3938
NOD000196,NOD000678,177.0,10.3568
NOD000196,NOD000696,55.0,3.2182
NOD000196,NOD000706,526.0,30.7779
NOD000196,NOD000777,373.0,21.8254
NOD000196,NOD000779,55.0,3.2182
NOD000196,NOD000780,55.0,3.2182
NOD000196,NOD000781,189.0,11.059
NOD000196,NOD000785,283.0,16.5592
NOD000196,NOD000786,58.0,3.3938
NOD000196,NOD000789,55.0,3.2182
NOD000196,NOD000790,525.0,30.7194
NOD000196,NOD000794,1049.0,61.3802
NOD000196,NOD000795,55.0,3.2182
NOD000198,NOD000592,1392.0,81.4502
NOD000198,NOD000593,1402.0,82.0353
NOD000198,NOD000594,1402.0,82.0353
NOD000198,NOD000596,2009.0,117.5528
NOD000198,NOD000597,1392.0,81.4502
NOD000198,NOD000598,1953.0,114.276
NOD000198,NOD000599,1808.0,105.7916
NOD000198,NOD000601,1408.0,82.3864
NOD000198,NOD000603,1408.0,82.3864
NOD000198,NOD000607,1384.0,80.9821
NOD000198,NOD000611,1408.0,82.3864
NOD000198,NOD000612,3166.0,185.2524
NOD000198,NOD000622,2396.0,140.1973
NOD000198,NOD000632,1549.0,90.6367
NOD000198,NOD000645,1384.0,80.9821
NOD000198,NOD000647,1408.0,82.3864
NOD000198,NOD000677,1392.0,81.4502
NOD000198,NOD000678,1517.0,88.7643
NOD000198,NOD000696,1402.0,82.0353
NOD000198,NOD000706,1946.0,113.8664
NOD000198,NOD000777,1808.0,105.7916
NOD000198,NOD000779,1402.0,82.0353
NOD000198,NOD000780,1392.0,81.4502
NOD000198,NOD000781,1384.0,80.9821
NOD000198,NOD000785,1630.0,95.3763
NOD000198,NOD000786,1392.0,81.4502
NOD000198,NOD000789,1402.0,82.0353
NOD000198,NOD000790,1946.0,113.8664
NOD000198,NOD000794,2396.0,140.1973
NOD000198,NOD000795,1402.0,82.0353
NOD000205,NOD000592,1143.0,66.8804
NOD000205,NOD000593,1135.0,66.4123
NOD000205,NOD000594,1125.0,65.8272
NOD000205,NOD000596,1739.0,101.7542
NOD000205,NOD000597,1143.0,66.8804
NOD000205,NOD000598,1698.0,99.3552
NOD000205,NOD000599,1441.0,84.3173
NOD000205,NOD000601,1141.0,66.7634
NOD000205,NOD000603,1141.0,66.7634
NOD000205,NOD000607,991.0,57.9865
NOD000205,NOD000611,1141.0,66.7634
NOD000205,NOD000612,2773.0,162.2567
NOD000205,NOD000622,2059.0,120.4784
NOD000205,NOD000632,1279.0,74.8382
NOD000205,NOD000645,1143.0,66.8804
NOD000205,NOD000647,1141.0,66.7634
NOD000205,NOD000677,1141.0,66.7634
NOD000205,NOD000678,1247.0,72.9658
NOD000205,NOD000696,1135.0,66.4123
NOD000205,NOD000706,1549.0,90.6367
NOD000205,NOD000777,991.0,57.9865
NOD000205,NOD000779,1125.0,65.8272
NOD000205,NOD000780,1135.0,66.4123
NOD000205,NOD000781,991.0,57.9865
NOD000205,NOD000785,1363.0,79.7533
NOD000205,NOD000786,1141.0,66.7634
NOD000205,NOD000789,1135.0,66.4123
NOD000205,NOD000790,1549.0,90.6367
NOD000205,NOD000794,2129.0,124.5743
NOD000205,NOD000795,1135.0,66.4123
NOD000206,NOD000592,2015.0,117.9038
NOD000206,NOD000593,2012.0,117.7283
NOD000206,NOD000594,2012.0,117.7283
NOD000206,NOD000596,2626.0,153.6553
NOD000206,NOD000597,2015.0,117.9038
NOD000206,NOD000598,2330.0,136.3355
NOD000206,NOD000599,2034.0,119.0156
NOD000206,NOD000601,2018.0,118.0794
NOD000206,NOD000603,2018.0,118.0794
NOD000206,NOD000607,2152.0,125.9201
NOD000206,NOD000611,2018.0,118.0794
NOD000206,NOD000612,3928.0,229.8393
NOD000206,NOD000622,2652.0,155.1767
NOD000206,NOD000632,2166.0,126.7393
NOD000206,NOD000645,2008.0,117.4942
NOD000206,NOD000647,2018.0,118.0794
NOD000206,NOD000677,2015.0,117.9038
NOD000206,NOD000678,2134.0,124.8669
NOD000206,NOD000696,2012.0,117.7283
NOD000206,NOD000706,2142.0,125.335
NOD000206,NOD000777,1584.0,92.6847
NOD000206,NOD000779,2012.0,117.7283
NOD000206,NOD000780,2012.0,117.7283
NOD000206,NOD000781,2146.0,125.5691
NOD000206,NOD000785,2240.0,131.0693
NOD000206,NOD000786,2015.0,117.9038
NOD000206,NOD000789,2012.0,117.7283
NOD000206,NOD000790,2142.0,125.335
NOD000206,NOD000794,2980.0,174.369
NOD000206,NOD000795,2012.0,117.7283
NOD000212,NOD000592,540.0,31.5971
NOD000212,NOD000593,537.0,31.4215
NOD000212,NOD000594,537.0,31.4215
NOD000212,NOD000596,1151.0,67.3485
NOD000212,NOD000597,540.0,31.5971
NOD000212,NOD000598,1000.0,58.5131
NOD000212,NOD000599,855.0,50.0287
NOD000212,NOD000601,543.0,31.7726
NOD000212,NOD000603,543.0,31.7726
NOD000212,NOD000607,677.0,39.6133
NOD000212,NOD000611,543.0,31.7726
NOD000212,NOD000612,2453.0,143.5326
NOD000212,NOD000622,1506.0,88.1207
NOD000212,NOD000632,691.0,40.4325
NOD000212,NOD000645,533.0,31.1875
NOD000212,NOD000647,543.0,31.7726
NOD000212,NOD000677,540.0,31.5971
NOD000212,NOD000678,659.0,38.5601
NOD000212,NOD000696,537.0,31.4215
NOD000212,NOD000706,518.0,30.3098
NOD000212,NOD000777,855.0,50.0287
NOD000212,NOD000779,537.0,31.4215
NOD000212,NOD000780,537.0,31.4215
NOD000212,NOD000781,671.0,39.2623
NOD000212,NOD000785,765.0,44.7625
NOD000212,NOD000786,540.0,31.5971
NOD000212,NOD000789,537.0,31.4215
NOD000212,NOD000790,518.0,30.3098
NOD000212,NOD000794,1506.0,88.1207
NOD000212,NOD000795,537.0,31.4215
NOD000215,NOD000592,1042.0,60.9706
NOD000215,NOD000593,1050.0,61.4387
NOD000215,NOD000594,1050.0,61.4387
NOD000215,NOD000596,1659.0,97.0732
NOD000215,NOD000597,1042.0,60.9706
NOD000215,NOD000598,1610.0,94.206
NOD000215,NOD000599,1465.0,85.7216
NOD000215,NOD000601,1056.0,61.7898
NOD000215,NOD000603,1056.0,61.7898
NOD000215,NOD000607,1190.0,69.6306
NOD000215,NOD000611,1056.0,61.7898
NOD000215,NOD000612,2966.0,173.5498
NOD000215,NOD000622,2044.0,119.6007
NOD000215,NOD000632,1199.0,70.1572
NOD000215,NOD000645,1042.0,60.9706
NOD000215,NOD000647,1056.0,61.7898
NOD000215,NOD000677,1042.0,60.9706
NOD000215,NOD000678,1167.0,68.2848
NOD000215,NOD000696,1050.0,61.4387
NOD000215,NOD000706,1596.0,93.3869
NOD000215,NOD000777,1465.0,85.7216
NOD000215,NOD000779,1050.0,61.4387
NOD000215,NOD000780,1042.0,60.9706
NOD000215,NOD000781,1184.0,69.2795
NOD000215,NOD000785,1278.0,74.7797
NOD000215,NOD000786,1034.0,60.5025
NOD000215,NOD000789,1050.0,61.4387
NOD000215,NOD000790,1596.0,93.3869
NOD000215,NOD000794,2044.0,119.6007
NOD000215,NOD000795,1050.0,61.4387
NOD000218,NOD000592,864.0,50.5553
NOD000218,NOD000593,856.0,50.0872
NOD000218,NOD000594,856.0,50.0872
NOD000218,NOD000596,1338.0,78.2905
NOD000218,NOD000597,864.0,50.5553
NOD000218,NOD000598,1419.0,83.03
NOD000218,NOD000599,1274.0,74.5457
NOD000218,NOD000601,862.0,50.4383
NOD000218,NOD000603,862.0,50.4383
NOD000218,NOD000607,996.0,58.279
NOD000218,NOD000611,862.0,50.4383
NOD000218,NOD000612,2772.0,162.1982
NOD000218,NOD000622,1850.0,108.2492
NOD000218,NOD000632,834.0,48.7999
NOD000218,NOD000645,864.0,50.5553
NOD000218,NOD000647,862.0,50.4383
NOD000218,NOD000677,862.0,50.4383
NOD000218,NOD000678,846.0,49.5021
NOD000218,NOD000696,856.0,50.0872
NOD000218,NOD000706,1424.0,83.3226
NOD000218,NOD000777,1274.0,74.5457
NOD000218,NOD000779,856.0,50.0872
NOD000218,NOD000780,856.0,50.0872
NOD000218,NOD000781,990.0,57.9279
NOD000218,NOD000785,1074.0,62.843
NOD000218,NOD000786,862.0,50.4383
NOD000218,NOD000789,846.0,49.5021
NOD000218,NOD000790,1424.0,83.3226
NOD000218,NOD000794,1850.0,108.2492
NOD000218,NOD000795,856.0,50.0872
NOD000219,NOD000592,1014.0,59.3323
NOD000219,NOD000593,1016.0,59.4493
NOD000219,NOD000594,1016.0,59.4493
NOD000219,NOD000596,1620.0,94.7912
NOD000219,NOD000597,1014.0,59.3323
NOD000219,NOD000598,1579.0,92.3921
NOD000219,NOD000599,1434.0,83.9077
NOD000219,NOD000601,1022.0,59.8004
NOD000219,NOD000603,1022.0,59.8004
NOD000219,NOD000607,1146.0,67.056
NOD000219,NOD000611,1022.0,59.8004
NOD000219,NOD000612,2922.0,170.9752
NOD000219,NOD000622,2010.0,117.6113
NOD000219,NOD000632,1160.0,67.8752
NOD000219,NOD000645,1014.0,59.3323
NOD000219,NOD000647,1022.0,59.8004
NOD000219,NOD000677,1014.0,59.3323
NOD000219,NOD000678,1128.0,66.0027
NOD000219,NOD000696,1016.0,59.4493
NOD000219,NOD000706,1568.0,91.7485
NOD000219,NOD000777,1434.0,83.9077
NOD000219,NOD000779,1006.0,58.8641
NOD000219,NOD000780,1014.0,59.3323
NOD000219,NOD000781,1140.0,66.7049
NOD000219,NOD000785,1244.0,72.7903
NOD000219,NOD000786,1006.0,58.8641
NOD000219,NOD000789,1016.0,59.4493
NOD000219,NOD000790,1568.0,91.7485
NOD000219,NOD000794,2010.0,117.6113
NOD000219,NOD000795,1016.0,59.4493
NOD000227,NOD000592,733.0,42.8901
NOD000227,NOD000593,725.0,42.422
NOD000227,NOD000594,725.0,42.422
NOD000227,NOD000596,1339.0,78.349
NOD000227,NOD000597,733.0,42.8901
NOD000227,NOD000598,1235.0,72.2636
NOD000227,NOD000599,687.0,40.1985
NOD000227,NOD000601,731.0,42.7731
NOD000227,NOD000603,731.0,42.7731
NOD000227,NOD000607,865.0,50.6138
NOD000227,NOD000611,731.0,42.7731
NOD000227,NOD000612,2641.0,154.533
NOD000227,NOD000622,712.0,41.6613
NOD000227,NOD000632,879.0,51.433
NOD000227,NOD000645,733.0,42.8901
NOD000227,NOD000647,709.0,41.4858
NOD000227,NOD000677,731.0,42.7731
NOD000227,NOD000678,847.0,49.5606
NOD000227,NOD000696,725.0,42.422
NOD000227,NOD000706,709.0,41.4858
NOD000227,NOD000777,709.0,41.4858
NOD000227,NOD000779,725.0,42.422
NOD000227,NOD000780,725.0,42.422
NOD000227,NOD000781,859.0,50.2627
NOD000227,NOD000785,953.0,55.763
NOD000227,NOD000786,731.0,42.7731
NOD000227,NOD000789,725.0,42.422
NOD000227,NOD000790,712.0,41.6613
NOD000227,NOD000794,687.0,40.1985
NOD000227,NOD000795,725.0,42.422
NOD000242,NOD000592,1702.0,99.5892
NOD000242,NOD000593,1694.0,99.1211
NOD000242,NOD000594,1694.0,99.1211
NOD000242,NOD000596,2308.0,135.0482
NOD000242,NOD000597,1702.0,99.5892
NOD000242,NOD000598,2217.0,129.7235
NOD000242,NOD000599,1678.0,98.1849
NOD000242,NOD000601,1700.0,99.4722
NOD000242,NOD000603,1700.0,99.4722
NOD000242,NOD000607,1834.0,107.313
NOD000242,NOD000611,1700.0,99.4722
NOD000242,NOD000612,3610.0,211.2322
NOD000242,NOD000622,1694.0,99.1211
NOD000242,NOD000632,1848.0,108.1322
NOD000242,NOD000645,1702.0,99.5892
NOD000242,NOD000647,1678.0,98.1849
NOD000242,NOD000677,1700.0,99.4722
NOD000242,NOD000678,1816.0,106.2597
NOD000242,NOD000696,1694.0,99.1211
NOD000242,NOD000706,1678.0,98.1849
NOD000242,NOD000777,2086.0,122.0583
NOD000242,NOD000779,1694.0,99.1211
NOD000242,NOD000780,1694.0,99.1211
NOD000242,NOD000781,1828.0,106.9619
NOD000242,NOD000785,1922.0,112.4621
NOD000242,NOD000786,1700.0,99.4722
NOD000242,NOD000789,1694.0,99.1211
NOD000242,NOD000790,1694.0,99.1211
NOD000242,NOD000794,690.0,40.374
NOD000242,NOD000795,1694.0,99.1211
NOD000245,NOD000592,149.0,8.7184
NOD000245,NOD000593,148.0,8.6599
NOD000245,NOD000594,148.0,8.6599
NOD000245,NOD000596,508.0,29.7246
NOD000245,NOD000597,149.0,8.7184
NOD000245,NOD000598,711.0,41.6028
NOD000245,NOD000599,566.0,33.1184
NOD000245,NOD000601,154.0,9.011
NOD000245,NOD000603,154.0,9.011
NOD000245,NOD000607,278.0,16.2666
NOD000245,NOD000611,154.0,9.011
NOD000245,NOD000612,2054.0,120.1858
NOD000245,NOD000622,1096.0,64.1303
NOD000245,NOD000632,16.0,0.9362
NOD000245,NOD000645,149.0,8.7184
NOD000245,NOD000647,154.0,9.011
NOD000245,NOD000677,149.0,8.7184
NOD000245,NOD000678,16.0,0.9362
NOD000245,NOD000696,148.0,8.6599
NOD000245,NOD000706,711.0,41.6028
NOD000245,NOD000777,566.0,33.1184
NOD000245,NOD000779,138.0,8.0748
NOD000245,NOD000780,141.0,8.2503
NOD000245,NOD000781,272.0,15.9156
NOD000245,NOD000785,376.0,22.0009
NOD000245,NOD000786,149.0,8.7184
NOD000245,NOD000789,148.0,8.6599
NOD000245,NOD000790,711.0,41.6028
NOD000245,NOD000794,1142.0,66.8219
NOD000245,NOD000795,148.0,8.6599
NOD000246,NOD000592,149.0,8.7184
NOD000246,NOD000593,148.0,8.6599
NOD000246,NOD000594,148.0,8.6599
NOD000246,NOD000596,508.0,29.7246
NOD000246,NOD000597,149.0,8.7184
NOD000246,NOD000598,711.0,41.6028
NOD000246,NOD000599,566.0,33.1184
NOD000246,NOD000601,154.0,9.011
NOD000246,NOD000603,154.0,9.011
NOD000246,NOD000607,278.0,16.2666
NOD000246,NOD000611,154.0,9.011
NOD000246,NOD000612,2054.0,120.1858
NOD000246,NOD000622,1096.0,64.1303
NOD000246,NOD000632,48.0,2.8086
NOD000246,NOD000645,149.0,8.7184
NOD000246,NOD000647,154.0,9.011
NOD000246,NOD000677,149.0,8.7184
NOD000246,NOD000678,16.0,0.9362
NOD000246,NOD000696,148.0,8.6599
NOD000246,NOD000706,711.0,41.6028
NOD000246,NOD000777,566.0,33.1184
NOD000246,NOD000779,138.0,8.0748
NOD000246,NOD000780,141.0,8.2503
NOD000246,NOD000781,272.0,15.9156
NOD000246,NOD000785,376.0,22.0009
NOD000246,NOD000786,149.0,8.7184
NOD000246,NOD000789,148.0,8.6599
NOD000246,NOD000790,711.0,41.6028
NOD000246,NOD000794,1142.0,66.8219
NOD000246,NOD000795,148.0,8.6599
NOD000265,NOD000592,776.0,45.4061
NOD000265,NOD000593,784.0,45.8742
NOD000265,NOD000594,784.0,45.8742
NOD000265,NOD000596,1393.0,81.5087
NOD000265,NOD000597,768.0,44.938
NOD000265,NOD000598,1301.0,76.1255
NOD000265,NOD000599,768.0,44.938
NOD000265,NOD000601,768.0,44.938
NOD000265,NOD000603,790.0,46.2253
NOD000265,NOD000607,924.0,54.0661
NOD000265,NOD000611,790.0,46.2253
NOD000265,NOD000612,2700.0,157.9853
NOD000265,NOD000622,1756.0,102.749
NOD000265,NOD000632,933.0,54.5927
NOD000265,NOD000645,768.0,44.938
NOD000265,NOD000647,790.0,46.2253
NOD000265,NOD000677,776.0,45.4061
NOD000265,NOD000678,901.0,52.7203
NOD000265,NOD000696,778.0,45.5232
NOD000265,NOD000706,1309.0,76.5936
NOD000265,NOD000777,768.0,44.938
NOD000265,NOD000779,784.0,45.8742
NOD000265,NOD000780,776.0,45.4061
NOD000265,NOD000781,918.0,53.715
NOD000265,NOD000785,1012.0,59.2152
NOD000265,NOD000786,776.0,45.4061
NOD000265,NOD000789,784.0,45.8742
NOD000265,NOD000790,1308.0,76.5351
NOD000265,NOD000794,1756.0,102.749
NOD000265,NOD000795,784.0,45.8742
NOD000266,NOD000592,675.0,39.4963
NOD000266,NOD000593,674.0,39.4378
NOD000266,NOD000594,674.0,39.4378
NOD000266,NOD000596,542.0,31.7141
NOD000266,NOD000597,675.0,39.4963
NOD000266,NOD000598,1237.0,72.3807
NOD000266,NOD000599,1092.0,63.8963
NOD000266,NOD000601,680.0,39.7889
NOD000266,NOD000603,680.0,39.7889
NOD000266,NOD000607,804.0,47.0445
NOD000266,NOD000611,680.0,39.7889
NOD000266,NOD000612,2580.0,150.9637
NOD000266,NOD000622,1622.0,94.9082
NOD000266,NOD000632,574.0,33.5865
NOD000266,NOD000645,675.0,39.4963
NOD000266,NOD000647,680.0,39.7889
NOD000266,NOD000677,675.0,39.4963
NOD000266,NOD000678,542.0,31.7141
NOD000266,NOD000696,674.0,39.4378
NOD000266,NOD000706,1237.0,72.3807
NOD000266,NOD000777,1092.0,63.8963
NOD000266,NOD000779,664.0,38.8527
NOD000266,NOD000780,667.0,39.0282
NOD000266,NOD000781,798.0,46.6934
NOD000266,NOD000785,902.0,52.7788
NOD000266,NOD000786,675.0,39.4963
NOD000266,NOD000789,674.0,39.4378
NOD000266,NOD000790,1237.0,72.3807
NOD000266,NOD000794,1668.0,97.5998
NOD000266,NOD000795,674.0,39.4378
NOD000271,NOD000592,541.0,31.6556
NOD000271,NOD000593,551.0,32.2407
NOD000271,NOD000594,551.0,32.2407
NOD000271,NOD000596,1158.0,67.7581
NOD000271,NOD000597,541.0,31.6556
NOD000271,NOD000598,1084.0,63.4282
NOD000271,NOD000599,533.0,31.1875
NOD000271,NOD000601,557.0,32.5918
NOD000271,NOD000603,557.0,32.5918
NOD000271,NOD000607,691.0,40.4325
NOD000271,NOD000611,557.0,32.5918
NOD000271,NOD000612,2467.0,144.3517
NOD000271,NOD000622,1521.0,88.9984
NOD000271,NOD000632,698.0,40.8421
NOD000271,NOD000645,533.0,31.1875
NOD000271,NOD000647,557.0,32.5918
NOD000271,NOD000677,541.0,31.6556
NOD000271,NOD000678,666.0,38.9697
NOD000271,NOD000696,551.0,32.2407
NOD000271,NOD000706,1091.0,63.8378
NOD000271,NOD000777,533.0,31.1875
NOD000271,NOD000779,551.0,32.2407
NOD000271,NOD000780,541.0,31.6556
NOD000271,NOD000781,685.0,40.0815
NOD000271,NOD000785,779.0,45.5817
NOD000271,NOD000786,541.0,31.6556
NOD000271,NOD000789,551.0,32.2407
NOD000271,NOD000790,1091.0,63.8378
NOD000271,NOD000794,1521.0,88.9984
NOD000271,NOD000795,551.0,32.2407
NOD000284,NOD000592,621.0,36.3366
NOD000284,NOD000593,613.0,35.8685
NOD000284,NOD000594,613.0,35.8685
NOD000284,NOD000596,1025.0,59.9759
NOD000284,NOD000597,621.0,36.3366
NOD000284,NOD000598,1176.0,68.8114
NOD000284,NOD000599,1031.0,60.327
NOD000284,NOD000601,619.0,36.2196
NOD000284,NOD000603,619.0,36.2196
NOD000284,NOD000607,753.0,44.0603
NOD000284,NOD000611,619.0,36.2196
NOD000284,NOD000612,2529.0,147.9796
NOD000284,NOD000622,1607.0,94.0305
NOD000284,NOD000632,533.0,31.1875
NOD000284,NOD000645,621.0,36.3366
NOD000284,NOD000647,619.0,36.2196
NOD000284,NOD000677,619.0,36.2196
NOD000284,NOD000678,533.0,31.1875
NOD000284,NOD000696,613.0,35.8685
NOD000284,NOD000706,1181.0,69.1039
NOD000284,NOD000777,1031.0,60.327
NOD000284,NOD000779,613.0,35.8685
NOD000284,NOD000780,613.0,35.8685
NOD000284,NOD000781,747.0,43.7093
NOD000284,NOD000785,831.0,48.6244
NOD000284,NOD000786,619.0,36.2196
NOD000284,NOD000789,603.0,35.2834
NOD000284,NOD000790,1181.0,69.1039
NOD000284,NOD000794,1607.0,94.0305
NOD000284,NOD000795,613.0,35.8685
NOD000285,NOD000592,648.0,37.9165
NOD000285,NOD000593,645.0,37.7409
NOD000285,NOD000594,645.0,37.7409
NOD000285,NOD000596,1080.0,63.1941
NOD000285,NOD000597,648.0,37.9165
NOD000285,NOD000598,1108.0,64.8325
NOD000285,NOD000599,963.0,56.3481
NOD000285,NOD000601,651.0,38.092
NOD000285,NOD000603,651.0,38.092
NOD000285,NOD000607,785.0,45.9328
NOD000285,NOD000611,651.0,38.092
NOD000285,NOD000612,2561.0,149.852
NOD000285,NOD000622,1639.0,95.9029
NOD000285,NOD000632,588.0,34.4057
NOD000285,NOD000645,641.0,37.5069
NOD000285,NOD000647,651.0,38.092
NOD000285,NOD000677,648.0,37.9165
NOD000285,NOD000678,588.0,34.4057
NOD000285,NOD000696,645.0,37.7409
NOD000285,NOD000706,1116.0,65.3006
NOD000285,NOD000777,963.0,56.3481
NOD000285,NOD000779,645.0,37.7409
NOD000285,NOD000780,645.0,37.7409
NOD000285,NOD000781,779.0,45.5817
NOD000285,NOD000785,873.0,51.0819
NOD000285,NOD000786,648.0,37.9165
NOD000285,NOD000789,645.0,37.7409
NOD000285,NOD000790,1115.0,65.2421
NOD000285,NOD000794,1639.0,95.9029
NOD000285,NOD000795,645.0,37.7409
NOD000288,NOD000592,1485.0,86.8919
NOD000288,NOD000593,1484.0,86.8334
NOD000288,NOD000594,1484.0,86.8334
NOD000288,NOD000596,1844.0,107.8981
NOD000288,NOD000597,1485.0,86.8919
NOD000288,NOD000598,2047.0,119.7763
NOD000288,NOD000599,1902.0,111.2919
NOD000288,NOD000601,1490.0,87.1845
NOD000288,NOD000603,1490.0,87.1845
NOD000288,NOD000607,1614.0,94.4401
NOD000288,NOD000611,1490.0,87.1845
NOD000288,NOD000612,3390.0,198.3593
NOD000288,NOD000622,2432.0,142.3038
NOD000288,NOD000632,1320.0,77.2373
NOD000288,NOD000645,1485.0,86.8919
NOD000288,NOD000647,1490.0,87.1845
NOD000288,NOD000677,1485.0,86.8919
NOD000288,NOD000678,1352.0,79.1097
NOD000288,NOD000696,1484.0,86.8334
NOD000288,NOD000706,2047.0,119.7763
NOD000288,NOD000777,1902.0,111.2919
NOD000288,NOD000779,1474.0,86.2483
NOD000288,NOD000780,1477.0,86.4238
NOD000288,NOD000781,1608.0,94.089
NOD000288,NOD000785,1712.0,100.1744
NOD000288,NOD000786,1485.0,86.8919
NOD000288,NOD000789,1484.0,86.8334
NOD000288,NOD000790,2047.0,119.7763
NOD000288,NOD000794,2478.0,144.9954
NOD000288,NOD000795,1484.0,86.8334
NOD000289,NOD000592,1371.0,80.2214
NOD000289,NOD000593,1353.0,79.1682
NOD000289,NOD000594,1363.0,79.7533
NOD000289,NOD000596,1977.0,115.6803
NOD000289,NOD000597,1371.0,80.2214
NOD000289,NOD000598,1926.0,112.6962
NOD000289,NOD000599,1781.0,104.2118
NOD000289,NOD000601,1369.0,80.1044
NOD000289,NOD000603,1369.0,80.1044
NOD000289,NOD000607,1503.0,87.9451
NOD000289,NOD000611,1369.0,80.1044
NOD000289,NOD000612,3279.0,191.8644
NOD000289,NOD000622,2357.0,137.9153
NOD000289,NOD000632,1517.0,88.7643
NOD000289,NOD000645,1371.0,80.2214
NOD000289,NOD000647,1369.0,80.1044
NOD000289,NOD000677,1369.0,80.1044
NOD000289,NOD000678,1485.0,86.8919
NOD000289,NOD000696,1363.0,79.7533
NOD000289,NOD000706,1931.0,112.9887
NOD000289,NOD000777,1781.0,104.2118
NOD000289,NOD000779,1363.0,79.7533
NOD000289,NOD000780,1363.0,79.7533
NOD000289,NOD000781,1497.0,87.5941
NOD000289,NOD000785,1591.0,93.0943
NOD000289,NOD000786,1369.0,80.1044
NOD000289,NOD000789,1363.0,79.7533
NOD000289,NOD000790,1931.0,112.9887
NOD000289,NOD000794,2357.0,137.9153
NOD000289,NOD000795,1363.0,79.7533
NOD000291,NOD000592,1516.0,88.7058
NOD000291,NOD000593,1524.0,89.1739
NOD000291,NOD000594,1524.0,89.1739
NOD000291,NOD000596,2133.0,124.8084
NOD000291,NOD000597,1516.0,88.7058
NOD000291,NOD000598,1469.0,85.9557
NOD000291,NOD000599,1647.0,96.371
NOD000291,NOD000601,1530.0,89.525
NOD000291,NOD000603,1530.0,89.525
NOD000291,NOD000607,1664.0,97.3658
NOD000291,NOD000611,1530.0,89.525
NOD000291,NOD000612,3440.0,201.285
NOD000291,NOD000622,1950.0,114.1005
NOD000291,NOD000632,1673.0,97.8924
NOD000291,NOD000645,1508.0,88.2377
NOD000291,NOD000647,1530.0,89.525
NOD000291,NOD000677,1516.0,88.7058
NOD000291,NOD000678,1641.0,96.0199
NOD000291,NOD000696,1524.0,89.1739
NOD000291,NOD000706,1508.0,88.2377
NOD000291,NOD000777,1504.0,88.0037
NOD000291,NOD000779,1524.0,89.1739
NOD000291,NOD000780,1516.0,88.7058
NOD000291,NOD000781,1658.0,97.0147
NOD000291,NOD000785,1752.0,102.5149
NOD000291,NOD000786,1508.0,88.2377
NOD000291,NOD000789,1524.0,89.1739
NOD000291,NOD000790,946.0,55.3534
NOD000291,NOD000794,1950.0,114.1005
NOD000291,NOD000795,1524.0,89.1739
NOD000292,NOD000592,961.0,56.2311
NOD000292,NOD000593,960.0,56.1725
NOD000292,NOD000594,960.0,56.1725
NOD000292,NOD000596,1320.0,77.2373
NOD000292,NOD000597,961.0,56.2311
NOD000292,NOD000598,1523.0,89.1154
NOD000292,NOD000599,1378.0,80.631
NOD000292,NOD000601,966.0,56.5236
NOD000292,NOD000603,966.0,56.5236
NOD000292,NOD000607,1090.0,63.7792
NOD000292,NOD000611,966.0,56.5236
NOD000292,NOD000612,2866.0,167.6985
NOD000292,NOD000622,1908.0,111.6429
NOD000292,NOD000632,860.0,50.3212
NOD000292,NOD000645,961.0,56.2311
NOD000292,NOD000647,966.0,56.5236
NOD000292,NOD000677,961.0,56.2311
NOD000292,NOD000678,828.0,48.4488
NOD000292,NOD000696,960.0,56.1725
NOD000292,NOD000706,1523.0,89.1154
NOD000292,NOD000777,1378.0,80.631
NOD000292,NOD000779,950.0,55.5874
NOD000292,NOD000780,953.0,55.763
NOD000292,NOD000781,1084.0,63.4282
NOD000292,NOD000785,1188.0,69.5135
NOD000292,NOD000786,961.0,56.2311
NOD000292,NOD000789,960.0,56.1725
NOD000292,NOD000790,1523.0,89.1154
NOD000292,NOD000794,1954.0,114.3345
NOD000292,NOD000795,960.0,56.1725
NOD000296,NOD000592,1057.0,61.8483
NOD000296,NOD000593,1049.0,61.3802
NOD000296,NOD000594,1049.0,61.3802
NOD000296,NOD000596,1653.0,96.7221
NOD000296,NOD000597,1057.0,61.8483
NOD000296,NOD000598,1612.0,94.3231
NOD000296,NOD000599,1467.0,85.8387
NOD000296,NOD000601,1055.0,61.7313
NOD000296,NOD000603,1055.0,61.7313
NOD000296,NOD000607,1179.0,68.9869
NOD000296,NOD000611,1055.0,61.7313
NOD000296,NOD000612,2955.0,172.9061
NOD000296,NOD000622,2043.0,119.5422
NOD000296,NOD000632,1193.0,69.8061
NOD000296,NOD000645,1057.0,61.8483
NOD000296,NOD000647,1055.0,61.7313
NOD000296,NOD000677,1055.0,61.7313
NOD000296,NOD000678,1161.0,67.9337
NOD000296,NOD000696,1049.0,61.3802
NOD000296,NOD000706,1617.0,94.6156
NOD000296,NOD000777,1467.0,85.8387
NOD000296,NOD000779,1039.0,60.7951
NOD000296,NOD000780,1049.0,61.3802
NOD000296,NOD000781,1173.0,68.6358
NOD000296,NOD000785,1277.0,74.7212
NOD000296,NOD000786,1055.0,61.7313
NOD000296,NOD000789,1049.0,61.3802
NOD000296,NOD000790,1617.0,94.6156
NOD000296,NOD000794,2043.0,119.5422
NOD000296,NOD000795,1049.0,61.3802
NOD000307,NOD000592,896.0,52.4277
NOD000307,NOD000593,898.0,52.5447
NOD000307,NOD000594,898.0,52.5447
NOD000307,NOD000596,1505.0,88.0622
NOD000307,NOD000597,896.0,52.4277
NOD000307,NOD000598,1392.0,81.4502
NOD000307,NOD000599,1247.0,72.9658
NOD000307,NOD000601,904.0,52.8958
NOD000307,NOD000603,904.0,52.8958
NOD000307,NOD000607,888.0,51.9596
NOD000307,NOD000611,904.0,52.8958
NOD000307,NOD000612,2670.0,156.2299
NOD000307,NOD000622,1885.0,110.2971
NOD000307,NOD000632,1045.0,61.1462
NOD000307,NOD000645,896.0,52.4277
NOD000307,NOD000647,904.0,52.8958
NOD000307,NOD000677,888.0,51.9596
NOD000307,NOD000678,1013.0,59.2737
NOD000307,NOD000696,898.0,52.5447
NOD000307,NOD000706,897.0,52.4862
NOD000307,NOD000777,1247.0,72.9658
NOD000307,NOD000779,897.0,52.4862
NOD000307,NOD000780,888.0,51.9596
NOD000307,NOD000781,888.0,51.9596
NOD000307,NOD000785,1126.0,65.8857
NOD000307,NOD000786,888.0,51.9596
NOD000307,NOD000789,898.0,52.5447
NOD000307,NOD000790,1399.0,81.8598
NOD000307,NOD000794,1885.0,110.2971
NOD000307,NOD000795,898.0,52.5447
NOD000316,NOD000592,835.0,48.8584
NOD000316,NOD000593,837.0,48.9754
NOD000316,NOD000594,837.0,48.9754
NOD000316,NOD000596,1444.0,84.4929
NOD000316,NOD000597,835.0,48.8584
NOD000316,NOD000598,1400.0,81.9183
NOD000316,NOD000599,1255.0,73.4339
NOD000316,NOD000601,843.0,49.3265
NOD000316,NOD000603,843.0,49.3265
NOD000316,NOD000607,977.0,57.1673
NOD000316,NOD000611,843.0,49.3265
NOD000316,NOD000612,2753.0,161.0865
NOD000316,NOD000622,1831.0,107.1374
NOD000316,NOD000632,984.0,57.5769
NOD000316,NOD000645,835.0,48.8584
NOD000316,NOD000647,843.0,49.3265
NOD000316,NOD000677,835.0,48.8584
NOD000316,NOD000678,952.0,55.7044
NOD000316,NOD000696,837.0,48.9754
NOD000316,NOD000706,1397.0,81.7428
NOD000316,NOD000777,1255.0,73.4339
NOD000316,NOD000779,837.0,48.9754
NOD000316,NOD000780,827.0,48.3903
NOD000316,NOD000781,971.0,56.8162
NOD000316,NOD000785,1065.0,62.3164
NOD000316,NOD000786,835.0,48.8584
NOD000316,NOD000789,837.0,48.9754
NOD000316,NOD000790,1397.0,81.7428
NOD000316,NOD000794,1831.0,107.1374
NOD000316,NOD000795,837.0,48.9754
NOD000321,NOD000592,933.0,54.5927
NOD000321,NOD000593,925.0,54.1246
NOD000321,NOD000594,915.0,53.5395
NOD000321,NOD000596,1529.0,89.4665
NOD000321,NOD000597,933.0,54.5927
NOD000321,NOD000598,1488.0,87.0674
NOD000321,NOD000599,1343.0,78.5831
NOD000321,NOD000601,931.0,54.4757
NOD000321,NOD000603,931.0,54.4757
NOD000321,NOD000607,787.0,46.0498
NOD000321,NOD000611,931.0,54.4757
NOD000321,NOD000612,2563.0,149.969
NOD000321,NOD000622,1919.0,112.2866
NOD000321,NOD000632,1069.0,62.5505
NOD000321,NOD000645,933.0,54.5927
NOD000321,NOD000647,931.0,54.4757
NOD000321,NOD000677,931.0,54.4757
NOD000321,NOD000678,1037.0,60.6781
NOD000321,NOD000696,925.0,54.1246
NOD000321,NOD000706,1493.0,87.36
NOD000321,NOD000777,1343.0,78.5831
NOD000321,NOD000779,915.0,53.5395
NOD000321,NOD000780,925.0,54.1246
NOD000321,NOD000781,781.0,45.6987
NOD000321,NOD000785,1153.0,67.4656
NOD000321,NOD000786,931.0,54.4757
NOD000321,NOD000789,925.0,54.1246
NOD000321,NOD000790,1493.0,87.36
NOD000321,NOD000794,1919.0,112.2866
NOD000321,NOD000795,925.0,54.1246
NOD000322,NOD000592,1123.0,65.7102
NOD000322,NOD000593,1122.0,65.6517
NOD000322,NOD000594,1122.0,65.6517
NOD000322,NOD000596,1482.0,86.7164
NOD000322,NOD000597,1123.0,65.7102
NOD000322,NOD000598,1685.0,98.5945
NOD000322,NOD000599,1540.0,90.1101
NOD000322,NOD000601,1128.0,66.0027
NOD000322,NOD000603,1128.0,66.0027
NOD000322,NOD000607,1252.0,73.2584
NOD000322,NOD000611,1128.0,66.0027
NOD000322,NOD000612,3028.0,177.1776
NOD000322,NOD000622,2070.0,121.1221
NOD000322,NOD000632,1022.0,59.8004
NOD000322,NOD000645,1123.0,65.7102
NOD000322,NOD000647,1128.0,66.0027
NOD000322,NOD000677,1123.0,65.7102
NOD000322,NOD000678,990.0,57.9279
NOD000322,NOD000696,1122.0,65.6517
NOD000322,NOD000706,1685.0,98.5945
NOD000322,NOD000777,1540.0,90.1101
NOD000322,NOD000779,1112.0,65.0665
NOD000322,NOD000780,1115.0,65.2421
NOD000322,NOD000781,1246.0,72.9073
NOD000322,NOD000785,1350.0,78.9926
NOD000322,NOD000786,1123.0,65.7102
NOD000322,NOD000789,1122.0,65.6517
NOD000322,NOD000790,1685.0,98.5945
NOD000322,NOD000794,2116.0,123.8137
NOD000322,NOD000795,1122.0,65.6517
NOD000326,NOD000592,1058.0,61.9068
NOD000326,NOD000593,1055.0,61.7313
NOD000326,NOD000594,1055.0,61.7313
NOD000326,NOD000596,1669.0,97.6583
NOD000326,NOD000597,1058.0,61.9068
NOD000326,NOD000598,1373.0,80.3384
NOD000326,NOD000599,1077.0,63.0186
NOD000326,NOD000601,1061.0,62.0824
NOD000326,NOD000603,1061.0,62.0824
NOD000326,NOD000607,1195.0,69.9231
NOD000326,NOD000611,1061.0,62.0824
NOD000326,NOD000612,2971.0,173.8423
NOD000326,NOD000622,1695.0,99.1797
NOD000326,NOD000632,1209.0,70.7423
NOD000326,NOD000645,1051.0,61.4972
NOD000326,NOD000647,1061.0,62.0824
NOD000326,NOD000677,1058.0,61.9068
NOD000326,NOD000678,1177.0,68.8699
NOD000326,NOD000696,1055.0,61.7313
NOD000326,NOD000706,1185.0,69.338
NOD000326,NOD000777,627.0,36.6877
NOD000326,NOD000779,1055.0,61.7313
NOD000326,NOD000780,1055.0,61.7313
NOD000326,NOD000781,1189.0,69.572
NOD000326,NOD000785,1283.0,75.0723
NOD000326,NOD000786,1058.0,61.9068
NOD000326,NOD000789,1055.0,61.7313
NOD000326,NOD000790,1185.0,69.338
NOD000326,NOD000794,2023.0,118.3719
NOD000326,NOD000795,1055.0,61.7313
NOD000335,NOD000592,510.0,29.8417
NOD000335,NOD000593,502.0,29.3736
NOD000335,NOD000594,502.0,29.3736
NOD000335,NOD000596,1116.0,65.3006
NOD000335,NOD000597,510.0,29.8417
NOD000335,NOD000598,1025.0,59.9759
NOD000335,NOD000599,486.0,28.4374
NOD000335,NOD000601,508.0,29.7246
NOD000335,NOD000603,508.0,29.7246
NOD000335,NOD000607,642.0,37.5654
NOD000335,NOD000611,508.0,29.7246
NOD000335,NOD000612,2418.0,141.4846
NOD000335,NOD000622,502.0,29.3736
NOD000335,NOD000632,656.0,38.3846
NOD000335,NOD000645,510.0,29.8417
NOD000335,NOD000647,486.0,28.4374
NOD000335,NOD000677,508.0,29.7246
NOD000335,NOD000678,624.0,36.5122
NOD000335,NOD000696,502.0,29.3736
NOD000335,NOD000706,486.0,28.4374
NOD000335,NOD000777,920.0,53.832
NOD000335,NOD000779,502.0,29.3736
NOD000335,NOD000780,502.0,29.3736
NOD000335,NOD000781,636.0,37.2143
NOD000335,NOD000785,730.0,42.7145
NOD000335,NOD000786,508.0,29.7246
NOD000335,NOD000789,502.0,29.3736
NOD000335,NOD000790,502.0,29.3736
NOD000335,NOD000794,502.0,29.3736
NOD000335,NOD000795,502.0,29.3736
NOD000338,NOD000592,1082.0,63.3111
NOD000338,NOD000593,1079.0,63.1356
NOD000338,NOD000594,1079.0,63.1356
NOD000338,NOD000596,1693.0,99.0626
NOD000338,NOD000597,1082.0,63.3111
NOD000338,NOD000598,1397.0,81.7428
NOD000338,NOD000599,1101.0,64.4229
NOD000338,NOD000601,1085.0,63.4867
NOD000338,NOD000603,1085.0,63.4867
NOD000338,NOD000607,1219.0,71.3274
NOD000338,NOD000611,1085.0,63.4867
NOD000338,NOD000612,2995.0,175.2466
NOD000338,NOD000622,1719.0,100.584
NOD000338,NOD000632,1233.0,72.1466
NOD000338,NOD000645,1075.0,62.9016
NOD000338,NOD000647,1085.0,63.4867
NOD000338,NOD000677,1082.0,63.3111
NOD000338,NOD000678,1201.0,70.2742
NOD000338,NOD000696,1079.0,63.1356
NOD000338,NOD000706,1209.0,70.7423
NOD000338,NOD000777,651.0,38.092
NOD000338,NOD000779,1079.0,63.1356
NOD000338,NOD000780,1079.0,63.1356
NOD000338,NOD000781,1213.0,70.9764
NOD000338,NOD000785,1307.0,76.4766
NOD000338,NOD000786,1082.0,63.3111
NOD000338,NOD000789,1079.0,63.1356
NOD000338,NOD000790,1209.0,70.7423
NOD000338,NOD000794,2047.0,119.7763
NOD000338,NOD000795,1079.0,63.1356
NOD000339,NOD000592,744.0,43.5337
NOD000339,NOD000593,743.0,43.4752
NOD000339,NOD000594,743.0,43.4752
NOD000339,NOD000596,1103.0,64.5399
NOD000339,NOD000597,744.0,43.5337
NOD000339,NOD000598,1306.0,76.4181
NOD000339,NOD000599,1161.0,67.9337
NOD000339,NOD000601,749.0,43.8263
NOD000339,NOD000603,749.0,43.8263
NOD000339,NOD000607,873.0,51.0819
NOD000339,NOD000611,749.0,43.8263
NOD000339,NOD000612,2649.0,155.0011
NOD000339,NOD000622,1691.0,98.9456
NOD000339,NOD000632,643.0,37.6239
NOD000339,NOD000645,744.0,43.5337
NOD000339,NOD000647,749.0,43.8263
NOD000339,NOD000677,744.0,43.5337
NOD000339,NOD000678,611.0,35.7515
NOD000339,NOD000696,743.0,43.4752
NOD000339,NOD000706,1306.0,76.4181
NOD000339,NOD000777,1161.0,67.9337
NOD000339,NOD000779,733.0,42.8901
NOD000339,NOD000780,736.0,43.0656
NOD000339,NOD000781,867.0,50.7308
NOD000339,NOD000785,971.0,56.8162
NOD000339,NOD000786,744.0,43.5337
NOD000339,NOD000789,743.0,43.4752
NOD000339,NOD000790,1306.0,76.4181
NOD000339,NOD000794,1737.0,101.6372
NOD000339,NOD000795,743.0,43.4752
NOD000340,NOD000592,768.0,44.938
NOD000340,NOD000593,767.0,44.8795
NOD000340,NOD000594,767.0,44.8795
NOD000340,NOD000596,1127.0,65.9442
NOD000340,NOD000597,768.0,44.938
NOD000340,NOD000598,1330.0,77.8224
NOD000340,NOD000599,1185.0,69.338
NOD000340,NOD000601,773.0,45.2306
NOD000340,NOD000603,773.0,45.2306
NOD000340,NOD000607,897.0,52.4862
NOD000340,NOD000611,773.0,45.2306
NOD000340,NOD000612,2673.0,156.4054
NOD000340,NOD000622,1715.0,100.3499
NOD000340,NOD000632,667.0,39.0282
NOD000340,NOD000645,768.0,44.938
NOD000340,NOD000647,773.0,45.2306
NOD000340,NOD000677,768.0,44.938
NOD000340,NOD000678,635.0,37.1558
NOD000340,NOD000696,767.0,44.8795
NOD000340,NOD000706,1330.0,77.8224
NOD000340,NOD000777,1185.0,69.338
NOD000340,NOD000779,757.0,44.2944
NOD000340,NOD000780,760.0,44.4699
NOD000340,NOD000781,891.0,52.1351
NOD000340,NOD000785,995.0,58.2205
NOD000340,NOD000786,768.0,44.938
NOD000340,NOD000789,767.0,44.8795
NOD000340,NOD000790,1330.0,77.8224
NOD000340,NOD000794,1761.0,103.0415
NOD000340,NOD000795,767.0,44.8795
NOD000341,NOD000592,564.0,33.0014
NOD000341,NOD000593,556.0,32.5333
NOD000341,NOD000594,556.0,32.5333
NOD000341,NOD000596,1032.0,60.3855
NOD000341,NOD000597,564.0,33.0014
NOD000341,NOD000598,1053.0,61.6143
NOD000341,NOD000599,528.0,30.8949
NOD000341,NOD000601,562.0,32.8843
NOD000341,NOD000603,562.0,32.8843
NOD000341,NOD000607,696.0,40.7251
NOD000341,NOD000611,562.0,32.8843
NOD000341,NOD000612,2472.0,144.6443
NOD000341,NOD000622,540.0,31.5971
NOD000341,NOD000632,572.0,33.4695
NOD000341,NOD000645,564.0,33.0014
NOD000341,NOD000647,540.0,31.5971
NOD000341,NOD000677,562.0,32.8843
NOD000341,NOD000678,540.0,31.5971
NOD000341,NOD000696,556.0,32.5333
NOD000341,NOD000706,1061.0,62.0824
NOD000341,NOD000777,528.0,30.8949
NOD000341,NOD000779,556.0,32.5333
NOD000341,NOD000780,556.0,32.5333
NOD000341,NOD000781,690.0,40.374
NOD000341,NOD000785,784.0,45.8742
NOD000341,NOD000786,562.0,32.8843
NOD000341,NOD000789,556.0,32.5333
NOD000341,NOD000790,540.0,31.5971
NOD000341,NOD000794,1516.0,88.7058
NOD000341,NOD000795,556.0,32.5333
NOD000360,NOD000592,1313.0,76.8277
NOD000360,NOD000593,1315.0,76.9447
NOD000360,NOD000594,1315.0,76.9447
NOD000360,NOD000596,1919.0,112.2866
NOD000360,NOD000597,1305.0,76.3596
NOD000360,NOD000598,1874.0,109.6535
NOD000360,NOD000599,1729.0,101.1691
NOD000360,NOD000601,1321.0,77.2958
NOD000360,NOD000603,1321.0,77.2958
NOD000360,NOD000607,1445.0,84.5514
NOD000360,NOD000611,1321.0,77.2958
NOD000360,NOD000612,3221.0,188.4706
NOD000360,NOD000622,2309.0,135.1067
NOD000360,NOD000632,1459.0,85.3706
NOD000360,NOD000645,1305.0,76.3596
NOD000360,NOD000647,1321.0,77.2958
NOD000360,NOD000677,1313.0,76.8277
NOD000360,NOD000678,1427.0,83.4982
NOD000360,NOD000696,1315.0,76.9447
NOD000360,NOD000706,1867.0,109.2439
NOD000360,NOD000777,1729.0,101.1691
NOD000360,NOD000779,1305.0,76.3596
NOD000360,NOD000780,1313.0,76.8277
NOD000360,NOD000781,1439.0,84.2003
NOD000360,NOD000785,1543.0,90.2857
NOD000360,NOD000786,1313.0,76.8277
NOD000360,NOD000789,1315.0,76.9447
NOD000360,NOD000790,1867.0,109.2439
NOD000360,NOD000794,2309.0,135.1067
NOD000360,NOD000795,1315.0,76.9447
NOD000363,NOD000592,1028.0,60.1514
NOD000363,NOD000593,1036.0,60.6195
NOD000363,NOD000594,1036.0,60.6195
NOD000363,NOD000596,1512.0,88.4718
NOD000363,NOD000597,1028.0,60.1514
NOD000363,NOD000598,1596.0,93.3869
NOD000363,NOD000599,1451.0,84.9025
NOD000363,NOD000601,1042.0,60.9706
NOD000363,NOD000603,1042.0,60.9706
NOD000363,NOD000607,1176.0,68.8114
NOD000363,NOD000611,1042.0,60.9706
NOD000363,NOD000612,2952.0,172.7306
NOD000363,NOD000622,2030.0,118.7815
NOD000363,NOD000632,1052.0,61.5558
NOD000363,NOD000645,1028.0,60.1514
NOD000363,NOD000647,1042.0,60.9706
NOD000363,NOD000677,1028.0,60.1514
NOD000363,NOD000678,1020.0,59.6833
NOD000363,NOD000696,1036.0,60.6195
NOD000363,NOD000706,1582.0,92.5677
NOD000363,NOD000777,1451.0,84.9025
NOD000363,NOD000779,1036.0,60.6195
NOD000363,NOD000780,1028.0,60.1514
NOD000363,NOD000781,1170.0,68.4603
NOD000363,NOD000785,1264.0,73.9605
NOD000363,NOD000786,1020.0,59.6833
NOD000363,NOD000789,1036.0,60.6195
NOD000363,NOD000790,1582.0,92.5677
NOD000363,NOD000794,2030.0,118.7815
NOD000363,NOD000795,1036.0,60.6195
NOD000364,NOD000592,537.0,31.4215
NOD000364,NOD000593,529.0,30.9534
NOD000364,NOD000594,529.0,30.9534
NOD000364,NOD000596,1011.0,59.1567
NOD000364,NOD000597,537.0,31.4215
NOD000364,NOD000598,1092.0,63.8963
NOD000364,NOD000599,947.0,55.4119
NOD000364,NOD000601,535.0,31.3045
NOD000364,NOD000603,535.0,31.3045
NOD000364,NOD000607,669.0,39.1452
NOD000364,NOD000611,535.0,31.3045
NOD000364,NOD000612,2445.0,143.0645
NOD000364,NOD000622,1523.0,89.1154
NOD000364,NOD000632,551.0,32.2407
NOD000364,NOD000645,537.0,31.4215
NOD000364,NOD000647,535.0,31.3045
NOD000364,NOD000677,535.0,31.3045
NOD000364,NOD000678,519.0,30.3683
NOD000364,NOD000696,529.0,30.9534
NOD000364,NOD000706,1097.0,64.1888
NOD000364,NOD000777,947.0,55.4119
NOD000364,NOD000779,529.0,30.9534
NOD000364,NOD000780,529.0,30.9534
NOD000364,NOD000781,663.0,38.7942
NOD000364,NOD000785,747.0,43.7093
NOD000364,NOD000786,535.0,31.3045
NOD000364,NOD000789,519.0,30.3683
NOD000364,NOD000790,1097.0,64.1888
NOD000364,NOD000794,1523.0,89.1154
NOD000364,NOD000795,529.0,30.9534
NOD000368,NOD000592,961.0,56.2311
NOD000368,NOD000593,960.0,56.1725
NOD000368,NOD000594,960.0,56.1725
NOD000368,NOD000596,1320.0,77.2373
NOD000368,NOD000597,961.0,56.2311
NOD000368,NOD000598,1523.0,89.1154
NOD000368,NOD000599,1378.0,80.631
NOD000368,NOD000601,966.0,56.5236
NOD000368,NOD000603,966.0,56.5236
NOD000368,NOD000607,1090.0,63.7792
NOD000368,NOD000611,966.0,56.5236
NOD000368,NOD000612,2866.0,167.6985
NOD000368,NOD000622,1908.0,111.6429
NOD000368,NOD000632,860.0,50.3212
NOD000368,NOD000645,961.0,56.2311
NOD000368,NOD000647,966.0,56.5236
NOD000368,NOD000677,961.0,56.2311
NOD000368,NOD000678,828.0,48.4488
NOD000368,NOD000696,960.0,56.1725
NOD000368,NOD000706,1523.0,89.1154
NOD000368,NOD000777,1378.0,80.631
NOD000368,NOD000779,950.0,55.5874
NOD000368,NOD000780,953.0,55.763
NOD000368,NOD000781,1084.0,63.4282
NOD000368,NOD000785,1188.0,69.5135
NOD000368,NOD000786,961.0,56.2311
NOD000368,NOD000789,960.0,56.1725
NOD000368,NOD000790,1523.0,89.1154
NOD000368,NOD000794,1954.0,114.3345
NOD000368,NOD000795,960.0,56.1725
NOD000371,NOD000592,2003.0,117.2017
NOD000371,NOD000593,2002.0,117.1432
NOD000371,NOD000594,2002.0,117.1432
NOD000371,NOD000596,1870.0,109.4194
NOD000371,NOD000597,2003.0,117.2017
NOD000371,NOD000598,2565.0,150.086
NOD000371,NOD000599,2420.0,141.6016
NOD000371,NOD000601,2008.0,117.4942
NOD000371,NOD000603,2008.0,117.4942
NOD000371,NOD000607,2132.0,124.7499
NOD000371,NOD000611,2008.0,117.4942
NOD000371,NOD000612,3908.0,228.6691
NOD000371,NOD000622,2950.0,172.6136
NOD000371,NOD000632,1902.0,111.2919
NOD000371,NOD000645,2003.0,117.2017
NOD000371,NOD000647,2008.0,117.4942
NOD000371,NOD000677,2003.0,117.2017
NOD000371,NOD000678,1870.0,109.4194
NOD000371,NOD000696,2002.0,117.1432
NOD000371,NOD000706,2565.0,150.086
NOD000371,NOD000777,2420.0,141.6016
NOD000371,NOD000779,1992.0,116.558
NOD000371,NOD000780,1995.0,116.7336
NOD000371,NOD000781,2126.0,124.3988
NOD000371,NOD000785,2230.0,130.4841
NOD000371,NOD000786,2003.0,117.2017
NOD000371,NOD000789,2002.0,117.1432
NOD000371,NOD000790,2565.0,150.086
NOD000371,NOD000794,2996.0,175.3052
NOD000371,NOD000795,2002.0,117.1432
NOD000378,NOD000592,85.0,4.9736
NOD000378,NOD000593,77.0,4.5055
NOD000378,NOD000594,67.0,3.9204
NOD000378,NOD000596,681.0,39.8474
NOD000378,NOD000597,85.0,4.9736
NOD000378,NOD000598,640.0,37.4484
NOD000378,NOD000599,495.0,28.964
NOD000378,NOD000601,83.0,4.8566
NOD000378,NOD000603,83.0,4.8566
NOD000378,NOD000607,73.0,4.2715
NOD000378,NOD000611,83.0,4.8566
NOD000378,NOD000612,1849.0,108.1907
NOD000378,NOD000622,1071.0,62.6675
NOD000378,NOD000632,221.0,12.9314
NOD000378,NOD000645,85.0,4.9736
NOD000378,NOD000647,83.0,4.8566
NOD000378,NOD000677,83.0,4.8566
NOD000378,NOD000678,189.0,11.059
NOD000378,NOD000696,77.0,4.5055
NOD000378,NOD000706,645.0,37.7409
NOD000378,NOD000777,495.0,28.964
NOD000378,NOD000779,67.0,3.9204
NOD000378,NOD000780,77.0,4.5055
NOD000378,NOD000781,67.0,3.9204
NOD000378,NOD000785,305.0,17.8465
NOD000378,NOD000786,83.0,4.8566
NOD000378,NOD000789,77.0,4.5055
NOD000378,NOD000790,645.0,37.7409
NOD000378,NOD000794,1071.0,62.6675
NOD000378,NOD000795,77.0,4.5055
NOD000380,NOD000592,269.0,15.74
NOD000380,NOD000593,261.0,15.2719
NOD000380,NOD000594,251.0,14.6868
NOD000380,NOD000596,875.0,51.1989
NOD000380,NOD000597,269.0,15.74
NOD000380,NOD000598,824.0,48.2148
NOD000380,NOD000599,679.0,39.7304
NOD000380,NOD000601,267.0,15.623
NOD000380,NOD000603,267.0,15.623
NOD000380,NOD000607,391.0,22.8786
NOD000380,NOD000611,267.0,15.623
NOD000380,NOD000612,2167.0,126.7978
NOD000380,NOD000622,1255.0,73.4339
NOD000380,NOD000632,415.0,24.2829
NOD000380,NOD000645,269.0,15.74
NOD000380,NOD000647,267.0,15.623
NOD000380,NOD000677,267.0,15.623
NOD000380,NOD000678,383.0,22.4105
NOD000380,NOD000696,261.0,15.2719
NOD000380,NOD000706,829.0,48.5073
NOD000380,NOD000777,679.0,39.7304
NOD000380,NOD000779,261.0,15.2719
NOD000380,NOD000780,261.0,15.2719
NOD000380,NOD000781,385.0,22.5275
NOD000380,NOD000785,489.0,28.6129
NOD000380,NOD000786,267.0,15.623
NOD000380,NOD000789,261.0,15.2719
NOD000380,NOD000790,829.0,48.5073
NOD000380,NOD000794,1255.0,73.4339
NOD000380,NOD000795,261.0,15.2719
NOD000382,NOD000592,512.0,29.9587
NOD000382,NOD000593,522.0,30.5438
NOD000382,NOD000594,522.0,30.5438
NOD000382,NOD000596,1129.0,66.0613
NOD000382,NOD000597,512.0,29.9587
NOD000382,NOD000598,504.0,29.4906
NOD000382,NOD000599,467.0,27.3256
NOD000382,NOD000601,528.0,30.8949
NOD000382,NOD000603,528.0,30.8949
NOD000382,NOD000607,662.0,38.7357
NOD000382,NOD000611,528.0,30.8949
NOD000382,NOD000612,2438.0,142.6549
NOD000382,NOD000622,1455.0,85.1365
NOD000382,NOD000632,669.0,39.1452
NOD000382,NOD000645,504.0,29.4906
NOD000382,NOD000647,528.0,30.8949
NOD000382,NOD000677,512.0,29.9587
NOD000382,NOD000678,637.0,37.2728
NOD000382,NOD000696,522.0,30.5438
NOD000382,NOD000706,467.0,27.3256
NOD000382,NOD000777,504.0,29.4906
NOD000382,NOD000779,522.0,30.5438
NOD000382,NOD000780,512.0,29.9587
NOD000382,NOD000781,656.0,38.3846
NOD000382,NOD000785,750.0,43.8848
NOD000382,NOD000786,512.0,29.9587
NOD000382,NOD000789,522.0,30.5438
NOD000382,NOD000790,504.0,29.4906
NOD000382,NOD000794,1455.0,85.1365
NOD000382,NOD000795,522.0,30.5438
NOD000393,NOD000592,467.0,27.3256
NOD000393,NOD000593,466.0,27.2671
NOD000393,NOD000594,466.0,27.2671
NOD000393,NOD000596,826.0,48.3318
NOD000393,NOD000597,467.0,27.3256
NOD000393,NOD000598,1029.0,60.21
NOD000393,NOD000599,884.0,51.7256
NOD000393,NOD000601,472.0,27.6182
NOD000393,NOD000603,472.0,27.6182
NOD000393,NOD000607,596.0,34.8738
NOD000393,NOD000611,472.0,27.6182
NOD000393,NOD000612,2372.0,138.793
NOD000393,NOD000622,1414.0,82.7375
NOD000393,NOD000632,366.0,21.4158
NOD000393,NOD000645,467.0,27.3256
NOD000393,NOD000647,472.0,27.6182
NOD000393,NOD000677,467.0,27.3256
NOD000393,NOD000678,334.0,19.5434
NOD000393,NOD000696,466.0,27.2671
NOD000393,NOD000706,1029.0,60.21
NOD000393,NOD000777,884.0,51.7256
NOD000393,NOD000779,456.0,26.682
NOD000393,NOD000780,459.0,26.8575
NOD000393,NOD000781,590.0,34.5227
NOD000393,NOD000785,694.0,40.6081
NOD000393,NOD000786,467.0,27.3256
NOD000393,NOD000789,466.0,27.2671
NOD000393,NOD000790,1029.0,60.21
NOD000393,NOD000794,1460.0,85.4291
NOD000393,NOD000795,466.0,27.2671
NOD000394,NOD000592,384.0,22.469
NOD000394,NOD000593,376.0,22.0009
NOD000394,NOD000594,376.0,22.0009
NOD000394,NOD000596,990.0,57.9279
NOD000394,NOD000597,384.0,22.469
NOD000394,NOD000598,939.0,54.9438
NOD000394,NOD000599,794.0,46.4594
NOD000394,NOD000601,382.0,22.352
NOD000394,NOD000603,382.0,22.352
NOD000394,NOD000607,516.0,30.1927
NOD000394,NOD000611,382.0,22.352
NOD000394,NOD000612,2292.0,134.112
NOD000394,NOD000622,1370.0,80.1629
NOD000394,NOD000632,530.0,31.0119
NOD000394,NOD000645,384.0,22.469
NOD000394,NOD000647,382.0,22.352
NOD000394,NOD000677,382.0,22.352
NOD000394,NOD000678,498.0,29.1395
NOD000394,NOD000696,376.0,22.0009
NOD000394,NOD000706,944.0,55.2363
NOD000394,NOD000777,794.0,46.4594
NOD000394,NOD000779,376.0,22.0009
NOD000394,NOD000780,376.0,22.0009
NOD000394,NOD000781,510.0,29.8417
NOD000394,NOD000785,366.0,21.4158
NOD000394,NOD000786,382.0,22.352
NOD000394,NOD000789,370.0,21.6498
NOD000394,NOD000790,944.0,55.2363
NOD000394,NOD000794,1370.0,80.1629
NOD000394,NOD000795,366.0,21.4158
NOD000396,NOD000592,610.0,35.693
NOD000396,NOD000593,609.0,35.6345
NOD000396,NOD000594,609.0,35.6345
NOD000396,NOD000596,969.0,56.6992
NOD000396,NOD000597,610.0,35.693
NOD000396,NOD000598,1172.0,68.5773
NOD000396,NOD000599,1027.0,60.0929
NOD000396,NOD000601,615.0,35.9855
NOD000396,NOD000603,615.0,35.9855
NOD000396,NOD000607,739.0,43.2412
NOD000396,NOD000611,615.0,35.9855
NOD000396,NOD000612,2515.0,147.1604
NOD000396,NOD000622,1557.0,91.1049
NOD000396,NOD000632,509.0,29.7832
NOD000396,NOD000645,610.0,35.693
NOD000396,NOD000647,615.0,35.9855
NOD000396,NOD000677,610.0,35.693
NOD000396,NOD000678,477.0,27.9107
NOD000396,NOD000696,609.0,35.6345
NOD000396,NOD000706,1172.0,68.5773
NOD000396,NOD000777,1027.0,60.0929
NOD000396,NOD000779,599.0,35.0493
NOD000396,NOD000780,602.0,35.2249
NOD000396,NOD000781,733.0,42.8901
NOD000396,NOD000785,837.0,48.9754
NOD000396,NOD000786,610.0,35.693
NOD000396,NOD000789,609.0,35.6345
NOD000396,NOD000790,1172.0,68.5773
NOD000396,NOD000794,1603.0,93.7965
NOD000396,NOD000795,609.0,35.6345
NOD000398,NOD000592,598.0,34.9908
NOD000398,NOD000593,597.0,34.9323
NOD000398,NOD000594,597.0,34.9323
NOD000398,NOD000596,957.0,55.997
NOD000398,NOD000597,598.0,34.9908
NOD000398,NOD000598,1160.0,67.8752
NOD000398,NOD000599,1015.0,59.3908
NOD000398,NOD000601,603.0,35.2834
NOD000398,NOD000603,603.0,35.2834
NOD000398,NOD000607,727.0,42.539
NOD000398,NOD000611,603.0,35.2834
NOD000398,NOD000612,2503.0,146.4582
NOD000398,NOD000622,1545.0,90.4027
NOD000398,NOD000632,497.0,29.081
NOD000398,NOD000645,598.0,34.9908
NOD000398,NOD000647,603.0,35.2834
NOD000398,NOD000677,598.0,34.9908
NOD000398,NOD000678,465.0,27.2086
NOD000398,NOD000696,597.0,34.9323
NOD000398,NOD000706,1160.0,67.8752
NOD000398,NOD000777,1015.0,59.3908
NOD000398,NOD000779,587.0,34.3472
NOD000398,NOD000780,590.0,34.5227
NOD000398,NOD000781,721.0,42.1879
NOD000398,NOD000785,825.0,48.2733
NOD000398,NOD000786,598.0,34.9908
NOD000398,NOD000789,597.0,34.9323
NOD000398,NOD000790,1160.0,67.8752
NOD000398,NOD000794,1591.0,93.0943
NOD000398,NOD000795,597.0,34.9323
NOD000399,NOD000592,610.0,35.693
NOD000399,NOD000593,609.0,35.6345
NOD000399,NOD000594,609.0,35.6345
NOD000399,NOD000596,969.0,56.6992
NOD000399,NOD000597,610.0,35.693
NOD000399,NOD000598,1172.0,68.5773
NOD000399,NOD000599,1027.0,60.0929
NOD000399,NOD000601,615.0,35.9855
NOD000399,NOD000603,615.0,35.9855
NOD000399,NOD000607,739.0,43.2412
NOD000399,NOD000611,615.0,35.9855
NOD000399,NOD000612,2515.0,147.1604
NOD000399,NOD000622,1557.0,91.1049
NOD000399,NOD000632,509.0,29.7832
NOD000399,NOD000645,610.0,35.693
NOD000399,NOD000647,615.0,35.9855
NOD000399,NOD000677,610.0,35.693
NOD000399,NOD000678,477.0,27.9107
NOD000399,NOD000696,609.0,35.6345
NOD000399,NOD000706,1172.0,68.5773
NOD000399,NOD000777,1027.0,60.0929
NOD000399,NOD000779,599.0,35.0493
NOD000399,NOD000780,602.0,35.2249
NOD000399,NOD000781,733.0,42.8901
NOD000399,NOD000785,837.0,48.9754
NOD000399,NOD000786,610.0,35.693
NOD000399,NOD000789,609.0,35.6345
NOD000399,NOD000790,1172.0,68.5773
NOD000399,NOD000794,1603.0,93.7965
NOD000399,NOD000795,609.0,35.6345
NOD000400,NOD000592,495.0,28.964
NOD000400,NOD000593,487.0,28.4959
NOD000400,NOD000594,487.0,28.4959
NOD000400,NOD000596,969.0,56.6992
NOD000400,NOD000597,495.0,28.964
NOD000400,NOD000598,1050.0,61.4387
NOD000400,NOD000599,905.0,52.9543
NOD000400,NOD000601,493.0,28.8469
NOD000400,NOD000603,493.0,28.8469
NOD000400,NOD000607,627.0,36.6877
NOD000400,NOD000611,493.0,28.8469
NOD000400,NOD000612,2403.0,140.6069
NOD000400,NOD000622,1481.0,86.6579
NOD000400,NOD000632,509.0,29.7832
NOD000400,NOD000645,495.0,28.964
NOD000400,NOD000647,493.0,28.8469
NOD000400,NOD000677,493.0,28.8469
NOD000400,NOD000678,477.0,27.9107
NOD000400,NOD000696,487.0,28.4959
NOD000400,NOD000706,1055.0,61.7313
NOD000400,NOD000777,905.0,52.9543
NOD000400,NOD000779,487.0,28.4959
NOD000400,NOD000780,487.0,28.4959
NOD000400,NOD000781,621.0,36.3366
NOD000400,NOD000785,705.0,41.2517
NOD000400,NOD000786,493.0,28.8469
NOD000400,NOD000789,477.0,27.9107
NOD000400,NOD000790,1055.0,61.7313
NOD000400,NOD000794,1481.0,86.6579
NOD000400,NOD000795,487.0,28.4959
NOD000403,NOD000592,363.0,21.2402
NOD000403,NOD000593,362.0,21.1817
NOD000403,NOD000594,362.0,21.1817
NOD000403,NOD000596,722.0,42.2464
NOD000403,NOD000597,363.0,21.2402
NOD000403,NOD000598,925.0,54.1246
NOD000403,NOD000599,780.0,45.6402
NOD000403,NOD000601,368.0,21.5328
NOD000403,NOD000603,368.0,21.5328
NOD000403,NOD000607,492.0,28.7884
NOD000403,NOD000611,368.0,21.5328
NOD000403,NOD000612,2268.0,132.7076
NOD000403,NOD000622,1310.0,76.6521
NOD000403,NOD000632,262.0,15.3304
NOD000403,NOD000645,363.0,21.2402
NOD000403,NOD000647,368.0,21.5328
NOD000403,NOD000677,363.0,21.2402
NOD000403,NOD000678,230.0,13.458
NOD000403,NOD000696,362.0,21.1817
NOD000403,NOD000706,925.0,54.1246
NOD000403,NOD000777,780.0,45.6402
NOD000403,NOD000779,352.0,20.5966
NOD000403,NOD000780,355.0,20.7721
NOD000403,NOD000781,486.0,28.4374
NOD000403,NOD000785,590.0,34.5227
NOD000403,NOD000786,363.0,21.2402
NOD000403,NOD000789,362.0,21.1817
NOD000403,NOD000790,925.0,54.1246
NOD000403,NOD000794,1356.0,79.3437
NOD000403,NOD000795,362.0,21.1817
NOD000405,NOD000592,587.0,34.3472
NOD000405,NOD000593,586.0,34.2887
NOD000405,NOD000594,586.0,34.2887
NOD000405,NOD000596,946.0,55.3534
NOD000405,NOD000597,587.0,34.3472
NOD000405,NOD000598,1149.0,67.2315
NOD000405,NOD000599,1004.0,58.7471
NOD000405,NOD000601,592.0,34.6397
NOD000405,NOD000603,592.0,34.6397
NOD000405,NOD000607,716.0,41.8954
NOD000405,NOD000611,592.0,34.6397
NOD000405,NOD000612,2492.0,145.8146
NOD000405,NOD000622,1534.0,89.7591
NOD000405,NOD000632,486.0,28.4374
NOD000405,NOD000645,587.0,34.3472
NOD000405,NOD000647,592.0,34.6397
NOD000405,NOD000677,587.0,34.3472
NOD000405,NOD000678,454.0,26.5649
NOD000405,NOD000696,586.0,34.2887
NOD000405,NOD000706,1149.0,67.2315
NOD000405,NOD000777,1004.0,58.7471
NOD000405,NOD000779,576.0,33.7035
NOD000405,NOD000780,579.0,33.8791
NOD000405,NOD000781,710.0,41.5443
NOD000405,NOD000785,814.0,47.6296
NOD000405,NOD000786,587.0,34.3472
NOD000405,NOD000789,586.0,34.2887
NOD000405,NOD000790,1149.0,67.2315
NOD000405,NOD000794,1580.0,92.4507
NOD000405,NOD000795,586.0,34.2887
NOD000417,NOD000592,682.0,39.9059
NOD000417,NOD000593,681.0,39.8474
NOD000417,NOD000594,681.0,39.8474
NOD000417,NOD000596,1041.0,60.9121
NOD000417,NOD000597,682.0,39.9059
NOD000417,NOD000598,1244.0,72.7903
NOD000417,NOD000599,1099.0,64.3059
NOD000417,NOD000601,687.0,40.1985
NOD000417,NOD000603,687.0,40.1985
NOD000417,NOD000607,811.0,47.4541
NOD000417,NOD000611,687.0,40.1985
NOD000417,NOD000612,2587.0,151.3733
NOD000417,NOD000622,1629.0,95.3178
NOD000417,NOD000632,581.0,33.9961
NOD000417,NOD000645,682.0,39.9059
NOD000417,NOD000647,687.0,40.1985
NOD000417,NOD000677,682.0,39.9059
NOD000417,NOD000678,549.0,32.1237
NOD000417,NOD000696,681.0,39.8474
NOD000417,NOD000706,1244.0,72.7903
NOD000417,NOD000777,1099.0,64.3059
NOD000417,NOD000779,671.0,39.2623
NOD000417,NOD000780,674.0,39.4378
NOD000417,NOD000781,805.0,47.103
NOD000417,NOD000785,909.0,53.1884
NOD000417,NOD000786,682.0,39.9059
NOD000417,NOD000789,681.0,39.8474
NOD000417,NOD000790,1244.0,72.7903
NOD000417,NOD000794,1675.0,98.0094
NOD000417,NOD000795,681.0,39.8474
NOD000419,NOD000592,342.0,20.0115
NOD000419,NOD000593,352.0,20.5966
NOD000419,NOD000594,352.0,20.5966
NOD000419,NOD000596,834.0,48.7999
NOD000419,NOD000597,350.0,20.4796
NOD000419,NOD000598,827.0,48.3903
NOD000419,NOD000599,342.0,20.0115
NOD000419,NOD000601,358.0,20.9477
NOD000419,NOD000603,358.0,20.9477
NOD000419,NOD000607,482.0,28.2033
NOD000419,NOD000611,358.0,20.9477
NOD000419,NOD000612,2258.0,132.1225
NOD000419,NOD000622,1330.0,77.8224
NOD000419,NOD000632,374.0,21.8839
NOD000419,NOD000645,342.0,20.0115
NOD000419,NOD000647,358.0,20.9477
NOD000419,NOD000677,350.0,20.4796
NOD000419,NOD000678,342.0,20.0115
NOD000419,NOD000696,352.0,20.5966
NOD000419,NOD000706,359.0,21.0062
NOD000419,NOD000777,342.0,20.0115
NOD000419,NOD000779,342.0,20.0115
NOD000419,NOD000780,342.0,20.0115
NOD000419,NOD000781,476.0,27.8522
NOD000419,NOD000785,580.0,33.9376
NOD000419,NOD000786,342.0,20.0115
NOD000419,NOD000789,352.0,20.5966
NOD000419,NOD000790,359.0,21.0062
NOD000419,NOD000794,1330.0,77.8224
NOD000419,NOD000795,352.0,20.5966
NOD000420,NOD000592,341.0,19.953
NOD000420,NOD000593,349.0,20.4211
NOD000420,NOD000594,349.0,20.4211
NOD000420,NOD000596,822.0,48.0977
NOD000420,NOD000597,341.0,19.953
NOD000420,NOD000598,839.0,49.0925
NOD000420,NOD000599,694.0,40.6081
NOD000420,NOD000601,355.0,20.7721
NOD000420,NOD000603,355.0,20.7721
NOD000420,NOD000607,489.0,28.6129
NOD000420,NOD000611,355.0,20.7721
NOD000420,NOD000612,2265.0,132.5321
NOD000420,NOD000622,1343.0,78.5831
NOD000420,NOD000632,362.0,21.1817
NOD000420,NOD000645,341.0,19.953
NOD000420,NOD000647,355.0,20.7721
NOD000420,NOD000677,341.0,19.953
NOD000420,NOD000678,330.0,19.3093
NOD000420,NOD000696,349.0,20.4211
NOD000420,NOD000706,847.0,49.5606
NOD000420,NOD000777,694.0,40.6081
NOD000420,NOD000779,349.0,20.4211
NOD000420,NOD000780,341.0,19.953
NOD000420,NOD000781,483.0,28.2618
NOD000420,NOD000785,577.0,33.762
NOD000420,NOD000786,333.0,19.4849
NOD000420,NOD000789,349.0,20.4211
NOD000420,NOD000790,846.0,49.5021
NOD000420,NOD000794,1343.0,78.5831
NOD000420,NOD000795,349.0,20.4211
NOD000421,NOD000592,379.0,22.1765
NOD000421,NOD000593,378.0,22.1179
NOD000421,NOD000594,378.0,22.1179
NOD000421,NOD000596,246.0,14.3942
NOD000421,NOD000597,379.0,22.1765
NOD000421,NOD000598,941.0,55.0608
NOD000421,NOD000599,796.0,46.5764
NOD000421,NOD000601,384.0,22.469
NOD000421,NOD000603,384.0,22.469
NOD000421,NOD000607,508.0,29.7246
NOD000421,NOD000611,384.0,22.469
NOD000421,NOD000612,2284.0,133.6439
NOD000421,NOD000622,1326.0,77.5883
NOD000421,NOD000632,278.0,16.2666
NOD000421,NOD000645,379.0,22.1765
NOD000421,NOD000647,384.0,22.469
NOD000421,NOD000677,379.0,22.1765
NOD000421,NOD000678,246.0,14.3942
NOD000421,NOD000696,378.0,22.1179
NOD000421,NOD000706,941.0,55.0608
NOD000421,NOD000777,796.0,46.5764
NOD000421,NOD000779,368.0,21.5328
NOD000421,NOD000780,371.0,21.7083
NOD000421,NOD000781,502.0,29.3736
NOD000421,NOD000785,606.0,35.4589
NOD000421,NOD000786,379.0,22.1765
NOD000421,NOD000789,378.0,22.1179
NOD000421,NOD000790,941.0,55.0608
NOD000421,NOD000794,1372.0,80.2799
NOD000421,NOD000795,378.0,22.1179
NOD000424,NOD000592,1585.0,92.7432
NOD000424,NOD000593,1583.0,92.6262
NOD000424,NOD000594,1583.0,92.6262
NOD000424,NOD000596,2197.0,128.5532
NOD000424,NOD000597,1591.0,93.0943
NOD000424,NOD000598,2097.0,122.7019
NOD000424,NOD000599,2001.0,117.0847
NOD000424,NOD000601,1574.0,92.0996
NOD000424,NOD000603,1589.0,92.9773
NOD000424,NOD000607,1723.0,100.818
NOD000424,NOD000611,1589.0,92.9773
NOD000424,NOD000612,3499.0,204.7372
NOD000424,NOD000622,2530.0,148.0381
NOD000424,NOD000632,1737.0,101.6372
NOD000424,NOD000645,1591.0,93.0943
NOD000424,NOD000647,1589.0,92.9773
NOD000424,NOD000677,1585.0,92.7432
NOD000424,NOD000678,1705.0,99.7648
NOD000424,NOD000696,1573.0,92.0411
NOD000424,NOD000706,1542.0,90.2272
NOD000424,NOD000777,2001.0,117.0847
NOD000424,NOD000779,1583.0,92.6262
NOD000424,NOD000780,1583.0,92.6262
NOD000424,NOD000781,1717.0,100.4669
NOD000424,NOD000785,1811.0,105.9672
NOD000424,NOD000786,1589.0,92.9773
NOD000424,NOD000789,1583.0,92.6262
NOD000424,NOD000790,1574.0,92.0996
NOD000424,NOD000794,2530.0,148.0381
NOD000424,NOD000795,1583.0,92.6262
NOD000427,NOD000592,289.0,16.9103
NOD000427,NOD000593,297.0,17.3784
NOD000427,NOD000594,297.0,17.3784
NOD000427,NOD000596,906.0,53.0128
NOD000427,NOD000597,289.0,16.9103
NOD000427,NOD000598,763.0,44.6455
NOD000427,NOD000599,618.0,36.1611
NOD000427,NOD000601,303.0,17.7295
NOD000427,NOD000603,303.0,17.7295
NOD000427,NOD000607,437.0,25.5702
NOD000427,NOD000611,303.0,17.7295
NOD000427,NOD000612,2213.0,129.4894
NOD000427,NOD000622,1269.0,74.2531
NOD000427,NOD000632,446.0,26.0968
NOD000427,NOD000645,281.0,16.4422
NOD000427,NOD000647,303.0,17.7295
NOD000427,NOD000677,289.0,16.9103
NOD000427,NOD000678,414.0,24.2244
NOD000427,NOD000696,297.0,17.3784
NOD000427,NOD000706,281.0,16.4422
NOD000427,NOD000777,277.0,16.2081
NOD000427,NOD000779,297.0,17.3784
NOD000427,NOD000780,289.0,16.9103
NOD000427,NOD000781,431.0,25.2191
NOD000427,NOD000785,525.0,30.7194
NOD000427,NOD000786,281.0,16.4422
NOD000427,NOD000789,297.0,17.3784
NOD000427,NOD000790,281.0,16.4422
NOD000427,NOD000794,1269.0,74.2531
NOD000427,NOD000795,297.0,17.3784
NOD000430,NOD000592,1042.0,60.9706
NOD000430,NOD000593,1039.0,60.7951
NOD000430,NOD000594,1039.0,60.7951
NOD000430,NOD000596,1653.0,96.7221
NOD000430,NOD000597,1042.0,60.9706
NOD000430,NOD000598,1502.0,87.8866
NOD000430,NOD000599,1357.0,79.4022
NOD000430,NOD000601,1045.0,61.1462
NOD000430,NOD000603,1045.0,61.1462
NOD000430,NOD000607,918.0,53.715
NOD000430,NOD000611,1045.0,61.1462
NOD000430,NOD000612,2700.0,157.9853
NOD000430,NOD000622,2033.0,118.9571
NOD000430,NOD000632,1193.0,69.8061
NOD000430,NOD000645,1035.0,60.561
NOD000430,NOD000647,1045.0,61.1462
NOD000430,NOD000677,1042.0,60.9706
NOD000430,NOD000678,1161.0,67.9337
NOD000430,NOD000696,1039.0,60.7951
NOD000430,NOD000706,1510.0,88.3547
NOD000430,NOD000777,1357.0,79.4022
NOD000430,NOD000779,1039.0,60.7951
NOD000430,NOD000780,1039.0,60.7951
NOD000430,NOD000781,918.0,53.715
NOD000430,NOD000785,1267.0,74.1361
NOD000430,NOD000786,1042.0,60.9706
NOD000430,NOD000789,1039.0,60.7951
NOD000430,NOD000790,1509.0,88.2962
NOD000430,NOD000794,2033.0,118.9571
NOD000430,NOD000795,1039.0,60.7951
NOD000431,NOD000592,806.0,47.1615
NOD000431,NOD000593,816.0,47.7467
NOD000431,NOD000594,816.0,47.7467
NOD000431,NOD000596,1423.0,83.2641
NOD000431,NOD000597,798.0,46.6934
NOD000431,NOD000598,1367.0,79.9874
NOD000431,NOD000599,798.0,46.6934
NOD000431,NOD000601,822.0,48.0977
NOD000431,NOD000603,822.0,48.0977
NOD000431,NOD000607,956.0,55.9385
NOD000431,NOD000611,822.0,48.0977
NOD000431,NOD000612,2732.0,159.8577
NOD000431,NOD000622,1786.0,104.5043
NOD000431,NOD000632,963.0,56.3481
NOD000431,NOD000645,798.0,46.6934
NOD000431,NOD000647,822.0,48.0977
NOD000431,NOD000677,806.0,47.1615
NOD000431,NOD000678,931.0,54.4757
NOD000431,NOD000696,816.0,47.7467
NOD000431,NOD000706,798.0,46.6934
NOD000431,NOD000777,798.0,46.6934
NOD000431,NOD000779,816.0,47.7467
NOD000431,NOD000780,806.0,47.1615
NOD000431,NOD000781,950.0,55.5874
NOD000431,NOD000785,1044.0,61.0876
NOD000431,NOD000786,806.0,47.1615
NOD000431,NOD000789,816.0,47.7467
NOD000431,NOD000790,1356.0,79.3437
NOD000431,NOD000794,1786.0,104.5043
NOD000431,NOD000795,816.0,47.7467
NOD000434,NOD000592,1088.0,63.6622
NOD000434,NOD000593,1080.0,63.1941
NOD000434,NOD000594,1080.0,63.1941
NOD000434,NOD000596,1694.0,99.1211
NOD000434,NOD000597,1088.0,63.6622
NOD000434,NOD000598,1643.0,96.137
NOD000434,NOD000599,1498.0,87.6526
NOD000434,NOD000601,1086.0,63.5452
NOD000434,NOD000603,1064.0,62.2579
NOD000434,NOD000607,1220.0,71.3859
NOD000434,NOD000611,1086.0,63.5452
NOD000434,NOD000612,2996.0,175.3052
NOD000434,NOD000622,2074.0,121.3561
NOD000434,NOD000632,1234.0,72.2051
NOD000434,NOD000645,1088.0,63.6622
NOD000434,NOD000647,1086.0,63.5452
NOD000434,NOD000677,1086.0,63.5452
NOD000434,NOD000678,1202.0,70.3327
NOD000434,NOD000696,1080.0,63.1941
NOD000434,NOD000706,1648.0,96.4295
NOD000434,NOD000777,1498.0,87.6526
NOD000434,NOD000779,1080.0,63.1941
NOD000434,NOD000780,1080.0,63.1941
NOD000434,NOD000781,1214.0,71.0349
NOD000434,NOD000785,1308.0,76.5351
NOD000434,NOD000786,1086.0,63.5452
NOD000434,NOD000789,1080.0,63.1941
NOD000434,NOD000790,1648.0,96.4295
NOD000434,NOD000794,2074.0,121.3561
NOD000434,NOD000795,1080.0,63.1941
NOD000437,NOD000592,797.0,46.6349
NOD000437,NOD000593,805.0,47.103
NOD000437,NOD000594,805.0,47.103
NOD000437,NOD000596,1414.0,82.7375
NOD000437,NOD000597,797.0,46.6349
NOD000437,NOD000598,1358.0,79.4608
NOD000437,NOD000599,1213.0,70.9764
NOD000437,NOD000601,811.0,47.4541
NOD000437,NOD000603,811.0,47.4541
NOD000437,NOD000607,945.0,55.2949
NOD000437,NOD000611,811.0,47.4541
NOD000437,NOD000612,2721.0,159.2141
NOD000437,NOD000622,1787.0,104.5629
NOD000437,NOD000632,954.0,55.8215
NOD000437,NOD000645,789.0,46.1668
NOD000437,NOD000647,811.0,47.4541
NOD000437,NOD000677,797.0,46.6349
NOD000437,NOD000678,922.0,53.9491
NOD000437,NOD000696,805.0,47.103
NOD000437,NOD000706,1351.0,79.0512
NOD000437,NOD000777,1213.0,70.9764
NOD000437,NOD000779,805.0,47.103
NOD000437,NOD000780,797.0,46.6349
NOD000437,NOD000781,939.0,54.9438
NOD000437,NOD000785,1033.0,60.444
NOD000437,NOD000786,789.0,46.1668
NOD000437,NOD000789,805.0,47.103
NOD000437,NOD000790,1351.0,79.0512
NOD000437,NOD000794,783.0,45.8157
NOD000437,NOD000795,805.0,47.103
NOD000438,NOD000592,1414.0,82.7375
NOD000438,NOD000593,1411.0,82.5619
NOD000438,NOD000594,1411.0,82.5619
NOD000438,NOD000596,2025.0,118.489
NOD000438,NOD000597,1414.0,82.7375
NOD000438,NOD000598,1729.0,101.1691
NOD000438,NOD000599,1433.0,83.8492
NOD000438,NOD000601,1417.0,82.913
NOD000438,NOD000603,1417.0,82.913
NOD000438,NOD000607,1551.0,90.7538
NOD000438,NOD000611,1417.0,82.913
NOD000438,NOD000612,3327.0,194.673
NOD000438,NOD000622,2051.0,120.0103
NOD000438,NOD000632,1565.0,91.573
NOD000438,NOD000645,1407.0,82.3279
NOD000438,NOD000647,1417.0,82.913
NOD000438,NOD000677,1414.0,82.7375
NOD000438,NOD000678,1533.0,89.7005
NOD000438,NOD000696,1411.0,82.5619
NOD000438,NOD000706,1541.0,90.1686
NOD000438,NOD000777,983.0,57.5183
NOD000438,NOD000779,1411.0,82.5619
NOD000438,NOD000780,1411.0,82.5619
NOD000438,NOD000781,1545.0,90.4027
NOD000438,NOD000785,1639.0,95.9029
NOD000438,NOD000786,1414.0,82.7375
NOD000438,NOD000789,1411.0,82.5619
NOD000438,NOD000790,1541.0,90.1686
NOD000438,NOD000794,2379.0,139.2026
NOD000438,NOD000795,1411.0,82.5619
NOD000442,NOD000592,1118.0,65.4176
NOD000442,NOD000593,1110.0,64.9495
NOD000442,NOD000594,1110.0,64.9495
NOD000442,NOD000596,1724.0,100.8765
NOD000442,NOD000597,1118.0,65.4176
NOD000442,NOD000598,1673.0,97.8924
NOD000442,NOD000599,1528.0,89.408
NOD000442,NOD000601,1116.0,65.3006
NOD000442,NOD000603,1116.0,65.3006
NOD000442,NOD000607,1250.0,73.1413
NOD000442,NOD000611,1116.0,65.3006
NOD000442,NOD000612,3026.0,177.0606
NOD000442,NOD000622,2104.0,123.1115
NOD000442,NOD000632,1264.0,73.9605
NOD000442,NOD000645,1118.0,65.4176
NOD000442,NOD000647,1116.0,65.3006
NOD000442,NOD000677,1116.0,65.3006
NOD000442,NOD000678,1232.0,72.0881
NOD000442,NOD000696,1110.0,64.9495
NOD000442,NOD000706,1678.0,98.1849
NOD000442,NOD000777,1528.0,89.408
NOD000442,NOD000779,1110.0,64.9495
NOD000442,NOD000780,1110.0,64.9495
NOD000442,NOD000781,1244.0,72.7903
NOD000442,NOD000785,1328.0,77.7054
NOD000442,NOD000786,1116.0,65.3006
NOD000442,NOD000789,1100.0,64.3644
NOD000442,NOD000790,1678.0,98.1849
NOD000442,NOD000794,2104.0,123.1115
NOD000442,NOD000795,1100.0,64.3644
NOD000455,NOD000592,1736.0,101.5787
NOD000455,NOD000593,1733.0,101.4032
NOD000455,NOD000594,1733.0,101.4032
NOD000455,NOD000596,2347.0,137.3302
NOD000455,NOD000597,1736.0,101.5787
NOD000455,NOD000598,2051.0,120.0103
NOD000455,NOD000599,1755.0,102.6904
NOD000455,NOD000601,1739.0,101.7542
NOD000455,NOD000603,1739.0,101.7542
NOD000455,NOD000607,1873.0,109.595
NOD000455,NOD000611,1739.0,101.7542
NOD000455,NOD000612,3649.0,213.5142
NOD000455,NOD000622,2373.0,138.8515
NOD000455,NOD000632,1887.0,110.4142
NOD000455,NOD000645,1729.0,101.1691
NOD000455,NOD000647,1739.0,101.7542
NOD000455,NOD000677,1736.0,101.5787
NOD000455,NOD000678,1855.0,108.5417
NOD000455,NOD000696,1733.0,101.4032
NOD000455,NOD000706,1863.0,109.0099
NOD000455,NOD000777,1305.0,76.3596
NOD000455,NOD000779,1733.0,101.4032
NOD000455,NOD000780,1733.0,101.4032
NOD000455,NOD000781,1867.0,109.2439
NOD000455,NOD000785,1961.0,114.7441
NOD000455,NOD000786,1736.0,101.5787
NOD000455,NOD000789,1733.0,101.4032
NOD000455,NOD000790,1863.0,109.0099
NOD000455,NOD000794,2701.0,158.0438
NOD000455,NOD000795,1733.0,101.4032
NOD000461,NOD000592,1077.0,63.0186
NOD000461,NOD000593,1085.0,63.4867
NOD000461,NOD000594,1085.0,63.4867
NOD000461,NOD000596,1694.0,99.1211
NOD000461,NOD000597,1077.0,63.0186
NOD000461,NOD000598,1645.0,96.254
NOD000461,NOD000599,1500.0,87.7696
NOD000461,NOD000601,1091.0,63.8378
NOD000461,NOD000603,1091.0,63.8378
NOD000461,NOD000607,1225.0,71.6785
NOD000461,NOD000611,1091.0,63.8378
NOD000461,NOD000612,3001.0,175.5977
NOD000461,NOD000622,2079.0,121.6487
NOD000461,NOD000632,1234.0,72.2051
NOD000461,NOD000645,1077.0,63.0186
NOD000461,NOD000647,1091.0,63.8378
NOD000461,NOD000677,1077.0,63.0186
NOD000461,NOD000678,1202.0,70.3327
NOD000461,NOD000696,1085.0,63.4867
NOD000461,NOD000706,1631.0,95.4348
NOD000461,NOD000777,1500.0,87.7696
NOD000461,NOD000779,1085.0,63.4867
NOD000461,NOD000780,1077.0,63.0186
NOD000461,NOD000781,1219.0,71.3274
NOD000461,NOD000785,1313.0,76.8277
NOD000461,NOD000786,1069.0,62.5505
NOD000461,NOD000789,1085.0,63.4867
NOD000461,NOD000790,1631.0,95.4348
NOD000461,NOD000794,2079.0,121.6487
NOD000461,NOD000795,1085.0,63.4867
NOD000470,NOD000592,1030.0,60.2685
NOD000470,NOD000593,1029.0,60.21
NOD000470,NOD000594,1029.0,60.21
NOD000470,NOD000596,1389.0,81.2747
NOD000470,NOD000597,1030.0,60.2685
NOD000470,NOD000598,1592.0,93.1528
NOD000470,NOD000599,1447.0,84.6684
NOD000470,NOD000601,1035.0,60.561
NOD000470,NOD000603,1035.0,60.561
NOD000470,NOD000607,1159.0,67.8166
NOD000470,NOD000611,1035.0,60.561
NOD000470,NOD000612,2935.0,171.7359
NOD000470,NOD000622,1977.0,115.6803
NOD000470,NOD000632,897.0,52.4862
NOD000470,NOD000645,1030.0,60.2685
NOD000470,NOD000647,1035.0,60.561
NOD000470,NOD000677,1030.0,60.2685
NOD000470,NOD000678,897.0,52.4862
NOD000470,NOD000696,1029.0,60.21
NOD000470,NOD000706,1592.0,93.1528
NOD000470,NOD000777,1447.0,84.6684
NOD000470,NOD000779,1019.0,59.6248
NOD000470,NOD000780,1022.0,59.8004
NOD000470,NOD000781,1153.0,67.4656
NOD000470,NOD000785,1257.0,73.5509
NOD000470,NOD000786,1030.0,60.2685
NOD000470,NOD000789,1029.0,60.21
NOD000470,NOD000790,1592.0,93.1528
NOD000470,NOD000794,2023.0,118.3719
NOD000470,NOD000795,1029.0,60.21
NOD000473,NOD000592,741.0,43.3582
NOD000473,NOD000593,740.0,43.2997
NOD000473,NOD000594,740.0,43.2997
NOD000473,NOD000596,1100.0,64.3644
NOD000473,NOD000597,741.0,43.3582
NOD000473,NOD000598,1303.0,76.2425
NOD000473,NOD000599,1158.0,67.7581
NOD000473,NOD000601,746.0,43.6508
NOD000473,NOD000603,746.0,43.6508
NOD000473,NOD000607,870.0,50.9064
NOD000473,NOD000611,746.0,43.6508
NOD000473,NOD000612,2646.0,154.8256
NOD000473,NOD000622,1688.0,98.7701
NOD000473,NOD000632,640.0,37.4484
NOD000473,NOD000645,741.0,43.3582
NOD000473,NOD000647,746.0,43.6508
NOD000473,NOD000677,741.0,43.3582
NOD000473,NOD000678,608.0,35.5759
NOD000473,NOD000696,740.0,43.2997
NOD000473,NOD000706,1303.0,76.2425
NOD000473,NOD000777,1158.0,67.7581
NOD000473,NOD000779,730.0,42.7145
NOD000473,NOD000780,733.0,42.8901
NOD000473,NOD000781,864.0,50.5553
NOD000473,NOD000785,968.0,56.6407
NOD000473,NOD000786,741.0,43.3582
NOD000473,NOD000789,740.0,43.2997
NOD000473,NOD000790,1303.0,76.2425
NOD000473,NOD000794,1734.0,101.4617
NOD000473,NOD000795,740.0,43.2997
NOD000476,NOD000592,1616.0,94.5571
NOD000476,NOD000593,1608.0,94.089
NOD000476,NOD000594,1608.0,94.089
NOD000476,NOD000596,2222.0,130.016
NOD000476,NOD000597,1616.0,94.5571
NOD000476,NOD000598,2131.0,124.6914
NOD000476,NOD000599,1592.0,93.1528
NOD000476,NOD000601,1614.0,94.4401
NOD000476,NOD000603,1614.0,94.4401
NOD000476,NOD000607,1748.0,102.2808
NOD000476,NOD000611,1614.0,94.4401
NOD000476,NOD000612,3524.0,206.2001
NOD000476,NOD000622,1608.0,94.089
NOD000476,NOD000632,1762.0,103.1
NOD000476,NOD000645,1616.0,94.5571
NOD000476,NOD000647,1592.0,93.1528
NOD000476,NOD000677,1614.0,94.4401
NOD000476,NOD000678,1730.0,101.2276
NOD000476,NOD000696,1608.0,94.089
NOD000476,NOD000706,1592.0,93.1528
NOD000476,NOD000777,2000.0,117.0261
NOD000476,NOD000779,1608.0,94.089
NOD000476,NOD000780,1608.0,94.089
NOD000476,NOD000781,1742.0,101.9298
NOD000476,NOD000785,1836.0,107.43
NOD000476,NOD000786,1614.0,94.4401
NOD000476,NOD000789,1608.0,94.089
NOD000476,NOD000790,1608.0,94.089
NOD000476,NOD000794,604.0,35.3419
NOD000476,NOD000795,1608.0,94.089
NOD000481,NOD000592,708.0,41.4273
NOD000481,NOD000593,707.0,41.3687
NOD000481,NOD000594,707.0,41.3687
NOD000481,NOD000596,1067.0,62.4334
NOD000481,NOD000597,708.0,41.4273
NOD000481,NOD000598,1270.0,74.3116
NOD000481,NOD000599,1125.0,65.8272
NOD000481,NOD000601,713.0,41.7198
NOD000481,NOD000603,713.0,41.7198
NOD000481,NOD000607,837.0,48.9754
NOD000481,NOD000611,713.0,41.7198
NOD000481,NOD000612,2613.0,152.8947
NOD000481,NOD000622,1655.0,96.8391
NOD000481,NOD000632,607.0,35.5174
NOD000481,NOD000645,708.0,41.4273
NOD000481,NOD000647,713.0,41.7198
NOD000481,NOD000677,708.0,41.4273
NOD000481,NOD000678,575.0,33.645
NOD000481,NOD000696,707.0,41.3687
NOD000481,NOD000706,1270.0,74.3116
NOD000481,NOD000777,1125.0,65.8272
NOD000481,NOD000779,697.0,40.7836
NOD000481,NOD000780,700.0,40.9591
NOD000481,NOD000781,831.0,48.6244
NOD000481,NOD000785,935.0,54.7097
NOD000481,NOD000786,708.0,41.4273
NOD000481,NOD000789,707.0,41.3687
NOD000481,NOD000790,1270.0,74.3116
NOD000481,NOD000794,1701.0,99.5307
NOD000481,NOD000795,707.0,41.3687
NOD000486,NOD000592,72.0,4.2129
NOD000486,NOD000593,64.0,3.7448
NOD000486,NOD000594,64.0,3.7448
NOD000486,NOD000596,678.0,39.6719
NOD000486,NOD000597,72.0,4.2129
NOD000486,NOD000598,627.0,36.6877
NOD000486,NOD000599,482.0,28.2033
NOD000486,NOD000601,70.0,4.0959
NOD000486,NOD000603,70.0,4.0959
NOD000486,NOD000607,204.0,11.9367
NOD000486,NOD000611,48.0,2.8086
NOD000486,NOD000612,1980.0,115.8559
NOD000486,NOD000622,1058.0,61.9068
NOD000486,NOD000632,218.0,12.7558
NOD000486,NOD000645,72.0,4.2129
NOD000486,NOD000647,70.0,4.0959
NOD000486,NOD000677,70.0,4.0959
NOD000486,NOD000678,186.0,10.8834
NOD000486,NOD000696,64.0,3.7448
NOD000486,NOD000706,632.0,36.9803
NOD000486,NOD000777,482.0,28.2033
NOD000486,NOD000779,64.0,3.7448
NOD000486,NOD000780,64.0,3.7448
NOD000486,NOD000781,198.0,11.5856
NOD000486,NOD000785,292.0,17.0858
NOD000486,NOD000786,70.0,4.0959
NOD000486,NOD000789,64.0,3.7448
NOD000486,NOD000790,632.0,36.9803
NOD000486,NOD000794,1058.0,61.9068
NOD000486,NOD000795,64.0,3.7448
NOD000487,NOD000592,2663.0,155.8203
NOD000487,NOD000593,2660.0,155.6448
NOD000487,NOD000594,2660.0,155.6448
NOD000487,NOD000596,3274.0,191.5718
NOD000487,NOD000597,2663.0,155.8203
NOD000487,NOD000598,2978.0,174.2519
NOD000487,NOD000599,2253.0,131.8299
NOD000487,NOD000601,2666.0,155.9958
NOD000487,NOD000603,2666.0,155.9958
NOD000487,NOD000607,2800.0,163.8366
NOD000487,NOD000611,2666.0,155.9958
NOD000487,NOD000612,4576.0,267.7558
NOD000487,NOD000622,3241.0,189.6409
NOD000487,NOD000632,2814.0,164.6558
NOD000487,NOD000645,2656.0,155.4107
NOD000487,NOD000647,2666.0,155.9958
NOD000487,NOD000677,2663.0,155.8203
NOD000487,NOD000678,2782.0,162.7834
NOD000487,NOD000696,2660.0,155.6448
NOD000487,NOD000706,2790.0,163.2515
NOD000487,NOD000777,2232.0,130.6012
NOD000487,NOD000779,2660.0,155.6448
NOD000487,NOD000780,2660.0,155.6448
NOD000487,NOD000781,2794.0,163.4855
NOD000487,NOD000785,2888.0,168.9857
NOD000487,NOD000786,2663.0,155.8203
NOD000487,NOD000789,2660.0,155.6448
NOD000487,NOD000790,2790.0,163.2515
NOD000487,NOD000794,3241.0,189.6409
NOD000487,NOD000795,2660.0,155.6448
NOD000498,NOD000592,149.0,8.7184
NOD000498,NOD000593,148.0,8.6599
NOD000498,NOD000594,148.0,8.6599
NOD000498,NOD000596,508.0,29.7246
NOD000498,NOD000597,149.0,8.7184
NOD000498,NOD000598,711.0,41.6028
NOD000498,NOD000599,566.0,33.1184
NOD000498,NOD000601,154.0,9.011
NOD000498,NOD000603,154.0,9.011
NOD000498,NOD000607,278.0,16.2666
NOD000498,NOD000611,154.0,9.011
NOD000498,NOD000612,2054.0,120.1858
NOD000498,NOD000622,1096.0,64.1303
NOD000498,NOD000632,48.0,2.8086
NOD000498,NOD000645,149.0,8.7184
NOD000498,NOD000647,154.0,9.011
NOD000498,NOD000677,149.0,8.7184
NOD000498,NOD000678,16.0,0.9362
NOD000498,NOD000696,148.0,8.6599
NOD000498,NOD000706,711.0,41.6028
NOD000498,NOD000777,566.0,33.1184
NOD000498,NOD000779,138.0,8.0748
NOD000498,NOD000780,141.0,8.2503
NOD000498,NOD000781,272.0,15.9156
NOD000498,NOD000785,376.0,22.0009
NOD000498,NOD000786,149.0,8.7184
NOD000498,NOD000789,148.0,8.6599
NOD000498,NOD000790,711.0,41.6028
NOD000498,NOD000794,1142.0,66.8219
NOD000498,NOD000795,148.0,8.6599
NOD000505,NOD000592,1040.0,60.8536
NOD000505,NOD000593,1039.0,60.7951
NOD000505,NOD000594,1039.0,60.7951
NOD000505,NOD000596,1399.0,81.8598
NOD000505,NOD000597,1040.0,60.8536
NOD000505,NOD000598,1602.0,93.7379
NOD000505,NOD000599,1457.0,85.2535
NOD000505,NOD000601,1045.0,61.1462
NOD000505,NOD000603,1045.0,61.1462
NOD000505,NOD000607,1169.0,68.4018
NOD000505,NOD000611,1045.0,61.1462
NOD000505,NOD000612,2945.0,172.321
NOD000505,NOD000622,1987.0,116.2655
NOD000505,NOD000632,907.0,53.0714
NOD000505,NOD000645,1040.0,60.8536
NOD000505,NOD000647,1045.0,61.1462
NOD000505,NOD000677,1040.0,60.8536
NOD000505,NOD000678,907.0,53.0714
NOD000505,NOD000696,1039.0,60.7951
NOD000505,NOD000706,1602.0,93.7379
NOD000505,NOD000777,1457.0,85.2535
NOD000505,NOD000779,1029.0,60.21
NOD000505,NOD000780,1032.0,60.3855
NOD000505,NOD000781,1163.0,68.0507
NOD000505,NOD000785,1267.0,74.1361
NOD000505,NOD000786,1040.0,60.8536
NOD000505,NOD000789,1039.0,60.7951
NOD000505,NOD000790,1602.0,93.7379
NOD000505,NOD000794,2033.0,118.9571
NOD000505,NOD000795,1039.0,60.7951
NOD000510,NOD000592,776.0,45.4061
NOD000510,NOD000593,778.0,45.5232
NOD000510,NOD000594,778.0,45.5232
NOD000510,NOD000596,1385.0,81.0406
NOD000510,NOD000597,776.0,45.4061
NOD000510,NOD000598,1341.0,78.466
NOD000510,NOD000599,1196.0,69.9816
NOD000510,NOD000601,784.0,45.8742
NOD000510,NOD000603,784.0,45.8742
NOD000510,NOD000607,918.0,53.715
NOD000510,NOD000611,784.0,45.8742
NOD000510,NOD000612,2694.0,157.6342
NOD000510,NOD000622,1772.0,103.6852
NOD000510,NOD000632,925.0,54.1246
NOD000510,NOD000645,776.0,45.4061
NOD000510,NOD000647,784.0,45.8742
NOD000510,NOD000677,776.0,45.4061
NOD000510,NOD000678,893.0,52.2522
NOD000510,NOD000696,778.0,45.5232
NOD000510,NOD000706,1338.0,78.2905
NOD000510,NOD000777,1196.0,69.9816
NOD000510,NOD000779,778.0,45.5232
NOD000510,NOD000780,768.0,44.938
NOD000510,NOD000781,912.0,53.3639
NOD000510,NOD000785,1006.0,58.8641
NOD000510,NOD000786,776.0,45.4061
NOD000510,NOD000789,778.0,45.5232
NOD000510,NOD000790,1338.0,78.2905
NOD000510,NOD000794,1772.0,103.6852
NOD000510,NOD000795,778.0,45.5232
NOD000511,NOD000592,859.0,50.2627
NOD000511,NOD000593,869.0,50.8479
NOD000511,NOD000594,869.0,50.8479
NOD000511,NOD000596,1476.0,86.3653
NOD000511,NOD000597,851.0,49.7946
NOD000511,NOD000598,1427.0,83.4982
NOD000511,NOD000599,826.0,48.3318
NOD000511,NOD000601,875.0,51.1989
NOD000511,NOD000603,875.0,51.1989
NOD000511,NOD000607,1009.0,59.0397
NOD000511,NOD000611,875.0,51.1989
NOD000511,NOD000612,2785.0,162.9589
NOD000511,NOD000622,1814.0,106.1427
NOD000511,NOD000632,1016.0,59.4493
NOD000511,NOD000645,859.0,50.2627
NOD000511,NOD000647,875.0,51.1989
NOD000511,NOD000677,859.0,50.2627
NOD000511,NOD000678,984.0,57.5769
NOD000511,NOD000696,869.0,50.8479
NOD000511,NOD000706,1409.0,82.4449
NOD000511,NOD000777,851.0,49.7946
NOD000511,NOD000779,869.0,50.8479
NOD000511,NOD000780,859.0,50.2627
NOD000511,NOD000781,1003.0,58.6886
NOD000511,NOD000785,1097.0,64.1888
NOD000511,NOD000786,859.0,50.2627
NOD000511,NOD000789,869.0,50.8479
NOD000511,NOD000790,1409.0,82.4449
NOD000511,NOD000794,1814.0,106.1427
NOD000511,NOD000795,869.0,50.8479
NOD000512,NOD000592,670.0,39.2038
NOD000512,NOD000593,672.0,39.3208
NOD000512,NOD000594,672.0,39.3208
NOD000512,NOD000596,1276.0,74.6627
NOD000512,NOD000597,670.0,39.2038
NOD000512,NOD000598,1187.0,69.455
NOD000512,NOD000599,1042.0,60.9706
NOD000512,NOD000601,678.0,39.6719
NOD000512,NOD000603,678.0,39.6719
NOD000512,NOD000607,802.0,46.9275
NOD000512,NOD000611,678.0,39.6719
NOD000512,NOD000612,2578.0,150.8467
NOD000512,NOD000622,1666.0,97.4828
NOD000512,NOD000632,816.0,47.7467
NOD000512,NOD000645,670.0,39.2038
NOD000512,NOD000647,678.0,39.6719
NOD000512,NOD000677,670.0,39.2038
NOD000512,NOD000678,784.0,45.8742
NOD000512,NOD000696,672.0,39.3208
NOD000512,NOD000706,1195.0,69.9231
NOD000512,NOD000777,1042.0,60.9706
NOD000512,NOD000779,662.0,38.7357
NOD000512,NOD000780,670.0,39.2038
NOD000512,NOD000781,796.0,46.5764
NOD000512,NOD000785,900.0,52.6618
NOD000512,NOD000786,662.0,38.7357
NOD000512,NOD000789,672.0,39.3208
NOD000512,NOD000790,1194.0,69.8646
NOD000512,NOD000794,1666.0,97.4828
NOD000512,NOD000795,672.0,39.3208
NOD000513,NOD000592,1072.0,62.726
NOD000513,NOD000593,1069.0,62.5505
NOD000513,NOD000594,1069.0,62.5505
NOD000513,NOD000596,1683.0,98.4775
NOD000513,NOD000597,1072.0,62.726
NOD000513,NOD000598,1387.0,81.1576
NOD000513,NOD000599,1091.0,63.8378
NOD000513,NOD000601,1075.0,62.9016
NOD000513,NOD000603,1075.0,62.9016
NOD000513,NOD000607,1209.0,70.7423
NOD000513,NOD000611,1075.0,62.9016
NOD000513,NOD000612,2985.0,174.6615
NOD000513,NOD000622,1709.0,99.9988
NOD000513,NOD000632,1223.0,71.5615
NOD000513,NOD000645,1065.0,62.3164
NOD000513,NOD000647,1075.0,62.9016
NOD000513,NOD000677,1072.0,62.726
NOD000513,NOD000678,1191.0,69.6891
NOD000513,NOD000696,1069.0,62.5505
NOD000513,NOD000706,1199.0,70.1572
NOD000513,NOD000777,641.0,37.5069
NOD000513,NOD000779,1069.0,62.5505
NOD000513,NOD000780,1069.0,62.5505
NOD000513,NOD000781,1203.0,70.3912
NOD000513,NOD000785,1297.0,75.8915
NOD000513,NOD000786,1072.0,62.726
NOD000513,NOD000789,1069.0,62.5505
NOD000513,NOD000790,1199.0,70.1572
NOD000513,NOD000794,2037.0,119.1911
NOD000513,NOD000795,1069.0,62.5505
NOD000520,NOD000592,79.0,4.6225
NOD000520,NOD000593,71.0,4.1544
NOD000520,NOD000594,71.0,4.1544
NOD000520,NOD000596,675.0,39.4963
NOD000520,NOD000597,79.0,4.6225
NOD000520,NOD000598,634.0,37.0973
NOD000520,NOD000599,489.0,28.6129
NOD000520,NOD000601,77.0,4.5055
NOD000520,NOD000603,77.0,4.5055
NOD000520,NOD000607,201.0,11.7611
NOD000520,NOD000611,77.0,4.5055
NOD000520,NOD000612,1977.0,115.6803
NOD000520,NOD000622,1065.0,62.3164
NOD000520,NOD000632,215.0,12.5803
NOD000520,NOD000645,79.0,4.6225
NOD000520,NOD000647,77.0,4.5055
NOD000520,NOD000677,77.0,4.5055
NOD000520,NOD000678,183.0,10.7079
NOD000520,NOD000696,71.0,4.1544
NOD000520,NOD000706,639.0,37.3899
NOD000520,NOD000777,489.0,28.6129
NOD000520,NOD000779,61.0,3.5693
NOD000520,NOD000780,71.0,4.1544
NOD000520,NOD000781,195.0,11.41
NOD000520,NOD000785,299.0,17.4954
NOD000520,NOD000786,77.0,4.5055
NOD000520,NOD000789,71.0,4.1544
NOD000520,NOD000790,639.0,37.3899
NOD000520,NOD000794,1065.0,62.3164
NOD000520,NOD000795,71.0,4.1544
NOD000522,NOD000592,849.0,49.6776
NOD000522,NOD000593,841.0,49.2095
NOD000522,NOD000594,841.0,49.2095
NOD000522,NOD000596,1455.0,85.1365
NOD000522,NOD000597,849.0,49.6776
NOD000522,NOD000598,1404.0,82.1524
NOD000522,NOD000599,1259.0,73.668
NOD000522,NOD000601,847.0,49.5606
NOD000522,NOD000603,847.0,49.5606
NOD000522,NOD000607,981.0,57.4013
NOD000522,NOD000611,847.0,49.5606
NOD000522,NOD000612,2757.0,161.3205
NOD000522,NOD000622,1835.0,107.3715
NOD000522,NOD000632,995.0,58.2205
NOD000522,NOD000645,849.0,49.6776
NOD000522,NOD000647,847.0,49.5606
NOD000522,NOD000677,847.0,49.5606
NOD000522,NOD000678,963.0,56.3481
NOD000522,NOD000696,841.0,49.2095
NOD000522,NOD000706,1409.0,82.4449
NOD000522,NOD000777,1259.0,73.668
NOD000522,NOD000779,841.0,49.2095
NOD000522,NOD000780,841.0,49.2095
NOD000522,NOD000781,975.0,57.0502
NOD000522,NOD000785,831.0,48.6244
NOD000522,NOD000786,847.0,49.5606
NOD000522,NOD000789,841.0,49.2095
NOD000522,NOD000790,1409.0,82.4449
NOD000522,NOD000794,1835.0,107.3715
NOD000522,NOD000795,831.0,48.6244
NOD000526,NOD000592,738.0,43.1826
NOD000526,NOD000593,730.0,42.7145
NOD000526,NOD000594,730.0,42.7145
NOD000526,NOD000596,1334.0,78.0564
NOD000526,NOD000597,738.0,43.1826
NOD000526,NOD000598,1293.0,75.6574
NOD000526,NOD000599,1148.0,67.173
NOD000526,NOD000601,736.0,43.0656
NOD000526,NOD000603,736.0,43.0656
NOD000526,NOD000607,860.0,50.3212
NOD000526,NOD000611,736.0,43.0656
NOD000526,NOD000612,2636.0,154.2405
NOD000526,NOD000622,1724.0,100.8765
NOD000526,NOD000632,874.0,51.1404
NOD000526,NOD000645,738.0,43.1826
NOD000526,NOD000647,736.0,43.0656
NOD000526,NOD000677,736.0,43.0656
NOD000526,NOD000678,842.0,49.268
NOD000526,NOD000696,730.0,42.7145
NOD000526,NOD000706,1298.0,75.95
NOD000526,NOD000777,1148.0,67.173
NOD000526,NOD000779,720.0,42.1294
NOD000526,NOD000780,730.0,42.7145
NOD000526,NOD000781,854.0,49.9702
NOD000526,NOD000785,958.0,56.0555
NOD000526,NOD000786,736.0,43.0656
NOD000526,NOD000789,730.0,42.7145
NOD000526,NOD000790,1298.0,75.95
NOD000526,NOD000794,1724.0,100.8765
NOD000526,NOD000795,720.0,42.1294
NOD000529,NOD000592,1183.0,69.221
NOD000529,NOD000593,1182.0,69.1624
NOD000529,NOD000594,1182.0,69.1624
NOD000529,NOD000596,1542.0,90.2272
NOD000529,NOD000597,1183.0,69.221
NOD000529,NOD000598,1745.0,102.1053
NOD000529,NOD000599,1600.0,93.6209
NOD000529,NOD000601,1188.0,69.5135
NOD000529,NOD000603,1188.0,69.5135
NOD000529,NOD000607,1312.0,76.7691
NOD000529,NOD000611,1188.0,69.5135
NOD000529,NOD000612,3088.0,180.6884
NOD000529,NOD000622,2130.0,124.6328
NOD000529,NOD000632,1082.0,63.3111
NOD000529,NOD000645,1183.0,69.221
NOD000529,NOD000647,1188.0,69.5135
NOD000529,NOD000677,1183.0,69.221
NOD000529,NOD000678,1050.0,61.4387
NOD000529,NOD000696,1182.0,69.1624
NOD000529,NOD000706,1745.0,102.1053
NOD000529,NOD000777,1600.0,93.6209
NOD000529,NOD000779,1172.0,68.5773
NOD000529,NOD000780,1175.0,68.7529
NOD000529,NOD000781,1306.0,76.4181
NOD000529,NOD000785,1410.0,82.5034
NOD000529,NOD000786,1183.0,69.221
NOD000529,NOD000789,1182.0,69.1624
NOD000529,NOD000790,1745.0,102.1053
NOD000529,NOD000794,2176.0,127.3244
NOD000529,NOD000795,1182.0,69.1624
NOD000533,NOD000592,756.0,44.2359
NOD000533,NOD000593,766.0,44.821
NOD000533,NOD000594,766.0,44.821
NOD000533,NOD000596,1373.0,80.3384
NOD000533,NOD000597,748.0,43.7678
NOD000533,NOD000598,1317.0,77.0617
NOD000533,NOD000599,748.0,43.7678
NOD000533,NOD000601,772.0,45.1721
NOD000533,NOD000603,772.0,45.1721
NOD000533,NOD000607,906.0,53.0128
NOD000533,NOD000611,772.0,45.1721
NOD000533,NOD000612,2682.0,156.9321
NOD000533,NOD000622,1736.0,101.5787
NOD000533,NOD000632,913.0,53.4224
NOD000533,NOD000645,748.0,43.7678
NOD000533,NOD000647,772.0,45.1721
NOD000533,NOD000677,756.0,44.2359
NOD000533,NOD000678,881.0,51.55
NOD000533,NOD000696,766.0,44.821
NOD000533,NOD000706,1306.0,76.4181
NOD000533,NOD000777,748.0,43.7678
NOD000533,NOD000779,766.0,44.821
NOD000533,NOD000780,756.0,44.2359
NOD000533,NOD000781,900.0,52.6618
NOD000533,NOD000785,994.0,58.162
NOD000533,NOD000786,756.0,44.2359
NOD000533,NOD000789,766.0,44.821
NOD000533,NOD000790,1306.0,76.4181
NOD000533,NOD000794,1736.0,101.5787
NOD000533,NOD000795,766.0,44.821
NOD000536,NOD000592,512.0,29.9587
NOD000536,NOD000593,514.0,30.0757
NOD000536,NOD000594,504.0,29.4906
NOD000536,NOD000596,1118.0,65.4176
NOD000536,NOD000597,512.0,29.9587
NOD000536,NOD000598,1077.0,63.0186
NOD000536,NOD000599,932.0,54.5342
NOD000536,NOD000601,520.0,30.4268
NOD000536,NOD000603,504.0,29.4906
NOD000536,NOD000607,644.0,37.6824
NOD000536,NOD000611,520.0,30.4268
NOD000536,NOD000612,2420.0,141.6016
NOD000536,NOD000622,1508.0,88.2377
NOD000536,NOD000632,658.0,38.5016
NOD000536,NOD000645,512.0,29.9587
NOD000536,NOD000647,520.0,30.4268
NOD000536,NOD000677,512.0,29.9587
NOD000536,NOD000678,626.0,36.6292
NOD000536,NOD000696,514.0,30.0757
NOD000536,NOD000706,1066.0,62.3749
NOD000536,NOD000777,932.0,54.5342
NOD000536,NOD000779,504.0,29.4906
NOD000536,NOD000780,512.0,29.9587
NOD000536,NOD000781,638.0,37.3313
NOD000536,NOD000785,732.0,42.8316
NOD000536,NOD000786,504.0,29.4906
NOD000536,NOD000789,504.0,29.4906
NOD000536,NOD000790,1066.0,62.3749
NOD000536,NOD000794,1508.0,88.2377
NOD000536,NOD000795,514.0,30.0757
NOD000542,NOD000592,375.0,21.9424
NOD000542,NOD000593,374.0,21.8839
NOD000542,NOD000594,374.0,21.8839
NOD000542,NOD000596,734.0,42.9486
NOD000542,NOD000597,375.0,21.9424
NOD000542,NOD000598,937.0,54.8267
NOD000542,NOD000599,792.0,46.3424
NOD000542,NOD000601,380.0,22.235
NOD000542,NOD000603,380.0,22.235
NOD000542,NOD000607,504.0,29.4906
NOD000542,NOD000611,380.0,22.235
NOD000542,NOD000612,2280.0,133.4098
NOD000542,NOD000622,1322.0,77.3543
NOD000542,NOD000632,274.0,16.0326
NOD000542,NOD000645,375.0,21.9424
NOD000542,NOD000647,380.0,22.235
NOD000542,NOD000677,375.0,21.9424
NOD000542,NOD000678,242.0,14.1602
NOD000542,NOD000696,374.0,21.8839
NOD000542,NOD000706,937.0,54.8267
NOD000542,NOD000777,792.0,46.3424
NOD000542,NOD000779,364.0,21.2988
NOD000542,NOD000780,367.0,21.4743
NOD000542,NOD000781,498.0,29.1395
NOD000542,NOD000785,602.0,35.2249
NOD000542,NOD000786,375.0,21.9424
NOD000542,NOD000789,374.0,21.8839
NOD000542,NOD000790,937.0,54.8267
NOD000542,NOD000794,1368.0,80.0459
NOD000542,NOD000795,374.0,21.8839
NOD000552,NOD000592,602.0,35.2249
NOD000552,NOD000593,594.0,34.7568
NOD000552,NOD000594,584.0,34.1716
NOD000552,NOD000596,1198.0,70.0987
NOD000552,NOD000597,602.0,35.2249
NOD000552,NOD000598,1157.0,67.6996
NOD000552,NOD000599,1012.0,59.2152
NOD000552,NOD000601,600.0,35.1078
NOD000552,NOD000603,600.0,35.1078
NOD000552,NOD000607,450.0,26.3309
NOD000552,NOD000611,600.0,35.1078
NOD000552,NOD000612,2232.0,130.6012
NOD000552,NOD000622,1588.0,92.9188
NOD000552,NOD000632,738.0,43.1826
NOD000552,NOD000645,602.0,35.2249
NOD000552,NOD000647,600.0,35.1078
NOD000552,NOD000677,600.0,35.1078
NOD000552,NOD000678,706.0,41.3102
NOD000552,NOD000696,594.0,34.7568
NOD000552,NOD000706,1162.0,67.9922
NOD000552,NOD000777,1012.0,59.2152
NOD000552,NOD000779,584.0,34.1716
NOD000552,NOD000780,594.0,34.7568
NOD000552,NOD000781,450.0,26.3309
NOD000552,NOD000785,822.0,48.0977
NOD000552,NOD000786,600.0,35.1078
NOD000552,NOD000789,594.0,34.7568
NOD000552,NOD000790,1162.0,67.9922
NOD000552,NOD000794,1588.0,92.9188
NOD000552,NOD000795,594.0,34.7568
NOD000559,NOD000592,1039.0,60.7951
NOD000559,NOD000593,1038.0,60.7366
NOD000559,NOD000594,1038.0,60.7366
NOD000559,NOD000596,1398.0,81.8013
NOD000559,NOD000597,1039.0,60.7951
NOD000559,NOD000598,1601.0,93.6794
NOD000559,NOD000599,1456.0,85.195
NOD000559,NOD000601,1044.0,61.0876
NOD000559,NOD000603,1044.0,61.0876
NOD000559,NOD000607,1168.0,68.3433
NOD000559,NOD000611,1044.0,61.0876
NOD000559,NOD000612,2944.0,172.2625
NOD000559,NOD000622,1986.0,116.207
NOD000559,NOD000632,938.0,54.8853
NOD000559,NOD000645,1039.0,60.7951
NOD000559,NOD000647,1044.0,61.0876
NOD000559,NOD000677,1039.0,60.7951
NOD000559,NOD000678,906.0,53.0128
NOD000559,NOD000696,1038.0,60.7366
NOD000559,NOD000706,1601.0,93.6794
NOD000559,NOD000777,1456.0,85.195
NOD000559,NOD000779,1028.0,60.1514
NOD000559,NOD000780,1031.0,60.327
NOD000559,NOD000781,1162.0,67.9922
NOD000559,NOD000785,1266.0,74.0775
NOD000559,NOD000786,1039.0,60.7951
NOD000559,NOD000789,1038.0,60.7366
NOD000559,NOD000790,1601.0,93.6794
NOD000559,NOD000794,2032.0,118.8986
NOD000559,NOD000795,1038.0,60.7366
NOD000561,NOD000592,992.0,58.045
NOD000561,NOD000593,1000.0,58.5131
NOD000561,NOD000594,1000.0,58.5131
NOD000561,NOD000596,1609.0,94.1475
NOD000561,NOD000597,992.0,58.045
NOD000561,NOD000598,1496.0,87.5356
NOD000561,NOD000599,984.0,57.5769
NOD000561,NOD000601,1006.0,58.8641
NOD000561,NOD000603,1006.0,58.8641
NOD000561,NOD000607,984.0,57.5769
NOD000561,NOD000611,1006.0,58.8641
NOD000561,NOD000612,2766.0,161.8472
NOD000561,NOD000622,1972.0,115.3878
NOD000561,NOD000632,1149.0,67.2315
NOD000561,NOD000645,992.0,58.045
NOD000561,NOD000647,1006.0,58.8641
NOD000561,NOD000677,992.0,58.045
NOD000561,NOD000678,1117.0,65.3591
NOD000561,NOD000696,1000.0,58.5131
NOD000561,NOD000706,1504.0,88.0037
NOD000561,NOD000777,1351.0,79.0512
NOD000561,NOD000779,1000.0,58.5131
NOD000561,NOD000780,992.0,58.045
NOD000561,NOD000781,984.0,57.5769
NOD000561,NOD000785,1228.0,71.8541
NOD000561,NOD000786,984.0,57.5769
NOD000561,NOD000789,1000.0,58.5131
NOD000561,NOD000790,1503.0,87.9451
NOD000561,NOD000794,1972.0,115.3878
NOD000561,NOD000795,1000.0,58.5131
NOD000563,NOD000592,1493.0,87.36
NOD000563,NOD000593,1485.0,86.8919
NOD000563,NOD000594,1485.0,86.8919
NOD000563,NOD000596,2099.0,122.8189
NOD000563,NOD000597,1493.0,87.36
NOD000563,NOD000598,2048.0,119.8348
NOD000563,NOD000599,1903.0,111.3504
NOD000563,NOD000601,1491.0,87.243
NOD000563,NOD000603,1491.0,87.243
NOD000563,NOD000607,1625.0,95.0837
NOD000563,NOD000611,1491.0,87.243
NOD000563,NOD000612,3401.0,199.003
NOD000563,NOD000622,2479.0,145.0539
NOD000563,NOD000632,1639.0,95.9029
NOD000563,NOD000645,1493.0,87.36
NOD000563,NOD000647,1491.0,87.243
NOD000563,NOD000677,1491.0,87.243
NOD000563,NOD000678,1607.0,94.0305
NOD000563,NOD000696,1485.0,86.8919
NOD000563,NOD000706,2053.0,120.1273
NOD000563,NOD000777,1903.0,111.3504
NOD000563,NOD000779,1485.0,86.8919
NOD000563,NOD000780,1485.0,86.8919
NOD000563,NOD000781,1619.0,94.7327
NOD000563,NOD000785,1247.0,72.9658
NOD000563,NOD000786,1491.0,87.243
NOD000563,NOD000789,1475.0,86.3068
NOD000563,NOD000790,2053.0,120.1273
NOD000563,NOD000794,2479.0,145.0539
NOD000563,NOD000795,1485.0,86.8919
NOD000567,NOD000592,1414.0,82.7375
NOD000567,NOD000593,1411.0,82.5619
NOD000567,NOD000594,1411.0,82.5619
NOD000567,NOD000596,2025.0,118.489
NOD000567,NOD000597,1414.0,82.7375
NOD000567,NOD000598,1729.0,101.1691
NOD000567,NOD000599,1433.0,83.8492
NOD000567,NOD000601,1417.0,82.913
NOD000567,NOD000603,1417.0,82.913
NOD000567,NOD000607,1551.0,90.7538
NOD000567,NOD000611,1417.0,82.913
NOD000567,NOD000612,3327.0,194.673
NOD000567,NOD000622,2051.0,120.0103
NOD000567,NOD000632,1565.0,91.573
NOD000567,NOD000645,1407.0,82.3279
NOD000567,NOD000647,1417.0,82.913
NOD000567,NOD000677,1414.0,82.7375
NOD000567,NOD000678,1533.0,89.7005
NOD000567,NOD000696,1411.0,82.5619
NOD000567,NOD000706,1541.0,90.1686
NOD000567,NOD000777,983.0,57.5183
NOD000567,NOD000779,1411.0,82.5619
NOD000567,NOD000780,1411.0,82.5619
NOD000567,NOD000781,1545.0,90.4027
NOD000567,NOD000785,1639.0,95.9029
NOD000567,NOD000786,1414.0,82.7375
NOD000567,NOD000789,1411.0,82.5619
NOD000567,NOD000790,1541.0,90.1686
NOD000567,NOD000794,2379.0,139.2026
NOD000567,NOD000795,1411.0,82.5619
NOD000569,NOD000592,2002.0,117.1432
NOD000569,NOD000593,1994.0,116.6751
NOD000569,NOD000594,1994.0,116.6751
NOD000569,NOD000596,2608.0,152.6021
NOD000569,NOD000597,2002.0,117.1432
NOD000569,NOD000598,2517.0,147.2774
NOD000569,NOD000599,1978.0,115.7389
NOD000569,NOD000601,2000.0,117.0261
NOD000569,NOD000603,2000.0,117.0261
NOD000569,NOD000607,2134.0,124.8669
NOD000569,NOD000611,2000.0,117.0261
NOD000569,NOD000612,3910.0,228.7861
NOD000569,NOD000622,1994.0,116.6751
NOD000569,NOD000632,2148.0,125.6861
NOD000569,NOD000645,2002.0,117.1432
NOD000569,NOD000647,1978.0,115.7389
NOD000569,NOD000677,2000.0,117.0261
NOD000569,NOD000678,2116.0,123.8137
NOD000569,NOD000696,1994.0,116.6751
NOD000569,NOD000706,1978.0,115.7389
NOD000569,NOD000777,2386.0,139.6122
NOD000569,NOD000779,1994.0,116.6751
NOD000569,NOD000780,1994.0,116.6751
NOD000569,NOD000781,2128.0,124.5158
NOD000569,NOD000785,2222.0,130.016
NOD000569,NOD000786,2000.0,117.0261
NOD000569,NOD000789,1994.0,116.6751
NOD000569,NOD000790,1994.0,116.6751
NOD000569,NOD000794,990.0,57.9279
NOD000569,NOD000795,1994.0,116.6751
NOD000578,NOD000592,601.0,35.1664
NOD000578,NOD000593,600.0,35.1078
NOD000578,NOD000594,600.0,35.1078
NOD000578,NOD000596,960.0,56.1725
NOD000578,NOD000597,601.0,35.1664
NOD000578,NOD000598,1163.0,68.0507
NOD000578,NOD000599,1018.0,59.5663
NOD000578,NOD000601,606.0,35.4589
NOD000578,NOD000603,606.0,35.4589
NOD000578,NOD000607,730.0,42.7145
NOD000578,NOD000611,606.0,35.4589
NOD000578,NOD000612,2506.0,146.6338
NOD000578,NOD000622,1548.0,90.5782
NOD000578,NOD000632,500.0,29.2565
NOD000578,NOD000645,601.0,35.1664
NOD000578,NOD000647,606.0,35.4589
NOD000578,NOD000677,601.0,35.1664
NOD000578,NOD000678,468.0,27.3841
NOD000578,NOD000696,600.0,35.1078
NOD000578,NOD000706,1163.0,68.0507
NOD000578,NOD000777,1018.0,59.5663
NOD000578,NOD000779,590.0,34.5227
NOD000578,NOD000780,593.0,34.6983
NOD000578,NOD000781,724.0,42.3635
NOD000578,NOD000785,828.0,48.4488
NOD000578,NOD000786,601.0,35.1664
NOD000578,NOD000789,600.0,35.1078
NOD000578,NOD000790,1163.0,68.0507
NOD000578,NOD000794,1594.0,93.2698
NOD000578,NOD000795,600.0,35.1078
NOD000579,NOD000592,818.0,47.8637
NOD000579,NOD000593,817.0,47.8052
NOD000579,NOD000594,817.0,47.8052
NOD000579,NOD000596,1177.0,68.8699
NOD000579,NOD000597,818.0,47.8637
NOD000579,NOD000598,1380.0,80.748
NOD000579,NOD000599,1235.0,72.2636
NOD000579,NOD000601,823.0,48.1563
NOD000579,NOD000603,823.0,48.1563
NOD000579,NOD000607,947.0,55.4119
NOD000579,NOD000611,823.0,48.1563
NOD000579,NOD000612,2723.0,159.3311
NOD000579,NOD000622,1765.0,103.2756
NOD000579,NOD000632,717.0,41.9539
NOD000579,NOD000645,818.0,47.8637
NOD000579,NOD000647,823.0,48.1563
NOD000579,NOD000677,818.0,47.8637
NOD000579,NOD000678,685.0,40.0815
NOD000579,NOD000696,817.0,47.8052
NOD000579,NOD000706,1380.0,80.748
NOD000579,NOD000777,1235.0,72.2636
NOD000579,NOD000779,807.0,47.22
NOD000579,NOD000780,810.0,47.3956
NOD000579,NOD000781,941.0,55.0608
NOD000579,NOD000785,1045.0,61.1462
NOD000579,NOD000786,818.0,47.8637
NOD000579,NOD000789,817.0,47.8052
NOD000579,NOD000790,1380.0,80.748
NOD000579,NOD000794,1811.0,105.9672
NOD000579,NOD000795,817.0,47.8052
NOD000580,NOD000592,4.0,0.2341
NOD000580,NOD000593,14.0,0.8192
NOD000580,NOD000594,14.0,0.8192
NOD000580,NOD000596,621.0,36.3366
NOD000580,NOD000597,4.0,0.2341
NOD000580,NOD000598,572.0,33.4695
NOD000580,NOD000599,427.0,24.9851
NOD000580,NOD000601,20.0,1.1703
NOD000580,NOD000603,20.0,1.1703
NOD000580,NOD000607,154.0,9.011
NOD000580,NOD000611,20.0,1.1703
NOD000580,NOD000612,1930.0,112.9302
NOD000580,NOD000622,1008.0,58.9812
NOD000580,NOD000632,161.0,9.4206
NOD000580,NOD000645,4.0,0.2341
NOD000580,NOD000647,20.0,1.1703
NOD000580,NOD000677,4.0,0.2341
NOD000580,NOD000678,129.0,7.5482
NOD000580,NOD000696,14.0,0.8192
NOD000580,NOD000706,566.0,33.1184
NOD000580,NOD000777,427.0,24.9851
NOD000580,NOD000779,14.0,0.8192
NOD000580,NOD000780,4.0,0.2341
NOD000580,NOD000781,148.0,8.6599
NOD000580,NOD000785,242.0,14.1602
NOD000580,NOD000786,4.0,0.2341
NOD000580,NOD000789,14.0,0.8192
NOD000580,NOD000790,566.0,33.1184
NOD000580,NOD000794,1008.0,58.9812
NOD000580,NOD000795,14.0,0.8192
NOD000582,NOD000592,2321.0,135.8088
NOD000582,NOD000593,2323.0,135.9259
NOD000582,NOD000594,2313.0,135.3407
NOD000582,NOD000596,2937.0,171.8529
NOD000582,NOD000597,2321.0,135.8088
NOD000582,NOD000598,2886.0,168.8687
NOD000582,NOD000599,2741.0,160.3843
NOD000582,NOD000601,2329.0,136.2769
NOD000582,NOD000603,2329.0,136.2769
NOD000582,NOD000607,2453.0,143.5326
NOD000582,NOD000611,2329.0,136.2769
NOD000582,NOD000612,2346.0,137.2717
NOD000582,NOD000622,3317.0,194.0879
NOD000582,NOD000632,2477.0,144.9369
NOD000582,NOD000645,2321.0,135.8088
NOD000582,NOD000647,2329.0,136.2769
NOD000582,NOD000677,2321.0,135.8088
NOD000582,NOD000678,2445.0,143.0645
NOD000582,NOD000696,2323.0,135.9259
NOD000582,NOD000706,2875.0,168.2251
NOD000582,NOD000777,2741.0,160.3843
NOD000582,NOD000779,2323.0,135.9259
NOD000582,NOD000780,2321.0,135.8088
NOD000582,NOD000781,2447.0,143.1815
NOD000582,NOD000785,2541.0,148.6817
NOD000582,NOD000786,2313.0,135.3407
NOD000582,NOD000789,2313.0,135.3407
NOD000582,NOD000790,2875.0,168.2251
NOD000582,NOD000794,3317.0,194.0879
NOD000582,NOD000795,2313.0,135.3407
NOD000583,NOD000592,1108.0,64.8325
NOD000583,NOD000593,1110.0,64.9495
NOD000583,NOD000594,1110.0,64.9495
NOD000583,NOD000596,1624.0,95.0252
NOD000583,NOD000597,1108.0,64.8325
NOD000583,NOD000598,1659.0,97.0732
NOD000583,NOD000599,1520.0,88.9399
NOD000583,NOD000601,1116.0,65.3006
NOD000583,NOD000603,1116.0,65.3006
NOD000583,NOD000607,1250.0,73.1413
NOD000583,NOD000611,1116.0,65.3006
NOD000583,NOD000612,3026.0,177.0606
NOD000583,NOD000622,2104.0,123.1115
NOD000583,NOD000632,1100.0,64.3644
NOD000583,NOD000645,1108.0,64.8325
NOD000583,NOD000647,1116.0,65.3006
NOD000583,NOD000677,1108.0,64.8325
NOD000583,NOD000678,1132.0,66.2368
NOD000583,NOD000696,1110.0,64.9495
NOD000583,NOD000706,1136.0,66.4708
NOD000583,NOD000777,1520.0,88.9399
NOD000583,NOD000779,1110.0,64.9495
NOD000583,NOD000780,1100.0,64.3644
NOD000583,NOD000781,1244.0,72.7903
NOD000583,NOD000785,1328.0,77.7054
NOD000583,NOD000786,1108.0,64.8325
NOD000583,NOD000789,1100.0,64.3644
NOD000583,NOD000790,1136.0,66.4708
NOD000583,NOD000794,2104.0,123.1115
NOD000583,NOD000795,1100.0,64.3644
NOD000585,NOD000592,459.0,26.8575
NOD000585,NOD000593,458.0,26.799
NOD000585,NOD000594,458.0,26.799
NOD000585,NOD000596,818.0,47.8637
NOD000585,NOD000597,459.0,26.8575
NOD000585,NOD000598,1021.0,59.7418
NOD000585,NOD000599,876.0,51.2575
NOD000585,NOD000601,464.0,27.1501
NOD000585,NOD000603,464.0,27.1501
NOD000585,NOD000607,588.0,34.4057
NOD000585,NOD000611,464.0,27.1501
NOD000585,NOD000612,2364.0,138.3249
NOD000585,NOD000622,1406.0,82.2694
NOD000585,NOD000632,326.0,19.0753
NOD000585,NOD000645,459.0,26.8575
NOD000585,NOD000647,464.0,27.1501
NOD000585,NOD000677,459.0,26.8575
NOD000585,NOD000678,326.0,19.0753
NOD000585,NOD000696,458.0,26.799
NOD000585,NOD000706,1021.0,59.7418
NOD000585,NOD000777,876.0,51.2575
NOD000585,NOD000779,448.0,26.2139
NOD000585,NOD000780,451.0,26.3894
NOD000585,NOD000781,582.0,34.0546
NOD000585,NOD000785,686.0,40.14
NOD000585,NOD000786,459.0,26.8575
NOD000585,NOD000789,458.0,26.799
NOD000585,NOD000790,1021.0,59.7418
NOD000585,NOD000794,1452.0,84.961
NOD000585,NOD000795,458.0,26.799
NOD000586,NOD000592,1072.0,62.726
NOD000586,NOD000593,1071.0,62.6675
NOD000586,NOD000594,1071.0,62.6675
NOD000586,NOD000596,1431.0,83.7322
NOD000586,NOD000597,1072.0,62.726
NOD000586,NOD000598,1634.0,95.6104
NOD000586,NOD000599,1489.0,87.126
NOD000586,NOD000601,1077.0,63.0186
NOD000586,NOD000603,1077.0,63.0186
NOD000586,NOD000607,1201.0,70.2742
NOD000586,NOD000611,1077.0,63.0186
NOD000586,NOD000612,2977.0,174.1934
NOD000586,NOD000622,2019.0,118.1379
NOD000586,NOD000632,907.0,53.0714
NOD000586,NOD000645,1072.0,62.726
NOD000586,NOD000647,1077.0,63.0186
NOD000586,NOD000677,1072.0,62.726
NOD000586,NOD000678,939.0,54.9438
NOD000586,NOD000696,1071.0,62.6675
NOD000586,NOD000706,1634.0,95.6104
NOD000586,NOD000777,1489.0,87.126
NOD000586,NOD000779,1061.0,62.0824
NOD000586,NOD000780,1064.0,62.2579
NOD000586,NOD000781,1195.0,69.9231
NOD000586,NOD000785,1299.0,76.0085
NOD000586,NOD000786,1072.0,62.726
NOD000586,NOD000789,1071.0,62.6675
NOD000586,NOD000790,1634.0,95.6104
NOD000586,NOD000794,2065.0,120.8295
NOD000586,NOD000795,1071.0,62.6675
NOD000600,NOD000592,6.0,0.3511
NOD000600,NOD000593,16.0,0.9362
NOD000600,NOD000594,16.0,0.9362
NOD000600,NOD000596,630.0,36.8632
NOD000600,NOD000597,14.0,0.8192
NOD000600,NOD000598,579.0,33.8791
NOD000600,NOD000599,434.0,25.3947
NOD000600,NOD000601,22.0,1.2873
NOD000600,NOD000603,22.0,1.2873
NOD000600,NOD000607,156.0,9.128
NOD000600,NOD000611,22.0,1.2873
NOD000600,NOD000612,1932.0,113.0473
NOD000600,NOD000622,1010.0,59.0982
NOD000600,NOD000632,170.0,9.9472
NOD000600,NOD000645,14.0,0.8192
NOD000600,NOD000647,22.0,1.2873
NOD000600,NOD000677,6.0,0.3511
NOD000600,NOD000678,138.0,8.0748
NOD000600,NOD000696,6.0,0.3511
NOD000600,NOD000706,576.0,33.7035
NOD000600,NOD000777,434.0,25.3947
NOD000600,NOD000779,16.0,0.9362
NOD000600,NOD000780,14.0,0.8192
NOD000600,NOD000781,150.0,8.777
NOD000600,NOD000785,244.0,14.2772
NOD000600,NOD000786,14.0,0.8192
NOD000600,NOD000789,16.0,0.9362
NOD000600,NOD000790,576.0,33.7035
NOD000600,NOD000794,1010.0,59.0982
NOD000600,NOD000795,16.0,0.9362
NOD000618,NOD000592,1035.0,60.561
NOD000618,NOD000593,1048.0,61.3217
NOD000618,NOD000594,1053.0,61.6143
NOD000618,NOD000596,1660.0,97.1317
NOD000618,NOD000597,1043.0,61.0291
NOD000618,NOD000598,1035.0,60.561
NOD000618,NOD000599,1466.0,85.7802
NOD000618,NOD000601,1059.0,61.9653
NOD000618,NOD000603,1059.0,61.9653
NOD000618,NOD000607,1193.0,69.8061
NOD000618,NOD000611,1059.0,61.9653
NOD000618,NOD000612,2969.0,173.7253
NOD000618,NOD000622,2047.0,119.7763
NOD000618,NOD000632,1200.0,70.2157
NOD000618,NOD000645,1043.0,61.0291
NOD000618,NOD000647,1059.0,61.9653
NOD000618,NOD000677,1043.0,61.0291
NOD000618,NOD000678,1168.0,68.3433
NOD000618,NOD000696,1047.0,61.2632
NOD000618,NOD000706,1605.0,93.9135
NOD000618,NOD000777,1466.0,85.7802
NOD000618,NOD000779,1053.0,61.6143
NOD000618,NOD000780,1043.0,61.0291
NOD000618,NOD000781,1187.0,69.455
NOD000618,NOD000785,1281.0,74.9552
NOD000618,NOD000786,1043.0,61.0291
NOD000618,NOD000789,1053.0,61.6143
NOD000618,NOD000790,1558.0,91.1634
NOD000618,NOD000794,2047.0,119.7763
NOD000618,NOD000795,1053.0,61.6143
NOD000621,NOD000592,1927.0,112.7547
NOD000621,NOD000593,1919.0,112.2866
NOD000621,NOD000594,1919.0,112.2866
NOD000621,NOD000596,2533.0,148.2136
NOD000621,NOD000597,1927.0,112.7547
NOD000621,NOD000598,2442.0,142.8889
NOD000621,NOD000599,1903.0,111.3504
NOD000621,NOD000601,1925.0,112.6377
NOD000621,NOD000603,1925.0,112.6377
NOD000621,NOD000607,2059.0,120.4784
NOD000621,NOD000611,1925.0,112.6377
NOD000621,NOD000612,3835.0,224.3976
NOD000621,NOD000622,1919.0,112.2866
NOD000621,NOD000632,2073.0,121.2976
NOD000621,NOD000645,1927.0,112.7547
NOD000621,NOD000647,1903.0,111.3504
NOD000621,NOD000677,1925.0,112.6377
NOD000621,NOD000678,2041.0,119.4252
NOD000621,NOD000696,1919.0,112.2866
NOD000621,NOD000706,1903.0,111.3504
NOD000621,NOD000777,2311.0,135.2237
NOD000621,NOD000779,1919.0,112.2866
NOD000621,NOD000780,1919.0,112.2866
NOD000621,NOD000781,2053.0,120.1273
NOD000621,NOD000785,2147.0,125.6276
NOD000621,NOD000786,1925.0,112.6377
NOD000621,NOD000789,1919.0,112.2866
NOD000621,NOD000790,1919.0,112.2866
NOD000621,NOD000794,915.0,53.5395
NOD000621,NOD000795,1919.0,112.2866
NOD000631,NOD000592,848.0,49.6191
NOD000631,NOD000593,840.0,49.151
NOD000631,NOD000594,840.0,49.151
NOD000631,NOD000596,1454.0,85.078
NOD000631,NOD000597,848.0,49.6191
NOD000631,NOD000598,1403.0,82.0938
NOD000631,NOD000599,1258.0,73.6094
NOD000631,NOD000601,846.0,49.5021
NOD000631,NOD000603,824.0,48.2148
NOD000631,NOD000607,980.0,57.3428
NOD000631,NOD000611,846.0,49.5021
NOD000631,NOD000612,2756.0,161.262
NOD000631,NOD000622,1834.0,107.313
NOD000631,NOD000632,994.0,58.162
NOD000631,NOD000645,848.0,49.6191
NOD000631,NOD000647,846.0,49.5021
NOD000631,NOD000677,846.0,49.5021
NOD000631,NOD000678,962.0,56.2896
NOD000631,NOD000696,840.0,49.151
NOD000631,NOD000706,1408.0,82.3864
NOD000631,NOD000777,1258.0,73.6094
NOD000631,NOD000779,840.0,49.151
NOD000631,NOD000780,840.0,49.151
NOD000631,NOD000781,974.0,56.9917
NOD000631,NOD000785,1068.0,62.492
NOD000631,NOD000786,846.0,49.5021
NOD000631,NOD000789,840.0,49.151
NOD000631,NOD000790,1408.0,82.3864
NOD000631,NOD000794,1834.0,107.313
NOD000631,NOD000795,840.0,49.151
NOD000633,NOD000592,788.0,46.1083
NOD000633,NOD000593,786.0,45.9913
NOD000633,NOD000594,786.0,45.9913
NOD000633,NOD000596,1400.0,81.9183
NOD000633,NOD000597,794.0,46.4594
NOD000633,NOD000598,1299.0,76.0085
NOD000633,NOD000599,1204.0,70.4497
NOD000633,NOD000601,776.0,45.4061
NOD000633,NOD000603,792.0,46.3424
NOD000633,NOD000607,926.0,54.1831
NOD000633,NOD000611,792.0,46.3424
NOD000633,NOD000612,2702.0,158.1023
NOD000633,NOD000622,1780.0,104.1533
NOD000633,NOD000632,940.0,55.0023
NOD000633,NOD000645,794.0,46.4594
NOD000633,NOD000647,792.0,46.3424
NOD000633,NOD000677,788.0,46.1083
NOD000633,NOD000678,908.0,53.1299
NOD000633,NOD000696,776.0,45.4061
NOD000633,NOD000706,1338.0,78.2905
NOD000633,NOD000777,1204.0,70.4497
NOD000633,NOD000779,786.0,45.9913
NOD000633,NOD000780,786.0,45.9913
NOD000633,NOD000781,920.0,53.832
NOD000633,NOD000785,1014.0,59.3323
NOD000633,NOD000786,792.0,46.3424
NOD000633,NOD000789,786.0,45.9913
NOD000633,NOD000790,776.0,45.4061
NOD000633,NOD000794,1780.0,104.1533
NOD000633,NOD000795,786.0,45.9913
NOD000637,NOD000592,748.0,43.7678
NOD000637,NOD000593,747.0,43.7093
NOD000637,NOD000594,747.0,43.7093
NOD000637,NOD000596,1107.0,64.774
NOD000637,NOD000597,748.0,43.7678
NOD000637,NOD000598,1310.0,76.6521
NOD000637,NOD000599,1165.0,68.1677
NOD000637,NOD000601,753.0,44.0603
NOD000637,NOD000603,753.0,44.0603
NOD000637,NOD000607,877.0,51.316
NOD000637,NOD000611,753.0,44.0603
NOD000637,NOD000612,2653.0,155.2352
NOD000637,NOD000622,1695.0,99.1797
NOD000637,NOD000632,647.0,37.858
NOD000637,NOD000645,748.0,43.7678
NOD000637,NOD000647,753.0,44.0603
NOD000637,NOD000677,748.0,43.7678
NOD000637,NOD000678,615.0,35.9855
NOD000637,NOD000696,747.0,43.7093
NOD000637,NOD000706,1310.0,76.6521
NOD000637,NOD000777,1165.0,68.1677
NOD000637,NOD000779,737.0,43.1241
NOD000637,NOD000780,740.0,43.2997
NOD000637,NOD000781,871.0,50.9649
NOD000637,NOD000785,975.0,57.0502
NOD000637,NOD000786,748.0,43.7678
NOD000637,NOD000789,747.0,43.7093
NOD000637,NOD000790,1310.0,76.6521
NOD000637,NOD000794,1741.0,101.8713
NOD000637,NOD000795,747.0,43.7093
NOD000638,NOD000592,878.0,51.3745
NOD000638,NOD000593,860.0,50.3212
NOD000638,NOD000594,870.0,50.9064
NOD000638,NOD000596,1484.0,86.8334
NOD000638,NOD000597,878.0,51.3745
NOD000638,NOD000598,1433.0,83.8492
NOD000638,NOD000599,1288.0,75.3648
NOD000638,NOD000601,876.0,51.2575
NOD000638,NOD000603,876.0,51.2575
NOD000638,NOD000607,1010.0,59.0982
NOD000638,NOD000611,876.0,51.2575
NOD000638,NOD000612,2786.0,163.0174
NOD000638,NOD000622,1864.0,109.0684
NOD000638,NOD000632,1024.0,59.9174
NOD000638,NOD000645,878.0,51.3745
NOD000638,NOD000647,876.0,51.2575
NOD000638,NOD000677,876.0,51.2575
NOD000638,NOD000678,992.0,58.045
NOD000638,NOD000696,870.0,50.9064
NOD000638,NOD000706,1438.0,84.1418
NOD000638,NOD000777,1288.0,75.3648
NOD000638,NOD000779,870.0,50.9064
NOD000638,NOD000780,870.0,50.9064
NOD000638,NOD000781,1004.0,58.7471
NOD000638,NOD000785,1088.0,63.6622
NOD000638,NOD000786,876.0,51.2575
NOD000638,NOD000789,860.0,50.3212
NOD000638,NOD000790,1438.0,84.1418
NOD000638,NOD000794,1864.0,109.0684
NOD000638,NOD000795,870.0,50.9064
NOD000639,NOD000592,1953.0,114.276
NOD000639,NOD000593,1961.0,114.7441
NOD000639,NOD000594,1961.0,114.7441
NOD000639,NOD000596,2570.0,150.3786
NOD000639,NOD000597,1953.0,114.276
NOD000639,NOD000598,1906.0,111.5259
NOD000639,NOD000599,2084.0,121.9412
NOD000639,NOD000601,1967.0,115.0952
NOD000639,NOD000603,1967.0,115.0952
NOD000639,NOD000607,2101.0,122.936
NOD000639,NOD000611,1967.0,115.0952
NOD000639,NOD000612,3877.0,226.8552
NOD000639,NOD000622,2387.0,139.6707
NOD000639,NOD000632,2110.0,123.4626
NOD000639,NOD000645,1945.0,113.8079
NOD000639,NOD000647,1967.0,115.0952
NOD000639,NOD000677,1953.0,114.276
NOD000639,NOD000678,2078.0,121.5902
NOD000639,NOD000696,1961.0,114.7441
NOD000639,NOD000706,1945.0,113.8079
NOD000639,NOD000777,1941.0,113.5739
NOD000639,NOD000779,1961.0,114.7441
NOD000639,NOD000780,1953.0,114.276
NOD000639,NOD000781,2095.0,122.5849
NOD000639,NOD000785,2189.0,128.0851
NOD000639,NOD000786,1945.0,113.8079
NOD000639,NOD000789,1961.0,114.7441
NOD000639,NOD000790,1383.0,80.9236
NOD000639,NOD000794,2387.0,139.6707
NOD000639,NOD000795,1961.0,114.7441
NOD000661,NOD000592,173.0,10.1228
NOD000661,NOD000593,172.0,10.0642
NOD000661,NOD000594,172.0,10.0642
NOD000661,NOD000596,532.0,31.129
NOD000661,NOD000597,173.0,10.1228
NOD000661,NOD000598,735.0,43.0071
NOD000661,NOD000599,590.0,34.5227
NOD000661,NOD000601,178.0,10.4153
NOD000661,NOD000603,178.0,10.4153
NOD000661,NOD000607,302.0,17.6709
NOD000661,NOD000611,178.0,10.4153
NOD000661,NOD000612,2078.0,121.5902
NOD000661,NOD000622,1120.0,65.5346
NOD000661,NOD000632,72.0,4.2129
NOD000661,NOD000645,173.0,10.1228
NOD000661,NOD000647,178.0,10.4153
NOD000661,NOD000677,173.0,10.1228
NOD000661,NOD000678,40.0,2.3405
NOD000661,NOD000696,172.0,10.0642
NOD000661,NOD000706,735.0,43.0071
NOD000661,NOD000777,590.0,34.5227
NOD000661,NOD000779,162.0,9.4791
NOD000661,NOD000780,165.0,9.6547
NOD000661,NOD000781,296.0,17.3199
NOD000661,NOD000785,400.0,23.4052
NOD000661,NOD000786,173.0,10.1228
NOD000661,NOD000789,172.0,10.0642
NOD000661,NOD000790,735.0,43.0071
NOD000661,NOD000794,1166.0,68.2262
NOD000661,NOD000795,172.0,10.0642
NOD000678,NOD000592,133.0,7.7822
NOD000678,NOD000593,132.0,7.7237
NOD000678,NOD000594,132.0,7.7237
NOD000678,NOD000596,492.0,28.7884
NOD000678,NOD000597,133.0,7.7822
NOD000678,NOD000598,695.0,40.6666
NOD000678,NOD000599,550.0,32.1822
NOD000678,NOD000601,138.0,8.0748
NOD000678,NOD000603,138.0,8.0748
NOD000678,NOD000607,262.0,15.3304
NOD000678,NOD000611,138.0,8.0748
NOD000678,NOD000612,2038.0,119.2496
NOD000678,NOD000622,1080.0,63.1941
NOD000678,NOD000632,32.0,1.8724
NOD000678,NOD000645,133.0,7.7822
NOD000678,NOD000647,138.0,8.0748
NOD000678,NOD000677,133.0,7.7822
NOD000678,NOD000678,0.0,0.0
NOD000678,NOD000696,132.0,7.7237
NOD000678,NOD000706,695.0,40.6666
NOD000678,NOD000777,550.0,32.1822
NOD000678,NOD000779,122.0,7.1386
NOD000678,NOD000780,125.0,7.3141
NOD000678,NOD000781,256.0,14.9793
NOD000678,NOD000785,360.0,21.0647
NOD000678,NOD000786,133.0,7.7822
NOD000678,NOD000789,132.0,7.7237
NOD000678,NOD000790,695.0,40.6666
NOD000678,NOD000794,1126.0,65.8857
NOD000678,NOD000795,132.0,7.7237
NOD000680,NOD000592,2273.0,133.0002
NOD000680,NOD000593,2265.0,132.5321
NOD000680,NOD000594,2265.0,132.5321
NOD000680,NOD000596,2879.0,168.4591
NOD000680,NOD000597,2273.0,133.0002
NOD000680,NOD000598,2788.0,163.1344
NOD000680,NOD000599,2249.0,131.5959
NOD000680,NOD000601,2271.0,132.8832
NOD000680,NOD000603,2271.0,132.8832
NOD000680,NOD000607,2405.0,140.7239
NOD000680,NOD000611,2271.0,132.8832
NOD000680,NOD000612,4181.0,244.6432
NOD000680,NOD000622,2265.0,132.5321
NOD000680,NOD000632,2419.0,141.5431
NOD000680,NOD000645,2273.0,133.0002
NOD000680,NOD000647,2249.0,131.5959
NOD000680,NOD000677,2271.0,132.8832
NOD000680,NOD000678,2387.0,139.6707
NOD000680,NOD000696,2265.0,132.5321
NOD000680,NOD000706,2249.0,131.5959
NOD000680,NOD000777,2657.0,155.4692
NOD000680,NOD000779,2265.0,132.5321
NOD000680,NOD000780,2265.0,132.5321
NOD000680,NOD000781,2399.0,140.3729
NOD000680,NOD000785,2493.0,145.8731
NOD000680,NOD000786,2271.0,132.8832
NOD000680,NOD000789,2265.0,132.5321
NOD000680,NOD000790,2265.0,132.5321
NOD000680,NOD000794,1261.0,73.785
NOD000680,NOD000795,2265.0,132.5321
NOD000683,NOD000592,1154.0,67.5241
NOD000683,NOD000593,1146.0,67.056
NOD000683,NOD000594,1136.0,66.4708
NOD000683,NOD000596,1750.0,102.3979
NOD000683,NOD000597,1154.0,67.5241
NOD000683,NOD000598,1709.0,99.9988
NOD000683,NOD000599,1564.0,91.5144
NOD000683,NOD000601,1152.0,67.4071
NOD000683,NOD000603,1152.0,67.4071
NOD000683,NOD000607,1002.0,58.6301
NOD000683,NOD000611,1152.0,67.4071
NOD000683,NOD000612,2784.0,162.9004
NOD000683,NOD000622,2140.0,125.218
NOD000683,NOD000632,1290.0,75.4819
NOD000683,NOD000645,1154.0,67.5241
NOD000683,NOD000647,1152.0,67.4071
NOD000683,NOD000677,1152.0,67.4071
NOD000683,NOD000678,1258.0,73.6094
NOD000683,NOD000696,1146.0,67.056
NOD000683,NOD000706,1714.0,100.2914
NOD000683,NOD000777,1564.0,91.5144
NOD000683,NOD000779,1136.0,66.4708
NOD000683,NOD000780,1146.0,67.056
NOD000683,NOD000781,1002.0,58.6301
NOD000683,NOD000785,1374.0,80.397
NOD000683,NOD000786,1152.0,67.4071
NOD000683,NOD000789,1146.0,67.056
NOD000683,NOD000790,1714.0,100.2914
NOD000683,NOD000794,2140.0,125.218
NOD000683,NOD000795,1146.0,67.056
NOD000687,NOD000592,456.0,26.682
NOD000687,NOD000593,438.0,25.6287
NOD000687,NOD000594,448.0,26.2139
NOD000687,NOD000596,1062.0,62.1409
NOD000687,NOD000597,456.0,26.682
NOD000687,NOD000598,1011.0,59.1567
NOD000687,NOD000599,866.0,50.6723
NOD000687,NOD000601,454.0,26.5649
NOD000687,NOD000603,454.0,26.5649
NOD000687,NOD000607,588.0,34.4057
NOD000687,NOD000611,454.0,26.5649
NOD000687,NOD000612,2364.0,138.3249
NOD000687,NOD000622,1442.0,84.3758
NOD000687,NOD000632,602.0,35.2249
NOD000687,NOD000645,456.0,26.682
NOD000687,NOD000647,454.0,26.5649
NOD000687,NOD000677,454.0,26.5649
NOD000687,NOD000678,570.0,33.3525
NOD000687,NOD000696,448.0,26.2139
NOD000687,NOD000706,1016.0,59.4493
NOD000687,NOD000777,866.0,50.6723
NOD000687,NOD000779,448.0,26.2139
NOD000687,NOD000780,448.0,26.2139
NOD000687,NOD000781,582.0,34.0546
NOD000687,NOD000785,676.0,39.5548
NOD000687,NOD000786,454.0,26.5649
NOD000687,NOD000789,448.0,26.2139
NOD000687,NOD000790,1016.0,59.4493
NOD000687,NOD000794,1442.0,84.3758
NOD000687,NOD000795,448.0,26.2139
NOD000692,NOD000592,474.0,27.7352
NOD000692,NOD000593,473.0,27.6767
NOD000692,NOD000594,473.0,27.6767
NOD000692,NOD000596,833.0,48.7414
NOD000692,NOD000597,474.0,27.7352
NOD000692,NOD000598,1036.0,60.6195
NOD000692,NOD000599,891.0,52.1351
NOD000692,NOD000601,479.0,28.0278
NOD000692,NOD000603,479.0,28.0278
NOD000692,NOD000607,603.0,35.2834
NOD000692,NOD000611,479.0,28.0278
NOD000692,NOD000612,2379.0,139.2026
NOD000692,NOD000622,1421.0,83.1471
NOD000692,NOD000632,373.0,21.8254
NOD000692,NOD000645,474.0,27.7352
NOD000692,NOD000647,479.0,28.0278
NOD000692,NOD000677,474.0,27.7352
NOD000692,NOD000678,341.0,19.953
NOD000692,NOD000696,473.0,27.6767
NOD000692,NOD000706,1036.0,60.6195
NOD000692,NOD000777,891.0,52.1351
NOD000692,NOD000779,463.0,27.0916
NOD000692,NOD000780,466.0,27.2671
NOD000692,NOD000781,597.0,34.9323
NOD000692,NOD000785,701.0,41.0177
NOD000692,NOD000786,474.0,27.7352
NOD000692,NOD000789,473.0,27.6767
NOD000692,NOD000790,1036.0,60.6195
NOD000692,NOD000794,1467.0,85.8387
NOD000692,NOD000795,473.0,27.6767
NOD000776,NOD000592,895.0,52.3692
NOD000776,NOD000593,894.0,52.3107
NOD000776,NOD000594,894.0,52.3107
NOD000776,NOD000596,1254.0,73.3754
NOD000776,NOD000597,895.0,52.3692
NOD000776,NOD000598,1457.0,85.2535
NOD000776,NOD000599,1312.0,76.7691
NOD000776,NOD000601,900.0,52.6618
NOD000776,NOD000603,900.0,52.6618
NOD000776,NOD000607,1024.0,59.9174
NOD000776,NOD000611,900.0,52.6618
NOD000776,NOD000612,2800.0,163.8366
NOD000776,NOD000622,1842.0,107.7811
NOD000776,NOD000632,794.0,46.4594
NOD000776,NOD000645,895.0,52.3692
NOD000776,NOD000647,900.0,52.6618
NOD000776,NOD000677,895.0,52.3692
NOD000776,NOD000678,762.0,44.587
NOD000776,NOD000696,894.0,52.3107
NOD000776,NOD000706,1457.0,85.2535
NOD000776,NOD000777,1312.0,76.7691
NOD000776,NOD000779,884.0,51.7256
NOD000776,NOD000780,887.0,51.9011
NOD000776,NOD000781,1018.0,59.5663
NOD000776,NOD000785,1122.0,65.6517
NOD000776,NOD000786,895.0,52.3692
NOD000776,NOD000789,894.0,52.3107
NOD000776,NOD000790,1457.0,85.2535
NOD000776,NOD000794,1888.0,110.4727
NOD000776,NOD000795,894.0,52.3107
NOD000778,NOD000592,915.0,53.5395
NOD000778,NOD000593,914.0,53.4809
NOD000778,NOD000594,914.0,53.4809
NOD000778,NOD000596,1274.0,74.5457
NOD000778,NOD000597,915.0,53.5395
NOD000778,NOD000598,1477.0,86.4238
NOD000778,NOD000599,1332.0,77.9394
NOD000778,NOD000601,920.0,53.832
NOD000778,NOD000603,920.0,53.832
NOD000778,NOD000607,1044.0,61.0876
NOD000778,NOD000611,920.0,53.832
NOD000778,NOD000612,2820.0,165.0069
NOD000778,NOD000622,1862.0,108.9513
NOD000778,NOD000632,814.0,47.6296
NOD000778,NOD000645,915.0,53.5395
NOD000778,NOD000647,920.0,53.832
NOD000778,NOD000677,915.0,53.5395
NOD000778,NOD000678,782.0,45.7572
NOD000778,NOD000696,914.0,53.4809
NOD000778,NOD000706,1477.0,86.4238
NOD000778,NOD000777,1332.0,77.9394
NOD000778,NOD000779,904.0,52.8958
NOD000778,NOD000780,907.0,53.0714
NOD000778,NOD000781,1038.0,60.7366
NOD000778,NOD000785,1142.0,66.8219
NOD000778,NOD000786,915.0,53.5395
NOD000778,NOD000789,914.0,53.4809
NOD000778,NOD000790,1477.0,86.4238
NOD000778,NOD000794,1908.0,111.6429
NOD000778,NOD000795,914.0,53.4809
NOD000782,NOD000592,1033.0,60.444
NOD000782,NOD000593,1025.0,59.9759
NOD000782,NOD000594,1015.0,59.3908
NOD000782,NOD000596,1629.0,95.3178
NOD000782,NOD000597,1033.0,60.444
NOD000782,NOD000598,1588.0,92.9188
NOD000782,NOD000599,1443.0,84.4344
NOD000782,NOD000601,1031.0,60.327
NOD000782,NOD000603,1031.0,60.327
NOD000782,NOD000607,881.0,51.55
NOD000782,NOD000611,1031.0,60.327
NOD000782,NOD000612,2663.0,155.8203
NOD000782,NOD000622,2019.0,118.1379
NOD000782,NOD000632,1169.0,68.4018
NOD000782,NOD000645,1033.0,60.444
NOD000782,NOD000647,1031.0,60.327
NOD000782,NOD000677,1031.0,60.327
NOD000782,NOD000678,1137.0,66.5294
NOD000782,NOD000696,1025.0,59.9759
NOD000782,NOD000706,1593.0,93.2113
NOD000782,NOD000777,1443.0,84.4344
NOD000782,NOD000779,1015.0,59.3908
NOD000782,NOD000780,1025.0,59.9759
NOD000782,NOD000781,881.0,51.55
NOD000782,NOD000785,1253.0,73.3169
NOD000782,NOD000786,1031.0,60.327
NOD000782,NOD000789,1025.0,59.9759
NOD000782,NOD000790,1593.0,93.2113
NOD000782,NOD000794,2019.0,118.1379
NOD000782,NOD000795,1025.0,59.9759
NOD000784,NOD000592,827.0,48.3903
NOD000784,NOD000593,819.0,47.9222
NOD000784,NOD000594,819.0,47.9222
NOD000784,NOD000596,1433.0,83.8492
NOD000784,NOD000597,827.0,48.3903
NOD000784,NOD000598,1382.0,80.8651
NOD000784,NOD000599,1237.0,72.3807
NOD000784,NOD000601,825.0,48.2733
NOD000784,NOD000603,825.0,48.2733
NOD000784,NOD000607,959.0,56.114
NOD000784,NOD000611,825.0,48.2733
NOD000784,NOD000612,2735.0,160.0332
NOD000784,NOD000622,1813.0,106.0842
NOD000784,NOD000632,973.0,56.9332
NOD000784,NOD000645,827.0,48.3903
NOD000784,NOD000647,825.0,48.2733
NOD000784,NOD000677,825.0,48.2733
NOD000784,NOD000678,941.0,55.0608
NOD000784,NOD000696,819.0,47.9222
NOD000784,NOD000706,1387.0,81.1576
NOD000784,NOD000777,1237.0,72.3807
NOD000784,NOD000779,819.0,47.9222
NOD000784,NOD000780,819.0,47.9222
NOD000784,NOD000781,953.0,55.763
NOD000784,NOD000785,581.0,33.9961
NOD000784,NOD000786,825.0,48.2733
NOD000784,NOD000789,809.0,47.3371
NOD000784,NOD000790,1387.0,81.1576
NOD000784,NOD000794,1813.0,106.0842
NOD000784,NOD000795,819.0,47.9222
NOD000791,NOD000592,662.0,38.7357
NOD000791,NOD000593,654.0,38.2675
NOD000791,NOD000594,644.0,37.6824
NOD000791,NOD000596,1258.0,73.6094
NOD000791,NOD000597,662.0,38.7357
NOD000791,NOD000598,1217.0,71.2104
NOD000791,NOD000599,1072.0,62.726
NOD000791,NOD000601,660.0,38.6186
NOD000791,NOD000603,660.0,38.6186
NOD000791,NOD000607,510.0,29.8417
NOD000791,NOD000611,660.0,38.6186
NOD000791,NOD000612,2292.0,134.112
NOD000791,NOD000622,1648.0,96.4295
NOD000791,NOD000632,798.0,46.6934
NOD000791,NOD000645,662.0,38.7357
NOD000791,NOD000647,660.0,38.6186
NOD000791,NOD000677,660.0,38.6186
NOD000791,NOD000678,766.0,44.821
NOD000791,NOD000696,654.0,38.2675
NOD000791,NOD000706,1222.0,71.503
NOD000791,NOD000777,1072.0,62.726
NOD000791,NOD000779,644.0,37.6824
NOD000791,NOD000780,654.0,38.2675
NOD000791,NOD000781,510.0,29.8417
NOD000791,NOD000785,882.0,51.6085
NOD000791,NOD000786,660.0,38.6186
NOD000791,NOD000789,654.0,38.2675
NOD000791,NOD000790,1222.0,71.503
NOD000791,NOD000794,1648.0,96.4295
NOD000791,NOD000795,654.0,38.2675
NOD000793,NOD000592,358.0,20.9477
NOD000793,NOD000593,357.0,20.8892
NOD000793,NOD000594,357.0,20.8892
NOD000793,NOD000596,717.0,41.9539
NOD000793,NOD000597,358.0,20.9477
NOD000793,NOD000598,920.0,53.832
NOD000793,NOD000599,775.0,45.3476
NOD000793,NOD000601,363.0,21.2402
NOD000793,NOD000603,363.0,21.2402
NOD000793,NOD000607,487.0,28.4959
NOD000793,NOD000611,363.0,21.2402
NOD000793,NOD000612,2263.0,132.4151
NOD000793,NOD000622,1305.0,76.3596
NOD000793,NOD000632,225.0,13.1654
NOD000793,NOD000645,358.0,20.9477
NOD000793,NOD000647,363.0,21.2402
NOD000793,NOD000677,358.0,20.9477
NOD000793,NOD000678,225.0,13.1654
NOD000793,NOD000696,357.0,20.8892
NOD000793,NOD000706,920.0,53.832
NOD000793,NOD000777,775.0,45.3476
NOD000793,NOD000779,347.0,20.304
NOD000793,NOD000780,350.0,20.4796
NOD000793,NOD000781,481.0,28.1448
NOD000793,NOD000785,585.0,34.2301
NOD000793,NOD000786,358.0,20.9477
NOD000793,NOD000789,357.0,20.8892
NOD000793,NOD000790,920.0,53.832
NOD000793,NOD000794,1351.0,79.0512
NOD000793,NOD000795,357.0,20.8892
NOD000796,NOD000592,704.0,41.1932
NOD000796,NOD000593,720.0,42.1294
NOD000796,NOD000594,720.0,42.1294
NOD000796,NOD000596,1329.0,77.7639
NOD000796,NOD000597,712.0,41.6613
NOD000796,NOD000598,1280.0,74.8967
NOD000796,NOD000599,1135.0,66.4123
NOD000796,NOD000601,726.0,42.4805
NOD000796,NOD000603,726.0,42.4805
NOD000796,NOD000607,860.0,50.3212
NOD000796,NOD000611,726.0,42.4805
NOD000796,NOD000612,2636.0,154.2405
NOD000796,NOD000622,1714.0,100.2914
NOD000796,NOD000632,869.0,50.8479
NOD000796,NOD000645,712.0,41.6613
NOD000796,NOD000647,726.0,42.4805
NOD000796,NOD000677,712.0,41.6613
NOD000796,NOD000678,837.0,48.9754
NOD000796,NOD000696,716.0,41.8954
NOD000796,NOD000706,1266.0,74.0775
NOD000796,NOD000777,1135.0,66.4123
NOD000796,NOD000779,720.0,42.1294
NOD000796,NOD000780,712.0,41.6613
NOD000796,NOD000781,854.0,49.9702
NOD000796,NOD000785,948.0,55.4704
NOD000796,NOD000786,704.0,41.1932
NOD000796,NOD000789,720.0,42.1294
NOD000796,NOD000790,1266.0,74.0775
NOD000796,NOD000794,1714.0,100.2914
NOD000796,NOD000795,720.0,42.1294
