vehicle_id,task_id,q_ki
VEH000428,TSK000016,1
VEH000403,TSK000016,1
VEH000388,TSK000016,0
VEH000298,TSK000016,1
VEH000485,TSK000016,1
VEH000366,TSK000016,1
VEH000429,TSK000016,1
VEH000393,TSK000016,1
VEH000264,TSK000016,1
VEH000341,TSK000016,1
VEH000519,TSK000016,0
VEH000231,TSK000016,0
VEH000309,TSK000016,1
VEH000094,TSK000016,1
VEH000032,TSK000016,1
VEH000097,TSK000016,1
VEH000275,TSK000016,1
VEH000272,TSK000016,1
VEH000514,TSK000016,1
VEH000359,TSK000016,1
VEH000067,TSK000016,1
VEH000421,TSK000016,0
VEH000520,TSK000016,0
VEH000058,TSK000016,1
VEH000312,TSK000016,1
VEH000408,TSK000016,0
VEH000528,TSK000016,1
VEH000431,TSK000016,1
VEH000082,TSK000016,1
VEH000065,TSK000016,0
VEH000394,TSK000016,1
VEH000059,TSK000016,1
VEH000087,TSK000016,1
VEH000301,TSK000016,1
VEH000050,TSK000016,1
VEH000317,TSK000016,1
VEH000222,TSK000016,1
VEH000280,TSK000016,0
VEH000430,TSK000016,1
VEH000361,TSK000016,1
VEH000459,TSK000016,1
VEH000296,TSK000016,1
VEH000089,TSK000016,0
VEH000527,TSK000016,0
VEH000026,TSK000016,1
VEH000098,TSK000016,1
VEH000329,TSK000016,1
VEH000343,TSK000016,1
VEH000045,TSK000016,1
VEH000100,TSK000016,1
VEH000428,TSK000315,1
VEH000403,TSK000315,1
VEH000388,TSK000315,1
VEH000298,TSK000315,0
VEH000485,TSK000315,0
VEH000366,TSK000315,0
VEH000429,TSK000315,1
VEH000393,TSK000315,1
VEH000264,TSK000315,1
VEH000341,TSK000315,1
VEH000519,TSK000315,1
VEH000231,TSK000315,1
VEH000309,TSK000315,1
VEH000094,TSK000315,0
VEH000032,TSK000315,1
VEH000097,TSK000315,1
VEH000275,TSK000315,0
VEH000272,TSK000315,1
VEH000514,TSK000315,1
VEH000359,TSK000315,1
VEH000067,TSK000315,1
VEH000421,TSK000315,0
VEH000520,TSK000315,0
VEH000058,TSK000315,1
VEH000312,TSK000315,1
VEH000408,TSK000315,1
VEH000528,TSK000315,1
VEH000431,TSK000315,1
VEH000082,TSK000315,1
VEH000065,TSK000315,1
VEH000394,TSK000315,1
VEH000059,TSK000315,1
VEH000087,TSK000315,1
VEH000301,TSK000315,1
VEH000050,TSK000315,1
VEH000317,TSK000315,1
VEH000222,TSK000315,1
VEH000280,TSK000315,1
VEH000430,TSK000315,1
VEH000361,TSK000315,1
VEH000459,TSK000315,1
VEH000296,TSK000315,1
VEH000089,TSK000315,1
VEH000527,TSK000315,0
VEH000026,TSK000315,1
VEH000098,TSK000315,0
VEH000329,TSK000315,0
VEH000343,TSK000315,1
VEH000045,TSK000315,1
VEH000100,TSK000315,1
VEH000428,TSK000341,1
VEH000403,TSK000341,1
VEH000388,TSK000341,1
VEH000298,TSK000341,0
VEH000485,TSK000341,1
VEH000366,TSK000341,1
VEH000429,TSK000341,1
VEH000393,TSK000341,1
VEH000264,TSK000341,1
VEH000341,TSK000341,1
VEH000519,TSK000341,1
VEH000231,TSK000341,1
VEH000309,TSK000341,1
VEH000094,TSK000341,1
VEH000032,TSK000341,1
VEH000097,TSK000341,1
VEH000275,TSK000341,0
VEH000272,TSK000341,1
VEH000514,TSK000341,1
VEH000359,TSK000341,1
VEH000067,TSK000341,1
VEH000421,TSK000341,1
VEH000520,TSK000341,1
VEH000058,TSK000341,0
VEH000312,TSK000341,1
VEH000408,TSK000341,0
VEH000528,TSK000341,1
VEH000431,TSK000341,1
VEH000082,TSK000341,1
VEH000065,TSK000341,1
VEH000394,TSK000341,1
VEH000059,TSK000341,1
VEH000087,TSK000341,1
VEH000301,TSK000341,0
VEH000050,TSK000341,1
VEH000317,TSK000341,1
VEH000222,TSK000341,1
VEH000280,TSK000341,0
VEH000430,TSK000341,1
VEH000361,TSK000341,1
VEH000459,TSK000341,0
VEH000296,TSK000341,1
VEH000089,TSK000341,1
VEH000527,TSK000341,0
VEH000026,TSK000341,1
VEH000098,TSK000341,0
VEH000329,TSK000341,0
VEH000343,TSK000341,1
VEH000045,TSK000341,1
VEH000100,TSK000341,1
VEH000428,TSK000344,0
VEH000403,TSK000344,1
VEH000388,TSK000344,1
VEH000298,TSK000344,1
VEH000485,TSK000344,0
VEH000366,TSK000344,1
VEH000429,TSK000344,0
VEH000393,TSK000344,1
VEH000264,TSK000344,0
VEH000341,TSK000344,1
VEH000519,TSK000344,1
VEH000231,TSK000344,1
VEH000309,TSK000344,1
VEH000094,TSK000344,1
VEH000032,TSK000344,1
VEH000097,TSK000344,1
VEH000275,TSK000344,1
VEH000272,TSK000344,0
VEH000514,TSK000344,1
VEH000359,TSK000344,1
VEH000067,TSK000344,0
VEH000421,TSK000344,1
VEH000520,TSK000344,1
VEH000058,TSK000344,0
VEH000312,TSK000344,0
VEH000408,TSK000344,1
VEH000528,TSK000344,1
VEH000431,TSK000344,1
VEH000082,TSK000344,1
VEH000065,TSK000344,1
VEH000394,TSK000344,1
VEH000059,TSK000344,1
VEH000087,TSK000344,0
VEH000301,TSK000344,1
VEH000050,TSK000344,1
VEH000317,TSK000344,1
VEH000222,TSK000344,1
VEH000280,TSK000344,1
VEH000430,TSK000344,1
VEH000361,TSK000344,1
VEH000459,TSK000344,1
VEH000296,TSK000344,1
VEH000089,TSK000344,1
VEH000527,TSK000344,1
VEH000026,TSK000344,1
VEH000098,TSK000344,1
VEH000329,TSK000344,0
VEH000343,TSK000344,1
VEH000045,TSK000344,1
VEH000100,TSK000344,1
VEH000428,TSK000385,1
VEH000403,TSK000385,1
VEH000388,TSK000385,1
VEH000298,TSK000385,0
VEH000485,TSK000385,1
VEH000366,TSK000385,1
VEH000429,TSK000385,1
VEH000393,TSK000385,0
VEH000264,TSK000385,0
VEH000341,TSK000385,1
VEH000519,TSK000385,1
VEH000231,TSK000385,0
VEH000309,TSK000385,1
VEH000094,TSK000385,1
VEH000032,TSK000385,1
VEH000097,TSK000385,1
VEH000275,TSK000385,1
VEH000272,TSK000385,1
VEH000514,TSK000385,1
VEH000359,TSK000385,1
VEH000067,TSK000385,1
VEH000421,TSK000385,1
VEH000520,TSK000385,1
VEH000058,TSK000385,0
VEH000312,TSK000385,0
VEH000408,TSK000385,1
VEH000528,TSK000385,1
VEH000431,TSK000385,1
VEH000082,TSK000385,1
VEH000065,TSK000385,1
VEH000394,TSK000385,1
VEH000059,TSK000385,0
VEH000087,TSK000385,1
VEH000301,TSK000385,1
VEH000050,TSK000385,0
VEH000317,TSK000385,1
VEH000222,TSK000385,1
VEH000280,TSK000385,1
VEH000430,TSK000385,1
VEH000361,TSK000385,1
VEH000459,TSK000385,1
VEH000296,TSK000385,1
VEH000089,TSK000385,1
VEH000527,TSK000385,0
VEH000026,TSK000385,0
VEH000098,TSK000385,1
VEH000329,TSK000385,1
VEH000343,TSK000385,1
VEH000045,TSK000385,1
VEH000100,TSK000385,1
VEH000428,TSK000516,0
VEH000403,TSK000516,1
VEH000388,TSK000516,0
VEH000298,TSK000516,1
VEH000485,TSK000516,0
VEH000366,TSK000516,1
VEH000429,TSK000516,1
VEH000393,TSK000516,1
VEH000264,TSK000516,1
VEH000341,TSK000516,1
VEH000519,TSK000516,1
VEH000231,TSK000516,1
VEH000309,TSK000516,1
VEH000094,TSK000516,0
VEH000032,TSK000516,0
VEH000097,TSK000516,1
VEH000275,TSK000516,1
VEH000272,TSK000516,1
VEH000514,TSK000516,1
VEH000359,TSK000516,1
VEH000067,TSK000516,1
VEH000421,TSK000516,0
VEH000520,TSK000516,1
VEH000058,TSK000516,1
VEH000312,TSK000516,1
VEH000408,TSK000516,1
VEH000528,TSK000516,1
VEH000431,TSK000516,1
VEH000082,TSK000516,1
VEH000065,TSK000516,1
VEH000394,TSK000516,0
VEH000059,TSK000516,1
VEH000087,TSK000516,1
VEH000301,TSK000516,1
VEH000050,TSK000516,1
VEH000317,TSK000516,1
VEH000222,TSK000516,1
VEH000280,TSK000516,1
VEH000430,TSK000516,1
VEH000361,TSK000516,0
VEH000459,TSK000516,0
VEH000296,TSK000516,1
VEH000089,TSK000516,1
VEH000527,TSK000516,0
VEH000026,TSK000516,1
VEH000098,TSK000516,1
VEH000329,TSK000516,1
VEH000343,TSK000516,1
VEH000045,TSK000516,1
VEH000100,TSK000516,1
VEH000428,TSK000846,1
VEH000403,TSK000846,0
VEH000388,TSK000846,1
VEH000298,TSK000846,1
VEH000485,TSK000846,0
VEH000366,TSK000846,1
VEH000429,TSK000846,0
VEH000393,TSK000846,1
VEH000264,TSK000846,1
VEH000341,TSK000846,0
VEH000519,TSK000846,1
VEH000231,TSK000846,1
VEH000309,TSK000846,1
VEH000094,TSK000846,1
VEH000032,TSK000846,1
VEH000097,TSK000846,1
VEH000275,TSK000846,1
VEH000272,TSK000846,1
VEH000514,TSK000846,0
VEH000359,TSK000846,0
VEH000067,TSK000846,1
VEH000421,TSK000846,1
VEH000520,TSK000846,1
VEH000058,TSK000846,1
VEH000312,TSK000846,1
VEH000408,TSK000846,1
VEH000528,TSK000846,1
VEH000431,TSK000846,0
VEH000082,TSK000846,1
VEH000065,TSK000846,0
VEH000394,TSK000846,1
VEH000059,TSK000846,1
VEH000087,TSK000846,1
VEH000301,TSK000846,1
VEH000050,TSK000846,0
VEH000317,TSK000846,1
VEH000222,TSK000846,1
VEH000280,TSK000846,1
VEH000430,TSK000846,1
VEH000361,TSK000846,1
VEH000459,TSK000846,1
VEH000296,TSK000846,1
VEH000089,TSK000846,1
VEH000527,TSK000846,1
VEH000026,TSK000846,1
VEH000098,TSK000846,1
VEH000329,TSK000846,1
VEH000343,TSK000846,0
VEH000045,TSK000846,1
VEH000100,TSK000846,1
VEH000428,TSK000887,1
VEH000403,TSK000887,0
VEH000388,TSK000887,1
VEH000298,TSK000887,0
VEH000485,TSK000887,0
VEH000366,TSK000887,1
VEH000429,TSK000887,1
VEH000393,TSK000887,1
VEH000264,TSK000887,1
VEH000341,TSK000887,1
VEH000519,TSK000887,1
VEH000231,TSK000887,0
VEH000309,TSK000887,1
VEH000094,TSK000887,1
VEH000032,TSK000887,1
VEH000097,TSK000887,1
VEH000275,TSK000887,1
VEH000272,TSK000887,0
VEH000514,TSK000887,0
VEH000359,TSK000887,0
VEH000067,TSK000887,1
VEH000421,TSK000887,1
VEH000520,TSK000887,1
VEH000058,TSK000887,1
VEH000312,TSK000887,1
VEH000408,TSK000887,0
VEH000528,TSK000887,1
VEH000431,TSK000887,1
VEH000082,TSK000887,1
VEH000065,TSK000887,1
VEH000394,TSK000887,1
VEH000059,TSK000887,1
VEH000087,TSK000887,0
VEH000301,TSK000887,1
VEH000050,TSK000887,1
VEH000317,TSK000887,1
VEH000222,TSK000887,1
VEH000280,TSK000887,1
VEH000430,TSK000887,1
VEH000361,TSK000887,1
VEH000459,TSK000887,1
VEH000296,TSK000887,1
VEH000089,TSK000887,1
VEH000527,TSK000887,1
VEH000026,TSK000887,1
VEH000098,TSK000887,1
VEH000329,TSK000887,1
VEH000343,TSK000887,1
VEH000045,TSK000887,1
VEH000100,TSK000887,0
VEH000428,TSK001134,1
VEH000403,TSK001134,1
VEH000388,TSK001134,0
VEH000298,TSK001134,1
VEH000485,TSK001134,1
VEH000366,TSK001134,0
VEH000429,TSK001134,0
VEH000393,TSK001134,1
VEH000264,TSK001134,1
VEH000341,TSK001134,1
VEH000519,TSK001134,1
VEH000231,TSK001134,1
VEH000309,TSK001134,0
VEH000094,TSK001134,1
VEH000032,TSK001134,1
VEH000097,TSK001134,1
VEH000275,TSK001134,1
VEH000272,TSK001134,1
VEH000514,TSK001134,1
VEH000359,TSK001134,1
VEH000067,TSK001134,0
VEH000421,TSK001134,1
VEH000520,TSK001134,1
VEH000058,TSK001134,0
VEH000312,TSK001134,1
VEH000408,TSK001134,1
VEH000528,TSK001134,1
VEH000431,TSK001134,1
VEH000082,TSK001134,1
VEH000065,TSK001134,1
VEH000394,TSK001134,1
VEH000059,TSK001134,1
VEH000087,TSK001134,1
VEH000301,TSK001134,1
VEH000050,TSK001134,1
VEH000317,TSK001134,0
VEH000222,TSK001134,1
VEH000280,TSK001134,1
VEH000430,TSK001134,0
VEH000361,TSK001134,1
VEH000459,TSK001134,1
VEH000296,TSK001134,0
VEH000089,TSK001134,1
VEH000527,TSK001134,1
VEH000026,TSK001134,1
VEH000098,TSK001134,1
VEH000329,TSK001134,1
VEH000343,TSK001134,0
VEH000045,TSK001134,1
VEH000100,TSK001134,1
VEH000428,TSK001163,1
VEH000403,TSK001163,1
VEH000388,TSK001163,1
VEH000298,TSK001163,0
VEH000485,TSK001163,1
VEH000366,TSK001163,1
VEH000429,TSK001163,0
VEH000393,TSK001163,1
VEH000264,TSK001163,1
VEH000341,TSK001163,1
VEH000519,TSK001163,1
VEH000231,TSK001163,1
VEH000309,TSK001163,1
VEH000094,TSK001163,1
VEH000032,TSK001163,1
VEH000097,TSK001163,1
VEH000275,TSK001163,0
VEH000272,TSK001163,1
VEH000514,TSK001163,1
VEH000359,TSK001163,1
VEH000067,TSK001163,1
VEH000421,TSK001163,1
VEH000520,TSK001163,1
VEH000058,TSK001163,1
VEH000312,TSK001163,1
VEH000408,TSK001163,1
VEH000528,TSK001163,1
VEH000431,TSK001163,1
VEH000082,TSK001163,1
VEH000065,TSK001163,0
VEH000394,TSK001163,0
VEH000059,TSK001163,1
VEH000087,TSK001163,1
VEH000301,TSK001163,1
VEH000050,TSK001163,0
VEH000317,TSK001163,1
VEH000222,TSK001163,1
VEH000280,TSK001163,1
VEH000430,TSK001163,0
VEH000361,TSK001163,1
VEH000459,TSK001163,1
VEH000296,TSK001163,0
VEH000089,TSK001163,0
VEH000527,TSK001163,1
VEH000026,TSK001163,1
VEH000098,TSK001163,1
VEH000329,TSK001163,0
VEH000343,TSK001163,1
VEH000045,TSK001163,1
VEH000100,TSK001163,1
VEH000428,TSK001193,1
VEH000403,TSK001193,0
VEH000388,TSK001193,0
VEH000298,TSK001193,1
VEH000485,TSK001193,1
VEH000366,TSK001193,1
VEH000429,TSK001193,1
VEH000393,TSK001193,1
VEH000264,TSK001193,0
VEH000341,TSK001193,1
VEH000519,TSK001193,1
VEH000231,TSK001193,1
VEH000309,TSK001193,1
VEH000094,TSK001193,1
VEH000032,TSK001193,1
VEH000097,TSK001193,1
VEH000275,TSK001193,1
VEH000272,TSK001193,0
VEH000514,TSK001193,1
VEH000359,TSK001193,1
VEH000067,TSK001193,1
VEH000421,TSK001193,1
VEH000520,TSK001193,1
VEH000058,TSK001193,1
VEH000312,TSK001193,0
VEH000408,TSK001193,0
VEH000528,TSK001193,1
VEH000431,TSK001193,0
VEH000082,TSK001193,1
VEH000065,TSK001193,1
VEH000394,TSK001193,0
VEH000059,TSK001193,0
VEH000087,TSK001193,1
VEH000301,TSK001193,1
VEH000050,TSK001193,1
VEH000317,TSK001193,1
VEH000222,TSK001193,1
VEH000280,TSK001193,1
VEH000430,TSK001193,1
VEH000361,TSK001193,1
VEH000459,TSK001193,1
VEH000296,TSK001193,1
VEH000089,TSK001193,0
VEH000527,TSK001193,1
VEH000026,TSK001193,1
VEH000098,TSK001193,1
VEH000329,TSK001193,1
VEH000343,TSK001193,1
VEH000045,TSK001193,1
VEH000100,TSK001193,1
VEH000428,TSK001235,1
VEH000403,TSK001235,1
VEH000388,TSK001235,0
VEH000298,TSK001235,1
VEH000485,TSK001235,1
VEH000366,TSK001235,1
VEH000429,TSK001235,0
VEH000393,TSK001235,0
VEH000264,TSK001235,1
VEH000341,TSK001235,1
VEH000519,TSK001235,1
VEH000231,TSK001235,1
VEH000309,TSK001235,0
VEH000094,TSK001235,1
VEH000032,TSK001235,1
VEH000097,TSK001235,1
VEH000275,TSK001235,1
VEH000272,TSK001235,1
VEH000514,TSK001235,1
VEH000359,TSK001235,1
VEH000067,TSK001235,0
VEH000421,TSK001235,1
VEH000520,TSK001235,1
VEH000058,TSK001235,1
VEH000312,TSK001235,1
VEH000408,TSK001235,1
VEH000528,TSK001235,0
VEH000431,TSK001235,1
VEH000082,TSK001235,1
VEH000065,TSK001235,1
VEH000394,TSK001235,1
VEH000059,TSK001235,1
VEH000087,TSK001235,1
VEH000301,TSK001235,0
VEH000050,TSK001235,1
VEH000317,TSK001235,1
VEH000222,TSK001235,1
VEH000280,TSK001235,1
VEH000430,TSK001235,1
VEH000361,TSK001235,0
VEH000459,TSK001235,1
VEH000296,TSK001235,0
VEH000089,TSK001235,1
VEH000527,TSK001235,1
VEH000026,TSK001235,1
VEH000098,TSK001235,1
VEH000329,TSK001235,0
VEH000343,TSK001235,1
VEH000045,TSK001235,1
VEH000100,TSK001235,1
VEH000428,TSK001273,1
VEH000403,TSK001273,1
VEH000388,TSK001273,1
VEH000298,TSK001273,1
VEH000485,TSK001273,1
VEH000366,TSK001273,1
VEH000429,TSK001273,1
VEH000393,TSK001273,1
VEH000264,TSK001273,1
VEH000341,TSK001273,0
VEH000519,TSK001273,1
VEH000231,TSK001273,1
VEH000309,TSK001273,1
VEH000094,TSK001273,0
VEH000032,TSK001273,1
VEH000097,TSK001273,1
VEH000275,TSK001273,1
VEH000272,TSK001273,1
VEH000514,TSK001273,1
VEH000359,TSK001273,1
VEH000067,TSK001273,0
VEH000421,TSK001273,0
VEH000520,TSK001273,0
VEH000058,TSK001273,1
VEH000312,TSK001273,0
VEH000408,TSK001273,0
VEH000528,TSK001273,1
VEH000431,TSK001273,1
VEH000082,TSK001273,1
VEH000065,TSK001273,1
VEH000394,TSK001273,1
VEH000059,TSK001273,1
VEH000087,TSK001273,1
VEH000301,TSK001273,1
VEH000050,TSK001273,1
VEH000317,TSK001273,1
VEH000222,TSK001273,0
VEH000280,TSK001273,1
VEH000430,TSK001273,1
VEH000361,TSK001273,0
VEH000459,TSK001273,0
VEH000296,TSK001273,1
VEH000089,TSK001273,1
VEH000527,TSK001273,1
VEH000026,TSK001273,1
VEH000098,TSK001273,1
VEH000329,TSK001273,1
VEH000343,TSK001273,1
VEH000045,TSK001273,1
VEH000100,TSK001273,1
VEH000428,TSK001310,1
VEH000403,TSK001310,1
VEH000388,TSK001310,1
VEH000298,TSK001310,1
VEH000485,TSK001310,1
VEH000366,TSK001310,0
VEH000429,TSK001310,1
VEH000393,TSK001310,1
VEH000264,TSK001310,1
VEH000341,TSK001310,1
VEH000519,TSK001310,1
VEH000231,TSK001310,1
VEH000309,TSK001310,1
VEH000094,TSK001310,0
VEH000032,TSK001310,1
VEH000097,TSK001310,1
VEH000275,TSK001310,1
VEH000272,TSK001310,1
VEH000514,TSK001310,1
VEH000359,TSK001310,1
VEH000067,TSK001310,1
VEH000421,TSK001310,0
VEH000520,TSK001310,0
VEH000058,TSK001310,1
VEH000312,TSK001310,1
VEH000408,TSK001310,1
VEH000528,TSK001310,1
VEH000431,TSK001310,0
VEH000082,TSK001310,1
VEH000065,TSK001310,1
VEH000394,TSK001310,1
VEH000059,TSK001310,1
VEH000087,TSK001310,0
VEH000301,TSK001310,1
VEH000050,TSK001310,0
VEH000317,TSK001310,1
VEH000222,TSK001310,1
VEH000280,TSK001310,1
VEH000430,TSK001310,1
VEH000361,TSK001310,1
VEH000459,TSK001310,1
VEH000296,TSK001310,1
VEH000089,TSK001310,0
VEH000527,TSK001310,1
VEH000026,TSK001310,1
VEH000098,TSK001310,1
VEH000329,TSK001310,1
VEH000343,TSK001310,1
VEH000045,TSK001310,0
VEH000100,TSK001310,0
VEH000428,TSK001361,1
VEH000403,TSK001361,1
VEH000388,TSK001361,0
VEH000298,TSK001361,1
VEH000485,TSK001361,1
VEH000366,TSK001361,1
VEH000429,TSK001361,1
VEH000393,TSK001361,1
VEH000264,TSK001361,1
VEH000341,TSK001361,1
VEH000519,TSK001361,1
VEH000231,TSK001361,0
VEH000309,TSK001361,1
VEH000094,TSK001361,1
VEH000032,TSK001361,1
VEH000097,TSK001361,1
VEH000275,TSK001361,1
VEH000272,TSK001361,1
VEH000514,TSK001361,0
VEH000359,TSK001361,1
VEH000067,TSK001361,0
VEH000421,TSK001361,0
VEH000520,TSK001361,1
VEH000058,TSK001361,1
VEH000312,TSK001361,1
VEH000408,TSK001361,1
VEH000528,TSK001361,1
VEH000431,TSK001361,1
VEH000082,TSK001361,0
VEH000065,TSK001361,1
VEH000394,TSK001361,1
VEH000059,TSK001361,1
VEH000087,TSK001361,1
VEH000301,TSK001361,1
VEH000050,TSK001361,1
VEH000317,TSK001361,1
VEH000222,TSK001361,1
VEH000280,TSK001361,1
VEH000430,TSK001361,0
VEH000361,TSK001361,1
VEH000459,TSK001361,1
VEH000296,TSK001361,1
VEH000089,TSK001361,0
VEH000527,TSK001361,1
VEH000026,TSK001361,1
VEH000098,TSK001361,0
VEH000329,TSK001361,1
VEH000343,TSK001361,1
VEH000045,TSK001361,1
VEH000100,TSK001361,0
VEH000428,TSK001385,1
VEH000403,TSK001385,0
VEH000388,TSK001385,1
VEH000298,TSK001385,1
VEH000485,TSK001385,1
VEH000366,TSK001385,1
VEH000429,TSK001385,1
VEH000393,TSK001385,1
VEH000264,TSK001385,1
VEH000341,TSK001385,1
VEH000519,TSK001385,0
VEH000231,TSK001385,1
VEH000309,TSK001385,0
VEH000094,TSK001385,1
VEH000032,TSK001385,1
VEH000097,TSK001385,1
VEH000275,TSK001385,1
VEH000272,TSK001385,1
VEH000514,TSK001385,1
VEH000359,TSK001385,0
VEH000067,TSK001385,1
VEH000421,TSK001385,1
VEH000520,TSK001385,1
VEH000058,TSK001385,1
VEH000312,TSK001385,1
VEH000408,TSK001385,1
VEH000528,TSK001385,0
VEH000431,TSK001385,1
VEH000082,TSK001385,1
VEH000065,TSK001385,0
VEH000394,TSK001385,1
VEH000059,TSK001385,1
VEH000087,TSK001385,0
VEH000301,TSK001385,1
VEH000050,TSK001385,0
VEH000317,TSK001385,1
VEH000222,TSK001385,1
VEH000280,TSK001385,1
VEH000430,TSK001385,0
VEH000361,TSK001385,1
VEH000459,TSK001385,1
VEH000296,TSK001385,1
VEH000089,TSK001385,1
VEH000527,TSK001385,1
VEH000026,TSK001385,1
VEH000098,TSK001385,1
VEH000329,TSK001385,1
VEH000343,TSK001385,0
VEH000045,TSK001385,1
VEH000100,TSK001385,1
VEH000428,TSK001423,1
VEH000403,TSK001423,1
VEH000388,TSK001423,1
VEH000298,TSK001423,1
VEH000485,TSK001423,0
VEH000366,TSK001423,1
VEH000429,TSK001423,1
VEH000393,TSK001423,0
VEH000264,TSK001423,0
VEH000341,TSK001423,1
VEH000519,TSK001423,1
VEH000231,TSK001423,1
VEH000309,TSK001423,1
VEH000094,TSK001423,1
VEH000032,TSK001423,1
VEH000097,TSK001423,0
VEH000275,TSK001423,1
VEH000272,TSK001423,1
VEH000514,TSK001423,1
VEH000359,TSK001423,1
VEH000067,TSK001423,1
VEH000421,TSK001423,0
VEH000520,TSK001423,0
VEH000058,TSK001423,1
VEH000312,TSK001423,1
VEH000408,TSK001423,0
VEH000528,TSK001423,1
VEH000431,TSK001423,1
VEH000082,TSK001423,0
VEH000065,TSK001423,1
VEH000394,TSK001423,1
VEH000059,TSK001423,1
VEH000087,TSK001423,1
VEH000301,TSK001423,0
VEH000050,TSK001423,1
VEH000317,TSK001423,1
VEH000222,TSK001423,1
VEH000280,TSK001423,1
VEH000430,TSK001423,1
VEH000361,TSK001423,1
VEH000459,TSK001423,1
VEH000296,TSK001423,1
VEH000089,TSK001423,1
VEH000527,TSK001423,1
VEH000026,TSK001423,1
VEH000098,TSK001423,1
VEH000329,TSK001423,1
VEH000343,TSK001423,0
VEH000045,TSK001423,1
VEH000100,TSK001423,1
VEH000428,TSK001637,1
VEH000403,TSK001637,1
VEH000388,TSK001637,1
VEH000298,TSK001637,1
VEH000485,TSK001637,1
VEH000366,TSK001637,0
VEH000429,TSK001637,1
VEH000393,TSK001637,1
VEH000264,TSK001637,1
VEH000341,TSK001637,1
VEH000519,TSK001637,1
VEH000231,TSK001637,1
VEH000309,TSK001637,1
VEH000094,TSK001637,0
VEH000032,TSK001637,0
VEH000097,TSK001637,1
VEH000275,TSK001637,0
VEH000272,TSK001637,1
VEH000514,TSK001637,0
VEH000359,TSK001637,1
VEH000067,TSK001637,1
VEH000421,TSK001637,1
VEH000520,TSK001637,1
VEH000058,TSK001637,0
VEH000312,TSK001637,1
VEH000408,TSK001637,0
VEH000528,TSK001637,1
VEH000431,TSK001637,1
VEH000082,TSK001637,1
VEH000065,TSK001637,1
VEH000394,TSK001637,1
VEH000059,TSK001637,1
VEH000087,TSK001637,1
VEH000301,TSK001637,1
VEH000050,TSK001637,0
VEH000317,TSK001637,0
VEH000222,TSK001637,1
VEH000280,TSK001637,1
VEH000430,TSK001637,1
VEH000361,TSK001637,1
VEH000459,TSK001637,1
VEH000296,TSK001637,1
VEH000089,TSK001637,1
VEH000527,TSK001637,1
VEH000026,TSK001637,1
VEH000098,TSK001637,1
VEH000329,TSK001637,1
VEH000343,TSK001637,1
VEH000045,TSK001637,1
VEH000100,TSK001637,0
VEH000428,TSK001709,1
VEH000403,TSK001709,1
VEH000388,TSK001709,0
VEH000298,TSK001709,1
VEH000485,TSK001709,1
VEH000366,TSK001709,0
VEH000429,TSK001709,1
VEH000393,TSK001709,1
VEH000264,TSK001709,1
VEH000341,TSK001709,0
VEH000519,TSK001709,1
VEH000231,TSK001709,1
VEH000309,TSK001709,1
VEH000094,TSK001709,1
VEH000032,TSK001709,1
VEH000097,TSK001709,1
VEH000275,TSK001709,1
VEH000272,TSK001709,1
VEH000514,TSK001709,1
VEH000359,TSK001709,1
VEH000067,TSK001709,1
VEH000421,TSK001709,1
VEH000520,TSK001709,1
VEH000058,TSK001709,1
VEH000312,TSK001709,0
VEH000408,TSK001709,1
VEH000528,TSK001709,1
VEH000431,TSK001709,1
VEH000082,TSK001709,1
VEH000065,TSK001709,1
VEH000394,TSK001709,0
VEH000059,TSK001709,0
VEH000087,TSK001709,1
VEH000301,TSK001709,0
VEH000050,TSK001709,0
VEH000317,TSK001709,1
VEH000222,TSK001709,1
VEH000280,TSK001709,1
VEH000430,TSK001709,1
VEH000361,TSK001709,1
VEH000459,TSK001709,0
VEH000296,TSK001709,1
VEH000089,TSK001709,1
VEH000527,TSK001709,0
VEH000026,TSK001709,1
VEH000098,TSK001709,1
VEH000329,TSK001709,1
VEH000343,TSK001709,1
VEH000045,TSK001709,1
VEH000100,TSK001709,1
VEH000428,TSK001718,1
VEH000403,TSK001718,1
VEH000388,TSK001718,1
VEH000298,TSK001718,1
VEH000485,TSK001718,1
VEH000366,TSK001718,1
VEH000429,TSK001718,1
VEH000393,TSK001718,0
VEH000264,TSK001718,1
VEH000341,TSK001718,1
VEH000519,TSK001718,1
VEH000231,TSK001718,0
VEH000309,TSK001718,1
VEH000094,TSK001718,1
VEH000032,TSK001718,1
VEH000097,TSK001718,1
VEH000275,TSK001718,1
VEH000272,TSK001718,1
VEH000514,TSK001718,1
VEH000359,TSK001718,1
VEH000067,TSK001718,1
VEH000421,TSK001718,1
VEH000520,TSK001718,0
VEH000058,TSK001718,1
VEH000312,TSK001718,1
VEH000408,TSK001718,1
VEH000528,TSK001718,0
VEH000431,TSK001718,1
VEH000082,TSK001718,1
VEH000065,TSK001718,0
VEH000394,TSK001718,0
VEH000059,TSK001718,1
VEH000087,TSK001718,1
VEH000301,TSK001718,0
VEH000050,TSK001718,1
VEH000317,TSK001718,1
VEH000222,TSK001718,1
VEH000280,TSK001718,1
VEH000430,TSK001718,1
VEH000361,TSK001718,1
VEH000459,TSK001718,1
VEH000296,TSK001718,1
VEH000089,TSK001718,1
VEH000527,TSK001718,0
VEH000026,TSK001718,1
VEH000098,TSK001718,0
VEH000329,TSK001718,0
VEH000343,TSK001718,1
VEH000045,TSK001718,1
VEH000100,TSK001718,1
VEH000428,TSK001733,1
VEH000403,TSK001733,0
VEH000388,TSK001733,1
VEH000298,TSK001733,0
VEH000485,TSK001733,1
VEH000366,TSK001733,1
VEH000429,TSK001733,1
VEH000393,TSK001733,1
VEH000264,TSK001733,1
VEH000341,TSK001733,0
VEH000519,TSK001733,1
VEH000231,TSK001733,1
VEH000309,TSK001733,1
VEH000094,TSK001733,1
VEH000032,TSK001733,1
VEH000097,TSK001733,1
VEH000275,TSK001733,1
VEH000272,TSK001733,1
VEH000514,TSK001733,0
VEH000359,TSK001733,1
VEH000067,TSK001733,1
VEH000421,TSK001733,1
VEH000520,TSK001733,0
VEH000058,TSK001733,1
VEH000312,TSK001733,0
VEH000408,TSK001733,1
VEH000528,TSK001733,1
VEH000431,TSK001733,1
VEH000082,TSK001733,1
VEH000065,TSK001733,1
VEH000394,TSK001733,1
VEH000059,TSK001733,1
VEH000087,TSK001733,1
VEH000301,TSK001733,1
VEH000050,TSK001733,1
VEH000317,TSK001733,0
VEH000222,TSK001733,1
VEH000280,TSK001733,1
VEH000430,TSK001733,1
VEH000361,TSK001733,0
VEH000459,TSK001733,1
VEH000296,TSK001733,1
VEH000089,TSK001733,1
VEH000527,TSK001733,0
VEH000026,TSK001733,0
VEH000098,TSK001733,1
VEH000329,TSK001733,1
VEH000343,TSK001733,1
VEH000045,TSK001733,1
VEH000100,TSK001733,1
VEH000428,TSK001796,1
VEH000403,TSK001796,0
VEH000388,TSK001796,1
VEH000298,TSK001796,0
VEH000485,TSK001796,1
VEH000366,TSK001796,1
VEH000429,TSK001796,1
VEH000393,TSK001796,1
VEH000264,TSK001796,1
VEH000341,TSK001796,0
VEH000519,TSK001796,1
VEH000231,TSK001796,1
VEH000309,TSK001796,1
VEH000094,TSK001796,0
VEH000032,TSK001796,1
VEH000097,TSK001796,1
VEH000275,TSK001796,0
VEH000272,TSK001796,1
VEH000514,TSK001796,1
VEH000359,TSK001796,0
VEH000067,TSK001796,1
VEH000421,TSK001796,0
VEH000520,TSK001796,1
VEH000058,TSK001796,1
VEH000312,TSK001796,1
VEH000408,TSK001796,1
VEH000528,TSK001796,1
VEH000431,TSK001796,0
VEH000082,TSK001796,1
VEH000065,TSK001796,1
VEH000394,TSK001796,1
VEH000059,TSK001796,1
VEH000087,TSK001796,1
VEH000301,TSK001796,0
VEH000050,TSK001796,1
VEH000317,TSK001796,1
VEH000222,TSK001796,1
VEH000280,TSK001796,1
VEH000430,TSK001796,1
VEH000361,TSK001796,1
VEH000459,TSK001796,0
VEH000296,TSK001796,1
VEH000089,TSK001796,1
VEH000527,TSK001796,1
VEH000026,TSK001796,1
VEH000098,TSK001796,1
VEH000329,TSK001796,1
VEH000343,TSK001796,1
VEH000045,TSK001796,1
VEH000100,TSK001796,1
VEH000428,TSK001800,1
VEH000403,TSK001800,1
VEH000388,TSK001800,1
VEH000298,TSK001800,1
VEH000485,TSK001800,1
VEH000366,TSK001800,1
VEH000429,TSK001800,1
VEH000393,TSK001800,1
VEH000264,TSK001800,1
VEH000341,TSK001800,0
VEH000519,TSK001800,1
VEH000231,TSK001800,1
VEH000309,TSK001800,0
VEH000094,TSK001800,1
VEH000032,TSK001800,1
VEH000097,TSK001800,1
VEH000275,TSK001800,1
VEH000272,TSK001800,0
VEH000514,TSK001800,0
VEH000359,TSK001800,1
VEH000067,TSK001800,1
VEH000421,TSK001800,1
VEH000520,TSK001800,1
VEH000058,TSK001800,0
VEH000312,TSK001800,1
VEH000408,TSK001800,1
VEH000528,TSK001800,0
VEH000431,TSK001800,1
VEH000082,TSK001800,1
VEH000065,TSK001800,1
VEH000394,TSK001800,1
VEH000059,TSK001800,1
VEH000087,TSK001800,0
VEH000301,TSK001800,0
VEH000050,TSK001800,0
VEH000317,TSK001800,1
VEH000222,TSK001800,1
VEH000280,TSK001800,1
VEH000430,TSK001800,1
VEH000361,TSK001800,1
VEH000459,TSK001800,1
VEH000296,TSK001800,1
VEH000089,TSK001800,1
VEH000527,TSK001800,1
VEH000026,TSK001800,1
VEH000098,TSK001800,1
VEH000329,TSK001800,1
VEH000343,TSK001800,1
VEH000045,TSK001800,1
VEH000100,TSK001800,0
VEH000428,TSK001838,1
VEH000403,TSK001838,1
VEH000388,TSK001838,1
VEH000298,TSK001838,1
VEH000485,TSK001838,1
VEH000366,TSK001838,1
VEH000429,TSK001838,1
VEH000393,TSK001838,1
VEH000264,TSK001838,1
VEH000341,TSK001838,1
VEH000519,TSK001838,0
VEH000231,TSK001838,0
VEH000309,TSK001838,1
VEH000094,TSK001838,1
VEH000032,TSK001838,1
VEH000097,TSK001838,1
VEH000275,TSK001838,0
VEH000272,TSK001838,1
VEH000514,TSK001838,1
VEH000359,TSK001838,1
VEH000067,TSK001838,0
VEH000421,TSK001838,1
VEH000520,TSK001838,1
VEH000058,TSK001838,1
VEH000312,TSK001838,0
VEH000408,TSK001838,0
VEH000528,TSK001838,1
VEH000431,TSK001838,1
VEH000082,TSK001838,0
VEH000065,TSK001838,1
VEH000394,TSK001838,1
VEH000059,TSK001838,1
VEH000087,TSK001838,1
VEH000301,TSK001838,1
VEH000050,TSK001838,0
VEH000317,TSK001838,1
VEH000222,TSK001838,1
VEH000280,TSK001838,1
VEH000430,TSK001838,1
VEH000361,TSK001838,1
VEH000459,TSK001838,1
VEH000296,TSK001838,1
VEH000089,TSK001838,1
VEH000527,TSK001838,1
VEH000026,TSK001838,0
VEH000098,TSK001838,0
VEH000329,TSK001838,1
VEH000343,TSK001838,1
VEH000045,TSK001838,1
VEH000100,TSK001838,1
VEH000428,TSK001910,1
VEH000403,TSK001910,0
VEH000388,TSK001910,1
VEH000298,TSK001910,1
VEH000485,TSK001910,1
VEH000366,TSK001910,1
VEH000429,TSK001910,1
VEH000393,TSK001910,1
VEH000264,TSK001910,0
VEH000341,TSK001910,1
VEH000519,TSK001910,0
VEH000231,TSK001910,1
VEH000309,TSK001910,1
VEH000094,TSK001910,1
VEH000032,TSK001910,1
VEH000097,TSK001910,1
VEH000275,TSK001910,1
VEH000272,TSK001910,1
VEH000514,TSK001910,1
VEH000359,TSK001910,0
VEH000067,TSK001910,1
VEH000421,TSK001910,1
VEH000520,TSK001910,1
VEH000058,TSK001910,1
VEH000312,TSK001910,1
VEH000408,TSK001910,1
VEH000528,TSK001910,1
VEH000431,TSK001910,0
VEH000082,TSK001910,1
VEH000065,TSK001910,1
VEH000394,TSK001910,1
VEH000059,TSK001910,1
VEH000087,TSK001910,1
VEH000301,TSK001910,0
VEH000050,TSK001910,0
VEH000317,TSK001910,1
VEH000222,TSK001910,1
VEH000280,TSK001910,1
VEH000430,TSK001910,1
VEH000361,TSK001910,0
VEH000459,TSK001910,1
VEH000296,TSK001910,1
VEH000089,TSK001910,0
VEH000527,TSK001910,1
VEH000026,TSK001910,1
VEH000098,TSK001910,1
VEH000329,TSK001910,1
VEH000343,TSK001910,1
VEH000045,TSK001910,0
VEH000100,TSK001910,1
VEH000428,TSK001938,1
VEH000403,TSK001938,1
VEH000388,TSK001938,1
VEH000298,TSK001938,1
VEH000485,TSK001938,0
VEH000366,TSK001938,1
VEH000429,TSK001938,1
VEH000393,TSK001938,1
VEH000264,TSK001938,1
VEH000341,TSK001938,1
VEH000519,TSK001938,1
VEH000231,TSK001938,0
VEH000309,TSK001938,1
VEH000094,TSK001938,1
VEH000032,TSK001938,0
VEH000097,TSK001938,1
VEH000275,TSK001938,0
VEH000272,TSK001938,1
VEH000514,TSK001938,1
VEH000359,TSK001938,0
VEH000067,TSK001938,1
VEH000421,TSK001938,1
VEH000520,TSK001938,1
VEH000058,TSK001938,0
VEH000312,TSK001938,1
VEH000408,TSK001938,1
VEH000528,TSK001938,1
VEH000431,TSK001938,1
VEH000082,TSK001938,1
VEH000065,TSK001938,0
VEH000394,TSK001938,1
VEH000059,TSK001938,1
VEH000087,TSK001938,0
VEH000301,TSK001938,1
VEH000050,TSK001938,1
VEH000317,TSK001938,1
VEH000222,TSK001938,0
VEH000280,TSK001938,1
VEH000430,TSK001938,1
VEH000361,TSK001938,1
VEH000459,TSK001938,1
VEH000296,TSK001938,1
VEH000089,TSK001938,1
VEH000527,TSK001938,0
VEH000026,TSK001938,1
VEH000098,TSK001938,1
VEH000329,TSK001938,1
VEH000343,TSK001938,1
VEH000045,TSK001938,1
VEH000100,TSK001938,1
VEH000428,TSK002039,1
VEH000403,TSK002039,1
VEH000388,TSK002039,1
VEH000298,TSK002039,0
VEH000485,TSK002039,1
VEH000366,TSK002039,1
VEH000429,TSK002039,1
VEH000393,TSK002039,1
VEH000264,TSK002039,0
VEH000341,TSK002039,1
VEH000519,TSK002039,1
VEH000231,TSK002039,1
VEH000309,TSK002039,1
VEH000094,TSK002039,1
VEH000032,TSK002039,1
VEH000097,TSK002039,1
VEH000275,TSK002039,1
VEH000272,TSK002039,1
VEH000514,TSK002039,1
VEH000359,TSK002039,1
VEH000067,TSK002039,1
VEH000421,TSK002039,0
VEH000520,TSK002039,1
VEH000058,TSK002039,1
VEH000312,TSK002039,0
VEH000408,TSK002039,0
VEH000528,TSK002039,1
VEH000431,TSK002039,1
VEH000082,TSK002039,0
VEH000065,TSK002039,0
VEH000394,TSK002039,0
VEH000059,TSK002039,1
VEH000087,TSK002039,1
VEH000301,TSK002039,0
VEH000050,TSK002039,1
VEH000317,TSK002039,1
VEH000222,TSK002039,1
VEH000280,TSK002039,1
VEH000430,TSK002039,1
VEH000361,TSK002039,1
VEH000459,TSK002039,1
VEH000296,TSK002039,1
VEH000089,TSK002039,1
VEH000527,TSK002039,1
VEH000026,TSK002039,0
VEH000098,TSK002039,1
VEH000329,TSK002039,1
VEH000343,TSK002039,1
VEH000045,TSK002039,1
VEH000100,TSK002039,1
VEH000428,TSK002086,1
VEH000403,TSK002086,1
VEH000388,TSK002086,1
VEH000298,TSK002086,0
VEH000485,TSK002086,1
VEH000366,TSK002086,1
VEH000429,TSK002086,0
VEH000393,TSK002086,1
VEH000264,TSK002086,1
VEH000341,TSK002086,0
VEH000519,TSK002086,0
VEH000231,TSK002086,0
VEH000309,TSK002086,1
VEH000094,TSK002086,0
VEH000032,TSK002086,1
VEH000097,TSK002086,1
VEH000275,TSK002086,1
VEH000272,TSK002086,1
VEH000514,TSK002086,1
VEH000359,TSK002086,1
VEH000067,TSK002086,1
VEH000421,TSK002086,1
VEH000520,TSK002086,1
VEH000058,TSK002086,1
VEH000312,TSK002086,1
VEH000408,TSK002086,1
VEH000528,TSK002086,1
VEH000431,TSK002086,1
VEH000082,TSK002086,1
VEH000065,TSK002086,0
VEH000394,TSK002086,1
VEH000059,TSK002086,1
VEH000087,TSK002086,1
VEH000301,TSK002086,0
VEH000050,TSK002086,0
VEH000317,TSK002086,1
VEH000222,TSK002086,1
VEH000280,TSK002086,1
VEH000430,TSK002086,1
VEH000361,TSK002086,1
VEH000459,TSK002086,0
VEH000296,TSK002086,1
VEH000089,TSK002086,1
VEH000527,TSK002086,1
VEH000026,TSK002086,1
VEH000098,TSK002086,1
VEH000329,TSK002086,1
VEH000343,TSK002086,1
VEH000045,TSK002086,1
VEH000100,TSK002086,1
VEH000428,TSK002159,1
VEH000403,TSK002159,0
VEH000388,TSK002159,1
VEH000298,TSK002159,0
VEH000485,TSK002159,0
VEH000366,TSK002159,1
VEH000429,TSK002159,1
VEH000393,TSK002159,1
VEH000264,TSK002159,1
VEH000341,TSK002159,1
VEH000519,TSK002159,1
VEH000231,TSK002159,1
VEH000309,TSK002159,0
VEH000094,TSK002159,1
VEH000032,TSK002159,1
VEH000097,TSK002159,1
VEH000275,TSK002159,1
VEH000272,TSK002159,1
VEH000514,TSK002159,0
VEH000359,TSK002159,1
VEH000067,TSK002159,0
VEH000421,TSK002159,1
VEH000520,TSK002159,1
VEH000058,TSK002159,1
VEH000312,TSK002159,0
VEH000408,TSK002159,1
VEH000528,TSK002159,1
VEH000431,TSK002159,1
VEH000082,TSK002159,0
VEH000065,TSK002159,1
VEH000394,TSK002159,1
VEH000059,TSK002159,1
VEH000087,TSK002159,1
VEH000301,TSK002159,1
VEH000050,TSK002159,1
VEH000317,TSK002159,1
VEH000222,TSK002159,1
VEH000280,TSK002159,1
VEH000430,TSK002159,0
VEH000361,TSK002159,1
VEH000459,TSK002159,1
VEH000296,TSK002159,1
VEH000089,TSK002159,1
VEH000527,TSK002159,1
VEH000026,TSK002159,1
VEH000098,TSK002159,1
VEH000329,TSK002159,0
VEH000343,TSK002159,1
VEH000045,TSK002159,1
VEH000100,TSK002159,1
VEH000428,TSK002199,1
VEH000403,TSK002199,1
VEH000388,TSK002199,1
VEH000298,TSK002199,0
VEH000485,TSK002199,0
VEH000366,TSK002199,0
VEH000429,TSK002199,1
VEH000393,TSK002199,1
VEH000264,TSK002199,1
VEH000341,TSK002199,0
VEH000519,TSK002199,1
VEH000231,TSK002199,1
VEH000309,TSK002199,1
VEH000094,TSK002199,1
VEH000032,TSK002199,1
VEH000097,TSK002199,0
VEH000275,TSK002199,1
VEH000272,TSK002199,1
VEH000514,TSK002199,1
VEH000359,TSK002199,1
VEH000067,TSK002199,1
VEH000421,TSK002199,0
VEH000520,TSK002199,1
VEH000058,TSK002199,1
VEH000312,TSK002199,1
VEH000408,TSK002199,1
VEH000528,TSK002199,1
VEH000431,TSK002199,1
VEH000082,TSK002199,1
VEH000065,TSK002199,0
VEH000394,TSK002199,1
VEH000059,TSK002199,0
VEH000087,TSK002199,1
VEH000301,TSK002199,1
VEH000050,TSK002199,1
VEH000317,TSK002199,1
VEH000222,TSK002199,1
VEH000280,TSK002199,1
VEH000430,TSK002199,1
VEH000361,TSK002199,1
VEH000459,TSK002199,1
VEH000296,TSK002199,1
VEH000089,TSK002199,1
VEH000527,TSK002199,1
VEH000026,TSK002199,1
VEH000098,TSK002199,0
VEH000329,TSK002199,1
VEH000343,TSK002199,1
VEH000045,TSK002199,1
VEH000100,TSK002199,0
VEH000428,TSK002378,1
VEH000403,TSK002378,1
VEH000388,TSK002378,0
VEH000298,TSK002378,1
VEH000485,TSK002378,1
VEH000366,TSK002378,0
VEH000429,TSK002378,0
VEH000393,TSK002378,0
VEH000264,TSK002378,1
VEH000341,TSK002378,1
VEH000519,TSK002378,1
VEH000231,TSK002378,1
VEH000309,TSK002378,1
VEH000094,TSK002378,1
VEH000032,TSK002378,1
VEH000097,TSK002378,1
VEH000275,TSK002378,1
VEH000272,TSK002378,1
VEH000514,TSK002378,1
VEH000359,TSK002378,1
VEH000067,TSK002378,1
VEH000421,TSK002378,1
VEH000520,TSK002378,1
VEH000058,TSK002378,0
VEH000312,TSK002378,1
VEH000408,TSK002378,1
VEH000528,TSK002378,1
VEH000431,TSK002378,1
VEH000082,TSK002378,1
VEH000065,TSK002378,1
VEH000394,TSK002378,1
VEH000059,TSK002378,1
VEH000087,TSK002378,1
VEH000301,TSK002378,0
VEH000050,TSK002378,0
VEH000317,TSK002378,0
VEH000222,TSK002378,1
VEH000280,TSK002378,1
VEH000430,TSK002378,0
VEH000361,TSK002378,1
VEH000459,TSK002378,1
VEH000296,TSK002378,0
VEH000089,TSK002378,1
VEH000527,TSK002378,1
VEH000026,TSK002378,1
VEH000098,TSK002378,1
VEH000329,TSK002378,1
VEH000343,TSK002378,1
VEH000045,TSK002378,1
VEH000100,TSK002378,1
VEH000428,TSK002466,0
VEH000403,TSK002466,1
VEH000388,TSK002466,1
VEH000298,TSK002466,1
VEH000485,TSK002466,1
VEH000366,TSK002466,1
VEH000429,TSK002466,1
VEH000393,TSK002466,1
VEH000264,TSK002466,1
VEH000341,TSK002466,1
VEH000519,TSK002466,1
VEH000231,TSK002466,1
VEH000309,TSK002466,1
VEH000094,TSK002466,1
VEH000032,TSK002466,0
VEH000097,TSK002466,1
VEH000275,TSK002466,1
VEH000272,TSK002466,1
VEH000514,TSK002466,1
VEH000359,TSK002466,1
VEH000067,TSK002466,1
VEH000421,TSK002466,0
VEH000520,TSK002466,1
VEH000058,TSK002466,0
VEH000312,TSK002466,1
VEH000408,TSK002466,1
VEH000528,TSK002466,1
VEH000431,TSK002466,0
VEH000082,TSK002466,0
VEH000065,TSK002466,1
VEH000394,TSK002466,1
VEH000059,TSK002466,1
VEH000087,TSK002466,0
VEH000301,TSK002466,1
VEH000050,TSK002466,1
VEH000317,TSK002466,1
VEH000222,TSK002466,1
VEH000280,TSK002466,1
VEH000430,TSK002466,0
VEH000361,TSK002466,0
VEH000459,TSK002466,1
VEH000296,TSK002466,1
VEH000089,TSK002466,1
VEH000527,TSK002466,1
VEH000026,TSK002466,1
VEH000098,TSK002466,0
VEH000329,TSK002466,1
VEH000343,TSK002466,1
VEH000045,TSK002466,1
VEH000100,TSK002466,1
VEH000428,TSK002538,1
VEH000403,TSK002538,0
VEH000388,TSK002538,1
VEH000298,TSK002538,1
VEH000485,TSK002538,1
VEH000366,TSK002538,0
VEH000429,TSK002538,1
VEH000393,TSK002538,0
VEH000264,TSK002538,0
VEH000341,TSK002538,1
VEH000519,TSK002538,1
VEH000231,TSK002538,1
VEH000309,TSK002538,1
VEH000094,TSK002538,1
VEH000032,TSK002538,1
VEH000097,TSK002538,1
VEH000275,TSK002538,0
VEH000272,TSK002538,1
VEH000514,TSK002538,1
VEH000359,TSK002538,1
VEH000067,TSK002538,1
VEH000421,TSK002538,1
VEH000520,TSK002538,1
VEH000058,TSK002538,1
VEH000312,TSK002538,1
VEH000408,TSK002538,1
VEH000528,TSK002538,0
VEH000431,TSK002538,1
VEH000082,TSK002538,0
VEH000065,TSK002538,1
VEH000394,TSK002538,1
VEH000059,TSK002538,1
VEH000087,TSK002538,1
VEH000301,TSK002538,1
VEH000050,TSK002538,0
VEH000317,TSK002538,1
VEH000222,TSK002538,1
VEH000280,TSK002538,0
VEH000430,TSK002538,1
VEH000361,TSK002538,1
VEH000459,TSK002538,1
VEH000296,TSK002538,1
VEH000089,TSK002538,1
VEH000527,TSK002538,1
VEH000026,TSK002538,1
VEH000098,TSK002538,1
VEH000329,TSK002538,1
VEH000343,TSK002538,0
VEH000045,TSK002538,1
VEH000100,TSK002538,1
VEH000428,TSK002602,1
VEH000403,TSK002602,1
VEH000388,TSK002602,1
VEH000298,TSK002602,1
VEH000485,TSK002602,1
VEH000366,TSK002602,1
VEH000429,TSK002602,1
VEH000393,TSK002602,1
VEH000264,TSK002602,1
VEH000341,TSK002602,1
VEH000519,TSK002602,1
VEH000231,TSK002602,1
VEH000309,TSK002602,1
VEH000094,TSK002602,1
VEH000032,TSK002602,1
VEH000097,TSK002602,1
VEH000275,TSK002602,1
VEH000272,TSK002602,1
VEH000514,TSK002602,1
VEH000359,TSK002602,1
VEH000067,TSK002602,1
VEH000421,TSK002602,1
VEH000520,TSK002602,1
VEH000058,TSK002602,1
VEH000312,TSK002602,0
VEH000408,TSK002602,0
VEH000528,TSK002602,0
VEH000431,TSK002602,1
VEH000082,TSK002602,1
VEH000065,TSK002602,1
VEH000394,TSK002602,1
VEH000059,TSK002602,0
VEH000087,TSK002602,1
VEH000301,TSK002602,1
VEH000050,TSK002602,0
VEH000317,TSK002602,0
VEH000222,TSK002602,1
VEH000280,TSK002602,1
VEH000430,TSK002602,1
VEH000361,TSK002602,0
VEH000459,TSK002602,1
VEH000296,TSK002602,1
VEH000089,TSK002602,1
VEH000527,TSK002602,1
VEH000026,TSK002602,1
VEH000098,TSK002602,0
VEH000329,TSK002602,0
VEH000343,TSK002602,1
VEH000045,TSK002602,0
VEH000100,TSK002602,1
VEH000428,TSK002843,1
VEH000403,TSK002843,1
VEH000388,TSK002843,1
VEH000298,TSK002843,0
VEH000485,TSK002843,1
VEH000366,TSK002843,1
VEH000429,TSK002843,0
VEH000393,TSK002843,1
VEH000264,TSK002843,1
VEH000341,TSK002843,1
VEH000519,TSK002843,1
VEH000231,TSK002843,1
VEH000309,TSK002843,1
VEH000094,TSK002843,1
VEH000032,TSK002843,1
VEH000097,TSK002843,1
VEH000275,TSK002843,1
VEH000272,TSK002843,0
VEH000514,TSK002843,1
VEH000359,TSK002843,1
VEH000067,TSK002843,0
VEH000421,TSK002843,1
VEH000520,TSK002843,1
VEH000058,TSK002843,0
VEH000312,TSK002843,1
VEH000408,TSK002843,0
VEH000528,TSK002843,1
VEH000431,TSK002843,1
VEH000082,TSK002843,1
VEH000065,TSK002843,1
VEH000394,TSK002843,1
VEH000059,TSK002843,0
VEH000087,TSK002843,1
VEH000301,TSK002843,1
VEH000050,TSK002843,1
VEH000317,TSK002843,1
VEH000222,TSK002843,1
VEH000280,TSK002843,1
VEH000430,TSK002843,1
VEH000361,TSK002843,0
VEH000459,TSK002843,1
VEH000296,TSK002843,1
VEH000089,TSK002843,1
VEH000527,TSK002843,1
VEH000026,TSK002843,1
VEH000098,TSK002843,0
VEH000329,TSK002843,0
VEH000343,TSK002843,1
VEH000045,TSK002843,1
VEH000100,TSK002843,1
VEH000428,TSK002887,1
VEH000403,TSK002887,1
VEH000388,TSK002887,0
VEH000298,TSK002887,1
VEH000485,TSK002887,1
VEH000366,TSK002887,0
VEH000429,TSK002887,1
VEH000393,TSK002887,1
VEH000264,TSK002887,1
VEH000341,TSK002887,1
VEH000519,TSK002887,0
VEH000231,TSK002887,1
VEH000309,TSK002887,1
VEH000094,TSK002887,0
VEH000032,TSK002887,1
VEH000097,TSK002887,1
VEH000275,TSK002887,1
VEH000272,TSK002887,1
VEH000514,TSK002887,1
VEH000359,TSK002887,1
VEH000067,TSK002887,1
VEH000421,TSK002887,1
VEH000520,TSK002887,1
VEH000058,TSK002887,1
VEH000312,TSK002887,0
VEH000408,TSK002887,1
VEH000528,TSK002887,1
VEH000431,TSK002887,0
VEH000082,TSK002887,1
VEH000065,TSK002887,1
VEH000394,TSK002887,0
VEH000059,TSK002887,1
VEH000087,TSK002887,1
VEH000301,TSK002887,1
VEH000050,TSK002887,0
VEH000317,TSK002887,1
VEH000222,TSK002887,1
VEH000280,TSK002887,1
VEH000430,TSK002887,1
VEH000361,TSK002887,1
VEH000459,TSK002887,0
VEH000296,TSK002887,1
VEH000089,TSK002887,1
VEH000527,TSK002887,1
VEH000026,TSK002887,1
VEH000098,TSK002887,1
VEH000329,TSK002887,0
VEH000343,TSK002887,1
VEH000045,TSK002887,1
VEH000100,TSK002887,1
VEH000428,TSK002894,1
VEH000403,TSK002894,1
VEH000388,TSK002894,1
VEH000298,TSK002894,1
VEH000485,TSK002894,1
VEH000366,TSK002894,1
VEH000429,TSK002894,1
VEH000393,TSK002894,1
VEH000264,TSK002894,0
VEH000341,TSK002894,1
VEH000519,TSK002894,1
VEH000231,TSK002894,1
VEH000309,TSK002894,1
VEH000094,TSK002894,1
VEH000032,TSK002894,0
VEH000097,TSK002894,1
VEH000275,TSK002894,0
VEH000272,TSK002894,0
VEH000514,TSK002894,1
VEH000359,TSK002894,1
VEH000067,TSK002894,0
VEH000421,TSK002894,1
VEH000520,TSK002894,1
VEH000058,TSK002894,1
VEH000312,TSK002894,1
VEH000408,TSK002894,1
VEH000528,TSK002894,1
VEH000431,TSK002894,1
VEH000082,TSK002894,1
VEH000065,TSK002894,0
VEH000394,TSK002894,1
VEH000059,TSK002894,1
VEH000087,TSK002894,1
VEH000301,TSK002894,1
VEH000050,TSK002894,0
VEH000317,TSK002894,0
VEH000222,TSK002894,1
VEH000280,TSK002894,1
VEH000430,TSK002894,1
VEH000361,TSK002894,1
VEH000459,TSK002894,0
VEH000296,TSK002894,1
VEH000089,TSK002894,1
VEH000527,TSK002894,1
VEH000026,TSK002894,0
VEH000098,TSK002894,1
VEH000329,TSK002894,1
VEH000343,TSK002894,1
VEH000045,TSK002894,1
VEH000100,TSK002894,1
VEH000428,TSK002925,1
VEH000403,TSK002925,1
VEH000388,TSK002925,1
VEH000298,TSK002925,1
VEH000485,TSK002925,1
VEH000366,TSK002925,1
VEH000429,TSK002925,0
VEH000393,TSK002925,1
VEH000264,TSK002925,1
VEH000341,TSK002925,1
VEH000519,TSK002925,1
VEH000231,TSK002925,1
VEH000309,TSK002925,1
VEH000094,TSK002925,1
VEH000032,TSK002925,0
VEH000097,TSK002925,0
VEH000275,TSK002925,1
VEH000272,TSK002925,1
VEH000514,TSK002925,1
VEH000359,TSK002925,1
VEH000067,TSK002925,0
VEH000421,TSK002925,1
VEH000520,TSK002925,0
VEH000058,TSK002925,1
VEH000312,TSK002925,1
VEH000408,TSK002925,1
VEH000528,TSK002925,1
VEH000431,TSK002925,0
VEH000082,TSK002925,1
VEH000065,TSK002925,1
VEH000394,TSK002925,1
VEH000059,TSK002925,1
VEH000087,TSK002925,0
VEH000301,TSK002925,1
VEH000050,TSK002925,1
VEH000317,TSK002925,1
VEH000222,TSK002925,1
VEH000280,TSK002925,1
VEH000430,TSK002925,1
VEH000361,TSK002925,0
VEH000459,TSK002925,0
VEH000296,TSK002925,1
VEH000089,TSK002925,1
VEH000527,TSK002925,0
VEH000026,TSK002925,1
VEH000098,TSK002925,1
VEH000329,TSK002925,1
VEH000343,TSK002925,1
VEH000045,TSK002925,1
VEH000100,TSK002925,1
VEH000428,TSK002932,1
VEH000403,TSK002932,1
VEH000388,TSK002932,0
VEH000298,TSK002932,0
VEH000485,TSK002932,1
VEH000366,TSK002932,1
VEH000429,TSK002932,1
VEH000393,TSK002932,1
VEH000264,TSK002932,0
VEH000341,TSK002932,1
VEH000519,TSK002932,1
VEH000231,TSK002932,0
VEH000309,TSK002932,1
VEH000094,TSK002932,1
VEH000032,TSK002932,0
VEH000097,TSK002932,1
VEH000275,TSK002932,1
VEH000272,TSK002932,1
VEH000514,TSK002932,1
VEH000359,TSK002932,1
VEH000067,TSK002932,1
VEH000421,TSK002932,1
VEH000520,TSK002932,1
VEH000058,TSK002932,1
VEH000312,TSK002932,1
VEH000408,TSK002932,1
VEH000528,TSK002932,1
VEH000431,TSK002932,1
VEH000082,TSK002932,1
VEH000065,TSK002932,0
VEH000394,TSK002932,1
VEH000059,TSK002932,1
VEH000087,TSK002932,1
VEH000301,TSK002932,1
VEH000050,TSK002932,1
VEH000317,TSK002932,1
VEH000222,TSK002932,0
VEH000280,TSK002932,1
VEH000430,TSK002932,1
VEH000361,TSK002932,1
VEH000459,TSK002932,0
VEH000296,TSK002932,1
VEH000089,TSK002932,0
VEH000527,TSK002932,1
VEH000026,TSK002932,1
VEH000098,TSK002932,1
VEH000329,TSK002932,1
VEH000343,TSK002932,1
VEH000045,TSK002932,1
VEH000100,TSK002932,0
VEH000428,TSK003066,1
VEH000403,TSK003066,1
VEH000388,TSK003066,1
VEH000298,TSK003066,1
VEH000485,TSK003066,1
VEH000366,TSK003066,1
VEH000429,TSK003066,1
VEH000393,TSK003066,1
VEH000264,TSK003066,1
VEH000341,TSK003066,0
VEH000519,TSK003066,1
VEH000231,TSK003066,1
VEH000309,TSK003066,1
VEH000094,TSK003066,1
VEH000032,TSK003066,1
VEH000097,TSK003066,1
VEH000275,TSK003066,1
VEH000272,TSK003066,1
VEH000514,TSK003066,1
VEH000359,TSK003066,1
VEH000067,TSK003066,1
VEH000421,TSK003066,0
VEH000520,TSK003066,0
VEH000058,TSK003066,1
VEH000312,TSK003066,1
VEH000408,TSK003066,1
VEH000528,TSK003066,1
VEH000431,TSK003066,1
VEH000082,TSK003066,1
VEH000065,TSK003066,0
VEH000394,TSK003066,1
VEH000059,TSK003066,1
VEH000087,TSK003066,1
VEH000301,TSK003066,1
VEH000050,TSK003066,0
VEH000317,TSK003066,0
VEH000222,TSK003066,1
VEH000280,TSK003066,1
VEH000430,TSK003066,0
VEH000361,TSK003066,0
VEH000459,TSK003066,1
VEH000296,TSK003066,1
VEH000089,TSK003066,1
VEH000527,TSK003066,0
VEH000026,TSK003066,1
VEH000098,TSK003066,1
VEH000329,TSK003066,1
VEH000343,TSK003066,1
VEH000045,TSK003066,0
VEH000100,TSK003066,1
VEH000428,TSK003116,1
VEH000403,TSK003116,1
VEH000388,TSK003116,1
VEH000298,TSK003116,0
VEH000485,TSK003116,1
VEH000366,TSK003116,1
VEH000429,TSK003116,1
VEH000393,TSK003116,1
VEH000264,TSK003116,1
VEH000341,TSK003116,1
VEH000519,TSK003116,1
VEH000231,TSK003116,1
VEH000309,TSK003116,1
VEH000094,TSK003116,0
VEH000032,TSK003116,1
VEH000097,TSK003116,1
VEH000275,TSK003116,1
VEH000272,TSK003116,0
VEH000514,TSK003116,1
VEH000359,TSK003116,1
VEH000067,TSK003116,0
VEH000421,TSK003116,1
VEH000520,TSK003116,1
VEH000058,TSK003116,0
VEH000312,TSK003116,1
VEH000408,TSK003116,1
VEH000528,TSK003116,1
VEH000431,TSK003116,1
VEH000082,TSK003116,0
VEH000065,TSK003116,1
VEH000394,TSK003116,1
VEH000059,TSK003116,1
VEH000087,TSK003116,1
VEH000301,TSK003116,1
VEH000050,TSK003116,0
VEH000317,TSK003116,1
VEH000222,TSK003116,1
VEH000280,TSK003116,1
VEH000430,TSK003116,1
VEH000361,TSK003116,1
VEH000459,TSK003116,0
VEH000296,TSK003116,1
VEH000089,TSK003116,1
VEH000527,TSK003116,0
VEH000026,TSK003116,1
VEH000098,TSK003116,1
VEH000329,TSK003116,1
VEH000343,TSK003116,1
VEH000045,TSK003116,1
VEH000100,TSK003116,0
VEH000428,TSK003241,0
VEH000403,TSK003241,1
VEH000388,TSK003241,0
VEH000298,TSK003241,1
VEH000485,TSK003241,1
VEH000366,TSK003241,1
VEH000429,TSK003241,1
VEH000393,TSK003241,1
VEH000264,TSK003241,0
VEH000341,TSK003241,0
VEH000519,TSK003241,1
VEH000231,TSK003241,1
VEH000309,TSK003241,1
VEH000094,TSK003241,1
VEH000032,TSK003241,1
VEH000097,TSK003241,1
VEH000275,TSK003241,1
VEH000272,TSK003241,1
VEH000514,TSK003241,1
VEH000359,TSK003241,1
VEH000067,TSK003241,1
VEH000421,TSK003241,1
VEH000520,TSK003241,1
VEH000058,TSK003241,1
VEH000312,TSK003241,1
VEH000408,TSK003241,1
VEH000528,TSK003241,1
VEH000431,TSK003241,0
VEH000082,TSK003241,1
VEH000065,TSK003241,0
VEH000394,TSK003241,1
VEH000059,TSK003241,0
VEH000087,TSK003241,0
VEH000301,TSK003241,1
VEH000050,TSK003241,1
VEH000317,TSK003241,1
VEH000222,TSK003241,1
VEH000280,TSK003241,1
VEH000430,TSK003241,1
VEH000361,TSK003241,1
VEH000459,TSK003241,1
VEH000296,TSK003241,1
VEH000089,TSK003241,1
VEH000527,TSK003241,1
VEH000026,TSK003241,1
VEH000098,TSK003241,0
VEH000329,TSK003241,1
VEH000343,TSK003241,0
VEH000045,TSK003241,1
VEH000100,TSK003241,1
VEH000428,TSK003371,0
VEH000403,TSK003371,1
VEH000388,TSK003371,0
VEH000298,TSK003371,0
VEH000485,TSK003371,1
VEH000366,TSK003371,1
VEH000429,TSK003371,1
VEH000393,TSK003371,0
VEH000264,TSK003371,1
VEH000341,TSK003371,1
VEH000519,TSK003371,1
VEH000231,TSK003371,1
VEH000309,TSK003371,1
VEH000094,TSK003371,0
VEH000032,TSK003371,1
VEH000097,TSK003371,1
VEH000275,TSK003371,1
VEH000272,TSK003371,1
VEH000514,TSK003371,0
VEH000359,TSK003371,1
VEH000067,TSK003371,1
VEH000421,TSK003371,1
VEH000520,TSK003371,1
VEH000058,TSK003371,1
VEH000312,TSK003371,1
VEH000408,TSK003371,1
VEH000528,TSK003371,1
VEH000431,TSK003371,1
VEH000082,TSK003371,0
VEH000065,TSK003371,1
VEH000394,TSK003371,1
VEH000059,TSK003371,1
VEH000087,TSK003371,1
VEH000301,TSK003371,1
VEH000050,TSK003371,0
VEH000317,TSK003371,0
VEH000222,TSK003371,1
VEH000280,TSK003371,1
VEH000430,TSK003371,1
VEH000361,TSK003371,1
VEH000459,TSK003371,0
VEH000296,TSK003371,1
VEH000089,TSK003371,1
VEH000527,TSK003371,1
VEH000026,TSK003371,1
VEH000098,TSK003371,1
VEH000329,TSK003371,1
VEH000343,TSK003371,1
VEH000045,TSK003371,1
VEH000100,TSK003371,1
VEH000428,TSK003484,1
VEH000403,TSK003484,1
VEH000388,TSK003484,1
VEH000298,TSK003484,1
VEH000485,TSK003484,0
VEH000366,TSK003484,1
VEH000429,TSK003484,1
VEH000393,TSK003484,1
VEH000264,TSK003484,1
VEH000341,TSK003484,0
VEH000519,TSK003484,1
VEH000231,TSK003484,1
VEH000309,TSK003484,0
VEH000094,TSK003484,1
VEH000032,TSK003484,1
VEH000097,TSK003484,1
VEH000275,TSK003484,1
VEH000272,TSK003484,1
VEH000514,TSK003484,0
VEH000359,TSK003484,1
VEH000067,TSK003484,1
VEH000421,TSK003484,1
VEH000520,TSK003484,0
VEH000058,TSK003484,1
VEH000312,TSK003484,1
VEH000408,TSK003484,1
VEH000528,TSK003484,1
VEH000431,TSK003484,1
VEH000082,TSK003484,0
VEH000065,TSK003484,0
VEH000394,TSK003484,1
VEH000059,TSK003484,1
VEH000087,TSK003484,1
VEH000301,TSK003484,0
VEH000050,TSK003484,1
VEH000317,TSK003484,0
VEH000222,TSK003484,1
VEH000280,TSK003484,1
VEH000430,TSK003484,1
VEH000361,TSK003484,1
VEH000459,TSK003484,1
VEH000296,TSK003484,1
VEH000089,TSK003484,1
VEH000527,TSK003484,0
VEH000026,TSK003484,1
VEH000098,TSK003484,1
VEH000329,TSK003484,1
VEH000343,TSK003484,1
VEH000045,TSK003484,1
VEH000100,TSK003484,1
VEH000428,TSK003498,1
VEH000403,TSK003498,1
VEH000388,TSK003498,0
VEH000298,TSK003498,1
VEH000485,TSK003498,0
VEH000366,TSK003498,0
VEH000429,TSK003498,1
VEH000393,TSK003498,1
VEH000264,TSK003498,1
VEH000341,TSK003498,1
VEH000519,TSK003498,1
VEH000231,TSK003498,1
VEH000309,TSK003498,0
VEH000094,TSK003498,1
VEH000032,TSK003498,1
VEH000097,TSK003498,1
VEH000275,TSK003498,1
VEH000272,TSK003498,1
VEH000514,TSK003498,0
VEH000359,TSK003498,1
VEH000067,TSK003498,1
VEH000421,TSK003498,1
VEH000520,TSK003498,1
VEH000058,TSK003498,1
VEH000312,TSK003498,0
VEH000408,TSK003498,1
VEH000528,TSK003498,1
VEH000431,TSK003498,1
VEH000082,TSK003498,1
VEH000065,TSK003498,1
VEH000394,TSK003498,1
VEH000059,TSK003498,0
VEH000087,TSK003498,1
VEH000301,TSK003498,0
VEH000050,TSK003498,1
VEH000317,TSK003498,1
VEH000222,TSK003498,1
VEH000280,TSK003498,1
VEH000430,TSK003498,1
VEH000361,TSK003498,1
VEH000459,TSK003498,1
VEH000296,TSK003498,1
VEH000089,TSK003498,1
VEH000527,TSK003498,1
VEH000026,TSK003498,1
VEH000098,TSK003498,1
VEH000329,TSK003498,0
VEH000343,TSK003498,1
VEH000045,TSK003498,1
VEH000100,TSK003498,0
VEH000428,TSK003546,1
VEH000403,TSK003546,1
VEH000388,TSK003546,0
VEH000298,TSK003546,1
VEH000485,TSK003546,1
VEH000366,TSK003546,1
VEH000429,TSK003546,1
VEH000393,TSK003546,0
VEH000264,TSK003546,1
VEH000341,TSK003546,1
VEH000519,TSK003546,1
VEH000231,TSK003546,1
VEH000309,TSK003546,1
VEH000094,TSK003546,0
VEH000032,TSK003546,0
VEH000097,TSK003546,0
VEH000275,TSK003546,0
VEH000272,TSK003546,1
VEH000514,TSK003546,1
VEH000359,TSK003546,0
VEH000067,TSK003546,1
VEH000421,TSK003546,1
VEH000520,TSK003546,1
VEH000058,TSK003546,1
VEH000312,TSK003546,1
VEH000408,TSK003546,1
VEH000528,TSK003546,0
VEH000431,TSK003546,1
VEH000082,TSK003546,1
VEH000065,TSK003546,1
VEH000394,TSK003546,0
VEH000059,TSK003546,1
VEH000087,TSK003546,1
VEH000301,TSK003546,1
VEH000050,TSK003546,1
VEH000317,TSK003546,1
VEH000222,TSK003546,1
VEH000280,TSK003546,1
VEH000430,TSK003546,1
VEH000361,TSK003546,1
VEH000459,TSK003546,1
VEH000296,TSK003546,1
VEH000089,TSK003546,1
VEH000527,TSK003546,1
VEH000026,TSK003546,1
VEH000098,TSK003546,1
VEH000329,TSK003546,0
VEH000343,TSK003546,1
VEH000045,TSK003546,1
VEH000100,TSK003546,1
VEH000428,TSK003666,0
VEH000403,TSK003666,1
VEH000388,TSK003666,1
VEH000298,TSK003666,1
VEH000485,TSK003666,1
VEH000366,TSK003666,1
VEH000429,TSK003666,1
VEH000393,TSK003666,1
VEH000264,TSK003666,1
VEH000341,TSK003666,0
VEH000519,TSK003666,0
VEH000231,TSK003666,1
VEH000309,TSK003666,1
VEH000094,TSK003666,1
VEH000032,TSK003666,1
VEH000097,TSK003666,1
VEH000275,TSK003666,1
VEH000272,TSK003666,0
VEH000514,TSK003666,1
VEH000359,TSK003666,1
VEH000067,TSK003666,1
VEH000421,TSK003666,1
VEH000520,TSK003666,1
VEH000058,TSK003666,0
VEH000312,TSK003666,0
VEH000408,TSK003666,1
VEH000528,TSK003666,1
VEH000431,TSK003666,1
VEH000082,TSK003666,1
VEH000065,TSK003666,1
VEH000394,TSK003666,1
VEH000059,TSK003666,1
VEH000087,TSK003666,1
VEH000301,TSK003666,1
VEH000050,TSK003666,1
VEH000317,TSK003666,1
VEH000222,TSK003666,1
VEH000280,TSK003666,0
VEH000430,TSK003666,1
VEH000361,TSK003666,1
VEH000459,TSK003666,1
VEH000296,TSK003666,1
VEH000089,TSK003666,1
VEH000527,TSK003666,1
VEH000026,TSK003666,1
VEH000098,TSK003666,1
VEH000329,TSK003666,0
VEH000343,TSK003666,0
VEH000045,TSK003666,1
VEH000100,TSK003666,0
VEH000428,TSK003733,1
VEH000403,TSK003733,1
VEH000388,TSK003733,1
VEH000298,TSK003733,1
VEH000485,TSK003733,1
VEH000366,TSK003733,1
VEH000429,TSK003733,1
VEH000393,TSK003733,0
VEH000264,TSK003733,1
VEH000341,TSK003733,1
VEH000519,TSK003733,1
VEH000231,TSK003733,1
VEH000309,TSK003733,1
VEH000094,TSK003733,1
VEH000032,TSK003733,1
VEH000097,TSK003733,1
VEH000275,TSK003733,0
VEH000272,TSK003733,1
VEH000514,TSK003733,1
VEH000359,TSK003733,1
VEH000067,TSK003733,1
VEH000421,TSK003733,1
VEH000520,TSK003733,1
VEH000058,TSK003733,1
VEH000312,TSK003733,1
VEH000408,TSK003733,1
VEH000528,TSK003733,1
VEH000431,TSK003733,1
VEH000082,TSK003733,0
VEH000065,TSK003733,1
VEH000394,TSK003733,0
VEH000059,TSK003733,0
VEH000087,TSK003733,1
VEH000301,TSK003733,0
VEH000050,TSK003733,1
VEH000317,TSK003733,1
VEH000222,TSK003733,0
VEH000280,TSK003733,1
VEH000430,TSK003733,0
VEH000361,TSK003733,1
VEH000459,TSK003733,1
VEH000296,TSK003733,0
VEH000089,TSK003733,0
VEH000527,TSK003733,1
VEH000026,TSK003733,1
VEH000098,TSK003733,1
VEH000329,TSK003733,1
VEH000343,TSK003733,1
VEH000045,TSK003733,1
VEH000100,TSK003733,1
VEH000428,TSK003771,1
VEH000403,TSK003771,1
VEH000388,TSK003771,1
VEH000298,TSK003771,1
VEH000485,TSK003771,1
VEH000366,TSK003771,0
VEH000429,TSK003771,1
VEH000393,TSK003771,1
VEH000264,TSK003771,1
VEH000341,TSK003771,1
VEH000519,TSK003771,1
VEH000231,TSK003771,1
VEH000309,TSK003771,1
VEH000094,TSK003771,1
VEH000032,TSK003771,0
VEH000097,TSK003771,1
VEH000275,TSK003771,1
VEH000272,TSK003771,1
VEH000514,TSK003771,0
VEH000359,TSK003771,0
VEH000067,TSK003771,1
VEH000421,TSK003771,1
VEH000520,TSK003771,0
VEH000058,TSK003771,1
VEH000312,TSK003771,1
VEH000408,TSK003771,1
VEH000528,TSK003771,0
VEH000431,TSK003771,1
VEH000082,TSK003771,1
VEH000065,TSK003771,1
VEH000394,TSK003771,1
VEH000059,TSK003771,0
VEH000087,TSK003771,1
VEH000301,TSK003771,0
VEH000050,TSK003771,1
VEH000317,TSK003771,1
VEH000222,TSK003771,0
VEH000280,TSK003771,1
VEH000430,TSK003771,1
VEH000361,TSK003771,1
VEH000459,TSK003771,0
VEH000296,TSK003771,1
VEH000089,TSK003771,1
VEH000527,TSK003771,1
VEH000026,TSK003771,1
VEH000098,TSK003771,1
VEH000329,TSK003771,1
VEH000343,TSK003771,1
VEH000045,TSK003771,1
VEH000100,TSK003771,1
VEH000428,TSK003871,1
VEH000403,TSK003871,0
VEH000388,TSK003871,1
VEH000298,TSK003871,1
VEH000485,TSK003871,0
VEH000366,TSK003871,0
VEH000429,TSK003871,1
VEH000393,TSK003871,1
VEH000264,TSK003871,1
VEH000341,TSK003871,1
VEH000519,TSK003871,1
VEH000231,TSK003871,1
VEH000309,TSK003871,1
VEH000094,TSK003871,1
VEH000032,TSK003871,1
VEH000097,TSK003871,1
VEH000275,TSK003871,1
VEH000272,TSK003871,1
VEH000514,TSK003871,0
VEH000359,TSK003871,1
VEH000067,TSK003871,1
VEH000421,TSK003871,1
VEH000520,TSK003871,1
VEH000058,TSK003871,1
VEH000312,TSK003871,1
VEH000408,TSK003871,0
VEH000528,TSK003871,1
VEH000431,TSK003871,1
VEH000082,TSK003871,1
VEH000065,TSK003871,1
VEH000394,TSK003871,1
VEH000059,TSK003871,1
VEH000087,TSK003871,1
VEH000301,TSK003871,0
VEH000050,TSK003871,1
VEH000317,TSK003871,1
VEH000222,TSK003871,1
VEH000280,TSK003871,1
VEH000430,TSK003871,1
VEH000361,TSK003871,0
VEH000459,TSK003871,1
VEH000296,TSK003871,0
VEH000089,TSK003871,1
VEH000527,TSK003871,0
VEH000026,TSK003871,0
VEH000098,TSK003871,1
VEH000329,TSK003871,1
VEH000343,TSK003871,1
VEH000045,TSK003871,1
VEH000100,TSK003871,1
VEH000428,TSK003878,1
VEH000403,TSK003878,1
VEH000388,TSK003878,0
VEH000298,TSK003878,0
VEH000485,TSK003878,1
VEH000366,TSK003878,1
VEH000429,TSK003878,1
VEH000393,TSK003878,1
VEH000264,TSK003878,1
VEH000341,TSK003878,1
VEH000519,TSK003878,1
VEH000231,TSK003878,1
VEH000309,TSK003878,1
VEH000094,TSK003878,1
VEH000032,TSK003878,1
VEH000097,TSK003878,1
VEH000275,TSK003878,1
VEH000272,TSK003878,0
VEH000514,TSK003878,1
VEH000359,TSK003878,1
VEH000067,TSK003878,1
VEH000421,TSK003878,1
VEH000520,TSK003878,0
VEH000058,TSK003878,1
VEH000312,TSK003878,1
VEH000408,TSK003878,0
VEH000528,TSK003878,1
VEH000431,TSK003878,1
VEH000082,TSK003878,0
VEH000065,TSK003878,1
VEH000394,TSK003878,1
VEH000059,TSK003878,0
VEH000087,TSK003878,1
VEH000301,TSK003878,1
VEH000050,TSK003878,1
VEH000317,TSK003878,1
VEH000222,TSK003878,0
VEH000280,TSK003878,1
VEH000430,TSK003878,1
VEH000361,TSK003878,1
VEH000459,TSK003878,0
VEH000296,TSK003878,1
VEH000089,TSK003878,0
VEH000527,TSK003878,1
VEH000026,TSK003878,1
VEH000098,TSK003878,1
VEH000329,TSK003878,1
VEH000343,TSK003878,1
VEH000045,TSK003878,1
VEH000100,TSK003878,1
VEH000428,TSK003943,1
VEH000403,TSK003943,1
VEH000388,TSK003943,1
VEH000298,TSK003943,1
VEH000485,TSK003943,1
VEH000366,TSK003943,1
VEH000429,TSK003943,0
VEH000393,TSK003943,1
VEH000264,TSK003943,0
VEH000341,TSK003943,1
VEH000519,TSK003943,1
VEH000231,TSK003943,1
VEH000309,TSK003943,1
VEH000094,TSK003943,0
VEH000032,TSK003943,1
VEH000097,TSK003943,1
VEH000275,TSK003943,1
VEH000272,TSK003943,1
VEH000514,TSK003943,0
VEH000359,TSK003943,1
VEH000067,TSK003943,1
VEH000421,TSK003943,1
VEH000520,TSK003943,0
VEH000058,TSK003943,0
VEH000312,TSK003943,1
VEH000408,TSK003943,1
VEH000528,TSK003943,1
VEH000431,TSK003943,1
VEH000082,TSK003943,1
VEH000065,TSK003943,1
VEH000394,TSK003943,1
VEH000059,TSK003943,1
VEH000087,TSK003943,1
VEH000301,TSK003943,0
VEH000050,TSK003943,1
VEH000317,TSK003943,0
VEH000222,TSK003943,1
VEH000280,TSK003943,1
VEH000430,TSK003943,1
VEH000361,TSK003943,0
VEH000459,TSK003943,1
VEH000296,TSK003943,1
VEH000089,TSK003943,1
VEH000527,TSK003943,1
VEH000026,TSK003943,1
VEH000098,TSK003943,1
VEH000329,TSK003943,1
VEH000343,TSK003943,1
VEH000045,TSK003943,0
VEH000100,TSK003943,1
VEH000428,TSK003979,1
VEH000403,TSK003979,1
VEH000388,TSK003979,0
VEH000298,TSK003979,1
VEH000485,TSK003979,1
VEH000366,TSK003979,1
VEH000429,TSK003979,1
VEH000393,TSK003979,1
VEH000264,TSK003979,1
VEH000341,TSK003979,1
VEH000519,TSK003979,1
VEH000231,TSK003979,1
VEH000309,TSK003979,1
VEH000094,TSK003979,0
VEH000032,TSK003979,1
VEH000097,TSK003979,1
VEH000275,TSK003979,0
VEH000272,TSK003979,1
VEH000514,TSK003979,0
VEH000359,TSK003979,1
VEH000067,TSK003979,1
VEH000421,TSK003979,1
VEH000520,TSK003979,1
VEH000058,TSK003979,1
VEH000312,TSK003979,1
VEH000408,TSK003979,1
VEH000528,TSK003979,0
VEH000431,TSK003979,1
VEH000082,TSK003979,1
VEH000065,TSK003979,0
VEH000394,TSK003979,1
VEH000059,TSK003979,1
VEH000087,TSK003979,1
VEH000301,TSK003979,1
VEH000050,TSK003979,1
VEH000317,TSK003979,1
VEH000222,TSK003979,1
VEH000280,TSK003979,0
VEH000430,TSK003979,1
VEH000361,TSK003979,1
VEH000459,TSK003979,0
VEH000296,TSK003979,0
VEH000089,TSK003979,1
VEH000527,TSK003979,1
VEH000026,TSK003979,0
VEH000098,TSK003979,1
VEH000329,TSK003979,1
VEH000343,TSK003979,1
VEH000045,TSK003979,1
VEH000100,TSK003979,1
VEH000428,TSK004130,1
VEH000403,TSK004130,1
VEH000388,TSK004130,0
VEH000298,TSK004130,0
VEH000485,TSK004130,1
VEH000366,TSK004130,1
VEH000429,TSK004130,1
VEH000393,TSK004130,1
VEH000264,TSK004130,1
VEH000341,TSK004130,1
VEH000519,TSK004130,1
VEH000231,TSK004130,1
VEH000309,TSK004130,1
VEH000094,TSK004130,1
VEH000032,TSK004130,1
VEH000097,TSK004130,1
VEH000275,TSK004130,1
VEH000272,TSK004130,1
VEH000514,TSK004130,1
VEH000359,TSK004130,1
VEH000067,TSK004130,0
VEH000421,TSK004130,0
VEH000520,TSK004130,1
VEH000058,TSK004130,0
VEH000312,TSK004130,1
VEH000408,TSK004130,0
VEH000528,TSK004130,1
VEH000431,TSK004130,1
VEH000082,TSK004130,1
VEH000065,TSK004130,1
VEH000394,TSK004130,1
VEH000059,TSK004130,1
VEH000087,TSK004130,0
VEH000301,TSK004130,1
VEH000050,TSK004130,0
VEH000317,TSK004130,1
VEH000222,TSK004130,1
VEH000280,TSK004130,1
VEH000430,TSK004130,1
VEH000361,TSK004130,1
VEH000459,TSK004130,1
VEH000296,TSK004130,0
VEH000089,TSK004130,1
VEH000527,TSK004130,1
VEH000026,TSK004130,1
VEH000098,TSK004130,1
VEH000329,TSK004130,1
VEH000343,TSK004130,1
VEH000045,TSK004130,1
VEH000100,TSK004130,0
VEH000428,TSK004156,1
VEH000403,TSK004156,1
VEH000388,TSK004156,1
VEH000298,TSK004156,1
VEH000485,TSK004156,0
VEH000366,TSK004156,1
VEH000429,TSK004156,1
VEH000393,TSK004156,1
VEH000264,TSK004156,1
VEH000341,TSK004156,1
VEH000519,TSK004156,0
VEH000231,TSK004156,1
VEH000309,TSK004156,0
VEH000094,TSK004156,1
VEH000032,TSK004156,1
VEH000097,TSK004156,1
VEH000275,TSK004156,1
VEH000272,TSK004156,0
VEH000514,TSK004156,1
VEH000359,TSK004156,1
VEH000067,TSK004156,1
VEH000421,TSK004156,1
VEH000520,TSK004156,0
VEH000058,TSK004156,1
VEH000312,TSK004156,1
VEH000408,TSK004156,1
VEH000528,TSK004156,1
VEH000431,TSK004156,1
VEH000082,TSK004156,0
VEH000065,TSK004156,1
VEH000394,TSK004156,0
VEH000059,TSK004156,1
VEH000087,TSK004156,1
VEH000301,TSK004156,1
VEH000050,TSK004156,0
VEH000317,TSK004156,1
VEH000222,TSK004156,1
VEH000280,TSK004156,1
VEH000430,TSK004156,1
VEH000361,TSK004156,1
VEH000459,TSK004156,1
VEH000296,TSK004156,1
VEH000089,TSK004156,1
VEH000527,TSK004156,1
VEH000026,TSK004156,0
VEH000098,TSK004156,1
VEH000329,TSK004156,0
VEH000343,TSK004156,1
VEH000045,TSK004156,1
VEH000100,TSK004156,1
VEH000428,TSK004175,1
VEH000403,TSK004175,1
VEH000388,TSK004175,1
VEH000298,TSK004175,1
VEH000485,TSK004175,0
VEH000366,TSK004175,0
VEH000429,TSK004175,1
VEH000393,TSK004175,1
VEH000264,TSK004175,1
VEH000341,TSK004175,1
VEH000519,TSK004175,0
VEH000231,TSK004175,1
VEH000309,TSK004175,1
VEH000094,TSK004175,1
VEH000032,TSK004175,0
VEH000097,TSK004175,1
VEH000275,TSK004175,0
VEH000272,TSK004175,1
VEH000514,TSK004175,1
VEH000359,TSK004175,1
VEH000067,TSK004175,1
VEH000421,TSK004175,1
VEH000520,TSK004175,1
VEH000058,TSK004175,1
VEH000312,TSK004175,1
VEH000408,TSK004175,1
VEH000528,TSK004175,1
VEH000431,TSK004175,1
VEH000082,TSK004175,1
VEH000065,TSK004175,1
VEH000394,TSK004175,1
VEH000059,TSK004175,1
VEH000087,TSK004175,1
VEH000301,TSK004175,1
VEH000050,TSK004175,1
VEH000317,TSK004175,1
VEH000222,TSK004175,0
VEH000280,TSK004175,0
VEH000430,TSK004175,1
VEH000361,TSK004175,1
VEH000459,TSK004175,1
VEH000296,TSK004175,1
VEH000089,TSK004175,1
VEH000527,TSK004175,1
VEH000026,TSK004175,1
VEH000098,TSK004175,0
VEH000329,TSK004175,1
VEH000343,TSK004175,1
VEH000045,TSK004175,0
VEH000100,TSK004175,0
VEH000428,TSK004302,1
VEH000403,TSK004302,1
VEH000388,TSK004302,0
VEH000298,TSK004302,1
VEH000485,TSK004302,1
VEH000366,TSK004302,1
VEH000429,TSK004302,1
VEH000393,TSK004302,1
VEH000264,TSK004302,1
VEH000341,TSK004302,1
VEH000519,TSK004302,1
VEH000231,TSK004302,0
VEH000309,TSK004302,0
VEH000094,TSK004302,1
VEH000032,TSK004302,1
VEH000097,TSK004302,1
VEH000275,TSK004302,1
VEH000272,TSK004302,0
VEH000514,TSK004302,1
VEH000359,TSK004302,1
VEH000067,TSK004302,1
VEH000421,TSK004302,1
VEH000520,TSK004302,0
VEH000058,TSK004302,1
VEH000312,TSK004302,0
VEH000408,TSK004302,0
VEH000528,TSK004302,1
VEH000431,TSK004302,1
VEH000082,TSK004302,1
VEH000065,TSK004302,1
VEH000394,TSK004302,1
VEH000059,TSK004302,1
VEH000087,TSK004302,1
VEH000301,TSK004302,1
VEH000050,TSK004302,0
VEH000317,TSK004302,1
VEH000222,TSK004302,1
VEH000280,TSK004302,1
VEH000430,TSK004302,1
VEH000361,TSK004302,0
VEH000459,TSK004302,1
VEH000296,TSK004302,1
VEH000089,TSK004302,0
VEH000527,TSK004302,1
VEH000026,TSK004302,1
VEH000098,TSK004302,1
VEH000329,TSK004302,1
VEH000343,TSK004302,1
VEH000045,TSK004302,1
VEH000100,TSK004302,1
VEH000428,TSK004311,1
VEH000403,TSK004311,1
VEH000388,TSK004311,1
VEH000298,TSK004311,0
VEH000485,TSK004311,0
VEH000366,TSK004311,0
VEH000429,TSK004311,1
VEH000393,TSK004311,1
VEH000264,TSK004311,1
VEH000341,TSK004311,1
VEH000519,TSK004311,1
VEH000231,TSK004311,1
VEH000309,TSK004311,1
VEH000094,TSK004311,1
VEH000032,TSK004311,1
VEH000097,TSK004311,0
VEH000275,TSK004311,1
VEH000272,TSK004311,0
VEH000514,TSK004311,1
VEH000359,TSK004311,1
VEH000067,TSK004311,1
VEH000421,TSK004311,1
VEH000520,TSK004311,1
VEH000058,TSK004311,1
VEH000312,TSK004311,1
VEH000408,TSK004311,0
VEH000528,TSK004311,1
VEH000431,TSK004311,1
VEH000082,TSK004311,0
VEH000065,TSK004311,1
VEH000394,TSK004311,0
VEH000059,TSK004311,1
VEH000087,TSK004311,0
VEH000301,TSK004311,1
VEH000050,TSK004311,0
VEH000317,TSK004311,1
VEH000222,TSK004311,1
VEH000280,TSK004311,1
VEH000430,TSK004311,1
VEH000361,TSK004311,1
VEH000459,TSK004311,1
VEH000296,TSK004311,1
VEH000089,TSK004311,1
VEH000527,TSK004311,1
VEH000026,TSK004311,1
VEH000098,TSK004311,1
VEH000329,TSK004311,1
VEH000343,TSK004311,1
VEH000045,TSK004311,1
VEH000100,TSK004311,1
VEH000428,TSK004420,1
VEH000403,TSK004420,0
VEH000388,TSK004420,1
VEH000298,TSK004420,1
VEH000485,TSK004420,1
VEH000366,TSK004420,1
VEH000429,TSK004420,1
VEH000393,TSK004420,1
VEH000264,TSK004420,1
VEH000341,TSK004420,1
VEH000519,TSK004420,1
VEH000231,TSK004420,1
VEH000309,TSK004420,1
VEH000094,TSK004420,1
VEH000032,TSK004420,1
VEH000097,TSK004420,1
VEH000275,TSK004420,1
VEH000272,TSK004420,0
VEH000514,TSK004420,0
VEH000359,TSK004420,0
VEH000067,TSK004420,1
VEH000421,TSK004420,1
VEH000520,TSK004420,1
VEH000058,TSK004420,1
VEH000312,TSK004420,1
VEH000408,TSK004420,1
VEH000528,TSK004420,1
VEH000431,TSK004420,0
VEH000082,TSK004420,0
VEH000065,TSK004420,1
VEH000394,TSK004420,1
VEH000059,TSK004420,1
VEH000087,TSK004420,0
VEH000301,TSK004420,0
VEH000050,TSK004420,1
VEH000317,TSK004420,1
VEH000222,TSK004420,1
VEH000280,TSK004420,1
VEH000430,TSK004420,1
VEH000361,TSK004420,1
VEH000459,TSK004420,1
VEH000296,TSK004420,1
VEH000089,TSK004420,1
VEH000527,TSK004420,1
VEH000026,TSK004420,1
VEH000098,TSK004420,0
VEH000329,TSK004420,1
VEH000343,TSK004420,1
VEH000045,TSK004420,1
VEH000100,TSK004420,0
VEH000428,TSK004439,1
VEH000403,TSK004439,0
VEH000388,TSK004439,1
VEH000298,TSK004439,0
VEH000485,TSK004439,1
VEH000366,TSK004439,1
VEH000429,TSK004439,1
VEH000393,TSK004439,1
VEH000264,TSK004439,1
VEH000341,TSK004439,0
VEH000519,TSK004439,1
VEH000231,TSK004439,0
VEH000309,TSK004439,1
VEH000094,TSK004439,1
VEH000032,TSK004439,0
VEH000097,TSK004439,1
VEH000275,TSK004439,1
VEH000272,TSK004439,1
VEH000514,TSK004439,1
VEH000359,TSK004439,1
VEH000067,TSK004439,1
VEH000421,TSK004439,1
VEH000520,TSK004439,1
VEH000058,TSK004439,1
VEH000312,TSK004439,0
VEH000408,TSK004439,0
VEH000528,TSK004439,1
VEH000431,TSK004439,1
VEH000082,TSK004439,1
VEH000065,TSK004439,1
VEH000394,TSK004439,1
VEH000059,TSK004439,1
VEH000087,TSK004439,1
VEH000301,TSK004439,1
VEH000050,TSK004439,1
VEH000317,TSK004439,1
VEH000222,TSK004439,1
VEH000280,TSK004439,1
VEH000430,TSK004439,1
VEH000361,TSK004439,1
VEH000459,TSK004439,0
VEH000296,TSK004439,0
VEH000089,TSK004439,1
VEH000527,TSK004439,1
VEH000026,TSK004439,1
VEH000098,TSK004439,1
VEH000329,TSK004439,1
VEH000343,TSK004439,1
VEH000045,TSK004439,1
VEH000100,TSK004439,0
VEH000428,TSK004454,1
VEH000403,TSK004454,1
VEH000388,TSK004454,0
VEH000298,TSK004454,1
VEH000485,TSK004454,1
VEH000366,TSK004454,1
VEH000429,TSK004454,0
VEH000393,TSK004454,1
VEH000264,TSK004454,1
VEH000341,TSK004454,0
VEH000519,TSK004454,1
VEH000231,TSK004454,0
VEH000309,TSK004454,0
VEH000094,TSK004454,1
VEH000032,TSK004454,1
VEH000097,TSK004454,1
VEH000275,TSK004454,1
VEH000272,TSK004454,1
VEH000514,TSK004454,0
VEH000359,TSK004454,1
VEH000067,TSK004454,1
VEH000421,TSK004454,1
VEH000520,TSK004454,1
VEH000058,TSK004454,1
VEH000312,TSK004454,1
VEH000408,TSK004454,1
VEH000528,TSK004454,1
VEH000431,TSK004454,1
VEH000082,TSK004454,1
VEH000065,TSK004454,1
VEH000394,TSK004454,1
VEH000059,TSK004454,1
VEH000087,TSK004454,1
VEH000301,TSK004454,1
VEH000050,TSK004454,1
VEH000317,TSK004454,1
VEH000222,TSK004454,1
VEH000280,TSK004454,1
VEH000430,TSK004454,1
VEH000361,TSK004454,1
VEH000459,TSK004454,1
VEH000296,TSK004454,0
VEH000089,TSK004454,0
VEH000527,TSK004454,1
VEH000026,TSK004454,0
VEH000098,TSK004454,1
VEH000329,TSK004454,1
VEH000343,TSK004454,1
VEH000045,TSK004454,0
VEH000100,TSK004454,1
VEH000428,TSK004573,0
VEH000403,TSK004573,1
VEH000388,TSK004573,1
VEH000298,TSK004573,0
VEH000485,TSK004573,1
VEH000366,TSK004573,1
VEH000429,TSK004573,0
VEH000393,TSK004573,1
VEH000264,TSK004573,1
VEH000341,TSK004573,1
VEH000519,TSK004573,1
VEH000231,TSK004573,1
VEH000309,TSK004573,0
VEH000094,TSK004573,1
VEH000032,TSK004573,1
VEH000097,TSK004573,0
VEH000275,TSK004573,1
VEH000272,TSK004573,1
VEH000514,TSK004573,1
VEH000359,TSK004573,1
VEH000067,TSK004573,1
VEH000421,TSK004573,1
VEH000520,TSK004573,1
VEH000058,TSK004573,1
VEH000312,TSK004573,1
VEH000408,TSK004573,1
VEH000528,TSK004573,1
VEH000431,TSK004573,1
VEH000082,TSK004573,1
VEH000065,TSK004573,1
VEH000394,TSK004573,1
VEH000059,TSK004573,1
VEH000087,TSK004573,1
VEH000301,TSK004573,1
VEH000050,TSK004573,0
VEH000317,TSK004573,1
VEH000222,TSK004573,0
VEH000280,TSK004573,1
VEH000430,TSK004573,1
VEH000361,TSK004573,1
VEH000459,TSK004573,1
VEH000296,TSK004573,0
VEH000089,TSK004573,1
VEH000527,TSK004573,1
VEH000026,TSK004573,0
VEH000098,TSK004573,1
VEH000329,TSK004573,1
VEH000343,TSK004573,1
VEH000045,TSK004573,0
VEH000100,TSK004573,1
VEH000428,TSK004616,0
VEH000403,TSK004616,1
VEH000388,TSK004616,1
VEH000298,TSK004616,1
VEH000485,TSK004616,0
VEH000366,TSK004616,0
VEH000429,TSK004616,1
VEH000393,TSK004616,1
VEH000264,TSK004616,0
VEH000341,TSK004616,1
VEH000519,TSK004616,1
VEH000231,TSK004616,1
VEH000309,TSK004616,1
VEH000094,TSK004616,1
VEH000032,TSK004616,0
VEH000097,TSK004616,1
VEH000275,TSK004616,1
VEH000272,TSK004616,1
VEH000514,TSK004616,1
VEH000359,TSK004616,1
VEH000067,TSK004616,0
VEH000421,TSK004616,1
VEH000520,TSK004616,0
VEH000058,TSK004616,1
VEH000312,TSK004616,1
VEH000408,TSK004616,1
VEH000528,TSK004616,1
VEH000431,TSK004616,1
VEH000082,TSK004616,1
VEH000065,TSK004616,1
VEH000394,TSK004616,1
VEH000059,TSK004616,1
VEH000087,TSK004616,1
VEH000301,TSK004616,1
VEH000050,TSK004616,1
VEH000317,TSK004616,1
VEH000222,TSK004616,1
VEH000280,TSK004616,1
VEH000430,TSK004616,0
VEH000361,TSK004616,1
VEH000459,TSK004616,1
VEH000296,TSK004616,1
VEH000089,TSK004616,1
VEH000527,TSK004616,0
VEH000026,TSK004616,1
VEH000098,TSK004616,1
VEH000329,TSK004616,1
VEH000343,TSK004616,1
VEH000045,TSK004616,1
VEH000100,TSK004616,0
VEH000428,TSK004635,1
VEH000403,TSK004635,1
VEH000388,TSK004635,1
VEH000298,TSK004635,1
VEH000485,TSK004635,0
VEH000366,TSK004635,0
VEH000429,TSK004635,1
VEH000393,TSK004635,1
VEH000264,TSK004635,1
VEH000341,TSK004635,1
VEH000519,TSK004635,1
VEH000231,TSK004635,1
VEH000309,TSK004635,1
VEH000094,TSK004635,1
VEH000032,TSK004635,1
VEH000097,TSK004635,0
VEH000275,TSK004635,1
VEH000272,TSK004635,1
VEH000514,TSK004635,0
VEH000359,TSK004635,1
VEH000067,TSK004635,1
VEH000421,TSK004635,1
VEH000520,TSK004635,1
VEH000058,TSK004635,1
VEH000312,TSK004635,1
VEH000408,TSK004635,1
VEH000528,TSK004635,1
VEH000431,TSK004635,1
VEH000082,TSK004635,1
VEH000065,TSK004635,1
VEH000394,TSK004635,0
VEH000059,TSK004635,1
VEH000087,TSK004635,1
VEH000301,TSK004635,1
VEH000050,TSK004635,1
VEH000317,TSK004635,1
VEH000222,TSK004635,1
VEH000280,TSK004635,0
VEH000430,TSK004635,1
VEH000361,TSK004635,1
VEH000459,TSK004635,0
VEH000296,TSK004635,1
VEH000089,TSK004635,1
VEH000527,TSK004635,0
VEH000026,TSK004635,1
VEH000098,TSK004635,1
VEH000329,TSK004635,0
VEH000343,TSK004635,1
VEH000045,TSK004635,0
VEH000100,TSK004635,1
VEH000428,TSK004636,0
VEH000403,TSK004636,1
VEH000388,TSK004636,1
VEH000298,TSK004636,1
VEH000485,TSK004636,1
VEH000366,TSK004636,0
VEH000429,TSK004636,1
VEH000393,TSK004636,0
VEH000264,TSK004636,1
VEH000341,TSK004636,1
VEH000519,TSK004636,1
VEH000231,TSK004636,1
VEH000309,TSK004636,1
VEH000094,TSK004636,1
VEH000032,TSK004636,0
VEH000097,TSK004636,1
VEH000275,TSK004636,1
VEH000272,TSK004636,0
VEH000514,TSK004636,1
VEH000359,TSK004636,1
VEH000067,TSK004636,1
VEH000421,TSK004636,1
VEH000520,TSK004636,1
VEH000058,TSK004636,1
VEH000312,TSK004636,1
VEH000408,TSK004636,0
VEH000528,TSK004636,1
VEH000431,TSK004636,1
VEH000082,TSK004636,1
VEH000065,TSK004636,1
VEH000394,TSK004636,1
VEH000059,TSK004636,1
VEH000087,TSK004636,1
VEH000301,TSK004636,1
VEH000050,TSK004636,0
VEH000317,TSK004636,1
VEH000222,TSK004636,1
VEH000280,TSK004636,1
VEH000430,TSK004636,1
VEH000361,TSK004636,1
VEH000459,TSK004636,0
VEH000296,TSK004636,0
VEH000089,TSK004636,1
VEH000527,TSK004636,1
VEH000026,TSK004636,1
VEH000098,TSK004636,1
VEH000329,TSK004636,0
VEH000343,TSK004636,1
VEH000045,TSK004636,1
VEH000100,TSK004636,1
VEH000428,TSK004702,0
VEH000403,TSK004702,1
VEH000388,TSK004702,1
VEH000298,TSK004702,1
VEH000485,TSK004702,1
VEH000366,TSK004702,0
VEH000429,TSK004702,1
VEH000393,TSK004702,1
VEH000264,TSK004702,1
VEH000341,TSK004702,0
VEH000519,TSK004702,1
VEH000231,TSK004702,0
VEH000309,TSK004702,1
VEH000094,TSK004702,0
VEH000032,TSK004702,1
VEH000097,TSK004702,1
VEH000275,TSK004702,1
VEH000272,TSK004702,1
VEH000514,TSK004702,1
VEH000359,TSK004702,1
VEH000067,TSK004702,1
VEH000421,TSK004702,0
VEH000520,TSK004702,1
VEH000058,TSK004702,0
VEH000312,TSK004702,1
VEH000408,TSK004702,1
VEH000528,TSK004702,1
VEH000431,TSK004702,1
VEH000082,TSK004702,0
VEH000065,TSK004702,0
VEH000394,TSK004702,1
VEH000059,TSK004702,1
VEH000087,TSK004702,1
VEH000301,TSK004702,1
VEH000050,TSK004702,1
VEH000317,TSK004702,1
VEH000222,TSK004702,1
VEH000280,TSK004702,1
VEH000430,TSK004702,1
VEH000361,TSK004702,0
VEH000459,TSK004702,1
VEH000296,TSK004702,1
VEH000089,TSK004702,1
VEH000527,TSK004702,1
VEH000026,TSK004702,1
VEH000098,TSK004702,1
VEH000329,TSK004702,1
VEH000343,TSK004702,1
VEH000045,TSK004702,1
VEH000100,TSK004702,1
VEH000428,TSK004762,0
VEH000403,TSK004762,1
VEH000388,TSK004762,1
VEH000298,TSK004762,0
VEH000485,TSK004762,1
VEH000366,TSK004762,0
VEH000429,TSK004762,1
VEH000393,TSK004762,1
VEH000264,TSK004762,1
VEH000341,TSK004762,1
VEH000519,TSK004762,1
VEH000231,TSK004762,0
VEH000309,TSK004762,1
VEH000094,TSK004762,1
VEH000032,TSK004762,0
VEH000097,TSK004762,0
VEH000275,TSK004762,1
VEH000272,TSK004762,1
VEH000514,TSK004762,1
VEH000359,TSK004762,1
VEH000067,TSK004762,1
VEH000421,TSK004762,1
VEH000520,TSK004762,0
VEH000058,TSK004762,1
VEH000312,TSK004762,1
VEH000408,TSK004762,1
VEH000528,TSK004762,1
VEH000431,TSK004762,0
VEH000082,TSK004762,1
VEH000065,TSK004762,1
VEH000394,TSK004762,1
VEH000059,TSK004762,1
VEH000087,TSK004762,1
VEH000301,TSK004762,1
VEH000050,TSK004762,1
VEH000317,TSK004762,1
VEH000222,TSK004762,1
VEH000280,TSK004762,1
VEH000430,TSK004762,1
VEH000361,TSK004762,1
VEH000459,TSK004762,1
VEH000296,TSK004762,1
VEH000089,TSK004762,1
VEH000527,TSK004762,0
VEH000026,TSK004762,1
VEH000098,TSK004762,0
VEH000329,TSK004762,1
VEH000343,TSK004762,1
VEH000045,TSK004762,1
VEH000100,TSK004762,1
VEH000428,TSK004800,1
VEH000403,TSK004800,1
VEH000388,TSK004800,1
VEH000298,TSK004800,1
VEH000485,TSK004800,1
VEH000366,TSK004800,1
VEH000429,TSK004800,1
VEH000393,TSK004800,0
VEH000264,TSK004800,1
VEH000341,TSK004800,1
VEH000519,TSK004800,1
VEH000231,TSK004800,1
VEH000309,TSK004800,1
VEH000094,TSK004800,1
VEH000032,TSK004800,1
VEH000097,TSK004800,0
VEH000275,TSK004800,0
VEH000272,TSK004800,1
VEH000514,TSK004800,1
VEH000359,TSK004800,1
VEH000067,TSK004800,1
VEH000421,TSK004800,1
VEH000520,TSK004800,1
VEH000058,TSK004800,0
VEH000312,TSK004800,1
VEH000408,TSK004800,1
VEH000528,TSK004800,0
VEH000431,TSK004800,1
VEH000082,TSK004800,1
VEH000065,TSK004800,1
VEH000394,TSK004800,0
VEH000059,TSK004800,0
VEH000087,TSK004800,1
VEH000301,TSK004800,1
VEH000050,TSK004800,1
VEH000317,TSK004800,1
VEH000222,TSK004800,0
VEH000280,TSK004800,1
VEH000430,TSK004800,1
VEH000361,TSK004800,1
VEH000459,TSK004800,1
VEH000296,TSK004800,0
VEH000089,TSK004800,1
VEH000527,TSK004800,1
VEH000026,TSK004800,1
VEH000098,TSK004800,0
VEH000329,TSK004800,1
VEH000343,TSK004800,1
VEH000045,TSK004800,1
VEH000100,TSK004800,1
VEH000428,TSK004876,1
VEH000403,TSK004876,0
VEH000388,TSK004876,1
VEH000298,TSK004876,0
VEH000485,TSK004876,1
VEH000366,TSK004876,1
VEH000429,TSK004876,1
VEH000393,TSK004876,1
VEH000264,TSK004876,1
VEH000341,TSK004876,1
VEH000519,TSK004876,1
VEH000231,TSK004876,1
VEH000309,TSK004876,1
VEH000094,TSK004876,1
VEH000032,TSK004876,0
VEH000097,TSK004876,1
VEH000275,TSK004876,0
VEH000272,TSK004876,1
VEH000514,TSK004876,0
VEH000359,TSK004876,1
VEH000067,TSK004876,1
VEH000421,TSK004876,1
VEH000520,TSK004876,1
VEH000058,TSK004876,1
VEH000312,TSK004876,1
VEH000408,TSK004876,1
VEH000528,TSK004876,1
VEH000431,TSK004876,0
VEH000082,TSK004876,0
VEH000065,TSK004876,1
VEH000394,TSK004876,1
VEH000059,TSK004876,1
VEH000087,TSK004876,0
VEH000301,TSK004876,1
VEH000050,TSK004876,1
VEH000317,TSK004876,0
VEH000222,TSK004876,0
VEH000280,TSK004876,1
VEH000430,TSK004876,1
VEH000361,TSK004876,1
VEH000459,TSK004876,1
VEH000296,TSK004876,1
VEH000089,TSK004876,1
VEH000527,TSK004876,1
VEH000026,TSK004876,1
VEH000098,TSK004876,1
VEH000329,TSK004876,1
VEH000343,TSK004876,1
VEH000045,TSK004876,1
VEH000100,TSK004876,1
VEH000428,TSK004920,1
VEH000403,TSK004920,0
VEH000388,TSK004920,0
VEH000298,TSK004920,1
VEH000485,TSK004920,1
VEH000366,TSK004920,1
VEH000429,TSK004920,0
VEH000393,TSK004920,1
VEH000264,TSK004920,1
VEH000341,TSK004920,1
VEH000519,TSK004920,1
VEH000231,TSK004920,1
VEH000309,TSK004920,1
VEH000094,TSK004920,1
VEH000032,TSK004920,0
VEH000097,TSK004920,1
VEH000275,TSK004920,1
VEH000272,TSK004920,0
VEH000514,TSK004920,1
VEH000359,TSK004920,1
VEH000067,TSK004920,1
VEH000421,TSK004920,1
VEH000520,TSK004920,1
VEH000058,TSK004920,1
VEH000312,TSK004920,1
VEH000408,TSK004920,0
VEH000528,TSK004920,0
VEH000431,TSK004920,1
VEH000082,TSK004920,1
VEH000065,TSK004920,1
VEH000394,TSK004920,1
VEH000059,TSK004920,0
VEH000087,TSK004920,1
VEH000301,TSK004920,1
VEH000050,TSK004920,0
VEH000317,TSK004920,1
VEH000222,TSK004920,1
VEH000280,TSK004920,1
VEH000430,TSK004920,1
VEH000361,TSK004920,1
VEH000459,TSK004920,1
VEH000296,TSK004920,1
VEH000089,TSK004920,1
VEH000527,TSK004920,1
VEH000026,TSK004920,1
VEH000098,TSK004920,1
VEH000329,TSK004920,1
VEH000343,TSK004920,0
VEH000045,TSK004920,1
VEH000100,TSK004920,1
VEH000428,TSK004987,1
VEH000403,TSK004987,1
VEH000388,TSK004987,1
VEH000298,TSK004987,1
VEH000485,TSK004987,1
VEH000366,TSK004987,1
VEH000429,TSK004987,1
VEH000393,TSK004987,1
VEH000264,TSK004987,1
VEH000341,TSK004987,0
VEH000519,TSK004987,1
VEH000231,TSK004987,1
VEH000309,TSK004987,1
VEH000094,TSK004987,0
VEH000032,TSK004987,1
VEH000097,TSK004987,0
VEH000275,TSK004987,0
VEH000272,TSK004987,1
VEH000514,TSK004987,1
VEH000359,TSK004987,0
VEH000067,TSK004987,1
VEH000421,TSK004987,1
VEH000520,TSK004987,0
VEH000058,TSK004987,0
VEH000312,TSK004987,1
VEH000408,TSK004987,1
VEH000528,TSK004987,1
VEH000431,TSK004987,1
VEH000082,TSK004987,1
VEH000065,TSK004987,0
VEH000394,TSK004987,1
VEH000059,TSK004987,1
VEH000087,TSK004987,1
VEH000301,TSK004987,1
VEH000050,TSK004987,1
VEH000317,TSK004987,1
VEH000222,TSK004987,0
VEH000280,TSK004987,1
VEH000430,TSK004987,1
VEH000361,TSK004987,1
VEH000459,TSK004987,1
VEH000296,TSK004987,1
VEH000089,TSK004987,1
VEH000527,TSK004987,1
VEH000026,TSK004987,1
VEH000098,TSK004987,1
VEH000329,TSK004987,1
VEH000343,TSK004987,1
VEH000045,TSK004987,1
VEH000100,TSK004987,0
VEH000428,TSK005021,1
VEH000403,TSK005021,1
VEH000388,TSK005021,1
VEH000298,TSK005021,1
VEH000485,TSK005021,1
VEH000366,TSK005021,1
VEH000429,TSK005021,1
VEH000393,TSK005021,1
VEH000264,TSK005021,0
VEH000341,TSK005021,0
VEH000519,TSK005021,0
VEH000231,TSK005021,1
VEH000309,TSK005021,1
VEH000094,TSK005021,1
VEH000032,TSK005021,1
VEH000097,TSK005021,1
VEH000275,TSK005021,1
VEH000272,TSK005021,1
VEH000514,TSK005021,1
VEH000359,TSK005021,1
VEH000067,TSK005021,1
VEH000421,TSK005021,1
VEH000520,TSK005021,1
VEH000058,TSK005021,1
VEH000312,TSK005021,1
VEH000408,TSK005021,0
VEH000528,TSK005021,1
VEH000431,TSK005021,0
VEH000082,TSK005021,1
VEH000065,TSK005021,0
VEH000394,TSK005021,0
VEH000059,TSK005021,1
VEH000087,TSK005021,1
VEH000301,TSK005021,1
VEH000050,TSK005021,0
VEH000317,TSK005021,1
VEH000222,TSK005021,1
VEH000280,TSK005021,1
VEH000430,TSK005021,1
VEH000361,TSK005021,1
VEH000459,TSK005021,1
VEH000296,TSK005021,1
VEH000089,TSK005021,0
VEH000527,TSK005021,1
VEH000026,TSK005021,1
VEH000098,TSK005021,1
VEH000329,TSK005021,1
VEH000343,TSK005021,1
VEH000045,TSK005021,1
VEH000100,TSK005021,0
VEH000428,TSK005037,1
VEH000403,TSK005037,1
VEH000388,TSK005037,1
VEH000298,TSK005037,0
VEH000485,TSK005037,1
VEH000366,TSK005037,0
VEH000429,TSK005037,1
VEH000393,TSK005037,1
VEH000264,TSK005037,0
VEH000341,TSK005037,1
VEH000519,TSK005037,1
VEH000231,TSK005037,0
VEH000309,TSK005037,1
VEH000094,TSK005037,1
VEH000032,TSK005037,1
VEH000097,TSK005037,1
VEH000275,TSK005037,1
VEH000272,TSK005037,1
VEH000514,TSK005037,1
VEH000359,TSK005037,1
VEH000067,TSK005037,1
VEH000421,TSK005037,1
VEH000520,TSK005037,1
VEH000058,TSK005037,0
VEH000312,TSK005037,1
VEH000408,TSK005037,1
VEH000528,TSK005037,0
VEH000431,TSK005037,1
VEH000082,TSK005037,1
VEH000065,TSK005037,1
VEH000394,TSK005037,1
VEH000059,TSK005037,1
VEH000087,TSK005037,1
VEH000301,TSK005037,1
VEH000050,TSK005037,0
VEH000317,TSK005037,1
VEH000222,TSK005037,0
VEH000280,TSK005037,1
VEH000430,TSK005037,1
VEH000361,TSK005037,1
VEH000459,TSK005037,1
VEH000296,TSK005037,1
VEH000089,TSK005037,1
VEH000527,TSK005037,0
VEH000026,TSK005037,1
VEH000098,TSK005037,0
VEH000329,TSK005037,1
VEH000343,TSK005037,1
VEH000045,TSK005037,1
VEH000100,TSK005037,1
VEH000428,TSK005172,1
VEH000403,TSK005172,1
VEH000388,TSK005172,1
VEH000298,TSK005172,0
VEH000485,TSK005172,1
VEH000366,TSK005172,1
VEH000429,TSK005172,0
VEH000393,TSK005172,1
VEH000264,TSK005172,0
VEH000341,TSK005172,1
VEH000519,TSK005172,0
VEH000231,TSK005172,1
VEH000309,TSK005172,1
VEH000094,TSK005172,1
VEH000032,TSK005172,1
VEH000097,TSK005172,1
VEH000275,TSK005172,1
VEH000272,TSK005172,1
VEH000514,TSK005172,1
VEH000359,TSK005172,1
VEH000067,TSK005172,1
VEH000421,TSK005172,0
VEH000520,TSK005172,1
VEH000058,TSK005172,1
VEH000312,TSK005172,1
VEH000408,TSK005172,0
VEH000528,TSK005172,1
VEH000431,TSK005172,1
VEH000082,TSK005172,0
VEH000065,TSK005172,1
VEH000394,TSK005172,1
VEH000059,TSK005172,1
VEH000087,TSK005172,1
VEH000301,TSK005172,1
VEH000050,TSK005172,1
VEH000317,TSK005172,1
VEH000222,TSK005172,1
VEH000280,TSK005172,1
VEH000430,TSK005172,0
VEH000361,TSK005172,1
VEH000459,TSK005172,1
VEH000296,TSK005172,1
VEH000089,TSK005172,1
VEH000527,TSK005172,1
VEH000026,TSK005172,1
VEH000098,TSK005172,1
VEH000329,TSK005172,1
VEH000343,TSK005172,0
VEH000045,TSK005172,0
VEH000100,TSK005172,1
VEH000428,TSK005175,1
VEH000403,TSK005175,1
VEH000388,TSK005175,1
VEH000298,TSK005175,1
VEH000485,TSK005175,1
VEH000366,TSK005175,1
VEH000429,TSK005175,1
VEH000393,TSK005175,1
VEH000264,TSK005175,1
VEH000341,TSK005175,1
VEH000519,TSK005175,1
VEH000231,TSK005175,1
VEH000309,TSK005175,1
VEH000094,TSK005175,1
VEH000032,TSK005175,0
VEH000097,TSK005175,1
VEH000275,TSK005175,1
VEH000272,TSK005175,1
VEH000514,TSK005175,1
VEH000359,TSK005175,0
VEH000067,TSK005175,1
VEH000421,TSK005175,0
VEH000520,TSK005175,1
VEH000058,TSK005175,1
VEH000312,TSK005175,0
VEH000408,TSK005175,1
VEH000528,TSK005175,1
VEH000431,TSK005175,1
VEH000082,TSK005175,1
VEH000065,TSK005175,1
VEH000394,TSK005175,1
VEH000059,TSK005175,1
VEH000087,TSK005175,1
VEH000301,TSK005175,1
VEH000050,TSK005175,0
VEH000317,TSK005175,1
VEH000222,TSK005175,1
VEH000280,TSK005175,1
VEH000430,TSK005175,0
VEH000361,TSK005175,0
VEH000459,TSK005175,1
VEH000296,TSK005175,1
VEH000089,TSK005175,1
VEH000527,TSK005175,0
VEH000026,TSK005175,1
VEH000098,TSK005175,1
VEH000329,TSK005175,0
VEH000343,TSK005175,1
VEH000045,TSK005175,1
VEH000100,TSK005175,0
VEH000428,TSK005185,1
VEH000403,TSK005185,1
VEH000388,TSK005185,1
VEH000298,TSK005185,1
VEH000485,TSK005185,1
VEH000366,TSK005185,1
VEH000429,TSK005185,1
VEH000393,TSK005185,1
VEH000264,TSK005185,1
VEH000341,TSK005185,0
VEH000519,TSK005185,1
VEH000231,TSK005185,0
VEH000309,TSK005185,1
VEH000094,TSK005185,1
VEH000032,TSK005185,1
VEH000097,TSK005185,1
VEH000275,TSK005185,1
VEH000272,TSK005185,0
VEH000514,TSK005185,1
VEH000359,TSK005185,1
VEH000067,TSK005185,1
VEH000421,TSK005185,1
VEH000520,TSK005185,1
VEH000058,TSK005185,1
VEH000312,TSK005185,1
VEH000408,TSK005185,0
VEH000528,TSK005185,1
VEH000431,TSK005185,1
VEH000082,TSK005185,0
VEH000065,TSK005185,0
VEH000394,TSK005185,1
VEH000059,TSK005185,1
VEH000087,TSK005185,1
VEH000301,TSK005185,0
VEH000050,TSK005185,1
VEH000317,TSK005185,1
VEH000222,TSK005185,0
VEH000280,TSK005185,1
VEH000430,TSK005185,1
VEH000361,TSK005185,1
VEH000459,TSK005185,1
VEH000296,TSK005185,1
VEH000089,TSK005185,1
VEH000527,TSK005185,1
VEH000026,TSK005185,1
VEH000098,TSK005185,0
VEH000329,TSK005185,0
VEH000343,TSK005185,1
VEH000045,TSK005185,1
VEH000100,TSK005185,1
VEH000428,TSK005290,1
VEH000403,TSK005290,0
VEH000388,TSK005290,1
VEH000298,TSK005290,1
VEH000485,TSK005290,1
VEH000366,TSK005290,1
VEH000429,TSK005290,1
VEH000393,TSK005290,0
VEH000264,TSK005290,1
VEH000341,TSK005290,1
VEH000519,TSK005290,1
VEH000231,TSK005290,1
VEH000309,TSK005290,1
VEH000094,TSK005290,1
VEH000032,TSK005290,1
VEH000097,TSK005290,0
VEH000275,TSK005290,1
VEH000272,TSK005290,1
VEH000514,TSK005290,1
VEH000359,TSK005290,1
VEH000067,TSK005290,1
VEH000421,TSK005290,1
VEH000520,TSK005290,1
VEH000058,TSK005290,1
VEH000312,TSK005290,1
VEH000408,TSK005290,1
VEH000528,TSK005290,0
VEH000431,TSK005290,1
VEH000082,TSK005290,1
VEH000065,TSK005290,0
VEH000394,TSK005290,1
VEH000059,TSK005290,0
VEH000087,TSK005290,1
VEH000301,TSK005290,1
VEH000050,TSK005290,1
VEH000317,TSK005290,0
VEH000222,TSK005290,1
VEH000280,TSK005290,1
VEH000430,TSK005290,1
VEH000361,TSK005290,1
VEH000459,TSK005290,1
VEH000296,TSK005290,0
VEH000089,TSK005290,1
VEH000527,TSK005290,0
VEH000026,TSK005290,1
VEH000098,TSK005290,0
VEH000329,TSK005290,1
VEH000343,TSK005290,1
VEH000045,TSK005290,1
VEH000100,TSK005290,1
VEH000428,TSK005375,0
VEH000403,TSK005375,1
VEH000388,TSK005375,1
VEH000298,TSK005375,1
VEH000485,TSK005375,1
VEH000366,TSK005375,0
VEH000429,TSK005375,1
VEH000393,TSK005375,1
VEH000264,TSK005375,1
VEH000341,TSK005375,0
VEH000519,TSK005375,1
VEH000231,TSK005375,1
VEH000309,TSK005375,1
VEH000094,TSK005375,1
VEH000032,TSK005375,1
VEH000097,TSK005375,1
VEH000275,TSK005375,1
VEH000272,TSK005375,0
VEH000514,TSK005375,1
VEH000359,TSK005375,1
VEH000067,TSK005375,0
VEH000421,TSK005375,1
VEH000520,TSK005375,1
VEH000058,TSK005375,1
VEH000312,TSK005375,1
VEH000408,TSK005375,1
VEH000528,TSK005375,1
VEH000431,TSK005375,0
VEH000082,TSK005375,1
VEH000065,TSK005375,0
VEH000394,TSK005375,1
VEH000059,TSK005375,1
VEH000087,TSK005375,1
VEH000301,TSK005375,1
VEH000050,TSK005375,0
VEH000317,TSK005375,1
VEH000222,TSK005375,1
VEH000280,TSK005375,1
VEH000430,TSK005375,1
VEH000361,TSK005375,1
VEH000459,TSK005375,1
VEH000296,TSK005375,0
VEH000089,TSK005375,1
VEH000527,TSK005375,1
VEH000026,TSK005375,1
VEH000098,TSK005375,1
VEH000329,TSK005375,0
VEH000343,TSK005375,1
VEH000045,TSK005375,1
VEH000100,TSK005375,1
VEH000428,TSK005416,1
VEH000403,TSK005416,1
VEH000388,TSK005416,1
VEH000298,TSK005416,0
VEH000485,TSK005416,0
VEH000366,TSK005416,1
VEH000429,TSK005416,1
VEH000393,TSK005416,1
VEH000264,TSK005416,1
VEH000341,TSK005416,1
VEH000519,TSK005416,1
VEH000231,TSK005416,1
VEH000309,TSK005416,1
VEH000094,TSK005416,1
VEH000032,TSK005416,0
VEH000097,TSK005416,0
VEH000275,TSK005416,1
VEH000272,TSK005416,1
VEH000514,TSK005416,0
VEH000359,TSK005416,1
VEH000067,TSK005416,1
VEH000421,TSK005416,1
VEH000520,TSK005416,1
VEH000058,TSK005416,1
VEH000312,TSK005416,1
VEH000408,TSK005416,1
VEH000528,TSK005416,0
VEH000431,TSK005416,0
VEH000082,TSK005416,1
VEH000065,TSK005416,1
VEH000394,TSK005416,1
VEH000059,TSK005416,1
VEH000087,TSK005416,0
VEH000301,TSK005416,1
VEH000050,TSK005416,1
VEH000317,TSK005416,1
VEH000222,TSK005416,1
VEH000280,TSK005416,1
VEH000430,TSK005416,1
VEH000361,TSK005416,1
VEH000459,TSK005416,1
VEH000296,TSK005416,1
VEH000089,TSK005416,1
VEH000527,TSK005416,0
VEH000026,TSK005416,1
VEH000098,TSK005416,1
VEH000329,TSK005416,1
VEH000343,TSK005416,0
VEH000045,TSK005416,1
VEH000100,TSK005416,1
VEH000428,TSK005456,1
VEH000403,TSK005456,1
VEH000388,TSK005456,1
VEH000298,TSK005456,1
VEH000485,TSK005456,0
VEH000366,TSK005456,1
VEH000429,TSK005456,1
VEH000393,TSK005456,1
VEH000264,TSK005456,1
VEH000341,TSK005456,1
VEH000519,TSK005456,1
VEH000231,TSK005456,1
VEH000309,TSK005456,1
VEH000094,TSK005456,1
VEH000032,TSK005456,1
VEH000097,TSK005456,1
VEH000275,TSK005456,0
VEH000272,TSK005456,0
VEH000514,TSK005456,1
VEH000359,TSK005456,1
VEH000067,TSK005456,1
VEH000421,TSK005456,1
VEH000520,TSK005456,0
VEH000058,TSK005456,0
VEH000312,TSK005456,1
VEH000408,TSK005456,1
VEH000528,TSK005456,1
VEH000431,TSK005456,1
VEH000082,TSK005456,1
VEH000065,TSK005456,0
VEH000394,TSK005456,1
VEH000059,TSK005456,1
VEH000087,TSK005456,0
VEH000301,TSK005456,1
VEH000050,TSK005456,1
VEH000317,TSK005456,1
VEH000222,TSK005456,1
VEH000280,TSK005456,1
VEH000430,TSK005456,1
VEH000361,TSK005456,1
VEH000459,TSK005456,1
VEH000296,TSK005456,1
VEH000089,TSK005456,1
VEH000527,TSK005456,1
VEH000026,TSK005456,1
VEH000098,TSK005456,1
VEH000329,TSK005456,0
VEH000343,TSK005456,0
VEH000045,TSK005456,1
VEH000100,TSK005456,0
VEH000428,TSK005614,1
VEH000403,TSK005614,1
VEH000388,TSK005614,1
VEH000298,TSK005614,1
VEH000485,TSK005614,1
VEH000366,TSK005614,1
VEH000429,TSK005614,1
VEH000393,TSK005614,1
VEH000264,TSK005614,0
VEH000341,TSK005614,1
VEH000519,TSK005614,0
VEH000231,TSK005614,1
VEH000309,TSK005614,0
VEH000094,TSK005614,1
VEH000032,TSK005614,1
VEH000097,TSK005614,1
VEH000275,TSK005614,1
VEH000272,TSK005614,1
VEH000514,TSK005614,1
VEH000359,TSK005614,1
VEH000067,TSK005614,1
VEH000421,TSK005614,1
VEH000520,TSK005614,1
VEH000058,TSK005614,0
VEH000312,TSK005614,1
VEH000408,TSK005614,0
VEH000528,TSK005614,0
VEH000431,TSK005614,1
VEH000082,TSK005614,1
VEH000065,TSK005614,1
VEH000394,TSK005614,1
VEH000059,TSK005614,1
VEH000087,TSK005614,1
VEH000301,TSK005614,0
VEH000050,TSK005614,1
VEH000317,TSK005614,1
VEH000222,TSK005614,1
VEH000280,TSK005614,0
VEH000430,TSK005614,1
VEH000361,TSK005614,1
VEH000459,TSK005614,1
VEH000296,TSK005614,1
VEH000089,TSK005614,1
VEH000527,TSK005614,1
VEH000026,TSK005614,1
VEH000098,TSK005614,0
VEH000329,TSK005614,0
VEH000343,TSK005614,1
VEH000045,TSK005614,1
VEH000100,TSK005614,1
VEH000428,TSK005814,1
VEH000403,TSK005814,1
VEH000388,TSK005814,1
VEH000298,TSK005814,1
VEH000485,TSK005814,1
VEH000366,TSK005814,0
VEH000429,TSK005814,1
VEH000393,TSK005814,0
VEH000264,TSK005814,1
VEH000341,TSK005814,1
VEH000519,TSK005814,1
VEH000231,TSK005814,1
VEH000309,TSK005814,1
VEH000094,TSK005814,1
VEH000032,TSK005814,1
VEH000097,TSK005814,1
VEH000275,TSK005814,0
VEH000272,TSK005814,1
VEH000514,TSK005814,1
VEH000359,TSK005814,1
VEH000067,TSK005814,1
VEH000421,TSK005814,1
VEH000520,TSK005814,0
VEH000058,TSK005814,1
VEH000312,TSK005814,1
VEH000408,TSK005814,0
VEH000528,TSK005814,1
VEH000431,TSK005814,1
VEH000082,TSK005814,1
VEH000065,TSK005814,0
VEH000394,TSK005814,1
VEH000059,TSK005814,1
VEH000087,TSK005814,1
VEH000301,TSK005814,1
VEH000050,TSK005814,0
VEH000317,TSK005814,1
VEH000222,TSK005814,1
VEH000280,TSK005814,1
VEH000430,TSK005814,1
VEH000361,TSK005814,1
VEH000459,TSK005814,0
VEH000296,TSK005814,1
VEH000089,TSK005814,1
VEH000527,TSK005814,0
VEH000026,TSK005814,1
VEH000098,TSK005814,1
VEH000329,TSK005814,1
VEH000343,TSK005814,0
VEH000045,TSK005814,1
VEH000100,TSK005814,1
VEH000428,TSK005862,1
VEH000403,TSK005862,0
VEH000388,TSK005862,1
VEH000298,TSK005862,1
VEH000485,TSK005862,1
VEH000366,TSK005862,0
VEH000429,TSK005862,1
VEH000393,TSK005862,1
VEH000264,TSK005862,1
VEH000341,TSK005862,0
VEH000519,TSK005862,1
VEH000231,TSK005862,1
VEH000309,TSK005862,1
VEH000094,TSK005862,1
VEH000032,TSK005862,1
VEH000097,TSK005862,1
VEH000275,TSK005862,0
VEH000272,TSK005862,1
VEH000514,TSK005862,0
VEH000359,TSK005862,1
VEH000067,TSK005862,1
VEH000421,TSK005862,1
VEH000520,TSK005862,1
VEH000058,TSK005862,1
VEH000312,TSK005862,1
VEH000408,TSK005862,1
VEH000528,TSK005862,1
VEH000431,TSK005862,1
VEH000082,TSK005862,0
VEH000065,TSK005862,1
VEH000394,TSK005862,1
VEH000059,TSK005862,0
VEH000087,TSK005862,1
VEH000301,TSK005862,1
VEH000050,TSK005862,1
VEH000317,TSK005862,1
VEH000222,TSK005862,1
VEH000280,TSK005862,1
VEH000430,TSK005862,0
VEH000361,TSK005862,1
VEH000459,TSK005862,0
VEH000296,TSK005862,1
VEH000089,TSK005862,1
VEH000527,TSK005862,1
VEH000026,TSK005862,0
VEH000098,TSK005862,1
VEH000329,TSK005862,1
VEH000343,TSK005862,1
VEH000045,TSK005862,1
VEH000100,TSK005862,1
VEH000428,TSK005869,1
VEH000403,TSK005869,1
VEH000388,TSK005869,1
VEH000298,TSK005869,1
VEH000485,TSK005869,1
VEH000366,TSK005869,1
VEH000429,TSK005869,1
VEH000393,TSK005869,1
VEH000264,TSK005869,0
VEH000341,TSK005869,1
VEH000519,TSK005869,1
VEH000231,TSK005869,1
VEH000309,TSK005869,1
VEH000094,TSK005869,1
VEH000032,TSK005869,0
VEH000097,TSK005869,1
VEH000275,TSK005869,1
VEH000272,TSK005869,1
VEH000514,TSK005869,1
VEH000359,TSK005869,0
VEH000067,TSK005869,0
VEH000421,TSK005869,1
VEH000520,TSK005869,1
VEH000058,TSK005869,1
VEH000312,TSK005869,0
VEH000408,TSK005869,1
VEH000528,TSK005869,1
VEH000431,TSK005869,0
VEH000082,TSK005869,1
VEH000065,TSK005869,1
VEH000394,TSK005869,1
VEH000059,TSK005869,1
VEH000087,TSK005869,1
VEH000301,TSK005869,1
VEH000050,TSK005869,1
VEH000317,TSK005869,1
VEH000222,TSK005869,1
VEH000280,TSK005869,1
VEH000430,TSK005869,1
VEH000361,TSK005869,0
VEH000459,TSK005869,0
VEH000296,TSK005869,1
VEH000089,TSK005869,1
VEH000527,TSK005869,1
VEH000026,TSK005869,1
VEH000098,TSK005869,0
VEH000329,TSK005869,0
VEH000343,TSK005869,1
VEH000045,TSK005869,1
VEH000100,TSK005869,1
VEH000428,TSK006004,1
VEH000403,TSK006004,1
VEH000388,TSK006004,1
VEH000298,TSK006004,0
VEH000485,TSK006004,1
VEH000366,TSK006004,1
VEH000429,TSK006004,1
VEH000393,TSK006004,1
VEH000264,TSK006004,1
VEH000341,TSK006004,1
VEH000519,TSK006004,0
VEH000231,TSK006004,0
VEH000309,TSK006004,1
VEH000094,TSK006004,1
VEH000032,TSK006004,1
VEH000097,TSK006004,1
VEH000275,TSK006004,1
VEH000272,TSK006004,0
VEH000514,TSK006004,1
VEH000359,TSK006004,1
VEH000067,TSK006004,0
VEH000421,TSK006004,1
VEH000520,TSK006004,1
VEH000058,TSK006004,1
VEH000312,TSK006004,0
VEH000408,TSK006004,1
VEH000528,TSK006004,0
VEH000431,TSK006004,1
VEH000082,TSK006004,1
VEH000065,TSK006004,1
VEH000394,TSK006004,1
VEH000059,TSK006004,0
VEH000087,TSK006004,1
VEH000301,TSK006004,1
VEH000050,TSK006004,1
VEH000317,TSK006004,0
VEH000222,TSK006004,1
VEH000280,TSK006004,1
VEH000430,TSK006004,1
VEH000361,TSK006004,1
VEH000459,TSK006004,1
VEH000296,TSK006004,1
VEH000089,TSK006004,1
VEH000527,TSK006004,1
VEH000026,TSK006004,1
VEH000098,TSK006004,1
VEH000329,TSK006004,1
VEH000343,TSK006004,1
VEH000045,TSK006004,1
VEH000100,TSK006004,0
VEH000428,TSK006073,1
VEH000403,TSK006073,1
VEH000388,TSK006073,1
VEH000298,TSK006073,1
VEH000485,TSK006073,1
VEH000366,TSK006073,1
VEH000429,TSK006073,1
VEH000393,TSK006073,1
VEH000264,TSK006073,0
VEH000341,TSK006073,1
VEH000519,TSK006073,1
VEH000231,TSK006073,0
VEH000309,TSK006073,1
VEH000094,TSK006073,1
VEH000032,TSK006073,1
VEH000097,TSK006073,1
VEH000275,TSK006073,1
VEH000272,TSK006073,0
VEH000514,TSK006073,1
VEH000359,TSK006073,1
VEH000067,TSK006073,1
VEH000421,TSK006073,1
VEH000520,TSK006073,0
VEH000058,TSK006073,1
VEH000312,TSK006073,0
VEH000408,TSK006073,1
VEH000528,TSK006073,1
VEH000431,TSK006073,1
VEH000082,TSK006073,1
VEH000065,TSK006073,1
VEH000394,TSK006073,1
VEH000059,TSK006073,1
VEH000087,TSK006073,1
VEH000301,TSK006073,1
VEH000050,TSK006073,1
VEH000317,TSK006073,0
VEH000222,TSK006073,0
VEH000280,TSK006073,1
VEH000430,TSK006073,0
VEH000361,TSK006073,1
VEH000459,TSK006073,1
VEH000296,TSK006073,1
VEH000089,TSK006073,1
VEH000527,TSK006073,1
VEH000026,TSK006073,1
VEH000098,TSK006073,0
VEH000329,TSK006073,1
VEH000343,TSK006073,1
VEH000045,TSK006073,1
VEH000100,TSK006073,0
VEH000428,TSK006176,0
VEH000403,TSK006176,1
VEH000388,TSK006176,1
VEH000298,TSK006176,1
VEH000485,TSK006176,1
VEH000366,TSK006176,1
VEH000429,TSK006176,1
VEH000393,TSK006176,1
VEH000264,TSK006176,1
VEH000341,TSK006176,1
VEH000519,TSK006176,1
VEH000231,TSK006176,1
VEH000309,TSK006176,1
VEH000094,TSK006176,1
VEH000032,TSK006176,1
VEH000097,TSK006176,1
VEH000275,TSK006176,1
VEH000272,TSK006176,1
VEH000514,TSK006176,1
VEH000359,TSK006176,1
VEH000067,TSK006176,1
VEH000421,TSK006176,1
VEH000520,TSK006176,1
VEH000058,TSK006176,1
VEH000312,TSK006176,1
VEH000408,TSK006176,0
VEH000528,TSK006176,0
VEH000431,TSK006176,0
VEH000082,TSK006176,1
VEH000065,TSK006176,1
VEH000394,TSK006176,1
VEH000059,TSK006176,0
VEH000087,TSK006176,1
VEH000301,TSK006176,1
VEH000050,TSK006176,1
VEH000317,TSK006176,0
VEH000222,TSK006176,0
VEH000280,TSK006176,1
VEH000430,TSK006176,0
VEH000361,TSK006176,1
VEH000459,TSK006176,0
VEH000296,TSK006176,1
VEH000089,TSK006176,1
VEH000527,TSK006176,1
VEH000026,TSK006176,1
VEH000098,TSK006176,1
VEH000329,TSK006176,0
VEH000343,TSK006176,1
VEH000045,TSK006176,1
VEH000100,TSK006176,1
VEH000428,TSK006211,1
VEH000403,TSK006211,1
VEH000388,TSK006211,1
VEH000298,TSK006211,1
VEH000485,TSK006211,1
VEH000366,TSK006211,1
VEH000429,TSK006211,0
VEH000393,TSK006211,1
VEH000264,TSK006211,1
VEH000341,TSK006211,0
VEH000519,TSK006211,1
VEH000231,TSK006211,0
VEH000309,TSK006211,1
VEH000094,TSK006211,1
VEH000032,TSK006211,1
VEH000097,TSK006211,0
VEH000275,TSK006211,1
VEH000272,TSK006211,1
VEH000514,TSK006211,1
VEH000359,TSK006211,1
VEH000067,TSK006211,1
VEH000421,TSK006211,1
VEH000520,TSK006211,1
VEH000058,TSK006211,1
VEH000312,TSK006211,1
VEH000408,TSK006211,1
VEH000528,TSK006211,1
VEH000431,TSK006211,0
VEH000082,TSK006211,1
VEH000065,TSK006211,1
VEH000394,TSK006211,1
VEH000059,TSK006211,1
VEH000087,TSK006211,1
VEH000301,TSK006211,0
VEH000050,TSK006211,0
VEH000317,TSK006211,0
VEH000222,TSK006211,1
VEH000280,TSK006211,1
VEH000430,TSK006211,1
VEH000361,TSK006211,1
VEH000459,TSK006211,1
VEH000296,TSK006211,1
VEH000089,TSK006211,1
VEH000527,TSK006211,1
VEH000026,TSK006211,0
VEH000098,TSK006211,1
VEH000329,TSK006211,1
VEH000343,TSK006211,1
VEH000045,TSK006211,0
VEH000100,TSK006211,1
VEH000428,TSK006405,1
VEH000403,TSK006405,0
VEH000388,TSK006405,1
VEH000298,TSK006405,1
VEH000485,TSK006405,1
VEH000366,TSK006405,1
VEH000429,TSK006405,1
VEH000393,TSK006405,1
VEH000264,TSK006405,1
VEH000341,TSK006405,1
VEH000519,TSK006405,1
VEH000231,TSK006405,1
VEH000309,TSK006405,0
VEH000094,TSK006405,0
VEH000032,TSK006405,1
VEH000097,TSK006405,1
VEH000275,TSK006405,1
VEH000272,TSK006405,0
VEH000514,TSK006405,1
VEH000359,TSK006405,1
VEH000067,TSK006405,1
VEH000421,TSK006405,1
VEH000520,TSK006405,1
VEH000058,TSK006405,0
VEH000312,TSK006405,1
VEH000408,TSK006405,1
VEH000528,TSK006405,1
VEH000431,TSK006405,1
VEH000082,TSK006405,1
VEH000065,TSK006405,1
VEH000394,TSK006405,1
VEH000059,TSK006405,1
VEH000087,TSK006405,0
VEH000301,TSK006405,1
VEH000050,TSK006405,1
VEH000317,TSK006405,1
VEH000222,TSK006405,1
VEH000280,TSK006405,1
VEH000430,TSK006405,0
VEH000361,TSK006405,1
VEH000459,TSK006405,0
VEH000296,TSK006405,1
VEH000089,TSK006405,1
VEH000527,TSK006405,1
VEH000026,TSK006405,1
VEH000098,TSK006405,0
VEH000329,TSK006405,0
VEH000343,TSK006405,1
VEH000045,TSK006405,1
VEH000100,TSK006405,1
VEH000428,TSK006445,1
VEH000403,TSK006445,1
VEH000388,TSK006445,1
VEH000298,TSK006445,1
VEH000485,TSK006445,1
VEH000366,TSK006445,0
VEH000429,TSK006445,1
VEH000393,TSK006445,1
VEH000264,TSK006445,1
VEH000341,TSK006445,1
VEH000519,TSK006445,1
VEH000231,TSK006445,1
VEH000309,TSK006445,1
VEH000094,TSK006445,1
VEH000032,TSK006445,1
VEH000097,TSK006445,1
VEH000275,TSK006445,1
VEH000272,TSK006445,1
VEH000514,TSK006445,1
VEH000359,TSK006445,0
VEH000067,TSK006445,1
VEH000421,TSK006445,0
VEH000520,TSK006445,1
VEH000058,TSK006445,0
VEH000312,TSK006445,1
VEH000408,TSK006445,1
VEH000528,TSK006445,1
VEH000431,TSK006445,0
VEH000082,TSK006445,1
VEH000065,TSK006445,1
VEH000394,TSK006445,0
VEH000059,TSK006445,1
VEH000087,TSK006445,1
VEH000301,TSK006445,0
VEH000050,TSK006445,1
VEH000317,TSK006445,1
VEH000222,TSK006445,1
VEH000280,TSK006445,0
VEH000430,TSK006445,1
VEH000361,TSK006445,1
VEH000459,TSK006445,1
VEH000296,TSK006445,0
VEH000089,TSK006445,1
VEH000527,TSK006445,1
VEH000026,TSK006445,1
VEH000098,TSK006445,1
VEH000329,TSK006445,0
VEH000343,TSK006445,1
VEH000045,TSK006445,1
VEH000100,TSK006445,1
VEH000428,TSK006523,0
VEH000403,TSK006523,1
VEH000388,TSK006523,1
VEH000298,TSK006523,1
VEH000485,TSK006523,1
VEH000366,TSK006523,0
VEH000429,TSK006523,1
VEH000393,TSK006523,0
VEH000264,TSK006523,1
VEH000341,TSK006523,1
VEH000519,TSK006523,0
VEH000231,TSK006523,1
VEH000309,TSK006523,1
VEH000094,TSK006523,0
VEH000032,TSK006523,1
VEH000097,TSK006523,1
VEH000275,TSK006523,1
VEH000272,TSK006523,1
VEH000514,TSK006523,1
VEH000359,TSK006523,1
VEH000067,TSK006523,1
VEH000421,TSK006523,1
VEH000520,TSK006523,1
VEH000058,TSK006523,1
VEH000312,TSK006523,1
VEH000408,TSK006523,0
VEH000528,TSK006523,1
VEH000431,TSK006523,1
VEH000082,TSK006523,1
VEH000065,TSK006523,0
VEH000394,TSK006523,1
VEH000059,TSK006523,1
VEH000087,TSK006523,1
VEH000301,TSK006523,1
VEH000050,TSK006523,1
VEH000317,TSK006523,1
VEH000222,TSK006523,0
VEH000280,TSK006523,1
VEH000430,TSK006523,1
VEH000361,TSK006523,1
VEH000459,TSK006523,1
VEH000296,TSK006523,1
VEH000089,TSK006523,1
VEH000527,TSK006523,1
VEH000026,TSK006523,1
VEH000098,TSK006523,1
VEH000329,TSK006523,1
VEH000343,TSK006523,1
VEH000045,TSK006523,0
VEH000100,TSK006523,0
VEH000428,TSK006572,0
VEH000403,TSK006572,1
VEH000388,TSK006572,1
VEH000298,TSK006572,0
VEH000485,TSK006572,1
VEH000366,TSK006572,1
VEH000429,TSK006572,1
VEH000393,TSK006572,1
VEH000264,TSK006572,1
VEH000341,TSK006572,1
VEH000519,TSK006572,1
VEH000231,TSK006572,0
VEH000309,TSK006572,1
VEH000094,TSK006572,1
VEH000032,TSK006572,0
VEH000097,TSK006572,1
VEH000275,TSK006572,1
VEH000272,TSK006572,1
VEH000514,TSK006572,1
VEH000359,TSK006572,1
VEH000067,TSK006572,0
VEH000421,TSK006572,1
VEH000520,TSK006572,1
VEH000058,TSK006572,0
VEH000312,TSK006572,1
VEH000408,TSK006572,1
VEH000528,TSK006572,1
VEH000431,TSK006572,1
VEH000082,TSK006572,1
VEH000065,TSK006572,1
VEH000394,TSK006572,1
VEH000059,TSK006572,1
VEH000087,TSK006572,0
VEH000301,TSK006572,0
VEH000050,TSK006572,1
VEH000317,TSK006572,1
VEH000222,TSK006572,1
VEH000280,TSK006572,1
VEH000430,TSK006572,1
VEH000361,TSK006572,1
VEH000459,TSK006572,1
VEH000296,TSK006572,1
VEH000089,TSK006572,0
VEH000527,TSK006572,1
VEH000026,TSK006572,1
VEH000098,TSK006572,1
VEH000329,TSK006572,1
VEH000343,TSK006572,1
VEH000045,TSK006572,1
VEH000100,TSK006572,0
VEH000428,TSK006702,1
VEH000403,TSK006702,1
VEH000388,TSK006702,1
VEH000298,TSK006702,0
VEH000485,TSK006702,1
VEH000366,TSK006702,1
VEH000429,TSK006702,1
VEH000393,TSK006702,1
VEH000264,TSK006702,1
VEH000341,TSK006702,1
VEH000519,TSK006702,1
VEH000231,TSK006702,1
VEH000309,TSK006702,1
VEH000094,TSK006702,1
VEH000032,TSK006702,1
VEH000097,TSK006702,1
VEH000275,TSK006702,1
VEH000272,TSK006702,1
VEH000514,TSK006702,1
VEH000359,TSK006702,0
VEH000067,TSK006702,1
VEH000421,TSK006702,1
VEH000520,TSK006702,1
VEH000058,TSK006702,1
VEH000312,TSK006702,1
VEH000408,TSK006702,0
VEH000528,TSK006702,1
VEH000431,TSK006702,0
VEH000082,TSK006702,0
VEH000065,TSK006702,0
VEH000394,TSK006702,1
VEH000059,TSK006702,1
VEH000087,TSK006702,0
VEH000301,TSK006702,0
VEH000050,TSK006702,1
VEH000317,TSK006702,1
VEH000222,TSK006702,1
VEH000280,TSK006702,1
VEH000430,TSK006702,1
VEH000361,TSK006702,1
VEH000459,TSK006702,1
VEH000296,TSK006702,1
VEH000089,TSK006702,1
VEH000527,TSK006702,1
VEH000026,TSK006702,1
VEH000098,TSK006702,0
VEH000329,TSK006702,0
VEH000343,TSK006702,1
VEH000045,TSK006702,1
VEH000100,TSK006702,1
VEH000428,TSK006767,1
VEH000403,TSK006767,1
VEH000388,TSK006767,1
VEH000298,TSK006767,0
VEH000485,TSK006767,1
VEH000366,TSK006767,1
VEH000429,TSK006767,1
VEH000393,TSK006767,1
VEH000264,TSK006767,1
VEH000341,TSK006767,1
VEH000519,TSK006767,1
VEH000231,TSK006767,0
VEH000309,TSK006767,1
VEH000094,TSK006767,1
VEH000032,TSK006767,1
VEH000097,TSK006767,1
VEH000275,TSK006767,1
VEH000272,TSK006767,1
VEH000514,TSK006767,0
VEH000359,TSK006767,1
VEH000067,TSK006767,1
VEH000421,TSK006767,1
VEH000520,TSK006767,1
VEH000058,TSK006767,1
VEH000312,TSK006767,1
VEH000408,TSK006767,1
VEH000528,TSK006767,1
VEH000431,TSK006767,1
VEH000082,TSK006767,0
VEH000065,TSK006767,0
VEH000394,TSK006767,0
VEH000059,TSK006767,1
VEH000087,TSK006767,1
VEH000301,TSK006767,1
VEH000050,TSK006767,0
VEH000317,TSK006767,1
VEH000222,TSK006767,1
VEH000280,TSK006767,1
VEH000430,TSK006767,1
VEH000361,TSK006767,0
VEH000459,TSK006767,1
VEH000296,TSK006767,1
VEH000089,TSK006767,1
VEH000527,TSK006767,0
VEH000026,TSK006767,1
VEH000098,TSK006767,0
VEH000329,TSK006767,1
VEH000343,TSK006767,1
VEH000045,TSK006767,1
VEH000100,TSK006767,1
VEH000428,TSK006813,1
VEH000403,TSK006813,1
VEH000388,TSK006813,1
VEH000298,TSK006813,1
VEH000485,TSK006813,0
VEH000366,TSK006813,1
VEH000429,TSK006813,0
VEH000393,TSK006813,1
VEH000264,TSK006813,1
VEH000341,TSK006813,1
VEH000519,TSK006813,1
VEH000231,TSK006813,1
VEH000309,TSK006813,1
VEH000094,TSK006813,1
VEH000032,TSK006813,1
VEH000097,TSK006813,1
VEH000275,TSK006813,1
VEH000272,TSK006813,1
VEH000514,TSK006813,1
VEH000359,TSK006813,0
VEH000067,TSK006813,1
VEH000421,TSK006813,1
VEH000520,TSK006813,1
VEH000058,TSK006813,1
VEH000312,TSK006813,1
VEH000408,TSK006813,1
VEH000528,TSK006813,0
VEH000431,TSK006813,0
VEH000082,TSK006813,1
VEH000065,TSK006813,1
VEH000394,TSK006813,1
VEH000059,TSK006813,1
VEH000087,TSK006813,0
VEH000301,TSK006813,1
VEH000050,TSK006813,0
VEH000317,TSK006813,1
VEH000222,TSK006813,1
VEH000280,TSK006813,1
VEH000430,TSK006813,0
VEH000361,TSK006813,1
VEH000459,TSK006813,1
VEH000296,TSK006813,1
VEH000089,TSK006813,1
VEH000527,TSK006813,1
VEH000026,TSK006813,1
VEH000098,TSK006813,1
VEH000329,TSK006813,0
VEH000343,TSK006813,1
VEH000045,TSK006813,1
VEH000100,TSK006813,0
VEH000428,TSK006886,0
VEH000403,TSK006886,1
VEH000388,TSK006886,1
VEH000298,TSK006886,1
VEH000485,TSK006886,1
VEH000366,TSK006886,1
VEH000429,TSK006886,1
VEH000393,TSK006886,1
VEH000264,TSK006886,1
VEH000341,TSK006886,0
VEH000519,TSK006886,1
VEH000231,TSK006886,1
VEH000309,TSK006886,1
VEH000094,TSK006886,1
VEH000032,TSK006886,1
VEH000097,TSK006886,0
VEH000275,TSK006886,1
VEH000272,TSK006886,1
VEH000514,TSK006886,0
VEH000359,TSK006886,1
VEH000067,TSK006886,1
VEH000421,TSK006886,1
VEH000520,TSK006886,1
VEH000058,TSK006886,1
VEH000312,TSK006886,1
VEH000408,TSK006886,1
VEH000528,TSK006886,0
VEH000431,TSK006886,0
VEH000082,TSK006886,1
VEH000065,TSK006886,1
VEH000394,TSK006886,1
VEH000059,TSK006886,0
VEH000087,TSK006886,1
VEH000301,TSK006886,1
VEH000050,TSK006886,1
VEH000317,TSK006886,1
VEH000222,TSK006886,1
VEH000280,TSK006886,1
VEH000430,TSK006886,1
VEH000361,TSK006886,0
VEH000459,TSK006886,1
VEH000296,TSK006886,1
VEH000089,TSK006886,1
VEH000527,TSK006886,1
VEH000026,TSK006886,1
VEH000098,TSK006886,1
VEH000329,TSK006886,0
VEH000343,TSK006886,1
VEH000045,TSK006886,1
VEH000100,TSK006886,0
VEH000428,TSK006907,1
VEH000403,TSK006907,1
VEH000388,TSK006907,0
VEH000298,TSK006907,0
VEH000485,TSK006907,1
VEH000366,TSK006907,1
VEH000429,TSK006907,1
VEH000393,TSK006907,1
VEH000264,TSK006907,0
VEH000341,TSK006907,1
VEH000519,TSK006907,1
VEH000231,TSK006907,1
VEH000309,TSK006907,1
VEH000094,TSK006907,1
VEH000032,TSK006907,1
VEH000097,TSK006907,1
VEH000275,TSK006907,0
VEH000272,TSK006907,1
VEH000514,TSK006907,0
VEH000359,TSK006907,1
VEH000067,TSK006907,1
VEH000421,TSK006907,1
VEH000520,TSK006907,1
VEH000058,TSK006907,1
VEH000312,TSK006907,1
VEH000408,TSK006907,1
VEH000528,TSK006907,0
VEH000431,TSK006907,1
VEH000082,TSK006907,0
VEH000065,TSK006907,1
VEH000394,TSK006907,1
VEH000059,TSK006907,1
VEH000087,TSK006907,1
VEH000301,TSK006907,1
VEH000050,TSK006907,0
VEH000317,TSK006907,1
VEH000222,TSK006907,1
VEH000280,TSK006907,1
VEH000430,TSK006907,1
VEH000361,TSK006907,1
VEH000459,TSK006907,1
VEH000296,TSK006907,1
VEH000089,TSK006907,1
VEH000527,TSK006907,0
VEH000026,TSK006907,1
VEH000098,TSK006907,1
VEH000329,TSK006907,0
VEH000343,TSK006907,1
VEH000045,TSK006907,1
VEH000100,TSK006907,1
VEH000428,TSK006936,1
VEH000403,TSK006936,0
VEH000388,TSK006936,1
VEH000298,TSK006936,1
VEH000485,TSK006936,1
VEH000366,TSK006936,1
VEH000429,TSK006936,1
VEH000393,TSK006936,1
VEH000264,TSK006936,1
VEH000341,TSK006936,0
VEH000519,TSK006936,1
VEH000231,TSK006936,0
VEH000309,TSK006936,1
VEH000094,TSK006936,1
VEH000032,TSK006936,1
VEH000097,TSK006936,1
VEH000275,TSK006936,1
VEH000272,TSK006936,0
VEH000514,TSK006936,1
VEH000359,TSK006936,1
VEH000067,TSK006936,1
VEH000421,TSK006936,1
VEH000520,TSK006936,1
VEH000058,TSK006936,1
VEH000312,TSK006936,0
VEH000408,TSK006936,1
VEH000528,TSK006936,0
VEH000431,TSK006936,1
VEH000082,TSK006936,1
VEH000065,TSK006936,1
VEH000394,TSK006936,1
VEH000059,TSK006936,1
VEH000087,TSK006936,0
VEH000301,TSK006936,0
VEH000050,TSK006936,1
VEH000317,TSK006936,1
VEH000222,TSK006936,1
VEH000280,TSK006936,1
VEH000430,TSK006936,1
VEH000361,TSK006936,0
VEH000459,TSK006936,1
VEH000296,TSK006936,1
VEH000089,TSK006936,1
VEH000527,TSK006936,1
VEH000026,TSK006936,1
VEH000098,TSK006936,1
VEH000329,TSK006936,1
VEH000343,TSK006936,0
VEH000045,TSK006936,1
VEH000100,TSK006936,1
VEH000428,TSK006947,1
VEH000403,TSK006947,1
VEH000388,TSK006947,1
VEH000298,TSK006947,1
VEH000485,TSK006947,1
VEH000366,TSK006947,0
VEH000429,TSK006947,0
VEH000393,TSK006947,1
VEH000264,TSK006947,1
VEH000341,TSK006947,1
VEH000519,TSK006947,1
VEH000231,TSK006947,0
VEH000309,TSK006947,1
VEH000094,TSK006947,1
VEH000032,TSK006947,1
VEH000097,TSK006947,1
VEH000275,TSK006947,1
VEH000272,TSK006947,1
VEH000514,TSK006947,1
VEH000359,TSK006947,1
VEH000067,TSK006947,1
VEH000421,TSK006947,1
VEH000520,TSK006947,1
VEH000058,TSK006947,1
VEH000312,TSK006947,1
VEH000408,TSK006947,0
VEH000528,TSK006947,0
VEH000431,TSK006947,1
VEH000082,TSK006947,1
VEH000065,TSK006947,0
VEH000394,TSK006947,1
VEH000059,TSK006947,1
VEH000087,TSK006947,0
VEH000301,TSK006947,1
VEH000050,TSK006947,1
VEH000317,TSK006947,1
VEH000222,TSK006947,1
VEH000280,TSK006947,1
VEH000430,TSK006947,1
VEH000361,TSK006947,1
VEH000459,TSK006947,0
VEH000296,TSK006947,1
VEH000089,TSK006947,1
VEH000527,TSK006947,1
VEH000026,TSK006947,0
VEH000098,TSK006947,1
VEH000329,TSK006947,1
VEH000343,TSK006947,1
VEH000045,TSK006947,1
VEH000100,TSK006947,0
VEH000428,TSK006977,1
VEH000403,TSK006977,0
VEH000388,TSK006977,1
VEH000298,TSK006977,1
VEH000485,TSK006977,1
VEH000366,TSK006977,1
VEH000429,TSK006977,1
VEH000393,TSK006977,1
VEH000264,TSK006977,1
VEH000341,TSK006977,1
VEH000519,TSK006977,1
VEH000231,TSK006977,1
VEH000309,TSK006977,1
VEH000094,TSK006977,1
VEH000032,TSK006977,1
VEH000097,TSK006977,1
VEH000275,TSK006977,1
VEH000272,TSK006977,1
VEH000514,TSK006977,0
VEH000359,TSK006977,1
VEH000067,TSK006977,1
VEH000421,TSK006977,0
VEH000520,TSK006977,1
VEH000058,TSK006977,0
VEH000312,TSK006977,0
VEH000408,TSK006977,1
VEH000528,TSK006977,1
VEH000431,TSK006977,1
VEH000082,TSK006977,0
VEH000065,TSK006977,0
VEH000394,TSK006977,1
VEH000059,TSK006977,1
VEH000087,TSK006977,1
VEH000301,TSK006977,1
VEH000050,TSK006977,0
VEH000317,TSK006977,0
VEH000222,TSK006977,1
VEH000280,TSK006977,1
VEH000430,TSK006977,0
VEH000361,TSK006977,1
VEH000459,TSK006977,1
VEH000296,TSK006977,1
VEH000089,TSK006977,1
VEH000527,TSK006977,1
VEH000026,TSK006977,1
VEH000098,TSK006977,1
VEH000329,TSK006977,1
VEH000343,TSK006977,1
VEH000045,TSK006977,1
VEH000100,TSK006977,1
