task_id,scenario_id,self_base_loss,outsourced_loss
TSK000036,S001,19.28385321,19.28385321
TSK000036,S002,6.84833525,6.84833525
TSK000036,S003,21.93546341,21.93546341
TSK000036,S004,29.45335026,29.45335026
TSK000036,S005,6.84833525,6.84833525
TSK000036,S006,6.84833525,6.84833525
TSK000036,S007,22.78228338,22.78228338
TSK000036,S008,46.66468496,46.66468496
TSK000036,S009,14.76475514,14.76475514
TSK000036,S010,26.36928147,26.36928147
TSK000036,S011,6.84833525,6.84833525
TSK000036,S012,44.21066988,44.21066988
TSK000036,S013,24.08504195,24.08504195
TSK000036,S014,6.84833525,6.84833525
TSK000036,S015,9.06683035,9.06683035
TSK000036,S016,14.91109893,14.91109893
TSK000036,S017,19.03919686,19.03919686
TSK000036,S018,14.4471904,14.4471904
TSK000036,S019,6.84833525,6.84833525
TSK000036,S020,6.84833525,6.84833525
TSK000036,S021,23.40048949,23.40048949
TSK000036,S022,77.63757365,77.63757365
TSK000036,S023,6.84833525,6.84833525
TSK000036,S024,6.84833525,6.84833525
TSK000036,S025,6.84833525,6.84833525
TSK000036,S026,25.28125079,25.28125079
TSK000036,S027,48.89121916,48.89121916
TSK000036,S028,6.84833525,6.84833525
TSK000036,S029,42.91774717,42.91774717
TSK000036,S030,39.96907822,39.96907822
TSK000036,S031,16.3939017,16.3939017
TSK000036,S032,62.29472738,62.29472738
TSK000036,S033,32.88714934,32.88714934
TSK000036,S034,24.6311365,24.6311365
TSK000036,S035,6.84833525,6.84833525
TSK000036,S036,41.20755148,41.20755148
TSK000036,S037,39.35115091,39.35115091
TSK000036,S038,18.96050576,18.96050576
TSK000036,S039,23.71068577,23.71068577
TSK000036,S040,24.80616511,24.80616511
TSK000036,S041,11.13771264,11.13771264
TSK000036,S042,40.6533199,40.6533199
TSK000036,S043,6.84833525,6.84833525
TSK000036,S044,13.83363432,13.83363432
TSK000036,S045,8.94275884,8.94275884
TSK000036,S046,22.957137,22.957137
TSK000036,S047,12.75281732,12.75281732
TSK000036,S048,85.17308374,85.17308374
TSK000036,S049,16.81869069,16.81869069
TSK000036,S050,23.73290674,23.73290674
TSK000036,S051,24.6568673,24.6568673
TSK000036,S052,16.61040245,16.61040245
TSK000036,S053,44.92648689,44.92648689
TSK000036,S054,17.24024041,17.24024041
TSK000036,S055,22.20773252,22.20773252
TSK000036,S056,6.84833525,6.84833525
TSK000036,S057,19.32910664,19.32910664
TSK000036,S058,21.95560204,21.95560204
TSK000036,S059,31.62913769,31.62913769
TSK000036,S060,26.25790106,26.25790106
TSK000036,S061,24.627994,24.627994
TSK000036,S062,20.2939379,20.2939379
TSK000036,S063,16.57350475,16.57350475
TSK000036,S064,55.65154491,55.65154491
TSK000036,S065,6.84833525,6.84833525
TSK000036,S066,42.26698483,42.26698483
TSK000036,S067,7.20764619,7.20764619
TSK000036,S068,12.79660406,12.79660406
TSK000036,S069,24.37013751,24.37013751
TSK000036,S070,7.20764619,7.20764619
TSK000036,S071,17.73431119,17.73431119
TSK000036,S072,6.84833525,6.84833525
TSK000036,S073,6.84833525,6.84833525
TSK000036,S074,24.04832419,24.04832419
TSK000036,S075,6.84833525,6.84833525
TSK000036,S076,9.94688858,9.94688858
TSK000036,S077,6.84833525,6.84833525
TSK000036,S078,12.79660406,12.79660406
TSK000036,S079,16.34543394,16.34543394
TSK000036,S080,23.73290674,23.73290674
TSK000036,S081,32.34414394,32.34414394
TSK000036,S082,6.84833525,6.84833525
TSK000036,S083,6.84833525,6.84833525
TSK000036,S084,6.84833525,6.84833525
TSK000036,S085,6.84833525,6.84833525
TSK000036,S086,16.23966301,16.23966301
TSK000036,S087,6.84833525,6.84833525
TSK000036,S088,16.81869069,16.81869069
TSK000036,S089,19.88505556,19.88505556
TSK000036,S090,16.81869069,16.81869069
TSK000036,S091,39.96907822,39.96907822
TSK000036,S092,30.70246889,30.70246889
TSK000036,S093,6.84833525,6.84833525
TSK000036,S094,6.84833525,6.84833525
TSK000036,S095,52.95378993,52.95378993
TSK000036,S096,28.83557982,28.83557982
TSK000036,S097,12.03406744,12.03406744
TSK000036,S098,6.84833525,6.84833525
TSK000036,S099,16.57350475,16.57350475
TSK000036,S100,6.84833525,6.84833525
TSK000042,S001,21.28402661,21.28402661
TSK000042,S002,8.08759413,8.08759413
TSK000042,S003,25.38953933,25.38953933
TSK000042,S004,35.52046762,35.52046762
TSK000042,S005,8.08759413,8.08759413
TSK000042,S006,8.08759413,8.08759413
TSK000042,S007,27.99021161,27.99021161
TSK000042,S008,56.00266053,56.00266053
TSK000042,S009,17.89336675,17.89336675
TSK000042,S010,32.53653864,32.53653864
TSK000042,S011,8.08759413,8.08759413
TSK000042,S012,55.29532321,55.29532321
TSK000042,S013,29.28264298,29.28264298
TSK000042,S014,8.08759413,8.08759413
TSK000042,S015,10.89068758,10.89068758
TSK000042,S016,17.202037,17.202037
TSK000042,S017,22.46165512,22.46165512
TSK000042,S018,17.27904572,17.27904572
TSK000042,S019,8.08759413,8.08759413
TSK000042,S020,8.08759413,8.08759413
TSK000042,S021,28.45004956,28.45004956
TSK000042,S022,95.82951294,95.82951294
TSK000042,S023,8.08759413,8.08759413
TSK000042,S024,8.08759413,8.08759413
TSK000042,S025,8.08759413,8.08759413
TSK000042,S026,30.77465134,30.77465134
TSK000042,S027,60.42492913,60.42492913
TSK000042,S028,8.08759413,8.08759413
TSK000042,S029,52.47718771,52.47718771
TSK000042,S030,48.70887836,48.70887836
TSK000042,S031,19.30407947,19.30407947
TSK000042,S032,72.11606323,72.11606323
TSK000042,S033,39.45754829,39.45754829
TSK000042,S034,29.52562554,29.52562554
TSK000042,S035,8.08759413,8.08759413
TSK000042,S036,50.95211132,50.95211132
TSK000042,S037,47.91059316,47.91059316
TSK000042,S038,23.22917426,23.22917426
TSK000042,S039,29.09641934,29.09641934
TSK000042,S040,29.73740029,29.73740029
TSK000042,S041,13.08466765,13.08466765
TSK000042,S042,49.34279637,49.34279637
TSK000042,S043,8.08759413,8.08759413
TSK000042,S044,16.26203909,16.26203909
TSK000042,S045,10.31906009,10.31906009
TSK000042,S046,27.90308627,27.90308627
TSK000042,S047,14.87866742,14.87866742
TSK000042,S048,103.28633753,103.28633753
TSK000042,S049,19.09631469,19.09631469
TSK000042,S050,28.29637119,28.29637119
TSK000042,S051,29.68236476,29.68236476
TSK000042,S052,19.4339711,19.4339711
TSK000042,S053,54.26514577,54.26514577
TSK000042,S054,19.91918079,19.91918079
TSK000042,S055,26.6535305,26.6535305
TSK000042,S056,8.08759413,8.08759413
TSK000042,S057,22.34971908,22.34971908
TSK000042,S058,25.93567641,25.93567641
TSK000042,S059,37.79768038,37.79768038
TSK000042,S060,31.1177911,31.1177911
TSK000042,S061,29.80336824,29.80336824
TSK000042,S062,24.16156197,24.16156197
TSK000042,S063,20.19182489,20.19182489
TSK000042,S064,68.67082933,68.67082933
TSK000042,S065,8.08759413,8.08759413
TSK000042,S066,50.68471842,50.68471842
TSK000042,S067,8.46766907,8.46766907
TSK000042,S068,14.53835163,14.53835163
TSK000042,S069,29.18954845,29.18954845
TSK000042,S070,8.46766907,8.46766907
TSK000042,S071,20.57587914,20.57587914
TSK000042,S072,8.08759413,8.08759413
TSK000042,S073,8.08759413,8.08759413
TSK000042,S074,27.94510851,27.94510851
TSK000042,S075,8.08759413,8.08759413
TSK000042,S076,11.61873485,11.61873485
TSK000042,S077,8.08759413,8.08759413
TSK000042,S078,14.53835163,14.53835163
TSK000042,S079,19.40227904,19.40227904
TSK000042,S080,28.29637119,28.29637119
TSK000042,S081,39.51798174,39.51798174
TSK000042,S082,8.08759413,8.08759413
TSK000042,S083,8.08759413,8.08759413
TSK000042,S084,8.08759413,8.08759413
TSK000042,S085,8.08759413,8.08759413
TSK000042,S086,19.10093308,19.10093308
TSK000042,S087,8.08759413,8.08759413
TSK000042,S088,19.09631469,19.09631469
TSK000042,S089,23.44696828,23.44696828
TSK000042,S090,19.09631469,19.09631469
TSK000042,S091,48.70887836,48.70887836
TSK000042,S092,36.57146316,36.57146316
TSK000042,S093,8.08759413,8.08759413
TSK000042,S094,8.08759413,8.08759413
TSK000042,S095,64.99059124,64.99059124
TSK000042,S096,34.94464652,34.94464652
TSK000042,S097,14.5013336,14.5013336
TSK000042,S098,8.08759413,8.08759413
TSK000042,S099,20.19182489,20.19182489
TSK000042,S100,8.08759413,8.08759413
TSK000061,S001,27.80660448,27.80660448
TSK000061,S002,8.52137255,8.52137255
TSK000061,S003,27.77359996,27.77359996
TSK000061,S004,31.59690808,31.59690808
TSK000061,S005,8.52137255,8.52137255
TSK000061,S006,8.52137255,8.52137255
TSK000061,S007,24.77056691,24.77056691
TSK000061,S008,53.31154003,53.31154003
TSK000061,S009,18.14532859,18.14532859
TSK000061,S010,27.18281232,27.18281232
TSK000061,S011,8.52137255,8.52137255
TSK000061,S012,52.45602158,52.45602158
TSK000061,S013,28.90530661,28.90530661
TSK000061,S014,8.52137255,8.52137255
TSK000061,S015,10.52068951,10.52068951
TSK000061,S016,18.45396782,18.45396782
TSK000061,S017,22.72625649,22.72625649
TSK000061,S018,17.11511492,17.11511492
TSK000061,S019,8.52137255,8.52137255
TSK000061,S020,8.52137255,8.52137255
TSK000061,S021,26.2349326,26.2349326
TSK000061,S022,87.8110713,87.8110713
TSK000061,S023,8.52137255,8.52137255
TSK000061,S024,8.52137255,8.52137255
TSK000061,S025,8.52137255,8.52137255
TSK000061,S026,26.87715254,26.87715254
TSK000061,S027,56.56527992,56.56527992
TSK000061,S028,8.52137255,8.52137255
TSK000061,S029,48.73448698,48.73448698
TSK000061,S030,42.9162511,42.9162511
TSK000061,S031,19.74565474,19.74565474
TSK000061,S032,79.87029848,79.87029848
TSK000061,S033,38.90273411,38.90273411
TSK000061,S034,28.25552479,28.25552479
TSK000061,S035,8.52137255,8.52137255
TSK000061,S036,43.56858301,43.56858301
TSK000061,S037,45.14887195,45.14887195
TSK000061,S038,19.85257173,19.85257173
TSK000061,S039,24.44092646,24.44092646
TSK000061,S040,28.03372354,28.03372354
TSK000061,S041,13.34450673,13.34450673
TSK000061,S042,47.49206864,47.49206864
TSK000061,S043,8.52137255,8.52137255
TSK000061,S044,16.21837522,16.21837522
TSK000061,S045,11.22753799,11.22753799
TSK000061,S046,24.47815272,24.47815272
TSK000061,S047,15.37307273,15.37307273
TSK000061,S048,98.65200909,98.65200909
TSK000061,S049,21.55356741,21.55356741
TSK000061,S050,28.02790277,28.02790277
TSK000061,S051,29.05029487,29.05029487
TSK000061,S052,20.46058174,20.46058174
TSK000061,S053,48.56609292,48.56609292
TSK000061,S054,20.70650262,20.70650262
TSK000061,S055,26.37460303,26.37460303
TSK000061,S056,8.52137255,8.52137255
TSK000061,S057,24.06700821,24.06700821
TSK000061,S058,26.59474891,26.59474891
TSK000061,S059,36.30741649,36.30741649
TSK000061,S060,29.8792229,29.8792229
TSK000061,S061,27.72194372,27.72194372
TSK000061,S062,24.2884693,24.2884693
TSK000061,S063,18.48653019,18.48653019
TSK000061,S064,62.10901335,62.10901335
TSK000061,S065,8.52137255,8.52137255
TSK000061,S066,51.44600533,51.44600533
TSK000061,S067,8.98806256,8.98806256
TSK000061,S068,16.10674531,16.10674531
TSK000061,S069,29.62371015,29.62371015
TSK000061,S070,8.98806256,8.98806256
TSK000061,S071,21.66039593,21.66039593
TSK000061,S072,8.52137255,8.52137255
TSK000061,S073,8.52137255,8.52137255
TSK000061,S074,29.57752227,29.57752227
TSK000061,S075,8.52137255,8.52137255
TSK000061,S076,12.29376002,12.29376002
TSK000061,S077,8.52137255,8.52137255
TSK000061,S078,16.10674531,16.10674531
TSK000061,S079,19.1640023,19.1640023
TSK000061,S080,28.02790277,28.02790277
TSK000061,S081,34.80302451,34.80302451
TSK000061,S082,8.52137255,8.52137255
TSK000061,S083,8.52137255,8.52137255
TSK000061,S084,8.52137255,8.52137255
TSK000061,S085,8.52137255,8.52137255
TSK000061,S086,19.1029368,19.1029368
TSK000061,S087,8.52137255,8.52137255
TSK000061,S088,21.55356741,21.55356741
TSK000061,S089,24.49832201,24.49832201
TSK000061,S090,21.55356741,21.55356741
TSK000061,S091,42.9162511,42.9162511
TSK000061,S092,35.01060445,35.01060445
TSK000061,S093,8.52137255,8.52137255
TSK000061,S094,8.52137255,8.52137255
TSK000061,S095,60.28980885,60.28980885
TSK000061,S096,31.72705696,31.72705696
TSK000061,S097,13.61747169,13.61747169
TSK000061,S098,8.52137255,8.52137255
TSK000061,S099,18.48653019,18.48653019
TSK000061,S100,8.52137255,8.52137255
TSK000147,S001,2.3300147,2.3300147
TSK000147,S002,0.52321263,0.52321263
TSK000147,S003,1.9122066,1.9122066
TSK000147,S004,1.82122278,1.82122278
TSK000147,S005,0.52321263,0.52321263
TSK000147,S006,0.52321263,0.52321263
TSK000147,S007,1.14891746,1.14891746
TSK000147,S008,2.91407792,2.91407792
TSK000147,S009,0.87841921,0.87841921
TSK000147,S010,1.26464181,1.26464181
TSK000147,S011,0.52321263,0.52321263
TSK000147,S012,1.70516747,1.70516747
TSK000147,S013,1.36704954,1.36704954
TSK000147,S014,0.52321263,0.52321263
TSK000147,S015,0.59339457,0.59339457
TSK000147,S016,1.32334358,1.32334358
TSK000147,S017,1.43392159,1.43392159
TSK000147,S018,0.96776664,0.96776664
TSK000147,S019,0.52321263,0.52321263
TSK000147,S020,0.52321263,0.52321263
TSK000147,S021,1.32153756,1.32153756
TSK000147,S022,3.54781476,3.54781476
TSK000147,S023,0.52321263,0.52321263
TSK000147,S024,0.52321263,0.52321263
TSK000147,S025,0.52321263,0.52321263
TSK000147,S026,1.38988848,1.38988848
TSK000147,S027,2.25216938,2.25216938
TSK000147,S028,0.52321263,0.52321263
TSK000147,S029,2.2684397,2.2684397
TSK000147,S030,2.191375,2.191375
TSK000147,S031,1.26917775,1.26917775
TSK000147,S032,5.58932418,5.58932418
TSK000147,S033,2.16216873,2.16216873
TSK000147,S034,1.63006339,1.63006339
TSK000147,S035,0.52321263,0.52321263
TSK000147,S036,1.89061239,1.89061239
TSK000147,S037,2.18549145,2.18549145
TSK000147,S038,0.98766834,0.98766834
TSK000147,S039,1.20888157,1.20888157
TSK000147,S040,1.6141324,1.6141324
TSK000147,S041,0.88223193,0.88223193
TSK000147,S042,2.32451183,2.32451183
TSK000147,S043,0.52321263,0.52321263
TSK000147,S044,1.0954514,1.0954514
TSK000147,S045,0.82001356,0.82001356
TSK000147,S046,1.31123311,1.31123311
TSK000147,S047,1.06238663,1.06238663
TSK000147,S048,4.86063996,4.86063996
TSK000147,S049,1.70939076,1.70939076
TSK000147,S050,1.61718138,1.61718138
TSK000147,S051,1.53084896,1.53084896
TSK000147,S052,1.33383063,1.33383063
TSK000147,S053,2.68856301,2.68856301
TSK000147,S054,1.54969702,1.54969702
TSK000147,S055,1.4484674,1.4484674
TSK000147,S056,0.52321263,0.52321263
TSK000147,S057,1.7633324,1.7633324
TSK000147,S058,1.64488778,1.64488778
TSK000147,S059,2.11036248,2.11036248
TSK000147,S060,1.88192829,1.88192829
TSK000147,S061,1.47106639,1.47106639
TSK000147,S062,1.41246914,1.41246914
TSK000147,S063,0.91853991,0.91853991
TSK000147,S064,2.60844186,2.60844186
TSK000147,S065,0.52321263,0.52321263
TSK000147,S066,2.78897422,2.78897422
TSK000147,S067,0.57593543,0.57593543
TSK000147,S068,1.29169967,1.29169967
TSK000147,S069,1.60456923,1.60456923
TSK000147,S070,0.57593543,0.57593543
TSK000147,S071,1.49392346,1.49392346
TSK000147,S072,0.52321263,0.52321263
TSK000147,S073,0.52321263,0.52321263
TSK000147,S074,2.06714902,2.06714902
TSK000147,S075,0.52321263,0.52321263
TSK000147,S076,0.81385451,0.81385451
TSK000147,S077,0.52321263,0.52321263
TSK000147,S078,1.29169967,1.29169967
TSK000147,S079,1.13607954,1.13607954
TSK000147,S080,1.61718138,1.61718138
TSK000147,S081,1.72906533,1.72906533
TSK000147,S082,0.52321263,0.52321263
TSK000147,S083,0.52321263,0.52321263
TSK000147,S084,0.52321263,0.52321263
TSK000147,S085,0.52321263,0.52321263
TSK000147,S086,1.25358364,1.25358364
TSK000147,S087,0.52321263,0.52321263
TSK000147,S088,1.70939076,1.70939076
TSK000147,S089,1.49205126,1.49205126
TSK000147,S090,1.70939076,1.70939076
TSK000147,S091,2.191375,2.191375
TSK000147,S092,2.22656376,2.22656376
TSK000147,S093,0.52321263,0.52321263
TSK000147,S094,0.52321263,0.52321263
TSK000147,S095,2.66693553,2.66693553
TSK000147,S096,1.7137777,1.7137777
TSK000147,S097,0.75029728,0.75029728
TSK000147,S098,0.52321263,0.52321263
TSK000147,S099,0.91853991,0.91853991
TSK000147,S100,0.52321263,0.52321263
TSK000156,S001,39.67638069,39.67638069
TSK000156,S002,16.5712257,16.5712257
TSK000156,S003,48.44218464,48.44218464
TSK000156,S004,66.65335834,66.65335834
TSK000156,S005,16.5712257,16.5712257
TSK000156,S006,16.5712257,16.5712257
TSK000156,S007,57.90080824,57.90080824
TSK000156,S008,108.5002453,108.5002453
TSK000156,S009,40.45574858,40.45574858
TSK000156,S010,64.82116324,64.82116324
TSK000156,S011,16.5712257,16.5712257
TSK000156,S012,134.67597995,134.67597995
TSK000156,S013,65.10184911,65.10184911
TSK000156,S014,16.5712257,16.5712257
TSK000156,S015,21.94577275,21.94577275
TSK000156,S016,31.64419702,31.64419702
TSK000156,S017,43.66865799,43.66865799
TSK000156,S018,35.11152573,35.11152573
TSK000156,S019,16.5712257,16.5712257
TSK000156,S020,16.5712257,16.5712257
TSK000156,S021,58.05103129,58.05103129
TSK000156,S022,208.64797261,208.64797261
TSK000156,S023,16.5712257,16.5712257
TSK000156,S024,16.5712257,16.5712257
TSK000156,S025,16.5712257,16.5712257
TSK000156,S026,58.69285878,58.69285878
TSK000156,S027,137.23741852,137.23741852
TSK000156,S028,16.5712257,16.5712257
TSK000156,S029,111.90803138,111.90803138
TSK000156,S030,94.32495488,94.32495488
TSK000156,S031,38.04340292,38.04340292
TSK000156,S032,138.67193679,138.67193679
TSK000156,S033,81.4741043,81.4741043
TSK000156,S034,59.07070228,59.07070228
TSK000156,S035,16.5712257,16.5712257
TSK000156,S036,104.88867045,104.88867045
TSK000156,S037,101.33336895,101.33336895
TSK000156,S038,45.23835232,45.23835232
TSK000156,S039,56.18943381,56.18943381
TSK000156,S040,57.58534823,57.58534823
TSK000156,S041,25.21629347,25.21629347
TSK000156,S042,105.27318158,105.27318158
TSK000156,S043,16.5712257,16.5712257
TSK000156,S044,30.80950888,30.80950888
TSK000156,S045,19.94415437,19.94415437
TSK000156,S046,53.52157606,53.52157606
TSK000156,S047,28.10800385,28.10800385
TSK000156,S048,214.08322983,214.08322983
TSK000156,S049,34.97619826,34.97619826
TSK000156,S050,56.46420164,56.46420164
TSK000156,S051,61.44508331,61.44508331
TSK000156,S052,37.95278459,37.95278459
TSK000156,S053,102.59129251,102.59129251
TSK000156,S054,36.39336647,36.39336647
TSK000156,S055,55.81846399,55.81846399
TSK000156,S056,16.5712257,16.5712257
TSK000156,S057,42.03958896,42.03958896
TSK000156,S058,51.86646048,51.86646048
TSK000156,S059,73.61852911,73.61852911
TSK000156,S060,57.36595468,57.36595468
TSK000156,S061,60.21541076,60.21541076
TSK000156,S062,49.02031563,49.02031563
TSK000156,S063,41.20093036,41.20093036
TSK000156,S064,148.69724061,148.69724061
TSK000156,S065,16.5712257,16.5712257
TSK000156,S066,107.76002017,107.76002017
TSK000156,S067,17.13894044,17.13894044
TSK000156,S068,26.60139699,26.60139699
TSK000156,S069,62.0667388,62.0667388
TSK000156,S070,17.13894044,17.13894044
TSK000156,S071,37.66011797,37.66011797
TSK000156,S072,16.5712257,16.5712257
TSK000156,S073,16.5712257,16.5712257
TSK000156,S074,51.90724004,51.90724004
TSK000156,S075,16.5712257,16.5712257
TSK000156,S076,22.4791205,22.4791205
TSK000156,S077,16.5712257,16.5712257
TSK000156,S078,26.60139699,26.60139699
TSK000156,S079,36.68951629,36.68951629
TSK000156,S080,56.46420164,56.46420164
TSK000156,S081,78.75936484,78.75936484
TSK000156,S082,16.5712257,16.5712257
TSK000156,S083,16.5712257,16.5712257
TSK000156,S084,16.5712257,16.5712257
TSK000156,S085,16.5712257,16.5712257
TSK000156,S086,35.77837991,35.77837991
TSK000156,S087,16.5712257,16.5712257
TSK000156,S088,34.97619826,34.97619826
TSK000156,S089,47.19733302,47.19733302
TSK000156,S090,34.97619826,34.97619826
TSK000156,S091,94.32495488,94.32495488
TSK000156,S092,69.63223528,69.63223528
TSK000156,S093,16.5712257,16.5712257
TSK000156,S094,16.5712257,16.5712257
TSK000156,S095,141.03963269,141.03963269
TSK000156,S096,69.70556977,69.70556977
TSK000156,S097,28.54989477,28.54989477
TSK000156,S098,16.5712257,16.5712257
TSK000156,S099,41.20093036,41.20093036
TSK000156,S100,16.5712257,16.5712257
TSK000168,S001,15.93028567,15.93028567
TSK000168,S002,4.45133057,4.45133057
TSK000168,S003,16.32448699,16.32448699
TSK000168,S004,17.53580994,17.53580994
TSK000168,S005,4.45133057,4.45133057
TSK000168,S006,4.45133057,4.45133057
TSK000168,S007,11.84912755,11.84912755
TSK000168,S008,30.32799959,30.32799959
TSK000168,S009,8.35993796,8.35993796
TSK000168,S010,13.17447065,13.17447065
TSK000168,S011,4.45133057,4.45133057
TSK000168,S012,20.19433953,20.19433953
TSK000168,S013,13.59751355,13.59751355
TSK000168,S014,4.45133057,4.45133057
TSK000168,S015,5.38611659,5.38611659
TSK000168,S016,11.36549378,11.36549378
TSK000168,S017,12.92901618,12.92901618
TSK000168,S018,9.05587235,9.05587235
TSK000168,S019,4.45133057,4.45133057
TSK000168,S020,4.45133057,4.45133057
TSK000168,S021,13.31323271,13.31323271
TSK000168,S022,41.02682573,41.02682573
TSK000168,S023,4.45133057,4.45133057
TSK000168,S024,4.45133057,4.45133057
TSK000168,S025,4.45133057,4.45133057
TSK000168,S026,14.53423548,14.53423548
TSK000168,S027,24.73001411,24.73001411
TSK000168,S028,4.45133057,4.45133057
TSK000168,S029,23.4959574,23.4959574
TSK000168,S030,22.47400719,22.47400719
TSK000168,S031,11.01857461,11.01857461
TSK000168,S032,43.87216065,43.87216065
TSK000168,S033,19.87856031,19.87856031
TSK000168,S034,15.0159819,15.0159819
TSK000168,S035,4.45133057,4.45133057
TSK000168,S036,20.70254138,20.70254138
TSK000168,S037,22.20043063,22.20043063
TSK000168,S038,10.10395194,10.10395194
TSK000168,S039,12.50927594,12.50927594
TSK000168,S040,15.50977317,15.50977317
TSK000168,S041,7.51565188,7.51565188
TSK000168,S042,23.60241435,23.60241435
TSK000168,S043,4.45133057,4.45133057
TSK000168,S044,9.22955777,9.22955777
TSK000168,S045,6.39990697,6.39990697
TSK000168,S046,12.92821727,12.92821727
TSK000168,S047,8.94939907,8.94939907
TSK000168,S048,50.58670148,50.58670148
TSK000168,S049,12.91696712,12.91696712
TSK000168,S050,15.42737438,15.42737438
TSK000168,S051,15.16758489,15.16758489
TSK000168,S052,11.80591384,11.80591384
TSK000168,S053,27.16436903,27.16436903
TSK000168,S054,12.52306563,12.52306563
TSK000168,S055,13.49796003,13.49796003
TSK000168,S056,4.45133057,4.45133057
TSK000168,S057,13.47160631,13.47160631
TSK000168,S058,14.67735544,14.67735544
TSK000168,S059,20.28778505,20.28778505
TSK000168,S060,17.7385015,17.7385015
TSK000168,S061,14.32555692,14.32555692
TSK000168,S062,13.12633501,13.12633501
TSK000168,S063,9.2343287,9.2343287
TSK000168,S064,28.66524191,28.66524191
TSK000168,S065,4.45133057,4.45133057
TSK000168,S066,25.68590956,25.68590956
TSK000168,S067,4.78854345,4.78854345
TSK000168,S068,9.86482636,9.86482636
TSK000168,S069,15.23000898,15.23000898
TSK000168,S070,4.78854345,4.78854345
TSK000168,S071,13.44013341,13.44013341
TSK000168,S072,4.45133057,4.45133057
TSK000168,S073,4.45133057,4.45133057
TSK000168,S074,17.14095059,17.14095059
TSK000168,S075,4.45133057,4.45133057
TSK000168,S076,7.05111976,7.05111976
TSK000168,S077,4.45133057,4.45133057
TSK000168,S078,9.86482636,9.86482636
TSK000168,S079,11.22607449,11.22607449
TSK000168,S080,15.42737438,15.42737438
TSK000168,S081,17.74730538,17.74730538
TSK000168,S082,4.45133057,4.45133057
TSK000168,S083,4.45133057,4.45133057
TSK000168,S084,4.45133057,4.45133057
TSK000168,S085,4.45133057,4.45133057
TSK000168,S086,11.20200428,11.20200428
TSK000168,S087,4.45133057,4.45133057
TSK000168,S088,12.91696712,12.91696712
TSK000168,S089,13.72241939,13.72241939
TSK000168,S090,12.91696712,12.91696712
TSK000168,S091,22.47400719,22.47400719
TSK000168,S092,18.33648775,18.33648775
TSK000168,S093,4.45133057,4.45133057
TSK000168,S094,4.45133057,4.45133057
TSK000168,S095,28.33167964,28.33167964
TSK000168,S096,16.36537802,16.36537802
TSK000168,S097,7.19897304,7.19897304
TSK000168,S098,4.45133057,4.45133057
TSK000168,S099,9.2343287,9.2343287
TSK000168,S100,4.45133057,4.45133057
TSK000240,S001,30.0663292,30.0663292
TSK000240,S002,10.0494682,10.0494682
TSK000240,S003,31.71032614,31.71032614
TSK000240,S004,38.25155816,38.25155816
TSK000240,S005,10.0494682,10.0494682
TSK000240,S006,10.0494682,10.0494682
TSK000240,S007,31.0500064,31.0500064
TSK000240,S008,63.81050807,63.81050807
TSK000240,S009,22.37546873,22.37546873
TSK000240,S010,34.31411893,34.31411893
TSK000240,S011,10.0494682,10.0494682
TSK000240,S012,68.02912033,68.02912033
TSK000240,S013,35.77029017,35.77029017
TSK000240,S014,10.0494682,10.0494682
TSK000240,S015,12.68792565,12.68792565
TSK000240,S016,20.96891161,20.96891161
TSK000240,S017,26.70824138,26.70824138
TSK000240,S018,20.53254022,20.53254022
TSK000240,S019,10.0494682,10.0494682
TSK000240,S020,10.0494682,10.0494682
TSK000240,S021,32.27129799,32.27129799
TSK000240,S022,110.7316737,110.7316737
TSK000240,S023,10.0494682,10.0494682
TSK000240,S024,10.0494682,10.0494682
TSK000240,S025,10.0494682,10.0494682
TSK000240,S026,32.91709363,32.91709363
TSK000240,S027,71.85503186,71.85503186
TSK000240,S028,10.0494682,10.0494682
TSK000240,S029,60.71535434,60.71535434
TSK000240,S030,52.67077503,52.67077503
TSK000240,S031,23.22232101,23.22232101
TSK000240,S032,91.04154278,91.04154278
TSK000240,S033,46.98058826,46.98058826
TSK000240,S034,34.10387907,34.10387907
TSK000240,S035,10.0494682,10.0494682
TSK000240,S036,55.19063117,55.19063117
TSK000240,S037,55.80715062,55.80715062
TSK000240,S038,24.6656677,24.6656677
TSK000240,S039,30.4601344,30.4601344
TSK000240,S040,33.64743947,33.64743947
TSK000240,S041,15.600145,15.600145
TSK000240,S042,58.45715295,58.45715295
TSK000240,S043,10.0494682,10.0494682
TSK000240,S044,18.98982623,18.98982623
TSK000240,S045,12.88369106,12.88369106
TSK000240,S046,29.98751743,29.98751743
TSK000240,S047,17.79460928,17.79460928
TSK000240,S048,120.57044496,120.57044496
TSK000240,S049,24.10805207,24.10805207
TSK000240,S050,33.43254295,33.43254295
TSK000240,S051,35.20256156,35.20256156
TSK000240,S052,23.78912099,23.78912099
TSK000240,S053,58.82823039,58.82823039
TSK000240,S054,23.69050977,23.69050977
TSK000240,S055,31.96235588,31.96235588
TSK000240,S056,10.0494682,10.0494682
TSK000240,S057,27.47932175,27.47932175
TSK000240,S058,31.39719456,31.39719456
TSK000240,S059,43.39827527,43.39827527
TSK000240,S060,35.10911754,35.10911754
TSK000240,S061,33.88728518,33.88728518
TSK000240,S062,28.98710511,28.98710511
TSK000240,S063,22.79480317,22.79480317
TSK000240,S064,78.52411438,78.52411438
TSK000240,S065,10.0494682,10.0494682
TSK000240,S066,62.13180604,62.13180604
TSK000240,S067,10.53556085,10.53556085
TSK000240,S068,18.10438482,18.10438482
TSK000240,S069,35.78391319,35.78391319
TSK000240,S070,10.53556085,10.53556085
TSK000240,S071,24.71268985,24.71268985
TSK000240,S072,10.0494682,10.0494682
TSK000240,S073,10.0494682,10.0494682
TSK000240,S074,33.82504506,33.82504506
TSK000240,S075,10.0494682,10.0494682
TSK000240,S076,14.23146957,14.23146957
TSK000240,S077,10.0494682,10.0494682
TSK000240,S078,18.10438482,18.10438482
TSK000240,S079,22.50113748,22.50113748
TSK000240,S080,33.43254295,33.43254295
TSK000240,S081,43.1400887,43.1400887
TSK000240,S082,10.0494682,10.0494682
TSK000240,S083,10.0494682,10.0494682
TSK000240,S084,10.0494682,10.0494682
TSK000240,S085,10.0494682,10.0494682
TSK000240,S086,22.27506947,22.27506947
TSK000240,S087,10.0494682,10.0494682
TSK000240,S088,24.10805207,24.10805207
TSK000240,S089,28.81588388,28.81588388
TSK000240,S090,24.10805207,24.10805207
TSK000240,S091,52.67077503,52.67077503
TSK000240,S092,41.57267443,41.57267443
TSK000240,S093,10.0494682,10.0494682
TSK000240,S094,10.0494682,10.0494682
TSK000240,S095,75.60173486,75.60173486
TSK000240,S096,38.92969598,38.92969598
TSK000240,S097,16.45186116,16.45186116
TSK000240,S098,10.0494682,10.0494682
TSK000240,S099,22.79480317,22.79480317
TSK000240,S100,10.0494682,10.0494682
TSK000253,S001,18.33335685,18.33335685
TSK000253,S002,5.77598988,5.77598988
TSK000253,S003,20.56705974,20.56705974
TSK000253,S004,23.92720232,23.92720232
TSK000253,S005,5.77598988,5.77598988
TSK000253,S006,5.77598988,5.77598988
TSK000253,S007,16.97358222,16.97358222
TSK000253,S008,41.19695823,41.19695823
TSK000253,S009,11.52234813,11.52234813
TSK000253,S010,19.11544105,19.11544105
TSK000253,S011,5.77598988,5.77598988
TSK000253,S012,30.71753846,30.71753846
TSK000253,S013,18.92991252,18.92991252
TSK000253,S014,5.77598988,5.77598988
TSK000253,S015,7.2569654,7.2569654
TSK000253,S016,14.26990751,14.26990751
TSK000253,S017,16.8495069,16.8495069
TSK000253,S018,12.12718639,12.12718639
TSK000253,S019,5.77598988,5.77598988
TSK000253,S020,5.77598988,5.77598988
TSK000253,S021,18.5460004,18.5460004
TSK000253,S022,59.74009863,59.74009863
TSK000253,S023,5.77598988,5.77598988
TSK000253,S024,5.77598988,5.77598988
TSK000253,S025,5.77598988,5.77598988
TSK000253,S026,20.34366867,20.34366867
TSK000253,S027,36.10553438,36.10553438
TSK000253,S028,5.77598988,5.77598988
TSK000253,S029,33.23484242,33.23484242
TSK000253,S030,31.51238112,31.51238112
TSK000253,S031,14.25977321,14.25977321
TSK000253,S032,54.66566361,54.66566361
TSK000253,S033,26.74742115,26.74742115
TSK000253,S034,20.17156252,20.17156252
TSK000253,S035,5.77598988,5.77598988
TSK000253,S036,30.26623434,30.26623434
TSK000253,S037,31.04370171,31.04370171
TSK000253,S038,14.35811053,14.35811053
TSK000253,S039,17.86271413,17.86271413
TSK000253,S040,20.90519017,20.90519017
TSK000253,S041,9.67074978,9.67074978
TSK000253,S042,32.76542763,32.76542763
TSK000253,S043,5.77598988,5.77598988
TSK000253,S044,11.87315677,11.87315677
TSK000253,S045,7.93238889,7.93238889
TSK000253,S046,17.97714433,17.97714433
TSK000253,S047,11.38043493,11.38043493
TSK000253,S048,70.17903239,70.17903239
TSK000253,S049,15.61069014,15.61069014
TSK000253,S050,20.57347394,20.57347394
TSK000253,S051,20.6583241,20.6583241
TSK000253,S052,15.16202736,15.16202736
TSK000253,S053,37.30140301,37.30140301
TSK000253,S054,15.62558583,15.62558583
TSK000253,S055,18.19322826,18.19322826
TSK000253,S056,5.77598988,5.77598988
TSK000253,S057,16.69268119,16.69268119
TSK000253,S058,19.14783859,19.14783859
TSK000253,S059,27.18494798,27.18494798
TSK000253,S060,23.3863972,23.3863972
TSK000253,S061,19.70730274,19.70730274
TSK000253,S062,17.42164268,17.42164268
TSK000253,S063,12.92680395,12.92680395
TSK000253,S064,41.65357861,41.65357861
TSK000253,S065,5.77598988,5.77598988
TSK000253,S066,34.52975592,34.52975592
TSK000253,S067,6.14469103,6.14469103
TSK000253,S068,11.95150191,11.95150191
TSK000253,S069,20.47501242,20.47501242
TSK000253,S070,6.14469103,6.14469103
TSK000253,S071,17.09593453,17.09593453
TSK000253,S072,5.77598988,5.77598988
TSK000253,S073,5.77598988,5.77598988
TSK000253,S074,21.63032394,21.63032394
TSK000253,S075,5.77598988,5.77598988
TSK000253,S076,9.01204411,9.01204411
TSK000253,S077,5.77598988,5.77598988
TSK000253,S078,11.95150191,11.95150191
TSK000253,S079,14.9016813,14.9016813
TSK000253,S080,20.57347394,20.57347394
TSK000253,S081,25.04456717,25.04456717
TSK000253,S082,5.77598988,5.77598988
TSK000253,S083,5.77598988,5.77598988
TSK000253,S084,5.77598988,5.77598988
TSK000253,S085,5.77598988,5.77598988
TSK000253,S086,14.51597579,14.51597579
TSK000253,S087,5.77598988,5.77598988
TSK000253,S088,15.61069014,15.61069014
TSK000253,S089,17.90375803,17.90375803
TSK000253,S090,15.61069014,15.61069014
TSK000253,S091,31.51238112,31.51238112
TSK000253,S092,24.08824639,24.08824639
TSK000253,S093,5.77598988,5.77598988
TSK000253,S094,5.77598988,5.77598988
TSK000253,S095,40.50846241,40.50846241
TSK000253,S096,22.55902903,22.55902903
TSK000253,S097,9.80393149,9.80393149
TSK000253,S098,5.77598988,5.77598988
TSK000253,S099,12.92680395,12.92680395
TSK000253,S100,5.77598988,5.77598988
TSK000305,S001,36.33133467,36.33133467
TSK000305,S002,16.79709137,16.79709137
TSK000305,S003,50.07106742,50.07106742
TSK000305,S004,77.67514933,77.67514933
TSK000305,S005,16.79709137,16.79709137
TSK000305,S006,16.79709137,16.79709137
TSK000305,S007,63.83535568,63.83535568
TSK000305,S008,121.18120325,121.18120325
TSK000305,S009,39.56356553,39.56356553
TSK000305,S010,74.89623796,74.89623796
TSK000305,S011,16.79709137,16.79709137
TSK000305,S012,131.03980865,131.03980865
TSK000305,S013,65.24313608,65.24313608
TSK000305,S014,16.79709137,16.79709137
TSK000305,S015,23.58057828,23.58057828
TSK000305,S016,33.62675339,33.62675339
TSK000305,S017,46.56569986,46.56569986
TSK000305,S018,37.04822362,37.04822362
TSK000305,S019,16.79709137,16.79709137
TSK000305,S020,16.79709137,16.79709137
TSK000305,S021,63.39372487,63.39372487
TSK000305,S022,220.92888582,220.92888582
TSK000305,S023,16.79709137,16.79709137
TSK000305,S024,16.79709137,16.79709137
TSK000305,S025,16.79709137,16.79709137
TSK000305,S026,68.78559402,68.78559402
TSK000305,S027,139.63180981,139.63180981
TSK000305,S028,16.79709137,16.79709137
TSK000305,S029,118.44652081,118.44652081
TSK000305,S030,109.12528167,109.12528167
TSK000305,S031,39.81102138,39.81102138
TSK000305,S032,142.1102903,142.1102903
TSK000305,S033,85.21646394,85.21646394
TSK000305,S034,63.63355961,63.63355961
TSK000305,S035,16.79709137,16.79709137
TSK000305,S036,117.85405452,117.85405452
TSK000305,S037,107.10298974,107.10298974
TSK000305,S038,52.65031669,52.65031669
TSK000305,S039,66.19031175,66.19031175
TSK000305,S040,64.12820957,64.12820957
TSK000305,S041,26.82196797,26.82196797
TSK000305,S042,109.54178073,109.54178073
TSK000305,S043,16.79709137,16.79709137
TSK000305,S044,33.38342709,33.38342709
TSK000305,S045,20.15507869,20.15507869
TSK000305,S046,62.12339512,62.12339512
TSK000305,S047,29.95757534,29.95757534
TSK000305,S048,228.88969287,228.88969287
TSK000305,S049,35.62962019,35.62962019
TSK000305,S050,60.2335591,60.2335591
TSK000305,S051,64.65726861,64.65726861
TSK000305,S052,39.44156897,39.44156897
TSK000305,S053,119.14491839,119.14491839
TSK000305,S054,39.06209283,39.06209283
TSK000305,S055,57.61725215,57.61725215
TSK000305,S056,16.79709137,16.79709137
TSK000305,S057,43.88286977,43.88286977
TSK000305,S058,53.93312306,53.93312306
TSK000305,S059,80.90748303,80.90748303
TSK000305,S060,65.26667762,65.26667762
TSK000305,S061,65.69492256,65.69492256
TSK000305,S062,51.24058657,51.24058657
TSK000305,S063,45.20066373,45.20066373
TSK000305,S064,158.15391916,158.15391916
TSK000305,S065,16.79709137,16.79709137
TSK000305,S066,109.33073392,109.33073392
TSK000305,S067,17.35271285,17.35271285
TSK000305,S068,27.17790753,27.17790753
TSK000305,S069,62.81123786,62.81123786
TSK000305,S070,17.35271285,17.35271285
TSK000305,S071,40.86760095,40.86760095
TSK000305,S072,16.79709137,16.79709137
TSK000305,S073,16.79709137,16.79709137
TSK000305,S074,55.66788224,55.66788224
TSK000305,S075,16.79709137,16.79709137
TSK000305,S076,23.47461554,23.47461554
TSK000305,S077,16.79709137,16.79709137
TSK000305,S078,27.17790753,27.17790753
TSK000305,S079,40.87909154,40.87909154
TSK000305,S080,60.2335591,60.2335591
TSK000305,S081,89.03863483,89.03863483
TSK000305,S082,16.79709137,16.79709137
TSK000305,S083,16.79709137,16.79709137
TSK000305,S084,16.79709137,16.79709137
TSK000305,S085,16.79709137,16.79709137
TSK000305,S086,39.29496924,39.29496924
TSK000305,S087,16.79709137,16.79709137
TSK000305,S088,35.62962019,35.62962019
TSK000305,S089,48.55534268,48.55534268
TSK000305,S090,35.62962019,35.62962019
TSK000305,S091,109.12528167,109.12528167
TSK000305,S092,77.54576273,77.54576273
TSK000305,S093,16.79709137,16.79709137
TSK000305,S094,16.79709137,16.79709137
TSK000305,S095,147.91834059,147.91834059
TSK000305,S096,77.26203642,77.26203642
TSK000305,S097,31.65139531,31.65139531
TSK000305,S098,16.79709137,16.79709137
TSK000305,S099,45.20066373,45.20066373
TSK000305,S100,16.79709137,16.79709137
TSK000364,S001,30.99392518,30.99392518
TSK000364,S002,10.79790747,10.79790747
TSK000364,S003,33.2736132,33.2736132
TSK000364,S004,41.51314782,41.51314782
TSK000364,S005,10.79790747,10.79790747
TSK000364,S006,10.79790747,10.79790747
TSK000364,S007,34.39149713,34.39149713
TSK000364,S008,68.3307962,68.3307962
TSK000364,S009,24.58591519,24.58591519
TSK000364,S010,38.18048392,38.18048392
TSK000364,S011,10.79790747,10.79790747
TSK000364,S012,76.61182651,76.61182651
TSK000364,S013,39.30283686,39.30283686
TSK000364,S014,10.79790747,10.79790747
TSK000364,S015,13.79287585,13.79287585
TSK000364,S016,21.89577805,21.89577805
TSK000364,S017,28.47902521,28.47902521
TSK000364,S018,22.17367814,22.17367814
TSK000364,S019,10.79790747,10.79790747
TSK000364,S020,10.79790747,10.79790747
TSK000364,S021,35.31754419,35.31754419
TSK000364,S022,122.4473172,122.4473172
TSK000364,S023,10.79790747,10.79790747
TSK000364,S024,10.79790747,10.79790747
TSK000364,S025,10.79790747,10.79790747
TSK000364,S026,35.86441818,35.86441818
TSK000364,S027,80.01007607,80.01007607
TSK000364,S028,10.79790747,10.79790747
TSK000364,S029,66.89517701,66.89517701
TSK000364,S030,57.56808131,57.56808131
TSK000364,S031,24.83625494,24.83625494
TSK000364,S032,96.26517896,96.26517896
TSK000364,S033,51.03151888,51.03151888
TSK000364,S034,37.00307923,37.00307923
TSK000364,S035,10.79790747,10.79790747
TSK000364,S036,61.38719984,61.38719984
TSK000364,S037,61.22513731,61.22513731
TSK000364,S038,27.18471712,27.18471712
TSK000364,S039,33.61730713,33.61730713
TSK000364,S040,36.28773101,36.28773101
TSK000364,S041,16.64897089,16.64897089
TSK000364,S042,63.92276571,63.92276571
TSK000364,S043,10.79790747,10.79790747
TSK000364,S044,20.30227178,20.30227178
TSK000364,S045,13.65385546,13.65385546
TSK000364,S046,32.7940276,32.7940276
TSK000364,S047,18.8681933,18.8681933
TSK000364,S048,131.13363525,131.13363525
TSK000364,S049,25.18048365,25.18048365
TSK000364,S050,35.89747032,35.89747032
TSK000364,S051,38.13873668,38.13873668
TSK000364,S052,25.19842693,25.19842693
TSK000364,S053,63.67279707,63.67279707
TSK000364,S054,24.98144094,24.98144094
TSK000364,S055,34.74179882,34.74179882
TSK000364,S056,10.79790747,10.79790747
TSK000364,S057,29.13417666,29.13417666
TSK000364,S058,33.60755477,33.60755477
TSK000364,S059,46.64712509,46.64712509
TSK000364,S060,37.33649463,37.33649463
TSK000364,S061,36.98589316,36.98589316
TSK000364,S062,31.18324058,31.18324058
TSK000364,S063,25.00364559,25.00364559
TSK000364,S064,87.1667978,87.1667978
TSK000364,S065,10.79790747,10.79790747
TSK000364,S066,67.48230282,67.48230282
TSK000364,S067,11.28729181,11.28729181
TSK000364,S068,18.93248289,18.93248289
TSK000364,S069,38.75765185,38.75765185
TSK000364,S070,11.28729181,11.28729181
TSK000364,S071,25.79168012,25.79168012
TSK000364,S072,10.79790747,10.79790747
TSK000364,S073,10.79790747,10.79790747
TSK000364,S074,35.66562225,35.66562225
TSK000364,S075,10.79790747,10.79790747
TSK000364,S076,15.06379415,15.06379415
TSK000364,S077,10.79790747,10.79790747
TSK000364,S078,18.93248289,18.93248289
TSK000364,S079,23.85197733,23.85197733
TSK000364,S080,35.89747032,35.89747032
TSK000364,S081,47.41995385,47.41995385
TSK000364,S082,10.79790747,10.79790747
TSK000364,S083,10.79790747,10.79790747
TSK000364,S084,10.79790747,10.79790747
TSK000364,S085,10.79790747,10.79790747
TSK000364,S086,23.64533097,23.64533097
TSK000364,S087,10.79790747,10.79790747
TSK000364,S088,25.18048365,25.18048365
TSK000364,S089,30.69251627,30.69251627
TSK000364,S090,25.18048365,25.18048365
TSK000364,S091,57.56808131,57.56808131
TSK000364,S092,45.06579087,45.06579087
TSK000364,S093,10.79790747,10.79790747
TSK000364,S094,10.79790747,10.79790747
TSK000364,S095,83.56279677,83.56279677
TSK000364,S096,42.64456118,42.64456118
TSK000364,S097,17.84610617,17.84610617
TSK000364,S098,10.79790747,10.79790747
TSK000364,S099,25.00364559,25.00364559
TSK000364,S100,10.79790747,10.79790747
TSK000365,S001,36.33133467,36.33133467
TSK000365,S002,16.79709137,16.79709137
TSK000365,S003,50.07106742,50.07106742
TSK000365,S004,77.67514933,77.67514933
TSK000365,S005,16.79709137,16.79709137
TSK000365,S006,16.79709137,16.79709137
TSK000365,S007,63.83535568,63.83535568
TSK000365,S008,121.18120325,121.18120325
TSK000365,S009,39.56356553,39.56356553
TSK000365,S010,74.89623796,74.89623796
TSK000365,S011,16.79709137,16.79709137
TSK000365,S012,131.03980865,131.03980865
TSK000365,S013,65.24313608,65.24313608
TSK000365,S014,16.79709137,16.79709137
TSK000365,S015,23.58057828,23.58057828
TSK000365,S016,33.62675339,33.62675339
TSK000365,S017,46.56569986,46.56569986
TSK000365,S018,37.04822362,37.04822362
TSK000365,S019,16.79709137,16.79709137
TSK000365,S020,16.79709137,16.79709137
TSK000365,S021,63.39372487,63.39372487
TSK000365,S022,220.92888582,220.92888582
TSK000365,S023,16.79709137,16.79709137
TSK000365,S024,16.79709137,16.79709137
TSK000365,S025,16.79709137,16.79709137
TSK000365,S026,68.78559402,68.78559402
TSK000365,S027,139.63180981,139.63180981
TSK000365,S028,16.79709137,16.79709137
TSK000365,S029,118.44652081,118.44652081
TSK000365,S030,109.12528167,109.12528167
TSK000365,S031,39.81102138,39.81102138
TSK000365,S032,142.1102903,142.1102903
TSK000365,S033,85.21646394,85.21646394
TSK000365,S034,63.63355961,63.63355961
TSK000365,S035,16.79709137,16.79709137
TSK000365,S036,117.85405452,117.85405452
TSK000365,S037,107.10298974,107.10298974
TSK000365,S038,52.65031669,52.65031669
TSK000365,S039,66.19031175,66.19031175
TSK000365,S040,64.12820957,64.12820957
TSK000365,S041,26.82196797,26.82196797
TSK000365,S042,109.54178073,109.54178073
TSK000365,S043,16.79709137,16.79709137
TSK000365,S044,33.38342709,33.38342709
TSK000365,S045,20.15507869,20.15507869
TSK000365,S046,62.12339512,62.12339512
TSK000365,S047,29.95757534,29.95757534
TSK000365,S048,228.88969287,228.88969287
TSK000365,S049,35.62962019,35.62962019
TSK000365,S050,60.2335591,60.2335591
TSK000365,S051,64.65726861,64.65726861
TSK000365,S052,39.44156897,39.44156897
TSK000365,S053,119.14491839,119.14491839
TSK000365,S054,39.06209283,39.06209283
TSK000365,S055,57.61725215,57.61725215
TSK000365,S056,16.79709137,16.79709137
TSK000365,S057,43.88286977,43.88286977
TSK000365,S058,53.93312306,53.93312306
TSK000365,S059,80.90748303,80.90748303
TSK000365,S060,65.26667762,65.26667762
TSK000365,S061,65.69492256,65.69492256
TSK000365,S062,51.24058657,51.24058657
TSK000365,S063,45.20066373,45.20066373
TSK000365,S064,158.15391916,158.15391916
TSK000365,S065,16.79709137,16.79709137
TSK000365,S066,109.33073392,109.33073392
TSK000365,S067,17.35271285,17.35271285
TSK000365,S068,27.17790753,27.17790753
TSK000365,S069,62.81123786,62.81123786
TSK000365,S070,17.35271285,17.35271285
TSK000365,S071,40.86760095,40.86760095
TSK000365,S072,16.79709137,16.79709137
TSK000365,S073,16.79709137,16.79709137
TSK000365,S074,55.66788224,55.66788224
TSK000365,S075,16.79709137,16.79709137
TSK000365,S076,23.47461554,23.47461554
TSK000365,S077,16.79709137,16.79709137
TSK000365,S078,27.17790753,27.17790753
TSK000365,S079,40.87909154,40.87909154
TSK000365,S080,60.2335591,60.2335591
TSK000365,S081,89.03863483,89.03863483
TSK000365,S082,16.79709137,16.79709137
TSK000365,S083,16.79709137,16.79709137
TSK000365,S084,16.79709137,16.79709137
TSK000365,S085,16.79709137,16.79709137
TSK000365,S086,39.29496924,39.29496924
TSK000365,S087,16.79709137,16.79709137
TSK000365,S088,35.62962019,35.62962019
TSK000365,S089,48.55534268,48.55534268
TSK000365,S090,35.62962019,35.62962019
TSK000365,S091,109.12528167,109.12528167
TSK000365,S092,77.54576273,77.54576273
TSK000365,S093,16.79709137,16.79709137
TSK000365,S094,16.79709137,16.79709137
TSK000365,S095,147.91834059,147.91834059
TSK000365,S096,77.26203642,77.26203642
TSK000365,S097,31.65139531,31.65139531
TSK000365,S098,16.79709137,16.79709137
TSK000365,S099,45.20066373,45.20066373
TSK000365,S100,16.79709137,16.79709137
TSK000413,S001,19.34936835,19.34936835
TSK000413,S002,6.46679073,6.46679073
TSK000413,S003,22.28697946,22.28697946
TSK000413,S004,27.344224,27.344224
TSK000413,S005,6.46679073,6.46679073
TSK000413,S006,6.46679073,6.46679073
TSK000413,S007,20.0417744,20.0417744
TSK000413,S008,46.07093824,46.07093824
TSK000413,S009,13.33419815,13.33419815
TSK000413,S010,22.79638287,22.79638287
TSK000413,S011,6.46679073,6.46679073
TSK000413,S012,37.39120372,37.39120372
TSK000413,S013,21.91060224,21.91060224
TSK000413,S014,6.46679073,6.46679073
TSK000413,S015,8.30301588,8.30301588
TSK000413,S016,15.37687193,15.37687193
TSK000413,S017,18.65941808,18.65941808
TSK000413,S018,13.68920904,13.68920904
TSK000413,S019,6.46679073,6.46679073
TSK000413,S020,6.46679073,6.46679073
TSK000413,S021,21.42228804,21.42228804
TSK000413,S022,70.15421496,70.15421496
TSK000413,S023,6.46679073,6.46679073
TSK000413,S024,6.46679073,6.46679073
TSK000413,S025,6.46679073,6.46679073
TSK000413,S026,23.42920113,23.42920113
TSK000413,S027,42.89053198,42.89053198
TSK000413,S028,6.46679073,6.46679073
TSK000413,S029,38.74249622,38.74249622
TSK000413,S030,36.49758653,36.49758653
TSK000413,S031,15.83329017,15.83329017
TSK000413,S032,60.03012212,60.03012212
TSK000413,S033,30.4675702,30.4675702
TSK000413,S034,22.92834579,22.92834579
TSK000413,S035,6.46679073,6.46679073
TSK000413,S036,36.01634461,36.01634461
TSK000413,S037,35.92923469,35.92923469
TSK000413,S038,16.85282434,16.85282434
TSK000413,S039,21.0154898,21.0154898
TSK000413,S040,23.60758919,23.60758919
TSK000413,S041,10.7284281,10.7284281
TSK000413,S042,37.65597336,37.65597336
TSK000413,S043,6.46679073,6.46679073
TSK000413,S044,13.2089629,13.2089629
TSK000413,S045,8.6766847,8.6766847
TSK000413,S046,20.82296032,20.82296032
TSK000413,S047,12.50621108,12.50621108
TSK000413,S048,80.18974008,80.18974008
TSK000413,S049,16.78357049,16.78357049
TSK000413,S050,23.01718719,23.01718719
TSK000413,S051,23.415297,23.415297
TSK000413,S052,16.60980943,16.60980943
TSK000413,S053,42.44926184,42.44926184
TSK000413,S054,17.02970345,17.02970345
TSK000413,S055,20.6926931,20.6926931
TSK000413,S056,6.46679073,6.46679073
TSK000413,S057,18.37933578,18.37933578
TSK000413,S058,21.28577255,21.28577255
TSK000413,S059,30.51017555,30.51017555
TSK000413,S060,25.92630844,25.92630844
TSK000413,S061,22.64831256,22.64831256
TSK000413,S062,19.51741575,19.51741575
TSK000413,S063,15.0091652,15.0091652
TSK000413,S064,49.25739801,49.25739801
TSK000413,S065,6.46679073,6.46679073
TSK000413,S066,39.27953656,39.27953656
TSK000413,S067,6.84359718,6.84359718
TSK000413,S068,12.83845094,12.83845094
TSK000413,S069,23.12660579,23.12660579
TSK000413,S070,6.84359718,6.84359718
TSK000413,S071,18.44905959,18.44905959
TSK000413,S072,6.46679073,6.46679073
TSK000413,S073,6.46679073,6.46679073
TSK000413,S074,23.68154326,23.68154326
TSK000413,S075,6.46679073,6.46679073
TSK000413,S076,9.87907841,9.87907841
TSK000413,S077,6.46679073,6.46679073
TSK000413,S078,12.83845094,12.83845094
TSK000413,S079,16.45331531,16.45331531
TSK000413,S080,23.01718719,23.01718719
TSK000413,S081,29.181956,29.181956
TSK000413,S082,6.46679073,6.46679073
TSK000413,S083,6.46679073,6.46679073
TSK000413,S084,6.46679073,6.46679073
TSK000413,S085,6.46679073,6.46679073
TSK000413,S086,16.01554896,16.01554896
TSK000413,S087,6.46679073,6.46679073
TSK000413,S088,16.78357049,16.78357049
TSK000413,S089,19.74967703,19.74967703
TSK000413,S090,16.78357049,16.78357049
TSK000413,S091,36.49758653,36.49758653
TSK000413,S092,27.5545461,27.5545461
TSK000413,S093,6.46679073,6.46679073
TSK000413,S094,6.46679073,6.46679073
TSK000413,S095,47.47553408,47.47553408
TSK000413,S096,26.08998952,26.08998952
TSK000413,S097,11.19133109,11.19133109
TSK000413,S098,6.46679073,6.46679073
TSK000413,S099,15.0091652,15.0091652
TSK000413,S100,6.46679073,6.46679073
TSK000416,S001,20.98596341,20.98596341
TSK000416,S002,4.59884341,4.59884341
TSK000416,S003,15.59115594,15.59115594
TSK000416,S004,14.52756265,14.52756265
TSK000416,S005,4.59884341,4.59884341
TSK000416,S006,4.59884341,4.59884341
TSK000416,S007,10.16540923,10.16540923
TSK000416,S008,22.82064997,22.82064997
TSK000416,S009,8.07575063,8.07575063
TSK000416,S010,11.00374879,11.00374879
TSK000416,S011,4.59884341,4.59884341
TSK000416,S012,17.91874042,17.91874042
TSK000416,S013,12.25209103,12.25209103
TSK000416,S014,4.59884341,4.59884341
TSK000416,S015,5.20498677,5.20498677
TSK000416,S016,10.26242558,10.26242558
TSK000416,S017,11.4826828,11.4826828
TSK000416,S018,8.15681895,8.15681895
TSK000416,S019,4.59884341,4.59884341
TSK000416,S020,4.59884341,4.59884341
TSK000416,S021,11.25071353,11.25071353
TSK000416,S022,31.761685,31.761685
TSK000416,S023,4.59884341,4.59884341
TSK000416,S024,4.59884341,4.59884341
TSK000416,S025,4.59884341,4.59884341
TSK000416,S026,11.31064284,11.31064284
TSK000416,S027,21.11077832,21.11077832
TSK000416,S028,4.59884341,4.59884341
TSK000416,S029,19.75514999,19.75514999
TSK000416,S030,18.5582975,18.5582975
TSK000416,S031,10.31524462,10.31524462
TSK000416,S032,49.78326396,49.78326396
TSK000416,S033,18.70542003,18.70542003
TSK000416,S034,13.44103695,13.44103695
TSK000416,S035,4.59884341,4.59884341
TSK000416,S036,16.60612488,16.60612488
TSK000416,S037,18.91526922,18.91526922
TSK000416,S038,8.41796896,8.41796896
TSK000416,S039,10.18007249,10.18007249
TSK000416,S040,13.00185242,13.00185242
TSK000416,S041,7.23588825,7.23588825
TSK000416,S042,19.8865878,19.8865878
TSK000416,S043,4.59884341,4.59884341
TSK000416,S044,8.84821496,8.84821496
TSK000416,S045,6.74291331,6.74291331
TSK000416,S046,10.95135394,10.95135394
TSK000416,S047,8.51697977,8.51697977
TSK000416,S048,41.40872414,41.40872414
TSK000416,S049,13.97895058,13.97895058
TSK000416,S050,13.11735845,13.11735845
TSK000416,S051,12.81878805,12.81878805
TSK000416,S052,10.65851262,10.65851262
TSK000416,S053,21.18953296,21.18953296
TSK000416,S054,12.07558533,12.07558533
TSK000416,S055,12.27393183,12.27393183
TSK000416,S056,4.59884341,4.59884341
TSK000416,S057,15.21417497,15.21417497
TSK000416,S058,13.45987186,13.45987186
TSK000416,S059,16.82956266,16.82956266
TSK000416,S060,14.55214671,14.55214671
TSK000416,S061,12.34511816,12.34511816
TSK000416,S062,11.62853555,11.62853555
TSK000416,S063,7.98940405,7.98940405
TSK000416,S064,23.40408411,23.40408411
TSK000416,S065,4.59884341,4.59884341
TSK000416,S066,24.68080953,24.68080953
TSK000416,S067,4.98036743,4.98036743
TSK000416,S068,10.12319919,10.12319919
TSK000416,S069,13.5635446,13.5635446
TSK000416,S070,4.98036743,4.98036743
TSK000416,S071,11.45725045,11.45725045
TSK000416,S072,4.59884341,4.59884341
TSK000416,S073,4.59884341,4.59884341
TSK000416,S074,17.30926153,17.30926153
TSK000416,S075,4.59884341,4.59884341
TSK000416,S076,6.65521126,6.65521126
TSK000416,S077,4.59884341,4.59884341
TSK000416,S078,10.12319919,10.12319919
TSK000416,S079,8.98306398,8.98306398
TSK000416,S080,13.11735845,13.11735845
TSK000416,S081,14.52087066,14.52087066
TSK000416,S082,4.59884341,4.59884341
TSK000416,S083,4.59884341,4.59884341
TSK000416,S084,4.59884341,4.59884341
TSK000416,S085,4.59884341,4.59884341
TSK000416,S086,9.91618305,9.91618305
TSK000416,S087,4.59884341,4.59884341
TSK000416,S088,13.97895058,13.97895058
TSK000416,S089,12.06024367,12.06024367
TSK000416,S090,13.97895058,13.97895058
TSK000416,S091,18.5582975,18.5582975
TSK000416,S092,19.75508154,19.75508154
TSK000416,S093,4.59884341,4.59884341
TSK000416,S094,4.59884341,4.59884341
TSK000416,S095,23.61225636,23.61225636
TSK000416,S096,14.30353484,14.30353484
TSK000416,S097,6.37593245,6.37593245
TSK000416,S098,4.59884341,4.59884341
TSK000416,S099,7.98940405,7.98940405
TSK000416,S100,4.59884341,4.59884341
TSK000426,S001,15.71318531,15.71318531
TSK000426,S002,4.33112932,4.33112932
TSK000426,S003,15.94149877,15.94149877
TSK000426,S004,16.95550808,16.95550808
TSK000426,S005,4.33112932,4.33112932
TSK000426,S006,4.33112932,4.33112932
TSK000426,S007,11.38253037,11.38253037
TSK000426,S008,29.34494198,29.34494198
TSK000426,S009,8.07232026,8.07232026
TSK000426,S010,12.63302723,12.63302723
TSK000426,S011,4.33112932,4.33112932
TSK000426,S012,19.23466446,19.23466446
TSK000426,S013,13.11283816,13.11283816
TSK000426,S014,4.33112932,4.33112932
TSK000426,S015,5.21606919,5.21606919
TSK000426,S016,11.10358916,11.10358916
TSK000426,S017,12.57421286,12.57421286
TSK000426,S018,8.77733748,8.77733748
TSK000426,S019,4.33112932,4.33112932
TSK000426,S020,4.33112932,4.33112932
TSK000426,S021,12.83780968,12.83780968
TSK000426,S022,39.32611486,39.32611486
TSK000426,S023,4.33112932,4.33112932
TSK000426,S024,4.33112932,4.33112932
TSK000426,S025,4.33112932,4.33112932
TSK000426,S026,14.00685436,14.00685436
TSK000426,S027,23.69434306,23.69434306
TSK000426,S028,4.33112932,4.33112932
TSK000426,S029,22.61050753,22.61050753
TSK000426,S030,21.65275685,21.65275685
TSK000426,S031,10.72493541,10.72493541
TSK000426,S032,42.89381137,42.89381137
TSK000426,S033,19.25471387,19.25471387
TSK000426,S034,14.54788282,14.54788282
TSK000426,S035,4.33112932,4.33112932
TSK000426,S036,19.83164123,19.83164123
TSK000426,S037,21.3968758,21.3968758
TSK000426,S038,9.71680939,9.71680939
TSK000426,S039,12.0220411,12.0220411
TSK000426,S040,15.0206354,15.0206354
TSK000426,S041,7.32036276,7.32036276
TSK000426,S042,22.77049853,22.77049853
TSK000426,S043,4.33112932,4.33112932
TSK000426,S044,8.98984708,8.98984708
TSK000426,S045,6.26106916,6.26106916
TSK000426,S046,12.46921218,12.46921218
TSK000426,S047,8.72937696,8.72937696
TSK000426,S048,48.80970251,48.80970251
TSK000426,S049,12.67347127,12.67347127
TSK000426,S050,14.96137935,14.96137935
TSK000426,S051,14.66977783,14.66977783
TSK000426,S052,11.50259654,11.50259654
TSK000426,S053,26.24508101,26.24508101
TSK000426,S054,12.24240213,12.24240213
TSK000426,S055,13.07169997,13.07169997
TSK000426,S056,4.33112932,4.33112932
TSK000426,S057,13.17929413,13.17929413
TSK000426,S058,14.2724788,14.2724788
TSK000426,S059,19.66302409,19.66302409
TSK000426,S060,17.22764083,17.22764083
TSK000426,S061,13.83666778,13.83666778
TSK000426,S062,12.73715545,12.73715545
TSK000426,S063,8.8986361,8.8986361
TSK000426,S064,27.48331168,27.48331168
TSK000426,S065,4.33112932,4.33112932
TSK000426,S066,24.8828517,24.8828517
TSK000426,S067,4.66551848,4.66551848
TSK000426,S068,9.67629109,9.67629109
TSK000426,S069,14.75440838,14.75440838
TSK000426,S070,4.66551848,4.66551848
TSK000426,S071,13.11063498,13.11063498
TSK000426,S072,4.33112932,4.33112932
TSK000426,S073,4.33112932,4.33112932
TSK000426,S074,16.7347496,16.7347496
TSK000426,S075,4.33112932,4.33112932
TSK000426,S076,6.87381098,6.87381098
TSK000426,S077,4.33112932,4.33112932
TSK000426,S078,9.67629109,9.67629109
TSK000426,S079,10.8940193,10.8940193
TSK000426,S080,14.96137935,14.96137935
TSK000426,S081,17.08380291,17.08380291
TSK000426,S082,4.33112932,4.33112932
TSK000426,S083,4.33112932,4.33112932
TSK000426,S084,4.33112932,4.33112932
TSK000426,S085,4.33112932,4.33112932
TSK000426,S086,10.90221324,10.90221324
TSK000426,S087,4.33112932,4.33112932
TSK000426,S088,12.67347127,12.67347127
TSK000426,S089,13.34435014,13.34435014
TSK000426,S090,12.67347127,12.67347127
TSK000426,S091,21.65275685,21.65275685
TSK000426,S092,17.81268174,17.81268174
TSK000426,S093,4.33112932,4.33112932
TSK000426,S094,4.33112932,4.33112932
TSK000426,S095,27.22425274,27.22425274
TSK000426,S096,15.80214332,15.80214332
TSK000426,S097,6.96247905,6.96247905
TSK000426,S098,4.33112932,4.33112932
TSK000426,S099,8.8986361,8.8986361
TSK000426,S100,4.33112932,4.33112932
TSK000440,S001,10.31392112,10.31392112
TSK000440,S002,2.33283309,2.33283309
TSK000440,S003,8.67149337,8.67149337
TSK000440,S004,8.1712636,8.1712636
TSK000440,S005,2.33283309,2.33283309
TSK000440,S006,2.33283309,2.33283309
TSK000440,S007,5.08402547,5.08402547
TSK000440,S008,13.4290259,13.4290259
TSK000440,S009,3.90196982,3.90196982
TSK000440,S010,5.5581336,5.5581336
TSK000440,S011,2.33283309,2.33283309
TSK000440,S012,7.46755495,7.46755495
TSK000440,S013,6.10972693,6.10972693
TSK000440,S014,2.33283309,2.33283309
TSK000440,S015,2.63772184,2.63772184
TSK000440,S016,6.02309394,6.02309394
TSK000440,S017,6.48872563,6.48872563
TSK000440,S018,4.35691899,4.35691899
TSK000440,S019,2.33283309,2.33283309
TSK000440,S020,2.33283309,2.33283309
TSK000440,S021,5.92589159,5.92589159
TSK000440,S022,16.02859053,16.02859053
TSK000440,S023,2.33283309,2.33283309
TSK000440,S024,2.33283309,2.33283309
TSK000440,S025,2.33283309,2.33283309
TSK000440,S026,6.28095104,6.28095104
TSK000440,S027,9.99916419,9.99916419
TSK000440,S028,2.33283309,2.33283309
TSK000440,S029,10.14445508,10.14445508
TSK000440,S030,9.83308935,9.83308935
TSK000440,S031,5.70102947,5.70102947
TSK000440,S032,24.86187386,24.86187386
TSK000440,S033,9.65502486,9.65502486
TSK000440,S034,7.29049982,7.29049982
TSK000440,S035,2.33283309,2.33283309
TSK000440,S036,8.37814854,8.37814854
TSK000440,S037,9.79798674,9.79798674
TSK000440,S038,4.38611963,4.38611963
TSK000440,S039,5.36708132,5.36708132
TSK000440,S040,7.2950322,7.2950322
TSK000440,S041,3.95323483,3.95323483
TSK000440,S042,10.47306591,10.47306591
TSK000440,S043,2.33283309,2.33283309
TSK000440,S044,4.89339673,4.89339673
TSK000440,S045,3.65084295,3.65084295
TSK000440,S046,5.84989497,5.84989497
TSK000440,S047,4.77491333,4.77491333
TSK000440,S048,22.07365791,22.07365791
TSK000440,S049,7.62904594,7.62904594
TSK000440,S050,7.34211179,7.34211179
TSK000440,S051,6.93582973,6.93582973
TSK000440,S052,6.05216918,6.05216918
TSK000440,S053,12.18646567,12.18646567
TSK000440,S054,6.94743998,6.94743998
TSK000440,S055,6.48685102,6.48685102
TSK000440,S056,2.33283309,2.33283309
TSK000440,S057,7.80352239,7.80352239
TSK000440,S058,7.41562856,7.41562856
TSK000440,S059,9.57484394,9.57484394
TSK000440,S060,8.57292294,8.57292294
TSK000440,S061,6.58676203,6.58676203
TSK000440,S062,6.3807824,6.3807824
TSK000440,S063,4.10229083,4.10229083
TSK000440,S064,11.6275864,11.6275864
TSK000440,S065,2.33283309,2.33283309
TSK000440,S066,12.46738884,12.46738884
TSK000440,S067,2.56621246,2.56621246
TSK000440,S068,5.77631455,5.77631455
TSK000440,S069,7.23700405,7.23700405
TSK000440,S070,2.56621246,2.56621246
TSK000440,S071,6.8491565,6.8491565
TSK000440,S072,2.33283309,2.33283309
TSK000440,S073,2.33283309,2.33283309
TSK000440,S074,9.28474373,9.28474373
TSK000440,S075,2.33283309,2.33283309
TSK000440,S076,3.67874137,3.67874137
TSK000440,S077,2.33283309,2.33283309
TSK000440,S078,5.77631455,5.77631455
TSK000440,S079,5.22952319,5.22952319
TSK000440,S080,7.34211179,7.34211179
TSK000440,S081,7.72492792,7.72492792
TSK000440,S082,2.33283309,2.33283309
TSK000440,S083,2.33283309,2.33283309
TSK000440,S084,2.33283309,2.33283309
TSK000440,S085,2.33283309,2.33283309
TSK000440,S086,5.67579394,5.67579394
TSK000440,S087,2.33283309,2.33283309
TSK000440,S088,7.62904594,7.62904594
TSK000440,S089,6.7881033,6.7881033
TSK000440,S090,7.62904594,7.62904594
TSK000440,S091,9.83308935,9.83308935
TSK000440,S092,9.76907383,9.76907383
TSK000440,S093,2.33283309,2.33283309
TSK000440,S094,2.33283309,2.33283309
TSK000440,S095,11.91986996,11.91986996
TSK000440,S096,7.61947518,7.61947518
TSK000440,S097,3.36706301,3.36706301
TSK000440,S098,2.33283309,2.33283309
TSK000440,S099,4.10229083,4.10229083
TSK000440,S100,2.33283309,2.33283309
TSK000473,S001,12.96283544,12.96283544
TSK000473,S002,2.98040135,2.98040135
TSK000473,S003,10.99243223,10.99243223
TSK000473,S004,10.54452452,10.54452452
TSK000473,S005,2.98040135,2.98040135
TSK000473,S006,2.98040135,2.98040135
TSK000473,S007,6.6578834,6.6578834
TSK000473,S008,17.25766596,17.25766596
TSK000473,S009,5.05343295,5.05343295
TSK000473,S010,7.31224828,7.31224828
TSK000473,S011,2.98040135,2.98040135
TSK000473,S012,10.00433533,10.00433533
TSK000473,S013,7.92831645,7.92831645
TSK000473,S014,2.98040135,2.98040135
TSK000473,S015,3.39746744,3.39746744
TSK000473,S016,7.62638278,7.62638278
TSK000473,S017,8.27983916,8.27983916
TSK000473,S018,5.59543449,5.59543449
TSK000473,S019,2.98040135,2.98040135
TSK000473,S020,2.98040135,2.98040135
TSK000473,S021,7.68854526,7.68854526
TSK000473,S022,21.07338834,21.07338834
TSK000473,S023,2.98040135,2.98040135
TSK000473,S024,2.98040135,2.98040135
TSK000473,S025,2.98040135,2.98040135
TSK000473,S026,8.15386525,8.15386525
TSK000473,S027,13.1735404,13.1735404
TSK000473,S028,2.98040135,2.98040135
TSK000473,S029,13.22244554,13.22244554
TSK000473,S030,12.78023873,12.78023873
TSK000473,S031,7.27228612,7.27228612
TSK000473,S032,31.5536248,31.5536248
TSK000473,S033,12.42533242,12.42533242
TSK000473,S034,9.37708344,9.37708344
TSK000473,S035,2.98040135,2.98040135
TSK000473,S036,11.04444595,11.04444595
TSK000473,S037,12.72592128,12.72592128
TSK000473,S038,5.728279,5.728279
TSK000473,S039,7.01985009,7.01985009
TSK000473,S040,9.37829466,9.37829466
TSK000473,S041,5.03913287,5.03913287
TSK000473,S042,13.56894573,13.56894573
TSK000473,S043,2.98040135,2.98040135
TSK000473,S044,6.24007183,6.24007183
TSK000473,S045,4.62901025,4.62901025
TSK000473,S046,7.59012696,7.59012696
TSK000473,S047,6.07090131,6.07090131
TSK000473,S048,28.57053798,28.57053798
TSK000473,S049,9.6334481,9.6334481
TSK000473,S050,9.41051729,9.41051729
TSK000473,S051,8.93639115,8.93639115
TSK000473,S052,7.69793749,7.69793749
TSK000473,S053,15.73332928,15.73332928
TSK000473,S054,8.80837017,8.80837017
TSK000473,S055,8.34842961,8.34842961
TSK000473,S056,2.98040135,2.98040135
TSK000473,S057,9.90353956,9.90353956
TSK000473,S058,9.46940745,9.46940745
TSK000473,S059,12.28660207,12.28660207
TSK000473,S060,10.95579476,10.95579476
TSK000473,S061,8.51908982,8.51908982
TSK000473,S062,8.17492698,8.17492698
TSK000473,S063,5.33177188,5.33177188
TSK000473,S064,15.28980908,15.28980908
TSK000473,S065,2.98040135,2.98040135
TSK000473,S066,16.03922588,16.03922588
TSK000473,S067,3.27216461,3.27216461
TSK000473,S068,7.29401632,7.29401632
TSK000473,S069,9.3003939,9.3003939
TSK000473,S070,3.27216461,3.27216461
TSK000473,S071,8.68298856,8.68298856
TSK000473,S072,2.98040135,2.98040135
TSK000473,S073,2.98040135,2.98040135
TSK000473,S074,11.79027591,11.79027591
TSK000473,S075,2.98040135,2.98040135
TSK000473,S076,4.67751946,4.67751946
TSK000473,S077,2.98040135,2.98040135
TSK000473,S078,7.29401632,7.29401632
TSK000473,S079,6.68419594,6.68419594
TSK000473,S080,9.41051729,9.41051729
TSK000473,S081,10.06275608,10.06275608
TSK000473,S082,2.98040135,2.98040135
TSK000473,S083,2.98040135,2.98040135
TSK000473,S084,2.98040135,2.98040135
TSK000473,S085,2.98040135,2.98040135
TSK000473,S086,7.23383023,7.23383023
TSK000473,S087,2.98040135,2.98040135
TSK000473,S088,9.6334481,9.6334481
TSK000473,S089,8.65748236,8.65748236
TSK000473,S090,9.6334481,9.6334481
TSK000473,S091,12.78023873,12.78023873
TSK000473,S092,12.53815512,12.53815512
TSK000473,S093,2.98040135,2.98040135
TSK000473,S094,2.98040135,2.98040135
TSK000473,S095,15.58819608,15.58819608
TSK000473,S096,9.86733868,9.86733868
TSK000473,S097,4.34284992,4.34284992
TSK000473,S098,2.98040135,2.98040135
TSK000473,S099,5.33177188,5.33177188
TSK000473,S100,2.98040135,2.98040135
TSK000601,S001,30.43855807,30.43855807
TSK000601,S002,9.81267942,9.81267942
TSK000601,S003,32.57126729,32.57126729
TSK000601,S004,37.21135347,37.21135347
TSK000601,S005,9.81267942,9.81267942
TSK000601,S006,9.81267942,9.81267942
TSK000601,S007,29.00493411,29.00493411
TSK000601,S008,64.69105398,64.69105398
TSK000601,S009,21.16127159,21.16127159
TSK000601,S010,31.70308199,31.70308199
TSK000601,S011,9.81267942,9.81267942
TSK000601,S012,61.76493888,61.76493888
TSK000601,S013,34.02044281,34.02044281
TSK000601,S014,9.81267942,9.81267942
TSK000601,S015,12.17685065,12.17685065
TSK000601,S016,21.80848558,21.80848558
TSK000601,S017,26.81500707,26.81500707
TSK000601,S018,20.13468841,20.13468841
TSK000601,S019,9.81267942,9.81267942
TSK000601,S020,9.81267942,9.81267942
TSK000601,S021,30.9742083,30.9742083
TSK000601,S022,105.20668966,105.20668966
TSK000601,S023,9.81267942,9.81267942
TSK000601,S024,9.81267942,9.81267942
TSK000601,S025,9.81267942,9.81267942
TSK000601,S026,32.02531601,32.02531601
TSK000601,S027,66.79939658,66.79939658
TSK000601,S028,9.81267942,9.81267942
TSK000601,S029,57.60194303,57.60194303
TSK000601,S030,50.67674887,50.67674887
TSK000601,S031,23.04193949,23.04193949
TSK000601,S032,90.30981287,90.30981287
TSK000601,S033,45.34783462,45.34783462
TSK000601,S034,33.05749951,33.05749951
TSK000601,S035,9.81267942,9.81267942
TSK000601,S036,51.3567901,51.3567901
TSK000601,S037,53.35848372,53.35848372
TSK000601,S038,23.26809162,23.26809162
TSK000601,S039,28.68462086,28.68462086
TSK000601,S040,33.21790325,33.21790325
TSK000601,S041,15.47619594,15.47619594
TSK000601,S042,56.37475248,56.37475248
TSK000601,S043,9.81267942,9.81267942
TSK000601,S044,18.74167427,18.74167427
TSK000601,S045,12.79233374,12.79233374
TSK000601,S046,28.69798519,28.69798519
TSK000601,S047,17.87272037,17.87272037
TSK000601,S048,117.86803994,117.86803994
TSK000601,S049,24.43272551,24.43272551
TSK000601,S050,33.32955242,33.32955242
TSK000601,S051,34.56012407,34.56012407
TSK000601,S052,24.16416725,24.16416725
TSK000601,S053,57.97049373,57.97049373
TSK000601,S054,23.91586698,23.91586698
TSK000601,S055,30.92458332,30.92458332
TSK000601,S056,9.81267942,9.81267942
TSK000601,S057,27.01686793,27.01686793
TSK000601,S058,31.22472875,31.22472875
TSK000601,S059,43.20316952,43.20316952
TSK000601,S060,35.64584613,35.64584613
TSK000601,S061,32.61378598,32.61378598
TSK000601,S062,28.68309137,28.68309137
TSK000601,S063,21.72924553,21.72924553
TSK000601,S064,73.5502645,73.5502645
TSK000601,S065,9.81267942,9.81267942
TSK000601,S066,60.00530662,60.00530662
TSK000601,S067,10.32080714,10.32080714
TSK000601,S068,18.40084473,18.40084473
TSK000601,S069,35.00447842,35.00447842
TSK000601,S070,10.32080714,10.32080714
TSK000601,S071,25.91674981,25.91674981
TSK000601,S072,9.81267942,9.81267942
TSK000601,S073,9.81267942,9.81267942
TSK000601,S074,34.13361706,34.13361706
TSK000601,S075,9.81267942,9.81267942
TSK000601,S076,14.40183992,14.40183992
TSK000601,S077,9.81267942,9.81267942
TSK000601,S078,18.40084473,18.40084473
TSK000601,S079,23.12753296,23.12753296
TSK000601,S080,33.32955242,33.32955242
TSK000601,S081,41.05604459,41.05604459
TSK000601,S082,9.81267942,9.81267942
TSK000601,S083,9.81267942,9.81267942
TSK000601,S084,9.81267942,9.81267942
TSK000601,S085,9.81267942,9.81267942
TSK000601,S086,22.52292261,22.52292261
TSK000601,S087,9.81267942,9.81267942
TSK000601,S088,24.43272551,24.43272551
TSK000601,S089,29.10654339,29.10654339
TSK000601,S090,24.43272551,24.43272551
TSK000601,S091,50.67674887,50.67674887
TSK000601,S092,39.43060103,39.43060103
TSK000601,S093,9.81267942,9.81267942
TSK000601,S094,9.81267942,9.81267942
TSK000601,S095,71.36849376,71.36849376
TSK000601,S096,37.05923362,37.05923362
TSK000601,S097,15.98845681,15.98845681
TSK000601,S098,9.81267942,9.81267942
TSK000601,S099,21.72924553,21.72924553
TSK000601,S100,9.81267942,9.81267942
TSK000801,S001,26.25635956,26.25635956
TSK000801,S002,11.10912716,11.10912716
TSK000801,S003,34.00963477,34.00963477
TSK000801,S004,50.27935186,50.27935186
TSK000801,S005,11.10912716,11.10912716
TSK000801,S006,11.10912716,11.10912716
TSK000801,S007,40.52859056,40.52859056
TSK000801,S008,79.0902412,79.0902412
TSK000801,S009,25.45593671,25.45593671
TSK000801,S010,47.33861432,47.33861432
TSK000801,S011,11.10912716,11.10912716
TSK000801,S012,81.84389026,81.84389026
TSK000801,S013,41.87478656,41.87478656
TSK000801,S014,11.10912716,11.10912716
TSK000801,S015,15.3092053,15.3092053
TSK000801,S016,22.95199632,22.95199632
TSK000801,S017,30.90073317,30.90073317
TSK000801,S018,24.19958478,24.19958478
TSK000801,S019,11.10912716,11.10912716
TSK000801,S020,11.10912716,11.10912716
TSK000801,S021,40.70237268,40.70237268
TSK000801,S022,139.92068523,139.92068523
TSK000801,S023,11.10912716,11.10912716
TSK000801,S024,11.10912716,11.10912716
TSK000801,S025,11.10912716,11.10912716
TSK000801,S026,44.14599377,44.14599377
TSK000801,S027,88.20259826,88.20259826
TSK000801,S028,11.10912716,11.10912716
TSK000801,S029,75.61200311,75.61200311
TSK000801,S030,69.90857405,69.90857405
TSK000801,S031,26.44664524,26.44664524
TSK000801,S032,96.16869877,96.16869877
TSK000801,S033,55.42171349,55.42171349
TSK000801,S034,41.43178786,41.43178786
TSK000801,S035,11.10912716,11.10912716
TSK000801,S036,74.40378798,74.40378798
TSK000801,S037,68.66970939,68.66970939
TSK000801,S038,33.52566716,33.52566716
TSK000801,S039,42.08235192,42.08235192
TSK000801,S040,41.80545809,41.80545809
TSK000801,S041,17.85835704,17.85835704
TSK000801,S042,70.48411899,70.48411899
TSK000801,S043,11.10912716,11.10912716
TSK000801,S044,22.2001697,22.2001697
TSK000801,S045,13.69683867,13.69683867
TSK000801,S046,39.87643879,39.87643879
TSK000801,S047,20.11907475,20.11907475
TSK000801,S048,147.53288522,147.53288522
TSK000801,S049,24.74298778,24.74298778
TSK000801,S050,39.51957808,39.51957808
TSK000801,S051,41.97829101,41.97829101
TSK000801,S052,26.44017023,26.44017023
TSK000801,S053,77.09026783,77.09026783
TSK000801,S054,26.53706128,26.53706128
TSK000801,S055,37.47266181,37.47266181
TSK000801,S056,11.10912716,11.10912716
TSK000801,S057,29.71173386,29.71173386
TSK000801,S058,35.71772017,35.71772017
TSK000801,S059,52.94710567,52.94710567
TSK000801,S060,43.13040879,43.13040879
TSK000801,S061,42.36767369,42.36767369
TSK000801,S062,33.64961291,33.64961291
TSK000801,S063,28.95077391,28.95077391
TSK000801,S064,100.0795573,100.0795573
TSK000801,S065,11.10912716,11.10912716
TSK000801,S066,71.15313813,71.15313813
TSK000801,S067,11.54317869,11.54317869
TSK000801,S068,18.86611838,18.86611838
TSK000801,S069,40.97382537,40.97382537
TSK000801,S070,11.54317869,11.54317869
TSK000801,S071,27.72706617,27.72706617
TSK000801,S072,11.10912716,11.10912716
TSK000801,S073,11.10912716,11.10912716
TSK000801,S074,37.56298183,37.56298183
TSK000801,S075,11.10912716,11.10912716
TSK000801,S076,15.75767231,15.75767231
TSK000801,S077,11.10912716,11.10912716
TSK000801,S078,18.86611838,18.86611838
TSK000801,S079,27.00253366,27.00253366
TSK000801,S080,39.51957808,39.51957808
TSK000801,S081,56.87534481,56.87534481
TSK000801,S082,11.10912716,11.10912716
TSK000801,S083,11.10912716,11.10912716
TSK000801,S084,11.10912716,11.10912716
TSK000801,S085,11.10912716,11.10912716
TSK000801,S086,26.1693345,26.1693345
TSK000801,S087,11.10912716,11.10912716
TSK000801,S088,24.74298778,24.74298778
TSK000801,S089,32.26635932,32.26635932
TSK000801,S090,24.74298778,24.74298778
TSK000801,S091,69.90857405,69.90857405
TSK000801,S092,50.69304406,50.69304406
TSK000801,S093,11.10912716,11.10912716
TSK000801,S094,11.10912716,11.10912716
TSK000801,S095,94.08987964,94.08987964
TSK000801,S096,49.71835921,49.71835921
TSK000801,S097,20.50531002,20.50531002
TSK000801,S098,11.10912716,11.10912716
TSK000801,S099,28.95077391,28.95077391
TSK000801,S100,11.10912716,11.10912716
TSK000900,S001,58.19946095,58.19946095
TSK000900,S002,26.6920099,26.6920099
TSK000900,S003,80.95862584,80.95862584
TSK000900,S004,123.3020764,123.3020764
TSK000900,S005,26.6920099,26.6920099
TSK000900,S006,26.6920099,26.6920099
TSK000900,S007,100.43202201,100.43202201
TSK000900,S008,195.09415706,195.09415706
TSK000900,S009,62.45746861,62.45746861
TSK000900,S010,117.4994617,117.4994617
TSK000900,S011,26.6920099,26.6920099
TSK000900,S012,205.18656749,205.18656749
TSK000900,S013,103.21588003,103.21588003
TSK000900,S014,26.6920099,26.6920099
TSK000900,S015,37.29063293,37.29063293
TSK000900,S016,54.59056484,54.59056484
TSK000900,S017,74.69619979,74.69619979
TSK000900,S018,59.02737887,59.02737887
TSK000900,S019,26.6920099,26.6920099
TSK000900,S020,26.6920099,26.6920099
TSK000900,S021,100.43021105,100.43021105
TSK000900,S022,349.79228842,349.79228842
TSK000900,S023,26.6920099,26.6920099
TSK000900,S024,26.6920099,26.6920099
TSK000900,S025,26.6920099,26.6920099
TSK000900,S026,109.28954353,109.28954353
TSK000900,S027,219.7729893,219.7729893
TSK000900,S028,26.6920099,26.6920099
TSK000900,S029,187.23112256,187.23112256
TSK000900,S030,172.84277303,172.84277303
TSK000900,S031,63.6037141,63.6037141
TSK000900,S032,226.37872653,226.37872653
TSK000900,S033,135.10421831,135.10421831
TSK000900,S034,100.98672111,100.98672111
TSK000900,S035,26.6920099,26.6920099
TSK000900,S036,185.37053136,185.37053136
TSK000900,S037,169.61169643,169.61169643
TSK000900,S038,82.97582446,82.97582446
TSK000900,S039,104.28024486,104.28024486
TSK000900,S040,102.31142801,102.31142801
TSK000900,S041,42.80950097,42.80950097
TSK000900,S042,173.95448147,173.95448147
TSK000900,S043,26.6920099,26.6920099
TSK000900,S044,53.16510363,53.16510363
TSK000900,S045,32.15283119,32.15283119
TSK000900,S046,98.21170034,98.21170034
TSK000900,S047,48.00078185,48.00078185
TSK000900,S048,364.7883998,364.7883998
TSK000900,S049,57.18749343,57.18749343
TSK000900,S050,96.4795725,96.4795725
TSK000900,S051,103.15751525,103.15751525
TSK000900,S052,63.55236452,63.55236452
TSK000900,S053,189.94542216,189.94542216
TSK000900,S054,62.64133517,62.64133517
TSK000900,S055,91.47637925,91.47637925
TSK000900,S056,26.6920099,26.6920099
TSK000900,S057,69.63451693,69.63451693
TSK000900,S058,86.28508316,86.28508316
TSK000900,S059,129.45604028,129.45604028
TSK000900,S060,104.94719125,104.94719125
TSK000900,S061,104.11003916,104.11003916
TSK000900,S062,81.88994218,81.88994218
TSK000900,S063,71.45973002,71.45973002
TSK000900,S064,249.31601232,249.31601232
TSK000900,S065,26.6920099,26.6920099
TSK000900,S066,173.44944257,173.44944257
TSK000900,S067,27.59258359,27.59258359
TSK000900,S068,43.69674133,43.69674133
TSK000900,S069,100.13041484,100.13041484
TSK000900,S070,27.59258359,27.59258359
TSK000900,S071,66.54003527,66.54003527
TSK000900,S072,26.6920099,26.6920099
TSK000900,S073,26.6920099,26.6920099
TSK000900,S074,89.25519528,89.25519528
TSK000900,S075,26.6920099,26.6920099
TSK000900,S076,37.74835039,37.74835039
TSK000900,S077,26.6920099,26.6920099
TSK000900,S078,43.69674133,43.69674133
TSK000900,S079,66.07105455,66.07105455
TSK000900,S080,96.4795725,96.4795725
TSK000900,S081,140.71245896,140.71245896
TSK000900,S082,26.6920099,26.6920099
TSK000900,S083,26.6920099,26.6920099
TSK000900,S084,26.6920099,26.6920099
TSK000900,S085,26.6920099,26.6920099
TSK000900,S086,63.11555646,63.11555646
TSK000900,S087,26.6920099,26.6920099
TSK000900,S088,57.18749343,57.18749343
TSK000900,S089,78.15544029,78.15544029
TSK000900,S090,57.18749343,57.18749343
TSK000900,S091,172.84277303,172.84277303
TSK000900,S092,121.87934013,121.87934013
TSK000900,S093,26.6920099,26.6920099
TSK000900,S094,26.6920099,26.6920099
TSK000900,S095,233.60945663,233.60945663
TSK000900,S096,122.02036237,122.02036237
TSK000900,S097,50.25768488,50.25768488
TSK000900,S098,26.6920099,26.6920099
TSK000900,S099,71.45973002,71.45973002
TSK000900,S100,26.6920099,26.6920099
TSK000922,S001,20.98596341,20.98596341
TSK000922,S002,4.59884341,4.59884341
TSK000922,S003,15.59115594,15.59115594
TSK000922,S004,14.52756265,14.52756265
TSK000922,S005,4.59884341,4.59884341
TSK000922,S006,4.59884341,4.59884341
TSK000922,S007,10.16540923,10.16540923
TSK000922,S008,22.82064997,22.82064997
TSK000922,S009,8.07575063,8.07575063
TSK000922,S010,11.00374879,11.00374879
TSK000922,S011,4.59884341,4.59884341
TSK000922,S012,17.91874042,17.91874042
TSK000922,S013,12.25209103,12.25209103
TSK000922,S014,4.59884341,4.59884341
TSK000922,S015,5.20498677,5.20498677
TSK000922,S016,10.26242558,10.26242558
TSK000922,S017,11.4826828,11.4826828
TSK000922,S018,8.15681895,8.15681895
TSK000922,S019,4.59884341,4.59884341
TSK000922,S020,4.59884341,4.59884341
TSK000922,S021,11.25071353,11.25071353
TSK000922,S022,31.761685,31.761685
TSK000922,S023,4.59884341,4.59884341
TSK000922,S024,4.59884341,4.59884341
TSK000922,S025,4.59884341,4.59884341
TSK000922,S026,11.31064284,11.31064284
TSK000922,S027,21.11077832,21.11077832
TSK000922,S028,4.59884341,4.59884341
TSK000922,S029,19.75514999,19.75514999
TSK000922,S030,18.5582975,18.5582975
TSK000922,S031,10.31524462,10.31524462
TSK000922,S032,49.78326396,49.78326396
TSK000922,S033,18.70542003,18.70542003
TSK000922,S034,13.44103695,13.44103695
TSK000922,S035,4.59884341,4.59884341
TSK000922,S036,16.60612488,16.60612488
TSK000922,S037,18.91526922,18.91526922
TSK000922,S038,8.41796896,8.41796896
TSK000922,S039,10.18007249,10.18007249
TSK000922,S040,13.00185242,13.00185242
TSK000922,S041,7.23588825,7.23588825
TSK000922,S042,19.8865878,19.8865878
TSK000922,S043,4.59884341,4.59884341
TSK000922,S044,8.84821496,8.84821496
TSK000922,S045,6.74291331,6.74291331
TSK000922,S046,10.95135394,10.95135394
TSK000922,S047,8.51697977,8.51697977
TSK000922,S048,41.40872414,41.40872414
TSK000922,S049,13.97895058,13.97895058
TSK000922,S050,13.11735845,13.11735845
TSK000922,S051,12.81878805,12.81878805
TSK000922,S052,10.65851262,10.65851262
TSK000922,S053,21.18953296,21.18953296
TSK000922,S054,12.07558533,12.07558533
TSK000922,S055,12.27393183,12.27393183
TSK000922,S056,4.59884341,4.59884341
TSK000922,S057,15.21417497,15.21417497
TSK000922,S058,13.45987186,13.45987186
TSK000922,S059,16.82956266,16.82956266
TSK000922,S060,14.55214671,14.55214671
TSK000922,S061,12.34511816,12.34511816
TSK000922,S062,11.62853555,11.62853555
TSK000922,S063,7.98940405,7.98940405
TSK000922,S064,23.40408411,23.40408411
TSK000922,S065,4.59884341,4.59884341
TSK000922,S066,24.68080953,24.68080953
TSK000922,S067,4.98036743,4.98036743
TSK000922,S068,10.12319919,10.12319919
TSK000922,S069,13.5635446,13.5635446
TSK000922,S070,4.98036743,4.98036743
TSK000922,S071,11.45725045,11.45725045
TSK000922,S072,4.59884341,4.59884341
TSK000922,S073,4.59884341,4.59884341
TSK000922,S074,17.30926153,17.30926153
TSK000922,S075,4.59884341,4.59884341
TSK000922,S076,6.65521126,6.65521126
TSK000922,S077,4.59884341,4.59884341
TSK000922,S078,10.12319919,10.12319919
TSK000922,S079,8.98306398,8.98306398
TSK000922,S080,13.11735845,13.11735845
TSK000922,S081,14.52087066,14.52087066
TSK000922,S082,4.59884341,4.59884341
TSK000922,S083,4.59884341,4.59884341
TSK000922,S084,4.59884341,4.59884341
TSK000922,S085,4.59884341,4.59884341
TSK000922,S086,9.91618305,9.91618305
TSK000922,S087,4.59884341,4.59884341
TSK000922,S088,13.97895058,13.97895058
TSK000922,S089,12.06024367,12.06024367
TSK000922,S090,13.97895058,13.97895058
TSK000922,S091,18.5582975,18.5582975
TSK000922,S092,19.75508154,19.75508154
TSK000922,S093,4.59884341,4.59884341
TSK000922,S094,4.59884341,4.59884341
TSK000922,S095,23.61225636,23.61225636
TSK000922,S096,14.30353484,14.30353484
TSK000922,S097,6.37593245,6.37593245
TSK000922,S098,4.59884341,4.59884341
TSK000922,S099,7.98940405,7.98940405
TSK000922,S100,4.59884341,4.59884341
TSK000937,S001,21.17027725,21.17027725
TSK000937,S002,4.70492755,4.70492755
TSK000937,S003,15.92032419,15.92032419
TSK000937,S004,14.98920211,14.98920211
TSK000937,S005,4.70492755,4.70492755
TSK000937,S006,4.70492755,4.70492755
TSK000937,S007,10.56062476,10.56062476
TSK000937,S008,23.64475293,23.64475293
TSK000937,S009,8.34819611,8.34819611
TSK000937,S010,11.44162001,11.44162001
TSK000937,S011,4.70492755,4.70492755
TSK000937,S012,18.85359106,18.85359106
TSK000937,S013,12.70261621,12.70261621
TSK000937,S014,4.70492755,4.70492755
TSK000937,S015,5.34878527,5.34878527
TSK000937,S016,10.48371049,10.48371049
TSK000937,S017,11.78661382,11.78661382
TSK000937,S018,8.39906735,8.39906735
TSK000937,S019,4.70492755,4.70492755
TSK000937,S020,4.70492755,4.70492755
TSK000937,S021,11.65603396,11.65603396
TSK000937,S022,33.27793896,33.27793896
TSK000937,S023,4.70492755,4.70492755
TSK000937,S024,4.70492755,4.70492755
TSK000937,S025,4.70492755,4.70492755
TSK000937,S026,11.73162737,11.73162737
TSK000937,S027,22.07019441,22.07019441
TSK000937,S028,4.70492755,4.70492755
TSK000937,S029,20.53915099,20.53915099
TSK000937,S030,19.21715396,19.21715396
TSK000937,S031,10.57021444,10.57021444
TSK000937,S032,50.5967563,50.5967563
TSK000937,S033,19.25173174,19.25173174
TSK000937,S034,13.84172125,13.84172125
TSK000937,S035,4.70492755,4.70492755
TSK000937,S036,17.33574006,17.33574006
TSK000937,S037,19.6249173,19.6249173
TSK000937,S038,8.72735054,8.72735054
TSK000937,S039,10.56592902,10.56592902
TSK000937,S040,13.40829588,13.40829588
TSK000937,S041,7.40104821,7.40104821
TSK000937,S042,20.6332526,20.6332526
TSK000937,S043,4.70492755,4.70492755
TSK000937,S044,9.04750225,9.04750225
TSK000937,S045,6.86416509,6.86416509
TSK000937,S046,11.31727399,11.31727399
TSK000937,S047,8.70230799,8.70230799
TSK000937,S048,42.95671581,42.95671581
TSK000937,S049,14.18365596,14.18365596
TSK000937,S050,13.52045987,13.52045987
TSK000937,S051,13.2577022,13.2577022
TSK000937,S052,10.92342388,10.92342388
TSK000937,S053,21.92977611,21.92977611
TSK000937,S054,12.30886495,12.30886495
TSK000937,S055,12.65531764,12.65531764
TSK000937,S056,4.70492755,4.70492755
TSK000937,S057,15.45358466,15.45358466
TSK000937,S058,13.81498429,13.81498429
TSK000937,S059,17.35615125,17.35615125
TSK000937,S060,14.96638659,14.96638659
TSK000937,S061,12.76104756,12.76104756
TSK000937,S062,11.97083372,11.97083372
TSK000937,S063,8.27337929,8.27337929
TSK000937,S064,24.45135454,24.45135454
TSK000937,S065,4.70492755,4.70492755
TSK000937,S066,25.40476701,25.40476701
TSK000937,S067,5.0887497,5.0887497
TSK000937,S068,10.28489799,10.28489799
TSK000937,S069,13.99785291,13.99785291
TSK000937,S070,5.0887497,5.0887497
TSK000937,S071,11.73284632,11.73284632
TSK000937,S072,4.70492755,4.70492755
TSK000937,S073,4.70492755,4.70492755
TSK000937,S074,17.64085485,17.64085485
TSK000937,S075,4.70492755,4.70492755
TSK000937,S076,6.80760763,6.80760763
TSK000937,S077,4.70492755,4.70492755
TSK000937,S078,10.28489799,10.28489799
TSK000937,S079,9.2581695,9.2581695
TSK000937,S080,13.52045987,13.52045987
TSK000937,S081,15.06956178,15.06956178
TSK000937,S082,4.70492755,4.70492755
TSK000937,S083,4.70492755,4.70492755
TSK000937,S084,4.70492755,4.70492755
TSK000937,S085,4.70492755,4.70492755
TSK000937,S086,10.16448451,10.16448451
TSK000937,S087,4.70492755,4.70492755
TSK000937,S088,14.18365596,14.18365596
TSK000937,S089,12.39643113,12.39643113
TSK000937,S090,14.18365596,14.18365596
TSK000937,S091,19.21715396,19.21715396
TSK000937,S092,20.16789708,20.16789708
TSK000937,S093,4.70492755,4.70492755
TSK000937,S094,4.70492755,4.70492755
TSK000937,S095,24.60457902,24.60457902
TSK000937,S096,14.77490693,14.77490693
TSK000937,S097,6.57178366,6.57178366
TSK000937,S098,4.70492755,4.70492755
TSK000937,S099,8.27337929,8.27337929
TSK000937,S100,4.70492755,4.70492755
TSK000990,S001,17.71411952,17.71411952
TSK000990,S002,5.84098108,5.84098108
TSK000990,S003,19.24435189,19.24435189
TSK000990,S004,24.50170981,24.50170981
TSK000990,S005,5.84098108,5.84098108
TSK000990,S006,5.84098108,5.84098108
TSK000990,S007,18.45522472,18.45522472
TSK000990,S008,39.2621224,39.2621224
TSK000990,S009,12.18309792,12.18309792
TSK000990,S010,21.21816189,21.21816189
TSK000990,S011,5.84098108,5.84098108
TSK000990,S012,34.9195843,34.9195843
TSK000990,S013,19.81276175,19.81276175
TSK000990,S014,5.84098108,5.84098108
TSK000990,S015,7.56760602,7.56760602
TSK000990,S016,13.14537113,13.14537113
TSK000990,S017,16.31272329,16.31272329
TSK000990,S018,12.15465037,12.15465037
TSK000990,S019,5.84098108,5.84098108
TSK000990,S020,5.84098108,5.84098108
TSK000990,S021,19.26096185,19.26096185
TSK000990,S022,62.69480864,62.69480864
TSK000990,S023,5.84098108,5.84098108
TSK000990,S024,5.84098108,5.84098108
TSK000990,S025,5.84098108,5.84098108
TSK000990,S026,20.802595,20.802595
TSK000990,S027,39.31397226,39.31397226
TSK000990,S028,5.84098108,5.84098108
TSK000990,S029,35.04565471,35.04565471
TSK000990,S030,32.80044272,32.80044272
TSK000990,S031,14.05594678,14.05594678
TSK000990,S032,54.37383585,54.37383585
TSK000990,S033,27.51359345,27.51359345
TSK000990,S034,20.63642165,20.63642165
TSK000990,S035,5.84098108,5.84098108
TSK000990,S036,33.10596014,33.10596014
TSK000990,S037,32.32863203,32.32863203
TSK000990,S038,15.42525906,15.42525906
TSK000990,S039,19.2473397,19.2473397
TSK000990,S040,20.82406155,20.82406155
TSK000990,S041,9.57076341,9.57076341
TSK000990,S042,33.56338517,33.56338517
TSK000990,S043,5.84098108,5.84098108
TSK000990,S044,11.86979589,11.86979589
TSK000990,S045,7.8369992,7.8369992
TSK000990,S046,18.88634982,18.88634982
TSK000990,S047,11.05839375,11.05839375
TSK000990,S048,70.49829214,70.49829214
TSK000990,S049,15.02217258,15.02217258
TSK000990,S050,20.08021068,20.08021068
TSK000990,S051,20.59698955,20.59698955
TSK000990,S052,14.38679922,14.38679922
TSK000990,S053,37.36818196,37.36818196
TSK000990,S054,15.11323164,15.11323164
TSK000990,S055,18.5818322,18.5818322
TSK000990,S056,5.84098108,5.84098108
TSK000990,S057,16.87211675,16.87211675
TSK000990,S058,18.76610591,18.76610591
TSK000990,S059,26.6792175,26.6792175
TSK000990,S060,22.4034237,22.4034237
TSK000990,S061,20.38926601,20.38926601
TSK000990,S062,17.18420436,17.18420436
TSK000990,S063,13.595179,13.595179
TSK000990,S064,44.871989,44.871989
TSK000990,S065,5.84098108,5.84098108
TSK000990,S066,35.39186268,35.39186268
TSK000990,S067,6.1853821,6.1853821
TSK000990,S068,11.42842983,11.42842983
TSK000990,S069,20.47239082,20.47239082
TSK000990,S070,6.1853821,6.1853821
TSK000990,S071,15.55547985,15.55547985
TSK000990,S072,5.84098108,5.84098108
TSK000990,S073,5.84098108,5.84098108
TSK000990,S074,20.94939092,20.94939092
TSK000990,S075,5.84098108,5.84098108
TSK000990,S076,8.6247254,8.6247254
TSK000990,S077,5.84098108,5.84098108
TSK000990,S078,11.42842983,11.42842983
TSK000990,S079,13.94706463,13.94706463
TSK000990,S080,20.08021068,20.08021068
TSK000990,S081,26.43418804,26.43418804
TSK000990,S082,5.84098108,5.84098108
TSK000990,S083,5.84098108,5.84098108
TSK000990,S084,5.84098108,5.84098108
TSK000990,S085,5.84098108,5.84098108
TSK000990,S086,13.96795119,13.96795119
TSK000990,S087,5.84098108,5.84098108
TSK000990,S088,15.02217258,15.02217258
TSK000990,S089,17.06890122,17.06890122
TSK000990,S090,15.02217258,15.02217258
TSK000990,S091,32.80044272,32.80044272
TSK000990,S092,25.82125,25.82125
TSK000990,S093,5.84098108,5.84098108
TSK000990,S094,5.84098108,5.84098108
TSK000990,S095,43.02340957,43.02340957
TSK000990,S096,23.7984578,23.7984578
TSK000990,S097,10.02165654,10.02165654
TSK000990,S098,5.84098108,5.84098108
TSK000990,S099,13.595179,13.595179
TSK000990,S100,5.84098108,5.84098108
TSK001028,S001,10.33327448,10.33327448
TSK001028,S002,2.33887555,2.33887555
TSK001028,S003,8.70827351,8.70827351
TSK001028,S004,8.19744755,8.19744755
TSK001028,S005,2.33887555,2.33887555
TSK001028,S006,2.33887555,2.33887555
TSK001028,S007,5.09339565,5.09339565
TSK001028,S008,13.50670206,13.50670206
TSK001028,S009,3.91063942,3.91063942
TSK001028,S010,5.56461391,5.56461391
TSK001028,S011,2.33887555,2.33887555
TSK001028,S012,7.4735974,7.4735974
TSK001028,S013,6.12697857,6.12697857
TSK001028,S014,2.33887555,2.33887555
TSK001028,S015,2.64376429,2.64376429
TSK001028,S016,6.05076662,6.05076662
TSK001028,S017,6.51490958,6.51490958
TSK001028,S018,4.37233162,4.37233162
TSK001028,S019,2.33887555,2.33887555
TSK001028,S020,2.33887555,2.33887555
TSK001028,S021,5.94454437,5.94454437
TSK001028,S022,16.09076648,16.09076648
TSK001028,S023,2.33887555,2.33887555
TSK001028,S024,2.33887555,2.33887555
TSK001028,S025,2.33887555,2.33887555
TSK001028,S026,6.30547113,6.30547113
TSK001028,S027,10.02088199,10.02088199
TSK001028,S028,2.33887555,2.33887555
TSK001028,S029,10.17370405,10.17370405
TSK001028,S030,9.86470276,9.86470276
TSK001028,S031,5.71994498,5.71994498
TSK001028,S032,24.92045937,24.92045937
TSK001028,S033,9.68147153,9.68147153
TSK001028,S034,7.31160461,7.31160461
TSK001028,S035,2.33887555,2.33887555
TSK001028,S036,8.39478718,8.39478718
TSK001028,S037,9.82863685,9.82863685
TSK001028,S038,4.39575253,4.39575253
TSK001028,S039,5.37872837,5.37872837
TSK001028,S040,7.3235806,7.3235806
TSK001028,S041,3.9654073,3.9654073
TSK001028,S042,10.51089691,10.51089691
TSK001028,S043,2.33887555,2.33887555
TSK001028,S044,4.90697035,4.90697035
TSK001028,S045,3.65977527,3.65977527
TSK001028,S046,5.86539517,5.86539517
TSK001028,S047,4.79102654,4.79102654
TSK001028,S048,22.17033714,22.17033714
TSK001028,S049,7.64953773,7.64953773
TSK001028,S050,7.37407549,7.37407549
TSK001028,S051,6.96464084,6.96464084
TSK001028,S052,6.078178,6.078178
TSK001028,S053,12.23760758,12.23760758
TSK001028,S054,6.96915778,6.96915778
TSK001028,S055,6.50646709,6.50646709
TSK001028,S056,2.33887555,2.33887555
TSK001028,S057,7.81797174,7.81797174
TSK001028,S058,7.44286337,7.44286337
TSK001028,S059,9.61591509,9.61591509
TSK001028,S060,8.6130308,8.6130308
TSK001028,S061,6.60655325,6.60655325
TSK001028,S062,6.40547763,6.40547763
TSK001028,S063,4.11358759,4.11358759
TSK001028,S064,11.65744837,11.65744837
TSK001028,S065,2.33887555,2.33887555
TSK001028,S066,12.50285541,12.50285541
TSK001028,S067,2.57269277,2.57269277
TSK001028,S068,5.79295319,5.79295319
TSK001028,S069,7.26388858,7.26388858
TSK001028,S070,2.57269277,2.57269277
TSK001028,S071,6.88541122,6.88541122
TSK001028,S072,2.33887555,2.33887555
TSK001028,S073,2.33887555,2.33887555
TSK001028,S074,9.31548142,9.31548142
TSK001028,S075,2.33887555,2.33887555
TSK001028,S076,3.69319071,3.69319071
TSK001028,S077,2.33887555,2.33887555
TSK001028,S078,5.79295319,5.79295319
TSK001028,S079,5.25921002,5.25921002
TSK001028,S080,7.37407549,7.37407549
TSK001028,S081,7.74647057,7.74647057
TSK001028,S082,2.33887555,2.33887555
TSK001028,S083,2.33887555,2.33887555
TSK001028,S084,2.33887555,2.33887555
TSK001028,S085,2.33887555,2.33887555
TSK001028,S086,5.69900046,5.69900046
TSK001028,S087,2.33887555,2.33887555
TSK001028,S088,7.64953773,7.64953773
TSK001028,S089,6.81901613,6.81901613
TSK001028,S090,7.64953773,7.64953773
TSK001028,S091,9.86470276,9.86470276
TSK001028,S092,9.77879429,9.77879429
TSK001028,S093,2.33887555,2.33887555
TSK001028,S094,2.33887555,2.33887555
TSK001028,S095,11.95358509,11.95358509
TSK001028,S096,7.6370771,7.6370771
TSK001028,S097,3.37792191,3.37792191
TSK001028,S098,2.33887555,2.33887555
TSK001028,S099,4.11358759,4.11358759
TSK001028,S100,2.33887555,2.33887555
TSK001032,S001,24.00195664,24.00195664
TSK001032,S002,9.80002247,9.80002247
TSK001032,S003,30.06702672,30.06702672
TSK001032,S004,43.92037288,43.92037288
TSK001032,S005,9.80002247,9.80002247
TSK001032,S006,9.80002247,9.80002247
TSK001032,S007,35.26328694,35.26328694
TSK001032,S008,68.75220368,68.75220368
TSK001032,S009,22.24804519,22.24804519
TSK001032,S010,41.17144275,41.17144275
TSK001032,S011,9.80002247,9.80002247
TSK001032,S012,70.84199607,70.84199607
TSK001032,S013,36.50349204,36.50349204
TSK001032,S014,9.80002247,9.80002247
TSK001032,S015,13.42456361,13.42456361
TSK001032,S016,20.28872438,20.28872438
TSK001032,S017,27.14542072,27.14542072
TSK001032,S018,21.18447014,21.18447014
TSK001032,S019,9.80002247,9.80002247
TSK001032,S020,9.80002247,9.80002247
TSK001032,S021,35.45617415,35.45617415
TSK001032,S022,121.09436573,121.09436573
TSK001032,S023,9.80002247,9.80002247
TSK001032,S024,9.80002247,9.80002247
TSK001032,S025,9.80002247,9.80002247
TSK001032,S026,38.37636116,38.37636116
TSK001032,S027,76.52758246,76.52758246
TSK001032,S028,9.80002247,9.80002247
TSK001032,S029,65.76965986,65.76965986
TSK001032,S030,60.83831926,60.83831926
TSK001032,S031,23.30279636,23.30279636
TSK001032,S032,85.63615365,85.63615365
TSK001032,S033,48.56338191,48.56338191
TSK001032,S034,36.3021187,36.3021187
TSK001032,S035,9.80002247,9.80002247
TSK001032,S036,64.56504764,64.56504764
TSK001032,S037,59.791214,59.791214
TSK001032,S038,29.18119269,29.18119269
TSK001032,S039,36.6084422,36.6084422
TSK001032,S040,36.52990754,36.52990754
TSK001032,S041,15.76218049,15.76218049
TSK001032,S042,61.37177207,61.37177207
TSK001032,S043,9.80002247,9.80002247
TSK001032,S044,19.6093556,19.6093556
TSK001032,S045,12.21022452,12.21022452
TSK001032,S046,34.77870828,34.77870828
TSK001032,S047,17.78869698,17.78869698
TSK001032,S048,128.27551758,128.27551758
TSK001032,S049,22.19865639,22.19865639
TSK001032,S050,34.55576264,34.55576264
TSK001032,S051,36.60606734,36.60606734
TSK001032,S052,23.2770458,23.2770458
TSK001032,S053,67.14262292,67.14262292
TSK001032,S054,23.57956496,23.57956496
TSK001032,S055,32.80666989,32.80666989
TSK001032,S056,9.80002247,9.80002247
TSK001032,S057,26.52498495,26.52498495
TSK001032,S058,31.39794699,31.39794699
TSK001032,S059,46.26886387,46.26886387
TSK001032,S060,37.75473244,37.75473244
TSK001032,S061,36.98083275,36.98083275
TSK001032,S062,29.47797574,29.47797574
TSK001032,S063,25.22204505,25.22204505
TSK001032,S064,86.82196369,86.82196369
TSK001032,S065,9.80002247,9.80002247
TSK001032,S066,62.34316945,62.34316945
TSK001032,S067,10.20717863,10.20717863
TSK001032,S068,16.90614564,16.90614564
TSK001032,S069,35.83288803,35.83288803
TSK001032,S070,10.20717863,10.20717863
TSK001032,S071,24.39521601,24.39521601
TSK001032,S072,9.80002247,9.80002247
TSK001032,S073,9.80002247,9.80002247
TSK001032,S074,33.27358192,33.27358192
TSK001032,S075,9.80002247,9.80002247
TSK001032,S076,13.89878351,13.89878351
TSK001032,S077,9.80002247,9.80002247
TSK001032,S078,16.90614564,16.90614564
TSK001032,S079,23.55554152,23.55554152
TSK001032,S080,34.55576264,34.55576264
TSK001032,S081,49.49520387,49.49520387
TSK001032,S082,9.80002247,9.80002247
TSK001032,S083,9.80002247,9.80002247
TSK001032,S084,9.80002247,9.80002247
TSK001032,S085,9.80002247,9.80002247
TSK001032,S086,23.01039366,23.01039366
TSK001032,S087,9.80002247,9.80002247
TSK001032,S088,22.19865639,22.19865639
TSK001032,S089,28.30405916,28.30405916
TSK001032,S090,22.19865639,22.19865639
TSK001032,S091,60.83831926,60.83831926
TSK001032,S092,44.77175843,44.77175843
TSK001032,S093,9.80002247,9.80002247
TSK001032,S094,9.80002247,9.80002247
TSK001032,S095,81.74275216,81.74275216
TSK001032,S096,43.44456429,43.44456429
TSK001032,S097,17.91624687,17.91624687
TSK001032,S098,9.80002247,9.80002247
TSK001032,S099,25.22204505,25.22204505
TSK001032,S100,9.80002247,9.80002247
TSK001068,S001,34.38413288,34.38413288
TSK001068,S002,15.8968402,15.8968402
TSK001068,S003,47.38747562,47.38747562
TSK001068,S004,73.51209858,73.51209858
TSK001068,S005,15.8968402,15.8968402
TSK001068,S006,15.8968402,15.8968402
TSK001068,S007,60.41405779,60.41405779
TSK001068,S008,114.68641692,114.68641692
TSK001068,S009,37.4431302,37.4431302
TSK001068,S010,70.8821248,70.8821248
TSK001068,S011,15.8968402,15.8968402
TSK001068,S012,124.01664387,124.01664387
TSK001068,S013,61.74638726,61.74638726
TSK001068,S014,15.8968402,15.8968402
TSK001068,S015,22.31676167,22.31676167
TSK001068,S016,31.82450541,31.82450541
TSK001068,S017,44.06998053,44.06998053
TSK001068,S018,35.06259969,35.06259969
TSK001068,S019,15.8968402,15.8968402
TSK001068,S020,15.8968402,15.8968402
TSK001068,S021,59.99609647,59.99609647
TSK001068,S022,209.0880568,209.0880568
TSK001068,S023,15.8968402,15.8968402
TSK001068,S024,15.8968402,15.8968402
TSK001068,S025,15.8968402,15.8968402
TSK001068,S026,65.09898484,65.09898484
TSK001068,S027,132.14815107,132.14815107
TSK001068,S028,15.8968402,15.8968402
TSK001068,S029,112.09830158,112.09830158
TSK001068,S030,103.27664038,103.27664038
TSK001068,S031,37.67732349,37.67732349
TSK001068,S032,134.49379578,134.49379578
TSK001068,S033,80.64923148,80.64923148
TSK001068,S034,60.22307711,60.22307711
TSK001068,S035,15.8968402,15.8968402
TSK001068,S036,111.53758891,111.53758891
TSK001068,S037,101.36273452,101.36273452
TSK001068,S038,49.82848832,49.82848832
TSK001068,S039,62.64279843,62.64279843
TSK001068,S040,60.69121597,60.69121597
TSK001068,S041,25.38442695,25.38442695
TSK001068,S042,103.6708169,103.6708169
TSK001068,S043,15.8968402,15.8968402
TSK001068,S044,31.59422035,31.59422035
TSK001068,S045,19.07485399,19.07485399
TSK001068,S046,58.79385088,58.79385088
TSK001068,S047,28.35197938,28.35197938
TSK001068,S048,216.62219916,216.62219916
TSK001068,S049,33.72002724,33.72002724
TSK001068,S050,57.00530186,57.00530186
TSK001068,S051,61.19191975,61.19191975
TSK001068,S052,37.32767212,37.32767212
TSK001068,S053,112.75926808,112.75926808
TSK001068,S054,36.96853426,36.96853426
TSK001068,S055,54.52921761,54.52921761
TSK001068,S056,15.8968402,15.8968402
TSK001068,S057,41.53093849,41.53093849
TSK001068,S058,51.04254184,51.04254184
TSK001068,S059,76.57119324,76.57119324
TSK001068,S060,61.76866708,61.76866708
TSK001068,S061,62.17395995,62.17395995
TSK001068,S062,48.49431362,48.49431362
TSK001068,S063,42.77810441,42.77810441
TSK001068,S064,149.67755578,149.67755578
TSK001068,S065,15.8968402,15.8968402
TSK001068,S066,103.47108129,103.47108129
TSK001068,S067,16.42268278,16.42268278
TSK001068,S068,25.7212897,25.7212897
TSK001068,S069,59.44482823,59.44482823
TSK001068,S070,16.42268278,16.42268278
TSK001068,S071,38.67727499,38.67727499
TSK001068,S072,15.8968402,15.8968402
TSK001068,S073,15.8968402,15.8968402
TSK001068,S074,52.68432546,52.68432546
TSK001068,S075,15.8968402,15.8968402
TSK001068,S076,22.21647808,22.21647808
TSK001068,S077,15.8968402,15.8968402
TSK001068,S078,25.7212897,25.7212897
TSK001068,S079,38.68814973,38.68814973
TSK001068,S080,57.00530186,57.00530186
TSK001068,S081,84.2665506,84.2665506
TSK001068,S082,15.8968402,15.8968402
TSK001068,S083,15.8968402,15.8968402
TSK001068,S084,15.8968402,15.8968402
TSK001068,S085,15.8968402,15.8968402
TSK001068,S086,37.1889295,37.1889295
TSK001068,S087,15.8968402,15.8968402
TSK001068,S088,33.72002724,33.72002724
TSK001068,S089,45.95298714,45.95298714
TSK001068,S090,33.72002724,33.72002724
TSK001068,S091,103.27664038,103.27664038
TSK001068,S092,73.38964655,73.38964655
TSK001068,S093,15.8968402,15.8968402
TSK001068,S094,15.8968402,15.8968402
TSK001068,S095,139.99055978,139.99055978
TSK001068,S096,73.12112673,73.12112673
TSK001068,S097,29.95501794,29.95501794
TSK001068,S098,15.8968402,15.8968402
TSK001068,S099,42.77810441,42.77810441
TSK001068,S100,15.8968402,15.8968402
TSK001190,S001,5.88708803,5.88708803
TSK001190,S002,1.29559438,1.29559438
TSK001190,S003,4.50662529,4.50662529
TSK001190,S004,4.42969842,4.42969842
TSK001190,S005,1.29559438,1.29559438
TSK001190,S006,1.29559438,1.29559438
TSK001190,S007,2.9055776,2.9055776
TSK001190,S008,6.53166362,6.53166362
TSK001190,S009,2.19809461,2.19809461
TSK001190,S010,3.25782991,3.25782991
TSK001190,S011,1.29559438,1.29559438
TSK001190,S012,4.43455642,4.43455642
TSK001190,S013,3.36237335,3.36237335
TSK001190,S014,1.29559438,1.29559438
TSK001190,S015,1.48197919,1.48197919
TSK001190,S016,3.08432187,3.08432187
TSK001190,S017,3.40112803,3.40112803
TSK001190,S018,2.33056741,2.33056741
TSK001190,S019,1.29559438,1.29559438
TSK001190,S020,1.29559438,1.29559438
TSK001190,S021,3.21972666,3.21972666
TSK001190,S022,8.45563055,8.45563055
TSK001190,S023,1.29559438,1.29559438
TSK001190,S024,1.29559438,1.29559438
TSK001190,S025,1.29559438,1.29559438
TSK001190,S026,3.31005001,3.31005001
TSK001190,S027,5.64359953,5.64359953
TSK001190,S028,1.29559438,1.29559438
TSK001190,S029,5.56974811,5.56974811
TSK001190,S030,5.32833272,5.32833272
TSK001190,S031,3.07658923,3.07658923
TSK001190,S032,13.93315232,13.93315232
TSK001190,S033,5.33107791,5.33107791
TSK001190,S034,4.00097742,4.00097742
TSK001190,S035,1.29559438,1.29559438
TSK001190,S036,4.76234721,4.76234721
TSK001190,S037,5.32768049,5.32768049
TSK001190,S038,2.47325872,2.47325872
TSK001190,S039,3.02943599,3.02943599
TSK001190,S040,3.84296893,3.84296893
TSK001190,S041,2.15377316,2.15377316
TSK001190,S042,5.58526572,5.58526572
TSK001190,S043,1.29559438,1.29559438
TSK001190,S044,2.69824931,2.69824931
TSK001190,S045,2.03890098,2.03890098
TSK001190,S046,3.24136309,3.24136309
TSK001190,S047,2.57096386,2.57096386
TSK001190,S048,11.40584664,11.40584664
TSK001190,S049,4.22117834,4.22117834
TSK001190,S050,3.79798036,3.79798036
TSK001190,S051,3.61770644,3.61770644
TSK001190,S052,3.13803506,3.13803506
TSK001190,S053,6.34519145,6.34519145
TSK001190,S054,3.77801718,3.77801718
TSK001190,S055,3.54184608,3.54184608
TSK001190,S056,1.29559438,1.29559438
TSK001190,S057,4.45835433,4.45835433
TSK001190,S058,3.94506479,3.94506479
TSK001190,S059,4.96617773,4.96617773
TSK001190,S060,4.37448936,4.37448936
TSK001190,S061,3.59914072,3.59914072
TSK001190,S062,3.36729595,3.36729595
TSK001190,S063,2.26380939,2.26380939
TSK001190,S064,6.46317642,6.46317642
TSK001190,S065,1.29559438,1.29559438
TSK001190,S066,6.85550778,6.85550778
TSK001190,S067,1.42880643,1.42880643
TSK001190,S068,3.17179209,3.17179209
TSK001190,S069,3.843434,3.843434
TSK001190,S070,1.42880643,1.42880643
TSK001190,S071,3.40394206,3.40394206
TSK001190,S072,1.29559438,1.29559438
TSK001190,S073,1.29559438,1.29559438
TSK001190,S074,5.01203287,5.01203287
TSK001190,S075,1.29559438,1.29559438
TSK001190,S076,1.93679008,1.93679008
TSK001190,S077,1.29559438,1.29559438
TSK001190,S078,3.17179209,3.17179209
TSK001190,S079,2.55569063,2.55569063
TSK001190,S080,3.79798036,3.79798036
TSK001190,S081,4.25709474,4.25709474
TSK001190,S082,1.29559438,1.29559438
TSK001190,S083,1.29559438,1.29559438
TSK001190,S084,1.29559438,1.29559438
TSK001190,S085,1.29559438,1.29559438
TSK001190,S086,2.96847772,2.96847772
TSK001190,S087,1.29559438,1.29559438
TSK001190,S088,4.22117834,4.22117834
TSK001190,S089,3.48200171,3.48200171
TSK001190,S090,4.22117834,4.22117834
TSK001190,S091,5.32833272,5.32833272
TSK001190,S092,5.76207881,5.76207881
TSK001190,S093,1.29559438,1.29559438
TSK001190,S094,1.29559438,1.29559438
TSK001190,S095,6.55862853,6.55862853
TSK001190,S096,4.27774771,4.27774771
TSK001190,S097,1.82380696,1.82380696
TSK001190,S098,1.29559438,1.29559438
TSK001190,S099,2.26380939,2.26380939
TSK001190,S100,1.29559438,1.29559438
TSK001197,S001,22.58673017,22.58673017
TSK001197,S002,8.56041192,8.56041192
TSK001197,S003,27.82794402,27.82794402
TSK001197,S004,37.64427573,37.64427573
TSK001197,S005,8.56041192,8.56041192
TSK001197,S006,8.56041192,8.56041192
TSK001197,S007,29.07670489,29.07670489
TSK001197,S008,61.37200507,61.37200507
TSK001197,S009,18.71694877,18.71694877
TSK001197,S010,33.56375251,33.56375251
TSK001197,S011,8.56041192,8.56041192
TSK001197,S012,56.82657738,56.82657738
TSK001197,S013,30.81096997,30.81096997
TSK001197,S014,8.56041192,8.56041192
TSK001197,S015,11.42635305,11.42635305
TSK001197,S016,19.00355137,19.00355137
TSK001197,S017,24.30114721,24.30114721
TSK001197,S018,18.44968789,18.44968789
TSK001197,S019,8.56041192,8.56041192
TSK001197,S020,8.56041192,8.56041192
TSK001197,S021,30.04120688,30.04120688
TSK001197,S022,101.27958628,101.27958628
TSK001197,S023,8.56041192,8.56041192
TSK001197,S024,8.56041192,8.56041192
TSK001197,S025,8.56041192,8.56041192
TSK001197,S026,32.74327122,32.74327122
TSK001197,S027,62.88542574,62.88542574
TSK001197,S028,8.56041192,8.56041192
TSK001197,S029,55.14869657,55.14869657
TSK001197,S030,51.42515437,51.42515437
TSK001197,S031,20.68000573,20.68000573
TSK001197,S032,76.46446312,76.46446312
TSK001197,S033,41.65022686,41.65022686
TSK001197,S034,31.23791662,31.23791662
TSK001197,S035,8.56041192,8.56041192
TSK001197,S036,52.93481126,52.93481126
TSK001197,S037,50.55334207,50.55334207
TSK001197,S038,24.22945653,24.22945653
TSK001197,S039,30.3299893,30.3299893
TSK001197,S040,31.87197774,31.87197774
TSK001197,S041,13.97807879,13.97807879
TSK001197,S042,52.40309584,52.40309584
TSK001197,S043,8.56041192,8.56041192
TSK001197,S044,17.28595443,17.28595443
TSK001197,S045,10.9690235,10.9690235
TSK001197,S046,29.30592727,29.30592727
TSK001197,S047,16.01278278,16.01278278
TSK001197,S048,110.66706187,110.66706187
TSK001197,S049,20.49282658,20.49282658
TSK001197,S050,30.58335355,30.58335355
TSK001197,S051,31.84184074,31.84184074
TSK001197,S052,21.19923593,21.19923593
TSK001197,S053,58.14331917,58.14331917
TSK001197,S054,21.42773888,21.42773888
TSK001197,S055,28.23391753,28.23391753
TSK001197,S056,8.56041192,8.56041192
TSK001197,S057,23.48651613,23.48651613
TSK001197,S058,27.89417463,27.89417463
TSK001197,S059,40.76906418,40.76906418
TSK001197,S060,33.89434964,33.89434964
TSK001197,S061,31.4720321,31.4720321
TSK001197,S062,25.96524475,25.96524475
TSK001197,S063,21.21570138,21.21570138
TSK001197,S064,71.74874245,71.74874245
TSK001197,S065,8.56041192,8.56041192
TSK001197,S066,53.58292079,53.58292079
TSK001197,S067,8.9673271,8.9673271
TSK001197,S068,15.66070336,15.66070336
TSK001197,S069,31.21859376,31.21859376
TSK001197,S070,8.9673271,8.9673271
TSK001197,S071,22.91890612,22.91890612
TSK001197,S072,8.56041192,8.56041192
TSK001197,S073,8.56041192,8.56041192
TSK001197,S074,30.09151654,30.09151654
TSK001197,S075,8.56041192,8.56041192
TSK001197,S076,12.6105318,12.6105318
TSK001197,S077,8.56041192,8.56041192
TSK001197,S078,15.66070336,15.66070336
TSK001197,S079,21.3993296,21.3993296
TSK001197,S080,30.58335355,30.58335355
TSK001197,S081,41.49992388,41.49992388
TSK001197,S082,8.56041192,8.56041192
TSK001197,S083,8.56041192,8.56041192
TSK001197,S084,8.56041192,8.56041192
TSK001197,S085,8.56041192,8.56041192
TSK001197,S086,20.71275985,20.71275985
TSK001197,S087,8.56041192,8.56041192
TSK001197,S088,20.49282658,20.49282658
TSK001197,S089,25.56721889,25.56721889
TSK001197,S090,20.49282658,20.49282658
TSK001197,S091,51.42515437,51.42515437
TSK001197,S092,37.74871123,37.74871123
TSK001197,S093,8.56041192,8.56041192
TSK001197,S094,8.56041192,8.56041192
TSK001197,S095,68.17943216,68.17943216
TSK001197,S096,36.59064769,36.59064769
TSK001197,S097,15.37685718,15.37685718
TSK001197,S098,8.56041192,8.56041192
TSK001197,S099,21.21570138,21.21570138
TSK001197,S100,8.56041192,8.56041192
TSK001243,S001,16.27693042,16.27693042
TSK001243,S002,4.64483297,4.64483297
TSK001243,S003,16.93511498,16.93511498
TSK001243,S004,18.47099962,18.47099962
TSK001243,S005,4.64483297,4.64483297
TSK001243,S006,4.64483297,4.64483297
TSK001243,S007,12.60501783,12.60501783
TSK001243,S008,31.90101054,31.90101054
TSK001243,S009,8.824904,8.824904
TSK001243,S010,14.05309458,14.05309458
TSK001243,S011,4.64483297,4.64483297
TSK001243,S012,21.75348301,21.75348301
TSK001243,S013,14.38015376,14.38015376
TSK001243,S014,4.64483297,4.64483297
TSK001243,S015,5.66070782,5.66070782
TSK001243,S016,11.78221819,11.78221819
TSK001243,S017,13.49736885,13.49736885
TSK001243,S018,9.50378735,9.50378735
TSK001243,S019,4.64483297,4.64483297
TSK001243,S020,4.64483297,4.64483297
TSK001243,S021,14.08034857,14.08034857
TSK001243,S022,43.77253238,43.77253238
TSK001243,S023,4.64483297,4.64483297
TSK001243,S024,4.64483297,4.64483297
TSK001243,S025,4.64483297,4.64483297
TSK001243,S026,15.38389608,15.38389608
TSK001243,S027,26.40749728,26.40749728
TSK001243,S028,4.64483297,4.64483297
TSK001243,S029,24.92652224,24.92652224
TSK001243,S030,23.79933556,23.79933556
TSK001243,S031,11.48987912,11.48987912
TSK001243,S032,45.44395379,45.44395379
TSK001243,S033,20.8844989,20.8844989
TSK001243,S034,15.77035594,15.77035594
TSK001243,S035,4.64483297,4.64483297
TSK001243,S036,22.11369202,22.11369202
TSK001243,S037,23.49729728,23.49729728
TSK001243,S038,10.73049822,10.73049822
TSK001243,S039,13.29797095,13.29797095
TSK001243,S040,16.29586093,16.29586093
TSK001243,S041,7.82923748,7.82923748
TSK001243,S042,24.94299518,24.94299518
TSK001243,S043,4.64483297,4.64483297
TSK001243,S044,9.61493481,9.61493481
TSK001243,S045,6.62275187,6.62275187
TSK001243,S046,13.66968846,13.66968846
TSK001243,S047,9.30189016,9.30189016
TSK001243,S048,53.44487007,53.44487007
TSK001243,S049,13.30616745,13.30616745
TSK001243,S050,16.17466154,16.17466154
TSK001243,S051,15.96768705,15.96768705
TSK001243,S052,12.29056909,12.29056909
TSK001243,S053,28.642594,28.642594
TSK001243,S054,12.97231593,12.97231593
TSK001243,S055,14.1847734,14.1847734
TSK001243,S056,4.64483297,4.64483297
TSK001243,S057,13.94225903,13.94225903
TSK001243,S058,15.32681193,15.32681193
TSK001243,S059,21.29027673,21.29027673
TSK001243,S060,18.55602726,18.55602726
TSK001243,S061,15.11419509,15.11419509
TSK001243,S062,13.75111267,13.75111267
TSK001243,S063,9.77661568,9.77661568
TSK001243,S064,30.57790888,30.57790888
TSK001243,S065,4.64483297,4.64483297
TSK001243,S066,26.98034259,26.98034259
TSK001243,S067,4.98649168,4.98649168
TSK001243,S068,10.16591795,10.16591795
TSK001243,S069,15.99463613,15.99463613
TSK001243,S070,4.98649168,4.98649168
TSK001243,S071,13.96392243,13.96392243
TSK001243,S072,4.64483297,4.64483297
TSK001243,S073,4.64483297,4.64483297
TSK001243,S074,17.79137954,17.79137954
TSK001243,S075,4.64483297,4.64483297
TSK001243,S076,7.33468699,7.33468699
TSK001243,S077,4.64483297,4.64483297
TSK001243,S078,10.16591795,10.16591795
TSK001243,S079,11.75623898,11.75623898
TSK001243,S080,16.17466154,16.17466154
TSK001243,S081,18.81941042,18.81941042
TSK001243,S082,4.64483297,4.64483297
TSK001243,S083,4.64483297,4.64483297
TSK001243,S084,4.64483297,4.64483297
TSK001243,S085,4.64483297,4.64483297
TSK001243,S086,11.68186863,11.68186863
TSK001243,S087,4.64483297,4.64483297
TSK001243,S088,13.30616745,13.30616745
TSK001243,S089,14.32702504,14.32702504
TSK001243,S090,13.30616745,13.30616745
TSK001243,S091,23.79933556,23.79933556
TSK001243,S092,19.18532614,19.18532614
TSK001243,S093,4.64483297,4.64483297
TSK001243,S094,4.64483297,4.64483297
TSK001243,S095,30.1218458,30.1218458
TSK001243,S096,17.27569894,17.27569894
TSK001243,S097,7.58003321,7.58003321
TSK001243,S098,4.64483297,4.64483297
TSK001243,S099,9.77661568,9.77661568
TSK001243,S100,4.64483297,4.64483297
TSK001272,S001,6.59221633,6.59221633
TSK001272,S002,1.46552017,1.46552017
TSK001272,S003,5.22803018,5.22803018
TSK001272,S004,5.05636355,5.05636355
TSK001272,S005,1.46552017,1.46552017
TSK001272,S006,1.46552017,1.46552017
TSK001272,S007,3.25209197,3.25209197
TSK001272,S008,7.77872984,7.77872984
TSK001272,S009,2.47330844,2.47330844
TSK001272,S010,3.61306472,3.61306472
TSK001272,S011,1.46552017,1.46552017
TSK001272,S012,4.89512685,4.89512685
TSK001272,S013,3.81635322,3.81635322
TSK001272,S014,1.46552017,1.46552017
TSK001272,S015,1.66916285,1.66916285
TSK001272,S016,3.59872492,3.59872492
TSK001272,S017,3.93255517,3.93255517
TSK001272,S018,2.67380345,2.67380345
TSK001272,S019,1.46552017,1.46552017
TSK001272,S020,1.46552017,1.46552017
TSK001272,S021,3.67208421,3.67208421
TSK001272,S022,9.75267499,9.75267499
TSK001272,S023,1.46552017,1.46552017
TSK001272,S024,1.46552017,1.46552017
TSK001272,S025,1.46552017,1.46552017
TSK001272,S026,3.81928597,3.81928597
TSK001272,S027,6.34573348,6.34573348
TSK001272,S028,1.46552017,1.46552017
TSK001272,S029,6.32731713,6.32731713
TSK001272,S030,6.08309935,6.08309935
TSK001272,S031,3.51786562,3.51786562
TSK001272,S032,15.70768633,15.70768633
TSK001272,S033,6.04337643,6.04337643
TSK001272,S034,4.54594799,4.54594799
TSK001272,S035,1.46552017,1.46552017
TSK001272,S036,5.34088554,5.34088554
TSK001272,S037,6.07442155,6.07442155
TSK001272,S038,2.78191588,2.78191588
TSK001272,S039,3.4062455,3.4062455
TSK001272,S040,4.43485814,4.43485814
TSK001272,S041,2.45384742,2.45384742
TSK001272,S042,6.41523401,6.41523401
TSK001272,S043,1.46552017,1.46552017
TSK001272,S044,3.06032374,3.06032374
TSK001272,S045,2.30154698,2.30154698
TSK001272,S046,3.66965617,3.66965617
TSK001272,S047,2.94225169,2.94225169
TSK001272,S048,13.26135725,13.26135725
TSK001272,S049,4.78146913,4.78146913
TSK001272,S050,4.41394412,4.41394412
TSK001272,S051,4.19091033,4.19091033
TSK001272,S052,3.64365352,3.64365352
TSK001272,S053,7.35558744,7.35558744
TSK001272,S054,4.30741203,4.30741203
TSK001272,S055,4.03199467,4.03199467
TSK001272,S056,1.46552017,1.46552017
TSK001272,S057,4.9906425,4.9906425
TSK001272,S058,4.53554572,4.53554572
TSK001272,S059,5.765615,5.765615
TSK001272,S060,5.11117549,5.11117549
TSK001272,S061,4.09604258,4.09604258
TSK001272,S062,3.88328067,3.88328067
TSK001272,S063,2.56683112,2.56683112
TSK001272,S064,7.30853904,7.30853904
TSK001272,S065,1.46552017,1.46552017
TSK001272,S066,7.78354019,7.78354019
TSK001272,S067,1.61468721,1.61468721
TSK001272,S068,3.6030568,3.6030568
TSK001272,S069,4.42160825,4.42160825
TSK001272,S070,1.61468721,1.61468721
TSK001272,S071,4.01890202,4.01890202
TSK001272,S072,1.46552017,1.46552017
TSK001272,S073,1.46552017,1.46552017
TSK001272,S074,5.7302714,5.7302714
TSK001272,S075,1.46552017,1.46552017
TSK001272,S076,2.23560008,2.23560008
TSK001272,S077,1.46552017,1.46552017
TSK001272,S078,3.6030568,3.6030568
TSK001272,S079,3.0378008,3.0378008
TSK001272,S080,4.41394412,4.41394412
TSK001272,S081,4.8294004,4.8294004
TSK001272,S082,1.46552017,1.46552017
TSK001272,S083,1.46552017,1.46552017
TSK001272,S084,1.46552017,1.46552017
TSK001272,S085,1.46552017,1.46552017
TSK001272,S086,3.43522502,3.43522502
TSK001272,S087,1.46552017,1.46552017
TSK001272,S088,4.78146913,4.78146913
TSK001272,S089,4.06001891,4.06001891
TSK001272,S090,4.78146913,4.78146913
TSK001272,S091,6.08309935,6.08309935
TSK001272,S092,6.37598046,6.37598046
TSK001272,S093,1.46552017,1.46552017
TSK001272,S094,1.46552017,1.46552017
TSK001272,S095,7.44468999,7.44468999
TSK001272,S096,4.81938088,4.81938088
TSK001272,S097,2.0824672,2.0824672
TSK001272,S098,1.46552017,1.46552017
TSK001272,S099,2.56683112,2.56683112
TSK001272,S100,1.46552017,1.46552017
TSK001307,S001,21.14321983,21.14321983
TSK001307,S002,4.69647976,4.69647976
TSK001307,S003,15.86890284,15.86890284
TSK001307,S004,14.952595,14.952595
TSK001307,S005,4.69647976,4.69647976
TSK001307,S006,4.69647976,4.69647976
TSK001307,S007,10.54752456,10.54752456
TSK001307,S008,23.53615593,23.53615593
TSK001307,S009,8.33607537,8.33607537
TSK001307,S010,11.43256005,11.43256005
TSK001307,S011,4.69647976,4.69647976
TSK001307,S012,18.84514326,18.84514326
TSK001307,S013,12.67849714,12.67849714
TSK001307,S014,4.69647976,4.69647976
TSK001307,S015,5.34033748,5.34033748
TSK001307,S016,10.44502204,10.44502204
TSK001307,S017,11.75000672,11.75000672
TSK001307,S018,8.37751936,8.37751936
TSK001307,S019,4.69647976,4.69647976
TSK001307,S020,4.69647976,4.69647976
TSK001307,S021,11.62995598,11.62995598
TSK001307,S022,33.19101239,33.19101239
TSK001307,S023,4.69647976,4.69647976
TSK001307,S024,4.69647976,4.69647976
TSK001307,S025,4.69647976,4.69647976
TSK001307,S026,11.69734646,11.69734646
TSK001307,S027,22.03983132,22.03983132
TSK001307,S028,4.69647976,4.69647976
TSK001307,S029,20.49825877,20.49825877
TSK001307,S030,19.17295608,19.17295608
TSK001307,S031,10.54376918,10.54376918
TSK001307,S032,50.51484943,50.51484943
TSK001307,S033,19.21475733,19.21475733
TSK001307,S034,13.81221519,13.81221519
TSK001307,S035,4.69647976,4.69647976
TSK001307,S036,17.31247802,17.31247802
TSK001307,S037,19.58206617,19.58206617
TSK001307,S038,8.71388304,8.71388304
TSK001307,S039,10.54964559,10.54964559
TSK001307,S040,13.36838311,13.36838311
TSK001307,S041,7.38403019,7.38403019
TSK001307,S042,20.58036206,20.58036206
TSK001307,S043,4.69647976,4.69647976
TSK001307,S044,9.02852532,9.02852532
TSK001307,S045,6.85167704,6.85167704
TSK001307,S046,11.29560357,11.29560357
TSK001307,S047,8.67978054,8.67978054
TSK001307,S048,42.82155111,42.82155111
TSK001307,S049,14.15500693,14.15500693
TSK001307,S050,13.47577227,13.47577227
TSK001307,S051,13.21742214,13.21742214
TSK001307,S052,10.88706164,10.88706164
TSK001307,S053,21.85827594,21.85827594
TSK001307,S054,12.27850187,12.27850187
TSK001307,S055,12.62789291,12.62789291
TSK001307,S056,4.69647976,4.69647976
TSK001307,S057,15.43338342,15.43338342
TSK001307,S058,13.776908,13.776908
TSK001307,S059,17.29873074,17.29873074
TSK001307,S060,14.91031283,14.91031283
TSK001307,S061,12.73337798,12.73337798
TSK001307,S062,11.93630796,11.93630796
TSK001307,S063,8.25758559,8.25758559
TSK001307,S064,24.40960529,24.40960529
TSK001307,S065,4.69647976,4.69647976
TSK001307,S066,25.35518213,25.35518213
TSK001307,S067,5.07968974,5.07968974
TSK001307,S068,10.26163595,10.26163595
TSK001307,S069,13.96026635,13.96026635
TSK001307,S070,5.07968974,5.07968974
TSK001307,S071,11.68215956,11.68215956
TSK001307,S072,4.69647976,4.69647976
TSK001307,S073,4.69647976,4.69647976
TSK001307,S074,17.59788129,17.59788129
TSK001307,S075,4.69647976,4.69647976
TSK001307,S076,6.78740638,6.78740638
TSK001307,S077,4.69647976,4.69647976
TSK001307,S078,10.26163595,10.26163595
TSK001307,S079,9.21666512,9.21666512
TSK001307,S080,13.47577227,13.47577227
TSK001307,S081,15.03944355,15.03944355
TSK001307,S082,4.69647976,4.69647976
TSK001307,S083,4.69647976,4.69647976
TSK001307,S084,4.69647976,4.69647976
TSK001307,S085,4.69647976,4.69647976
TSK001307,S086,10.13204008,10.13204008
TSK001307,S087,4.69647976,4.69647976
TSK001307,S088,14.15500693,14.15500693
TSK001307,S089,12.35321271,12.35321271
TSK001307,S090,14.15500693,14.15500693
TSK001307,S091,19.17295608,19.17295608
TSK001307,S092,20.15430715,20.15430715
TSK001307,S093,4.69647976,4.69647976
TSK001307,S094,4.69647976,4.69647976
TSK001307,S095,24.55744278,24.55744278
TSK001307,S096,14.75029814,14.75029814
TSK001307,S097,6.55660212,6.55660212
TSK001307,S098,4.69647976,4.69647976
TSK001307,S099,8.25758559,8.25758559
TSK001307,S100,4.69647976,4.69647976
TSK001345,S001,10.20360779,10.20360779
TSK001345,S002,2.29839138,2.29839138
TSK001345,S003,8.46184813,8.46184813
TSK001345,S004,8.02201615,8.02201615
TSK001345,S005,2.29839138,2.29839138
TSK001345,S006,2.29839138,2.29839138
TSK001345,S007,5.03061584,5.03061584
TSK001345,S008,12.98627511,12.98627511
TSK001345,S009,3.85255344,3.85255344
TSK001345,S010,5.5211961,5.5211961
TSK001345,S011,2.29839138,2.29839138
TSK001345,S012,7.43311323,7.43311323
TSK001345,S013,6.01139333,6.01139333
TSK001345,S014,2.29839138,2.29839138
TSK001345,S015,2.60328012,2.60328012
TSK001345,S016,5.86536085,5.86536085
TSK001345,S017,6.33947818,6.33947818
TSK001345,S018,4.26906765,4.26906765
TSK001345,S019,2.29839138,2.29839138
TSK001345,S020,2.29839138,2.29839138
TSK001345,S021,5.8195715,5.8195715
TSK001345,S022,15.67419024,15.67419024
TSK001345,S023,2.29839138,2.29839138
TSK001345,S024,2.29839138,2.29839138
TSK001345,S025,2.29839138,2.29839138
TSK001345,S026,6.14118754,6.14118754
TSK001345,S027,9.87537366,9.87537366
TSK001345,S028,2.29839138,2.29839138
TSK001345,S029,9.97773719,9.97773719
TSK001345,S030,9.65289427,9.65289427
TSK001345,S031,5.59321192,5.59321192
TSK001345,S032,24.52793894,24.52793894
TSK001345,S033,9.50427995,9.50427995
TSK001345,S034,7.17020338,7.17020338
TSK001345,S035,2.29839138,2.29839138
TSK001345,S036,8.28330903,8.28330903
TSK001345,S037,9.62328236,9.62328236
TSK001345,S038,4.33121255,4.33121255
TSK001345,S039,5.30069366,5.30069366
TSK001345,S040,7.13230756,7.13230756
TSK001345,S041,3.88385224,3.88385224
TSK001345,S042,10.2574308,10.2574308
TSK001345,S043,2.29839138,2.29839138
TSK001345,S044,4.81602765,4.81602765
TSK001345,S045,3.5999291,3.5999291
TSK001345,S046,5.76154447,5.76154447
TSK001345,S047,4.68306875,4.68306875
TSK001345,S048,21.52259041,21.52259041
TSK001345,S049,7.51224359,7.51224359
TSK001345,S050,7.15992009,7.15992009
TSK001345,S051,6.77160763,6.77160763
TSK001345,S052,5.90392004,5.90392004
TSK001345,S053,11.89495895,11.89495895
TSK001345,S054,6.82364945,6.82364945
TSK001345,S055,6.37504022,6.37504022
TSK001345,S056,2.29839138,2.29839138
TSK001345,S057,7.72116176,7.72116176
TSK001345,S058,7.26039124,7.26039124
TSK001345,S059,9.34074008,9.34074008
TSK001345,S060,8.34430979,8.34430979
TSK001345,S061,6.47395293,6.47395293
TSK001345,S062,6.24002059,6.24002059
TSK001345,S063,4.0378998,4.0378998
TSK001345,S064,11.45737443,11.45737443
TSK001345,S065,2.29839138,2.29839138
TSK001345,S066,12.26523093,12.26523093
TSK001345,S067,2.52927496,2.52927496
TSK001345,S068,5.68147504,5.68147504
TSK001345,S069,7.08376336,7.08376336
TSK001345,S070,2.52927496,2.52927496
TSK001345,S071,6.64250619,6.64250619
TSK001345,S072,2.29839138,2.29839138
TSK001345,S073,2.29839138,2.29839138
TSK001345,S074,9.1095402,9.1095402
TSK001345,S075,2.29839138,2.29839138
TSK001345,S076,3.59638074,3.59638074
TSK001345,S077,2.29839138,2.29839138
TSK001345,S078,5.68147504,5.68147504
TSK001345,S079,5.06030953,5.06030953
TSK001345,S080,7.15992009,7.15992009
TSK001345,S081,7.6021357,7.6021357
TSK001345,S082,2.29839138,2.29839138
TSK001345,S083,2.29839138,2.29839138
TSK001345,S084,2.29839138,2.29839138
TSK001345,S085,2.29839138,2.29839138
TSK001345,S086,5.54351777,5.54351777
TSK001345,S087,2.29839138,2.29839138
TSK001345,S088,7.51224359,7.51224359
TSK001345,S089,6.61190146,6.61190146
TSK001345,S090,7.51224359,7.51224359
TSK001345,S091,9.65289427,9.65289427
TSK001345,S092,9.71366758,9.71366758
TSK001345,S093,2.29839138,2.29839138
TSK001345,S094,2.29839138,2.29839138
TSK001345,S095,11.72769515,11.72769515
TSK001345,S096,7.51914495,7.51914495
TSK001345,S097,3.30516774,3.30516774
TSK001345,S098,2.29839138,2.29839138
TSK001345,S099,4.0378998,4.0378998
TSK001345,S100,2.29839138,2.29839138
TSK001374,S001,23.68256245,23.68256245
TSK001374,S002,9.2439971,9.2439971
TSK001374,S003,29.71770703,29.71770703
TSK001374,S004,40.99359406,40.99359406
TSK001374,S005,9.2439971,9.2439971
TSK001374,S006,9.2439971,9.2439971
TSK001374,S007,31.96192266,31.96192266
TSK001374,S008,66.49786469,66.49786469
TSK001374,S009,20.44784619,20.44784619
TSK001374,S010,36.98403922,36.98403922
TSK001374,S011,9.2439971,9.2439971
TSK001374,S012,62.97835934,62.97835934
TSK001374,S013,33.6843119,33.6843119
TSK001374,S014,9.2439971,9.2439971
TSK001374,S015,12.43462799,12.43462799
TSK001374,S016,20.25439511,20.25439511
TSK001374,S017,26.18160448,26.18160448
TSK001374,S018,20.01051179,20.01051179
TSK001374,S019,9.2439971,9.2439971
TSK001374,S020,9.2439971,9.2439971
TSK001374,S021,32.83123434,32.83123434
TSK001374,S022,111.33507094,111.33507094
TSK001374,S023,9.2439971,9.2439971
TSK001374,S024,9.2439971,9.2439971
TSK001374,S025,9.2439971,9.2439971
TSK001374,S026,35.77523969,35.77523969
TSK001374,S027,69.27440489,69.27440489
TSK001374,S028,9.2439971,9.2439971
TSK001374,S029,60.43528636,60.43528636
TSK001374,S030,56.25466848,56.25466848
TSK001374,S031,22.28160153,22.28160153
TSK001374,S032,81.87365674,81.87365674
TSK001374,S033,45.27886642,45.27886642
TSK001374,S034,33.93990637,33.93990637
TSK001374,S035,9.2439971,9.2439971
TSK001374,S036,58.33404157,58.33404157
TSK001374,S037,55.28343467,55.28343467
TSK001374,S038,26.59279859,26.59279859
TSK001374,S039,33.31218753,33.31218753
TSK001374,S040,34.58857764,34.58857764
TSK001374,S041,15.04994747,15.04994747
TSK001374,S042,57.19981606,57.19981606
TSK001374,S043,9.2439971,9.2439971
TSK001374,S044,18.62413191,18.62413191
TSK001374,S045,11.72647156,11.72647156
TSK001374,S046,32.04086462,32.04086462
TSK001374,S047,17.18094095,17.18094095
TSK001374,S048,120.65196441,120.65196441
TSK001374,S049,21.74186985,21.74186985
TSK001374,S050,33.09303047,33.09303047
TSK001374,S051,34.61058984,34.61058984
TSK001374,S052,22.74720243,22.74720243
TSK001374,S053,63.29022974,63.29022974
TSK001374,S054,22.89872079,22.89872079
TSK001374,S055,30.68786111,30.68786111
TSK001374,S056,9.2439971,9.2439971
TSK001374,S057,25.15292742,25.15292742
TSK001374,S058,30.08351689,30.08351689
TSK001374,S059,44.16311697,44.16311697
TSK001374,S060,36.56231859,36.56231859
TSK001374,S061,34.33105068,34.33105068
TSK001374,S062,28.09410983,28.09410983
TSK001374,S063,23.21653946,23.21653946
TSK001374,S064,78.95647472,78.95647472
TSK001374,S065,9.2439971,9.2439971
TSK001374,S066,58.23055524,58.23055524
TSK001374,S067,9.66210363,9.66210363
TSK001374,S068,16.61511913,16.61511913
TSK001374,S069,33.87438196,33.87438196
TSK001374,S070,9.66210363,9.66210363
TSK001374,S071,24.46888751,24.46888751
TSK001374,S072,9.2439971,9.2439971
TSK001374,S073,9.2439971,9.2439971
TSK001374,S074,32.23187005,32.23187005
TSK001374,S075,9.2439971,9.2439971
TSK001374,S076,13.52782949,13.52782949
TSK001374,S077,9.2439971,9.2439971
TSK001374,S078,16.61511913,16.61511913
TSK001374,S079,23.07399402,23.07399402
TSK001374,S080,33.09303047,33.09303047
TSK001374,S081,45.46753781,45.46753781
TSK001374,S082,9.2439971,9.2439971
TSK001374,S083,9.2439971,9.2439971
TSK001374,S084,9.2439971,9.2439971
TSK001374,S085,9.2439971,9.2439971
TSK001374,S086,22.28384909,22.28384909
TSK001374,S087,9.2439971,9.2439971
TSK001374,S088,21.74186985,21.74186985
TSK001374,S089,27.52144608,27.52144608
TSK001374,S090,21.74186985,21.74186985
TSK001374,S091,56.25466848,56.25466848
TSK001374,S092,41.00081652,41.00081652
TSK001374,S093,9.2439971,9.2439971
TSK001374,S094,9.2439971,9.2439971
TSK001374,S095,74.83848506,74.83848506
TSK001374,S096,39.96995076,39.96995076
TSK001374,S097,16.73873343,16.73873343
TSK001374,S098,9.2439971,9.2439971
TSK001374,S099,23.21653946,23.21653946
TSK001374,S100,9.2439971,9.2439971
TSK001398,S001,5.48754543,5.48754543
TSK001398,S002,1.2177292,1.2177292
TSK001398,S003,4.32472766,4.32472766
TSK001398,S004,4.19465064,4.19465064
TSK001398,S005,1.2177292,1.2177292
TSK001398,S006,1.2177292,1.2177292
TSK001398,S007,2.70735765,2.70735765
TSK001398,S008,6.40555386,6.40555386
TSK001398,S009,2.05706157,2.05706157
TSK001398,S010,3.01285982,3.01285982
TSK001398,S011,1.2177292,1.2177292
TSK001398,S012,4.08542292,4.08542292
TSK001398,S013,3.16915519,3.16915519
TSK001398,S014,1.2177292,1.2177292
TSK001398,S015,1.38800669,1.38800669
TSK001398,S016,2.9739426,2.9739426
TSK001398,S017,3.25496906,3.25496906
TSK001398,S018,2.21613947,2.21613947
TSK001398,S019,1.2177292,1.2177292
TSK001398,S020,1.2177292,1.2177292
TSK001398,S021,3.04674319,3.04674319
TSK001398,S022,8.07577872,8.07577872
TSK001398,S023,1.2177292,1.2177292
TSK001398,S024,1.2177292,1.2177292
TSK001398,S025,1.2177292,1.2177292
TSK001398,S026,3.16237218,3.16237218
TSK001398,S027,5.27844254,5.27844254
TSK001398,S028,1.2177292,1.2177292
TSK001398,S029,5.2534745,5.2534745
TSK001398,S030,5.04626556,5.04626556
TSK001398,S031,2.91745825,2.91745825
TSK001398,S032,13.05967224,13.05967224
TSK001398,S033,5.01961574,5.01961574
TSK001398,S034,3.77431604,3.77431604
TSK001398,S035,1.2177292,1.2177292
TSK001398,S036,4.44468425,4.44468425
TSK001398,S037,5.0402335,5.0402335
TSK001398,S038,2.31388226,2.31388226
TSK001398,S039,2.83336142,2.83336142
TSK001398,S040,3.67196956,3.67196956
TSK001398,S041,2.03633835,2.03633835
TSK001398,S042,5.31608265,5.31608265
TSK001398,S043,1.2177292,1.2177292
TSK001398,S044,2.5416682,2.5416682
TSK001398,S045,1.91310802,1.91310802
TSK001398,S046,3.04871861,3.04871861
TSK001398,S047,2.43971452,2.43971452
TSK001398,S048,10.9657525,10.9657525
TSK001398,S049,3.97202784,3.97202784
TSK001398,S050,3.65014267,3.65014267
TSK001398,S051,3.4676568,3.4676568
TSK001398,S052,3.01362411,3.01362411
TSK001398,S053,6.08545412,6.08545412
TSK001398,S054,3.57408336,3.57408336
TSK001398,S055,3.34646132,3.34646132
TSK001398,S056,1.2177292,1.2177292
TSK001398,S057,4.15460737,4.15460737
TSK001398,S058,3.75782932,3.75782932
TSK001398,S059,4.76878147,4.76878147
TSK001398,S060,4.22279046,4.22279046
TSK001398,S061,3.39979297,3.39979297
TSK001398,S062,3.21565934,3.21565934
TSK001398,S063,2.13192329,2.13192329
TSK001398,S064,6.07315236,6.07315236
TSK001398,S065,1.2177292,1.2177292
TSK001398,S066,6.46320731,6.46320731
TSK001398,S067,1.34190009,1.34190009
TSK001398,S068,2.99158451,2.99158451
TSK001398,S069,3.66300465,3.66300465
TSK001398,S070,1.34190009,1.34190009
TSK001398,S071,3.31437284,3.31437284
TSK001398,S072,1.2177292,1.2177292
TSK001398,S073,1.2177292,1.2177292
TSK001398,S074,4.75235827,4.75235827
TSK001398,S075,1.2177292,1.2177292
TSK001398,S076,1.85095608,1.85095608
TSK001398,S077,1.2177292,1.2177292
TSK001398,S078,2.99158451,2.99158451
TSK001398,S079,2.50236213,2.50236213
TSK001398,S080,3.65014267,3.65014267
TSK001398,S081,4.01077075,4.01077075
TSK001398,S082,1.2177292,1.2177292
TSK001398,S083,1.2177292,1.2177292
TSK001398,S084,1.2177292,1.2177292
TSK001398,S085,1.2177292,1.2177292
TSK001398,S086,2.84290549,2.84290549
TSK001398,S087,1.2177292,1.2177292
TSK001398,S088,3.97202784,3.97202784
TSK001398,S089,3.35554043,3.35554043
TSK001398,S090,3.97202784,3.97202784
TSK001398,S091,5.04626556,5.04626556
TSK001398,S092,5.31897754,5.31897754
TSK001398,S093,1.2177292,1.2177292
TSK001398,S094,1.2177292,1.2177292
TSK001398,S095,6.1821003,6.1821003
TSK001398,S096,4.00739992,4.00739992
TSK001398,S097,1.72747476,1.72747476
TSK001398,S098,1.2177292,1.2177292
TSK001398,S099,2.13192329,2.13192329
TSK001398,S100,1.2177292,1.2177292
TSK001406,S001,33.50162581,33.50162581
TSK001406,S002,15.62130632,15.62130632
TSK001406,S003,45.71031286,45.71031286
TSK001406,S004,72.31811843,72.31811843
TSK001406,S005,15.62130632,15.62130632
TSK001406,S006,15.62130632,15.62130632
TSK001406,S007,59.98678061,59.98678061
TSK001406,S008,111.1444089,111.1444089
TSK001406,S009,37.04779898,37.04779898
TSK001406,S010,70.58662469,70.58662469
TSK001406,S011,15.62130632,15.62130632
TSK001406,S012,123.74110999,123.74110999
TSK001406,S013,60.95971807,60.95971807
TSK001406,S014,15.62130632,15.62130632
TSK001406,S015,22.04122779,22.04122779
TSK001406,S016,30.5626401,30.5626401
TSK001406,S017,42.87600038,42.87600038
TSK001406,S018,34.35978863,34.35978863
TSK001406,S019,15.62130632,15.62130632
TSK001406,S020,15.62130632,15.62130632
TSK001406,S021,59.14553535,59.14553535
TSK001406,S022,206.25285309,206.25285309
TSK001406,S023,15.62130632,15.62130632
TSK001406,S024,15.62130632,15.62130632
TSK001406,S025,15.62130632,15.62130632
TSK001406,S026,63.98087633,63.98087633
TSK001406,S027,131.1578264,131.1578264
TSK001406,S028,15.62130632,15.62130632
TSK001406,S029,110.76455786,110.76455786
TSK001406,S030,101.83507906,101.83507906
TSK001406,S031,36.81478264,36.81478264
TSK001406,S032,131.8223151,131.8223151
TSK001406,S033,79.44327159,79.44327159
TSK001406,S034,59.26070514,59.26070514
TSK001406,S035,15.62130632,15.62130632
TSK001406,S036,110.77887242,110.77887242
TSK001406,S037,99.96509889,99.96509889
TSK001406,S038,49.38923141,49.38923141
TSK001406,S039,62.11169689,62.11169689
TSK001406,S040,59.38941821,59.38941821
TSK001406,S041,24.82936594,24.82936594
TSK001406,S042,101.94573521,101.94573521
TSK001406,S043,15.62130632,15.62130632
TSK001406,S044,30.97526743,30.97526743
TSK001406,S045,18.66754303,18.66754303
TSK001406,S046,58.08704657,58.08704657
TSK001406,S047,27.61722236,27.61722236
TSK001406,S048,212.21365705,212.21365705
TSK001406,S049,32.78560799,32.78560799
TSK001406,S050,55.54776756,55.54776756
TSK001406,S051,59.87814225,59.87814225
TSK001406,S052,36.14167846,36.14167846
TSK001406,S053,110.4272132,110.4272132
TSK001406,S054,35.97820959,35.97820959
TSK001406,S055,53.6347308,53.6347308
TSK001406,S056,15.62130632,15.62130632
TSK001406,S057,40.87205312,40.87205312
TSK001406,S058,49.80064275,49.80064275
TSK001406,S059,74.69836149,74.69836149
TSK001406,S060,59.93976102,59.93976102
TSK001406,S061,61.27148666,61.27148666
TSK001406,S062,47.36821862,47.36821862
TSK001406,S063,42.26297585,42.26297585
TSK001406,S064,148.31585935,148.31585935
TSK001406,S065,15.62130632,15.62130632
TSK001406,S066,101.8538172,101.8538172
TSK001406,S067,16.12718268,16.12718268
TSK001406,S068,24.96257321,24.96257321
TSK001406,S069,58.21890212,58.21890212
TSK001406,S070,16.12718268,16.12718268
TSK001406,S071,37.0240717,37.0240717
TSK001406,S072,15.62130632,15.62130632
TSK001406,S073,15.62130632,15.62130632
TSK001406,S074,51.28269658,51.28269658
TSK001406,S075,15.62130632,15.62130632
TSK001406,S076,21.55759271,21.55759271
TSK001406,S077,15.62130632,15.62130632
TSK001406,S078,24.96257321,24.96257321
TSK001406,S079,37.33443979,37.33443979
TSK001406,S080,55.54776756,55.54776756
TSK001406,S081,83.28421241,83.28421241
TSK001406,S082,15.62130632,15.62130632
TSK001406,S083,15.62130632,15.62130632
TSK001406,S084,15.62130632,15.62130632
TSK001406,S085,15.62130632,15.62130632
TSK001406,S086,36.13071967,36.13071967
TSK001406,S087,15.62130632,15.62130632
TSK001406,S088,32.78560799,32.78560799
TSK001406,S089,44.54337177,44.54337177
TSK001406,S090,32.78560799,32.78560799
TSK001406,S091,101.83507906,101.83507906
TSK001406,S092,72.94639639,72.94639639
TSK001406,S093,15.62130632,15.62130632
TSK001406,S094,15.62130632,15.62130632
TSK001406,S095,138.45316059,138.45316059
TSK001406,S096,72.31848455,72.31848455
TSK001406,S097,29.45985561,29.45985561
TSK001406,S098,15.62130632,15.62130632
TSK001406,S099,42.26297585,42.26297585
TSK001406,S100,15.62130632,15.62130632
TSK001411,S001,10.27196545,10.27196545
TSK001411,S002,2.31973381,2.31973381
TSK001411,S003,8.59175862,8.59175862
TSK001411,S004,8.11450004,8.11450004
TSK001411,S005,2.31973381,2.31973381
TSK001411,S006,2.31973381,2.31973381
TSK001411,S007,5.06371209,5.06371209
TSK001411,S008,13.26063369,13.26063369
TSK001411,S009,3.8831752,3.8831752
TSK001411,S010,5.54408509,5.54408509
TSK001411,S011,2.31973381,2.31973381
TSK001411,S012,7.45445567,7.45445567
TSK001411,S013,6.07232753,6.07232753
TSK001411,S014,2.31973381,2.31973381
TSK001411,S015,2.62462256,2.62462256
TSK001411,S016,5.96310303,5.96310303
TSK001411,S017,6.43196207,6.43196207
TSK001411,S018,4.32350633,4.32350633
TSK001411,S019,2.31973381,2.31973381
TSK001411,S020,2.31973381,2.31973381
TSK001411,S021,5.88545468,5.88545468
TSK001411,S022,15.89380082,15.89380082
TSK001411,S023,2.31973381,2.31973381
TSK001411,S024,2.31973381,2.31973381
TSK001411,S025,2.31973381,2.31973381
TSK001411,S026,6.22779454,6.22779454
TSK001411,S027,9.95208272,9.95208272
TSK001411,S028,2.31973381,2.31973381
TSK001411,S029,10.08104696,10.08104696
TSK001411,S030,9.76455543,9.76455543
TSK001411,S031,5.66002303,5.66002303
TSK001411,S032,24.73486779,24.73486779
TSK001411,S033,9.59769177,9.59769177
TSK001411,S034,7.24474725,7.24474725
TSK001411,S035,2.31973381,2.31973381
TSK001411,S036,8.34207806,8.34207806
TSK001411,S037,9.73154111,9.73154111
TSK001411,S038,4.36523672,4.36523672
TSK001411,S039,5.34183198,5.34183198
TSK001411,S040,7.23314284,7.23314284
TSK001411,S041,3.92684642,3.92684642
TSK001411,S042,10.39105302,10.39105302
TSK001411,S043,2.31973381,2.31973381
TSK001411,S044,4.86397081,4.86397081
TSK001411,S045,3.6314788,3.6314788
TSK001411,S046,5.81629247,5.81629247
TSK001411,S047,4.73998192,4.73998192
TSK001411,S048,21.86406941,21.86406941
TSK001411,S049,7.58462229,7.58462229
TSK001411,S050,7.27281849,7.27281849
TSK001411,S051,6.87337084,6.87337084
TSK001411,S052,5.99578532,5.99578532
TSK001411,S053,12.07559639,12.07559639
TSK001411,S054,6.90035851,6.90035851
TSK001411,S055,6.44432582,6.44432582
TSK001411,S056,2.31973381,2.31973381
TSK001411,S057,7.77219803,7.77219803
TSK001411,S058,7.35658687,7.35658687
TSK001411,S059,9.48580679,9.48580679
TSK001411,S060,8.48597408,8.48597408
TSK001411,S061,6.54385714,6.54385714
TSK001411,S062,6.3272462,6.3272462
TSK001411,S063,4.07780087,4.07780087
TSK001411,S064,11.56284937,11.56284937
TSK001411,S065,2.31973381,2.31973381
TSK001411,S066,12.39050176,12.39050176
TSK001411,S067,2.55216396,2.55216396
TSK001411,S068,5.74024407,5.74024407
TSK001411,S069,7.17872174,7.17872174
TSK001411,S070,2.55216396,2.55216396
TSK001411,S071,6.77056082,6.77056082
TSK001411,S072,2.31973381,2.31973381
TSK001411,S073,2.31973381,2.31973381
TSK001411,S074,9.21810826,9.21810826
TSK001411,S075,2.31973381,2.31973381
TSK001411,S076,3.647417,3.647417
TSK001411,S077,2.31973381,2.31973381
TSK001411,S078,5.74024407,5.74024407
TSK001411,S079,5.16516585,5.16516585
TSK001411,S080,7.27281849,7.27281849
TSK001411,S081,7.67822613,7.67822613
TSK001411,S082,2.31973381,2.31973381
TSK001411,S083,2.31973381,2.31973381
TSK001411,S084,2.31973381,2.31973381
TSK001411,S085,2.31973381,2.31973381
TSK001411,S086,5.62548511,5.62548511
TSK001411,S087,2.31973381,2.31973381
TSK001411,S088,7.58462229,7.58462229
TSK001411,S089,6.72108813,6.72108813
TSK001411,S090,7.58462229,7.58462229
TSK001411,S091,9.76455543,9.76455543
TSK001411,S092,9.74800107,9.74800107
TSK001411,S093,2.31973381,2.31973381
TSK001411,S094,2.31973381,2.31973381
TSK001411,S095,11.84677977,11.84677977
TSK001411,S096,7.5813164,7.5813164
TSK001411,S097,3.34352227,3.34352227
TSK001411,S098,2.31973381,2.31973381
TSK001411,S099,4.07780087,4.07780087
TSK001411,S100,2.31973381,2.31973381
TSK001466,S001,0.44055638,0.44055638
TSK001466,S002,0.10071586,0.10071586
TSK001466,S003,0.38357397,0.38357397
TSK001466,S004,0.35600341,0.35600341
TSK001466,S005,0.10071586,0.10071586
TSK001466,S006,0.10071586,0.10071586
TSK001466,S007,0.21705382,0.21705382
TSK001466,S008,0.60732542,0.60732542
TSK001466,S009,0.16753735,0.16753735
TSK001466,S010,0.23487751,0.23487751
TSK001466,S011,0.10071586,0.10071586
TSK001466,S012,0.31385526,0.31385526
TSK001466,S013,0.26469265,0.26469265
TSK001466,S014,0.10071586,0.10071586
TSK001466,S015,0.11337162,0.11337162
TSK001466,S016,0.26779036,0.26779036
TSK001466,S017,0.28616221,0.28616221
TSK001466,S018,0.19075332,0.19075332
TSK001466,S019,0.10071586,0.10071586
TSK001466,S020,0.10071586,0.10071586
TSK001466,S021,0.25796175,0.25796175
TSK001466,S022,0.70527554,0.70527554
TSK001466,S023,0.10071586,0.10071586
TSK001466,S024,0.10071586,0.10071586
TSK001466,S025,0.10071586,0.10071586
TSK001466,S026,0.27646885,0.27646885
TSK001466,S027,0.42900976,0.42900976
TSK001466,S028,0.10071586,0.10071586
TSK001466,S029,0.43987824,0.43987824
TSK001466,S030,0.42847239,0.42847239
TSK001466,S031,0.2487966,0.2487966
TSK001466,S032,1.06963386,1.06963386
TSK001466,S033,0.41776225,0.41776225
TSK001466,S034,0.31618088,0.31618088
TSK001466,S035,0.10071586,0.10071586
TSK001466,S036,0.35845979,0.35845979
TSK001466,S037,0.42639654,0.42639654
TSK001466,S038,0.18825289,0.18825289
TSK001466,S039,0.23026582,0.23026582
TSK001466,S040,0.32115031,0.32115031
TSK001466,S041,0.17191535,0.17191535
TSK001466,S042,0.45903123,0.45903123
TSK001466,S043,0.10071586,0.10071586
TSK001466,S044,0.21184095,0.21184095
TSK001466,S045,0.15728197,0.15728197
TSK001466,S046,0.25278216,0.25278216
TSK001466,S047,0.20855403,0.20855403
TSK001466,S048,0.97836555,0.97836555
TSK001466,S049,0.32983998,0.32983998
TSK001466,S050,0.32529832,0.32529832
TSK001466,S051,0.30640877,0.30640877
TSK001466,S052,0.2679285,0.2679285
TSK001466,S053,0.53870356,0.53870356
TSK001466,S054,0.30233441,0.30233441
TSK001466,S055,0.28186562,0.28186562
TSK001466,S056,0.10071586,0.10071586
TSK001466,S057,0.33320112,0.33320112
TSK001466,S058,0.32531243,0.32531243
TSK001466,S059,0.42382781,0.42382781
TSK001466,S060,0.38161989,0.38161989
TSK001466,S061,0.28612537,0.28612537
TSK001466,S062,0.28072529,0.28072529
TSK001466,S063,0.17754008,0.17754008
TSK001466,S064,0.50183593,0.50183593
TSK001466,S065,0.10071586,0.10071586
TSK001466,S066,0.54029569,0.54029569
TSK001466,S067,0.11068456,0.11068456
TSK001466,S068,0.25045913,0.25045913
TSK001466,S069,0.31767283,0.31767283
TSK001466,S070,0.11068456,0.11068456
TSK001466,S071,0.3075923,0.3075923
TSK001466,S072,0.10071586,0.10071586
TSK001466,S073,0.10071586,0.10071586
TSK001466,S074,0.40514837,0.40514837
TSK001466,S075,0.10071586,0.10071586
TSK001466,S076,0.1619838,0.1619838
TSK001466,S077,0.10071586,0.10071586
TSK001466,S078,0.25045913,0.25045913
TSK001466,S079,0.23614345,0.23614345
TSK001466,S080,0.32529832,0.32529832
TSK001466,S081,0.334495,0.334495
TSK001466,S082,0.10071586,0.10071586
TSK001466,S083,0.10071586,0.10071586
TSK001466,S084,0.10071586,0.10071586
TSK001466,S085,0.10071586,0.10071586
TSK001466,S086,0.25050536,0.25050536
TSK001466,S087,0.10071586,0.10071586
TSK001466,S088,0.32983998,0.32983998
TSK001466,S089,0.30162674,0.30162674
TSK001466,S090,0.32983998,0.32983998
TSK001466,S091,0.42847239,0.42847239
TSK001466,S092,0.41175253,0.41175253
TSK001466,S093,0.10071586,0.10071586
TSK001466,S094,0.10071586,0.10071586
TSK001466,S095,0.51644348,0.51644348
TSK001466,S096,0.32758644,0.32758644
TSK001466,S097,0.14673994,0.14673994
TSK001466,S098,0.10071586,0.10071586
TSK001466,S099,0.17754008,0.17754008
TSK001466,S100,0.10071586,0.10071586
TSK001477,S001,1.74648204,1.74648204
TSK001477,S002,0.3845541,0.3845541
TSK001477,S003,1.33940072,1.33940072
TSK001477,S004,1.31542513,1.31542513
TSK001477,S005,0.3845541,0.3845541
TSK001477,S006,0.3845541,0.3845541
TSK001477,S007,0.86195751,0.86195751
TSK001477,S008,1.94397572,1.94397572
TSK001477,S009,0.65225474,0.65225474
TSK001477,S010,0.96600608,0.96600608
TSK001477,S011,0.3845541,0.3845541
TSK001477,S012,1.31461693,1.31461693
TSK001477,S013,0.9981839,0.9981839
TSK001477,S014,0.3845541,0.3845541
TSK001477,S015,0.43977923,0.43977923
TSK001477,S016,0.91696118,0.91696118
TSK001477,S017,1.01066354,1.01066354
TSK001477,S018,0.69225841,0.69225841
TSK001477,S019,0.3845541,0.3845541
TSK001477,S020,0.3845541,0.3845541
TSK001477,S021,0.95607457,0.95607457
TSK001477,S022,2.5123103,2.5123103
TSK001477,S023,0.3845541,0.3845541
TSK001477,S024,0.3845541,0.3845541
TSK001477,S025,0.3845541,0.3845541
TSK001477,S026,0.98349178,0.98349178
TSK001477,S027,1.67460115,1.67460115
TSK001477,S028,0.3845541,0.3845541
TSK001477,S029,1.65355966,1.65355966
TSK001477,S030,1.58229303,1.58229303
TSK001477,S031,0.9136928,0.9136928
TSK001477,S032,4.13487906,4.13487906
TSK001477,S033,1.58252986,1.58252986
TSK001477,S034,1.1878299,1.1878299
TSK001477,S035,0.3845541,0.3845541
TSK001477,S036,1.41292256,1.41292256
TSK001477,S037,1.58199228,1.58199228
TSK001477,S038,0.73389234,0.73389234
TSK001477,S039,0.89891037,0.89891037
TSK001477,S040,1.14184321,1.14184321
TSK001477,S041,0.63951335,0.63951335
TSK001477,S042,1.65911516,1.65911516
TSK001477,S043,0.3845541,0.3845541
TSK001477,S044,0.80099598,0.80099598
TSK001477,S045,0.60511558,0.60511558
TSK001477,S046,0.96213357,0.96213357
TSK001477,S047,0.76356516,0.76356516
TSK001477,S048,3.39029867,3.39029867
TSK001477,S049,1.25300621,1.25300621
TSK001477,S050,1.12889438,1.12889438
TSK001477,S051,1.07512809,1.07512809
TSK001477,S052,0.93269052,0.93269052
TSK001477,S053,1.88576372,1.88576372
TSK001477,S054,1.12183601,1.12183601
TSK001477,S055,1.05162486,1.05162486
TSK001477,S056,0.3845541,0.3845541
TSK001477,S057,1.32260629,1.32260629
TSK001477,S058,1.17194725,1.17194725
TSK001477,S059,1.47604325,1.47604325
TSK001477,S060,1.30062068,1.30062068
TSK001477,S061,1.06862059,1.06862059
TSK001477,S062,1.00047309,1.00047309
TSK001477,S063,0.67201896,0.67201896
TSK001477,S064,1.91834757,1.91834757
TSK001477,S065,0.3845541,0.3845541
TSK001477,S066,2.03521932,2.03521932
TSK001477,S067,0.4240732,0.4240732
TSK001477,S068,0.94164697,0.94164697
TSK001477,S069,1.14179534,1.14179534
TSK001477,S070,0.4240732,0.4240732
TSK001477,S071,1.01262113,1.01262113
TSK001477,S072,0.3845541,0.3845541
TSK001477,S073,0.3845541,0.3845541
TSK001477,S074,1.48847683,1.48847683
TSK001477,S075,0.3845541,0.3845541
TSK001477,S076,0.57547615,0.57547615
TSK001477,S077,0.3845541,0.3845541
TSK001477,S078,0.94164697,0.94164697
TSK001477,S079,0.76055446,0.76055446
TSK001477,S080,1.12889438,1.12889438
TSK001477,S081,1.26376537,1.26376537
TSK001477,S082,0.3845541,0.3845541
TSK001477,S083,0.3845541,0.3845541
TSK001477,S084,0.3845541,0.3845541
TSK001477,S085,0.3845541,0.3845541
TSK001477,S086,0.8821386,0.8821386
TSK001477,S087,0.3845541,0.3845541
TSK001477,S088,1.25300621,1.25300621
TSK001477,S089,1.03515381,1.03515381
TSK001477,S090,1.25300621,1.25300621
TSK001477,S091,1.58229303,1.58229303
TSK001477,S092,1.70836733,1.70836733
TSK001477,S093,0.3845541,0.3845541
TSK001477,S094,0.3845541,0.3845541
TSK001477,S095,1.94705965,1.94705965
TSK001477,S096,1.26944502,1.26944502
TSK001477,S097,0.54159901,0.54159901
TSK001477,S098,0.3845541,0.3845541
TSK001477,S099,0.67201896,0.67201896
TSK001477,S100,0.3845541,0.3845541
TSK001478,S001,49.52111296,49.52111296
TSK001478,S002,22.93167581,22.93167581
TSK001478,S003,68.12179023,68.12179023
TSK001478,S004,106.06555727,106.06555727
TSK001478,S005,22.93167581,22.93167581
TSK001478,S006,22.93167581,22.93167581
TSK001478,S007,87.32011132,87.32011132
TSK001478,S008,165.00990599,165.00990599
TSK001478,S009,54.08282876,54.08282876
TSK001478,S010,102.50702067,102.50702067
TSK001478,S011,22.93167581,22.93167581
TSK001478,S012,179.41474649,179.41474649
TSK001478,S013,89.1492653,89.1492653
TSK001478,S014,22.93167581,22.93167581
TSK001478,S015,32.22330408,32.22330408
TSK001478,S016,45.71188372,45.71188372
TSK001478,S017,63.45363157,63.45363157
TSK001478,S018,50.55263712,50.55263712
TSK001478,S019,22.93167581,22.93167581
TSK001478,S020,22.93167581,22.93167581
TSK001478,S021,86.59842344,86.59842344
TSK001478,S022,301.83349568,301.83349568
TSK001478,S023,22.93167581,22.93167581
TSK001478,S024,22.93167581,22.93167581
TSK001478,S025,22.93167581,22.93167581
TSK001478,S026,93.91008826,93.91008826
TSK001478,S027,190.98639018,190.98639018
TSK001478,S028,22.93167581,22.93167581
TSK001478,S029,161.87326995,161.87326995
TSK001478,S030,149.07583269,149.07583269
TSK001478,S031,54.29289459,54.29289459
TSK001478,S032,193.91750419,193.91750419
TSK001478,S033,116.39190939,116.39190939
TSK001478,S034,86.89609096,86.89609096
TSK001478,S035,22.93167581,22.93167581
TSK001478,S036,161.22037143,161.22037143
TSK001478,S037,146.31793148,146.31793148
TSK001478,S038,71.99618668,71.99618668
TSK001478,S039,90.51715292,90.51715292
TSK001478,S040,87.47999955,87.47999955
TSK001478,S041,36.5860617,36.5860617
TSK001478,S042,149.56811683,149.56811683
TSK001478,S043,22.93167581,22.93167581
TSK001478,S044,45.55594386,45.55594386
TSK001478,S045,27.4949006,27.4949006
TSK001478,S046,84.89805607,84.89805607
TSK001478,S047,40.83146432,40.83146432
TSK001478,S048,312.30372639,312.30372639
TSK001478,S049,48.54562448,48.54562448
TSK001478,S050,82.10237083,82.10237083
TSK001478,S051,88.20136931,88.20136931
TSK001478,S052,53.69761202,53.69761202
TSK001478,S053,162.55449951,162.55449951
TSK001478,S054,53.23180498,53.23180498
TSK001478,S055,78.67402762,78.67402762
TSK001478,S056,22.93167581,22.93167581
TSK001478,S057,59.92645775,59.92645775
TSK001478,S058,73.53188306,73.53188306
TSK001478,S059,110.30575249,110.30575249
TSK001478,S060,88.89399868,88.89399868
TSK001478,S061,89.73615048,89.73615048
TSK001478,S062,69.87574804,69.87574804
TSK001478,S063,61.77115264,61.77115264
TSK001478,S064,216.25445798,216.25445798
TSK001478,S065,22.93167581,22.93167581
TSK001478,S066,149.30877977,149.30877977
TSK001478,S067,23.6872261,23.6872261
TSK001478,S068,37.01742655,37.01742655
TSK001478,S069,85.69701785,85.69701785
TSK001478,S070,23.6872261,23.6872261
TSK001478,S071,55.52202332,55.52202332
TSK001478,S072,22.93167581,22.93167581
TSK001478,S073,22.93167581,22.93167581
TSK001478,S074,75.86399269,75.86399269
TSK001478,S075,22.93167581,22.93167581
TSK001478,S076,31.97241075,31.97241075
TSK001478,S077,22.93167581,22.93167581
TSK001478,S078,37.01742655,37.01742655
TSK001478,S079,55.62038098,55.62038098
TSK001478,S080,82.10237083,82.10237083
TSK001478,S081,121.68898663,121.68898663
TSK001478,S082,22.93167581,22.93167581
TSK001478,S083,22.93167581,22.93167581
TSK001478,S084,22.93167581,22.93167581
TSK001478,S085,22.93167581,22.93167581
TSK001478,S086,53.53205876,53.53205876
TSK001478,S087,22.93167581,22.93167581
TSK001478,S088,48.54562448,48.54562448
TSK001478,S089,66.11944397,66.11944397
TSK001478,S090,48.54562448,48.54562448
TSK001478,S091,149.07583269,149.07583269
TSK001478,S092,106.09542808,106.09542808
TSK001478,S093,22.93167581,22.93167581
TSK001478,S094,22.93167581,22.93167581
TSK001478,S095,202.18588456,202.18588456
TSK001478,S096,105.60765395,105.60765395
TSK001478,S097,43.21765582,43.21765582
TSK001478,S098,22.93167581,22.93167581
TSK001478,S099,61.77115264,61.77115264
TSK001478,S100,22.93167581,22.93167581
TSK001536,S001,21.65638888,21.65638888
TSK001536,S002,8.43837737,8.43837737
TSK001536,S003,25.96476052,25.96476052
TSK001536,S004,37.30642129,37.30642129
TSK001536,S005,8.43837737,8.43837737
TSK001536,S006,8.43837737,8.43837737
TSK001536,S007,29.78780603,29.78780603
TSK001536,S008,57.99695864,57.99695864
TSK001536,S009,18.91187618,18.91187618
TSK001536,S010,34.75843791,34.75843791
TSK001536,S011,8.43837737,8.43837737
TSK001536,S012,59.40197145,59.40197145
TSK001536,S013,30.91720021,30.91720021
TSK001536,S014,8.43837737,8.43837737
TSK001536,S015,11.46448601,11.46448601
TSK001536,S016,17.5173852,17.5173852
TSK001536,S017,23.23871244,23.23871244
TSK001536,S018,18.04823048,18.04823048
TSK001536,S019,8.43837737,8.43837737
TSK001536,S020,8.43837737,8.43837737
TSK001536,S021,29.99984746,29.99984746
TSK001536,S022,101.51435242,101.51435242
TSK001536,S023,8.43837737,8.43837737
TSK001536,S024,8.43837737,8.43837737
TSK001536,S025,8.43837737,8.43837737
TSK001536,S026,32.37532823,32.37532823
TSK001536,S027,64.38645821,64.38645821
TSK001536,S028,8.43837737,8.43837737
TSK001536,S029,55.53353715,55.53353715
TSK001536,S030,51.40481847,51.40481847
TSK001536,S031,20.03243302,20.03243302
TSK001536,S032,74.68012534,74.68012534
TSK001536,S033,41.43019282,41.43019282
TSK001536,S034,30.96676924,30.96676924
TSK001536,S035,8.43837737,8.43837737
TSK001536,S036,54.33363693,54.33363693
TSK001536,S037,50.5571748,50.5571748
TSK001536,S038,24.66315243,24.66315243
TSK001536,S039,30.91588223,30.91588223
TSK001536,S040,31.04230332,31.04230332
TSK001536,S041,13.58168345,13.58168345
TSK001536,S042,51.89402851,51.89402851
TSK001536,S043,8.43837737,8.43837737
TSK001536,S044,16.91443649,16.91443649
TSK001536,S045,10.66378711,10.66378711
TSK001536,S046,29.47699727,29.47699727
TSK001536,S047,15.36438016,15.36438016
TSK001536,S048,108.24466613,108.24466613
TSK001536,S049,19.5515393,19.5515393
TSK001536,S050,29.39203313,29.39203313
TSK001536,S051,31.01792411,31.01792411
TSK001536,S052,19.98609685,19.98609685
TSK001536,S053,56.79533288,56.79533288
TSK001536,S054,20.50275286,20.50275286
TSK001536,S055,27.95355729,27.95355729
TSK001536,S056,8.43837737,8.43837737
TSK001536,S057,23.210357,23.210357
TSK001536,S058,26.90424262,26.90424262
TSK001536,S059,39.3218087,39.3218087
TSK001536,S060,32.16213402,32.16213402
TSK001536,S061,31.37818154,31.37818154
TSK001536,S062,25.13849489,25.13849489
TSK001536,S063,21.34411802,21.34411802
TSK001536,S064,73.0346812,73.0346812
TSK001536,S065,8.43837737,8.43837737
TSK001536,S066,53.18001414,53.18001414
TSK001536,S067,8.8175347,8.8175347
TSK001536,S068,14.86692872,14.86692872
TSK001536,S069,30.48537951,30.48537951
TSK001536,S070,8.8175347,8.8175347
TSK001536,S071,20.92804456,20.92804456
TSK001536,S072,8.43837737,8.43837737
TSK001536,S073,8.43837737,8.43837737
TSK001536,S074,28.81119084,28.81119084
TSK001536,S075,8.43837737,8.43837737
TSK001536,S076,11.96483943,11.96483943
TSK001536,S077,8.43837737,8.43837737
TSK001536,S078,14.86692872,14.86692872
TSK001536,S079,19.96915062,19.96915062
TSK001536,S080,29.39203313,29.39203313
TSK001536,S081,41.81982282,41.81982282
TSK001536,S082,8.43837737,8.43837737
TSK001536,S083,8.43837737,8.43837737
TSK001536,S084,8.43837737,8.43837737
TSK001536,S085,8.43837737,8.43837737
TSK001536,S086,19.72400934,19.72400934
TSK001536,S087,8.43837737,8.43837737
TSK001536,S088,19.5515393,19.5515393
TSK001536,S089,24.1817668,24.1817668
TSK001536,S090,19.5515393,19.5515393
TSK001536,S091,51.40481847,51.40481847
TSK001536,S092,38.61417299,38.61417299
TSK001536,S093,8.43837737,8.43837737
TSK001536,S094,8.43837737,8.43837737
TSK001536,S095,68.90186006,68.90186006
TSK001536,S096,36.91984274,36.91984274
TSK001536,S097,15.22335627,15.22335627
TSK001536,S098,8.43837737,8.43837737
TSK001536,S099,21.34411802,21.34411802
TSK001536,S100,8.43837737,8.43837737
TSK001635,S001,8.70388493,8.70388493
TSK001635,S002,1.9640918,1.9640918
TSK001635,S003,7.2614506,7.2614506
TSK001635,S004,6.86586461,6.86586461
TSK001635,S005,1.9640918,1.9640918
TSK001635,S006,1.9640918,1.9640918
TSK001635,S007,4.29085926,4.29085926
TSK001635,S008,11.18840907,11.18840907
TSK001635,S009,3.28915355,3.28915355
TSK001635,S010,4.70135046,4.70135046
TSK001635,S011,1.9640918,1.9640918
TSK001635,S012,6.3237613,6.3237613
TSK001635,S013,5.14006541,5.14006541
TSK001635,S014,1.9640918,1.9640918
TSK001635,S015,2.2229596,2.2229596
TSK001635,S016,5.0378533,5.0378533
TSK001635,S017,5.43729464,5.43729464
TSK001635,S018,3.65688916,3.65688916
TSK001635,S019,1.9640918,1.9640918
TSK001635,S020,1.9640918,1.9640918
TSK001635,S021,4.98012592,4.98012592
TSK001635,S022,13.43820907,13.43820907
TSK001635,S023,1.9640918,1.9640918
TSK001635,S024,1.9640918,1.9640918
TSK001635,S025,1.9640918,1.9640918
TSK001635,S026,5.26545755,5.26545755
TSK001635,S027,8.43013674,8.43013674
TSK001635,S028,1.9640918,1.9640918
TSK001635,S029,8.5327877,8.5327877
TSK001635,S030,8.26191883,8.26191883
TSK001635,S031,4.78848284,4.78848284
TSK001635,S032,20.94803962,20.94803962
TSK001635,S033,8.1249395,8.1249395
TSK001635,S034,6.132013,6.132013
TSK001635,S035,1.9640918,1.9640918
TSK001635,S036,7.06776939,7.06776939
TSK001635,S037,8.23476358,8.23476358
TSK001635,S038,3.69757529,3.69757529
TSK001635,S039,4.52492877,4.52492877
TSK001635,S040,6.11539283,6.11539283
TSK001635,S041,3.32304824,3.32304824
TSK001635,S042,8.788198,8.788198
TSK001635,S043,1.9640918,1.9640918
TSK001635,S044,4.11744603,4.11744603
TSK001635,S045,3.0752102,3.0752102
TSK001635,S046,4.92426947,4.92426947
TSK001635,S047,4.00986357,4.00986357
TSK001635,S048,18.47593627,18.47593627
TSK001635,S049,6.42114346,6.42114346
TSK001635,S050,6.14597467,6.14597467
TSK001635,S051,5.80968718,5.80968718
TSK001635,S052,5.06711512,5.06711512
TSK001635,S053,10.20636902,10.20636902
TSK001635,S054,5.83905015,5.83905015
TSK001635,S055,5.45376337,5.45376337
TSK001635,S056,1.9640918,1.9640918
TSK001635,S057,6.58589939,6.58589939
TSK001635,S058,6.22139803,6.22139803
TSK001635,S059,8.01664692,8.01664692
TSK001635,S060,7.16860813,7.16860813
TSK001635,S061,5.53811187,5.53811187
TSK001635,S062,5.34973841,5.34973841
TSK001635,S063,3.45201328,3.45201328
TSK001635,S064,9.7903645,9.7903645
TSK001635,S065,1.9640918,1.9640918
TSK001635,S066,10.48799279,10.48799279
TSK001635,S067,2.16104006,2.16104006
TSK001635,S068,4.85866506,4.85866506
TSK001635,S069,6.07069893,6.07069893
TSK001635,S070,2.16104006,2.16104006
TSK001635,S071,5.71562828,5.71562828
TSK001635,S072,1.9640918,1.9640918
TSK001635,S073,1.9640918,1.9640918
TSK001635,S074,7.79875041,7.79875041
TSK001635,S075,1.9640918,1.9640918
TSK001635,S076,3.08372682,3.08372682
TSK001635,S077,1.9640918,1.9640918
TSK001635,S078,4.85866506,4.85866506
TSK001635,S079,4.3585283,4.3585283
TSK001635,S080,6.14597467,6.14597467
TSK001635,S081,6.49966303,6.49966303
TSK001635,S082,1.9640918,1.9640918
TSK001635,S083,1.9640918,1.9640918
TSK001635,S084,1.9640918,1.9640918
TSK001635,S085,1.9640918,1.9640918
TSK001635,S086,4.755257,4.755257
TSK001635,S087,1.9640918,1.9640918
TSK001635,S088,6.42114346,6.42114346
TSK001635,S089,5.67847976,5.67847976
TSK001635,S090,6.42114346,6.42114346
TSK001635,S091,8.26191883,8.26191883
TSK001635,S092,8.26776729,8.26776729
TSK001635,S093,1.9640918,1.9640918
TSK001635,S094,1.9640918,1.9640918
TSK001635,S095,10.02793437,10.02793437
TSK001635,S096,6.42096391,6.42096391
TSK001635,S097,2.82896726,2.82896726
TSK001635,S098,1.9640918,1.9640918
TSK001635,S099,3.45201328,3.45201328
TSK001635,S100,1.9640918,1.9640918
TSK001721,S001,20.97195302,20.97195302
TSK001721,S002,8.02311347,8.02311347
TSK001721,S003,24.77784925,24.77784925
TSK001721,S004,35.27841309,35.27841309
TSK001721,S005,8.02311347,8.02311347
TSK001721,S006,8.02311347,8.02311347
TSK001721,S007,28.06637182,28.06637182
TSK001721,S008,54.82035795,54.82035795
TSK001721,S009,17.87324545,17.87324545
TSK001721,S010,32.72673163,32.72673163
TSK001721,S011,8.02311347,8.02311347
TSK001721,S012,55.75859395,55.75859395
TSK001721,S013,29.18749776,29.18749776
TSK001721,S014,8.02311347,8.02311347
TSK001721,S015,10.85754366,10.85754366
TSK001721,S016,16.72531146,16.72531146
TSK001721,S017,22.07783658,22.07783658
TSK001721,S018,17.09692944,17.09692944
TSK001721,S019,8.02311347,8.02311347
TSK001721,S020,8.02311347,8.02311347
TSK001721,S021,28.31661288,28.31661288
TSK001721,S022,95.45762919,95.45762919
TSK001721,S023,8.02311347,8.02311347
TSK001721,S024,8.02311347,8.02311347
TSK001721,S025,8.02311347,8.02311347
TSK001721,S026,30.53789098,30.53789098
TSK001721,S027,60.57266459,60.57266459
TSK001721,S028,8.02311347,8.02311347
TSK001721,S029,52.35593178,52.35593178
TSK001721,S030,48.49246096,48.49246096
TSK001721,S031,19.05027187,19.05027187
TSK001721,S032,71.37326957,71.37326957
TSK001721,S033,39.23677988,39.23677988
TSK001721,S034,29.33075365,29.33075365
TSK001721,S035,8.02311347,8.02311347
TSK001721,S036,51.11398146,51.11398146
TSK001721,S037,47.70537755,47.70537755
TSK001721,S038,23.24929477,23.24929477
TSK001721,S039,29.1327823,29.1327823
TSK001721,S040,29.38323251,29.38323251
TSK001721,S041,12.92531526,12.92531526
TSK001721,S042,48.98897719,48.98897719
TSK001721,S043,8.02311347,8.02311347
TSK001721,S044,16.09813839,16.09813839
TSK001721,S045,10.19931642,10.19931642
TSK001721,S046,27.8323964,27.8323964
TSK001721,S047,14.64352857,14.64352857
TSK001721,S048,102.16272228,102.16272228
TSK001721,S049,18.77444938,18.77444938
TSK001721,S050,27.848497,27.848497
TSK001721,S051,29.32755807,29.32755807
TSK001721,S052,19.02184425,19.02184425
TSK001721,S053,53.65774438,53.65774438
TSK001721,S054,19.5922662,19.5922662
TSK001721,S055,26.46686016,26.46686016
TSK001721,S056,8.02311347,8.02311347
TSK001721,S057,22.19859058,22.19859058
TSK001721,S058,25.55898136,25.55898136
TSK001721,S059,37.23853137,37.23853137
TSK001721,S060,30.50936289,30.50936289
TSK001721,S061,29.65201154,29.65201154
TSK001721,S062,23.83385918,23.83385918
TSK001721,S063,20.14103659,20.14103659
TSK001721,S064,68.72175377,68.72175377
TSK001721,S065,8.02311347,8.02311347
TSK001721,S066,50.36755832,50.36755832
TSK001721,S067,8.39481522,8.39481522
TSK001721,S068,14.27123994,14.27123994
TSK001721,S069,28.86543406,28.86543406
TSK001721,S070,8.39481522,8.39481522
TSK001721,S071,19.94273971,19.94273971
TSK001721,S072,8.02311347,8.02311347
TSK001721,S073,8.02311347,8.02311347
TSK001721,S074,27.48805907,27.48805907
TSK001721,S075,8.02311347,8.02311347
TSK001721,S076,11.39530724,11.39530724
TSK001721,S077,8.02311347,8.02311347
TSK001721,S078,14.27123994,14.27123994
TSK001721,S079,18.92297252,18.92297252
TSK001721,S080,27.848497,27.848497
TSK001721,S081,39.43580559,39.43580559
TSK001721,S082,8.02311347,8.02311347
TSK001721,S083,8.02311347,8.02311347
TSK001721,S084,8.02311347,8.02311347
TSK001721,S085,8.02311347,8.02311347
TSK001721,S086,18.75153894,18.75153894
TSK001721,S087,8.02311347,8.02311347
TSK001721,S088,18.77444938,18.77444938
TSK001721,S089,22.96817394,22.96817394
TSK001721,S090,18.77444938,18.77444938
TSK001721,S091,48.49246096,48.49246096
TSK001721,S092,36.6754701,36.6754701
TSK001721,S093,8.02311347,8.02311347
TSK001721,S094,8.02311347,8.02311347
TSK001721,S095,64.90537209,64.90537209
TSK001721,S096,34.89077043,34.89077043
TSK001721,S097,14.39833055,14.39833055
TSK001721,S098,8.02311347,8.02311347
TSK001721,S099,20.14103659,20.14103659
TSK001721,S100,8.02311347,8.02311347
TSK001731,S001,13.11998056,13.11998056
TSK001731,S002,3.06304165,3.06304165
TSK001731,S003,11.27211833,11.27211833
TSK001731,S004,10.94070028,10.94070028
TSK001731,S005,3.06304165,3.06304165
TSK001731,S006,3.06304165,3.06304165
TSK001731,S007,6.96551688,6.96551688
TSK001731,S008,17.95993501,17.95993501
TSK001731,S009,5.24576646,5.24576646
TSK001731,S010,7.66512465,7.66512465
TSK001731,S011,3.06304165,3.06304165
TSK001731,S012,10.6247012,10.6247012
TSK001731,S013,8.25489338,8.25489338
TSK001731,S014,3.06304165,3.06304165
TSK001731,S015,3.51203674,3.51203674
TSK001731,S016,7.81999983,7.81999983
TSK001731,S017,8.53157167,8.53157167
TSK001731,S018,5.78824982,5.78824982
TSK001731,S019,3.06304165,3.06304165
TSK001731,S020,3.06304165,3.06304165
TSK001731,S021,8.01050464,8.01050464
TSK001731,S022,22.2208693,22.2208693
TSK001731,S023,3.06304165,3.06304165
TSK001731,S024,3.06304165,3.06304165
TSK001731,S025,3.06304165,3.06304165
TSK001731,S026,8.51458809,8.51458809
TSK001731,S027,13.85723062,13.85723062
TSK001731,S028,3.06304165,3.06304165
TSK001731,S029,13.81694765,13.81694765
TSK001731,S030,13.33582681,13.33582681
TSK001731,S031,7.47804918,7.47804918
TSK001731,S032,32.23504204,32.23504204
TSK001731,S033,12.84964615,12.84964615
TSK001731,S034,9.6966423,9.6966423
TSK001731,S035,3.06304165,3.06304165
TSK001731,S036,11.61784672,11.61784672
TSK001731,S037,13.26927451,13.26927451
TSK001731,S038,5.98526321,5.98526321
TSK001731,S039,7.34283026,7.34283026
TSK001731,S040,9.71828423,9.71828423
TSK001731,S041,5.17559788,5.17559788
TSK001731,S042,14.13717453,14.13717453
TSK001731,S043,3.06304165,3.06304165
TSK001731,S044,6.40630017,6.40630017
TSK001731,S045,4.72628814,4.72628814
TSK001731,S046,7.89862443,7.89862443
TSK001731,S047,6.22689078,6.22689078
TSK001731,S048,29.79912082,29.79912082
TSK001731,S049,9.80856449,9.80856449
TSK001731,S050,9.73887359,9.73887359
TSK001731,S051,9.28217929,9.28217929
TSK001731,S052,7.91652696,7.91652696
TSK001731,S053,16.36996043,16.36996043
TSK001731,S054,9.00843974,9.00843974
TSK001731,S055,8.63979758,8.63979758
TSK001731,S056,3.06304165,3.06304165
TSK001731,S057,10.10427998,10.10427998
TSK001731,S058,9.75419626,9.75419626
TSK001731,S059,12.72516485,12.72516485
TSK001731,S060,11.32049866,11.32049866
TSK001731,S061,8.85073854,8.85073854
TSK001731,S062,8.44728834,8.44728834
TSK001731,S063,5.55735429,5.55735429
TSK001731,S064,16.07479461,16.07479461
TSK001731,S065,3.06304165,3.06304165
TSK001731,S066,16.58676065,16.58676065
TSK001731,S067,3.35702273,3.35702273
TSK001731,S068,7.43032777,7.43032777
TSK001731,S069,9.63015772,9.63015772
TSK001731,S070,3.35702273,3.35702273
TSK001731,S071,8.92792083,8.92792083
TSK001731,S072,3.06304165,3.06304165
TSK001731,S073,3.06304165,3.06304165
TSK001731,S074,12.07918566,12.07918566
TSK001731,S075,3.06304165,3.06304165
TSK001731,S076,4.80459436,4.80459436
TSK001731,S077,3.06304165,3.06304165
TSK001731,S078,7.43032777,7.43032777
TSK001731,S079,6.92462976,6.92462976
TSK001731,S080,9.73887359,9.73887359
TSK001731,S081,10.50788981,10.50788981
TSK001731,S082,3.06304165,3.06304165
TSK001731,S083,3.06304165,3.06304165
TSK001731,S084,3.06304165,3.06304165
TSK001731,S085,3.06304165,3.06304165
TSK001731,S086,7.44754284,7.44754284
TSK001731,S087,3.06304165,3.06304165
TSK001731,S088,9.80856449,9.80856449
TSK001731,S089,8.92853594,8.92853594
TSK001731,S090,9.80856449,9.80856449
TSK001731,S091,13.33582681,13.33582681
TSK001731,S092,12.88276102,12.88276102
TSK001731,S093,3.06304165,3.06304165
TSK001731,S094,3.06304165,3.06304165
TSK001731,S095,16.32905836,16.32905836
TSK001731,S096,10.2445641,10.2445641
TSK001731,S097,4.5044815,4.5044815
TSK001731,S098,3.06304165,3.06304165
TSK001731,S099,5.55735429,5.55735429
TSK001731,S100,3.06304165,3.06304165
TSK001773,S001,10.27196545,10.27196545
TSK001773,S002,2.31973381,2.31973381
TSK001773,S003,8.59175862,8.59175862
TSK001773,S004,8.11450004,8.11450004
TSK001773,S005,2.31973381,2.31973381
TSK001773,S006,2.31973381,2.31973381
TSK001773,S007,5.06371209,5.06371209
TSK001773,S008,13.26063369,13.26063369
TSK001773,S009,3.8831752,3.8831752
TSK001773,S010,5.54408509,5.54408509
TSK001773,S011,2.31973381,2.31973381
TSK001773,S012,7.45445567,7.45445567
TSK001773,S013,6.07232753,6.07232753
TSK001773,S014,2.31973381,2.31973381
TSK001773,S015,2.62462256,2.62462256
TSK001773,S016,5.96310303,5.96310303
TSK001773,S017,6.43196207,6.43196207
TSK001773,S018,4.32350633,4.32350633
TSK001773,S019,2.31973381,2.31973381
TSK001773,S020,2.31973381,2.31973381
TSK001773,S021,5.88545468,5.88545468
TSK001773,S022,15.89380082,15.89380082
TSK001773,S023,2.31973381,2.31973381
TSK001773,S024,2.31973381,2.31973381
TSK001773,S025,2.31973381,2.31973381
TSK001773,S026,6.22779454,6.22779454
TSK001773,S027,9.95208272,9.95208272
TSK001773,S028,2.31973381,2.31973381
TSK001773,S029,10.08104696,10.08104696
TSK001773,S030,9.76455543,9.76455543
TSK001773,S031,5.66002303,5.66002303
TSK001773,S032,24.73486779,24.73486779
TSK001773,S033,9.59769177,9.59769177
TSK001773,S034,7.24474725,7.24474725
TSK001773,S035,2.31973381,2.31973381
TSK001773,S036,8.34207806,8.34207806
TSK001773,S037,9.73154111,9.73154111
TSK001773,S038,4.36523672,4.36523672
TSK001773,S039,5.34183198,5.34183198
TSK001773,S040,7.23314284,7.23314284
TSK001773,S041,3.92684642,3.92684642
TSK001773,S042,10.39105302,10.39105302
TSK001773,S043,2.31973381,2.31973381
TSK001773,S044,4.86397081,4.86397081
TSK001773,S045,3.6314788,3.6314788
TSK001773,S046,5.81629247,5.81629247
TSK001773,S047,4.73998192,4.73998192
TSK001773,S048,21.86406941,21.86406941
TSK001773,S049,7.58462229,7.58462229
TSK001773,S050,7.27281849,7.27281849
TSK001773,S051,6.87337084,6.87337084
TSK001773,S052,5.99578532,5.99578532
TSK001773,S053,12.07559639,12.07559639
TSK001773,S054,6.90035851,6.90035851
TSK001773,S055,6.44432582,6.44432582
TSK001773,S056,2.31973381,2.31973381
TSK001773,S057,7.77219803,7.77219803
TSK001773,S058,7.35658687,7.35658687
TSK001773,S059,9.48580679,9.48580679
TSK001773,S060,8.48597408,8.48597408
TSK001773,S061,6.54385714,6.54385714
TSK001773,S062,6.3272462,6.3272462
TSK001773,S063,4.07780087,4.07780087
TSK001773,S064,11.56284937,11.56284937
TSK001773,S065,2.31973381,2.31973381
TSK001773,S066,12.39050176,12.39050176
TSK001773,S067,2.55216396,2.55216396
TSK001773,S068,5.74024407,5.74024407
TSK001773,S069,7.17872174,7.17872174
TSK001773,S070,2.55216396,2.55216396
TSK001773,S071,6.77056082,6.77056082
TSK001773,S072,2.31973381,2.31973381
TSK001773,S073,2.31973381,2.31973381
TSK001773,S074,9.21810826,9.21810826
TSK001773,S075,2.31973381,2.31973381
TSK001773,S076,3.647417,3.647417
TSK001773,S077,2.31973381,2.31973381
TSK001773,S078,5.74024407,5.74024407
TSK001773,S079,5.16516585,5.16516585
TSK001773,S080,7.27281849,7.27281849
TSK001773,S081,7.67822613,7.67822613
TSK001773,S082,2.31973381,2.31973381
TSK001773,S083,2.31973381,2.31973381
TSK001773,S084,2.31973381,2.31973381
TSK001773,S085,2.31973381,2.31973381
TSK001773,S086,5.62548511,5.62548511
TSK001773,S087,2.31973381,2.31973381
TSK001773,S088,7.58462229,7.58462229
TSK001773,S089,6.72108813,6.72108813
TSK001773,S090,7.58462229,7.58462229
TSK001773,S091,9.76455543,9.76455543
TSK001773,S092,9.74800107,9.74800107
TSK001773,S093,2.31973381,2.31973381
TSK001773,S094,2.31973381,2.31973381
TSK001773,S095,11.84677977,11.84677977
TSK001773,S096,7.5813164,7.5813164
TSK001773,S097,3.34352227,3.34352227
TSK001773,S098,2.31973381,2.31973381
TSK001773,S099,4.07780087,4.07780087
TSK001773,S100,2.31973381,2.31973381
TSK001869,S001,23.09548985,23.09548985
TSK001869,S002,8.88768944,8.88768944
TSK001869,S003,28.69970354,28.69970354
TSK001869,S004,39.25344026,39.25344026
TSK001869,S005,8.88768944,8.88768944
TSK001869,S006,8.88768944,8.88768944
TSK001869,S007,30.48456532,30.48456532
TSK001869,S008,63.77289784,63.77289784
TSK001869,S009,19.55654133,19.55654133
TSK001869,S010,35.24030882,35.24030882
TSK001869,S011,8.88768944,8.88768944
TSK001869,S012,59.85128351,59.85128351
TSK001869,S013,32.20001872,32.20001872
TSK001869,S014,8.88768944,8.88768944
TSK001869,S015,11.91379808,11.91379808
TSK001869,S016,19.57510424,19.57510424
TSK001869,S017,25.1857314,25.1857314
TSK001869,S018,19.19430184,19.19430184
TSK001869,S019,8.88768944,8.88768944
TSK001869,S020,8.88768944,8.88768944
TSK001869,S021,31.38685428,31.38685428
TSK001869,S022,106.13770849,106.13770849
TSK001869,S023,8.88768944,8.88768944
TSK001869,S024,8.88768944,8.88768944
TSK001869,S025,8.88768944,8.88768944
TSK001869,S026,34.19862358,34.19862358
TSK001869,S027,66.00137695,66.00137695
TSK001869,S028,8.88768944,8.88768944
TSK001869,S029,57.70846803,57.70846803
TSK001869,S030,53.75556712,53.75556712
TSK001869,S031,21.43897515,21.43897515
TSK001869,S032,79.03649887,79.03649887
TSK001869,S033,43.39674709,43.39674709
TSK001869,S034,32.5361056,32.5361056
TSK001869,S035,8.88768944,8.88768944
TSK001869,S036,55.57087306,55.57087306
TSK001869,S037,52.83629398,52.83629398
TSK001869,S038,25.37944703,25.37944703
TSK001869,S039,31.78194752,31.78194752
TSK001869,S040,33.16514004,33.16514004
TSK001869,S041,14.48681936,14.48681936
TSK001869,S042,54.70711277,54.70711277
TSK001869,S043,8.88768944,8.88768944
TSK001869,S044,17.9237607,17.9237607
TSK001869,S045,11.32798756,11.32798756
TSK001869,S046,30.6295804,30.6295804
TSK001869,S047,16.56254567,16.56254567
TSK001869,S048,115.43365922,115.43365922
TSK001869,S049,21.07529327,21.07529327
TSK001869,S050,31.76882885,31.76882885
TSK001869,S051,33.16029615,33.16029615
TSK001869,S052,21.92009228,21.92009228
TSK001869,S053,60.59820604,60.59820604
TSK001869,S054,22.1176716,22.1176716
TSK001869,S055,29.41219357,29.41219357
TSK001869,S056,8.88768944,8.88768944
TSK001869,S057,24.2847989,24.2847989
TSK001869,S058,28.92940281,28.92940281
TSK001869,S059,42.37582841,42.37582841
TSK001869,S060,35.14452427,35.14452427
TSK001869,S061,32.84984136,32.84984136
TSK001869,S062,26.97481378,26.97481378
TSK001869,S063,22.18413624,22.18413624
TSK001869,S064,75.25519447,75.25519447
TSK001869,S065,8.88768944,8.88768944
TSK001869,S066,55.81728063,55.81728063
TSK001869,S067,9.29940561,9.29940561
TSK001869,S068,16.10416485,16.10416485
TSK001869,S069,32.48449262,32.48449262
TSK001869,S070,9.29940561,9.29940561
TSK001869,S071,23.62391697,23.62391697
TSK001869,S072,8.88768944,8.88768944
TSK001869,S073,8.88768944,8.88768944
TSK001869,S074,31.09682179,31.09682179
TSK001869,S075,8.88768944,8.88768944
TSK001869,S076,13.03928133,13.03928133
TSK001869,S077,8.88768944,8.88768944
TSK001869,S078,16.10416485,16.10416485
TSK001869,S079,22.17664035,22.17664035
TSK001869,S080,31.76882885,31.76882885
TSK001869,S081,43.42171802,43.42171802
TSK001869,S082,8.88768944,8.88768944
TSK001869,S083,8.88768944,8.88768944
TSK001869,S084,8.88768944,8.88768944
TSK001869,S085,8.88768944,8.88768944
TSK001869,S086,21.44962816,21.44962816
TSK001869,S087,8.88768944,8.88768944
TSK001869,S088,21.07529327,21.07529327
TSK001869,S089,26.4804213,26.4804213
TSK001869,S090,21.07529327,21.07529327
TSK001869,S091,53.75556712,53.75556712
TSK001869,S092,39.33697936,39.33697936
TSK001869,S093,8.88768944,8.88768944
TSK001869,S094,8.88768944,8.88768944
TSK001869,S095,71.40889117,71.40889117
TSK001869,S096,38.22870833,38.22870833
TSK001869,S097,16.03081564,16.03081564
TSK001869,S098,8.88768944,8.88768944
TSK001869,S099,22.18413624,22.18413624
TSK001869,S100,8.88768944,8.88768944
TSK001876,S001,1.74648204,1.74648204
TSK001876,S002,0.3845541,0.3845541
TSK001876,S003,1.33940072,1.33940072
TSK001876,S004,1.31542513,1.31542513
TSK001876,S005,0.3845541,0.3845541
TSK001876,S006,0.3845541,0.3845541
TSK001876,S007,0.86195751,0.86195751
TSK001876,S008,1.94397572,1.94397572
TSK001876,S009,0.65225474,0.65225474
TSK001876,S010,0.96600608,0.96600608
TSK001876,S011,0.3845541,0.3845541
TSK001876,S012,1.31461693,1.31461693
TSK001876,S013,0.9981839,0.9981839
TSK001876,S014,0.3845541,0.3845541
TSK001876,S015,0.43977923,0.43977923
TSK001876,S016,0.91696118,0.91696118
TSK001876,S017,1.01066354,1.01066354
TSK001876,S018,0.69225841,0.69225841
TSK001876,S019,0.3845541,0.3845541
TSK001876,S020,0.3845541,0.3845541
TSK001876,S021,0.95607457,0.95607457
TSK001876,S022,2.5123103,2.5123103
TSK001876,S023,0.3845541,0.3845541
TSK001876,S024,0.3845541,0.3845541
TSK001876,S025,0.3845541,0.3845541
TSK001876,S026,0.98349178,0.98349178
TSK001876,S027,1.67460115,1.67460115
TSK001876,S028,0.3845541,0.3845541
TSK001876,S029,1.65355966,1.65355966
TSK001876,S030,1.58229303,1.58229303
TSK001876,S031,0.9136928,0.9136928
TSK001876,S032,4.13487906,4.13487906
TSK001876,S033,1.58252986,1.58252986
TSK001876,S034,1.1878299,1.1878299
TSK001876,S035,0.3845541,0.3845541
TSK001876,S036,1.41292256,1.41292256
TSK001876,S037,1.58199228,1.58199228
TSK001876,S038,0.73389234,0.73389234
TSK001876,S039,0.89891037,0.89891037
TSK001876,S040,1.14184321,1.14184321
TSK001876,S041,0.63951335,0.63951335
TSK001876,S042,1.65911516,1.65911516
TSK001876,S043,0.3845541,0.3845541
TSK001876,S044,0.80099598,0.80099598
TSK001876,S045,0.60511558,0.60511558
TSK001876,S046,0.96213357,0.96213357
TSK001876,S047,0.76356516,0.76356516
TSK001876,S048,3.39029867,3.39029867
TSK001876,S049,1.25300621,1.25300621
TSK001876,S050,1.12889438,1.12889438
TSK001876,S051,1.07512809,1.07512809
TSK001876,S052,0.93269052,0.93269052
TSK001876,S053,1.88576372,1.88576372
TSK001876,S054,1.12183601,1.12183601
TSK001876,S055,1.05162486,1.05162486
TSK001876,S056,0.3845541,0.3845541
TSK001876,S057,1.32260629,1.32260629
TSK001876,S058,1.17194725,1.17194725
TSK001876,S059,1.47604325,1.47604325
TSK001876,S060,1.30062068,1.30062068
TSK001876,S061,1.06862059,1.06862059
TSK001876,S062,1.00047309,1.00047309
TSK001876,S063,0.67201896,0.67201896
TSK001876,S064,1.91834757,1.91834757
TSK001876,S065,0.3845541,0.3845541
TSK001876,S066,2.03521932,2.03521932
TSK001876,S067,0.4240732,0.4240732
TSK001876,S068,0.94164697,0.94164697
TSK001876,S069,1.14179534,1.14179534
TSK001876,S070,0.4240732,0.4240732
TSK001876,S071,1.01262113,1.01262113
TSK001876,S072,0.3845541,0.3845541
TSK001876,S073,0.3845541,0.3845541
TSK001876,S074,1.48847683,1.48847683
TSK001876,S075,0.3845541,0.3845541
TSK001876,S076,0.57547615,0.57547615
TSK001876,S077,0.3845541,0.3845541
TSK001876,S078,0.94164697,0.94164697
TSK001876,S079,0.76055446,0.76055446
TSK001876,S080,1.12889438,1.12889438
TSK001876,S081,1.26376537,1.26376537
TSK001876,S082,0.3845541,0.3845541
TSK001876,S083,0.3845541,0.3845541
TSK001876,S084,0.3845541,0.3845541
TSK001876,S085,0.3845541,0.3845541
TSK001876,S086,0.8821386,0.8821386
TSK001876,S087,0.3845541,0.3845541
TSK001876,S088,1.25300621,1.25300621
TSK001876,S089,1.03515381,1.03515381
TSK001876,S090,1.25300621,1.25300621
TSK001876,S091,1.58229303,1.58229303
TSK001876,S092,1.70836733,1.70836733
TSK001876,S093,0.3845541,0.3845541
TSK001876,S094,0.3845541,0.3845541
TSK001876,S095,1.94705965,1.94705965
TSK001876,S096,1.26944502,1.26944502
TSK001876,S097,0.54159901,0.54159901
TSK001876,S098,0.3845541,0.3845541
TSK001876,S099,0.67201896,0.67201896
TSK001876,S100,0.3845541,0.3845541
TSK001948,S001,49.52111296,49.52111296
TSK001948,S002,22.93167581,22.93167581
TSK001948,S003,68.12179023,68.12179023
TSK001948,S004,106.06555727,106.06555727
TSK001948,S005,22.93167581,22.93167581
TSK001948,S006,22.93167581,22.93167581
TSK001948,S007,87.32011132,87.32011132
TSK001948,S008,165.00990599,165.00990599
TSK001948,S009,54.08282876,54.08282876
TSK001948,S010,102.50702067,102.50702067
TSK001948,S011,22.93167581,22.93167581
TSK001948,S012,179.41474649,179.41474649
TSK001948,S013,89.1492653,89.1492653
TSK001948,S014,22.93167581,22.93167581
TSK001948,S015,32.22330408,32.22330408
TSK001948,S016,45.71188372,45.71188372
TSK001948,S017,63.45363157,63.45363157
TSK001948,S018,50.55263712,50.55263712
TSK001948,S019,22.93167581,22.93167581
TSK001948,S020,22.93167581,22.93167581
TSK001948,S021,86.59842344,86.59842344
TSK001948,S022,301.83349568,301.83349568
TSK001948,S023,22.93167581,22.93167581
TSK001948,S024,22.93167581,22.93167581
TSK001948,S025,22.93167581,22.93167581
TSK001948,S026,93.91008826,93.91008826
TSK001948,S027,190.98639018,190.98639018
TSK001948,S028,22.93167581,22.93167581
TSK001948,S029,161.87326995,161.87326995
TSK001948,S030,149.07583269,149.07583269
TSK001948,S031,54.29289459,54.29289459
TSK001948,S032,193.91750419,193.91750419
TSK001948,S033,116.39190939,116.39190939
TSK001948,S034,86.89609096,86.89609096
TSK001948,S035,22.93167581,22.93167581
TSK001948,S036,161.22037143,161.22037143
TSK001948,S037,146.31793148,146.31793148
TSK001948,S038,71.99618668,71.99618668
TSK001948,S039,90.51715292,90.51715292
TSK001948,S040,87.47999955,87.47999955
TSK001948,S041,36.5860617,36.5860617
TSK001948,S042,149.56811683,149.56811683
TSK001948,S043,22.93167581,22.93167581
TSK001948,S044,45.55594386,45.55594386
TSK001948,S045,27.4949006,27.4949006
TSK001948,S046,84.89805607,84.89805607
TSK001948,S047,40.83146432,40.83146432
TSK001948,S048,312.30372639,312.30372639
TSK001948,S049,48.54562448,48.54562448
TSK001948,S050,82.10237083,82.10237083
TSK001948,S051,88.20136931,88.20136931
TSK001948,S052,53.69761202,53.69761202
TSK001948,S053,162.55449951,162.55449951
TSK001948,S054,53.23180498,53.23180498
TSK001948,S055,78.67402762,78.67402762
TSK001948,S056,22.93167581,22.93167581
TSK001948,S057,59.92645775,59.92645775
TSK001948,S058,73.53188306,73.53188306
TSK001948,S059,110.30575249,110.30575249
TSK001948,S060,88.89399868,88.89399868
TSK001948,S061,89.73615048,89.73615048
TSK001948,S062,69.87574804,69.87574804
TSK001948,S063,61.77115264,61.77115264
TSK001948,S064,216.25445798,216.25445798
TSK001948,S065,22.93167581,22.93167581
TSK001948,S066,149.30877977,149.30877977
TSK001948,S067,23.6872261,23.6872261
TSK001948,S068,37.01742655,37.01742655
TSK001948,S069,85.69701785,85.69701785
TSK001948,S070,23.6872261,23.6872261
TSK001948,S071,55.52202332,55.52202332
TSK001948,S072,22.93167581,22.93167581
TSK001948,S073,22.93167581,22.93167581
TSK001948,S074,75.86399269,75.86399269
TSK001948,S075,22.93167581,22.93167581
TSK001948,S076,31.97241075,31.97241075
TSK001948,S077,22.93167581,22.93167581
TSK001948,S078,37.01742655,37.01742655
TSK001948,S079,55.62038098,55.62038098
TSK001948,S080,82.10237083,82.10237083
TSK001948,S081,121.68898663,121.68898663
TSK001948,S082,22.93167581,22.93167581
TSK001948,S083,22.93167581,22.93167581
TSK001948,S084,22.93167581,22.93167581
TSK001948,S085,22.93167581,22.93167581
TSK001948,S086,53.53205876,53.53205876
TSK001948,S087,22.93167581,22.93167581
TSK001948,S088,48.54562448,48.54562448
TSK001948,S089,66.11944397,66.11944397
TSK001948,S090,48.54562448,48.54562448
TSK001948,S091,149.07583269,149.07583269
TSK001948,S092,106.09542808,106.09542808
TSK001948,S093,22.93167581,22.93167581
TSK001948,S094,22.93167581,22.93167581
TSK001948,S095,202.18588456,202.18588456
TSK001948,S096,105.60765395,105.60765395
TSK001948,S097,43.21765582,43.21765582
TSK001948,S098,22.93167581,22.93167581
TSK001948,S099,61.77115264,61.77115264
TSK001948,S100,22.93167581,22.93167581
TSK001994,S001,6.83325358,6.83325358
TSK001994,S002,1.54077615,1.54077615
TSK001994,S003,5.68611003,5.68611003
TSK001994,S004,5.38247278,5.38247278
TSK001994,S005,1.54077615,1.54077615
TSK001994,S006,1.54077615,1.54077615
TSK001994,S007,3.36879326,3.36879326
TSK001994,S008,8.74615086,8.74615086
TSK001994,S009,2.58128441,2.58128441
TSK001994,S010,3.69377403,3.69377403
TSK001994,S011,1.54077615,1.54077615
TSK001994,S012,4.97038283,4.97038283
TSK001994,S013,4.03121448,4.03121448
TSK001994,S014,1.54077615,1.54077615
TSK001994,S015,1.74441882,1.74441882
TSK001994,S016,3.94337547,3.94337547
TSK001994,S017,4.2586644,4.2586644
TSK001994,S018,2.86576072,2.86576072
TSK001994,S019,1.54077615,1.54077615
TSK001994,S020,1.54077615,1.54077615
TSK001994,S021,3.90439613,3.90439613
TSK001994,S022,10.52704807,10.52704807
TSK001994,S023,1.54077615,1.54077615
TSK001994,S024,1.54077615,1.54077615
TSK001994,S025,1.54077615,1.54077615
TSK001994,S026,4.12467253,4.12467253
TSK001994,S027,6.61621872,6.61621872
TSK001994,S028,1.54077615,1.54077615
TSK001994,S029,6.69159968,6.69159968
TSK001994,S030,6.47682988,6.47682988
TSK001994,S031,3.75344955,3.75344955
TSK001994,S032,16.43734209,16.43734209
TSK001994,S033,6.37275765,6.37275765
TSK001994,S034,4.80879857,4.80879857
TSK001994,S035,1.54077615,1.54077615
TSK001994,S036,5.54811213,5.54811213
TSK001994,S037,6.45615476,6.45615476
TSK001994,S038,2.90188917,2.90188917
TSK001994,S039,3.55130411,3.55130411
TSK001994,S040,4.79041535,4.79041535
TSK001994,S041,2.60545003,2.60545003
TSK001994,S042,6.88640185,6.88640185
TSK001994,S043,1.54077615,1.54077615
TSK001994,S044,3.22937701,3.22937701
TSK001994,S045,2.41279495,2.41279495
TSK001994,S046,3.86270411,3.86270411
TSK001994,S047,3.14293429,3.14293429
TSK001994,S048,14.46545285,14.46545285
TSK001994,S049,5.03668504,5.03668504
TSK001994,S050,4.81203732,4.81203732
TSK001994,S051,4.54973955,4.54973955
TSK001994,S052,3.96758142,3.96758142
TSK001994,S053,7.99253656,7.99253656
TSK001994,S054,4.57789727,4.57789727
TSK001994,S055,4.27630392,4.27630392
TSK001994,S056,1.54077615,1.54077615
TSK001994,S057,5.17060244,5.17060244
TSK001994,S058,4.87474294,4.87474294
TSK001994,S059,6.2771375,6.2771375
TSK001994,S060,5.61070066,5.61070066
TSK001994,S061,4.34253317,4.34253317
TSK001994,S062,4.19084857,4.19084857
TSK001994,S063,2.70752708,2.70752708
TSK001994,S064,7.68045625,7.68045625
TSK001994,S065,1.54077615,1.54077615
TSK001994,S066,8.22526004,8.22526004
TSK001994,S067,1.69539651,1.69539651
TSK001994,S068,3.81028339,3.81028339
TSK001994,S069,4.7564428,4.7564428
TSK001994,S070,1.69539651,1.69539651
TSK001994,S071,4.47043787,4.47043787
TSK001994,S072,1.54077615,1.54077615
TSK001994,S073,1.54077615,1.54077615
TSK001994,S074,6.11309528,6.11309528
TSK001994,S075,1.54077615,1.54077615
TSK001994,S076,2.41556002,2.41556002
TSK001994,S077,1.54077615,1.54077615
TSK001994,S078,3.81028339,3.81028339
TSK001994,S079,3.40753667,3.40753667
TSK001994,S080,4.81203732,4.81203732
TSK001994,S081,5.09770431,5.09770431
TSK001994,S082,1.54077615,1.54077615
TSK001994,S083,1.54077615,1.54077615
TSK001994,S084,1.54077615,1.54077615
TSK001994,S085,1.54077615,1.54077615
TSK001994,S086,3.72425159,3.72425159
TSK001994,S087,1.54077615,1.54077615
TSK001994,S088,5.03668504,5.03668504
TSK001994,S089,4.44502412,4.44502412
TSK001994,S090,5.03668504,5.03668504
TSK001994,S091,6.47682988,6.47682988
TSK001994,S092,6.49704442,6.49704442
TSK001994,S093,1.54077615,1.54077615
TSK001994,S094,1.54077615,1.54077615
TSK001994,S095,7.86459652,7.86459652
TSK001994,S096,5.03860481,5.03860481
TSK001994,S097,2.21770982,2.21770982
TSK001994,S098,1.54077615,1.54077615
TSK001994,S099,2.70752708,2.70752708
TSK001994,S100,1.54077615,1.54077615
TSK002072,S001,18.77898594,18.77898594
TSK002072,S002,6.21495194,6.21495194
TSK002072,S003,21.24464431,21.24464431
TSK002072,S004,26.16930224,26.16930224
TSK002072,S005,6.21495194,6.21495194
TSK002072,S006,6.21495194,6.21495194
TSK002072,S007,19.2569904,19.2569904
TSK002072,S008,43.62448614,43.62448614
TSK002072,S009,12.81083592,12.81083592
TSK002072,S010,21.9458439,21.9458439
TSK002072,S011,6.21495194,6.21495194
TSK002072,S012,35.95818749,35.95818749
TSK002072,S013,20.99249849,20.99249849
TSK002072,S014,6.21495194,6.21495194
TSK002072,S015,7.98104132,7.98104132
TSK002072,S016,14.62957152,14.62957152
TSK002072,S017,17.80178291,17.80178291
TSK002072,S018,13.08632697,13.08632697
TSK002072,S019,6.21495194,6.21495194
TSK002072,S020,6.21495194,6.21495194
TSK002072,S021,20.4980236,20.4980236
TSK002072,S022,66.91016209,66.91016209
TSK002072,S023,6.21495194,6.21495194
TSK002072,S024,6.21495194,6.21495194
TSK002072,S025,6.21495194,6.21495194
TSK002072,S026,22.3515165,22.3515165
TSK002072,S027,41.13601891,41.13601891
TSK002072,S028,6.21495194,6.21495194
TSK002072,S029,37.09626301,37.09626301
TSK002072,S030,34.90932009,34.90932009
TSK002072,S031,15.16120767,15.16120767
TSK002072,S032,57.85161117,57.85161117
TSK002072,S033,29.22778315,29.22778315
TSK002072,S034,21.98082291,21.98082291
TSK002072,S035,6.21495194,6.21495194
TSK002072,S036,34.56319613,34.56319613
TSK002072,S037,34.37905232,34.37905232
TSK002072,S038,16.17624047,16.17624047
TSK002072,S039,20.17050151,20.17050151
TSK002072,S040,22.52857453,22.52857453
TSK002072,S041,10.28702839,10.28702839
TSK002072,S042,35.96759249,35.96759249
TSK002072,S043,6.21495194,6.21495194
TSK002072,S044,12.68588087,12.68588087
TSK002072,S045,8.35906638,8.35906638
TSK002072,S046,19.96494982,19.96494982
TSK002072,S047,11.9760695,11.9760695
TSK002072,S048,76.36605911,76.36605911
TSK002072,S049,16.16046536,16.16046536
TSK002072,S050,21.92398616,21.92398616
TSK002072,S051,22.32048816,22.32048816
TSK002072,S052,15.8270148,15.8270148
TSK002072,S053,40.45574214,40.45574214
TSK002072,S054,16.33752,16.33752
TSK002072,S055,19.82441749,19.82441749
TSK002072,S056,6.21495194,6.21495194
TSK002072,S057,17.77025409,17.77025409
TSK002072,S058,20.34329758,20.34329758
TSK002072,S059,29.06891904,29.06891904
TSK002072,S060,24.65850045,24.65850045
TSK002072,S061,21.68951761,21.68951761
TSK002072,S062,18.63178954,18.63178954
TSK002072,S063,14.38219846,14.38219846
TSK002072,S064,47.18561271,47.18561271
TSK002072,S065,6.21495194,6.21495194
TSK002072,S066,37.66412501,37.66412501
TSK002072,S067,6.5817918,6.5817918
TSK002072,S068,12.34542055,12.34542055
TSK002072,S069,22.08941382,22.08941382
TSK002072,S070,6.5817918,6.5817918
TSK002072,S071,17.48917919,17.48917919
TSK002072,S072,6.21495194,6.21495194
TSK002072,S073,6.21495194,6.21495194
TSK002072,S074,22.68925692,22.68925692
TSK002072,S075,6.21495194,6.21495194
TSK002072,S076,9.43181168,9.43181168
TSK002072,S077,6.21495194,6.21495194
TSK002072,S078,12.34542055,12.34542055
TSK002072,S079,15.57973982,15.57973982
TSK002072,S080,21.92398616,21.92398616
TSK002072,S081,27.95349826,27.95349826
TSK002072,S082,6.21495194,6.21495194
TSK002072,S083,6.21495194,6.21495194
TSK002072,S084,6.21495194,6.21495194
TSK002072,S085,6.21495194,6.21495194
TSK002072,S086,15.27607429,15.27607429
TSK002072,S087,6.21495194,6.21495194
TSK002072,S088,16.16046536,16.16046536
TSK002072,S089,18.79457591,18.79457591
TSK002072,S090,16.16046536,16.16046536
TSK002072,S091,34.90932009,34.90932009
TSK002072,S092,26.68447191,26.68447191
TSK002072,S093,6.21495194,6.21495194
TSK002072,S094,6.21495194,6.21495194
TSK002072,S095,45.45583555,45.45583555
TSK002072,S096,25.05655449,25.05655449
TSK002072,S097,10.70993476,10.70993476
TSK002072,S098,6.21495194,6.21495194
TSK002072,S099,14.38219846,14.38219846
TSK002072,S100,6.21495194,6.21495194
TSK002102,S001,8.64195163,8.64195163
TSK002102,S002,1.94475516,1.94475516
TSK002102,S003,7.14374931,7.14374931
TSK002102,S004,6.7820725,6.7820725
TSK002102,S005,1.94475516,1.94475516
TSK002102,S006,1.94475516,1.94475516
TSK002102,S007,4.26087345,4.26087345
TSK002102,S008,10.93983515,10.93983515
TSK002102,S009,3.26140967,3.26140967
TSK002102,S010,4.68061262,4.68061262
TSK002102,S011,1.94475516,1.94475516
TSK002102,S012,6.30442466,6.30442466
TSK002102,S013,5.0848579,5.0848579
TSK002102,S014,1.94475516,1.94475516
TSK002102,S015,2.20362296,2.20362296
TSK002102,S016,4.94929709,4.94929709
TSK002102,S017,5.35350253,5.35350253
TSK002102,S018,3.60756671,3.60756671
TSK002102,S019,1.94475516,1.94475516
TSK002102,S020,1.94475516,1.94475516
TSK002102,S021,4.92043455,4.92043455
TSK002102,S022,13.23923784,13.23923784
TSK002102,S023,1.94475516,1.94475516
TSK002102,S024,1.94475516,1.94475516
TSK002102,S025,1.94475516,1.94475516
TSK002102,S026,5.18699002,5.18699002
TSK002102,S027,8.36063693,8.36063693
TSK002102,S028,1.94475516,1.94475516
TSK002102,S029,8.43918715,8.43918715
TSK002102,S030,8.16075177,8.16075177
TSK002102,S031,4.72795075,4.72795075
TSK002102,S032,20.76055828,20.76055828
TSK002102,S033,8.04030667,8.04030667
TSK002102,S034,6.06447488,6.06447488
TSK002102,S035,1.94475516,1.94475516
TSK002102,S036,7.01452357,7.01452357
TSK002102,S037,8.13667917,8.13667917
TSK002102,S038,3.66674876,3.66674876
TSK002102,S039,4.4876567,4.4876567
TSK002102,S040,6.02403421,6.02403421
TSK002102,S041,3.28409472,3.28409472
TSK002102,S042,8.66713381,8.66713381
TSK002102,S043,1.94475516,1.94475516
TSK002102,S044,4.07400865,4.07400865
TSK002102,S045,3.0466256,3.0466256
TSK002102,S046,4.87466678,4.87466678
TSK002102,S047,3.9582992,3.9582992
TSK002102,S048,18.16655002,18.16655002
TSK002102,S049,6.35556703,6.35556703
TSK002102,S050,6.04368664,6.04368664
TSK002102,S051,5.71748784,5.71748784
TSK002102,S052,4.98388349,4.98388349
TSK002102,S053,10.04270818,10.04270818
TSK002102,S054,5.76955034,5.76955034
TSK002102,S055,5.39098935,5.39098935
TSK002102,S056,1.94475516,1.94475516
TSK002102,S057,6.5396596,6.5396596
TSK002102,S058,6.13424303,6.13424303
TSK002102,S059,7.88521381,7.88521381
TSK002102,S060,7.04025768,7.04025768
TSK002102,S061,5.47477736,5.47477736
TSK002102,S062,5.2707104,5.2707104
TSK002102,S063,3.41586216,3.41586216
TSK002102,S064,9.69480227,9.69480227
TSK002102,S065,1.94475516,1.94475516
TSK002102,S066,10.37449512,10.37449512
TSK002102,S067,2.14030222,2.14030222
TSK002102,S068,4.80541924,4.80541924
TSK002102,S069,5.98466489,5.98466489
TSK002102,S070,2.14030222,2.14030222
TSK002102,S071,5.59960844,5.59960844
TSK002102,S072,1.94475516,1.94475516
TSK002102,S073,1.94475516,1.94475516
TSK002102,S074,7.70038576,7.70038576
TSK002102,S075,1.94475516,1.94475516
TSK002102,S076,3.03748703,3.03748703
TSK002102,S077,1.94475516,1.94475516
TSK002102,S078,4.80541924,4.80541924
TSK002102,S079,4.26352654,4.26352654
TSK002102,S080,6.04368664,6.04368664
TSK002102,S081,6.4307237,6.4307237
TSK002102,S082,1.94475516,1.94475516
TSK002102,S083,1.94475516,1.94475516
TSK002102,S084,1.94475516,1.94475516
TSK002102,S085,1.94475516,1.94475516
TSK002102,S086,4.68099309,4.68099309
TSK002102,S087,1.94475516,1.94475516
TSK002102,S088,6.35556703,6.35556703
TSK002102,S089,5.57955462,5.57955462
TSK002102,S090,6.35556703,6.35556703
TSK002102,S091,8.16075177,8.16075177
TSK002102,S092,8.23666052,8.23666052
TSK002102,S093,1.94475516,1.94475516
TSK002102,S094,1.94475516,1.94475516
TSK002102,S095,9.92004152,9.92004152
TSK002102,S096,6.36463543,6.36463543
TSK002102,S097,2.79421735,2.79421735
TSK002102,S098,1.94475516,1.94475516
TSK002102,S099,3.41586216,3.41586216
TSK002102,S100,1.94475516,1.94475516
TSK002111,S001,85.20930755,85.20930755
TSK002111,S002,40.31217417,40.31217417
TSK002111,S003,111.95284962,111.95284962
TSK002111,S004,165.91478028,165.91478028
TSK002111,S005,40.31217417,40.31217417
TSK002111,S006,40.31217417,40.31217417
TSK002111,S007,149.23940469,149.23940469
TSK002111,S008,264.23621733,264.23621733
TSK002111,S009,102.85655458,102.85655458
TSK002111,S010,168.235441,168.235441
TSK002111,S011,40.31217417,40.31217417
TSK002111,S012,356.09639135,356.09639135
TSK002111,S013,165.65990501,165.65990501
TSK002111,S014,40.31217417,40.31217417
TSK002111,S015,54.68244354,54.68244354
TSK002111,S016,72.35326631,72.35326631
TSK002111,S017,104.92993939,104.92993939
TSK002111,S018,86.5662183,86.5662183
TSK002111,S019,40.31217417,40.31217417
TSK002111,S020,40.31217417,40.31217417
TSK002111,S021,146.7541048,146.7541048
TSK002111,S022,537.42082257,537.42082257
TSK002111,S023,40.31217417,40.31217417
TSK002111,S024,40.31217417,40.31217417
TSK002111,S025,40.31217417,40.31217417
TSK002111,S026,147.36075874,147.36075874
TSK002111,S027,356.92678852,356.92678852
TSK002111,S028,40.31217417,40.31217417
TSK002111,S029,286.20004611,286.20004611
TSK002111,S030,237.91702638,237.91702638
TSK002111,S031,91.83417452,91.83417452
TSK002111,S032,324.05504169,324.05504169
TSK002111,S033,202.88476651,202.88476651
TSK002111,S034,146.85280988,146.85280988
TSK002111,S035,40.31217417,40.31217417
TSK002111,S036,272.29621342,272.29621342
TSK002111,S037,257.29097509,257.29097509
TSK002111,S038,115.6649095,115.6649095
TSK002111,S039,144.01203142,144.01203142
TSK002111,S040,141.73995307,141.73995307
TSK002111,S041,60.52565227,60.52565227
TSK002111,S042,265.90329405,265.90329405
TSK002111,S043,40.31217417,40.31217417
TSK002111,S044,74.19165058,74.19165058
TSK002111,S045,46.94333279,46.94333279
TSK002111,S046,135.02653143,135.02653143
TSK002111,S047,66.51027457,66.51027457
TSK002111,S048,535.95652907,535.95652907
TSK002111,S049,79.16114954,79.16114954
TSK002111,S050,137.83727913,137.83727913
TSK002111,S051,152.65289385,152.65289385
TSK002111,S052,89.86728363,89.86728363
TSK002111,S053,254.51639879,254.51639879
TSK002111,S054,84.86176737,84.86176737
TSK002111,S055,139.27430781,139.27430781
TSK002111,S056,40.31217417,40.31217417
TSK002111,S057,98.74667843,98.74667843
TSK002111,S058,125.55302768,125.55302768
TSK002111,S059,180.11281765,180.11281765
TSK002111,S060,137.30382375,137.30382375
TSK002111,S061,151.4389438,151.4389438
TSK002111,S062,119.99986904,119.99986904
TSK002111,S063,104.52365368,104.52365368
TSK002111,S064,384.96867122,384.96867122
TSK002111,S065,40.31217417,40.31217417
TSK002111,S066,268.30996181,268.30996181
TSK002111,S067,41.41611244,41.41611244
TSK002111,S068,60.53405157,60.53405157
TSK002111,S069,153.98188727,153.98188727
TSK002111,S070,41.41611244,41.41611244
TSK002111,S071,86.25963821,86.25963821
TSK002111,S072,40.31217417,40.31217417
TSK002111,S073,40.31217417,40.31217417
TSK002111,S074,120.99291965,120.99291965
TSK002111,S075,40.31217417,40.31217417
TSK002111,S076,53.05443133,53.05443133
TSK002111,S077,40.31217417,40.31217417
TSK002111,S078,60.53405157,60.53405157
TSK002111,S079,87.38049472,87.38049472
TSK002111,S080,137.83727913,137.83727913
TSK002111,S081,200.59830974,200.59830974
TSK002111,S082,40.31217417,40.31217417
TSK002111,S083,40.31217417,40.31217417
TSK002111,S084,40.31217417,40.31217417
TSK002111,S085,40.31217417,40.31217417
TSK002111,S086,85.10655393,85.10655393
TSK002111,S087,40.31217417,40.31217417
TSK002111,S088,79.16114954,79.16114954
TSK002111,S089,113.2733628,113.2733628
TSK002111,S090,79.16114954,79.16114954
TSK002111,S091,237.91702638,237.91702638
TSK002111,S092,171.94118249,171.94118249
TSK002111,S093,40.31217417,40.31217417
TSK002111,S094,40.31217417,40.31217417
TSK002111,S095,362.64213578,362.64213578
TSK002111,S096,176.30844553,176.30844553
TSK002111,S097,70.97570711,70.97570711
TSK002111,S098,40.31217417,40.31217417
TSK002111,S099,104.52365368,104.52365368
TSK002111,S100,40.31217417,40.31217417
TSK002114,S001,2.39435839,2.39435839
TSK002114,S002,0.54330184,0.54330184
TSK002114,S003,2.03448872,2.03448872
TSK002114,S004,1.90827601,1.90827601
TSK002114,S005,0.54330184,0.54330184
TSK002114,S006,0.54330184,0.54330184
TSK002114,S007,1.18007029,1.18007029
TSK002114,S008,3.17232613,3.17232613
TSK002114,S009,0.90724286,0.90724286
TSK002114,S010,1.28618675,1.28618675
TSK002114,S011,0.54330184,0.54330184
TSK002114,S012,1.72525668,1.72525668
TSK002114,S013,1.42440568,1.42440568
TSK002114,S014,0.54330184,0.54330184
TSK002114,S015,0.61348377,0.61348377
TSK002114,S016,1.41534633,1.41534633
TSK002114,S017,1.52097481,1.52097481
TSK002114,S018,1.01900868,1.01900868
TSK002114,S019,0.54330184,0.54330184
TSK002114,S020,0.54330184,0.54330184
TSK002114,S021,1.38355207,1.38355207
TSK002114,S022,3.75452978,3.75452978
TSK002114,S023,0.54330184,0.54330184
TSK002114,S024,0.54330184,0.54330184
TSK002114,S025,0.54330184,0.54330184
TSK002114,S026,1.4714099,1.4714099
TSK002114,S027,2.32437407,2.32437407
TSK002114,S028,0.54330184,0.54330184
TSK002114,S029,2.36568311,2.36568311
TSK002114,S030,2.2964794,2.2964794
TSK002114,S031,1.3320657,1.3320657
TSK002114,S032,5.78410214,5.78410214
TSK002114,S033,2.2500954,2.2500954
TSK002114,S034,1.70023004,1.70023004
TSK002114,S035,0.54330184,0.54330184
TSK002114,S036,1.9459305,1.9459305
TSK002114,S037,2.28739322,2.28739322
TSK002114,S038,1.01969462,1.01969462
TSK002114,S039,1.24760425,1.24760425
TSK002114,S040,1.70904662,1.70904662
TSK002114,S041,0.92270149,0.92270149
TSK002114,S042,2.45028773,2.45028773
TSK002114,S043,0.54330184,0.54330184
TSK002114,S044,1.14057932,1.14057932
TSK002114,S045,0.84971064,0.84971064
TSK002114,S046,1.3627663,1.3627663
TSK002114,S047,1.11595784,1.11595784
TSK002114,S048,5.18206726,5.18206726
TSK002114,S049,1.77751937,1.77751937
TSK002114,S050,1.72345037,1.72345037
TSK002114,S051,1.62663663,1.62663663
TSK002114,S052,1.42030156,1.42030156
TSK002114,S053,2.8585934,2.8585934
TSK002114,S054,1.6219017,1.6219017
TSK002114,S055,1.51368453,1.51368453
TSK002114,S056,0.54330184,0.54330184
TSK002114,S057,1.81137181,1.81137181
TSK002114,S058,1.73543478,1.73543478
TSK002114,S059,2.24691086,2.24691086
TSK002114,S060,2.01527403,2.01527403
TSK002114,S061,1.53686581,1.53686581
TSK002114,S062,1.49457285,1.49457285
TSK002114,S063,0.95609799,0.95609799
TSK002114,S064,2.7077233,2.7077233
TSK002114,S065,0.54330184,0.54330184
TSK002114,S066,2.90688913,2.90688913
TSK002114,S067,0.59748038,0.59748038
TSK002114,S068,1.34701777,1.34701777
TSK002114,S069,1.69395164,1.69395164
TSK002114,S070,0.59748038,0.59748038
TSK002114,S071,1.6144587,1.6144587
TSK002114,S072,0.54330184,0.54330184
TSK002114,S073,0.54330184,0.54330184
TSK002114,S074,2.16934194,2.16934194
TSK002114,S075,0.54330184,0.54330184
TSK002114,S076,0.86189391,0.86189391
TSK002114,S077,0.54330184,0.54330184
TSK002114,S078,1.34701777,1.34701777
TSK002114,S079,1.23477868,1.23477868
TSK002114,S080,1.72345037,1.72345037
TSK002114,S081,1.80068772,1.80068772
TSK002114,S082,0.54330184,0.54330184
TSK002114,S083,0.54330184,0.54330184
TSK002114,S084,0.54330184,0.54330184
TSK002114,S085,0.54330184,0.54330184
TSK002114,S086,1.33073783,1.33073783
TSK002114,S087,0.54330184,0.54330184
TSK002114,S088,1.77751937,1.77751937
TSK002114,S089,1.59482648,1.59482648
TSK002114,S090,1.77751937,1.77751937
TSK002114,S091,2.2964794,2.2964794
TSK002114,S092,2.25888118,2.25888118
TSK002114,S093,0.54330184,0.54330184
TSK002114,S094,0.54330184,0.54330184
TSK002114,S095,2.77902748,2.77902748
TSK002114,S096,1.77229843,1.77229843
TSK002114,S097,0.78639962,0.78639962
TSK002114,S098,0.54330184,0.54330184
TSK002114,S099,0.95609799,0.95609799
TSK002114,S100,0.54330184,0.54330184
TSK002116,S001,20.83813789,20.83813789
TSK002116,S002,7.72283049,7.72283049
TSK002116,S003,24.669516,24.669516
TSK002116,S004,33.68410853,33.68410853
TSK002116,S005,7.72283049,7.72283049
TSK002116,S006,7.72283049,7.72283049
TSK002116,S007,26.21891657,26.21891657
TSK002116,S008,53.7323868,53.7323868
TSK002116,S009,16.8745168,16.8745168
TSK002116,S010,30.37028494,30.37028494
TSK002116,S011,7.72283049,7.72283049
TSK002116,S012,51.31844009,51.31844009
TSK002116,S013,27.63239879,27.63239879
TSK002116,S014,7.72283049,7.72283049
TSK002116,S015,10.31144405,10.31144405
TSK002116,S016,16.77324784,16.77324784
TSK002116,S017,21.59557962,21.59557962
TSK002116,S018,16.46939508,16.46939508
TSK002116,S019,7.72283049,7.72283049
TSK002116,S020,7.72283049,7.72283049
TSK002116,S021,26.87496582,26.87496582
TSK002116,S022,90.08024478,90.08024478
TSK002116,S023,7.72283049,7.72283049
TSK002116,S024,7.72283049,7.72283049
TSK002116,S025,7.72283049,7.72283049
TSK002116,S026,29.12402458,29.12402458
TSK002116,S027,56.51651525,56.51651525
TSK002116,S028,7.72283049,7.72283049
TSK002116,S029,49.40515237,49.40515237
TSK002116,S030,45.97273471,45.97273471
TSK002116,S031,18.51781,18.51781
TSK002116,S032,69.38441773,69.38441773
TSK002116,S033,37.44045188,37.44045188
TSK002116,S034,28.04391641,28.04391641
TSK002116,S035,7.72283049,7.72283049
TSK002116,S036,47.62453949,47.62453949
TSK002116,S037,45.22628795,45.22628795
TSK002116,S038,21.80638749,21.80638749
TSK002116,S039,27.29376601,27.29376601
TSK002116,S040,28.352957,28.352957
TSK002116,S041,12.55146525,12.55146525
TSK002116,S042,46.71762233,46.71762233
TSK002116,S043,7.72283049,7.72283049
TSK002116,S044,15.57304696,15.57304696
TSK002116,S045,9.94701382,9.94701382
TSK002116,S046,26.31911091,26.31911091
TSK002116,S047,14.33846221,14.33846221
TSK002116,S048,98.07928466,98.07928466
TSK002116,S049,18.56557158,18.56557158
TSK002116,S050,27.09767068,27.09767068
TSK002116,S051,28.26724686,28.26724686
TSK002116,S052,18.78501291,18.78501291
TSK002116,S053,51.5998394,51.5998394
TSK002116,S054,19.2594418,19.2594418
TSK002116,S055,25.31428955,25.31428955
TSK002116,S056,7.72283049,7.72283049
TSK002116,S057,21.45648443,21.45648443
TSK002116,S058,24.88065531,24.88065531
TSK002116,S059,36.14560476,36.14560476
TSK002116,S060,29.93150742,29.93150742
TSK002116,S061,28.19906312,28.19906312
TSK002116,S062,23.1100127,23.1100127
TSK002116,S063,19.03239595,19.03239595
TSK002116,S064,64.33855237,64.33855237
TSK002116,S065,7.72283049,7.72283049
TSK002116,S066,48.12406396,48.12406396
TSK002116,S067,8.101802,8.101802
TSK002116,S068,14.14688503,14.14688503
TSK002116,S069,27.82137639,27.82137639
TSK002116,S070,8.101802,8.101802
TSK002116,S071,20.07275784,20.07275784
TSK002116,S072,7.72283049,7.72283049
TSK002116,S073,7.72283049,7.72283049
TSK002116,S074,26.97276164,26.97276164
TSK002116,S075,7.72283049,7.72283049
TSK002116,S076,11.22034116,11.22034116
TSK002116,S077,7.72283049,7.72283049
TSK002116,S078,14.14688503,14.14688503
TSK002116,S079,18.72245766,18.72245766
TSK002116,S080,27.09767068,27.09767068
TSK002116,S081,37.20653016,37.20653016
TSK002116,S082,7.72283049,7.72283049
TSK002116,S083,7.72283049,7.72283049
TSK002116,S084,7.72283049,7.72283049
TSK002116,S085,7.72283049,7.72283049
TSK002116,S086,18.39644969,18.39644969
TSK002116,S087,7.72283049,7.72283049
TSK002116,S088,18.56557158,18.56557158
TSK002116,S089,22.60008633,22.60008633
TSK002116,S090,18.56557158,18.56557158
TSK002116,S091,45.97273471,45.97273471
TSK002116,S092,34.56284509,34.56284509
TSK002116,S093,7.72283049,7.72283049
TSK002116,S094,7.72283049,7.72283049
TSK002116,S095,61.07609987,61.07609987
TSK002116,S096,32.96521163,32.96521163
TSK002116,S097,13.7576936,13.7576936
TSK002116,S098,7.72283049,7.72283049
TSK002116,S099,19.03239595,19.03239595
TSK002116,S100,7.72283049,7.72283049
TSK002117,S001,46.6583663,46.6583663
TSK002117,S002,21.48657466,21.48657466
TSK002117,S003,64.59936392,64.59936392
TSK002117,S004,99.30937135,99.30937135
TSK002117,S005,21.48657466,21.48657466
TSK002117,S006,21.48657466,21.48657466
TSK002117,S007,81.25937028,81.25937028
TSK002117,S008,156.01053398,156.01053398
TSK002117,S009,50.44629843,50.44629843
TSK002117,S010,95.2072611,95.2072611
TSK002117,S011,21.48657466,21.48657466
TSK002117,S012,166.42136523,166.42136523
TSK002117,S013,83.2760106,83.2760106
TSK002117,S014,21.48657466,21.48657466
TSK002117,S015,30.09249089,30.09249089
TSK002117,S016,43.47064527,43.47064527
TSK002117,S017,59.84215934,59.84215934
TSK002117,S018,47.45252714,47.45252714
TSK002117,S019,21.48657466,21.48657466
TSK002117,S020,21.48657466,21.48657466
TSK002117,S021,80.97074714,80.97074714
TSK002117,S022,282.10248922,282.10248922
TSK002117,S023,21.48657466,21.48657466
TSK002117,S024,21.48657466,21.48657466
TSK002117,S025,21.48657466,21.48657466
TSK002117,S026,87.98288447,87.98288447
TSK002117,S027,177.78040298,177.78040298
TSK002117,S028,21.48657466,21.48657466
TSK002117,S029,151.12394295,151.12394295
TSK002117,S030,139.36768538,139.36768538
TSK002117,S031,51.06008031,51.06008031
TSK002117,S032,182.00367462,182.00367462
TSK002117,S033,108.88439913,108.88439913
TSK002117,S034,81.34677296,81.34677296
TSK002117,S035,21.48657466,21.48657466
TSK002117,S036,150.00326617,150.00326617
TSK002117,S037,136.77390056,136.77390056
TSK002117,S038,67.07708378,67.07708378
TSK002117,S039,84.3136334,84.3136334
TSK002117,S040,82.19215032,82.19215032
TSK002117,S041,34.38409634,34.38409634
TSK002117,S042,140.07803715,140.07803715
TSK002117,S043,21.48657466,21.48657466
TSK002117,S044,42.74934002,42.74934002
TSK002117,S045,25.8312796,25.8312796
TSK002117,S046,79.26687467,79.26687467
TSK002117,S047,38.47743083,38.47743083
TSK002117,S048,293.21175618,293.21175618
TSK002117,S049,45.80144766,45.80144766
TSK002117,S050,77.3511243,77.3511243
TSK002117,S051,82.87103297,82.87103297
TSK002117,S052,50.79895727,50.79895727
TSK002117,S053,152.65066493,152.65066493
TSK002117,S054,50.19195607,50.19195607
TSK002117,S055,73.67057682,73.67057682
TSK002117,S056,21.48657466,21.48657466
TSK002117,S057,56.09515631,56.09515631
TSK002117,S058,69.21964364,69.21964364
TSK002117,S059,103.84576595,103.84576595
TSK002117,S060,83.97476252,83.97476252
TSK002117,S061,83.9234932,83.9234932
TSK002117,S062,65.72941849,65.72941849
TSK002117,S063,57.67472435,57.67472435
TSK002117,S064,201.51694002,201.51694002
TSK002117,S065,21.48657466,21.48657466
TSK002117,S066,139.74109612,139.74109612
TSK002117,S067,22.20428148,22.20428148
TSK002117,S068,34.96636328,34.96636328
TSK002117,S069,80.47267248,80.47267248
TSK002117,S070,22.20428148,22.20428148
TSK002117,S071,52.90794768,52.90794768
TSK002117,S072,21.48657466,21.48657466
TSK002117,S073,21.48657466,21.48657466
TSK002117,S074,71.52296875,71.52296875
TSK002117,S075,21.48657466,21.48657466
TSK002117,S076,30.20408751,30.20408751
TSK002117,S077,21.48657466,21.48657466
TSK002117,S078,34.96636328,34.96636328
TSK002117,S079,52.73031674,52.73031674
TSK002117,S080,77.3511243,77.3511243
TSK002117,S081,113.58990617,113.58990617
TSK002117,S082,21.48657466,21.48657466
TSK002117,S083,21.48657466,21.48657466
TSK002117,S084,21.48657466,21.48657466
TSK002117,S085,21.48657466,21.48657466
TSK002117,S086,50.53096356,50.53096356
TSK002117,S087,21.48657466,21.48657466
TSK002117,S088,45.80144766,45.80144766
TSK002117,S089,62.50472323,62.50472323
TSK002117,S090,45.80144766,45.80144766
TSK002117,S091,139.36768538,139.36768538
TSK002117,S092,98.66342139,98.66342139
TSK002117,S093,21.48657466,21.48657466
TSK002117,S094,21.48657466,21.48657466
TSK002117,S095,188.64426687,188.64426687
TSK002117,S096,98.53412037,98.53412037
TSK002117,S097,40.47254006,40.47254006
TSK002117,S098,21.48657466,21.48657466
TSK002117,S099,57.67472435,57.67472435
TSK002117,S100,21.48657466,21.48657466
TSK002180,S001,31.38848951,31.38848951
TSK002180,S002,14.53381782,14.53381782
TSK002180,S003,42.73392865,42.73392865
TSK002180,S004,67.18576798,67.18576798
TSK002180,S005,14.53381782,14.53381782
TSK002180,S006,14.53381782,14.53381782
TSK002180,S007,55.58049719,55.58049719
TSK002180,S008,103.57202093,103.57202093
TSK002180,S009,34.37301536,34.37301536
TSK002180,S010,65.3532412,65.3532412
TSK002180,S011,14.53381782,14.53381782
TSK002180,S012,114.45308645,114.45308645
TSK002180,S013,56.57153313,56.57153313
TSK002180,S014,14.53381782,14.53381782
TSK002180,S015,20.46680915,20.46680915
TSK002180,S016,28.60345643,28.60345643
TSK002180,S017,39.9676393,39.9676393
TSK002180,S018,31.95932646,31.95932646
TSK002180,S019,14.53381782,14.53381782
TSK002180,S020,14.53381782,14.53381782
TSK002180,S021,54.9025871,54.9025871
TSK002180,S022,191.28636865,191.28636865
TSK002180,S023,14.53381782,14.53381782
TSK002180,S024,14.53381782,14.53381782
TSK002180,S025,14.53381782,14.53381782
TSK002180,S026,59.4202682,59.4202682
TSK002180,S027,121.4974355,121.4974355
TSK002180,S028,14.53381782,14.53381782
TSK002180,S029,102.74443002,102.74443002
TSK002180,S030,94.51399315,94.51399315
TSK002180,S031,34.29431333,34.29431333
TSK002180,S032,122.86941946,122.86941946
TSK002180,S033,73.80917889,73.80917889
TSK002180,S034,55.07135806,55.07135806
TSK002180,S035,14.53381782,14.53381782
TSK002180,S036,102.60423604,102.60423604
TSK002180,S037,92.78016412,92.78016412
TSK002180,S038,45.78252671,45.78252671
TSK002180,S039,57.56756525,57.56756525
TSK002180,S040,55.24743724,55.24743724
TSK002180,S041,23.12843146,23.12843146
TSK002180,S042,94.68433286,94.68433286
TSK002180,S043,14.53381782,14.53381782
TSK002180,S044,28.8396987,28.8396987
TSK002180,S045,17.40876061,17.40876061
TSK002180,S046,53.89934074,53.89934074
TSK002180,S047,25.75717065,25.75717065
TSK002180,S048,197.24452672,197.24452672
TSK002180,S049,30.65067994,30.65067994
TSK002180,S050,51.73074462,51.73074462
TSK002180,S051,55.68887166,55.68887166
TSK002180,S052,33.73901207,33.73901207
TSK002180,S053,102.66671573,102.66671573
TSK002180,S054,33.58388241,33.58388241
TSK002180,S055,49.84348947,49.84348947
TSK002180,S056,14.53381782,14.53381782
TSK002180,S057,38.07067137,38.07067137
TSK002180,S058,46.3942836,46.3942836
TSK002180,S059,69.54114103,69.54114103
TSK002180,S060,55.88489818,55.88489818
TSK002180,S061,56.89395749,56.89395749
TSK002180,S062,44.09741851,44.09741851
TSK002180,S063,39.21130334,39.21130334
TSK002180,S064,137.44268756,137.44268756
TSK002180,S065,14.53381782,14.53381782
TSK002180,S066,94.64519425,94.64519425
TSK002180,S067,15.01138925,15.01138925
TSK002180,S068,23.34399036,23.34399036
TSK002180,S069,54.15284169,54.15284169
TSK002180,S070,15.01138925,15.01138925
TSK002180,S071,34.65735143,34.65735143
TSK002180,S072,14.53381782,14.53381782
TSK002180,S073,14.53381782,14.53381782
TSK002180,S074,47.84840694,47.84840694
TSK002180,S075,14.53381782,14.53381782
TSK002180,S076,20.1184893,20.1184893
TSK002180,S077,14.53381782,14.53381782
TSK002180,S078,23.34399036,23.34399036
TSK002180,S079,34.84141676,34.84141676
TSK002180,S080,51.73074462,51.73074462
TSK002180,S081,77.25351245,77.25351245
TSK002180,S082,14.53381782,14.53381782
TSK002180,S083,14.53381782,14.53381782
TSK002180,S084,14.53381782,14.53381782
TSK002180,S085,14.53381782,14.53381782
TSK002180,S086,33.6953285,33.6953285
TSK002180,S087,14.53381782,14.53381782
TSK002180,S088,30.65067994,30.65067994
TSK002180,S089,41.55191912,41.55191912
TSK002180,S090,30.65067994,30.65067994
TSK002180,S091,94.51399315,94.51399315
TSK002180,S092,67.69011116,67.69011116
TSK002180,S093,14.53381782,14.53381782
TSK002180,S094,14.53381782,14.53381782
TSK002180,S095,128.38198731,128.38198731
TSK002180,S096,67.10252089,67.10252089
TSK002180,S097,27.37182358,27.37182358
TSK002180,S098,14.53381782,14.53381782
TSK002180,S099,39.21130334,39.21130334
TSK002180,S100,14.53381782,14.53381782
TSK002208,S001,21.41802538,21.41802538
TSK002208,S002,7.81617476,7.81617476
TSK002208,S003,25.82109221,25.82109221
TSK002208,S004,33.98916308,33.98916308
TSK002208,S005,7.81617476,7.81617476
TSK002208,S006,7.81617476,7.81617476
TSK002208,S007,25.89484315,25.89484315
TSK002208,S008,55.87289802,55.87289802
TSK002208,S009,16.8157693,16.8157693
TSK002208,S010,29.78014904,29.78014904
TSK002208,S011,7.81617476,7.81617476
TSK002208,S012,50.00718531,50.00718531
TSK002208,S013,27.66216028,27.66216028
TSK002208,S014,7.81617476,7.81617476
TSK002208,S015,10.32138625,10.32138625
TSK002208,S016,17.68359043,17.68359043
TSK002208,S017,22.27793602,22.27793602
TSK002208,S018,16.75444939,16.75444939
TSK002208,S019,7.81617476,7.81617476
TSK002208,S020,7.81617476,7.81617476
TSK002208,S021,26.98848972,26.98848972
TSK002208,S022,90.26462225,90.26462225
TSK002208,S023,7.81617476,7.81617476
TSK002208,S024,7.81617476,7.81617476
TSK002208,S025,7.81617476,7.81617476
TSK002208,S026,29.43654132,29.43654132
TSK002208,S027,55.84200355,55.84200355
TSK002208,S028,7.81617476,7.81617476
TSK002208,S029,49.34900205,49.34900205
TSK002208,S030,46.13922735,46.13922735
TSK002208,S031,18.94829553,18.94829553
TSK002208,S032,70.60247203,70.60247203
TSK002208,S033,37.68545084,37.68545084
TSK002208,S034,28.28918721,28.28918721
TSK002208,S035,7.81617476,7.81617476
TSK002208,S036,46.97820051,46.97820051
TSK002208,S037,45.37544503,45.37544503
TSK002208,S038,21.62805951,21.62805951
TSK002208,S039,27.04611923,27.04611923
TSK002208,S040,28.92577132,28.92577132
TSK002208,S041,12.81790463,12.81790463
TSK002208,S042,47.16926856,47.16926856
TSK002208,S043,7.81617476,7.81617476
TSK002208,S044,15.83344208,15.83344208
TSK002208,S045,10.1500061,10.1500061
TSK002208,S046,26.30647188,26.30647188
TSK002208,S047,14.75556021,14.75556021
TSK002208,S048,99.8174485,99.8174485
TSK002208,S049,19.15677308,19.15677308
TSK002208,S050,27.87564324,27.87564324
TSK002208,S051,28.83835858,28.83835858
TSK002208,S052,19.54497999,19.54497999
TSK002208,S053,52.55396917,52.55396917
TSK002208,S054,19.84820107,19.84820107
TSK002208,S055,25.55701594,25.55701594
TSK002208,S056,7.81617476,7.81617476
TSK002208,S057,21.67154317,21.67154317
TSK002208,S058,25.53044062,25.53044062
TSK002208,S059,37.10176126,37.10176126
TSK002208,S060,31.03129721,31.03129721
TSK002208,S061,28.34553434,28.34553434
TSK002208,S062,23.66230207,23.66230207
TSK002208,S063,19.02123775,19.02123775
TSK002208,S064,63.81620727,63.81620727
TSK002208,S065,7.81617476,7.81617476
TSK002208,S066,48.50877007,48.50877007
TSK002208,S067,8.2117596,8.2117596
TSK002208,S068,14.64227201,14.64227201
TSK002208,S069,28.33575674,28.33575674
TSK002208,S070,8.2117596,8.2117596
TSK002208,S071,21.28822709,21.28822709
TSK002208,S072,7.81617476,7.81617476
TSK002208,S073,7.81617476,7.81617476
TSK002208,S074,27.79103472,27.79103472
TSK002208,S075,7.81617476,7.81617476
TSK002208,S076,11.62782244,11.62782244
TSK002208,S077,7.81617476,7.81617476
TSK002208,S078,14.64227201,14.64227201
TSK002208,S079,19.61357963,19.61357963
TSK002208,S080,27.87564324,27.87564324
TSK002208,S081,37.14619196,37.14619196
TSK002208,S082,7.81617476,7.81617476
TSK002208,S083,7.81617476,7.81617476
TSK002208,S084,7.81617476,7.81617476
TSK002208,S085,7.81617476,7.81617476
TSK002208,S086,19.02575397,19.02575397
TSK002208,S087,7.81617476,7.81617476
TSK002208,S088,19.15677308,19.15677308
TSK002208,S089,23.47396432,23.47396432
TSK002208,S090,19.15677308,19.15677308
TSK002208,S091,46.13922735,46.13922735
TSK002208,S092,34.16012081,34.16012081
TSK002208,S093,7.81617476,7.81617476
TSK002208,S094,7.81617476,7.81617476
TSK002208,S095,60.86618696,60.86618696
TSK002208,S096,32.88059885,32.88059885
TSK002208,S097,13.89117555,13.89117555
TSK002208,S098,7.81617476,7.81617476
TSK002208,S099,19.02123775,19.02123775
TSK002208,S100,7.81617476,7.81617476
TSK002262,S001,19.41429464,19.41429464
TSK002262,S002,6.41330624,6.41330624
TSK002262,S003,22.45201831,22.45201831
TSK002262,S004,27.02883754,27.02883754
TSK002262,S005,6.41330624,6.41330624
TSK002262,S006,6.41330624,6.41330624
TSK002262,S007,19.5645833,19.5645833
TSK002262,S008,46.17434504,46.17434504
TSK002262,S009,13.09543122,13.09543122
TSK002262,S010,22.1585717,22.1585717
TSK002262,S011,6.41330624,6.41330624
TSK002262,S012,36.15654179,36.15654179
TSK002262,S013,21.55881439,21.55881439
TSK002262,S014,6.41330624,6.41330624
TSK002262,S015,8.17939562,8.17939562
TSK002262,S016,15.53797672,15.53797672
TSK002262,S017,18.66131821,18.66131821
TSK002262,S018,13.59227417,13.59227417
TSK002262,S019,6.41330624,6.41330624
TSK002262,S020,6.41330624,6.41330624
TSK002262,S021,21.1103347,21.1103347
TSK002262,S022,68.95119909,68.95119909
TSK002262,S023,6.41330624,6.41330624
TSK002262,S024,6.41330624,6.41330624
TSK002262,S025,6.41330624,6.41330624
TSK002262,S026,23.1564325,23.1564325
TSK002262,S027,41.84894451,41.84894451
TSK002262,S028,6.41330624,6.41330624
TSK002262,S029,38.05641281,38.05641281
TSK002262,S030,35.94708679,35.94708679
TSK002262,S031,15.78214287,15.78214287
TSK002262,S032,59.77478547,59.77478547
TSK002262,S033,30.09594255,30.09594255
TSK002262,S034,22.67362561,22.67362561
TSK002262,S035,6.41330624,6.41330624
TSK002262,S036,35.10938913,35.10938913
TSK002262,S037,35.38519732,35.38519732
TSK002262,S038,16.49245747,16.49245747
TSK002262,S039,20.55283661,20.55283661
TSK002262,S040,23.46572673,23.46572673
TSK002262,S041,10.68661169,10.68661169
TSK002262,S042,37.20946289,37.20946289
TSK002262,S043,6.41330624,6.41330624
TSK002262,S044,13.13145937,13.13145937
TSK002262,S045,8.65228578,8.65228578
TSK002262,S046,20.47377172,20.47377172
TSK002262,S047,12.5050143,12.5050143
TSK002262,S048,79.53972791,79.53972791
TSK002262,S049,16.83314516,16.83314516
TSK002262,S050,22.97325166,22.97325166
TSK002262,S051,23.26626446,23.26626446
TSK002262,S052,16.6808007,16.6808007
TSK002262,S053,42.13456694,42.13456694
TSK002262,S054,17.0504456,17.0504456
TSK002262,S055,20.46835029,20.46835029
TSK002262,S056,6.41330624,6.41330624
TSK002262,S057,18.24457959,18.24457959
TSK002262,S058,21.23732928,21.23732928
TSK002262,S059,30.41715334,30.41715334
TSK002262,S060,25.97511305,25.97511305
TSK002262,S061,22.33919981,22.33919981
TSK002262,S062,19.44245494,19.44245494
TSK002262,S063,14.75303476,14.75303476
TSK002262,S064,48.16588541,48.16588541
TSK002262,S065,6.41330624,6.41330624
TSK002262,S066,38.82837851,38.82837851
TSK002262,S067,6.7945196,6.7945196
TSK002262,S068,12.89161355,12.89161355
TSK002262,S069,22.97194672,22.97194672
TSK002262,S070,6.7945196,6.7945196
TSK002262,S071,18.67930499,18.67930499
TSK002262,S072,6.41330624,6.41330624
TSK002262,S073,6.41330624,6.41330624
TSK002262,S074,23.69827662,23.69827662
TSK002262,S075,6.41330624,6.41330624
TSK002262,S076,9.90613718,9.90613718
TSK002262,S077,6.41330624,6.41330624
TSK002262,S078,12.89161355,12.89161355
TSK002262,S079,16.55426312,16.55426312
TSK002262,S080,22.97325166,22.97325166
TSK002262,S081,28.66067446,28.66067446
TSK002262,S082,6.41330624,6.41330624
TSK002262,S083,6.41330624,6.41330624
TSK002262,S084,6.41330624,6.41330624
TSK002262,S085,6.41330624,6.41330624
TSK002262,S086,16.03786979,16.03786979
TSK002262,S087,6.41330624,6.41330624
TSK002262,S088,16.83314516,16.83314516
TSK002262,S089,19.80934501,19.80934501
TSK002262,S090,16.83314516,16.83314516
TSK002262,S091,35.94708679,35.94708679
TSK002262,S092,27.00356361,27.00356361
TSK002262,S093,6.41330624,6.41330624
TSK002262,S094,6.41330624,6.41330624
TSK002262,S095,46.56259505,46.56259505
TSK002262,S096,25.63436919,25.63436919
TSK002262,S097,11.06639756,11.06639756
TSK002262,S098,6.41330624,6.41330624
TSK002262,S099,14.75303476,14.75303476
TSK002262,S100,6.41330624,6.41330624
TSK002328,S001,18.48473749,18.48473749
TSK002328,S002,6.33211653,6.33211653
TSK002328,S003,20.56739837,20.56739837
TSK002328,S004,26.91400764,26.91400764
TSK002328,S005,6.33211653,6.33211653
TSK002328,S006,6.33211653,6.33211653
TSK002328,S007,20.55604587,20.55604587
TSK002328,S008,42.88896809,42.88896809
TSK002328,S009,13.43815332,13.43815332
TSK002328,S010,23.71658077,23.71658077
TSK002328,S011,6.33211653,6.33211653
TSK002328,S012,39.4229798,39.4229798
TSK002328,S013,21.89124973,21.89124973
TSK002328,S014,6.33211653,6.33211653
TSK002328,S015,8.29698084,8.29698084
TSK002328,S016,14.01535195,14.01535195
TSK002328,S017,17.64725221,17.64725221
TSK002328,S018,13.27326313,13.27326313
TSK002328,S019,6.33211653,6.33211653
TSK002328,S020,6.33211653,6.33211653
TSK002328,S021,21.27589705,21.27589705
TSK002328,S022,69.96552498,69.96552498
TSK002328,S023,6.33211653,6.33211653
TSK002328,S024,6.33211653,6.33211653
TSK002328,S025,6.33211653,6.33211653
TSK002328,S026,22.98491427,22.98491427
TSK002328,S027,43.96432254,43.96432254
TSK002328,S028,6.33211653,6.33211653
TSK002328,S029,38.87411866,38.87411866
TSK002328,S030,36.28944405,36.28944405
TSK002328,S031,15.19842265,15.19842265
TSK002328,S032,58.24156544,58.24156544
TSK002328,S033,30.13038776,30.13038776
TSK002328,S034,22.58252253,22.58252253
TSK002328,S035,6.33211653,6.33211653
TSK002328,S036,37.03886444,37.03886444
TSK002328,S037,35.74634794,35.74634794
TSK002328,S038,17.14270274,17.14270274
TSK002328,S039,21.41538528,21.41538528
TSK002328,S040,22.76801982,22.76801982
TSK002328,S041,10.33620696,10.33620696
TSK002328,S042,37.01757999,37.01757999
TSK002328,S043,6.33211653,6.33211653
TSK002328,S044,12.82822088,12.82822088
TSK002328,S045,8.37733738,8.37733738
TSK002328,S046,20.86631069,20.86631069
TSK002328,S047,11.88767953,11.88767953
TSK002328,S048,77.65759672,77.65759672
TSK002328,S049,15.90324106,15.90324106
TSK002328,S050,21.86643861,21.86643861
TSK002328,S051,22.57875804,22.57875804
TSK002328,S052,15.47766747,15.47766747
TSK002328,S053,41.05632549,41.05632549
TSK002328,S054,16.15502783,16.15502783
TSK002328,S055,20.34850307,20.34850307
TSK002328,S056,6.33211653,6.33211653
TSK002328,S057,18.06986828,18.06986828
TSK002328,S058,20.32546161,20.32546161
TSK002328,S059,29.09861355,29.09861355
TSK002328,S060,24.29172421,24.29172421
TSK002328,S061,22.45285584,22.45285584
TSK002328,S062,18.70357371,18.70357371
TSK002328,S063,15.04376213,15.04376213
TSK002328,S064,50.10902165,50.10902165
TSK002328,S065,6.33211653,6.33211653
TSK002328,S066,38.74075242,38.74075242
TSK002328,S067,6.68397251,6.68397251
TSK002328,S068,12.09997531,12.09997531
TSK002328,S069,22.37460403,22.37460403
TSK002328,S070,6.68397251,6.68397251
TSK002328,S071,16.63012134,16.63012134
TSK002328,S072,6.33211653,6.33211653
TSK002328,S073,6.33211653,6.33211653
TSK002328,S074,22.46674835,22.46674835
TSK002328,S075,6.33211653,6.33211653
TSK002328,S076,9.27281885,9.27281885
TSK002328,S077,6.33211653,6.33211653
TSK002328,S078,12.09997531,12.09997531
TSK002328,S079,15.1245411,15.1245411
TSK002328,S080,21.86643861,21.86643861
TSK002328,S081,29.30817723,29.30817723
TSK002328,S082,6.33211653,6.33211653
TSK002328,S083,6.33211653,6.33211653
TSK002328,S084,6.33211653,6.33211653
TSK002328,S085,6.33211653,6.33211653
TSK002328,S086,15.08062806,15.08062806
TSK002328,S087,6.33211653,6.33211653
TSK002328,S088,15.90324106,15.90324106
TSK002328,S089,18.44938679,18.44938679
TSK002328,S090,15.90324106,15.90324106
TSK002328,S091,36.28944405,36.28944405
TSK002328,S092,28.19066761,28.19066761
TSK002328,S093,6.33211653,6.33211653
TSK002328,S094,6.33211653,6.33211653
TSK002328,S095,47.85119333,47.85119333
TSK002328,S096,26.24758674,26.24758674
TSK002328,S097,11.00216149,11.00216149
TSK002328,S098,6.33211653,6.33211653
TSK002328,S099,15.04376213,15.04376213
TSK002328,S100,6.33211653,6.33211653
TSK002338,S001,10.33327448,10.33327448
TSK002338,S002,2.33887555,2.33887555
TSK002338,S003,8.70827351,8.70827351
TSK002338,S004,8.19744755,8.19744755
TSK002338,S005,2.33887555,2.33887555
TSK002338,S006,2.33887555,2.33887555
TSK002338,S007,5.09339565,5.09339565
TSK002338,S008,13.50670206,13.50670206
TSK002338,S009,3.91063942,3.91063942
TSK002338,S010,5.56461391,5.56461391
TSK002338,S011,2.33887555,2.33887555
TSK002338,S012,7.4735974,7.4735974
TSK002338,S013,6.12697857,6.12697857
TSK002338,S014,2.33887555,2.33887555
TSK002338,S015,2.64376429,2.64376429
TSK002338,S016,6.05076662,6.05076662
TSK002338,S017,6.51490958,6.51490958
TSK002338,S018,4.37233162,4.37233162
TSK002338,S019,2.33887555,2.33887555
TSK002338,S020,2.33887555,2.33887555
TSK002338,S021,5.94454437,5.94454437
TSK002338,S022,16.09076648,16.09076648
TSK002338,S023,2.33887555,2.33887555
TSK002338,S024,2.33887555,2.33887555
TSK002338,S025,2.33887555,2.33887555
TSK002338,S026,6.30547113,6.30547113
TSK002338,S027,10.02088199,10.02088199
TSK002338,S028,2.33887555,2.33887555
TSK002338,S029,10.17370405,10.17370405
TSK002338,S030,9.86470276,9.86470276
TSK002338,S031,5.71994498,5.71994498
TSK002338,S032,24.92045937,24.92045937
TSK002338,S033,9.68147153,9.68147153
TSK002338,S034,7.31160461,7.31160461
TSK002338,S035,2.33887555,2.33887555
TSK002338,S036,8.39478718,8.39478718
TSK002338,S037,9.82863685,9.82863685
TSK002338,S038,4.39575253,4.39575253
TSK002338,S039,5.37872837,5.37872837
TSK002338,S040,7.3235806,7.3235806
TSK002338,S041,3.9654073,3.9654073
TSK002338,S042,10.51089691,10.51089691
TSK002338,S043,2.33887555,2.33887555
TSK002338,S044,4.90697035,4.90697035
TSK002338,S045,3.65977527,3.65977527
TSK002338,S046,5.86539517,5.86539517
TSK002338,S047,4.79102654,4.79102654
TSK002338,S048,22.17033714,22.17033714
TSK002338,S049,7.64953773,7.64953773
TSK002338,S050,7.37407549,7.37407549
TSK002338,S051,6.96464084,6.96464084
TSK002338,S052,6.078178,6.078178
TSK002338,S053,12.23760758,12.23760758
TSK002338,S054,6.96915778,6.96915778
TSK002338,S055,6.50646709,6.50646709
TSK002338,S056,2.33887555,2.33887555
TSK002338,S057,7.81797174,7.81797174
TSK002338,S058,7.44286337,7.44286337
TSK002338,S059,9.61591509,9.61591509
TSK002338,S060,8.6130308,8.6130308
TSK002338,S061,6.60655325,6.60655325
TSK002338,S062,6.40547763,6.40547763
TSK002338,S063,4.11358759,4.11358759
TSK002338,S064,11.65744837,11.65744837
TSK002338,S065,2.33887555,2.33887555
TSK002338,S066,12.50285541,12.50285541
TSK002338,S067,2.57269277,2.57269277
TSK002338,S068,5.79295319,5.79295319
TSK002338,S069,7.26388858,7.26388858
TSK002338,S070,2.57269277,2.57269277
TSK002338,S071,6.88541122,6.88541122
TSK002338,S072,2.33887555,2.33887555
TSK002338,S073,2.33887555,2.33887555
TSK002338,S074,9.31548142,9.31548142
TSK002338,S075,2.33887555,2.33887555
TSK002338,S076,3.69319071,3.69319071
TSK002338,S077,2.33887555,2.33887555
TSK002338,S078,5.79295319,5.79295319
TSK002338,S079,5.25921002,5.25921002
TSK002338,S080,7.37407549,7.37407549
TSK002338,S081,7.74647057,7.74647057
TSK002338,S082,2.33887555,2.33887555
TSK002338,S083,2.33887555,2.33887555
TSK002338,S084,2.33887555,2.33887555
TSK002338,S085,2.33887555,2.33887555
TSK002338,S086,5.69900046,5.69900046
TSK002338,S087,2.33887555,2.33887555
TSK002338,S088,7.64953773,7.64953773
TSK002338,S089,6.81901613,6.81901613
TSK002338,S090,7.64953773,7.64953773
TSK002338,S091,9.86470276,9.86470276
TSK002338,S092,9.77879429,9.77879429
TSK002338,S093,2.33887555,2.33887555
TSK002338,S094,2.33887555,2.33887555
TSK002338,S095,11.95358509,11.95358509
TSK002338,S096,7.6370771,7.6370771
TSK002338,S097,3.37792191,3.37792191
TSK002338,S098,2.33887555,2.33887555
TSK002338,S099,4.11358759,4.11358759
TSK002338,S100,2.33887555,2.33887555
TSK002346,S001,6.83325358,6.83325358
TSK002346,S002,1.54077615,1.54077615
TSK002346,S003,5.68611003,5.68611003
TSK002346,S004,5.38247278,5.38247278
TSK002346,S005,1.54077615,1.54077615
TSK002346,S006,1.54077615,1.54077615
TSK002346,S007,3.36879326,3.36879326
TSK002346,S008,8.74615086,8.74615086
TSK002346,S009,2.58128441,2.58128441
TSK002346,S010,3.69377403,3.69377403
TSK002346,S011,1.54077615,1.54077615
TSK002346,S012,4.97038283,4.97038283
TSK002346,S013,4.03121448,4.03121448
TSK002346,S014,1.54077615,1.54077615
TSK002346,S015,1.74441882,1.74441882
TSK002346,S016,3.94337547,3.94337547
TSK002346,S017,4.2586644,4.2586644
TSK002346,S018,2.86576072,2.86576072
TSK002346,S019,1.54077615,1.54077615
TSK002346,S020,1.54077615,1.54077615
TSK002346,S021,3.90439613,3.90439613
TSK002346,S022,10.52704807,10.52704807
TSK002346,S023,1.54077615,1.54077615
TSK002346,S024,1.54077615,1.54077615
TSK002346,S025,1.54077615,1.54077615
TSK002346,S026,4.12467253,4.12467253
TSK002346,S027,6.61621872,6.61621872
TSK002346,S028,1.54077615,1.54077615
TSK002346,S029,6.69159968,6.69159968
TSK002346,S030,6.47682988,6.47682988
TSK002346,S031,3.75344955,3.75344955
TSK002346,S032,16.43734209,16.43734209
TSK002346,S033,6.37275765,6.37275765
TSK002346,S034,4.80879857,4.80879857
TSK002346,S035,1.54077615,1.54077615
TSK002346,S036,5.54811213,5.54811213
TSK002346,S037,6.45615476,6.45615476
TSK002346,S038,2.90188917,2.90188917
TSK002346,S039,3.55130411,3.55130411
TSK002346,S040,4.79041535,4.79041535
TSK002346,S041,2.60545003,2.60545003
TSK002346,S042,6.88640185,6.88640185
TSK002346,S043,1.54077615,1.54077615
TSK002346,S044,3.22937701,3.22937701
TSK002346,S045,2.41279495,2.41279495
TSK002346,S046,3.86270411,3.86270411
TSK002346,S047,3.14293429,3.14293429
TSK002346,S048,14.46545285,14.46545285
TSK002346,S049,5.03668504,5.03668504
TSK002346,S050,4.81203732,4.81203732
TSK002346,S051,4.54973955,4.54973955
TSK002346,S052,3.96758142,3.96758142
TSK002346,S053,7.99253656,7.99253656
TSK002346,S054,4.57789727,4.57789727
TSK002346,S055,4.27630392,4.27630392
TSK002346,S056,1.54077615,1.54077615
TSK002346,S057,5.17060244,5.17060244
TSK002346,S058,4.87474294,4.87474294
TSK002346,S059,6.2771375,6.2771375
TSK002346,S060,5.61070066,5.61070066
TSK002346,S061,4.34253317,4.34253317
TSK002346,S062,4.19084857,4.19084857
TSK002346,S063,2.70752708,2.70752708
TSK002346,S064,7.68045625,7.68045625
TSK002346,S065,1.54077615,1.54077615
TSK002346,S066,8.22526004,8.22526004
TSK002346,S067,1.69539651,1.69539651
TSK002346,S068,3.81028339,3.81028339
TSK002346,S069,4.7564428,4.7564428
TSK002346,S070,1.69539651,1.69539651
TSK002346,S071,4.47043787,4.47043787
TSK002346,S072,1.54077615,1.54077615
TSK002346,S073,1.54077615,1.54077615
TSK002346,S074,6.11309528,6.11309528
TSK002346,S075,1.54077615,1.54077615
TSK002346,S076,2.41556002,2.41556002
TSK002346,S077,1.54077615,1.54077615
TSK002346,S078,3.81028339,3.81028339
TSK002346,S079,3.40753667,3.40753667
TSK002346,S080,4.81203732,4.81203732
TSK002346,S081,5.09770431,5.09770431
TSK002346,S082,1.54077615,1.54077615
TSK002346,S083,1.54077615,1.54077615
TSK002346,S084,1.54077615,1.54077615
TSK002346,S085,1.54077615,1.54077615
TSK002346,S086,3.72425159,3.72425159
TSK002346,S087,1.54077615,1.54077615
TSK002346,S088,5.03668504,5.03668504
TSK002346,S089,4.44502412,4.44502412
TSK002346,S090,5.03668504,5.03668504
TSK002346,S091,6.47682988,6.47682988
TSK002346,S092,6.49704442,6.49704442
TSK002346,S093,1.54077615,1.54077615
TSK002346,S094,1.54077615,1.54077615
TSK002346,S095,7.86459652,7.86459652
TSK002346,S096,5.03860481,5.03860481
TSK002346,S097,2.21770982,2.21770982
TSK002346,S098,1.54077615,1.54077615
TSK002346,S099,2.70752708,2.70752708
TSK002346,S100,1.54077615,1.54077615
TSK002348,S001,2.26175859,2.26175859
TSK002348,S002,0.5019019,0.5019019
TSK002348,S003,1.7824891,1.7824891
TSK002348,S004,1.72887628,1.72887628
TSK002348,S005,0.5019019,0.5019019
TSK002348,S006,0.5019019,0.5019019
TSK002348,S007,1.11587038,1.11587038
TSK002348,S008,2.64012693,2.64012693
TSK002348,S009,0.84784295,0.84784295
TSK002348,S010,1.24178682,1.24178682
TSK002348,S011,0.5019019,0.5019019
TSK002348,S012,1.68385674,1.68385674
TSK002348,S013,1.30620585,1.30620585
TSK002348,S014,0.5019019,0.5019019
TSK002348,S015,0.57208384,0.57208384
TSK002348,S016,1.22574661,1.22574661
TSK002348,S017,1.34157508,1.34157508
TSK002348,S018,0.91340883,0.91340883
TSK002348,S019,0.5019019,0.5019019
TSK002348,S020,0.5019019,0.5019019
TSK002348,S021,1.25575226,1.25575226
TSK002348,S022,3.32853042,3.32853042
TSK002348,S023,0.5019019,0.5019019
TSK002348,S024,0.5019019,0.5019019
TSK002348,S025,0.5019019,0.5019019
TSK002348,S026,1.30341015,1.30341015
TSK002348,S027,2.17557429,2.17557429
TSK002348,S028,0.5019019,0.5019019
TSK002348,S029,2.16528341,2.16528341
TSK002348,S030,2.07987973,2.07987973
TSK002348,S031,1.2024659,1.2024659
TSK002348,S032,5.38270275,5.38270275
TSK002348,S033,2.06889568,2.06889568
TSK002348,S034,1.55563026,1.55563026
TSK002348,S035,0.5019019,0.5019019
TSK002348,S036,1.83193067,1.83193067
TSK002348,S037,2.07739354,2.07739354
TSK002348,S038,0.95369472,0.95369472
TSK002348,S039,1.16780437,1.16780437
TSK002348,S040,1.51344691,1.51344691
TSK002348,S041,0.83930162,0.83930162
TSK002348,S042,2.19108812,2.19108812
TSK002348,S043,0.5019019,0.5019019
TSK002348,S044,1.04757946,1.04757946
TSK002348,S045,0.78851074,0.78851074
TSK002348,S046,1.25656646,1.25656646
TSK002348,S047,1.00555801,1.00555801
TSK002348,S048,4.51966826,4.51966826
TSK002348,S049,1.63711958,1.63711958
TSK002348,S050,1.5044507,1.5044507
TSK002348,S051,1.42923692,1.42923692
TSK002348,S052,1.24210183,1.24210183
TSK002348,S053,2.50819393,2.50819393
TSK002348,S054,1.47310193,1.47310193
TSK002348,S055,1.37928473,1.37928473
TSK002348,S056,0.5019019,0.5019019
TSK002348,S057,1.71237196,1.71237196
TSK002348,S058,1.54883506,1.54883506
TSK002348,S059,1.96551128,1.96551128
TSK002348,S060,1.74047445,1.74047445
TSK002348,S061,1.40126602,1.40126602
TSK002348,S062,1.3253731,1.3253731
TSK002348,S063,0.87869811,0.87869811
TSK002348,S064,2.50312361,2.50312361
TSK002348,S065,0.5019019,0.5019019
TSK002348,S066,2.6638895,2.6638895
TSK002348,S067,0.55308044,0.55308044
TSK002348,S068,1.23301794,1.23301794
TSK002348,S069,1.50975191,1.50975191
TSK002348,S070,0.55308044,0.55308044
TSK002348,S071,1.36605908,1.36605908
TSK002348,S072,0.5019019,0.5019019
TSK002348,S073,0.5019019,0.5019019
TSK002348,S074,1.95874226,1.95874226
TSK002348,S075,0.5019019,0.5019019
TSK002348,S076,0.76289406,0.76289406
TSK002348,S077,0.5019019,0.5019019
TSK002348,S078,1.23301794,1.23301794
TSK002348,S079,1.03137899,1.03137899
TSK002348,S080,1.5044507,1.5044507
TSK002348,S081,1.65308794,1.65308794
TSK002348,S082,0.5019019,0.5019019
TSK002348,S083,0.5019019,0.5019019
TSK002348,S084,0.5019019,0.5019019
TSK002348,S085,0.5019019,0.5019019
TSK002348,S086,1.17173807,1.17173807
TSK002348,S087,0.5019019,0.5019019
TSK002348,S088,1.63711958,1.63711958
TSK002348,S089,1.3830268,1.3830268
TSK002348,S090,1.63711958,1.63711958
TSK002348,S091,2.07987973,2.07987973
TSK002348,S092,2.19228128,2.19228128
TSK002348,S093,0.5019019,0.5019019
TSK002348,S094,0.5019019,0.5019019
TSK002348,S095,2.54802783,2.54802783
TSK002348,S096,1.65169861,1.65169861
TSK002348,S097,0.71199973,0.71199973
TSK002348,S098,0.5019019,0.5019019
TSK002348,S099,0.87869811,0.87869811
TSK002348,S100,0.5019019,0.5019019
TSK002370,S001,26.52549887,26.52549887
TSK002370,S002,11.19315708,11.19315708
TSK002370,S003,34.52112124,34.52112124
TSK002370,S004,50.64348152,50.64348152
TSK002370,S005,11.19315708,11.19315708
TSK002370,S006,11.19315708,11.19315708
TSK002370,S007,40.65889783,40.65889783
TSK002370,S008,80.17045193,80.17045193
TSK002370,S009,25.57650138,25.57650138
TSK002370,S010,47.42873337,47.42873337
TSK002370,S011,11.19315708,11.19315708
TSK002370,S012,81.92792018,81.92792018
TSK002370,S013,42.11469807,42.11469807
TSK002370,S014,11.19315708,11.19315708
TSK002370,S015,15.39323522,15.39323522
TSK002370,S016,23.33682901,23.33682901
TSK002370,S017,31.26486283,31.26486283
TSK002370,S018,24.41392197,24.41392197
TSK002370,S019,11.19315708,11.19315708
TSK002370,S020,11.19315708,11.19315708
TSK002370,S021,40.96176939,40.96176939
TSK002370,S022,140.78534094,140.78534094
TSK002370,S023,11.19315708,11.19315708
TSK002370,S024,11.19315708,11.19315708
TSK002370,S025,11.19315708,11.19315708
TSK002370,S026,44.48698476,44.48698476
TSK002370,S027,88.50461884,88.50461884
TSK002370,S028,11.19315708,11.19315708
TSK002370,S029,76.01875664,76.01875664
TSK002370,S030,70.34820886,70.34820886
TSK002370,S031,26.70969543,26.70969543
TSK002370,S032,96.98342366,96.98342366
TSK002370,S033,55.78949662,55.78949662
TSK002370,S034,41.72528367,41.72528367
TSK002370,S035,11.19315708,11.19315708
TSK002370,S036,74.63517472,74.63517472
TSK002370,S037,69.09594812,69.09594812
TSK002370,S038,33.6596279,33.6596279
TSK002370,S039,42.24432264,42.24432264
TSK002370,S040,42.20246902,42.20246902
TSK002370,S041,18.02763471,18.02763471
TSK002370,S042,71.01021937,71.01021937
TSK002370,S043,11.19315708,11.19315708
TSK002370,S044,22.38893257,22.38893257
TSK002370,S045,13.82105682,13.82105682
TSK002370,S046,40.0919938,40.0919938
TSK002370,S047,20.34315454,20.34315454
TSK002370,S048,148.87736396,148.87736396
TSK002370,S049,25.02795881,25.02795881
TSK002370,S050,39.96408418,39.96408418
TSK002370,S051,42.37895542,42.37895542
TSK002370,S052,26.80186424,26.80186424
TSK002370,S053,77.80147759,77.80147759
TSK002370,S054,26.83908187,26.83908187
TSK002370,S055,37.7454546,37.7454546
TSK002370,S056,11.19315708,11.19315708
TSK002370,S057,29.91267498,29.91267498
TSK002370,S058,36.09646373,36.09646373
TSK002370,S059,53.51826557,53.51826557
TSK002370,S060,43.68817261,43.68817261
TSK002370,S061,42.64290213,42.64290213
TSK002370,S062,33.99303955,33.99303955
TSK002370,S063,29.10787333,29.10787333
TSK002370,S064,100.4948356,100.4948356
TSK002370,S065,11.19315708,11.19315708
TSK002370,S066,71.64635724,71.64635724
TSK002370,S067,11.63329774,11.63329774
TSK002370,S068,19.09750512,19.09750512
TSK002370,S069,41.34769763,41.34769763
TSK002370,S070,11.63329774,11.63329774
TSK002370,S071,28.2312457,28.2312457
TSK002370,S072,11.19315708,11.19315708
TSK002370,S073,11.19315708,11.19315708
TSK002370,S074,37.99043839,37.99043839
TSK002370,S075,11.19315708,11.19315708
TSK002370,S076,15.95861343,15.95861343
TSK002370,S077,11.19315708,11.19315708
TSK002370,S078,19.09750512,19.09750512
TSK002370,S079,27.41537631,27.41537631
TSK002370,S080,39.96408418,39.96408418
TSK002370,S081,57.17492974,57.17492974
TSK002370,S082,11.19315708,11.19315708
TSK002370,S083,11.19315708,11.19315708
TSK002370,S084,11.19315708,11.19315708
TSK002370,S085,11.19315708,11.19315708
TSK002370,S086,26.49205811,26.49205811
TSK002370,S087,11.19315708,11.19315708
TSK002370,S088,25.02795881,25.02795881
TSK002370,S089,32.69625153,32.69625153
TSK002370,S090,25.02795881,25.02795881
TSK002370,S091,70.34820886,70.34820886
TSK002370,S092,50.82822263,50.82822263
TSK002370,S093,11.19315708,11.19315708
TSK002370,S094,11.19315708,11.19315708
TSK002370,S095,94.55874224,94.55874224
TSK002370,S096,49.96314202,49.96314202
TSK002370,S097,20.65632031,20.65632031
TSK002370,S098,11.19315708,11.19315708
TSK002370,S099,29.10787333,29.10787333
TSK002370,S100,11.19315708,11.19315708
TSK002374,S001,18.48473749,18.48473749
TSK002374,S002,6.33211653,6.33211653
TSK002374,S003,20.56739837,20.56739837
TSK002374,S004,26.91400764,26.91400764
TSK002374,S005,6.33211653,6.33211653
TSK002374,S006,6.33211653,6.33211653
TSK002374,S007,20.55604587,20.55604587
TSK002374,S008,42.88896809,42.88896809
TSK002374,S009,13.43815332,13.43815332
TSK002374,S010,23.71658077,23.71658077
TSK002374,S011,6.33211653,6.33211653
TSK002374,S012,39.4229798,39.4229798
TSK002374,S013,21.89124973,21.89124973
TSK002374,S014,6.33211653,6.33211653
TSK002374,S015,8.29698084,8.29698084
TSK002374,S016,14.01535195,14.01535195
TSK002374,S017,17.64725221,17.64725221
TSK002374,S018,13.27326313,13.27326313
TSK002374,S019,6.33211653,6.33211653
TSK002374,S020,6.33211653,6.33211653
TSK002374,S021,21.27589705,21.27589705
TSK002374,S022,69.96552498,69.96552498
TSK002374,S023,6.33211653,6.33211653
TSK002374,S024,6.33211653,6.33211653
TSK002374,S025,6.33211653,6.33211653
TSK002374,S026,22.98491427,22.98491427
TSK002374,S027,43.96432254,43.96432254
TSK002374,S028,6.33211653,6.33211653
TSK002374,S029,38.87411866,38.87411866
TSK002374,S030,36.28944405,36.28944405
TSK002374,S031,15.19842265,15.19842265
TSK002374,S032,58.24156544,58.24156544
TSK002374,S033,30.13038776,30.13038776
TSK002374,S034,22.58252253,22.58252253
TSK002374,S035,6.33211653,6.33211653
TSK002374,S036,37.03886444,37.03886444
TSK002374,S037,35.74634794,35.74634794
TSK002374,S038,17.14270274,17.14270274
TSK002374,S039,21.41538528,21.41538528
TSK002374,S040,22.76801982,22.76801982
TSK002374,S041,10.33620696,10.33620696
TSK002374,S042,37.01757999,37.01757999
TSK002374,S043,6.33211653,6.33211653
TSK002374,S044,12.82822088,12.82822088
TSK002374,S045,8.37733738,8.37733738
TSK002374,S046,20.86631069,20.86631069
TSK002374,S047,11.88767953,11.88767953
TSK002374,S048,77.65759672,77.65759672
TSK002374,S049,15.90324106,15.90324106
TSK002374,S050,21.86643861,21.86643861
TSK002374,S051,22.57875804,22.57875804
TSK002374,S052,15.47766747,15.47766747
TSK002374,S053,41.05632549,41.05632549
TSK002374,S054,16.15502783,16.15502783
TSK002374,S055,20.34850307,20.34850307
TSK002374,S056,6.33211653,6.33211653
TSK002374,S057,18.06986828,18.06986828
TSK002374,S058,20.32546161,20.32546161
TSK002374,S059,29.09861355,29.09861355
TSK002374,S060,24.29172421,24.29172421
TSK002374,S061,22.45285584,22.45285584
TSK002374,S062,18.70357371,18.70357371
TSK002374,S063,15.04376213,15.04376213
TSK002374,S064,50.10902165,50.10902165
TSK002374,S065,6.33211653,6.33211653
TSK002374,S066,38.74075242,38.74075242
TSK002374,S067,6.68397251,6.68397251
TSK002374,S068,12.09997531,12.09997531
TSK002374,S069,22.37460403,22.37460403
TSK002374,S070,6.68397251,6.68397251
TSK002374,S071,16.63012134,16.63012134
TSK002374,S072,6.33211653,6.33211653
TSK002374,S073,6.33211653,6.33211653
TSK002374,S074,22.46674835,22.46674835
TSK002374,S075,6.33211653,6.33211653
TSK002374,S076,9.27281885,9.27281885
TSK002374,S077,6.33211653,6.33211653
TSK002374,S078,12.09997531,12.09997531
TSK002374,S079,15.1245411,15.1245411
TSK002374,S080,21.86643861,21.86643861
TSK002374,S081,29.30817723,29.30817723
TSK002374,S082,6.33211653,6.33211653
TSK002374,S083,6.33211653,6.33211653
TSK002374,S084,6.33211653,6.33211653
TSK002374,S085,6.33211653,6.33211653
TSK002374,S086,15.08062806,15.08062806
TSK002374,S087,6.33211653,6.33211653
TSK002374,S088,15.90324106,15.90324106
TSK002374,S089,18.44938679,18.44938679
TSK002374,S090,15.90324106,15.90324106
TSK002374,S091,36.28944405,36.28944405
TSK002374,S092,28.19066761,28.19066761
TSK002374,S093,6.33211653,6.33211653
TSK002374,S094,6.33211653,6.33211653
TSK002374,S095,47.85119333,47.85119333
TSK002374,S096,26.24758674,26.24758674
TSK002374,S097,11.00216149,11.00216149
TSK002374,S098,6.33211653,6.33211653
TSK002374,S099,15.04376213,15.04376213
TSK002374,S100,6.33211653,6.33211653
TSK002381,S001,13.1677241,13.1677241
TSK002381,S002,3.077948,3.077948
TSK002381,S003,11.36285265,11.36285265
TSK002381,S004,11.00529448,11.00529448
TSK002381,S005,3.077948,3.077948
TSK002381,S006,3.077948,3.077948
TSK002381,S007,6.98863253,6.98863253
TSK002381,S008,18.15155726,18.15155726
TSK002381,S009,5.26715384,5.26715384
TSK002381,S010,7.68111117,7.68111117
TSK002381,S011,3.077948,3.077948
TSK002381,S012,10.63960756,10.63960756
TSK002381,S013,8.2974521,8.2974521
TSK002381,S014,3.077948,3.077948
TSK002381,S015,3.52694309,3.52694309
TSK002381,S016,7.88826661,7.88826661
TSK002381,S017,8.59616586,8.59616586
TSK002381,S018,5.82627182,5.82627182
TSK002381,S019,3.077948,3.077948
TSK002381,S020,3.077948,3.077948
TSK002381,S021,8.0565199,8.0565199
TSK002381,S022,22.37425351,22.37425351
TSK002381,S023,3.077948,3.077948
TSK002381,S024,3.077948,3.077948
TSK002381,S025,3.077948,3.077948
TSK002381,S026,8.57507764,8.57507764
TSK002381,S027,13.91080708,13.91080708
TSK002381,S028,3.077948,3.077948
TSK002381,S029,13.88910304,13.88910304
TSK002381,S030,13.41381512,13.41381512
TSK002381,S031,7.52471254,7.52471254
TSK002381,S032,32.37956886,32.37956886
TSK002381,S033,12.91488845,12.91488845
TSK002381,S034,9.74870652,9.74870652
TSK002381,S035,3.077948,3.077948
TSK002381,S036,11.6588932,11.6588932
TSK002381,S037,13.34488645,13.34488645
TSK002381,S038,6.00902696,6.00902696
TSK002381,S039,7.37156279,7.37156279
TSK002381,S040,9.78871135,9.78871135
TSK002381,S041,5.20562662,5.20562662
TSK002381,S042,14.23050126,14.23050126
TSK002381,S043,3.077948,3.077948
TSK002381,S044,6.43978545,6.43978545
TSK002381,S045,4.74832362,4.74832362
TSK002381,S046,7.93686247,7.93686247
TSK002381,S047,6.26664105,6.26664105
TSK002381,S048,30.03762247,30.03762247
TSK002381,S049,9.85911647,9.85911647
TSK002381,S050,9.81772603,9.81772603
TSK002381,S051,9.35325451,9.35325451
TSK002381,S052,7.98068909,7.98068909
TSK002381,S053,16.49612434,16.49612434
TSK002381,S054,9.06201619,9.06201619
TSK002381,S055,8.68818922,8.68818922
TSK002381,S056,3.077948,3.077948
TSK002381,S057,10.13992561,10.13992561
TSK002381,S058,9.82138286,9.82138286
TSK002381,S059,12.82648485,12.82648485
TSK002381,S060,11.41944228,11.41944228
TSK002381,S061,8.89956224,8.89956224
TSK002381,S062,8.50820995,8.50820995
TSK002381,S063,5.58522269,5.58522269
TSK002381,S064,16.14846224,16.14846224
TSK002381,S065,3.077948,3.077948
TSK002381,S066,16.67425446,16.67425446
TSK002381,S067,3.37300925,3.37300925
TSK002381,S068,7.47137425,7.47137425
TSK002381,S069,9.69648019,9.69648019
TSK002381,S070,3.37300925,3.37300925
TSK002381,S071,9.01735895,9.01735895
TSK002381,S072,3.077948,3.077948
TSK002381,S073,3.077948,3.077948
TSK002381,S074,12.15501363,12.15501363
TSK002381,S075,3.077948,3.077948
TSK002381,S076,4.84023999,4.84023999
TSK002381,S077,3.077948,3.077948
TSK002381,S078,7.47137425,7.47137425
TSK002381,S079,6.99786532,6.99786532
TSK002381,S080,9.81772603,9.81772603
TSK002381,S081,10.5610342,10.5610342
TSK002381,S082,3.077948,3.077948
TSK002381,S083,3.077948,3.077948
TSK002381,S084,3.077948,3.077948
TSK002381,S085,3.077948,3.077948
TSK002381,S086,7.50479188,7.50479188
TSK002381,S087,3.077948,3.077948
TSK002381,S088,9.85911647,9.85911647
TSK002381,S089,9.00479598,9.00479598
TSK002381,S090,9.85911647,9.85911647
TSK002381,S091,13.41381512,13.41381512
TSK002381,S092,12.9067408,12.9067408
TSK002381,S093,3.077948,3.077948
TSK002381,S094,3.077948,3.077948
TSK002381,S095,16.41223148,16.41223148
TSK002381,S096,10.28798695,10.28798695
TSK002381,S097,4.53126973,4.53126973
TSK002381,S098,3.077948,3.077948
TSK002381,S099,5.58522269,5.58522269
TSK002381,S100,3.077948,3.077948
TSK002419,S001,28.53831477,28.53831477
TSK002419,S002,8.55628366,8.55628366
TSK002419,S003,29.24836053,29.24836053
TSK002419,S004,31.74044801,31.74044801
TSK002419,S005,8.55628366,8.55628366
TSK002419,S006,8.55628366,8.55628366
TSK002419,S007,23.90477726,23.90477726
TSK002419,S008,55.91199391,55.91199391
TSK002419,S009,17.71598165,17.71598165
TSK002419,S010,25.92793604,25.92793604
TSK002419,S011,8.55628366,8.55628366
TSK002419,S012,49.18630511,49.18630511
TSK002419,S013,28.41625095,28.41625095
TSK002419,S014,8.55628366,8.55628366
TSK002419,S015,10.40521822,10.40521822
TSK002419,S016,19.66871743,19.66871743
TSK002419,S017,23.49864378,23.49864378
TSK002419,S018,17.3171787,17.3171787
TSK002419,S019,8.55628366,8.55628366
TSK002419,S020,8.55628366,8.55628366
TSK002419,S021,26.03230896,26.03230896
TSK002419,S022,86.47699623,86.47699623
TSK002419,S023,8.55628366,8.55628366
TSK002419,S024,8.55628366,8.55628366
TSK002419,S025,8.55628366,8.55628366
TSK002419,S026,27.05670855,27.05670855
TSK002419,S027,54.38552651,54.38552651
TSK002419,S028,8.55628366,8.55628366
TSK002419,S029,47.82491487,47.82491487
TSK002419,S030,42.6848637,42.6848637
TSK002419,S031,20.16244903,20.16244903
TSK002419,S032,81.06632617,81.06632617
TSK002419,S033,38.7285607,38.7285607
TSK002419,S034,28.25720646,28.25720646
TSK002419,S035,8.55628366,8.55628366
TSK002419,S036,41.92022769,41.92022769
TSK002419,S037,44.64195743,44.64195743
TSK002419,S038,19.34894603,19.34894603
TSK002419,S039,23.7850013,23.7850013
TSK002419,S040,28.57653503,28.57653503
TSK002419,S041,13.60840659,13.60840659
TSK002419,S042,47.38173821,47.38173821
TSK002419,S043,8.55628366,8.55628366
TSK002419,S044,16.45237796,16.45237796
TSK002419,S045,11.42097078,11.42097078
TSK002419,S046,24.19372397,24.19372397
TSK002419,S047,15.85519152,15.85519152
TSK002419,S048,99.8061242,99.8061242
TSK002419,S049,22.29024157,22.29024157
TSK002419,S050,28.84285988,28.84285988
TSK002419,S051,29.48354177,29.48354177
TSK002419,S052,21.37528381,21.37528381
TSK002419,S053,49.49010087,49.49010087
TSK002419,S054,21.42214932,21.42214932
TSK002419,S055,26.34041679,26.34041679
TSK002419,S056,8.55628366,8.55628366
TSK002419,S057,24.20739069,24.20739069
TSK002419,S058,27.242692,27.242692
TSK002419,S059,37.32016578,37.32016578
TSK002419,S060,31.26695159,31.26695159
TSK002419,S061,27.563291,27.563291
TSK002419,S062,24.79505245,24.79505245
TSK002419,S063,18.21030141,18.21030141
TSK002419,S064,60.19613421,60.19613421
TSK002419,S065,8.55628366,8.55628366
TSK002419,S066,51.24703538,51.24703538
TSK002419,S067,9.04699211,9.04699211
TSK002419,S068,16.72290258,16.72290258
TSK002419,S069,29.92932164,29.92932164
TSK002419,S070,9.04699211,9.04699211
TSK002419,S071,23.30895285,23.30895285
TSK002419,S072,8.55628366,8.55628366
TSK002419,S073,8.55628366,8.55628366
TSK002419,S074,30.58470156,30.58470156
TSK002419,S075,8.55628366,8.55628366
TSK002419,S076,12.78109985,12.78109985
TSK002419,S077,8.55628366,8.55628366
TSK002419,S078,16.72290258,16.72290258
TSK002419,S079,20.31678454,20.31678454
TSK002419,S080,28.84285988,28.84285988
TSK002419,S081,34.24772504,34.24772504
TSK002419,S082,8.55628366,8.55628366
TSK002419,S083,8.55628366,8.55628366
TSK002419,S084,8.55628366,8.55628366
TSK002419,S085,8.55628366,8.55628366
TSK002419,S086,19.87150415,19.87150415
TSK002419,S087,8.55628366,8.55628366
TSK002419,S088,22.29024157,22.29024157
TSK002419,S089,25.50045537,25.50045537
TSK002419,S090,22.29024157,22.29024157
TSK002419,S091,42.6848637,42.6848637
TSK002419,S092,34.10118203,34.10118203
TSK002419,S093,8.55628366,8.55628366
TSK002419,S094,8.55628366,8.55628366
TSK002419,S095,58.88803025,58.88803025
TSK002419,S096,31.18142179,31.18142179
TSK002419,S097,13.65944709,13.65944709
TSK002419,S098,8.55628366,8.55628366
TSK002419,S099,18.21030141,18.21030141
TSK002419,S100,8.55628366,8.55628366
TSK002436,S001,20.97195302,20.97195302
TSK002436,S002,8.02311347,8.02311347
TSK002436,S003,24.77784925,24.77784925
TSK002436,S004,35.27841309,35.27841309
TSK002436,S005,8.02311347,8.02311347
TSK002436,S006,8.02311347,8.02311347
TSK002436,S007,28.06637182,28.06637182
TSK002436,S008,54.82035795,54.82035795
TSK002436,S009,17.87324545,17.87324545
TSK002436,S010,32.72673163,32.72673163
TSK002436,S011,8.02311347,8.02311347
TSK002436,S012,55.75859395,55.75859395
TSK002436,S013,29.18749776,29.18749776
TSK002436,S014,8.02311347,8.02311347
TSK002436,S015,10.85754366,10.85754366
TSK002436,S016,16.72531146,16.72531146
TSK002436,S017,22.07783658,22.07783658
TSK002436,S018,17.09692944,17.09692944
TSK002436,S019,8.02311347,8.02311347
TSK002436,S020,8.02311347,8.02311347
TSK002436,S021,28.31661288,28.31661288
TSK002436,S022,95.45762919,95.45762919
TSK002436,S023,8.02311347,8.02311347
TSK002436,S024,8.02311347,8.02311347
TSK002436,S025,8.02311347,8.02311347
TSK002436,S026,30.53789098,30.53789098
TSK002436,S027,60.57266459,60.57266459
TSK002436,S028,8.02311347,8.02311347
TSK002436,S029,52.35593178,52.35593178
TSK002436,S030,48.49246096,48.49246096
TSK002436,S031,19.05027187,19.05027187
TSK002436,S032,71.37326957,71.37326957
TSK002436,S033,39.23677988,39.23677988
TSK002436,S034,29.33075365,29.33075365
TSK002436,S035,8.02311347,8.02311347
TSK002436,S036,51.11398146,51.11398146
TSK002436,S037,47.70537755,47.70537755
TSK002436,S038,23.24929477,23.24929477
TSK002436,S039,29.1327823,29.1327823
TSK002436,S040,29.38323251,29.38323251
TSK002436,S041,12.92531526,12.92531526
TSK002436,S042,48.98897719,48.98897719
TSK002436,S043,8.02311347,8.02311347
TSK002436,S044,16.09813839,16.09813839
TSK002436,S045,10.19931642,10.19931642
TSK002436,S046,27.8323964,27.8323964
TSK002436,S047,14.64352857,14.64352857
TSK002436,S048,102.16272228,102.16272228
TSK002436,S049,18.77444938,18.77444938
TSK002436,S050,27.848497,27.848497
TSK002436,S051,29.32755807,29.32755807
TSK002436,S052,19.02184425,19.02184425
TSK002436,S053,53.65774438,53.65774438
TSK002436,S054,19.5922662,19.5922662
TSK002436,S055,26.46686016,26.46686016
TSK002436,S056,8.02311347,8.02311347
TSK002436,S057,22.19859058,22.19859058
TSK002436,S058,25.55898136,25.55898136
TSK002436,S059,37.23853137,37.23853137
TSK002436,S060,30.50936289,30.50936289
TSK002436,S061,29.65201154,29.65201154
TSK002436,S062,23.83385918,23.83385918
TSK002436,S063,20.14103659,20.14103659
TSK002436,S064,68.72175377,68.72175377
TSK002436,S065,8.02311347,8.02311347
TSK002436,S066,50.36755832,50.36755832
TSK002436,S067,8.39481522,8.39481522
TSK002436,S068,14.27123994,14.27123994
TSK002436,S069,28.86543406,28.86543406
TSK002436,S070,8.39481522,8.39481522
TSK002436,S071,19.94273971,19.94273971
TSK002436,S072,8.02311347,8.02311347
TSK002436,S073,8.02311347,8.02311347
TSK002436,S074,27.48805907,27.48805907
TSK002436,S075,8.02311347,8.02311347
TSK002436,S076,11.39530724,11.39530724
TSK002436,S077,8.02311347,8.02311347
TSK002436,S078,14.27123994,14.27123994
TSK002436,S079,18.92297252,18.92297252
TSK002436,S080,27.848497,27.848497
TSK002436,S081,39.43580559,39.43580559
TSK002436,S082,8.02311347,8.02311347
TSK002436,S083,8.02311347,8.02311347
TSK002436,S084,8.02311347,8.02311347
TSK002436,S085,8.02311347,8.02311347
TSK002436,S086,18.75153894,18.75153894
TSK002436,S087,8.02311347,8.02311347
TSK002436,S088,18.77444938,18.77444938
TSK002436,S089,22.96817394,22.96817394
TSK002436,S090,18.77444938,18.77444938
TSK002436,S091,48.49246096,48.49246096
TSK002436,S092,36.6754701,36.6754701
TSK002436,S093,8.02311347,8.02311347
TSK002436,S094,8.02311347,8.02311347
TSK002436,S095,64.90537209,64.90537209
TSK002436,S096,34.89077043,34.89077043
TSK002436,S097,14.39833055,14.39833055
TSK002436,S098,8.02311347,8.02311347
TSK002436,S099,20.14103659,20.14103659
TSK002436,S100,8.02311347,8.02311347
TSK002458,S001,8.70388493,8.70388493
TSK002458,S002,1.9640918,1.9640918
TSK002458,S003,7.2614506,7.2614506
TSK002458,S004,6.86586461,6.86586461
TSK002458,S005,1.9640918,1.9640918
TSK002458,S006,1.9640918,1.9640918
TSK002458,S007,4.29085926,4.29085926
TSK002458,S008,11.18840907,11.18840907
TSK002458,S009,3.28915355,3.28915355
TSK002458,S010,4.70135046,4.70135046
TSK002458,S011,1.9640918,1.9640918
TSK002458,S012,6.3237613,6.3237613
TSK002458,S013,5.14006541,5.14006541
TSK002458,S014,1.9640918,1.9640918
TSK002458,S015,2.2229596,2.2229596
TSK002458,S016,5.0378533,5.0378533
TSK002458,S017,5.43729464,5.43729464
TSK002458,S018,3.65688916,3.65688916
TSK002458,S019,1.9640918,1.9640918
TSK002458,S020,1.9640918,1.9640918
TSK002458,S021,4.98012592,4.98012592
TSK002458,S022,13.43820907,13.43820907
TSK002458,S023,1.9640918,1.9640918
TSK002458,S024,1.9640918,1.9640918
TSK002458,S025,1.9640918,1.9640918
TSK002458,S026,5.26545755,5.26545755
TSK002458,S027,8.43013674,8.43013674
TSK002458,S028,1.9640918,1.9640918
TSK002458,S029,8.5327877,8.5327877
TSK002458,S030,8.26191883,8.26191883
TSK002458,S031,4.78848284,4.78848284
TSK002458,S032,20.94803962,20.94803962
TSK002458,S033,8.1249395,8.1249395
TSK002458,S034,6.132013,6.132013
TSK002458,S035,1.9640918,1.9640918
TSK002458,S036,7.06776939,7.06776939
TSK002458,S037,8.23476358,8.23476358
TSK002458,S038,3.69757529,3.69757529
TSK002458,S039,4.52492877,4.52492877
TSK002458,S040,6.11539283,6.11539283
TSK002458,S041,3.32304824,3.32304824
TSK002458,S042,8.788198,8.788198
TSK002458,S043,1.9640918,1.9640918
TSK002458,S044,4.11744603,4.11744603
TSK002458,S045,3.0752102,3.0752102
TSK002458,S046,4.92426947,4.92426947
TSK002458,S047,4.00986357,4.00986357
TSK002458,S048,18.47593627,18.47593627
TSK002458,S049,6.42114346,6.42114346
TSK002458,S050,6.14597467,6.14597467
TSK002458,S051,5.80968718,5.80968718
TSK002458,S052,5.06711512,5.06711512
TSK002458,S053,10.20636902,10.20636902
TSK002458,S054,5.83905015,5.83905015
TSK002458,S055,5.45376337,5.45376337
TSK002458,S056,1.9640918,1.9640918
TSK002458,S057,6.58589939,6.58589939
TSK002458,S058,6.22139803,6.22139803
TSK002458,S059,8.01664692,8.01664692
TSK002458,S060,7.16860813,7.16860813
TSK002458,S061,5.53811187,5.53811187
TSK002458,S062,5.34973841,5.34973841
TSK002458,S063,3.45201328,3.45201328
TSK002458,S064,9.7903645,9.7903645
TSK002458,S065,1.9640918,1.9640918
TSK002458,S066,10.48799279,10.48799279
TSK002458,S067,2.16104006,2.16104006
TSK002458,S068,4.85866506,4.85866506
TSK002458,S069,6.07069893,6.07069893
TSK002458,S070,2.16104006,2.16104006
TSK002458,S071,5.71562828,5.71562828
TSK002458,S072,1.9640918,1.9640918
TSK002458,S073,1.9640918,1.9640918
TSK002458,S074,7.79875041,7.79875041
TSK002458,S075,1.9640918,1.9640918
TSK002458,S076,3.08372682,3.08372682
TSK002458,S077,1.9640918,1.9640918
TSK002458,S078,4.85866506,4.85866506
TSK002458,S079,4.3585283,4.3585283
TSK002458,S080,6.14597467,6.14597467
TSK002458,S081,6.49966303,6.49966303
TSK002458,S082,1.9640918,1.9640918
TSK002458,S083,1.9640918,1.9640918
TSK002458,S084,1.9640918,1.9640918
TSK002458,S085,1.9640918,1.9640918
TSK002458,S086,4.755257,4.755257
TSK002458,S087,1.9640918,1.9640918
TSK002458,S088,6.42114346,6.42114346
TSK002458,S089,5.67847976,5.67847976
TSK002458,S090,6.42114346,6.42114346
TSK002458,S091,8.26191883,8.26191883
TSK002458,S092,8.26776729,8.26776729
TSK002458,S093,1.9640918,1.9640918
TSK002458,S094,1.9640918,1.9640918
TSK002458,S095,10.02793437,10.02793437
TSK002458,S096,6.42096391,6.42096391
TSK002458,S097,2.82896726,2.82896726
TSK002458,S098,1.9640918,1.9640918
TSK002458,S099,3.45201328,3.45201328
TSK002458,S100,1.9640918,1.9640918
TSK002477,S001,20.0851498,20.0851498
TSK002477,S002,6.81531756,6.81531756
TSK002477,S003,23.61820942,23.61820942
TSK002477,S004,28.98920003,28.98920003
TSK002477,S005,6.81531756,6.81531756
TSK002477,S006,6.81531756,6.81531756
TSK002477,S007,21.21729143,21.21729143
TSK002477,S008,49.27723226,49.27723226
TSK002477,S009,14.09524857,14.09524857
TSK002477,S010,24.10513771,24.10513771
TSK002477,S011,6.81531756,6.81531756
TSK002477,S012,39.64233448,39.64233448
TSK002477,S013,23.22635277,23.22635277
TSK002477,S014,6.81531756,6.81531756
TSK002477,S015,8.76451525,8.76451525
TSK002477,S016,16.31897394,16.31897394
TSK002477,S017,19.79331872,19.79331872
TSK002477,S018,14.51459686,14.51459686
TSK002477,S019,6.81531756,6.81531756
TSK002477,S020,6.81531756,6.81531756
TSK002477,S021,22.73471512,22.73471512
TSK002477,S022,74.79180335,74.79180335
TSK002477,S023,6.81531756,6.81531756
TSK002477,S024,6.81531756,6.81531756
TSK002477,S025,6.81531756,6.81531756
TSK002477,S026,24.9332813,24.9332813
TSK002477,S027,45.51132018,45.51132018
TSK002477,S028,6.81531756,6.81531756
TSK002477,S029,41.11766847,41.11766847
TSK002477,S030,38.75703358,38.75703358
TSK002477,S031,16.73702663,16.73702663
TSK002477,S032,62.98531386,62.98531386
TSK002477,S033,32.21454541,32.21454541
TSK002477,S034,24.25505478,24.25505478
TSK002477,S035,6.81531756,6.81531756
TSK002477,S036,38.19972409,38.19972409
TSK002477,S037,38.13644435,38.13644435
TSK002477,S038,17.85157218,17.85157218
TSK002477,S039,22.26645582,22.26645582
TSK002477,S040,25.07572689,25.07572689
TSK002477,S041,11.32433859,11.32433859
TSK002477,S042,40.0178985,40.0178985
TSK002477,S043,6.81531756,6.81531756
TSK002477,S044,13.92319784,13.92319784
TSK002477,S045,9.10384542,9.10384542
TSK002477,S046,22.05847313,22.05847313
TSK002477,S047,13.20780732,13.20780732
TSK002477,S048,85.4347705,85.4347705
TSK002477,S049,17.59351298,17.59351298
TSK002477,S050,24.47588654,24.47588654
TSK002477,S051,24.90639167,24.90639167
TSK002477,S052,17.62481514,17.62481514
TSK002477,S053,45.17684958,45.17684958
TSK002477,S054,17.93932411,17.93932411
TSK002477,S055,21.90582787,21.90582787
TSK002477,S056,6.81531756,6.81531756
TSK002477,S057,19.22381699,19.22381699
TSK002477,S058,22.54639535,22.54639535
TSK002477,S059,32.44340699,32.44340699
TSK002477,S060,27.58926165,27.58926165
TSK002477,S061,24.00559722,24.00559722
TSK002477,S062,20.71047832,20.71047832
TSK002477,S063,15.91226061,15.91226061
TSK002477,S064,52.31224085,52.31224085
TSK002477,S065,6.81531756,6.81531756
TSK002477,S066,41.54627914,41.54627914
TSK002477,S067,7.20403824,7.20403824
TSK002477,S068,13.47530203,13.47530203
TSK002477,S069,24.5431075,24.5431075
TSK002477,S070,7.20403824,7.20403824
TSK002477,S071,19.65244159,19.65244159
TSK002477,S072,6.81531756,6.81531756
TSK002477,S073,6.81531756,6.81531756
TSK002477,S074,24.98928338,24.98928338
TSK002477,S075,6.81531756,6.81531756
TSK002477,S076,10.46291309,10.46291309
TSK002477,S077,6.81531756,6.81531756
TSK002477,S078,13.47530203,13.47530203
TSK002477,S079,17.57977487,17.57977487
TSK002477,S080,24.47588654,24.47588654
TSK002477,S081,30.95704646,30.95704646
TSK002477,S082,6.81531756,6.81531756
TSK002477,S083,6.81531756,6.81531756
TSK002477,S084,6.81531756,6.81531756
TSK002477,S085,6.81531756,6.81531756
TSK002477,S086,16.98727,16.98727
TSK002477,S087,6.81531756,6.81531756
TSK002477,S088,17.59351298,17.59351298
TSK002477,S089,20.9958645,20.9958645
TSK002477,S090,17.59351298,17.59351298
TSK002477,S091,38.75703358,38.75703358
TSK002477,S092,28.8641342,28.8641342
TSK002477,S093,6.81531756,6.81531756
TSK002477,S094,6.81531756,6.81531756
TSK002477,S095,50.41004818,50.41004818
TSK002477,S096,27.58820037,27.58820037
TSK002477,S097,11.86408586,11.86408586
TSK002477,S098,6.81531756,6.81531756
TSK002477,S099,15.91226061,15.91226061
TSK002477,S100,6.81531756,6.81531756
TSK002483,S001,5.89014936,5.89014936
TSK002483,S002,1.29655018,1.29655018
TSK002483,S003,4.5124432,4.5124432
TSK002483,S004,4.43384022,4.43384022
TSK002483,S005,1.29655018,1.29655018
TSK002483,S006,1.29655018,1.29655018
TSK002483,S007,2.90705978,2.90705978
TSK002483,S008,6.5439505,6.5439505
TSK002483,S009,2.19946598,2.19946598
TSK002483,S010,3.25885497,3.25885497
TSK002483,S011,1.29655018,1.29655018
TSK002483,S012,4.43551222,4.43551222
TSK002483,S013,3.36510223,3.36510223
TSK002483,S014,1.29655018,1.29655018
TSK002483,S015,1.48293499,1.48293499
TSK002483,S016,3.08869916,3.08869916
TSK002483,S017,3.40526983,3.40526983
TSK002483,S018,2.33300539,2.33300539
TSK002483,S019,1.29655018,1.29655018
TSK002483,S020,1.29655018,1.29655018
TSK002483,S021,3.22267718,3.22267718
TSK002483,S022,8.46546559,8.46546559
TSK002483,S023,1.29655018,1.29655018
TSK002483,S024,1.29655018,1.29655018
TSK002483,S025,1.29655018,1.29655018
TSK002483,S026,3.31392861,3.31392861
TSK002483,S027,5.64703487,5.64703487
TSK002483,S028,1.29655018,1.29655018
TSK002483,S029,5.57437473,5.57437473
TSK002483,S030,5.33333336,5.33333336
TSK002483,S031,3.07958129,3.07958129
TSK002483,S032,13.94241942,13.94241942
TSK002483,S033,5.33526127,5.33526127
TSK002483,S034,4.0043158,4.0043158
TSK002483,S035,1.29655018,1.29655018
TSK002483,S036,4.76497912,4.76497912
TSK002483,S037,5.33252875,5.33252875
TSK002483,S038,2.47478246,2.47478246
TSK002483,S039,3.03127832,3.03127832
TSK002483,S040,3.84748474,3.84748474
TSK002483,S041,2.15569861,2.15569861
TSK002483,S042,5.59124986,5.59124986
TSK002483,S043,1.29655018,1.29655018
TSK002483,S044,2.7003964,2.7003964
TSK002483,S045,2.0403139,2.0403139
TSK002483,S046,3.24381492,3.24381492
TSK002483,S047,2.57351266,2.57351266
TSK002483,S048,11.42113944,11.42113944
TSK002483,S049,4.22441975,4.22441975
TSK002483,S050,3.8030364,3.8030364
TSK002483,S051,3.62226381,3.62226381
TSK002483,S052,3.14214916,3.14214916
TSK002483,S053,6.35328112,6.35328112
TSK002483,S054,3.78145252,3.78145252
TSK002483,S055,3.54494897,3.54494897
TSK002483,S056,1.29655018,1.29655018
TSK002483,S057,4.46063994,4.46063994
TSK002483,S058,3.94937281,3.94937281
TSK002483,S059,4.9726744,4.9726744
TSK002483,S060,4.38083365,4.38083365
TSK002483,S061,3.60227131,3.60227131
TSK002483,S062,3.37120226,3.37120226
TSK002483,S063,2.26559632,2.26559632
TSK002483,S064,6.46790001,6.46790001
TSK002483,S065,1.29655018,1.29655018
TSK002483,S066,6.86111791,6.86111791
TSK002483,S067,1.42983149,1.42983149
TSK002483,S068,3.174424,3.174424
TSK002483,S069,3.84768662,3.84768662
TSK002483,S070,1.42983149,1.42983149
TSK002483,S071,3.40967686,3.40967686
TSK002483,S072,1.29655018,1.29655018
TSK002483,S073,1.29655018,1.29655018
TSK002483,S074,5.01689498,5.01689498
TSK002483,S075,1.29655018,1.29655018
TSK002483,S076,1.93907569,1.93907569
TSK002483,S077,1.29655018,1.29655018
TSK002483,S078,3.174424,3.174424
TSK002483,S079,2.56038652,2.56038652
TSK002483,S080,3.8030364,3.8030364
TSK002483,S081,4.26050237,4.26050237
TSK002483,S082,1.29655018,1.29655018
TSK002483,S083,1.29655018,1.29655018
TSK002483,S084,1.29655018,1.29655018
TSK002483,S085,1.29655018,1.29655018
TSK002483,S086,2.97214854,2.97214854
TSK002483,S087,1.29655018,1.29655018
TSK002483,S088,4.22441975,4.22441975
TSK002483,S089,3.48689153,3.48689153
TSK002483,S090,4.22441975,4.22441975
TSK002483,S091,5.33333336,5.33333336
TSK002483,S092,5.76361641,5.76361641
TSK002483,S093,1.29655018,1.29655018
TSK002483,S094,1.29655018,1.29655018
TSK002483,S095,6.56396162,6.56396162
TSK002483,S096,4.28053199,4.28053199
TSK002483,S097,1.82552463,1.82552463
TSK002483,S098,1.29655018,1.29655018
TSK002483,S099,2.26559632,2.26559632
TSK002483,S100,1.29655018,1.29655018
TSK002498,S001,20.98596341,20.98596341
TSK002498,S002,4.59884341,4.59884341
TSK002498,S003,15.59115594,15.59115594
TSK002498,S004,14.52756265,14.52756265
TSK002498,S005,4.59884341,4.59884341
TSK002498,S006,4.59884341,4.59884341
TSK002498,S007,10.16540923,10.16540923
TSK002498,S008,22.82064997,22.82064997
TSK002498,S009,8.07575063,8.07575063
TSK002498,S010,11.00374879,11.00374879
TSK002498,S011,4.59884341,4.59884341
TSK002498,S012,17.91874042,17.91874042
TSK002498,S013,12.25209103,12.25209103
TSK002498,S014,4.59884341,4.59884341
TSK002498,S015,5.20498677,5.20498677
TSK002498,S016,10.26242558,10.26242558
TSK002498,S017,11.4826828,11.4826828
TSK002498,S018,8.15681895,8.15681895
TSK002498,S019,4.59884341,4.59884341
TSK002498,S020,4.59884341,4.59884341
TSK002498,S021,11.25071353,11.25071353
TSK002498,S022,31.761685,31.761685
TSK002498,S023,4.59884341,4.59884341
TSK002498,S024,4.59884341,4.59884341
TSK002498,S025,4.59884341,4.59884341
TSK002498,S026,11.31064284,11.31064284
TSK002498,S027,21.11077832,21.11077832
TSK002498,S028,4.59884341,4.59884341
TSK002498,S029,19.75514999,19.75514999
TSK002498,S030,18.5582975,18.5582975
TSK002498,S031,10.31524462,10.31524462
TSK002498,S032,49.78326396,49.78326396
TSK002498,S033,18.70542003,18.70542003
TSK002498,S034,13.44103695,13.44103695
TSK002498,S035,4.59884341,4.59884341
TSK002498,S036,16.60612488,16.60612488
TSK002498,S037,18.91526922,18.91526922
TSK002498,S038,8.41796896,8.41796896
TSK002498,S039,10.18007249,10.18007249
TSK002498,S040,13.00185242,13.00185242
TSK002498,S041,7.23588825,7.23588825
TSK002498,S042,19.8865878,19.8865878
TSK002498,S043,4.59884341,4.59884341
TSK002498,S044,8.84821496,8.84821496
TSK002498,S045,6.74291331,6.74291331
TSK002498,S046,10.95135394,10.95135394
TSK002498,S047,8.51697977,8.51697977
TSK002498,S048,41.40872414,41.40872414
TSK002498,S049,13.97895058,13.97895058
TSK002498,S050,13.11735845,13.11735845
TSK002498,S051,12.81878805,12.81878805
TSK002498,S052,10.65851262,10.65851262
TSK002498,S053,21.18953296,21.18953296
TSK002498,S054,12.07558533,12.07558533
TSK002498,S055,12.27393183,12.27393183
TSK002498,S056,4.59884341,4.59884341
TSK002498,S057,15.21417497,15.21417497
TSK002498,S058,13.45987186,13.45987186
TSK002498,S059,16.82956266,16.82956266
TSK002498,S060,14.55214671,14.55214671
TSK002498,S061,12.34511816,12.34511816
TSK002498,S062,11.62853555,11.62853555
TSK002498,S063,7.98940405,7.98940405
TSK002498,S064,23.40408411,23.40408411
TSK002498,S065,4.59884341,4.59884341
TSK002498,S066,24.68080953,24.68080953
TSK002498,S067,4.98036743,4.98036743
TSK002498,S068,10.12319919,10.12319919
TSK002498,S069,13.5635446,13.5635446
TSK002498,S070,4.98036743,4.98036743
TSK002498,S071,11.45725045,11.45725045
TSK002498,S072,4.59884341,4.59884341
TSK002498,S073,4.59884341,4.59884341
TSK002498,S074,17.30926153,17.30926153
TSK002498,S075,4.59884341,4.59884341
TSK002498,S076,6.65521126,6.65521126
TSK002498,S077,4.59884341,4.59884341
TSK002498,S078,10.12319919,10.12319919
TSK002498,S079,8.98306398,8.98306398
TSK002498,S080,13.11735845,13.11735845
TSK002498,S081,14.52087066,14.52087066
TSK002498,S082,4.59884341,4.59884341
TSK002498,S083,4.59884341,4.59884341
TSK002498,S084,4.59884341,4.59884341
TSK002498,S085,4.59884341,4.59884341
TSK002498,S086,9.91618305,9.91618305
TSK002498,S087,4.59884341,4.59884341
TSK002498,S088,13.97895058,13.97895058
TSK002498,S089,12.06024367,12.06024367
TSK002498,S090,13.97895058,13.97895058
TSK002498,S091,18.5582975,18.5582975
TSK002498,S092,19.75508154,19.75508154
TSK002498,S093,4.59884341,4.59884341
TSK002498,S094,4.59884341,4.59884341
TSK002498,S095,23.61225636,23.61225636
TSK002498,S096,14.30353484,14.30353484
TSK002498,S097,6.37593245,6.37593245
TSK002498,S098,4.59884341,4.59884341
TSK002498,S099,7.98940405,7.98940405
TSK002498,S100,4.59884341,4.59884341
TSK002536,S001,51.76998993,51.76998993
TSK002536,S002,24.34421699,24.34421699
TSK002536,S003,69.92404425,69.92404425
TSK002536,S004,112.82323706,112.82323706
TSK002536,S005,24.34421699,24.34421699
TSK002536,S006,24.34421699,24.34421699
TSK002536,S007,94.43271546,94.43271546
TSK002536,S008,170.82673832,170.82673832
TSK002536,S009,58.1237456,58.1237456
TSK002536,S010,111.43123978,111.43123978
TSK002536,S011,24.34421699,24.34421699
TSK002536,S012,195.70829291,195.70829291
TSK002536,S013,95.43383815,95.43383815
TSK002536,S014,24.34421699,24.34421699
TSK002536,S015,34.51944736,34.51944736
TSK002536,S016,46.54087299,46.54087299
TSK002536,S017,66.15906287,66.15906287
TSK002536,S018,53.4005973,53.4005973
TSK002536,S019,24.34421699,24.34421699
TSK002536,S020,24.34421699,24.34421699
TSK002536,S021,92.4622906,92.4622906
TSK002536,S022,322.63233972,322.63233972
TSK002536,S023,24.34421699,24.34421699
TSK002536,S024,24.34421699,24.34421699
TSK002536,S025,24.34421699,24.34421699
TSK002536,S026,99.7233531,99.7233531
TSK002536,S027,206.38753827,206.38753827
TSK002536,S028,24.34421699,24.34421699
TSK002536,S029,173.54841455,173.54841455
TSK002536,S030,159.23339146,159.23339146
TSK002536,S031,57.0512171,57.0512171
TSK002536,S032,204.91036271,204.91036271
TSK002536,S033,124.09819073,124.09819073
TSK002536,S034,92.47653892,92.47653892
TSK002536,S035,24.34421699,24.34421699
TSK002536,S036,174.43659176,174.43659176
TSK002536,S037,156.3356872,156.3356872
TSK002536,S038,77.61813871,77.61813871
TSK002536,S039,97.64432461,97.64432461
TSK002536,S040,92.16966306,92.16966306
TSK002536,S041,38.51777242,38.51777242
TSK002536,S042,158.98204115,158.98204115
TSK002536,S043,24.34421699,24.34421699
TSK002536,S044,48.16253036,48.16253036
TSK002536,S045,28.97399708,28.97399708
TSK002536,S046,91.00101514,91.00101514
TSK002536,S047,42.66590952,42.66590952
TSK002536,S048,329.71181836,329.71181836
TSK002536,S049,50.55700573,50.55700573
TSK002536,S050,85.84644993,85.84644993
TSK002536,S051,92.92623335,92.92623335
TSK002536,S052,55.49754537,55.49754537
TSK002536,S053,171.51115563,171.51115563
TSK002536,S054,55.5329628,55.5329628
TSK002536,S055,83.66184789,83.66184789
TSK002536,S056,24.34421699,24.34421699
TSK002536,S057,63.78830017,63.78830017
TSK002536,S058,77.06212461,77.06212461
TSK002536,S059,115.57403603,115.57403603
TSK002536,S060,92.24856154,92.24856154
TSK002536,S061,95.75367466,95.75367466
TSK002536,S062,73.3811631,73.3811631
TSK002536,S063,66.20921027,66.20921027
TSK002536,S064,233.02313612,233.02313612
TSK002536,S065,24.34421699,24.34421699
TSK002536,S066,158.99863531,158.99863531
TSK002536,S067,25.11595211,25.11595211
TSK002536,S068,38.42237128,38.42237128
TSK002536,S069,90.42865449,90.42865449
TSK002536,S070,25.11595211,25.11595211
TSK002536,S071,56.19288107,56.19288107
TSK002536,S072,24.34421699,24.34421699
TSK002536,S073,24.34421699,24.34421699
TSK002536,S074,79.17068653,79.17068653
TSK002536,S075,24.34421699,24.34421699
TSK002536,S076,33.17591883,33.17591883
TSK002536,S077,24.34421699,24.34421699
TSK002536,S078,38.42237128,38.42237128
TSK002536,S079,57.13557355,57.13557355
TSK002536,S080,85.84644993,85.84644993
TSK002536,S081,130.52245464,130.52245464
TSK002536,S082,24.34421699,24.34421699
TSK002536,S083,24.34421699,24.34421699
TSK002536,S084,24.34421699,24.34421699
TSK002536,S085,24.34421699,24.34421699
TSK002536,S086,55.67250726,55.67250726
TSK002536,S087,24.34421699,24.34421699
TSK002536,S088,50.55700573,50.55700573
TSK002536,S089,68.47719835,68.47719835
TSK002536,S090,50.55700573,50.55700573
TSK002536,S091,159.23339146,159.23339146
TSK002536,S092,114.94896835,114.94896835
TSK002536,S093,24.34421699,24.34421699
TSK002536,S094,24.34421699,24.34421699
TSK002536,S095,217.12683374,217.12683374
TSK002536,S096,113.41283098,113.41283098
TSK002536,S097,45.94700474,45.94700474
TSK002536,S098,24.34421699,24.34421699
TSK002536,S099,66.20921027,66.20921027
TSK002536,S100,24.34421699,24.34421699
TSK002547,S001,5.89014936,5.89014936
TSK002547,S002,1.29655018,1.29655018
TSK002547,S003,4.5124432,4.5124432
TSK002547,S004,4.43384022,4.43384022
TSK002547,S005,1.29655018,1.29655018
TSK002547,S006,1.29655018,1.29655018
TSK002547,S007,2.90705978,2.90705978
TSK002547,S008,6.5439505,6.5439505
TSK002547,S009,2.19946598,2.19946598
TSK002547,S010,3.25885497,3.25885497
TSK002547,S011,1.29655018,1.29655018
TSK002547,S012,4.43551222,4.43551222
TSK002547,S013,3.36510223,3.36510223
TSK002547,S014,1.29655018,1.29655018
TSK002547,S015,1.48293499,1.48293499
TSK002547,S016,3.08869916,3.08869916
TSK002547,S017,3.40526983,3.40526983
TSK002547,S018,2.33300539,2.33300539
TSK002547,S019,1.29655018,1.29655018
TSK002547,S020,1.29655018,1.29655018
TSK002547,S021,3.22267718,3.22267718
TSK002547,S022,8.46546559,8.46546559
TSK002547,S023,1.29655018,1.29655018
TSK002547,S024,1.29655018,1.29655018
TSK002547,S025,1.29655018,1.29655018
TSK002547,S026,3.31392861,3.31392861
TSK002547,S027,5.64703487,5.64703487
TSK002547,S028,1.29655018,1.29655018
TSK002547,S029,5.57437473,5.57437473
TSK002547,S030,5.33333336,5.33333336
TSK002547,S031,3.07958129,3.07958129
TSK002547,S032,13.94241942,13.94241942
TSK002547,S033,5.33526127,5.33526127
TSK002547,S034,4.0043158,4.0043158
TSK002547,S035,1.29655018,1.29655018
TSK002547,S036,4.76497912,4.76497912
TSK002547,S037,5.33252875,5.33252875
TSK002547,S038,2.47478246,2.47478246
TSK002547,S039,3.03127832,3.03127832
TSK002547,S040,3.84748474,3.84748474
TSK002547,S041,2.15569861,2.15569861
TSK002547,S042,5.59124986,5.59124986
TSK002547,S043,1.29655018,1.29655018
TSK002547,S044,2.7003964,2.7003964
TSK002547,S045,2.0403139,2.0403139
TSK002547,S046,3.24381492,3.24381492
TSK002547,S047,2.57351266,2.57351266
TSK002547,S048,11.42113944,11.42113944
TSK002547,S049,4.22441975,4.22441975
TSK002547,S050,3.8030364,3.8030364
TSK002547,S051,3.62226381,3.62226381
TSK002547,S052,3.14214916,3.14214916
TSK002547,S053,6.35328112,6.35328112
TSK002547,S054,3.78145252,3.78145252
TSK002547,S055,3.54494897,3.54494897
TSK002547,S056,1.29655018,1.29655018
TSK002547,S057,4.46063994,4.46063994
TSK002547,S058,3.94937281,3.94937281
TSK002547,S059,4.9726744,4.9726744
TSK002547,S060,4.38083365,4.38083365
TSK002547,S061,3.60227131,3.60227131
TSK002547,S062,3.37120226,3.37120226
TSK002547,S063,2.26559632,2.26559632
TSK002547,S064,6.46790001,6.46790001
TSK002547,S065,1.29655018,1.29655018
TSK002547,S066,6.86111791,6.86111791
TSK002547,S067,1.42983149,1.42983149
TSK002547,S068,3.174424,3.174424
TSK002547,S069,3.84768662,3.84768662
TSK002547,S070,1.42983149,1.42983149
TSK002547,S071,3.40967686,3.40967686
TSK002547,S072,1.29655018,1.29655018
TSK002547,S073,1.29655018,1.29655018
TSK002547,S074,5.01689498,5.01689498
TSK002547,S075,1.29655018,1.29655018
TSK002547,S076,1.93907569,1.93907569
TSK002547,S077,1.29655018,1.29655018
TSK002547,S078,3.174424,3.174424
TSK002547,S079,2.56038652,2.56038652
TSK002547,S080,3.8030364,3.8030364
TSK002547,S081,4.26050237,4.26050237
TSK002547,S082,1.29655018,1.29655018
TSK002547,S083,1.29655018,1.29655018
TSK002547,S084,1.29655018,1.29655018
TSK002547,S085,1.29655018,1.29655018
TSK002547,S086,2.97214854,2.97214854
TSK002547,S087,1.29655018,1.29655018
TSK002547,S088,4.22441975,4.22441975
TSK002547,S089,3.48689153,3.48689153
TSK002547,S090,4.22441975,4.22441975
TSK002547,S091,5.33333336,5.33333336
TSK002547,S092,5.76361641,5.76361641
TSK002547,S093,1.29655018,1.29655018
TSK002547,S094,1.29655018,1.29655018
TSK002547,S095,6.56396162,6.56396162
TSK002547,S096,4.28053199,4.28053199
TSK002547,S097,1.82552463,1.82552463
TSK002547,S098,1.29655018,1.29655018
TSK002547,S099,2.26559632,2.26559632
TSK002547,S100,1.29655018,1.29655018
TSK002558,S001,19.24655688,19.24655688
TSK002558,S002,6.40290583,6.40290583
TSK002558,S003,22.10954024,22.10954024
TSK002558,S004,27.03135277,27.03135277
TSK002558,S005,6.40290583,6.40290583
TSK002558,S006,6.40290583,6.40290583
TSK002558,S007,19.77280163,19.77280163
TSK002558,S008,45.59055923,45.59055923
TSK002558,S009,13.17271018,13.17271018
TSK002558,S010,22.47771997,22.47771997
TSK002558,S011,6.40290583,6.40290583
TSK002558,S012,36.81828368,36.81828368
TSK002558,S013,21.64240907,21.64240907
TSK002558,S014,6.40290583,6.40290583
TSK002558,S015,8.20890557,8.20890557
TSK002558,S016,15.2592864,15.2592864
TSK002558,S017,18.48328331,18.48328331
TSK002558,S018,13.5432744,13.5432744
TSK002558,S019,6.40290583,6.40290583
TSK002558,S020,6.40290583,6.40290583
TSK002558,S021,21.16179269,21.16179269
TSK002558,S022,69.21557749,69.21557749
TSK002558,S023,6.40290583,6.40290583
TSK002558,S024,6.40290583,6.40290583
TSK002558,S025,6.40290583,6.40290583
TSK002558,S026,23.14594084,23.14594084
TSK002558,S027,42.29488301,42.29488301
TSK002558,S028,6.40290583,6.40290583
TSK002558,S029,38.24915738,38.24915738
TSK002558,S030,36.04669916,36.04669916
TSK002558,S031,15.68341522,15.68341522
TSK002558,S032,59.52415695,59.52415695
TSK002558,S033,30.12868605,30.12868605
TSK002558,S034,22.67594449,22.67594449
TSK002558,S035,6.40290583,6.40290583
TSK002558,S036,35.51304152,35.51304152
TSK002558,S037,35.48764231,35.48764231
TSK002558,S038,16.63242218,16.63242218
TSK002558,S039,20.73739495,20.73739495
TSK002558,S040,23.35352002,23.35352002
TSK002558,S041,10.62814435,10.62814435
TSK002558,S042,37.20788166,37.20788166
TSK002558,S043,6.40290583,6.40290583
TSK002558,S044,13.08383049,13.08383049
TSK002558,S045,8.60580439,8.60580439
TSK002558,S046,20.56772368,20.56772368
TSK002558,S047,12.39680077,12.39680077
TSK002558,S048,79.25624632,79.25624632
TSK002558,S049,16.66644951,16.66644951
TSK002558,S050,22.78223927,22.78223927
TSK002558,S051,23.15636239,23.15636239
TSK002558,S052,16.46463351,16.46463351
TSK002558,S053,41.96802044,41.96802044
TSK002558,S054,16.89187148,16.89187148
TSK002558,S055,20.46344401,20.46344401
TSK002558,S056,6.40290583,6.40290583
TSK002558,S057,18.22361183,18.22361183
TSK002558,S058,21.08084018,21.08084018
TSK002558,S059,30.19252436,30.19252436
TSK002558,S060,25.67628832,25.67628832
TSK002558,S061,22.38134774,22.38134774
TSK002558,S062,19.31821822,19.31821822
TSK002558,S063,14.82243978,14.82243978
TSK002558,S064,48.58519443,48.58519443
TSK002558,S065,6.40290583,6.40290583
TSK002558,S066,38.84542105,38.84542105
TSK002558,S067,6.77865237,6.77865237
TSK002558,S068,12.74891621,12.74891621
TSK002558,S069,22.87826639,22.87826639
TSK002558,S070,6.77865237,6.77865237
TSK002558,S071,18.30327241,18.30327241
TSK002558,S072,6.40290583,6.40290583
TSK002558,S073,6.40290583,6.40290583
TSK002558,S074,23.4810264,23.4810264
TSK002558,S075,6.40290583,6.40290583
TSK002558,S076,9.79308953,9.79308953
TSK002558,S077,6.40290583,6.40290583
TSK002558,S078,12.74891621,12.74891621
TSK002558,S079,16.29619297,16.29619297
TSK002558,S080,22.78223927,22.78223927
TSK002558,S081,28.81171947,28.81171947
TSK002558,S082,6.40290583,6.40290583
TSK002558,S083,6.40290583,6.40290583
TSK002558,S084,6.40290583,6.40290583
TSK002558,S085,6.40290583,6.40290583
TSK002558,S086,15.86833642,15.86833642
TSK002558,S087,6.40290583,6.40290583
TSK002558,S088,16.66644951,16.66644951
TSK002558,S089,19.56647946,19.56647946
TSK002558,S090,16.66644951,16.66644951
TSK002558,S091,36.04669916,36.04669916
TSK002558,S092,27.25140524,27.25140524
TSK002558,S093,6.40290583,6.40290583
TSK002558,S094,6.40290583,6.40290583
TSK002558,S095,46.8542478,46.8542478
TSK002558,S096,25.77468188,25.77468188
TSK002558,S097,11.06410482,11.06410482
TSK002558,S098,6.40290583,6.40290583
TSK002558,S099,14.82243978,14.82243978
TSK002558,S100,6.40290583,6.40290583
TSK002562,S001,8.46425723,8.46425723
TSK002562,S002,1.88927591,1.88927591
TSK002562,S003,6.80604955,6.80604955
TSK002562,S004,6.54166243,6.54166243
TSK002562,S005,1.88927591,1.88927591
TSK002562,S006,1.88927591,1.88927591
TSK002562,S007,4.17484042,4.17484042
TSK002562,S008,10.22664541,10.22664541
TSK002562,S009,3.18180901,3.18180901
TSK002562,S010,4.62111314,4.62111314
TSK002562,S011,1.88927591,1.88927591
TSK002562,S012,6.24894541,6.24894541
TSK002562,S013,4.92646062,4.92646062
TSK002562,S014,1.88927591,1.88927591
TSK002562,S015,2.14814371,2.14814371
TSK002562,S016,4.69521822,4.69521822
TSK002562,S017,5.11309246,5.11309246
TSK002562,S018,3.46605443,3.46605443
TSK002562,S019,1.88927591,1.88927591
TSK002562,S020,1.88927591,1.88927591
TSK002562,S021,4.74917252,4.74917252
TSK002562,S022,12.66836443,12.66836443
TSK002562,S023,1.88927591,1.88927591
TSK002562,S024,1.88927591,1.88927591
TSK002562,S025,1.88927591,1.88927591
TSK002562,S026,4.96185685,4.96185685
TSK002562,S027,8.16123326,8.16123326
TSK002562,S028,1.88927591,1.88927591
TSK002562,S029,8.17063543,8.17063543
TSK002562,S030,7.87049078,7.87049078
TSK002562,S031,4.55427658,4.55427658
TSK002562,S032,20.2226508,20.2226508
TSK002562,S033,7.79748445,7.79748445
TSK002562,S034,5.87069954,5.87069954
TSK002562,S035,1.88927591,1.88927591
TSK002562,S036,6.86175463,6.86175463
TSK002562,S037,7.8552627,7.8552627
TSK002562,S038,3.57830358,3.57830358
TSK002562,S039,4.38071844,4.38071844
TSK002562,S040,5.76191486,5.76191486
TSK002562,S041,3.17233218,3.17233218
TSK002562,S042,8.31978548,8.31978548
TSK002562,S043,1.88927591,1.88927591
TSK002562,S044,3.94938135,3.94938135
TSK002562,S045,2.9646128,2.9646128
TSK002562,S046,4.73235045,4.73235045
TSK002562,S047,3.81035454,3.81035454
TSK002562,S048,17.27888207,17.27888207
TSK002562,S049,6.16742001,6.16742001
TSK002562,S050,5.75020947,5.75020947
TSK002562,S051,5.45295636,5.45295636
TSK002562,S052,4.74508151,4.74508151
TSK002562,S053,9.5731447,9.5731447
TSK002562,S054,5.57014667,5.57014667
TSK002562,S055,5.21088281,5.21088281
TSK002562,S056,1.88927591,1.88927591
TSK002562,S057,6.40699183,6.40699183
TSK002562,S058,5.88418439,5.88418439
TSK002562,S059,7.50811574,7.50811574
TSK002562,S060,6.67200412,6.67200412
TSK002562,S061,5.29306273,5.29306273
TSK002562,S062,5.04396913,5.04396913
TSK002562,S063,3.31214009,3.31214009
TSK002562,S064,9.42062222,9.42062222
TSK002562,S065,1.88927591,1.88927591
TSK002562,S066,10.04885606,10.04885606
TSK002562,S067,2.08080274,2.08080274
TSK002562,S068,4.6526503,4.6526503
TSK002562,S069,5.73782245,5.73782245
TSK002562,S070,2.08080274,2.08080274
TSK002562,S071,5.26673295,5.26673295
TSK002562,S072,1.88927591,1.88927591
TSK002562,S073,1.88927591,1.88927591
TSK002562,S074,7.41816525,7.41816525
TSK002562,S075,1.88927591,1.88927591
TSK002562,S076,2.90481927,2.90481927
TSK002562,S077,1.88927591,1.88927591
TSK002562,S078,4.6526503,4.6526503
TSK002562,S079,3.99095459,3.99095459
TSK002562,S080,5.75020947,5.75020947
TSK002562,S081,6.23292812,6.23292812
TSK002562,S082,1.88927591,1.88927591
TSK002562,S083,1.88927591,1.88927591
TSK002562,S084,1.88927591,1.88927591
TSK002562,S085,1.88927591,1.88927591
TSK002562,S086,4.46792061,4.46792061
TSK002562,S087,1.88927591,1.88927591
TSK002562,S088,6.16742001,6.16742001
TSK002562,S089,5.29572601,5.29572601
TSK002562,S090,6.16742001,6.16742001
TSK002562,S091,7.87049078,7.87049078
TSK002562,S092,8.14741129,8.14741129
TSK002562,S093,1.88927591,1.88927591
TSK002562,S094,1.88927591,1.88927591
TSK002562,S095,9.6104834,9.6104834
TSK002562,S096,6.20302197,6.20302197
TSK002562,S097,2.69451552,2.69451552
TSK002562,S098,1.88927591,1.88927591
TSK002562,S099,3.31214009,3.31214009
TSK002562,S100,1.88927591,1.88927591
TSK002651,S001,21.65638888,21.65638888
TSK002651,S002,8.43837737,8.43837737
TSK002651,S003,25.96476052,25.96476052
TSK002651,S004,37.30642129,37.30642129
TSK002651,S005,8.43837737,8.43837737
TSK002651,S006,8.43837737,8.43837737
TSK002651,S007,29.78780603,29.78780603
TSK002651,S008,57.99695864,57.99695864
TSK002651,S009,18.91187618,18.91187618
TSK002651,S010,34.75843791,34.75843791
TSK002651,S011,8.43837737,8.43837737
TSK002651,S012,59.40197145,59.40197145
TSK002651,S013,30.91720021,30.91720021
TSK002651,S014,8.43837737,8.43837737
TSK002651,S015,11.46448601,11.46448601
TSK002651,S016,17.5173852,17.5173852
TSK002651,S017,23.23871244,23.23871244
TSK002651,S018,18.04823048,18.04823048
TSK002651,S019,8.43837737,8.43837737
TSK002651,S020,8.43837737,8.43837737
TSK002651,S021,29.99984746,29.99984746
TSK002651,S022,101.51435242,101.51435242
TSK002651,S023,8.43837737,8.43837737
TSK002651,S024,8.43837737,8.43837737
TSK002651,S025,8.43837737,8.43837737
TSK002651,S026,32.37532823,32.37532823
TSK002651,S027,64.38645821,64.38645821
TSK002651,S028,8.43837737,8.43837737
TSK002651,S029,55.53353715,55.53353715
TSK002651,S030,51.40481847,51.40481847
TSK002651,S031,20.03243302,20.03243302
TSK002651,S032,74.68012534,74.68012534
TSK002651,S033,41.43019282,41.43019282
TSK002651,S034,30.96676924,30.96676924
TSK002651,S035,8.43837737,8.43837737
TSK002651,S036,54.33363693,54.33363693
TSK002651,S037,50.5571748,50.5571748
TSK002651,S038,24.66315243,24.66315243
TSK002651,S039,30.91588223,30.91588223
TSK002651,S040,31.04230332,31.04230332
TSK002651,S041,13.58168345,13.58168345
TSK002651,S042,51.89402851,51.89402851
TSK002651,S043,8.43837737,8.43837737
TSK002651,S044,16.91443649,16.91443649
TSK002651,S045,10.66378711,10.66378711
TSK002651,S046,29.47699727,29.47699727
TSK002651,S047,15.36438016,15.36438016
TSK002651,S048,108.24466613,108.24466613
TSK002651,S049,19.5515393,19.5515393
TSK002651,S050,29.39203313,29.39203313
TSK002651,S051,31.01792411,31.01792411
TSK002651,S052,19.98609685,19.98609685
TSK002651,S053,56.79533288,56.79533288
TSK002651,S054,20.50275286,20.50275286
TSK002651,S055,27.95355729,27.95355729
TSK002651,S056,8.43837737,8.43837737
TSK002651,S057,23.210357,23.210357
TSK002651,S058,26.90424262,26.90424262
TSK002651,S059,39.3218087,39.3218087
TSK002651,S060,32.16213402,32.16213402
TSK002651,S061,31.37818154,31.37818154
TSK002651,S062,25.13849489,25.13849489
TSK002651,S063,21.34411802,21.34411802
TSK002651,S064,73.0346812,73.0346812
TSK002651,S065,8.43837737,8.43837737
TSK002651,S066,53.18001414,53.18001414
TSK002651,S067,8.8175347,8.8175347
TSK002651,S068,14.86692872,14.86692872
TSK002651,S069,30.48537951,30.48537951
TSK002651,S070,8.8175347,8.8175347
TSK002651,S071,20.92804456,20.92804456
TSK002651,S072,8.43837737,8.43837737
TSK002651,S073,8.43837737,8.43837737
TSK002651,S074,28.81119084,28.81119084
TSK002651,S075,8.43837737,8.43837737
TSK002651,S076,11.96483943,11.96483943
TSK002651,S077,8.43837737,8.43837737
TSK002651,S078,14.86692872,14.86692872
TSK002651,S079,19.96915062,19.96915062
TSK002651,S080,29.39203313,29.39203313
TSK002651,S081,41.81982282,41.81982282
TSK002651,S082,8.43837737,8.43837737
TSK002651,S083,8.43837737,8.43837737
TSK002651,S084,8.43837737,8.43837737
TSK002651,S085,8.43837737,8.43837737
TSK002651,S086,19.72400934,19.72400934
TSK002651,S087,8.43837737,8.43837737
TSK002651,S088,19.5515393,19.5515393
TSK002651,S089,24.1817668,24.1817668
TSK002651,S090,19.5515393,19.5515393
TSK002651,S091,51.40481847,51.40481847
TSK002651,S092,38.61417299,38.61417299
TSK002651,S093,8.43837737,8.43837737
TSK002651,S094,8.43837737,8.43837737
TSK002651,S095,68.90186006,68.90186006
TSK002651,S096,36.91984274,36.91984274
TSK002651,S097,15.22335627,15.22335627
TSK002651,S098,8.43837737,8.43837737
TSK002651,S099,21.34411802,21.34411802
TSK002651,S100,8.43837737,8.43837737
TSK002697,S001,10.20128959,10.20128959
TSK002697,S002,2.29766759,2.29766759
TSK002697,S003,8.4574425,8.4574425
TSK002697,S004,8.01887976,8.01887976
TSK002697,S005,2.29766759,2.29766759
TSK002697,S006,2.29766759,2.29766759
TSK002697,S007,5.02949346,5.02949346
TSK002697,S008,12.97697085,12.97697085
TSK002697,S009,3.85151497,3.85151497
TSK002697,S010,5.52041987,5.52041987
TSK002697,S011,2.29766759,2.29766759
TSK002697,S012,7.43238945,7.43238945
TSK002697,S013,6.00932688,6.00932688
TSK002697,S014,2.29766759,2.29766759
TSK002697,S015,2.60255634,2.60255634
TSK002697,S016,5.86204614,5.86204614
TSK002697,S017,6.33634179,6.33634179
TSK002697,S018,4.26722148,4.26722148
TSK002697,S019,2.29766759,2.29766759
TSK002697,S020,2.29766759,2.29766759
TSK002697,S021,5.81733722,5.81733722
TSK002697,S022,15.66674263,15.66674263
TSK002697,S023,2.29766759,2.29766759
TSK002697,S024,2.29766759,2.29766759
TSK002697,S025,2.29766759,2.29766759
TSK002697,S026,6.13825046,6.13825046
TSK002697,S027,9.87277225,9.87277225
TSK002697,S028,2.29766759,2.29766759
TSK002697,S029,9.97423367,9.97423367
TSK002697,S030,9.64910753,9.64910753
TSK002697,S031,5.59094617,5.59094617
TSK002697,S032,24.52092141,24.52092141
TSK002697,S033,9.50111209,9.50111209
TSK002697,S034,7.16767539,7.16767539
TSK002697,S035,2.29766759,2.29766759
TSK002697,S036,8.28131601,8.28131601
TSK002697,S037,9.61961101,9.61961101
TSK002697,S038,4.33005869,4.33005869
TSK002697,S039,5.29929855,5.29929855
TSK002697,S040,7.12888796,7.12888796
TSK002697,S041,3.88239418,3.88239418
TSK002697,S042,10.2528993,10.2528993
TSK002697,S043,2.29766759,2.29766759
TSK002697,S044,4.81440177,4.81440177
TSK002697,S045,3.59885917,3.59885917
TSK002697,S046,5.75968782,5.75968782
TSK002697,S047,4.68113867,4.68113867
TSK002697,S048,21.51100991,21.51100991
TSK002697,S049,7.50978903,7.50978903
TSK002697,S050,7.1560914,7.1560914
TSK002697,S051,6.76815655,6.76815655
TSK002697,S052,5.90080464,5.90080464
TSK002697,S053,11.88883304,11.88883304
TSK002697,S054,6.82104804,6.82104804
TSK002697,S055,6.37269055,6.37269055
TSK002697,S056,2.29766759,2.29766759
TSK002697,S057,7.71943098,7.71943098
TSK002697,S058,7.25712898,7.25712898
TSK002697,S059,9.33582046,9.33582046
TSK002697,S060,8.33950556,8.33950556
TSK002697,S061,6.47158228,6.47158228
TSK002697,S062,6.23706253,6.23706253
TSK002697,S063,4.03654664,4.03654664
TSK002697,S064,11.45379748,11.45379748
TSK002697,S065,2.29766759,2.29766759
TSK002697,S066,12.26098265,12.26098265
TSK002697,S067,2.52849874,2.52849874
TSK002697,S068,5.67948202,5.67948202
TSK002697,S069,7.08054305,7.08054305
TSK002697,S070,2.52849874,2.52849874
TSK002697,S071,6.6381635,6.6381635
TSK002697,S072,2.29766759,2.29766759
TSK002697,S073,2.29766759,2.29766759
TSK002697,S074,9.10585836,9.10585836
TSK002697,S075,2.29766759,2.29766759
TSK002697,S076,3.59464996,3.59464996
TSK002697,S077,2.29766759,2.29766759
TSK002697,S078,5.67948202,5.67948202
TSK002697,S079,5.05675356,5.05675356
TSK002697,S080,7.1560914,7.1560914
TSK002697,S081,7.59955527,7.59955527
TSK002697,S082,2.29766759,2.29766759
TSK002697,S083,2.29766759,2.29766759
TSK002697,S084,2.29766759,2.29766759
TSK002697,S085,2.29766759,2.29766759
TSK002697,S086,5.54073804,5.54073804
TSK002697,S087,2.29766759,2.29766759
TSK002697,S088,7.50978903,7.50978903
TSK002697,S089,6.60819864,6.60819864
TSK002697,S090,7.50978903,7.50978903
TSK002697,S091,9.64910753,9.64910753
TSK002697,S092,9.71250324,9.71250324
TSK002697,S093,2.29766759,2.29766759
TSK002697,S094,2.29766759,2.29766759
TSK002697,S095,11.72365666,11.72365666
TSK002697,S096,7.51703655,7.51703655
TSK002697,S097,3.30386704,3.30386704
TSK002697,S098,2.29766759,2.29766759
TSK002697,S099,4.03654664,4.03654664
TSK002697,S100,2.29766759,2.29766759
TSK002753,S001,52.91892475,52.91892475
TSK002753,S002,24.72469485,24.72469485
TSK002753,S003,70.66198476,70.66198476
TSK002753,S004,101.89196994,101.89196994
TSK002753,S005,24.72469485,24.72469485
TSK002753,S006,24.72469485,24.72469485
TSK002753,S007,90.23450562,90.23450562
TSK002753,S008,165.86718243,165.86718243
TSK002753,S009,62.41101261,62.41101261
TSK002753,S010,101.31223183,101.31223183
TSK002753,S011,24.72469485,24.72469485
TSK002753,S012,213.67642705,213.67642705
TSK002753,S013,100.84715756,100.84715756
TSK002753,S014,24.72469485,24.72469485
TSK002753,S015,33.32324773,33.32324773
TSK002753,S016,46.05749031,46.05749031
TSK002753,S017,65.40125667,65.40125667
TSK002753,S018,53.33717755,53.33717755
TSK002753,S019,24.72469485,24.72469485
TSK002753,S020,24.72469485,24.72469485
TSK002753,S021,89.6747071,89.6747071
TSK002753,S022,327.78072059,327.78072059
TSK002753,S023,24.72469485,24.72469485
TSK002753,S024,24.72469485,24.72469485
TSK002753,S025,24.72469485,24.72469485
TSK002753,S026,90.62382534,90.62382534
TSK002753,S027,215.73921057,215.73921057
TSK002753,S028,24.72469485,24.72469485
TSK002753,S029,174.17169763,174.17169763
TSK002753,S030,145.51740802,145.51740802
TSK002753,S031,56.83922053,56.83922053
TSK002753,S032,199.75311615,199.75311615
TSK002753,S033,124.03946842,124.03946842
TSK002753,S034,89.97871472,89.97871472
TSK002753,S035,24.72469485,24.72469485
TSK002753,S036,164.5925144,164.5925144
TSK002753,S037,157.01371894,157.01371894
TSK002753,S038,70.17121194,70.17121194
TSK002753,S039,87.33412019,87.33412019
TSK002753,S040,87.66298878,87.66298878
TSK002753,S041,37.43194006,37.43194006
TSK002753,S042,162.88430525,162.88430525
TSK002753,S043,24.72469485,24.72469485
TSK002753,S044,45.7490569,45.7490569
TSK002753,S045,28.98118299,28.98118299
TSK002753,S046,82.34249866,82.34249866
TSK002753,S047,41.40654576,41.40654576
TSK002753,S048,330.35130061,330.35130061
TSK002753,S049,49.41369165,49.41369165
TSK002753,S050,85.66897188,85.66897188
TSK002753,S051,94.2190688,94.2190688
TSK002753,S052,56.37091327,56.37091327
TSK002753,S053,157.40058632,157.40058632
TSK002753,S054,52.94717024,52.94717024
TSK002753,S055,85.29534645,85.29534645
TSK002753,S056,24.72469485,24.72469485
TSK002753,S057,60.52921342,60.52921342
TSK002753,S058,77.84620539,77.84620539
TSK002753,S059,111.87464317,111.87464317
TSK002753,S060,86.16334813,86.16334813
TSK002753,S061,92.59163911,92.59163911
TSK002753,S062,74.26973859,74.26973859
TSK002753,S063,63.67097614,63.67097614
TSK002753,S064,233.33184358,233.33184358
TSK002753,S065,24.72469485,24.72469485
TSK002753,S066,164.08815339,164.08815339
TSK002753,S067,25.42898465,25.42898465
TSK002753,S068,37.88311881,37.88311881
TSK002753,S069,94.82182332,94.82182332
TSK002753,S070,25.42898465,25.42898465
TSK002753,S071,55.2357804,55.2357804
TSK002753,S072,24.72469485,24.72469485
TSK002753,S073,24.72469485,24.72469485
TSK002753,S074,75.46755622,75.46755622
TSK002753,S075,24.72469485,24.72469485
TSK002753,S076,33.18893241,33.18893241
TSK002753,S077,24.72469485,24.72469485
TSK002753,S078,37.88311881,37.88311881
TSK002753,S079,55.25034554,55.25034554
TSK002753,S080,85.66897188,85.66897188
TSK002753,S081,122.18145729,122.18145729
TSK002753,S082,24.72469485,24.72469485
TSK002753,S083,24.72469485,24.72469485
TSK002753,S084,24.72469485,24.72469485
TSK002753,S085,24.72469485,24.72469485
TSK002753,S086,53.24235768,53.24235768
TSK002753,S087,24.72469485,24.72469485
TSK002753,S088,49.41369165,49.41369165
TSK002753,S089,70.86600067,70.86600067
TSK002753,S090,49.41369165,49.41369165
TSK002753,S091,145.51740802,145.51740802
TSK002753,S092,103.85326821,103.85326821
TSK002753,S093,24.72469485,24.72469485
TSK002753,S094,24.72469485,24.72469485
TSK002753,S095,220.35751862,220.35751862
TSK002753,S096,107.2537799,107.2537799
TSK002753,S097,43.55358323,43.55358323
TSK002753,S098,24.72469485,24.72469485
TSK002753,S099,63.67097614,63.67097614
TSK002753,S100,24.72469485,24.72469485
TSK002754,S001,29.10379226,29.10379226
TSK002754,S002,9.06230682,9.06230682
TSK002754,S003,30.1797216,30.1797216
TSK002754,S004,33.94639368,33.94639368
TSK002754,S005,9.06230682,9.06230682
TSK002754,S006,9.06230682,9.06230682
TSK002754,S007,26.25549939,26.25549939
TSK002754,S008,58.75410762,58.75410762
TSK002754,S009,19.25817449,19.25817449
TSK002754,S010,28.67057778,28.67057778
TSK002754,S011,9.06230682,9.06230682
TSK002754,S012,55.31789475,55.31789475
TSK002754,S013,30.86319542,30.86319542
TSK002754,S014,9.06230682,9.06230682
TSK002754,S015,11.16724184,11.16724184
TSK002754,S016,20.19042539,20.19042539
TSK002754,S017,24.63408376,24.63408376
TSK002754,S018,18.41551535,18.41551535
TSK002754,S019,9.06230682,9.06230682
TSK002754,S020,9.06230682,9.06230682
TSK002754,S021,28.12277126,28.12277126
TSK002754,S022,94.56646554,94.56646554
TSK002754,S023,9.06230682,9.06230682
TSK002754,S024,9.06230682,9.06230682
TSK002754,S025,9.06230682,9.06230682
TSK002754,S026,29.04563843,29.04563843
TSK002754,S027,60.12854021,60.12854021
TSK002754,S028,9.06230682,9.06230682
TSK002754,S029,52.11042888,52.11042888
TSK002754,S030,46.03714793,46.03714793
TSK002754,S031,21.22304256,21.22304256
TSK002754,S032,84.51273173,84.51273173
TSK002754,S033,41.49994423,41.49994423
TSK002754,S034,30.22933305,30.22933305
TSK002754,S035,9.06230682,9.06230682
TSK002754,S036,46.28331786,46.28331786
TSK002754,S037,48.373135,48.373135
TSK002754,S038,21.10773056,21.10773056
TSK002754,S039,25.99153422,25.99153422
TSK002754,S040,30.32405313,30.32405313
TSK002754,S041,14.2982637,14.2982637
TSK002754,S042,51.10978689,51.10978689
TSK002754,S043,9.06230682,9.06230682
TSK002754,S044,17.32424945,17.32424945
TSK002754,S045,11.92757197,11.92757197
TSK002754,S046,26.1284264,26.1284264
TSK002754,S047,16.54234196,16.54234196
TSK002754,S048,106.88869362,106.88869362
TSK002754,S049,22.9538036,22.9538036
TSK002754,S050,30.44670043,30.44670043
TSK002754,S051,31.4421599,31.4421599
TSK002754,S052,22.25206712,22.25206712
TSK002754,S053,52.70300078,52.70300078
TSK002754,S054,22.23623671,22.23623671
TSK002754,S055,28.23428779,28.23428779
TSK002754,S056,9.06230682,9.06230682
TSK002754,S057,25.32058452,25.32058452
TSK002754,S058,28.68831679,28.68831679
TSK002754,S059,39.43957635,39.43957635
TSK002754,S060,32.65787875,32.65787875
TSK002754,S061,29.68543499,29.68543499
TSK002754,S062,26.24366417,26.24366417
TSK002754,S063,19.7376859,19.7376859
TSK002754,S064,66.24697267,66.24697267
TSK002754,S065,9.06230682,9.06230682
TSK002754,S066,54.90471339,54.90471339
TSK002754,S067,9.55310285,9.55310285
TSK002754,S068,17.23104516,17.23104516
TSK002754,S069,31.92492787,31.92492787
TSK002754,S070,9.55310285,9.55310285
TSK002754,S071,23.89528534,23.89528534
TSK002754,S072,9.06230682,9.06230682
TSK002754,S073,9.06230682,9.06230682
TSK002754,S074,31.74658687,31.74658687
TSK002754,S075,9.06230682,9.06230682
TSK002754,S076,13.3036578,13.3036578
TSK002754,S077,9.06230682,9.06230682
TSK002754,S078,17.23104516,17.23104516
TSK002754,S079,21.13246587,21.13246587
TSK002754,S080,30.44670043,30.44670043
TSK002754,S081,37.2089922,37.2089922
TSK002754,S082,9.06230682,9.06230682
TSK002754,S083,9.06230682,9.06230682
TSK002754,S084,9.06230682,9.06230682
TSK002754,S085,9.06230682,9.06230682
TSK002754,S086,20.73481772,20.73481772
TSK002754,S087,9.06230682,9.06230682
TSK002754,S088,22.9538036,22.9538036
TSK002754,S089,26.68732048,26.68732048
TSK002754,S090,22.9538036,22.9538036
TSK002754,S091,46.03714793,46.03714793
TSK002754,S092,36.55896145,36.55896145
TSK002754,S093,9.06230682,9.06230682
TSK002754,S094,9.06230682,9.06230682
TSK002754,S095,64.42938592,64.42938592
TSK002754,S096,33.75746317,33.75746317
TSK002754,S097,14.60416821,14.60416821
TSK002754,S098,9.06230682,9.06230682
TSK002754,S099,19.7376859,19.7376859
TSK002754,S100,9.06230682,9.06230682
TSK002840,S001,42.31807833,42.31807833
TSK002840,S002,17.80299996,17.80299996
TSK002840,S003,53.28558672,53.28558672
TSK002840,S004,72.00732616,72.00732616
TSK002840,S005,17.80299996,17.80299996
TSK002840,S006,17.80299996,17.80299996
TSK002840,S007,61.74543044,61.74543044
TSK002840,S008,119.81013039,119.81013039
TSK002840,S009,43.23126608,43.23126608
TSK002840,S010,68.8597607,68.8597607
TSK002840,S011,17.80299996,17.80299996
TSK002840,S012,142.85692869,142.85692869
TSK002840,S013,69.85667032,69.85667032
TSK002840,S014,17.80299996,17.80299996
TSK002840,S015,23.49378038,23.49378038
TSK002840,S016,35.06712708,35.06712708
TSK002840,S017,47.70024685,47.70024685
TSK002840,S018,38.01578744,38.01578744
TSK002840,S019,17.80299996,17.80299996
TSK002840,S020,17.80299996,17.80299996
TSK002840,S021,62.50617779,62.50617779
TSK002840,S022,224.88353795,224.88353795
TSK002840,S023,17.80299996,17.80299996
TSK002840,S024,17.80299996,17.80299996
TSK002840,S025,17.80299996,17.80299996
TSK002840,S026,63.61169034,63.61169034
TSK002840,S027,146.51224695,146.51224695
TSK002840,S028,17.80299996,17.80299996
TSK002840,S029,120.13859972,120.13859972
TSK002840,S030,101.64012015,101.64012015
TSK002840,S031,41.2527465,41.2527465
TSK002840,S032,148.81149995,148.81149995
TSK002840,S033,87.5529266,87.5529266
TSK002840,S034,63.62586428,63.62586428
TSK002840,S035,17.80299996,17.80299996
TSK002840,S036,111.9489281,111.9489281
TSK002840,S037,109.01985627,109.01985627
TSK002840,S038,48.37814114,48.37814114
TSK002840,S039,60.0845498,60.0845498
TSK002840,S040,62.61042877,62.61042877
TSK002840,S041,27.29063933,27.29063933
TSK002840,S042,113.67679981,113.67679981
TSK002840,S043,17.80299996,17.80299996
TSK002840,S044,33.24937639,33.24937639
TSK002840,S045,21.46679958,21.46679958
TSK002840,S046,57.46778,57.46778
TSK002840,S047,30.57467472,30.57467472
TSK002840,S048,232.53928525,232.53928525
TSK002840,S049,37.85336244,37.85336244
TSK002840,S050,61.65471226,61.65471226
TSK002840,S051,66.75731032,66.75731032
TSK002840,S052,41.64727364,41.64727364
TSK002840,S053,111.69503589,111.69503589
TSK002840,S054,39.57956915,39.57956915
TSK002840,S055,60.1274833,60.1274833
TSK002840,S056,17.80299996,17.80299996
TSK002840,S057,44.86548455,44.86548455
TSK002840,S058,56.3867274,56.3867274
TSK002840,S059,80.36034927,80.36034927
TSK002840,S060,63.11117168,63.11117168
TSK002840,S061,64.82399739,64.82399739
TSK002840,S062,53.28928587,53.28928587
TSK002840,S063,44.22193437,44.22193437
TSK002840,S064,159.17003511,159.17003511
TSK002840,S065,17.80299996,17.80299996
TSK002840,S066,115.83930951,115.83930951
TSK002840,S067,18.41478605,18.41478605
TSK002840,S068,28.89969806,28.89969806
TSK002840,S069,67.23121867,67.23121867
TSK002840,S070,18.41478605,18.41478605
TSK002840,S071,42.02455583,42.02455583
TSK002840,S072,17.80299996,17.80299996
TSK002840,S073,17.80299996,17.80299996
TSK002840,S074,56.42871338,56.42871338
TSK002840,S075,17.80299996,17.80299996
TSK002840,S076,24.5754128,24.5754128
TSK002840,S077,17.80299996,17.80299996
TSK002840,S078,28.89969806,28.89969806
TSK002840,S079,40.67781764,40.67781764
TSK002840,S080,61.65471226,61.65471226
TSK002840,S081,84.5803599,84.5803599
TSK002840,S082,17.80299996,17.80299996
TSK002840,S083,17.80299996,17.80299996
TSK002840,S084,17.80299996,17.80299996
TSK002840,S085,17.80299996,17.80299996
TSK002840,S086,39.1748657,39.1748657
TSK002840,S087,17.80299996,17.80299996
TSK002840,S088,37.85336244,37.85336244
TSK002840,S089,51.76724877,51.76724877
TSK002840,S090,37.85336244,37.85336244
TSK002840,S091,101.64012015,101.64012015
TSK002840,S092,73.64427422,73.64427422
TSK002840,S093,17.80299996,17.80299996
TSK002840,S094,17.80299996,17.80299996
TSK002840,S095,151.26994696,151.26994696
TSK002840,S096,74.65503293,74.65503293
TSK002840,S097,30.80718063,30.80718063
TSK002840,S098,17.80299996,17.80299996
TSK002840,S099,44.22193437,44.22193437
TSK002840,S100,17.80299996,17.80299996
TSK002936,S001,27.9865154,27.9865154
TSK002936,S002,11.96032187,11.96032187
TSK002936,S003,37.12208735,37.12208735
TSK002936,S004,54.32047004,54.32047004
TSK002936,S005,11.96032187,11.96032187
TSK002936,S006,11.96032187,11.96032187
TSK002936,S007,43.51102635,43.51102635
TSK002936,S008,86.69714148,86.69714148
TSK002936,S009,27.36045213,27.36045213
TSK002936,S010,50.69911779,50.69911779
TSK002936,S011,11.96032187,11.96032187
TSK002936,S012,87.67583779,87.67583779
TSK002936,S013,45.14450789,45.14450789
TSK002936,S014,11.96032187,11.96032187
TSK002936,S015,16.4561464,16.4561464
TSK002936,S016,25.13800967,25.13800967
TSK002936,S017,33.60392698,33.60392698
TSK002936,S018,26.20423076,26.20423076
TSK002936,S019,11.96032187,11.96032187
TSK002936,S020,11.96032187,11.96032187
TSK002936,S021,43.94920236,43.94920236
TSK002936,S022,151.431507,151.431507
TSK002936,S023,11.96032187,11.96032187
TSK002936,S024,11.96032187,11.96032187
TSK002936,S025,11.96032187,11.96032187
TSK002936,S026,47.83511838,47.83511838
TSK002936,S027,94.84349205,94.84349205
TSK002936,S028,11.96032187,11.96032187
TSK002936,S029,81.53363006,81.53363006
TSK002936,S030,75.50330062,75.50330062
TSK002936,S031,28.62091876,28.62091876
TSK002936,S032,103.3116051,103.3116051
TSK002936,S033,59.72719051,59.72719051
TSK002936,S034,44.69117074,44.69117074
TSK002936,S035,11.96032187,11.96032187
TSK002936,S036,79.9510501,79.9510501
TSK002936,S037,74.13744227,74.13744227
TSK002936,S038,36.04268485,36.04268485
TSK002936,S039,45.23924175,45.23924175
TSK002936,S040,45.35969021,45.35969021
TSK002936,S041,19.29508072,19.29508072
TSK002936,S042,76.2841449,76.2841449
TSK002936,S043,11.96032187,11.96032187
TSK002936,S044,23.93245902,23.93245902
TSK002936,S045,14.72461636,14.72461636
TSK002936,S046,42.95384809,42.95384809
TSK002936,S047,21.79255589,21.79255589
TSK002936,S048,160.28444423,160.28444423
TSK002936,S049,26.65575642,26.65575642
TSK002936,S050,43.01451054,43.01451054
TSK002936,S051,45.58996044,45.58996044
TSK002936,S052,28.83388752,28.83388752
TSK002936,S053,83.71272996,83.71272996
TSK002936,S054,28.69835613,28.69835613
TSK002936,S055,40.44980145,40.44980145
TSK002936,S056,11.96032187,11.96032187
TSK002936,S057,31.77612022,31.77612022
TSK002936,S058,38.74201148,38.74201148
TSK002936,S059,57.59205357,57.59205357
TSK002936,S060,47.07756237,47.07756237
TSK002936,S061,45.7204038,45.7204038
TSK002936,S062,36.52276274,36.52276274
TSK002936,S063,31.20053463,31.20053463
TSK002936,S064,107.77425872,107.77425872
TSK002936,S065,11.96032187,11.96032187
TSK002936,S066,76.7279372,76.7279372
TSK002936,S067,12.4211284,12.4211284
TSK002936,S068,20.36478398,20.36478398
TSK002936,S069,44.40973385,44.40973385
TSK002936,S070,12.4211284,12.4211284
TSK002936,S071,30.5101523,30.5101523
TSK002936,S072,11.96032187,11.96032187
TSK002936,S073,11.96032187,11.96032187
TSK002936,S074,40.67514144,40.67514144
TSK002936,S075,11.96032187,11.96032187
TSK002936,S076,17.13972229,17.13972229
TSK002936,S077,11.96032187,11.96032187
TSK002936,S078,20.36478398,20.36478398
TSK002936,S079,29.65076942,29.65076942
TSK002936,S080,43.01451054,43.01451054
TSK002936,S081,61.30409331,61.30409331
TSK002936,S082,11.96032187,11.96032187
TSK002936,S083,11.96032187,11.96032187
TSK002936,S084,11.96032187,11.96032187
TSK002936,S085,11.96032187,11.96032187
TSK002936,S086,28.47812124,28.47812124
TSK002936,S087,11.96032187,11.96032187
TSK002936,S088,26.65575642,26.65575642
TSK002936,S089,35.21560871,35.21560871
TSK002936,S090,26.65575642,26.65575642
TSK002936,S091,75.50330062,75.50330062
TSK002936,S092,54.02291143,54.02291143
TSK002936,S093,11.96032187,11.96032187
TSK002936,S094,11.96032187,11.96032187
TSK002936,S095,101.43055098,101.43055098
TSK002936,S096,53.46218849,53.46218849
TSK002936,S097,22.15650573,22.15650573
TSK002936,S098,11.96032187,11.96032187
TSK002936,S099,31.20053463,31.20053463
TSK002936,S100,11.96032187,11.96032187
TSK002963,S001,23.54043549,23.54043549
TSK002963,S002,9.43501257,9.43501257
TSK002963,S003,29.31467765,29.31467765
TSK002963,S004,42.08820097,42.08820097
TSK002963,S005,9.43501257,9.43501257
TSK002963,S006,9.43501257,9.43501257
TSK002963,S007,33.51638292,33.51638292
TSK002963,S008,66.42906446,66.42906446
TSK002963,S009,21.23902301,21.23902301
TSK002963,S010,39.04139775,39.04139775
TSK002963,S011,9.43501257,9.43501257
TSK002963,S012,66.93908631,66.93908631
TSK002963,S013,34.86505438,34.86505438
TSK002963,S014,9.43501257,9.43501257
TSK002963,S015,12.84948082,12.84948082
TSK002963,S016,19.83329327,19.83329327
TSK002963,S017,26.26359561,26.26359561
TSK002963,S018,20.37171003,20.37171003
TSK002963,S019,9.43501257,9.43501257
TSK002963,S020,9.43501257,9.43501257
TSK002963,S021,33.88955753,33.88955753
TSK002963,S022,115.3835742,115.3835742
TSK002963,S023,9.43501257,9.43501257
TSK002963,S024,9.43501257,9.43501257
TSK002963,S025,9.43501257,9.43501257
TSK002963,S026,36.72823689,36.72823689
TSK002963,S027,72.67165283,72.67165283
TSK002963,S028,9.43501257,9.43501257
TSK002963,S029,62.72327493,62.72327493
TSK002963,S030,58.11789515,58.11789515
TSK002963,S031,22.50844935,22.50844935
TSK002963,S032,82.88558035,82.88558035
TSK002963,S033,46.5538498,46.5538498
TSK002963,S034,34.82381672,34.82381672
TSK002963,S035,9.43501257,9.43501257
TSK002963,S036,61.28453238,61.28453238
TSK002963,S037,57.12279729,57.12279729
TSK002963,S038,27.77529943,27.77529943
TSK002963,S039,34.82790724,34.82790724
TSK002963,S040,35.13733657,35.13733657
TSK002963,S041,15.2243394,15.2243394
TSK002963,S042,58.75207186,58.75207186
TSK002963,S043,9.43501257,9.43501257
TSK002963,S044,18.9171308,18.9171308
TSK002963,S045,11.83437932,11.83437932
TSK002963,S046,33.20742162,33.20742162
TSK002963,S047,17.23894838,17.23894838
TSK002963,S048,123.05159684,123.05159684
TSK002963,S049,21.6525659,21.6525659
TSK002963,S050,33.34074246,33.34074246
TSK002963,S051,35.18311549,35.18311549
TSK002963,S052,22.60810118,22.60810118
TSK002963,S053,64.46656192,64.46656192
TSK002963,S054,22.90555843,22.90555843
TSK002963,S055,31.46981599,31.46981599
TSK002963,S056,9.43501257,9.43501257
TSK002963,S057,25.63159237,25.63159237
TSK002963,S058,30.32971232,30.32971232
TSK002963,S059,44.59811637,44.59811637
TSK002963,S060,36.54144018,36.54144018
TSK002963,S061,35.38413667,35.38413667
TSK002963,S062,28.41639511,28.41639511
TSK002963,S063,24.07196667,24.07196667
TSK002963,S064,82.54044648,82.54044648
TSK002963,S065,9.43501257,9.43501257
TSK002963,S066,59.78969226,59.78969226
TSK002963,S067,9.84052702,9.84052702
TSK002963,S068,16.50140631,16.50140631
TSK002963,S069,34.45838562,34.45838562
TSK002963,S070,9.84052702,9.84052702
TSK002963,S071,23.85598534,23.85598534
TSK002963,S072,9.43501257,9.43501257
TSK002963,S073,9.43501257,9.43501257
TSK002963,S074,32.28183509,32.28183509
TSK002963,S075,9.43501257,9.43501257
TSK002963,S076,13.49006421,13.49006421
TSK002963,S077,9.43501257,9.43501257
TSK002963,S078,16.50140631,16.50140631
TSK002963,S079,22.85165584,22.85165584
TSK002963,S080,33.34074246,33.34074246
TSK002963,S081,47.20364753,47.20364753
TSK002963,S082,9.43501257,9.43501257
TSK002963,S083,9.43501257,9.43501257
TSK002963,S084,9.43501257,9.43501257
TSK002963,S085,9.43501257,9.43501257
TSK002963,S086,22.29065486,22.29065486
TSK002963,S087,9.43501257,9.43501257
TSK002963,S088,21.6525659,21.6525659
TSK002963,S089,27.43497489,27.43497489
TSK002963,S090,21.6525659,21.6525659
TSK002963,S091,58.11789515,58.11789515
TSK002963,S092,42.79195899,42.79195899
TSK002963,S093,9.43501257,9.43501257
TSK002963,S094,9.43501257,9.43501257
TSK002963,S095,77.86549971,77.86549971
TSK002963,S096,41.48325117,41.48325117
TSK002963,S097,17.17397501,17.17397501
TSK002963,S098,9.43501257,9.43501257
TSK002963,S099,24.07196667,24.07196667
TSK002963,S100,9.43501257,9.43501257
TSK003013,S001,18.74898015,18.74898015
TSK003013,S002,6.39266534,6.39266534
TSK003013,S003,21.08197536,21.08197536
TSK003013,S004,27.15149743,27.15149743
TSK003013,S005,6.39266534,6.39266534
TSK003013,S006,6.39266534,6.39266534
TSK003013,S007,20.53259716,20.53259716
TSK003013,S008,43.90274345,43.90274345
TSK003013,S009,13.47680231,13.47680231
TSK003013,S010,23.60875429,23.60875429
TSK003013,S011,6.39266534,6.39266534
TSK003013,S012,39.13196815,39.13196815
TSK003013,S013,22.00486596,22.00486596
TSK003013,S014,6.39266534,6.39266534
TSK003013,S015,8.33665475,8.33665475
TSK003013,S016,14.41350236,14.41350236
TSK003013,S017,17.97917778,17.97917778
TSK003013,S018,13.4394599,13.4394599
TSK003013,S019,6.39266534,6.39266534
TSK003013,S020,6.39266534,6.39266534
TSK003013,S021,21.4191011,21.4191011
TSK003013,S022,70.39430616,70.39430616
TSK003013,S023,6.39266534,6.39266534
TSK003013,S024,6.39266534,6.39266534
TSK003013,S025,6.39266534,6.39266534
TSK003013,S026,23.21403232,23.21403232
TSK003013,S027,43.92914945,43.92914945
TSK003013,S028,6.39266534,6.39266534
TSK003013,S029,39.0400638,39.0400638
TSK003013,S030,36.52566586,36.52566586
TSK003013,S031,15.42257653,15.42257653
TSK003013,S032,58.90697238,58.90697238
TSK003013,S033,30.35446285,30.35446285
TSK003013,S034,22.77379156,22.77379156
TSK003013,S035,6.39266534,6.39266534
TSK003013,S036,36.97948543,36.97948543
TSK003013,S037,35.97230268,35.97230268
TSK003013,S038,17.15734975,17.15734975
TSK003013,S039,21.42507747,21.42507747
TSK003013,S040,23.08707867,23.08707867
TSK003013,S041,10.47780454,10.47780454
TSK003013,S042,37.36343686,37.36343686
TSK003013,S043,6.39266534,6.39266534
TSK003013,S044,12.97692834,12.97692834
TSK003013,S045,8.4831146,8.4831146
TSK003013,S046,20.958536,20.958536
TSK003013,S047,12.09123719,12.09123719
TSK003013,S048,78.68761314,78.68761314
TSK003013,S049,16.17732148,16.17732148
TSK003013,S050,22.25786488,22.25786488
TSK003013,S051,22.89900751,22.89900751
TSK003013,S052,15.82794057,15.82794057
TSK003013,S053,41.60986595,41.60986595
TSK003013,S054,16.43604186,16.43604186
TSK003013,S055,20.52997363,20.52997363
TSK003013,S056,6.39266534,6.39266534
TSK003013,S057,18.21261758,18.21261758
TSK003013,S058,20.65570192,20.65570192
TSK003013,S059,29.59068554,29.59068554
TSK003013,S060,24.81381841,24.81381841
TSK003013,S061,22.6113123,22.6113123
TSK003013,S062,18.99378286,18.99378286
TSK003013,S063,15.11048994,15.11048994
TSK003013,S064,50.16205422,50.16205422
TSK003013,S065,6.39266534,6.39266534
TSK003013,S066,39.05530387,39.05530387
TSK003013,S067,6.75137411,6.75137411
TSK003013,S068,12.32636163,12.32636163
TSK003013,S069,22.66879783,22.66879783
TSK003013,S070,6.75137411,6.75137411
TSK003013,S071,17.15745676,17.15745676
TSK003013,S072,6.39266534,6.39266534
TSK003013,S073,6.39266534,6.39266534
TSK003013,S074,22.86071665,22.86071665
TSK003013,S075,6.39266534,6.39266534
TSK003013,S076,9.46373004,9.46373004
TSK003013,S077,6.39266534,6.39266534
TSK003013,S078,12.32636163,12.32636163
TSK003013,S079,15.53027589,15.53027589
TSK003013,S080,22.25786488,22.25786488
TSK003013,S081,29.42564926,29.42564926
TSK003013,S082,6.39266534,6.39266534
TSK003013,S083,6.39266534,6.39266534
TSK003013,S084,6.39266534,6.39266534
TSK003013,S085,6.39266534,6.39266534
TSK003013,S086,15.38095182,15.38095182
TSK003013,S087,6.39266534,6.39266534
TSK003013,S088,16.17732148,16.17732148
TSK003013,S089,18.85835042,18.85835042
TSK003013,S090,16.17732148,16.17732148
TSK003013,S091,36.52566586,36.52566586
TSK003013,S092,28.14968886,28.14968886
TSK003013,S093,6.39266534,6.39266534
TSK003013,S094,6.39266534,6.39266534
TSK003013,S095,48.00613777,48.00613777
TSK003013,S096,26.33473164,26.33473164
TSK003013,S097,11.10239703,11.10239703
TSK003013,S098,6.39266534,6.39266534
TSK003013,S099,15.11048994,15.11048994
TSK003013,S100,6.39266534,6.39266534
TSK003029,S001,14.92158942,14.92158942
TSK003029,S002,3.9626557,3.9626557
TSK003029,S003,14.50561948,14.50561948
TSK003029,S004,15.22123832,15.22123832
TSK003029,S005,3.9626557,3.9626557
TSK003029,S006,3.9626557,3.9626557
TSK003029,S007,10.16260804,10.16260804
TSK003029,S008,25.90926105,25.90926105
TSK003029,S009,7.27711331,7.27711331
TSK003029,S010,11.2830436,11.2830436
TSK003029,S011,3.9626557,3.9626557
TSK003029,S012,16.92322084,16.92322084
TSK003029,S013,11.73333447,11.73333447
TSK003029,S014,3.9626557,3.9626557
TSK003029,S015,4.73222619,4.73222619
TSK003029,S016,10.08401314,10.08401314
TSK003029,S017,11.36186159,11.36186159
TSK003029,S018,7.90242044,7.90242044
TSK003029,S019,3.9626557,3.9626557
TSK003029,S020,3.9626557,3.9626557
TSK003029,S021,11.45878925,11.45878925
TSK003029,S022,34.4609724,34.4609724
TSK003029,S023,3.9626557,3.9626557
TSK003029,S024,3.9626557,3.9626557
TSK003029,S025,3.9626557,3.9626557
TSK003029,S026,12.41992618,12.41992618
TSK003029,S027,20.9728359,20.9728359
TSK003029,S028,3.9626557,3.9626557
TSK003029,S029,20.12418239,20.12418239
TSK003029,S030,19.27970037,19.27970037
TSK003029,S031,9.76273073,9.76273073
TSK003029,S032,39.75421832,39.75421832
TSK003029,S033,17.41573513,17.41573513
TSK003029,S034,13.14918378,13.14918378
TSK003029,S035,3.9626557,3.9626557
TSK003029,S036,17.56737421,17.56737421
TSK003029,S037,19.0791661,19.0791661
TSK003029,S038,8.67686088,8.67686088
TSK003029,S039,10.72033917,10.72033917
TSK003029,S040,13.46204402,13.46204402
TSK003029,S041,6.68652266,6.68652266
TSK003029,S042,20.27987358,20.27987358
TSK003029,S043,3.9626557,3.9626557
TSK003029,S044,8.23226144,8.23226144
TSK003029,S045,5.80629004,5.80629004
TSK003029,S046,11.17528692,11.17528692
TSK003029,S047,7.97942255,7.97942255
TSK003029,S048,43.25255462,43.25255462
TSK003029,S049,11.803776,11.803776
TSK003029,S050,13.40533176,13.40533176
TSK003029,S051,13.08719665,13.08719665
TSK003029,S052,10.41202654,10.41202654
TSK003029,S053,23.35338391,23.35338391
TSK003029,S054,11.26836704,11.26836704
TSK003029,S055,11.79207738,11.79207738
TSK003029,S056,3.9626557,3.9626557
TSK003029,S057,12.28687972,12.28687972
TSK003029,S058,12.92853378,12.92853378
TSK003029,S059,17.60345713,17.60345713
TSK003029,S060,15.44608748,15.44608748
TSK003029,S061,12.40947314,12.40947314
TSK003029,S062,11.46747965,11.46747965
TSK003029,S063,7.95291296,7.95291296
TSK003029,S064,24.30162249,24.30162249
TSK003029,S065,3.9626557,3.9626557
TSK003029,S066,22.49434052,22.49434052
TSK003029,S067,4.28396827,4.28396827
TSK003029,S068,8.99136396,8.99136396
TSK003029,S069,13.25200496,13.25200496
TSK003029,S070,4.28396827,4.28396827
TSK003029,S071,11.80640762,11.80640762
TSK003029,S072,3.9626557,3.9626557
TSK003029,S073,3.9626557,3.9626557
TSK003029,S074,15.33541087,15.33541087
TSK003029,S075,3.9626557,3.9626557
TSK003029,S076,6.24757302,6.24757302
TSK003029,S077,3.9626557,3.9626557
TSK003029,S078,8.99136396,8.99136396
TSK003029,S079,9.68199024,9.68199024
TSK003029,S080,13.40533176,13.40533176
TSK003029,S081,15.22629984,15.22629984
TSK003029,S082,3.9626557,3.9626557
TSK003029,S083,3.9626557,3.9626557
TSK003029,S084,3.9626557,3.9626557
TSK003029,S085,3.9626557,3.9626557
TSK003029,S086,9.86166761,9.86166761
TSK003029,S087,3.9626557,3.9626557
TSK003029,S088,11.803776,11.803776
TSK003029,S089,12.00750614,12.00750614
TSK003029,S090,11.803776,11.803776
TSK003029,S091,19.27970037,19.27970037
TSK003029,S092,16.45511619,16.45511619
TSK003029,S093,3.9626557,3.9626557
TSK003029,S094,3.9626557,3.9626557
TSK003029,S095,24.15744079,24.15744079
TSK003029,S096,14.23558052,14.23558052
TSK003029,S097,6.2528931,6.2528931
TSK003029,S098,3.9626557,3.9626557
TSK003029,S099,7.95291296,7.95291296
TSK003029,S100,3.9626557,3.9626557
TSK003063,S001,8.69876091,8.69876091
TSK003063,S002,1.94240104,1.94240104
TSK003063,S003,7.00424947,7.00424947
TSK003063,S004,6.72799933,6.72799933
TSK003063,S005,1.94240104,1.94240104
TSK003063,S006,1.94240104,1.94240104
TSK003063,S007,4.29042536,4.29042536
TSK003063,S008,10.53463589,10.53463589
TSK003063,S009,3.27059492,3.27059492
TSK003063,S010,4.74728613,4.74728613
TSK003063,S011,1.94240104,1.94240104
TSK003063,S012,6.41832839,6.41832839
TSK003063,S013,5.06566848,5.06566848
TSK003063,S014,1.94240104,1.94240104
TSK003063,S015,2.20817198,2.20817198
TSK003063,S016,4.83299276,4.83299276
TSK003063,S017,5.26133415,5.26133415
TSK003063,S018,3.56548285,3.56548285
TSK003063,S019,1.94240104,1.94240104
TSK003063,S020,1.94240104,1.94240104
TSK003063,S021,4.88428908,4.88428908
TSK003063,S022,13.03442734,13.03442734
TSK003063,S023,1.94240104,1.94240104
TSK003063,S024,1.94240104,1.94240104
TSK003063,S025,1.94240104,1.94240104
TSK003063,S026,5.10530988,5.10530988
TSK003063,S027,8.38873021,8.38873021
TSK003063,S028,1.94240104,1.94240104
TSK003063,S029,8.40180371,8.40180371
TSK003063,S030,8.09472912,8.09472912
TSK003063,S031,4.68431524,4.68431524
TSK003063,S032,20.7885306,20.7885306
TSK003063,S033,8.01742926,8.01742926
TSK003063,S034,6.03683717,6.03683717
TSK003063,S035,1.94240104,1.94240104
TSK003063,S036,7.0522919,7.0522919
TSK003063,S037,8.07865743,8.07865743
TSK003063,S038,3.6781002,3.6781002
TSK003063,S039,4.5028276,4.5028276
TSK003063,S040,5.9285324,5.9285324
TSK003063,S041,3.26245635,3.26245635
TSK003063,S042,8.558829,8.558829
TSK003063,S043,1.94240104,1.94240104
TSK003063,S044,4.06086323,4.06086323
TSK003063,S045,3.04772614,3.04772614
TSK003063,S046,4.86558654,4.86558654
TSK003063,S047,3.91928249,3.91928249
TSK003063,S048,17.78356325,17.78356325
TSK003063,S049,6.34119177,6.34119177
TSK003063,S050,5.91806606,5.91806606
TSK003063,S051,5.61145432,5.61145432
TSK003063,S052,4.88343003,4.88343003
TSK003063,S053,9.85165684,9.85165684
TSK003063,S054,5.72854798,5.72854798
TSK003063,S055,5.35874916,5.35874916
TSK003063,S056,1.94240104,1.94240104
TSK003063,S057,6.58440774,6.58440774
TSK003063,S058,6.05346583,6.05346583
TSK003063,S059,7.72698638,7.72698638
TSK003063,S060,6.86814093,6.86814093
TSK003063,S061,5.44320009,5.44320009
TSK003063,S062,5.18969137,5.18969137
TSK003063,S063,3.40559473,3.40559473
TSK003063,S064,9.6854019,9.6854019
TSK003063,S065,1.94240104,1.94240104
TSK003063,S066,10.33293421,10.33293421
TSK003063,S067,2.13923412,2.13923412
TSK003063,S068,4.78427812,4.78427812
TSK003063,S069,5.9030418,5.9030418
TSK003063,S070,2.13923412,2.13923412
TSK003063,S071,5.42364579,5.42364579
TSK003063,S072,1.94240104,1.94240104
TSK003063,S073,1.94240104,1.94240104
TSK003063,S074,7.62994382,7.62994382
TSK003063,S075,1.94240104,1.94240104
TSK003063,S076,2.9888439,2.9888439
TSK003063,S077,1.94240104,1.94240104
TSK003063,S078,4.78427812,4.78427812
TSK003063,S079,4.11086358,4.11086358
TSK003063,S080,5.91806606,5.91806606
TSK003063,S081,6.40892405,6.40892405
TSK003063,S082,1.94240104,1.94240104
TSK003063,S083,1.94240104,1.94240104
TSK003063,S084,1.94240104,1.94240104
TSK003063,S085,1.94240104,1.94240104
TSK003063,S086,4.5976054,4.5976054
TSK003063,S087,1.94240104,1.94240104
TSK003063,S088,6.34119177,6.34119177
TSK003063,S089,5.45098575,5.45098575
TSK003063,S090,6.34119177,6.34119177
TSK003063,S091,8.09472912,8.09472912
TSK003063,S092,8.36909056,8.36909056
TSK003063,S093,1.94240104,1.94240104
TSK003063,S094,1.94240104,1.94240104
TSK003063,S095,9.88207613,9.88207613
TSK003063,S096,6.37643056,6.37643056
TSK003063,S097,2.7713013,2.7713013
TSK003063,S098,1.94240104,1.94240104
TSK003063,S099,3.40559473,3.40559473
TSK003063,S100,1.94240104,1.94240104
TSK003097,S001,14.23383641,14.23383641
TSK003097,S002,3.77221339,3.77221339
TSK003097,S003,13.18486333,13.18486333
TSK003097,S004,14.42352253,14.42352253
TSK003097,S005,3.77221339,3.77221339
TSK003097,S006,3.77221339,3.77221339
TSK003097,S007,9.99710228,9.99710228
TSK003097,S008,23.2006686,23.2006686
TSK003097,S009,7.05722216,7.05722216
TSK003097,S010,11.26993015,11.26993015
TSK003097,S011,3.77221339,3.77221339
TSK003097,S012,17.12171282,17.12171282
TSK003097,S013,11.25516218,11.25516218
TSK003097,S014,3.77221339,3.77221339
TSK003097,S015,4.56487796,4.56487796
TSK003097,S016,9.07814029,9.07814029
TSK003097,S017,10.45967069,10.45967069
TSK003097,S018,7.40365162,7.40365162
TSK003097,S019,3.77221339,3.77221339
TSK003097,S020,3.77221339,3.77221339
TSK003097,S021,10.91925609,10.91925609
TSK003097,S022,32.71625709,32.71625709
TSK003097,S023,3.77221339,3.77221339
TSK003097,S024,3.77221339,3.77221339
TSK003097,S025,3.77221339,3.77221339
TSK003097,S026,11.66546743,11.66546743
TSK003097,S027,20.56801993,20.56801993
TSK003097,S028,3.77221339,3.77221339
TSK003097,S029,19.34299411,19.34299411
TSK003097,S030,18.37245529,18.37245529
TSK003097,S031,9.12827439,9.12827439
TSK003097,S032,37.82108025,37.82108025
TSK003097,S033,16.62749245,16.62749245
TSK003097,S034,12.50637755,12.50637755
TSK003097,S035,3.77221339,3.77221339
TSK003097,S036,17.2931126,17.2931126
TSK003097,S037,18.20296106,18.20296106
TSK003097,S038,8.46384181,8.46384181
TSK003097,S039,10.47164944,10.47164944
TSK003097,S040,12.52577856,12.52577856
TSK003097,S041,6.28116954,6.28116954
TSK003097,S042,19.1243032,19.1243032
TSK003097,S043,3.77221339,3.77221339
TSK003097,S044,7.79041497,7.79041497
TSK003097,S045,5.50676667,5.50676667
TSK003097,S046,10.75656412,10.75656412
TSK003097,S047,7.42500725,7.42500725
TSK003097,S048,40.13773232,40.13773232
TSK003097,S049,11.08187943,11.08187943
TSK003097,S050,12.31922577,12.31922577
TSK003097,S051,12.14424633,12.14424633
TSK003097,S052,9.49311607,9.49311607
TSK003097,S053,21.69608893,21.69608893
TSK003097,S054,10.51375059,10.51375059
TSK003097,S055,11.19052815,11.19052815
TSK003097,S056,3.77221339,3.77221339
TSK003097,S057,11.83373253,11.83373253
TSK003097,S058,12.00673658,12.00673658
TSK003097,S059,16.21992634,16.21992634
TSK003097,S060,14.04902437,14.04902437
TSK003097,S061,11.82980615,11.82980615
TSK003097,S062,10.64185684,10.64185684
TSK003097,S063,7.64828116,7.64828116
TSK003097,S064,23.63282574,23.63282574
TSK003097,S065,3.77221339,3.77221339
TSK003097,S066,21.42171272,21.42171272
TSK003097,S067,4.07699852,4.07699852
TSK003097,S068,8.40095776,8.40095776
TSK003097,S069,12.37724323,12.37724323
TSK003097,S070,4.07699852,4.07699852
TSK003097,S071,10.48227208,10.48227208
TSK003097,S072,3.77221339,3.77221339
TSK003097,S073,3.77221339,3.77221339
TSK003097,S074,14.27154179,14.27154179
TSK003097,S075,3.77221339,3.77221339
TSK003097,S076,5.74114393,5.74114393
TSK003097,S077,3.77221339,3.77221339
TSK003097,S078,8.40095776,8.40095776
TSK003097,S079,8.62657451,8.62657451
TSK003097,S080,12.31922577,12.31922577
TSK003097,S081,14.65618974,14.65618974
TSK003097,S082,3.77221339,3.77221339
TSK003097,S083,3.77221339,3.77221339
TSK003097,S084,3.77221339,3.77221339
TSK003097,S085,3.77221339,3.77221339
TSK003097,S086,9.05527178,9.05527178
TSK003097,S087,3.77221339,3.77221339
TSK003097,S088,11.08187943,11.08187943
TSK003097,S089,10.92346915,10.92346915
TSK003097,S090,11.08187943,11.08187943
TSK003097,S091,18.37245529,18.37245529
TSK003097,S092,16.30184715,16.30184715
TSK003097,S093,3.77221339,3.77221339
TSK003097,S094,3.77221339,3.77221339
TSK003097,S095,23.29717211,23.29717211
TSK003097,S096,13.77953678,13.77953678
TSK003097,S097,5.92013754,5.92013754
TSK003097,S098,3.77221339,3.77221339
TSK003097,S099,7.64828116,7.64828116
TSK003097,S100,3.77221339,3.77221339
TSK003117,S001,23.97855348,23.97855348
TSK003117,S002,9.65937523,9.65937523
TSK003117,S003,30.09784696,30.09784696
TSK003117,S004,43.1597269,43.1597269
TSK003117,S005,9.65937523,9.65937523
TSK003117,S006,9.65937523,9.65937523
TSK003117,S007,34.33242729,34.33242729
TSK003117,S008,68.37411315,68.37411315
TSK003117,S009,21.75332114,21.75332114
TSK003117,S010,39.97122485,39.97122485
TSK003117,S011,9.65937523,9.65937523
TSK003117,S012,68.56593583,68.56593583
TSK003117,S013,35.74201317,35.74201317
TSK003117,S014,9.65937523,9.65937523
TSK003117,S015,13.15712014,13.15712014
TSK003117,S016,20.3786824,20.3786824
TSK003117,S017,26.95838705,26.95838705
TSK003117,S018,20.89710922,20.89710922
TSK003117,S019,9.65937523,9.65937523
TSK003117,S020,9.65937523,9.65937523
TSK003117,S021,34.75651849,34.75651849
TSK003117,S022,118.46718783,118.46718783
TSK003117,S023,9.65937523,9.65937523
TSK003117,S024,9.65937523,9.65937523
TSK003117,S025,9.65937523,9.65937523
TSK003117,S026,37.70486597,37.70486597
TSK003117,S027,74.48654886,74.48654886
TSK003117,S028,9.65937523,9.65937523
TSK003117,S029,64.31654704,64.31654704
TSK003117,S030,59.61312428,59.61312428
TSK003117,S031,23.07273256,23.07273256
TSK003117,S032,84.74837257,84.74837257
TSK003117,S033,47.69914824,47.69914824
TSK003117,S034,35.68809649,35.68809649
TSK003117,S035,9.65937523,9.65937523
TSK003117,S036,62.80435806,62.80435806
TSK003117,S037,58.58470935,58.58470935
TSK003117,S038,28.45962478,28.45962478
TSK003117,S039,35.68730266,35.68730266
TSK003117,S040,36.06577055,36.06577055
TSK003117,S041,15.59803621,15.59803621
TSK003117,S042,60.28934759,60.28934759
TSK003117,S043,9.65937523,9.65937523
TSK003117,S044,19.3705014,19.3705014
TSK003117,S045,12.1011385,12.1011385
TSK003117,S046,34.0346689,34.0346689
TSK003117,S047,17.66932176,17.66932176
TSK003117,S048,126.39711168,126.39711168
TSK003117,S049,22.13921826,22.13921826
TSK003117,S050,34.24382084,34.24382084
TSK003117,S051,36.12705674,36.12705674
TSK003117,S052,23.21619381,23.21619381
TSK003117,S053,66.20167662,66.20167662
TSK003117,S054,23.45908316,23.45908316
TSK003117,S055,32.2583953,32.2583953
TSK003117,S056,9.65937523,9.65937523
TSK003117,S057,26.1762553,26.1762553
TSK003117,S058,31.11225484,31.11225484
TSK003117,S059,45.8019298,45.8019298
TSK003117,S060,37.55120976,37.55120976
TSK003117,S061,36.27803125,36.27803125
TSK003117,S062,29.16281695,29.16281695
TSK003117,S063,24.67681948,24.67681948
TSK003117,S064,84.63142923,84.63142923
TSK003117,S065,9.65937523,9.65937523
TSK003117,S066,61.26954227,61.26954227
TSK003117,S067,10.07131339,10.07131339
TSK003117,S068,16.88122291,16.88122291
TSK003117,S069,35.35771983,35.35771983
TSK003117,S070,10.07131339,10.07131339
TSK003117,S071,24.5477432,24.5477432
TSK003117,S072,9.65937523,9.65937523
TSK003117,S073,9.65937523,9.65937523
TSK003117,S074,33.08023976,33.08023976
TSK003117,S075,9.65937523,9.65937523
TSK003117,S076,13.84259398,13.84259398
TSK003117,S077,9.65937523,9.65937523
TSK003117,S078,16.88122291,16.88122291
TSK003117,S079,23.5220922,23.5220922
TSK003117,S080,34.24382084,34.24382084
TSK003117,S081,48.3960888,48.3960888
TSK003117,S082,9.65937523,9.65937523
TSK003117,S083,9.65937523,9.65937523
TSK003117,S084,9.65937523,9.65937523
TSK003117,S085,9.65937523,9.65937523
TSK003117,S086,22.88193658,22.88193658
TSK003117,S087,9.65937523,9.65937523
TSK003117,S088,22.13921826,22.13921826
TSK003117,S089,28.18706309,28.18706309
TSK003117,S090,22.13921826,22.13921826
TSK003117,S091,59.61312428,59.61312428
TSK003117,S092,43.7049456,43.7049456
TSK003117,S093,9.65937523,9.65937523
TSK003117,S094,9.65937523,9.65937523
TSK003117,S095,79.84702629,79.84702629
TSK003117,S096,42.4928219,42.4928219
TSK003117,S097,17.6113931,17.6113931
TSK003117,S098,9.65937523,9.65937523
TSK003117,S099,24.67681948,24.67681948
TSK003117,S100,9.65937523,9.65937523
TSK003147,S001,13.19897616,13.19897616
TSK003147,S002,3.05412854,3.05412854
TSK003147,S003,11.44120645,11.44120645
TSK003147,S004,10.86400903,10.86400903
TSK003147,S005,3.05412854,3.05412854
TSK003147,S006,3.05412854,3.05412854
TSK003147,S007,6.77221398,6.77221398
TSK003147,S008,18.20543438,18.20543438
TSK003147,S009,5.15921544,5.15921544
TSK003147,S010,7.39131802,7.39131802
TSK003147,S011,3.05412854,3.05412854
TSK003147,S012,10.07806252,10.07806252
TSK003147,S013,8.13881293,8.13881293
TSK003147,S014,3.05412854,3.05412854
TSK003147,S015,3.47119464,3.47119464
TSK003147,S016,7.96403196,7.96403196
TSK003147,S017,8.59932367,8.59932367
TSK003147,S018,5.78349226,5.78349226
TSK003147,S019,3.05412854,3.05412854
TSK003147,S020,3.05412854,3.05412854
TSK003147,S021,7.9161379,7.9161379
TSK003147,S022,21.83203048,21.83203048
TSK003147,S023,3.05412854,3.05412854
TSK003147,S024,3.05412854,3.05412854
TSK003147,S025,3.05412854,3.05412854
TSK003147,S026,8.45304806,8.45304806
TSK003147,S027,13.4385309,13.4385309
TSK003147,S028,3.05412854,3.05412854
TSK003147,S029,13.5793279,13.5793279
TSK003147,S030,13.16597086,13.16597086
TSK003147,S031,7.50308429,7.50308429
TSK003147,S032,32.26845802,32.26845802
TSK003147,S033,12.74802246,12.74802246
TSK003147,S034,9.63459436,9.63459436
TSK003147,S035,3.05412854,3.05412854
TSK003147,S036,11.24746286,11.24746286
TSK003147,S037,13.0998998,13.0998998
TSK003147,S038,5.8458151,5.8458151
TSK003147,S039,7.16196193,7.16196193
TSK003147,S040,9.72662894,9.72662894
TSK003147,S041,5.18765576,5.18765576
TSK003147,S042,14.03054208,14.03054208
TSK003147,S043,3.05412854,3.05412854
TSK003147,S044,6.40569089,6.40569089
TSK003147,S045,4.73799828,4.73799828
TSK003147,S046,7.77925324,7.77925324
TSK003147,S047,6.26750716,6.26750716
TSK003147,S048,29.75017308,29.75017308
TSK003147,S049,9.88347945,9.88347945
TSK003147,S050,9.80052346,9.80052346
TSK003147,S051,9.28793096,9.28793096
TSK003147,S052,8.01528497,8.01528497
TSK003147,S053,16.35733915,16.35733915
TSK003147,S054,9.07336066,9.07336066
TSK003147,S055,8.58777586,8.58777586
TSK003147,S056,3.05412854,3.05412854
TSK003147,S057,10.07984372,10.07984372
TSK003147,S058,9.80171408,9.80171408
TSK003147,S059,12.78773328,12.78773328
TSK003147,S060,11.44517237,11.44517237
TSK003147,S061,8.76057309,8.76057309
TSK003147,S062,8.47624681,8.47624681
TSK003147,S063,5.46960968,5.46960968
TSK003147,S064,15.65417101,15.65417101
TSK003147,S065,3.05412854,3.05412854
TSK003147,S066,16.47197245,16.47197245
TSK003147,S067,3.35123435,3.35123435
TSK003147,S068,7.49703323,7.49703323
TSK003147,S069,9.62842649,9.62842649
TSK003147,S070,3.35123435,3.35123435
TSK003147,S071,9.12535172,9.12535172
TSK003147,S072,3.05412854,3.05412854
TSK003147,S073,3.05412854,3.05412854
TSK003147,S074,12.16532294,12.16532294
TSK003147,S075,3.05412854,3.05412854
TSK003147,S076,4.85382362,4.85382362
TSK003147,S077,3.05412854,3.05412854
TSK003147,S078,7.49703323,7.49703323
TSK003147,S079,7.04642084,7.04642084
TSK003147,S080,9.80052346,9.80052346
TSK003147,S081,10.32560956,10.32560956
TSK003147,S082,3.05412854,3.05412854
TSK003147,S083,3.05412854,3.05412854
TSK003147,S084,3.05412854,3.05412854
TSK003147,S085,3.05412854,3.05412854
TSK003147,S086,7.5169854,7.5169854
TSK003147,S087,3.05412854,3.05412854
TSK003147,S088,9.88347945,9.88347945
TSK003147,S089,9.03466641,9.03466641
TSK003147,S090,9.88347945,9.88347945
TSK003147,S091,13.16597086,13.16597086
TSK003147,S092,12.65675973,12.65675973
TSK003147,S093,3.05412854,3.05412854
TSK003147,S094,3.05412854,3.05412854
TSK003147,S095,15.99957245,15.99957245
TSK003147,S096,10.0821092,10.0821092
TSK003147,S097,4.47534517,4.47534517
TSK003147,S098,3.05412854,3.05412854
TSK003147,S099,5.46960968,5.46960968
TSK003147,S100,3.05412854,3.05412854
TSK003196,S001,68.36317718,68.36317718
TSK003196,S002,31.82841988,31.82841988
TSK003196,S003,91.69329245,91.69329245
TSK003196,S004,131.2147899,131.2147899
TSK003196,S005,31.82841988,31.82841988
TSK003196,S006,31.82841988,31.82841988
TSK003196,S007,115.68606664,115.68606664
TSK003196,S008,214.91103476,214.91103476
TSK003196,S009,80.09647373,80.09647373
TSK003196,S010,129.73738038,129.73738038
TSK003196,S011,31.82841988,31.82841988
TSK003196,S012,273.34259204,273.34259204
TSK003196,S013,129.54549763,129.54549763
TSK003196,S014,31.82841988,31.82841988
TSK003196,S015,42.81891125,42.81891125
TSK003196,S016,59.90395904,59.90395904
TSK003196,S017,84.57311954,84.57311954
TSK003196,S018,68.75049914,68.75049914
TSK003196,S019,31.82841988,31.82841988
TSK003196,S020,31.82841988,31.82841988
TSK003196,S021,115.3174702,115.3174702
TSK003196,S022,421.28624834,421.28624834
TSK003196,S023,31.82841988,31.82841988
TSK003196,S024,31.82841988,31.82841988
TSK003196,S025,31.82841988,31.82841988
TSK003196,S026,116.74989703,116.74989703
TSK003196,S027,276.56504638,276.56504638
TSK003196,S028,31.82841988,31.82841988
TSK003196,S029,223.71578491,223.71578491
TSK003196,S030,187.17883624,187.17883624
TSK003196,S031,73.35765321,73.35765321
TSK003196,S032,257.50984,257.50984
TSK003196,S033,159.53308025,159.53308025
TSK003196,S034,115.79768735,115.79768735
TSK003196,S035,31.82841988,31.82841988
TSK003196,S036,211.00057603,211.00057603
TSK003196,S037,201.83717984,201.83717984
TSK003196,S038,90.05140083,90.05140083
TSK003196,S039,112.06394948,112.06394948
TSK003196,S040,113.11597031,113.11597031
TSK003196,S041,48.29965861,48.29965861
TSK003196,S042,209.6092181,209.6092181
TSK003196,S043,31.82841988,31.82841988
TSK003196,S044,58.98279053,58.98279053
TSK003196,S045,37.37697983,37.37697983
TSK003196,S046,105.82776989,105.82776989
TSK003196,S047,53.52719698,53.52719698
TSK003196,S048,425.86142903,425.86142903
TSK003196,S049,63.92540875,63.92540875
TSK003196,S050,110.69490213,110.69490213
TSK003196,S051,121.50563404,121.50563404
TSK003196,S052,73.02417675,73.02417675
TSK003196,S053,203.09752201,203.09752201
TSK003196,S054,68.48764802,68.48764802
TSK003196,S055,109.75586434,109.75586434
TSK003196,S056,31.82841988,31.82841988
TSK003196,S057,77.90720794,77.90720794
TSK003196,S058,100.51926871,100.51926871
TSK003196,S059,144.53082644,144.53082644
TSK003196,S060,111.63118237,111.63118237
TSK003196,S061,119.08837956,119.08837956
TSK003196,S062,95.85298945,95.85298945
TSK003196,S063,81.80511961,81.80511961
TSK003196,S064,299.35596262,299.35596262
TSK003196,S065,31.82841988,31.82841988
TSK003196,S066,211.0595837,211.0595837
TSK003196,S067,32.74499291,32.74499291
TSK003196,S068,49.04326331,49.04326331
TSK003196,S069,122.20405874,122.20405874
TSK003196,S070,32.74499291,32.74499291
TSK003196,S071,71.9562017,71.9562017
TSK003196,S072,31.82841988,31.82841988
TSK003196,S073,31.82841988,31.82841988
TSK003196,S074,97.60984445,97.60984445
TSK003196,S075,31.82841988,31.82841988
TSK003196,S076,42.96142968,42.96142968
TSK003196,S077,31.82841988,31.82841988
TSK003196,S078,49.04326331,49.04326331
TSK003196,S079,71.72935178,71.72935178
TSK003196,S080,110.69490213,110.69490213
TSK003196,S081,156.97492723,156.97492723
TSK003196,S082,31.82841988,31.82841988
TSK003196,S083,31.82841988,31.82841988
TSK003196,S084,31.82841988,31.82841988
TSK003196,S085,31.82841988,31.82841988
TSK003196,S086,68.92058959,68.92058959
TSK003196,S087,31.82841988,31.82841988
TSK003196,S088,63.92540875,63.92540875
TSK003196,S089,91.73477769,91.73477769
TSK003196,S090,63.92540875,63.92540875
TSK003196,S091,187.17883624,187.17883624
TSK003196,S092,133.10637715,133.10637715
TSK003196,S093,31.82841988,31.82841988
TSK003196,S094,31.82841988,31.82841988
TSK003196,S095,282.91645761,282.91645761
TSK003196,S096,137.74740056,137.74740056
TSK003196,S097,56.07512217,56.07512217
TSK003196,S098,31.82841988,31.82841988
TSK003196,S099,81.80511961,81.80511961
TSK003196,S100,31.82841988,31.82841988
TSK003211,S001,13.1677241,13.1677241
TSK003211,S002,3.077948,3.077948
TSK003211,S003,11.36285265,11.36285265
TSK003211,S004,11.00529448,11.00529448
TSK003211,S005,3.077948,3.077948
TSK003211,S006,3.077948,3.077948
TSK003211,S007,6.98863253,6.98863253
TSK003211,S008,18.15155726,18.15155726
TSK003211,S009,5.26715384,5.26715384
TSK003211,S010,7.68111117,7.68111117
TSK003211,S011,3.077948,3.077948
TSK003211,S012,10.63960756,10.63960756
TSK003211,S013,8.2974521,8.2974521
TSK003211,S014,3.077948,3.077948
TSK003211,S015,3.52694309,3.52694309
TSK003211,S016,7.88826661,7.88826661
TSK003211,S017,8.59616586,8.59616586
TSK003211,S018,5.82627182,5.82627182
TSK003211,S019,3.077948,3.077948
TSK003211,S020,3.077948,3.077948
TSK003211,S021,8.0565199,8.0565199
TSK003211,S022,22.37425351,22.37425351
TSK003211,S023,3.077948,3.077948
TSK003211,S024,3.077948,3.077948
TSK003211,S025,3.077948,3.077948
TSK003211,S026,8.57507764,8.57507764
TSK003211,S027,13.91080708,13.91080708
TSK003211,S028,3.077948,3.077948
TSK003211,S029,13.88910304,13.88910304
TSK003211,S030,13.41381512,13.41381512
TSK003211,S031,7.52471254,7.52471254
TSK003211,S032,32.37956886,32.37956886
TSK003211,S033,12.91488845,12.91488845
TSK003211,S034,9.74870652,9.74870652
TSK003211,S035,3.077948,3.077948
TSK003211,S036,11.6588932,11.6588932
TSK003211,S037,13.34488645,13.34488645
TSK003211,S038,6.00902696,6.00902696
TSK003211,S039,7.37156279,7.37156279
TSK003211,S040,9.78871135,9.78871135
TSK003211,S041,5.20562662,5.20562662
TSK003211,S042,14.23050126,14.23050126
TSK003211,S043,3.077948,3.077948
TSK003211,S044,6.43978545,6.43978545
TSK003211,S045,4.74832362,4.74832362
TSK003211,S046,7.93686247,7.93686247
TSK003211,S047,6.26664105,6.26664105
TSK003211,S048,30.03762247,30.03762247
TSK003211,S049,9.85911647,9.85911647
TSK003211,S050,9.81772603,9.81772603
TSK003211,S051,9.35325451,9.35325451
TSK003211,S052,7.98068909,7.98068909
TSK003211,S053,16.49612434,16.49612434
TSK003211,S054,9.06201619,9.06201619
TSK003211,S055,8.68818922,8.68818922
TSK003211,S056,3.077948,3.077948
TSK003211,S057,10.13992561,10.13992561
TSK003211,S058,9.82138286,9.82138286
TSK003211,S059,12.82648485,12.82648485
TSK003211,S060,11.41944228,11.41944228
TSK003211,S061,8.89956224,8.89956224
TSK003211,S062,8.50820995,8.50820995
TSK003211,S063,5.58522269,5.58522269
TSK003211,S064,16.14846224,16.14846224
TSK003211,S065,3.077948,3.077948
TSK003211,S066,16.67425446,16.67425446
TSK003211,S067,3.37300925,3.37300925
TSK003211,S068,7.47137425,7.47137425
TSK003211,S069,9.69648019,9.69648019
TSK003211,S070,3.37300925,3.37300925
TSK003211,S071,9.01735895,9.01735895
TSK003211,S072,3.077948,3.077948
TSK003211,S073,3.077948,3.077948
TSK003211,S074,12.15501363,12.15501363
TSK003211,S075,3.077948,3.077948
TSK003211,S076,4.84023999,4.84023999
TSK003211,S077,3.077948,3.077948
TSK003211,S078,7.47137425,7.47137425
TSK003211,S079,6.99786532,6.99786532
TSK003211,S080,9.81772603,9.81772603
TSK003211,S081,10.5610342,10.5610342
TSK003211,S082,3.077948,3.077948
TSK003211,S083,3.077948,3.077948
TSK003211,S084,3.077948,3.077948
TSK003211,S085,3.077948,3.077948
TSK003211,S086,7.50479188,7.50479188
TSK003211,S087,3.077948,3.077948
TSK003211,S088,9.85911647,9.85911647
TSK003211,S089,9.00479598,9.00479598
TSK003211,S090,9.85911647,9.85911647
TSK003211,S091,13.41381512,13.41381512
TSK003211,S092,12.9067408,12.9067408
TSK003211,S093,3.077948,3.077948
TSK003211,S094,3.077948,3.077948
TSK003211,S095,16.41223148,16.41223148
TSK003211,S096,10.28798695,10.28798695
TSK003211,S097,4.53126973,4.53126973
TSK003211,S098,3.077948,3.077948
TSK003211,S099,5.58522269,5.58522269
TSK003211,S100,3.077948,3.077948
TSK003317,S001,14.92158942,14.92158942
TSK003317,S002,3.9626557,3.9626557
TSK003317,S003,14.50561948,14.50561948
TSK003317,S004,15.22123832,15.22123832
TSK003317,S005,3.9626557,3.9626557
TSK003317,S006,3.9626557,3.9626557
TSK003317,S007,10.16260804,10.16260804
TSK003317,S008,25.90926105,25.90926105
TSK003317,S009,7.27711331,7.27711331
TSK003317,S010,11.2830436,11.2830436
TSK003317,S011,3.9626557,3.9626557
TSK003317,S012,16.92322084,16.92322084
TSK003317,S013,11.73333447,11.73333447
TSK003317,S014,3.9626557,3.9626557
TSK003317,S015,4.73222619,4.73222619
TSK003317,S016,10.08401314,10.08401314
TSK003317,S017,11.36186159,11.36186159
TSK003317,S018,7.90242044,7.90242044
TSK003317,S019,3.9626557,3.9626557
TSK003317,S020,3.9626557,3.9626557
TSK003317,S021,11.45878925,11.45878925
TSK003317,S022,34.4609724,34.4609724
TSK003317,S023,3.9626557,3.9626557
TSK003317,S024,3.9626557,3.9626557
TSK003317,S025,3.9626557,3.9626557
TSK003317,S026,12.41992618,12.41992618
TSK003317,S027,20.9728359,20.9728359
TSK003317,S028,3.9626557,3.9626557
TSK003317,S029,20.12418239,20.12418239
TSK003317,S030,19.27970037,19.27970037
TSK003317,S031,9.76273073,9.76273073
TSK003317,S032,39.75421832,39.75421832
TSK003317,S033,17.41573513,17.41573513
TSK003317,S034,13.14918378,13.14918378
TSK003317,S035,3.9626557,3.9626557
TSK003317,S036,17.56737421,17.56737421
TSK003317,S037,19.0791661,19.0791661
TSK003317,S038,8.67686088,8.67686088
TSK003317,S039,10.72033917,10.72033917
TSK003317,S040,13.46204402,13.46204402
TSK003317,S041,6.68652266,6.68652266
TSK003317,S042,20.27987358,20.27987358
TSK003317,S043,3.9626557,3.9626557
TSK003317,S044,8.23226144,8.23226144
TSK003317,S045,5.80629004,5.80629004
TSK003317,S046,11.17528692,11.17528692
TSK003317,S047,7.97942255,7.97942255
TSK003317,S048,43.25255462,43.25255462
TSK003317,S049,11.803776,11.803776
TSK003317,S050,13.40533176,13.40533176
TSK003317,S051,13.08719665,13.08719665
TSK003317,S052,10.41202654,10.41202654
TSK003317,S053,23.35338391,23.35338391
TSK003317,S054,11.26836704,11.26836704
TSK003317,S055,11.79207738,11.79207738
TSK003317,S056,3.9626557,3.9626557
TSK003317,S057,12.28687972,12.28687972
TSK003317,S058,12.92853378,12.92853378
TSK003317,S059,17.60345713,17.60345713
TSK003317,S060,15.44608748,15.44608748
TSK003317,S061,12.40947314,12.40947314
TSK003317,S062,11.46747965,11.46747965
TSK003317,S063,7.95291296,7.95291296
TSK003317,S064,24.30162249,24.30162249
TSK003317,S065,3.9626557,3.9626557
TSK003317,S066,22.49434052,22.49434052
TSK003317,S067,4.28396827,4.28396827
TSK003317,S068,8.99136396,8.99136396
TSK003317,S069,13.25200496,13.25200496
TSK003317,S070,4.28396827,4.28396827
TSK003317,S071,11.80640762,11.80640762
TSK003317,S072,3.9626557,3.9626557
TSK003317,S073,3.9626557,3.9626557
TSK003317,S074,15.33541087,15.33541087
TSK003317,S075,3.9626557,3.9626557
TSK003317,S076,6.24757302,6.24757302
TSK003317,S077,3.9626557,3.9626557
TSK003317,S078,8.99136396,8.99136396
TSK003317,S079,9.68199024,9.68199024
TSK003317,S080,13.40533176,13.40533176
TSK003317,S081,15.22629984,15.22629984
TSK003317,S082,3.9626557,3.9626557
TSK003317,S083,3.9626557,3.9626557
TSK003317,S084,3.9626557,3.9626557
TSK003317,S085,3.9626557,3.9626557
TSK003317,S086,9.86166761,9.86166761
TSK003317,S087,3.9626557,3.9626557
TSK003317,S088,11.803776,11.803776
TSK003317,S089,12.00750614,12.00750614
TSK003317,S090,11.803776,11.803776
TSK003317,S091,19.27970037,19.27970037
TSK003317,S092,16.45511619,16.45511619
TSK003317,S093,3.9626557,3.9626557
TSK003317,S094,3.9626557,3.9626557
TSK003317,S095,24.15744079,24.15744079
TSK003317,S096,14.23558052,14.23558052
TSK003317,S097,6.2528931,6.2528931
TSK003317,S098,3.9626557,3.9626557
TSK003317,S099,7.95291296,7.95291296
TSK003317,S100,3.9626557,3.9626557
TSK003348,S001,18.8772438,18.8772438
TSK003348,S002,6.20412848,6.20412848
TSK003348,S003,21.45481432,21.45481432
TSK003348,S004,26.07534854,26.07534854
TSK003348,S005,6.20412848,6.20412848
TSK003348,S006,6.20412848,6.20412848
TSK003348,S007,19.01836634,19.01836634
TSK003348,S008,43.93040855,43.93040855
TSK003348,S009,12.70413549,12.70413549
TSK003348,S010,21.60762432,21.60762432
TSK003348,S011,6.20412848,6.20412848
TSK003348,S012,35.2827317,35.2827317
TSK003348,S013,20.84957389,20.84957389
TSK003348,S014,6.20412848,6.20412848
TSK003348,S015,7.93075342,7.93075342
TSK003348,S016,14.80848096,14.80848096
TSK003348,S017,17.88636202,17.88636202
TSK003348,S018,13.08093939,13.08093939
TSK003348,S019,6.20412848,6.20412848
TSK003348,S020,6.20412848,6.20412848
TSK003348,S021,20.38198209,20.38198209
TSK003348,S022,66.43154275,66.43154275
TSK003348,S023,6.20412848,6.20412848
TSK003348,S024,6.20412848,6.20412848
TSK003348,S025,6.20412848,6.20412848
TSK003348,S026,22.27623662,22.27623662
TSK003348,S027,40.6191977,40.6191977
TSK003348,S028,6.20412848,6.20412848
TSK003348,S029,36.80349864,36.80349864
TSK003348,S030,34.70038782,34.70038782
TSK003348,S031,15.19275603,15.19275603
TSK003348,S032,57.89478673,57.89478673
TSK003348,S033,29.1030212,29.1030212
TSK003348,S034,21.90480604,21.90480604
TSK003348,S035,6.20412848,6.20412848
TSK003348,S036,34.10593124,34.10593124
TSK003348,S037,34.17068406,34.17068406
TSK003348,S038,16.0041897,16.0041897
TSK003348,S039,19.94731947,19.94731947
TSK003348,S040,22.53980144,22.53980144
TSK003348,S041,10.30232121,10.30232121
TSK003348,S042,35.83700367,35.83700367
TSK003348,S043,6.20412848,6.20412848
TSK003348,S044,12.68556179,12.68556179
TSK003348,S045,8.37382579,8.37382579
TSK003348,S046,19.81790184,19.81790184
TSK003348,S047,12.02678682,12.02678682
TSK003348,S048,76.30865054,76.30865054
TSK003348,S049,16.25371594,16.25371594
TSK003348,S050,22.0012078,22.0012078
TSK003348,S051,22.32851846,22.32851846
TSK003348,S052,15.94991194,15.94991194
TSK003348,S053,40.44177734,40.44177734
TSK003348,S054,16.41845708,16.41845708
TSK003348,S055,19.7607455,19.7607455
TSK003348,S056,6.20412848,6.20412848
TSK003348,S057,17.74051271,17.74051271
TSK003348,S058,20.40290071,20.40290071
TSK003348,S059,29.14756722,29.14756722
TSK003348,S060,24.81388035,24.81388035
TSK003348,S061,21.57870532,21.57870532
TSK003348,S062,18.66837199,18.66837199
TSK003348,S063,14.27410674,14.27410674
TSK003348,S064,46.66667397,46.66667397
TSK003348,S065,6.20412848,6.20412848
TSK003348,S066,37.52338003,37.52338003
TSK003348,S067,6.57484453,6.57484453
TSK003348,S068,12.42840093,12.42840093
TSK003348,S069,22.0881336,22.0881336
TSK003348,S070,6.57484453,6.57484453
TSK003348,S071,17.73436425,17.73436425
TSK003348,S072,6.20412848,6.20412848
TSK003348,S073,6.20412848,6.20412848
TSK003348,S074,22.79670596,22.79670596
TSK003348,S075,6.20412848,6.20412848
TSK003348,S076,9.49312136,9.49312136
TSK003348,S077,6.20412848,6.20412848
TSK003348,S078,12.42840093,12.42840093
TSK003348,S079,15.7312236,15.7312236
TSK003348,S080,22.0012078,22.0012078
TSK003348,S081,27.72888747,27.72888747
TSK003348,S082,6.20412848,6.20412848
TSK003348,S083,6.20412848,6.20412848
TSK003348,S084,6.20412848,6.20412848
TSK003348,S085,6.20412848,6.20412848
TSK003348,S086,15.36264773,15.36264773
TSK003348,S087,6.20412848,6.20412848
TSK003348,S088,16.25371594,16.25371594
TSK003348,S089,18.92674226,18.92674226
TSK003348,S090,16.25371594,16.25371594
TSK003348,S091,34.70038782,34.70038782
TSK003348,S092,26.40544364,26.40544364
TSK003348,S093,6.20412848,6.20412848
TSK003348,S094,6.20412848,6.20412848
TSK003348,S095,45.0496668,45.0496668
TSK003348,S096,24.85632197,24.85632197
TSK003348,S097,10.67426926,10.67426926
TSK003348,S098,6.20412848,6.20412848
TSK003348,S099,14.27410674,14.27410674
TSK003348,S100,6.20412848,6.20412848
TSK003352,S001,27.59820863,27.59820863
TSK003352,S002,11.83908582,11.83908582
TSK003352,S003,36.38412878,36.38412878
TSK003352,S004,53.79511382,53.79511382
TSK003352,S005,11.83908582,11.83908582
TSK003352,S006,11.83908582,11.83908582
TSK003352,S007,43.32302262,43.32302262
TSK003352,S008,85.13864327,85.13864327
TSK003352,S009,27.18650475,27.18650475
TSK003352,S010,50.56909652,50.56909652
TSK003352,S011,11.83908582,11.83908582
TSK003352,S012,87.55460174,87.55460174
TSK003352,S013,44.79837018,44.79837018
TSK003352,S014,11.83908582,11.83908582
TSK003352,S015,16.33491035,16.33491035
TSK003352,S016,24.5827837,24.5827837
TSK003352,S017,33.07857076,33.07857076
TSK003352,S018,25.89499098,25.89499098
TSK003352,S019,11.83908582,11.83908582
TSK003352,S020,11.83908582,11.83908582
TSK003352,S021,43.57495194,43.57495194
TSK003352,S022,150.18400562,150.18400562
TSK003352,S023,11.83908582,11.83908582
TSK003352,S024,11.83908582,11.83908582
TSK003352,S025,11.83908582,11.83908582
TSK003352,S026,47.343146,47.343146
TSK003352,S027,94.40774508,94.40774508
TSK003352,S028,11.83908582,11.83908582
TSK003352,S029,80.9467773,80.9467773
TSK003352,S030,74.86900767,74.86900767
TSK003352,S031,28.24139721,28.24139721
TSK003352,S032,102.13614253,102.13614253
TSK003352,S033,59.19656316,59.19656316
TSK003352,S034,44.26772309,44.26772309
TSK003352,S035,11.83908582,11.83908582
TSK003352,S036,79.6172117,79.6172117
TSK003352,S037,73.5224768,73.5224768
TSK003352,S038,35.84940999,35.84940999
TSK003352,S039,45.00555487,45.00555487
TSK003352,S040,44.7868938,44.7868938
TSK003352,S041,19.05085158,19.05085158
TSK003352,S042,75.52510181,75.52510181
TSK003352,S043,11.83908582,11.83908582
TSK003352,S044,23.66011717,23.66011717
TSK003352,S045,14.54539785,14.54539785
TSK003352,S046,42.64285126,42.64285126
TSK003352,S047,21.46925976,21.46925976
TSK003352,S048,158.34466743,158.34466743
TSK003352,S049,26.24460808,26.24460808
TSK003352,S050,42.37318941,42.37318941
TSK003352,S051,45.0118929,45.0118929
TSK003352,S052,28.3120454,28.3120454
TSK003352,S053,82.68661615,82.68661615
TSK003352,S054,28.26260917,28.26260917
TSK003352,S055,40.05622355,40.05622355
TSK003352,S056,11.83908582,11.83908582
TSK003352,S057,31.48620793,31.48620793
TSK003352,S058,38.19557073,38.19557073
TSK003352,S059,56.76799984,56.76799984
TSK003352,S060,46.27283612,46.27283612
TSK003352,S061,45.32331181,45.32331181
TSK003352,S062,36.02727628,36.02727628
TSK003352,S063,30.97387592,30.97387592
TSK003352,S064,107.17510665,107.17510665
TSK003352,S065,11.83908582,11.83908582
TSK003352,S066,76.0163343,76.0163343
TSK003352,S067,12.29110713,12.29110713
TSK003352,S068,20.03094559,20.03094559
TSK003352,S069,43.87032128,43.87032128
TSK003352,S070,12.29110713,12.29110713
TSK003352,S071,29.782736,29.782736
TSK003352,S072,11.83908582,11.83908582
TSK003352,S073,11.83908582,11.83908582
TSK003352,S074,40.05841892,40.05841892
TSK003352,S075,11.83908582,11.83908582
TSK003352,S076,16.84980999,16.84980999
TSK003352,S077,11.83908582,11.83908582
TSK003352,S078,20.03094559,20.03094559
TSK003352,S079,29.05513144,29.05513144
TSK003352,S080,42.37318941,42.37318941
TSK003352,S081,60.87186044,60.87186044
TSK003352,S082,11.83908582,11.83908582
TSK003352,S083,11.83908582,11.83908582
TSK003352,S084,11.83908582,11.83908582
TSK003352,S085,11.83908582,11.83908582
TSK003352,S086,28.01250453,28.01250453
TSK003352,S087,11.83908582,11.83908582
TSK003352,S088,26.24460808,26.24460808
TSK003352,S089,34.59537211,34.59537211
TSK003352,S090,26.24460808,26.24460808
TSK003352,S091,74.86900767,74.86900767
TSK003352,S092,53.82787952,53.82787952
TSK003352,S093,11.83908582,11.83908582
TSK003352,S094,11.83908582,11.83908582
TSK003352,S095,100.75408896,100.75408896
TSK003352,S096,53.1090226,53.1090226
TSK003352,S097,21.93863225,21.93863225
TSK003352,S098,11.83908582,11.83908582
TSK003352,S099,30.97387592,30.97387592
TSK003352,S100,11.83908582,11.83908582
TSK003361,S001,16.81175145,16.81175145
TSK003361,S002,4.93381116,4.93381116
TSK003361,S003,17.88262517,17.88262517
TSK003361,S004,19.86155347,19.86155347
TSK003361,S005,4.93381116,4.93381116
TSK003361,S006,4.93381116,4.93381116
TSK003361,S007,13.70526798,13.70526798
TSK003361,S008,34.30754297,34.30754297
TSK003361,S009,9.50753319,9.50753319
TSK003361,S010,15.32312739,15.32312739
TSK003361,S011,4.93381116,4.93381116
TSK003361,S012,23.99622679,23.99622679
TSK003361,S013,15.53451183,15.53451183
TSK003361,S014,4.93381116,4.93381116
TSK003361,S015,6.06569641,6.06569641
TSK003361,S016,12.43401705,12.43401705
TSK003361,S017,14.36310432,14.36310432
TSK003361,S018,10.17557253,10.17557253
TSK003361,S019,4.93381116,4.93381116
TSK003361,S020,4.93381116,4.93381116
TSK003361,S021,15.21531223,15.21531223
TSK003361,S022,47.82564362,47.82564362
TSK003361,S023,4.93381116,4.93381116
TSK003361,S024,4.93381116,4.93381116
TSK003361,S025,4.93381116,4.93381116
TSK003361,S026,16.64874348,16.64874348
TSK003361,S027,28.85104457,28.85104457
TSK003361,S028,4.93381116,4.93381116
TSK003361,S029,27.03194779,27.03194779
TSK003361,S030,25.75895507,25.75895507
TSK003361,S031,12.20216577,12.20216577
TSK003361,S032,47.81038101,47.81038101
TSK003361,S033,22.37679819,22.37679819
TSK003361,S034,16.89201774,16.89201774
TSK003361,S035,4.93381116,4.93381116
TSK003361,S036,24.16600182,24.16600182
TSK003361,S037,25.41426208,25.41426208
TSK003361,S038,11.64622923,11.64622923
TSK003361,S039,14.44972883,14.44972883
TSK003361,S040,17.47785225,17.47785225
TSK003361,S041,8.30233206,8.30233206
TSK003361,S042,26.9369301,26.9369301
TSK003361,S043,4.93381116,4.93381116
TSK003361,S044,10.19355403,10.19355403
TSK003361,S045,6.9595164,6.9595164
TSK003361,S046,14.76162819,14.76162819
TSK003361,S047,9.83856416,9.83856416
TSK003361,S048,57.72821077,57.72821077
TSK003361,S049,13.90415867,13.90415867
TSK003361,S050,17.30800557,17.30800557
TSK003361,S051,17.17025613,17.17025613
TSK003361,S052,13.0362102,13.0362102
TSK003361,S053,30.86019912,30.86019912
TSK003361,S054,13.6586818,13.6586818
TSK003361,S055,15.20678739,15.20678739
TSK003361,S056,4.93381116,4.93381116
TSK003361,S057,14.64463838,14.64463838
TSK003361,S058,16.31069096,16.31069096
TSK003361,S059,22.80703279,22.80703279
TSK003361,S060,19.80622457,19.80622457
TSK003361,S061,16.2822375,16.2822375
TSK003361,S062,14.69458141,14.69458141
TSK003361,S063,10.57514399,10.57514399
TSK003361,S064,33.37428964,33.37428964
TSK003361,S065,4.93381116,4.93381116
TSK003361,S066,28.90350441,28.90350441
TSK003361,S067,5.28271023,5.28271023
TSK003361,S068,10.63011269,10.63011269
TSK003361,S069,17.14258111,17.14258111
TSK003361,S070,5.28271023,5.28271023
TSK003361,S071,14.7861399,14.7861399
TSK003361,S072,4.93381116,4.93381116
TSK003361,S073,4.93381116,4.93381116
TSK003361,S074,18.7836889,18.7836889
TSK003361,S075,4.93381116,4.93381116
TSK003361,S076,7.76941094,7.76941094
TSK003361,S077,4.93381116,4.93381116
TSK003361,S078,10.63011269,10.63011269
TSK003361,S079,12.57437928,12.57437928
TSK003361,S080,17.30800557,17.30800557
TSK003361,S081,20.39651658,20.39651658
TSK003361,S082,4.93381116,4.93381116
TSK003361,S083,4.93381116,4.93381116
TSK003361,S084,4.93381116,4.93381116
TSK003361,S085,4.93381116,4.93381116
TSK003361,S086,12.41502434,12.41502434
TSK003361,S087,4.93381116,4.93381116
TSK003361,S088,13.90415867,13.90415867
TSK003361,S089,15.25412888,15.25412888
TSK003361,S090,13.90415867,13.90415867
TSK003361,S091,25.75895507,25.75895507
TSK003361,S092,20.41925717,20.41925717
TSK003361,S093,4.93381116,4.93381116
TSK003361,S094,4.93381116,4.93381116
TSK003361,S095,32.75071276,32.75071276
TSK003361,S096,18.61342834,18.61342834
TSK003361,S097,8.1470212,8.1470212
TSK003361,S098,4.93381116,4.93381116
TSK003361,S099,10.57514399,10.57514399
TSK003361,S100,4.93381116,4.93381116
TSK003374,S001,39.97230192,39.97230192
TSK003374,S002,16.91168333,16.91168333
TSK003374,S003,48.89667375,48.89667375
TSK003374,S004,68.13859721,68.13859721
TSK003374,S005,16.91168333,16.91168333
TSK003374,S006,16.91168333,16.91168333
TSK003374,S007,59.6078534,59.6078534
TSK003374,S008,110.11901532,110.11901532
TSK003374,S009,41.55873503,41.55873503
TSK003374,S010,66.84268062,66.84268062
TSK003374,S011,16.91168333,16.91168333
TSK003374,S012,139.25204516,139.25204516
TSK003374,S013,66.8284666,66.8284666
TSK003374,S014,16.91168333,16.91168333
TSK003374,S015,22.47897852,22.47897852
TSK003374,S016,31.85135023,31.85135023
TSK003374,S017,44.34789056,44.34789056
TSK003374,S018,35.83508559,35.83508559
TSK003374,S019,16.91168333,16.91168333
TSK003374,S020,16.91168333,16.91168333
TSK003374,S021,59.49984576,59.49984576
TSK003374,S022,214.32157571,214.32157571
TSK003374,S023,16.91168333,16.91168333
TSK003374,S024,16.91168333,16.91168333
TSK003374,S025,16.91168333,16.91168333
TSK003374,S026,60.02586449,60.02586449
TSK003374,S027,141.41575324,141.41575324
TSK003374,S028,16.91168333,16.91168333
TSK003374,S029,114.9384584,114.9384584
TSK003374,S030,96.63687087,96.63687087
TSK003374,S031,38.71504497,38.71504497
TSK003374,S032,140.87376706,140.87376706
TSK003374,S033,83.38331074,83.38331074
TSK003374,S034,60.41396916,60.41396916
TSK003374,S035,16.91168333,16.91168333
TSK003374,S036,108.06210696,108.06210696
TSK003374,S037,103.93702429,103.93702429
TSK003374,S038,46.49795266,46.49795266
TSK003374,S039,57.77264073,57.77264073
TSK003374,S040,58.70956468,58.70956468
TSK003374,S041,25.65403818,25.65403818
TSK003374,S042,107.82630566,107.82630566
TSK003374,S043,16.91168333,16.91168333
TSK003374,S044,31.37489595,31.37489595
TSK003374,S045,20.26565953,20.26565953
TSK003374,S046,54.87426584,54.87426584
TSK003374,S047,28.5172729,28.5172729
TSK003374,S048,218.76723965,218.76723965
TSK003374,S049,35.33833183,35.33833183
TSK003374,S050,57.45732752,57.45732752
TSK003374,S051,62.72647891,62.72647891
TSK003374,S052,38.43844412,38.43844412
TSK003374,S053,104.66724941,104.66724941
TSK003374,S054,36.86060868,36.86060868
TSK003374,S055,57.11279817,57.11279817
TSK003374,S056,16.91168333,16.91168333
TSK003374,S057,42.78079767,42.78079767
TSK003374,S058,52.77218767,52.77218767
TSK003374,S059,74.93873796,74.93873796
TSK003374,S060,58.14413558,58.14413558
TSK003374,S061,61.68044147,61.68044147
TSK003374,S062,49.9453294,49.9453294
TSK003374,S063,42.27514213,42.27514213
TSK003374,S064,153.05270506,153.05270506
TSK003374,S065,16.91168333,16.91168333
TSK003374,S066,110.27602334,110.27602334
TSK003374,S067,17.47652648,17.47652648
TSK003374,S068,26.87236222,26.87236222
TSK003374,S069,63.38890863,63.38890863
TSK003374,S070,17.47652648,17.47652648
TSK003374,S071,37.85835282,37.85835282
TSK003374,S072,16.91168333,16.91168333
TSK003374,S073,16.91168333,16.91168333
TSK003374,S074,52.57583359,52.57583359
TSK003374,S075,16.91168333,16.91168333
TSK003374,S076,22.77562701,22.77562701
TSK003374,S077,16.91168333,16.91168333
TSK003374,S078,26.87236222,26.87236222
TSK003374,S079,37.10449562,37.10449562
TSK003374,S080,57.45732752,57.45732752
TSK003374,S081,80.84443896,80.84443896
TSK003374,S082,16.91168333,16.91168333
TSK003374,S083,16.91168333,16.91168333
TSK003374,S084,16.91168333,16.91168333
TSK003374,S085,16.91168333,16.91168333
TSK003374,S086,36.27269796,36.27269796
TSK003374,S087,16.91168333,16.91168333
TSK003374,S088,35.33833183,35.33833183
TSK003374,S089,47.88355936,47.88355936
TSK003374,S090,35.33833183,35.33833183
TSK003374,S091,96.63687087,96.63687087
TSK003374,S092,71.41753611,71.41753611
TSK003374,S093,16.91168333,16.91168333
TSK003374,S094,16.91168333,16.91168333
TSK003374,S095,144.98564658,144.98564658
TSK003374,S096,71.52703704,71.52703704
TSK003374,S097,29.18834453,29.18834453
TSK003374,S098,16.91168333,16.91168333
TSK003374,S099,42.27514213,42.27514213
TSK003374,S100,16.91168333,16.91168333
TSK003438,S001,77.44477505,77.44477505
TSK003438,S002,36.05661586,36.05661586
TSK003438,S003,103.87414249,103.87414249
TSK003438,S004,148.6458106,148.6458106
TSK003438,S005,36.05661586,36.05661586
TSK003438,S006,36.05661586,36.05661586
TSK003438,S007,131.05419873,131.05419873
TSK003438,S008,243.4605504,243.4605504
TSK003438,S009,90.73676278,90.73676278
TSK003438,S010,146.97213696,146.97213696
TSK003438,S011,36.05661586,36.05661586
TSK003438,S012,309.65435525,309.65435525
TSK003438,S013,146.75476385,146.75476385
TSK003438,S014,36.05661586,36.05661586
TSK003438,S015,48.50712161,48.50712161
TSK003438,S016,67.86180549,67.86180549
TSK003438,S017,95.8081015,95.8081015
TSK003438,S018,77.88355019,77.88355019
TSK003438,S019,36.05661586,36.05661586
TSK003438,S020,36.05661586,36.05661586
TSK003438,S021,130.63663668,130.63663668
TSK003438,S022,477.25135199,477.25135199
TSK003438,S023,36.05661586,36.05661586
TSK003438,S024,36.05661586,36.05661586
TSK003438,S025,36.05661586,36.05661586
TSK003438,S026,132.25935198,132.25935198
TSK003438,S027,313.30489144,313.30489144
TSK003438,S028,36.05661586,36.05661586
TSK003438,S029,253.43495362,253.43495362
TSK003438,S030,212.04431194,212.04431194
TSK003438,S031,83.10273433,83.10273433
TSK003438,S032,291.71832637,291.71832637
TSK003438,S033,180.72599934,180.72599934
TSK003438,S034,131.18064751,131.18064751
TSK003438,S035,36.05661586,36.05661586
TSK003438,S036,239.03061298,239.03061298
TSK003438,S037,228.64991996,228.64991996
TSK003438,S038,102.01413638,102.01413638
TSK003438,S039,126.95090716,126.95090716
TSK003438,S040,128.14268203,128.14268203
TSK003438,S041,54.71595017,54.71595017
TSK003438,S042,237.45442232,237.45442232
TSK003438,S043,36.05661586,36.05661586
TSK003438,S044,66.81826581,66.81826581
TSK003438,S045,42.34226545,42.34226545
TSK003438,S046,119.88629218,119.88629218
TSK003438,S047,60.63793259,60.63793259
TSK003438,S048,482.4343153,482.4343153
TSK003438,S049,72.41747831,72.41747831
TSK003438,S050,125.39999088,125.39999088
TSK003438,S051,137.64685733,137.64685733
TSK003438,S052,82.72495771,82.72495771
TSK003438,S053,230.07769028,230.07769028
TSK003438,S054,77.58578103,77.58578103
TSK003438,S055,124.33620811,124.33620811
TSK003438,S056,36.05661586,36.05661586
TSK003438,S057,88.25666744,88.25666744
TSK003438,S058,113.87259157,113.87259157
TSK003438,S059,163.73079491,163.73079491
TSK003438,S060,126.46064979,126.46064979
TSK003438,S061,134.90848651,134.90848651
TSK003438,S062,108.58642785,108.58642785
TSK003438,S063,92.67239101,92.67239101
TSK003438,S064,339.1234308,339.1234308
TSK003438,S065,36.05661586,36.05661586
TSK003438,S066,239.09745943,239.09745943
TSK003438,S067,37.09494957,37.09494957
TSK003438,S068,55.55833786,55.55833786
TSK003438,S069,138.43806315,138.43806315
TSK003438,S070,37.09494957,37.09494957
TSK003438,S071,81.51510922,81.51510922
TSK003438,S072,36.05661586,36.05661586
TSK003438,S073,36.05661586,36.05661586
TSK003438,S074,110.57666947,110.57666947
TSK003438,S075,36.05661586,36.05661586
TSK003438,S076,48.66857268,48.66857268
TSK003438,S077,36.05661586,36.05661586
TSK003438,S078,55.55833786,55.55833786
TSK003438,S079,81.25812378,81.25812378
TSK003438,S080,125.39999088,125.39999088
TSK003438,S081,177.82801253,177.82801253
TSK003438,S082,36.05661586,36.05661586
TSK003438,S083,36.05661586,36.05661586
TSK003438,S084,36.05661586,36.05661586
TSK003438,S085,36.05661586,36.05661586
TSK003438,S086,78.07623604,78.07623604
TSK003438,S087,36.05661586,36.05661586
TSK003438,S088,72.41747831,72.41747831
TSK003438,S089,103.92113877,103.92113877
TSK003438,S090,72.41747831,72.41747831
TSK003438,S091,212.04431194,212.04431194
TSK003438,S092,150.78868276,150.78868276
TSK003438,S093,36.05661586,36.05661586
TSK003438,S094,36.05661586,36.05661586
TSK003438,S095,320.50004582,320.50004582
TSK003438,S096,156.04623557,156.04623557
TSK003438,S097,63.52433286,63.52433286
TSK003438,S098,36.05661586,36.05661586
TSK003438,S099,92.67239101,92.67239101
TSK003438,S100,36.05661586,36.05661586
TSK003451,S001,30.55308143,30.55308143
TSK003451,S002,13.68512418,13.68512418
TSK003451,S003,41.47824045,41.47824045
TSK003451,S004,62.84160405,62.84160405
TSK003451,S005,13.68512418,13.68512418
TSK003451,S006,13.68512418,13.68512418
TSK003451,S007,51.12204799,51.12204799
TSK003451,S008,98.96625589,98.96625589
TSK003451,S009,31.86388666,31.86388666
TSK003451,S010,59.81659519,59.81659519
TSK003451,S011,13.68512418,13.68512418
TSK003451,S012,104.18988288,104.18988288
TSK003451,S013,52.56164912,52.56164912
TSK003451,S014,13.68512418,13.68512418
TSK003451,S015,19.05910215,19.05910215
TSK003451,S016,27.95307065,27.95307065
TSK003451,S017,38.15239074,38.15239074
TSK003451,S018,30.10929011,30.10929011
TSK003451,S019,13.68512418,13.68512418
TSK003451,S020,13.68512418,13.68512418
TSK003451,S021,51.11225435,51.11225435
TSK003451,S022,177.35137745,177.35137745
TSK003451,S023,13.68512418,13.68512418
TSK003451,S024,13.68512418,13.68512418
TSK003451,S025,13.68512418,13.68512418
TSK003451,S026,55.53209999,55.53209999
TSK003451,S027,111.67733387,111.67733387
TSK003451,S028,13.68512418,13.68512418
TSK003451,S029,95.23138638,95.23138638
TSK003451,S030,87.91632526,87.91632526
TSK003451,S031,32.56435563,32.56435563
TSK003451,S032,116.73884388,116.73884388
TSK003451,S033,68.99838253,68.99838253
TSK003451,S034,51.56579096,51.56579096
TSK003451,S035,13.68512418,13.68512418
TSK003451,S036,94.21227093,94.21227093
TSK003451,S037,86.30134307,86.30134307
TSK003451,S038,42.23685347,42.23685347
TSK003451,S039,53.06582503,53.06582503
TSK003451,S040,52.12105049,52.12105049
TSK003451,S041,21.94421737,21.94421737
TSK003451,S042,88.48086386,88.48086386
TSK003451,S043,13.68512418,13.68512418
TSK003451,S044,27.27309486,27.27309486
TSK003451,S045,16.58987525,16.58987525
TSK003451,S046,50.03260827,50.03260827
TSK003451,S047,24.6212358,24.6212358
TSK003451,S048,185.30526449,185.30526449
TSK003451,S049,29.61333023,29.61333023
TSK003451,S050,49.14613207,49.14613207
TSK003451,S051,52.48697104,52.48697104
TSK003451,S052,32.48669399,32.48669399
TSK003451,S053,96.58337444,96.58337444
TSK003451,S054,32.23102063,32.23102063
TSK003451,S055,46.68411278,46.68411278
TSK003451,S056,13.68512418,13.68512418
TSK003451,S057,35.98652121,35.98652121
TSK003451,S058,44.10431504,44.10431504
TSK003451,S059,65.92862724,65.92862724
TSK003451,S060,53.4701461,53.4701461
TSK003451,S061,53.04668316,53.04668316
TSK003451,S062,41.7736232,41.7736232
TSK003451,S063,36.38012822,36.38012822
TSK003451,S064,126.65534073,126.65534073
TSK003451,S065,13.68512418,13.68512418
TSK003451,S066,88.56996828,88.56996828
TSK003451,S067,14.16721201,14.16721201
TSK003451,S068,22.60459376,22.60459376
TSK003451,S069,51.04077286,51.04077286
TSK003451,S070,14.16721201,14.16721201
TSK003451,S071,33.95811874,33.95811874
TSK003451,S072,13.68512418,13.68512418
TSK003451,S073,13.68512418,13.68512418
TSK003451,S074,45.83305656,45.83305656
TSK003451,S075,13.68512418,13.68512418
TSK003451,S076,19.32407644,19.32407644
TSK003451,S077,13.68512418,13.68512418
TSK003451,S078,22.60459376,22.60459376
TSK003451,S079,33.57075358,33.57075358
TSK003451,S080,49.14613207,49.14613207
TSK003451,S081,71.59272416,71.59272416
TSK003451,S082,13.68512418,13.68512418
TSK003451,S083,13.68512418,13.68512418
TSK003451,S084,13.68512418,13.68512418
TSK003451,S085,13.68512418,13.68512418
TSK003451,S086,32.25098036,32.25098036
TSK003451,S087,13.68512418,13.68512418
TSK003451,S088,29.61333023,29.61333023
TSK003451,S089,39.86653331,39.86653331
TSK003451,S090,29.61333023,29.61333023
TSK003451,S091,87.91632526,87.91632526
TSK003451,S092,62.61902487,62.61902487
TSK003451,S093,13.68512418,13.68512418
TSK003451,S094,13.68512418,13.68512418
TSK003451,S095,118.74859577,118.74859577
TSK003451,S096,62.24055892,62.24055892
TSK003451,S097,25.6169548,25.6169548
TSK003451,S098,13.68512418,13.68512418
TSK003451,S099,36.38012822,36.38012822
TSK003451,S100,13.68512418,13.68512418
TSK003489,S001,18.8772438,18.8772438
TSK003489,S002,6.20412848,6.20412848
TSK003489,S003,21.45481432,21.45481432
TSK003489,S004,26.07534854,26.07534854
TSK003489,S005,6.20412848,6.20412848
TSK003489,S006,6.20412848,6.20412848
TSK003489,S007,19.01836634,19.01836634
TSK003489,S008,43.93040855,43.93040855
TSK003489,S009,12.70413549,12.70413549
TSK003489,S010,21.60762432,21.60762432
TSK003489,S011,6.20412848,6.20412848
TSK003489,S012,35.2827317,35.2827317
TSK003489,S013,20.84957389,20.84957389
TSK003489,S014,6.20412848,6.20412848
TSK003489,S015,7.93075342,7.93075342
TSK003489,S016,14.80848096,14.80848096
TSK003489,S017,17.88636202,17.88636202
TSK003489,S018,13.08093939,13.08093939
TSK003489,S019,6.20412848,6.20412848
TSK003489,S020,6.20412848,6.20412848
TSK003489,S021,20.38198209,20.38198209
TSK003489,S022,66.43154275,66.43154275
TSK003489,S023,6.20412848,6.20412848
TSK003489,S024,6.20412848,6.20412848
TSK003489,S025,6.20412848,6.20412848
TSK003489,S026,22.27623662,22.27623662
TSK003489,S027,40.6191977,40.6191977
TSK003489,S028,6.20412848,6.20412848
TSK003489,S029,36.80349864,36.80349864
TSK003489,S030,34.70038782,34.70038782
TSK003489,S031,15.19275603,15.19275603
TSK003489,S032,57.89478673,57.89478673
TSK003489,S033,29.1030212,29.1030212
TSK003489,S034,21.90480604,21.90480604
TSK003489,S035,6.20412848,6.20412848
TSK003489,S036,34.10593124,34.10593124
TSK003489,S037,34.17068406,34.17068406
TSK003489,S038,16.0041897,16.0041897
TSK003489,S039,19.94731947,19.94731947
TSK003489,S040,22.53980144,22.53980144
TSK003489,S041,10.30232121,10.30232121
TSK003489,S042,35.83700367,35.83700367
TSK003489,S043,6.20412848,6.20412848
TSK003489,S044,12.68556179,12.68556179
TSK003489,S045,8.37382579,8.37382579
TSK003489,S046,19.81790184,19.81790184
TSK003489,S047,12.02678682,12.02678682
TSK003489,S048,76.30865054,76.30865054
TSK003489,S049,16.25371594,16.25371594
TSK003489,S050,22.0012078,22.0012078
TSK003489,S051,22.32851846,22.32851846
TSK003489,S052,15.94991194,15.94991194
TSK003489,S053,40.44177734,40.44177734
TSK003489,S054,16.41845708,16.41845708
TSK003489,S055,19.7607455,19.7607455
TSK003489,S056,6.20412848,6.20412848
TSK003489,S057,17.74051271,17.74051271
TSK003489,S058,20.40290071,20.40290071
TSK003489,S059,29.14756722,29.14756722
TSK003489,S060,24.81388035,24.81388035
TSK003489,S061,21.57870532,21.57870532
TSK003489,S062,18.66837199,18.66837199
TSK003489,S063,14.27410674,14.27410674
TSK003489,S064,46.66667397,46.66667397
TSK003489,S065,6.20412848,6.20412848
TSK003489,S066,37.52338003,37.52338003
TSK003489,S067,6.57484453,6.57484453
TSK003489,S068,12.42840093,12.42840093
TSK003489,S069,22.0881336,22.0881336
TSK003489,S070,6.57484453,6.57484453
TSK003489,S071,17.73436425,17.73436425
TSK003489,S072,6.20412848,6.20412848
TSK003489,S073,6.20412848,6.20412848
TSK003489,S074,22.79670596,22.79670596
TSK003489,S075,6.20412848,6.20412848
TSK003489,S076,9.49312136,9.49312136
TSK003489,S077,6.20412848,6.20412848
TSK003489,S078,12.42840093,12.42840093
TSK003489,S079,15.7312236,15.7312236
TSK003489,S080,22.0012078,22.0012078
TSK003489,S081,27.72888747,27.72888747
TSK003489,S082,6.20412848,6.20412848
TSK003489,S083,6.20412848,6.20412848
TSK003489,S084,6.20412848,6.20412848
TSK003489,S085,6.20412848,6.20412848
TSK003489,S086,15.36264773,15.36264773
TSK003489,S087,6.20412848,6.20412848
TSK003489,S088,16.25371594,16.25371594
TSK003489,S089,18.92674226,18.92674226
TSK003489,S090,16.25371594,16.25371594
TSK003489,S091,34.70038782,34.70038782
TSK003489,S092,26.40544364,26.40544364
TSK003489,S093,6.20412848,6.20412848
TSK003489,S094,6.20412848,6.20412848
TSK003489,S095,45.0496668,45.0496668
TSK003489,S096,24.85632197,24.85632197
TSK003489,S097,10.67426926,10.67426926
TSK003489,S098,6.20412848,6.20412848
TSK003489,S099,14.27410674,14.27410674
TSK003489,S100,6.20412848,6.20412848
TSK003528,S001,15.71318531,15.71318531
TSK003528,S002,4.33112932,4.33112932
TSK003528,S003,15.94149877,15.94149877
TSK003528,S004,16.95550808,16.95550808
TSK003528,S005,4.33112932,4.33112932
TSK003528,S006,4.33112932,4.33112932
TSK003528,S007,11.38253037,11.38253037
TSK003528,S008,29.34494198,29.34494198
TSK003528,S009,8.07232026,8.07232026
TSK003528,S010,12.63302723,12.63302723
TSK003528,S011,4.33112932,4.33112932
TSK003528,S012,19.23466446,19.23466446
TSK003528,S013,13.11283816,13.11283816
TSK003528,S014,4.33112932,4.33112932
TSK003528,S015,5.21606919,5.21606919
TSK003528,S016,11.10358916,11.10358916
TSK003528,S017,12.57421286,12.57421286
TSK003528,S018,8.77733748,8.77733748
TSK003528,S019,4.33112932,4.33112932
TSK003528,S020,4.33112932,4.33112932
TSK003528,S021,12.83780968,12.83780968
TSK003528,S022,39.32611486,39.32611486
TSK003528,S023,4.33112932,4.33112932
TSK003528,S024,4.33112932,4.33112932
TSK003528,S025,4.33112932,4.33112932
TSK003528,S026,14.00685436,14.00685436
TSK003528,S027,23.69434306,23.69434306
TSK003528,S028,4.33112932,4.33112932
TSK003528,S029,22.61050753,22.61050753
TSK003528,S030,21.65275685,21.65275685
TSK003528,S031,10.72493541,10.72493541
TSK003528,S032,42.89381137,42.89381137
TSK003528,S033,19.25471387,19.25471387
TSK003528,S034,14.54788282,14.54788282
TSK003528,S035,4.33112932,4.33112932
TSK003528,S036,19.83164123,19.83164123
TSK003528,S037,21.3968758,21.3968758
TSK003528,S038,9.71680939,9.71680939
TSK003528,S039,12.0220411,12.0220411
TSK003528,S040,15.0206354,15.0206354
TSK003528,S041,7.32036276,7.32036276
TSK003528,S042,22.77049853,22.77049853
TSK003528,S043,4.33112932,4.33112932
TSK003528,S044,8.98984708,8.98984708
TSK003528,S045,6.26106916,6.26106916
TSK003528,S046,12.46921218,12.46921218
TSK003528,S047,8.72937696,8.72937696
TSK003528,S048,48.80970251,48.80970251
TSK003528,S049,12.67347127,12.67347127
TSK003528,S050,14.96137935,14.96137935
TSK003528,S051,14.66977783,14.66977783
TSK003528,S052,11.50259654,11.50259654
TSK003528,S053,26.24508101,26.24508101
TSK003528,S054,12.24240213,12.24240213
TSK003528,S055,13.07169997,13.07169997
TSK003528,S056,4.33112932,4.33112932
TSK003528,S057,13.17929413,13.17929413
TSK003528,S058,14.2724788,14.2724788
TSK003528,S059,19.66302409,19.66302409
TSK003528,S060,17.22764083,17.22764083
TSK003528,S061,13.83666778,13.83666778
TSK003528,S062,12.73715545,12.73715545
TSK003528,S063,8.8986361,8.8986361
TSK003528,S064,27.48331168,27.48331168
TSK003528,S065,4.33112932,4.33112932
TSK003528,S066,24.8828517,24.8828517
TSK003528,S067,4.66551848,4.66551848
TSK003528,S068,9.67629109,9.67629109
TSK003528,S069,14.75440838,14.75440838
TSK003528,S070,4.66551848,4.66551848
TSK003528,S071,13.11063498,13.11063498
TSK003528,S072,4.33112932,4.33112932
TSK003528,S073,4.33112932,4.33112932
TSK003528,S074,16.7347496,16.7347496
TSK003528,S075,4.33112932,4.33112932
TSK003528,S076,6.87381098,6.87381098
TSK003528,S077,4.33112932,4.33112932
TSK003528,S078,9.67629109,9.67629109
TSK003528,S079,10.8940193,10.8940193
TSK003528,S080,14.96137935,14.96137935
TSK003528,S081,17.08380291,17.08380291
TSK003528,S082,4.33112932,4.33112932
TSK003528,S083,4.33112932,4.33112932
TSK003528,S084,4.33112932,4.33112932
TSK003528,S085,4.33112932,4.33112932
TSK003528,S086,10.90221324,10.90221324
TSK003528,S087,4.33112932,4.33112932
TSK003528,S088,12.67347127,12.67347127
TSK003528,S089,13.34435014,13.34435014
TSK003528,S090,12.67347127,12.67347127
TSK003528,S091,21.65275685,21.65275685
TSK003528,S092,17.81268174,17.81268174
TSK003528,S093,4.33112932,4.33112932
TSK003528,S094,4.33112932,4.33112932
TSK003528,S095,27.22425274,27.22425274
TSK003528,S096,15.80214332,15.80214332
TSK003528,S097,6.96247905,6.96247905
TSK003528,S098,4.33112932,4.33112932
TSK003528,S099,8.8986361,8.8986361
TSK003528,S100,4.33112932,4.33112932
TSK003551,S001,0.44055638,0.44055638
TSK003551,S002,0.10071586,0.10071586
TSK003551,S003,0.38357397,0.38357397
TSK003551,S004,0.35600341,0.35600341
TSK003551,S005,0.10071586,0.10071586
TSK003551,S006,0.10071586,0.10071586
TSK003551,S007,0.21705382,0.21705382
TSK003551,S008,0.60732542,0.60732542
TSK003551,S009,0.16753735,0.16753735
TSK003551,S010,0.23487751,0.23487751
TSK003551,S011,0.10071586,0.10071586
TSK003551,S012,0.31385526,0.31385526
TSK003551,S013,0.26469265,0.26469265
TSK003551,S014,0.10071586,0.10071586
TSK003551,S015,0.11337162,0.11337162
TSK003551,S016,0.26779036,0.26779036
TSK003551,S017,0.28616221,0.28616221
TSK003551,S018,0.19075332,0.19075332
TSK003551,S019,0.10071586,0.10071586
TSK003551,S020,0.10071586,0.10071586
TSK003551,S021,0.25796175,0.25796175
TSK003551,S022,0.70527554,0.70527554
TSK003551,S023,0.10071586,0.10071586
TSK003551,S024,0.10071586,0.10071586
TSK003551,S025,0.10071586,0.10071586
TSK003551,S026,0.27646885,0.27646885
TSK003551,S027,0.42900976,0.42900976
TSK003551,S028,0.10071586,0.10071586
TSK003551,S029,0.43987824,0.43987824
TSK003551,S030,0.42847239,0.42847239
TSK003551,S031,0.2487966,0.2487966
TSK003551,S032,1.06963386,1.06963386
TSK003551,S033,0.41776225,0.41776225
TSK003551,S034,0.31618088,0.31618088
TSK003551,S035,0.10071586,0.10071586
TSK003551,S036,0.35845979,0.35845979
TSK003551,S037,0.42639654,0.42639654
TSK003551,S038,0.18825289,0.18825289
TSK003551,S039,0.23026582,0.23026582
TSK003551,S040,0.32115031,0.32115031
TSK003551,S041,0.17191535,0.17191535
TSK003551,S042,0.45903123,0.45903123
TSK003551,S043,0.10071586,0.10071586
TSK003551,S044,0.21184095,0.21184095
TSK003551,S045,0.15728197,0.15728197
TSK003551,S046,0.25278216,0.25278216
TSK003551,S047,0.20855403,0.20855403
TSK003551,S048,0.97836555,0.97836555
TSK003551,S049,0.32983998,0.32983998
TSK003551,S050,0.32529832,0.32529832
TSK003551,S051,0.30640877,0.30640877
TSK003551,S052,0.2679285,0.2679285
TSK003551,S053,0.53870356,0.53870356
TSK003551,S054,0.30233441,0.30233441
TSK003551,S055,0.28186562,0.28186562
TSK003551,S056,0.10071586,0.10071586
TSK003551,S057,0.33320112,0.33320112
TSK003551,S058,0.32531243,0.32531243
TSK003551,S059,0.42382781,0.42382781
TSK003551,S060,0.38161989,0.38161989
TSK003551,S061,0.28612537,0.28612537
TSK003551,S062,0.28072529,0.28072529
TSK003551,S063,0.17754008,0.17754008
TSK003551,S064,0.50183593,0.50183593
TSK003551,S065,0.10071586,0.10071586
TSK003551,S066,0.54029569,0.54029569
TSK003551,S067,0.11068456,0.11068456
TSK003551,S068,0.25045913,0.25045913
TSK003551,S069,0.31767283,0.31767283
TSK003551,S070,0.11068456,0.11068456
TSK003551,S071,0.3075923,0.3075923
TSK003551,S072,0.10071586,0.10071586
TSK003551,S073,0.10071586,0.10071586
TSK003551,S074,0.40514837,0.40514837
TSK003551,S075,0.10071586,0.10071586
TSK003551,S076,0.1619838,0.1619838
TSK003551,S077,0.10071586,0.10071586
TSK003551,S078,0.25045913,0.25045913
TSK003551,S079,0.23614345,0.23614345
TSK003551,S080,0.32529832,0.32529832
TSK003551,S081,0.334495,0.334495
TSK003551,S082,0.10071586,0.10071586
TSK003551,S083,0.10071586,0.10071586
TSK003551,S084,0.10071586,0.10071586
TSK003551,S085,0.10071586,0.10071586
TSK003551,S086,0.25050536,0.25050536
TSK003551,S087,0.10071586,0.10071586
TSK003551,S088,0.32983998,0.32983998
TSK003551,S089,0.30162674,0.30162674
TSK003551,S090,0.32983998,0.32983998
TSK003551,S091,0.42847239,0.42847239
TSK003551,S092,0.41175253,0.41175253
TSK003551,S093,0.10071586,0.10071586
TSK003551,S094,0.10071586,0.10071586
TSK003551,S095,0.51644348,0.51644348
TSK003551,S096,0.32758644,0.32758644
TSK003551,S097,0.14673994,0.14673994
TSK003551,S098,0.10071586,0.10071586
TSK003551,S099,0.17754008,0.17754008
TSK003551,S100,0.10071586,0.10071586
TSK003571,S001,23.98941738,23.98941738
TSK003571,S002,9.46720783,9.46720783
TSK003571,S003,30.22892492,30.22892492
TSK003571,S004,42.1052863,42.1052863
TSK003571,S005,9.46720783,9.46720783
TSK003571,S006,9.46720783,9.46720783
TSK003571,S007,32.98909056,32.98909056
TSK003571,S008,68.00096201,68.00096201
TSK003571,S009,21.04799265,21.04799265
TSK003571,S010,38.22609522,38.22609522
TSK003571,S011,9.46720783,9.46720783
TSK003571,S012,65.241935,65.241935
TSK003571,S013,34.6654953,34.6654953
TSK003571,S014,9.46720783,9.46720783
TSK003571,S015,12.77899121,12.77899121
TSK003571,S016,20.57522819,20.57522819
TSK003571,S017,26.74521613,26.74521613
TSK003571,S018,20.51164709,20.51164709
TSK003571,S019,9.46720783,9.46720783
TSK003571,S020,9.46720783,9.46720783
TSK003571,S021,33.77394311,33.77394311
TSK003571,S022,114.75929565,114.75929565
TSK003571,S023,9.46720783,9.46720783
TSK003571,S024,9.46720783,9.46720783
TSK003571,S025,9.46720783,9.46720783
TSK003571,S026,36.77729057,36.77729057
TSK003571,S027,71.54384187,71.54384187
TSK003571,S028,9.46720783,9.46720783
TSK003571,S029,62.25367901,62.25367901
TSK003571,S030,57.89004512,57.89004512
TSK003571,S031,22.77948206,22.77948206
TSK003571,S032,83.58312652,83.58312652
TSK003571,S033,46.49339754,46.49339754
TSK003571,S034,34.83683769,34.83683769
TSK003571,S035,9.46720783,9.46720783
TSK003571,S036,60.26094931,60.26094931
TSK003571,S037,56.88679259,56.88679259
TSK003571,S038,27.42385231,27.42385231
TSK003571,S039,34.36353779,34.36353779
TSK003571,S040,35.45171575,35.45171575
TSK003571,S041,15.38572042,15.38572042
TSK003571,S042,58.79017531,58.79017531
TSK003571,S043,9.46720783,9.46720783
TSK003571,S044,19.05188623,19.05188623
TSK003571,S045,11.96200679,11.96200679
TSK003571,S046,32.97963874,32.97963874
TSK003571,S047,17.53186607,17.53186607
TSK003571,S048,123.86794173,123.86794173
TSK003571,S049,22.09989074,22.09989074
TSK003571,S050,33.86095238,33.86095238
TSK003571,S051,35.49180144,35.49180144
TSK003571,S052,23.18767419,23.18767419
TSK003571,S053,64.94107778,64.94107778
TSK003571,S054,23.33309048,23.33309048
TSK003571,S055,31.50008714,31.50008714
TSK003571,S056,9.46720783,9.46720783
TSK003571,S057,25.69853959,25.69853959
TSK003571,S058,30.7568433,30.7568433
TSK003571,S059,45.21301166,45.21301166
TSK003571,S060,37.34636614,37.34636614
TSK003571,S061,35.29350019,35.29350019
TSK003571,S062,28.75825958,28.75825958
TSK003571,S063,23.90355863,23.90355863
TSK003571,S064,81.4884772,81.4884772
TSK003571,S065,9.46720783,9.46720783
TSK003571,S066,59.77775164,59.77775164
TSK003571,S067,9.88718171,9.88718171
TSK003571,S068,16.88351968,16.88351968
TSK003571,S069,34.72360157,34.72360157
TSK003571,S070,9.88718171,9.88718171
TSK003571,S071,24.85609186,24.85609186
TSK003571,S072,9.46720783,9.46720783
TSK003571,S073,9.46720783,9.46720783
TSK003571,S074,32.86844903,32.86844903
TSK003571,S075,9.46720783,9.46720783
TSK003571,S076,13.79392263,13.79392263
TSK003571,S077,9.46720783,9.46720783
TSK003571,S078,16.88351968,16.88351968
TSK003571,S079,23.54234944,23.54234944
TSK003571,S080,33.86095238,33.86095238
TSK003571,S081,46.83440681,46.83440681
TSK003571,S082,9.46720783,9.46720783
TSK003571,S083,9.46720783,9.46720783
TSK003571,S084,9.46720783,9.46720783
TSK003571,S085,9.46720783,9.46720783
TSK003571,S086,22.74772318,22.74772318
TSK003571,S087,9.46720783,9.46720783
TSK003571,S088,22.09989074,22.09989074
TSK003571,S089,28.08765177,28.08765177
TSK003571,S090,22.09989074,22.09989074
TSK003571,S091,57.89004512,57.89004512
TSK003571,S092,42.16303548,42.16303548
TSK003571,S093,9.46720783,9.46720783
TSK003571,S094,9.46720783,9.46720783
TSK003571,S095,77.14544221,77.14544221
TSK003571,S096,41.13807817,41.13807817
TSK003571,S097,17.18964333,17.18964333
TSK003571,S098,9.46720783,9.46720783
TSK003571,S099,23.90355863,23.90355863
TSK003571,S100,9.46720783,9.46720783
TSK003663,S001,23.17465302,23.17465302
TSK003663,S002,9.22712708,9.22712708
TSK003663,S003,28.67242728,28.67242728
TSK003663,S004,41.08115205,41.08115205
TSK003663,S005,9.22712708,9.22712708
TSK003663,S006,9.22712708,9.22712708
TSK003663,S007,32.69324471,32.69324471
TSK003663,S008,64.76132472,64.76132472
TSK003663,S009,20.73494952,20.73494952
TSK003663,S010,38.08117845,38.08117845
TSK003663,S011,9.22712708,9.22712708
TSK003663,S012,65.23090833,65.23090833
TSK003663,S013,34.0186541,34.0186541
TSK003663,S014,9.22712708,9.22712708
TSK003663,S015,12.5525112,12.5525112
TSK003663,S016,19.39698702,19.39698702
TSK003663,S017,25.65955362,25.65955362
TSK003663,S018,19.89160943,19.89160943
TSK003663,S019,9.22712708,9.22712708
TSK003663,S020,9.22712708,9.22712708
TSK003663,S021,33.06130126,33.06130126
TSK003663,S022,112.41546503,112.41546503
TSK003663,S023,9.22712708,9.22712708
TSK003663,S024,9.22712708,9.22712708
TSK003663,S025,9.22712708,9.22712708
TSK003663,S026,35.81385704,35.81385704
TSK003663,S027,70.84564966,70.84564966
TSK003663,S028,9.22712708,9.22712708
TSK003663,S029,61.17438925,61.17438925
TSK003663,S030,56.68645982,56.68645982
TSK003663,S031,22.00537543,22.00537543
TSK003663,S032,81.20434142,81.20434142
TSK003663,S033,45.46928035,45.46928035
TSK003663,S034,34.01146429,34.01146429
TSK003663,S035,9.22712708,9.22712708
TSK003663,S036,59.74717451,59.74717451
TSK003663,S037,55.72188131,55.72188131
TSK003663,S038,27.09446265,27.09446265
TSK003663,S039,33.97049935,33.97049935
TSK003663,S040,34.29592856,34.29592856
TSK003663,S041,14.88929478,14.88929478
TSK003663,S042,57.30871244,57.30871244
TSK003663,S043,9.22712708,9.22712708
TSK003663,S044,18.50430511,18.50430511
TSK003663,S045,11.59650415,11.59650415
TSK003663,S046,32.40488841,32.40488841
TSK003663,S047,16.8642249,16.8642249
TSK003663,S048,119.98675267,119.98675267
TSK003663,S049,21.24091667,21.24091667
TSK003663,S050,32.5446151,32.5446151
TSK003663,S051,34.32651544,34.32651544
TSK003663,S052,22.09587301,22.09587301
TSK003663,S053,62.88233183,62.88233183
TSK003663,S054,22.42889118,22.42889118
TSK003663,S055,30.73052864,30.73052864
TSK003663,S056,9.22712708,9.22712708
TSK003663,S057,25.12576345,25.12576345
TSK003663,S058,29.63738644,29.63738644
TSK003663,S059,43.5286997,43.5286997
TSK003663,S060,35.67447831,35.67447831
TSK003663,S061,34.53312079,34.53312079
TSK003663,S062,27.74920764,27.74920764
TSK003663,S063,23.48499025,23.48499025
TSK003663,S064,80.4624001,80.4624001
TSK003663,S065,9.22712708,9.22712708
TSK003663,S066,58.39519317,58.39519317
TSK003663,S067,9.62809764,9.62809764
TSK003663,S068,16.18355865,16.18355865
TSK003663,S069,33.63926107,33.63926107
TSK003663,S070,9.62809764,9.62809764
TSK003663,S071,23.30872783,23.30872783
TSK003663,S072,9.22712708,9.22712708
TSK003663,S073,9.22712708,9.22712708
TSK003663,S074,31.59116327,31.59116327
TSK003663,S075,9.22712708,9.22712708
TSK003663,S076,13.18976731,13.18976731
TSK003663,S077,9.22712708,9.22712708
TSK003663,S078,16.18355865,16.18355865
TSK003663,S079,22.29228976,22.29228976
TSK003663,S080,32.5446151,32.5446151
TSK003663,S081,46.0425763,46.0425763
TSK003663,S082,9.22712708,9.22712708
TSK003663,S083,9.22712708,9.22712708
TSK003663,S084,9.22712708,9.22712708
TSK003663,S085,9.22712708,9.22712708
TSK003663,S086,21.78151206,21.78151206
TSK003663,S087,9.22712708,9.22712708
TSK003663,S088,21.24091667,21.24091667
TSK003663,S089,26.79478063,26.79478063
TSK003663,S090,21.24091667,21.24091667
TSK003663,S091,56.68645982,56.68645982
TSK003663,S092,41.86698027,41.86698027
TSK003663,S093,9.22712708,9.22712708
TSK003663,S094,9.22712708,9.22712708
TSK003663,S095,75.92502729,75.92502729
TSK003663,S096,40.49685319,40.49685319
TSK003663,S097,16.76378196,16.76378196
TSK003663,S098,9.22712708,9.22712708
TSK003663,S099,23.48499025,23.48499025
TSK003663,S100,9.22712708,9.22712708
TSK003669,S001,20.83813789,20.83813789
TSK003669,S002,7.72283049,7.72283049
TSK003669,S003,24.669516,24.669516
TSK003669,S004,33.68410853,33.68410853
TSK003669,S005,7.72283049,7.72283049
TSK003669,S006,7.72283049,7.72283049
TSK003669,S007,26.21891657,26.21891657
TSK003669,S008,53.7323868,53.7323868
TSK003669,S009,16.8745168,16.8745168
TSK003669,S010,30.37028494,30.37028494
TSK003669,S011,7.72283049,7.72283049
TSK003669,S012,51.31844009,51.31844009
TSK003669,S013,27.63239879,27.63239879
TSK003669,S014,7.72283049,7.72283049
TSK003669,S015,10.31144405,10.31144405
TSK003669,S016,16.77324784,16.77324784
TSK003669,S017,21.59557962,21.59557962
TSK003669,S018,16.46939508,16.46939508
TSK003669,S019,7.72283049,7.72283049
TSK003669,S020,7.72283049,7.72283049
TSK003669,S021,26.87496582,26.87496582
TSK003669,S022,90.08024478,90.08024478
TSK003669,S023,7.72283049,7.72283049
TSK003669,S024,7.72283049,7.72283049
TSK003669,S025,7.72283049,7.72283049
TSK003669,S026,29.12402458,29.12402458
TSK003669,S027,56.51651525,56.51651525
TSK003669,S028,7.72283049,7.72283049
TSK003669,S029,49.40515237,49.40515237
TSK003669,S030,45.97273471,45.97273471
TSK003669,S031,18.51781,18.51781
TSK003669,S032,69.38441773,69.38441773
TSK003669,S033,37.44045188,37.44045188
TSK003669,S034,28.04391641,28.04391641
TSK003669,S035,7.72283049,7.72283049
TSK003669,S036,47.62453949,47.62453949
TSK003669,S037,45.22628795,45.22628795
TSK003669,S038,21.80638749,21.80638749
TSK003669,S039,27.29376601,27.29376601
TSK003669,S040,28.352957,28.352957
TSK003669,S041,12.55146525,12.55146525
TSK003669,S042,46.71762233,46.71762233
TSK003669,S043,7.72283049,7.72283049
TSK003669,S044,15.57304696,15.57304696
TSK003669,S045,9.94701382,9.94701382
TSK003669,S046,26.31911091,26.31911091
TSK003669,S047,14.33846221,14.33846221
TSK003669,S048,98.07928466,98.07928466
TSK003669,S049,18.56557158,18.56557158
TSK003669,S050,27.09767068,27.09767068
TSK003669,S051,28.26724686,28.26724686
TSK003669,S052,18.78501291,18.78501291
TSK003669,S053,51.5998394,51.5998394
TSK003669,S054,19.2594418,19.2594418
TSK003669,S055,25.31428955,25.31428955
TSK003669,S056,7.72283049,7.72283049
TSK003669,S057,21.45648443,21.45648443
TSK003669,S058,24.88065531,24.88065531
TSK003669,S059,36.14560476,36.14560476
TSK003669,S060,29.93150742,29.93150742
TSK003669,S061,28.19906312,28.19906312
TSK003669,S062,23.1100127,23.1100127
TSK003669,S063,19.03239595,19.03239595
TSK003669,S064,64.33855237,64.33855237
TSK003669,S065,7.72283049,7.72283049
TSK003669,S066,48.12406396,48.12406396
TSK003669,S067,8.101802,8.101802
TSK003669,S068,14.14688503,14.14688503
TSK003669,S069,27.82137639,27.82137639
TSK003669,S070,8.101802,8.101802
TSK003669,S071,20.07275784,20.07275784
TSK003669,S072,7.72283049,7.72283049
TSK003669,S073,7.72283049,7.72283049
TSK003669,S074,26.97276164,26.97276164
TSK003669,S075,7.72283049,7.72283049
TSK003669,S076,11.22034116,11.22034116
TSK003669,S077,7.72283049,7.72283049
TSK003669,S078,14.14688503,14.14688503
TSK003669,S079,18.72245766,18.72245766
TSK003669,S080,27.09767068,27.09767068
TSK003669,S081,37.20653016,37.20653016
TSK003669,S082,7.72283049,7.72283049
TSK003669,S083,7.72283049,7.72283049
TSK003669,S084,7.72283049,7.72283049
TSK003669,S085,7.72283049,7.72283049
TSK003669,S086,18.39644969,18.39644969
TSK003669,S087,7.72283049,7.72283049
TSK003669,S088,18.56557158,18.56557158
TSK003669,S089,22.60008633,22.60008633
TSK003669,S090,18.56557158,18.56557158
TSK003669,S091,45.97273471,45.97273471
TSK003669,S092,34.56284509,34.56284509
TSK003669,S093,7.72283049,7.72283049
TSK003669,S094,7.72283049,7.72283049
TSK003669,S095,61.07609987,61.07609987
TSK003669,S096,32.96521163,32.96521163
TSK003669,S097,13.7576936,13.7576936
TSK003669,S098,7.72283049,7.72283049
TSK003669,S099,19.03239595,19.03239595
TSK003669,S100,7.72283049,7.72283049
TSK003753,S001,6.83325358,6.83325358
TSK003753,S002,1.54077615,1.54077615
TSK003753,S003,5.68611003,5.68611003
TSK003753,S004,5.38247278,5.38247278
TSK003753,S005,1.54077615,1.54077615
TSK003753,S006,1.54077615,1.54077615
TSK003753,S007,3.36879326,3.36879326
TSK003753,S008,8.74615086,8.74615086
TSK003753,S009,2.58128441,2.58128441
TSK003753,S010,3.69377403,3.69377403
TSK003753,S011,1.54077615,1.54077615
TSK003753,S012,4.97038283,4.97038283
TSK003753,S013,4.03121448,4.03121448
TSK003753,S014,1.54077615,1.54077615
TSK003753,S015,1.74441882,1.74441882
TSK003753,S016,3.94337547,3.94337547
TSK003753,S017,4.2586644,4.2586644
TSK003753,S018,2.86576072,2.86576072
TSK003753,S019,1.54077615,1.54077615
TSK003753,S020,1.54077615,1.54077615
TSK003753,S021,3.90439613,3.90439613
TSK003753,S022,10.52704807,10.52704807
TSK003753,S023,1.54077615,1.54077615
TSK003753,S024,1.54077615,1.54077615
TSK003753,S025,1.54077615,1.54077615
TSK003753,S026,4.12467253,4.12467253
TSK003753,S027,6.61621872,6.61621872
TSK003753,S028,1.54077615,1.54077615
TSK003753,S029,6.69159968,6.69159968
TSK003753,S030,6.47682988,6.47682988
TSK003753,S031,3.75344955,3.75344955
TSK003753,S032,16.43734209,16.43734209
TSK003753,S033,6.37275765,6.37275765
TSK003753,S034,4.80879857,4.80879857
TSK003753,S035,1.54077615,1.54077615
TSK003753,S036,5.54811213,5.54811213
TSK003753,S037,6.45615476,6.45615476
TSK003753,S038,2.90188917,2.90188917
TSK003753,S039,3.55130411,3.55130411
TSK003753,S040,4.79041535,4.79041535
TSK003753,S041,2.60545003,2.60545003
TSK003753,S042,6.88640185,6.88640185
TSK003753,S043,1.54077615,1.54077615
TSK003753,S044,3.22937701,3.22937701
TSK003753,S045,2.41279495,2.41279495
TSK003753,S046,3.86270411,3.86270411
TSK003753,S047,3.14293429,3.14293429
TSK003753,S048,14.46545285,14.46545285
TSK003753,S049,5.03668504,5.03668504
TSK003753,S050,4.81203732,4.81203732
TSK003753,S051,4.54973955,4.54973955
TSK003753,S052,3.96758142,3.96758142
TSK003753,S053,7.99253656,7.99253656
TSK003753,S054,4.57789727,4.57789727
TSK003753,S055,4.27630392,4.27630392
TSK003753,S056,1.54077615,1.54077615
TSK003753,S057,5.17060244,5.17060244
TSK003753,S058,4.87474294,4.87474294
TSK003753,S059,6.2771375,6.2771375
TSK003753,S060,5.61070066,5.61070066
TSK003753,S061,4.34253317,4.34253317
TSK003753,S062,4.19084857,4.19084857
TSK003753,S063,2.70752708,2.70752708
TSK003753,S064,7.68045625,7.68045625
TSK003753,S065,1.54077615,1.54077615
TSK003753,S066,8.22526004,8.22526004
TSK003753,S067,1.69539651,1.69539651
TSK003753,S068,3.81028339,3.81028339
TSK003753,S069,4.7564428,4.7564428
TSK003753,S070,1.69539651,1.69539651
TSK003753,S071,4.47043787,4.47043787
TSK003753,S072,1.54077615,1.54077615
TSK003753,S073,1.54077615,1.54077615
TSK003753,S074,6.11309528,6.11309528
TSK003753,S075,1.54077615,1.54077615
TSK003753,S076,2.41556002,2.41556002
TSK003753,S077,1.54077615,1.54077615
TSK003753,S078,3.81028339,3.81028339
TSK003753,S079,3.40753667,3.40753667
TSK003753,S080,4.81203732,4.81203732
TSK003753,S081,5.09770431,5.09770431
TSK003753,S082,1.54077615,1.54077615
TSK003753,S083,1.54077615,1.54077615
TSK003753,S084,1.54077615,1.54077615
TSK003753,S085,1.54077615,1.54077615
TSK003753,S086,3.72425159,3.72425159
TSK003753,S087,1.54077615,1.54077615
TSK003753,S088,5.03668504,5.03668504
TSK003753,S089,4.44502412,4.44502412
TSK003753,S090,5.03668504,5.03668504
TSK003753,S091,6.47682988,6.47682988
TSK003753,S092,6.49704442,6.49704442
TSK003753,S093,1.54077615,1.54077615
TSK003753,S094,1.54077615,1.54077615
TSK003753,S095,7.86459652,7.86459652
TSK003753,S096,5.03860481,5.03860481
TSK003753,S097,2.21770982,2.21770982
TSK003753,S098,1.54077615,1.54077615
TSK003753,S099,2.70752708,2.70752708
TSK003753,S100,1.54077615,1.54077615
TSK003775,S001,35.71237029,35.71237029
TSK003775,S002,13.45103918,13.45103918
TSK003775,S003,41.72757936,41.72757936
TSK003775,S004,53.0572492,53.0572492
TSK003775,S005,13.45103918,13.45103918
TSK003775,S006,13.45103918,13.45103918
TSK003775,S007,44.11423671,44.11423671
TSK003775,S008,89.31904922,89.31904922
TSK003775,S009,31.31553496,31.31553496
TSK003775,S010,48.9046616,48.9046616
TSK003775,S011,13.45103918,13.45103918
TSK003775,S012,99.41207629,99.41207629
TSK003775,S013,50.46699014,50.46699014
TSK003775,S014,13.45103918,13.45103918
TSK003775,S015,17.36283462,17.36283462
TSK003775,S016,27.61521091,27.61521091
TSK003775,S017,36.18927189,36.18927189
TSK003775,S018,28.25207405,28.25207405
TSK003775,S019,13.45103918,13.45103918
TSK003775,S020,13.45103918,13.45103918
TSK003775,S021,45.39999843,45.39999843
TSK003775,S022,160.07112747,160.07112747
TSK003775,S023,13.45103918,13.45103918
TSK003775,S024,13.45103918,13.45103918
TSK003775,S025,13.45103918,13.45103918
TSK003775,S026,46.39976191,46.39976191
TSK003775,S027,103.60012878,103.60012878
TSK003775,S028,13.45103918,13.45103918
TSK003775,S029,86.31347527,86.31347527
TSK003775,S030,73.9732002,73.9732002
TSK003775,S031,31.26694974,31.26694974
TSK003775,S032,116.76089963,116.76089963
TSK003775,S033,64.637211,64.637211
TSK003775,S034,47.0029611,47.0029611
TSK003775,S035,13.45103918,13.45103918
TSK003775,S036,79.32843273,79.32843273
TSK003775,S037,78.85315124,78.85315124
TSK003775,S038,34.82408171,34.82408171
TSK003775,S039,43.14051039,43.14051039
TSK003775,S040,46.51908559,46.51908559
TSK003775,S041,20.813549,20.813549
TSK003775,S042,82.53888786,82.53888786
TSK003775,S043,13.45103918,13.45103918
TSK003775,S044,25.31369498,25.31369498
TSK003775,S045,16.71122018,16.71122018
TSK003775,S046,41.87992821,41.87992821
TSK003775,S047,23.57148183,23.57148183
TSK003775,S048,169.9529667,169.9529667
TSK003775,S049,30.40863156,30.40863156
TSK003775,S050,46.08954885,46.08954885
TSK003775,S051,49.16267445,49.16267445
TSK003775,S052,31.95796027,31.95796027
TSK003775,S053,82.29637831,82.29637831
TSK003775,S054,30.91928728,30.91928728
TSK003775,S055,44.25424526,44.25424526
TSK003775,S056,13.45103918,13.45103918
TSK003775,S057,35.13172703,35.13172703
TSK003775,S058,42.57492264,42.57492264
TSK003775,S059,59.95306238,59.95306238
TSK003775,S060,47.89942414,47.89942414
TSK003775,S061,47.34023839,47.34023839
TSK003775,S062,39.80788979,39.80788979
TSK003775,S063,32.04583416,32.04583416
TSK003775,S064,112.99264662,112.99264662
TSK003775,S065,13.45103918,13.45103918
TSK003775,S066,85.51736067,85.51736067
TSK003775,S067,14.00167094,14.00167094
TSK003775,S068,23.0678023,23.0678023
TSK003775,S069,49.6459483,49.6459483
TSK003775,S070,14.00167094,14.00167094
TSK003775,S071,32.9368579,32.9368579
TSK003775,S072,13.45103918,13.45103918
TSK003775,S073,13.45103918,13.45103918
TSK003775,S074,44.10429018,44.10429018
TSK003775,S075,13.45103918,13.45103918
TSK003775,S076,18.94607117,18.94607117
TSK003775,S077,13.45103918,13.45103918
TSK003775,S078,23.0678023,23.0678023
TSK003775,S079,30.90452681,30.90452681
TSK003775,S080,46.08954885,46.08954885
TSK003775,S081,61.02322726,61.02322726
TSK003775,S082,13.45103918,13.45103918
TSK003775,S083,13.45103918,13.45103918
TSK003775,S084,13.45103918,13.45103918
TSK003775,S085,13.45103918,13.45103918
TSK003775,S086,29.96664831,29.96664831
TSK003775,S087,13.45103918,13.45103918
TSK003775,S088,30.40863156,30.40863156
TSK003775,S089,39.24501905,39.24501905
TSK003775,S090,30.40863156,30.40863156
TSK003775,S091,73.9732002,73.9732002
TSK003775,S092,55.22068701,55.22068701
TSK003775,S093,13.45103918,13.45103918
TSK003775,S094,13.45103918,13.45103918
TSK003775,S095,108.10022703,108.10022703
TSK003775,S096,54.31980262,54.31980262
TSK003775,S097,22.74063995,22.74063995
TSK003775,S098,13.45103918,13.45103918
TSK003775,S099,32.04583416,32.04583416
TSK003775,S100,13.45103918,13.45103918
TSK003802,S001,21.03204586,21.03204586
TSK003802,S002,7.57286145,7.57286145
TSK003802,S003,25.15690336,25.15690336
TSK003802,S004,32.7955766,32.7955766
TSK003802,S005,7.57286145,7.57286145
TSK003802,S006,7.57286145,7.57286145
TSK003802,S007,24.86109834,24.86109834
TSK003802,S008,54.06203442,54.06203442
TSK003802,S009,16.19688867,16.19688867
TSK003802,S010,28.55274707,28.55274707
TSK003802,S011,7.57286145,7.57286145
TSK003802,S012,47.79719865,47.79719865
TSK003802,S013,26.63600318,26.63600318
TSK003802,S014,7.57286145,7.57286145
TSK003802,S015,9.9612961,9.9612961
TSK003802,S016,17.24536074,17.24536074
TSK003802,S017,21.61263519,21.61263519
TSK003802,S018,16.19957429,16.19957429
TSK003802,S019,7.57286145,7.57286145
TSK003802,S020,7.57286145,7.57286145
TSK003802,S021,25.99288683,25.99288683
TSK003802,S022,86.67426377,86.67426377
TSK003802,S023,7.57286145,7.57286145
TSK003802,S024,7.57286145,7.57286145
TSK003802,S025,7.57286145,7.57286145
TSK003802,S026,28.35639168,28.35639168
TSK003802,S027,53.55330349,53.55330349
TSK003802,S028,7.57286145,7.57286145
TSK003802,S029,47.45995275,47.45995275
TSK003802,S030,44.4155633,44.4155633
TSK003802,S031,18.38023054,18.38023054
TSK003802,S032,68.68167219,68.68167219
TSK003802,S033,36.39151517,36.39151517
TSK003802,S034,27.32627946,27.32627946
TSK003802,S035,7.57286145,7.57286145
TSK003802,S036,45.0433329,45.0433329
TSK003802,S037,43.68713325,43.68713325
TSK003802,S038,20.78212131,20.78212131
TSK003802,S039,25.97845284,25.97845284
TSK003802,S040,27.96074118,27.96074118
TSK003802,S041,12.43752207,12.43752207
TSK003802,S042,45.4600154,45.4600154
TSK003802,S043,7.57286145,7.57286145
TSK003802,S044,15.35786939,15.35786939
TSK003802,S045,9.88134356,9.88134356
TSK003802,S046,25.32935591,25.32935591
TSK003802,S047,14.34220474,14.34220474
TSK003802,S048,96.26699423,96.26699423
TSK003802,S049,18.71616925,18.71616925
TSK003802,S050,26.98647147,26.98647147
TSK003802,S051,27.85468318,27.85468318
TSK003802,S052,18.99918798,18.99918798
TSK003802,S053,50.72436893,50.72436893
TSK003802,S054,19.32829143,19.32829143
TSK003802,S055,24.6826932,24.6826932
TSK003802,S056,7.57286145,7.57286145
TSK003802,S057,21.07828751,21.07828751
TSK003802,S058,24.75448945,24.75448945
TSK003802,S059,35.89835022,35.89835022
TSK003802,S060,30.08862171,30.08862171
TSK003802,S061,27.32559737,27.32559737
TSK003802,S062,22.90703328,22.90703328
TSK003802,S063,18.30637666,18.30637666
TSK003802,S064,61.23646425,61.23646425
TSK003802,S065,7.57286145,7.57286145
TSK003802,S066,46.85214166,46.85214166
TSK003802,S067,7.9646055,7.9646055
TSK003802,S068,14.30601152,14.30601152
TSK003802,S069,27.39189779,27.39189779
TSK003802,S070,7.9646055,7.9646055
TSK003802,S071,20.74602186,20.74602186
TSK003802,S072,7.57286145,7.57286145
TSK003802,S073,7.57286145,7.57286145
TSK003802,S074,27.03417668,27.03417668
TSK003802,S075,7.57286145,7.57286145
TSK003802,S076,11.30399046,11.30399046
TSK003802,S077,7.57286145,7.57286145
TSK003802,S078,14.30601152,14.30601152
TSK003802,S079,19.02376756,19.02376756
TSK003802,S080,26.98647147,26.98647147
TSK003802,S081,35.72827831,35.72827831
TSK003802,S082,7.57286145,7.57286145
TSK003802,S083,7.57286145,7.57286145
TSK003802,S084,7.57286145,7.57286145
TSK003802,S085,7.57286145,7.57286145
TSK003802,S086,18.47046651,18.47046651
TSK003802,S087,7.57286145,7.57286145
TSK003802,S088,18.71616925,18.71616925
TSK003802,S089,22.78412155,22.78412155
TSK003802,S090,18.71616925,18.71616925
TSK003802,S091,44.4155633,44.4155633
TSK003802,S092,32.99456985,32.99456985
TSK003802,S093,7.57286145,7.57286145
TSK003802,S094,7.57286145,7.57286145
TSK003802,S095,58.48540152,58.48540152
TSK003802,S096,31.67261686,31.67261686
TSK003802,S097,13.4059371,13.4059371
TSK003802,S098,7.57286145,7.57286145
TSK003802,S099,18.30637666,18.30637666
TSK003802,S100,7.57286145,7.57286145
TSK003806,S001,8.16230987,8.16230987
TSK003806,S002,1.84188164,1.84188164
TSK003806,S003,6.80962701,6.80962701
TSK003806,S004,6.43865526,6.43865526
TSK003806,S005,1.84188164,1.84188164
TSK003806,S006,1.84188164,1.84188164
TSK003806,S007,4.02387246,4.02387246
TSK003806,S008,10.49224139,10.49224139
TSK003806,S009,3.0844951,3.0844951
TSK003806,S010,4.40882199,4.40882199
TSK003806,S011,1.84188164,1.84188164
TSK003806,S012,5.93028282,5.93028282
TSK003806,S013,4.82023911,4.82023911
TSK003806,S014,1.84188164,1.84188164
TSK003806,S015,2.08464211,2.08464211
TSK003806,S016,4.72438687,4.72438687
TSK003806,S017,5.09897408,5.09897408
TSK003806,S018,3.42934939,3.42934939
TSK003806,S019,1.84188164,1.84188164
TSK003806,S020,1.84188164,1.84188164
TSK003806,S021,4.67025141,4.67025141
TSK003806,S022,12.60205384,12.60205384
TSK003806,S023,1.84188164,1.84188164
TSK003806,S024,1.84188164,1.84188164
TSK003806,S025,1.84188164,1.84188164
TSK003806,S026,4.93782908,4.93782908
TSK003806,S027,7.9055949,7.9055949
TSK003806,S028,1.84188164,1.84188164
TSK003806,S029,8.00185868,8.00185868
TSK003806,S030,7.74784388,7.74784388
TSK003806,S031,4.49053279,4.49053279
TSK003806,S032,19.64460605,19.64460605
TSK003806,S033,7.61938771,7.61938771
TSK003806,S034,5.75046553,5.75046553
TSK003806,S035,1.84188164,1.84188164
TSK003806,S036,6.62799707,6.62799707
TSK003806,S037,7.72237829,7.72237829
TSK003806,S038,3.46750394,3.46750394
TSK003806,S039,4.24337765,4.24337765
TSK003806,S040,5.7348795,5.7348795
TSK003806,S041,3.11628079,3.11628079
TSK003806,S042,8.24137679,8.24137679
TSK003806,S043,1.84188164,1.84188164
TSK003806,S044,3.86124939,3.86124939
TSK003806,S045,2.88386379,2.88386379
TSK003806,S046,4.61787048,4.61787048
TSK003806,S047,3.76036095,3.76036095
TSK003806,S048,17.32632246,17.32632246
TSK003806,S049,6.02160564,6.02160564
TSK003806,S050,5.76355847,5.76355847
TSK003806,S051,5.44819554,5.44819554
TSK003806,S052,4.75182796,4.75182796
TSK003806,S053,9.57130606,9.57130606
TSK003806,S054,5.47573147,5.47573147
TSK003806,S055,5.11441809,5.11441809
TSK003806,S056,1.84188164,1.84188164
TSK003806,S057,6.1761101,6.1761101
TSK003806,S058,5.83428882,5.83428882
TSK003806,S059,7.51783333,7.51783333
TSK003806,S060,6.7225614,6.7225614
TSK003806,S061,5.19351824,5.19351824
TSK003806,S062,5.0168658,5.0168658
TSK003806,S063,3.23722134,3.23722134
TSK003806,S064,9.18118627,9.18118627
TSK003806,S065,1.84188164,1.84188164
TSK003806,S066,9.83540657,9.83540657
TSK003806,S067,2.02657535,2.02657535
TSK003806,S068,4.55634812,4.55634812
TSK003806,S069,5.69296656,5.69296656
TSK003806,S070,2.02657535,2.02657535
TSK003806,S071,5.35998919,5.35998919
TSK003806,S072,1.84188164,1.84188164
TSK003806,S073,1.84188164,1.84188164
TSK003806,S074,7.31349483,7.31349483
TSK003806,S075,1.84188164,1.84188164
TSK003806,S076,2.89185049,2.89185049
TSK003806,S077,1.84188164,1.84188164
TSK003806,S078,4.55634812,4.55634812
TSK003806,S079,4.08733098,4.08733098
TSK003806,S080,5.76355847,5.76355847
TSK003806,S081,6.09523955,6.09523955
TSK003806,S082,1.84188164,1.84188164
TSK003806,S083,1.84188164,1.84188164
TSK003806,S084,1.84188164,1.84188164
TSK003806,S085,1.84188164,1.84188164
TSK003806,S086,4.45937434,4.45937434
TSK003806,S087,1.84188164,1.84188164
TSK003806,S088,6.02160564,6.02160564
TSK003806,S089,5.32515213,5.32515213
TSK003806,S090,6.02160564,6.02160564
TSK003806,S091,7.74784388,7.74784388
TSK003806,S092,7.75332843,7.75332843
TSK003806,S093,1.84188164,1.84188164
TSK003806,S094,1.84188164,1.84188164
TSK003806,S095,9.40397401,9.40397401
TSK003806,S096,6.02143726,6.02143726
TSK003806,S097,2.65294263,2.65294263
TSK003806,S098,1.84188164,1.84188164
TSK003806,S099,3.23722134,3.23722134
TSK003806,S100,1.84188164,1.84188164
TSK003858,S001,17.30097,17.30097
TSK003858,S002,5.16291767,5.16291767
TSK003858,S003,18.76923926,18.76923926
TSK003858,S004,20.94092609,20.94092609
TSK003858,S005,5.16291767,5.16291767
TSK003858,S006,5.16291767,5.16291767
TSK003858,S007,14.46874381,14.46874381
TSK003858,S008,36.43379676,36.43379676
TSK003858,S009,10.00400994,10.00400994
TSK003858,S010,16.1698154,16.1698154
TSK003858,S011,5.16291767,5.16291767
TSK003858,S012,25.44828495,25.44828495
TSK003858,S013,16.39475428,16.39475428
TSK003858,S014,5.16291767,5.16291767
TSK003858,S015,6.36741917,6.36741917
TSK003858,S016,13.06284972,13.06284972
TSK003858,S017,15.11396901,15.11396901
TSK003858,S018,10.71907424,10.71907424
TSK003858,S019,5.16291767,5.16291767
TSK003858,S020,5.16291767,5.16291767
TSK003858,S021,16.07459669,16.07459669
TSK003858,S022,50.85886737,50.85886737
TSK003858,S023,5.16291767,5.16291767
TSK003858,S024,5.16291767,5.16291767
TSK003858,S025,5.16291767,5.16291767
TSK003858,S026,17.6361522,17.6361522
TSK003858,S027,30.55389198,30.55389198
TSK003858,S028,5.16291767,5.16291767
TSK003858,S029,28.58325179,28.58325179
TSK003858,S030,27.23786176,27.23786176
TSK003858,S031,12.79897387,12.79897387
TSK003858,S032,49.75917822,49.75917822
TSK003858,S033,23.52195455,23.52195455
TSK003858,S034,17.76254422,17.76254422
TSK003858,S035,5.16291767,5.16291767
TSK003858,S036,25.58342146,25.58342146
TSK003858,S037,26.85878169,26.85878169
TSK003858,S038,12.29630266,12.29630266
TSK003858,S039,15.26361624,15.26361624
TSK003858,S040,18.44554541,18.44554541
TSK003858,S041,8.69560614,8.69560614
TSK003858,S042,28.4869359,28.4869359
TSK003858,S043,5.16291767,5.16291767
TSK003858,S044,10.66406268,10.66406268
TSK003858,S045,7.24159717,7.24159717
TSK003858,S046,15.5688228,15.5688228
TSK003858,S047,10.30308451,10.30308451
TSK003858,S048,61.18089912,61.18089912
TSK003858,S049,14.44200361,14.44200361
TSK003858,S050,18.27250394,18.27250394
TSK003858,S051,18.15292644,18.15292644
TSK003858,S052,13.71050457,13.71050457
TSK003858,S053,32.65643808,32.65643808
TSK003858,S054,14.26162863,14.26162863
TSK003858,S055,16.00305899,16.00305899
TSK003858,S056,5.16291767,5.16291767
TSK003858,S057,15.19960286,15.19960286
TSK003858,S058,17.14389352,17.14389352
TSK003858,S059,24.08420848,24.08420848
TSK003858,S060,20.90886135,20.90886135
TSK003858,S061,17.17131274,17.17131274
TSK003858,S062,15.48222219,15.48222219
TSK003858,S063,11.16513332,11.16513332
TSK003858,S064,35.36298632,35.36298632
TSK003858,S065,5.16291767,5.16291767
TSK003858,S066,30.39034068,30.39034068
TSK003858,S067,5.51984314,5.51984314
TSK003858,S068,11.05345814,11.05345814
TSK003858,S069,18.07568462,18.07568462
TSK003858,S070,5.51984314,5.51984314
TSK003858,S071,15.5901343,15.5901343
TSK003858,S072,5.16291767,5.16291767
TSK003858,S073,5.16291767,5.16291767
TSK003858,S074,19.65012306,19.65012306
TSK003858,S075,5.16291767,5.16291767
TSK003858,S076,8.15683761,8.15683761
TSK003858,S077,5.16291767,5.16291767
TSK003858,S078,11.05345814,11.05345814
TSK003858,S079,13.32340663,13.32340663
TSK003858,S080,18.27250394,18.27250394
TSK003858,S081,21.55562094,21.55562094
TSK003858,S082,5.16291767,5.16291767
TSK003858,S083,5.16291767,5.16291767
TSK003858,S084,5.16291767,5.16291767
TSK003858,S085,5.16291767,5.16291767
TSK003858,S086,13.0591398,13.0591398
TSK003858,S087,5.16291767,5.16291767
TSK003858,S088,14.44200361,14.44200361
TSK003858,S089,16.08114563,16.08114563
TSK003858,S090,14.44200361,14.44200361
TSK003858,S091,27.23786176,27.23786176
TSK003858,S092,21.26920547,21.26920547
TSK003858,S093,5.16291767,5.16291767
TSK003858,S094,5.16291767,5.16291767
TSK003858,S095,34.66530496,34.66530496
TSK003858,S096,19.59124681,19.59124681
TSK003858,S097,8.58858447,8.58858447
TSK003858,S098,5.16291767,5.16291767
TSK003858,S099,11.16513332,11.16513332
TSK003858,S100,5.16291767,5.16291767
TSK003903,S001,20.55304128,20.55304128
TSK003903,S002,7.19227039,7.19227039
TSK003903,S003,24.37704401,24.37704401
TSK003903,S004,30.88440995,30.88440995
TSK003903,S005,7.19227039,7.19227039
TSK003903,S006,7.19227039,7.19227039
TSK003903,S007,23.03592352,23.03592352
TSK003903,S008,51.64715213,51.64715213
TSK003903,S009,15.14327348,15.14327348
TSK003903,S010,26.32632832,26.32632832
TSK003903,S011,7.19227039,7.19227039
TSK003903,S012,43.716598,43.716598
TSK003903,S013,24.92575682,24.92575682
TSK003903,S014,7.19227039,7.19227039
TSK003903,S015,9.36100643,9.36100643
TSK003903,S016,16.77430022,16.77430022
TSK003903,S017,20.69536108,20.69536108
TSK003903,S018,15.35249063,15.35249063
TSK003903,S019,7.19227039,7.19227039
TSK003903,S020,7.19227039,7.19227039
TSK003903,S021,24.35801768,24.35801768
TSK003903,S022,80.71356949,80.71356949
TSK003903,S023,7.19227039,7.19227039
TSK003903,S024,7.19227039,7.19227039
TSK003903,S025,7.19227039,7.19227039
TSK003903,S026,26.63739091,26.63739091
TSK003903,S027,49.52480322,49.52480322
TSK003903,S028,7.19227039,7.19227039
TSK003903,S029,44.279517,44.279517
TSK003903,S030,41.57647181,41.57647181
TSK003903,S031,17.55306682,17.55306682
TSK003903,S032,65.81615626,65.81615626
TSK003903,S033,34.29491125,34.29491125
TSK003903,S034,25.78423582,25.78423582
TSK003903,S035,7.19227039,7.19227039
TSK003903,S036,41.61565144,41.61565144
TSK003903,S037,40.90224982,40.90224982
TSK003903,S038,19.31363241,19.31363241
TSK003903,S039,24.11853714,24.11853714
TSK003903,S040,26.509766,26.509766
TSK003903,S041,11.87734106,11.87734106
TSK003903,S042,42.72744016,42.72744016
TSK003903,S043,7.19227039,7.19227039
TSK003903,S044,14.63649592,14.63649592
TSK003903,S045,9.48996782,9.48996782
TSK003903,S046,23.68900591,23.68900591
TSK003903,S047,13.77031663,13.77031663
TSK003903,S048,90.82201159,90.82201159
TSK003903,S049,18.1489358,18.1489358
TSK003903,S050,25.72182919,25.72182919
TSK003903,S051,26.37198477,26.37198477
TSK003903,S052,18.30451558,18.30451558
TSK003903,S053,47.93537033,47.93537033
TSK003903,S054,18.62751282,18.62751282
TSK003903,S055,23.28829707,23.28829707
TSK003903,S056,7.19227039,7.19227039
TSK003903,S057,20.14669436,20.14669436
TSK003903,S058,23.64246327,23.64246327
TSK003903,S059,34.15882296,34.15882296
TSK003903,S060,28.82732833,28.82732833
TSK003903,S061,25.65948603,25.65948603
TSK003903,S062,21.80148525,21.80148525
TSK003903,S063,17.1057393,17.1057393
TSK003903,S064,56.7644174,56.7644174
TSK003903,S065,7.19227039,7.19227039
TSK003903,S066,44.18837621,44.18837621
TSK003903,S067,7.5823804,7.5823804
TSK003903,S068,13.88587661,13.88587661
TSK003903,S069,25.95950408,25.95950408
TSK003903,S070,7.5823804,7.5823804
TSK003903,S071,20.18894671,20.18894671
TSK003903,S072,7.19227039,7.19227039
TSK003903,S073,7.19227039,7.19227039
TSK003903,S074,26.00280623,26.00280623
TSK003903,S075,7.19227039,7.19227039
TSK003903,S076,10.87927875,10.87927875
TSK003903,S077,7.19227039,7.19227039
TSK003903,S078,13.88587661,13.88587661
TSK003903,S079,18.29324936,18.29324936
TSK003903,S080,25.72182919,25.72182919
TSK003903,S081,33.33579915,33.33579915
TSK003903,S082,7.19227039,7.19227039
TSK003903,S083,7.19227039,7.19227039
TSK003903,S084,7.19227039,7.19227039
TSK003903,S085,7.19227039,7.19227039
TSK003903,S086,17.72214198,17.72214198
TSK003903,S087,7.19227039,7.19227039
TSK003903,S088,18.1489358,18.1489358
TSK003903,S089,21.88106732,21.88106732
TSK003903,S090,18.1489358,18.1489358
TSK003903,S091,41.57647181,41.57647181
TSK003903,S092,30.92589445,30.92589445
TSK003903,S093,7.19227039,7.19227039
TSK003903,S094,7.19227039,7.19227039
TSK003903,S095,54.43687267,54.43687267
TSK003903,S096,29.62476693,29.62476693
TSK003903,S097,12.63170943,12.63170943
TSK003903,S098,7.19227039,7.19227039
TSK003903,S099,17.1057393,17.1057393
TSK003903,S100,7.19227039,7.19227039
TSK003911,S001,20.58005431,20.58005431
TSK003911,S002,7.11481123,7.11481123
TSK003911,S003,24.47688452,24.47688452
TSK003911,S004,30.45137234,30.45137234
TSK003911,S005,7.11481123,7.11481123
TSK003911,S006,7.11481123,7.11481123
TSK003911,S007,22.45667477,22.45667477
TSK003911,S008,51.57252514,51.57252514
TSK003911,S009,14.84344409,14.84344409
TSK003911,S010,25.5672839,25.5672839
TSK003911,S011,7.11481123,7.11481123
TSK003911,S012,42.26358226,42.26358226
TSK003911,S013,24.47275721,24.47275721
TSK003911,S014,7.11481123,7.11481123
TSK003911,S015,9.20186968,9.20186968
TSK003911,S016,16.89242881,16.89242881
TSK003911,S017,20.63182397,20.63182397
TSK003911,S018,15.20090147,15.20090147
TSK003911,S019,7.11481123,7.11481123
TSK003911,S020,7.11481123,7.11481123
TSK003911,S021,23.94788951,23.94788951
TSK003911,S022,79.15645205,79.15645205
TSK003911,S023,7.11481123,7.11481123
TSK003911,S024,7.11481123,7.11481123
TSK003911,S025,7.11481123,7.11481123
TSK003911,S026,26.25816257,26.25816257
TSK003911,S027,48.25727301,48.25727301
TSK003911,S028,7.11481123,7.11481123
TSK003911,S029,43.40708264,43.40708264
TSK003911,S030,40.855996,40.855996
TSK003911,S031,17.44600423,17.44600423
TSK003911,S032,65.37168769,65.37168769
TSK003911,S033,33.79571748,33.79571748
TSK003911,S034,25.43460213,25.43460213
TSK003911,S035,7.11481123,7.11481123
TSK003911,S036,40.51766295,40.51766295
TSK003911,S037,40.19171874,40.19171874
TSK003911,S038,18.86977323,18.86977323
TSK003911,S039,23.55050132,23.55050132
TSK003911,S040,26.27287089,26.27287089
TSK003911,S041,11.79807716,11.79807716
TSK003911,S042,42.11245364,42.11245364
TSK003911,S043,7.11481123,7.11481123
TSK003911,S044,14.51215369,14.51215369
TSK003911,S045,9.43912398,9.43912398
TSK003911,S046,23.24343128,23.24343128
TSK003911,S047,13.72846141,13.72846141
TSK003911,S048,89.82226189,89.82226189
TSK003911,S049,18.15521219,18.15521219
TSK003911,S050,25.59040016,25.59040016
TSK003911,S051,26.12607994,26.12607994
TSK003911,S052,18.3218793,18.3218793
TSK003911,S053,47.44046675,47.44046675
TSK003911,S054,18.59713331,18.59713331
TSK003911,S055,22.97777806,22.97777806
TSK003911,S056,7.11481123,7.11481123
TSK003911,S057,19.95347876,19.95347876
TSK003911,S058,23.51765925,23.51765925
TSK003911,S059,33.94735982,33.94735982
TSK003911,S060,28.78345046,28.78345046
TSK003911,S061,25.2498072,25.2498072
TSK003911,S062,21.65217695,21.65217695
TSK003911,S063,16.77909202,16.77909202
TSK003911,S064,55.41829554,55.41829554
TSK003911,S065,7.11481123,7.11481123
TSK003911,S066,43.57391457,43.57391457
TSK003911,S067,7.50895386,7.50895386
TSK003911,S068,13.90600698,13.90600698
TSK003911,S069,25.71188458,25.71188458
TSK003911,S070,7.50895386,7.50895386
TSK003911,S071,20.36604381,20.36604381
TSK003911,S072,7.11481123,7.11481123
TSK003911,S073,7.11481123,7.11481123
TSK003911,S074,25.9451086,25.9451086
TSK003911,S075,7.11481123,7.11481123
TSK003911,S076,10.87450702,10.87450702
TSK003911,S077,7.11481123,7.11481123
TSK003911,S078,13.90600698,13.90600698
TSK003911,S079,18.33626363,18.33626363
TSK003911,S080,25.59040016,25.59040016
TSK003911,S081,32.67463824,32.67463824
TSK003911,S082,7.11481123,7.11481123
TSK003911,S083,7.11481123,7.11481123
TSK003911,S084,7.11481123,7.11481123
TSK003911,S085,7.11481123,7.11481123
TSK003911,S086,17.68986266,17.68986266
TSK003911,S087,7.11481123,7.11481123
TSK003911,S088,18.15521219,18.15521219
TSK003911,S089,21.87292999,21.87292999
TSK003911,S090,18.15521219,18.15521219
TSK003911,S091,40.855996,40.855996
TSK003911,S092,30.2598313,30.2598313
TSK003911,S093,7.11481123,7.11481123
TSK003911,S094,7.11481123,7.11481123
TSK003911,S095,53.28903557,53.28903557
TSK003911,S096,29.04996816,29.04996816
TSK003911,S097,12.45894882,12.45894882
TSK003911,S098,7.11481123,7.11481123
TSK003911,S099,16.77909202,16.77909202
TSK003911,S100,7.11481123,7.11481123
TSK003975,S001,53.94405772,53.94405772
TSK003975,S002,24.84169754,24.84169754
TSK003975,S003,74.68653732,74.68653732
TSK003975,S004,114.81650313,114.81650313
TSK003975,S005,24.84169754,24.84169754
TSK003975,S006,24.84169754,24.84169754
TSK003975,S007,93.94799922,93.94799922
TSK003975,S008,180.37153714,180.37153714
TSK003975,S009,58.32347444,58.32347444
TSK003975,S010,110.07384947,110.07384947
TSK003975,S011,24.84169754,24.84169754
TSK003975,S012,192.40801692,192.40801692
TSK003975,S013,96.27953739,96.27953739
TSK003975,S014,24.84169754,24.84169754
TSK003975,S015,34.79142529,34.79142529
TSK003975,S016,50.2585749,50.2585749
TSK003975,S017,69.18649652,69.18649652
TSK003975,S018,54.86222657,54.86222657
TSK003975,S019,24.84169754,24.84169754
TSK003975,S020,24.84169754,24.84169754
TSK003975,S021,93.61430766,93.61430766
TSK003975,S022,326.15271748,326.15271748
TSK003975,S023,24.84169754,24.84169754
TSK003975,S024,24.84169754,24.84169754
TSK003975,S025,24.84169754,24.84169754
TSK003975,S026,101.72138835,101.72138835
TSK003975,S027,205.54076537,205.54076537
TSK003975,S028,24.84169754,24.84169754
TSK003975,S029,174.72190623,174.72190623
TSK003975,S030,161.12991219,161.12991219
TSK003975,S031,59.0330982,59.0330982
TSK003975,S032,210.42349975,210.42349975
TSK003975,S033,125.88666894,125.88666894
TSK003975,S034,94.04904981,94.04904981
TSK003975,S035,24.84169754,24.84169754
TSK003975,S036,173.42623608,173.42623608
TSK003975,S037,158.13110856,158.13110856
TSK003975,S038,77.55115248,77.55115248
TSK003975,S039,97.47918472,97.47918472
TSK003975,S040,95.02643261,95.02643261
TSK003975,S041,39.75316379,39.75316379
TSK003975,S042,161.9511852,161.9511852
TSK003975,S043,24.84169754,24.84169754
TSK003975,S044,49.42463804,49.42463804
TSK003975,S045,29.864827,29.864827
TSK003975,S046,91.64437595,91.64437595
TSK003975,S047,44.48567137,44.48567137
TSK003975,S048,338.99669351,338.99669351
TSK003975,S049,52.95333146,52.95333146
TSK003975,S050,89.42948167,89.42948167
TSK003975,S051,95.81132261,95.81132261
TSK003975,S052,58.73120087,58.73120087
TSK003975,S053,176.48702544,176.48702544
TSK003975,S054,58.02941659,58.02941659
TSK003975,S055,85.17421769,85.17421769
TSK003975,S056,24.84169754,24.84169754
TSK003975,S057,64.85439996,64.85439996
TSK003975,S058,80.02827248,80.02827248
TSK003975,S059,120.06125454,120.06125454
TSK003975,S060,97.08739924,97.08739924
TSK003975,S061,97.02812422,97.02812422
TSK003975,S062,75.99304962,75.99304962
TSK003975,S063,66.68061714,66.68061714
TSK003975,S064,232.98375632,232.98375632
TSK003975,S065,24.84169754,24.84169754
TSK003975,S066,161.56163091,161.56163091
TSK003975,S067,25.6714741,25.6714741
TSK003975,S068,40.42635156,40.42635156
TSK003975,S069,93.03845877,93.03845877
TSK003975,S070,25.6714741,25.6714741
TSK003975,S071,61.16950957,61.16950957
TSK003975,S072,24.84169754,24.84169754
TSK003975,S073,24.84169754,24.84169754
TSK003975,S074,82.6912612,82.6912612
TSK003975,S075,24.84169754,24.84169754
TSK003975,S076,34.9204477,34.9204477
TSK003975,S077,24.84169754,24.84169754
TSK003975,S078,40.42635156,40.42635156
TSK003975,S079,60.9641416,60.9641416
TSK003975,S080,89.42948167,89.42948167
TSK003975,S081,131.32693965,131.32693965
TSK003975,S082,24.84169754,24.84169754
TSK003975,S083,24.84169754,24.84169754
TSK003975,S084,24.84169754,24.84169754
TSK003975,S085,24.84169754,24.84169754
TSK003975,S086,58.42136001,58.42136001
TSK003975,S087,24.84169754,24.84169754
TSK003975,S088,52.95333146,52.95333146
TSK003975,S089,72.26481905,72.26481905
TSK003975,S090,52.95333146,52.95333146
TSK003975,S091,161.12991219,161.12991219
TSK003975,S092,114.06968826,114.06968826
TSK003975,S093,24.84169754,24.84169754
TSK003975,S094,24.84169754,24.84169754
TSK003975,S095,218.10101871,218.10101871
TSK003975,S096,113.92019692,113.92019692
TSK003975,S097,46.79231637,46.79231637
TSK003975,S098,24.84169754,24.84169754
TSK003975,S099,66.68061714,66.68061714
TSK003975,S100,24.84169754,24.84169754
TSK004072,S001,10.4638877,10.4638877
TSK004072,S002,2.32607936,2.32607936
TSK004072,S003,8.29659592,8.29659592
TSK004072,S004,8.02500544,8.02500544
TSK004072,S005,2.32607936,2.32607936
TSK004072,S006,2.32607936,2.32607936
TSK004072,S007,5.16209229,5.16209229
TSK004072,S008,12.3423745,12.3423745
TSK004072,S009,3.92578075,3.92578075
TSK004072,S010,5.73541905,5.73541905
TSK004072,S011,2.32607936,2.32607936
TSK004072,S012,7.77082216,7.77082216
TSK004072,S013,6.0571959,6.0571959
TSK004072,S014,2.32607936,2.32607936
TSK004072,S015,2.64937648,2.64937648
TSK004072,S016,5.71076876,5.71076876
TSK004072,S017,6.24088027,6.24088027
TSK004072,S018,4.24348101,4.24348101
TSK004072,S019,2.32607936,2.32607936
TSK004072,S020,2.32607936,2.32607936
TSK004072,S021,5.82803404,5.82803404
TSK004072,S022,15.4775304,15.4775304
TSK004072,S023,2.32607936,2.32607936
TSK004072,S024,2.32607936,2.32607936
TSK004072,S025,2.32607936,2.32607936
TSK004072,S026,6.06120539,6.06120539
TSK004072,S027,10.07236847,10.07236847
TSK004072,S028,2.32607936,2.32607936
TSK004072,S029,10.0424614,10.0424614
TSK004072,S030,9.65453813,9.65453813
TSK004072,S031,5.58317778,5.58317778
TSK004072,S032,24.93185079,24.93185079
TSK004072,S033,9.59193472,9.59193472
TSK004072,S034,7.21513642,7.21513642
TSK004072,S035,2.32607936,2.32607936
TSK004072,S036,8.47755314,8.47755314
TSK004072,S037,9.64084719,9.64084719
TSK004072,S038,4.41563118,4.41563118
TSK004072,S039,5.4066194,5.4066194
TSK004072,S040,7.03811141,7.03811141
TSK004072,S041,3.89457345,3.89457345
TSK004072,S042,10.18127238,10.18127238
TSK004072,S043,2.32607936,2.32607936
TSK004072,S044,4.85727282,4.85727282
TSK004072,S045,3.65307394,3.65307394
TSK004072,S046,5.82445975,5.82445975
TSK004072,S047,4.66959924,4.66959924
TSK004072,S048,21.04474257,21.04474257
TSK004072,S049,7.58909739,7.58909739
TSK004072,S050,7.00460518,7.00460518
TSK004072,S051,6.65080368,6.65080368
TSK004072,S052,5.78224408,5.78224408
TSK004072,S053,11.67296599,11.67296599
TSK004072,S054,6.83638922,6.83638922
TSK004072,S055,6.39933164,6.39933164
TSK004072,S056,2.32607936,2.32607936
TSK004072,S057,7.9217123,7.9217123
TSK004072,S058,7.19807688,7.19807688
TSK004072,S059,9.14966815,9.14966815
TSK004072,S060,8.11078488,8.11078488
TSK004072,S061,6.50099665,6.50099665
TSK004072,S062,6.16278592,6.16278592
TSK004072,S063,4.07402096,4.07402096
TSK004072,S064,11.60016595,11.60016595
TSK004072,S065,2.32607936,2.32607936
TSK004072,S066,12.35376536,12.35376536
TSK004072,S067,2.56285361,2.56285361
TSK004072,S068,5.71862728,5.71862728
TSK004072,S069,7.01722425,7.01722425
TSK004072,S070,2.56285361,2.56285361
TSK004072,S071,6.3770663,6.3770663
TSK004072,S072,2.32607936,2.32607936
TSK004072,S073,2.32607936,2.32607936
TSK004072,S074,9.09447674,9.09447674
TSK004072,S075,2.32607936,2.32607936
TSK004072,S076,3.54788789,3.54788789
TSK004072,S077,2.32607936,2.32607936
TSK004072,S078,5.71862728,5.71862728
TSK004072,S079,4.82008297,4.82008297
TSK004072,S080,7.00460518,7.00460518
TSK004072,S081,7.6650982,7.6650982
TSK004072,S082,2.32607936,2.32607936
TSK004072,S083,2.32607936,2.32607936
TSK004072,S084,2.32607936,2.32607936
TSK004072,S085,2.32607936,2.32607936
TSK004072,S086,5.45159834,5.45159834
TSK004072,S087,2.32607936,2.32607936
TSK004072,S088,7.58909739,7.58909739
TSK004072,S089,6.44281737,6.44281737
TSK004072,S090,7.58909739,7.58909739
TSK004072,S091,9.65453813,9.65453813
TSK004072,S092,10.12145473,10.12145473
TSK004072,S093,2.32607936,2.32607936
TSK004072,S094,2.32607936,2.32607936
TSK004072,S095,11.81597251,11.81597251
TSK004072,S096,7.649542,7.649542
TSK004072,S097,3.30509796,3.30509796
TSK004072,S098,2.32607936,2.32607936
TSK004072,S099,4.07402096,4.07402096
TSK004072,S100,2.32607936,2.32607936
TSK004120,S001,16.27693042,16.27693042
TSK004120,S002,4.64483297,4.64483297
TSK004120,S003,16.93511498,16.93511498
TSK004120,S004,18.47099962,18.47099962
TSK004120,S005,4.64483297,4.64483297
TSK004120,S006,4.64483297,4.64483297
TSK004120,S007,12.60501783,12.60501783
TSK004120,S008,31.90101054,31.90101054
TSK004120,S009,8.824904,8.824904
TSK004120,S010,14.05309458,14.05309458
TSK004120,S011,4.64483297,4.64483297
TSK004120,S012,21.75348301,21.75348301
TSK004120,S013,14.38015376,14.38015376
TSK004120,S014,4.64483297,4.64483297
TSK004120,S015,5.66070782,5.66070782
TSK004120,S016,11.78221819,11.78221819
TSK004120,S017,13.49736885,13.49736885
TSK004120,S018,9.50378735,9.50378735
TSK004120,S019,4.64483297,4.64483297
TSK004120,S020,4.64483297,4.64483297
TSK004120,S021,14.08034857,14.08034857
TSK004120,S022,43.77253238,43.77253238
TSK004120,S023,4.64483297,4.64483297
TSK004120,S024,4.64483297,4.64483297
TSK004120,S025,4.64483297,4.64483297
TSK004120,S026,15.38389608,15.38389608
TSK004120,S027,26.40749728,26.40749728
TSK004120,S028,4.64483297,4.64483297
TSK004120,S029,24.92652224,24.92652224
TSK004120,S030,23.79933556,23.79933556
TSK004120,S031,11.48987912,11.48987912
TSK004120,S032,45.44395379,45.44395379
TSK004120,S033,20.8844989,20.8844989
TSK004120,S034,15.77035594,15.77035594
TSK004120,S035,4.64483297,4.64483297
TSK004120,S036,22.11369202,22.11369202
TSK004120,S037,23.49729728,23.49729728
TSK004120,S038,10.73049822,10.73049822
TSK004120,S039,13.29797095,13.29797095
TSK004120,S040,16.29586093,16.29586093
TSK004120,S041,7.82923748,7.82923748
TSK004120,S042,24.94299518,24.94299518
TSK004120,S043,4.64483297,4.64483297
TSK004120,S044,9.61493481,9.61493481
TSK004120,S045,6.62275187,6.62275187
TSK004120,S046,13.66968846,13.66968846
TSK004120,S047,9.30189016,9.30189016
TSK004120,S048,53.44487007,53.44487007
TSK004120,S049,13.30616745,13.30616745
TSK004120,S050,16.17466154,16.17466154
TSK004120,S051,15.96768705,15.96768705
TSK004120,S052,12.29056909,12.29056909
TSK004120,S053,28.642594,28.642594
TSK004120,S054,12.97231593,12.97231593
TSK004120,S055,14.1847734,14.1847734
TSK004120,S056,4.64483297,4.64483297
TSK004120,S057,13.94225903,13.94225903
TSK004120,S058,15.32681193,15.32681193
TSK004120,S059,21.29027673,21.29027673
TSK004120,S060,18.55602726,18.55602726
TSK004120,S061,15.11419509,15.11419509
TSK004120,S062,13.75111267,13.75111267
TSK004120,S063,9.77661568,9.77661568
TSK004120,S064,30.57790888,30.57790888
TSK004120,S065,4.64483297,4.64483297
TSK004120,S066,26.98034259,26.98034259
TSK004120,S067,4.98649168,4.98649168
TSK004120,S068,10.16591795,10.16591795
TSK004120,S069,15.99463613,15.99463613
TSK004120,S070,4.98649168,4.98649168
TSK004120,S071,13.96392243,13.96392243
TSK004120,S072,4.64483297,4.64483297
TSK004120,S073,4.64483297,4.64483297
TSK004120,S074,17.79137954,17.79137954
TSK004120,S075,4.64483297,4.64483297
TSK004120,S076,7.33468699,7.33468699
TSK004120,S077,4.64483297,4.64483297
TSK004120,S078,10.16591795,10.16591795
TSK004120,S079,11.75623898,11.75623898
TSK004120,S080,16.17466154,16.17466154
TSK004120,S081,18.81941042,18.81941042
TSK004120,S082,4.64483297,4.64483297
TSK004120,S083,4.64483297,4.64483297
TSK004120,S084,4.64483297,4.64483297
TSK004120,S085,4.64483297,4.64483297
TSK004120,S086,11.68186863,11.68186863
TSK004120,S087,4.64483297,4.64483297
TSK004120,S088,13.30616745,13.30616745
TSK004120,S089,14.32702504,14.32702504
TSK004120,S090,13.30616745,13.30616745
TSK004120,S091,23.79933556,23.79933556
TSK004120,S092,19.18532614,19.18532614
TSK004120,S093,4.64483297,4.64483297
TSK004120,S094,4.64483297,4.64483297
TSK004120,S095,30.1218458,30.1218458
TSK004120,S096,17.27569894,17.27569894
TSK004120,S097,7.58003321,7.58003321
TSK004120,S098,4.64483297,4.64483297
TSK004120,S099,9.77661568,9.77661568
TSK004120,S100,4.64483297,4.64483297
TSK004129,S001,19.06890107,19.06890107
TSK004129,S002,6.28985051,6.28985051
TSK004129,S003,21.80443363,21.80443363
TSK004129,S004,26.47615587,26.47615587
TSK004129,S005,6.28985051,6.28985051
TSK004129,S006,6.28985051,6.28985051
TSK004129,S007,19.28965375,19.28965375
TSK004129,S008,44.75479898,44.75479898
TSK004129,S009,12.88398918,12.88398918
TSK004129,S010,21.90325798,21.90325798
TSK004129,S011,6.28985051,6.28985051
TSK004129,S012,35.78296886,35.78296886
TSK004129,S013,21.16418242,21.16418242
TSK004129,S014,6.28985051,6.28985051
TSK004129,S015,8.04108846,8.04108846
TSK004129,S016,15.05856693,15.05856693
TSK004129,S017,18.17582275,18.17582275
TSK004129,S018,13.28573454,13.28573454
TSK004129,S019,6.28985051,6.28985051
TSK004129,S020,6.28985051,6.28985051
TSK004129,S021,20.69813656,20.69813656
TSK004129,S022,67.54265336,67.54265336
TSK004129,S023,6.28985051,6.28985051
TSK004129,S024,6.28985051,6.28985051
TSK004129,S025,6.28985051,6.28985051
TSK004129,S026,22.64365171,22.64365171
TSK004129,S027,41.2253669,41.2253669
TSK004129,S028,6.28985051,6.28985051
TSK004129,S029,37.36835749,37.36835749
TSK004129,S030,35.24386458,35.24386458
TSK004129,S031,15.42029582,15.42029582
TSK004129,S032,58.63354126,58.63354126
TSK004129,S033,29.52647644,29.52647644
TSK004129,S034,22.2280446,22.2280446
TSK004129,S035,6.28985051,6.28985051
TSK004129,S036,34.6085746,34.6085746
TSK004129,S037,34.70121937,34.70121937
TSK004129,S038,16.23739051,16.23739051
TSK004129,S039,20.23873352,20.23873352
TSK004129,S040,22.90591213,22.90591213
TSK004129,S041,10.45187135,10.45187135
TSK004129,S042,36.41288024,36.41288024
TSK004129,S043,6.28985051,6.28985051
TSK004129,S044,12.86316097,12.86316097
TSK004129,S045,8.48136147,8.48136147
TSK004129,S046,20.11219168,20.11219168
TSK004129,S047,12.20574684,12.20574684
TSK004129,S048,77.60800198,77.60800198
TSK004129,S049,16.46337485,16.46337485
TSK004129,S050,22.37079534,22.37079534
TSK004129,S051,22.70005635,22.70005635
TSK004129,S052,16.2131856,16.2131856
TSK004129,S053,41.11888496,41.11888496
TSK004129,S054,16.65181887,16.65181887
TSK004129,S055,20.05682806,20.05682806
TSK004129,S056,6.28985051,6.28985051
TSK004129,S057,17.94790705,17.94790705
TSK004129,S058,20.72167256,20.72167256
TSK004129,S059,29.63529487,29.63529487
TSK004129,S060,25.24116258,25.24116258
TSK004129,S061,21.90647718,21.90647718
TSK004129,S062,18.96831028,18.96831028
TSK004129,S063,14.48916367,14.48916367
TSK004129,S064,47.38060393,47.38060393
TSK004129,S065,6.28985051,6.28985051
TSK004129,S066,38.07468878,38.07468878
TSK004129,S067,6.66387166,6.66387166
TSK004129,S068,12.59410636,12.59410636
TSK004129,S069,22.44029886,22.44029886
TSK004129,S070,6.66387166,6.66387166
TSK004129,S071,18.05527841,18.05527841
TSK004129,S072,6.28985051,6.28985051
TSK004129,S073,6.28985051,6.28985051
TSK004129,S074,23.13141817,23.13141817
TSK004129,S075,6.28985051,6.28985051
TSK004129,S076,9.64372935,9.64372935
TSK004129,S077,6.28985051,6.28985051
TSK004129,S078,12.59410636,12.59410636
TSK004129,S079,16.02473819,16.02473819
TSK004129,S080,22.37079534,22.37079534
TSK004129,S081,28.15052305,28.15052305
TSK004129,S082,6.28985051,6.28985051
TSK004129,S083,6.28985051,6.28985051
TSK004129,S084,6.28985051,6.28985051
TSK004129,S085,6.28985051,6.28985051
TSK004129,S086,15.61195105,15.61195105
TSK004129,S087,6.28985051,6.28985051
TSK004129,S088,16.46337485,16.46337485
TSK004129,S089,19.24832791,19.24832791
TSK004129,S090,16.46337485,16.46337485
TSK004129,S091,35.24386458,35.24386458
TSK004129,S092,26.70650826,26.70650826
TSK004129,S093,6.28985051,6.28985051
TSK004129,S094,6.28985051,6.28985051
TSK004129,S095,45.7436236,45.7436236
TSK004129,S096,25.21125013,25.21125013
TSK004129,S097,10.83843312,10.83843312
TSK004129,S098,6.28985051,6.28985051
TSK004129,S099,14.48916367,14.48916367
TSK004129,S100,6.28985051,6.28985051
TSK004158,S001,22.11130371,22.11130371
TSK004158,S002,8.41197561,8.41197561
TSK004158,S003,26.92441861,26.92441861
TSK004158,S004,37.0010517,37.0010517
TSK004158,S005,8.41197561,8.41197561
TSK004158,S006,8.41197561,8.41197561
TSK004158,S007,28.84652104,28.84652104
TSK004158,S008,59.46384546,59.46384546
TSK004158,S009,18.50397493,18.50397493
TSK004158,S010,33.40455994,33.40455994
TSK004158,S011,8.41197561,8.41197561
TSK004158,S012,56.67814106,56.67814106
TSK004158,S013,30.38717353,30.38717353
TSK004158,S014,8.41197561,8.41197561
TSK004158,S015,11.27791673,11.27791673
TSK004158,S016,18.32375606,18.32375606
TSK004158,S017,23.65792317,23.65792317
TSK004158,S018,18.07106772,18.07106772
TSK004158,S019,8.41197561,8.41197561
TSK004158,S020,8.41197561,8.41197561
TSK004158,S021,29.58299043,29.58299043
TSK004158,S022,99.75219809,99.75219809
TSK004158,S023,8.41197561,8.41197561
TSK004158,S024,8.41197561,8.41197561
TSK004158,S025,8.41197561,8.41197561
TSK004158,S026,32.14092096,32.14092096
TSK004158,S027,62.35191551,62.35191551
TSK004158,S028,8.41197561,8.41197561
TSK004158,S029,54.43017875,54.43017875
TSK004158,S030,50.64855277,50.64855277
TSK004158,S031,20.21533552,20.21533552
TSK004158,S032,75.02527623,75.02527623
TSK004158,S033,41.00054907,41.00054907
TSK004158,S034,30.71946514,30.71946514
TSK004158,S035,8.41197561,8.41197561
TSK004158,S036,52.52607358,52.52607358
TSK004158,S037,49.80040423,49.80040423
TSK004158,S038,23.99281892,23.99281892
TSK004158,S039,30.04387292,30.04387292
TSK004158,S040,31.17066993,31.17066993
TSK004158,S041,13.67905491,13.67905491
TSK004158,S042,51.47375542,51.47375542
TSK004158,S043,8.41197561,8.41197561
TSK004158,S044,16.95251053,16.95251053
TSK004158,S045,10.7495959,10.7495959
TSK004158,S046,28.92515585,28.92515585
TSK004158,S047,15.6169526,15.6169526
TSK004158,S048,108.2920808,108.2920808
TSK004158,S049,19.98943385,19.98943385
TSK004158,S050,29.79814694,29.79814694
TSK004158,S051,31.13407917,31.13407917
TSK004158,S052,20.56031439,20.56031439
TSK004158,S053,56.88698861,56.88698861
TSK004158,S054,20.89422865,20.89422865
TSK004158,S055,27.75203732,27.75203732
TSK004158,S056,8.41197561,8.41197561
TSK004158,S057,23.13155972,23.13155972
TSK004158,S058,27.22513558,27.22513558
TSK004158,S059,39.76012748,39.76012748
TSK004158,S060,32.9090767,32.9090767
TSK004158,S061,30.98584939,30.98584939
TSK004158,S062,25.35859198,25.35859198
TSK004158,S063,20.93819,20.93819
TSK004158,S064,71.01516587,71.01516587
TSK004158,S065,8.41197561,8.41197561
TSK004158,S066,52.71166415,52.71166415
TSK004158,S067,8.80813453,8.80813453
TSK004158,S068,15.25196568,15.25196568
TSK004158,S069,30.55815971,30.55815971
TSK004158,S070,8.80813453,8.80813453
TSK004158,S071,22.02828822,22.02828822
TSK004158,S072,8.41197561,8.41197561
TSK004158,S073,8.41197561,8.41197561
TSK004158,S074,29.33642745,29.33642745
TSK004158,S075,8.41197561,8.41197561
TSK004158,S076,12.25557539,12.25557539
TSK004158,S077,8.41197561,8.41197561
TSK004158,S078,15.25196568,15.25196568
TSK004158,S079,20.67005552,20.67005552
TSK004158,S080,29.79814694,29.79814694
TSK004158,S081,40.97071615,40.97071615
TSK004158,S082,8.41197561,8.41197561
TSK004158,S083,8.41197561,8.41197561
TSK004158,S084,8.41197561,8.41197561
TSK004158,S085,8.41197561,8.41197561
TSK004158,S086,20.14267834,20.14267834
TSK004158,S087,8.41197561,8.41197561
TSK004158,S088,19.98943385,19.98943385
TSK004158,S089,24.8078273,24.8078273
TSK004158,S090,19.98943385,19.98943385
TSK004158,S091,50.64855277,50.64855277
TSK004158,S092,37.50992237,37.50992237
TSK004158,S093,8.41197561,8.41197561
TSK004158,S094,8.41197561,8.41197561
TSK004158,S095,67.35120054,67.35120054
TSK004158,S096,36.15824625,36.15824625
TSK004158,S097,15.11010206,15.11010206
TSK004158,S098,8.41197561,8.41197561
TSK004158,S099,20.93819,20.93819
TSK004158,S100,8.41197561,8.41197561
TSK004160,S001,2.39435839,2.39435839
TSK004160,S002,0.54330184,0.54330184
TSK004160,S003,2.03448872,2.03448872
TSK004160,S004,1.90827601,1.90827601
TSK004160,S005,0.54330184,0.54330184
TSK004160,S006,0.54330184,0.54330184
TSK004160,S007,1.18007029,1.18007029
TSK004160,S008,3.17232613,3.17232613
TSK004160,S009,0.90724286,0.90724286
TSK004160,S010,1.28618675,1.28618675
TSK004160,S011,0.54330184,0.54330184
TSK004160,S012,1.72525668,1.72525668
TSK004160,S013,1.42440568,1.42440568
TSK004160,S014,0.54330184,0.54330184
TSK004160,S015,0.61348377,0.61348377
TSK004160,S016,1.41534633,1.41534633
TSK004160,S017,1.52097481,1.52097481
TSK004160,S018,1.01900868,1.01900868
TSK004160,S019,0.54330184,0.54330184
TSK004160,S020,0.54330184,0.54330184
TSK004160,S021,1.38355207,1.38355207
TSK004160,S022,3.75452978,3.75452978
TSK004160,S023,0.54330184,0.54330184
TSK004160,S024,0.54330184,0.54330184
TSK004160,S025,0.54330184,0.54330184
TSK004160,S026,1.4714099,1.4714099
TSK004160,S027,2.32437407,2.32437407
TSK004160,S028,0.54330184,0.54330184
TSK004160,S029,2.36568311,2.36568311
TSK004160,S030,2.2964794,2.2964794
TSK004160,S031,1.3320657,1.3320657
TSK004160,S032,5.78410214,5.78410214
TSK004160,S033,2.2500954,2.2500954
TSK004160,S034,1.70023004,1.70023004
TSK004160,S035,0.54330184,0.54330184
TSK004160,S036,1.9459305,1.9459305
TSK004160,S037,2.28739322,2.28739322
TSK004160,S038,1.01969462,1.01969462
TSK004160,S039,1.24760425,1.24760425
TSK004160,S040,1.70904662,1.70904662
TSK004160,S041,0.92270149,0.92270149
TSK004160,S042,2.45028773,2.45028773
TSK004160,S043,0.54330184,0.54330184
TSK004160,S044,1.14057932,1.14057932
TSK004160,S045,0.84971064,0.84971064
TSK004160,S046,1.3627663,1.3627663
TSK004160,S047,1.11595784,1.11595784
TSK004160,S048,5.18206726,5.18206726
TSK004160,S049,1.77751937,1.77751937
TSK004160,S050,1.72345037,1.72345037
TSK004160,S051,1.62663663,1.62663663
TSK004160,S052,1.42030156,1.42030156
TSK004160,S053,2.8585934,2.8585934
TSK004160,S054,1.6219017,1.6219017
TSK004160,S055,1.51368453,1.51368453
TSK004160,S056,0.54330184,0.54330184
TSK004160,S057,1.81137181,1.81137181
TSK004160,S058,1.73543478,1.73543478
TSK004160,S059,2.24691086,2.24691086
TSK004160,S060,2.01527403,2.01527403
TSK004160,S061,1.53686581,1.53686581
TSK004160,S062,1.49457285,1.49457285
TSK004160,S063,0.95609799,0.95609799
TSK004160,S064,2.7077233,2.7077233
TSK004160,S065,0.54330184,0.54330184
TSK004160,S066,2.90688913,2.90688913
TSK004160,S067,0.59748038,0.59748038
TSK004160,S068,1.34701777,1.34701777
TSK004160,S069,1.69395164,1.69395164
TSK004160,S070,0.59748038,0.59748038
TSK004160,S071,1.6144587,1.6144587
TSK004160,S072,0.54330184,0.54330184
TSK004160,S073,0.54330184,0.54330184
TSK004160,S074,2.16934194,2.16934194
TSK004160,S075,0.54330184,0.54330184
TSK004160,S076,0.86189391,0.86189391
TSK004160,S077,0.54330184,0.54330184
TSK004160,S078,1.34701777,1.34701777
TSK004160,S079,1.23477868,1.23477868
TSK004160,S080,1.72345037,1.72345037
TSK004160,S081,1.80068772,1.80068772
TSK004160,S082,0.54330184,0.54330184
TSK004160,S083,0.54330184,0.54330184
TSK004160,S084,0.54330184,0.54330184
TSK004160,S085,0.54330184,0.54330184
TSK004160,S086,1.33073783,1.33073783
TSK004160,S087,0.54330184,0.54330184
TSK004160,S088,1.77751937,1.77751937
TSK004160,S089,1.59482648,1.59482648
TSK004160,S090,1.77751937,1.77751937
TSK004160,S091,2.2964794,2.2964794
TSK004160,S092,2.25888118,2.25888118
TSK004160,S093,0.54330184,0.54330184
TSK004160,S094,0.54330184,0.54330184
TSK004160,S095,2.77902748,2.77902748
TSK004160,S096,1.77229843,1.77229843
TSK004160,S097,0.78639962,0.78639962
TSK004160,S098,0.54330184,0.54330184
TSK004160,S099,0.95609799,0.95609799
TSK004160,S100,0.54330184,0.54330184
TSK004177,S001,17.30097,17.30097
TSK004177,S002,5.16291767,5.16291767
TSK004177,S003,18.76923926,18.76923926
TSK004177,S004,20.94092609,20.94092609
TSK004177,S005,5.16291767,5.16291767
TSK004177,S006,5.16291767,5.16291767
TSK004177,S007,14.46874381,14.46874381
TSK004177,S008,36.43379676,36.43379676
TSK004177,S009,10.00400994,10.00400994
TSK004177,S010,16.1698154,16.1698154
TSK004177,S011,5.16291767,5.16291767
TSK004177,S012,25.44828495,25.44828495
TSK004177,S013,16.39475428,16.39475428
TSK004177,S014,5.16291767,5.16291767
TSK004177,S015,6.36741917,6.36741917
TSK004177,S016,13.06284972,13.06284972
TSK004177,S017,15.11396901,15.11396901
TSK004177,S018,10.71907424,10.71907424
TSK004177,S019,5.16291767,5.16291767
TSK004177,S020,5.16291767,5.16291767
TSK004177,S021,16.07459669,16.07459669
TSK004177,S022,50.85886737,50.85886737
TSK004177,S023,5.16291767,5.16291767
TSK004177,S024,5.16291767,5.16291767
TSK004177,S025,5.16291767,5.16291767
TSK004177,S026,17.6361522,17.6361522
TSK004177,S027,30.55389198,30.55389198
TSK004177,S028,5.16291767,5.16291767
TSK004177,S029,28.58325179,28.58325179
TSK004177,S030,27.23786176,27.23786176
TSK004177,S031,12.79897387,12.79897387
TSK004177,S032,49.75917822,49.75917822
TSK004177,S033,23.52195455,23.52195455
TSK004177,S034,17.76254422,17.76254422
TSK004177,S035,5.16291767,5.16291767
TSK004177,S036,25.58342146,25.58342146
TSK004177,S037,26.85878169,26.85878169
TSK004177,S038,12.29630266,12.29630266
TSK004177,S039,15.26361624,15.26361624
TSK004177,S040,18.44554541,18.44554541
TSK004177,S041,8.69560614,8.69560614
TSK004177,S042,28.4869359,28.4869359
TSK004177,S043,5.16291767,5.16291767
TSK004177,S044,10.66406268,10.66406268
TSK004177,S045,7.24159717,7.24159717
TSK004177,S046,15.5688228,15.5688228
TSK004177,S047,10.30308451,10.30308451
TSK004177,S048,61.18089912,61.18089912
TSK004177,S049,14.44200361,14.44200361
TSK004177,S050,18.27250394,18.27250394
TSK004177,S051,18.15292644,18.15292644
TSK004177,S052,13.71050457,13.71050457
TSK004177,S053,32.65643808,32.65643808
TSK004177,S054,14.26162863,14.26162863
TSK004177,S055,16.00305899,16.00305899
TSK004177,S056,5.16291767,5.16291767
TSK004177,S057,15.19960286,15.19960286
TSK004177,S058,17.14389352,17.14389352
TSK004177,S059,24.08420848,24.08420848
TSK004177,S060,20.90886135,20.90886135
TSK004177,S061,17.17131274,17.17131274
TSK004177,S062,15.48222219,15.48222219
TSK004177,S063,11.16513332,11.16513332
TSK004177,S064,35.36298632,35.36298632
TSK004177,S065,5.16291767,5.16291767
TSK004177,S066,30.39034068,30.39034068
TSK004177,S067,5.51984314,5.51984314
TSK004177,S068,11.05345814,11.05345814
TSK004177,S069,18.07568462,18.07568462
TSK004177,S070,5.51984314,5.51984314
TSK004177,S071,15.5901343,15.5901343
TSK004177,S072,5.16291767,5.16291767
TSK004177,S073,5.16291767,5.16291767
TSK004177,S074,19.65012306,19.65012306
TSK004177,S075,5.16291767,5.16291767
TSK004177,S076,8.15683761,8.15683761
TSK004177,S077,5.16291767,5.16291767
TSK004177,S078,11.05345814,11.05345814
TSK004177,S079,13.32340663,13.32340663
TSK004177,S080,18.27250394,18.27250394
TSK004177,S081,21.55562094,21.55562094
TSK004177,S082,5.16291767,5.16291767
TSK004177,S083,5.16291767,5.16291767
TSK004177,S084,5.16291767,5.16291767
TSK004177,S085,5.16291767,5.16291767
TSK004177,S086,13.0591398,13.0591398
TSK004177,S087,5.16291767,5.16291767
TSK004177,S088,14.44200361,14.44200361
TSK004177,S089,16.08114563,16.08114563
TSK004177,S090,14.44200361,14.44200361
TSK004177,S091,27.23786176,27.23786176
TSK004177,S092,21.26920547,21.26920547
TSK004177,S093,5.16291767,5.16291767
TSK004177,S094,5.16291767,5.16291767
TSK004177,S095,34.66530496,34.66530496
TSK004177,S096,19.59124681,19.59124681
TSK004177,S097,8.58858447,8.58858447
TSK004177,S098,5.16291767,5.16291767
TSK004177,S099,11.16513332,11.16513332
TSK004177,S100,5.16291767,5.16291767
TSK004212,S001,49.52111296,49.52111296
TSK004212,S002,22.93167581,22.93167581
TSK004212,S003,68.12179023,68.12179023
TSK004212,S004,106.06555727,106.06555727
TSK004212,S005,22.93167581,22.93167581
TSK004212,S006,22.93167581,22.93167581
TSK004212,S007,87.32011132,87.32011132
TSK004212,S008,165.00990599,165.00990599
TSK004212,S009,54.08282876,54.08282876
TSK004212,S010,102.50702067,102.50702067
TSK004212,S011,22.93167581,22.93167581
TSK004212,S012,179.41474649,179.41474649
TSK004212,S013,89.1492653,89.1492653
TSK004212,S014,22.93167581,22.93167581
TSK004212,S015,32.22330408,32.22330408
TSK004212,S016,45.71188372,45.71188372
TSK004212,S017,63.45363157,63.45363157
TSK004212,S018,50.55263712,50.55263712
TSK004212,S019,22.93167581,22.93167581
TSK004212,S020,22.93167581,22.93167581
TSK004212,S021,86.59842344,86.59842344
TSK004212,S022,301.83349568,301.83349568
TSK004212,S023,22.93167581,22.93167581
TSK004212,S024,22.93167581,22.93167581
TSK004212,S025,22.93167581,22.93167581
TSK004212,S026,93.91008826,93.91008826
TSK004212,S027,190.98639018,190.98639018
TSK004212,S028,22.93167581,22.93167581
TSK004212,S029,161.87326995,161.87326995
TSK004212,S030,149.07583269,149.07583269
TSK004212,S031,54.29289459,54.29289459
TSK004212,S032,193.91750419,193.91750419
TSK004212,S033,116.39190939,116.39190939
TSK004212,S034,86.89609096,86.89609096
TSK004212,S035,22.93167581,22.93167581
TSK004212,S036,161.22037143,161.22037143
TSK004212,S037,146.31793148,146.31793148
TSK004212,S038,71.99618668,71.99618668
TSK004212,S039,90.51715292,90.51715292
TSK004212,S040,87.47999955,87.47999955
TSK004212,S041,36.5860617,36.5860617
TSK004212,S042,149.56811683,149.56811683
TSK004212,S043,22.93167581,22.93167581
TSK004212,S044,45.55594386,45.55594386
TSK004212,S045,27.4949006,27.4949006
TSK004212,S046,84.89805607,84.89805607
TSK004212,S047,40.83146432,40.83146432
TSK004212,S048,312.30372639,312.30372639
TSK004212,S049,48.54562448,48.54562448
TSK004212,S050,82.10237083,82.10237083
TSK004212,S051,88.20136931,88.20136931
TSK004212,S052,53.69761202,53.69761202
TSK004212,S053,162.55449951,162.55449951
TSK004212,S054,53.23180498,53.23180498
TSK004212,S055,78.67402762,78.67402762
TSK004212,S056,22.93167581,22.93167581
TSK004212,S057,59.92645775,59.92645775
TSK004212,S058,73.53188306,73.53188306
TSK004212,S059,110.30575249,110.30575249
TSK004212,S060,88.89399868,88.89399868
TSK004212,S061,89.73615048,89.73615048
TSK004212,S062,69.87574804,69.87574804
TSK004212,S063,61.77115264,61.77115264
TSK004212,S064,216.25445798,216.25445798
TSK004212,S065,22.93167581,22.93167581
TSK004212,S066,149.30877977,149.30877977
TSK004212,S067,23.6872261,23.6872261
TSK004212,S068,37.01742655,37.01742655
TSK004212,S069,85.69701785,85.69701785
TSK004212,S070,23.6872261,23.6872261
TSK004212,S071,55.52202332,55.52202332
TSK004212,S072,22.93167581,22.93167581
TSK004212,S073,22.93167581,22.93167581
TSK004212,S074,75.86399269,75.86399269
TSK004212,S075,22.93167581,22.93167581
TSK004212,S076,31.97241075,31.97241075
TSK004212,S077,22.93167581,22.93167581
TSK004212,S078,37.01742655,37.01742655
TSK004212,S079,55.62038098,55.62038098
TSK004212,S080,82.10237083,82.10237083
TSK004212,S081,121.68898663,121.68898663
TSK004212,S082,22.93167581,22.93167581
TSK004212,S083,22.93167581,22.93167581
TSK004212,S084,22.93167581,22.93167581
TSK004212,S085,22.93167581,22.93167581
TSK004212,S086,53.53205876,53.53205876
TSK004212,S087,22.93167581,22.93167581
TSK004212,S088,48.54562448,48.54562448
TSK004212,S089,66.11944397,66.11944397
TSK004212,S090,48.54562448,48.54562448
TSK004212,S091,149.07583269,149.07583269
TSK004212,S092,106.09542808,106.09542808
TSK004212,S093,22.93167581,22.93167581
TSK004212,S094,22.93167581,22.93167581
TSK004212,S095,202.18588456,202.18588456
TSK004212,S096,105.60765395,105.60765395
TSK004212,S097,43.21765582,43.21765582
TSK004212,S098,22.93167581,22.93167581
TSK004212,S099,61.77115264,61.77115264
TSK004212,S100,22.93167581,22.93167581
TSK004319,S001,18.33335685,18.33335685
TSK004319,S002,5.77598988,5.77598988
TSK004319,S003,20.56705974,20.56705974
TSK004319,S004,23.92720232,23.92720232
TSK004319,S005,5.77598988,5.77598988
TSK004319,S006,5.77598988,5.77598988
TSK004319,S007,16.97358222,16.97358222
TSK004319,S008,41.19695823,41.19695823
TSK004319,S009,11.52234813,11.52234813
TSK004319,S010,19.11544105,19.11544105
TSK004319,S011,5.77598988,5.77598988
TSK004319,S012,30.71753846,30.71753846
TSK004319,S013,18.92991252,18.92991252
TSK004319,S014,5.77598988,5.77598988
TSK004319,S015,7.2569654,7.2569654
TSK004319,S016,14.26990751,14.26990751
TSK004319,S017,16.8495069,16.8495069
TSK004319,S018,12.12718639,12.12718639
TSK004319,S019,5.77598988,5.77598988
TSK004319,S020,5.77598988,5.77598988
TSK004319,S021,18.5460004,18.5460004
TSK004319,S022,59.74009863,59.74009863
TSK004319,S023,5.77598988,5.77598988
TSK004319,S024,5.77598988,5.77598988
TSK004319,S025,5.77598988,5.77598988
TSK004319,S026,20.34366867,20.34366867
TSK004319,S027,36.10553438,36.10553438
TSK004319,S028,5.77598988,5.77598988
TSK004319,S029,33.23484242,33.23484242
TSK004319,S030,31.51238112,31.51238112
TSK004319,S031,14.25977321,14.25977321
TSK004319,S032,54.66566361,54.66566361
TSK004319,S033,26.74742115,26.74742115
TSK004319,S034,20.17156252,20.17156252
TSK004319,S035,5.77598988,5.77598988
TSK004319,S036,30.26623434,30.26623434
TSK004319,S037,31.04370171,31.04370171
TSK004319,S038,14.35811053,14.35811053
TSK004319,S039,17.86271413,17.86271413
TSK004319,S040,20.90519017,20.90519017
TSK004319,S041,9.67074978,9.67074978
TSK004319,S042,32.76542763,32.76542763
TSK004319,S043,5.77598988,5.77598988
TSK004319,S044,11.87315677,11.87315677
TSK004319,S045,7.93238889,7.93238889
TSK004319,S046,17.97714433,17.97714433
TSK004319,S047,11.38043493,11.38043493
TSK004319,S048,70.17903239,70.17903239
TSK004319,S049,15.61069014,15.61069014
TSK004319,S050,20.57347394,20.57347394
TSK004319,S051,20.6583241,20.6583241
TSK004319,S052,15.16202736,15.16202736
TSK004319,S053,37.30140301,37.30140301
TSK004319,S054,15.62558583,15.62558583
TSK004319,S055,18.19322826,18.19322826
TSK004319,S056,5.77598988,5.77598988
TSK004319,S057,16.69268119,16.69268119
TSK004319,S058,19.14783859,19.14783859
TSK004319,S059,27.18494798,27.18494798
TSK004319,S060,23.3863972,23.3863972
TSK004319,S061,19.70730274,19.70730274
TSK004319,S062,17.42164268,17.42164268
TSK004319,S063,12.92680395,12.92680395
TSK004319,S064,41.65357861,41.65357861
TSK004319,S065,5.77598988,5.77598988
TSK004319,S066,34.52975592,34.52975592
TSK004319,S067,6.14469103,6.14469103
TSK004319,S068,11.95150191,11.95150191
TSK004319,S069,20.47501242,20.47501242
TSK004319,S070,6.14469103,6.14469103
TSK004319,S071,17.09593453,17.09593453
TSK004319,S072,5.77598988,5.77598988
TSK004319,S073,5.77598988,5.77598988
TSK004319,S074,21.63032394,21.63032394
TSK004319,S075,5.77598988,5.77598988
TSK004319,S076,9.01204411,9.01204411
TSK004319,S077,5.77598988,5.77598988
TSK004319,S078,11.95150191,11.95150191
TSK004319,S079,14.9016813,14.9016813
TSK004319,S080,20.57347394,20.57347394
TSK004319,S081,25.04456717,25.04456717
TSK004319,S082,5.77598988,5.77598988
TSK004319,S083,5.77598988,5.77598988
TSK004319,S084,5.77598988,5.77598988
TSK004319,S085,5.77598988,5.77598988
TSK004319,S086,14.51597579,14.51597579
TSK004319,S087,5.77598988,5.77598988
TSK004319,S088,15.61069014,15.61069014
TSK004319,S089,17.90375803,17.90375803
TSK004319,S090,15.61069014,15.61069014
TSK004319,S091,31.51238112,31.51238112
TSK004319,S092,24.08824639,24.08824639
TSK004319,S093,5.77598988,5.77598988
TSK004319,S094,5.77598988,5.77598988
TSK004319,S095,40.50846241,40.50846241
TSK004319,S096,22.55902903,22.55902903
TSK004319,S097,9.80393149,9.80393149
TSK004319,S098,5.77598988,5.77598988
TSK004319,S099,12.92680395,12.92680395
TSK004319,S100,5.77598988,5.77598988
TSK004329,S001,8.70388493,8.70388493
TSK004329,S002,1.9640918,1.9640918
TSK004329,S003,7.2614506,7.2614506
TSK004329,S004,6.86586461,6.86586461
TSK004329,S005,1.9640918,1.9640918
TSK004329,S006,1.9640918,1.9640918
TSK004329,S007,4.29085926,4.29085926
TSK004329,S008,11.18840907,11.18840907
TSK004329,S009,3.28915355,3.28915355
TSK004329,S010,4.70135046,4.70135046
TSK004329,S011,1.9640918,1.9640918
TSK004329,S012,6.3237613,6.3237613
TSK004329,S013,5.14006541,5.14006541
TSK004329,S014,1.9640918,1.9640918
TSK004329,S015,2.2229596,2.2229596
TSK004329,S016,5.0378533,5.0378533
TSK004329,S017,5.43729464,5.43729464
TSK004329,S018,3.65688916,3.65688916
TSK004329,S019,1.9640918,1.9640918
TSK004329,S020,1.9640918,1.9640918
TSK004329,S021,4.98012592,4.98012592
TSK004329,S022,13.43820907,13.43820907
TSK004329,S023,1.9640918,1.9640918
TSK004329,S024,1.9640918,1.9640918
TSK004329,S025,1.9640918,1.9640918
TSK004329,S026,5.26545755,5.26545755
TSK004329,S027,8.43013674,8.43013674
TSK004329,S028,1.9640918,1.9640918
TSK004329,S029,8.5327877,8.5327877
TSK004329,S030,8.26191883,8.26191883
TSK004329,S031,4.78848284,4.78848284
TSK004329,S032,20.94803962,20.94803962
TSK004329,S033,8.1249395,8.1249395
TSK004329,S034,6.132013,6.132013
TSK004329,S035,1.9640918,1.9640918
TSK004329,S036,7.06776939,7.06776939
TSK004329,S037,8.23476358,8.23476358
TSK004329,S038,3.69757529,3.69757529
TSK004329,S039,4.52492877,4.52492877
TSK004329,S040,6.11539283,6.11539283
TSK004329,S041,3.32304824,3.32304824
TSK004329,S042,8.788198,8.788198
TSK004329,S043,1.9640918,1.9640918
TSK004329,S044,4.11744603,4.11744603
TSK004329,S045,3.0752102,3.0752102
TSK004329,S046,4.92426947,4.92426947
TSK004329,S047,4.00986357,4.00986357
TSK004329,S048,18.47593627,18.47593627
TSK004329,S049,6.42114346,6.42114346
TSK004329,S050,6.14597467,6.14597467
TSK004329,S051,5.80968718,5.80968718
TSK004329,S052,5.06711512,5.06711512
TSK004329,S053,10.20636902,10.20636902
TSK004329,S054,5.83905015,5.83905015
TSK004329,S055,5.45376337,5.45376337
TSK004329,S056,1.9640918,1.9640918
TSK004329,S057,6.58589939,6.58589939
TSK004329,S058,6.22139803,6.22139803
TSK004329,S059,8.01664692,8.01664692
TSK004329,S060,7.16860813,7.16860813
TSK004329,S061,5.53811187,5.53811187
TSK004329,S062,5.34973841,5.34973841
TSK004329,S063,3.45201328,3.45201328
TSK004329,S064,9.7903645,9.7903645
TSK004329,S065,1.9640918,1.9640918
TSK004329,S066,10.48799279,10.48799279
TSK004329,S067,2.16104006,2.16104006
TSK004329,S068,4.85866506,4.85866506
TSK004329,S069,6.07069893,6.07069893
TSK004329,S070,2.16104006,2.16104006
TSK004329,S071,5.71562828,5.71562828
TSK004329,S072,1.9640918,1.9640918
TSK004329,S073,1.9640918,1.9640918
TSK004329,S074,7.79875041,7.79875041
TSK004329,S075,1.9640918,1.9640918
TSK004329,S076,3.08372682,3.08372682
TSK004329,S077,1.9640918,1.9640918
TSK004329,S078,4.85866506,4.85866506
TSK004329,S079,4.3585283,4.3585283
TSK004329,S080,6.14597467,6.14597467
TSK004329,S081,6.49966303,6.49966303
TSK004329,S082,1.9640918,1.9640918
TSK004329,S083,1.9640918,1.9640918
TSK004329,S084,1.9640918,1.9640918
TSK004329,S085,1.9640918,1.9640918
TSK004329,S086,4.755257,4.755257
TSK004329,S087,1.9640918,1.9640918
TSK004329,S088,6.42114346,6.42114346
TSK004329,S089,5.67847976,5.67847976
TSK004329,S090,6.42114346,6.42114346
TSK004329,S091,8.26191883,8.26191883
TSK004329,S092,8.26776729,8.26776729
TSK004329,S093,1.9640918,1.9640918
TSK004329,S094,1.9640918,1.9640918
TSK004329,S095,10.02793437,10.02793437
TSK004329,S096,6.42096391,6.42096391
TSK004329,S097,2.82896726,2.82896726
TSK004329,S098,1.9640918,1.9640918
TSK004329,S099,3.45201328,3.45201328
TSK004329,S100,1.9640918,1.9640918
TSK004400,S001,13.14937882,13.14937882
TSK004400,S002,3.06436187,3.06436187
TSK004400,S003,11.33242594,11.33242594
TSK004400,S004,10.93751175,10.93751175
TSK004400,S005,3.06436187,3.06436187
TSK004400,S006,3.06436187,3.06436187
TSK004400,S007,6.92555796,6.92555796
TSK004400,S008,18.0611801,18.0611801
TSK004400,S009,5.23039709,5.23039709
TSK004400,S010,7.60469534,7.60469534
TSK004400,S011,3.06436187,3.06436187
TSK004400,S012,10.50017076,10.50017076
TSK004400,S013,8.23745075,8.23745075
TSK004400,S014,3.06436187,3.06436187
TSK004400,S015,3.50588421,3.50588421
TSK004400,S016,7.86930919,7.86930919
TSK004400,S017,8.56218901,8.56218901
TSK004400,S018,5.79582479,5.79582479
TSK004400,S019,3.06436187,3.06436187
TSK004400,S020,3.06436187,3.06436187
TSK004400,S021,7.9989338,7.9989338
TSK004400,S022,22.16491446,22.16491446
TSK004400,S023,3.06436187,3.06436187
TSK004400,S024,3.06436187,3.06436187
TSK004400,S025,3.06436187,3.06436187
TSK004400,S026,8.51400763,8.51400763
TSK004400,S027,13.77147988,13.77147988
TSK004400,S028,3.06436187,3.06436187
TSK004400,S029,13.77782282,13.77782282
TSK004400,S030,13.31389448,13.31389448
TSK004400,S031,7.49457155,7.49457155
TSK004400,S032,32.27588877,32.27588877
TSK004400,S033,12.84077046,12.84077046
TSK004400,S034,9.69401769,9.69401769
TSK004400,S035,3.06436187,3.06436187
TSK004400,S036,11.54054071,11.54054071
TSK004400,S037,13.24691178,13.24691178
TSK004400,S038,5.9580567,5.9580567
TSK004400,S039,7.30706507,7.30706507
TSK004400,S040,9.73633062,9.73633062
TSK004400,S041,5.18528183,5.18528183
TSK004400,S042,14.13354419,14.13354419
TSK004400,S043,3.06436187,3.06436187
TSK004400,S044,6.41380933,6.41380933
TSK004400,S045,4.73406416,4.73406416
TSK004400,S046,7.87942431,7.87942431
TSK004400,S047,6.24548012,6.24548012
TSK004400,S048,29.84216523,29.84216523
TSK004400,S049,9.83764946,9.83764946
TSK004400,S050,9.77132093,9.77132093
TSK004400,S051,9.2997669,9.2997669
TSK004400,S052,7.95430229,7.95430229
TSK004400,S053,16.39583636,16.39583636
TSK004400,S054,9.03587681,9.03587681
TSK004400,S055,8.63868031,8.63868031
TSK004400,S056,3.06436187,3.06436187
TSK004400,S057,10.10670628,10.10670628
TSK004400,S058,9.78067033,9.78067033
TSK004400,S059,12.76296127,12.76296127
TSK004400,S060,11.37228732,11.37228732
TSK004400,S061,8.84079274,8.84079274
TSK004400,S062,8.46798711,8.46798711
TSK004400,S063,5.54318655,5.54318655
TSK004400,S064,15.99318465,15.99318465
TSK004400,S065,3.06436187,3.06436187
TSK004400,S066,16.57988863,16.57988863
TSK004400,S067,3.3593211,3.3593211
TSK004400,S068,7.45531926,7.45531926
TSK004400,S069,9.64490796,9.64490796
TSK004400,S070,3.3593211,3.3593211
TSK004400,S071,8.99456566,8.99456566
TSK004400,S072,3.06436187,3.06436187
TSK004400,S073,3.06436187,3.06436187
TSK004400,S074,12.11667297,12.11667297
TSK004400,S075,3.06436187,3.06436187
TSK004400,S076,4.82426152,4.82426152
TSK004400,S077,3.06436187,3.06436187
TSK004400,S078,7.45531926,7.45531926
TSK004400,S079,6.96986919,6.96986919
TSK004400,S080,9.77132093,9.77132093
TSK004400,S081,10.47737255,10.47737255
TSK004400,S082,3.06436187,3.06436187
TSK004400,S083,3.06436187,3.06436187
TSK004400,S084,3.06436187,3.06436187
TSK004400,S085,3.06436187,3.06436187
TSK004400,S086,7.47687739,7.47687739
TSK004400,S087,3.06436187,3.06436187
TSK004400,S088,9.83764946,9.83764946
TSK004400,S089,8.97080124,8.97080124
TSK004400,S090,9.83764946,9.83764946
TSK004400,S091,13.31389448,13.31389448
TSK004400,S092,12.83534674,12.83534674
TSK004400,S093,3.06436187,3.06436187
TSK004400,S094,3.06436187,3.06436187
TSK004400,S095,16.27095061,16.27095061
TSK004400,S096,10.21646534,10.21646534
TSK004400,S097,4.50378377,4.50378377
TSK004400,S098,3.06436187,3.06436187
TSK004400,S099,5.54318655,5.54318655
TSK004400,S100,3.06436187,3.06436187
TSK004406,S001,10.29004904,10.29004904
TSK004406,S002,2.32537982,2.32537982
TSK004406,S003,8.62612561,8.62612561
TSK004406,S004,8.13896607,8.13896607
TSK004406,S005,2.32537982,2.32537982
TSK004406,S006,2.32537982,2.32537982
TSK004406,S007,5.07246749,5.07246749
TSK004406,S008,13.3332135,13.3332135
TSK004406,S009,3.89127599,3.89127599
TSK004406,S010,5.55014023,5.55014023
TSK004406,S011,2.32537982,2.32537982
TSK004406,S012,7.46010168,7.46010168
TSK004406,S013,6.08844729,6.08844729
TSK004406,S014,2.32537982,2.32537982
TSK004406,S015,2.63026856,2.63026856
TSK004406,S016,5.9889601,5.9889601
TSK004406,S017,6.4564281,6.4564281
TSK004406,S018,4.33790774,4.33790774
TSK004406,S019,2.32537982,2.32537982
TSK004406,S020,2.32537982,2.32537982
TSK004406,S021,5.90288365,5.90288365
TSK004406,S022,15.9518974,15.9518974
TSK004406,S023,2.32537982,2.32537982
TSK004406,S024,2.32537982,2.32537982
TSK004406,S025,2.32537982,2.32537982
TSK004406,S026,6.25070586,6.25070586
TSK004406,S027,9.97237561,9.97237561
TSK004406,S028,2.32537982,2.32537982
TSK004406,S029,10.1083769,10.1083769
TSK004406,S030,9.79409468,9.79409468
TSK004406,S031,5.67769748,5.67769748
TSK004406,S032,24.7896095,24.7896095
TSK004406,S033,9.62240328,9.62240328
TSK004406,S034,7.26446736,7.26446736
TSK004406,S035,2.32537982,2.32537982
TSK004406,S036,8.35762503,8.35762503
TSK004406,S037,9.76018027,9.76018027
TSK004406,S038,4.3742376,4.3742376
TSK004406,S039,5.35271486,5.35271486
TSK004406,S040,7.25981818,7.25981818
TSK004406,S041,3.93822026,3.93822026
TSK004406,S042,10.42640192,10.42640192
TSK004406,S043,2.32537982,2.32537982
TSK004406,S044,4.87665386,4.87665386
TSK004406,S045,3.63982506,3.63982506
TSK004406,S046,5.8307757,5.8307757
TSK004406,S047,4.75503793,4.75503793
TSK004406,S048,21.9544055,21.9544055
TSK004406,S049,7.60376961,7.60376961
TSK004406,S050,7.30268505,7.30268505
TSK004406,S051,6.90029165,6.90029165
TSK004406,S052,6.02008769,6.02008769
TSK004406,S053,12.12338288,12.12338288
TSK004406,S054,6.9206514,6.9206514
TSK004406,S055,6.46265488,6.46265488
TSK004406,S056,2.32537982,2.32537982
TSK004406,S057,7.78569934,7.78569934
TSK004406,S058,7.38203481,7.38203481
TSK004406,S059,9.52418327,9.52418327
TSK004406,S060,8.52345047,8.52345047
TSK004406,S061,6.56234986,6.56234986
TSK004406,S062,6.35032118,6.35032118
TSK004406,S063,4.08835645,4.08835645
TSK004406,S064,11.5907521,11.5907521
TSK004406,S065,2.32537982,2.32537982
TSK004406,S066,12.42364135,12.42364135
TSK004406,S067,2.55821909,2.55821909
TSK004406,S068,5.75579104,5.75579104
TSK004406,S069,7.20384237,7.20384237
TSK004406,S070,2.55821909,2.55821909
TSK004406,S071,6.80443685,6.80443685
TSK004406,S072,2.32537982,2.32537982
TSK004406,S073,2.32537982,2.32537982
TSK004406,S074,9.24682924,9.24682924
TSK004406,S075,2.32537982,2.32537982
TSK004406,S076,3.66091832,3.66091832
TSK004406,S077,2.32537982,2.32537982
TSK004406,S078,5.75579104,5.75579104
TSK004406,S079,5.19290493,5.19290493
TSK004406,S080,7.30268505,7.30268505
TSK004406,S081,7.69835537,7.69835537
TSK004406,S082,2.32537982,2.32537982
TSK004406,S083,2.32537982,2.32537982
TSK004406,S084,2.32537982,2.32537982
TSK004406,S085,2.32537982,2.32537982
TSK004406,S086,5.64716904,5.64716904
TSK004406,S087,2.32537982,2.32537982
TSK004406,S088,7.60376961,7.60376961
TSK004406,S089,6.74997277,6.74997277
TSK004406,S090,7.60376961,7.60376961
TSK004406,S091,9.79409468,9.79409468
TSK004406,S092,9.75708377,9.75708377
TSK004406,S093,2.32537982,2.32537982
TSK004406,S094,2.32537982,2.32537982
TSK004406,S095,11.87828284,11.87828284
TSK004406,S096,7.59776346,7.59776346
TSK004406,S097,3.35366871,3.35366871
TSK004406,S098,2.32537982,2.32537982
TSK004406,S099,4.08835645,4.08835645
TSK004406,S100,2.32537982,2.32537982
TSK004426,S001,0.44055638,0.44055638
TSK004426,S002,0.10071586,0.10071586
TSK004426,S003,0.38357397,0.38357397
TSK004426,S004,0.35600341,0.35600341
TSK004426,S005,0.10071586,0.10071586
TSK004426,S006,0.10071586,0.10071586
TSK004426,S007,0.21705382,0.21705382
TSK004426,S008,0.60732542,0.60732542
TSK004426,S009,0.16753735,0.16753735
TSK004426,S010,0.23487751,0.23487751
TSK004426,S011,0.10071586,0.10071586
TSK004426,S012,0.31385526,0.31385526
TSK004426,S013,0.26469265,0.26469265
TSK004426,S014,0.10071586,0.10071586
TSK004426,S015,0.11337162,0.11337162
TSK004426,S016,0.26779036,0.26779036
TSK004426,S017,0.28616221,0.28616221
TSK004426,S018,0.19075332,0.19075332
TSK004426,S019,0.10071586,0.10071586
TSK004426,S020,0.10071586,0.10071586
TSK004426,S021,0.25796175,0.25796175
TSK004426,S022,0.70527554,0.70527554
TSK004426,S023,0.10071586,0.10071586
TSK004426,S024,0.10071586,0.10071586
TSK004426,S025,0.10071586,0.10071586
TSK004426,S026,0.27646885,0.27646885
TSK004426,S027,0.42900976,0.42900976
TSK004426,S028,0.10071586,0.10071586
TSK004426,S029,0.43987824,0.43987824
TSK004426,S030,0.42847239,0.42847239
TSK004426,S031,0.2487966,0.2487966
TSK004426,S032,1.06963386,1.06963386
TSK004426,S033,0.41776225,0.41776225
TSK004426,S034,0.31618088,0.31618088
TSK004426,S035,0.10071586,0.10071586
TSK004426,S036,0.35845979,0.35845979
TSK004426,S037,0.42639654,0.42639654
TSK004426,S038,0.18825289,0.18825289
TSK004426,S039,0.23026582,0.23026582
TSK004426,S040,0.32115031,0.32115031
TSK004426,S041,0.17191535,0.17191535
TSK004426,S042,0.45903123,0.45903123
TSK004426,S043,0.10071586,0.10071586
TSK004426,S044,0.21184095,0.21184095
TSK004426,S045,0.15728197,0.15728197
TSK004426,S046,0.25278216,0.25278216
TSK004426,S047,0.20855403,0.20855403
TSK004426,S048,0.97836555,0.97836555
TSK004426,S049,0.32983998,0.32983998
TSK004426,S050,0.32529832,0.32529832
TSK004426,S051,0.30640877,0.30640877
TSK004426,S052,0.2679285,0.2679285
TSK004426,S053,0.53870356,0.53870356
TSK004426,S054,0.30233441,0.30233441
TSK004426,S055,0.28186562,0.28186562
TSK004426,S056,0.10071586,0.10071586
TSK004426,S057,0.33320112,0.33320112
TSK004426,S058,0.32531243,0.32531243
TSK004426,S059,0.42382781,0.42382781
TSK004426,S060,0.38161989,0.38161989
TSK004426,S061,0.28612537,0.28612537
TSK004426,S062,0.28072529,0.28072529
TSK004426,S063,0.17754008,0.17754008
TSK004426,S064,0.50183593,0.50183593
TSK004426,S065,0.10071586,0.10071586
TSK004426,S066,0.54029569,0.54029569
TSK004426,S067,0.11068456,0.11068456
TSK004426,S068,0.25045913,0.25045913
TSK004426,S069,0.31767283,0.31767283
TSK004426,S070,0.11068456,0.11068456
TSK004426,S071,0.3075923,0.3075923
TSK004426,S072,0.10071586,0.10071586
TSK004426,S073,0.10071586,0.10071586
TSK004426,S074,0.40514837,0.40514837
TSK004426,S075,0.10071586,0.10071586
TSK004426,S076,0.1619838,0.1619838
TSK004426,S077,0.10071586,0.10071586
TSK004426,S078,0.25045913,0.25045913
TSK004426,S079,0.23614345,0.23614345
TSK004426,S080,0.32529832,0.32529832
TSK004426,S081,0.334495,0.334495
TSK004426,S082,0.10071586,0.10071586
TSK004426,S083,0.10071586,0.10071586
TSK004426,S084,0.10071586,0.10071586
TSK004426,S085,0.10071586,0.10071586
TSK004426,S086,0.25050536,0.25050536
TSK004426,S087,0.10071586,0.10071586
TSK004426,S088,0.32983998,0.32983998
TSK004426,S089,0.30162674,0.30162674
TSK004426,S090,0.32983998,0.32983998
TSK004426,S091,0.42847239,0.42847239
TSK004426,S092,0.41175253,0.41175253
TSK004426,S093,0.10071586,0.10071586
TSK004426,S094,0.10071586,0.10071586
TSK004426,S095,0.51644348,0.51644348
TSK004426,S096,0.32758644,0.32758644
TSK004426,S097,0.14673994,0.14673994
TSK004426,S098,0.10071586,0.10071586
TSK004426,S099,0.17754008,0.17754008
TSK004426,S100,0.10071586,0.10071586
TSK004442,S001,22.50397148,22.50397148
TSK004442,S002,8.39662772,8.39662772
TSK004442,S003,27.74856239,27.74856239
TSK004442,S004,36.77814851,36.77814851
TSK004442,S005,8.39662772,8.39662772
TSK004442,S006,8.39662772,8.39662772
TSK004442,S007,28.08534995,28.08534995
TSK004442,S008,60.7458727,60.7458727
TSK004442,S009,18.1789115,18.1789115
TSK004442,S010,32.3024789,32.3024789
TSK004442,S011,8.39662772,8.39662772
TSK004442,S012,54.45362993,54.45362993
TSK004442,S013,29.97100289,29.97100289
TSK004442,S014,8.39662772,8.39662772
TSK004442,S015,11.13139348,11.13139348
TSK004442,S016,19.0129016,19.0129016
TSK004442,S017,24.028443,24.028443
TSK004442,S018,18.10577659,18.10577659
TSK004442,S019,8.39662772,8.39662772
TSK004442,S020,8.39662772,8.39662772
TSK004442,S021,29.26095948,29.26095948
TSK004442,S022,98.37358115,98.37358115
TSK004442,S023,8.39662772,8.39662772
TSK004442,S024,8.39662772,8.39662772
TSK004442,S025,8.39662772,8.39662772
TSK004442,S026,31.97440725,31.97440725
TSK004442,S027,60.70820136,60.70820136
TSK004442,S028,8.39662772,8.39662772
TSK004442,S029,53.55691475,53.55691475
TSK004442,S030,50.06200909,50.06200909
TSK004442,S031,20.3847736,20.3847736
TSK004442,S032,75.36878965,75.36878965
TSK004442,S033,40.67613959,40.67613959
TSK004442,S034,30.53884241,30.53884241
TSK004442,S035,8.39662772,8.39662772
TSK004442,S036,51.06297842,51.06297842
TSK004442,S037,49.21244674,49.21244674
TSK004442,S038,23.45382682,23.45382682
TSK004442,S039,29.34180227,29.34180227
TSK004442,S040,31.30544712,31.30544712
TSK004442,S041,13.77144166,13.77144166
TSK004442,S042,51.1688426,51.1688426
TSK004442,S043,8.39662772,8.39662772
TSK004442,S044,16.99778842,16.99778842
TSK004442,S045,10.82914819,10.82914819
TSK004442,S046,28.48930038,28.48930038
TSK004442,S047,15.84053949,15.84053949
TSK004442,S048,108.43131052,108.43131052
TSK004442,S049,20.36934443,20.36934443
TSK004442,S050,30.16394258,30.16394258
TSK004442,S051,31.25912806,31.25912806
TSK004442,S052,21.05760115,21.05760115
TSK004442,S053,57.0151625,57.0151625
TSK004442,S054,21.23739593,21.23739593
TSK004442,S055,27.60736529,27.60736529
TSK004442,S056,8.39662772,8.39662772
TSK004442,S057,23.08203074,23.08203074
TSK004442,S058,27.51622556,27.51622556
TSK004442,S059,40.16175637,40.16175637
TSK004442,S060,33.5624647,33.5624647
TSK004442,S061,30.68508625,30.68508625
TSK004442,S062,25.56449404,25.56449404
TSK004442,S063,20.61747084,20.61747084
TSK004442,S064,69.39221639,69.39221639
TSK004442,S065,8.39662772,8.39662772
TSK004442,S066,52.36492152,52.36492152
TSK004442,S067,8.80716546,8.80716546
TSK004442,S068,15.58458513,15.58458513
TSK004442,S069,30.64568442,30.64568442
TSK004442,S070,8.80716546,8.80716546
TSK004442,S071,22.96702432,22.96702432
TSK004442,S072,8.39662772,8.39662772
TSK004442,S073,8.39662772,8.39662772
TSK004442,S074,29.79851014,29.79851014
TSK004442,S075,8.39662772,8.39662772
TSK004442,S076,12.5086899,12.5086899
TSK004442,S077,8.39662772,8.39662772
TSK004442,S078,15.58458513,15.58458513
TSK004442,S079,21.27491726,21.27491726
TSK004442,S080,30.16394258,30.16394258
TSK004442,S081,40.29767869,40.29767869
TSK004442,S082,8.39662772,8.39662772
TSK004442,S083,8.39662772,8.39662772
TSK004442,S084,8.39662772,8.39662772
TSK004442,S085,8.39662772,8.39662772
TSK004442,S086,20.50966255,20.50966255
TSK004442,S087,8.39662772,8.39662772
TSK004442,S088,20.36934443,20.36934443
TSK004442,S089,25.35266549,25.35266549
TSK004442,S090,20.36934443,20.36934443
TSK004442,S091,50.06200909,50.06200909
TSK004442,S092,36.61564805,36.61564805
TSK004442,S093,8.39662772,8.39662772
TSK004442,S094,8.39662772,8.39662772
TSK004442,S095,66.11623997,66.11623997
TSK004442,S096,35.55278634,35.55278634
TSK004442,S097,15.0286247,15.0286247
TSK004442,S098,8.39662772,8.39662772
TSK004442,S099,20.61747084,20.61747084
TSK004442,S100,8.39662772,8.39662772
TSK004490,S001,18.87118415,18.87118415
TSK004490,S002,6.43629661,6.43629661
TSK004490,S003,21.31112537,21.31112537
TSK004490,S004,27.34677591,27.34677591
TSK004490,S005,6.43629661,6.43629661
TSK004490,S006,6.43629661,6.43629661
TSK004490,S007,20.62953431,20.62953431
TSK004490,S008,44.40489048,44.40489048
TSK004490,S009,13.5514359,13.5514359
TSK004490,S010,23.69865148,23.69865148
TSK004490,S011,6.43629661,6.43629661
TSK004490,S012,39.26331353,39.26331353
TSK004490,S013,22.14422049,22.14422049
TSK004490,S014,6.43629661,6.43629661
TSK004490,S015,8.3854943,8.3854943
TSK004490,S016,14.58316785,14.58316785
TSK004490,S017,18.1508946,18.1508946
TSK004490,S018,13.54781879,13.54781879
TSK004490,S019,6.43629661,6.43629661
TSK004490,S020,6.43629661,6.43629661
TSK004490,S021,21.56469393,21.56469393
TSK004490,S022,70.8917327,70.8917327
TSK004490,S023,6.43629661,6.43629661
TSK004490,S024,6.43629661,6.43629661
TSK004490,S025,6.43629661,6.43629661
TSK004490,S026,23.39522527,23.39522527
TSK004490,S027,44.14904198,44.14904198
TSK004490,S028,6.43629661,6.43629661
TSK004490,S029,39.28298735,39.28298735
TSK004490,S030,36.77403992,36.77403992
TSK004490,S031,15.55052627,15.55052627
TSK004490,S032,59.31045856,59.31045856
TSK004490,S033,30.55564213,30.55564213
TSK004490,S034,22.93122799,22.93122799
TSK004490,S035,6.43629661,6.43629661
TSK004490,S036,37.15604321,37.15604321
TSK004490,S037,36.21387432,36.21387432
TSK004490,S038,17.24733588,17.24733588
TSK004490,S039,21.53587921,21.53587921
TSK004490,S040,23.28499022,23.28499022
TSK004490,S041,10.56080363,10.56080363
TSK004490,S042,37.64489776,37.64489776
TSK004490,S043,6.43629661,6.43629661
TSK004490,S044,13.07177397,13.07177397
TSK004490,S045,8.54355358,8.54355358
TSK004490,S046,21.086202,21.086202
TSK004490,S047,12.19708479,12.19708479
TSK004490,S048,79.3704353,79.3704353
TSK004490,S049,16.30813758,16.30813758
TSK004490,S050,22.47092064,22.47092064
TSK004490,S051,23.09917584,23.09917584
TSK004490,S052,15.99337713,15.99337713
TSK004490,S053,41.96890415,41.96890415
TSK004490,S054,16.57704591,16.57704591
TSK004490,S055,20.67538305,20.67538305
TSK004490,S056,6.43629661,6.43629661
TSK004490,S057,18.31746254,18.31746254
TSK004490,S058,20.83805454,20.83805454
TSK004490,S059,29.86716314,29.86716314
TSK004490,S060,25.07344144,25.07344144
TSK004490,S061,22.76416628,22.76416628
TSK004490,S062,19.16143618,19.16143618
TSK004490,S063,15.20365622,15.20365622
TSK004490,S064,50.43910833,50.43910833
TSK004490,S065,6.43629661,6.43629661
TSK004490,S066,39.32159096,39.32159096
TSK004490,S067,6.797552,6.797552
TSK004490,S068,12.43162115,12.43162115
TSK004490,S069,22.85673892,22.85673892
TSK004490,S070,6.797552,6.797552
TSK004490,S071,17.37831589,17.37831589
TSK004490,S072,6.43629661,6.43629661
TSK004490,S073,6.43629661,6.43629661
TSK004490,S074,23.06122029,23.06122029
TSK004490,S075,6.43629661,6.43629661
TSK004490,S076,9.55655865,9.55655865
TSK004490,S077,6.43629661,6.43629661
TSK004490,S078,12.43162115,12.43162115
TSK004490,S079,15.71762846,15.71762846
TSK004490,S080,22.47092064,22.47092064
TSK004490,S081,29.60575438,29.60575438
TSK004490,S082,6.43629661,6.43629661
TSK004490,S083,6.43629661,6.43629661
TSK004490,S084,6.43629661,6.43629661
TSK004490,S085,6.43629661,6.43629661
TSK004490,S086,15.53160983,15.53160983
TSK004490,S087,6.43629661,6.43629661
TSK004490,S088,16.30813758,16.30813758
TSK004490,S089,19.05681529,19.05681529
TSK004490,S090,16.30813758,16.30813758
TSK004490,S091,36.77403992,36.77403992
TSK004490,S092,28.25440485,28.25440485
TSK004490,S093,6.43629661,6.43629661
TSK004490,S094,6.43629661,6.43629661
TSK004490,S095,48.29522114,48.29522114
TSK004490,S096,26.48409586,26.48409586
TSK004490,S097,11.18294677,11.18294677
TSK004490,S098,6.43629661,6.43629661
TSK004490,S099,15.20365622,15.20365622
TSK004490,S100,6.43629661,6.43629661
TSK004581,S001,10.4638877,10.4638877
TSK004581,S002,2.32607936,2.32607936
TSK004581,S003,8.29659592,8.29659592
TSK004581,S004,8.02500544,8.02500544
TSK004581,S005,2.32607936,2.32607936
TSK004581,S006,2.32607936,2.32607936
TSK004581,S007,5.16209229,5.16209229
TSK004581,S008,12.3423745,12.3423745
TSK004581,S009,3.92578075,3.92578075
TSK004581,S010,5.73541905,5.73541905
TSK004581,S011,2.32607936,2.32607936
TSK004581,S012,7.77082216,7.77082216
TSK004581,S013,6.0571959,6.0571959
TSK004581,S014,2.32607936,2.32607936
TSK004581,S015,2.64937648,2.64937648
TSK004581,S016,5.71076876,5.71076876
TSK004581,S017,6.24088027,6.24088027
TSK004581,S018,4.24348101,4.24348101
TSK004581,S019,2.32607936,2.32607936
TSK004581,S020,2.32607936,2.32607936
TSK004581,S021,5.82803404,5.82803404
TSK004581,S022,15.4775304,15.4775304
TSK004581,S023,2.32607936,2.32607936
TSK004581,S024,2.32607936,2.32607936
TSK004581,S025,2.32607936,2.32607936
TSK004581,S026,6.06120539,6.06120539
TSK004581,S027,10.07236847,10.07236847
TSK004581,S028,2.32607936,2.32607936
TSK004581,S029,10.0424614,10.0424614
TSK004581,S030,9.65453813,9.65453813
TSK004581,S031,5.58317778,5.58317778
TSK004581,S032,24.93185079,24.93185079
TSK004581,S033,9.59193472,9.59193472
TSK004581,S034,7.21513642,7.21513642
TSK004581,S035,2.32607936,2.32607936
TSK004581,S036,8.47755314,8.47755314
TSK004581,S037,9.64084719,9.64084719
TSK004581,S038,4.41563118,4.41563118
TSK004581,S039,5.4066194,5.4066194
TSK004581,S040,7.03811141,7.03811141
TSK004581,S041,3.89457345,3.89457345
TSK004581,S042,10.18127238,10.18127238
TSK004581,S043,2.32607936,2.32607936
TSK004581,S044,4.85727282,4.85727282
TSK004581,S045,3.65307394,3.65307394
TSK004581,S046,5.82445975,5.82445975
TSK004581,S047,4.66959924,4.66959924
TSK004581,S048,21.04474257,21.04474257
TSK004581,S049,7.58909739,7.58909739
TSK004581,S050,7.00460518,7.00460518
TSK004581,S051,6.65080368,6.65080368
TSK004581,S052,5.78224408,5.78224408
TSK004581,S053,11.67296599,11.67296599
TSK004581,S054,6.83638922,6.83638922
TSK004581,S055,6.39933164,6.39933164
TSK004581,S056,2.32607936,2.32607936
TSK004581,S057,7.9217123,7.9217123
TSK004581,S058,7.19807688,7.19807688
TSK004581,S059,9.14966815,9.14966815
TSK004581,S060,8.11078488,8.11078488
TSK004581,S061,6.50099665,6.50099665
TSK004581,S062,6.16278592,6.16278592
TSK004581,S063,4.07402096,4.07402096
TSK004581,S064,11.60016595,11.60016595
TSK004581,S065,2.32607936,2.32607936
TSK004581,S066,12.35376536,12.35376536
TSK004581,S067,2.56285361,2.56285361
TSK004581,S068,5.71862728,5.71862728
TSK004581,S069,7.01722425,7.01722425
TSK004581,S070,2.56285361,2.56285361
TSK004581,S071,6.3770663,6.3770663
TSK004581,S072,2.32607936,2.32607936
TSK004581,S073,2.32607936,2.32607936
TSK004581,S074,9.09447674,9.09447674
TSK004581,S075,2.32607936,2.32607936
TSK004581,S076,3.54788789,3.54788789
TSK004581,S077,2.32607936,2.32607936
TSK004581,S078,5.71862728,5.71862728
TSK004581,S079,4.82008297,4.82008297
TSK004581,S080,7.00460518,7.00460518
TSK004581,S081,7.6650982,7.6650982
TSK004581,S082,2.32607936,2.32607936
TSK004581,S083,2.32607936,2.32607936
TSK004581,S084,2.32607936,2.32607936
TSK004581,S085,2.32607936,2.32607936
TSK004581,S086,5.45159834,5.45159834
TSK004581,S087,2.32607936,2.32607936
TSK004581,S088,7.58909739,7.58909739
TSK004581,S089,6.44281737,6.44281737
TSK004581,S090,7.58909739,7.58909739
TSK004581,S091,9.65453813,9.65453813
TSK004581,S092,10.12145473,10.12145473
TSK004581,S093,2.32607936,2.32607936
TSK004581,S094,2.32607936,2.32607936
TSK004581,S095,11.81597251,11.81597251
TSK004581,S096,7.649542,7.649542
TSK004581,S097,3.30509796,3.30509796
TSK004581,S098,2.32607936,2.32607936
TSK004581,S099,4.07402096,4.07402096
TSK004581,S100,2.32607936,2.32607936
TSK004708,S001,13.11998056,13.11998056
TSK004708,S002,3.06304165,3.06304165
TSK004708,S003,11.27211833,11.27211833
TSK004708,S004,10.94070028,10.94070028
TSK004708,S005,3.06304165,3.06304165
TSK004708,S006,3.06304165,3.06304165
TSK004708,S007,6.96551688,6.96551688
TSK004708,S008,17.95993501,17.95993501
TSK004708,S009,5.24576646,5.24576646
TSK004708,S010,7.66512465,7.66512465
TSK004708,S011,3.06304165,3.06304165
TSK004708,S012,10.6247012,10.6247012
TSK004708,S013,8.25489338,8.25489338
TSK004708,S014,3.06304165,3.06304165
TSK004708,S015,3.51203674,3.51203674
TSK004708,S016,7.81999983,7.81999983
TSK004708,S017,8.53157167,8.53157167
TSK004708,S018,5.78824982,5.78824982
TSK004708,S019,3.06304165,3.06304165
TSK004708,S020,3.06304165,3.06304165
TSK004708,S021,8.01050464,8.01050464
TSK004708,S022,22.2208693,22.2208693
TSK004708,S023,3.06304165,3.06304165
TSK004708,S024,3.06304165,3.06304165
TSK004708,S025,3.06304165,3.06304165
TSK004708,S026,8.51458809,8.51458809
TSK004708,S027,13.85723062,13.85723062
TSK004708,S028,3.06304165,3.06304165
TSK004708,S029,13.81694765,13.81694765
TSK004708,S030,13.33582681,13.33582681
TSK004708,S031,7.47804918,7.47804918
TSK004708,S032,32.23504204,32.23504204
TSK004708,S033,12.84964615,12.84964615
TSK004708,S034,9.6966423,9.6966423
TSK004708,S035,3.06304165,3.06304165
TSK004708,S036,11.61784672,11.61784672
TSK004708,S037,13.26927451,13.26927451
TSK004708,S038,5.98526321,5.98526321
TSK004708,S039,7.34283026,7.34283026
TSK004708,S040,9.71828423,9.71828423
TSK004708,S041,5.17559788,5.17559788
TSK004708,S042,14.13717453,14.13717453
TSK004708,S043,3.06304165,3.06304165
TSK004708,S044,6.40630017,6.40630017
TSK004708,S045,4.72628814,4.72628814
TSK004708,S046,7.89862443,7.89862443
TSK004708,S047,6.22689078,6.22689078
TSK004708,S048,29.79912082,29.79912082
TSK004708,S049,9.80856449,9.80856449
TSK004708,S050,9.73887359,9.73887359
TSK004708,S051,9.28217929,9.28217929
TSK004708,S052,7.91652696,7.91652696
TSK004708,S053,16.36996043,16.36996043
TSK004708,S054,9.00843974,9.00843974
TSK004708,S055,8.63979758,8.63979758
TSK004708,S056,3.06304165,3.06304165
TSK004708,S057,10.10427998,10.10427998
TSK004708,S058,9.75419626,9.75419626
TSK004708,S059,12.72516485,12.72516485
TSK004708,S060,11.32049866,11.32049866
TSK004708,S061,8.85073854,8.85073854
TSK004708,S062,8.44728834,8.44728834
TSK004708,S063,5.55735429,5.55735429
TSK004708,S064,16.07479461,16.07479461
TSK004708,S065,3.06304165,3.06304165
TSK004708,S066,16.58676065,16.58676065
TSK004708,S067,3.35702273,3.35702273
TSK004708,S068,7.43032777,7.43032777
TSK004708,S069,9.63015772,9.63015772
TSK004708,S070,3.35702273,3.35702273
TSK004708,S071,8.92792083,8.92792083
TSK004708,S072,3.06304165,3.06304165
TSK004708,S073,3.06304165,3.06304165
TSK004708,S074,12.07918566,12.07918566
TSK004708,S075,3.06304165,3.06304165
TSK004708,S076,4.80459436,4.80459436
TSK004708,S077,3.06304165,3.06304165
TSK004708,S078,7.43032777,7.43032777
TSK004708,S079,6.92462976,6.92462976
TSK004708,S080,9.73887359,9.73887359
TSK004708,S081,10.50788981,10.50788981
TSK004708,S082,3.06304165,3.06304165
TSK004708,S083,3.06304165,3.06304165
TSK004708,S084,3.06304165,3.06304165
TSK004708,S085,3.06304165,3.06304165
TSK004708,S086,7.44754284,7.44754284
TSK004708,S087,3.06304165,3.06304165
TSK004708,S088,9.80856449,9.80856449
TSK004708,S089,8.92853594,8.92853594
TSK004708,S090,9.80856449,9.80856449
TSK004708,S091,13.33582681,13.33582681
TSK004708,S092,12.88276102,12.88276102
TSK004708,S093,3.06304165,3.06304165
TSK004708,S094,3.06304165,3.06304165
TSK004708,S095,16.32905836,16.32905836
TSK004708,S096,10.2445641,10.2445641
TSK004708,S097,4.5044815,4.5044815
TSK004708,S098,3.06304165,3.06304165
TSK004708,S099,5.55735429,5.55735429
TSK004708,S100,3.06304165,3.06304165
TSK004730,S001,0.44055638,0.44055638
TSK004730,S002,0.10071586,0.10071586
TSK004730,S003,0.38357397,0.38357397
TSK004730,S004,0.35600341,0.35600341
TSK004730,S005,0.10071586,0.10071586
TSK004730,S006,0.10071586,0.10071586
TSK004730,S007,0.21705382,0.21705382
TSK004730,S008,0.60732542,0.60732542
TSK004730,S009,0.16753735,0.16753735
TSK004730,S010,0.23487751,0.23487751
TSK004730,S011,0.10071586,0.10071586
TSK004730,S012,0.31385526,0.31385526
TSK004730,S013,0.26469265,0.26469265
TSK004730,S014,0.10071586,0.10071586
TSK004730,S015,0.11337162,0.11337162
TSK004730,S016,0.26779036,0.26779036
TSK004730,S017,0.28616221,0.28616221
TSK004730,S018,0.19075332,0.19075332
TSK004730,S019,0.10071586,0.10071586
TSK004730,S020,0.10071586,0.10071586
TSK004730,S021,0.25796175,0.25796175
TSK004730,S022,0.70527554,0.70527554
TSK004730,S023,0.10071586,0.10071586
TSK004730,S024,0.10071586,0.10071586
TSK004730,S025,0.10071586,0.10071586
TSK004730,S026,0.27646885,0.27646885
TSK004730,S027,0.42900976,0.42900976
TSK004730,S028,0.10071586,0.10071586
TSK004730,S029,0.43987824,0.43987824
TSK004730,S030,0.42847239,0.42847239
TSK004730,S031,0.2487966,0.2487966
TSK004730,S032,1.06963386,1.06963386
TSK004730,S033,0.41776225,0.41776225
TSK004730,S034,0.31618088,0.31618088
TSK004730,S035,0.10071586,0.10071586
TSK004730,S036,0.35845979,0.35845979
TSK004730,S037,0.42639654,0.42639654
TSK004730,S038,0.18825289,0.18825289
TSK004730,S039,0.23026582,0.23026582
TSK004730,S040,0.32115031,0.32115031
TSK004730,S041,0.17191535,0.17191535
TSK004730,S042,0.45903123,0.45903123
TSK004730,S043,0.10071586,0.10071586
TSK004730,S044,0.21184095,0.21184095
TSK004730,S045,0.15728197,0.15728197
TSK004730,S046,0.25278216,0.25278216
TSK004730,S047,0.20855403,0.20855403
TSK004730,S048,0.97836555,0.97836555
TSK004730,S049,0.32983998,0.32983998
TSK004730,S050,0.32529832,0.32529832
TSK004730,S051,0.30640877,0.30640877
TSK004730,S052,0.2679285,0.2679285
TSK004730,S053,0.53870356,0.53870356
TSK004730,S054,0.30233441,0.30233441
TSK004730,S055,0.28186562,0.28186562
TSK004730,S056,0.10071586,0.10071586
TSK004730,S057,0.33320112,0.33320112
TSK004730,S058,0.32531243,0.32531243
TSK004730,S059,0.42382781,0.42382781
TSK004730,S060,0.38161989,0.38161989
TSK004730,S061,0.28612537,0.28612537
TSK004730,S062,0.28072529,0.28072529
TSK004730,S063,0.17754008,0.17754008
TSK004730,S064,0.50183593,0.50183593
TSK004730,S065,0.10071586,0.10071586
TSK004730,S066,0.54029569,0.54029569
TSK004730,S067,0.11068456,0.11068456
TSK004730,S068,0.25045913,0.25045913
TSK004730,S069,0.31767283,0.31767283
TSK004730,S070,0.11068456,0.11068456
TSK004730,S071,0.3075923,0.3075923
TSK004730,S072,0.10071586,0.10071586
TSK004730,S073,0.10071586,0.10071586
TSK004730,S074,0.40514837,0.40514837
TSK004730,S075,0.10071586,0.10071586
TSK004730,S076,0.1619838,0.1619838
TSK004730,S077,0.10071586,0.10071586
TSK004730,S078,0.25045913,0.25045913
TSK004730,S079,0.23614345,0.23614345
TSK004730,S080,0.32529832,0.32529832
TSK004730,S081,0.334495,0.334495
TSK004730,S082,0.10071586,0.10071586
TSK004730,S083,0.10071586,0.10071586
TSK004730,S084,0.10071586,0.10071586
TSK004730,S085,0.10071586,0.10071586
TSK004730,S086,0.25050536,0.25050536
TSK004730,S087,0.10071586,0.10071586
TSK004730,S088,0.32983998,0.32983998
TSK004730,S089,0.30162674,0.30162674
TSK004730,S090,0.32983998,0.32983998
TSK004730,S091,0.42847239,0.42847239
TSK004730,S092,0.41175253,0.41175253
TSK004730,S093,0.10071586,0.10071586
TSK004730,S094,0.10071586,0.10071586
TSK004730,S095,0.51644348,0.51644348
TSK004730,S096,0.32758644,0.32758644
TSK004730,S097,0.14673994,0.14673994
TSK004730,S098,0.10071586,0.10071586
TSK004730,S099,0.17754008,0.17754008
TSK004730,S100,0.10071586,0.10071586
TSK004795,S001,5.89731393,5.89731393
TSK004795,S002,1.29878708,1.29878708
TSK004795,S003,4.52605913,4.52605913
TSK004795,S004,4.44353346,4.44353346
TSK004795,S005,1.29878708,1.29878708
TSK004795,S006,1.29878708,1.29878708
TSK004795,S007,2.9105286,2.9105286
TSK004795,S008,6.57270605,6.57270605
TSK004795,S009,2.20267545,2.20267545
TSK004795,S010,3.26125397,3.26125397
TSK004795,S011,1.29878708,1.29878708
TSK004795,S012,4.43774912,4.43774912
TSK004795,S013,3.37148875,3.37148875
TSK004795,S014,1.29878708,1.29878708
TSK004795,S015,1.4851719,1.4851719
TSK004795,S016,3.09894353,3.09894353
TSK004795,S017,3.41496308,3.41496308
TSK004795,S018,2.33871111,2.33871111
TSK004795,S019,1.29878708,1.29878708
TSK004795,S020,1.29878708,1.29878708
TSK004795,S021,3.2295824,3.2295824
TSK004795,S022,8.488483,8.488483
TSK004795,S023,1.29878708,1.29878708
TSK004795,S024,1.29878708,1.29878708
TSK004795,S025,1.29878708,1.29878708
TSK004795,S026,3.3230059,3.3230059
TSK004795,S027,5.65507475,5.65507475
TSK004795,S028,1.29878708,1.29878708
TSK004795,S029,5.58520264,5.58520264
TSK004795,S030,5.34503657,5.34503657
TSK004795,S031,3.08658377,3.08658377
TSK004795,S032,13.96410765,13.96410765
TSK004795,S033,5.34505177,5.34505177
TSK004795,S034,4.01212875,4.01212875
TSK004795,S035,1.29878708,1.29878708
TSK004795,S036,4.77113871,4.77113871
TSK004795,S037,5.34387536,5.34387536
TSK004795,S038,2.47834853,2.47834853
TSK004795,S039,3.03559004,3.03559004
TSK004795,S040,3.85805329,3.85805329
TSK004795,S041,2.16020483,2.16020483
TSK004795,S042,5.60525482,5.60525482
TSK004795,S043,1.29878708,1.29878708
TSK004795,S044,2.70542133,2.70542133
TSK004795,S045,2.04362063,2.04362063
TSK004795,S046,3.24955307,3.24955307
TSK004795,S047,2.57947774,2.57947774
TSK004795,S048,11.45692989,11.45692989
TSK004795,S049,4.23200577,4.23200577
TSK004795,S050,3.8148693,3.8148693
TSK004795,S051,3.63292962,3.63292962
TSK004795,S052,3.15177756,3.15177756
TSK004795,S053,6.37221375,6.37221375
TSK004795,S054,3.7894924,3.7894924
TSK004795,S055,3.5522108,3.5522108
TSK004795,S056,1.29878708,1.29878708
TSK004795,S057,4.46598905,4.46598905
TSK004795,S058,3.95945509,3.95945509
TSK004795,S059,4.98787886,4.98787886
TSK004795,S060,4.3956815,4.3956815
TSK004795,S061,3.60959798,3.60959798
TSK004795,S062,3.38034438,3.38034438
TSK004795,S063,2.26977836,2.26977836
TSK004795,S064,6.47895485,6.47895485
TSK004795,S065,1.29878708,1.29878708
TSK004795,S066,6.87424755,6.87424755
TSK004795,S067,1.43223048,1.43223048
TSK004795,S068,3.18058359,3.18058359
TSK004795,S069,3.85763921,3.85763921
TSK004795,S070,1.43223048,1.43223048
TSK004795,S071,3.42309828,3.42309828
TSK004795,S072,1.29878708,1.29878708
TSK004795,S073,1.29878708,1.29878708
TSK004795,S074,5.02827401,5.02827401
TSK004795,S075,1.29878708,1.29878708
TSK004795,S076,1.9444248,1.9444248
TSK004795,S077,1.29878708,1.29878708
TSK004795,S078,3.18058359,3.18058359
TSK004795,S079,2.57137652,2.57137652
TSK004795,S080,3.8148693,3.8148693
TSK004795,S081,4.26847742,4.26847742
TSK004795,S082,1.29878708,1.29878708
TSK004795,S083,1.29878708,1.29878708
TSK004795,S084,1.29878708,1.29878708
TSK004795,S085,1.29878708,1.29878708
TSK004795,S086,2.98073955,2.98073955
TSK004795,S087,1.29878708,1.29878708
TSK004795,S088,4.23200577,4.23200577
TSK004795,S089,3.4983354,3.4983354
TSK004795,S090,4.23200577,4.23200577
TSK004795,S091,5.34503657,5.34503657
TSK004795,S092,5.7672149,5.7672149
TSK004795,S093,1.29878708,1.29878708
TSK004795,S094,1.29878708,1.29878708
TSK004795,S095,6.57644289,6.57644289
TSK004795,S096,4.28704819,4.28704819
TSK004795,S097,1.82954457,1.82954457
TSK004795,S098,1.29878708,1.29878708
TSK004795,S099,2.26977836,2.26977836
TSK004795,S100,1.29878708,1.29878708
TSK004800,S001,0.44055638,0.44055638
TSK004800,S002,0.10071586,0.10071586
TSK004800,S003,0.38357397,0.38357397
TSK004800,S004,0.35600341,0.35600341
TSK004800,S005,0.10071586,0.10071586
TSK004800,S006,0.10071586,0.10071586
TSK004800,S007,0.21705382,0.21705382
TSK004800,S008,0.60732542,0.60732542
TSK004800,S009,0.16753735,0.16753735
TSK004800,S010,0.23487751,0.23487751
TSK004800,S011,0.10071586,0.10071586
TSK004800,S012,0.31385526,0.31385526
TSK004800,S013,0.26469265,0.26469265
TSK004800,S014,0.10071586,0.10071586
TSK004800,S015,0.11337162,0.11337162
TSK004800,S016,0.26779036,0.26779036
TSK004800,S017,0.28616221,0.28616221
TSK004800,S018,0.19075332,0.19075332
TSK004800,S019,0.10071586,0.10071586
TSK004800,S020,0.10071586,0.10071586
TSK004800,S021,0.25796175,0.25796175
TSK004800,S022,0.70527554,0.70527554
TSK004800,S023,0.10071586,0.10071586
TSK004800,S024,0.10071586,0.10071586
TSK004800,S025,0.10071586,0.10071586
TSK004800,S026,0.27646885,0.27646885
TSK004800,S027,0.42900976,0.42900976
TSK004800,S028,0.10071586,0.10071586
TSK004800,S029,0.43987824,0.43987824
TSK004800,S030,0.42847239,0.42847239
TSK004800,S031,0.2487966,0.2487966
TSK004800,S032,1.06963386,1.06963386
TSK004800,S033,0.41776225,0.41776225
TSK004800,S034,0.31618088,0.31618088
TSK004800,S035,0.10071586,0.10071586
TSK004800,S036,0.35845979,0.35845979
TSK004800,S037,0.42639654,0.42639654
TSK004800,S038,0.18825289,0.18825289
TSK004800,S039,0.23026582,0.23026582
TSK004800,S040,0.32115031,0.32115031
TSK004800,S041,0.17191535,0.17191535
TSK004800,S042,0.45903123,0.45903123
TSK004800,S043,0.10071586,0.10071586
TSK004800,S044,0.21184095,0.21184095
TSK004800,S045,0.15728197,0.15728197
TSK004800,S046,0.25278216,0.25278216
TSK004800,S047,0.20855403,0.20855403
TSK004800,S048,0.97836555,0.97836555
TSK004800,S049,0.32983998,0.32983998
TSK004800,S050,0.32529832,0.32529832
TSK004800,S051,0.30640877,0.30640877
TSK004800,S052,0.2679285,0.2679285
TSK004800,S053,0.53870356,0.53870356
TSK004800,S054,0.30233441,0.30233441
TSK004800,S055,0.28186562,0.28186562
TSK004800,S056,0.10071586,0.10071586
TSK004800,S057,0.33320112,0.33320112
TSK004800,S058,0.32531243,0.32531243
TSK004800,S059,0.42382781,0.42382781
TSK004800,S060,0.38161989,0.38161989
TSK004800,S061,0.28612537,0.28612537
TSK004800,S062,0.28072529,0.28072529
TSK004800,S063,0.17754008,0.17754008
TSK004800,S064,0.50183593,0.50183593
TSK004800,S065,0.10071586,0.10071586
TSK004800,S066,0.54029569,0.54029569
TSK004800,S067,0.11068456,0.11068456
TSK004800,S068,0.25045913,0.25045913
TSK004800,S069,0.31767283,0.31767283
TSK004800,S070,0.11068456,0.11068456
TSK004800,S071,0.3075923,0.3075923
TSK004800,S072,0.10071586,0.10071586
TSK004800,S073,0.10071586,0.10071586
TSK004800,S074,0.40514837,0.40514837
TSK004800,S075,0.10071586,0.10071586
TSK004800,S076,0.1619838,0.1619838
TSK004800,S077,0.10071586,0.10071586
TSK004800,S078,0.25045913,0.25045913
TSK004800,S079,0.23614345,0.23614345
TSK004800,S080,0.32529832,0.32529832
TSK004800,S081,0.334495,0.334495
TSK004800,S082,0.10071586,0.10071586
TSK004800,S083,0.10071586,0.10071586
TSK004800,S084,0.10071586,0.10071586
TSK004800,S085,0.10071586,0.10071586
TSK004800,S086,0.25050536,0.25050536
TSK004800,S087,0.10071586,0.10071586
TSK004800,S088,0.32983998,0.32983998
TSK004800,S089,0.30162674,0.30162674
TSK004800,S090,0.32983998,0.32983998
TSK004800,S091,0.42847239,0.42847239
TSK004800,S092,0.41175253,0.41175253
TSK004800,S093,0.10071586,0.10071586
TSK004800,S094,0.10071586,0.10071586
TSK004800,S095,0.51644348,0.51644348
TSK004800,S096,0.32758644,0.32758644
TSK004800,S097,0.14673994,0.14673994
TSK004800,S098,0.10071586,0.10071586
TSK004800,S099,0.17754008,0.17754008
TSK004800,S100,0.10071586,0.10071586
TSK004808,S001,20.83813789,20.83813789
TSK004808,S002,7.72283049,7.72283049
TSK004808,S003,24.669516,24.669516
TSK004808,S004,33.68410853,33.68410853
TSK004808,S005,7.72283049,7.72283049
TSK004808,S006,7.72283049,7.72283049
TSK004808,S007,26.21891657,26.21891657
TSK004808,S008,53.7323868,53.7323868
TSK004808,S009,16.8745168,16.8745168
TSK004808,S010,30.37028494,30.37028494
TSK004808,S011,7.72283049,7.72283049
TSK004808,S012,51.31844009,51.31844009
TSK004808,S013,27.63239879,27.63239879
TSK004808,S014,7.72283049,7.72283049
TSK004808,S015,10.31144405,10.31144405
TSK004808,S016,16.77324784,16.77324784
TSK004808,S017,21.59557962,21.59557962
TSK004808,S018,16.46939508,16.46939508
TSK004808,S019,7.72283049,7.72283049
TSK004808,S020,7.72283049,7.72283049
TSK004808,S021,26.87496582,26.87496582
TSK004808,S022,90.08024478,90.08024478
TSK004808,S023,7.72283049,7.72283049
TSK004808,S024,7.72283049,7.72283049
TSK004808,S025,7.72283049,7.72283049
TSK004808,S026,29.12402458,29.12402458
TSK004808,S027,56.51651525,56.51651525
TSK004808,S028,7.72283049,7.72283049
TSK004808,S029,49.40515237,49.40515237
TSK004808,S030,45.97273471,45.97273471
TSK004808,S031,18.51781,18.51781
TSK004808,S032,69.38441773,69.38441773
TSK004808,S033,37.44045188,37.44045188
TSK004808,S034,28.04391641,28.04391641
TSK004808,S035,7.72283049,7.72283049
TSK004808,S036,47.62453949,47.62453949
TSK004808,S037,45.22628795,45.22628795
TSK004808,S038,21.80638749,21.80638749
TSK004808,S039,27.29376601,27.29376601
TSK004808,S040,28.352957,28.352957
TSK004808,S041,12.55146525,12.55146525
TSK004808,S042,46.71762233,46.71762233
TSK004808,S043,7.72283049,7.72283049
TSK004808,S044,15.57304696,15.57304696
TSK004808,S045,9.94701382,9.94701382
TSK004808,S046,26.31911091,26.31911091
TSK004808,S047,14.33846221,14.33846221
TSK004808,S048,98.07928466,98.07928466
TSK004808,S049,18.56557158,18.56557158
TSK004808,S050,27.09767068,27.09767068
TSK004808,S051,28.26724686,28.26724686
TSK004808,S052,18.78501291,18.78501291
TSK004808,S053,51.5998394,51.5998394
TSK004808,S054,19.2594418,19.2594418
TSK004808,S055,25.31428955,25.31428955
TSK004808,S056,7.72283049,7.72283049
TSK004808,S057,21.45648443,21.45648443
TSK004808,S058,24.88065531,24.88065531
TSK004808,S059,36.14560476,36.14560476
TSK004808,S060,29.93150742,29.93150742
TSK004808,S061,28.19906312,28.19906312
TSK004808,S062,23.1100127,23.1100127
TSK004808,S063,19.03239595,19.03239595
TSK004808,S064,64.33855237,64.33855237
TSK004808,S065,7.72283049,7.72283049
TSK004808,S066,48.12406396,48.12406396
TSK004808,S067,8.101802,8.101802
TSK004808,S068,14.14688503,14.14688503
TSK004808,S069,27.82137639,27.82137639
TSK004808,S070,8.101802,8.101802
TSK004808,S071,20.07275784,20.07275784
TSK004808,S072,7.72283049,7.72283049
TSK004808,S073,7.72283049,7.72283049
TSK004808,S074,26.97276164,26.97276164
TSK004808,S075,7.72283049,7.72283049
TSK004808,S076,11.22034116,11.22034116
TSK004808,S077,7.72283049,7.72283049
TSK004808,S078,14.14688503,14.14688503
TSK004808,S079,18.72245766,18.72245766
TSK004808,S080,27.09767068,27.09767068
TSK004808,S081,37.20653016,37.20653016
TSK004808,S082,7.72283049,7.72283049
TSK004808,S083,7.72283049,7.72283049
TSK004808,S084,7.72283049,7.72283049
TSK004808,S085,7.72283049,7.72283049
TSK004808,S086,18.39644969,18.39644969
TSK004808,S087,7.72283049,7.72283049
TSK004808,S088,18.56557158,18.56557158
TSK004808,S089,22.60008633,22.60008633
TSK004808,S090,18.56557158,18.56557158
TSK004808,S091,45.97273471,45.97273471
TSK004808,S092,34.56284509,34.56284509
TSK004808,S093,7.72283049,7.72283049
TSK004808,S094,7.72283049,7.72283049
TSK004808,S095,61.07609987,61.07609987
TSK004808,S096,32.96521163,32.96521163
TSK004808,S097,13.7576936,13.7576936
TSK004808,S098,7.72283049,7.72283049
TSK004808,S099,19.03239595,19.03239595
TSK004808,S100,7.72283049,7.72283049
TSK004872,S001,10.20360779,10.20360779
TSK004872,S002,2.29839138,2.29839138
TSK004872,S003,8.46184813,8.46184813
TSK004872,S004,8.02201615,8.02201615
TSK004872,S005,2.29839138,2.29839138
TSK004872,S006,2.29839138,2.29839138
TSK004872,S007,5.03061584,5.03061584
TSK004872,S008,12.98627511,12.98627511
TSK004872,S009,3.85255344,3.85255344
TSK004872,S010,5.5211961,5.5211961
TSK004872,S011,2.29839138,2.29839138
TSK004872,S012,7.43311323,7.43311323
TSK004872,S013,6.01139333,6.01139333
TSK004872,S014,2.29839138,2.29839138
TSK004872,S015,2.60328012,2.60328012
TSK004872,S016,5.86536085,5.86536085
TSK004872,S017,6.33947818,6.33947818
TSK004872,S018,4.26906765,4.26906765
TSK004872,S019,2.29839138,2.29839138
TSK004872,S020,2.29839138,2.29839138
TSK004872,S021,5.8195715,5.8195715
TSK004872,S022,15.67419024,15.67419024
TSK004872,S023,2.29839138,2.29839138
TSK004872,S024,2.29839138,2.29839138
TSK004872,S025,2.29839138,2.29839138
TSK004872,S026,6.14118754,6.14118754
TSK004872,S027,9.87537366,9.87537366
TSK004872,S028,2.29839138,2.29839138
TSK004872,S029,9.97773719,9.97773719
TSK004872,S030,9.65289427,9.65289427
TSK004872,S031,5.59321192,5.59321192
TSK004872,S032,24.52793894,24.52793894
TSK004872,S033,9.50427995,9.50427995
TSK004872,S034,7.17020338,7.17020338
TSK004872,S035,2.29839138,2.29839138
TSK004872,S036,8.28330903,8.28330903
TSK004872,S037,9.62328236,9.62328236
TSK004872,S038,4.33121255,4.33121255
TSK004872,S039,5.30069366,5.30069366
TSK004872,S040,7.13230756,7.13230756
TSK004872,S041,3.88385224,3.88385224
TSK004872,S042,10.2574308,10.2574308
TSK004872,S043,2.29839138,2.29839138
TSK004872,S044,4.81602765,4.81602765
TSK004872,S045,3.5999291,3.5999291
TSK004872,S046,5.76154447,5.76154447
TSK004872,S047,4.68306875,4.68306875
TSK004872,S048,21.52259041,21.52259041
TSK004872,S049,7.51224359,7.51224359
TSK004872,S050,7.15992009,7.15992009
TSK004872,S051,6.77160763,6.77160763
TSK004872,S052,5.90392004,5.90392004
TSK004872,S053,11.89495895,11.89495895
TSK004872,S054,6.82364945,6.82364945
TSK004872,S055,6.37504022,6.37504022
TSK004872,S056,2.29839138,2.29839138
TSK004872,S057,7.72116176,7.72116176
TSK004872,S058,7.26039124,7.26039124
TSK004872,S059,9.34074008,9.34074008
TSK004872,S060,8.34430979,8.34430979
TSK004872,S061,6.47395293,6.47395293
TSK004872,S062,6.24002059,6.24002059
TSK004872,S063,4.0378998,4.0378998
TSK004872,S064,11.45737443,11.45737443
TSK004872,S065,2.29839138,2.29839138
TSK004872,S066,12.26523093,12.26523093
TSK004872,S067,2.52927496,2.52927496
TSK004872,S068,5.68147504,5.68147504
TSK004872,S069,7.08376336,7.08376336
TSK004872,S070,2.52927496,2.52927496
TSK004872,S071,6.64250619,6.64250619
TSK004872,S072,2.29839138,2.29839138
TSK004872,S073,2.29839138,2.29839138
TSK004872,S074,9.1095402,9.1095402
TSK004872,S075,2.29839138,2.29839138
TSK004872,S076,3.59638074,3.59638074
TSK004872,S077,2.29839138,2.29839138
TSK004872,S078,5.68147504,5.68147504
TSK004872,S079,5.06030953,5.06030953
TSK004872,S080,7.15992009,7.15992009
TSK004872,S081,7.6021357,7.6021357
TSK004872,S082,2.29839138,2.29839138
TSK004872,S083,2.29839138,2.29839138
TSK004872,S084,2.29839138,2.29839138
TSK004872,S085,2.29839138,2.29839138
TSK004872,S086,5.54351777,5.54351777
TSK004872,S087,2.29839138,2.29839138
TSK004872,S088,7.51224359,7.51224359
TSK004872,S089,6.61190146,6.61190146
TSK004872,S090,7.51224359,7.51224359
TSK004872,S091,9.65289427,9.65289427
TSK004872,S092,9.71366758,9.71366758
TSK004872,S093,2.29839138,2.29839138
TSK004872,S094,2.29839138,2.29839138
TSK004872,S095,11.72769515,11.72769515
TSK004872,S096,7.51914495,7.51914495
TSK004872,S097,3.30516774,3.30516774
TSK004872,S098,2.29839138,2.29839138
TSK004872,S099,4.0378998,4.0378998
TSK004872,S100,2.29839138,2.29839138
TSK004875,S001,12.76054399,12.76054399
TSK004875,S002,2.95081937,2.95081937
TSK004875,S003,10.5890262,10.5890262
TSK004875,S004,10.45440374,10.45440374
TSK004875,S005,2.95081937,2.95081937
TSK004875,S006,2.95081937,2.95081937
TSK004875,S007,6.79149103,6.79149103
TSK004875,S008,16.51730949,16.51730949
TSK004875,S009,5.08475189,5.08475189
TSK004875,S010,7.54477032,7.54477032
TSK004875,S011,2.95081937,2.95081937
TSK004875,S012,10.51247893,10.51247893
TSK004875,S013,7.93449064,7.93449064
TSK004875,S014,2.95081937,2.95081937
TSK004875,S015,3.39981446,3.39981446
TSK004875,S016,7.30605433,7.30605433
TSK004875,S017,8.04527513,8.04527513
TSK004875,S018,5.50200169,5.50200169
TSK004875,S019,2.95081937,2.95081937
TSK004875,S020,2.95081937,2.95081937
TSK004875,S021,7.66407935,7.66407935
TSK004875,S022,21.06611832,21.06611832
TSK004875,S023,2.95081937,2.95081937
TSK004875,S024,2.95081937,2.95081937
TSK004875,S025,2.95081937,2.95081937
TSK004875,S026,8.05919334,8.05919334
TSK004875,S027,13.45388099,13.45388099
TSK004875,S028,2.95081937,2.95081937
TSK004875,S029,13.27372676,13.27372676
TSK004875,S030,12.74869286,12.74869286
TSK004875,S031,7.12674465,7.12674465
TSK004875,S032,31.14697387,31.14697387
TSK004875,S033,12.35847038,12.35847038
TSK004875,S034,9.30467753,9.30467753
TSK004875,S035,2.95081937,2.95081937
TSK004875,S036,11.30882885,11.30882885
TSK004875,S037,12.70003107,12.70003107
TSK004875,S038,5.80635813,5.80635813
TSK004875,S039,7.12651775,7.12651775
TSK004875,S040,9.18807462,9.18807462
TSK004875,S041,4.94952691,4.94952691
TSK004875,S042,13.43456548,13.43456548
TSK004875,S043,2.95081937,2.95081937
TSK004875,S044,6.15420664,6.15420664
TSK004875,S045,4.56039434,4.56039434
TSK004875,S046,7.61074989,7.61074989
TSK004875,S047,5.92763137,5.92763137
TSK004875,S048,28.00356437,28.00356437
TSK004875,S049,9.42798459,9.42798459
TSK004875,S050,9.145234,9.145234
TSK004875,S051,8.74709046,8.74709046
TSK004875,S052,7.43348324,7.43348324
TSK004875,S053,15.42013709,15.42013709
TSK004875,S054,8.6050901,8.6050901
TSK004875,S055,8.27548178,8.27548178
TSK004875,S056,2.95081937,2.95081937
TSK004875,S057,9.83592236,9.83592236
TSK004875,S058,9.2483828,9.2483828
TSK004875,S059,11.96237865,11.96237865
TSK004875,S060,10.57560296,10.57560296
TSK004875,S061,8.48316991,8.48316991
TSK004875,S062,7.98864077,7.98864077
TSK004875,S063,5.34754742,5.34754742
TSK004875,S064,15.52018886,15.52018886
TSK004875,S065,2.95081937,2.95081937
TSK004875,S066,15.92806467,15.92806467
TSK004875,S067,3.2366684,3.2366684
TSK004875,S068,7.1213099,7.1213099
TSK004875,S069,9.1308499,9.1308499
TSK004875,S070,3.2366684,3.2366684
TSK004875,S071,8.25458717,8.25458717
TSK004875,S072,2.95081937,2.95081937
TSK004875,S073,2.95081937,2.95081937
TSK004875,S074,11.50831581,11.50831581
TSK004875,S075,2.95081937,2.95081937
TSK004875,S076,4.53623674,4.53623674
TSK004875,S077,2.95081937,2.95081937
TSK004875,S078,7.1213099,7.1213099
TSK004875,S079,6.37327682,6.37327682
TSK004875,S080,9.145234,9.145234
TSK004875,S081,10.10779299,10.10779299
TSK004875,S082,2.95081937,2.95081937
TSK004875,S083,2.95081937,2.95081937
TSK004875,S084,2.95081937,2.95081937
TSK004875,S085,2.95081937,2.95081937
TSK004875,S086,7.01654424,7.01654424
TSK004875,S087,2.95081937,2.95081937
TSK004875,S088,9.42798459,9.42798459
TSK004875,S089,8.35441327,8.35441327
TSK004875,S090,9.42798459,9.42798459
TSK004875,S091,12.74869286,12.74869286
TSK004875,S092,12.70222952,12.70222952
TSK004875,S093,2.95081937,2.95081937
TSK004875,S094,2.95081937,2.95081937
TSK004875,S095,15.70289057,15.70289057
TSK004875,S096,9.91765572,9.91765572
TSK004875,S097,4.30280668,4.30280668
TSK004875,S098,2.95081937,2.95081937
TSK004875,S099,5.34754742,5.34754742
TSK004875,S100,2.95081937,2.95081937
TSK004880,S001,20.83813789,20.83813789
TSK004880,S002,7.72283049,7.72283049
TSK004880,S003,24.669516,24.669516
TSK004880,S004,33.68410853,33.68410853
TSK004880,S005,7.72283049,7.72283049
TSK004880,S006,7.72283049,7.72283049
TSK004880,S007,26.21891657,26.21891657
TSK004880,S008,53.7323868,53.7323868
TSK004880,S009,16.8745168,16.8745168
TSK004880,S010,30.37028494,30.37028494
TSK004880,S011,7.72283049,7.72283049
TSK004880,S012,51.31844009,51.31844009
TSK004880,S013,27.63239879,27.63239879
TSK004880,S014,7.72283049,7.72283049
TSK004880,S015,10.31144405,10.31144405
TSK004880,S016,16.77324784,16.77324784
TSK004880,S017,21.59557962,21.59557962
TSK004880,S018,16.46939508,16.46939508
TSK004880,S019,7.72283049,7.72283049
TSK004880,S020,7.72283049,7.72283049
TSK004880,S021,26.87496582,26.87496582
TSK004880,S022,90.08024478,90.08024478
TSK004880,S023,7.72283049,7.72283049
TSK004880,S024,7.72283049,7.72283049
TSK004880,S025,7.72283049,7.72283049
TSK004880,S026,29.12402458,29.12402458
TSK004880,S027,56.51651525,56.51651525
TSK004880,S028,7.72283049,7.72283049
TSK004880,S029,49.40515237,49.40515237
TSK004880,S030,45.97273471,45.97273471
TSK004880,S031,18.51781,18.51781
TSK004880,S032,69.38441773,69.38441773
TSK004880,S033,37.44045188,37.44045188
TSK004880,S034,28.04391641,28.04391641
TSK004880,S035,7.72283049,7.72283049
TSK004880,S036,47.62453949,47.62453949
TSK004880,S037,45.22628795,45.22628795
TSK004880,S038,21.80638749,21.80638749
TSK004880,S039,27.29376601,27.29376601
TSK004880,S040,28.352957,28.352957
TSK004880,S041,12.55146525,12.55146525
TSK004880,S042,46.71762233,46.71762233
TSK004880,S043,7.72283049,7.72283049
TSK004880,S044,15.57304696,15.57304696
TSK004880,S045,9.94701382,9.94701382
TSK004880,S046,26.31911091,26.31911091
TSK004880,S047,14.33846221,14.33846221
TSK004880,S048,98.07928466,98.07928466
TSK004880,S049,18.56557158,18.56557158
TSK004880,S050,27.09767068,27.09767068
TSK004880,S051,28.26724686,28.26724686
TSK004880,S052,18.78501291,18.78501291
TSK004880,S053,51.5998394,51.5998394
TSK004880,S054,19.2594418,19.2594418
TSK004880,S055,25.31428955,25.31428955
TSK004880,S056,7.72283049,7.72283049
TSK004880,S057,21.45648443,21.45648443
TSK004880,S058,24.88065531,24.88065531
TSK004880,S059,36.14560476,36.14560476
TSK004880,S060,29.93150742,29.93150742
TSK004880,S061,28.19906312,28.19906312
TSK004880,S062,23.1100127,23.1100127
TSK004880,S063,19.03239595,19.03239595
TSK004880,S064,64.33855237,64.33855237
TSK004880,S065,7.72283049,7.72283049
TSK004880,S066,48.12406396,48.12406396
TSK004880,S067,8.101802,8.101802
TSK004880,S068,14.14688503,14.14688503
TSK004880,S069,27.82137639,27.82137639
TSK004880,S070,8.101802,8.101802
TSK004880,S071,20.07275784,20.07275784
TSK004880,S072,7.72283049,7.72283049
TSK004880,S073,7.72283049,7.72283049
TSK004880,S074,26.97276164,26.97276164
TSK004880,S075,7.72283049,7.72283049
TSK004880,S076,11.22034116,11.22034116
TSK004880,S077,7.72283049,7.72283049
TSK004880,S078,14.14688503,14.14688503
TSK004880,S079,18.72245766,18.72245766
TSK004880,S080,27.09767068,27.09767068
TSK004880,S081,37.20653016,37.20653016
TSK004880,S082,7.72283049,7.72283049
TSK004880,S083,7.72283049,7.72283049
TSK004880,S084,7.72283049,7.72283049
TSK004880,S085,7.72283049,7.72283049
TSK004880,S086,18.39644969,18.39644969
TSK004880,S087,7.72283049,7.72283049
TSK004880,S088,18.56557158,18.56557158
TSK004880,S089,22.60008633,22.60008633
TSK004880,S090,18.56557158,18.56557158
TSK004880,S091,45.97273471,45.97273471
TSK004880,S092,34.56284509,34.56284509
TSK004880,S093,7.72283049,7.72283049
TSK004880,S094,7.72283049,7.72283049
TSK004880,S095,61.07609987,61.07609987
TSK004880,S096,32.96521163,32.96521163
TSK004880,S097,13.7576936,13.7576936
TSK004880,S098,7.72283049,7.72283049
TSK004880,S099,19.03239595,19.03239595
TSK004880,S100,7.72283049,7.72283049
TSK004903,S001,22.3179571,22.3179571
TSK004903,S002,8.28685011,8.28685011
TSK004903,S003,27.42424611,27.42424611
TSK004903,S004,36.24382988,36.24382988
TSK004903,S005,8.28685011,8.28685011
TSK004903,S006,8.28685011,8.28685011
TSK004903,S007,27.63875531,27.63875531
TSK004903,S008,59.88911126,59.88911126
TSK004903,S009,17.90782693,17.90782693
TSK004903,S010,31.77786558,31.77786558
TSK004903,S011,8.28685011,8.28685011
TSK004903,S012,53.51587815,53.51587815
TSK004903,S013,29.518026,29.518026
TSK004903,S014,8.28685011,8.28685011
TSK004903,S015,10.97245254,10.97245254
TSK004903,S016,18.79478106,18.79478106
TSK004903,S017,23.71653389,23.71653389
TSK004903,S018,17.8534451,17.8534451
TSK004903,S019,8.28685011,8.28685011
TSK004903,S020,8.28685011,8.28685011
TSK004903,S021,28.81914347,28.81914347
TSK004903,S022,96.78648226,96.78648226
TSK004903,S023,8.28685011,8.28685011
TSK004903,S024,8.28685011,8.28685011
TSK004903,S025,8.28685011,8.28685011
TSK004903,S026,31.48986754,31.48986754
TSK004903,S027,59.71826409,59.71826409
TSK004903,S028,8.28685011,8.28685011
TSK004903,S029,52.72608035,52.72608035
TSK004903,S030,49.29792927,49.29792927
TSK004903,S031,20.12263284,20.12263284
TSK004903,S032,74.48894165,74.48894165
TSK004903,S033,40.09925449,40.09925449
TSK004903,S034,30.10781172,30.10781172
TSK004903,S035,8.28685011,8.28685011
TSK004903,S036,50.2281771,50.2281771
TSK004903,S037,48.46442079,48.46442079
TSK004903,S038,23.08597999,23.08597999
TSK004903,S039,28.87815996,28.87815996
TSK004903,S040,30.86447826,30.86447826
TSK004903,S041,13.59650904,13.59650904
TSK004903,S042,50.40327486,50.40327486
TSK004903,S043,8.28685011,8.28685011
TSK004903,S044,16.78107801,16.78107801
TSK004903,S045,10.70518705,10.70518705
TSK004903,S046,28.05909808,28.05909808
TSK004903,S047,15.64693685,15.64693685
TSK004903,S048,106.81908681,106.81908681
TSK004903,S049,20.15894978,20.15894978
TSK004903,S050,29.75076037,29.75076037
TSK004903,S051,30.80999027,30.80999027
TSK004903,S052,20.79621836,20.79621836
TSK004903,S053,56.18275439,56.18275439
TSK004903,S054,20.99212365,20.99212365
TSK004903,S055,27.21543803,27.21543803
TSK004903,S056,8.28685011,8.28685011
TSK004903,S057,22.81471143,22.81471143
TSK004903,S058,27.1564555,27.1564555
TSK004903,S059,39.60521229,39.60521229
TSK004903,S060,33.11686139,33.11686139
TSK004903,S061,30.23164224,30.23164224
TSK004903,S062,25.21651713,25.21651713
TSK004903,S063,20.30278603,20.30278603
TSK004903,S064,68.26985343,68.26985343
TSK004903,S065,8.28685011,8.28685011
TSK004903,S066,51.62438193,51.62438193
TSK004903,S067,8.69523883,8.69523883
TSK004903,S068,15.42280121,15.42280121
TSK004903,S069,30.21565041,30.21565041
TSK004903,S070,8.69523883,8.69523883
TSK004903,S071,22.69470188,22.69470188
TSK004903,S072,8.28685011,8.28685011
TSK004903,S073,8.28685011,8.28685011
TSK004903,S074,29.44252203,29.44252203
TSK004903,S075,8.28685011,8.28685011
TSK004903,S076,12.35479862,12.35479862
TSK004903,S077,8.28685011,8.28685011
TSK004903,S078,15.42280121,15.42280121
TSK004903,S079,20.99053279,20.99053279
TSK004903,S080,29.75076037,29.75076037
TSK004903,S081,39.67455739,39.67455739
TSK004903,S082,8.28685011,8.28685011
TSK004903,S083,8.28685011,8.28685011
TSK004903,S084,8.28685011,8.28685011
TSK004903,S085,8.28685011,8.28685011
TSK004903,S086,20.24768719,20.24768719
TSK004903,S087,8.28685011,8.28685011
TSK004903,S088,20.15894978,20.15894978
TSK004903,S089,25.02467815,25.02467815
TSK004903,S090,20.15894978,20.15894978
TSK004903,S091,49.29792927,49.29792927
TSK004903,S092,36.11313707,36.11313707
TSK004903,S093,8.28685011,8.28685011
TSK004903,S094,8.28685011,8.28685011
TSK004903,S095,65.07295669,65.07295669
TSK004903,S096,35.02283511,35.02283511
TSK004903,S097,14.81114361,14.81114361
TSK004903,S098,8.28685011,8.28685011
TSK004903,S099,20.30278603,20.30278603
TSK004903,S100,8.28685011,8.28685011
TSK004919,S001,27.9865154,27.9865154
TSK004919,S002,11.96032187,11.96032187
TSK004919,S003,37.12208735,37.12208735
TSK004919,S004,54.32047004,54.32047004
TSK004919,S005,11.96032187,11.96032187
TSK004919,S006,11.96032187,11.96032187
TSK004919,S007,43.51102635,43.51102635
TSK004919,S008,86.69714148,86.69714148
TSK004919,S009,27.36045213,27.36045213
TSK004919,S010,50.69911779,50.69911779
TSK004919,S011,11.96032187,11.96032187
TSK004919,S012,87.67583779,87.67583779
TSK004919,S013,45.14450789,45.14450789
TSK004919,S014,11.96032187,11.96032187
TSK004919,S015,16.4561464,16.4561464
TSK004919,S016,25.13800967,25.13800967
TSK004919,S017,33.60392698,33.60392698
TSK004919,S018,26.20423076,26.20423076
TSK004919,S019,11.96032187,11.96032187
TSK004919,S020,11.96032187,11.96032187
TSK004919,S021,43.94920236,43.94920236
TSK004919,S022,151.431507,151.431507
TSK004919,S023,11.96032187,11.96032187
TSK004919,S024,11.96032187,11.96032187
TSK004919,S025,11.96032187,11.96032187
TSK004919,S026,47.83511838,47.83511838
TSK004919,S027,94.84349205,94.84349205
TSK004919,S028,11.96032187,11.96032187
TSK004919,S029,81.53363006,81.53363006
TSK004919,S030,75.50330062,75.50330062
TSK004919,S031,28.62091876,28.62091876
TSK004919,S032,103.3116051,103.3116051
TSK004919,S033,59.72719051,59.72719051
TSK004919,S034,44.69117074,44.69117074
TSK004919,S035,11.96032187,11.96032187
TSK004919,S036,79.9510501,79.9510501
TSK004919,S037,74.13744227,74.13744227
TSK004919,S038,36.04268485,36.04268485
TSK004919,S039,45.23924175,45.23924175
TSK004919,S040,45.35969021,45.35969021
TSK004919,S041,19.29508072,19.29508072
TSK004919,S042,76.2841449,76.2841449
TSK004919,S043,11.96032187,11.96032187
TSK004919,S044,23.93245902,23.93245902
TSK004919,S045,14.72461636,14.72461636
TSK004919,S046,42.95384809,42.95384809
TSK004919,S047,21.79255589,21.79255589
TSK004919,S048,160.28444423,160.28444423
TSK004919,S049,26.65575642,26.65575642
TSK004919,S050,43.01451054,43.01451054
TSK004919,S051,45.58996044,45.58996044
TSK004919,S052,28.83388752,28.83388752
TSK004919,S053,83.71272996,83.71272996
TSK004919,S054,28.69835613,28.69835613
TSK004919,S055,40.44980145,40.44980145
TSK004919,S056,11.96032187,11.96032187
TSK004919,S057,31.77612022,31.77612022
TSK004919,S058,38.74201148,38.74201148
TSK004919,S059,57.59205357,57.59205357
TSK004919,S060,47.07756237,47.07756237
TSK004919,S061,45.7204038,45.7204038
TSK004919,S062,36.52276274,36.52276274
TSK004919,S063,31.20053463,31.20053463
TSK004919,S064,107.77425872,107.77425872
TSK004919,S065,11.96032187,11.96032187
TSK004919,S066,76.7279372,76.7279372
TSK004919,S067,12.4211284,12.4211284
TSK004919,S068,20.36478398,20.36478398
TSK004919,S069,44.40973385,44.40973385
TSK004919,S070,12.4211284,12.4211284
TSK004919,S071,30.5101523,30.5101523
TSK004919,S072,11.96032187,11.96032187
TSK004919,S073,11.96032187,11.96032187
TSK004919,S074,40.67514144,40.67514144
TSK004919,S075,11.96032187,11.96032187
TSK004919,S076,17.13972229,17.13972229
TSK004919,S077,11.96032187,11.96032187
TSK004919,S078,20.36478398,20.36478398
TSK004919,S079,29.65076942,29.65076942
TSK004919,S080,43.01451054,43.01451054
TSK004919,S081,61.30409331,61.30409331
TSK004919,S082,11.96032187,11.96032187
TSK004919,S083,11.96032187,11.96032187
TSK004919,S084,11.96032187,11.96032187
TSK004919,S085,11.96032187,11.96032187
TSK004919,S086,28.47812124,28.47812124
TSK004919,S087,11.96032187,11.96032187
TSK004919,S088,26.65575642,26.65575642
TSK004919,S089,35.21560871,35.21560871
TSK004919,S090,26.65575642,26.65575642
TSK004919,S091,75.50330062,75.50330062
TSK004919,S092,54.02291143,54.02291143
TSK004919,S093,11.96032187,11.96032187
TSK004919,S094,11.96032187,11.96032187
TSK004919,S095,101.43055098,101.43055098
TSK004919,S096,53.46218849,53.46218849
TSK004919,S097,22.15650573,22.15650573
TSK004919,S098,11.96032187,11.96032187
TSK004919,S099,31.20053463,31.20053463
TSK004919,S100,11.96032187,11.96032187
TSK004969,S001,27.9865154,27.9865154
TSK004969,S002,11.96032187,11.96032187
TSK004969,S003,37.12208735,37.12208735
TSK004969,S004,54.32047004,54.32047004
TSK004969,S005,11.96032187,11.96032187
TSK004969,S006,11.96032187,11.96032187
TSK004969,S007,43.51102635,43.51102635
TSK004969,S008,86.69714148,86.69714148
TSK004969,S009,27.36045213,27.36045213
TSK004969,S010,50.69911779,50.69911779
TSK004969,S011,11.96032187,11.96032187
TSK004969,S012,87.67583779,87.67583779
TSK004969,S013,45.14450789,45.14450789
TSK004969,S014,11.96032187,11.96032187
TSK004969,S015,16.4561464,16.4561464
TSK004969,S016,25.13800967,25.13800967
TSK004969,S017,33.60392698,33.60392698
TSK004969,S018,26.20423076,26.20423076
TSK004969,S019,11.96032187,11.96032187
TSK004969,S020,11.96032187,11.96032187
TSK004969,S021,43.94920236,43.94920236
TSK004969,S022,151.431507,151.431507
TSK004969,S023,11.96032187,11.96032187
TSK004969,S024,11.96032187,11.96032187
TSK004969,S025,11.96032187,11.96032187
TSK004969,S026,47.83511838,47.83511838
TSK004969,S027,94.84349205,94.84349205
TSK004969,S028,11.96032187,11.96032187
TSK004969,S029,81.53363006,81.53363006
TSK004969,S030,75.50330062,75.50330062
TSK004969,S031,28.62091876,28.62091876
TSK004969,S032,103.3116051,103.3116051
TSK004969,S033,59.72719051,59.72719051
TSK004969,S034,44.69117074,44.69117074
TSK004969,S035,11.96032187,11.96032187
TSK004969,S036,79.9510501,79.9510501
TSK004969,S037,74.13744227,74.13744227
TSK004969,S038,36.04268485,36.04268485
TSK004969,S039,45.23924175,45.23924175
TSK004969,S040,45.35969021,45.35969021
TSK004969,S041,19.29508072,19.29508072
TSK004969,S042,76.2841449,76.2841449
TSK004969,S043,11.96032187,11.96032187
TSK004969,S044,23.93245902,23.93245902
TSK004969,S045,14.72461636,14.72461636
TSK004969,S046,42.95384809,42.95384809
TSK004969,S047,21.79255589,21.79255589
TSK004969,S048,160.28444423,160.28444423
TSK004969,S049,26.65575642,26.65575642
TSK004969,S050,43.01451054,43.01451054
TSK004969,S051,45.58996044,45.58996044
TSK004969,S052,28.83388752,28.83388752
TSK004969,S053,83.71272996,83.71272996
TSK004969,S054,28.69835613,28.69835613
TSK004969,S055,40.44980145,40.44980145
TSK004969,S056,11.96032187,11.96032187
TSK004969,S057,31.77612022,31.77612022
TSK004969,S058,38.74201148,38.74201148
TSK004969,S059,57.59205357,57.59205357
TSK004969,S060,47.07756237,47.07756237
TSK004969,S061,45.7204038,45.7204038
TSK004969,S062,36.52276274,36.52276274
TSK004969,S063,31.20053463,31.20053463
TSK004969,S064,107.77425872,107.77425872
TSK004969,S065,11.96032187,11.96032187
TSK004969,S066,76.7279372,76.7279372
TSK004969,S067,12.4211284,12.4211284
TSK004969,S068,20.36478398,20.36478398
TSK004969,S069,44.40973385,44.40973385
TSK004969,S070,12.4211284,12.4211284
TSK004969,S071,30.5101523,30.5101523
TSK004969,S072,11.96032187,11.96032187
TSK004969,S073,11.96032187,11.96032187
TSK004969,S074,40.67514144,40.67514144
TSK004969,S075,11.96032187,11.96032187
TSK004969,S076,17.13972229,17.13972229
TSK004969,S077,11.96032187,11.96032187
TSK004969,S078,20.36478398,20.36478398
TSK004969,S079,29.65076942,29.65076942
TSK004969,S080,43.01451054,43.01451054
TSK004969,S081,61.30409331,61.30409331
TSK004969,S082,11.96032187,11.96032187
TSK004969,S083,11.96032187,11.96032187
TSK004969,S084,11.96032187,11.96032187
TSK004969,S085,11.96032187,11.96032187
TSK004969,S086,28.47812124,28.47812124
TSK004969,S087,11.96032187,11.96032187
TSK004969,S088,26.65575642,26.65575642
TSK004969,S089,35.21560871,35.21560871
TSK004969,S090,26.65575642,26.65575642
TSK004969,S091,75.50330062,75.50330062
TSK004969,S092,54.02291143,54.02291143
TSK004969,S093,11.96032187,11.96032187
TSK004969,S094,11.96032187,11.96032187
TSK004969,S095,101.43055098,101.43055098
TSK004969,S096,53.46218849,53.46218849
TSK004969,S097,22.15650573,22.15650573
TSK004969,S098,11.96032187,11.96032187
TSK004969,S099,31.20053463,31.20053463
TSK004969,S100,11.96032187,11.96032187
TSK004997,S001,20.65122663,20.65122663
TSK004997,S002,7.33409015,7.33409015
TSK004997,S003,24.50086635,24.50086635
TSK004997,S004,31.62499506,31.62499506
TSK004997,S005,7.33409015,7.33409015
TSK004997,S006,7.33409015,7.33409015
TSK004997,S007,23.85006359,23.85006359
TSK004997,S008,52.27812802,52.27812802
TSK004997,S009,15.59096349,15.59096349
TSK004997,S010,27.35328206,27.35328206
TSK004997,S011,7.33409015,7.33409015
TSK004997,S012,45.63869132,45.63869132
TSK004997,S013,25.63072507,25.63072507
TSK004997,S014,7.33409015,7.33409015
TSK004997,S015,9.60853501,9.60853501
TSK004997,S016,16.81179673,16.81179673
TSK004997,S017,20.95773105,20.95773105
TSK004997,S018,15.65471539,15.65471539
TSK004997,S019,7.33409015,7.33409015
TSK004997,S020,7.33409015,7.33409015
TSK004997,S021,25.01714038,25.01714038
TSK004997,S022,83.15657751,83.15657751
TSK004997,S023,7.33409015,7.33409015
TSK004997,S024,7.33409015,7.33409015
TSK004997,S025,7.33409015,7.33409015
TSK004997,S026,27.29688799,27.29688799
TSK004997,S027,51.31467973,51.31467973
TSK004997,S028,7.33409015,7.33409015
TSK004997,S029,45.60986489,45.60986489
TSK004997,S030,42.72641856,42.72641856
TSK004997,S031,17.82176322,17.82176322
TSK004997,S032,66.79444995,66.79444995
TSK004997,S033,35.12292442,35.12292442
TSK004997,S034,26.38193452,26.38193452
TSK004997,S035,7.33409015,7.33409015
TSK004997,S036,43.15116023,43.15116023
TSK004997,S037,42.0326987,42.0326987
TSK004997,S038,19.95435592,19.95435592
TSK004997,S039,24.93382945,24.93382945
TSK004997,S040,27.01276619,27.01276619
TSK004997,S041,12.06366955,12.06366955
TSK004997,S042,43.78363597,43.78363597
TSK004997,S043,7.33409015,7.33409015
TSK004997,S044,14.89080525,14.89080525
TSK004997,S045,9.61722304,9.61722304
TSK004997,S046,24.37231517,24.37231517
TSK004997,S047,13.93534126,13.93534126
TSK004997,S048,92.78103656,92.78103656
TSK004997,S049,18.28179107,18.28179107
TSK004997,S050,26.11182939,26.11182939
TSK004997,S051,26.88845292,26.88845292
TSK004997,S052,18.46097709,18.46097709
TSK004997,S053,48.927728,48.927728
TSK004997,S054,18.81624351,18.81624351
TSK004997,S055,23.82513073,23.82513073
TSK004997,S056,7.33409015,7.33409015
TSK004997,S057,20.49616573,20.49616573
TSK004997,S058,23.99135579,23.99135579
TSK004997,S059,34.71506198,34.71506198
TSK004997,S060,29.16004786,29.16004786
TSK004997,S061,26.3258593,26.3258593
TSK004997,S062,22.16462004,22.16462004
TSK004997,S063,17.60621173,17.60621173
TSK004997,S064,58.71203868,58.71203868
TSK004997,S065,7.33409015,7.33409015
TSK004997,S066,45.22762599,45.22762599
TSK004997,S067,7.72199341,7.72199341
TSK004997,S068,13.97429305,13.97429305
TSK004997,S069,26.46493703,26.46493703
TSK004997,S070,7.72199341,7.72199341
TSK004997,S071,20.20916716,20.20916716
TSK004997,S072,7.33409015,7.33409015
TSK004997,S073,7.33409015,7.33409015
TSK004997,S074,26.28894714,26.28894714
TSK004997,S075,7.33409015,7.33409015
TSK004997,S076,10.98486221,10.98486221
TSK004997,S077,7.33409015,7.33409015
TSK004997,S078,13.97429305,13.97429305
TSK004997,S079,18.44181722,18.44181722
TSK004997,S080,26.11182939,26.11182939
TSK004997,S081,34.33969513,34.33969513
TSK004997,S082,7.33409015,7.33409015
TSK004997,S083,7.33409015,7.33409015
TSK004997,S084,7.33409015,7.33409015
TSK004997,S085,7.33409015,7.33409015
TSK004997,S086,17.92357346,17.92357346
TSK004997,S087,7.33409015,7.33409015
TSK004997,S088,18.28179107,18.28179107
TSK004997,S089,22.10427121,22.10427121
TSK004997,S090,18.28179107,18.28179107
TSK004997,S091,42.72641856,42.72641856
TSK004997,S092,31.85480136,31.85480136
TSK004997,S093,7.33409015,7.33409015
TSK004997,S094,7.33409015,7.33409015
TSK004997,S095,56.15437848,56.15437848
TSK004997,S096,30.48978003,30.48978003
TSK004997,S097,12.9300062,12.9300062
TSK004997,S098,7.33409015,7.33409015
TSK004997,S099,17.60621173,17.60621173
TSK004997,S100,7.33409015,7.33409015
TSK005054,S001,32.14717044,32.14717044
TSK005054,S002,14.77069105,14.77069105
TSK005054,S003,44.1757657,44.1757657
TSK005054,S004,68.21221864,68.21221864
TSK005054,S005,14.77069105,14.77069105
TSK005054,S006,14.77069105,14.77069105
TSK005054,S007,55.94782234,55.94782234
TSK005054,S008,106.61704346,106.61704346
TSK005054,S009,34.71287695,34.71287695
TSK005054,S010,65.60727916,65.60727916
TSK005054,S011,14.77069105,14.77069105
TSK005054,S012,114.68995968,114.68995968
TSK005054,S013,57.24782337,57.24782337
TSK005054,S014,14.77069105,14.77069105
TSK005054,S015,20.70368238,20.70368238
TSK005054,S016,29.68826717,29.68826717
TSK005054,S017,40.99408996,40.99408996
TSK005054,S018,32.56352484,32.56352484
TSK005054,S019,14.77069105,14.77069105
TSK005054,S020,14.77069105,14.77069105
TSK005054,S021,55.63380446,55.63380446
TSK005054,S022,193.72375986,193.72375986
TSK005054,S023,14.77069105,14.77069105
TSK005054,S024,14.77069105,14.77069105
TSK005054,S025,14.77069105,14.77069105
TSK005054,S026,60.38149291,60.38149291
TSK005054,S027,122.34880595,122.34880595
TSK005054,S028,14.77069105,14.77069105
TSK005054,S029,103.89103377,103.89103377
TSK005054,S030,95.75328643,95.75328643
TSK005054,S031,35.03582953,35.03582953
TSK005054,S032,125.1660599,125.1660599
TSK005054,S033,74.84592839,74.84592839
TSK005054,S034,55.89869789,55.89869789
TSK005054,S035,14.77069105,14.77069105
TSK005054,S036,103.25649565,103.25649565
TSK005054,S037,93.98169499,93.98169499
TSK005054,S038,46.1601507,46.1601507
TSK005054,S039,58.02414698,58.02414698
TSK005054,S040,56.36657743,56.36657743
TSK005054,S041,23.60561087,23.60561087
TSK005054,S042,96.16736526,96.16736526
TSK005054,S043,14.77069105,14.77069105
TSK005054,S044,29.37180523,29.37180523
TSK005054,S045,17.75892103,17.75892103
TSK005054,S046,54.50697207,54.50697207
TSK005054,S047,26.3888326,26.3888326
TSK005054,S048,201.0344984,201.0344984
TSK005054,S049,31.45398916,31.45398916
TSK005054,S050,52.98376967,52.98376967
TSK005054,S051,56.81831068,56.81831068
TSK005054,S052,34.75859685,34.75859685
TSK005054,S053,104.67155582,104.67155582
TSK005054,S054,34.43525286,34.43525286
TSK005054,S055,50.61246923,50.61246923
TSK005054,S056,14.77069105,14.77069105
TSK005054,S057,38.63710735,38.63710735
TSK005054,S058,47.46192961,47.46192961
TSK005054,S059,71.15119241,71.15119241
TSK005054,S060,57.45718716,57.45718716
TSK005054,S061,57.66980314,57.66980314
TSK005054,S062,45.0655091,45.0655091
TSK005054,S063,39.65415329,39.65415329
TSK005054,S064,138.61332193,138.61332193
TSK005054,S065,14.77069105,14.77069105
TSK005054,S066,96.03553712,96.03553712
TSK005054,S067,15.2654272,15.2654272
TSK005054,S068,23.99624998,23.99624998
TSK005054,S069,55.20675591,55.20675591
TSK005054,S070,15.2654272,15.2654272
TSK005054,S071,36.0785908,36.0785908
TSK005054,S072,14.77069105,14.77069105
TSK005054,S073,14.77069105,14.77069105
TSK005054,S074,49.05337077,49.05337077
TSK005054,S075,14.77069105,14.77069105
TSK005054,S076,20.68492528,20.68492528
TSK005054,S077,14.77069105,14.77069105
TSK005054,S078,23.99624998,23.99624998
TSK005054,S079,36.00518524,36.00518524
TSK005054,S080,52.98376967,52.98376967
TSK005054,S081,78.09801701,78.09801701
TSK005054,S082,14.77069105,14.77069105
TSK005054,S083,14.77069105,14.77069105
TSK005054,S084,14.77069105,14.77069105
TSK005054,S085,14.77069105,14.77069105
TSK005054,S086,34.60505902,34.60505902
TSK005054,S087,14.77069105,14.77069105
TSK005054,S088,31.45398916,31.45398916
TSK005054,S089,42.76374883,42.76374883
TSK005054,S090,31.45398916,31.45398916
TSK005054,S091,95.75328643,95.75328643
TSK005054,S092,68.0711681,68.0711681
TSK005054,S093,14.77069105,14.77069105
TSK005054,S094,14.77069105,14.77069105
TSK005054,S095,129.70367127,129.70367127
TSK005054,S096,67.79254291,67.79254291
TSK005054,S097,27.7975088,27.7975088
TSK005054,S098,14.77069105,14.77069105
TSK005054,S099,39.65415329,39.65415329
TSK005054,S100,14.77069105,14.77069105
TSK005080,S001,21.03204586,21.03204586
TSK005080,S002,7.57286145,7.57286145
TSK005080,S003,25.15690336,25.15690336
TSK005080,S004,32.7955766,32.7955766
TSK005080,S005,7.57286145,7.57286145
TSK005080,S006,7.57286145,7.57286145
TSK005080,S007,24.86109834,24.86109834
TSK005080,S008,54.06203442,54.06203442
TSK005080,S009,16.19688867,16.19688867
TSK005080,S010,28.55274707,28.55274707
TSK005080,S011,7.57286145,7.57286145
TSK005080,S012,47.79719865,47.79719865
TSK005080,S013,26.63600318,26.63600318
TSK005080,S014,7.57286145,7.57286145
TSK005080,S015,9.9612961,9.9612961
TSK005080,S016,17.24536074,17.24536074
TSK005080,S017,21.61263519,21.61263519
TSK005080,S018,16.19957429,16.19957429
TSK005080,S019,7.57286145,7.57286145
TSK005080,S020,7.57286145,7.57286145
TSK005080,S021,25.99288683,25.99288683
TSK005080,S022,86.67426377,86.67426377
TSK005080,S023,7.57286145,7.57286145
TSK005080,S024,7.57286145,7.57286145
TSK005080,S025,7.57286145,7.57286145
TSK005080,S026,28.35639168,28.35639168
TSK005080,S027,53.55330349,53.55330349
TSK005080,S028,7.57286145,7.57286145
TSK005080,S029,47.45995275,47.45995275
TSK005080,S030,44.4155633,44.4155633
TSK005080,S031,18.38023054,18.38023054
TSK005080,S032,68.68167219,68.68167219
TSK005080,S033,36.39151517,36.39151517
TSK005080,S034,27.32627946,27.32627946
TSK005080,S035,7.57286145,7.57286145
TSK005080,S036,45.0433329,45.0433329
TSK005080,S037,43.68713325,43.68713325
TSK005080,S038,20.78212131,20.78212131
TSK005080,S039,25.97845284,25.97845284
TSK005080,S040,27.96074118,27.96074118
TSK005080,S041,12.43752207,12.43752207
TSK005080,S042,45.4600154,45.4600154
TSK005080,S043,7.57286145,7.57286145
TSK005080,S044,15.35786939,15.35786939
TSK005080,S045,9.88134356,9.88134356
TSK005080,S046,25.32935591,25.32935591
TSK005080,S047,14.34220474,14.34220474
TSK005080,S048,96.26699423,96.26699423
TSK005080,S049,18.71616925,18.71616925
TSK005080,S050,26.98647147,26.98647147
TSK005080,S051,27.85468318,27.85468318
TSK005080,S052,18.99918798,18.99918798
TSK005080,S053,50.72436893,50.72436893
TSK005080,S054,19.32829143,19.32829143
TSK005080,S055,24.6826932,24.6826932
TSK005080,S056,7.57286145,7.57286145
TSK005080,S057,21.07828751,21.07828751
TSK005080,S058,24.75448945,24.75448945
TSK005080,S059,35.89835022,35.89835022
TSK005080,S060,30.08862171,30.08862171
TSK005080,S061,27.32559737,27.32559737
TSK005080,S062,22.90703328,22.90703328
TSK005080,S063,18.30637666,18.30637666
TSK005080,S064,61.23646425,61.23646425
TSK005080,S065,7.57286145,7.57286145
TSK005080,S066,46.85214166,46.85214166
TSK005080,S067,7.9646055,7.9646055
TSK005080,S068,14.30601152,14.30601152
TSK005080,S069,27.39189779,27.39189779
TSK005080,S070,7.9646055,7.9646055
TSK005080,S071,20.74602186,20.74602186
TSK005080,S072,7.57286145,7.57286145
TSK005080,S073,7.57286145,7.57286145
TSK005080,S074,27.03417668,27.03417668
TSK005080,S075,7.57286145,7.57286145
TSK005080,S076,11.30399046,11.30399046
TSK005080,S077,7.57286145,7.57286145
TSK005080,S078,14.30601152,14.30601152
TSK005080,S079,19.02376756,19.02376756
TSK005080,S080,26.98647147,26.98647147
TSK005080,S081,35.72827831,35.72827831
TSK005080,S082,7.57286145,7.57286145
TSK005080,S083,7.57286145,7.57286145
TSK005080,S084,7.57286145,7.57286145
TSK005080,S085,7.57286145,7.57286145
TSK005080,S086,18.47046651,18.47046651
TSK005080,S087,7.57286145,7.57286145
TSK005080,S088,18.71616925,18.71616925
TSK005080,S089,22.78412155,22.78412155
TSK005080,S090,18.71616925,18.71616925
TSK005080,S091,44.4155633,44.4155633
TSK005080,S092,32.99456985,32.99456985
TSK005080,S093,7.57286145,7.57286145
TSK005080,S094,7.57286145,7.57286145
TSK005080,S095,58.48540152,58.48540152
TSK005080,S096,31.67261686,31.67261686
TSK005080,S097,13.4059371,13.4059371
TSK005080,S098,7.57286145,7.57286145
TSK005080,S099,18.30637666,18.30637666
TSK005080,S100,7.57286145,7.57286145
TSK005107,S001,1.45931357,1.45931357
TSK005107,S002,0.32838009,0.32838009
TSK005107,S003,1.20608932,1.20608932
TSK005107,S004,1.14512441,1.14512441
TSK005107,S005,0.32838009,0.32838009
TSK005107,S006,0.32838009,0.32838009
TSK005107,S007,0.71950959,0.71950959
TSK005107,S008,1.84674953,1.84674953
TSK005107,S009,0.55071908,0.55071908
TSK005107,S010,0.79043113,0.79043113
TSK005107,S011,0.32838009,0.32838009
TSK005107,S012,1.06467983,1.06467983
TSK005107,S013,0.85858343,0.85858343
TSK005107,S014,0.32838009,0.32838009
TSK005107,S015,0.37209998,0.37209998
TSK005107,S016,0.83557238,0.83557238
TSK005107,S017,0.90385481,0.90385481
TSK005107,S018,0.60910589,0.60910589
TSK005107,S019,0.32838009,0.32838009
TSK005107,S020,0.32838009,0.32838009
TSK005107,S021,0.83079851,0.83079851
TSK005107,S022,2.23526612,2.23526612
TSK005107,S023,0.32838009,0.32838009
TSK005107,S024,0.32838009,0.32838009
TSK005107,S025,0.32838009,0.32838009
TSK005107,S026,0.87575127,0.87575127
TSK005107,S027,1.41177625,1.41177625
TSK005107,S028,0.32838009,0.32838009
TSK005107,S029,1.42495844,1.42495844
TSK005107,S030,1.37790741,1.37790741
TSK005107,S031,0.7982872,0.7982872
TSK005107,S032,3.50557365,3.50557365
TSK005107,S033,1.35762324,1.35762324
TSK005107,S034,1.02398684,1.02398684
TSK005107,S035,0.32838009,0.32838009
TSK005107,S036,1.18448936,1.18448936
TSK005107,S037,1.37385257,1.37385257
TSK005107,S038,0.61916559,0.61916559
TSK005107,S039,0.75778534,0.75778534
TSK005107,S040,1.01707377,1.01707377
TSK005107,S041,0.55451123,0.55451123
TSK005107,S042,1.4633603,1.4633603
TSK005107,S043,0.32838009,0.32838009
TSK005107,S044,0.68790328,0.68790328
TSK005107,S045,0.5144415,0.5144415
TSK005107,S046,0.82310403,0.82310403
TSK005107,S047,0.66833289,0.66833289
TSK005107,S048,3.06704925,3.06704925
TSK005107,S049,1.07315591,1.07315591
TSK005107,S050,1.02035472,1.02035472
TSK005107,S051,0.96529856,0.96529856
TSK005107,S052,0.84143222,0.84143222
TSK005107,S053,1.69553094,1.69553094
TSK005107,S054,0.97417052,0.97417052
TSK005107,S055,0.91025923,0.91025923
TSK005107,S056,0.32838009,0.32838009
TSK005107,S057,1.10431455,1.10431455
TSK005107,S058,1.03570148,1.03570148
TSK005107,S059,1.33126653,1.33126653
TSK005107,S060,1.18857358,1.18857358
TSK005107,S061,0.92440814,0.92440814
TSK005107,S062,0.88988876,0.88988876
TSK005107,S063,0.57677506,0.57677506
TSK005107,S064,1.63701104,1.63701104
TSK005107,S065,0.32838009,0.32838009
TSK005107,S066,1.75174105,1.75174105
TSK005107,S067,0.36140093,0.36140093
TSK005107,S068,0.81139618,0.81139618
TSK005107,S069,1.0104433,1.0104433
TSK005107,S070,0.36140093,0.36140093
TSK005107,S071,0.94530695,0.94530695
TSK005107,S072,0.32838009,0.32838009
TSK005107,S073,0.32838009,0.32838009
TSK005107,S074,1.30016648,1.30016648
TSK005107,S075,0.32838009,0.32838009
TSK005107,S076,0.51283652,0.51283652
TSK005107,S077,0.32838009,0.32838009
TSK005107,S078,0.81139618,0.81139618
TSK005107,S079,0.71973088,0.71973088
TSK005107,S080,1.02035472,1.02035472
TSK005107,S081,1.08583731,1.08583731
TSK005107,S082,0.32838009,0.32838009
TSK005107,S083,0.32838009,0.32838009
TSK005107,S084,0.32838009,0.32838009
TSK005107,S085,0.32838009,0.32838009
TSK005107,S086,0.79030867,0.79030867
TSK005107,S087,0.32838009,0.32838009
TSK005107,S088,1.07315591,1.07315591
TSK005107,S089,0.94197971,0.94197971
TSK005107,S090,1.07315591,1.07315591
TSK005107,S091,1.37790741,1.37790741
TSK005107,S092,1.39097194,1.39097194
TSK005107,S093,0.32838009,0.32838009
TSK005107,S094,0.32838009,0.32838009
TSK005107,S095,1.67500844,1.67500844
TSK005107,S096,1.07471972,1.07471972
TSK005107,S097,0.47179105,0.47179105
TSK005107,S098,0.32838009,0.32838009
TSK005107,S099,0.57677506,0.57677506
TSK005107,S100,0.32838009,0.32838009
TSK005142,S001,20.58005431,20.58005431
TSK005142,S002,7.11481123,7.11481123
TSK005142,S003,24.47688452,24.47688452
TSK005142,S004,30.45137234,30.45137234
TSK005142,S005,7.11481123,7.11481123
TSK005142,S006,7.11481123,7.11481123
TSK005142,S007,22.45667477,22.45667477
TSK005142,S008,51.57252514,51.57252514
TSK005142,S009,14.84344409,14.84344409
TSK005142,S010,25.5672839,25.5672839
TSK005142,S011,7.11481123,7.11481123
TSK005142,S012,42.26358226,42.26358226
TSK005142,S013,24.47275721,24.47275721
TSK005142,S014,7.11481123,7.11481123
TSK005142,S015,9.20186968,9.20186968
TSK005142,S016,16.89242881,16.89242881
TSK005142,S017,20.63182397,20.63182397
TSK005142,S018,15.20090147,15.20090147
TSK005142,S019,7.11481123,7.11481123
TSK005142,S020,7.11481123,7.11481123
TSK005142,S021,23.94788951,23.94788951
TSK005142,S022,79.15645205,79.15645205
TSK005142,S023,7.11481123,7.11481123
TSK005142,S024,7.11481123,7.11481123
TSK005142,S025,7.11481123,7.11481123
TSK005142,S026,26.25816257,26.25816257
TSK005142,S027,48.25727301,48.25727301
TSK005142,S028,7.11481123,7.11481123
TSK005142,S029,43.40708264,43.40708264
TSK005142,S030,40.855996,40.855996
TSK005142,S031,17.44600423,17.44600423
TSK005142,S032,65.37168769,65.37168769
TSK005142,S033,33.79571748,33.79571748
TSK005142,S034,25.43460213,25.43460213
TSK005142,S035,7.11481123,7.11481123
TSK005142,S036,40.51766295,40.51766295
TSK005142,S037,40.19171874,40.19171874
TSK005142,S038,18.86977323,18.86977323
TSK005142,S039,23.55050132,23.55050132
TSK005142,S040,26.27287089,26.27287089
TSK005142,S041,11.79807716,11.79807716
TSK005142,S042,42.11245364,42.11245364
TSK005142,S043,7.11481123,7.11481123
TSK005142,S044,14.51215369,14.51215369
TSK005142,S045,9.43912398,9.43912398
TSK005142,S046,23.24343128,23.24343128
TSK005142,S047,13.72846141,13.72846141
TSK005142,S048,89.82226189,89.82226189
TSK005142,S049,18.15521219,18.15521219
TSK005142,S050,25.59040016,25.59040016
TSK005142,S051,26.12607994,26.12607994
TSK005142,S052,18.3218793,18.3218793
TSK005142,S053,47.44046675,47.44046675
TSK005142,S054,18.59713331,18.59713331
TSK005142,S055,22.97777806,22.97777806
TSK005142,S056,7.11481123,7.11481123
TSK005142,S057,19.95347876,19.95347876
TSK005142,S058,23.51765925,23.51765925
TSK005142,S059,33.94735982,33.94735982
TSK005142,S060,28.78345046,28.78345046
TSK005142,S061,25.2498072,25.2498072
TSK005142,S062,21.65217695,21.65217695
TSK005142,S063,16.77909202,16.77909202
TSK005142,S064,55.41829554,55.41829554
TSK005142,S065,7.11481123,7.11481123
TSK005142,S066,43.57391457,43.57391457
TSK005142,S067,7.50895386,7.50895386
TSK005142,S068,13.90600698,13.90600698
TSK005142,S069,25.71188458,25.71188458
TSK005142,S070,7.50895386,7.50895386
TSK005142,S071,20.36604381,20.36604381
TSK005142,S072,7.11481123,7.11481123
TSK005142,S073,7.11481123,7.11481123
TSK005142,S074,25.9451086,25.9451086
TSK005142,S075,7.11481123,7.11481123
TSK005142,S076,10.87450702,10.87450702
TSK005142,S077,7.11481123,7.11481123
TSK005142,S078,13.90600698,13.90600698
TSK005142,S079,18.33626363,18.33626363
TSK005142,S080,25.59040016,25.59040016
TSK005142,S081,32.67463824,32.67463824
TSK005142,S082,7.11481123,7.11481123
TSK005142,S083,7.11481123,7.11481123
TSK005142,S084,7.11481123,7.11481123
TSK005142,S085,7.11481123,7.11481123
TSK005142,S086,17.68986266,17.68986266
TSK005142,S087,7.11481123,7.11481123
TSK005142,S088,18.15521219,18.15521219
TSK005142,S089,21.87292999,21.87292999
TSK005142,S090,18.15521219,18.15521219
TSK005142,S091,40.855996,40.855996
TSK005142,S092,30.2598313,30.2598313
TSK005142,S093,7.11481123,7.11481123
TSK005142,S094,7.11481123,7.11481123
TSK005142,S095,53.28903557,53.28903557
TSK005142,S096,29.04996816,29.04996816
TSK005142,S097,12.45894882,12.45894882
TSK005142,S098,7.11481123,7.11481123
TSK005142,S099,16.77909202,16.77909202
TSK005142,S100,7.11481123,7.11481123
TSK005147,S001,0.44055638,0.44055638
TSK005147,S002,0.10071586,0.10071586
TSK005147,S003,0.38357397,0.38357397
TSK005147,S004,0.35600341,0.35600341
TSK005147,S005,0.10071586,0.10071586
TSK005147,S006,0.10071586,0.10071586
TSK005147,S007,0.21705382,0.21705382
TSK005147,S008,0.60732542,0.60732542
TSK005147,S009,0.16753735,0.16753735
TSK005147,S010,0.23487751,0.23487751
TSK005147,S011,0.10071586,0.10071586
TSK005147,S012,0.31385526,0.31385526
TSK005147,S013,0.26469265,0.26469265
TSK005147,S014,0.10071586,0.10071586
TSK005147,S015,0.11337162,0.11337162
TSK005147,S016,0.26779036,0.26779036
TSK005147,S017,0.28616221,0.28616221
TSK005147,S018,0.19075332,0.19075332
TSK005147,S019,0.10071586,0.10071586
TSK005147,S020,0.10071586,0.10071586
TSK005147,S021,0.25796175,0.25796175
TSK005147,S022,0.70527554,0.70527554
TSK005147,S023,0.10071586,0.10071586
TSK005147,S024,0.10071586,0.10071586
TSK005147,S025,0.10071586,0.10071586
TSK005147,S026,0.27646885,0.27646885
TSK005147,S027,0.42900976,0.42900976
TSK005147,S028,0.10071586,0.10071586
TSK005147,S029,0.43987824,0.43987824
TSK005147,S030,0.42847239,0.42847239
TSK005147,S031,0.2487966,0.2487966
TSK005147,S032,1.06963386,1.06963386
TSK005147,S033,0.41776225,0.41776225
TSK005147,S034,0.31618088,0.31618088
TSK005147,S035,0.10071586,0.10071586
TSK005147,S036,0.35845979,0.35845979
TSK005147,S037,0.42639654,0.42639654
TSK005147,S038,0.18825289,0.18825289
TSK005147,S039,0.23026582,0.23026582
TSK005147,S040,0.32115031,0.32115031
TSK005147,S041,0.17191535,0.17191535
TSK005147,S042,0.45903123,0.45903123
TSK005147,S043,0.10071586,0.10071586
TSK005147,S044,0.21184095,0.21184095
TSK005147,S045,0.15728197,0.15728197
TSK005147,S046,0.25278216,0.25278216
TSK005147,S047,0.20855403,0.20855403
TSK005147,S048,0.97836555,0.97836555
TSK005147,S049,0.32983998,0.32983998
TSK005147,S050,0.32529832,0.32529832
TSK005147,S051,0.30640877,0.30640877
TSK005147,S052,0.2679285,0.2679285
TSK005147,S053,0.53870356,0.53870356
TSK005147,S054,0.30233441,0.30233441
TSK005147,S055,0.28186562,0.28186562
TSK005147,S056,0.10071586,0.10071586
TSK005147,S057,0.33320112,0.33320112
TSK005147,S058,0.32531243,0.32531243
TSK005147,S059,0.42382781,0.42382781
TSK005147,S060,0.38161989,0.38161989
TSK005147,S061,0.28612537,0.28612537
TSK005147,S062,0.28072529,0.28072529
TSK005147,S063,0.17754008,0.17754008
TSK005147,S064,0.50183593,0.50183593
TSK005147,S065,0.10071586,0.10071586
TSK005147,S066,0.54029569,0.54029569
TSK005147,S067,0.11068456,0.11068456
TSK005147,S068,0.25045913,0.25045913
TSK005147,S069,0.31767283,0.31767283
TSK005147,S070,0.11068456,0.11068456
TSK005147,S071,0.3075923,0.3075923
TSK005147,S072,0.10071586,0.10071586
TSK005147,S073,0.10071586,0.10071586
TSK005147,S074,0.40514837,0.40514837
TSK005147,S075,0.10071586,0.10071586
TSK005147,S076,0.1619838,0.1619838
TSK005147,S077,0.10071586,0.10071586
TSK005147,S078,0.25045913,0.25045913
TSK005147,S079,0.23614345,0.23614345
TSK005147,S080,0.32529832,0.32529832
TSK005147,S081,0.334495,0.334495
TSK005147,S082,0.10071586,0.10071586
TSK005147,S083,0.10071586,0.10071586
TSK005147,S084,0.10071586,0.10071586
TSK005147,S085,0.10071586,0.10071586
TSK005147,S086,0.25050536,0.25050536
TSK005147,S087,0.10071586,0.10071586
TSK005147,S088,0.32983998,0.32983998
TSK005147,S089,0.30162674,0.30162674
TSK005147,S090,0.32983998,0.32983998
TSK005147,S091,0.42847239,0.42847239
TSK005147,S092,0.41175253,0.41175253
TSK005147,S093,0.10071586,0.10071586
TSK005147,S094,0.10071586,0.10071586
TSK005147,S095,0.51644348,0.51644348
TSK005147,S096,0.32758644,0.32758644
TSK005147,S097,0.14673994,0.14673994
TSK005147,S098,0.10071586,0.10071586
TSK005147,S099,0.17754008,0.17754008
TSK005147,S100,0.10071586,0.10071586
TSK005171,S001,58.19946095,58.19946095
TSK005171,S002,26.6920099,26.6920099
TSK005171,S003,80.95862584,80.95862584
TSK005171,S004,123.3020764,123.3020764
TSK005171,S005,26.6920099,26.6920099
TSK005171,S006,26.6920099,26.6920099
TSK005171,S007,100.43202201,100.43202201
TSK005171,S008,195.09415706,195.09415706
TSK005171,S009,62.45746861,62.45746861
TSK005171,S010,117.4994617,117.4994617
TSK005171,S011,26.6920099,26.6920099
TSK005171,S012,205.18656749,205.18656749
TSK005171,S013,103.21588003,103.21588003
TSK005171,S014,26.6920099,26.6920099
TSK005171,S015,37.29063293,37.29063293
TSK005171,S016,54.59056484,54.59056484
TSK005171,S017,74.69619979,74.69619979
TSK005171,S018,59.02737887,59.02737887
TSK005171,S019,26.6920099,26.6920099
TSK005171,S020,26.6920099,26.6920099
TSK005171,S021,100.43021105,100.43021105
TSK005171,S022,349.79228842,349.79228842
TSK005171,S023,26.6920099,26.6920099
TSK005171,S024,26.6920099,26.6920099
TSK005171,S025,26.6920099,26.6920099
TSK005171,S026,109.28954353,109.28954353
TSK005171,S027,219.7729893,219.7729893
TSK005171,S028,26.6920099,26.6920099
TSK005171,S029,187.23112256,187.23112256
TSK005171,S030,172.84277303,172.84277303
TSK005171,S031,63.6037141,63.6037141
TSK005171,S032,226.37872653,226.37872653
TSK005171,S033,135.10421831,135.10421831
TSK005171,S034,100.98672111,100.98672111
TSK005171,S035,26.6920099,26.6920099
TSK005171,S036,185.37053136,185.37053136
TSK005171,S037,169.61169643,169.61169643
TSK005171,S038,82.97582446,82.97582446
TSK005171,S039,104.28024486,104.28024486
TSK005171,S040,102.31142801,102.31142801
TSK005171,S041,42.80950097,42.80950097
TSK005171,S042,173.95448147,173.95448147
TSK005171,S043,26.6920099,26.6920099
TSK005171,S044,53.16510363,53.16510363
TSK005171,S045,32.15283119,32.15283119
TSK005171,S046,98.21170034,98.21170034
TSK005171,S047,48.00078185,48.00078185
TSK005171,S048,364.7883998,364.7883998
TSK005171,S049,57.18749343,57.18749343
TSK005171,S050,96.4795725,96.4795725
TSK005171,S051,103.15751525,103.15751525
TSK005171,S052,63.55236452,63.55236452
TSK005171,S053,189.94542216,189.94542216
TSK005171,S054,62.64133517,62.64133517
TSK005171,S055,91.47637925,91.47637925
TSK005171,S056,26.6920099,26.6920099
TSK005171,S057,69.63451693,69.63451693
TSK005171,S058,86.28508316,86.28508316
TSK005171,S059,129.45604028,129.45604028
TSK005171,S060,104.94719125,104.94719125
TSK005171,S061,104.11003916,104.11003916
TSK005171,S062,81.88994218,81.88994218
TSK005171,S063,71.45973002,71.45973002
TSK005171,S064,249.31601232,249.31601232
TSK005171,S065,26.6920099,26.6920099
TSK005171,S066,173.44944257,173.44944257
TSK005171,S067,27.59258359,27.59258359
TSK005171,S068,43.69674133,43.69674133
TSK005171,S069,100.13041484,100.13041484
TSK005171,S070,27.59258359,27.59258359
TSK005171,S071,66.54003527,66.54003527
TSK005171,S072,26.6920099,26.6920099
TSK005171,S073,26.6920099,26.6920099
TSK005171,S074,89.25519528,89.25519528
TSK005171,S075,26.6920099,26.6920099
TSK005171,S076,37.74835039,37.74835039
TSK005171,S077,26.6920099,26.6920099
TSK005171,S078,43.69674133,43.69674133
TSK005171,S079,66.07105455,66.07105455
TSK005171,S080,96.4795725,96.4795725
TSK005171,S081,140.71245896,140.71245896
TSK005171,S082,26.6920099,26.6920099
TSK005171,S083,26.6920099,26.6920099
TSK005171,S084,26.6920099,26.6920099
TSK005171,S085,26.6920099,26.6920099
TSK005171,S086,63.11555646,63.11555646
TSK005171,S087,26.6920099,26.6920099
TSK005171,S088,57.18749343,57.18749343
TSK005171,S089,78.15544029,78.15544029
TSK005171,S090,57.18749343,57.18749343
TSK005171,S091,172.84277303,172.84277303
TSK005171,S092,121.87934013,121.87934013
TSK005171,S093,26.6920099,26.6920099
TSK005171,S094,26.6920099,26.6920099
TSK005171,S095,233.60945663,233.60945663
TSK005171,S096,122.02036237,122.02036237
TSK005171,S097,50.25768488,50.25768488
TSK005171,S098,26.6920099,26.6920099
TSK005171,S099,71.45973002,71.45973002
TSK005171,S100,26.6920099,26.6920099
TSK005198,S001,21.84856301,21.84856301
TSK005198,S002,8.08906542,8.08906542
TSK005198,S003,26.56111533,26.56111533
TSK005198,S004,35.32867891,35.32867891
TSK005198,S005,8.08906542,8.08906542
TSK005198,S006,8.08906542,8.08906542
TSK005198,S007,27.05819258,27.05819258
TSK005198,S008,57.89598355,57.89598355
TSK005198,S009,17.51150152,17.51150152
TSK005198,S010,31.16255839,31.16255839
TSK005198,S011,8.08906542,8.08906542
TSK005198,S012,52.49762926,52.49762926
TSK005198,S013,28.81504833,28.81504833
TSK005198,S014,8.08906542,8.08906542
TSK005198,S015,10.72595046,10.72595046
TSK005198,S016,18.17103194,18.17103194
TSK005198,S017,23.02177512,23.02177512
TSK005198,S018,17.37638073,17.37638073
TSK005198,S019,8.08906542,8.08906542
TSK005198,S020,8.08906542,8.08906542
TSK005198,S021,28.1065871,28.1065871
TSK005198,S022,94.29795299,94.29795299
TSK005198,S023,8.08906542,8.08906542
TSK005198,S024,8.08906542,8.08906542
TSK005198,S025,8.08906542,8.08906542
TSK005198,S026,30.648552,30.648552
TSK005198,S027,58.41741174,58.41741174
TSK005198,S028,8.08906542,8.08906542
TSK005198,S029,51.47195674,51.47195674
TSK005198,S030,48.07512759,48.07512759
TSK005198,S031,19.58425234,19.58425234
TSK005198,S032,72.754134,72.754134
TSK005198,S033,39.13805345,39.13805345
TSK005198,S034,29.36982578,29.36982578
TSK005198,S035,8.08906542,8.08906542
TSK005198,S036,49.15586751,49.15586751
TSK005198,S037,47.27171621,47.27171621
TSK005198,S038,22.57958112,22.57958112
TSK005198,S039,28.24716691,28.24716691
TSK005198,S040,30.00700316,30.00700316
TSK005198,S041,13.24386763,13.24386763
TSK005198,S042,49.08741617,49.08741617
TSK005198,S043,8.08906542,8.08906542
TSK005198,S044,16.36639941,16.36639941
TSK005198,S045,10.45078092,10.45078092
TSK005198,S046,27.40448633,27.40448633
TSK005198,S047,15.21774946,15.21774946
TSK005198,S048,103.79744176,103.79744176
TSK005198,S049,19.64862792,19.64862792
TSK005198,S050,28.87051397,28.87051397
TSK005198,S051,29.94055065,29.94055065
TSK005198,S052,20.1541074,20.1541074
TSK005198,S053,54.60459747,54.60459747
TSK005198,S054,20.42918196,20.42918196
TSK005198,S055,26.53812906,26.53812906
TSK005198,S056,8.08906542,8.08906542
TSK005198,S057,22.33698403,22.33698403
TSK005198,S058,26.39879114,26.39879114
TSK005198,S059,38.44875521,38.44875521
TSK005198,S060,32.08452766,32.08452766
TSK005198,S061,29.4907947,29.4907947
TSK005198,S062,24.50794593,24.50794593
TSK005198,S063,19.82455899,19.82455899
TSK005198,S064,66.71781625,66.71781625
TSK005198,S065,8.08906542,8.08906542
TSK005198,S066,50.36815155,50.36815155
TSK005198,S067,8.48887514,8.48887514
TSK005198,S068,15.01740458,15.01740458
TSK005198,S069,29.39351901,29.39351901
TSK005198,S070,8.48887514,8.48887514
TSK005198,S071,21.89083272,21.89083272
TSK005198,S072,8.08906542,8.08906542
TSK005198,S073,8.08906542,8.08906542
TSK005198,S074,28.6370095,28.6370095
TSK005198,S075,8.08906542,8.08906542
TSK005198,S076,11.9894704,11.9894704
TSK005198,S077,8.08906542,8.08906542
TSK005198,S078,15.01740458,15.01740458
TSK005198,S079,20.27145319,20.27145319
TSK005198,S080,28.87051397,28.87051397
TSK005198,S081,38.73977367,38.73977367
TSK005198,S082,8.08906542,8.08906542
TSK005198,S083,8.08906542,8.08906542
TSK005198,S084,8.08906542,8.08906542
TSK005198,S085,8.08906542,8.08906542
TSK005198,S086,19.6462657,19.6462657
TSK005198,S087,8.08906542,8.08906542
TSK005198,S088,19.64862792,19.64862792
TSK005198,S089,24.24433263,24.24433263
TSK005198,S090,19.64862792,19.64862792
TSK005198,S091,48.07512759,48.07512759
TSK005198,S092,35.47200561,35.47200561
TSK005198,S093,8.08906542,8.08906542
TSK005198,S094,8.08906542,8.08906542
TSK005198,S095,63.54252651,63.54252651
TSK005198,S096,34.23842169,34.23842169
TSK005198,S097,14.43568809,14.43568809
TSK005198,S098,8.08906542,8.08906542
TSK005198,S099,19.82455899,19.82455899
TSK005198,S100,8.08906542,8.08906542
TSK005252,S001,22.38548393,22.38548393
TSK005252,S002,8.43148805,8.43148805
TSK005252,S003,27.48280664,27.48280664
TSK005252,S004,37.01067459,37.01067459
TSK005252,S005,8.43148805,8.43148805
TSK005252,S006,8.43148805,8.43148805
TSK005252,S007,28.52349638,28.52349638
TSK005252,S008,60.42344173,60.42344173
TSK005252,S009,18.38677976,18.38677976
TSK005252,S010,32.90535241,32.90535241
TSK005252,S011,8.43148805,8.43148805
TSK005252,S012,55.63921713,55.63921713
TSK005252,S013,30.26448503,30.26448503
TSK005252,S014,8.43148805,8.43148805
TSK005252,S015,11.2345815,11.2345815
TSK005252,S016,18.77697145,18.77697145
TSK005252,S017,23.95186208,23.95186208
TSK005252,S018,18.1562244,18.1562244
TSK005252,S019,8.43148805,8.43148805
TSK005252,S020,8.43148805,8.43148805
TSK005252,S021,29.51163512,29.51163512
TSK005252,S022,99.36813149,99.36813149
TSK005252,S023,8.43148805,8.43148805
TSK005252,S024,8.43148805,8.43148805
TSK005252,S025,8.43148805,8.43148805
TSK005252,S026,32.17016289,32.17016289
TSK005252,S027,61.66095364,61.66095364
TSK005252,S028,8.43148805,8.43148805
TSK005252,S029,54.14183362,54.14183362
TSK005252,S030,50.50809146,50.50809146
TSK005252,S031,20.38061695,20.38061695
TSK005252,S032,75.45033902,75.45033902
TSK005252,S033,40.96270717,40.96270717
TSK005252,S034,30.72676225,30.72676225
TSK005252,S035,8.43148805,8.43148805
TSK005252,S036,51.89906558,51.89906558
TSK005252,S037,49.65498259,49.65498259
TSK005252,S038,23.77741093,23.77741093
TSK005252,S039,29.75928732,29.75928732
TSK005252,S040,31.36217445,31.36217445
TSK005252,S041,13.77743945,13.77743945
TSK005252,S042,51.49587132,51.49587132
TSK005252,S043,8.43148805,8.43148805
TSK005252,S044,17.03455441,17.03455441
TSK005252,S045,10.82742501,10.82742501
TSK005252,S046,28.78524892,28.78524892
TSK005252,S047,15.79571786,15.79571786
TSK005252,S048,108.78864018,108.78864018
TSK005252,S049,20.26256362,20.26256362
TSK005252,S050,30.11552016,30.11552016
TSK005252,S051,31.32209082,31.32209082
TSK005252,S052,20.91421013,20.91421013
TSK005252,S053,57.17578413,57.17578413
TSK005252,S054,21.1552053,21.1552053
TSK005252,S055,27.76993973,27.76993973
TSK005252,S056,8.43148805,8.43148805
TSK005252,S057,23.1720741,23.1720741
TSK005252,S058,27.48569102,27.48569102
TSK005252,S059,40.13516221,40.13516221
TSK005252,S060,33.40044926,33.40044926
TSK005252,S061,30.92974541,30.92974541
TSK005252,S062,25.56704145,25.56704145
TSK005252,S063,20.834757,20.834757
TSK005252,S064,70.37036303,70.37036303
TSK005252,S065,8.43148805,8.43148805
TSK005252,S066,52.70322619,52.70322619
TSK005252,S067,8.83648283,8.83648283
TSK005252,S068,15.48530589,15.48530589
TSK005252,S069,30.71962717,30.71962717
TSK005252,S070,8.83648283,8.83648283
TSK005252,S071,22.63924263,22.63924263
TSK005252,S072,8.43148805,8.43148805
TSK005252,S073,8.43148805,8.43148805
TSK005252,S074,29.6944819,29.6944819
TSK005252,S075,8.43148805,8.43148805
TSK005252,S076,12.44108986,12.44108986
TSK005252,S077,8.43148805,8.43148805
TSK005252,S078,15.48530589,15.48530589
TSK005252,S079,21.0918448,21.0918448
TSK005252,S080,30.11552016,30.11552016
TSK005252,S081,40.74403831,40.74403831
TSK005252,S082,8.43148805,8.43148805
TSK005252,S083,8.43148805,8.43148805
TSK005252,S084,8.43148805,8.43148805
TSK005252,S085,8.43148805,8.43148805
TSK005252,S086,20.42168508,20.42168508
TSK005252,S087,8.43148805,8.43148805
TSK005252,S088,20.26256362,20.26256362
TSK005252,S089,25.20630962,25.20630962
TSK005252,S090,20.26256362,20.26256362
TSK005252,S091,50.50809146,50.50809146
TSK005252,S092,37.1246838,37.1246838
TSK005252,S093,8.43148805,8.43148805
TSK005252,S094,8.43148805,8.43148805
TSK005252,S095,66.90941961,66.90941961
TSK005252,S096,35.94642445,35.94642445
TSK005252,S097,15.11934585,15.11934585
TSK005252,S098,8.43148805,8.43148805
TSK005252,S099,20.834757,20.834757
TSK005252,S100,8.43148805,8.43148805
TSK005282,S001,6.54595622,6.54595622
TSK005282,S002,1.45107698,1.45107698
TSK005282,S003,5.14011505,5.14011505
TSK005282,S004,4.99377635,4.99377635
TSK005282,S005,1.45107698,1.45107698
TSK005282,S006,1.45107698,1.45107698
TSK005282,S007,3.22969454,3.22969454
TSK005282,S008,7.59306146,7.59306146
TSK005282,S009,2.45258559,2.45258559
TSK005282,S010,3.59757491,3.59757491
TSK005282,S011,1.45107698,1.45107698
TSK005282,S012,4.88068365,4.88068365
TSK005282,S013,3.77511683,3.77511683
TSK005282,S014,1.45107698,1.45107698
TSK005282,S015,1.65471965,1.65471965
TSK005282,S016,3.53257925,3.53257925
TSK005282,S017,3.86996797,3.86996797
TSK005282,S018,2.63696282,2.63696282
TSK005282,S019,1.45107698,1.45107698
TSK005282,S020,1.45107698,1.45107698
TSK005282,S021,3.62749868,3.62749868
TSK005282,S022,9.60405655,9.60405655
TSK005282,S023,1.45107698,1.45107698
TSK005282,S024,1.45107698,1.45107698
TSK005282,S025,1.45107698,1.45107698
TSK005282,S026,3.76067588,3.76067588
TSK005282,S027,6.29382169,6.29382169
TSK005282,S028,1.45107698,1.45107698
TSK005282,S029,6.25740367,6.25740367
TSK005282,S030,6.0075342,6.0075342
TSK005282,S031,3.47265213,3.47265213
TSK005282,S032,15.56765009,15.56765009
TSK005282,S033,5.98016126,5.98016126
TSK005282,S034,4.49550145,4.49550145
TSK005282,S035,1.45107698,1.45107698
TSK005282,S036,5.30111441,5.30111441
TSK005282,S037,6.00115894,6.00115894
TSK005282,S038,2.75889049,2.75889049
TSK005282,S039,3.3784057,3.3784057
TSK005282,S040,4.36661925,4.36661925
TSK005282,S041,2.42475169,2.42475169
TSK005282,S042,6.32480702,6.32480702
TSK005282,S043,1.45107698,1.45107698
TSK005282,S044,3.02787887,3.02787887
TSK005282,S045,2.28019617,2.28019617
TSK005282,S046,3.63260622,3.63260622
TSK005282,S047,2.90373649,2.90373649
TSK005282,S048,13.03026605,13.03026605
TSK005282,S049,4.73248784,4.73248784
TSK005282,S050,4.33754169,4.33754169
TSK005282,S051,4.12204348,4.12204348
TSK005282,S052,3.58148497,3.58148497
TSK005282,S053,7.23334354,7.23334354
TSK005282,S054,4.25550023,4.25550023
TSK005282,S055,3.9851066,3.9851066
TSK005282,S056,1.45107698,1.45107698
TSK005282,S057,4.95610442,4.95610442
TSK005282,S058,4.47044666,4.47044666
TSK005282,S059,5.66744311,5.66744311
TSK005282,S060,5.01530614,5.01530614
TSK005282,S061,4.04873587,4.04873587
TSK005282,S062,3.82425194,3.82425194
TSK005282,S063,2.53982862,2.53982862
TSK005282,S064,7.23716032,7.23716032
TSK005282,S065,1.45107698,1.45107698
TSK005282,S066,7.69876489,7.69876489
TSK005282,S067,1.5991974,1.5991974
TSK005282,S068,3.56328566,3.56328566
TSK005282,S069,4.35734647,4.35734647
TSK005282,S070,1.5991974,1.5991974
TSK005282,S071,3.93224282,3.93224282
TSK005282,S072,1.45107698,1.45107698
TSK005282,S073,1.45107698,1.45107698
TSK005282,S074,5.65679947,5.65679947
TSK005282,S075,1.45107698,1.45107698
TSK005282,S076,2.20106199,2.20106199
TSK005282,S077,1.45107698,1.45107698
TSK005282,S078,3.56328566,3.56328566
TSK005282,S079,2.96684073,2.96684073
TSK005282,S080,4.33754169,4.33754169
TSK005282,S081,4.77790725,4.77790725
TSK005282,S082,1.45107698,1.45107698
TSK005282,S083,1.45107698,1.45107698
TSK005282,S084,1.45107698,1.45107698
TSK005282,S085,1.45107698,1.45107698
TSK005282,S086,3.37975476,3.37975476
TSK005282,S087,1.45107698,1.45107698
TSK005282,S088,4.73248784,4.73248784
TSK005282,S089,3.98612834,3.98612834
TSK005282,S090,4.73248784,4.73248784
TSK005282,S091,6.0075342,6.0075342
TSK005282,S092,6.35274575,6.35274575
TSK005282,S093,1.45107698,1.45107698
TSK005282,S094,1.45107698,1.45107698
TSK005282,S095,7.36410112,7.36410112
TSK005282,S096,4.77730722,4.77730722
TSK005282,S097,2.0565113,2.0565113
TSK005282,S098,1.45107698,1.45107698
TSK005282,S099,2.53982862,2.53982862
TSK005282,S100,1.45107698,1.45107698
TSK005359,S001,14.54815306,14.54815306
TSK005359,S002,3.96738622,3.96738622
TSK005359,S003,13.72741033,13.72741033
TSK005359,S004,15.37928798,15.37928798
TSK005359,S005,3.96738622,3.96738622
TSK005359,S006,3.96738622,3.96738622
TSK005359,S007,10.81846498,10.81846498
TSK005359,S008,24.66899808,24.66899808
TSK005359,S009,7.55042799,7.55042799
TSK005359,S010,12.24292593,12.24292593
TSK005359,S011,3.96738622,3.96738622
TSK005359,S012,18.87092136,18.87092136
TSK005359,S013,12.07432525,12.07432525
TSK005359,S014,3.96738622,3.96738622
TSK005359,S015,4.85232609,4.85232609
TSK005359,S016,9.43775119,9.43775119
TSK005359,S017,10.99799276,10.99799276
TSK005359,S018,7.84952899,7.84952899
TSK005359,S019,3.96738622,3.96738622
TSK005359,S020,3.96738622,3.96738622
TSK005359,S021,11.71495054,11.71495054
TSK005359,S022,35.58325108,35.58325108
TSK005359,S023,3.96738622,3.96738622
TSK005359,S024,3.96738622,3.96738622
TSK005359,S025,3.96738622,3.96738622
TSK005359,S026,12.5307954,12.5307954
TSK005359,S027,22.38697656,22.38697656
TSK005359,S028,3.96738622,3.96738622
TSK005359,S029,20.84978006,20.84978006
TSK005359,S030,19.74969512,19.74969512
TSK005359,S031,9.58626135,9.58626135
TSK005359,S032,39.36708479,39.36708479
TSK005359,S033,17.66267885,17.66267885
TSK005359,S034,13.27741779,13.27741779
TSK005359,S035,3.96738622,3.96738622
TSK005359,S036,18.8300298,18.8300298
TSK005359,S037,19.55180211,19.55180211
TSK005359,S038,9.13692908,9.13692908
TSK005359,S039,11.3209131,11.3209131
TSK005359,S040,13.30208104,13.30208104
TSK005359,S041,6.58760492,6.58760492
TSK005359,S042,20.49315043,20.49315043
TSK005359,S043,3.96738622,3.96738622
TSK005359,S044,8.17274302,8.17274302
TSK005359,S045,5.72336197,5.72336197
TSK005359,S046,11.53613206,11.53613206
TSK005359,S047,7.75939536,7.75939536
TSK005359,S048,42.98981291,42.98981291
TSK005359,S049,11.43990771,11.43990771
TSK005359,S050,13.03723107,13.03723107
TSK005359,S051,12.93540855,12.93540855
TSK005359,S052,9.93691972,9.93691972
TSK005359,S053,23.16644376,23.16644376
TSK005359,S054,10.93503563,10.93503563
TSK005359,S055,11.89085281,11.89085281
TSK005359,S056,3.96738622,3.96738622
TSK005359,S057,12.30947368,12.30947368
TSK005359,S058,12.63299903,12.63299903
TSK005359,S059,17.19062534,17.19062534
TSK005359,S060,14.81323011,14.81323011
TSK005359,S061,12.64527733,12.64527733
TSK005359,S062,11.25055321,11.25055321
TSK005359,S063,8.21859466,8.21859466
TSK005359,S064,25.68568274,25.68568274
TSK005359,S065,3.96738622,3.96738622
TSK005359,S066,22.74783786,22.74783786
TSK005359,S067,4.27541718,4.27541718
TSK005359,S068,8.67467965,8.67467965
TSK005359,S069,13.13601517,13.13601517
TSK005359,S070,4.27541718,4.27541718
TSK005359,S071,10.92817638,10.92817638
TSK005359,S072,3.96738622,3.96738622
TSK005359,S073,3.96738622,3.96738622
TSK005359,S074,14.88440427,14.88440427
TSK005359,S075,3.96738622,3.96738622
TSK005359,S076,6.00399053,6.00399053
TSK005359,S077,3.96738622,3.96738622
TSK005359,S078,8.67467965,8.67467965
TSK005359,S079,9.10693363,9.10693363
TSK005359,S080,13.03723107,13.03723107
TSK005359,S081,15.78697968,15.78697968
TSK005359,S082,3.96738622,3.96738622
TSK005359,S083,3.96738622,3.96738622
TSK005359,S084,3.96738622,3.96738622
TSK005359,S085,3.96738622,3.96738622
TSK005359,S086,9.50522887,9.50522887
TSK005359,S087,3.96738622,3.96738622
TSK005359,S088,11.43990771,11.43990771
TSK005359,S089,11.48346153,11.48346153
TSK005359,S090,11.43990771,11.43990771
TSK005359,S091,19.74969512,19.74969512
TSK005359,S092,17.2275298,17.2275298
TSK005359,S093,3.96738622,3.96738622
TSK005359,S094,3.96738622,3.96738622
TSK005359,S095,25.19467167,25.19467167
TSK005359,S096,14.74254386,14.74254386
TSK005359,S097,6.3087958,6.3087958
TSK005359,S098,3.96738622,3.96738622
TSK005359,S099,8.21859466,8.21859466
TSK005359,S100,3.96738622,3.96738622
TSK005445,S001,56.80886313,56.80886313
TSK005445,S002,26.38962661,26.38962661
TSK005445,S003,76.41228555,76.41228555
TSK005445,S004,108.81846872,108.81846872
TSK005445,S005,26.38962661,26.38962661
TSK005445,S006,26.38962661,26.38962661
TSK005445,S007,95.66598908,95.66598908
TSK005445,S008,178.92479665,178.92479665
TSK005445,S009,66.27899699,66.27899699
TSK005445,S010,107.20509971,107.20509971
TSK005445,S011,26.38962661,26.38962661
TSK005445,S012,225.71732098,225.71732098
TSK005445,S013,107.26213492,107.26213492
TSK005445,S014,26.38962661,26.38962661
TSK005445,S015,35.46035436,35.46035436
TSK005445,S016,49.99362507,49.99362507
TSK005445,S017,70.32393015,70.32393015
TSK005445,S018,57.04972446,57.04972446
TSK005445,S019,26.38962661,26.38962661
TSK005445,S020,26.38962661,26.38962661
TSK005445,S021,95.5474072,95.5474072
TSK005445,S022,348.94146149,348.94146149
TSK005445,S023,26.38962661,26.38962661
TSK005445,S024,26.38962661,26.38962661
TSK005445,S025,26.38962661,26.38962661
TSK005445,S026,96.8469571,96.8469571
TSK005445,S027,228.69036277,228.69036277
TSK005445,S028,26.38962661,26.38962661
TSK005445,S029,185.22314927,185.22314927
TSK005445,S030,155.11557367,155.11557367
TSK005445,S031,60.92217314,60.92217314
TSK005445,S032,213.70089005,213.70089005
TSK005445,S033,132.19551658,132.19551658
TSK005445,S034,95.99277677,95.99277677
TSK005445,S035,26.38962661,26.38962661
TSK005445,S036,174.47679237,174.47679237
TSK005445,S037,167.19420823,167.19420823
TSK005445,S038,74.51431111,74.51431111
TSK005445,S039,92.72209696,92.72209696
TSK005445,S040,93.92834279,93.92834279
TSK005445,S041,40.10633825,40.10633825
TSK005445,S042,173.7522666,173.7522666
TSK005445,S043,26.38962661,26.38962661
TSK005445,S044,48.95141418,48.95141418
TSK005445,S045,31.02678255,31.02678255
TSK005445,S046,87.65227574,87.65227574
TSK005445,S047,44.49956177,44.49956177
TSK005445,S048,353.40745587,353.40745587
TSK005445,S049,53.16902765,53.16902765
TSK005445,S050,91.99847241,91.99847241
TSK005445,S051,100.85779604,100.85779604
TSK005445,S052,60.788796,60.788796
TSK005445,S053,168.64418715,168.64418715
TSK005445,S054,56.95887514,56.95887514
TSK005445,S055,90.97653809,90.97653809
TSK005445,S056,26.38962661,26.38962661
TSK005445,S057,64.58772204,64.58772204
TSK005445,S058,83.50570111,83.50570111
TSK005445,S059,120.10623562,120.10623562
TSK005445,S060,92.93407199,92.93407199
TSK005445,S061,98.68239907,98.68239907
TSK005445,S062,79.60371841,79.60371841
TSK005445,S063,67.74172201,67.74172201
TSK005445,S064,247.66314073,247.66314073
TSK005445,S065,26.38962661,26.38962661
TSK005445,S066,174.90200654,174.90200654
TSK005445,S067,27.15485341,27.15485341
TSK005445,S068,40.80936638,40.80936638
TSK005445,S069,101.39569645,101.39569645
TSK005445,S070,27.15485341,27.15485341
TSK005445,S071,60.11226293,60.11226293
TSK005445,S072,26.38962661,26.38962661
TSK005445,S073,26.38962661,26.38962661
TSK005445,S074,81.17452946,81.17452946
TSK005445,S075,26.38962661,26.38962661
TSK005445,S076,35.74609612,35.74609612
TSK005445,S077,26.38962661,26.38962661
TSK005445,S078,40.80936638,40.80936638
TSK005445,S079,59.79369604,59.79369604
TSK005445,S080,91.99847241,91.99847241
TSK005445,S081,129.98614016,129.98614016
TSK005445,S082,26.38962661,26.38962661
TSK005445,S083,26.38962661,26.38962661
TSK005445,S084,26.38962661,26.38962661
TSK005445,S085,26.38962661,26.38962661
TSK005445,S086,57.34596351,57.34596351
TSK005445,S087,26.38962661,26.38962661
TSK005445,S088,53.16902765,53.16902765
TSK005445,S089,76.32919219,76.32919219
TSK005445,S090,53.16902765,53.16902765
TSK005445,S091,155.11557367,155.11557367
TSK005445,S092,110.05041249,110.05041249
TSK005445,S093,26.38962661,26.38962661
TSK005445,S094,26.38962661,26.38962661
TSK005445,S095,234.17225952,234.17225952
TSK005445,S096,114.0383757,114.0383757
TSK005445,S097,46.49735465,46.49735465
TSK005445,S098,26.38962661,26.38962661
TSK005445,S099,67.74172201,67.74172201
TSK005445,S100,26.38962661,26.38962661
TSK005458,S001,10.29004904,10.29004904
TSK005458,S002,2.32537982,2.32537982
TSK005458,S003,8.62612561,8.62612561
TSK005458,S004,8.13896607,8.13896607
TSK005458,S005,2.32537982,2.32537982
TSK005458,S006,2.32537982,2.32537982
TSK005458,S007,5.07246749,5.07246749
TSK005458,S008,13.3332135,13.3332135
TSK005458,S009,3.89127599,3.89127599
TSK005458,S010,5.55014023,5.55014023
TSK005458,S011,2.32537982,2.32537982
TSK005458,S012,7.46010168,7.46010168
TSK005458,S013,6.08844729,6.08844729
TSK005458,S014,2.32537982,2.32537982
TSK005458,S015,2.63026856,2.63026856
TSK005458,S016,5.9889601,5.9889601
TSK005458,S017,6.4564281,6.4564281
TSK005458,S018,4.33790774,4.33790774
TSK005458,S019,2.32537982,2.32537982
TSK005458,S020,2.32537982,2.32537982
TSK005458,S021,5.90288365,5.90288365
TSK005458,S022,15.9518974,15.9518974
TSK005458,S023,2.32537982,2.32537982
TSK005458,S024,2.32537982,2.32537982
TSK005458,S025,2.32537982,2.32537982
TSK005458,S026,6.25070586,6.25070586
TSK005458,S027,9.97237561,9.97237561
TSK005458,S028,2.32537982,2.32537982
TSK005458,S029,10.1083769,10.1083769
TSK005458,S030,9.79409468,9.79409468
TSK005458,S031,5.67769748,5.67769748
TSK005458,S032,24.7896095,24.7896095
TSK005458,S033,9.62240328,9.62240328
TSK005458,S034,7.26446736,7.26446736
TSK005458,S035,2.32537982,2.32537982
TSK005458,S036,8.35762503,8.35762503
TSK005458,S037,9.76018027,9.76018027
TSK005458,S038,4.3742376,4.3742376
TSK005458,S039,5.35271486,5.35271486
TSK005458,S040,7.25981818,7.25981818
TSK005458,S041,3.93822026,3.93822026
TSK005458,S042,10.42640192,10.42640192
TSK005458,S043,2.32537982,2.32537982
TSK005458,S044,4.87665386,4.87665386
TSK005458,S045,3.63982506,3.63982506
TSK005458,S046,5.8307757,5.8307757
TSK005458,S047,4.75503793,4.75503793
TSK005458,S048,21.9544055,21.9544055
TSK005458,S049,7.60376961,7.60376961
TSK005458,S050,7.30268505,7.30268505
TSK005458,S051,6.90029165,6.90029165
TSK005458,S052,6.02008769,6.02008769
TSK005458,S053,12.12338288,12.12338288
TSK005458,S054,6.9206514,6.9206514
TSK005458,S055,6.46265488,6.46265488
TSK005458,S056,2.32537982,2.32537982
TSK005458,S057,7.78569934,7.78569934
TSK005458,S058,7.38203481,7.38203481
TSK005458,S059,9.52418327,9.52418327
TSK005458,S060,8.52345047,8.52345047
TSK005458,S061,6.56234986,6.56234986
TSK005458,S062,6.35032118,6.35032118
TSK005458,S063,4.08835645,4.08835645
TSK005458,S064,11.5907521,11.5907521
TSK005458,S065,2.32537982,2.32537982
TSK005458,S066,12.42364135,12.42364135
TSK005458,S067,2.55821909,2.55821909
TSK005458,S068,5.75579104,5.75579104
TSK005458,S069,7.20384237,7.20384237
TSK005458,S070,2.55821909,2.55821909
TSK005458,S071,6.80443685,6.80443685
TSK005458,S072,2.32537982,2.32537982
TSK005458,S073,2.32537982,2.32537982
TSK005458,S074,9.24682924,9.24682924
TSK005458,S075,2.32537982,2.32537982
TSK005458,S076,3.66091832,3.66091832
TSK005458,S077,2.32537982,2.32537982
TSK005458,S078,5.75579104,5.75579104
TSK005458,S079,5.19290493,5.19290493
TSK005458,S080,7.30268505,7.30268505
TSK005458,S081,7.69835537,7.69835537
TSK005458,S082,2.32537982,2.32537982
TSK005458,S083,2.32537982,2.32537982
TSK005458,S084,2.32537982,2.32537982
TSK005458,S085,2.32537982,2.32537982
TSK005458,S086,5.64716904,5.64716904
TSK005458,S087,2.32537982,2.32537982
TSK005458,S088,7.60376961,7.60376961
TSK005458,S089,6.74997277,6.74997277
TSK005458,S090,7.60376961,7.60376961
TSK005458,S091,9.79409468,9.79409468
TSK005458,S092,9.75708377,9.75708377
TSK005458,S093,2.32537982,2.32537982
TSK005458,S094,2.32537982,2.32537982
TSK005458,S095,11.87828284,11.87828284
TSK005458,S096,7.59776346,7.59776346
TSK005458,S097,3.35366871,3.35366871
TSK005458,S098,2.32537982,2.32537982
TSK005458,S099,4.08835645,4.08835645
TSK005458,S100,2.32537982,2.32537982
TSK005465,S001,34.19901041,34.19901041
TSK005465,S002,15.83904179,15.83904179
TSK005465,S003,47.03565917,47.03565917
TSK005465,S004,73.26163878,73.26163878
TSK005465,S005,15.83904179,15.83904179
TSK005465,S006,15.83904179,15.83904179
TSK005465,S007,60.32442836,60.32442836
TSK005465,S008,113.94341408,113.94341408
TSK005465,S009,37.36020204,37.36020204
TSK005465,S010,70.82013809,70.82013809
TSK005465,S011,15.83904179,15.83904179
TSK005465,S012,123.95884545,123.95884545
TSK005465,S013,61.5813686,61.5813686
TSK005465,S014,15.83904179,15.83904179
TSK005465,S015,22.25896325,22.25896325
TSK005465,S016,31.55980541,31.55980541
TSK005465,S017,43.81952073,43.81952073
TSK005465,S018,34.91517184,34.91517184
TSK005465,S019,15.83904179,15.83904179
TSK005465,S020,15.83904179,15.83904179
TSK005465,S021,59.81767527,59.81767527
TSK005465,S022,208.49331947,208.49331947
TSK005465,S023,15.83904179,15.83904179
TSK005465,S024,15.83904179,15.83904179
TSK005465,S025,15.83904179,15.83904179
TSK005465,S026,64.86444054,64.86444054
TSK005465,S027,131.94041184,131.94041184
TSK005465,S028,15.83904179,15.83904179
TSK005465,S029,111.81852374,111.81852374
TSK005465,S030,102.97424577,102.97424577
TSK005465,S031,37.49638932,37.49638932
TSK005465,S032,133.93340243,133.93340243
TSK005465,S033,80.3962587,80.3962587
TSK005465,S034,60.02120148,60.02120148
TSK005465,S035,15.83904179,15.83904179
TSK005465,S036,111.37843385,111.37843385
TSK005465,S037,101.06955415,101.06955415
TSK005465,S038,49.73634592,49.73634592
TSK005465,S039,62.53138989,62.53138989
TSK005465,S040,60.4181394,60.4181394
TSK005465,S041,25.26799245,25.26799245
TSK005465,S042,103.30894855,103.30894855
TSK005465,S043,15.83904179,15.83904179
TSK005465,S044,31.46438333,31.46438333
TSK005465,S045,18.98941285,18.98941285
TSK005465,S046,58.64558537,58.64558537
TSK005465,S047,28.19785027,28.19785027
TSK005465,S048,215.69742449,215.69742449
TSK005465,S049,33.52401522,33.52401522
TSK005465,S050,56.69955661,56.69955661
TSK005465,S051,60.9163302,60.9163302
TSK005465,S052,37.07888763,37.07888763
TSK005465,S053,112.27007569,112.27007569
TSK005465,S054,36.76079502,36.76079502
TSK005465,S055,54.34158217,54.34158217
TSK005465,S056,15.83904179,15.83904179
TSK005465,S057,41.39272488,41.39272488
TSK005465,S058,50.78203013,50.78203013
TSK005465,S059,76.17833153,76.17833153
TSK005465,S060,61.38501962,61.38501962
TSK005465,S061,61.9846492,61.9846492
TSK005465,S062,48.258094,48.258094
TSK005465,S063,42.6700465,42.6700465
TSK005465,S064,149.39191433,149.39191433
TSK005465,S065,15.83904179,15.83904179
TSK005465,S066,103.13182971,103.13182971
TSK005465,S067,16.36069608,16.36069608
TSK005465,S068,25.56213463,25.56213463
TSK005465,S069,59.18766716,59.18766716
TSK005465,S070,16.36069608,16.36069608
TSK005465,S071,38.33048449,38.33048449
TSK005465,S072,15.83904179,15.83904179
TSK005465,S073,15.83904179,15.83904179
TSK005465,S074,52.39030742,52.39030742
TSK005465,S075,15.83904179,15.83904179
TSK005465,S076,22.07826447,22.07826447
TSK005465,S077,15.83904179,15.83904179
TSK005465,S078,25.56213463,25.56213463
TSK005465,S079,38.4041836,38.4041836
TSK005465,S080,56.69955661,56.69955661
TSK005465,S081,84.06048668,84.06048668
TSK005465,S082,15.83904179,15.83904179
TSK005465,S083,15.83904179,15.83904179
TSK005465,S084,15.83904179,15.83904179
TSK005465,S085,15.83904179,15.83904179
TSK005465,S086,36.96695008,36.96695008
TSK005465,S087,15.83904179,15.83904179
TSK005465,S088,33.52401522,33.52401522
TSK005465,S089,45.65729379,45.65729379
TSK005465,S090,33.52401522,33.52401522
TSK005465,S091,102.97424577,102.97424577
TSK005465,S092,73.29666648,73.29666648
TSK005465,S093,15.83904179,15.83904179
TSK005465,S094,15.83904179,15.83904179
TSK005465,S095,139.66806137,139.66806137
TSK005465,S096,72.95275743,72.95275743
TSK005465,S097,29.85114833,29.85114833
TSK005465,S098,15.83904179,15.83904179
TSK005465,S099,42.6700465,42.6700465
TSK005465,S100,15.83904179,15.83904179
TSK005496,S001,18.66921023,18.66921023
TSK005496,S002,6.45068538,6.45068538
TSK005496,S003,20.88354864,20.88354864
TSK005496,S004,27.49693442,27.49693442
TSK005496,S005,6.45068538,6.45068538
TSK005496,S006,6.45068538,6.45068538
TSK005496,S007,21.0658387,21.0658387
TSK005496,S008,43.75930269,43.75930269
TSK005496,S009,13.74222166,13.74222166
TSK005496,S010,24.32359683,24.32359683
TSK005496,S011,6.45068538,6.45068538
TSK005496,S012,40.51802075,40.51802075
TSK005496,S013,22.39435536,22.39435536
TSK005496,S014,6.45068538,6.45068538
TSK005496,S015,8.4735305,8.4735305
TSK005496,S016,14.22268535,14.22268535
TSK005496,S017,17.96788012,17.96788012
TSK005496,S018,13.54305404,13.54305404
TSK005496,S019,6.45068538,6.45068538
TSK005496,S020,6.45068538,6.45068538
TSK005496,S021,21.76331315,21.76331315
TSK005496,S022,71.72513809,71.72513809
TSK005496,S023,6.45068538,6.45068538
TSK005496,S024,6.45068538,6.45068538
TSK005496,S025,6.45068538,6.45068538
TSK005496,S026,23.51213499,23.51213499
TSK005496,S027,45.09263824,45.09263824
TSK005496,S028,6.45068538,6.45068538
TSK005496,S029,39.80121389,39.80121389
TSK005496,S030,37.13354797,37.13354797
TSK005496,S031,15.47346477,15.47346477
TSK005496,S032,59.1735569,59.1735569
TSK005496,S033,30.76304155,30.76304155
TSK005496,S034,23.05279678,23.05279678
TSK005496,S035,6.45068538,6.45068538
TSK005496,S036,37.99338061,37.99338061
TSK005496,S037,36.573256,36.573256
TSK005496,S038,17.55915046,17.55915046
TSK005496,S039,21.94117698,21.94117698
TSK005496,S040,23.23659025,23.23659025
TSK005496,S041,10.52056103,10.52056103
TSK005496,S042,37.85222535,37.85222535
TSK005496,S043,6.45068538,6.45068538
TSK005496,S044,13.05931868,13.05931868
TSK005496,S045,8.50742177,8.50742177
TSK005496,S046,21.34571578,21.34571578
TSK005496,S047,12.08694505,12.08694505
TSK005496,S048,79.38461468,79.38461468
TSK005496,S049,16.11441353,16.11441353
TSK005496,S050,22.29607938,22.29607938
TSK005496,S051,23.0564887,23.0564887
TSK005496,S052,15.739023,15.739023
TSK005496,S053,41.94579308,41.94579308
TSK005496,S054,16.4051222,16.4051222
TSK005496,S055,20.77534555,20.77534555
TSK005496,S056,6.45068538,6.45068538
TSK005496,S057,18.35907237,18.35907237
TSK005496,S058,20.70063917,20.70063917
TSK005496,S059,29.6809031,29.6809031
TSK005496,S060,24.74491295,24.74491295
TSK005496,S061,22.95193229,22.95193229
TSK005496,S062,19.0694231,19.0694231
TSK005496,S063,15.39451241,15.39451241
TSK005496,S064,51.37882581,51.37882581
TSK005496,S065,6.45068538,6.45068538
TSK005496,S066,39.55014505,39.55014505
TSK005496,S067,6.80428614,6.80428614
TSK005496,S068,12.26076779,12.26076779
TSK005496,S069,22.83327917,22.83327917
TSK005496,S070,6.80428614,6.80428614
TSK005496,S071,16.88590024,16.88590024
TSK005496,S072,6.45068538,6.45068538
TSK005496,S073,6.45068538,6.45068538
TSK005496,S074,22.83114829,22.83114829
TSK005496,S075,6.45068538,6.45068538
TSK005496,S076,9.42825151,9.42825151
TSK005496,S077,6.45068538,6.45068538
TSK005496,S078,12.26076779,12.26076779
TSK005496,S079,15.40639042,15.40639042
TSK005496,S080,22.29607938,22.29607938
TSK005496,S081,30.00420405,30.00420405
TSK005496,S082,6.45068538,6.45068538
TSK005496,S083,6.45068538,6.45068538
TSK005496,S084,6.45068538,6.45068538
TSK005496,S085,6.45068538,6.45068538
TSK005496,S086,15.34773633,15.34773633
TSK005496,S087,6.45068538,6.45068538
TSK005496,S088,16.11441353,16.11441353
TSK005496,S089,18.78044812,18.78044812
TSK005496,S090,16.11441353,16.11441353
TSK005496,S091,37.13354797,37.13354797
TSK005496,S092,28.76577367,28.76577367
TSK005496,S093,6.45068538,6.45068538
TSK005496,S094,6.45068538,6.45068538
TSK005496,S095,49.02078568,49.02078568
TSK005496,S096,26.8408404,26.8408404
TSK005496,S097,11.23906415,11.23906415
TSK005496,S098,6.45068538,6.45068538
TSK005496,S099,15.39451241,15.39451241
TSK005496,S100,6.45068538,6.45068538
TSK005520,S001,89.35128299,89.35128299
TSK005520,S002,41.60537012,41.60537012
TSK005520,S003,119.82447715,119.82447715
TSK005520,S004,171.5186294,171.5186294
TSK005520,S005,41.60537012,41.60537012
TSK005520,S006,41.60537012,41.60537012
TSK005520,S007,151.24479551,151.24479551
TSK005520,S008,280.86034499,280.86034499
TSK005520,S009,104.71200964,104.71200964
TSK005520,S010,169.6223468,169.6223468
TSK005520,S011,41.60537012,41.60537012
TSK005520,S012,357.3895873,357.3895873
TSK005520,S013,169.35207316,169.35207316
TSK005520,S014,41.60537012,41.60537012
TSK005520,S015,55.97563949,55.97563949
TSK005520,S016,78.27572893,78.27572893
TSK005520,S017,110.53378851,110.53378851
TSK005520,S018,89.86480508,89.86480508
TSK005520,S019,41.60537012,41.60537012
TSK005520,S020,41.60537012,41.60537012
TSK005520,S021,150.74614448,150.74614448
TSK005520,S022,550.72762149,550.72762149
TSK005520,S023,41.60537012,41.60537012
TSK005520,S024,41.60537012,41.60537012
TSK005520,S025,41.60537012,41.60537012
TSK005520,S026,152.60851042,152.60851042
TSK005520,S027,361.57479716,361.57479716
TSK005520,S028,41.60537012,41.60537012
TSK005520,S029,292.45986419,292.45986419
TSK005520,S030,244.68287766,244.68287766
TSK005520,S031,95.88244011,95.88244011
TSK005520,S032,336.59341982,336.59341982
TSK005520,S033,208.54484154,208.54484154
TSK005520,S034,151.36962472,151.36962472
TSK005520,S035,41.60537012,41.60537012
TSK005520,S036,275.85718777,275.85718777
TSK005520,S037,263.85066469,263.85066469
TSK005520,S038,117.72652623,117.72652623
TSK005520,S039,146.50471347,146.50471347
TSK005520,S040,147.84983539,147.84983539
TSK005520,S041,63.13078614,63.13078614
TSK005520,S042,273.99982522,273.99982522
TSK005520,S043,41.60537012,41.60537012
TSK005520,S044,77.09665598,77.09665598
TSK005520,S045,48.85501376,48.85501376
TSK005520,S046,138.34386018,138.34386018
TSK005520,S047,69.95879711,69.95879711
TSK005520,S048,556.64766429,556.64766429
TSK005520,S049,83.54677059,83.54677059
TSK005520,S050,144.67809829,144.67809829
TSK005520,S051,158.81900208,158.81900208
TSK005520,S052,95.43364881,95.43364881
TSK005520,S053,265.46170944,265.46170944
TSK005520,S054,89.50977601,89.50977601
TSK005520,S055,143.47250916,143.47250916
TSK005520,S056,41.60537012,41.60537012
TSK005520,S057,101.83910353,101.83910353
TSK005520,S058,131.38178044,131.38178044
TSK005520,S059,188.90280172,188.90280172
TSK005520,S060,145.88764615,145.88764615
TSK005520,S061,155.67462909,155.67462909
TSK005520,S062,125.28510466,125.28510466
TSK005520,S063,106.94136785,106.94136785
TSK005520,S064,391.35968309,391.35968309
TSK005520,S065,41.60537012,41.60537012
TSK005520,S066,275.90045979,275.90045979
TSK005520,S067,42.80301824,42.80301824
TSK005520,S068,64.09502592,64.09502592
TSK005520,S069,159.73567216,159.73567216
TSK005520,S070,42.80301824,42.80301824
TSK005520,S071,94.01881392,94.01881392
TSK005520,S072,41.60537012,41.60537012
TSK005520,S073,41.60537012,41.60537012
TSK005520,S074,127.57135123,127.57135123
TSK005520,S075,41.60537012,41.60537012
TSK005520,S076,56.14685643,56.14685643
TSK005520,S077,41.60537012,41.60537012
TSK005520,S078,64.09502592,64.09502592
TSK005520,S079,93.73402265,93.73402265
TSK005520,S080,144.67809829,144.67809829
TSK005520,S081,205.20883444,205.20883444
TSK005520,S082,41.60537012,41.60537012
TSK005520,S083,41.60537012,41.60537012
TSK005520,S084,41.60537012,41.60537012
TSK005520,S085,41.60537012,41.60537012
TSK005520,S086,90.07317606,90.07317606
TSK005520,S087,41.60537012,41.60537012
TSK005520,S088,83.54677059,83.54677059
TSK005520,S089,119.88927831,119.88927831
TSK005520,S090,83.54677059,83.54677059
TSK005520,S091,244.68287766,244.68287766
TSK005520,S092,174.02154119,174.02154119
TSK005520,S093,41.60537012,41.60537012
TSK005520,S094,41.60537012,41.60537012
TSK005520,S095,369.85779435,369.85779435
TSK005520,S096,180.07558156,180.07558156
TSK005520,S097,73.29971143,73.29971143
TSK005520,S098,41.60537012,41.60537012
TSK005520,S099,106.94136785,106.94136785
TSK005520,S100,41.60537012,41.60537012
TSK005542,S001,0.44055638,0.44055638
TSK005542,S002,0.10071586,0.10071586
TSK005542,S003,0.38357397,0.38357397
TSK005542,S004,0.35600341,0.35600341
TSK005542,S005,0.10071586,0.10071586
TSK005542,S006,0.10071586,0.10071586
TSK005542,S007,0.21705382,0.21705382
TSK005542,S008,0.60732542,0.60732542
TSK005542,S009,0.16753735,0.16753735
TSK005542,S010,0.23487751,0.23487751
TSK005542,S011,0.10071586,0.10071586
TSK005542,S012,0.31385526,0.31385526
TSK005542,S013,0.26469265,0.26469265
TSK005542,S014,0.10071586,0.10071586
TSK005542,S015,0.11337162,0.11337162
TSK005542,S016,0.26779036,0.26779036
TSK005542,S017,0.28616221,0.28616221
TSK005542,S018,0.19075332,0.19075332
TSK005542,S019,0.10071586,0.10071586
TSK005542,S020,0.10071586,0.10071586
TSK005542,S021,0.25796175,0.25796175
TSK005542,S022,0.70527554,0.70527554
TSK005542,S023,0.10071586,0.10071586
TSK005542,S024,0.10071586,0.10071586
TSK005542,S025,0.10071586,0.10071586
TSK005542,S026,0.27646885,0.27646885
TSK005542,S027,0.42900976,0.42900976
TSK005542,S028,0.10071586,0.10071586
TSK005542,S029,0.43987824,0.43987824
TSK005542,S030,0.42847239,0.42847239
TSK005542,S031,0.2487966,0.2487966
TSK005542,S032,1.06963386,1.06963386
TSK005542,S033,0.41776225,0.41776225
TSK005542,S034,0.31618088,0.31618088
TSK005542,S035,0.10071586,0.10071586
TSK005542,S036,0.35845979,0.35845979
TSK005542,S037,0.42639654,0.42639654
TSK005542,S038,0.18825289,0.18825289
TSK005542,S039,0.23026582,0.23026582
TSK005542,S040,0.32115031,0.32115031
TSK005542,S041,0.17191535,0.17191535
TSK005542,S042,0.45903123,0.45903123
TSK005542,S043,0.10071586,0.10071586
TSK005542,S044,0.21184095,0.21184095
TSK005542,S045,0.15728197,0.15728197
TSK005542,S046,0.25278216,0.25278216
TSK005542,S047,0.20855403,0.20855403
TSK005542,S048,0.97836555,0.97836555
TSK005542,S049,0.32983998,0.32983998
TSK005542,S050,0.32529832,0.32529832
TSK005542,S051,0.30640877,0.30640877
TSK005542,S052,0.2679285,0.2679285
TSK005542,S053,0.53870356,0.53870356
TSK005542,S054,0.30233441,0.30233441
TSK005542,S055,0.28186562,0.28186562
TSK005542,S056,0.10071586,0.10071586
TSK005542,S057,0.33320112,0.33320112
TSK005542,S058,0.32531243,0.32531243
TSK005542,S059,0.42382781,0.42382781
TSK005542,S060,0.38161989,0.38161989
TSK005542,S061,0.28612537,0.28612537
TSK005542,S062,0.28072529,0.28072529
TSK005542,S063,0.17754008,0.17754008
TSK005542,S064,0.50183593,0.50183593
TSK005542,S065,0.10071586,0.10071586
TSK005542,S066,0.54029569,0.54029569
TSK005542,S067,0.11068456,0.11068456
TSK005542,S068,0.25045913,0.25045913
TSK005542,S069,0.31767283,0.31767283
TSK005542,S070,0.11068456,0.11068456
TSK005542,S071,0.3075923,0.3075923
TSK005542,S072,0.10071586,0.10071586
TSK005542,S073,0.10071586,0.10071586
TSK005542,S074,0.40514837,0.40514837
TSK005542,S075,0.10071586,0.10071586
TSK005542,S076,0.1619838,0.1619838
TSK005542,S077,0.10071586,0.10071586
TSK005542,S078,0.25045913,0.25045913
TSK005542,S079,0.23614345,0.23614345
TSK005542,S080,0.32529832,0.32529832
TSK005542,S081,0.334495,0.334495
TSK005542,S082,0.10071586,0.10071586
TSK005542,S083,0.10071586,0.10071586
TSK005542,S084,0.10071586,0.10071586
TSK005542,S085,0.10071586,0.10071586
TSK005542,S086,0.25050536,0.25050536
TSK005542,S087,0.10071586,0.10071586
TSK005542,S088,0.32983998,0.32983998
TSK005542,S089,0.30162674,0.30162674
TSK005542,S090,0.32983998,0.32983998
TSK005542,S091,0.42847239,0.42847239
TSK005542,S092,0.41175253,0.41175253
TSK005542,S093,0.10071586,0.10071586
TSK005542,S094,0.10071586,0.10071586
TSK005542,S095,0.51644348,0.51644348
TSK005542,S096,0.32758644,0.32758644
TSK005542,S097,0.14673994,0.14673994
TSK005542,S098,0.10071586,0.10071586
TSK005542,S099,0.17754008,0.17754008
TSK005542,S100,0.10071586,0.10071586
TSK005552,S001,15.72908578,15.72908578
TSK005552,S002,4.33609372,4.33609372
TSK005552,S003,15.97171685,15.97171685
TSK005552,S004,16.97702048,16.97702048
TSK005552,S005,4.33609372,4.33609372
TSK005552,S006,4.33609372,4.33609372
TSK005552,S007,11.39022879,11.39022879
TSK005552,S008,29.40875971,29.40875971
TSK005552,S009,8.0794431,8.0794431
TSK005552,S010,12.63835137,12.63835137
TSK005552,S011,4.33609372,4.33609372
TSK005552,S012,19.23962886,19.23962886
TSK005552,S013,13.12701188,13.12701188
TSK005552,S014,4.33609372,4.33609372
TSK005552,S015,5.22103359,5.22103359
TSK005552,S016,11.12632467,11.12632467
TSK005552,S017,12.59572526,12.59572526
TSK005552,S018,8.7900003,8.7900003
TSK005552,S019,4.33609372,4.33609372
TSK005552,S020,4.33609372,4.33609372
TSK005552,S021,12.85313456,12.85313456
TSK005552,S022,39.37719782,39.37719782
TSK005552,S023,4.33609372,4.33609372
TSK005552,S024,4.33609372,4.33609372
TSK005552,S025,4.33609372,4.33609372
TSK005552,S026,14.02699975,14.02699975
TSK005552,S027,23.71218612,23.71218612
TSK005552,S028,4.33609372,4.33609372
TSK005552,S029,22.63453811,22.63453811
TSK005552,S030,21.67873002,21.67873002
TSK005552,S031,10.74047614,10.74047614
TSK005552,S032,42.94194446,42.94194446
TSK005552,S033,19.27644212,19.27644212
TSK005552,S034,14.56522224,14.56522224
TSK005552,S035,4.33609372,4.33609372
TSK005552,S036,19.84531132,19.84531132
TSK005552,S037,21.42205754,21.42205754
TSK005552,S038,9.72472365,9.72472365
TSK005552,S039,12.03161016,12.03161016
TSK005552,S040,15.04409039,15.04409039
TSK005552,S041,7.33036351,7.33036351
TSK005552,S042,22.80157999,22.80157999
TSK005552,S043,4.33609372,4.33609372
TSK005552,S044,9.000999,9.000999
TSK005552,S045,6.26840784,6.26840784
TSK005552,S046,12.48194695,12.48194695
TSK005552,S047,8.74261536,8.74261536
TSK005552,S048,48.88913291,48.88913291
TSK005552,S049,12.69030706,12.69030706
TSK005552,S050,14.98764031,14.98764031
TSK005552,S051,14.69344866,14.69344866
TSK005552,S052,11.52396504,11.52396504
TSK005552,S053,26.28709854,26.28709854
TSK005552,S054,12.2602452,12.2602452
TSK005552,S055,13.08781628,13.08781628
TSK005552,S056,4.33609372,4.33609372
TSK005552,S057,13.19116552,13.19116552
TSK005552,S058,14.29485457,14.29485457
TSK005552,S059,19.69676762,19.69676762
TSK005552,S060,17.26059293,17.26059293
TSK005552,S061,13.85292798,13.85292798
TSK005552,S062,12.75744474,12.75744474
TSK005552,S063,8.90791737,8.90791737
TSK005552,S064,27.50784589,27.50784589
TSK005552,S065,4.33609372,4.33609372
TSK005552,S066,24.91199057,24.91199057
TSK005552,S067,4.67084262,4.67084262
TSK005552,S068,9.68996117,9.68996117
TSK005552,S069,14.77649636,14.77649636
TSK005552,S070,4.67084262,4.67084262
TSK005552,S071,13.14042138,13.14042138
TSK005552,S072,4.33609372,4.33609372
TSK005552,S073,4.33609372,4.33609372
TSK005552,S074,16.76000329,16.76000329
TSK005552,S075,4.33609372,4.33609372
TSK005552,S076,6.88568237,6.88568237
TSK005552,S077,4.33609372,4.33609372
TSK005552,S078,9.68996117,9.68996117
TSK005552,S079,10.91840961,10.91840961
TSK005552,S080,14.98764031,14.98764031
TSK005552,S081,17.10150208,17.10150208
TSK005552,S082,4.33609372,4.33609372
TSK005552,S083,4.33609372,4.33609372
TSK005552,S084,4.33609372,4.33609372
TSK005552,S085,4.33609372,4.33609372
TSK005552,S086,10.92127941,10.92127941
TSK005552,S087,4.33609372,4.33609372
TSK005552,S088,12.69030706,12.69030706
TSK005552,S089,13.36974772,13.36974772
TSK005552,S090,12.69030706,12.69030706
TSK005552,S091,21.67873002,21.67873002
TSK005552,S092,17.82066795,17.82066795
TSK005552,S093,4.33609372,4.33609372
TSK005552,S094,4.33609372,4.33609372
TSK005552,S095,27.25195265,27.25195265
TSK005552,S096,15.81660483,15.81660483
TSK005552,S097,6.97140058,6.97140058
TSK005552,S098,4.33609372,4.33609372
TSK005552,S099,8.90791737,8.90791737
TSK005552,S100,4.33609372,4.33609372
TSK005571,S001,21.03204586,21.03204586
TSK005571,S002,7.57286145,7.57286145
TSK005571,S003,25.15690336,25.15690336
TSK005571,S004,32.7955766,32.7955766
TSK005571,S005,7.57286145,7.57286145
TSK005571,S006,7.57286145,7.57286145
TSK005571,S007,24.86109834,24.86109834
TSK005571,S008,54.06203442,54.06203442
TSK005571,S009,16.19688867,16.19688867
TSK005571,S010,28.55274707,28.55274707
TSK005571,S011,7.57286145,7.57286145
TSK005571,S012,47.79719865,47.79719865
TSK005571,S013,26.63600318,26.63600318
TSK005571,S014,7.57286145,7.57286145
TSK005571,S015,9.9612961,9.9612961
TSK005571,S016,17.24536074,17.24536074
TSK005571,S017,21.61263519,21.61263519
TSK005571,S018,16.19957429,16.19957429
TSK005571,S019,7.57286145,7.57286145
TSK005571,S020,7.57286145,7.57286145
TSK005571,S021,25.99288683,25.99288683
TSK005571,S022,86.67426377,86.67426377
TSK005571,S023,7.57286145,7.57286145
TSK005571,S024,7.57286145,7.57286145
TSK005571,S025,7.57286145,7.57286145
TSK005571,S026,28.35639168,28.35639168
TSK005571,S027,53.55330349,53.55330349
TSK005571,S028,7.57286145,7.57286145
TSK005571,S029,47.45995275,47.45995275
TSK005571,S030,44.4155633,44.4155633
TSK005571,S031,18.38023054,18.38023054
TSK005571,S032,68.68167219,68.68167219
TSK005571,S033,36.39151517,36.39151517
TSK005571,S034,27.32627946,27.32627946
TSK005571,S035,7.57286145,7.57286145
TSK005571,S036,45.0433329,45.0433329
TSK005571,S037,43.68713325,43.68713325
TSK005571,S038,20.78212131,20.78212131
TSK005571,S039,25.97845284,25.97845284
TSK005571,S040,27.96074118,27.96074118
TSK005571,S041,12.43752207,12.43752207
TSK005571,S042,45.4600154,45.4600154
TSK005571,S043,7.57286145,7.57286145
TSK005571,S044,15.35786939,15.35786939
TSK005571,S045,9.88134356,9.88134356
TSK005571,S046,25.32935591,25.32935591
TSK005571,S047,14.34220474,14.34220474
TSK005571,S048,96.26699423,96.26699423
TSK005571,S049,18.71616925,18.71616925
TSK005571,S050,26.98647147,26.98647147
TSK005571,S051,27.85468318,27.85468318
TSK005571,S052,18.99918798,18.99918798
TSK005571,S053,50.72436893,50.72436893
TSK005571,S054,19.32829143,19.32829143
TSK005571,S055,24.6826932,24.6826932
TSK005571,S056,7.57286145,7.57286145
TSK005571,S057,21.07828751,21.07828751
TSK005571,S058,24.75448945,24.75448945
TSK005571,S059,35.89835022,35.89835022
TSK005571,S060,30.08862171,30.08862171
TSK005571,S061,27.32559737,27.32559737
TSK005571,S062,22.90703328,22.90703328
TSK005571,S063,18.30637666,18.30637666
TSK005571,S064,61.23646425,61.23646425
TSK005571,S065,7.57286145,7.57286145
TSK005571,S066,46.85214166,46.85214166
TSK005571,S067,7.9646055,7.9646055
TSK005571,S068,14.30601152,14.30601152
TSK005571,S069,27.39189779,27.39189779
TSK005571,S070,7.9646055,7.9646055
TSK005571,S071,20.74602186,20.74602186
TSK005571,S072,7.57286145,7.57286145
TSK005571,S073,7.57286145,7.57286145
TSK005571,S074,27.03417668,27.03417668
TSK005571,S075,7.57286145,7.57286145
TSK005571,S076,11.30399046,11.30399046
TSK005571,S077,7.57286145,7.57286145
TSK005571,S078,14.30601152,14.30601152
TSK005571,S079,19.02376756,19.02376756
TSK005571,S080,26.98647147,26.98647147
TSK005571,S081,35.72827831,35.72827831
TSK005571,S082,7.57286145,7.57286145
TSK005571,S083,7.57286145,7.57286145
TSK005571,S084,7.57286145,7.57286145
TSK005571,S085,7.57286145,7.57286145
TSK005571,S086,18.47046651,18.47046651
TSK005571,S087,7.57286145,7.57286145
TSK005571,S088,18.71616925,18.71616925
TSK005571,S089,22.78412155,22.78412155
TSK005571,S090,18.71616925,18.71616925
TSK005571,S091,44.4155633,44.4155633
TSK005571,S092,32.99456985,32.99456985
TSK005571,S093,7.57286145,7.57286145
TSK005571,S094,7.57286145,7.57286145
TSK005571,S095,58.48540152,58.48540152
TSK005571,S096,31.67261686,31.67261686
TSK005571,S097,13.4059371,13.4059371
TSK005571,S098,7.57286145,7.57286145
TSK005571,S099,18.30637666,18.30637666
TSK005571,S100,7.57286145,7.57286145
TSK005580,S001,6.83325358,6.83325358
TSK005580,S002,1.54077615,1.54077615
TSK005580,S003,5.68611003,5.68611003
TSK005580,S004,5.38247278,5.38247278
TSK005580,S005,1.54077615,1.54077615
TSK005580,S006,1.54077615,1.54077615
TSK005580,S007,3.36879326,3.36879326
TSK005580,S008,8.74615086,8.74615086
TSK005580,S009,2.58128441,2.58128441
TSK005580,S010,3.69377403,3.69377403
TSK005580,S011,1.54077615,1.54077615
TSK005580,S012,4.97038283,4.97038283
TSK005580,S013,4.03121448,4.03121448
TSK005580,S014,1.54077615,1.54077615
TSK005580,S015,1.74441882,1.74441882
TSK005580,S016,3.94337547,3.94337547
TSK005580,S017,4.2586644,4.2586644
TSK005580,S018,2.86576072,2.86576072
TSK005580,S019,1.54077615,1.54077615
TSK005580,S020,1.54077615,1.54077615
TSK005580,S021,3.90439613,3.90439613
TSK005580,S022,10.52704807,10.52704807
TSK005580,S023,1.54077615,1.54077615
TSK005580,S024,1.54077615,1.54077615
TSK005580,S025,1.54077615,1.54077615
TSK005580,S026,4.12467253,4.12467253
TSK005580,S027,6.61621872,6.61621872
TSK005580,S028,1.54077615,1.54077615
TSK005580,S029,6.69159968,6.69159968
TSK005580,S030,6.47682988,6.47682988
TSK005580,S031,3.75344955,3.75344955
TSK005580,S032,16.43734209,16.43734209
TSK005580,S033,6.37275765,6.37275765
TSK005580,S034,4.80879857,4.80879857
TSK005580,S035,1.54077615,1.54077615
TSK005580,S036,5.54811213,5.54811213
TSK005580,S037,6.45615476,6.45615476
TSK005580,S038,2.90188917,2.90188917
TSK005580,S039,3.55130411,3.55130411
TSK005580,S040,4.79041535,4.79041535
TSK005580,S041,2.60545003,2.60545003
TSK005580,S042,6.88640185,6.88640185
TSK005580,S043,1.54077615,1.54077615
TSK005580,S044,3.22937701,3.22937701
TSK005580,S045,2.41279495,2.41279495
TSK005580,S046,3.86270411,3.86270411
TSK005580,S047,3.14293429,3.14293429
TSK005580,S048,14.46545285,14.46545285
TSK005580,S049,5.03668504,5.03668504
TSK005580,S050,4.81203732,4.81203732
TSK005580,S051,4.54973955,4.54973955
TSK005580,S052,3.96758142,3.96758142
TSK005580,S053,7.99253656,7.99253656
TSK005580,S054,4.57789727,4.57789727
TSK005580,S055,4.27630392,4.27630392
TSK005580,S056,1.54077615,1.54077615
TSK005580,S057,5.17060244,5.17060244
TSK005580,S058,4.87474294,4.87474294
TSK005580,S059,6.2771375,6.2771375
TSK005580,S060,5.61070066,5.61070066
TSK005580,S061,4.34253317,4.34253317
TSK005580,S062,4.19084857,4.19084857
TSK005580,S063,2.70752708,2.70752708
TSK005580,S064,7.68045625,7.68045625
TSK005580,S065,1.54077615,1.54077615
TSK005580,S066,8.22526004,8.22526004
TSK005580,S067,1.69539651,1.69539651
TSK005580,S068,3.81028339,3.81028339
TSK005580,S069,4.7564428,4.7564428
TSK005580,S070,1.69539651,1.69539651
TSK005580,S071,4.47043787,4.47043787
TSK005580,S072,1.54077615,1.54077615
TSK005580,S073,1.54077615,1.54077615
TSK005580,S074,6.11309528,6.11309528
TSK005580,S075,1.54077615,1.54077615
TSK005580,S076,2.41556002,2.41556002
TSK005580,S077,1.54077615,1.54077615
TSK005580,S078,3.81028339,3.81028339
TSK005580,S079,3.40753667,3.40753667
TSK005580,S080,4.81203732,4.81203732
TSK005580,S081,5.09770431,5.09770431
TSK005580,S082,1.54077615,1.54077615
TSK005580,S083,1.54077615,1.54077615
TSK005580,S084,1.54077615,1.54077615
TSK005580,S085,1.54077615,1.54077615
TSK005580,S086,3.72425159,3.72425159
TSK005580,S087,1.54077615,1.54077615
TSK005580,S088,5.03668504,5.03668504
TSK005580,S089,4.44502412,4.44502412
TSK005580,S090,5.03668504,5.03668504
TSK005580,S091,6.47682988,6.47682988
TSK005580,S092,6.49704442,6.49704442
TSK005580,S093,1.54077615,1.54077615
TSK005580,S094,1.54077615,1.54077615
TSK005580,S095,7.86459652,7.86459652
TSK005580,S096,5.03860481,5.03860481
TSK005580,S097,2.21770982,2.21770982
TSK005580,S098,1.54077615,1.54077615
TSK005580,S099,2.70752708,2.70752708
TSK005580,S100,1.54077615,1.54077615
TSK005588,S001,16.34147214,16.34147214
TSK005588,S002,4.83336671,4.83336671
TSK005588,S003,16.96268833,16.96268833
TSK005588,S004,19.47888296,19.47888296
TSK005588,S005,4.83336671,4.83336671
TSK005588,S006,4.83336671,4.83336671
TSK005588,S007,13.7974507,13.7974507
TSK005588,S008,32.51889204,32.51889204
TSK005588,S009,9.46531672,9.46531672
TSK005588,S010,15.58044956,15.58044956
TSK005588,S011,4.83336671,4.83336671
TSK005588,S012,24.63862396,24.63862396
TSK005588,S013,15.37294053,15.37294053
TSK005588,S014,4.83336671,4.83336671
TSK005588,S015,6.0093603,6.0093603
TSK005588,S016,11.71864714,11.71864714
TSK005588,S017,13.7808925,13.7808925
TSK005588,S018,9.89453159,9.89453159
TSK005588,S019,4.83336671,4.83336671
TSK005588,S020,4.83336671,4.83336671
TSK005588,S021,14.99759784,14.99759784
TSK005588,S022,47.20254736,47.20254736
TSK005588,S023,4.83336671,4.83336671
TSK005588,S024,4.83336671,4.83336671
TSK005588,S025,4.83336671,4.83336671
TSK005588,S026,16.27619145,16.27619145
TSK005588,S027,29.02418455,29.02418455
TSK005588,S028,4.83336671,4.83336671
TSK005588,S029,26.81439631,26.81439631
TSK005588,S030,25.40366872,25.40366872
TSK005588,S031,11.81460105,11.81460105
TSK005588,S032,46.67096119,46.67096119
TSK005588,S033,22.02366812,22.02366812
TSK005588,S034,16.58389986,16.58389986
TSK005588,S035,4.83336671,4.83336671
TSK005588,S036,24.36717744,24.36717744
TSK005588,S037,25.07628675,25.07628675
TSK005588,S038,11.65911168,11.65911168
TSK005588,S039,14.48224546,14.48224546
TSK005588,S040,16.93358622,16.93358622
TSK005588,S041,8.05852556,8.05852556
TSK005588,S042,26.37827777,26.37827777
TSK005588,S043,4.83336671,4.83336671
TSK005588,S044,9.94109993,9.94109993
TSK005588,S045,6.77665445,6.77665445
TSK005588,S046,14.63728622,14.63728622
TSK005588,S047,9.481768,9.481768
TSK005588,S048,55.99171006,55.99171006
TSK005588,S049,13.41827238,13.41827238
TSK005588,S050,16.62636857,16.62636857
TSK005588,S051,16.62466975,16.62466975
TSK005588,S052,12.41443342,12.41443342
TSK005588,S053,29.92328166,29.92328166
TSK005588,S054,13.16372346,13.16372346
TSK005588,S055,14.91259959,14.91259959
TSK005588,S056,4.83336671,4.83336671
TSK005588,S057,14.40875844,14.40875844
TSK005588,S058,15.73682167,15.73682167
TSK005588,S059,21.95417355,21.95417355
TSK005588,S060,18.88554575,18.88554575
TSK005588,S061,16.03747506,16.03747506
TSK005588,S062,14.19374179,14.19374179
TSK005588,S063,10.48555142,10.48555142
TSK005588,S064,33.39810989,33.39810989
TSK005588,S065,4.83336671,4.83336671
TSK005588,S066,28.40024134,28.40024134
TSK005588,S067,5.16977827,5.16977827
TSK005588,S068,10.22747075,10.22747075
TSK005588,S069,16.64328365,16.64328365
TSK005588,S070,5.16977827,5.16977827
TSK005588,S071,13.8368539,13.8368539
TSK005588,S072,4.83336671,4.83336671
TSK005588,S073,4.83336671,4.83336671
TSK005588,S074,18.09110207,18.09110207
TSK005588,S075,4.83336671,4.83336671
TSK005588,S076,7.43176568,7.43176568
TSK005588,S077,4.83336671,4.83336671
TSK005588,S078,10.22747075,10.22747075
TSK005588,S079,11.85214845,11.85214845
TSK005588,S080,16.62636857,16.62636857
TSK005588,S081,20.24632294,20.24632294
TSK005588,S082,4.83336671,4.83336671
TSK005588,S083,4.83336671,4.83336671
TSK005588,S084,4.83336671,4.83336671
TSK005588,S085,4.83336671,4.83336671
TSK005588,S086,11.88603877,11.88603877
TSK005588,S087,4.83336671,4.83336671
TSK005588,S088,13.41827238,13.41827238
TSK005588,S089,14.53065409,14.53065409
TSK005588,S090,13.41827238,13.41827238
TSK005588,S091,25.40366872,25.40366872
TSK005588,S092,20.55007444,20.55007444
TSK005588,S093,4.83336671,4.83336671
TSK005588,S094,4.83336671,4.83336671
TSK005588,S095,32.57672741,32.57672741
TSK005588,S096,18.50938442,18.50938442
TSK005588,S097,7.98463499,7.98463499
TSK005588,S098,4.83336671,4.83336671
TSK005588,S099,10.48555142,10.48555142
TSK005588,S100,4.83336671,4.83336671
TSK005625,S001,10.87018518,10.87018518
TSK005625,S002,2.45293242,2.45293242
TSK005625,S003,9.06874497,9.06874497
TSK005625,S004,8.57470203,8.57470203
TSK005625,S005,2.45293242,2.45293242
TSK005625,S006,2.45293242,2.45293242
TSK005625,S007,5.35880645,5.35880645
TSK005625,S008,13.97307977,13.97307977
TSK005625,S009,4.10778732,4.10778732
TSK005625,S010,5.87146436,5.87146436
TSK005625,S011,2.45293242,2.45293242
TSK005625,S012,7.89767522,7.89767522
TSK005625,S013,6.41937057,6.41937057
TSK005625,S014,2.45293242,2.45293242
TSK005625,S015,2.77622954,2.77622954
TSK005625,S016,6.29171901,6.29171901
TSK005625,S017,6.79057686,6.79057686
TSK005625,S018,4.56704823,4.56704823
TSK005625,S019,2.45293242,2.45293242
TSK005625,S020,2.45293242,2.45293242
TSK005625,S021,6.21962392,6.21962392
TSK005625,S022,16.78282999,16.78282999
TSK005625,S023,2.45293242,2.45293242
TSK005625,S024,2.45293242,2.45293242
TSK005625,S025,2.45293242,2.45293242
TSK005625,S026,6.57597143,6.57597143
TSK005625,S027,10.52830411,10.52830411
TSK005625,S028,2.45293242,2.45293242
TSK005625,S029,10.65650375,10.65650375
TSK005625,S030,10.31821863,10.31821863
TSK005625,S031,5.98028301,5.98028301
TSK005625,S032,26.16177393,26.16177393
TSK005625,S033,10.14714666,10.14714666
TSK005625,S034,7.65820291,7.65820291
TSK005625,S035,2.45293242,2.45293242
TSK005625,S036,8.82685866,8.82685866
TSK005625,S037,10.28430474,10.28430474
TSK005625,S038,4.61786069,4.61786069
TSK005625,S039,5.65113326,5.65113326
TSK005625,S040,7.63744615,7.63744615
TSK005625,S041,4.15011802,4.15011802
TSK005625,S042,10.97548284,10.97548284
TSK005625,S043,2.45293242,2.45293242
TSK005625,S044,5.1422326,5.1422326
TSK005625,S045,3.84059585,3.84059585
TSK005625,S046,6.14986542,6.14986542
TSK005625,S047,5.00787406,5.00787406
TSK005625,S048,23.07439152,23.07439152
TSK005625,S049,8.01929472,8.01929472
TSK005625,S050,7.67563948,7.67563948
TSK005625,S051,7.25565377,7.25565377
TSK005625,S052,6.32826377,6.32826377
TSK005625,S053,12.74662087,12.74662087
TSK005625,S054,7.29232485,7.29232485
TSK005625,S055,6.81114447,6.81114447
TSK005625,S056,2.45293242,2.45293242
TSK005625,S057,8.22505657,8.22505657
TSK005625,S058,7.76983488,7.76983488
TSK005625,S059,10.01190126,10.01190126
TSK005625,S060,8.95279504,8.95279504
TSK005625,S061,6.91648638,6.91648638
TSK005625,S062,6.68122886,6.68122886
TSK005625,S063,4.31118102,4.31118102
TSK005625,S064,12.22707745,12.22707745
TSK005625,S065,2.45293242,2.45293242
TSK005625,S066,13.09833766,13.09833766
TSK005625,S067,2.69889892,2.69889892
TSK005625,S068,6.06793281,6.06793281
TSK005625,S069,7.58162845,7.58162845
TSK005625,S070,2.69889892,2.69889892
TSK005625,S071,7.13818465,7.13818465
TSK005625,S072,2.45293242,2.45293242
TSK005625,S073,2.45293242,2.45293242
TSK005625,S074,9.73977274,9.73977274
TSK005625,S075,2.45293242,2.45293242
TSK005625,S076,3.85123217,3.85123217
TSK005625,S077,2.45293242,2.45293242
TSK005625,S078,6.06793281,6.06793281
TSK005625,S079,5.44331756,5.44331756
TSK005625,S080,7.67563948,7.67563948
TSK005625,S081,8.11735694,8.11735694
TSK005625,S082,2.45293242,2.45293242
TSK005625,S083,2.45293242,2.45293242
TSK005625,S084,2.45293242,2.45293242
TSK005625,S085,2.45293242,2.45293242
TSK005625,S086,5.93878763,5.93878763
TSK005625,S087,2.45293242,2.45293242
TSK005625,S088,8.01929472,8.01929472
TSK005625,S089,7.09179027,7.09179027
TSK005625,S090,8.01929472,8.01929472
TSK005625,S091,10.31821863,10.31821863
TSK005625,S092,10.3255227,10.3255227
TSK005625,S093,2.45293242,2.45293242
TSK005625,S094,2.45293242,2.45293242
TSK005625,S095,12.52377581,12.52377581
TSK005625,S096,8.01907048,8.01907048
TSK005625,S097,3.53306578,3.53306578
TSK005625,S098,2.45293242,2.45293242
TSK005625,S099,4.31118102,4.31118102
TSK005625,S100,2.45293242,2.45293242
TSK005643,S001,2.3300147,2.3300147
TSK005643,S002,0.52321263,0.52321263
TSK005643,S003,1.9122066,1.9122066
TSK005643,S004,1.82122278,1.82122278
TSK005643,S005,0.52321263,0.52321263
TSK005643,S006,0.52321263,0.52321263
TSK005643,S007,1.14891746,1.14891746
TSK005643,S008,2.91407792,2.91407792
TSK005643,S009,0.87841921,0.87841921
TSK005643,S010,1.26464181,1.26464181
TSK005643,S011,0.52321263,0.52321263
TSK005643,S012,1.70516747,1.70516747
TSK005643,S013,1.36704954,1.36704954
TSK005643,S014,0.52321263,0.52321263
TSK005643,S015,0.59339457,0.59339457
TSK005643,S016,1.32334358,1.32334358
TSK005643,S017,1.43392159,1.43392159
TSK005643,S018,0.96776664,0.96776664
TSK005643,S019,0.52321263,0.52321263
TSK005643,S020,0.52321263,0.52321263
TSK005643,S021,1.32153756,1.32153756
TSK005643,S022,3.54781476,3.54781476
TSK005643,S023,0.52321263,0.52321263
TSK005643,S024,0.52321263,0.52321263
TSK005643,S025,0.52321263,0.52321263
TSK005643,S026,1.38988848,1.38988848
TSK005643,S027,2.25216938,2.25216938
TSK005643,S028,0.52321263,0.52321263
TSK005643,S029,2.2684397,2.2684397
TSK005643,S030,2.191375,2.191375
TSK005643,S031,1.26917775,1.26917775
TSK005643,S032,5.58932418,5.58932418
TSK005643,S033,2.16216873,2.16216873
TSK005643,S034,1.63006339,1.63006339
TSK005643,S035,0.52321263,0.52321263
TSK005643,S036,1.89061239,1.89061239
TSK005643,S037,2.18549145,2.18549145
TSK005643,S038,0.98766834,0.98766834
TSK005643,S039,1.20888157,1.20888157
TSK005643,S040,1.6141324,1.6141324
TSK005643,S041,0.88223193,0.88223193
TSK005643,S042,2.32451183,2.32451183
TSK005643,S043,0.52321263,0.52321263
TSK005643,S044,1.0954514,1.0954514
TSK005643,S045,0.82001356,0.82001356
TSK005643,S046,1.31123311,1.31123311
TSK005643,S047,1.06238663,1.06238663
TSK005643,S048,4.86063996,4.86063996
TSK005643,S049,1.70939076,1.70939076
TSK005643,S050,1.61718138,1.61718138
TSK005643,S051,1.53084896,1.53084896
TSK005643,S052,1.33383063,1.33383063
TSK005643,S053,2.68856301,2.68856301
TSK005643,S054,1.54969702,1.54969702
TSK005643,S055,1.4484674,1.4484674
TSK005643,S056,0.52321263,0.52321263
TSK005643,S057,1.7633324,1.7633324
TSK005643,S058,1.64488778,1.64488778
TSK005643,S059,2.11036248,2.11036248
TSK005643,S060,1.88192829,1.88192829
TSK005643,S061,1.47106639,1.47106639
TSK005643,S062,1.41246914,1.41246914
TSK005643,S063,0.91853991,0.91853991
TSK005643,S064,2.60844186,2.60844186
TSK005643,S065,0.52321263,0.52321263
TSK005643,S066,2.78897422,2.78897422
TSK005643,S067,0.57593543,0.57593543
TSK005643,S068,1.29169967,1.29169967
TSK005643,S069,1.60456923,1.60456923
TSK005643,S070,0.57593543,0.57593543
TSK005643,S071,1.49392346,1.49392346
TSK005643,S072,0.52321263,0.52321263
TSK005643,S073,0.52321263,0.52321263
TSK005643,S074,2.06714902,2.06714902
TSK005643,S075,0.52321263,0.52321263
TSK005643,S076,0.81385451,0.81385451
TSK005643,S077,0.52321263,0.52321263
TSK005643,S078,1.29169967,1.29169967
TSK005643,S079,1.13607954,1.13607954
TSK005643,S080,1.61718138,1.61718138
TSK005643,S081,1.72906533,1.72906533
TSK005643,S082,0.52321263,0.52321263
TSK005643,S083,0.52321263,0.52321263
TSK005643,S084,0.52321263,0.52321263
TSK005643,S085,0.52321263,0.52321263
TSK005643,S086,1.25358364,1.25358364
TSK005643,S087,0.52321263,0.52321263
TSK005643,S088,1.70939076,1.70939076
TSK005643,S089,1.49205126,1.49205126
TSK005643,S090,1.70939076,1.70939076
TSK005643,S091,2.191375,2.191375
TSK005643,S092,2.22656376,2.22656376
TSK005643,S093,0.52321263,0.52321263
TSK005643,S094,0.52321263,0.52321263
TSK005643,S095,2.66693553,2.66693553
TSK005643,S096,1.7137777,1.7137777
TSK005643,S097,0.75029728,0.75029728
TSK005643,S098,0.52321263,0.52321263
TSK005643,S099,0.91853991,0.91853991
TSK005643,S100,0.52321263,0.52321263
TSK005662,S001,8.16230987,8.16230987
TSK005662,S002,1.84188164,1.84188164
TSK005662,S003,6.80962701,6.80962701
TSK005662,S004,6.43865526,6.43865526
TSK005662,S005,1.84188164,1.84188164
TSK005662,S006,1.84188164,1.84188164
TSK005662,S007,4.02387246,4.02387246
TSK005662,S008,10.49224139,10.49224139
TSK005662,S009,3.0844951,3.0844951
TSK005662,S010,4.40882199,4.40882199
TSK005662,S011,1.84188164,1.84188164
TSK005662,S012,5.93028282,5.93028282
TSK005662,S013,4.82023911,4.82023911
TSK005662,S014,1.84188164,1.84188164
TSK005662,S015,2.08464211,2.08464211
TSK005662,S016,4.72438687,4.72438687
TSK005662,S017,5.09897408,5.09897408
TSK005662,S018,3.42934939,3.42934939
TSK005662,S019,1.84188164,1.84188164
TSK005662,S020,1.84188164,1.84188164
TSK005662,S021,4.67025141,4.67025141
TSK005662,S022,12.60205384,12.60205384
TSK005662,S023,1.84188164,1.84188164
TSK005662,S024,1.84188164,1.84188164
TSK005662,S025,1.84188164,1.84188164
TSK005662,S026,4.93782908,4.93782908
TSK005662,S027,7.9055949,7.9055949
TSK005662,S028,1.84188164,1.84188164
TSK005662,S029,8.00185868,8.00185868
TSK005662,S030,7.74784388,7.74784388
TSK005662,S031,4.49053279,4.49053279
TSK005662,S032,19.64460605,19.64460605
TSK005662,S033,7.61938771,7.61938771
TSK005662,S034,5.75046553,5.75046553
TSK005662,S035,1.84188164,1.84188164
TSK005662,S036,6.62799707,6.62799707
TSK005662,S037,7.72237829,7.72237829
TSK005662,S038,3.46750394,3.46750394
TSK005662,S039,4.24337765,4.24337765
TSK005662,S040,5.7348795,5.7348795
TSK005662,S041,3.11628079,3.11628079
TSK005662,S042,8.24137679,8.24137679
TSK005662,S043,1.84188164,1.84188164
TSK005662,S044,3.86124939,3.86124939
TSK005662,S045,2.88386379,2.88386379
TSK005662,S046,4.61787048,4.61787048
TSK005662,S047,3.76036095,3.76036095
TSK005662,S048,17.32632246,17.32632246
TSK005662,S049,6.02160564,6.02160564
TSK005662,S050,5.76355847,5.76355847
TSK005662,S051,5.44819554,5.44819554
TSK005662,S052,4.75182796,4.75182796
TSK005662,S053,9.57130606,9.57130606
TSK005662,S054,5.47573147,5.47573147
TSK005662,S055,5.11441809,5.11441809
TSK005662,S056,1.84188164,1.84188164
TSK005662,S057,6.1761101,6.1761101
TSK005662,S058,5.83428882,5.83428882
TSK005662,S059,7.51783333,7.51783333
TSK005662,S060,6.7225614,6.7225614
TSK005662,S061,5.19351824,5.19351824
TSK005662,S062,5.0168658,5.0168658
TSK005662,S063,3.23722134,3.23722134
TSK005662,S064,9.18118627,9.18118627
TSK005662,S065,1.84188164,1.84188164
TSK005662,S066,9.83540657,9.83540657
TSK005662,S067,2.02657535,2.02657535
TSK005662,S068,4.55634812,4.55634812
TSK005662,S069,5.69296656,5.69296656
TSK005662,S070,2.02657535,2.02657535
TSK005662,S071,5.35998919,5.35998919
TSK005662,S072,1.84188164,1.84188164
TSK005662,S073,1.84188164,1.84188164
TSK005662,S074,7.31349483,7.31349483
TSK005662,S075,1.84188164,1.84188164
TSK005662,S076,2.89185049,2.89185049
TSK005662,S077,1.84188164,1.84188164
TSK005662,S078,4.55634812,4.55634812
TSK005662,S079,4.08733098,4.08733098
TSK005662,S080,5.76355847,5.76355847
TSK005662,S081,6.09523955,6.09523955
TSK005662,S082,1.84188164,1.84188164
TSK005662,S083,1.84188164,1.84188164
TSK005662,S084,1.84188164,1.84188164
TSK005662,S085,1.84188164,1.84188164
TSK005662,S086,4.45937434,4.45937434
TSK005662,S087,1.84188164,1.84188164
TSK005662,S088,6.02160564,6.02160564
TSK005662,S089,5.32515213,5.32515213
TSK005662,S090,6.02160564,6.02160564
TSK005662,S091,7.74784388,7.74784388
TSK005662,S092,7.75332843,7.75332843
TSK005662,S093,1.84188164,1.84188164
TSK005662,S094,1.84188164,1.84188164
TSK005662,S095,9.40397401,9.40397401
TSK005662,S096,6.02143726,6.02143726
TSK005662,S097,2.65294263,2.65294263
TSK005662,S098,1.84188164,1.84188164
TSK005662,S099,3.23722134,3.23722134
TSK005662,S100,1.84188164,1.84188164
TSK005682,S001,32.53796997,32.53796997
TSK005682,S002,15.10583546,15.10583546
TSK005682,S003,44.6255689,44.6255689
TSK005682,S004,69.89208455,69.89208455
TSK005682,S005,15.10583546,15.10583546
TSK005682,S006,15.10583546,15.10583546
TSK005682,S007,57.70053026,57.70053026
TSK005682,S008,108.24615108,108.24615108
TSK005682,S009,35.69974584,35.69974584
TSK005682,S010,67.79556883,67.79556883
TSK005682,S011,15.10583546,15.10583546
TSK005682,S012,118.73033546,118.73033546
TSK005682,S013,58.8078208,58.8078208
TSK005682,S014,15.10583546,15.10583546
TSK005682,S015,21.25883546,21.25883546
TSK005682,S016,29.905695,29.905695
TSK005682,S017,41.67408324,41.67408324
TSK005682,S018,33.27305042,33.27305042
TSK005682,S019,15.10583546,15.10583546
TSK005682,S020,15.10583546,15.10583546
TSK005682,S021,57.10014291,57.10014291
TSK005682,S022,199.05648259,199.05648259
TSK005682,S023,15.10583546,15.10583546
TSK005682,S024,15.10583546,15.10583546
TSK005682,S025,15.10583546,15.10583546
TSK005682,S026,61.86457721,61.86457721
TSK005682,S027,126.18635425,126.18635425
TSK005682,S028,15.10583546,15.10583546
TSK005682,S029,106.80801374,106.80801374
TSK005682,S030,98.30223791,98.30223791
TSK005682,S031,35.7036641,35.7036641
TSK005682,S032,127.64091424,127.64091424
TSK005682,S033,76.72682162,76.72682162
TSK005682,S034,57.26490804,57.26490804
TSK005682,S035,15.10583546,15.10583546
TSK005682,S036,106.5420452,106.5420452
TSK005682,S037,96.48864097,96.48864097
TSK005682,S038,47.54942284,47.54942284
TSK005682,S039,59.78759798,59.78759798
TSK005682,S040,57.55336318,57.55336318
TSK005682,S041,24.06701043,24.06701043
TSK005682,S042,98.54619499,98.54619499
TSK005682,S043,15.10583546,15.10583546
TSK005682,S044,29.98845984,29.98845984
TSK005682,S045,18.08951375,18.08951375
TSK005682,S046,56.015741,56.015741
TSK005682,S047,26.82635846,26.82635846
TSK005682,S048,205.53471113,205.53471113
TSK005682,S049,31.87697168,31.87697168
TSK005682,S050,53.94718589,53.94718589
TSK005682,S051,58.02759434,58.02759434
TSK005682,S052,35.21587007,35.21587007
TSK005682,S053,106.97026422,106.97026422
TSK005682,S054,34.96402616,34.96402616
TSK005682,S055,51.83982646,51.83982646
TSK005682,S056,15.10583546,15.10583546
TSK005682,S057,39.49318905,39.49318905
TSK005682,S058,48.33412666,48.33412666
TSK005682,S059,72.50355126,72.50355126
TSK005682,S060,58.33720497,58.33720497
TSK005682,S061,59.16295301,59.16295301
TSK005682,S062,45.94650953,45.94650953
TSK005682,S063,40.75635931,40.75635931
TSK005682,S064,142.81163842,142.81163842
TSK005682,S065,15.10583546,15.10583546
TSK005682,S066,98.40565717,98.40565717
TSK005682,S067,15.60039035,15.60039035
TSK005682,S068,24.29373549,24.29373549
TSK005682,S069,56.39461043,56.39461043
TSK005682,S070,15.60039035,15.60039035
TSK005682,S071,36.28882245,36.28882245
TSK005682,S072,15.10583546,15.10583546
TSK005682,S073,15.10583546,15.10583546
TSK005682,S074,49.83225214,49.83225214
TSK005682,S075,15.10583546,15.10583546
TSK005682,S076,20.98176713,20.98176713
TSK005682,S077,15.10583546,15.10583546
TSK005682,S078,24.29373549,24.29373549
TSK005682,S079,36.44061555,36.44061555
TSK005682,S080,53.94718589,53.94718589
TSK005682,S081,80.29929988,80.29929988
TSK005682,S082,15.10583546,15.10583546
TSK005682,S083,15.10583546,15.10583546
TSK005682,S084,15.10583546,15.10583546
TSK005682,S085,15.10583546,15.10583546
TSK005682,S086,35.14321404,35.14321404
TSK005682,S087,15.10583546,15.10583546
TSK005682,S088,31.87697168,31.87697168
TSK005682,S089,43.3770132,43.3770132
TSK005682,S090,31.87697168,31.87697168
TSK005682,S091,98.30223791,98.30223791
TSK005682,S092,70.12909241,70.12909241
TSK005682,S093,15.10583546,15.10583546
TSK005682,S094,15.10583546,15.10583546
TSK005682,S095,133.44446189,133.44446189
TSK005682,S096,69.70209227,69.70209227
TSK005682,S097,28.47584379,28.47584379
TSK005682,S098,15.10583546,15.10583546
TSK005682,S099,40.75635931,40.75635931
TSK005682,S100,15.10583546,15.10583546
TSK005704,S001,0.44055638,0.44055638
TSK005704,S002,0.10071586,0.10071586
TSK005704,S003,0.38357397,0.38357397
TSK005704,S004,0.35600341,0.35600341
TSK005704,S005,0.10071586,0.10071586
TSK005704,S006,0.10071586,0.10071586
TSK005704,S007,0.21705382,0.21705382
TSK005704,S008,0.60732542,0.60732542
TSK005704,S009,0.16753735,0.16753735
TSK005704,S010,0.23487751,0.23487751
TSK005704,S011,0.10071586,0.10071586
TSK005704,S012,0.31385526,0.31385526
TSK005704,S013,0.26469265,0.26469265
TSK005704,S014,0.10071586,0.10071586
TSK005704,S015,0.11337162,0.11337162
TSK005704,S016,0.26779036,0.26779036
TSK005704,S017,0.28616221,0.28616221
TSK005704,S018,0.19075332,0.19075332
TSK005704,S019,0.10071586,0.10071586
TSK005704,S020,0.10071586,0.10071586
TSK005704,S021,0.25796175,0.25796175
TSK005704,S022,0.70527554,0.70527554
TSK005704,S023,0.10071586,0.10071586
TSK005704,S024,0.10071586,0.10071586
TSK005704,S025,0.10071586,0.10071586
TSK005704,S026,0.27646885,0.27646885
TSK005704,S027,0.42900976,0.42900976
TSK005704,S028,0.10071586,0.10071586
TSK005704,S029,0.43987824,0.43987824
TSK005704,S030,0.42847239,0.42847239
TSK005704,S031,0.2487966,0.2487966
TSK005704,S032,1.06963386,1.06963386
TSK005704,S033,0.41776225,0.41776225
TSK005704,S034,0.31618088,0.31618088
TSK005704,S035,0.10071586,0.10071586
TSK005704,S036,0.35845979,0.35845979
TSK005704,S037,0.42639654,0.42639654
TSK005704,S038,0.18825289,0.18825289
TSK005704,S039,0.23026582,0.23026582
TSK005704,S040,0.32115031,0.32115031
TSK005704,S041,0.17191535,0.17191535
TSK005704,S042,0.45903123,0.45903123
TSK005704,S043,0.10071586,0.10071586
TSK005704,S044,0.21184095,0.21184095
TSK005704,S045,0.15728197,0.15728197
TSK005704,S046,0.25278216,0.25278216
TSK005704,S047,0.20855403,0.20855403
TSK005704,S048,0.97836555,0.97836555
TSK005704,S049,0.32983998,0.32983998
TSK005704,S050,0.32529832,0.32529832
TSK005704,S051,0.30640877,0.30640877
TSK005704,S052,0.2679285,0.2679285
TSK005704,S053,0.53870356,0.53870356
TSK005704,S054,0.30233441,0.30233441
TSK005704,S055,0.28186562,0.28186562
TSK005704,S056,0.10071586,0.10071586
TSK005704,S057,0.33320112,0.33320112
TSK005704,S058,0.32531243,0.32531243
TSK005704,S059,0.42382781,0.42382781
TSK005704,S060,0.38161989,0.38161989
TSK005704,S061,0.28612537,0.28612537
TSK005704,S062,0.28072529,0.28072529
TSK005704,S063,0.17754008,0.17754008
TSK005704,S064,0.50183593,0.50183593
TSK005704,S065,0.10071586,0.10071586
TSK005704,S066,0.54029569,0.54029569
TSK005704,S067,0.11068456,0.11068456
TSK005704,S068,0.25045913,0.25045913
TSK005704,S069,0.31767283,0.31767283
TSK005704,S070,0.11068456,0.11068456
TSK005704,S071,0.3075923,0.3075923
TSK005704,S072,0.10071586,0.10071586
TSK005704,S073,0.10071586,0.10071586
TSK005704,S074,0.40514837,0.40514837
TSK005704,S075,0.10071586,0.10071586
TSK005704,S076,0.1619838,0.1619838
TSK005704,S077,0.10071586,0.10071586
TSK005704,S078,0.25045913,0.25045913
TSK005704,S079,0.23614345,0.23614345
TSK005704,S080,0.32529832,0.32529832
TSK005704,S081,0.334495,0.334495
TSK005704,S082,0.10071586,0.10071586
TSK005704,S083,0.10071586,0.10071586
TSK005704,S084,0.10071586,0.10071586
TSK005704,S085,0.10071586,0.10071586
TSK005704,S086,0.25050536,0.25050536
TSK005704,S087,0.10071586,0.10071586
TSK005704,S088,0.32983998,0.32983998
TSK005704,S089,0.30162674,0.30162674
TSK005704,S090,0.32983998,0.32983998
TSK005704,S091,0.42847239,0.42847239
TSK005704,S092,0.41175253,0.41175253
TSK005704,S093,0.10071586,0.10071586
TSK005704,S094,0.10071586,0.10071586
TSK005704,S095,0.51644348,0.51644348
TSK005704,S096,0.32758644,0.32758644
TSK005704,S097,0.14673994,0.14673994
TSK005704,S098,0.10071586,0.10071586
TSK005704,S099,0.17754008,0.17754008
TSK005704,S100,0.10071586,0.10071586
TSK005754,S001,8.60082992,8.60082992
TSK005754,S002,1.9118253,1.9118253
TSK005754,S003,6.81813629,6.81813629
TSK005754,S004,6.59550447,6.59550447
TSK005754,S005,1.9118253,1.9118253
TSK005754,S006,1.9118253,1.9118253
TSK005754,S007,4.24301081,4.24301081
TSK005754,S008,10.14158257,10.14158257
TSK005754,S009,3.22672539,3.22672539
TSK005754,S010,4.71449476,4.71449476
TSK005754,S011,1.9118253,1.9118253
TSK005754,S012,6.38775266,6.38775266
TSK005754,S013,4.97837253,4.97837253
TSK005754,S014,1.9118253,1.9118253
TSK005754,S015,2.17759624,2.17759624
TSK005754,S016,4.69296475,4.69296475
TSK005754,S017,5.12883929,5.12883929
TSK005754,S018,3.48749256,3.48749256
TSK005754,S019,1.9118253,1.9118253
TSK005754,S020,1.9118253,1.9118253
TSK005754,S021,4.78990311,4.78990311
TSK005754,S022,12.71980743,12.71980743
TSK005754,S023,1.9118253,1.9118253
TSK005754,S024,1.9118253,1.9118253
TSK005754,S025,1.9118253,1.9118253
TSK005754,S026,4.98123442,4.98123442
TSK005754,S027,8.27883481,8.27883481
TSK005754,S028,1.9118253,1.9118253
TSK005754,S029,8.25379941,8.25379941
TSK005754,S030,7.9347604,7.9347604
TSK005754,S031,4.58859989,4.58859989
TSK005754,S032,20.49207888,20.49207888
TSK005754,S033,7.88360502,7.88360502
TSK005754,S034,5.93004365,5.93004365
TSK005754,S035,1.9118253,1.9118253
TSK005754,S036,6.96809784,6.96809784
TSK005754,S037,7.92356311,7.92356311
TSK005754,S038,3.62935627,3.62935627
TSK005754,S039,4.44389176,4.44389176
TSK005754,S040,5.78407312,5.78407312
TSK005754,S041,3.20086175,3.20086175
TSK005754,S042,8.36739829,8.36739829
TSK005754,S043,1.9118253,1.9118253
TSK005754,S044,3.9921786,3.9921786
TSK005754,S045,3.00252722,3.00252722
TSK005754,S046,4.78715313,4.78715313
TSK005754,S047,3.83774719,3.83774719
TSK005754,S048,17.29435145,17.29435145
TSK005754,S049,6.23750014,6.23750014
TSK005754,S050,5.75632484,5.75632484
TSK005754,S051,5.46566566,5.46566566
TSK005754,S052,4.75182143,4.75182143
TSK005754,S053,9.59287088,9.59287088
TSK005754,S054,5.61865257,5.61865257
TSK005754,S055,5.25948879,5.25948879
TSK005754,S056,1.9118253,1.9118253
TSK005754,S057,6.51129184,6.51129184
TSK005754,S058,5.91565345,5.91565345
TSK005754,S059,7.51915999,7.51915999
TSK005754,S060,6.66518894,6.66518894
TSK005754,S061,5.34305348,5.34305348
TSK005754,S062,5.06472966,5.06472966
TSK005754,S063,3.3484314,3.3484314
TSK005754,S064,9.53429572,9.53429572
TSK005754,S065,1.9118253,1.9118253
TSK005754,S066,10.15346792,10.15346792
TSK005754,S067,2.10644275,2.10644275
TSK005754,S068,4.70008406,4.70008406
TSK005754,S069,5.76700193,5.76700193
TSK005754,S070,2.10644275,2.10644275
TSK005754,S071,5.24019136,5.24019136
TSK005754,S072,1.9118253,1.9118253
TSK005754,S073,1.9118253,1.9118253
TSK005754,S074,7.47440637,7.47440637
TSK005754,S075,1.9118253,1.9118253
TSK005754,S076,2.915728,2.915728
TSK005754,S077,1.9118253,1.9118253
TSK005754,S078,4.70008406,4.70008406
TSK005754,S079,3.96064366,3.96064366
TSK005754,S080,5.75632484,5.75632484
TSK005754,S081,6.2999149,6.2999149
TSK005754,S082,1.9118253,1.9118253
TSK005754,S083,1.9118253,1.9118253
TSK005754,S084,1.9118253,1.9118253
TSK005754,S085,1.9118253,1.9118253
TSK005754,S086,4.48017684,4.48017684
TSK005754,S087,1.9118253,1.9118253
TSK005754,S088,6.23750014,6.23750014
TSK005754,S089,5.29456205,5.29456205
TSK005754,S090,6.23750014,6.23750014
TSK005754,S091,7.9347604,7.9347604
TSK005754,S092,8.3199035,8.3199035
TSK005754,S093,1.9118253,1.9118253
TSK005754,S094,1.9118253,1.9118253
TSK005754,S095,9.71147237,9.71147237
TSK005754,S096,6.2873621,6.2873621
TSK005754,S097,2.7163536,2.7163536
TSK005754,S098,1.9118253,1.9118253
TSK005754,S099,3.3484314,3.3484314
TSK005754,S100,1.9118253,1.9118253
TSK005788,S001,20.98596341,20.98596341
TSK005788,S002,4.59884341,4.59884341
TSK005788,S003,15.59115594,15.59115594
TSK005788,S004,14.52756265,14.52756265
TSK005788,S005,4.59884341,4.59884341
TSK005788,S006,4.59884341,4.59884341
TSK005788,S007,10.16540923,10.16540923
TSK005788,S008,22.82064997,22.82064997
TSK005788,S009,8.07575063,8.07575063
TSK005788,S010,11.00374879,11.00374879
TSK005788,S011,4.59884341,4.59884341
TSK005788,S012,17.91874042,17.91874042
TSK005788,S013,12.25209103,12.25209103
TSK005788,S014,4.59884341,4.59884341
TSK005788,S015,5.20498677,5.20498677
TSK005788,S016,10.26242558,10.26242558
TSK005788,S017,11.4826828,11.4826828
TSK005788,S018,8.15681895,8.15681895
TSK005788,S019,4.59884341,4.59884341
TSK005788,S020,4.59884341,4.59884341
TSK005788,S021,11.25071353,11.25071353
TSK005788,S022,31.761685,31.761685
TSK005788,S023,4.59884341,4.59884341
TSK005788,S024,4.59884341,4.59884341
TSK005788,S025,4.59884341,4.59884341
TSK005788,S026,11.31064284,11.31064284
TSK005788,S027,21.11077832,21.11077832
TSK005788,S028,4.59884341,4.59884341
TSK005788,S029,19.75514999,19.75514999
TSK005788,S030,18.5582975,18.5582975
TSK005788,S031,10.31524462,10.31524462
TSK005788,S032,49.78326396,49.78326396
TSK005788,S033,18.70542003,18.70542003
TSK005788,S034,13.44103695,13.44103695
TSK005788,S035,4.59884341,4.59884341
TSK005788,S036,16.60612488,16.60612488
TSK005788,S037,18.91526922,18.91526922
TSK005788,S038,8.41796896,8.41796896
TSK005788,S039,10.18007249,10.18007249
TSK005788,S040,13.00185242,13.00185242
TSK005788,S041,7.23588825,7.23588825
TSK005788,S042,19.8865878,19.8865878
TSK005788,S043,4.59884341,4.59884341
TSK005788,S044,8.84821496,8.84821496
TSK005788,S045,6.74291331,6.74291331
TSK005788,S046,10.95135394,10.95135394
TSK005788,S047,8.51697977,8.51697977
TSK005788,S048,41.40872414,41.40872414
TSK005788,S049,13.97895058,13.97895058
TSK005788,S050,13.11735845,13.11735845
TSK005788,S051,12.81878805,12.81878805
TSK005788,S052,10.65851262,10.65851262
TSK005788,S053,21.18953296,21.18953296
TSK005788,S054,12.07558533,12.07558533
TSK005788,S055,12.27393183,12.27393183
TSK005788,S056,4.59884341,4.59884341
TSK005788,S057,15.21417497,15.21417497
TSK005788,S058,13.45987186,13.45987186
TSK005788,S059,16.82956266,16.82956266
TSK005788,S060,14.55214671,14.55214671
TSK005788,S061,12.34511816,12.34511816
TSK005788,S062,11.62853555,11.62853555
TSK005788,S063,7.98940405,7.98940405
TSK005788,S064,23.40408411,23.40408411
TSK005788,S065,4.59884341,4.59884341
TSK005788,S066,24.68080953,24.68080953
TSK005788,S067,4.98036743,4.98036743
TSK005788,S068,10.12319919,10.12319919
TSK005788,S069,13.5635446,13.5635446
TSK005788,S070,4.98036743,4.98036743
TSK005788,S071,11.45725045,11.45725045
TSK005788,S072,4.59884341,4.59884341
TSK005788,S073,4.59884341,4.59884341
TSK005788,S074,17.30926153,17.30926153
TSK005788,S075,4.59884341,4.59884341
TSK005788,S076,6.65521126,6.65521126
TSK005788,S077,4.59884341,4.59884341
TSK005788,S078,10.12319919,10.12319919
TSK005788,S079,8.98306398,8.98306398
TSK005788,S080,13.11735845,13.11735845
TSK005788,S081,14.52087066,14.52087066
TSK005788,S082,4.59884341,4.59884341
TSK005788,S083,4.59884341,4.59884341
TSK005788,S084,4.59884341,4.59884341
TSK005788,S085,4.59884341,4.59884341
TSK005788,S086,9.91618305,9.91618305
TSK005788,S087,4.59884341,4.59884341
TSK005788,S088,13.97895058,13.97895058
TSK005788,S089,12.06024367,12.06024367
TSK005788,S090,13.97895058,13.97895058
TSK005788,S091,18.5582975,18.5582975
TSK005788,S092,19.75508154,19.75508154
TSK005788,S093,4.59884341,4.59884341
TSK005788,S094,4.59884341,4.59884341
TSK005788,S095,23.61225636,23.61225636
TSK005788,S096,14.30353484,14.30353484
TSK005788,S097,6.37593245,6.37593245
TSK005788,S098,4.59884341,4.59884341
TSK005788,S099,7.98940405,7.98940405
TSK005788,S100,4.59884341,4.59884341
TSK005793,S001,8.64195163,8.64195163
TSK005793,S002,1.94475516,1.94475516
TSK005793,S003,7.14374931,7.14374931
TSK005793,S004,6.7820725,6.7820725
TSK005793,S005,1.94475516,1.94475516
TSK005793,S006,1.94475516,1.94475516
TSK005793,S007,4.26087345,4.26087345
TSK005793,S008,10.93983515,10.93983515
TSK005793,S009,3.26140967,3.26140967
TSK005793,S010,4.68061262,4.68061262
TSK005793,S011,1.94475516,1.94475516
TSK005793,S012,6.30442466,6.30442466
TSK005793,S013,5.0848579,5.0848579
TSK005793,S014,1.94475516,1.94475516
TSK005793,S015,2.20362296,2.20362296
TSK005793,S016,4.94929709,4.94929709
TSK005793,S017,5.35350253,5.35350253
TSK005793,S018,3.60756671,3.60756671
TSK005793,S019,1.94475516,1.94475516
TSK005793,S020,1.94475516,1.94475516
TSK005793,S021,4.92043455,4.92043455
TSK005793,S022,13.23923784,13.23923784
TSK005793,S023,1.94475516,1.94475516
TSK005793,S024,1.94475516,1.94475516
TSK005793,S025,1.94475516,1.94475516
TSK005793,S026,5.18699002,5.18699002
TSK005793,S027,8.36063693,8.36063693
TSK005793,S028,1.94475516,1.94475516
TSK005793,S029,8.43918715,8.43918715
TSK005793,S030,8.16075177,8.16075177
TSK005793,S031,4.72795075,4.72795075
TSK005793,S032,20.76055828,20.76055828
TSK005793,S033,8.04030667,8.04030667
TSK005793,S034,6.06447488,6.06447488
TSK005793,S035,1.94475516,1.94475516
TSK005793,S036,7.01452357,7.01452357
TSK005793,S037,8.13667917,8.13667917
TSK005793,S038,3.66674876,3.66674876
TSK005793,S039,4.4876567,4.4876567
TSK005793,S040,6.02403421,6.02403421
TSK005793,S041,3.28409472,3.28409472
TSK005793,S042,8.66713381,8.66713381
TSK005793,S043,1.94475516,1.94475516
TSK005793,S044,4.07400865,4.07400865
TSK005793,S045,3.0466256,3.0466256
TSK005793,S046,4.87466678,4.87466678
TSK005793,S047,3.9582992,3.9582992
TSK005793,S048,18.16655002,18.16655002
TSK005793,S049,6.35556703,6.35556703
TSK005793,S050,6.04368664,6.04368664
TSK005793,S051,5.71748784,5.71748784
TSK005793,S052,4.98388349,4.98388349
TSK005793,S053,10.04270818,10.04270818
TSK005793,S054,5.76955034,5.76955034
TSK005793,S055,5.39098935,5.39098935
TSK005793,S056,1.94475516,1.94475516
TSK005793,S057,6.5396596,6.5396596
TSK005793,S058,6.13424303,6.13424303
TSK005793,S059,7.88521381,7.88521381
TSK005793,S060,7.04025768,7.04025768
TSK005793,S061,5.47477736,5.47477736
TSK005793,S062,5.2707104,5.2707104
TSK005793,S063,3.41586216,3.41586216
TSK005793,S064,9.69480227,9.69480227
TSK005793,S065,1.94475516,1.94475516
TSK005793,S066,10.37449512,10.37449512
TSK005793,S067,2.14030222,2.14030222
TSK005793,S068,4.80541924,4.80541924
TSK005793,S069,5.98466489,5.98466489
TSK005793,S070,2.14030222,2.14030222
TSK005793,S071,5.59960844,5.59960844
TSK005793,S072,1.94475516,1.94475516
TSK005793,S073,1.94475516,1.94475516
TSK005793,S074,7.70038576,7.70038576
TSK005793,S075,1.94475516,1.94475516
TSK005793,S076,3.03748703,3.03748703
TSK005793,S077,1.94475516,1.94475516
TSK005793,S078,4.80541924,4.80541924
TSK005793,S079,4.26352654,4.26352654
TSK005793,S080,6.04368664,6.04368664
TSK005793,S081,6.4307237,6.4307237
TSK005793,S082,1.94475516,1.94475516
TSK005793,S083,1.94475516,1.94475516
TSK005793,S084,1.94475516,1.94475516
TSK005793,S085,1.94475516,1.94475516
TSK005793,S086,4.68099309,4.68099309
TSK005793,S087,1.94475516,1.94475516
TSK005793,S088,6.35556703,6.35556703
TSK005793,S089,5.57955462,5.57955462
TSK005793,S090,6.35556703,6.35556703
TSK005793,S091,8.16075177,8.16075177
TSK005793,S092,8.23666052,8.23666052
TSK005793,S093,1.94475516,1.94475516
TSK005793,S094,1.94475516,1.94475516
TSK005793,S095,9.92004152,9.92004152
TSK005793,S096,6.36463543,6.36463543
TSK005793,S097,2.79421735,2.79421735
TSK005793,S098,1.94475516,1.94475516
TSK005793,S099,3.41586216,3.41586216
TSK005793,S100,1.94475516,1.94475516
TSK005814,S001,16.27693042,16.27693042
TSK005814,S002,4.64483297,4.64483297
TSK005814,S003,16.93511498,16.93511498
TSK005814,S004,18.47099962,18.47099962
TSK005814,S005,4.64483297,4.64483297
TSK005814,S006,4.64483297,4.64483297
TSK005814,S007,12.60501783,12.60501783
TSK005814,S008,31.90101054,31.90101054
TSK005814,S009,8.824904,8.824904
TSK005814,S010,14.05309458,14.05309458
TSK005814,S011,4.64483297,4.64483297
TSK005814,S012,21.75348301,21.75348301
TSK005814,S013,14.38015376,14.38015376
TSK005814,S014,4.64483297,4.64483297
TSK005814,S015,5.66070782,5.66070782
TSK005814,S016,11.78221819,11.78221819
TSK005814,S017,13.49736885,13.49736885
TSK005814,S018,9.50378735,9.50378735
TSK005814,S019,4.64483297,4.64483297
TSK005814,S020,4.64483297,4.64483297
TSK005814,S021,14.08034857,14.08034857
TSK005814,S022,43.77253238,43.77253238
TSK005814,S023,4.64483297,4.64483297
TSK005814,S024,4.64483297,4.64483297
TSK005814,S025,4.64483297,4.64483297
TSK005814,S026,15.38389608,15.38389608
TSK005814,S027,26.40749728,26.40749728
TSK005814,S028,4.64483297,4.64483297
TSK005814,S029,24.92652224,24.92652224
TSK005814,S030,23.79933556,23.79933556
TSK005814,S031,11.48987912,11.48987912
TSK005814,S032,45.44395379,45.44395379
TSK005814,S033,20.8844989,20.8844989
TSK005814,S034,15.77035594,15.77035594
TSK005814,S035,4.64483297,4.64483297
TSK005814,S036,22.11369202,22.11369202
TSK005814,S037,23.49729728,23.49729728
TSK005814,S038,10.73049822,10.73049822
TSK005814,S039,13.29797095,13.29797095
TSK005814,S040,16.29586093,16.29586093
TSK005814,S041,7.82923748,7.82923748
TSK005814,S042,24.94299518,24.94299518
TSK005814,S043,4.64483297,4.64483297
TSK005814,S044,9.61493481,9.61493481
TSK005814,S045,6.62275187,6.62275187
TSK005814,S046,13.66968846,13.66968846
TSK005814,S047,9.30189016,9.30189016
TSK005814,S048,53.44487007,53.44487007
TSK005814,S049,13.30616745,13.30616745
TSK005814,S050,16.17466154,16.17466154
TSK005814,S051,15.96768705,15.96768705
TSK005814,S052,12.29056909,12.29056909
TSK005814,S053,28.642594,28.642594
TSK005814,S054,12.97231593,12.97231593
TSK005814,S055,14.1847734,14.1847734
TSK005814,S056,4.64483297,4.64483297
TSK005814,S057,13.94225903,13.94225903
TSK005814,S058,15.32681193,15.32681193
TSK005814,S059,21.29027673,21.29027673
TSK005814,S060,18.55602726,18.55602726
TSK005814,S061,15.11419509,15.11419509
TSK005814,S062,13.75111267,13.75111267
TSK005814,S063,9.77661568,9.77661568
TSK005814,S064,30.57790888,30.57790888
TSK005814,S065,4.64483297,4.64483297
TSK005814,S066,26.98034259,26.98034259
TSK005814,S067,4.98649168,4.98649168
TSK005814,S068,10.16591795,10.16591795
TSK005814,S069,15.99463613,15.99463613
TSK005814,S070,4.98649168,4.98649168
TSK005814,S071,13.96392243,13.96392243
TSK005814,S072,4.64483297,4.64483297
TSK005814,S073,4.64483297,4.64483297
TSK005814,S074,17.79137954,17.79137954
TSK005814,S075,4.64483297,4.64483297
TSK005814,S076,7.33468699,7.33468699
TSK005814,S077,4.64483297,4.64483297
TSK005814,S078,10.16591795,10.16591795
TSK005814,S079,11.75623898,11.75623898
TSK005814,S080,16.17466154,16.17466154
TSK005814,S081,18.81941042,18.81941042
TSK005814,S082,4.64483297,4.64483297
TSK005814,S083,4.64483297,4.64483297
TSK005814,S084,4.64483297,4.64483297
TSK005814,S085,4.64483297,4.64483297
TSK005814,S086,11.68186863,11.68186863
TSK005814,S087,4.64483297,4.64483297
TSK005814,S088,13.30616745,13.30616745
TSK005814,S089,14.32702504,14.32702504
TSK005814,S090,13.30616745,13.30616745
TSK005814,S091,23.79933556,23.79933556
TSK005814,S092,19.18532614,19.18532614
TSK005814,S093,4.64483297,4.64483297
TSK005814,S094,4.64483297,4.64483297
TSK005814,S095,30.1218458,30.1218458
TSK005814,S096,17.27569894,17.27569894
TSK005814,S097,7.58003321,7.58003321
TSK005814,S098,4.64483297,4.64483297
TSK005814,S099,9.77661568,9.77661568
TSK005814,S100,4.64483297,4.64483297
TSK005923,S001,0.44055638,0.44055638
TSK005923,S002,0.10071586,0.10071586
TSK005923,S003,0.38357397,0.38357397
TSK005923,S004,0.35600341,0.35600341
TSK005923,S005,0.10071586,0.10071586
TSK005923,S006,0.10071586,0.10071586
TSK005923,S007,0.21705382,0.21705382
TSK005923,S008,0.60732542,0.60732542
TSK005923,S009,0.16753735,0.16753735
TSK005923,S010,0.23487751,0.23487751
TSK005923,S011,0.10071586,0.10071586
TSK005923,S012,0.31385526,0.31385526
TSK005923,S013,0.26469265,0.26469265
TSK005923,S014,0.10071586,0.10071586
TSK005923,S015,0.11337162,0.11337162
TSK005923,S016,0.26779036,0.26779036
TSK005923,S017,0.28616221,0.28616221
TSK005923,S018,0.19075332,0.19075332
TSK005923,S019,0.10071586,0.10071586
TSK005923,S020,0.10071586,0.10071586
TSK005923,S021,0.25796175,0.25796175
TSK005923,S022,0.70527554,0.70527554
TSK005923,S023,0.10071586,0.10071586
TSK005923,S024,0.10071586,0.10071586
TSK005923,S025,0.10071586,0.10071586
TSK005923,S026,0.27646885,0.27646885
TSK005923,S027,0.42900976,0.42900976
TSK005923,S028,0.10071586,0.10071586
TSK005923,S029,0.43987824,0.43987824
TSK005923,S030,0.42847239,0.42847239
TSK005923,S031,0.2487966,0.2487966
TSK005923,S032,1.06963386,1.06963386
TSK005923,S033,0.41776225,0.41776225
TSK005923,S034,0.31618088,0.31618088
TSK005923,S035,0.10071586,0.10071586
TSK005923,S036,0.35845979,0.35845979
TSK005923,S037,0.42639654,0.42639654
TSK005923,S038,0.18825289,0.18825289
TSK005923,S039,0.23026582,0.23026582
TSK005923,S040,0.32115031,0.32115031
TSK005923,S041,0.17191535,0.17191535
TSK005923,S042,0.45903123,0.45903123
TSK005923,S043,0.10071586,0.10071586
TSK005923,S044,0.21184095,0.21184095
TSK005923,S045,0.15728197,0.15728197
TSK005923,S046,0.25278216,0.25278216
TSK005923,S047,0.20855403,0.20855403
TSK005923,S048,0.97836555,0.97836555
TSK005923,S049,0.32983998,0.32983998
TSK005923,S050,0.32529832,0.32529832
TSK005923,S051,0.30640877,0.30640877
TSK005923,S052,0.2679285,0.2679285
TSK005923,S053,0.53870356,0.53870356
TSK005923,S054,0.30233441,0.30233441
TSK005923,S055,0.28186562,0.28186562
TSK005923,S056,0.10071586,0.10071586
TSK005923,S057,0.33320112,0.33320112
TSK005923,S058,0.32531243,0.32531243
TSK005923,S059,0.42382781,0.42382781
TSK005923,S060,0.38161989,0.38161989
TSK005923,S061,0.28612537,0.28612537
TSK005923,S062,0.28072529,0.28072529
TSK005923,S063,0.17754008,0.17754008
TSK005923,S064,0.50183593,0.50183593
TSK005923,S065,0.10071586,0.10071586
TSK005923,S066,0.54029569,0.54029569
TSK005923,S067,0.11068456,0.11068456
TSK005923,S068,0.25045913,0.25045913
TSK005923,S069,0.31767283,0.31767283
TSK005923,S070,0.11068456,0.11068456
TSK005923,S071,0.3075923,0.3075923
TSK005923,S072,0.10071586,0.10071586
TSK005923,S073,0.10071586,0.10071586
TSK005923,S074,0.40514837,0.40514837
TSK005923,S075,0.10071586,0.10071586
TSK005923,S076,0.1619838,0.1619838
TSK005923,S077,0.10071586,0.10071586
TSK005923,S078,0.25045913,0.25045913
TSK005923,S079,0.23614345,0.23614345
TSK005923,S080,0.32529832,0.32529832
TSK005923,S081,0.334495,0.334495
TSK005923,S082,0.10071586,0.10071586
TSK005923,S083,0.10071586,0.10071586
TSK005923,S084,0.10071586,0.10071586
TSK005923,S085,0.10071586,0.10071586
TSK005923,S086,0.25050536,0.25050536
TSK005923,S087,0.10071586,0.10071586
TSK005923,S088,0.32983998,0.32983998
TSK005923,S089,0.30162674,0.30162674
TSK005923,S090,0.32983998,0.32983998
TSK005923,S091,0.42847239,0.42847239
TSK005923,S092,0.41175253,0.41175253
TSK005923,S093,0.10071586,0.10071586
TSK005923,S094,0.10071586,0.10071586
TSK005923,S095,0.51644348,0.51644348
TSK005923,S096,0.32758644,0.32758644
TSK005923,S097,0.14673994,0.14673994
TSK005923,S098,0.10071586,0.10071586
TSK005923,S099,0.17754008,0.17754008
TSK005923,S100,0.10071586,0.10071586
TSK005929,S001,0.44055638,0.44055638
TSK005929,S002,0.10071586,0.10071586
TSK005929,S003,0.38357397,0.38357397
TSK005929,S004,0.35600341,0.35600341
TSK005929,S005,0.10071586,0.10071586
TSK005929,S006,0.10071586,0.10071586
TSK005929,S007,0.21705382,0.21705382
TSK005929,S008,0.60732542,0.60732542
TSK005929,S009,0.16753735,0.16753735
TSK005929,S010,0.23487751,0.23487751
TSK005929,S011,0.10071586,0.10071586
TSK005929,S012,0.31385526,0.31385526
TSK005929,S013,0.26469265,0.26469265
TSK005929,S014,0.10071586,0.10071586
TSK005929,S015,0.11337162,0.11337162
TSK005929,S016,0.26779036,0.26779036
TSK005929,S017,0.28616221,0.28616221
TSK005929,S018,0.19075332,0.19075332
TSK005929,S019,0.10071586,0.10071586
TSK005929,S020,0.10071586,0.10071586
TSK005929,S021,0.25796175,0.25796175
TSK005929,S022,0.70527554,0.70527554
TSK005929,S023,0.10071586,0.10071586
TSK005929,S024,0.10071586,0.10071586
TSK005929,S025,0.10071586,0.10071586
TSK005929,S026,0.27646885,0.27646885
TSK005929,S027,0.42900976,0.42900976
TSK005929,S028,0.10071586,0.10071586
TSK005929,S029,0.43987824,0.43987824
TSK005929,S030,0.42847239,0.42847239
TSK005929,S031,0.2487966,0.2487966
TSK005929,S032,1.06963386,1.06963386
TSK005929,S033,0.41776225,0.41776225
TSK005929,S034,0.31618088,0.31618088
TSK005929,S035,0.10071586,0.10071586
TSK005929,S036,0.35845979,0.35845979
TSK005929,S037,0.42639654,0.42639654
TSK005929,S038,0.18825289,0.18825289
TSK005929,S039,0.23026582,0.23026582
TSK005929,S040,0.32115031,0.32115031
TSK005929,S041,0.17191535,0.17191535
TSK005929,S042,0.45903123,0.45903123
TSK005929,S043,0.10071586,0.10071586
TSK005929,S044,0.21184095,0.21184095
TSK005929,S045,0.15728197,0.15728197
TSK005929,S046,0.25278216,0.25278216
TSK005929,S047,0.20855403,0.20855403
TSK005929,S048,0.97836555,0.97836555
TSK005929,S049,0.32983998,0.32983998
TSK005929,S050,0.32529832,0.32529832
TSK005929,S051,0.30640877,0.30640877
TSK005929,S052,0.2679285,0.2679285
TSK005929,S053,0.53870356,0.53870356
TSK005929,S054,0.30233441,0.30233441
TSK005929,S055,0.28186562,0.28186562
TSK005929,S056,0.10071586,0.10071586
TSK005929,S057,0.33320112,0.33320112
TSK005929,S058,0.32531243,0.32531243
TSK005929,S059,0.42382781,0.42382781
TSK005929,S060,0.38161989,0.38161989
TSK005929,S061,0.28612537,0.28612537
TSK005929,S062,0.28072529,0.28072529
TSK005929,S063,0.17754008,0.17754008
TSK005929,S064,0.50183593,0.50183593
TSK005929,S065,0.10071586,0.10071586
TSK005929,S066,0.54029569,0.54029569
TSK005929,S067,0.11068456,0.11068456
TSK005929,S068,0.25045913,0.25045913
TSK005929,S069,0.31767283,0.31767283
TSK005929,S070,0.11068456,0.11068456
TSK005929,S071,0.3075923,0.3075923
TSK005929,S072,0.10071586,0.10071586
TSK005929,S073,0.10071586,0.10071586
TSK005929,S074,0.40514837,0.40514837
TSK005929,S075,0.10071586,0.10071586
TSK005929,S076,0.1619838,0.1619838
TSK005929,S077,0.10071586,0.10071586
TSK005929,S078,0.25045913,0.25045913
TSK005929,S079,0.23614345,0.23614345
TSK005929,S080,0.32529832,0.32529832
TSK005929,S081,0.334495,0.334495
TSK005929,S082,0.10071586,0.10071586
TSK005929,S083,0.10071586,0.10071586
TSK005929,S084,0.10071586,0.10071586
TSK005929,S085,0.10071586,0.10071586
TSK005929,S086,0.25050536,0.25050536
TSK005929,S087,0.10071586,0.10071586
TSK005929,S088,0.32983998,0.32983998
TSK005929,S089,0.30162674,0.30162674
TSK005929,S090,0.32983998,0.32983998
TSK005929,S091,0.42847239,0.42847239
TSK005929,S092,0.41175253,0.41175253
TSK005929,S093,0.10071586,0.10071586
TSK005929,S094,0.10071586,0.10071586
TSK005929,S095,0.51644348,0.51644348
TSK005929,S096,0.32758644,0.32758644
TSK005929,S097,0.14673994,0.14673994
TSK005929,S098,0.10071586,0.10071586
TSK005929,S099,0.17754008,0.17754008
TSK005929,S100,0.10071586,0.10071586
TSK005943,S001,18.10876725,18.10876725
TSK005943,S002,6.27570545,6.27570545
TSK005943,S003,19.81845338,19.81845338
TSK005943,S004,26.73868803,26.73868803
TSK005943,S005,6.27570545,6.27570545
TSK005943,S006,6.27570545,6.27570545
TSK005943,S007,20.794493,20.794493
TSK005943,S008,41.50992294,41.50992294
TSK005943,S009,13.49116349,13.49116349
TSK005943,S010,24.13593719,24.13593719
TSK005943,S011,6.27570545,6.27570545
TSK005943,S012,40.34304081,40.34304081
TSK005943,S013,21.89477496,21.89477496
TSK005943,S014,6.27570545,6.27570545
TSK005943,S015,8.29855057,8.29855057
TSK005943,S016,13.42132796,13.42132796
TSK005943,S017,17.20963373,17.20963373
TSK005943,S018,13.0967284,13.0967284
TSK005943,S019,6.27570545,6.27570545
TSK005943,S020,6.27570545,6.27570545
TSK005943,S021,21.2231577,21.2231577
TSK005943,S022,69.92461991,69.92461991
TSK005943,S023,6.27570545,6.27570545
TSK005943,S024,6.27570545,6.27570545
TSK005943,S025,6.27570545,6.27570545
TSK005943,S026,22.80207148,22.80207148
TSK005943,S027,44.46372485,44.46372485
TSK005943,S028,6.27570545,6.27570545
TSK005943,S029,38.95420956,38.95420956
TSK005943,S030,36.21807323,36.21807323
TSK005943,S031,14.92570149,14.92570149
TSK005943,S032,57.4770123,57.4770123
TSK005943,S033,29.99718734,29.99718734
TSK005943,S034,22.44163498,22.44163498
TSK005943,S035,6.27570545,6.27570545
TSK005943,S036,37.5115518,37.5115518
TSK005943,S037,35.68567662,35.68567662
TSK005943,S038,17.28019694,17.28019694
TSK005943,S039,21.60389682,21.60389682
TSK005943,S040,22.40987345,22.40987345
TSK005943,S041,10.16806522,10.16806522
TSK005943,S042,36.7566988,36.7566988
TSK005943,S043,6.27570545,6.27570545
TSK005943,S044,12.66624781,12.66624781
TSK005943,S045,8.24875577,8.24875577
TSK005943,S046,20.89685421,20.89685421
TSK005943,S047,11.62033189,11.62033189
TSK005943,S048,76.58493571,76.58493571
TSK005943,S049,15.52100331,15.52100331
TSK005943,S050,21.37046088,21.37046088
TSK005943,S051,22.22216408,22.22216408
TSK005943,S052,14.98584849,14.98584849
TSK005943,S053,40.46480348,40.46480348
TSK005943,S054,15.77620881,15.77620881
TSK005943,S055,20.20729474,20.20729474
TSK005943,S056,6.27570545,6.27570545
TSK005943,S057,17.94064209,17.94064209
TSK005943,S058,19.91196149,19.91196149
TSK005943,S059,28.49154673,28.49154673
TSK005943,S060,23.58345193,23.58345193
TSK005943,S061,22.3788096,22.3788096
TSK005943,S062,18.35428771,18.35428771
TSK005943,S063,15.06737601,15.06737601
TSK005943,S064,50.5140699,50.5140699
TSK005943,S065,6.27570545,6.27570545
TSK005943,S066,38.5230889,38.5230889
TSK005943,S067,6.6166265,6.6166265
TSK005943,S068,11.77893898,11.77893898
TSK005943,S069,22.05474526,22.05474526
TSK005943,S070,6.6166265,6.6166265
TSK005943,S071,15.83602062,15.83602062
TSK005943,S072,6.27570545,6.27570545
TSK005943,S073,6.27570545,6.27570545
TSK005943,S074,21.94103296,21.94103296
TSK005943,S075,6.27570545,6.27570545
TSK005943,S076,9.00982123,9.00982123
TSK005943,S077,6.27570545,6.27570545
TSK005943,S078,11.77893898,11.77893898
TSK005943,S079,14.54670639,14.54670639
TSK005943,S080,21.37046088,21.37046088
TSK005943,S081,29.38036254,29.38036254
TSK005943,S082,6.27570545,6.27570545
TSK005943,S083,6.27570545,6.27570545
TSK005943,S084,6.27570545,6.27570545
TSK005943,S085,6.27570545,6.27570545
TSK005943,S086,14.67571194,14.67571194
TSK005943,S087,6.27570545,6.27570545
TSK005943,S088,15.52100331,15.52100331
TSK005943,S089,17.88526092,17.88526092
TSK005943,S090,15.52100331,15.52100331
TSK005943,S091,36.21807323,36.21807323
TSK005943,S092,28.48428421,28.48428421
TSK005943,S093,6.27570545,6.27570545
TSK005943,S094,6.27570545,6.27570545
TSK005943,S095,48.04444836,48.04444836
TSK005943,S096,26.33111624,26.33111624
TSK005943,S097,10.92460745,10.92460745
TSK005943,S098,6.27570545,6.27570545
TSK005943,S099,15.06737601,15.06737601
TSK005943,S100,6.27570545,6.27570545
TSK005953,S001,47.52786847,47.52786847
TSK005953,S002,22.30935061,22.30935061
TSK005953,S003,64.33372378,64.33372378
TSK005953,S004,103.36881472,103.36881472
TSK005953,S005,22.30935061,22.30935061
TSK005953,S006,22.30935061,22.30935061
TSK005953,S007,86.35505629,86.35505629
TSK005953,S008,157.0098704,157.0098704
TSK005953,S009,53.18992738,53.18992738
TSK005953,S010,101.83959944,101.83959944
TSK005953,S011,22.30935061,22.30935061
TSK005953,S012,178.79242129,178.79242129
TSK005953,S013,87.37248175,87.37248175
TSK005953,S014,22.30935061,22.30935061
TSK005953,S015,31.60097888,31.60097888
TSK005953,S016,42.86181468,42.86181468
TSK005953,S017,60.75688903,60.75688903
TSK005953,S018,48.96525689,48.96525689
TSK005953,S019,22.30935061,22.30935061
TSK005953,S020,22.30935061,22.30935061
TSK005953,S021,84.6773326,84.6773326
TSK005953,S022,295.42985953,295.42985953
TSK005953,S023,22.30935061,22.30935061
TSK005953,S024,22.30935061,22.30935061
TSK005953,S025,22.30935061,22.30935061
TSK005953,S026,91.38471063,91.38471063
TSK005953,S027,188.74962713,188.74962713
TSK005953,S028,22.30935061,22.30935061
TSK005953,S029,158.8608552,158.8608552
TSK005953,S030,145.81989938,145.81989938
TSK005953,S031,52.34474613,52.34474613
TSK005953,S032,187.88365549,187.88365549
TSK005953,S033,113.66810922,113.66810922
TSK005953,S034,84.72246235,84.72246235
TSK005953,S035,22.30935061,22.30935061
TSK005953,S036,159.50672232,159.50672232
TSK005953,S037,143.16120944,143.16120944
TSK005953,S038,71.00407404,71.00407404
TSK005953,S039,89.31759855,89.31759855
TSK005953,S040,84.53973845,84.53973845
TSK005953,S041,35.33239209,35.33239209
TSK005953,S042,145.6718199,145.6718199
TSK005953,S043,22.30935061,22.30935061
TSK005953,S044,44.15796696,44.15796696
TSK005953,S045,26.57494161,26.57494161
TSK005953,S046,83.30165664,83.30165664
TSK005953,S047,39.17193045,39.17193045
TSK005953,S048,302.34652314,302.34652314
TSK005953,S049,46.43513031,46.43513031
TSK005953,S050,78.8103607,78.8103607
TSK005953,S051,85.23405059,85.23405059
TSK005953,S052,51.01890789,51.01890789
TSK005953,S053,157.2872833,157.2872833
TSK005953,S054,50.99504194,50.99504194
TSK005953,S055,76.65372551,76.65372551
TSK005953,S056,22.30935061,22.30935061
TSK005953,S057,58.43828879,58.43828879
TSK005953,S058,70.72691004,70.72691004
TSK005953,S059,106.07574495,106.07574495
TSK005953,S060,84.76320241,84.76320241
TSK005953,S061,87.69780996,87.69780996
TSK005953,S062,67.33233199,67.33233199
TSK005953,S063,60.60767508,60.60767508
TSK005953,S064,213.17890879,213.17890879
TSK005953,S065,22.30935061,22.30935061
TSK005953,S066,145.65600141,145.65600141
TSK005953,S067,23.01980486,23.01980486
TSK005953,S068,35.30377744,35.30377744
TSK005953,S069,82.92812166,82.92812166
TSK005953,S070,23.01980486,23.01980486
TSK005953,S071,51.7880721,51.7880721
TSK005953,S072,22.30935061,22.30935061
TSK005953,S073,22.30935061,22.30935061
TSK005953,S074,72.69825144,72.69825144
TSK005953,S075,22.30935061,22.30935061
TSK005953,S076,30.48424178,30.48424178
TSK005953,S077,22.30935061,22.30935061
TSK005953,S078,35.30377744,35.30377744
TSK005953,S079,52.5628702,52.5628702
TSK005953,S080,78.8103607,78.8103607
TSK005953,S081,119.470262,119.470262
TSK005953,S082,22.30935061,22.30935061
TSK005953,S083,22.30935061,22.30935061
TSK005953,S084,22.30935061,22.30935061
TSK005953,S085,22.30935061,22.30935061
TSK005953,S086,51.14196921,51.14196921
TSK005953,S087,22.30935061,22.30935061
TSK005953,S088,46.43513031,46.43513031
TSK005953,S089,62.9356643,62.9356643
TSK005953,S090,46.43513031,46.43513031
TSK005953,S091,145.81989938,145.81989938
TSK005953,S092,105.09429623,105.09429623
TSK005953,S093,22.30935061,22.30935061
TSK005953,S094,22.30935061,22.30935061
TSK005953,S095,198.71349031,198.71349031
TSK005953,S096,103.79479358,103.79479358
TSK005953,S097,42.0992743,42.0992743
TSK005953,S098,22.30935061,22.30935061
TSK005953,S099,60.60767508,60.60767508
TSK005953,S100,22.30935061,22.30935061
TSK005992,S001,29.10379226,29.10379226
TSK005992,S002,9.06230682,9.06230682
TSK005992,S003,30.1797216,30.1797216
TSK005992,S004,33.94639368,33.94639368
TSK005992,S005,9.06230682,9.06230682
TSK005992,S006,9.06230682,9.06230682
TSK005992,S007,26.25549939,26.25549939
TSK005992,S008,58.75410762,58.75410762
TSK005992,S009,19.25817449,19.25817449
TSK005992,S010,28.67057778,28.67057778
TSK005992,S011,9.06230682,9.06230682
TSK005992,S012,55.31789475,55.31789475
TSK005992,S013,30.86319542,30.86319542
TSK005992,S014,9.06230682,9.06230682
TSK005992,S015,11.16724184,11.16724184
TSK005992,S016,20.19042539,20.19042539
TSK005992,S017,24.63408376,24.63408376
TSK005992,S018,18.41551535,18.41551535
TSK005992,S019,9.06230682,9.06230682
TSK005992,S020,9.06230682,9.06230682
TSK005992,S021,28.12277126,28.12277126
TSK005992,S022,94.56646554,94.56646554
TSK005992,S023,9.06230682,9.06230682
TSK005992,S024,9.06230682,9.06230682
TSK005992,S025,9.06230682,9.06230682
TSK005992,S026,29.04563843,29.04563843
TSK005992,S027,60.12854021,60.12854021
TSK005992,S028,9.06230682,9.06230682
TSK005992,S029,52.11042888,52.11042888
TSK005992,S030,46.03714793,46.03714793
TSK005992,S031,21.22304256,21.22304256
TSK005992,S032,84.51273173,84.51273173
TSK005992,S033,41.49994423,41.49994423
TSK005992,S034,30.22933305,30.22933305
TSK005992,S035,9.06230682,9.06230682
TSK005992,S036,46.28331786,46.28331786
TSK005992,S037,48.373135,48.373135
TSK005992,S038,21.10773056,21.10773056
TSK005992,S039,25.99153422,25.99153422
TSK005992,S040,30.32405313,30.32405313
TSK005992,S041,14.2982637,14.2982637
TSK005992,S042,51.10978689,51.10978689
TSK005992,S043,9.06230682,9.06230682
TSK005992,S044,17.32424945,17.32424945
TSK005992,S045,11.92757197,11.92757197
TSK005992,S046,26.1284264,26.1284264
TSK005992,S047,16.54234196,16.54234196
TSK005992,S048,106.88869362,106.88869362
TSK005992,S049,22.9538036,22.9538036
TSK005992,S050,30.44670043,30.44670043
TSK005992,S051,31.4421599,31.4421599
TSK005992,S052,22.25206712,22.25206712
TSK005992,S053,52.70300078,52.70300078
TSK005992,S054,22.23623671,22.23623671
TSK005992,S055,28.23428779,28.23428779
TSK005992,S056,9.06230682,9.06230682
TSK005992,S057,25.32058452,25.32058452
TSK005992,S058,28.68831679,28.68831679
TSK005992,S059,39.43957635,39.43957635
TSK005992,S060,32.65787875,32.65787875
TSK005992,S061,29.68543499,29.68543499
TSK005992,S062,26.24366417,26.24366417
TSK005992,S063,19.7376859,19.7376859
TSK005992,S064,66.24697267,66.24697267
TSK005992,S065,9.06230682,9.06230682
TSK005992,S066,54.90471339,54.90471339
TSK005992,S067,9.55310285,9.55310285
TSK005992,S068,17.23104516,17.23104516
TSK005992,S069,31.92492787,31.92492787
TSK005992,S070,9.55310285,9.55310285
TSK005992,S071,23.89528534,23.89528534
TSK005992,S072,9.06230682,9.06230682
TSK005992,S073,9.06230682,9.06230682
TSK005992,S074,31.74658687,31.74658687
TSK005992,S075,9.06230682,9.06230682
TSK005992,S076,13.3036578,13.3036578
TSK005992,S077,9.06230682,9.06230682
TSK005992,S078,17.23104516,17.23104516
TSK005992,S079,21.13246587,21.13246587
TSK005992,S080,30.44670043,30.44670043
TSK005992,S081,37.2089922,37.2089922
TSK005992,S082,9.06230682,9.06230682
TSK005992,S083,9.06230682,9.06230682
TSK005992,S084,9.06230682,9.06230682
TSK005992,S085,9.06230682,9.06230682
TSK005992,S086,20.73481772,20.73481772
TSK005992,S087,9.06230682,9.06230682
TSK005992,S088,22.9538036,22.9538036
TSK005992,S089,26.68732048,26.68732048
TSK005992,S090,22.9538036,22.9538036
TSK005992,S091,46.03714793,46.03714793
TSK005992,S092,36.55896145,36.55896145
TSK005992,S093,9.06230682,9.06230682
TSK005992,S094,9.06230682,9.06230682
TSK005992,S095,64.42938592,64.42938592
TSK005992,S096,33.75746317,33.75746317
TSK005992,S097,14.60416821,14.60416821
TSK005992,S098,9.06230682,9.06230682
TSK005992,S099,19.7376859,19.7376859
TSK005992,S100,9.06230682,9.06230682
TSK006030,S001,15.93028567,15.93028567
TSK006030,S002,4.45133057,4.45133057
TSK006030,S003,16.32448699,16.32448699
TSK006030,S004,17.53580994,17.53580994
TSK006030,S005,4.45133057,4.45133057
TSK006030,S006,4.45133057,4.45133057
TSK006030,S007,11.84912755,11.84912755
TSK006030,S008,30.32799959,30.32799959
TSK006030,S009,8.35993796,8.35993796
TSK006030,S010,13.17447065,13.17447065
TSK006030,S011,4.45133057,4.45133057
TSK006030,S012,20.19433953,20.19433953
TSK006030,S013,13.59751355,13.59751355
TSK006030,S014,4.45133057,4.45133057
TSK006030,S015,5.38611659,5.38611659
TSK006030,S016,11.36549378,11.36549378
TSK006030,S017,12.92901618,12.92901618
TSK006030,S018,9.05587235,9.05587235
TSK006030,S019,4.45133057,4.45133057
TSK006030,S020,4.45133057,4.45133057
TSK006030,S021,13.31323271,13.31323271
TSK006030,S022,41.02682573,41.02682573
TSK006030,S023,4.45133057,4.45133057
TSK006030,S024,4.45133057,4.45133057
TSK006030,S025,4.45133057,4.45133057
TSK006030,S026,14.53423548,14.53423548
TSK006030,S027,24.73001411,24.73001411
TSK006030,S028,4.45133057,4.45133057
TSK006030,S029,23.4959574,23.4959574
TSK006030,S030,22.47400719,22.47400719
TSK006030,S031,11.01857461,11.01857461
TSK006030,S032,43.87216065,43.87216065
TSK006030,S033,19.87856031,19.87856031
TSK006030,S034,15.0159819,15.0159819
TSK006030,S035,4.45133057,4.45133057
TSK006030,S036,20.70254138,20.70254138
TSK006030,S037,22.20043063,22.20043063
TSK006030,S038,10.10395194,10.10395194
TSK006030,S039,12.50927594,12.50927594
TSK006030,S040,15.50977317,15.50977317
TSK006030,S041,7.51565188,7.51565188
TSK006030,S042,23.60241435,23.60241435
TSK006030,S043,4.45133057,4.45133057
TSK006030,S044,9.22955777,9.22955777
TSK006030,S045,6.39990697,6.39990697
TSK006030,S046,12.92821727,12.92821727
TSK006030,S047,8.94939907,8.94939907
TSK006030,S048,50.58670148,50.58670148
TSK006030,S049,12.91696712,12.91696712
TSK006030,S050,15.42737438,15.42737438
TSK006030,S051,15.16758489,15.16758489
TSK006030,S052,11.80591384,11.80591384
TSK006030,S053,27.16436903,27.16436903
TSK006030,S054,12.52306563,12.52306563
TSK006030,S055,13.49796003,13.49796003
TSK006030,S056,4.45133057,4.45133057
TSK006030,S057,13.47160631,13.47160631
TSK006030,S058,14.67735544,14.67735544
TSK006030,S059,20.28778505,20.28778505
TSK006030,S060,17.7385015,17.7385015
TSK006030,S061,14.32555692,14.32555692
TSK006030,S062,13.12633501,13.12633501
TSK006030,S063,9.2343287,9.2343287
TSK006030,S064,28.66524191,28.66524191
TSK006030,S065,4.45133057,4.45133057
TSK006030,S066,25.68590956,25.68590956
TSK006030,S067,4.78854345,4.78854345
TSK006030,S068,9.86482636,9.86482636
TSK006030,S069,15.23000898,15.23000898
TSK006030,S070,4.78854345,4.78854345
TSK006030,S071,13.44013341,13.44013341
TSK006030,S072,4.45133057,4.45133057
TSK006030,S073,4.45133057,4.45133057
TSK006030,S074,17.14095059,17.14095059
TSK006030,S075,4.45133057,4.45133057
TSK006030,S076,7.05111976,7.05111976
TSK006030,S077,4.45133057,4.45133057
TSK006030,S078,9.86482636,9.86482636
TSK006030,S079,11.22607449,11.22607449
TSK006030,S080,15.42737438,15.42737438
TSK006030,S081,17.74730538,17.74730538
TSK006030,S082,4.45133057,4.45133057
TSK006030,S083,4.45133057,4.45133057
TSK006030,S084,4.45133057,4.45133057
TSK006030,S085,4.45133057,4.45133057
TSK006030,S086,11.20200428,11.20200428
TSK006030,S087,4.45133057,4.45133057
TSK006030,S088,12.91696712,12.91696712
TSK006030,S089,13.72241939,13.72241939
TSK006030,S090,12.91696712,12.91696712
TSK006030,S091,22.47400719,22.47400719
TSK006030,S092,18.33648775,18.33648775
TSK006030,S093,4.45133057,4.45133057
TSK006030,S094,4.45133057,4.45133057
TSK006030,S095,28.33167964,28.33167964
TSK006030,S096,16.36537802,16.36537802
TSK006030,S097,7.19897304,7.19897304
TSK006030,S098,4.45133057,4.45133057
TSK006030,S099,9.2343287,9.2343287
TSK006030,S100,4.45133057,4.45133057
TSK006037,S001,25.3439305,25.3439305
TSK006037,S002,10.21900978,10.21900978
TSK006037,S003,32.61738428,32.61738428
TSK006037,S004,45.73598456,45.73598456
TSK006037,S005,10.21900978,10.21900978
TSK006037,S006,10.21900978,10.21900978
TSK006037,S007,35.91302089,35.91302089
TSK006037,S008,74.13831595,74.13831595
TSK006037,S009,22.8492009,22.8492009
TSK006037,S010,41.62079147,41.62079147
TSK006037,S011,10.21900978,10.21900978
TSK006037,S012,71.26098338,71.26098338
TSK006037,S013,37.69973118,37.69973118
TSK006037,S014,10.21900978,10.21900978
TSK006037,S015,13.84355092,13.84355092
TSK006037,S016,22.20756483,22.20756483
TSK006037,S017,28.96103241,28.96103241
TSK006037,S018,22.2531914,22.2531914
TSK006037,S019,10.21900978,10.21900978
TSK006037,S020,10.21900978,10.21900978
TSK006037,S021,36.74956977,36.74956977
TSK006037,S022,125.40568445,125.40568445
TSK006037,S023,10.21900978,10.21900978
TSK006037,S024,10.21900978,10.21900978
TSK006037,S025,10.21900978,10.21900978
TSK006037,S026,40.07659953,40.07659953
TSK006037,S027,78.03350787,78.03350787
TSK006037,S028,10.21900978,10.21900978
TSK006037,S029,67.79780134,67.79780134
TSK006037,S030,63.0304123,63.0304123
TSK006037,S031,24.61440882,24.61440882
TSK006037,S032,89.6985089,89.6985089
TSK006037,S033,50.39721044,50.39721044
TSK006037,S034,37.76553815,37.76553815
TSK006037,S035,10.21900978,10.21900978
TSK006037,S036,65.71878082,65.71878082
TSK006037,S037,61.91651196,61.91651196
TSK006037,S038,29.84914348,29.84914348
TSK006037,S039,37.41605542,37.41605542
TSK006037,S040,38.50947079,38.50947079
TSK006037,S041,16.60622739,16.60622739
TSK006037,S042,63.99499699,63.99499699
TSK006037,S043,10.21900978,10.21900978
TSK006037,S044,20.55055899,20.55055899
TSK006037,S045,12.82959707,12.82959707
TSK006037,S046,35.85350182,35.85350182
TSK006037,S047,18.90599648,18.90599648
TSK006037,S048,134.97931458,134.97931458
TSK006037,S049,23.61956989,23.61956989
TSK006037,S050,36.7721448,36.7721448
TSK006037,S051,38.60384743,38.60384743
TSK006037,S052,25.08051293,25.08051293
TSK006037,S053,70.68883438,70.68883438
TSK006037,S054,25.08549037,25.08549037
TSK006037,S055,34.16686059,34.16686059
TSK006037,S056,10.21900978,10.21900978
TSK006037,S057,27.52691113,27.52691113
TSK006037,S058,33.28642603,33.28642603
TSK006037,S059,49.11676314,49.11676314
TSK006037,S060,40.53583663,40.53583663
TSK006037,S061,38.35316801,38.35316801
TSK006037,S062,31.19035867,31.19035867
TSK006037,S063,26.00536916,26.00536916
TSK006037,S064,88.89261114,88.89261114
TSK006037,S065,10.21900978,10.21900978
TSK006037,S066,64.8024428,64.8024428
TSK006037,S067,10.65652734,10.65652734
TSK006037,S068,18.05987882,18.05987882
TSK006037,S069,37.69707796,37.69707796
TSK006037,S070,10.65652734,10.65652734
TSK006037,S071,26.90913989,26.90913989
TSK006037,S072,10.21900978,10.21900978
TSK006037,S073,10.21900978,10.21900978
TSK006037,S074,35.40495216,35.40495216
TSK006037,S075,10.21900978,10.21900978
TSK006037,S076,14.90070969,14.90070969
TSK006037,S077,10.21900978,10.21900978
TSK006037,S078,18.05987882,18.05987882
TSK006037,S079,25.6140444,25.6140444
TSK006037,S080,36.7721448,36.7721448
TSK006037,S081,50.98898472,50.98898472
TSK006037,S082,10.21900978,10.21900978
TSK006037,S083,10.21900978,10.21900978
TSK006037,S084,10.21900978,10.21900978
TSK006037,S085,10.21900978,10.21900978
TSK006037,S086,24.61954783,24.61954783
TSK006037,S087,10.21900978,10.21900978
TSK006037,S088,23.61956989,23.61956989
TSK006037,S089,30.44757396,30.44757396
TSK006037,S090,23.61956989,23.61956989
TSK006037,S091,63.0304123,63.0304123
TSK006037,S092,45.4457815,45.4457815
TSK006037,S093,10.21900978,10.21900978
TSK006037,S094,10.21900978,10.21900978
TSK006037,S095,84.08057992,84.08057992
TSK006037,S096,44.66509254,44.66509254
TSK006037,S097,18.66920958,18.66920958
TSK006037,S098,10.21900978,10.21900978
TSK006037,S099,26.00536916,26.00536916
TSK006037,S100,10.21900978,10.21900978
TSK006134,S001,35.75180308,35.75180308
TSK006134,S002,16.59765156,16.59765156
TSK006134,S003,49.03406054,49.03406054
TSK006134,S004,76.79433026,76.79433026
TSK006134,S005,16.59765156,16.59765156
TSK006134,S006,16.59765156,16.59765156
TSK006134,S007,63.39789869,63.39789869
TSK006134,S008,118.93878296,118.93878296
TSK006134,S009,39.22495892,39.22495892
TSK006134,S010,74.48939495,74.48939495
TSK006134,S011,16.59765156,16.59765156
TSK006134,S012,130.45284266,130.45284266
TSK006134,S013,64.61508385,64.61508385
TSK006134,S014,16.59765156,16.59765156
TSK006134,S015,23.358128,23.358128
TSK006134,S016,32.86025291,32.86025291
TSK006134,S017,45.7904081,45.7904081
TSK006134,S018,36.55917017,36.55917017
TSK006134,S019,16.59765156,16.59765156
TSK006134,S020,16.59765156,16.59765156
TSK006134,S021,62.73891145,62.73891145
TSK006134,S022,218.71355411,218.71355411
TSK006134,S023,16.59765156,16.59765156
TSK006134,S024,16.59765156,16.59765156
TSK006134,S025,16.59765156,16.59765156
TSK006134,S026,67.97415812,67.97415812
TSK006134,S027,138.6461236,138.6461236
TSK006134,S028,16.59765156,16.59765156
TSK006134,S029,117.35513667,117.35513667
TSK006134,S030,108.00977043,108.00977043
TSK006134,S031,39.23000957,39.23000957
TSK006134,S032,140.2469728,140.2469728
TSK006134,S033,84.30386976,84.30386976
TSK006134,S034,62.92012202,62.92012202
TSK006134,S035,16.59765156,16.59765156
TSK006134,S036,117.06199186,117.06199186
TSK006134,S037,106.01704969,106.01704969
TSK006134,S038,52.24460681,52.24460681
TSK006134,S039,65.69118514,65.69118514
TSK006134,S040,63.23759753,63.23759753
TSK006134,S041,26.44399592,26.44399592
TSK006134,S042,108.27826545,108.27826545
TSK006134,S043,16.59765156,16.59765156
TSK006134,S044,32.95016308,32.95016308
TSK006134,S045,19.87611421,19.87611421
TSK006134,S046,61.54721877,61.54721877
TSK006134,S047,29.47605698,29.47605698
TSK006134,S048,225.83387905,225.83387905
TSK006134,S049,35.02562826,35.02562826
TSK006134,S050,59.27563629,59.27563629
TSK006134,S051,63.75866794,63.75866794
TSK006134,S052,38.69457252,38.69457252
TSK006134,S053,117.53499894,117.53499894
TSK006134,S054,38.4175522,38.4175522
TSK006134,S055,56.95932196,56.95932196
TSK006134,S056,16.59765156,16.59765156
TSK006134,S057,43.39334364,43.39334364
TSK006134,S058,53.10806406,53.10806406
TSK006134,S059,79.66470642,79.66470642
TSK006134,S060,64.09966797,64.09966797
TSK006134,S061,65.00546253,65.00546253
TSK006134,S062,50.4845363,50.4845363
TSK006134,S063,44.78099541,44.78099541
TSK006134,S064,156.91338969,156.91338969
TSK006134,S065,16.59765156,16.59765156
TSK006134,S066,108.1236805,108.1236805
TSK006134,S067,17.14106497,17.14106497
TSK006134,S068,26.69343018,26.69343018
TSK006134,S069,61.9643218,61.9643218
TSK006134,S070,17.14106497,17.14106497
TSK006134,S071,39.87420141,39.87420141
TSK006134,S072,16.59765156,16.59765156
TSK006134,S073,16.59765156,16.59765156
TSK006134,S074,54.75435211,54.75435211
TSK006134,S075,16.59765156,16.59765156
TSK006134,S076,23.05431686,23.05431686
TSK006134,S077,16.59765156,16.59765156
TSK006134,S078,26.69343018,26.69343018
TSK006134,S079,40.0405029,40.0405029
TSK006134,S080,59.27563629,59.27563629
TSK006134,S081,88.22869659,88.22869659
TSK006134,S082,16.59765156,16.59765156
TSK006134,S083,16.59765156,16.59765156
TSK006134,S084,16.59765156,16.59765156
TSK006134,S085,16.59765156,16.59765156
TSK006134,S086,38.61453936,38.61453936
TSK006134,S087,16.59765156,16.59765156
TSK006134,S088,35.02562826,35.02562826
TSK006134,S089,47.66180988,47.66180988
TSK006134,S090,35.02562826,35.02562826
TSK006134,S091,108.00977043,108.00977043
TSK006134,S092,77.05353959,77.05353959
TSK006134,S093,16.59765156,16.59765156
TSK006134,S094,16.59765156,16.59765156
TSK006134,S095,146.62168628,146.62168628
TSK006134,S096,76.58495586,76.58495586
TSK006134,S097,31.28801119,31.28801119
TSK006134,S098,16.59765156,16.59765156
TSK006134,S099,44.78099541,44.78099541
TSK006134,S100,16.59765156,16.59765156
TSK006154,S001,20.83813789,20.83813789
TSK006154,S002,7.72283049,7.72283049
TSK006154,S003,24.669516,24.669516
TSK006154,S004,33.68410853,33.68410853
TSK006154,S005,7.72283049,7.72283049
TSK006154,S006,7.72283049,7.72283049
TSK006154,S007,26.21891657,26.21891657
TSK006154,S008,53.7323868,53.7323868
TSK006154,S009,16.8745168,16.8745168
TSK006154,S010,30.37028494,30.37028494
TSK006154,S011,7.72283049,7.72283049
TSK006154,S012,51.31844009,51.31844009
TSK006154,S013,27.63239879,27.63239879
TSK006154,S014,7.72283049,7.72283049
TSK006154,S015,10.31144405,10.31144405
TSK006154,S016,16.77324784,16.77324784
TSK006154,S017,21.59557962,21.59557962
TSK006154,S018,16.46939508,16.46939508
TSK006154,S019,7.72283049,7.72283049
TSK006154,S020,7.72283049,7.72283049
TSK006154,S021,26.87496582,26.87496582
TSK006154,S022,90.08024478,90.08024478
TSK006154,S023,7.72283049,7.72283049
TSK006154,S024,7.72283049,7.72283049
TSK006154,S025,7.72283049,7.72283049
TSK006154,S026,29.12402458,29.12402458
TSK006154,S027,56.51651525,56.51651525
TSK006154,S028,7.72283049,7.72283049
TSK006154,S029,49.40515237,49.40515237
TSK006154,S030,45.97273471,45.97273471
TSK006154,S031,18.51781,18.51781
TSK006154,S032,69.38441773,69.38441773
TSK006154,S033,37.44045188,37.44045188
TSK006154,S034,28.04391641,28.04391641
TSK006154,S035,7.72283049,7.72283049
TSK006154,S036,47.62453949,47.62453949
TSK006154,S037,45.22628795,45.22628795
TSK006154,S038,21.80638749,21.80638749
TSK006154,S039,27.29376601,27.29376601
TSK006154,S040,28.352957,28.352957
TSK006154,S041,12.55146525,12.55146525
TSK006154,S042,46.71762233,46.71762233
TSK006154,S043,7.72283049,7.72283049
TSK006154,S044,15.57304696,15.57304696
TSK006154,S045,9.94701382,9.94701382
TSK006154,S046,26.31911091,26.31911091
TSK006154,S047,14.33846221,14.33846221
TSK006154,S048,98.07928466,98.07928466
TSK006154,S049,18.56557158,18.56557158
TSK006154,S050,27.09767068,27.09767068
TSK006154,S051,28.26724686,28.26724686
TSK006154,S052,18.78501291,18.78501291
TSK006154,S053,51.5998394,51.5998394
TSK006154,S054,19.2594418,19.2594418
TSK006154,S055,25.31428955,25.31428955
TSK006154,S056,7.72283049,7.72283049
TSK006154,S057,21.45648443,21.45648443
TSK006154,S058,24.88065531,24.88065531
TSK006154,S059,36.14560476,36.14560476
TSK006154,S060,29.93150742,29.93150742
TSK006154,S061,28.19906312,28.19906312
TSK006154,S062,23.1100127,23.1100127
TSK006154,S063,19.03239595,19.03239595
TSK006154,S064,64.33855237,64.33855237
TSK006154,S065,7.72283049,7.72283049
TSK006154,S066,48.12406396,48.12406396
TSK006154,S067,8.101802,8.101802
TSK006154,S068,14.14688503,14.14688503
TSK006154,S069,27.82137639,27.82137639
TSK006154,S070,8.101802,8.101802
TSK006154,S071,20.07275784,20.07275784
TSK006154,S072,7.72283049,7.72283049
TSK006154,S073,7.72283049,7.72283049
TSK006154,S074,26.97276164,26.97276164
TSK006154,S075,7.72283049,7.72283049
TSK006154,S076,11.22034116,11.22034116
TSK006154,S077,7.72283049,7.72283049
TSK006154,S078,14.14688503,14.14688503
TSK006154,S079,18.72245766,18.72245766
TSK006154,S080,27.09767068,27.09767068
TSK006154,S081,37.20653016,37.20653016
TSK006154,S082,7.72283049,7.72283049
TSK006154,S083,7.72283049,7.72283049
TSK006154,S084,7.72283049,7.72283049
TSK006154,S085,7.72283049,7.72283049
TSK006154,S086,18.39644969,18.39644969
TSK006154,S087,7.72283049,7.72283049
TSK006154,S088,18.56557158,18.56557158
TSK006154,S089,22.60008633,22.60008633
TSK006154,S090,18.56557158,18.56557158
TSK006154,S091,45.97273471,45.97273471
TSK006154,S092,34.56284509,34.56284509
TSK006154,S093,7.72283049,7.72283049
TSK006154,S094,7.72283049,7.72283049
TSK006154,S095,61.07609987,61.07609987
TSK006154,S096,32.96521163,32.96521163
TSK006154,S097,13.7576936,13.7576936
TSK006154,S098,7.72283049,7.72283049
TSK006154,S099,19.03239595,19.03239595
TSK006154,S100,7.72283049,7.72283049
TSK006169,S001,35.55345004,35.55345004
TSK006169,S002,16.53572233,16.53572233
TSK006169,S003,48.6571,48.6571
TSK006169,S004,76.52597026,76.52597026
TSK006169,S005,16.53572233,16.53572233
TSK006169,S006,16.53572233,16.53572233
TSK006169,S007,63.3018635,63.3018635
TSK006169,S008,118.1426782,118.1426782
TSK006169,S009,39.13610394,39.13610394
TSK006169,S010,74.4229781,74.4229781
TSK006169,S011,16.53572233,16.53572233
TSK006169,S012,130.39091343,130.39091343
TSK006169,S013,64.43827141,64.43827141
TSK006169,S014,16.53572233,16.53572233
TSK006169,S015,23.29619877,23.29619877
TSK006169,S016,32.57663498,32.57663498
TSK006169,S017,45.5220481,45.5220481
TSK006169,S018,36.40120576,36.40120576
TSK006169,S019,16.53572233,16.53572233
TSK006169,S020,16.53572233,16.53572233
TSK006169,S021,62.5477386,62.5477386
TSK006169,S022,218.07631129,218.07631129
TSK006169,S023,16.53572233,16.53572233
TSK006169,S024,16.53572233,16.53572233
TSK006169,S025,16.53572233,16.53572233
TSK006169,S026,67.72285109,67.72285109
TSK006169,S027,138.42353737,138.42353737
TSK006169,S028,16.53572233,16.53572233
TSK006169,S029,117.05536329,117.05536329
TSK006169,S030,107.68576387,107.68576387
TSK006169,S031,39.03614415,39.03614415
TSK006169,S032,139.64652851,139.64652851
TSK006169,S033,84.03281719,84.03281719
TSK006169,S034,62.70381847,62.70381847
TSK006169,S035,16.53572233,16.53572233
TSK006169,S036,116.89146209,116.89146209
TSK006169,S037,105.70291591,105.70291591
TSK006169,S038,52.14587905,52.14587905
TSK006169,S039,65.5718143,65.5718143
TSK006169,S040,62.94500435,62.94500435
TSK006169,S041,26.31923994,26.31923994
TSK006169,S042,107.89053461,107.89053461
TSK006169,S043,16.53572233,16.53572233
TSK006169,S044,32.81104669,32.81104669
TSK006169,S045,19.78456665,19.78456665
TSK006169,S046,61.38835682,61.38835682
TSK006169,S047,29.31091236,29.31091236
TSK006169,S048,224.84301134,224.84301134
TSK006169,S049,34.81560739,34.81560739
TSK006169,S050,58.94803963,58.94803963
TSK006169,S051,63.46338219,63.46338219
TSK006169,S052,38.42800757,38.42800757
TSK006169,S053,117.01084429,117.01084429
TSK006169,S054,38.19496598,38.19496598
TSK006169,S055,56.75827634,56.75827634
TSK006169,S056,16.53572233,16.53572233
TSK006169,S057,43.245252,43.245252
TSK006169,S058,52.82893376,52.82893376
TSK006169,S059,79.24376715,79.24376715
TSK006169,S060,63.68860148,63.68860148
TSK006169,S061,64.80262186,64.80262186
TSK006169,S062,50.23143422,50.23143422
TSK006169,S063,44.66521467,44.66521467
TSK006169,S064,156.60733364,156.60733364
TSK006169,S065,16.53572233,16.53572233
TSK006169,S066,107.76018283,107.76018283
TSK006169,S067,17.07464812,17.07464812
TSK006169,S068,26.52290041,26.52290041
TSK006169,S069,61.68878159,61.68878159
TSK006169,S070,17.07464812,17.07464812
TSK006169,S071,39.50262602,39.50262602
TSK006169,S072,16.53572233,16.53572233
TSK006169,S073,16.53572233,16.53572233
TSK006169,S074,54.4393208,54.4393208
TSK006169,S075,16.53572233,16.53572233
TSK006169,S076,22.90622522,22.90622522
TSK006169,S077,16.53572233,16.53572233
TSK006169,S078,26.52290041,26.52290041
TSK006169,S079,39.73624189,39.73624189
TSK006169,S080,58.94803963,58.94803963
TSK006169,S081,88.00790542,88.00790542
TSK006169,S082,16.53572233,16.53572233
TSK006169,S083,16.53572233,16.53572233
TSK006169,S084,16.53572233,16.53572233
TSK006169,S085,16.53572233,16.53572233
TSK006169,S086,38.37669521,38.37669521
TSK006169,S087,16.53572233,16.53572233
TSK006169,S088,34.81560739,34.81560739
TSK006169,S089,47.34498353,47.34498353
TSK006169,S090,34.81560739,34.81560739
TSK006169,S091,107.68576387,107.68576387
TSK006169,S092,76.9539143,76.9539143
TSK006169,S093,16.53572233,16.53572233
TSK006169,S094,16.53572233,16.53572233
TSK006169,S095,146.27613912,146.27613912
TSK006169,S096,76.40455332,76.40455332
TSK006169,S097,31.17671808,31.17671808
TSK006169,S098,16.53572233,16.53572233
TSK006169,S099,44.66521467,44.66521467
TSK006169,S100,16.53572233,16.53572233
TSK006212,S001,8.16230987,8.16230987
TSK006212,S002,1.84188164,1.84188164
TSK006212,S003,6.80962701,6.80962701
TSK006212,S004,6.43865526,6.43865526
TSK006212,S005,1.84188164,1.84188164
TSK006212,S006,1.84188164,1.84188164
TSK006212,S007,4.02387246,4.02387246
TSK006212,S008,10.49224139,10.49224139
TSK006212,S009,3.0844951,3.0844951
TSK006212,S010,4.40882199,4.40882199
TSK006212,S011,1.84188164,1.84188164
TSK006212,S012,5.93028282,5.93028282
TSK006212,S013,4.82023911,4.82023911
TSK006212,S014,1.84188164,1.84188164
TSK006212,S015,2.08464211,2.08464211
TSK006212,S016,4.72438687,4.72438687
TSK006212,S017,5.09897408,5.09897408
TSK006212,S018,3.42934939,3.42934939
TSK006212,S019,1.84188164,1.84188164
TSK006212,S020,1.84188164,1.84188164
TSK006212,S021,4.67025141,4.67025141
TSK006212,S022,12.60205384,12.60205384
TSK006212,S023,1.84188164,1.84188164
TSK006212,S024,1.84188164,1.84188164
TSK006212,S025,1.84188164,1.84188164
TSK006212,S026,4.93782908,4.93782908
TSK006212,S027,7.9055949,7.9055949
TSK006212,S028,1.84188164,1.84188164
TSK006212,S029,8.00185868,8.00185868
TSK006212,S030,7.74784388,7.74784388
TSK006212,S031,4.49053279,4.49053279
TSK006212,S032,19.64460605,19.64460605
TSK006212,S033,7.61938771,7.61938771
TSK006212,S034,5.75046553,5.75046553
TSK006212,S035,1.84188164,1.84188164
TSK006212,S036,6.62799707,6.62799707
TSK006212,S037,7.72237829,7.72237829
TSK006212,S038,3.46750394,3.46750394
TSK006212,S039,4.24337765,4.24337765
TSK006212,S040,5.7348795,5.7348795
TSK006212,S041,3.11628079,3.11628079
TSK006212,S042,8.24137679,8.24137679
TSK006212,S043,1.84188164,1.84188164
TSK006212,S044,3.86124939,3.86124939
TSK006212,S045,2.88386379,2.88386379
TSK006212,S046,4.61787048,4.61787048
TSK006212,S047,3.76036095,3.76036095
TSK006212,S048,17.32632246,17.32632246
TSK006212,S049,6.02160564,6.02160564
TSK006212,S050,5.76355847,5.76355847
TSK006212,S051,5.44819554,5.44819554
TSK006212,S052,4.75182796,4.75182796
TSK006212,S053,9.57130606,9.57130606
TSK006212,S054,5.47573147,5.47573147
TSK006212,S055,5.11441809,5.11441809
TSK006212,S056,1.84188164,1.84188164
TSK006212,S057,6.1761101,6.1761101
TSK006212,S058,5.83428882,5.83428882
TSK006212,S059,7.51783333,7.51783333
TSK006212,S060,6.7225614,6.7225614
TSK006212,S061,5.19351824,5.19351824
TSK006212,S062,5.0168658,5.0168658
TSK006212,S063,3.23722134,3.23722134
TSK006212,S064,9.18118627,9.18118627
TSK006212,S065,1.84188164,1.84188164
TSK006212,S066,9.83540657,9.83540657
TSK006212,S067,2.02657535,2.02657535
TSK006212,S068,4.55634812,4.55634812
TSK006212,S069,5.69296656,5.69296656
TSK006212,S070,2.02657535,2.02657535
TSK006212,S071,5.35998919,5.35998919
TSK006212,S072,1.84188164,1.84188164
TSK006212,S073,1.84188164,1.84188164
TSK006212,S074,7.31349483,7.31349483
TSK006212,S075,1.84188164,1.84188164
TSK006212,S076,2.89185049,2.89185049
TSK006212,S077,1.84188164,1.84188164
TSK006212,S078,4.55634812,4.55634812
TSK006212,S079,4.08733098,4.08733098
TSK006212,S080,5.76355847,5.76355847
TSK006212,S081,6.09523955,6.09523955
TSK006212,S082,1.84188164,1.84188164
TSK006212,S083,1.84188164,1.84188164
TSK006212,S084,1.84188164,1.84188164
TSK006212,S085,1.84188164,1.84188164
TSK006212,S086,4.45937434,4.45937434
TSK006212,S087,1.84188164,1.84188164
TSK006212,S088,6.02160564,6.02160564
TSK006212,S089,5.32515213,5.32515213
TSK006212,S090,6.02160564,6.02160564
TSK006212,S091,7.74784388,7.74784388
TSK006212,S092,7.75332843,7.75332843
TSK006212,S093,1.84188164,1.84188164
TSK006212,S094,1.84188164,1.84188164
TSK006212,S095,9.40397401,9.40397401
TSK006212,S096,6.02143726,6.02143726
TSK006212,S097,2.65294263,2.65294263
TSK006212,S098,1.84188164,1.84188164
TSK006212,S099,3.23722134,3.23722134
TSK006212,S100,1.84188164,1.84188164
TSK006215,S001,14.23383641,14.23383641
TSK006215,S002,3.77221339,3.77221339
TSK006215,S003,13.18486333,13.18486333
TSK006215,S004,14.42352253,14.42352253
TSK006215,S005,3.77221339,3.77221339
TSK006215,S006,3.77221339,3.77221339
TSK006215,S007,9.99710228,9.99710228
TSK006215,S008,23.2006686,23.2006686
TSK006215,S009,7.05722216,7.05722216
TSK006215,S010,11.26993015,11.26993015
TSK006215,S011,3.77221339,3.77221339
TSK006215,S012,17.12171282,17.12171282
TSK006215,S013,11.25516218,11.25516218
TSK006215,S014,3.77221339,3.77221339
TSK006215,S015,4.56487796,4.56487796
TSK006215,S016,9.07814029,9.07814029
TSK006215,S017,10.45967069,10.45967069
TSK006215,S018,7.40365162,7.40365162
TSK006215,S019,3.77221339,3.77221339
TSK006215,S020,3.77221339,3.77221339
TSK006215,S021,10.91925609,10.91925609
TSK006215,S022,32.71625709,32.71625709
TSK006215,S023,3.77221339,3.77221339
TSK006215,S024,3.77221339,3.77221339
TSK006215,S025,3.77221339,3.77221339
TSK006215,S026,11.66546743,11.66546743
TSK006215,S027,20.56801993,20.56801993
TSK006215,S028,3.77221339,3.77221339
TSK006215,S029,19.34299411,19.34299411
TSK006215,S030,18.37245529,18.37245529
TSK006215,S031,9.12827439,9.12827439
TSK006215,S032,37.82108025,37.82108025
TSK006215,S033,16.62749245,16.62749245
TSK006215,S034,12.50637755,12.50637755
TSK006215,S035,3.77221339,3.77221339
TSK006215,S036,17.2931126,17.2931126
TSK006215,S037,18.20296106,18.20296106
TSK006215,S038,8.46384181,8.46384181
TSK006215,S039,10.47164944,10.47164944
TSK006215,S040,12.52577856,12.52577856
TSK006215,S041,6.28116954,6.28116954
TSK006215,S042,19.1243032,19.1243032
TSK006215,S043,3.77221339,3.77221339
TSK006215,S044,7.79041497,7.79041497
TSK006215,S045,5.50676667,5.50676667
TSK006215,S046,10.75656412,10.75656412
TSK006215,S047,7.42500725,7.42500725
TSK006215,S048,40.13773232,40.13773232
TSK006215,S049,11.08187943,11.08187943
TSK006215,S050,12.31922577,12.31922577
TSK006215,S051,12.14424633,12.14424633
TSK006215,S052,9.49311607,9.49311607
TSK006215,S053,21.69608893,21.69608893
TSK006215,S054,10.51375059,10.51375059
TSK006215,S055,11.19052815,11.19052815
TSK006215,S056,3.77221339,3.77221339
TSK006215,S057,11.83373253,11.83373253
TSK006215,S058,12.00673658,12.00673658
TSK006215,S059,16.21992634,16.21992634
TSK006215,S060,14.04902437,14.04902437
TSK006215,S061,11.82980615,11.82980615
TSK006215,S062,10.64185684,10.64185684
TSK006215,S063,7.64828116,7.64828116
TSK006215,S064,23.63282574,23.63282574
TSK006215,S065,3.77221339,3.77221339
TSK006215,S066,21.42171272,21.42171272
TSK006215,S067,4.07699852,4.07699852
TSK006215,S068,8.40095776,8.40095776
TSK006215,S069,12.37724323,12.37724323
TSK006215,S070,4.07699852,4.07699852
TSK006215,S071,10.48227208,10.48227208
TSK006215,S072,3.77221339,3.77221339
TSK006215,S073,3.77221339,3.77221339
TSK006215,S074,14.27154179,14.27154179
TSK006215,S075,3.77221339,3.77221339
TSK006215,S076,5.74114393,5.74114393
TSK006215,S077,3.77221339,3.77221339
TSK006215,S078,8.40095776,8.40095776
TSK006215,S079,8.62657451,8.62657451
TSK006215,S080,12.31922577,12.31922577
TSK006215,S081,14.65618974,14.65618974
TSK006215,S082,3.77221339,3.77221339
TSK006215,S083,3.77221339,3.77221339
TSK006215,S084,3.77221339,3.77221339
TSK006215,S085,3.77221339,3.77221339
TSK006215,S086,9.05527178,9.05527178
TSK006215,S087,3.77221339,3.77221339
TSK006215,S088,11.08187943,11.08187943
TSK006215,S089,10.92346915,10.92346915
TSK006215,S090,11.08187943,11.08187943
TSK006215,S091,18.37245529,18.37245529
TSK006215,S092,16.30184715,16.30184715
TSK006215,S093,3.77221339,3.77221339
TSK006215,S094,3.77221339,3.77221339
TSK006215,S095,23.29717211,23.29717211
TSK006215,S096,13.77953678,13.77953678
TSK006215,S097,5.92013754,5.92013754
TSK006215,S098,3.77221339,3.77221339
TSK006215,S099,7.64828116,7.64828116
TSK006215,S100,3.77221339,3.77221339
TSK006221,S001,10.29004904,10.29004904
TSK006221,S002,2.32537982,2.32537982
TSK006221,S003,8.62612561,8.62612561
TSK006221,S004,8.13896607,8.13896607
TSK006221,S005,2.32537982,2.32537982
TSK006221,S006,2.32537982,2.32537982
TSK006221,S007,5.07246749,5.07246749
TSK006221,S008,13.3332135,13.3332135
TSK006221,S009,3.89127599,3.89127599
TSK006221,S010,5.55014023,5.55014023
TSK006221,S011,2.32537982,2.32537982
TSK006221,S012,7.46010168,7.46010168
TSK006221,S013,6.08844729,6.08844729
TSK006221,S014,2.32537982,2.32537982
TSK006221,S015,2.63026856,2.63026856
TSK006221,S016,5.9889601,5.9889601
TSK006221,S017,6.4564281,6.4564281
TSK006221,S018,4.33790774,4.33790774
TSK006221,S019,2.32537982,2.32537982
TSK006221,S020,2.32537982,2.32537982
TSK006221,S021,5.90288365,5.90288365
TSK006221,S022,15.9518974,15.9518974
TSK006221,S023,2.32537982,2.32537982
TSK006221,S024,2.32537982,2.32537982
TSK006221,S025,2.32537982,2.32537982
TSK006221,S026,6.25070586,6.25070586
TSK006221,S027,9.97237561,9.97237561
TSK006221,S028,2.32537982,2.32537982
TSK006221,S029,10.1083769,10.1083769
TSK006221,S030,9.79409468,9.79409468
TSK006221,S031,5.67769748,5.67769748
TSK006221,S032,24.7896095,24.7896095
TSK006221,S033,9.62240328,9.62240328
TSK006221,S034,7.26446736,7.26446736
TSK006221,S035,2.32537982,2.32537982
TSK006221,S036,8.35762503,8.35762503
TSK006221,S037,9.76018027,9.76018027
TSK006221,S038,4.3742376,4.3742376
TSK006221,S039,5.35271486,5.35271486
TSK006221,S040,7.25981818,7.25981818
TSK006221,S041,3.93822026,3.93822026
TSK006221,S042,10.42640192,10.42640192
TSK006221,S043,2.32537982,2.32537982
TSK006221,S044,4.87665386,4.87665386
TSK006221,S045,3.63982506,3.63982506
TSK006221,S046,5.8307757,5.8307757
TSK006221,S047,4.75503793,4.75503793
TSK006221,S048,21.9544055,21.9544055
TSK006221,S049,7.60376961,7.60376961
TSK006221,S050,7.30268505,7.30268505
TSK006221,S051,6.90029165,6.90029165
TSK006221,S052,6.02008769,6.02008769
TSK006221,S053,12.12338288,12.12338288
TSK006221,S054,6.9206514,6.9206514
TSK006221,S055,6.46265488,6.46265488
TSK006221,S056,2.32537982,2.32537982
TSK006221,S057,7.78569934,7.78569934
TSK006221,S058,7.38203481,7.38203481
TSK006221,S059,9.52418327,9.52418327
TSK006221,S060,8.52345047,8.52345047
TSK006221,S061,6.56234986,6.56234986
TSK006221,S062,6.35032118,6.35032118
TSK006221,S063,4.08835645,4.08835645
TSK006221,S064,11.5907521,11.5907521
TSK006221,S065,2.32537982,2.32537982
TSK006221,S066,12.42364135,12.42364135
TSK006221,S067,2.55821909,2.55821909
TSK006221,S068,5.75579104,5.75579104
TSK006221,S069,7.20384237,7.20384237
TSK006221,S070,2.55821909,2.55821909
TSK006221,S071,6.80443685,6.80443685
TSK006221,S072,2.32537982,2.32537982
TSK006221,S073,2.32537982,2.32537982
TSK006221,S074,9.24682924,9.24682924
TSK006221,S075,2.32537982,2.32537982
TSK006221,S076,3.66091832,3.66091832
TSK006221,S077,2.32537982,2.32537982
TSK006221,S078,5.75579104,5.75579104
TSK006221,S079,5.19290493,5.19290493
TSK006221,S080,7.30268505,7.30268505
TSK006221,S081,7.69835537,7.69835537
TSK006221,S082,2.32537982,2.32537982
TSK006221,S083,2.32537982,2.32537982
TSK006221,S084,2.32537982,2.32537982
TSK006221,S085,2.32537982,2.32537982
TSK006221,S086,5.64716904,5.64716904
TSK006221,S087,2.32537982,2.32537982
TSK006221,S088,7.60376961,7.60376961
TSK006221,S089,6.74997277,6.74997277
TSK006221,S090,7.60376961,7.60376961
TSK006221,S091,9.79409468,9.79409468
TSK006221,S092,9.75708377,9.75708377
TSK006221,S093,2.32537982,2.32537982
TSK006221,S094,2.32537982,2.32537982
TSK006221,S095,11.87828284,11.87828284
TSK006221,S096,7.59776346,7.59776346
TSK006221,S097,3.35366871,3.35366871
TSK006221,S098,2.32537982,2.32537982
TSK006221,S099,4.08835645,4.08835645
TSK006221,S100,2.32537982,2.32537982
TSK006276,S001,0.44055638,0.44055638
TSK006276,S002,0.10071586,0.10071586
TSK006276,S003,0.38357397,0.38357397
TSK006276,S004,0.35600341,0.35600341
TSK006276,S005,0.10071586,0.10071586
TSK006276,S006,0.10071586,0.10071586
TSK006276,S007,0.21705382,0.21705382
TSK006276,S008,0.60732542,0.60732542
TSK006276,S009,0.16753735,0.16753735
TSK006276,S010,0.23487751,0.23487751
TSK006276,S011,0.10071586,0.10071586
TSK006276,S012,0.31385526,0.31385526
TSK006276,S013,0.26469265,0.26469265
TSK006276,S014,0.10071586,0.10071586
TSK006276,S015,0.11337162,0.11337162
TSK006276,S016,0.26779036,0.26779036
TSK006276,S017,0.28616221,0.28616221
TSK006276,S018,0.19075332,0.19075332
TSK006276,S019,0.10071586,0.10071586
TSK006276,S020,0.10071586,0.10071586
TSK006276,S021,0.25796175,0.25796175
TSK006276,S022,0.70527554,0.70527554
TSK006276,S023,0.10071586,0.10071586
TSK006276,S024,0.10071586,0.10071586
TSK006276,S025,0.10071586,0.10071586
TSK006276,S026,0.27646885,0.27646885
TSK006276,S027,0.42900976,0.42900976
TSK006276,S028,0.10071586,0.10071586
TSK006276,S029,0.43987824,0.43987824
TSK006276,S030,0.42847239,0.42847239
TSK006276,S031,0.2487966,0.2487966
TSK006276,S032,1.06963386,1.06963386
TSK006276,S033,0.41776225,0.41776225
TSK006276,S034,0.31618088,0.31618088
TSK006276,S035,0.10071586,0.10071586
TSK006276,S036,0.35845979,0.35845979
TSK006276,S037,0.42639654,0.42639654
TSK006276,S038,0.18825289,0.18825289
TSK006276,S039,0.23026582,0.23026582
TSK006276,S040,0.32115031,0.32115031
TSK006276,S041,0.17191535,0.17191535
TSK006276,S042,0.45903123,0.45903123
TSK006276,S043,0.10071586,0.10071586
TSK006276,S044,0.21184095,0.21184095
TSK006276,S045,0.15728197,0.15728197
TSK006276,S046,0.25278216,0.25278216
TSK006276,S047,0.20855403,0.20855403
TSK006276,S048,0.97836555,0.97836555
TSK006276,S049,0.32983998,0.32983998
TSK006276,S050,0.32529832,0.32529832
TSK006276,S051,0.30640877,0.30640877
TSK006276,S052,0.2679285,0.2679285
TSK006276,S053,0.53870356,0.53870356
TSK006276,S054,0.30233441,0.30233441
TSK006276,S055,0.28186562,0.28186562
TSK006276,S056,0.10071586,0.10071586
TSK006276,S057,0.33320112,0.33320112
TSK006276,S058,0.32531243,0.32531243
TSK006276,S059,0.42382781,0.42382781
TSK006276,S060,0.38161989,0.38161989
TSK006276,S061,0.28612537,0.28612537
TSK006276,S062,0.28072529,0.28072529
TSK006276,S063,0.17754008,0.17754008
TSK006276,S064,0.50183593,0.50183593
TSK006276,S065,0.10071586,0.10071586
TSK006276,S066,0.54029569,0.54029569
TSK006276,S067,0.11068456,0.11068456
TSK006276,S068,0.25045913,0.25045913
TSK006276,S069,0.31767283,0.31767283
TSK006276,S070,0.11068456,0.11068456
TSK006276,S071,0.3075923,0.3075923
TSK006276,S072,0.10071586,0.10071586
TSK006276,S073,0.10071586,0.10071586
TSK006276,S074,0.40514837,0.40514837
TSK006276,S075,0.10071586,0.10071586
TSK006276,S076,0.1619838,0.1619838
TSK006276,S077,0.10071586,0.10071586
TSK006276,S078,0.25045913,0.25045913
TSK006276,S079,0.23614345,0.23614345
TSK006276,S080,0.32529832,0.32529832
TSK006276,S081,0.334495,0.334495
TSK006276,S082,0.10071586,0.10071586
TSK006276,S083,0.10071586,0.10071586
TSK006276,S084,0.10071586,0.10071586
TSK006276,S085,0.10071586,0.10071586
TSK006276,S086,0.25050536,0.25050536
TSK006276,S087,0.10071586,0.10071586
TSK006276,S088,0.32983998,0.32983998
TSK006276,S089,0.30162674,0.30162674
TSK006276,S090,0.32983998,0.32983998
TSK006276,S091,0.42847239,0.42847239
TSK006276,S092,0.41175253,0.41175253
TSK006276,S093,0.10071586,0.10071586
TSK006276,S094,0.10071586,0.10071586
TSK006276,S095,0.51644348,0.51644348
TSK006276,S096,0.32758644,0.32758644
TSK006276,S097,0.14673994,0.14673994
TSK006276,S098,0.10071586,0.10071586
TSK006276,S099,0.17754008,0.17754008
TSK006276,S100,0.10071586,0.10071586
TSK006317,S001,32.32224817,32.32224817
TSK006317,S002,10.92826758,10.92826758
TSK006317,S003,35.92171123,35.92171123
TSK006317,S004,42.06666722,42.06666722
TSK006317,S005,10.92826758,10.92826758
TSK006317,S006,10.92826758,10.92826758
TSK006317,S007,33.24202575,33.24202575
TSK006317,S008,73.16797387,73.16797387
TSK006317,S009,24.06853014,24.06853014
TSK006317,S010,36.42152384,36.42152384
TSK006317,S011,10.92826758,10.92826758
TSK006317,S012,71.88678697,71.88678697
TSK006317,S013,38.8100203,38.8100203
TSK006317,S014,10.92826758,10.92826758
TSK006317,S015,13.70228318,13.70228318
TSK006317,S016,24.04267683,24.04267683
TSK006317,S017,29.95649297,29.95649297
TSK006317,S018,22.672241,22.672241
TSK006317,S019,10.92826758,10.92826758
TSK006317,S020,10.92826758,10.92826758
TSK006317,S021,35.2639086,35.2639086
TSK006317,S022,121.30077632,121.30077632
TSK006317,S023,10.92826758,10.92826758
TSK006317,S024,10.92826758,10.92826758
TSK006317,S025,10.92826758,10.92826758
TSK006317,S026,36.44908317,36.44908317
TSK006317,S027,77.09160338,77.09160338
TSK006317,S028,10.92826758,10.92826758
TSK006317,S029,65.94149348,65.94149348
TSK006317,S030,57.64177512,57.64177512
TSK006317,S031,25.69615097,25.69615097
TSK006317,S032,98.78906809,98.78906809
TSK006317,S033,51.12166834,51.12166834
TSK006317,S034,37.28170872,37.28170872
TSK006317,S035,10.92826758,10.92826758
TSK006317,S036,59.18303453,59.18303453
TSK006317,S037,60.88140184,60.88140184
TSK006317,S038,26.57080106,26.57080106
TSK006317,S039,32.805977,32.805977
TSK006317,S040,37.45882821,37.45882821
TSK006317,S041,17.19599002,17.19599002
TSK006317,S042,64.25568318,64.25568318
TSK006317,S043,10.92826758,10.92826758
TSK006317,S044,20.82369808,20.82369808
TSK006317,S045,14.05494143,14.05494143
TSK006317,S046,32.57894606,32.57894606
TSK006317,S047,19.78740048,19.78740048
TSK006317,S048,134.09440399,134.09440399
TSK006317,S049,26.53099646,26.53099646
TSK006317,S050,37.51311327,37.51311327
TSK006317,S051,39.15229125,39.15229125
TSK006317,S052,26.88270216,26.88270216
TSK006317,S053,65.69961461,65.69961461
TSK006317,S054,26.31710108,26.31710108
TSK006317,S055,34.9482485,34.9482485
TSK006317,S056,10.92826758,10.92826758
TSK006317,S057,29.52950811,29.52950811
TSK006317,S058,34.91593068,34.91593068
TSK006317,S059,48.67255092,48.67255092
TSK006317,S060,39.90026277,39.90026277
TSK006317,S061,37.01175937,37.01175937
TSK006317,S062,32.25068947,32.25068947
TSK006317,S063,24.7456095,24.7456095
TSK006317,S064,84.74700368,84.74700368
TSK006317,S065,10.92826758,10.92826758
TSK006317,S066,67.65404572,67.65404572
TSK006317,S067,11.45867099,11.45867099
TSK006317,S068,20.05550448,20.05550448
TSK006317,S069,39.55846567,39.55846567
TSK006317,S070,11.45867099,11.45867099
TSK006317,S071,28.68825709,28.68825709
TSK006317,S072,10.92826758,10.92826758
TSK006317,S073,10.92826758,10.92826758
TSK006317,S074,37.54764962,37.54764962
TSK006317,S075,10.92826758,10.92826758
TSK006317,S076,15.96890061,15.96890061
TSK006317,S077,10.92826758,10.92826758
TSK006317,S078,20.05550448,20.05550448
TSK006317,S079,25.93418453,25.93418453
TSK006317,S080,37.51311327,37.51311327
TSK006317,S081,46.88595548,46.88595548
TSK006317,S082,10.92826758,10.92826758
TSK006317,S083,10.92826758,10.92826758
TSK006317,S084,10.92826758,10.92826758
TSK006317,S085,10.92826758,10.92826758
TSK006317,S086,25.07822606,25.07822606
TSK006317,S087,10.92826758,10.92826758
TSK006317,S088,26.53099646,26.53099646
TSK006317,S089,32.56942156,32.56942156
TSK006317,S090,26.53099646,26.53099646
TSK006317,S091,57.64177512,57.64177512
TSK006317,S092,43.85679458,43.85679458
TSK006317,S093,10.92826758,10.92826758
TSK006317,S094,10.92826758,10.92826758
TSK006317,S095,81.94436782,81.94436782
TSK006317,S096,42.07319741,42.07319741
TSK006317,S097,18.04986941,18.04986941
TSK006317,S098,10.92826758,10.92826758
TSK006317,S099,24.7456095,24.7456095
TSK006317,S100,10.92826758,10.92826758
TSK006319,S001,0.44055638,0.44055638
TSK006319,S002,0.10071586,0.10071586
TSK006319,S003,0.38357397,0.38357397
TSK006319,S004,0.35600341,0.35600341
TSK006319,S005,0.10071586,0.10071586
TSK006319,S006,0.10071586,0.10071586
TSK006319,S007,0.21705382,0.21705382
TSK006319,S008,0.60732542,0.60732542
TSK006319,S009,0.16753735,0.16753735
TSK006319,S010,0.23487751,0.23487751
TSK006319,S011,0.10071586,0.10071586
TSK006319,S012,0.31385526,0.31385526
TSK006319,S013,0.26469265,0.26469265
TSK006319,S014,0.10071586,0.10071586
TSK006319,S015,0.11337162,0.11337162
TSK006319,S016,0.26779036,0.26779036
TSK006319,S017,0.28616221,0.28616221
TSK006319,S018,0.19075332,0.19075332
TSK006319,S019,0.10071586,0.10071586
TSK006319,S020,0.10071586,0.10071586
TSK006319,S021,0.25796175,0.25796175
TSK006319,S022,0.70527554,0.70527554
TSK006319,S023,0.10071586,0.10071586
TSK006319,S024,0.10071586,0.10071586
TSK006319,S025,0.10071586,0.10071586
TSK006319,S026,0.27646885,0.27646885
TSK006319,S027,0.42900976,0.42900976
TSK006319,S028,0.10071586,0.10071586
TSK006319,S029,0.43987824,0.43987824
TSK006319,S030,0.42847239,0.42847239
TSK006319,S031,0.2487966,0.2487966
TSK006319,S032,1.06963386,1.06963386
TSK006319,S033,0.41776225,0.41776225
TSK006319,S034,0.31618088,0.31618088
TSK006319,S035,0.10071586,0.10071586
TSK006319,S036,0.35845979,0.35845979
TSK006319,S037,0.42639654,0.42639654
TSK006319,S038,0.18825289,0.18825289
TSK006319,S039,0.23026582,0.23026582
TSK006319,S040,0.32115031,0.32115031
TSK006319,S041,0.17191535,0.17191535
TSK006319,S042,0.45903123,0.45903123
TSK006319,S043,0.10071586,0.10071586
TSK006319,S044,0.21184095,0.21184095
TSK006319,S045,0.15728197,0.15728197
TSK006319,S046,0.25278216,0.25278216
TSK006319,S047,0.20855403,0.20855403
TSK006319,S048,0.97836555,0.97836555
TSK006319,S049,0.32983998,0.32983998
TSK006319,S050,0.32529832,0.32529832
TSK006319,S051,0.30640877,0.30640877
TSK006319,S052,0.2679285,0.2679285
TSK006319,S053,0.53870356,0.53870356
TSK006319,S054,0.30233441,0.30233441
TSK006319,S055,0.28186562,0.28186562
TSK006319,S056,0.10071586,0.10071586
TSK006319,S057,0.33320112,0.33320112
TSK006319,S058,0.32531243,0.32531243
TSK006319,S059,0.42382781,0.42382781
TSK006319,S060,0.38161989,0.38161989
TSK006319,S061,0.28612537,0.28612537
TSK006319,S062,0.28072529,0.28072529
TSK006319,S063,0.17754008,0.17754008
TSK006319,S064,0.50183593,0.50183593
TSK006319,S065,0.10071586,0.10071586
TSK006319,S066,0.54029569,0.54029569
TSK006319,S067,0.11068456,0.11068456
TSK006319,S068,0.25045913,0.25045913
TSK006319,S069,0.31767283,0.31767283
TSK006319,S070,0.11068456,0.11068456
TSK006319,S071,0.3075923,0.3075923
TSK006319,S072,0.10071586,0.10071586
TSK006319,S073,0.10071586,0.10071586
TSK006319,S074,0.40514837,0.40514837
TSK006319,S075,0.10071586,0.10071586
TSK006319,S076,0.1619838,0.1619838
TSK006319,S077,0.10071586,0.10071586
TSK006319,S078,0.25045913,0.25045913
TSK006319,S079,0.23614345,0.23614345
TSK006319,S080,0.32529832,0.32529832
TSK006319,S081,0.334495,0.334495
TSK006319,S082,0.10071586,0.10071586
TSK006319,S083,0.10071586,0.10071586
TSK006319,S084,0.10071586,0.10071586
TSK006319,S085,0.10071586,0.10071586
TSK006319,S086,0.25050536,0.25050536
TSK006319,S087,0.10071586,0.10071586
TSK006319,S088,0.32983998,0.32983998
TSK006319,S089,0.30162674,0.30162674
TSK006319,S090,0.32983998,0.32983998
TSK006319,S091,0.42847239,0.42847239
TSK006319,S092,0.41175253,0.41175253
TSK006319,S093,0.10071586,0.10071586
TSK006319,S094,0.10071586,0.10071586
TSK006319,S095,0.51644348,0.51644348
TSK006319,S096,0.32758644,0.32758644
TSK006319,S097,0.14673994,0.14673994
TSK006319,S098,0.10071586,0.10071586
TSK006319,S099,0.17754008,0.17754008
TSK006319,S100,0.10071586,0.10071586
TSK006321,S001,56.80886313,56.80886313
TSK006321,S002,26.38962661,26.38962661
TSK006321,S003,76.41228555,76.41228555
TSK006321,S004,108.81846872,108.81846872
TSK006321,S005,26.38962661,26.38962661
TSK006321,S006,26.38962661,26.38962661
TSK006321,S007,95.66598908,95.66598908
TSK006321,S008,178.92479665,178.92479665
TSK006321,S009,66.27899699,66.27899699
TSK006321,S010,107.20509971,107.20509971
TSK006321,S011,26.38962661,26.38962661
TSK006321,S012,225.71732098,225.71732098
TSK006321,S013,107.26213492,107.26213492
TSK006321,S014,26.38962661,26.38962661
TSK006321,S015,35.46035436,35.46035436
TSK006321,S016,49.99362507,49.99362507
TSK006321,S017,70.32393015,70.32393015
TSK006321,S018,57.04972446,57.04972446
TSK006321,S019,26.38962661,26.38962661
TSK006321,S020,26.38962661,26.38962661
TSK006321,S021,95.5474072,95.5474072
TSK006321,S022,348.94146149,348.94146149
TSK006321,S023,26.38962661,26.38962661
TSK006321,S024,26.38962661,26.38962661
TSK006321,S025,26.38962661,26.38962661
TSK006321,S026,96.8469571,96.8469571
TSK006321,S027,228.69036277,228.69036277
TSK006321,S028,26.38962661,26.38962661
TSK006321,S029,185.22314927,185.22314927
TSK006321,S030,155.11557367,155.11557367
TSK006321,S031,60.92217314,60.92217314
TSK006321,S032,213.70089005,213.70089005
TSK006321,S033,132.19551658,132.19551658
TSK006321,S034,95.99277677,95.99277677
TSK006321,S035,26.38962661,26.38962661
TSK006321,S036,174.47679237,174.47679237
TSK006321,S037,167.19420823,167.19420823
TSK006321,S038,74.51431111,74.51431111
TSK006321,S039,92.72209696,92.72209696
TSK006321,S040,93.92834279,93.92834279
TSK006321,S041,40.10633825,40.10633825
TSK006321,S042,173.7522666,173.7522666
TSK006321,S043,26.38962661,26.38962661
TSK006321,S044,48.95141418,48.95141418
TSK006321,S045,31.02678255,31.02678255
TSK006321,S046,87.65227574,87.65227574
TSK006321,S047,44.49956177,44.49956177
TSK006321,S048,353.40745587,353.40745587
TSK006321,S049,53.16902765,53.16902765
TSK006321,S050,91.99847241,91.99847241
TSK006321,S051,100.85779604,100.85779604
TSK006321,S052,60.788796,60.788796
TSK006321,S053,168.64418715,168.64418715
TSK006321,S054,56.95887514,56.95887514
TSK006321,S055,90.97653809,90.97653809
TSK006321,S056,26.38962661,26.38962661
TSK006321,S057,64.58772204,64.58772204
TSK006321,S058,83.50570111,83.50570111
TSK006321,S059,120.10623562,120.10623562
TSK006321,S060,92.93407199,92.93407199
TSK006321,S061,98.68239907,98.68239907
TSK006321,S062,79.60371841,79.60371841
TSK006321,S063,67.74172201,67.74172201
TSK006321,S064,247.66314073,247.66314073
TSK006321,S065,26.38962661,26.38962661
TSK006321,S066,174.90200654,174.90200654
TSK006321,S067,27.15485341,27.15485341
TSK006321,S068,40.80936638,40.80936638
TSK006321,S069,101.39569645,101.39569645
TSK006321,S070,27.15485341,27.15485341
TSK006321,S071,60.11226293,60.11226293
TSK006321,S072,26.38962661,26.38962661
TSK006321,S073,26.38962661,26.38962661
TSK006321,S074,81.17452946,81.17452946
TSK006321,S075,26.38962661,26.38962661
TSK006321,S076,35.74609612,35.74609612
TSK006321,S077,26.38962661,26.38962661
TSK006321,S078,40.80936638,40.80936638
TSK006321,S079,59.79369604,59.79369604
TSK006321,S080,91.99847241,91.99847241
TSK006321,S081,129.98614016,129.98614016
TSK006321,S082,26.38962661,26.38962661
TSK006321,S083,26.38962661,26.38962661
TSK006321,S084,26.38962661,26.38962661
TSK006321,S085,26.38962661,26.38962661
TSK006321,S086,57.34596351,57.34596351
TSK006321,S087,26.38962661,26.38962661
TSK006321,S088,53.16902765,53.16902765
TSK006321,S089,76.32919219,76.32919219
TSK006321,S090,53.16902765,53.16902765
TSK006321,S091,155.11557367,155.11557367
TSK006321,S092,110.05041249,110.05041249
TSK006321,S093,26.38962661,26.38962661
TSK006321,S094,26.38962661,26.38962661
TSK006321,S095,234.17225952,234.17225952
TSK006321,S096,114.0383757,114.0383757
TSK006321,S097,46.49735465,46.49735465
TSK006321,S098,26.38962661,26.38962661
TSK006321,S099,67.74172201,67.74172201
TSK006321,S100,26.38962661,26.38962661
TSK006481,S001,10.78097968,10.78097968
TSK006481,S002,2.42508093,2.42508093
TSK006481,S003,8.89921416,8.89921416
TSK006481,S004,8.45401224,8.45401224
TSK006481,S005,2.42508093,2.42508093
TSK006481,S006,2.42508093,2.42508093
TSK006481,S007,5.31561646,5.31561646
TSK006481,S008,13.61504684,13.61504684
TSK006481,S009,4.06782648,4.06782648
TSK006481,S010,5.84159464,5.84159464
TSK006481,S011,2.42508093,2.42508093
TSK006481,S012,7.86982373,7.86982373
TSK006481,S013,6.33985255,6.33985255
TSK006481,S014,2.42508093,2.42508093
TSK006481,S015,2.74837805,2.74837805
TSK006481,S016,6.16416725,6.16416725
TSK006481,S017,6.66988707,6.66988707
TSK006481,S018,4.49600675,4.49600675
TSK006481,S019,2.42508093,2.42508093
TSK006481,S020,2.42508093,2.42508093
TSK006481,S021,6.13364758,6.13364758
TSK006481,S022,16.49624219,16.49624219
TSK006481,S023,2.42508093,2.42508093
TSK006481,S024,2.42508093,2.42508093
TSK006481,S025,2.42508093,2.42508093
TSK006481,S026,6.46295089,6.46295089
TSK006481,S027,10.4282002,10.4282002
TSK006481,S028,2.42508093,2.42508093
TSK006481,S029,10.52168638,10.52168638
TSK006481,S030,10.17250286,10.17250286
TSK006481,S031,5.89309574,5.89309574
TSK006481,S032,25.89173556,25.89173556
TSK006481,S033,10.02524594,10.02524594
TSK006481,S034,7.56092451,7.56092451
TSK006481,S035,2.42508093,2.42508093
TSK006481,S036,8.75016615,8.75016615
TSK006481,S037,10.14302906,10.14302906
TSK006481,S038,4.57345976,4.57345976
TSK006481,S039,5.59744851,5.59744851
TSK006481,S040,7.50585795,7.50585795
TSK006481,S041,4.0940114,4.0940114
TSK006481,S042,10.80110829,10.80110829
TSK006481,S043,2.42508093,2.42508093
TSK006481,S044,5.07966765,5.07966765
TSK006481,S045,3.79942409,3.79942409
TSK006481,S046,6.07842029,6.07842029
TSK006481,S047,4.93360342,4.93360342
TSK006481,S048,22.62876767,22.62876767
TSK006481,S049,7.92484184,7.92484184
TSK006481,S050,7.52830913,7.52830913
TSK006481,S051,7.12285464,7.12285464
TSK006481,S052,6.20838127,6.20838127
TSK006481,S053,12.51089231,12.51089231
TSK006481,S054,7.19222094,7.19222094
TSK006481,S055,6.72072804,6.72072804
TSK006481,S056,2.42508093,2.42508093
TSK006481,S057,8.15845518,8.15845518
TSK006481,S058,7.64430135,7.64430135
TSK006481,S059,9.82259185,9.82259185
TSK006481,S060,8.76792573,8.76792573
TSK006481,S061,6.82526265,6.82526265
TSK006481,S062,6.56740103,6.56740103
TSK006481,S063,4.25911085,4.25911085
TSK006481,S064,12.08943457,12.08943457
TSK006481,S065,2.42508093,2.42508093
TSK006481,S066,12.93486152,12.93486152
TSK006481,S067,2.66902921,2.66902921
TSK006481,S068,5.9912403,5.9912403
TSK006481,S069,7.45770949,7.45770949
TSK006481,S070,2.66902921,2.66902921
TSK006481,S071,6.97107571,6.97107571
TSK006481,S072,2.42508093,2.42508093
TSK006481,S073,2.42508093,2.42508093
TSK006481,S074,9.59809342,9.59809342
TSK006481,S075,2.42508093,2.42508093
TSK006481,S076,3.78463078,3.78463078
TSK006481,S077,2.42508093,2.42508093
TSK006481,S078,5.9912403,5.9912403
TSK006481,S079,5.30648198,5.30648198
TSK006481,S080,7.52830913,7.52830913
TSK006481,S081,8.01806032,8.01806032
TSK006481,S082,2.42508093,2.42508093
TSK006481,S083,2.42508093,2.42508093
TSK006481,S084,2.42508093,2.42508093
TSK006481,S085,2.42508093,2.42508093
TSK006481,S086,5.83182176,5.83182176
TSK006481,S087,2.42508093,2.42508093
TSK006481,S088,7.92484184,7.92484184
TSK006481,S089,6.94930366,6.94930366
TSK006481,S090,7.92484184,7.92484184
TSK006481,S091,10.17250286,10.17250286
TSK006481,S092,10.28071813,10.28071813
TSK006481,S093,2.42508093,2.42508093
TSK006481,S094,2.42508093,2.42508093
TSK006481,S095,12.36837257,12.36837257
TSK006481,S096,7.93793787,7.93793787
TSK006481,S097,3.48301382,3.48301382
TSK006481,S098,2.42508093,2.42508093
TSK006481,S099,4.25911085,4.25911085
TSK006481,S100,2.42508093,2.42508093
TSK006627,S001,29.10379226,29.10379226
TSK006627,S002,9.06230682,9.06230682
TSK006627,S003,30.1797216,30.1797216
TSK006627,S004,33.94639368,33.94639368
TSK006627,S005,9.06230682,9.06230682
TSK006627,S006,9.06230682,9.06230682
TSK006627,S007,26.25549939,26.25549939
TSK006627,S008,58.75410762,58.75410762
TSK006627,S009,19.25817449,19.25817449
TSK006627,S010,28.67057778,28.67057778
TSK006627,S011,9.06230682,9.06230682
TSK006627,S012,55.31789475,55.31789475
TSK006627,S013,30.86319542,30.86319542
TSK006627,S014,9.06230682,9.06230682
TSK006627,S015,11.16724184,11.16724184
TSK006627,S016,20.19042539,20.19042539
TSK006627,S017,24.63408376,24.63408376
TSK006627,S018,18.41551535,18.41551535
TSK006627,S019,9.06230682,9.06230682
TSK006627,S020,9.06230682,9.06230682
TSK006627,S021,28.12277126,28.12277126
TSK006627,S022,94.56646554,94.56646554
TSK006627,S023,9.06230682,9.06230682
TSK006627,S024,9.06230682,9.06230682
TSK006627,S025,9.06230682,9.06230682
TSK006627,S026,29.04563843,29.04563843
TSK006627,S027,60.12854021,60.12854021
TSK006627,S028,9.06230682,9.06230682
TSK006627,S029,52.11042888,52.11042888
TSK006627,S030,46.03714793,46.03714793
TSK006627,S031,21.22304256,21.22304256
TSK006627,S032,84.51273173,84.51273173
TSK006627,S033,41.49994423,41.49994423
TSK006627,S034,30.22933305,30.22933305
TSK006627,S035,9.06230682,9.06230682
TSK006627,S036,46.28331786,46.28331786
TSK006627,S037,48.373135,48.373135
TSK006627,S038,21.10773056,21.10773056
TSK006627,S039,25.99153422,25.99153422
TSK006627,S040,30.32405313,30.32405313
TSK006627,S041,14.2982637,14.2982637
TSK006627,S042,51.10978689,51.10978689
TSK006627,S043,9.06230682,9.06230682
TSK006627,S044,17.32424945,17.32424945
TSK006627,S045,11.92757197,11.92757197
TSK006627,S046,26.1284264,26.1284264
TSK006627,S047,16.54234196,16.54234196
TSK006627,S048,106.88869362,106.88869362
TSK006627,S049,22.9538036,22.9538036
TSK006627,S050,30.44670043,30.44670043
TSK006627,S051,31.4421599,31.4421599
TSK006627,S052,22.25206712,22.25206712
TSK006627,S053,52.70300078,52.70300078
TSK006627,S054,22.23623671,22.23623671
TSK006627,S055,28.23428779,28.23428779
TSK006627,S056,9.06230682,9.06230682
TSK006627,S057,25.32058452,25.32058452
TSK006627,S058,28.68831679,28.68831679
TSK006627,S059,39.43957635,39.43957635
TSK006627,S060,32.65787875,32.65787875
TSK006627,S061,29.68543499,29.68543499
TSK006627,S062,26.24366417,26.24366417
TSK006627,S063,19.7376859,19.7376859
TSK006627,S064,66.24697267,66.24697267
TSK006627,S065,9.06230682,9.06230682
TSK006627,S066,54.90471339,54.90471339
TSK006627,S067,9.55310285,9.55310285
TSK006627,S068,17.23104516,17.23104516
TSK006627,S069,31.92492787,31.92492787
TSK006627,S070,9.55310285,9.55310285
TSK006627,S071,23.89528534,23.89528534
TSK006627,S072,9.06230682,9.06230682
TSK006627,S073,9.06230682,9.06230682
TSK006627,S074,31.74658687,31.74658687
TSK006627,S075,9.06230682,9.06230682
TSK006627,S076,13.3036578,13.3036578
TSK006627,S077,9.06230682,9.06230682
TSK006627,S078,17.23104516,17.23104516
TSK006627,S079,21.13246587,21.13246587
TSK006627,S080,30.44670043,30.44670043
TSK006627,S081,37.2089922,37.2089922
TSK006627,S082,9.06230682,9.06230682
TSK006627,S083,9.06230682,9.06230682
TSK006627,S084,9.06230682,9.06230682
TSK006627,S085,9.06230682,9.06230682
TSK006627,S086,20.73481772,20.73481772
TSK006627,S087,9.06230682,9.06230682
TSK006627,S088,22.9538036,22.9538036
TSK006627,S089,26.68732048,26.68732048
TSK006627,S090,22.9538036,22.9538036
TSK006627,S091,46.03714793,46.03714793
TSK006627,S092,36.55896145,36.55896145
TSK006627,S093,9.06230682,9.06230682
TSK006627,S094,9.06230682,9.06230682
TSK006627,S095,64.42938592,64.42938592
TSK006627,S096,33.75746317,33.75746317
TSK006627,S097,14.60416821,14.60416821
TSK006627,S098,9.06230682,9.06230682
TSK006627,S099,19.7376859,19.7376859
TSK006627,S100,9.06230682,9.06230682
TSK006643,S001,33.33058485,33.33058485
TSK006643,S002,15.56790439,15.56790439
TSK006643,S003,45.38525764,45.38525764
TSK006643,S004,72.08671007,72.08671007
TSK006643,S005,15.56790439,15.56790439
TSK006643,S006,15.56790439,15.56790439
TSK006643,S007,59.90396892,59.90396892
TSK006643,S008,110.45792324,110.45792324
TSK006643,S009,36.97117882,36.97117882
TSK006643,S010,70.52935306,70.52935306
TSK006643,S011,15.56790439,15.56790439
TSK006643,S012,123.68770806,123.68770806
TSK006643,S013,60.80725169,60.80725169
TSK006643,S014,15.56790439,15.56790439
TSK006643,S015,21.98782586,21.98782586
TSK006643,S016,30.31807474,30.31807474
TSK006643,S017,42.64459202,42.64459202
TSK006643,S018,34.22357502,34.22357502
TSK006643,S019,15.56790439,15.56790439
TSK006643,S020,15.56790439,15.56790439
TSK006643,S021,58.98068592,58.98068592
TSK006643,S022,205.70335498,205.70335498
TSK006643,S023,15.56790439,15.56790439
TSK006643,S024,15.56790439,15.56790439
TSK006643,S025,15.56790439,15.56790439
TSK006643,S026,63.76417286,63.76417286
TSK006643,S027,130.96588903,130.96588903
TSK006643,S028,15.56790439,15.56790439
TSK006643,S029,110.50606157,110.50606157
TSK006643,S030,101.55568636,101.55568636
TSK006643,S031,36.64761139,36.64761139
TSK006643,S032,131.30454857,131.30454857
TSK006643,S033,79.20954141,79.20954141
TSK006643,S034,59.07418536,59.07418536
TSK006643,S035,15.56790439,15.56790439
TSK006643,S036,110.63182363,110.63182363
TSK006643,S037,99.69421954,99.69421954
TSK006643,S038,49.3040979,49.3040979
TSK006643,S039,62.00876274,62.00876274
TSK006643,S040,59.13711345,59.13711345
TSK006643,S041,24.72178814,24.72178814
TSK006643,S042,101.6113927,101.6113927
TSK006643,S043,15.56790439,15.56790439
TSK006643,S044,30.85530657,30.85530657
TSK006643,S045,18.58860105,18.58860105
TSK006643,S046,57.95005902,57.95005902
TSK006643,S047,27.47481722,27.47481722
TSK006643,S048,211.35922619,211.35922619
TSK006643,S049,32.6045058,32.6045058
TSK006643,S050,55.2652791,55.2652791
TSK006643,S051,59.62351567,59.62351567
TSK006643,S052,35.91181798,35.91181798
TSK006643,S053,109.97523166,109.97523166
TSK006643,S054,35.78627222,35.78627222
TSK006643,S055,53.46136802,53.46136802
TSK006643,S056,15.56790439,15.56790439
TSK006643,S057,40.74435286,40.74435286
TSK006643,S058,49.5599471,49.5599471
TSK006643,S059,74.33538316,74.33538316
TSK006643,S060,59.58529605,59.58529605
TSK006643,S061,61.09657599,61.09657599
TSK006643,S062,47.14996726,47.14996726
TSK006643,S063,42.16313746,42.16313746
TSK006643,S064,148.05194547,148.05194547
TSK006643,S065,15.56790439,15.56790439
TSK006643,S066,101.54037109,101.54037109
TSK006643,S067,16.06991104,16.06991104
TSK006643,S068,24.81552442,24.81552442
TSK006643,S069,57.98130223,57.98130223
TSK006643,S070,16.06991104,16.06991104
TSK006643,S071,36.70366012,36.70366012
TSK006643,S072,15.56790439,15.56790439
TSK006643,S073,15.56790439,15.56790439
TSK006643,S074,51.01104329,51.01104329
TSK006643,S075,15.56790439,15.56790439
TSK006643,S076,21.42989244,21.42989244
TSK006643,S077,15.56790439,15.56790439
TSK006643,S078,24.81552442,24.81552442
TSK006643,S079,37.07207379,37.07207379
TSK006643,S080,55.2652791,55.2652791
TSK006643,S081,83.09382293,83.09382293
TSK006643,S082,15.56790439,15.56790439
TSK006643,S083,15.56790439,15.56790439
TSK006643,S084,15.56790439,15.56790439
TSK006643,S085,15.56790439,15.56790439
TSK006643,S086,35.92562531,35.92562531
TSK006643,S087,15.56790439,15.56790439
TSK006643,S088,32.6045058,32.6045058
TSK006643,S089,44.2701706,44.2701706
TSK006643,S090,32.6045058,32.6045058
TSK006643,S091,101.55568636,101.55568636
TSK006643,S092,72.86048894,72.86048894
TSK006643,S093,15.56790439,15.56790439
TSK006643,S094,15.56790439,15.56790439
TSK006643,S095,138.1551933,138.1551933
TSK006643,S096,72.16292242,72.16292242
TSK006643,S097,29.36388692,29.36388692
TSK006643,S098,15.56790439,15.56790439
TSK006643,S099,42.16313746,42.16313746
TSK006643,S100,15.56790439,15.56790439
TSK006647,S001,21.92751341,21.92751341
TSK006647,S002,8.13927237,8.13927237
TSK006647,S003,26.69672473,26.69672473
TSK006647,S004,35.57521789,35.57521789
TSK006647,S005,8.13927237,8.13927237
TSK006647,S006,8.13927237,8.13927237
TSK006647,S007,27.27266297,27.27266297
TSK006647,S008,58.26732172,58.26732172
TSK006647,S009,17.63968249,17.63968249
TSK006647,S010,31.41753735,31.41753735
TSK006647,S011,8.13927237,8.13927237
TSK006647,S012,52.95712956,52.95712956
TSK006647,S013,29.02737861,29.02737861
TSK006647,S014,8.13927237,8.13927237
TSK006647,S015,10.80046036,10.80046036
TSK006647,S016,18.2602642,18.2602642
TSK006647,S017,23.15837016,23.15837016
TSK006647,S018,17.49076126,17.49076126
TSK006647,S019,8.13927237,8.13927237
TSK006647,S020,8.13927237,8.13927237
TSK006647,S021,28.31245887,28.31245887
TSK006647,S022,95.04073324,95.04073324
TSK006647,S023,8.13927237,8.13927237
TSK006647,S024,8.13927237,8.13927237
TSK006647,S025,8.13927237,8.13927237
TSK006647,S026,30.87160155,30.87160155
TSK006647,S027,58.89217769,58.89217769
TSK006647,S028,8.13927237,8.13927237
TSK006647,S029,51.86301349,51.86301349
TSK006647,S030,48.43159696,48.43159696
TSK006647,S031,19.70112855,19.70112855
TSK006647,S032,73.14971036,73.14971036
TSK006647,S033,39.40545786,39.40545786
TSK006647,S034,29.56871868,29.56871868
TSK006647,S035,8.13927237,8.13927237
TSK006647,S036,49.55735731,49.55735731
TSK006647,S037,47.62089683,47.62089683
TSK006647,S038,22.75494752,22.75494752
TSK006647,S039,28.46853481,28.46853481
TSK006647,S040,30.20580793,30.20580793
TSK006647,S041,13.32216435,13.32216435
TSK006647,S042,49.44044386,49.44044386
TSK006647,S043,8.13927237,8.13927237
TSK006647,S044,16.46440685,16.46440685
TSK006647,S045,10.50605771,10.50605771
TSK006647,S046,27.6067351,27.6067351
TSK006647,S047,15.30262783,15.30262783
TSK006647,S048,104.52946145,104.52946145
TSK006647,S049,19.73886541,19.73886541
TSK006647,S050,29.05328842,29.05328842
TSK006647,S051,30.14321708,30.14321708
TSK006647,S052,20.26584338,20.26584338
TSK006647,S053,54.98172369,54.98172369
TSK006647,S054,20.53583688,20.53583688
TSK006647,S055,26.7186921,26.7186921
TSK006647,S056,8.13927237,8.13927237
TSK006647,S057,22.45942068,22.45942068
TSK006647,S058,26.55833933,26.55833933
TSK006647,S059,38.69627917,38.69627917
TSK006647,S060,32.27785732,32.27785732
TSK006647,S061,29.70164971,29.70164971
TSK006647,S062,24.66337058,24.66337058
TSK006647,S063,19.9725279,19.9725279
TSK006647,S064,67.25257278,67.25257278
TSK006647,S065,8.13927237,8.13927237
TSK006647,S066,50.71039557,50.71039557
TSK006647,S067,8.53985024,8.53985024
TSK006647,S068,15.08620096,15.08620096
TSK006647,S069,29.58803618,29.58803618
TSK006647,S070,8.53985024,8.53985024
TSK006647,S071,22.00109295,22.00109295
TSK006647,S072,8.13927237,8.13927237
TSK006647,S073,8.13927237,8.13927237
TSK006647,S074,28.7923348,28.7923348
TSK006647,S075,8.13927237,8.13927237
TSK006647,S076,12.05583606,12.05583606
TSK006647,S077,8.13927237,8.13927237
TSK006647,S078,15.08620096,15.08620096
TSK006647,S079,20.39208859,20.39208859
TSK006647,S080,29.05328842,29.05328842
TSK006647,S081,39.03332876,39.03332876
TSK006647,S082,8.13927237,8.13927237
TSK006647,S083,8.13927237,8.13927237
TSK006647,S084,8.13927237,8.13927237
TSK006647,S085,8.13927237,8.13927237
TSK006647,S086,19.76017729,19.76017729
TSK006647,S087,8.13927237,8.13927237
TSK006647,S088,19.73886541,19.73886541
TSK006647,S089,24.38569861,24.38569861
TSK006647,S090,19.73886541,19.73886541
TSK006647,S091,48.43159696,48.43159696
TSK006647,S092,35.71388184,35.71388184
TSK006647,S093,8.13927237,8.13927237
TSK006647,S094,8.13927237,8.13927237
TSK006647,S095,64.03560281,64.03560281
TSK006647,S096,34.48856745,34.48856745
TSK006647,S097,14.53590035,14.53590035
TSK006647,S098,8.13927237,8.13927237
TSK006647,S099,19.9725279,19.9725279
TSK006647,S100,8.13927237,8.13927237
TSK006666,S001,17.25954907,17.25954907
TSK006666,S002,5.14998535,5.14998535
TSK006666,S003,18.69052076,18.69052076
TSK006666,S004,20.88488602,20.88488602
TSK006666,S005,5.14998535,5.14998535
TSK006666,S006,5.14998535,5.14998535
TSK006666,S007,14.44868933,14.44868933
TSK006666,S008,36.26755078,36.26755078
TSK006666,S009,9.98545486,9.98545486
TSK006666,S010,16.15594595,16.15594595
TSK006666,S011,5.14998535,5.14998535
TSK006666,S012,25.43535263,25.43535263
TSK006666,S013,16.35783155,16.35783155
TSK006666,S014,5.14998535,5.14998535
TSK006666,S015,6.35448684,6.35448684
TSK006666,S016,13.00362342,13.00362342
TSK006666,S017,15.05792893,15.05792893
TSK006666,S018,10.68608744,10.68608744
TSK006666,S019,5.14998535,5.14998535
TSK006666,S020,5.14998535,5.14998535
TSK006666,S021,16.03467516,16.03467516
TSK006666,S022,50.72579562,50.72579562
TSK006666,S023,5.14998535,5.14998535
TSK006666,S024,5.14998535,5.14998535
TSK006666,S025,5.14998535,5.14998535
TSK006666,S026,17.5836732,17.5836732
TSK006666,S027,30.50741058,30.50741058
TSK006666,S028,5.14998535,5.14998535
TSK006666,S029,28.52065184,28.52065184
TSK006666,S030,27.17020134,27.17020134
TSK006666,S031,12.75849007,12.75849007
TSK006666,S032,49.63379089,49.63379089
TSK006666,S033,23.4653522,23.4653522
TSK006666,S034,17.71737479,17.71737479
TSK006666,S035,5.14998535,5.14998535
TSK006666,S036,25.54781071,25.54781071
TSK006666,S037,26.79318294,26.79318294
TSK006666,S038,12.27568591,12.27568591
TSK006666,S039,15.23868872,15.23868872
TSK006666,S040,18.38444486,18.38444486
TSK006666,S041,8.66955406,8.66955406
TSK006666,S042,28.4059683,28.4059683
TSK006666,S043,5.14998535,5.14998535
TSK006666,S044,10.63501181,10.63501181
TSK006666,S045,7.22247982,7.22247982
TSK006666,S046,15.53564858,15.53564858
TSK006666,S047,10.26859831,10.26859831
TSK006666,S048,60.97398192,60.97398192
TSK006666,S049,14.39814616,14.39814616
TSK006666,S050,18.20409382,18.20409382
TSK006666,S051,18.09126361,18.09126361
TSK006666,S052,13.65483935,13.65483935
TSK006666,S053,32.54698188,32.54698188
TSK006666,S054,14.21514723,14.21514723
TSK006666,S055,15.96107579,15.96107579
TSK006666,S056,5.14998535,5.14998535
TSK006666,S057,15.16867773,15.16867773
TSK006666,S058,17.08560435,17.08560435
TSK006666,S059,23.99630615,23.99630615
TSK006666,S060,20.8230207,20.8230207
TSK006666,S061,17.12895469,17.12895469
TSK006666,S062,15.42936834,15.42936834
TSK006666,S063,11.14095549,11.14095549
TSK006666,S064,35.29907439,35.29907439
TSK006666,S065,5.14998535,5.14998535
TSK006666,S066,30.31443356,30.31443356
TSK006666,S067,5.50597369,5.50597369
TSK006666,S068,11.01784739,11.01784739
TSK006666,S069,18.01814515,18.01814515
TSK006666,S070,5.50597369,5.50597369
TSK006666,S071,15.51254035,15.51254035
TSK006666,S072,5.14998535,5.14998535
TSK006666,S073,5.14998535,5.14998535
TSK006666,S074,19.58433688,19.58433688
TSK006666,S075,5.14998535,5.14998535
TSK006666,S076,8.12591248,8.12591248
TSK006666,S077,5.14998535,5.14998535
TSK006666,S078,11.01784739,11.01784739
TSK006666,S079,13.25986955,13.25986955
TSK006666,S080,18.20409382,18.20409382
TSK006666,S081,21.50951439,21.50951439
TSK006666,S082,5.14998535,5.14998535
TSK006666,S083,5.14998535,5.14998535
TSK006666,S084,5.14998535,5.14998535
TSK006666,S085,5.14998535,5.14998535
TSK006666,S086,13.00947218,13.00947218
TSK006666,S087,5.14998535,5.14998535
TSK006666,S088,14.39814616,14.39814616
TSK006666,S089,16.01498461,16.01498461
TSK006666,S090,14.39814616,14.39814616
TSK006666,S091,27.17020134,27.17020134
TSK006666,S092,21.2484013,21.2484013
TSK006666,S093,5.14998535,5.14998535
TSK006666,S094,5.14998535,5.14998535
TSK006666,S095,34.59314634,34.59314634
TSK006666,S096,19.55357438,19.55357438
TSK006666,S097,8.56534377,8.56534377
TSK006666,S098,5.14998535,5.14998535
TSK006666,S099,11.14095549,11.14095549
TSK006666,S100,5.14998535,5.14998535
TSK006690,S001,12.95913583,12.95913583
TSK006690,S002,3.01282316,3.01282316
TSK006690,S003,10.96644056,10.96644056
TSK006690,S004,10.72308682,10.72308682
TSK006690,S005,3.01282316,3.01282316
TSK006690,S006,3.01282316,3.01282316
TSK006690,S007,6.88764183,6.88764183
TSK006690,S008,17.31437267,17.31437267
TSK006690,S009,5.17371385,5.17371385
TSK006690,S010,7.61126713,7.61126713
TSK006690,S011,3.01282316,3.01282316
TSK006690,S012,10.57448271,10.57448271
TSK006690,S013,8.11151595,8.11151595
TSK006690,S014,3.01282316,3.01282316
TSK006690,S015,3.46181825,3.46181825
TSK006690,S016,7.5900137,7.5900137
TSK006690,S017,8.31395821,8.31395821
TSK006690,S018,5.66015628,5.66015628
TSK006690,S019,3.01282316,3.01282316
TSK006690,S020,3.01282316,3.01282316
TSK006690,S021,7.85548234,7.85548234
TSK006690,S022,21.70412831,21.70412831
TSK006690,S023,3.01282316,3.01282316
TSK006690,S024,3.01282316,3.01282316
TSK006690,S025,3.01282316,3.01282316
TSK006690,S026,8.31080291,8.31080291
TSK006690,S027,13.67673518,13.67673518
TSK006690,S028,3.01282316,3.01282316
TSK006690,S029,13.57386104,13.57386104
TSK006690,S030,13.07308949,13.07308949
TSK006690,S031,7.32084347,7.32084347
TSK006690,S032,31.74814102,31.74814102
TSK006690,S033,12.62984927,12.62984927
TSK006690,S034,9.52124149,9.52124149
TSK006690,S035,3.01282316,3.01282316
TSK006690,S036,11.47956392,11.47956392
TSK006690,S037,13.01454304,13.01454304
TSK006690,S038,5.90520475,5.90520475
TSK006690,S039,7.2460323,7.2460323
TSK006690,S040,9.48102005,9.48102005
TSK006690,S041,5.07443309,5.07443309
TSK006690,S042,13.82276311,13.82276311
TSK006690,S043,3.01282316,3.01282316
TSK006690,S044,6.29349051,6.29349051
TSK006690,S045,4.65205211,4.65205211
TSK006690,S046,7.76980309,7.76980309
TSK006690,S047,6.0929748,6.0929748
TSK006690,S048,28.99562497,28.99562497
TSK006690,S049,9.6382583,9.6382583
TSK006690,S050,9.47322505,9.47322505
TSK006690,S051,9.04273171,9.04273171
TSK006690,S052,7.70036911,7.70036911
TSK006690,S053,15.94492277,15.94492277
TSK006690,S054,8.82794429,8.82794429
TSK006690,S055,8.47676944,8.47676944
TSK006690,S056,3.01282316,3.01282316
TSK006690,S057,9.98419229,9.98419229
TSK006690,S058,9.52784915,9.52784915
TSK006690,S059,12.38382468,12.38382468
TSK006690,S060,10.98716433,10.98716433
TSK006690,S061,8.68625478,8.68625478
TSK006690,S062,8.24204755,8.24204755
TSK006690,S063,5.46346755,5.46346755
TSK006690,S064,15.82661337,15.82661337
TSK006690,S065,3.01282316,3.01282316
TSK006690,S066,16.29199995,16.29199995
TSK006690,S067,3.30316521,3.30316521
TSK006690,S068,7.29204497,7.29204497
TSK006690,S069,9.40672183,9.40672183
TSK006690,S070,3.30316521,3.30316521
TSK006690,S071,8.62660989,8.62660989
TSK006690,S072,3.01282316,3.01282316
TSK006690,S073,3.01282316,3.01282316
TSK006690,S074,11.82372638,11.82372638
TSK006690,S075,3.01282316,3.01282316
TSK006690,S076,4.68450667,4.68450667
TSK006690,S077,3.01282316,3.01282316
TSK006690,S078,7.29204497,7.29204497
TSK006690,S079,6.67790413,6.67790413
TSK006690,S080,9.47322505,9.47322505
TSK006690,S081,10.32884998,10.32884998
TSK006690,S082,3.01282316,3.01282316
TSK006690,S083,3.01282316,3.01282316
TSK006690,S084,3.01282316,3.01282316
TSK006690,S085,3.01282316,3.01282316
TSK006690,S086,7.25467473,7.25467473
TSK006690,S087,3.01282316,3.01282316
TSK006690,S088,9.6382583,9.6382583
TSK006690,S089,8.67162105,8.67162105
TSK006690,S090,9.6382583,9.6382583
TSK006690,S091,13.07308949,13.07308949
TSK006690,S092,12.80197475,12.80197475
TSK006690,S093,3.01282316,3.01282316
TSK006690,S094,3.01282316,3.01282316
TSK006690,S095,16.04885373,16.04885373
TSK006690,S096,10.09827545,10.09827545
TSK006690,S097,4.41423378,4.41423378
TSK006690,S098,3.01282316,3.01282316
TSK006690,S099,5.46346755,5.46346755
TSK006690,S100,3.01282316,3.01282316
TSK006745,S001,6.53484827,6.53484827
TSK006745,S002,1.44760888,1.44760888
TSK006745,S003,5.11900491,5.11900491
TSK006745,S004,4.97874795,4.97874795
TSK006745,S005,1.44760888,1.44760888
TSK006745,S006,1.44760888,1.44760888
TSK006745,S007,3.22431648,3.22431648
TSK006745,S008,7.54847886,7.54847886
TSK006745,S009,2.44760963,2.44760963
TSK006745,S010,3.59385551,3.59385551
TSK006745,S011,1.44760888,1.44760888
TSK006745,S012,4.87721556,4.87721556
TSK006745,S013,3.76521517,3.76521517
TSK006745,S014,1.44760888,1.44760888
TSK006745,S015,1.65125155,1.65125155
TSK006745,S016,3.51669639,3.51669639
TSK006745,S017,3.85493957,3.85493957
TSK006745,S018,2.62811667,2.62811667
TSK006745,S019,1.44760888,1.44760888
TSK006745,S020,1.44760888,1.44760888
TSK006745,S021,3.61679283,3.61679283
TSK006745,S022,9.56837037,9.56837037
TSK006745,S023,1.44760888,1.44760888
TSK006745,S024,1.44760888,1.44760888
TSK006745,S025,1.44760888,1.44760888
TSK006745,S026,3.74660246,3.74660246
TSK006745,S027,6.28135666,6.28135666
TSK006745,S028,1.44760888,1.44760888
TSK006745,S029,6.24061608,6.24061608
TSK006745,S030,5.98938954,5.98938954
TSK006745,S031,3.46179549,3.46179549
TSK006745,S032,15.53402466,15.53402466
TSK006745,S033,5.96498207,5.96498207
TSK006745,S034,4.48338825,4.48338825
TSK006745,S035,1.44760888,1.44760888
TSK006745,S036,5.29156458,5.29156458
TSK006745,S037,5.98356716,5.98356716
TSK006745,S038,2.75336164,2.75336164
TSK006745,S039,3.37172083,3.37172083
TSK006745,S040,4.35023376,4.35023376
TSK006745,S041,2.41776524,2.41776524
TSK006745,S042,6.30309374,6.30309374
TSK006745,S043,1.44760888,1.44760888
TSK006745,S044,3.02008822,3.02008822
TSK006745,S045,2.27506942,2.27506942
TSK006745,S046,3.62370981,3.62370981
TSK006745,S047,2.89448824,2.89448824
TSK006745,S048,12.97477655,12.97477655
TSK006745,S049,4.72072648,4.72072648
TSK006745,S050,4.31919597,4.31919597
TSK006745,S051,4.10550721,4.10550721
TSK006745,S052,3.56655709,3.56655709
TSK006745,S053,7.2039904,7.2039904
TSK006745,S054,4.2430352,4.2430352
TSK006745,S055,3.97384786,3.97384786
TSK006745,S056,1.44760888,1.44760888
TSK006745,S057,4.94781115,4.94781115
TSK006745,S058,4.4548151,4.4548151
TSK006745,S059,5.64387012,5.64387012
TSK006745,S060,4.99228604,4.99228604
TSK006745,S061,4.0373766,4.0373766
TSK006745,S062,3.81007799,3.81007799
TSK006745,S063,2.53334479,2.53334479
TSK006745,S064,7.2200209,7.2200209
TSK006745,S065,1.44760888,1.44760888
TSK006745,S066,7.67840868,7.67840868
TSK006745,S067,1.59547799,1.59547799
TSK006745,S068,3.55373584,3.55373584
TSK006745,S069,4.34191597,4.34191597
TSK006745,S070,1.59547799,1.59547799
TSK006745,S071,3.91143425,3.91143425
TSK006745,S072,1.44760888,1.44760888
TSK006745,S073,1.44760888,1.44760888
TSK006745,S074,5.63915743,5.63915743
TSK006745,S075,1.44760888,1.44760888
TSK006745,S076,2.19276873,2.19276873
TSK006745,S077,1.44760888,1.44760888
TSK006745,S078,3.55373584,3.55373584
TSK006745,S079,2.94980183,2.94980183
TSK006745,S080,4.31919597,4.31919597
TSK006745,S081,4.76554274,4.76554274
TSK006745,S082,1.44760888,1.44760888
TSK006745,S083,1.44760888,1.44760888
TSK006745,S084,1.44760888,1.44760888
TSK006745,S085,1.44760888,1.44760888
TSK006745,S086,3.36643527,3.36643527
TSK006745,S087,1.44760888,1.44760888
TSK006745,S088,4.72072648,4.72072648
TSK006745,S089,3.96838577,3.96838577
TSK006745,S090,4.72072648,4.72072648
TSK006745,S091,5.98938954,5.98938954
TSK006745,S092,6.34716664,6.34716664
TSK006745,S093,1.44760888,1.44760888
TSK006745,S094,1.44760888,1.44760888
TSK006745,S095,7.34475017,7.34475017
TSK006745,S096,4.76720451,4.76720451
TSK006745,S097,2.05027879,2.05027879
TSK006745,S098,1.44760888,1.44760888
TSK006745,S099,2.53334479,2.53334479
TSK006745,S100,1.44760888,1.44760888
TSK006759,S001,14.54815306,14.54815306
TSK006759,S002,3.96738622,3.96738622
TSK006759,S003,13.72741033,13.72741033
TSK006759,S004,15.37928798,15.37928798
TSK006759,S005,3.96738622,3.96738622
TSK006759,S006,3.96738622,3.96738622
TSK006759,S007,10.81846498,10.81846498
TSK006759,S008,24.66899808,24.66899808
TSK006759,S009,7.55042799,7.55042799
TSK006759,S010,12.24292593,12.24292593
TSK006759,S011,3.96738622,3.96738622
TSK006759,S012,18.87092136,18.87092136
TSK006759,S013,12.07432525,12.07432525
TSK006759,S014,3.96738622,3.96738622
TSK006759,S015,4.85232609,4.85232609
TSK006759,S016,9.43775119,9.43775119
TSK006759,S017,10.99799276,10.99799276
TSK006759,S018,7.84952899,7.84952899
TSK006759,S019,3.96738622,3.96738622
TSK006759,S020,3.96738622,3.96738622
TSK006759,S021,11.71495054,11.71495054
TSK006759,S022,35.58325108,35.58325108
TSK006759,S023,3.96738622,3.96738622
TSK006759,S024,3.96738622,3.96738622
TSK006759,S025,3.96738622,3.96738622
TSK006759,S026,12.5307954,12.5307954
TSK006759,S027,22.38697656,22.38697656
TSK006759,S028,3.96738622,3.96738622
TSK006759,S029,20.84978006,20.84978006
TSK006759,S030,19.74969512,19.74969512
TSK006759,S031,9.58626135,9.58626135
TSK006759,S032,39.36708479,39.36708479
TSK006759,S033,17.66267885,17.66267885
TSK006759,S034,13.27741779,13.27741779
TSK006759,S035,3.96738622,3.96738622
TSK006759,S036,18.8300298,18.8300298
TSK006759,S037,19.55180211,19.55180211
TSK006759,S038,9.13692908,9.13692908
TSK006759,S039,11.3209131,11.3209131
TSK006759,S040,13.30208104,13.30208104
TSK006759,S041,6.58760492,6.58760492
TSK006759,S042,20.49315043,20.49315043
TSK006759,S043,3.96738622,3.96738622
TSK006759,S044,8.17274302,8.17274302
TSK006759,S045,5.72336197,5.72336197
TSK006759,S046,11.53613206,11.53613206
TSK006759,S047,7.75939536,7.75939536
TSK006759,S048,42.98981291,42.98981291
TSK006759,S049,11.43990771,11.43990771
TSK006759,S050,13.03723107,13.03723107
TSK006759,S051,12.93540855,12.93540855
TSK006759,S052,9.93691972,9.93691972
TSK006759,S053,23.16644376,23.16644376
TSK006759,S054,10.93503563,10.93503563
TSK006759,S055,11.89085281,11.89085281
TSK006759,S056,3.96738622,3.96738622
TSK006759,S057,12.30947368,12.30947368
TSK006759,S058,12.63299903,12.63299903
TSK006759,S059,17.19062534,17.19062534
TSK006759,S060,14.81323011,14.81323011
TSK006759,S061,12.64527733,12.64527733
TSK006759,S062,11.25055321,11.25055321
TSK006759,S063,8.21859466,8.21859466
TSK006759,S064,25.68568274,25.68568274
TSK006759,S065,3.96738622,3.96738622
TSK006759,S066,22.74783786,22.74783786
TSK006759,S067,4.27541718,4.27541718
TSK006759,S068,8.67467965,8.67467965
TSK006759,S069,13.13601517,13.13601517
TSK006759,S070,4.27541718,4.27541718
TSK006759,S071,10.92817638,10.92817638
TSK006759,S072,3.96738622,3.96738622
TSK006759,S073,3.96738622,3.96738622
TSK006759,S074,14.88440427,14.88440427
TSK006759,S075,3.96738622,3.96738622
TSK006759,S076,6.00399053,6.00399053
TSK006759,S077,3.96738622,3.96738622
TSK006759,S078,8.67467965,8.67467965
TSK006759,S079,9.10693363,9.10693363
TSK006759,S080,13.03723107,13.03723107
TSK006759,S081,15.78697968,15.78697968
TSK006759,S082,3.96738622,3.96738622
TSK006759,S083,3.96738622,3.96738622
TSK006759,S084,3.96738622,3.96738622
TSK006759,S085,3.96738622,3.96738622
TSK006759,S086,9.50522887,9.50522887
TSK006759,S087,3.96738622,3.96738622
TSK006759,S088,11.43990771,11.43990771
TSK006759,S089,11.48346153,11.48346153
TSK006759,S090,11.43990771,11.43990771
TSK006759,S091,19.74969512,19.74969512
TSK006759,S092,17.2275298,17.2275298
TSK006759,S093,3.96738622,3.96738622
TSK006759,S094,3.96738622,3.96738622
TSK006759,S095,25.19467167,25.19467167
TSK006759,S096,14.74254386,14.74254386
TSK006759,S097,6.3087958,6.3087958
TSK006759,S098,3.96738622,3.96738622
TSK006759,S099,8.21859466,8.21859466
TSK006759,S100,3.96738622,3.96738622
TSK006769,S001,31.41085095,31.41085095
TSK006769,S002,14.55993809,14.55993809
TSK006769,S003,42.76561797,42.76561797
TSK006769,S004,67.32065424,67.32065424
TSK006769,S005,14.55993809,14.55993809
TSK006769,S006,14.55993809,14.55993809
TSK006769,S007,55.72330579,55.72330579
TSK006769,S008,103.70255638,103.70255638
TSK006769,S009,34.45253657,34.45253657
TSK006769,S010,65.53187395,65.53187395
TSK006769,S011,14.55993809,14.55993809
TSK006769,S012,114.78570737,114.78570737
TSK006769,S013,56.69776864,56.69776864
TSK006769,S014,14.55993809,14.55993809
TSK006769,S015,20.51112877,20.51112877
TSK006769,S016,28.61771531,28.61771531
TSK006769,S017,40.0201937,40.0201937
TSK006769,S018,32.0157051,32.0157051
TSK006769,S019,14.55993809,14.55993809
TSK006769,S020,14.55993809,14.55993809
TSK006769,S021,55.02132472,55.02132472
TSK006769,S022,191.72450163,191.72450163
TSK006769,S023,14.55993809,14.55993809
TSK006769,S024,14.55993809,14.55993809
TSK006769,S025,14.55993809,14.55993809
TSK006769,S026,59.54072477,59.54072477
TSK006769,S027,121.81171354,121.81171354
TSK006769,S028,14.55993809,14.55993809
TSK006769,S029,102.98171704,102.98171704
TSK006769,S030,94.72088815,94.72088815
TSK006769,S031,34.34590732,34.34590732
TSK006769,S032,123.05436757,123.05436757
TSK006769,S033,73.95919128,73.95919128
TSK006769,S034,55.18021205,55.18021205
TSK006769,S035,14.55993809,14.55993809
TSK006769,S036,102.87328863,102.87328863
TSK006769,S037,92.98343064,92.98343064
TSK006769,S038,45.89555315,45.89555315
TSK006769,S039,57.71121427,57.71121427
TSK006769,S040,55.34208646,55.34208646
TSK006769,S041,23.16394315,23.16394315
TSK006769,S042,94.87684051,94.87684051
TSK006769,S043,14.55993809,14.55993809
TSK006769,S044,28.8873094,28.8873094
TSK006769,S045,17.43318828,17.43318828
TSK006769,S046,54.02135345,54.02135345
TSK006769,S047,25.79012579,25.79012579
TSK006769,S048,197.60906422,197.60906422
TSK006769,S049,30.67933134,30.67933134
TSK006769,S050,51.80690226,51.80690226
TSK006769,S051,55.78591367,55.78591367
TSK006769,S052,33.77328336,33.77328336
TSK006769,S053,102.85198618,102.85198618
TSK006769,S054,33.62249932,33.62249932
TSK006769,S055,49.94144484,49.94144484
TSK006769,S056,14.55993809,14.55993809
TSK006769,S057,38.13491258,38.13491258
TSK006769,S058,46.46203048,46.46203048
TSK006769,S059,69.64848734,69.64848734
TSK006769,S060,55.95349065,55.95349065
TSK006769,S061,57.01426442,57.01426442
TSK006769,S062,44.16690127,44.16690127
TSK006769,S063,39.30065265,39.30065265
TSK006769,S064,137.78642025,137.78642025
TSK006769,S065,14.55993809,14.55993809
TSK006769,S066,94.83411765,94.83411765
TSK006769,S067,15.03725306,15.03725306
TSK006769,S068,23.36390442,23.36390442
TSK006769,S069,54.24744055,54.24744055
TSK006769,S070,15.03725306,15.03725306
TSK006769,S071,34.67105598,34.67105598
TSK006769,S072,14.55993809,14.55993809
TSK006769,S073,14.55993809,14.55993809
TSK006769,S074,47.90633795,47.90633795
TSK006769,S075,14.55993809,14.55993809
TSK006769,S076,20.14074157,20.14074157
TSK006769,S077,14.55993809,14.55993809
TSK006769,S078,23.36390442,23.36390442
TSK006769,S079,34.87536618,34.87536618
TSK006769,S080,51.80690226,51.80690226
TSK006769,S081,77.43242283,77.43242283
TSK006769,S082,14.55993809,14.55993809
TSK006769,S083,14.55993809,14.55993809
TSK006769,S084,14.55993809,14.55993809
TSK006769,S085,14.55993809,14.55993809
TSK006769,S086,33.73655183,33.73655183
TSK006769,S087,14.55993809,14.55993809
TSK006769,S088,30.67933134,30.67933134
TSK006769,S089,41.59906397,41.59906397
TSK006769,S090,30.67933134,30.67933134
TSK006769,S091,94.72088815,94.72088815
TSK006769,S092,67.85277737,67.85277737
TSK006769,S093,14.55993809,14.55993809
TSK006769,S094,14.55993809,14.55993809
TSK006769,S095,128.68718872,128.68718872
TSK006769,S096,67.25640928,67.25640928
TSK006769,S097,27.42624187,27.42624187
TSK006769,S098,14.55993809,14.55993809
TSK006769,S099,39.30065265,39.30065265
TSK006769,S100,14.55993809,14.55993809
TSK006778,S001,6.83325358,6.83325358
TSK006778,S002,1.54077615,1.54077615
TSK006778,S003,5.68611003,5.68611003
TSK006778,S004,5.38247278,5.38247278
TSK006778,S005,1.54077615,1.54077615
TSK006778,S006,1.54077615,1.54077615
TSK006778,S007,3.36879326,3.36879326
TSK006778,S008,8.74615086,8.74615086
TSK006778,S009,2.58128441,2.58128441
TSK006778,S010,3.69377403,3.69377403
TSK006778,S011,1.54077615,1.54077615
TSK006778,S012,4.97038283,4.97038283
TSK006778,S013,4.03121448,4.03121448
TSK006778,S014,1.54077615,1.54077615
TSK006778,S015,1.74441882,1.74441882
TSK006778,S016,3.94337547,3.94337547
TSK006778,S017,4.2586644,4.2586644
TSK006778,S018,2.86576072,2.86576072
TSK006778,S019,1.54077615,1.54077615
TSK006778,S020,1.54077615,1.54077615
TSK006778,S021,3.90439613,3.90439613
TSK006778,S022,10.52704807,10.52704807
TSK006778,S023,1.54077615,1.54077615
TSK006778,S024,1.54077615,1.54077615
TSK006778,S025,1.54077615,1.54077615
TSK006778,S026,4.12467253,4.12467253
TSK006778,S027,6.61621872,6.61621872
TSK006778,S028,1.54077615,1.54077615
TSK006778,S029,6.69159968,6.69159968
TSK006778,S030,6.47682988,6.47682988
TSK006778,S031,3.75344955,3.75344955
TSK006778,S032,16.43734209,16.43734209
TSK006778,S033,6.37275765,6.37275765
TSK006778,S034,4.80879857,4.80879857
TSK006778,S035,1.54077615,1.54077615
TSK006778,S036,5.54811213,5.54811213
TSK006778,S037,6.45615476,6.45615476
TSK006778,S038,2.90188917,2.90188917
TSK006778,S039,3.55130411,3.55130411
TSK006778,S040,4.79041535,4.79041535
TSK006778,S041,2.60545003,2.60545003
TSK006778,S042,6.88640185,6.88640185
TSK006778,S043,1.54077615,1.54077615
TSK006778,S044,3.22937701,3.22937701
TSK006778,S045,2.41279495,2.41279495
TSK006778,S046,3.86270411,3.86270411
TSK006778,S047,3.14293429,3.14293429
TSK006778,S048,14.46545285,14.46545285
TSK006778,S049,5.03668504,5.03668504
TSK006778,S050,4.81203732,4.81203732
TSK006778,S051,4.54973955,4.54973955
TSK006778,S052,3.96758142,3.96758142
TSK006778,S053,7.99253656,7.99253656
TSK006778,S054,4.57789727,4.57789727
TSK006778,S055,4.27630392,4.27630392
TSK006778,S056,1.54077615,1.54077615
TSK006778,S057,5.17060244,5.17060244
TSK006778,S058,4.87474294,4.87474294
TSK006778,S059,6.2771375,6.2771375
TSK006778,S060,5.61070066,5.61070066
TSK006778,S061,4.34253317,4.34253317
TSK006778,S062,4.19084857,4.19084857
TSK006778,S063,2.70752708,2.70752708
TSK006778,S064,7.68045625,7.68045625
TSK006778,S065,1.54077615,1.54077615
TSK006778,S066,8.22526004,8.22526004
TSK006778,S067,1.69539651,1.69539651
TSK006778,S068,3.81028339,3.81028339
TSK006778,S069,4.7564428,4.7564428
TSK006778,S070,1.69539651,1.69539651
TSK006778,S071,4.47043787,4.47043787
TSK006778,S072,1.54077615,1.54077615
TSK006778,S073,1.54077615,1.54077615
TSK006778,S074,6.11309528,6.11309528
TSK006778,S075,1.54077615,1.54077615
TSK006778,S076,2.41556002,2.41556002
TSK006778,S077,1.54077615,1.54077615
TSK006778,S078,3.81028339,3.81028339
TSK006778,S079,3.40753667,3.40753667
TSK006778,S080,4.81203732,4.81203732
TSK006778,S081,5.09770431,5.09770431
TSK006778,S082,1.54077615,1.54077615
TSK006778,S083,1.54077615,1.54077615
TSK006778,S084,1.54077615,1.54077615
TSK006778,S085,1.54077615,1.54077615
TSK006778,S086,3.72425159,3.72425159
TSK006778,S087,1.54077615,1.54077615
TSK006778,S088,5.03668504,5.03668504
TSK006778,S089,4.44502412,4.44502412
TSK006778,S090,5.03668504,5.03668504
TSK006778,S091,6.47682988,6.47682988
TSK006778,S092,6.49704442,6.49704442
TSK006778,S093,1.54077615,1.54077615
TSK006778,S094,1.54077615,1.54077615
TSK006778,S095,7.86459652,7.86459652
TSK006778,S096,5.03860481,5.03860481
TSK006778,S097,2.21770982,2.21770982
TSK006778,S098,1.54077615,1.54077615
TSK006778,S099,2.70752708,2.70752708
TSK006778,S100,1.54077615,1.54077615
TSK006826,S001,20.45847097,20.45847097
TSK006826,S002,7.21507111,7.21507111
TSK006826,S003,24.16776866,24.16776866
TSK006826,S004,31.042539,31.042539
TSK006826,S005,7.21507111,7.21507111
TSK006826,S006,7.21507111,7.21507111
TSK006826,S007,23.35098972,23.35098972
TSK006826,S008,51.37910105,51.37910105
TSK006826,S009,15.29094138,15.29094138
TSK006826,S010,26.76259239,26.76259239
TSK006826,S011,7.21507111,7.21507111
TSK006826,S012,44.57740575,44.57740575
TSK006826,S013,25.13209941,25.13209941
TSK006826,S014,7.21507111,7.21507111
TSK006826,S015,9.43356621,9.43356621
TSK006826,S016,16.59064288,16.59064288
TSK006826,S017,20.62838559,20.62838559
TSK006826,S018,15.3826326,15.3826326
TSK006826,S019,7.21507111,7.21507111
TSK006826,S020,7.21507111,7.21507111
TSK006826,S021,24.53258715,24.53258715
TSK006826,S022,81.41123252,81.41123252
TSK006826,S023,7.21507111,7.21507111
TSK006826,S024,7.21507111,7.21507111
TSK006826,S025,7.21507111,7.21507111
TSK006826,S026,26.76945429,26.76945429
TSK006826,S027,50.20934226,50.20934226
TSK006826,S028,7.21507111,7.21507111
TSK006826,S029,44.69296134,44.69296134
TSK006826,S030,41.88779774,41.88779774
TSK006826,S031,17.5419444,17.5419444
TSK006826,S032,65.85047074,65.85047074
TSK006826,S033,34.49228312,34.49228312
TSK006826,S034,25.91205451,25.91205451
TSK006826,S035,7.21507111,7.21507111
TSK006826,S036,42.21740385,42.21740385
TSK006826,S037,41.21140528,41.21140528
TSK006826,S038,19.54515714,19.54515714
TSK006826,S039,24.41758243,24.41758243
TSK006826,S040,26.53885918,26.53885918
TSK006826,S041,11.87649938,11.87649938
TSK006826,S042,42.9494053,42.9494053
TSK006826,S043,7.21507111,7.21507111
TSK006826,S044,14.65746126,14.65746126
TSK006826,S045,9.48489011,9.48489011
TSK006826,S046,23.89789421,23.89789421
TSK006826,S047,13.73077962,13.73077962
TSK006826,S048,91.04085754,91.04085754
TSK006826,S049,18.06240361,18.06240361
TSK006826,S050,25.6728863,25.6728863
TSK006826,S051,26.40550642,26.40550642
TSK006826,S052,18.18896116,18.18896116
TSK006826,S053,48.03045419,48.03045419
TSK006826,S054,18.55836351,18.55836351
TSK006826,S055,23.39829532,23.39829532
TSK006826,S056,7.21507111,7.21507111
TSK006826,S057,20.20608371,20.20608371
TSK006826,S058,23.60857092,23.60857092
TSK006826,S059,34.12187855,34.12187855
TSK006826,S060,28.69217679,28.69217679
TSK006826,S061,25.82918682,25.82918682
TSK006826,S062,21.79277143,21.79277143
TSK006826,S063,17.25914136,17.25914136
TSK006826,S064,57.46396417,57.46396417
TSK006826,S065,7.21507111,7.21507111
TSK006826,S066,44.41956489,44.41956489
TSK006826,S067,7.60095711,7.60095711
TSK006826,S068,13.80645644,13.80645644
TSK006826,S069,26.00184634,26.00184634
TSK006826,S070,7.60095711,7.60095711
TSK006826,S071,19.93472637,19.93472637
TSK006826,S072,7.21507111,7.21507111
TSK006826,S073,7.21507111,7.21507111
TSK006826,S074,25.91389358,25.91389358
TSK006826,S075,7.21507111,7.21507111
TSK006826,S076,10.82386564,10.82386564
TSK006826,S077,7.21507111,7.21507111
TSK006826,S078,13.80645644,13.80645644
TSK006826,S079,18.14722318,18.14722318
TSK006826,S080,25.6728863,25.6728863
TSK006826,S081,33.65163702,33.65163702
TSK006826,S082,7.21507111,7.21507111
TSK006826,S083,7.21507111,7.21507111
TSK006826,S084,7.21507111,7.21507111
TSK006826,S085,7.21507111,7.21507111
TSK006826,S086,17.64814132,17.64814132
TSK006826,S087,7.21507111,7.21507111
TSK006826,S088,18.06240361,18.06240361
TSK006826,S089,21.76125497,21.76125497
TSK006826,S090,18.06240361,18.06240361
TSK006826,S091,41.88779774,41.88779774
TSK006826,S092,31.29243528,31.29243528
TSK006826,S093,7.21507111,7.21507111
TSK006826,S094,7.21507111,7.21507111
TSK006826,S095,55.00006974,55.00006974
TSK006826,S096,29.90389733,29.90389733
TSK006826,S097,12.69312899,12.69312899
TSK006826,S098,7.21507111,7.21507111
TSK006826,S099,17.25914136,17.25914136
TSK006826,S100,7.21507111,7.21507111
TSK006838,S001,10.78097968,10.78097968
TSK006838,S002,2.42508093,2.42508093
TSK006838,S003,8.89921416,8.89921416
TSK006838,S004,8.45401224,8.45401224
TSK006838,S005,2.42508093,2.42508093
TSK006838,S006,2.42508093,2.42508093
TSK006838,S007,5.31561646,5.31561646
TSK006838,S008,13.61504684,13.61504684
TSK006838,S009,4.06782648,4.06782648
TSK006838,S010,5.84159464,5.84159464
TSK006838,S011,2.42508093,2.42508093
TSK006838,S012,7.86982373,7.86982373
TSK006838,S013,6.33985255,6.33985255
TSK006838,S014,2.42508093,2.42508093
TSK006838,S015,2.74837805,2.74837805
TSK006838,S016,6.16416725,6.16416725
TSK006838,S017,6.66988707,6.66988707
TSK006838,S018,4.49600675,4.49600675
TSK006838,S019,2.42508093,2.42508093
TSK006838,S020,2.42508093,2.42508093
TSK006838,S021,6.13364758,6.13364758
TSK006838,S022,16.49624219,16.49624219
TSK006838,S023,2.42508093,2.42508093
TSK006838,S024,2.42508093,2.42508093
TSK006838,S025,2.42508093,2.42508093
TSK006838,S026,6.46295089,6.46295089
TSK006838,S027,10.4282002,10.4282002
TSK006838,S028,2.42508093,2.42508093
TSK006838,S029,10.52168638,10.52168638
TSK006838,S030,10.17250286,10.17250286
TSK006838,S031,5.89309574,5.89309574
TSK006838,S032,25.89173556,25.89173556
TSK006838,S033,10.02524594,10.02524594
TSK006838,S034,7.56092451,7.56092451
TSK006838,S035,2.42508093,2.42508093
TSK006838,S036,8.75016615,8.75016615
TSK006838,S037,10.14302906,10.14302906
TSK006838,S038,4.57345976,4.57345976
TSK006838,S039,5.59744851,5.59744851
TSK006838,S040,7.50585795,7.50585795
TSK006838,S041,4.0940114,4.0940114
TSK006838,S042,10.80110829,10.80110829
TSK006838,S043,2.42508093,2.42508093
TSK006838,S044,5.07966765,5.07966765
TSK006838,S045,3.79942409,3.79942409
TSK006838,S046,6.07842029,6.07842029
TSK006838,S047,4.93360342,4.93360342
TSK006838,S048,22.62876767,22.62876767
TSK006838,S049,7.92484184,7.92484184
TSK006838,S050,7.52830913,7.52830913
TSK006838,S051,7.12285464,7.12285464
TSK006838,S052,6.20838127,6.20838127
TSK006838,S053,12.51089231,12.51089231
TSK006838,S054,7.19222094,7.19222094
TSK006838,S055,6.72072804,6.72072804
TSK006838,S056,2.42508093,2.42508093
TSK006838,S057,8.15845518,8.15845518
TSK006838,S058,7.64430135,7.64430135
TSK006838,S059,9.82259185,9.82259185
TSK006838,S060,8.76792573,8.76792573
TSK006838,S061,6.82526265,6.82526265
TSK006838,S062,6.56740103,6.56740103
TSK006838,S063,4.25911085,4.25911085
TSK006838,S064,12.08943457,12.08943457
TSK006838,S065,2.42508093,2.42508093
TSK006838,S066,12.93486152,12.93486152
TSK006838,S067,2.66902921,2.66902921
TSK006838,S068,5.9912403,5.9912403
TSK006838,S069,7.45770949,7.45770949
TSK006838,S070,2.66902921,2.66902921
TSK006838,S071,6.97107571,6.97107571
TSK006838,S072,2.42508093,2.42508093
TSK006838,S073,2.42508093,2.42508093
TSK006838,S074,9.59809342,9.59809342
TSK006838,S075,2.42508093,2.42508093
TSK006838,S076,3.78463078,3.78463078
TSK006838,S077,2.42508093,2.42508093
TSK006838,S078,5.9912403,5.9912403
TSK006838,S079,5.30648198,5.30648198
TSK006838,S080,7.52830913,7.52830913
TSK006838,S081,8.01806032,8.01806032
TSK006838,S082,2.42508093,2.42508093
TSK006838,S083,2.42508093,2.42508093
TSK006838,S084,2.42508093,2.42508093
TSK006838,S085,2.42508093,2.42508093
TSK006838,S086,5.83182176,5.83182176
TSK006838,S087,2.42508093,2.42508093
TSK006838,S088,7.92484184,7.92484184
TSK006838,S089,6.94930366,6.94930366
TSK006838,S090,7.92484184,7.92484184
TSK006838,S091,10.17250286,10.17250286
TSK006838,S092,10.28071813,10.28071813
TSK006838,S093,2.42508093,2.42508093
TSK006838,S094,2.42508093,2.42508093
TSK006838,S095,12.36837257,12.36837257
TSK006838,S096,7.93793787,7.93793787
TSK006838,S097,3.48301382,3.48301382
TSK006838,S098,2.42508093,2.42508093
TSK006838,S099,4.25911085,4.25911085
TSK006838,S100,2.42508093,2.42508093
TSK006845,S001,49.52111296,49.52111296
TSK006845,S002,22.93167581,22.93167581
TSK006845,S003,68.12179023,68.12179023
TSK006845,S004,106.06555727,106.06555727
TSK006845,S005,22.93167581,22.93167581
TSK006845,S006,22.93167581,22.93167581
TSK006845,S007,87.32011132,87.32011132
TSK006845,S008,165.00990599,165.00990599
TSK006845,S009,54.08282876,54.08282876
TSK006845,S010,102.50702067,102.50702067
TSK006845,S011,22.93167581,22.93167581
TSK006845,S012,179.41474649,179.41474649
TSK006845,S013,89.1492653,89.1492653
TSK006845,S014,22.93167581,22.93167581
TSK006845,S015,32.22330408,32.22330408
TSK006845,S016,45.71188372,45.71188372
TSK006845,S017,63.45363157,63.45363157
TSK006845,S018,50.55263712,50.55263712
TSK006845,S019,22.93167581,22.93167581
TSK006845,S020,22.93167581,22.93167581
TSK006845,S021,86.59842344,86.59842344
TSK006845,S022,301.83349568,301.83349568
TSK006845,S023,22.93167581,22.93167581
TSK006845,S024,22.93167581,22.93167581
TSK006845,S025,22.93167581,22.93167581
TSK006845,S026,93.91008826,93.91008826
TSK006845,S027,190.98639018,190.98639018
TSK006845,S028,22.93167581,22.93167581
TSK006845,S029,161.87326995,161.87326995
TSK006845,S030,149.07583269,149.07583269
TSK006845,S031,54.29289459,54.29289459
TSK006845,S032,193.91750419,193.91750419
TSK006845,S033,116.39190939,116.39190939
TSK006845,S034,86.89609096,86.89609096
TSK006845,S035,22.93167581,22.93167581
TSK006845,S036,161.22037143,161.22037143
TSK006845,S037,146.31793148,146.31793148
TSK006845,S038,71.99618668,71.99618668
TSK006845,S039,90.51715292,90.51715292
TSK006845,S040,87.47999955,87.47999955
TSK006845,S041,36.5860617,36.5860617
TSK006845,S042,149.56811683,149.56811683
TSK006845,S043,22.93167581,22.93167581
TSK006845,S044,45.55594386,45.55594386
TSK006845,S045,27.4949006,27.4949006
TSK006845,S046,84.89805607,84.89805607
TSK006845,S047,40.83146432,40.83146432
TSK006845,S048,312.30372639,312.30372639
TSK006845,S049,48.54562448,48.54562448
TSK006845,S050,82.10237083,82.10237083
TSK006845,S051,88.20136931,88.20136931
TSK006845,S052,53.69761202,53.69761202
TSK006845,S053,162.55449951,162.55449951
TSK006845,S054,53.23180498,53.23180498
TSK006845,S055,78.67402762,78.67402762
TSK006845,S056,22.93167581,22.93167581
TSK006845,S057,59.92645775,59.92645775
TSK006845,S058,73.53188306,73.53188306
TSK006845,S059,110.30575249,110.30575249
TSK006845,S060,88.89399868,88.89399868
TSK006845,S061,89.73615048,89.73615048
TSK006845,S062,69.87574804,69.87574804
TSK006845,S063,61.77115264,61.77115264
TSK006845,S064,216.25445798,216.25445798
TSK006845,S065,22.93167581,22.93167581
TSK006845,S066,149.30877977,149.30877977
TSK006845,S067,23.6872261,23.6872261
TSK006845,S068,37.01742655,37.01742655
TSK006845,S069,85.69701785,85.69701785
TSK006845,S070,23.6872261,23.6872261
TSK006845,S071,55.52202332,55.52202332
TSK006845,S072,22.93167581,22.93167581
TSK006845,S073,22.93167581,22.93167581
TSK006845,S074,75.86399269,75.86399269
TSK006845,S075,22.93167581,22.93167581
TSK006845,S076,31.97241075,31.97241075
TSK006845,S077,22.93167581,22.93167581
TSK006845,S078,37.01742655,37.01742655
TSK006845,S079,55.62038098,55.62038098
TSK006845,S080,82.10237083,82.10237083
TSK006845,S081,121.68898663,121.68898663
TSK006845,S082,22.93167581,22.93167581
TSK006845,S083,22.93167581,22.93167581
TSK006845,S084,22.93167581,22.93167581
TSK006845,S085,22.93167581,22.93167581
TSK006845,S086,53.53205876,53.53205876
TSK006845,S087,22.93167581,22.93167581
TSK006845,S088,48.54562448,48.54562448
TSK006845,S089,66.11944397,66.11944397
TSK006845,S090,48.54562448,48.54562448
TSK006845,S091,149.07583269,149.07583269
TSK006845,S092,106.09542808,106.09542808
TSK006845,S093,22.93167581,22.93167581
TSK006845,S094,22.93167581,22.93167581
TSK006845,S095,202.18588456,202.18588456
TSK006845,S096,105.60765395,105.60765395
TSK006845,S097,43.21765582,43.21765582
TSK006845,S098,22.93167581,22.93167581
TSK006845,S099,61.77115264,61.77115264
TSK006845,S100,22.93167581,22.93167581
TSK006849,S001,14.97419986,14.97419986
TSK006849,S002,4.00336759,4.00336759
TSK006849,S003,14.5918889,14.5918889
TSK006849,S004,15.42519073,15.42519073
TSK006849,S005,4.00336759,4.00336759
TSK006849,S006,4.00336759,4.00336759
TSK006849,S007,10.35555879,10.35555879
TSK006849,S008,26.17217259,26.17217259
TSK006849,S009,7.38887818,7.38887818
TSK006849,S010,11.51783465,11.51783465
TSK006849,S011,4.00336759,4.00336759
TSK006849,S012,17.35286702,17.35286702
TSK006849,S013,11.91512417,11.91512417
TSK006849,S014,4.00336759,4.00336759
TSK006849,S015,4.79603216,4.79603216
TSK006849,S016,10.13675953,10.13675953
TSK006849,S017,11.46133889,11.46133889
TSK006849,S018,7.99326233,7.99326233
TSK006849,S019,4.00336759,4.00336759
TSK006849,S020,4.00336759,4.00336759
TSK006849,S021,11.63281906,11.63281906
TSK006849,S022,35.09480031,35.09480031
TSK006849,S023,4.00336759,4.00336759
TSK006849,S024,4.00336759,4.00336759
TSK006849,S025,4.00336759,4.00336759
TSK006849,S026,12.60348447,12.60348447
TSK006849,S027,21.39883502,21.39883502
TSK006849,S028,4.00336759,4.00336759
TSK006849,S029,20.46191444,20.46191444
TSK006849,S030,19.58182727,19.58182727
TSK006849,S031,9.85188754,9.85188754
TSK006849,S032,40.06227097,40.06227097
TSK006849,S033,17.63921083,17.63921083
TSK006849,S034,13.31374222,13.31374222
TSK006849,S035,4.00336759,4.00336759
TSK006849,S036,17.92962417,17.92962417
TSK006849,S037,19.37548236,19.37548236
TSK006849,S038,8.8323485,8.8323485
TSK006849,S039,10.91720753,10.91720753
TSK006849,S040,13.61789841,13.61789841
TSK006849,S041,6.746828,6.746828
TSK006849,S042,20.57152949,20.57152949
TSK006849,S043,4.00336759,4.00336759
TSK006849,S044,8.3096744,8.3096744
TSK006849,S045,5.84847288,5.84847288
TSK006849,S046,11.3495249,11.3495249
TSK006849,S047,8.04141845,8.04141845
TSK006849,S048,43.83619952,43.83619952
TSK006849,S049,11.86579367,11.86579367
TSK006849,S050,13.54199799,13.54199799
TSK006849,S051,13.24641636,13.24641636
TSK006849,S052,10.48808415,10.48808415
TSK006849,S053,23.65252448,23.65252448
TSK006849,S054,11.34456569,11.34456569
TSK006849,S055,11.94094178,11.94094178
TSK006849,S056,4.00336759,4.00336759
TSK006849,S057,12.38649257,12.38649257
TSK006849,S058,13.04860551,13.04860551
TSK006849,S059,17.79110489,17.79110489
TSK006849,S060,15.58335225,15.58335225
TSK006849,S061,12.58691991,12.58691991
TSK006849,S062,11.58657401,11.58657401
TSK006849,S063,8.08043901,8.08043901
TSK006849,S064,24.7751965,24.7751965
TSK006849,S065,4.00336759,4.00336759
TSK006849,S066,22.77848737,22.77848737
TSK006849,S067,4.32490303,4.32490303
TSK006849,S068,9.03746933,9.03746933
TSK006849,S069,13.40571191,13.40571191
TSK006849,S070,4.32490303,4.32490303
TSK006849,S071,11.86919728,11.86919728
TSK006849,S072,4.00336759,4.00336759
TSK006849,S073,4.00336759,4.00336759
TSK006849,S074,15.44741315,15.44741315
TSK006849,S075,4.00336759,4.00336759
TSK006849,S076,6.29390397,6.29390397
TSK006849,S077,4.00336759,4.00336759
TSK006849,S078,9.03746933,9.03746933
TSK006849,S079,9.76224515,9.76224515
TSK006849,S080,13.54199799,13.54199799
TSK006849,S081,15.48030471,15.48030471
TSK006849,S082,4.00336759,4.00336759
TSK006849,S083,4.00336759,4.00336759
TSK006849,S084,4.00336759,4.00336759
TSK006849,S085,4.00336759,4.00336759
TSK006849,S086,9.94303791,9.94303791
TSK006849,S087,4.00336759,4.00336759
TSK006849,S088,11.86579367,11.86579367
TSK006849,S089,12.10604063,12.10604063
TSK006849,S090,11.86579367,11.86579367
TSK006849,S091,19.58182727,19.58182727
TSK006849,S092,16.6737039,16.6737039
TSK006849,S093,4.00336759,4.00336759
TSK006849,S094,4.00336759,4.00336759
TSK006849,S095,24.58694555,24.58694555
TSK006849,S096,14.45289902,14.45289902
TSK006849,S097,6.33554509,6.33554509
TSK006849,S098,4.00336759,4.00336759
TSK006849,S099,8.08043901,8.08043901
TSK006849,S100,4.00336759,4.00336759
TSK006910,S001,20.83813789,20.83813789
TSK006910,S002,7.72283049,7.72283049
TSK006910,S003,24.669516,24.669516
TSK006910,S004,33.68410853,33.68410853
TSK006910,S005,7.72283049,7.72283049
TSK006910,S006,7.72283049,7.72283049
TSK006910,S007,26.21891657,26.21891657
TSK006910,S008,53.7323868,53.7323868
TSK006910,S009,16.8745168,16.8745168
TSK006910,S010,30.37028494,30.37028494
TSK006910,S011,7.72283049,7.72283049
TSK006910,S012,51.31844009,51.31844009
TSK006910,S013,27.63239879,27.63239879
TSK006910,S014,7.72283049,7.72283049
TSK006910,S015,10.31144405,10.31144405
TSK006910,S016,16.77324784,16.77324784
TSK006910,S017,21.59557962,21.59557962
TSK006910,S018,16.46939508,16.46939508
TSK006910,S019,7.72283049,7.72283049
TSK006910,S020,7.72283049,7.72283049
TSK006910,S021,26.87496582,26.87496582
TSK006910,S022,90.08024478,90.08024478
TSK006910,S023,7.72283049,7.72283049
TSK006910,S024,7.72283049,7.72283049
TSK006910,S025,7.72283049,7.72283049
TSK006910,S026,29.12402458,29.12402458
TSK006910,S027,56.51651525,56.51651525
TSK006910,S028,7.72283049,7.72283049
TSK006910,S029,49.40515237,49.40515237
TSK006910,S030,45.97273471,45.97273471
TSK006910,S031,18.51781,18.51781
TSK006910,S032,69.38441773,69.38441773
TSK006910,S033,37.44045188,37.44045188
TSK006910,S034,28.04391641,28.04391641
TSK006910,S035,7.72283049,7.72283049
TSK006910,S036,47.62453949,47.62453949
TSK006910,S037,45.22628795,45.22628795
TSK006910,S038,21.80638749,21.80638749
TSK006910,S039,27.29376601,27.29376601
TSK006910,S040,28.352957,28.352957
TSK006910,S041,12.55146525,12.55146525
TSK006910,S042,46.71762233,46.71762233
TSK006910,S043,7.72283049,7.72283049
TSK006910,S044,15.57304696,15.57304696
TSK006910,S045,9.94701382,9.94701382
TSK006910,S046,26.31911091,26.31911091
TSK006910,S047,14.33846221,14.33846221
TSK006910,S048,98.07928466,98.07928466
TSK006910,S049,18.56557158,18.56557158
TSK006910,S050,27.09767068,27.09767068
TSK006910,S051,28.26724686,28.26724686
TSK006910,S052,18.78501291,18.78501291
TSK006910,S053,51.5998394,51.5998394
TSK006910,S054,19.2594418,19.2594418
TSK006910,S055,25.31428955,25.31428955
TSK006910,S056,7.72283049,7.72283049
TSK006910,S057,21.45648443,21.45648443
TSK006910,S058,24.88065531,24.88065531
TSK006910,S059,36.14560476,36.14560476
TSK006910,S060,29.93150742,29.93150742
TSK006910,S061,28.19906312,28.19906312
TSK006910,S062,23.1100127,23.1100127
TSK006910,S063,19.03239595,19.03239595
TSK006910,S064,64.33855237,64.33855237
TSK006910,S065,7.72283049,7.72283049
TSK006910,S066,48.12406396,48.12406396
TSK006910,S067,8.101802,8.101802
TSK006910,S068,14.14688503,14.14688503
TSK006910,S069,27.82137639,27.82137639
TSK006910,S070,8.101802,8.101802
TSK006910,S071,20.07275784,20.07275784
TSK006910,S072,7.72283049,7.72283049
TSK006910,S073,7.72283049,7.72283049
TSK006910,S074,26.97276164,26.97276164
TSK006910,S075,7.72283049,7.72283049
TSK006910,S076,11.22034116,11.22034116
TSK006910,S077,7.72283049,7.72283049
TSK006910,S078,14.14688503,14.14688503
TSK006910,S079,18.72245766,18.72245766
TSK006910,S080,27.09767068,27.09767068
TSK006910,S081,37.20653016,37.20653016
TSK006910,S082,7.72283049,7.72283049
TSK006910,S083,7.72283049,7.72283049
TSK006910,S084,7.72283049,7.72283049
TSK006910,S085,7.72283049,7.72283049
TSK006910,S086,18.39644969,18.39644969
TSK006910,S087,7.72283049,7.72283049
TSK006910,S088,18.56557158,18.56557158
TSK006910,S089,22.60008633,22.60008633
TSK006910,S090,18.56557158,18.56557158
TSK006910,S091,45.97273471,45.97273471
TSK006910,S092,34.56284509,34.56284509
TSK006910,S093,7.72283049,7.72283049
TSK006910,S094,7.72283049,7.72283049
TSK006910,S095,61.07609987,61.07609987
TSK006910,S096,32.96521163,32.96521163
TSK006910,S097,13.7576936,13.7576936
TSK006910,S098,7.72283049,7.72283049
TSK006910,S099,19.03239595,19.03239595
TSK006910,S100,7.72283049,7.72283049
TSK006942,S001,31.62820474,31.62820474
TSK006942,S002,14.37190091,14.37190091
TSK006942,S003,43.32319364,43.32319364
TSK006942,S004,66.21570134,66.21570134
TSK006942,S005,14.37190091,14.37190091
TSK006942,S006,14.37190091,14.37190091
TSK006942,S007,54.0638366,54.0638366
TSK006942,S008,104.02957899,104.02957899
TSK006942,S009,33.62057858,33.62057858
TSK006942,S010,63.31630655,63.31630655
TSK006942,S011,14.37190091,14.37190091
TSK006942,S012,110.49951484,110.49951484
TSK006942,S013,55.47017064,55.47017064
TSK006942,S014,14.37190091,14.37190091
TSK006942,S015,20.07975193,20.07975193
TSK006942,S016,29.16536452,29.16536452
TSK006942,S017,40.0160828,40.0160828
TSK006942,S018,31.67308421,31.67308421
TSK006942,S019,14.37190091,14.37190091
TSK006942,S020,14.37190091,14.37190091
TSK006942,S021,53.9313618,53.9313618
TSK006942,S022,187.5251604,187.5251604
TSK006942,S023,14.37190091,14.37190091
TSK006942,S024,14.37190091,14.37190091
TSK006942,S025,14.37190091,14.37190091
TSK006942,S026,58.58431676,58.58431676
TSK006942,S027,118.18899489,118.18899489
TSK006942,S028,14.37190091,14.37190091
TSK006942,S029,100.58935928,100.58935928
TSK006942,S030,92.79797828,92.79797828
TSK006942,S031,34.16071685,34.16071685
TSK006942,S032,122.14451541,122.14451541
TSK006942,S033,72.65899933,72.65899933
TSK006942,S034,54.28782015,54.28782015
TSK006942,S035,14.37190091,14.37190091
TSK006942,S036,99.71975881,99.71975881
TSK006942,S037,91.08333606,91.08333606
TSK006942,S038,44.64130418,44.64130418
TSK006942,S039,56.10125437,56.10125437
TSK006942,S040,54.83821739,54.83821739
TSK006942,S041,23.01388311,23.01388311
TSK006942,S042,93.3121851,93.3121851
TSK006942,S043,14.37190091,14.37190091
TSK006942,S044,28.6128583,28.6128583
TSK006942,S045,17.34488364,17.34488364
TSK006942,S046,52.80348963,52.80348963
TSK006942,S047,25.77938673,25.77938673
TSK006942,S048,195.31429321,195.31429321
TSK006942,S049,30.84295651,30.84295651
TSK006942,S050,51.64139955,51.64139955
TSK006942,S051,55.25706025,55.25706025
TSK006942,S052,34.00895925,34.00895925
TSK006942,S053,101.73923034,101.73923034
TSK006942,S054,33.68558741,33.68558741
TSK006942,S055,49.15505735,49.15505735
TSK006942,S056,14.37190091,14.37190091
TSK006942,S057,37.6614625,37.6614625
TSK006942,S058,46.28282097,46.28282097
TSK006942,S059,69.30895295,69.30895295
TSK006942,S060,56.10642538,56.10642538
TSK006942,S061,55.93369169,55.93369169
TSK006942,S062,43.89672597,43.89672597
TSK006942,S063,38.40737714,38.40737714
TSK006942,S064,133.98715464,133.98715464
TSK006942,S065,14.37190091,14.37190091
TSK006942,S066,93.25430374,93.25430374
TSK006942,S067,14.86432687,14.86432687
TSK006942,S068,23.54155325,23.54155325
TSK006942,S069,53.69985314,53.69985314
TSK006942,S070,14.86432687,14.86432687
TSK006942,S071,35.45508387,35.45508387
TSK006942,S072,14.37190091,14.37190091
TSK006942,S073,14.37190091,14.37190091
TSK006942,S074,47.95183023,47.95183023
TSK006942,S075,14.37190091,14.37190091
TSK006942,S076,20.22871676,20.22871676
TSK006942,S077,14.37190091,14.37190091
TSK006942,S078,23.54155325,23.54155325
TSK006942,S079,35.21347435,35.21347435
TSK006942,S080,51.64139955,51.64139955
TSK006942,S081,75.61500375,75.61500375
TSK006942,S082,14.37190091,14.37190091
TSK006942,S083,14.37190091,14.37190091
TSK006942,S084,14.37190091,14.37190091
TSK006942,S085,14.37190091,14.37190091
TSK006942,S086,33.8045087,33.8045087
TSK006942,S087,14.37190091,14.37190091
TSK006942,S088,30.84295651,30.84295651
TSK006942,S089,41.7934485,41.7934485
TSK006942,S090,30.84295651,30.84295651
TSK006942,S091,92.79797828,92.79797828
TSK006942,S092,65.937142,65.937142
TSK006942,S093,14.37190091,14.37190091
TSK006942,S094,14.37190091,14.37190091
TSK006942,S095,125.50591813,125.50591813
TSK006942,S096,65.668416,65.668416
TSK006942,S097,26.98833971,26.98833971
TSK006942,S098,14.37190091,14.37190091
TSK006942,S099,38.40737714,38.40737714
TSK006942,S100,14.37190091,14.37190091
TSK006948,S001,6.54595622,6.54595622
TSK006948,S002,1.45107698,1.45107698
TSK006948,S003,5.14011505,5.14011505
TSK006948,S004,4.99377635,4.99377635
TSK006948,S005,1.45107698,1.45107698
TSK006948,S006,1.45107698,1.45107698
TSK006948,S007,3.22969454,3.22969454
TSK006948,S008,7.59306146,7.59306146
TSK006948,S009,2.45258559,2.45258559
TSK006948,S010,3.59757491,3.59757491
TSK006948,S011,1.45107698,1.45107698
TSK006948,S012,4.88068365,4.88068365
TSK006948,S013,3.77511683,3.77511683
TSK006948,S014,1.45107698,1.45107698
TSK006948,S015,1.65471965,1.65471965
TSK006948,S016,3.53257925,3.53257925
TSK006948,S017,3.86996797,3.86996797
TSK006948,S018,2.63696282,2.63696282
TSK006948,S019,1.45107698,1.45107698
TSK006948,S020,1.45107698,1.45107698
TSK006948,S021,3.62749868,3.62749868
TSK006948,S022,9.60405655,9.60405655
TSK006948,S023,1.45107698,1.45107698
TSK006948,S024,1.45107698,1.45107698
TSK006948,S025,1.45107698,1.45107698
TSK006948,S026,3.76067588,3.76067588
TSK006948,S027,6.29382169,6.29382169
TSK006948,S028,1.45107698,1.45107698
TSK006948,S029,6.25740367,6.25740367
TSK006948,S030,6.0075342,6.0075342
TSK006948,S031,3.47265213,3.47265213
TSK006948,S032,15.56765009,15.56765009
TSK006948,S033,5.98016126,5.98016126
TSK006948,S034,4.49550145,4.49550145
TSK006948,S035,1.45107698,1.45107698
TSK006948,S036,5.30111441,5.30111441
TSK006948,S037,6.00115894,6.00115894
TSK006948,S038,2.75889049,2.75889049
TSK006948,S039,3.3784057,3.3784057
TSK006948,S040,4.36661925,4.36661925
TSK006948,S041,2.42475169,2.42475169
TSK006948,S042,6.32480702,6.32480702
TSK006948,S043,1.45107698,1.45107698
TSK006948,S044,3.02787887,3.02787887
TSK006948,S045,2.28019617,2.28019617
TSK006948,S046,3.63260622,3.63260622
TSK006948,S047,2.90373649,2.90373649
TSK006948,S048,13.03026605,13.03026605
TSK006948,S049,4.73248784,4.73248784
TSK006948,S050,4.33754169,4.33754169
TSK006948,S051,4.12204348,4.12204348
TSK006948,S052,3.58148497,3.58148497
TSK006948,S053,7.23334354,7.23334354
TSK006948,S054,4.25550023,4.25550023
TSK006948,S055,3.9851066,3.9851066
TSK006948,S056,1.45107698,1.45107698
TSK006948,S057,4.95610442,4.95610442
TSK006948,S058,4.47044666,4.47044666
TSK006948,S059,5.66744311,5.66744311
TSK006948,S060,5.01530614,5.01530614
TSK006948,S061,4.04873587,4.04873587
TSK006948,S062,3.82425194,3.82425194
TSK006948,S063,2.53982862,2.53982862
TSK006948,S064,7.23716032,7.23716032
TSK006948,S065,1.45107698,1.45107698
TSK006948,S066,7.69876489,7.69876489
TSK006948,S067,1.5991974,1.5991974
TSK006948,S068,3.56328566,3.56328566
TSK006948,S069,4.35734647,4.35734647
TSK006948,S070,1.5991974,1.5991974
TSK006948,S071,3.93224282,3.93224282
TSK006948,S072,1.45107698,1.45107698
TSK006948,S073,1.45107698,1.45107698
TSK006948,S074,5.65679947,5.65679947
TSK006948,S075,1.45107698,1.45107698
TSK006948,S076,2.20106199,2.20106199
TSK006948,S077,1.45107698,1.45107698
TSK006948,S078,3.56328566,3.56328566
TSK006948,S079,2.96684073,2.96684073
TSK006948,S080,4.33754169,4.33754169
TSK006948,S081,4.77790725,4.77790725
TSK006948,S082,1.45107698,1.45107698
TSK006948,S083,1.45107698,1.45107698
TSK006948,S084,1.45107698,1.45107698
TSK006948,S085,1.45107698,1.45107698
TSK006948,S086,3.37975476,3.37975476
TSK006948,S087,1.45107698,1.45107698
TSK006948,S088,4.73248784,4.73248784
TSK006948,S089,3.98612834,3.98612834
TSK006948,S090,4.73248784,4.73248784
TSK006948,S091,6.0075342,6.0075342
TSK006948,S092,6.35274575,6.35274575
TSK006948,S093,1.45107698,1.45107698
TSK006948,S094,1.45107698,1.45107698
TSK006948,S095,7.36410112,7.36410112
TSK006948,S096,4.77730722,4.77730722
TSK006948,S097,2.0565113,2.0565113
TSK006948,S098,1.45107698,1.45107698
TSK006948,S099,2.53982862,2.53982862
TSK006948,S100,1.45107698,1.45107698
TSK006992,S001,49.66827823,49.66827823
TSK006992,S002,22.99982344,22.99982344
TSK006992,S003,68.3242324,68.3242324
TSK006992,S004,106.38075952,106.38075952
TSK006992,S005,22.99982344,22.99982344
TSK006992,S006,22.99982344,22.99982344
TSK006992,S007,87.57960645,87.57960645
TSK006992,S008,165.50027718,165.50027718
TSK006992,S009,54.24355039,54.24355039
TSK006992,S010,102.81164778,102.81164778
TSK006992,S011,22.99982344,22.99982344
TSK006992,S012,179.94792553,179.94792553
TSK006992,S013,89.41419625,89.41419625
TSK006992,S014,22.99982344,22.99982344
TSK006992,S015,32.31906428,32.31906428
TSK006992,S016,45.84772884,45.84772884
TSK006992,S017,63.64220106,63.64220106
TSK006992,S018,50.70286784,50.70286784
TSK006992,S019,22.99982344,22.99982344
TSK006992,S020,22.99982344,22.99982344
TSK006992,S021,86.85577388,86.85577388
TSK006992,S022,302.73047486,302.73047486
TSK006992,S023,22.99982344,22.99982344
TSK006992,S024,22.99982344,22.99982344
TSK006992,S025,22.99982344,22.99982344
TSK006992,S026,94.18916728,94.18916728
TSK006992,S027,191.55395746,191.55395746
TSK006992,S028,22.99982344,22.99982344
TSK006992,S029,162.35431979,162.35431979
TSK006992,S030,149.51885151,149.51885151
TSK006992,S031,54.45424049,54.45424049
TSK006992,S032,194.49378207,194.49378207
TSK006992,S033,116.73779916,116.73779916
TSK006992,S034,87.154326,87.154326
TSK006992,S035,22.99982344,22.99982344
TSK006992,S036,161.69948101,161.69948101
TSK006992,S037,146.75275446,146.75275446
TSK006992,S038,72.21014266,72.21014266
TSK006992,S039,90.78614892,90.78614892
TSK006992,S040,87.73996984,87.73996984
TSK006992,S041,36.694787,36.694787
TSK006992,S042,150.0125986,150.0125986
TSK006992,S043,22.99982344,22.99982344
TSK006992,S044,45.69132557,45.69132557
TSK006992,S045,27.57660907,27.57660907
TSK006992,S046,85.15035342,85.15035342
TSK006992,S047,40.95280597,40.95280597
TSK006992,S048,313.23182067,313.23182067
TSK006992,S049,48.68989082,48.68989082
TSK006992,S050,82.34636005,82.34636005
TSK006992,S051,88.46348333,88.46348333
TSK006992,S052,53.85718888,53.85718888
TSK006992,S053,163.03757381,163.03757381
TSK006992,S054,53.38999757,53.38999757
TSK006992,S055,78.9078286,78.9078286
TSK006992,S056,22.99982344,22.99982344
TSK006992,S057,60.10454529,60.10454529
TSK006992,S058,73.75040277,73.75040277
TSK006992,S059,110.63355562,110.63355562
TSK006992,S060,89.15817104,89.15817104
TSK006992,S061,90.00282552,90.00282552
TSK006992,S062,70.08340257,70.08340257
TSK006992,S063,61.95472218,61.95472218
TSK006992,S064,216.8971161,216.8971161
TSK006992,S065,22.99982344,22.99982344
TSK006992,S066,149.75249086,149.75249086
TSK006992,S067,23.75761904,23.75761904
TSK006992,S068,37.12743376,37.12743376
TSK006992,S069,85.95168953,85.95168953
TSK006992,S070,23.75761904,23.75761904
TSK006992,S071,55.6870219,55.6870219
TSK006992,S072,22.99982344,22.99982344
TSK006992,S073,22.99982344,22.99982344
TSK006992,S074,76.0894429,76.0894429
TSK006992,S075,22.99982344,22.99982344
TSK006992,S076,32.06742534,32.06742534
TSK006992,S077,22.99982344,22.99982344
TSK006992,S078,37.12743376,37.12743376
TSK006992,S079,55.78567186,55.78567186
TSK006992,S080,82.34636005,82.34636005
TSK006992,S081,122.05061809,122.05061809
TSK006992,S082,22.99982344,22.99982344
TSK006992,S083,22.99982344,22.99982344
TSK006992,S084,22.99982344,22.99982344
TSK006992,S085,22.99982344,22.99982344
TSK006992,S086,53.69114363,53.69114363
TSK006992,S087,22.99982344,22.99982344
TSK006992,S088,48.68989082,48.68989082
TSK006992,S089,66.31593563,66.31593563
TSK006992,S090,48.68989082,48.68989082
TSK006992,S091,149.51885151,149.51885151
TSK006992,S092,106.4107191,106.4107191
TSK006992,S093,22.99982344,22.99982344
TSK006992,S094,22.99982344,22.99982344
TSK006992,S095,202.78673414,202.78673414
TSK006992,S096,105.92149542,105.92149542
TSK006992,S097,43.34608868,43.34608868
TSK006992,S098,22.99982344,22.99982344
TSK006992,S099,61.95472218,61.95472218
TSK006992,S100,22.99982344,22.99982344
