vehicle_id,task_id,q_ki
VEH000073,TSK000072,0
VEH000303,TSK000072,1
VEH000485,TSK000072,1
VEH000249,TSK000072,1
VEH000071,TSK000072,1
VEH000417,TSK000072,0
VEH000326,TSK000072,1
VEH000367,TSK000072,0
VEH000074,TSK000072,1
VEH000336,TSK000072,1
VEH000426,TSK000072,1
VEH000012,TSK000072,0
VEH000231,TSK000072,1
VEH000082,TSK000072,1
VEH000014,TSK000072,1
VEH000511,TSK000072,1
VEH000518,TSK000072,1
VEH000224,TSK000072,1
VEH000033,TSK000072,1
VEH000458,TSK000072,1
VEH000529,TSK000072,1
VEH000046,TSK000072,1
VEH000510,TSK000072,1
VEH000252,TSK000072,1
VEH000058,TSK000072,1
VEH000499,TSK000072,1
VEH000364,TSK000072,1
VEH000455,TSK000072,1
VEH000387,TSK000072,0
VEH000342,TSK000072,1
VEH000024,TSK000072,1
VEH000032,TSK000072,1
VEH000519,TSK000072,1
VEH000311,TSK000072,0
VEH000309,TSK000072,0
VEH000505,TSK000072,1
VEH000016,TSK000072,1
VEH000520,TSK000072,1
VEH000422,TSK000072,1
VEH000327,TSK000072,1
VEH000291,TSK000072,1
VEH000090,TSK000072,1
VEH000247,TSK000072,1
VEH000266,TSK000072,0
VEH000277,TSK000072,1
VEH000323,TSK000072,1
VEH000468,TSK000072,1
VEH000271,TSK000072,0
VEH000477,TSK000072,0
VEH000246,TSK000072,1
VEH000073,TSK000121,0
VEH000303,TSK000121,1
VEH000485,TSK000121,1
VEH000249,TSK000121,1
VEH000071,TSK000121,1
VEH000417,TSK000121,1
VEH000326,TSK000121,1
VEH000367,TSK000121,1
VEH000074,TSK000121,1
VEH000336,TSK000121,1
VEH000426,TSK000121,1
VEH000012,TSK000121,1
VEH000231,TSK000121,1
VEH000082,TSK000121,1
VEH000014,TSK000121,1
VEH000511,TSK000121,1
VEH000518,TSK000121,1
VEH000224,TSK000121,1
VEH000033,TSK000121,1
VEH000458,TSK000121,1
VEH000529,TSK000121,1
VEH000046,TSK000121,1
VEH000510,TSK000121,1
VEH000252,TSK000121,0
VEH000058,TSK000121,1
VEH000499,TSK000121,1
VEH000364,TSK000121,0
VEH000455,TSK000121,0
VEH000387,TSK000121,1
VEH000342,TSK000121,1
VEH000024,TSK000121,1
VEH000032,TSK000121,0
VEH000519,TSK000121,0
VEH000311,TSK000121,0
VEH000309,TSK000121,1
VEH000505,TSK000121,1
VEH000016,TSK000121,1
VEH000520,TSK000121,1
VEH000422,TSK000121,1
VEH000327,TSK000121,1
VEH000291,TSK000121,1
VEH000090,TSK000121,0
VEH000247,TSK000121,0
VEH000266,TSK000121,1
VEH000277,TSK000121,0
VEH000323,TSK000121,1
VEH000468,TSK000121,1
VEH000271,TSK000121,1
VEH000477,TSK000121,1
VEH000246,TSK000121,1
VEH000073,TSK000212,1
VEH000303,TSK000212,1
VEH000485,TSK000212,0
VEH000249,TSK000212,0
VEH000071,TSK000212,1
VEH000417,TSK000212,1
VEH000326,TSK000212,0
VEH000367,TSK000212,1
VEH000074,TSK000212,0
VEH000336,TSK000212,1
VEH000426,TSK000212,1
VEH000012,TSK000212,0
VEH000231,TSK000212,1
VEH000082,TSK000212,1
VEH000014,TSK000212,0
VEH000511,TSK000212,1
VEH000518,TSK000212,1
VEH000224,TSK000212,1
VEH000033,TSK000212,1
VEH000458,TSK000212,1
VEH000529,TSK000212,1
VEH000046,TSK000212,1
VEH000510,TSK000212,1
VEH000252,TSK000212,1
VEH000058,TSK000212,1
VEH000499,TSK000212,1
VEH000364,TSK000212,0
VEH000455,TSK000212,1
VEH000387,TSK000212,1
VEH000342,TSK000212,0
VEH000024,TSK000212,1
VEH000032,TSK000212,1
VEH000519,TSK000212,1
VEH000311,TSK000212,1
VEH000309,TSK000212,1
VEH000505,TSK000212,1
VEH000016,TSK000212,1
VEH000520,TSK000212,1
VEH000422,TSK000212,1
VEH000327,TSK000212,1
VEH000291,TSK000212,1
VEH000090,TSK000212,0
VEH000247,TSK000212,1
VEH000266,TSK000212,1
VEH000277,TSK000212,1
VEH000323,TSK000212,1
VEH000468,TSK000212,1
VEH000271,TSK000212,1
VEH000477,TSK000212,1
VEH000246,TSK000212,0
VEH000073,TSK000246,1
VEH000303,TSK000246,1
VEH000485,TSK000246,1
VEH000249,TSK000246,1
VEH000071,TSK000246,0
VEH000417,TSK000246,1
VEH000326,TSK000246,1
VEH000367,TSK000246,1
VEH000074,TSK000246,1
VEH000336,TSK000246,1
VEH000426,TSK000246,1
VEH000012,TSK000246,0
VEH000231,TSK000246,1
VEH000082,TSK000246,0
VEH000014,TSK000246,1
VEH000511,TSK000246,1
VEH000518,TSK000246,1
VEH000224,TSK000246,1
VEH000033,TSK000246,1
VEH000458,TSK000246,1
VEH000529,TSK000246,1
VEH000046,TSK000246,1
VEH000510,TSK000246,1
VEH000252,TSK000246,1
VEH000058,TSK000246,1
VEH000499,TSK000246,1
VEH000364,TSK000246,1
VEH000455,TSK000246,0
VEH000387,TSK000246,0
VEH000342,TSK000246,1
VEH000024,TSK000246,0
VEH000032,TSK000246,1
VEH000519,TSK000246,1
VEH000311,TSK000246,1
VEH000309,TSK000246,1
VEH000505,TSK000246,0
VEH000016,TSK000246,1
VEH000520,TSK000246,1
VEH000422,TSK000246,0
VEH000327,TSK000246,1
VEH000291,TSK000246,0
VEH000090,TSK000246,1
VEH000247,TSK000246,1
VEH000266,TSK000246,1
VEH000277,TSK000246,0
VEH000323,TSK000246,1
VEH000468,TSK000246,1
VEH000271,TSK000246,1
VEH000477,TSK000246,1
VEH000246,TSK000246,1
VEH000073,TSK000247,1
VEH000303,TSK000247,1
VEH000485,TSK000247,1
VEH000249,TSK000247,1
VEH000071,TSK000247,1
VEH000417,TSK000247,1
VEH000326,TSK000247,1
VEH000367,TSK000247,0
VEH000074,TSK000247,0
VEH000336,TSK000247,1
VEH000426,TSK000247,0
VEH000012,TSK000247,1
VEH000231,TSK000247,1
VEH000082,TSK000247,1
VEH000014,TSK000247,0
VEH000511,TSK000247,1
VEH000518,TSK000247,1
VEH000224,TSK000247,0
VEH000033,TSK000247,1
VEH000458,TSK000247,1
VEH000529,TSK000247,1
VEH000046,TSK000247,1
VEH000510,TSK000247,1
VEH000252,TSK000247,1
VEH000058,TSK000247,1
VEH000499,TSK000247,1
VEH000364,TSK000247,1
VEH000455,TSK000247,1
VEH000387,TSK000247,1
VEH000342,TSK000247,1
VEH000024,TSK000247,1
VEH000032,TSK000247,0
VEH000519,TSK000247,0
VEH000311,TSK000247,1
VEH000309,TSK000247,1
VEH000505,TSK000247,0
VEH000016,TSK000247,1
VEH000520,TSK000247,1
VEH000422,TSK000247,0
VEH000327,TSK000247,1
VEH000291,TSK000247,1
VEH000090,TSK000247,1
VEH000247,TSK000247,0
VEH000266,TSK000247,1
VEH000277,TSK000247,1
VEH000323,TSK000247,1
VEH000468,TSK000247,1
VEH000271,TSK000247,1
VEH000477,TSK000247,1
VEH000246,TSK000247,1
VEH000073,TSK000266,1
VEH000303,TSK000266,1
VEH000485,TSK000266,1
VEH000249,TSK000266,1
VEH000071,TSK000266,1
VEH000417,TSK000266,1
VEH000326,TSK000266,1
VEH000367,TSK000266,1
VEH000074,TSK000266,1
VEH000336,TSK000266,1
VEH000426,TSK000266,1
VEH000012,TSK000266,0
VEH000231,TSK000266,1
VEH000082,TSK000266,1
VEH000014,TSK000266,1
VEH000511,TSK000266,1
VEH000518,TSK000266,1
VEH000224,TSK000266,1
VEH000033,TSK000266,1
VEH000458,TSK000266,0
VEH000529,TSK000266,1
VEH000046,TSK000266,1
VEH000510,TSK000266,0
VEH000252,TSK000266,1
VEH000058,TSK000266,1
VEH000499,TSK000266,0
VEH000364,TSK000266,1
VEH000455,TSK000266,1
VEH000387,TSK000266,1
VEH000342,TSK000266,0
VEH000024,TSK000266,1
VEH000032,TSK000266,1
VEH000519,TSK000266,1
VEH000311,TSK000266,1
VEH000309,TSK000266,0
VEH000505,TSK000266,1
VEH000016,TSK000266,1
VEH000520,TSK000266,1
VEH000422,TSK000266,0
VEH000327,TSK000266,1
VEH000291,TSK000266,0
VEH000090,TSK000266,1
VEH000247,TSK000266,1
VEH000266,TSK000266,1
VEH000277,TSK000266,0
VEH000323,TSK000266,0
VEH000468,TSK000266,1
VEH000271,TSK000266,1
VEH000477,TSK000266,1
VEH000246,TSK000266,1
VEH000073,TSK000285,1
VEH000303,TSK000285,1
VEH000485,TSK000285,1
VEH000249,TSK000285,1
VEH000071,TSK000285,1
VEH000417,TSK000285,1
VEH000326,TSK000285,0
VEH000367,TSK000285,1
VEH000074,TSK000285,0
VEH000336,TSK000285,1
VEH000426,TSK000285,1
VEH000012,TSK000285,0
VEH000231,TSK000285,0
VEH000082,TSK000285,1
VEH000014,TSK000285,1
VEH000511,TSK000285,1
VEH000518,TSK000285,1
VEH000224,TSK000285,1
VEH000033,TSK000285,1
VEH000458,TSK000285,1
VEH000529,TSK000285,1
VEH000046,TSK000285,0
VEH000510,TSK000285,1
VEH000252,TSK000285,1
VEH000058,TSK000285,1
VEH000499,TSK000285,0
VEH000364,TSK000285,1
VEH000455,TSK000285,1
VEH000387,TSK000285,1
VEH000342,TSK000285,1
VEH000024,TSK000285,1
VEH000032,TSK000285,1
VEH000519,TSK000285,0
VEH000311,TSK000285,1
VEH000309,TSK000285,0
VEH000505,TSK000285,1
VEH000016,TSK000285,0
VEH000520,TSK000285,1
VEH000422,TSK000285,1
VEH000327,TSK000285,1
VEH000291,TSK000285,1
VEH000090,TSK000285,1
VEH000247,TSK000285,1
VEH000266,TSK000285,1
VEH000277,TSK000285,1
VEH000323,TSK000285,1
VEH000468,TSK000285,1
VEH000271,TSK000285,0
VEH000477,TSK000285,1
VEH000246,TSK000285,1
VEH000073,TSK000330,0
VEH000303,TSK000330,0
VEH000485,TSK000330,1
VEH000249,TSK000330,1
VEH000071,TSK000330,1
VEH000417,TSK000330,1
VEH000326,TSK000330,1
VEH000367,TSK000330,1
VEH000074,TSK000330,1
VEH000336,TSK000330,1
VEH000426,TSK000330,1
VEH000012,TSK000330,1
VEH000231,TSK000330,1
VEH000082,TSK000330,1
VEH000014,TSK000330,1
VEH000511,TSK000330,0
VEH000518,TSK000330,1
VEH000224,TSK000330,1
VEH000033,TSK000330,1
VEH000458,TSK000330,1
VEH000529,TSK000330,0
VEH000046,TSK000330,0
VEH000510,TSK000330,1
VEH000252,TSK000330,1
VEH000058,TSK000330,1
VEH000499,TSK000330,1
VEH000364,TSK000330,1
VEH000455,TSK000330,1
VEH000387,TSK000330,1
VEH000342,TSK000330,1
VEH000024,TSK000330,1
VEH000032,TSK000330,1
VEH000519,TSK000330,1
VEH000311,TSK000330,1
VEH000309,TSK000330,0
VEH000505,TSK000330,1
VEH000016,TSK000330,0
VEH000520,TSK000330,1
VEH000422,TSK000330,0
VEH000327,TSK000330,1
VEH000291,TSK000330,0
VEH000090,TSK000330,1
VEH000247,TSK000330,1
VEH000266,TSK000330,0
VEH000277,TSK000330,1
VEH000323,TSK000330,1
VEH000468,TSK000330,1
VEH000271,TSK000330,1
VEH000477,TSK000330,1
VEH000246,TSK000330,1
VEH000073,TSK000507,1
VEH000303,TSK000507,1
VEH000485,TSK000507,1
VEH000249,TSK000507,1
VEH000071,TSK000507,1
VEH000417,TSK000507,1
VEH000326,TSK000507,1
VEH000367,TSK000507,0
VEH000074,TSK000507,1
VEH000336,TSK000507,1
VEH000426,TSK000507,1
VEH000012,TSK000507,1
VEH000231,TSK000507,1
VEH000082,TSK000507,1
VEH000014,TSK000507,1
VEH000511,TSK000507,0
VEH000518,TSK000507,1
VEH000224,TSK000507,1
VEH000033,TSK000507,1
VEH000458,TSK000507,1
VEH000529,TSK000507,1
VEH000046,TSK000507,1
VEH000510,TSK000507,1
VEH000252,TSK000507,1
VEH000058,TSK000507,1
VEH000499,TSK000507,1
VEH000364,TSK000507,1
VEH000455,TSK000507,1
VEH000387,TSK000507,1
VEH000342,TSK000507,1
VEH000024,TSK000507,0
VEH000032,TSK000507,1
VEH000519,TSK000507,1
VEH000311,TSK000507,1
VEH000309,TSK000507,1
VEH000505,TSK000507,1
VEH000016,TSK000507,0
VEH000520,TSK000507,0
VEH000422,TSK000507,1
VEH000327,TSK000507,1
VEH000291,TSK000507,1
VEH000090,TSK000507,1
VEH000247,TSK000507,0
VEH000266,TSK000507,0
VEH000277,TSK000507,0
VEH000323,TSK000507,1
VEH000468,TSK000507,0
VEH000271,TSK000507,0
VEH000477,TSK000507,1
VEH000246,TSK000507,1
VEH000073,TSK000552,1
VEH000303,TSK000552,1
VEH000485,TSK000552,0
VEH000249,TSK000552,1
VEH000071,TSK000552,0
VEH000417,TSK000552,0
VEH000326,TSK000552,1
VEH000367,TSK000552,1
VEH000074,TSK000552,1
VEH000336,TSK000552,1
VEH000426,TSK000552,1
VEH000012,TSK000552,1
VEH000231,TSK000552,1
VEH000082,TSK000552,1
VEH000014,TSK000552,0
VEH000511,TSK000552,1
VEH000518,TSK000552,1
VEH000224,TSK000552,1
VEH000033,TSK000552,1
VEH000458,TSK000552,1
VEH000529,TSK000552,1
VEH000046,TSK000552,1
VEH000510,TSK000552,1
VEH000252,TSK000552,1
VEH000058,TSK000552,1
VEH000499,TSK000552,1
VEH000364,TSK000552,1
VEH000455,TSK000552,0
VEH000387,TSK000552,1
VEH000342,TSK000552,1
VEH000024,TSK000552,0
VEH000032,TSK000552,1
VEH000519,TSK000552,0
VEH000311,TSK000552,1
VEH000309,TSK000552,1
VEH000505,TSK000552,1
VEH000016,TSK000552,1
VEH000520,TSK000552,1
VEH000422,TSK000552,1
VEH000327,TSK000552,0
VEH000291,TSK000552,1
VEH000090,TSK000552,0
VEH000247,TSK000552,1
VEH000266,TSK000552,1
VEH000277,TSK000552,1
VEH000323,TSK000552,1
VEH000468,TSK000552,1
VEH000271,TSK000552,0
VEH000477,TSK000552,1
VEH000246,TSK000552,1
VEH000073,TSK000683,1
VEH000303,TSK000683,1
VEH000485,TSK000683,1
VEH000249,TSK000683,1
VEH000071,TSK000683,1
VEH000417,TSK000683,0
VEH000326,TSK000683,1
VEH000367,TSK000683,1
VEH000074,TSK000683,1
VEH000336,TSK000683,1
VEH000426,TSK000683,1
VEH000012,TSK000683,1
VEH000231,TSK000683,0
VEH000082,TSK000683,1
VEH000014,TSK000683,0
VEH000511,TSK000683,0
VEH000518,TSK000683,1
VEH000224,TSK000683,1
VEH000033,TSK000683,1
VEH000458,TSK000683,1
VEH000529,TSK000683,1
VEH000046,TSK000683,1
VEH000510,TSK000683,0
VEH000252,TSK000683,0
VEH000058,TSK000683,1
VEH000499,TSK000683,1
VEH000364,TSK000683,1
VEH000455,TSK000683,1
VEH000387,TSK000683,1
VEH000342,TSK000683,1
VEH000024,TSK000683,1
VEH000032,TSK000683,1
VEH000519,TSK000683,1
VEH000311,TSK000683,1
VEH000309,TSK000683,1
VEH000505,TSK000683,1
VEH000016,TSK000683,1
VEH000520,TSK000683,0
VEH000422,TSK000683,1
VEH000327,TSK000683,1
VEH000291,TSK000683,0
VEH000090,TSK000683,1
VEH000247,TSK000683,1
VEH000266,TSK000683,1
VEH000277,TSK000683,0
VEH000323,TSK000683,1
VEH000468,TSK000683,0
VEH000271,TSK000683,1
VEH000477,TSK000683,1
VEH000246,TSK000683,1
VEH000073,TSK000815,1
VEH000303,TSK000815,0
VEH000485,TSK000815,1
VEH000249,TSK000815,0
VEH000071,TSK000815,0
VEH000417,TSK000815,1
VEH000326,TSK000815,1
VEH000367,TSK000815,1
VEH000074,TSK000815,1
VEH000336,TSK000815,1
VEH000426,TSK000815,0
VEH000012,TSK000815,1
VEH000231,TSK000815,1
VEH000082,TSK000815,1
VEH000014,TSK000815,1
VEH000511,TSK000815,0
VEH000518,TSK000815,1
VEH000224,TSK000815,1
VEH000033,TSK000815,1
VEH000458,TSK000815,1
VEH000529,TSK000815,1
VEH000046,TSK000815,1
VEH000510,TSK000815,1
VEH000252,TSK000815,1
VEH000058,TSK000815,1
VEH000499,TSK000815,1
VEH000364,TSK000815,0
VEH000455,TSK000815,1
VEH000387,TSK000815,1
VEH000342,TSK000815,0
VEH000024,TSK000815,1
VEH000032,TSK000815,1
VEH000519,TSK000815,1
VEH000311,TSK000815,1
VEH000309,TSK000815,1
VEH000505,TSK000815,0
VEH000016,TSK000815,1
VEH000520,TSK000815,1
VEH000422,TSK000815,1
VEH000327,TSK000815,1
VEH000291,TSK000815,1
VEH000090,TSK000815,1
VEH000247,TSK000815,1
VEH000266,TSK000815,0
VEH000277,TSK000815,1
VEH000323,TSK000815,1
VEH000468,TSK000815,0
VEH000271,TSK000815,1
VEH000477,TSK000815,1
VEH000246,TSK000815,1
VEH000073,TSK000902,1
VEH000303,TSK000902,1
VEH000485,TSK000902,0
VEH000249,TSK000902,1
VEH000071,TSK000902,1
VEH000417,TSK000902,1
VEH000326,TSK000902,1
VEH000367,TSK000902,1
VEH000074,TSK000902,0
VEH000336,TSK000902,1
VEH000426,TSK000902,1
VEH000012,TSK000902,1
VEH000231,TSK000902,1
VEH000082,TSK000902,1
VEH000014,TSK000902,0
VEH000511,TSK000902,1
VEH000518,TSK000902,0
VEH000224,TSK000902,1
VEH000033,TSK000902,1
VEH000458,TSK000902,1
VEH000529,TSK000902,1
VEH000046,TSK000902,0
VEH000510,TSK000902,0
VEH000252,TSK000902,0
VEH000058,TSK000902,1
VEH000499,TSK000902,0
VEH000364,TSK000902,1
VEH000455,TSK000902,1
VEH000387,TSK000902,0
VEH000342,TSK000902,1
VEH000024,TSK000902,0
VEH000032,TSK000902,1
VEH000519,TSK000902,1
VEH000311,TSK000902,1
VEH000309,TSK000902,1
VEH000505,TSK000902,1
VEH000016,TSK000902,1
VEH000520,TSK000902,1
VEH000422,TSK000902,1
VEH000327,TSK000902,1
VEH000291,TSK000902,1
VEH000090,TSK000902,1
VEH000247,TSK000902,1
VEH000266,TSK000902,1
VEH000277,TSK000902,1
VEH000323,TSK000902,1
VEH000468,TSK000902,1
VEH000271,TSK000902,1
VEH000477,TSK000902,1
VEH000246,TSK000902,1
VEH000073,TSK000918,1
VEH000303,TSK000918,1
VEH000485,TSK000918,0
VEH000249,TSK000918,1
VEH000071,TSK000918,1
VEH000417,TSK000918,0
VEH000326,TSK000918,1
VEH000367,TSK000918,1
VEH000074,TSK000918,1
VEH000336,TSK000918,1
VEH000426,TSK000918,1
VEH000012,TSK000918,1
VEH000231,TSK000918,0
VEH000082,TSK000918,0
VEH000014,TSK000918,0
VEH000511,TSK000918,1
VEH000518,TSK000918,0
VEH000224,TSK000918,1
VEH000033,TSK000918,1
VEH000458,TSK000918,1
VEH000529,TSK000918,1
VEH000046,TSK000918,1
VEH000510,TSK000918,1
VEH000252,TSK000918,1
VEH000058,TSK000918,1
VEH000499,TSK000918,1
VEH000364,TSK000918,1
VEH000455,TSK000918,1
VEH000387,TSK000918,1
VEH000342,TSK000918,1
VEH000024,TSK000918,0
VEH000032,TSK000918,0
VEH000519,TSK000918,1
VEH000311,TSK000918,1
VEH000309,TSK000918,1
VEH000505,TSK000918,1
VEH000016,TSK000918,1
VEH000520,TSK000918,1
VEH000422,TSK000918,1
VEH000327,TSK000918,0
VEH000291,TSK000918,1
VEH000090,TSK000918,1
VEH000247,TSK000918,1
VEH000266,TSK000918,1
VEH000277,TSK000918,0
VEH000323,TSK000918,1
VEH000468,TSK000918,1
VEH000271,TSK000918,1
VEH000477,TSK000918,1
VEH000246,TSK000918,1
VEH000073,TSK000920,1
VEH000303,TSK000920,1
VEH000485,TSK000920,1
VEH000249,TSK000920,1
VEH000071,TSK000920,1
VEH000417,TSK000920,1
VEH000326,TSK000920,1
VEH000367,TSK000920,1
VEH000074,TSK000920,0
VEH000336,TSK000920,1
VEH000426,TSK000920,1
VEH000012,TSK000920,1
VEH000231,TSK000920,1
VEH000082,TSK000920,0
VEH000014,TSK000920,1
VEH000511,TSK000920,1
VEH000518,TSK000920,0
VEH000224,TSK000920,1
VEH000033,TSK000920,1
VEH000458,TSK000920,0
VEH000529,TSK000920,0
VEH000046,TSK000920,1
VEH000510,TSK000920,1
VEH000252,TSK000920,1
VEH000058,TSK000920,1
VEH000499,TSK000920,1
VEH000364,TSK000920,1
VEH000455,TSK000920,1
VEH000387,TSK000920,1
VEH000342,TSK000920,1
VEH000024,TSK000920,1
VEH000032,TSK000920,1
VEH000519,TSK000920,1
VEH000311,TSK000920,1
VEH000309,TSK000920,1
VEH000505,TSK000920,1
VEH000016,TSK000920,1
VEH000520,TSK000920,0
VEH000422,TSK000920,1
VEH000327,TSK000920,0
VEH000291,TSK000920,1
VEH000090,TSK000920,1
VEH000247,TSK000920,1
VEH000266,TSK000920,0
VEH000277,TSK000920,1
VEH000323,TSK000920,1
VEH000468,TSK000920,1
VEH000271,TSK000920,0
VEH000477,TSK000920,1
VEH000246,TSK000920,0
VEH000073,TSK001009,1
VEH000303,TSK001009,1
VEH000485,TSK001009,1
VEH000249,TSK001009,1
VEH000071,TSK001009,1
VEH000417,TSK001009,0
VEH000326,TSK001009,1
VEH000367,TSK001009,0
VEH000074,TSK001009,1
VEH000336,TSK001009,1
VEH000426,TSK001009,1
VEH000012,TSK001009,1
VEH000231,TSK001009,1
VEH000082,TSK001009,1
VEH000014,TSK001009,0
VEH000511,TSK001009,1
VEH000518,TSK001009,1
VEH000224,TSK001009,1
VEH000033,TSK001009,1
VEH000458,TSK001009,1
VEH000529,TSK001009,1
VEH000046,TSK001009,1
VEH000510,TSK001009,1
VEH000252,TSK001009,1
VEH000058,TSK001009,0
VEH000499,TSK001009,0
VEH000364,TSK001009,1
VEH000455,TSK001009,1
VEH000387,TSK001009,1
VEH000342,TSK001009,1
VEH000024,TSK001009,0
VEH000032,TSK001009,1
VEH000519,TSK001009,1
VEH000311,TSK001009,0
VEH000309,TSK001009,1
VEH000505,TSK001009,1
VEH000016,TSK001009,1
VEH000520,TSK001009,1
VEH000422,TSK001009,0
VEH000327,TSK001009,1
VEH000291,TSK001009,1
VEH000090,TSK001009,1
VEH000247,TSK001009,1
VEH000266,TSK001009,1
VEH000277,TSK001009,1
VEH000323,TSK001009,0
VEH000468,TSK001009,1
VEH000271,TSK001009,1
VEH000477,TSK001009,1
VEH000246,TSK001009,0
VEH000073,TSK001030,0
VEH000303,TSK001030,1
VEH000485,TSK001030,1
VEH000249,TSK001030,1
VEH000071,TSK001030,1
VEH000417,TSK001030,1
VEH000326,TSK001030,1
VEH000367,TSK001030,0
VEH000074,TSK001030,0
VEH000336,TSK001030,1
VEH000426,TSK001030,1
VEH000012,TSK001030,1
VEH000231,TSK001030,1
VEH000082,TSK001030,1
VEH000014,TSK001030,1
VEH000511,TSK001030,1
VEH000518,TSK001030,1
VEH000224,TSK001030,1
VEH000033,TSK001030,1
VEH000458,TSK001030,1
VEH000529,TSK001030,1
VEH000046,TSK001030,0
VEH000510,TSK001030,0
VEH000252,TSK001030,1
VEH000058,TSK001030,1
VEH000499,TSK001030,1
VEH000364,TSK001030,1
VEH000455,TSK001030,1
VEH000387,TSK001030,1
VEH000342,TSK001030,1
VEH000024,TSK001030,0
VEH000032,TSK001030,1
VEH000519,TSK001030,0
VEH000311,TSK001030,1
VEH000309,TSK001030,0
VEH000505,TSK001030,1
VEH000016,TSK001030,0
VEH000520,TSK001030,1
VEH000422,TSK001030,1
VEH000327,TSK001030,1
VEH000291,TSK001030,1
VEH000090,TSK001030,1
VEH000247,TSK001030,1
VEH000266,TSK001030,0
VEH000277,TSK001030,1
VEH000323,TSK001030,1
VEH000468,TSK001030,1
VEH000271,TSK001030,1
VEH000477,TSK001030,1
VEH000246,TSK001030,1
VEH000073,TSK001107,1
VEH000303,TSK001107,1
VEH000485,TSK001107,1
VEH000249,TSK001107,1
VEH000071,TSK001107,1
VEH000417,TSK001107,1
VEH000326,TSK001107,1
VEH000367,TSK001107,1
VEH000074,TSK001107,1
VEH000336,TSK001107,1
VEH000426,TSK001107,1
VEH000012,TSK001107,1
VEH000231,TSK001107,1
VEH000082,TSK001107,0
VEH000014,TSK001107,0
VEH000511,TSK001107,1
VEH000518,TSK001107,1
VEH000224,TSK001107,1
VEH000033,TSK001107,1
VEH000458,TSK001107,1
VEH000529,TSK001107,1
VEH000046,TSK001107,0
VEH000510,TSK001107,1
VEH000252,TSK001107,1
VEH000058,TSK001107,1
VEH000499,TSK001107,0
VEH000364,TSK001107,1
VEH000455,TSK001107,0
VEH000387,TSK001107,0
VEH000342,TSK001107,1
VEH000024,TSK001107,1
VEH000032,TSK001107,1
VEH000519,TSK001107,1
VEH000311,TSK001107,0
VEH000309,TSK001107,1
VEH000505,TSK001107,1
VEH000016,TSK001107,1
VEH000520,TSK001107,1
VEH000422,TSK001107,1
VEH000327,TSK001107,1
VEH000291,TSK001107,0
VEH000090,TSK001107,1
VEH000247,TSK001107,1
VEH000266,TSK001107,1
VEH000277,TSK001107,1
VEH000323,TSK001107,1
VEH000468,TSK001107,0
VEH000271,TSK001107,0
VEH000477,TSK001107,1
VEH000246,TSK001107,1
VEH000073,TSK001169,1
VEH000303,TSK001169,1
VEH000485,TSK001169,0
VEH000249,TSK001169,1
VEH000071,TSK001169,1
VEH000417,TSK001169,1
VEH000326,TSK001169,1
VEH000367,TSK001169,1
VEH000074,TSK001169,0
VEH000336,TSK001169,1
VEH000426,TSK001169,1
VEH000012,TSK001169,0
VEH000231,TSK001169,0
VEH000082,TSK001169,1
VEH000014,TSK001169,0
VEH000511,TSK001169,1
VEH000518,TSK001169,1
VEH000224,TSK001169,1
VEH000033,TSK001169,0
VEH000458,TSK001169,1
VEH000529,TSK001169,1
VEH000046,TSK001169,0
VEH000510,TSK001169,1
VEH000252,TSK001169,1
VEH000058,TSK001169,1
VEH000499,TSK001169,1
VEH000364,TSK001169,1
VEH000455,TSK001169,0
VEH000387,TSK001169,1
VEH000342,TSK001169,1
VEH000024,TSK001169,0
VEH000032,TSK001169,1
VEH000519,TSK001169,1
VEH000311,TSK001169,0
VEH000309,TSK001169,1
VEH000505,TSK001169,1
VEH000016,TSK001169,1
VEH000520,TSK001169,1
VEH000422,TSK001169,1
VEH000327,TSK001169,1
VEH000291,TSK001169,1
VEH000090,TSK001169,1
VEH000247,TSK001169,1
VEH000266,TSK001169,1
VEH000277,TSK001169,1
VEH000323,TSK001169,1
VEH000468,TSK001169,1
VEH000271,TSK001169,1
VEH000477,TSK001169,1
VEH000246,TSK001169,1
VEH000073,TSK001233,1
VEH000303,TSK001233,1
VEH000485,TSK001233,1
VEH000249,TSK001233,1
VEH000071,TSK001233,1
VEH000417,TSK001233,0
VEH000326,TSK001233,1
VEH000367,TSK001233,1
VEH000074,TSK001233,1
VEH000336,TSK001233,1
VEH000426,TSK001233,1
VEH000012,TSK001233,0
VEH000231,TSK001233,1
VEH000082,TSK001233,0
VEH000014,TSK001233,0
VEH000511,TSK001233,1
VEH000518,TSK001233,1
VEH000224,TSK001233,1
VEH000033,TSK001233,1
VEH000458,TSK001233,1
VEH000529,TSK001233,1
VEH000046,TSK001233,1
VEH000510,TSK001233,0
VEH000252,TSK001233,1
VEH000058,TSK001233,1
VEH000499,TSK001233,1
VEH000364,TSK001233,1
VEH000455,TSK001233,1
VEH000387,TSK001233,0
VEH000342,TSK001233,1
VEH000024,TSK001233,1
VEH000032,TSK001233,1
VEH000519,TSK001233,1
VEH000311,TSK001233,1
VEH000309,TSK001233,1
VEH000505,TSK001233,1
VEH000016,TSK001233,1
VEH000520,TSK001233,0
VEH000422,TSK001233,1
VEH000327,TSK001233,1
VEH000291,TSK001233,1
VEH000090,TSK001233,1
VEH000247,TSK001233,1
VEH000266,TSK001233,0
VEH000277,TSK001233,1
VEH000323,TSK001233,1
VEH000468,TSK001233,1
VEH000271,TSK001233,1
VEH000477,TSK001233,0
VEH000246,TSK001233,0
VEH000073,TSK001241,1
VEH000303,TSK001241,1
VEH000485,TSK001241,1
VEH000249,TSK001241,1
VEH000071,TSK001241,0
VEH000417,TSK001241,1
VEH000326,TSK001241,1
VEH000367,TSK001241,1
VEH000074,TSK001241,1
VEH000336,TSK001241,0
VEH000426,TSK001241,0
VEH000012,TSK001241,0
VEH000231,TSK001241,1
VEH000082,TSK001241,1
VEH000014,TSK001241,1
VEH000511,TSK001241,1
VEH000518,TSK001241,1
VEH000224,TSK001241,1
VEH000033,TSK001241,1
VEH000458,TSK001241,1
VEH000529,TSK001241,1
VEH000046,TSK001241,0
VEH000510,TSK001241,1
VEH000252,TSK001241,1
VEH000058,TSK001241,0
VEH000499,TSK001241,1
VEH000364,TSK001241,1
VEH000455,TSK001241,1
VEH000387,TSK001241,1
VEH000342,TSK001241,0
VEH000024,TSK001241,1
VEH000032,TSK001241,1
VEH000519,TSK001241,1
VEH000311,TSK001241,1
VEH000309,TSK001241,1
VEH000505,TSK001241,1
VEH000016,TSK001241,1
VEH000520,TSK001241,1
VEH000422,TSK001241,1
VEH000327,TSK001241,1
VEH000291,TSK001241,1
VEH000090,TSK001241,0
VEH000247,TSK001241,1
VEH000266,TSK001241,1
VEH000277,TSK001241,1
VEH000323,TSK001241,0
VEH000468,TSK001241,1
VEH000271,TSK001241,1
VEH000477,TSK001241,1
VEH000246,TSK001241,0
VEH000073,TSK001257,1
VEH000303,TSK001257,1
VEH000485,TSK001257,1
VEH000249,TSK001257,1
VEH000071,TSK001257,1
VEH000417,TSK001257,1
VEH000326,TSK001257,1
VEH000367,TSK001257,1
VEH000074,TSK001257,1
VEH000336,TSK001257,1
VEH000426,TSK001257,1
VEH000012,TSK001257,1
VEH000231,TSK001257,1
VEH000082,TSK001257,0
VEH000014,TSK001257,1
VEH000511,TSK001257,1
VEH000518,TSK001257,1
VEH000224,TSK001257,1
VEH000033,TSK001257,1
VEH000458,TSK001257,1
VEH000529,TSK001257,0
VEH000046,TSK001257,1
VEH000510,TSK001257,1
VEH000252,TSK001257,0
VEH000058,TSK001257,1
VEH000499,TSK001257,0
VEH000364,TSK001257,0
VEH000455,TSK001257,1
VEH000387,TSK001257,1
VEH000342,TSK001257,1
VEH000024,TSK001257,1
VEH000032,TSK001257,0
VEH000519,TSK001257,1
VEH000311,TSK001257,1
VEH000309,TSK001257,1
VEH000505,TSK001257,1
VEH000016,TSK001257,1
VEH000520,TSK001257,1
VEH000422,TSK001257,1
VEH000327,TSK001257,0
VEH000291,TSK001257,1
VEH000090,TSK001257,0
VEH000247,TSK001257,1
VEH000266,TSK001257,1
VEH000277,TSK001257,1
VEH000323,TSK001257,1
VEH000468,TSK001257,0
VEH000271,TSK001257,1
VEH000477,TSK001257,1
VEH000246,TSK001257,0
VEH000073,TSK001353,1
VEH000303,TSK001353,1
VEH000485,TSK001353,1
VEH000249,TSK001353,1
VEH000071,TSK001353,1
VEH000417,TSK001353,1
VEH000326,TSK001353,1
VEH000367,TSK001353,1
VEH000074,TSK001353,1
VEH000336,TSK001353,1
VEH000426,TSK001353,1
VEH000012,TSK001353,1
VEH000231,TSK001353,1
VEH000082,TSK001353,1
VEH000014,TSK001353,1
VEH000511,TSK001353,1
VEH000518,TSK001353,1
VEH000224,TSK001353,1
VEH000033,TSK001353,0
VEH000458,TSK001353,0
VEH000529,TSK001353,1
VEH000046,TSK001353,1
VEH000510,TSK001353,1
VEH000252,TSK001353,1
VEH000058,TSK001353,1
VEH000499,TSK001353,1
VEH000364,TSK001353,1
VEH000455,TSK001353,1
VEH000387,TSK001353,1
VEH000342,TSK001353,1
VEH000024,TSK001353,1
VEH000032,TSK001353,1
VEH000519,TSK001353,1
VEH000311,TSK001353,0
VEH000309,TSK001353,0
VEH000505,TSK001353,0
VEH000016,TSK001353,1
VEH000520,TSK001353,1
VEH000422,TSK001353,0
VEH000327,TSK001353,0
VEH000291,TSK001353,0
VEH000090,TSK001353,1
VEH000247,TSK001353,0
VEH000266,TSK001353,1
VEH000277,TSK001353,1
VEH000323,TSK001353,0
VEH000468,TSK001353,1
VEH000271,TSK001353,1
VEH000477,TSK001353,1
VEH000246,TSK001353,1
VEH000073,TSK001447,1
VEH000303,TSK001447,1
VEH000485,TSK001447,1
VEH000249,TSK001447,0
VEH000071,TSK001447,1
VEH000417,TSK001447,0
VEH000326,TSK001447,1
VEH000367,TSK001447,1
VEH000074,TSK001447,1
VEH000336,TSK001447,1
VEH000426,TSK001447,1
VEH000012,TSK001447,1
VEH000231,TSK001447,1
VEH000082,TSK001447,1
VEH000014,TSK001447,0
VEH000511,TSK001447,1
VEH000518,TSK001447,1
VEH000224,TSK001447,1
VEH000033,TSK001447,1
VEH000458,TSK001447,0
VEH000529,TSK001447,1
VEH000046,TSK001447,1
VEH000510,TSK001447,1
VEH000252,TSK001447,1
VEH000058,TSK001447,1
VEH000499,TSK001447,1
VEH000364,TSK001447,1
VEH000455,TSK001447,1
VEH000387,TSK001447,1
VEH000342,TSK001447,1
VEH000024,TSK001447,1
VEH000032,TSK001447,1
VEH000519,TSK001447,1
VEH000311,TSK001447,1
VEH000309,TSK001447,0
VEH000505,TSK001447,0
VEH000016,TSK001447,0
VEH000520,TSK001447,1
VEH000422,TSK001447,1
VEH000327,TSK001447,0
VEH000291,TSK001447,1
VEH000090,TSK001447,0
VEH000247,TSK001447,0
VEH000266,TSK001447,1
VEH000277,TSK001447,1
VEH000323,TSK001447,1
VEH000468,TSK001447,1
VEH000271,TSK001447,1
VEH000477,TSK001447,1
VEH000246,TSK001447,1
VEH000073,TSK001644,0
VEH000303,TSK001644,1
VEH000485,TSK001644,1
VEH000249,TSK001644,0
VEH000071,TSK001644,1
VEH000417,TSK001644,1
VEH000326,TSK001644,1
VEH000367,TSK001644,1
VEH000074,TSK001644,1
VEH000336,TSK001644,1
VEH000426,TSK001644,0
VEH000012,TSK001644,1
VEH000231,TSK001644,1
VEH000082,TSK001644,0
VEH000014,TSK001644,0
VEH000511,TSK001644,1
VEH000518,TSK001644,1
VEH000224,TSK001644,1
VEH000033,TSK001644,1
VEH000458,TSK001644,0
VEH000529,TSK001644,1
VEH000046,TSK001644,1
VEH000510,TSK001644,1
VEH000252,TSK001644,1
VEH000058,TSK001644,1
VEH000499,TSK001644,1
VEH000364,TSK001644,1
VEH000455,TSK001644,1
VEH000387,TSK001644,1
VEH000342,TSK001644,1
VEH000024,TSK001644,0
VEH000032,TSK001644,0
VEH000519,TSK001644,1
VEH000311,TSK001644,1
VEH000309,TSK001644,1
VEH000505,TSK001644,1
VEH000016,TSK001644,1
VEH000520,TSK001644,0
VEH000422,TSK001644,1
VEH000327,TSK001644,1
VEH000291,TSK001644,1
VEH000090,TSK001644,1
VEH000247,TSK001644,1
VEH000266,TSK001644,1
VEH000277,TSK001644,1
VEH000323,TSK001644,0
VEH000468,TSK001644,1
VEH000271,TSK001644,1
VEH000477,TSK001644,1
VEH000246,TSK001644,1
VEH000073,TSK001647,1
VEH000303,TSK001647,1
VEH000485,TSK001647,0
VEH000249,TSK001647,1
VEH000071,TSK001647,1
VEH000417,TSK001647,1
VEH000326,TSK001647,1
VEH000367,TSK001647,1
VEH000074,TSK001647,1
VEH000336,TSK001647,1
VEH000426,TSK001647,0
VEH000012,TSK001647,1
VEH000231,TSK001647,1
VEH000082,TSK001647,1
VEH000014,TSK001647,1
VEH000511,TSK001647,1
VEH000518,TSK001647,1
VEH000224,TSK001647,0
VEH000033,TSK001647,1
VEH000458,TSK001647,1
VEH000529,TSK001647,0
VEH000046,TSK001647,1
VEH000510,TSK001647,1
VEH000252,TSK001647,1
VEH000058,TSK001647,0
VEH000499,TSK001647,0
VEH000364,TSK001647,1
VEH000455,TSK001647,0
VEH000387,TSK001647,1
VEH000342,TSK001647,1
VEH000024,TSK001647,1
VEH000032,TSK001647,1
VEH000519,TSK001647,1
VEH000311,TSK001647,1
VEH000309,TSK001647,0
VEH000505,TSK001647,0
VEH000016,TSK001647,1
VEH000520,TSK001647,0
VEH000422,TSK001647,1
VEH000327,TSK001647,1
VEH000291,TSK001647,1
VEH000090,TSK001647,1
VEH000247,TSK001647,1
VEH000266,TSK001647,1
VEH000277,TSK001647,1
VEH000323,TSK001647,1
VEH000468,TSK001647,1
VEH000271,TSK001647,1
VEH000477,TSK001647,1
VEH000246,TSK001647,1
VEH000073,TSK001800,1
VEH000303,TSK001800,1
VEH000485,TSK001800,1
VEH000249,TSK001800,1
VEH000071,TSK001800,1
VEH000417,TSK001800,0
VEH000326,TSK001800,0
VEH000367,TSK001800,1
VEH000074,TSK001800,1
VEH000336,TSK001800,1
VEH000426,TSK001800,1
VEH000012,TSK001800,1
VEH000231,TSK001800,0
VEH000082,TSK001800,1
VEH000014,TSK001800,1
VEH000511,TSK001800,0
VEH000518,TSK001800,1
VEH000224,TSK001800,1
VEH000033,TSK001800,1
VEH000458,TSK001800,1
VEH000529,TSK001800,1
VEH000046,TSK001800,0
VEH000510,TSK001800,1
VEH000252,TSK001800,0
VEH000058,TSK001800,1
VEH000499,TSK001800,1
VEH000364,TSK001800,1
VEH000455,TSK001800,0
VEH000387,TSK001800,1
VEH000342,TSK001800,1
VEH000024,TSK001800,1
VEH000032,TSK001800,1
VEH000519,TSK001800,0
VEH000311,TSK001800,1
VEH000309,TSK001800,1
VEH000505,TSK001800,1
VEH000016,TSK001800,1
VEH000520,TSK001800,1
VEH000422,TSK001800,1
VEH000327,TSK001800,1
VEH000291,TSK001800,0
VEH000090,TSK001800,1
VEH000247,TSK001800,1
VEH000266,TSK001800,1
VEH000277,TSK001800,1
VEH000323,TSK001800,1
VEH000468,TSK001800,0
VEH000271,TSK001800,1
VEH000477,TSK001800,1
VEH000246,TSK001800,1
VEH000073,TSK001828,0
VEH000303,TSK001828,1
VEH000485,TSK001828,1
VEH000249,TSK001828,1
VEH000071,TSK001828,1
VEH000417,TSK001828,0
VEH000326,TSK001828,0
VEH000367,TSK001828,1
VEH000074,TSK001828,1
VEH000336,TSK001828,1
VEH000426,TSK001828,1
VEH000012,TSK001828,1
VEH000231,TSK001828,1
VEH000082,TSK001828,1
VEH000014,TSK001828,1
VEH000511,TSK001828,1
VEH000518,TSK001828,1
VEH000224,TSK001828,1
VEH000033,TSK001828,1
VEH000458,TSK001828,1
VEH000529,TSK001828,1
VEH000046,TSK001828,1
VEH000510,TSK001828,1
VEH000252,TSK001828,1
VEH000058,TSK001828,0
VEH000499,TSK001828,1
VEH000364,TSK001828,1
VEH000455,TSK001828,1
VEH000387,TSK001828,1
VEH000342,TSK001828,1
VEH000024,TSK001828,1
VEH000032,TSK001828,1
VEH000519,TSK001828,1
VEH000311,TSK001828,1
VEH000309,TSK001828,1
VEH000505,TSK001828,1
VEH000016,TSK001828,0
VEH000520,TSK001828,1
VEH000422,TSK001828,1
VEH000327,TSK001828,0
VEH000291,TSK001828,0
VEH000090,TSK001828,1
VEH000247,TSK001828,1
VEH000266,TSK001828,0
VEH000277,TSK001828,1
VEH000323,TSK001828,0
VEH000468,TSK001828,0
VEH000271,TSK001828,1
VEH000477,TSK001828,1
VEH000246,TSK001828,1
VEH000073,TSK002105,1
VEH000303,TSK002105,1
VEH000485,TSK002105,1
VEH000249,TSK002105,1
VEH000071,TSK002105,0
VEH000417,TSK002105,1
VEH000326,TSK002105,1
VEH000367,TSK002105,1
VEH000074,TSK002105,1
VEH000336,TSK002105,1
VEH000426,TSK002105,1
VEH000012,TSK002105,1
VEH000231,TSK002105,1
VEH000082,TSK002105,1
VEH000014,TSK002105,1
VEH000511,TSK002105,0
VEH000518,TSK002105,0
VEH000224,TSK002105,1
VEH000033,TSK002105,1
VEH000458,TSK002105,0
VEH000529,TSK002105,1
VEH000046,TSK002105,1
VEH000510,TSK002105,0
VEH000252,TSK002105,1
VEH000058,TSK002105,1
VEH000499,TSK002105,1
VEH000364,TSK002105,1
VEH000455,TSK002105,1
VEH000387,TSK002105,0
VEH000342,TSK002105,1
VEH000024,TSK002105,0
VEH000032,TSK002105,1
VEH000519,TSK002105,1
VEH000311,TSK002105,0
VEH000309,TSK002105,1
VEH000505,TSK002105,1
VEH000016,TSK002105,1
VEH000520,TSK002105,1
VEH000422,TSK002105,1
VEH000327,TSK002105,1
VEH000291,TSK002105,1
VEH000090,TSK002105,1
VEH000247,TSK002105,1
VEH000266,TSK002105,1
VEH000277,TSK002105,1
VEH000323,TSK002105,1
VEH000468,TSK002105,0
VEH000271,TSK002105,1
VEH000477,TSK002105,0
VEH000246,TSK002105,1
VEH000073,TSK002226,1
VEH000303,TSK002226,1
VEH000485,TSK002226,1
VEH000249,TSK002226,1
VEH000071,TSK002226,1
VEH000417,TSK002226,0
VEH000326,TSK002226,1
VEH000367,TSK002226,0
VEH000074,TSK002226,1
VEH000336,TSK002226,1
VEH000426,TSK002226,1
VEH000012,TSK002226,1
VEH000231,TSK002226,1
VEH000082,TSK002226,0
VEH000014,TSK002226,1
VEH000511,TSK002226,1
VEH000518,TSK002226,1
VEH000224,TSK002226,1
VEH000033,TSK002226,1
VEH000458,TSK002226,1
VEH000529,TSK002226,0
VEH000046,TSK002226,1
VEH000510,TSK002226,1
VEH000252,TSK002226,1
VEH000058,TSK002226,1
VEH000499,TSK002226,0
VEH000364,TSK002226,1
VEH000455,TSK002226,1
VEH000387,TSK002226,1
VEH000342,TSK002226,1
VEH000024,TSK002226,1
VEH000032,TSK002226,1
VEH000519,TSK002226,1
VEH000311,TSK002226,0
VEH000309,TSK002226,1
VEH000505,TSK002226,0
VEH000016,TSK002226,1
VEH000520,TSK002226,1
VEH000422,TSK002226,1
VEH000327,TSK002226,1
VEH000291,TSK002226,1
VEH000090,TSK002226,1
VEH000247,TSK002226,1
VEH000266,TSK002226,1
VEH000277,TSK002226,0
VEH000323,TSK002226,0
VEH000468,TSK002226,1
VEH000271,TSK002226,1
VEH000477,TSK002226,0
VEH000246,TSK002226,1
VEH000073,TSK002432,1
VEH000303,TSK002432,1
VEH000485,TSK002432,1
VEH000249,TSK002432,0
VEH000071,TSK002432,1
VEH000417,TSK002432,1
VEH000326,TSK002432,1
VEH000367,TSK002432,1
VEH000074,TSK002432,0
VEH000336,TSK002432,0
VEH000426,TSK002432,1
VEH000012,TSK002432,0
VEH000231,TSK002432,1
VEH000082,TSK002432,1
VEH000014,TSK002432,1
VEH000511,TSK002432,1
VEH000518,TSK002432,1
VEH000224,TSK002432,1
VEH000033,TSK002432,1
VEH000458,TSK002432,1
VEH000529,TSK002432,1
VEH000046,TSK002432,1
VEH000510,TSK002432,1
VEH000252,TSK002432,1
VEH000058,TSK002432,1
VEH000499,TSK002432,1
VEH000364,TSK002432,1
VEH000455,TSK002432,1
VEH000387,TSK002432,1
VEH000342,TSK002432,1
VEH000024,TSK002432,1
VEH000032,TSK002432,0
VEH000519,TSK002432,1
VEH000311,TSK002432,0
VEH000309,TSK002432,1
VEH000505,TSK002432,1
VEH000016,TSK002432,1
VEH000520,TSK002432,1
VEH000422,TSK002432,1
VEH000327,TSK002432,0
VEH000291,TSK002432,0
VEH000090,TSK002432,0
VEH000247,TSK002432,1
VEH000266,TSK002432,1
VEH000277,TSK002432,1
VEH000323,TSK002432,1
VEH000468,TSK002432,1
VEH000271,TSK002432,0
VEH000477,TSK002432,1
VEH000246,TSK002432,1
VEH000073,TSK002467,1
VEH000303,TSK002467,1
VEH000485,TSK002467,1
VEH000249,TSK002467,1
VEH000071,TSK002467,0
VEH000417,TSK002467,1
VEH000326,TSK002467,1
VEH000367,TSK002467,1
VEH000074,TSK002467,1
VEH000336,TSK002467,0
VEH000426,TSK002467,1
VEH000012,TSK002467,1
VEH000231,TSK002467,1
VEH000082,TSK002467,0
VEH000014,TSK002467,1
VEH000511,TSK002467,1
VEH000518,TSK002467,1
VEH000224,TSK002467,1
VEH000033,TSK002467,1
VEH000458,TSK002467,1
VEH000529,TSK002467,1
VEH000046,TSK002467,0
VEH000510,TSK002467,1
VEH000252,TSK002467,1
VEH000058,TSK002467,1
VEH000499,TSK002467,0
VEH000364,TSK002467,1
VEH000455,TSK002467,1
VEH000387,TSK002467,1
VEH000342,TSK002467,1
VEH000024,TSK002467,0
VEH000032,TSK002467,1
VEH000519,TSK002467,1
VEH000311,TSK002467,0
VEH000309,TSK002467,1
VEH000505,TSK002467,1
VEH000016,TSK002467,0
VEH000520,TSK002467,1
VEH000422,TSK002467,0
VEH000327,TSK002467,1
VEH000291,TSK002467,0
VEH000090,TSK002467,1
VEH000247,TSK002467,1
VEH000266,TSK002467,1
VEH000277,TSK002467,1
VEH000323,TSK002467,1
VEH000468,TSK002467,1
VEH000271,TSK002467,1
VEH000477,TSK002467,1
VEH000246,TSK002467,1
VEH000073,TSK002693,0
VEH000303,TSK002693,0
VEH000485,TSK002693,1
VEH000249,TSK002693,1
VEH000071,TSK002693,1
VEH000417,TSK002693,0
VEH000326,TSK002693,1
VEH000367,TSK002693,1
VEH000074,TSK002693,1
VEH000336,TSK002693,1
VEH000426,TSK002693,1
VEH000012,TSK002693,1
VEH000231,TSK002693,1
VEH000082,TSK002693,1
VEH000014,TSK002693,1
VEH000511,TSK002693,1
VEH000518,TSK002693,1
VEH000224,TSK002693,1
VEH000033,TSK002693,1
VEH000458,TSK002693,1
VEH000529,TSK002693,1
VEH000046,TSK002693,1
VEH000510,TSK002693,0
VEH000252,TSK002693,0
VEH000058,TSK002693,1
VEH000499,TSK002693,1
VEH000364,TSK002693,1
VEH000455,TSK002693,0
VEH000387,TSK002693,1
VEH000342,TSK002693,1
VEH000024,TSK002693,1
VEH000032,TSK002693,1
VEH000519,TSK002693,1
VEH000311,TSK002693,1
VEH000309,TSK002693,0
VEH000505,TSK002693,1
VEH000016,TSK002693,1
VEH000520,TSK002693,1
VEH000422,TSK002693,1
VEH000327,TSK002693,1
VEH000291,TSK002693,1
VEH000090,TSK002693,1
VEH000247,TSK002693,0
VEH000266,TSK002693,0
VEH000277,TSK002693,1
VEH000323,TSK002693,1
VEH000468,TSK002693,1
VEH000271,TSK002693,0
VEH000477,TSK002693,1
VEH000246,TSK002693,1
VEH000073,TSK002795,1
VEH000303,TSK002795,1
VEH000485,TSK002795,0
VEH000249,TSK002795,1
VEH000071,TSK002795,1
VEH000417,TSK002795,1
VEH000326,TSK002795,1
VEH000367,TSK002795,1
VEH000074,TSK002795,1
VEH000336,TSK002795,1
VEH000426,TSK002795,1
VEH000012,TSK002795,1
VEH000231,TSK002795,1
VEH000082,TSK002795,0
VEH000014,TSK002795,0
VEH000511,TSK002795,1
VEH000518,TSK002795,1
VEH000224,TSK002795,0
VEH000033,TSK002795,1
VEH000458,TSK002795,1
VEH000529,TSK002795,1
VEH000046,TSK002795,0
VEH000510,TSK002795,1
VEH000252,TSK002795,1
VEH000058,TSK002795,1
VEH000499,TSK002795,1
VEH000364,TSK002795,1
VEH000455,TSK002795,0
VEH000387,TSK002795,0
VEH000342,TSK002795,1
VEH000024,TSK002795,1
VEH000032,TSK002795,0
VEH000519,TSK002795,1
VEH000311,TSK002795,1
VEH000309,TSK002795,1
VEH000505,TSK002795,1
VEH000016,TSK002795,1
VEH000520,TSK002795,1
VEH000422,TSK002795,1
VEH000327,TSK002795,1
VEH000291,TSK002795,0
VEH000090,TSK002795,1
VEH000247,TSK002795,1
VEH000266,TSK002795,1
VEH000277,TSK002795,0
VEH000323,TSK002795,1
VEH000468,TSK002795,1
VEH000271,TSK002795,1
VEH000477,TSK002795,1
VEH000246,TSK002795,1
VEH000073,TSK002858,1
VEH000303,TSK002858,1
VEH000485,TSK002858,1
VEH000249,TSK002858,1
VEH000071,TSK002858,0
VEH000417,TSK002858,1
VEH000326,TSK002858,1
VEH000367,TSK002858,0
VEH000074,TSK002858,1
VEH000336,TSK002858,0
VEH000426,TSK002858,0
VEH000012,TSK002858,1
VEH000231,TSK002858,1
VEH000082,TSK002858,0
VEH000014,TSK002858,1
VEH000511,TSK002858,1
VEH000518,TSK002858,1
VEH000224,TSK002858,1
VEH000033,TSK002858,1
VEH000458,TSK002858,0
VEH000529,TSK002858,1
VEH000046,TSK002858,0
VEH000510,TSK002858,1
VEH000252,TSK002858,1
VEH000058,TSK002858,1
VEH000499,TSK002858,1
VEH000364,TSK002858,1
VEH000455,TSK002858,0
VEH000387,TSK002858,1
VEH000342,TSK002858,1
VEH000024,TSK002858,1
VEH000032,TSK002858,1
VEH000519,TSK002858,1
VEH000311,TSK002858,0
VEH000309,TSK002858,1
VEH000505,TSK002858,1
VEH000016,TSK002858,1
VEH000520,TSK002858,1
VEH000422,TSK002858,1
VEH000327,TSK002858,1
VEH000291,TSK002858,1
VEH000090,TSK002858,1
VEH000247,TSK002858,1
VEH000266,TSK002858,1
VEH000277,TSK002858,0
VEH000323,TSK002858,1
VEH000468,TSK002858,1
VEH000271,TSK002858,1
VEH000477,TSK002858,1
VEH000246,TSK002858,1
VEH000073,TSK003019,1
VEH000303,TSK003019,1
VEH000485,TSK003019,1
VEH000249,TSK003019,0
VEH000071,TSK003019,1
VEH000417,TSK003019,1
VEH000326,TSK003019,1
VEH000367,TSK003019,1
VEH000074,TSK003019,1
VEH000336,TSK003019,1
VEH000426,TSK003019,1
VEH000012,TSK003019,1
VEH000231,TSK003019,1
VEH000082,TSK003019,1
VEH000014,TSK003019,1
VEH000511,TSK003019,1
VEH000518,TSK003019,1
VEH000224,TSK003019,1
VEH000033,TSK003019,1
VEH000458,TSK003019,1
VEH000529,TSK003019,0
VEH000046,TSK003019,0
VEH000510,TSK003019,1
VEH000252,TSK003019,0
VEH000058,TSK003019,1
VEH000499,TSK003019,1
VEH000364,TSK003019,1
VEH000455,TSK003019,1
VEH000387,TSK003019,0
VEH000342,TSK003019,1
VEH000024,TSK003019,0
VEH000032,TSK003019,1
VEH000519,TSK003019,0
VEH000311,TSK003019,1
VEH000309,TSK003019,1
VEH000505,TSK003019,0
VEH000016,TSK003019,1
VEH000520,TSK003019,1
VEH000422,TSK003019,1
VEH000327,TSK003019,1
VEH000291,TSK003019,1
VEH000090,TSK003019,1
VEH000247,TSK003019,0
VEH000266,TSK003019,1
VEH000277,TSK003019,1
VEH000323,TSK003019,1
VEH000468,TSK003019,1
VEH000271,TSK003019,1
VEH000477,TSK003019,0
VEH000246,TSK003019,1
VEH000073,TSK003036,1
VEH000303,TSK003036,1
VEH000485,TSK003036,0
VEH000249,TSK003036,1
VEH000071,TSK003036,0
VEH000417,TSK003036,0
VEH000326,TSK003036,1
VEH000367,TSK003036,0
VEH000074,TSK003036,0
VEH000336,TSK003036,1
VEH000426,TSK003036,1
VEH000012,TSK003036,0
VEH000231,TSK003036,0
VEH000082,TSK003036,1
VEH000014,TSK003036,1
VEH000511,TSK003036,1
VEH000518,TSK003036,1
VEH000224,TSK003036,1
VEH000033,TSK003036,1
VEH000458,TSK003036,1
VEH000529,TSK003036,1
VEH000046,TSK003036,1
VEH000510,TSK003036,1
VEH000252,TSK003036,0
VEH000058,TSK003036,1
VEH000499,TSK003036,1
VEH000364,TSK003036,1
VEH000455,TSK003036,1
VEH000387,TSK003036,1
VEH000342,TSK003036,1
VEH000024,TSK003036,1
VEH000032,TSK003036,1
VEH000519,TSK003036,1
VEH000311,TSK003036,1
VEH000309,TSK003036,0
VEH000505,TSK003036,1
VEH000016,TSK003036,1
VEH000520,TSK003036,1
VEH000422,TSK003036,1
VEH000327,TSK003036,1
VEH000291,TSK003036,1
VEH000090,TSK003036,1
VEH000247,TSK003036,1
VEH000266,TSK003036,1
VEH000277,TSK003036,1
VEH000323,TSK003036,1
VEH000468,TSK003036,1
VEH000271,TSK003036,0
VEH000477,TSK003036,1
VEH000246,TSK003036,1
VEH000073,TSK003053,1
VEH000303,TSK003053,0
VEH000485,TSK003053,0
VEH000249,TSK003053,1
VEH000071,TSK003053,1
VEH000417,TSK003053,1
VEH000326,TSK003053,1
VEH000367,TSK003053,1
VEH000074,TSK003053,1
VEH000336,TSK003053,0
VEH000426,TSK003053,0
VEH000012,TSK003053,1
VEH000231,TSK003053,1
VEH000082,TSK003053,1
VEH000014,TSK003053,1
VEH000511,TSK003053,1
VEH000518,TSK003053,1
VEH000224,TSK003053,1
VEH000033,TSK003053,1
VEH000458,TSK003053,1
VEH000529,TSK003053,0
VEH000046,TSK003053,1
VEH000510,TSK003053,0
VEH000252,TSK003053,1
VEH000058,TSK003053,1
VEH000499,TSK003053,1
VEH000364,TSK003053,0
VEH000455,TSK003053,0
VEH000387,TSK003053,1
VEH000342,TSK003053,1
VEH000024,TSK003053,1
VEH000032,TSK003053,1
VEH000519,TSK003053,1
VEH000311,TSK003053,1
VEH000309,TSK003053,1
VEH000505,TSK003053,0
VEH000016,TSK003053,1
VEH000520,TSK003053,1
VEH000422,TSK003053,1
VEH000327,TSK003053,1
VEH000291,TSK003053,1
VEH000090,TSK003053,1
VEH000247,TSK003053,1
VEH000266,TSK003053,1
VEH000277,TSK003053,1
VEH000323,TSK003053,1
VEH000468,TSK003053,0
VEH000271,TSK003053,1
VEH000477,TSK003053,1
VEH000246,TSK003053,1
VEH000073,TSK003281,1
VEH000303,TSK003281,0
VEH000485,TSK003281,1
VEH000249,TSK003281,1
VEH000071,TSK003281,0
VEH000417,TSK003281,0
VEH000326,TSK003281,1
VEH000367,TSK003281,1
VEH000074,TSK003281,1
VEH000336,TSK003281,1
VEH000426,TSK003281,1
VEH000012,TSK003281,1
VEH000231,TSK003281,0
VEH000082,TSK003281,1
VEH000014,TSK003281,1
VEH000511,TSK003281,1
VEH000518,TSK003281,1
VEH000224,TSK003281,1
VEH000033,TSK003281,0
VEH000458,TSK003281,1
VEH000529,TSK003281,1
VEH000046,TSK003281,1
VEH000510,TSK003281,1
VEH000252,TSK003281,1
VEH000058,TSK003281,0
VEH000499,TSK003281,1
VEH000364,TSK003281,1
VEH000455,TSK003281,1
VEH000387,TSK003281,1
VEH000342,TSK003281,1
VEH000024,TSK003281,0
VEH000032,TSK003281,1
VEH000519,TSK003281,1
VEH000311,TSK003281,1
VEH000309,TSK003281,1
VEH000505,TSK003281,1
VEH000016,TSK003281,1
VEH000520,TSK003281,1
VEH000422,TSK003281,1
VEH000327,TSK003281,1
VEH000291,TSK003281,1
VEH000090,TSK003281,1
VEH000247,TSK003281,1
VEH000266,TSK003281,1
VEH000277,TSK003281,0
VEH000323,TSK003281,1
VEH000468,TSK003281,0
VEH000271,TSK003281,1
VEH000477,TSK003281,1
VEH000246,TSK003281,0
VEH000073,TSK003330,1
VEH000303,TSK003330,1
VEH000485,TSK003330,1
VEH000249,TSK003330,1
VEH000071,TSK003330,0
VEH000417,TSK003330,1
VEH000326,TSK003330,0
VEH000367,TSK003330,1
VEH000074,TSK003330,1
VEH000336,TSK003330,1
VEH000426,TSK003330,0
VEH000012,TSK003330,1
VEH000231,TSK003330,0
VEH000082,TSK003330,1
VEH000014,TSK003330,1
VEH000511,TSK003330,1
VEH000518,TSK003330,1
VEH000224,TSK003330,0
VEH000033,TSK003330,1
VEH000458,TSK003330,0
VEH000529,TSK003330,0
VEH000046,TSK003330,1
VEH000510,TSK003330,1
VEH000252,TSK003330,0
VEH000058,TSK003330,1
VEH000499,TSK003330,1
VEH000364,TSK003330,1
VEH000455,TSK003330,1
VEH000387,TSK003330,1
VEH000342,TSK003330,1
VEH000024,TSK003330,1
VEH000032,TSK003330,1
VEH000519,TSK003330,1
VEH000311,TSK003330,0
VEH000309,TSK003330,1
VEH000505,TSK003330,1
VEH000016,TSK003330,1
VEH000520,TSK003330,1
VEH000422,TSK003330,1
VEH000327,TSK003330,1
VEH000291,TSK003330,1
VEH000090,TSK003330,1
VEH000247,TSK003330,1
VEH000266,TSK003330,0
VEH000277,TSK003330,1
VEH000323,TSK003330,1
VEH000468,TSK003330,1
VEH000271,TSK003330,1
VEH000477,TSK003330,1
VEH000246,TSK003330,1
VEH000073,TSK003372,1
VEH000303,TSK003372,1
VEH000485,TSK003372,1
VEH000249,TSK003372,0
VEH000071,TSK003372,0
VEH000417,TSK003372,1
VEH000326,TSK003372,0
VEH000367,TSK003372,0
VEH000074,TSK003372,0
VEH000336,TSK003372,1
VEH000426,TSK003372,1
VEH000012,TSK003372,1
VEH000231,TSK003372,1
VEH000082,TSK003372,1
VEH000014,TSK003372,1
VEH000511,TSK003372,1
VEH000518,TSK003372,1
VEH000224,TSK003372,1
VEH000033,TSK003372,1
VEH000458,TSK003372,1
VEH000529,TSK003372,1
VEH000046,TSK003372,0
VEH000510,TSK003372,1
VEH000252,TSK003372,1
VEH000058,TSK003372,1
VEH000499,TSK003372,1
VEH000364,TSK003372,1
VEH000455,TSK003372,1
VEH000387,TSK003372,0
VEH000342,TSK003372,1
VEH000024,TSK003372,1
VEH000032,TSK003372,1
VEH000519,TSK003372,1
VEH000311,TSK003372,1
VEH000309,TSK003372,1
VEH000505,TSK003372,1
VEH000016,TSK003372,0
VEH000520,TSK003372,1
VEH000422,TSK003372,1
VEH000327,TSK003372,1
VEH000291,TSK003372,0
VEH000090,TSK003372,1
VEH000247,TSK003372,0
VEH000266,TSK003372,1
VEH000277,TSK003372,1
VEH000323,TSK003372,1
VEH000468,TSK003372,1
VEH000271,TSK003372,1
VEH000477,TSK003372,1
VEH000246,TSK003372,1
VEH000073,TSK003388,0
VEH000303,TSK003388,1
VEH000485,TSK003388,1
VEH000249,TSK003388,1
VEH000071,TSK003388,0
VEH000417,TSK003388,1
VEH000326,TSK003388,1
VEH000367,TSK003388,1
VEH000074,TSK003388,1
VEH000336,TSK003388,1
VEH000426,TSK003388,1
VEH000012,TSK003388,1
VEH000231,TSK003388,0
VEH000082,TSK003388,1
VEH000014,TSK003388,0
VEH000511,TSK003388,1
VEH000518,TSK003388,1
VEH000224,TSK003388,1
VEH000033,TSK003388,1
VEH000458,TSK003388,1
VEH000529,TSK003388,1
VEH000046,TSK003388,1
VEH000510,TSK003388,1
VEH000252,TSK003388,1
VEH000058,TSK003388,1
VEH000499,TSK003388,1
VEH000364,TSK003388,1
VEH000455,TSK003388,1
VEH000387,TSK003388,0
VEH000342,TSK003388,0
VEH000024,TSK003388,1
VEH000032,TSK003388,1
VEH000519,TSK003388,1
VEH000311,TSK003388,0
VEH000309,TSK003388,0
VEH000505,TSK003388,1
VEH000016,TSK003388,1
VEH000520,TSK003388,0
VEH000422,TSK003388,1
VEH000327,TSK003388,1
VEH000291,TSK003388,1
VEH000090,TSK003388,1
VEH000247,TSK003388,1
VEH000266,TSK003388,1
VEH000277,TSK003388,1
VEH000323,TSK003388,1
VEH000468,TSK003388,1
VEH000271,TSK003388,1
VEH000477,TSK003388,1
VEH000246,TSK003388,0
VEH000073,TSK003414,1
VEH000303,TSK003414,1
VEH000485,TSK003414,1
VEH000249,TSK003414,1
VEH000071,TSK003414,1
VEH000417,TSK003414,1
VEH000326,TSK003414,1
VEH000367,TSK003414,1
VEH000074,TSK003414,1
VEH000336,TSK003414,1
VEH000426,TSK003414,1
VEH000012,TSK003414,0
VEH000231,TSK003414,1
VEH000082,TSK003414,1
VEH000014,TSK003414,0
VEH000511,TSK003414,1
VEH000518,TSK003414,1
VEH000224,TSK003414,0
VEH000033,TSK003414,1
VEH000458,TSK003414,0
VEH000529,TSK003414,1
VEH000046,TSK003414,1
VEH000510,TSK003414,1
VEH000252,TSK003414,1
VEH000058,TSK003414,1
VEH000499,TSK003414,1
VEH000364,TSK003414,1
VEH000455,TSK003414,0
VEH000387,TSK003414,0
VEH000342,TSK003414,1
VEH000024,TSK003414,0
VEH000032,TSK003414,1
VEH000519,TSK003414,1
VEH000311,TSK003414,0
VEH000309,TSK003414,1
VEH000505,TSK003414,1
VEH000016,TSK003414,1
VEH000520,TSK003414,1
VEH000422,TSK003414,1
VEH000327,TSK003414,1
VEH000291,TSK003414,1
VEH000090,TSK003414,0
VEH000247,TSK003414,1
VEH000266,TSK003414,1
VEH000277,TSK003414,1
VEH000323,TSK003414,1
VEH000468,TSK003414,0
VEH000271,TSK003414,1
VEH000477,TSK003414,1
VEH000246,TSK003414,1
VEH000073,TSK003483,1
VEH000303,TSK003483,1
VEH000485,TSK003483,1
VEH000249,TSK003483,1
VEH000071,TSK003483,1
VEH000417,TSK003483,1
VEH000326,TSK003483,0
VEH000367,TSK003483,1
VEH000074,TSK003483,1
VEH000336,TSK003483,0
VEH000426,TSK003483,1
VEH000012,TSK003483,1
VEH000231,TSK003483,1
VEH000082,TSK003483,0
VEH000014,TSK003483,1
VEH000511,TSK003483,1
VEH000518,TSK003483,1
VEH000224,TSK003483,0
VEH000033,TSK003483,1
VEH000458,TSK003483,1
VEH000529,TSK003483,1
VEH000046,TSK003483,1
VEH000510,TSK003483,1
VEH000252,TSK003483,0
VEH000058,TSK003483,1
VEH000499,TSK003483,1
VEH000364,TSK003483,1
VEH000455,TSK003483,0
VEH000387,TSK003483,1
VEH000342,TSK003483,0
VEH000024,TSK003483,1
VEH000032,TSK003483,0
VEH000519,TSK003483,1
VEH000311,TSK003483,1
VEH000309,TSK003483,1
VEH000505,TSK003483,1
VEH000016,TSK003483,1
VEH000520,TSK003483,1
VEH000422,TSK003483,0
VEH000327,TSK003483,1
VEH000291,TSK003483,1
VEH000090,TSK003483,1
VEH000247,TSK003483,0
VEH000266,TSK003483,1
VEH000277,TSK003483,1
VEH000323,TSK003483,1
VEH000468,TSK003483,1
VEH000271,TSK003483,1
VEH000477,TSK003483,1
VEH000246,TSK003483,1
VEH000073,TSK003515,0
VEH000303,TSK003515,1
VEH000485,TSK003515,1
VEH000249,TSK003515,1
VEH000071,TSK003515,1
VEH000417,TSK003515,1
VEH000326,TSK003515,0
VEH000367,TSK003515,1
VEH000074,TSK003515,1
VEH000336,TSK003515,1
VEH000426,TSK003515,0
VEH000012,TSK003515,1
VEH000231,TSK003515,1
VEH000082,TSK003515,1
VEH000014,TSK003515,1
VEH000511,TSK003515,1
VEH000518,TSK003515,0
VEH000224,TSK003515,1
VEH000033,TSK003515,1
VEH000458,TSK003515,1
VEH000529,TSK003515,1
VEH000046,TSK003515,0
VEH000510,TSK003515,1
VEH000252,TSK003515,1
VEH000058,TSK003515,0
VEH000499,TSK003515,1
VEH000364,TSK003515,0
VEH000455,TSK003515,0
VEH000387,TSK003515,1
VEH000342,TSK003515,1
VEH000024,TSK003515,1
VEH000032,TSK003515,1
VEH000519,TSK003515,1
VEH000311,TSK003515,1
VEH000309,TSK003515,1
VEH000505,TSK003515,1
VEH000016,TSK003515,1
VEH000520,TSK003515,1
VEH000422,TSK003515,1
VEH000327,TSK003515,1
VEH000291,TSK003515,1
VEH000090,TSK003515,0
VEH000247,TSK003515,1
VEH000266,TSK003515,1
VEH000277,TSK003515,1
VEH000323,TSK003515,1
VEH000468,TSK003515,1
VEH000271,TSK003515,1
VEH000477,TSK003515,0
VEH000246,TSK003515,1
VEH000073,TSK003552,1
VEH000303,TSK003552,1
VEH000485,TSK003552,1
VEH000249,TSK003552,0
VEH000071,TSK003552,0
VEH000417,TSK003552,1
VEH000326,TSK003552,1
VEH000367,TSK003552,1
VEH000074,TSK003552,1
VEH000336,TSK003552,1
VEH000426,TSK003552,1
VEH000012,TSK003552,1
VEH000231,TSK003552,1
VEH000082,TSK003552,1
VEH000014,TSK003552,1
VEH000511,TSK003552,1
VEH000518,TSK003552,1
VEH000224,TSK003552,1
VEH000033,TSK003552,1
VEH000458,TSK003552,0
VEH000529,TSK003552,1
VEH000046,TSK003552,1
VEH000510,TSK003552,1
VEH000252,TSK003552,1
VEH000058,TSK003552,1
VEH000499,TSK003552,1
VEH000364,TSK003552,0
VEH000455,TSK003552,0
VEH000387,TSK003552,0
VEH000342,TSK003552,1
VEH000024,TSK003552,1
VEH000032,TSK003552,0
VEH000519,TSK003552,0
VEH000311,TSK003552,1
VEH000309,TSK003552,1
VEH000505,TSK003552,1
VEH000016,TSK003552,1
VEH000520,TSK003552,1
VEH000422,TSK003552,1
VEH000327,TSK003552,1
VEH000291,TSK003552,1
VEH000090,TSK003552,1
VEH000247,TSK003552,1
VEH000266,TSK003552,0
VEH000277,TSK003552,1
VEH000323,TSK003552,1
VEH000468,TSK003552,1
VEH000271,TSK003552,0
VEH000477,TSK003552,1
VEH000246,TSK003552,1
VEH000073,TSK003666,1
VEH000303,TSK003666,1
VEH000485,TSK003666,1
VEH000249,TSK003666,1
VEH000071,TSK003666,1
VEH000417,TSK003666,1
VEH000326,TSK003666,0
VEH000367,TSK003666,0
VEH000074,TSK003666,1
VEH000336,TSK003666,0
VEH000426,TSK003666,1
VEH000012,TSK003666,1
VEH000231,TSK003666,1
VEH000082,TSK003666,1
VEH000014,TSK003666,1
VEH000511,TSK003666,1
VEH000518,TSK003666,1
VEH000224,TSK003666,1
VEH000033,TSK003666,0
VEH000458,TSK003666,0
VEH000529,TSK003666,1
VEH000046,TSK003666,1
VEH000510,TSK003666,1
VEH000252,TSK003666,1
VEH000058,TSK003666,1
VEH000499,TSK003666,1
VEH000364,TSK003666,1
VEH000455,TSK003666,1
VEH000387,TSK003666,1
VEH000342,TSK003666,1
VEH000024,TSK003666,1
VEH000032,TSK003666,1
VEH000519,TSK003666,1
VEH000311,TSK003666,1
VEH000309,TSK003666,0
VEH000505,TSK003666,1
VEH000016,TSK003666,1
VEH000520,TSK003666,0
VEH000422,TSK003666,0
VEH000327,TSK003666,1
VEH000291,TSK003666,1
VEH000090,TSK003666,1
VEH000247,TSK003666,0
VEH000266,TSK003666,1
VEH000277,TSK003666,1
VEH000323,TSK003666,1
VEH000468,TSK003666,1
VEH000271,TSK003666,1
VEH000477,TSK003666,0
VEH000246,TSK003666,1
VEH000073,TSK003742,1
VEH000303,TSK003742,1
VEH000485,TSK003742,1
VEH000249,TSK003742,1
VEH000071,TSK003742,1
VEH000417,TSK003742,1
VEH000326,TSK003742,1
VEH000367,TSK003742,1
VEH000074,TSK003742,0
VEH000336,TSK003742,1
VEH000426,TSK003742,1
VEH000012,TSK003742,0
VEH000231,TSK003742,1
VEH000082,TSK003742,1
VEH000014,TSK003742,1
VEH000511,TSK003742,0
VEH000518,TSK003742,1
VEH000224,TSK003742,1
VEH000033,TSK003742,0
VEH000458,TSK003742,0
VEH000529,TSK003742,1
VEH000046,TSK003742,1
VEH000510,TSK003742,1
VEH000252,TSK003742,1
VEH000058,TSK003742,1
VEH000499,TSK003742,1
VEH000364,TSK003742,1
VEH000455,TSK003742,0
VEH000387,TSK003742,0
VEH000342,TSK003742,0
VEH000024,TSK003742,1
VEH000032,TSK003742,1
VEH000519,TSK003742,0
VEH000311,TSK003742,1
VEH000309,TSK003742,1
VEH000505,TSK003742,1
VEH000016,TSK003742,1
VEH000520,TSK003742,1
VEH000422,TSK003742,1
VEH000327,TSK003742,1
VEH000291,TSK003742,1
VEH000090,TSK003742,1
VEH000247,TSK003742,1
VEH000266,TSK003742,1
VEH000277,TSK003742,0
VEH000323,TSK003742,1
VEH000468,TSK003742,1
VEH000271,TSK003742,1
VEH000477,TSK003742,1
VEH000246,TSK003742,1
VEH000073,TSK003758,1
VEH000303,TSK003758,1
VEH000485,TSK003758,1
VEH000249,TSK003758,1
VEH000071,TSK003758,1
VEH000417,TSK003758,1
VEH000326,TSK003758,1
VEH000367,TSK003758,1
VEH000074,TSK003758,1
VEH000336,TSK003758,0
VEH000426,TSK003758,0
VEH000012,TSK003758,1
VEH000231,TSK003758,0
VEH000082,TSK003758,1
VEH000014,TSK003758,1
VEH000511,TSK003758,1
VEH000518,TSK003758,1
VEH000224,TSK003758,1
VEH000033,TSK003758,1
VEH000458,TSK003758,1
VEH000529,TSK003758,1
VEH000046,TSK003758,0
VEH000510,TSK003758,1
VEH000252,TSK003758,1
VEH000058,TSK003758,1
VEH000499,TSK003758,0
VEH000364,TSK003758,0
VEH000455,TSK003758,1
VEH000387,TSK003758,1
VEH000342,TSK003758,0
VEH000024,TSK003758,1
VEH000032,TSK003758,1
VEH000519,TSK003758,0
VEH000311,TSK003758,1
VEH000309,TSK003758,1
VEH000505,TSK003758,1
VEH000016,TSK003758,1
VEH000520,TSK003758,1
VEH000422,TSK003758,1
VEH000327,TSK003758,1
VEH000291,TSK003758,1
VEH000090,TSK003758,0
VEH000247,TSK003758,1
VEH000266,TSK003758,1
VEH000277,TSK003758,0
VEH000323,TSK003758,1
VEH000468,TSK003758,1
VEH000271,TSK003758,1
VEH000477,TSK003758,1
VEH000246,TSK003758,1
VEH000073,TSK003797,0
VEH000303,TSK003797,1
VEH000485,TSK003797,1
VEH000249,TSK003797,1
VEH000071,TSK003797,1
VEH000417,TSK003797,1
VEH000326,TSK003797,1
VEH000367,TSK003797,1
VEH000074,TSK003797,1
VEH000336,TSK003797,1
VEH000426,TSK003797,1
VEH000012,TSK003797,0
VEH000231,TSK003797,1
VEH000082,TSK003797,1
VEH000014,TSK003797,0
VEH000511,TSK003797,1
VEH000518,TSK003797,0
VEH000224,TSK003797,1
VEH000033,TSK003797,1
VEH000458,TSK003797,1
VEH000529,TSK003797,1
VEH000046,TSK003797,1
VEH000510,TSK003797,1
VEH000252,TSK003797,1
VEH000058,TSK003797,1
VEH000499,TSK003797,1
VEH000364,TSK003797,1
VEH000455,TSK003797,1
VEH000387,TSK003797,0
VEH000342,TSK003797,1
VEH000024,TSK003797,1
VEH000032,TSK003797,1
VEH000519,TSK003797,1
VEH000311,TSK003797,1
VEH000309,TSK003797,1
VEH000505,TSK003797,0
VEH000016,TSK003797,1
VEH000520,TSK003797,1
VEH000422,TSK003797,1
VEH000327,TSK003797,1
VEH000291,TSK003797,1
VEH000090,TSK003797,0
VEH000247,TSK003797,0
VEH000266,TSK003797,1
VEH000277,TSK003797,1
VEH000323,TSK003797,1
VEH000468,TSK003797,0
VEH000271,TSK003797,1
VEH000477,TSK003797,0
VEH000246,TSK003797,1
VEH000073,TSK003876,0
VEH000303,TSK003876,1
VEH000485,TSK003876,0
VEH000249,TSK003876,1
VEH000071,TSK003876,1
VEH000417,TSK003876,0
VEH000326,TSK003876,1
VEH000367,TSK003876,0
VEH000074,TSK003876,0
VEH000336,TSK003876,1
VEH000426,TSK003876,1
VEH000012,TSK003876,1
VEH000231,TSK003876,1
VEH000082,TSK003876,1
VEH000014,TSK003876,1
VEH000511,TSK003876,1
VEH000518,TSK003876,1
VEH000224,TSK003876,1
VEH000033,TSK003876,1
VEH000458,TSK003876,1
VEH000529,TSK003876,1
VEH000046,TSK003876,1
VEH000510,TSK003876,1
VEH000252,TSK003876,1
VEH000058,TSK003876,1
VEH000499,TSK003876,1
VEH000364,TSK003876,1
VEH000455,TSK003876,1
VEH000387,TSK003876,0
VEH000342,TSK003876,1
VEH000024,TSK003876,1
VEH000032,TSK003876,1
VEH000519,TSK003876,1
VEH000311,TSK003876,0
VEH000309,TSK003876,1
VEH000505,TSK003876,1
VEH000016,TSK003876,1
VEH000520,TSK003876,1
VEH000422,TSK003876,1
VEH000327,TSK003876,0
VEH000291,TSK003876,1
VEH000090,TSK003876,0
VEH000247,TSK003876,1
VEH000266,TSK003876,1
VEH000277,TSK003876,1
VEH000323,TSK003876,1
VEH000468,TSK003876,0
VEH000271,TSK003876,1
VEH000477,TSK003876,1
VEH000246,TSK003876,1
VEH000073,TSK003906,1
VEH000303,TSK003906,1
VEH000485,TSK003906,1
VEH000249,TSK003906,1
VEH000071,TSK003906,1
VEH000417,TSK003906,1
VEH000326,TSK003906,1
VEH000367,TSK003906,1
VEH000074,TSK003906,0
VEH000336,TSK003906,0
VEH000426,TSK003906,1
VEH000012,TSK003906,1
VEH000231,TSK003906,1
VEH000082,TSK003906,1
VEH000014,TSK003906,1
VEH000511,TSK003906,1
VEH000518,TSK003906,0
VEH000224,TSK003906,1
VEH000033,TSK003906,1
VEH000458,TSK003906,1
VEH000529,TSK003906,1
VEH000046,TSK003906,1
VEH000510,TSK003906,0
VEH000252,TSK003906,1
VEH000058,TSK003906,1
VEH000499,TSK003906,0
VEH000364,TSK003906,1
VEH000455,TSK003906,1
VEH000387,TSK003906,1
VEH000342,TSK003906,1
VEH000024,TSK003906,1
VEH000032,TSK003906,0
VEH000519,TSK003906,1
VEH000311,TSK003906,1
VEH000309,TSK003906,0
VEH000505,TSK003906,1
VEH000016,TSK003906,1
VEH000520,TSK003906,1
VEH000422,TSK003906,1
VEH000327,TSK003906,1
VEH000291,TSK003906,1
VEH000090,TSK003906,0
VEH000247,TSK003906,1
VEH000266,TSK003906,1
VEH000277,TSK003906,1
VEH000323,TSK003906,1
VEH000468,TSK003906,0
VEH000271,TSK003906,0
VEH000477,TSK003906,1
VEH000246,TSK003906,1
VEH000073,TSK003925,1
VEH000303,TSK003925,1
VEH000485,TSK003925,1
VEH000249,TSK003925,1
VEH000071,TSK003925,1
VEH000417,TSK003925,1
VEH000326,TSK003925,0
VEH000367,TSK003925,1
VEH000074,TSK003925,1
VEH000336,TSK003925,1
VEH000426,TSK003925,1
VEH000012,TSK003925,1
VEH000231,TSK003925,1
VEH000082,TSK003925,0
VEH000014,TSK003925,1
VEH000511,TSK003925,1
VEH000518,TSK003925,0
VEH000224,TSK003925,1
VEH000033,TSK003925,1
VEH000458,TSK003925,1
VEH000529,TSK003925,1
VEH000046,TSK003925,0
VEH000510,TSK003925,1
VEH000252,TSK003925,1
VEH000058,TSK003925,1
VEH000499,TSK003925,1
VEH000364,TSK003925,0
VEH000455,TSK003925,1
VEH000387,TSK003925,1
VEH000342,TSK003925,1
VEH000024,TSK003925,1
VEH000032,TSK003925,0
VEH000519,TSK003925,1
VEH000311,TSK003925,1
VEH000309,TSK003925,1
VEH000505,TSK003925,1
VEH000016,TSK003925,1
VEH000520,TSK003925,1
VEH000422,TSK003925,1
VEH000327,TSK003925,1
VEH000291,TSK003925,1
VEH000090,TSK003925,0
VEH000247,TSK003925,0
VEH000266,TSK003925,1
VEH000277,TSK003925,1
VEH000323,TSK003925,1
VEH000468,TSK003925,0
VEH000271,TSK003925,1
VEH000477,TSK003925,0
VEH000246,TSK003925,1
VEH000073,TSK003934,1
VEH000303,TSK003934,1
VEH000485,TSK003934,0
VEH000249,TSK003934,1
VEH000071,TSK003934,0
VEH000417,TSK003934,1
VEH000326,TSK003934,1
VEH000367,TSK003934,1
VEH000074,TSK003934,0
VEH000336,TSK003934,1
VEH000426,TSK003934,1
VEH000012,TSK003934,1
VEH000231,TSK003934,1
VEH000082,TSK003934,0
VEH000014,TSK003934,1
VEH000511,TSK003934,1
VEH000518,TSK003934,1
VEH000224,TSK003934,1
VEH000033,TSK003934,1
VEH000458,TSK003934,1
VEH000529,TSK003934,1
VEH000046,TSK003934,1
VEH000510,TSK003934,1
VEH000252,TSK003934,1
VEH000058,TSK003934,0
VEH000499,TSK003934,0
VEH000364,TSK003934,1
VEH000455,TSK003934,0
VEH000387,TSK003934,0
VEH000342,TSK003934,1
VEH000024,TSK003934,1
VEH000032,TSK003934,1
VEH000519,TSK003934,0
VEH000311,TSK003934,1
VEH000309,TSK003934,1
VEH000505,TSK003934,1
VEH000016,TSK003934,1
VEH000520,TSK003934,1
VEH000422,TSK003934,1
VEH000327,TSK003934,1
VEH000291,TSK003934,1
VEH000090,TSK003934,1
VEH000247,TSK003934,1
VEH000266,TSK003934,1
VEH000277,TSK003934,1
VEH000323,TSK003934,1
VEH000468,TSK003934,1
VEH000271,TSK003934,1
VEH000477,TSK003934,1
VEH000246,TSK003934,0
VEH000073,TSK003979,1
VEH000303,TSK003979,1
VEH000485,TSK003979,1
VEH000249,TSK003979,1
VEH000071,TSK003979,1
VEH000417,TSK003979,1
VEH000326,TSK003979,1
VEH000367,TSK003979,0
VEH000074,TSK003979,1
VEH000336,TSK003979,1
VEH000426,TSK003979,1
VEH000012,TSK003979,1
VEH000231,TSK003979,0
VEH000082,TSK003979,1
VEH000014,TSK003979,1
VEH000511,TSK003979,1
VEH000518,TSK003979,1
VEH000224,TSK003979,1
VEH000033,TSK003979,1
VEH000458,TSK003979,1
VEH000529,TSK003979,1
VEH000046,TSK003979,1
VEH000510,TSK003979,0
VEH000252,TSK003979,1
VEH000058,TSK003979,1
VEH000499,TSK003979,1
VEH000364,TSK003979,1
VEH000455,TSK003979,1
VEH000387,TSK003979,0
VEH000342,TSK003979,1
VEH000024,TSK003979,0
VEH000032,TSK003979,1
VEH000519,TSK003979,1
VEH000311,TSK003979,0
VEH000309,TSK003979,1
VEH000505,TSK003979,0
VEH000016,TSK003979,1
VEH000520,TSK003979,0
VEH000422,TSK003979,1
VEH000327,TSK003979,1
VEH000291,TSK003979,1
VEH000090,TSK003979,0
VEH000247,TSK003979,1
VEH000266,TSK003979,1
VEH000277,TSK003979,0
VEH000323,TSK003979,1
VEH000468,TSK003979,1
VEH000271,TSK003979,1
VEH000477,TSK003979,1
VEH000246,TSK003979,1
VEH000073,TSK004169,0
VEH000303,TSK004169,1
VEH000485,TSK004169,1
VEH000249,TSK004169,1
VEH000071,TSK004169,1
VEH000417,TSK004169,1
VEH000326,TSK004169,1
VEH000367,TSK004169,1
VEH000074,TSK004169,1
VEH000336,TSK004169,1
VEH000426,TSK004169,1
VEH000012,TSK004169,1
VEH000231,TSK004169,1
VEH000082,TSK004169,1
VEH000014,TSK004169,1
VEH000511,TSK004169,0
VEH000518,TSK004169,1
VEH000224,TSK004169,1
VEH000033,TSK004169,0
VEH000458,TSK004169,1
VEH000529,TSK004169,1
VEH000046,TSK004169,1
VEH000510,TSK004169,1
VEH000252,TSK004169,1
VEH000058,TSK004169,0
VEH000499,TSK004169,1
VEH000364,TSK004169,1
VEH000455,TSK004169,1
VEH000387,TSK004169,1
VEH000342,TSK004169,1
VEH000024,TSK004169,1
VEH000032,TSK004169,0
VEH000519,TSK004169,1
VEH000311,TSK004169,0
VEH000309,TSK004169,1
VEH000505,TSK004169,0
VEH000016,TSK004169,0
VEH000520,TSK004169,1
VEH000422,TSK004169,0
VEH000327,TSK004169,1
VEH000291,TSK004169,0
VEH000090,TSK004169,1
VEH000247,TSK004169,1
VEH000266,TSK004169,1
VEH000277,TSK004169,1
VEH000323,TSK004169,1
VEH000468,TSK004169,1
VEH000271,TSK004169,1
VEH000477,TSK004169,1
VEH000246,TSK004169,1
VEH000073,TSK004175,1
VEH000303,TSK004175,1
VEH000485,TSK004175,1
VEH000249,TSK004175,1
VEH000071,TSK004175,1
VEH000417,TSK004175,0
VEH000326,TSK004175,1
VEH000367,TSK004175,0
VEH000074,TSK004175,1
VEH000336,TSK004175,1
VEH000426,TSK004175,1
VEH000012,TSK004175,1
VEH000231,TSK004175,0
VEH000082,TSK004175,1
VEH000014,TSK004175,1
VEH000511,TSK004175,0
VEH000518,TSK004175,1
VEH000224,TSK004175,1
VEH000033,TSK004175,1
VEH000458,TSK004175,1
VEH000529,TSK004175,1
VEH000046,TSK004175,1
VEH000510,TSK004175,0
VEH000252,TSK004175,1
VEH000058,TSK004175,1
VEH000499,TSK004175,1
VEH000364,TSK004175,1
VEH000455,TSK004175,1
VEH000387,TSK004175,0
VEH000342,TSK004175,1
VEH000024,TSK004175,0
VEH000032,TSK004175,1
VEH000519,TSK004175,1
VEH000311,TSK004175,1
VEH000309,TSK004175,1
VEH000505,TSK004175,1
VEH000016,TSK004175,1
VEH000520,TSK004175,0
VEH000422,TSK004175,1
VEH000327,TSK004175,1
VEH000291,TSK004175,0
VEH000090,TSK004175,1
VEH000247,TSK004175,1
VEH000266,TSK004175,0
VEH000277,TSK004175,1
VEH000323,TSK004175,1
VEH000468,TSK004175,1
VEH000271,TSK004175,1
VEH000477,TSK004175,1
VEH000246,TSK004175,1
VEH000073,TSK004202,1
VEH000303,TSK004202,0
VEH000485,TSK004202,1
VEH000249,TSK004202,1
VEH000071,TSK004202,1
VEH000417,TSK004202,1
VEH000326,TSK004202,1
VEH000367,TSK004202,1
VEH000074,TSK004202,1
VEH000336,TSK004202,1
VEH000426,TSK004202,1
VEH000012,TSK004202,1
VEH000231,TSK004202,1
VEH000082,TSK004202,0
VEH000014,TSK004202,1
VEH000511,TSK004202,1
VEH000518,TSK004202,1
VEH000224,TSK004202,1
VEH000033,TSK004202,1
VEH000458,TSK004202,0
VEH000529,TSK004202,0
VEH000046,TSK004202,1
VEH000510,TSK004202,1
VEH000252,TSK004202,1
VEH000058,TSK004202,1
VEH000499,TSK004202,1
VEH000364,TSK004202,1
VEH000455,TSK004202,0
VEH000387,TSK004202,1
VEH000342,TSK004202,1
VEH000024,TSK004202,1
VEH000032,TSK004202,1
VEH000519,TSK004202,0
VEH000311,TSK004202,0
VEH000309,TSK004202,1
VEH000505,TSK004202,0
VEH000016,TSK004202,0
VEH000520,TSK004202,1
VEH000422,TSK004202,1
VEH000327,TSK004202,1
VEH000291,TSK004202,1
VEH000090,TSK004202,1
VEH000247,TSK004202,1
VEH000266,TSK004202,1
VEH000277,TSK004202,1
VEH000323,TSK004202,0
VEH000468,TSK004202,1
VEH000271,TSK004202,1
VEH000477,TSK004202,1
VEH000246,TSK004202,1
VEH000073,TSK004328,1
VEH000303,TSK004328,1
VEH000485,TSK004328,1
VEH000249,TSK004328,1
VEH000071,TSK004328,1
VEH000417,TSK004328,1
VEH000326,TSK004328,0
VEH000367,TSK004328,0
VEH000074,TSK004328,0
VEH000336,TSK004328,1
VEH000426,TSK004328,0
VEH000012,TSK004328,1
VEH000231,TSK004328,1
VEH000082,TSK004328,1
VEH000014,TSK004328,1
VEH000511,TSK004328,1
VEH000518,TSK004328,1
VEH000224,TSK004328,1
VEH000033,TSK004328,0
VEH000458,TSK004328,1
VEH000529,TSK004328,1
VEH000046,TSK004328,1
VEH000510,TSK004328,0
VEH000252,TSK004328,0
VEH000058,TSK004328,1
VEH000499,TSK004328,1
VEH000364,TSK004328,1
VEH000455,TSK004328,1
VEH000387,TSK004328,1
VEH000342,TSK004328,1
VEH000024,TSK004328,0
VEH000032,TSK004328,0
VEH000519,TSK004328,1
VEH000311,TSK004328,1
VEH000309,TSK004328,1
VEH000505,TSK004328,1
VEH000016,TSK004328,1
VEH000520,TSK004328,1
VEH000422,TSK004328,1
VEH000327,TSK004328,0
VEH000291,TSK004328,1
VEH000090,TSK004328,1
VEH000247,TSK004328,1
VEH000266,TSK004328,1
VEH000277,TSK004328,1
VEH000323,TSK004328,1
VEH000468,TSK004328,1
VEH000271,TSK004328,1
VEH000477,TSK004328,1
VEH000246,TSK004328,1
VEH000073,TSK004378,0
VEH000303,TSK004378,1
VEH000485,TSK004378,1
VEH000249,TSK004378,1
VEH000071,TSK004378,1
VEH000417,TSK004378,1
VEH000326,TSK004378,1
VEH000367,TSK004378,1
VEH000074,TSK004378,0
VEH000336,TSK004378,1
VEH000426,TSK004378,0
VEH000012,TSK004378,1
VEH000231,TSK004378,1
VEH000082,TSK004378,1
VEH000014,TSK004378,0
VEH000511,TSK004378,1
VEH000518,TSK004378,1
VEH000224,TSK004378,1
VEH000033,TSK004378,1
VEH000458,TSK004378,1
VEH000529,TSK004378,1
VEH000046,TSK004378,1
VEH000510,TSK004378,1
VEH000252,TSK004378,0
VEH000058,TSK004378,1
VEH000499,TSK004378,1
VEH000364,TSK004378,1
VEH000455,TSK004378,1
VEH000387,TSK004378,1
VEH000342,TSK004378,1
VEH000024,TSK004378,1
VEH000032,TSK004378,0
VEH000519,TSK004378,1
VEH000311,TSK004378,1
VEH000309,TSK004378,1
VEH000505,TSK004378,1
VEH000016,TSK004378,1
VEH000520,TSK004378,0
VEH000422,TSK004378,0
VEH000327,TSK004378,0
VEH000291,TSK004378,1
VEH000090,TSK004378,1
VEH000247,TSK004378,1
VEH000266,TSK004378,1
VEH000277,TSK004378,1
VEH000323,TSK004378,1
VEH000468,TSK004378,1
VEH000271,TSK004378,1
VEH000477,TSK004378,1
VEH000246,TSK004378,0
VEH000073,TSK004464,0
VEH000303,TSK004464,1
VEH000485,TSK004464,0
VEH000249,TSK004464,1
VEH000071,TSK004464,1
VEH000417,TSK004464,1
VEH000326,TSK004464,1
VEH000367,TSK004464,1
VEH000074,TSK004464,1
VEH000336,TSK004464,1
VEH000426,TSK004464,1
VEH000012,TSK004464,1
VEH000231,TSK004464,1
VEH000082,TSK004464,1
VEH000014,TSK004464,1
VEH000511,TSK004464,1
VEH000518,TSK004464,1
VEH000224,TSK004464,1
VEH000033,TSK004464,0
VEH000458,TSK004464,1
VEH000529,TSK004464,1
VEH000046,TSK004464,1
VEH000510,TSK004464,1
VEH000252,TSK004464,1
VEH000058,TSK004464,1
VEH000499,TSK004464,1
VEH000364,TSK004464,0
VEH000455,TSK004464,0
VEH000387,TSK004464,1
VEH000342,TSK004464,1
VEH000024,TSK004464,0
VEH000032,TSK004464,1
VEH000519,TSK004464,1
VEH000311,TSK004464,1
VEH000309,TSK004464,0
VEH000505,TSK004464,0
VEH000016,TSK004464,1
VEH000520,TSK004464,1
VEH000422,TSK004464,1
VEH000327,TSK004464,1
VEH000291,TSK004464,1
VEH000090,TSK004464,1
VEH000247,TSK004464,1
VEH000266,TSK004464,1
VEH000277,TSK004464,0
VEH000323,TSK004464,1
VEH000468,TSK004464,1
VEH000271,TSK004464,0
VEH000477,TSK004464,1
VEH000246,TSK004464,1
VEH000073,TSK004726,1
VEH000303,TSK004726,1
VEH000485,TSK004726,1
VEH000249,TSK004726,1
VEH000071,TSK004726,0
VEH000417,TSK004726,1
VEH000326,TSK004726,1
VEH000367,TSK004726,1
VEH000074,TSK004726,1
VEH000336,TSK004726,1
VEH000426,TSK004726,1
VEH000012,TSK004726,1
VEH000231,TSK004726,1
VEH000082,TSK004726,1
VEH000014,TSK004726,1
VEH000511,TSK004726,1
VEH000518,TSK004726,1
VEH000224,TSK004726,0
VEH000033,TSK004726,1
VEH000458,TSK004726,1
VEH000529,TSK004726,0
VEH000046,TSK004726,1
VEH000510,TSK004726,1
VEH000252,TSK004726,1
VEH000058,TSK004726,1
VEH000499,TSK004726,1
VEH000364,TSK004726,1
VEH000455,TSK004726,1
VEH000387,TSK004726,0
VEH000342,TSK004726,0
VEH000024,TSK004726,1
VEH000032,TSK004726,0
VEH000519,TSK004726,1
VEH000311,TSK004726,0
VEH000309,TSK004726,1
VEH000505,TSK004726,1
VEH000016,TSK004726,0
VEH000520,TSK004726,1
VEH000422,TSK004726,1
VEH000327,TSK004726,1
VEH000291,TSK004726,1
VEH000090,TSK004726,0
VEH000247,TSK004726,1
VEH000266,TSK004726,0
VEH000277,TSK004726,1
VEH000323,TSK004726,1
VEH000468,TSK004726,1
VEH000271,TSK004726,1
VEH000477,TSK004726,1
VEH000246,TSK004726,1
VEH000073,TSK004780,1
VEH000303,TSK004780,1
VEH000485,TSK004780,1
VEH000249,TSK004780,0
VEH000071,TSK004780,1
VEH000417,TSK004780,1
VEH000326,TSK004780,1
VEH000367,TSK004780,1
VEH000074,TSK004780,0
VEH000336,TSK004780,1
VEH000426,TSK004780,1
VEH000012,TSK004780,1
VEH000231,TSK004780,1
VEH000082,TSK004780,0
VEH000014,TSK004780,1
VEH000511,TSK004780,1
VEH000518,TSK004780,1
VEH000224,TSK004780,1
VEH000033,TSK004780,1
VEH000458,TSK004780,1
VEH000529,TSK004780,1
VEH000046,TSK004780,0
VEH000510,TSK004780,1
VEH000252,TSK004780,1
VEH000058,TSK004780,1
VEH000499,TSK004780,0
VEH000364,TSK004780,0
VEH000455,TSK004780,1
VEH000387,TSK004780,1
VEH000342,TSK004780,1
VEH000024,TSK004780,0
VEH000032,TSK004780,1
VEH000519,TSK004780,1
VEH000311,TSK004780,1
VEH000309,TSK004780,1
VEH000505,TSK004780,0
VEH000016,TSK004780,1
VEH000520,TSK004780,1
VEH000422,TSK004780,0
VEH000327,TSK004780,1
VEH000291,TSK004780,0
VEH000090,TSK004780,1
VEH000247,TSK004780,1
VEH000266,TSK004780,1
VEH000277,TSK004780,1
VEH000323,TSK004780,1
VEH000468,TSK004780,1
VEH000271,TSK004780,1
VEH000477,TSK004780,1
VEH000246,TSK004780,1
VEH000073,TSK004816,0
VEH000303,TSK004816,0
VEH000485,TSK004816,1
VEH000249,TSK004816,1
VEH000071,TSK004816,1
VEH000417,TSK004816,1
VEH000326,TSK004816,1
VEH000367,TSK004816,1
VEH000074,TSK004816,1
VEH000336,TSK004816,1
VEH000426,TSK004816,1
VEH000012,TSK004816,0
VEH000231,TSK004816,0
VEH000082,TSK004816,0
VEH000014,TSK004816,1
VEH000511,TSK004816,1
VEH000518,TSK004816,0
VEH000224,TSK004816,1
VEH000033,TSK004816,1
VEH000458,TSK004816,0
VEH000529,TSK004816,1
VEH000046,TSK004816,1
VEH000510,TSK004816,1
VEH000252,TSK004816,1
VEH000058,TSK004816,1
VEH000499,TSK004816,0
VEH000364,TSK004816,1
VEH000455,TSK004816,0
VEH000387,TSK004816,1
VEH000342,TSK004816,0
VEH000024,TSK004816,1
VEH000032,TSK004816,1
VEH000519,TSK004816,1
VEH000311,TSK004816,1
VEH000309,TSK004816,1
VEH000505,TSK004816,1
VEH000016,TSK004816,1
VEH000520,TSK004816,1
VEH000422,TSK004816,1
VEH000327,TSK004816,1
VEH000291,TSK004816,1
VEH000090,TSK004816,1
VEH000247,TSK004816,1
VEH000266,TSK004816,1
VEH000277,TSK004816,1
VEH000323,TSK004816,1
VEH000468,TSK004816,1
VEH000271,TSK004816,1
VEH000477,TSK004816,1
VEH000246,TSK004816,1
VEH000073,TSK004862,0
VEH000303,TSK004862,1
VEH000485,TSK004862,1
VEH000249,TSK004862,1
VEH000071,TSK004862,1
VEH000417,TSK004862,1
VEH000326,TSK004862,1
VEH000367,TSK004862,1
VEH000074,TSK004862,1
VEH000336,TSK004862,1
VEH000426,TSK004862,1
VEH000012,TSK004862,0
VEH000231,TSK004862,1
VEH000082,TSK004862,1
VEH000014,TSK004862,1
VEH000511,TSK004862,1
VEH000518,TSK004862,1
VEH000224,TSK004862,1
VEH000033,TSK004862,1
VEH000458,TSK004862,1
VEH000529,TSK004862,1
VEH000046,TSK004862,1
VEH000510,TSK004862,0
VEH000252,TSK004862,1
VEH000058,TSK004862,1
VEH000499,TSK004862,1
VEH000364,TSK004862,1
VEH000455,TSK004862,1
VEH000387,TSK004862,0
VEH000342,TSK004862,1
VEH000024,TSK004862,1
VEH000032,TSK004862,0
VEH000519,TSK004862,1
VEH000311,TSK004862,1
VEH000309,TSK004862,0
VEH000505,TSK004862,1
VEH000016,TSK004862,1
VEH000520,TSK004862,1
VEH000422,TSK004862,0
VEH000327,TSK004862,1
VEH000291,TSK004862,1
VEH000090,TSK004862,1
VEH000247,TSK004862,0
VEH000266,TSK004862,1
VEH000277,TSK004862,0
VEH000323,TSK004862,1
VEH000468,TSK004862,0
VEH000271,TSK004862,1
VEH000477,TSK004862,1
VEH000246,TSK004862,1
VEH000073,TSK004917,1
VEH000303,TSK004917,1
VEH000485,TSK004917,0
VEH000249,TSK004917,1
VEH000071,TSK004917,1
VEH000417,TSK004917,1
VEH000326,TSK004917,1
VEH000367,TSK004917,0
VEH000074,TSK004917,1
VEH000336,TSK004917,1
VEH000426,TSK004917,0
VEH000012,TSK004917,1
VEH000231,TSK004917,1
VEH000082,TSK004917,1
VEH000014,TSK004917,0
VEH000511,TSK004917,1
VEH000518,TSK004917,0
VEH000224,TSK004917,1
VEH000033,TSK004917,1
VEH000458,TSK004917,1
VEH000529,TSK004917,0
VEH000046,TSK004917,1
VEH000510,TSK004917,1
VEH000252,TSK004917,1
VEH000058,TSK004917,1
VEH000499,TSK004917,1
VEH000364,TSK004917,1
VEH000455,TSK004917,1
VEH000387,TSK004917,1
VEH000342,TSK004917,1
VEH000024,TSK004917,1
VEH000032,TSK004917,1
VEH000519,TSK004917,1
VEH000311,TSK004917,1
VEH000309,TSK004917,1
VEH000505,TSK004917,0
VEH000016,TSK004917,1
VEH000520,TSK004917,1
VEH000422,TSK004917,1
VEH000327,TSK004917,0
VEH000291,TSK004917,1
VEH000090,TSK004917,1
VEH000247,TSK004917,1
VEH000266,TSK004917,1
VEH000277,TSK004917,1
VEH000323,TSK004917,1
VEH000468,TSK004917,1
VEH000271,TSK004917,1
VEH000477,TSK004917,0
VEH000246,TSK004917,0
VEH000073,TSK004986,0
VEH000303,TSK004986,1
VEH000485,TSK004986,1
VEH000249,TSK004986,1
VEH000071,TSK004986,1
VEH000417,TSK004986,1
VEH000326,TSK004986,1
VEH000367,TSK004986,0
VEH000074,TSK004986,1
VEH000336,TSK004986,1
VEH000426,TSK004986,1
VEH000012,TSK004986,1
VEH000231,TSK004986,1
VEH000082,TSK004986,1
VEH000014,TSK004986,1
VEH000511,TSK004986,1
VEH000518,TSK004986,1
VEH000224,TSK004986,1
VEH000033,TSK004986,1
VEH000458,TSK004986,1
VEH000529,TSK004986,1
VEH000046,TSK004986,1
VEH000510,TSK004986,0
VEH000252,TSK004986,1
VEH000058,TSK004986,0
VEH000499,TSK004986,1
VEH000364,TSK004986,0
VEH000455,TSK004986,0
VEH000387,TSK004986,1
VEH000342,TSK004986,1
VEH000024,TSK004986,1
VEH000032,TSK004986,0
VEH000519,TSK004986,1
VEH000311,TSK004986,1
VEH000309,TSK004986,1
VEH000505,TSK004986,0
VEH000016,TSK004986,0
VEH000520,TSK004986,1
VEH000422,TSK004986,1
VEH000327,TSK004986,1
VEH000291,TSK004986,1
VEH000090,TSK004986,0
VEH000247,TSK004986,1
VEH000266,TSK004986,1
VEH000277,TSK004986,1
VEH000323,TSK004986,1
VEH000468,TSK004986,1
VEH000271,TSK004986,1
VEH000477,TSK004986,1
VEH000246,TSK004986,1
VEH000073,TSK005028,1
VEH000303,TSK005028,1
VEH000485,TSK005028,1
VEH000249,TSK005028,1
VEH000071,TSK005028,1
VEH000417,TSK005028,1
VEH000326,TSK005028,0
VEH000367,TSK005028,1
VEH000074,TSK005028,1
VEH000336,TSK005028,1
VEH000426,TSK005028,0
VEH000012,TSK005028,1
VEH000231,TSK005028,0
VEH000082,TSK005028,1
VEH000014,TSK005028,1
VEH000511,TSK005028,1
VEH000518,TSK005028,1
VEH000224,TSK005028,1
VEH000033,TSK005028,1
VEH000458,TSK005028,1
VEH000529,TSK005028,1
VEH000046,TSK005028,1
VEH000510,TSK005028,1
VEH000252,TSK005028,1
VEH000058,TSK005028,1
VEH000499,TSK005028,1
VEH000364,TSK005028,1
VEH000455,TSK005028,0
VEH000387,TSK005028,1
VEH000342,TSK005028,0
VEH000024,TSK005028,1
VEH000032,TSK005028,1
VEH000519,TSK005028,1
VEH000311,TSK005028,0
VEH000309,TSK005028,1
VEH000505,TSK005028,1
VEH000016,TSK005028,0
VEH000520,TSK005028,1
VEH000422,TSK005028,0
VEH000327,TSK005028,1
VEH000291,TSK005028,0
VEH000090,TSK005028,1
VEH000247,TSK005028,1
VEH000266,TSK005028,0
VEH000277,TSK005028,1
VEH000323,TSK005028,1
VEH000468,TSK005028,1
VEH000271,TSK005028,1
VEH000477,TSK005028,1
VEH000246,TSK005028,1
VEH000073,TSK005069,1
VEH000303,TSK005069,1
VEH000485,TSK005069,1
VEH000249,TSK005069,1
VEH000071,TSK005069,1
VEH000417,TSK005069,1
VEH000326,TSK005069,1
VEH000367,TSK005069,1
VEH000074,TSK005069,1
VEH000336,TSK005069,1
VEH000426,TSK005069,1
VEH000012,TSK005069,1
VEH000231,TSK005069,0
VEH000082,TSK005069,1
VEH000014,TSK005069,1
VEH000511,TSK005069,1
VEH000518,TSK005069,1
VEH000224,TSK005069,0
VEH000033,TSK005069,1
VEH000458,TSK005069,1
VEH000529,TSK005069,1
VEH000046,TSK005069,1
VEH000510,TSK005069,1
VEH000252,TSK005069,1
VEH000058,TSK005069,0
VEH000499,TSK005069,1
VEH000364,TSK005069,1
VEH000455,TSK005069,1
VEH000387,TSK005069,1
VEH000342,TSK005069,0
VEH000024,TSK005069,1
VEH000032,TSK005069,1
VEH000519,TSK005069,1
VEH000311,TSK005069,0
VEH000309,TSK005069,1
VEH000505,TSK005069,1
VEH000016,TSK005069,0
VEH000520,TSK005069,1
VEH000422,TSK005069,0
VEH000327,TSK005069,1
VEH000291,TSK005069,1
VEH000090,TSK005069,1
VEH000247,TSK005069,1
VEH000266,TSK005069,1
VEH000277,TSK005069,1
VEH000323,TSK005069,1
VEH000468,TSK005069,1
VEH000271,TSK005069,0
VEH000477,TSK005069,0
VEH000246,TSK005069,0
VEH000073,TSK005098,0
VEH000303,TSK005098,1
VEH000485,TSK005098,1
VEH000249,TSK005098,1
VEH000071,TSK005098,0
VEH000417,TSK005098,1
VEH000326,TSK005098,1
VEH000367,TSK005098,1
VEH000074,TSK005098,0
VEH000336,TSK005098,1
VEH000426,TSK005098,1
VEH000012,TSK005098,1
VEH000231,TSK005098,1
VEH000082,TSK005098,1
VEH000014,TSK005098,1
VEH000511,TSK005098,1
VEH000518,TSK005098,1
VEH000224,TSK005098,1
VEH000033,TSK005098,1
VEH000458,TSK005098,0
VEH000529,TSK005098,1
VEH000046,TSK005098,1
VEH000510,TSK005098,0
VEH000252,TSK005098,1
VEH000058,TSK005098,1
VEH000499,TSK005098,1
VEH000364,TSK005098,1
VEH000455,TSK005098,1
VEH000387,TSK005098,1
VEH000342,TSK005098,1
VEH000024,TSK005098,1
VEH000032,TSK005098,0
VEH000519,TSK005098,1
VEH000311,TSK005098,1
VEH000309,TSK005098,1
VEH000505,TSK005098,0
VEH000016,TSK005098,0
VEH000520,TSK005098,1
VEH000422,TSK005098,1
VEH000327,TSK005098,0
VEH000291,TSK005098,1
VEH000090,TSK005098,1
VEH000247,TSK005098,1
VEH000266,TSK005098,1
VEH000277,TSK005098,1
VEH000323,TSK005098,1
VEH000468,TSK005098,1
VEH000271,TSK005098,1
VEH000477,TSK005098,0
VEH000246,TSK005098,1
VEH000073,TSK005117,1
VEH000303,TSK005117,1
VEH000485,TSK005117,1
VEH000249,TSK005117,1
VEH000071,TSK005117,1
VEH000417,TSK005117,1
VEH000326,TSK005117,1
VEH000367,TSK005117,1
VEH000074,TSK005117,0
VEH000336,TSK005117,0
VEH000426,TSK005117,0
VEH000012,TSK005117,1
VEH000231,TSK005117,1
VEH000082,TSK005117,1
VEH000014,TSK005117,1
VEH000511,TSK005117,1
VEH000518,TSK005117,1
VEH000224,TSK005117,1
VEH000033,TSK005117,0
VEH000458,TSK005117,1
VEH000529,TSK005117,1
VEH000046,TSK005117,0
VEH000510,TSK005117,1
VEH000252,TSK005117,1
VEH000058,TSK005117,1
VEH000499,TSK005117,0
VEH000364,TSK005117,1
VEH000455,TSK005117,0
VEH000387,TSK005117,0
VEH000342,TSK005117,1
VEH000024,TSK005117,1
VEH000032,TSK005117,1
VEH000519,TSK005117,1
VEH000311,TSK005117,1
VEH000309,TSK005117,1
VEH000505,TSK005117,1
VEH000016,TSK005117,1
VEH000520,TSK005117,1
VEH000422,TSK005117,1
VEH000327,TSK005117,1
VEH000291,TSK005117,0
VEH000090,TSK005117,0
VEH000247,TSK005117,1
VEH000266,TSK005117,1
VEH000277,TSK005117,1
VEH000323,TSK005117,1
VEH000468,TSK005117,1
VEH000271,TSK005117,1
VEH000477,TSK005117,1
VEH000246,TSK005117,1
VEH000073,TSK005154,1
VEH000303,TSK005154,1
VEH000485,TSK005154,1
VEH000249,TSK005154,1
VEH000071,TSK005154,1
VEH000417,TSK005154,1
VEH000326,TSK005154,1
VEH000367,TSK005154,0
VEH000074,TSK005154,1
VEH000336,TSK005154,1
VEH000426,TSK005154,1
VEH000012,TSK005154,1
VEH000231,TSK005154,1
VEH000082,TSK005154,1
VEH000014,TSK005154,1
VEH000511,TSK005154,1
VEH000518,TSK005154,0
VEH000224,TSK005154,1
VEH000033,TSK005154,1
VEH000458,TSK005154,0
VEH000529,TSK005154,1
VEH000046,TSK005154,1
VEH000510,TSK005154,1
VEH000252,TSK005154,0
VEH000058,TSK005154,1
VEH000499,TSK005154,1
VEH000364,TSK005154,1
VEH000455,TSK005154,1
VEH000387,TSK005154,0
VEH000342,TSK005154,1
VEH000024,TSK005154,1
VEH000032,TSK005154,1
VEH000519,TSK005154,0
VEH000311,TSK005154,1
VEH000309,TSK005154,1
VEH000505,TSK005154,1
VEH000016,TSK005154,1
VEH000520,TSK005154,1
VEH000422,TSK005154,0
VEH000327,TSK005154,1
VEH000291,TSK005154,0
VEH000090,TSK005154,1
VEH000247,TSK005154,1
VEH000266,TSK005154,1
VEH000277,TSK005154,1
VEH000323,TSK005154,0
VEH000468,TSK005154,1
VEH000271,TSK005154,1
VEH000477,TSK005154,0
VEH000246,TSK005154,1
VEH000073,TSK005166,1
VEH000303,TSK005166,0
VEH000485,TSK005166,0
VEH000249,TSK005166,1
VEH000071,TSK005166,0
VEH000417,TSK005166,1
VEH000326,TSK005166,1
VEH000367,TSK005166,1
VEH000074,TSK005166,1
VEH000336,TSK005166,1
VEH000426,TSK005166,1
VEH000012,TSK005166,0
VEH000231,TSK005166,1
VEH000082,TSK005166,1
VEH000014,TSK005166,1
VEH000511,TSK005166,1
VEH000518,TSK005166,1
VEH000224,TSK005166,1
VEH000033,TSK005166,1
VEH000458,TSK005166,0
VEH000529,TSK005166,1
VEH000046,TSK005166,1
VEH000510,TSK005166,1
VEH000252,TSK005166,0
VEH000058,TSK005166,1
VEH000499,TSK005166,0
VEH000364,TSK005166,1
VEH000455,TSK005166,0
VEH000387,TSK005166,1
VEH000342,TSK005166,1
VEH000024,TSK005166,1
VEH000032,TSK005166,0
VEH000519,TSK005166,1
VEH000311,TSK005166,1
VEH000309,TSK005166,0
VEH000505,TSK005166,1
VEH000016,TSK005166,1
VEH000520,TSK005166,1
VEH000422,TSK005166,1
VEH000327,TSK005166,1
VEH000291,TSK005166,1
VEH000090,TSK005166,1
VEH000247,TSK005166,1
VEH000266,TSK005166,1
VEH000277,TSK005166,1
VEH000323,TSK005166,1
VEH000468,TSK005166,1
VEH000271,TSK005166,1
VEH000477,TSK005166,1
VEH000246,TSK005166,1
VEH000073,TSK005237,0
VEH000303,TSK005237,1
VEH000485,TSK005237,0
VEH000249,TSK005237,1
VEH000071,TSK005237,1
VEH000417,TSK005237,1
VEH000326,TSK005237,1
VEH000367,TSK005237,1
VEH000074,TSK005237,0
VEH000336,TSK005237,1
VEH000426,TSK005237,1
VEH000012,TSK005237,1
VEH000231,TSK005237,0
VEH000082,TSK005237,1
VEH000014,TSK005237,1
VEH000511,TSK005237,1
VEH000518,TSK005237,0
VEH000224,TSK005237,1
VEH000033,TSK005237,1
VEH000458,TSK005237,1
VEH000529,TSK005237,0
VEH000046,TSK005237,1
VEH000510,TSK005237,1
VEH000252,TSK005237,1
VEH000058,TSK005237,1
VEH000499,TSK005237,1
VEH000364,TSK005237,1
VEH000455,TSK005237,1
VEH000387,TSK005237,1
VEH000342,TSK005237,1
VEH000024,TSK005237,1
VEH000032,TSK005237,1
VEH000519,TSK005237,1
VEH000311,TSK005237,1
VEH000309,TSK005237,1
VEH000505,TSK005237,1
VEH000016,TSK005237,0
VEH000520,TSK005237,0
VEH000422,TSK005237,1
VEH000327,TSK005237,1
VEH000291,TSK005237,1
VEH000090,TSK005237,0
VEH000247,TSK005237,1
VEH000266,TSK005237,1
VEH000277,TSK005237,1
VEH000323,TSK005237,1
VEH000468,TSK005237,1
VEH000271,TSK005237,1
VEH000477,TSK005237,1
VEH000246,TSK005237,0
VEH000073,TSK005438,0
VEH000303,TSK005438,0
VEH000485,TSK005438,0
VEH000249,TSK005438,1
VEH000071,TSK005438,1
VEH000417,TSK005438,1
VEH000326,TSK005438,1
VEH000367,TSK005438,1
VEH000074,TSK005438,1
VEH000336,TSK005438,1
VEH000426,TSK005438,1
VEH000012,TSK005438,1
VEH000231,TSK005438,1
VEH000082,TSK005438,0
VEH000014,TSK005438,1
VEH000511,TSK005438,1
VEH000518,TSK005438,1
VEH000224,TSK005438,1
VEH000033,TSK005438,1
VEH000458,TSK005438,1
VEH000529,TSK005438,1
VEH000046,TSK005438,0
VEH000510,TSK005438,0
VEH000252,TSK005438,1
VEH000058,TSK005438,1
VEH000499,TSK005438,0
VEH000364,TSK005438,1
VEH000455,TSK005438,1
VEH000387,TSK005438,1
VEH000342,TSK005438,1
VEH000024,TSK005438,1
VEH000032,TSK005438,1
VEH000519,TSK005438,1
VEH000311,TSK005438,0
VEH000309,TSK005438,1
VEH000505,TSK005438,1
VEH000016,TSK005438,0
VEH000520,TSK005438,1
VEH000422,TSK005438,1
VEH000327,TSK005438,1
VEH000291,TSK005438,1
VEH000090,TSK005438,1
VEH000247,TSK005438,1
VEH000266,TSK005438,1
VEH000277,TSK005438,1
VEH000323,TSK005438,1
VEH000468,TSK005438,0
VEH000271,TSK005438,1
VEH000477,TSK005438,1
VEH000246,TSK005438,1
VEH000073,TSK005456,1
VEH000303,TSK005456,0
VEH000485,TSK005456,1
VEH000249,TSK005456,0
VEH000071,TSK005456,0
VEH000417,TSK005456,1
VEH000326,TSK005456,1
VEH000367,TSK005456,1
VEH000074,TSK005456,0
VEH000336,TSK005456,1
VEH000426,TSK005456,1
VEH000012,TSK005456,0
VEH000231,TSK005456,0
VEH000082,TSK005456,1
VEH000014,TSK005456,1
VEH000511,TSK005456,1
VEH000518,TSK005456,1
VEH000224,TSK005456,1
VEH000033,TSK005456,1
VEH000458,TSK005456,1
VEH000529,TSK005456,1
VEH000046,TSK005456,1
VEH000510,TSK005456,1
VEH000252,TSK005456,1
VEH000058,TSK005456,0
VEH000499,TSK005456,1
VEH000364,TSK005456,1
VEH000455,TSK005456,1
VEH000387,TSK005456,1
VEH000342,TSK005456,1
VEH000024,TSK005456,1
VEH000032,TSK005456,1
VEH000519,TSK005456,0
VEH000311,TSK005456,1
VEH000309,TSK005456,1
VEH000505,TSK005456,0
VEH000016,TSK005456,1
VEH000520,TSK005456,0
VEH000422,TSK005456,1
VEH000327,TSK005456,1
VEH000291,TSK005456,1
VEH000090,TSK005456,1
VEH000247,TSK005456,1
VEH000266,TSK005456,1
VEH000277,TSK005456,1
VEH000323,TSK005456,1
VEH000468,TSK005456,1
VEH000271,TSK005456,1
VEH000477,TSK005456,1
VEH000246,TSK005456,1
VEH000073,TSK005656,1
VEH000303,TSK005656,1
VEH000485,TSK005656,0
VEH000249,TSK005656,0
VEH000071,TSK005656,1
VEH000417,TSK005656,1
VEH000326,TSK005656,1
VEH000367,TSK005656,1
VEH000074,TSK005656,0
VEH000336,TSK005656,1
VEH000426,TSK005656,1
VEH000012,TSK005656,1
VEH000231,TSK005656,1
VEH000082,TSK005656,1
VEH000014,TSK005656,1
VEH000511,TSK005656,1
VEH000518,TSK005656,1
VEH000224,TSK005656,1
VEH000033,TSK005656,1
VEH000458,TSK005656,1
VEH000529,TSK005656,0
VEH000046,TSK005656,1
VEH000510,TSK005656,0
VEH000252,TSK005656,0
VEH000058,TSK005656,0
VEH000499,TSK005656,1
VEH000364,TSK005656,1
VEH000455,TSK005656,1
VEH000387,TSK005656,1
VEH000342,TSK005656,1
VEH000024,TSK005656,1
VEH000032,TSK005656,1
VEH000519,TSK005656,1
VEH000311,TSK005656,0
VEH000309,TSK005656,1
VEH000505,TSK005656,1
VEH000016,TSK005656,1
VEH000520,TSK005656,1
VEH000422,TSK005656,1
VEH000327,TSK005656,1
VEH000291,TSK005656,1
VEH000090,TSK005656,1
VEH000247,TSK005656,1
VEH000266,TSK005656,1
VEH000277,TSK005656,1
VEH000323,TSK005656,1
VEH000468,TSK005656,0
VEH000271,TSK005656,1
VEH000477,TSK005656,1
VEH000246,TSK005656,0
VEH000073,TSK005673,1
VEH000303,TSK005673,1
VEH000485,TSK005673,1
VEH000249,TSK005673,1
VEH000071,TSK005673,0
VEH000417,TSK005673,1
VEH000326,TSK005673,1
VEH000367,TSK005673,1
VEH000074,TSK005673,1
VEH000336,TSK005673,1
VEH000426,TSK005673,0
VEH000012,TSK005673,1
VEH000231,TSK005673,1
VEH000082,TSK005673,1
VEH000014,TSK005673,0
VEH000511,TSK005673,1
VEH000518,TSK005673,1
VEH000224,TSK005673,1
VEH000033,TSK005673,1
VEH000458,TSK005673,1
VEH000529,TSK005673,1
VEH000046,TSK005673,1
VEH000510,TSK005673,1
VEH000252,TSK005673,1
VEH000058,TSK005673,1
VEH000499,TSK005673,1
VEH000364,TSK005673,1
VEH000455,TSK005673,1
VEH000387,TSK005673,0
VEH000342,TSK005673,1
VEH000024,TSK005673,1
VEH000032,TSK005673,1
VEH000519,TSK005673,1
VEH000311,TSK005673,1
VEH000309,TSK005673,0
VEH000505,TSK005673,1
VEH000016,TSK005673,1
VEH000520,TSK005673,1
VEH000422,TSK005673,1
VEH000327,TSK005673,1
VEH000291,TSK005673,0
VEH000090,TSK005673,1
VEH000247,TSK005673,0
VEH000266,TSK005673,0
VEH000277,TSK005673,1
VEH000323,TSK005673,1
VEH000468,TSK005673,0
VEH000271,TSK005673,1
VEH000477,TSK005673,0
VEH000246,TSK005673,1
VEH000073,TSK005816,1
VEH000303,TSK005816,1
VEH000485,TSK005816,1
VEH000249,TSK005816,0
VEH000071,TSK005816,1
VEH000417,TSK005816,0
VEH000326,TSK005816,1
VEH000367,TSK005816,1
VEH000074,TSK005816,1
VEH000336,TSK005816,1
VEH000426,TSK005816,1
VEH000012,TSK005816,1
VEH000231,TSK005816,1
VEH000082,TSK005816,1
VEH000014,TSK005816,1
VEH000511,TSK005816,1
VEH000518,TSK005816,1
VEH000224,TSK005816,0
VEH000033,TSK005816,1
VEH000458,TSK005816,1
VEH000529,TSK005816,0
VEH000046,TSK005816,1
VEH000510,TSK005816,0
VEH000252,TSK005816,1
VEH000058,TSK005816,1
VEH000499,TSK005816,1
VEH000364,TSK005816,0
VEH000455,TSK005816,1
VEH000387,TSK005816,1
VEH000342,TSK005816,1
VEH000024,TSK005816,1
VEH000032,TSK005816,0
VEH000519,TSK005816,1
VEH000311,TSK005816,0
VEH000309,TSK005816,1
VEH000505,TSK005816,1
VEH000016,TSK005816,1
VEH000520,TSK005816,1
VEH000422,TSK005816,1
VEH000327,TSK005816,1
VEH000291,TSK005816,1
VEH000090,TSK005816,1
VEH000247,TSK005816,0
VEH000266,TSK005816,0
VEH000277,TSK005816,1
VEH000323,TSK005816,1
VEH000468,TSK005816,1
VEH000271,TSK005816,1
VEH000477,TSK005816,1
VEH000246,TSK005816,1
VEH000073,TSK006066,0
VEH000303,TSK006066,0
VEH000485,TSK006066,1
VEH000249,TSK006066,1
VEH000071,TSK006066,1
VEH000417,TSK006066,0
VEH000326,TSK006066,1
VEH000367,TSK006066,1
VEH000074,TSK006066,0
VEH000336,TSK006066,1
VEH000426,TSK006066,1
VEH000012,TSK006066,1
VEH000231,TSK006066,1
VEH000082,TSK006066,1
VEH000014,TSK006066,0
VEH000511,TSK006066,1
VEH000518,TSK006066,1
VEH000224,TSK006066,1
VEH000033,TSK006066,1
VEH000458,TSK006066,1
VEH000529,TSK006066,1
VEH000046,TSK006066,1
VEH000510,TSK006066,1
VEH000252,TSK006066,1
VEH000058,TSK006066,1
VEH000499,TSK006066,0
VEH000364,TSK006066,1
VEH000455,TSK006066,0
VEH000387,TSK006066,0
VEH000342,TSK006066,1
VEH000024,TSK006066,1
VEH000032,TSK006066,1
VEH000519,TSK006066,1
VEH000311,TSK006066,1
VEH000309,TSK006066,1
VEH000505,TSK006066,0
VEH000016,TSK006066,1
VEH000520,TSK006066,1
VEH000422,TSK006066,1
VEH000327,TSK006066,1
VEH000291,TSK006066,1
VEH000090,TSK006066,1
VEH000247,TSK006066,1
VEH000266,TSK006066,1
VEH000277,TSK006066,1
VEH000323,TSK006066,1
VEH000468,TSK006066,1
VEH000271,TSK006066,0
VEH000477,TSK006066,1
VEH000246,TSK006066,1
VEH000073,TSK006119,1
VEH000303,TSK006119,1
VEH000485,TSK006119,1
VEH000249,TSK006119,1
VEH000071,TSK006119,1
VEH000417,TSK006119,0
VEH000326,TSK006119,1
VEH000367,TSK006119,1
VEH000074,TSK006119,1
VEH000336,TSK006119,1
VEH000426,TSK006119,1
VEH000012,TSK006119,1
VEH000231,TSK006119,1
VEH000082,TSK006119,0
VEH000014,TSK006119,1
VEH000511,TSK006119,1
VEH000518,TSK006119,1
VEH000224,TSK006119,0
VEH000033,TSK006119,1
VEH000458,TSK006119,1
VEH000529,TSK006119,1
VEH000046,TSK006119,1
VEH000510,TSK006119,1
VEH000252,TSK006119,1
VEH000058,TSK006119,1
VEH000499,TSK006119,1
VEH000364,TSK006119,1
VEH000455,TSK006119,1
VEH000387,TSK006119,1
VEH000342,TSK006119,1
VEH000024,TSK006119,1
VEH000032,TSK006119,1
VEH000519,TSK006119,0
VEH000311,TSK006119,1
VEH000309,TSK006119,0
VEH000505,TSK006119,0
VEH000016,TSK006119,1
VEH000520,TSK006119,1
VEH000422,TSK006119,1
VEH000327,TSK006119,1
VEH000291,TSK006119,1
VEH000090,TSK006119,0
VEH000247,TSK006119,1
VEH000266,TSK006119,1
VEH000277,TSK006119,0
VEH000323,TSK006119,1
VEH000468,TSK006119,1
VEH000271,TSK006119,0
VEH000477,TSK006119,1
VEH000246,TSK006119,0
VEH000073,TSK006135,0
VEH000303,TSK006135,1
VEH000485,TSK006135,0
VEH000249,TSK006135,1
VEH000071,TSK006135,1
VEH000417,TSK006135,0
VEH000326,TSK006135,1
VEH000367,TSK006135,1
VEH000074,TSK006135,0
VEH000336,TSK006135,1
VEH000426,TSK006135,1
VEH000012,TSK006135,1
VEH000231,TSK006135,1
VEH000082,TSK006135,0
VEH000014,TSK006135,1
VEH000511,TSK006135,1
VEH000518,TSK006135,1
VEH000224,TSK006135,0
VEH000033,TSK006135,1
VEH000458,TSK006135,1
VEH000529,TSK006135,1
VEH000046,TSK006135,1
VEH000510,TSK006135,1
VEH000252,TSK006135,1
VEH000058,TSK006135,1
VEH000499,TSK006135,1
VEH000364,TSK006135,1
VEH000455,TSK006135,1
VEH000387,TSK006135,1
VEH000342,TSK006135,1
VEH000024,TSK006135,1
VEH000032,TSK006135,0
VEH000519,TSK006135,0
VEH000311,TSK006135,0
VEH000309,TSK006135,1
VEH000505,TSK006135,1
VEH000016,TSK006135,1
VEH000520,TSK006135,1
VEH000422,TSK006135,1
VEH000327,TSK006135,1
VEH000291,TSK006135,1
VEH000090,TSK006135,1
VEH000247,TSK006135,0
VEH000266,TSK006135,1
VEH000277,TSK006135,1
VEH000323,TSK006135,1
VEH000468,TSK006135,1
VEH000271,TSK006135,1
VEH000477,TSK006135,1
VEH000246,TSK006135,1
VEH000073,TSK006159,0
VEH000303,TSK006159,1
VEH000485,TSK006159,1
VEH000249,TSK006159,1
VEH000071,TSK006159,1
VEH000417,TSK006159,1
VEH000326,TSK006159,1
VEH000367,TSK006159,1
VEH000074,TSK006159,1
VEH000336,TSK006159,1
VEH000426,TSK006159,0
VEH000012,TSK006159,0
VEH000231,TSK006159,1
VEH000082,TSK006159,1
VEH000014,TSK006159,1
VEH000511,TSK006159,1
VEH000518,TSK006159,1
VEH000224,TSK006159,1
VEH000033,TSK006159,1
VEH000458,TSK006159,1
VEH000529,TSK006159,0
VEH000046,TSK006159,1
VEH000510,TSK006159,0
VEH000252,TSK006159,0
VEH000058,TSK006159,0
VEH000499,TSK006159,1
VEH000364,TSK006159,1
VEH000455,TSK006159,0
VEH000387,TSK006159,0
VEH000342,TSK006159,1
VEH000024,TSK006159,1
VEH000032,TSK006159,1
VEH000519,TSK006159,1
VEH000311,TSK006159,1
VEH000309,TSK006159,1
VEH000505,TSK006159,1
VEH000016,TSK006159,1
VEH000520,TSK006159,1
VEH000422,TSK006159,1
VEH000327,TSK006159,1
VEH000291,TSK006159,1
VEH000090,TSK006159,0
VEH000247,TSK006159,1
VEH000266,TSK006159,1
VEH000277,TSK006159,1
VEH000323,TSK006159,1
VEH000468,TSK006159,1
VEH000271,TSK006159,1
VEH000477,TSK006159,1
VEH000246,TSK006159,1
VEH000073,TSK006184,1
VEH000303,TSK006184,0
VEH000485,TSK006184,1
VEH000249,TSK006184,0
VEH000071,TSK006184,1
VEH000417,TSK006184,1
VEH000326,TSK006184,1
VEH000367,TSK006184,1
VEH000074,TSK006184,1
VEH000336,TSK006184,1
VEH000426,TSK006184,1
VEH000012,TSK006184,1
VEH000231,TSK006184,0
VEH000082,TSK006184,1
VEH000014,TSK006184,1
VEH000511,TSK006184,0
VEH000518,TSK006184,1
VEH000224,TSK006184,1
VEH000033,TSK006184,1
VEH000458,TSK006184,1
VEH000529,TSK006184,1
VEH000046,TSK006184,1
VEH000510,TSK006184,1
VEH000252,TSK006184,1
VEH000058,TSK006184,1
VEH000499,TSK006184,1
VEH000364,TSK006184,0
VEH000455,TSK006184,1
VEH000387,TSK006184,1
VEH000342,TSK006184,1
VEH000024,TSK006184,1
VEH000032,TSK006184,1
VEH000519,TSK006184,1
VEH000311,TSK006184,1
VEH000309,TSK006184,0
VEH000505,TSK006184,0
VEH000016,TSK006184,1
VEH000520,TSK006184,1
VEH000422,TSK006184,1
VEH000327,TSK006184,1
VEH000291,TSK006184,0
VEH000090,TSK006184,1
VEH000247,TSK006184,1
VEH000266,TSK006184,0
VEH000277,TSK006184,1
VEH000323,TSK006184,1
VEH000468,TSK006184,1
VEH000271,TSK006184,0
VEH000477,TSK006184,1
VEH000246,TSK006184,1
VEH000073,TSK006238,0
VEH000303,TSK006238,1
VEH000485,TSK006238,1
VEH000249,TSK006238,1
VEH000071,TSK006238,1
VEH000417,TSK006238,1
VEH000326,TSK006238,1
VEH000367,TSK006238,1
VEH000074,TSK006238,1
VEH000336,TSK006238,1
VEH000426,TSK006238,1
VEH000012,TSK006238,1
VEH000231,TSK006238,1
VEH000082,TSK006238,1
VEH000014,TSK006238,0
VEH000511,TSK006238,1
VEH000518,TSK006238,1
VEH000224,TSK006238,1
VEH000033,TSK006238,1
VEH000458,TSK006238,1
VEH000529,TSK006238,1
VEH000046,TSK006238,1
VEH000510,TSK006238,1
VEH000252,TSK006238,1
VEH000058,TSK006238,1
VEH000499,TSK006238,1
VEH000364,TSK006238,0
VEH000455,TSK006238,0
VEH000387,TSK006238,0
VEH000342,TSK006238,1
VEH000024,TSK006238,0
VEH000032,TSK006238,1
VEH000519,TSK006238,1
VEH000311,TSK006238,1
VEH000309,TSK006238,1
VEH000505,TSK006238,0
VEH000016,TSK006238,1
VEH000520,TSK006238,1
VEH000422,TSK006238,1
VEH000327,TSK006238,1
VEH000291,TSK006238,1
VEH000090,TSK006238,1
VEH000247,TSK006238,1
VEH000266,TSK006238,0
VEH000277,TSK006238,0
VEH000323,TSK006238,1
VEH000468,TSK006238,1
VEH000271,TSK006238,1
VEH000477,TSK006238,0
VEH000246,TSK006238,1
VEH000073,TSK006262,1
VEH000303,TSK006262,1
VEH000485,TSK006262,0
VEH000249,TSK006262,1
VEH000071,TSK006262,1
VEH000417,TSK006262,1
VEH000326,TSK006262,1
VEH000367,TSK006262,1
VEH000074,TSK006262,1
VEH000336,TSK006262,1
VEH000426,TSK006262,0
VEH000012,TSK006262,1
VEH000231,TSK006262,1
VEH000082,TSK006262,1
VEH000014,TSK006262,0
VEH000511,TSK006262,0
VEH000518,TSK006262,1
VEH000224,TSK006262,1
VEH000033,TSK006262,0
VEH000458,TSK006262,1
VEH000529,TSK006262,1
VEH000046,TSK006262,1
VEH000510,TSK006262,1
VEH000252,TSK006262,0
VEH000058,TSK006262,1
VEH000499,TSK006262,1
VEH000364,TSK006262,0
VEH000455,TSK006262,0
VEH000387,TSK006262,1
VEH000342,TSK006262,1
VEH000024,TSK006262,1
VEH000032,TSK006262,1
VEH000519,TSK006262,1
VEH000311,TSK006262,0
VEH000309,TSK006262,1
VEH000505,TSK006262,1
VEH000016,TSK006262,1
VEH000520,TSK006262,1
VEH000422,TSK006262,1
VEH000327,TSK006262,1
VEH000291,TSK006262,1
VEH000090,TSK006262,1
VEH000247,TSK006262,1
VEH000266,TSK006262,1
VEH000277,TSK006262,1
VEH000323,TSK006262,1
VEH000468,TSK006262,0
VEH000271,TSK006262,1
VEH000477,TSK006262,1
VEH000246,TSK006262,1
VEH000073,TSK006272,0
VEH000303,TSK006272,1
VEH000485,TSK006272,1
VEH000249,TSK006272,1
VEH000071,TSK006272,1
VEH000417,TSK006272,1
VEH000326,TSK006272,1
VEH000367,TSK006272,1
VEH000074,TSK006272,1
VEH000336,TSK006272,0
VEH000426,TSK006272,1
VEH000012,TSK006272,0
VEH000231,TSK006272,0
VEH000082,TSK006272,0
VEH000014,TSK006272,0
VEH000511,TSK006272,1
VEH000518,TSK006272,1
VEH000224,TSK006272,1
VEH000033,TSK006272,1
VEH000458,TSK006272,0
VEH000529,TSK006272,1
VEH000046,TSK006272,0
VEH000510,TSK006272,1
VEH000252,TSK006272,1
VEH000058,TSK006272,1
VEH000499,TSK006272,1
VEH000364,TSK006272,1
VEH000455,TSK006272,0
VEH000387,TSK006272,0
VEH000342,TSK006272,1
VEH000024,TSK006272,1
VEH000032,TSK006272,1
VEH000519,TSK006272,1
VEH000311,TSK006272,1
VEH000309,TSK006272,1
VEH000505,TSK006272,1
VEH000016,TSK006272,1
VEH000520,TSK006272,1
VEH000422,TSK006272,1
VEH000327,TSK006272,1
VEH000291,TSK006272,1
VEH000090,TSK006272,1
VEH000247,TSK006272,1
VEH000266,TSK006272,1
VEH000277,TSK006272,1
VEH000323,TSK006272,1
VEH000468,TSK006272,1
VEH000271,TSK006272,1
VEH000477,TSK006272,1
VEH000246,TSK006272,1
VEH000073,TSK006365,1
VEH000303,TSK006365,1
VEH000485,TSK006365,0
VEH000249,TSK006365,1
VEH000071,TSK006365,1
VEH000417,TSK006365,1
VEH000326,TSK006365,1
VEH000367,TSK006365,1
VEH000074,TSK006365,0
VEH000336,TSK006365,1
VEH000426,TSK006365,0
VEH000012,TSK006365,1
VEH000231,TSK006365,1
VEH000082,TSK006365,0
VEH000014,TSK006365,1
VEH000511,TSK006365,0
VEH000518,TSK006365,1
VEH000224,TSK006365,1
VEH000033,TSK006365,1
VEH000458,TSK006365,1
VEH000529,TSK006365,1
VEH000046,TSK006365,1
VEH000510,TSK006365,1
VEH000252,TSK006365,1
VEH000058,TSK006365,1
VEH000499,TSK006365,1
VEH000364,TSK006365,1
VEH000455,TSK006365,1
VEH000387,TSK006365,1
VEH000342,TSK006365,1
VEH000024,TSK006365,1
VEH000032,TSK006365,1
VEH000519,TSK006365,0
VEH000311,TSK006365,0
VEH000309,TSK006365,1
VEH000505,TSK006365,1
VEH000016,TSK006365,1
VEH000520,TSK006365,0
VEH000422,TSK006365,1
VEH000327,TSK006365,1
VEH000291,TSK006365,1
VEH000090,TSK006365,0
VEH000247,TSK006365,1
VEH000266,TSK006365,1
VEH000277,TSK006365,0
VEH000323,TSK006365,1
VEH000468,TSK006365,1
VEH000271,TSK006365,1
VEH000477,TSK006365,1
VEH000246,TSK006365,1
VEH000073,TSK006367,1
VEH000303,TSK006367,1
VEH000485,TSK006367,1
VEH000249,TSK006367,1
VEH000071,TSK006367,1
VEH000417,TSK006367,0
VEH000326,TSK006367,1
VEH000367,TSK006367,1
VEH000074,TSK006367,0
VEH000336,TSK006367,1
VEH000426,TSK006367,1
VEH000012,TSK006367,0
VEH000231,TSK006367,0
VEH000082,TSK006367,1
VEH000014,TSK006367,1
VEH000511,TSK006367,1
VEH000518,TSK006367,1
VEH000224,TSK006367,1
VEH000033,TSK006367,1
VEH000458,TSK006367,1
VEH000529,TSK006367,1
VEH000046,TSK006367,1
VEH000510,TSK006367,1
VEH000252,TSK006367,1
VEH000058,TSK006367,1
VEH000499,TSK006367,1
VEH000364,TSK006367,0
VEH000455,TSK006367,1
VEH000387,TSK006367,1
VEH000342,TSK006367,0
VEH000024,TSK006367,1
VEH000032,TSK006367,1
VEH000519,TSK006367,1
VEH000311,TSK006367,1
VEH000309,TSK006367,1
VEH000505,TSK006367,1
VEH000016,TSK006367,1
VEH000520,TSK006367,0
VEH000422,TSK006367,1
VEH000327,TSK006367,1
VEH000291,TSK006367,0
VEH000090,TSK006367,1
VEH000247,TSK006367,1
VEH000266,TSK006367,1
VEH000277,TSK006367,0
VEH000323,TSK006367,1
VEH000468,TSK006367,1
VEH000271,TSK006367,0
VEH000477,TSK006367,1
VEH000246,TSK006367,1
VEH000073,TSK006371,1
VEH000303,TSK006371,1
VEH000485,TSK006371,1
VEH000249,TSK006371,1
VEH000071,TSK006371,1
VEH000417,TSK006371,1
VEH000326,TSK006371,1
VEH000367,TSK006371,1
VEH000074,TSK006371,0
VEH000336,TSK006371,1
VEH000426,TSK006371,1
VEH000012,TSK006371,1
VEH000231,TSK006371,0
VEH000082,TSK006371,1
VEH000014,TSK006371,1
VEH000511,TSK006371,0
VEH000518,TSK006371,1
VEH000224,TSK006371,1
VEH000033,TSK006371,1
VEH000458,TSK006371,1
VEH000529,TSK006371,1
VEH000046,TSK006371,1
VEH000510,TSK006371,1
VEH000252,TSK006371,0
VEH000058,TSK006371,1
VEH000499,TSK006371,1
VEH000364,TSK006371,1
VEH000455,TSK006371,1
VEH000387,TSK006371,1
VEH000342,TSK006371,1
VEH000024,TSK006371,1
VEH000032,TSK006371,1
VEH000519,TSK006371,0
VEH000311,TSK006371,0
VEH000309,TSK006371,1
VEH000505,TSK006371,1
VEH000016,TSK006371,1
VEH000520,TSK006371,1
VEH000422,TSK006371,1
VEH000327,TSK006371,1
VEH000291,TSK006371,0
VEH000090,TSK006371,1
VEH000247,TSK006371,1
VEH000266,TSK006371,0
VEH000277,TSK006371,1
VEH000323,TSK006371,1
VEH000468,TSK006371,0
VEH000271,TSK006371,1
VEH000477,TSK006371,1
VEH000246,TSK006371,0
VEH000073,TSK006416,1
VEH000303,TSK006416,1
VEH000485,TSK006416,1
VEH000249,TSK006416,0
VEH000071,TSK006416,0
VEH000417,TSK006416,0
VEH000326,TSK006416,1
VEH000367,TSK006416,1
VEH000074,TSK006416,1
VEH000336,TSK006416,1
VEH000426,TSK006416,1
VEH000012,TSK006416,1
VEH000231,TSK006416,1
VEH000082,TSK006416,1
VEH000014,TSK006416,1
VEH000511,TSK006416,1
VEH000518,TSK006416,0
VEH000224,TSK006416,1
VEH000033,TSK006416,1
VEH000458,TSK006416,1
VEH000529,TSK006416,1
VEH000046,TSK006416,0
VEH000510,TSK006416,1
VEH000252,TSK006416,1
VEH000058,TSK006416,1
VEH000499,TSK006416,1
VEH000364,TSK006416,0
VEH000455,TSK006416,1
VEH000387,TSK006416,1
VEH000342,TSK006416,1
VEH000024,TSK006416,1
VEH000032,TSK006416,1
VEH000519,TSK006416,1
VEH000311,TSK006416,1
VEH000309,TSK006416,0
VEH000505,TSK006416,1
VEH000016,TSK006416,0
VEH000520,TSK006416,1
VEH000422,TSK006416,1
VEH000327,TSK006416,0
VEH000291,TSK006416,1
VEH000090,TSK006416,1
VEH000247,TSK006416,1
VEH000266,TSK006416,1
VEH000277,TSK006416,1
VEH000323,TSK006416,0
VEH000468,TSK006416,1
VEH000271,TSK006416,1
VEH000477,TSK006416,1
VEH000246,TSK006416,1
VEH000073,TSK006431,0
VEH000303,TSK006431,1
VEH000485,TSK006431,1
VEH000249,TSK006431,1
VEH000071,TSK006431,1
VEH000417,TSK006431,1
VEH000326,TSK006431,1
VEH000367,TSK006431,0
VEH000074,TSK006431,1
VEH000336,TSK006431,1
VEH000426,TSK006431,1
VEH000012,TSK006431,1
VEH000231,TSK006431,1
VEH000082,TSK006431,1
VEH000014,TSK006431,1
VEH000511,TSK006431,0
VEH000518,TSK006431,1
VEH000224,TSK006431,1
VEH000033,TSK006431,1
VEH000458,TSK006431,1
VEH000529,TSK006431,1
VEH000046,TSK006431,1
VEH000510,TSK006431,0
VEH000252,TSK006431,1
VEH000058,TSK006431,1
VEH000499,TSK006431,1
VEH000364,TSK006431,1
VEH000455,TSK006431,1
VEH000387,TSK006431,1
VEH000342,TSK006431,1
VEH000024,TSK006431,1
VEH000032,TSK006431,0
VEH000519,TSK006431,1
VEH000311,TSK006431,0
VEH000309,TSK006431,0
VEH000505,TSK006431,1
VEH000016,TSK006431,1
VEH000520,TSK006431,0
VEH000422,TSK006431,1
VEH000327,TSK006431,0
VEH000291,TSK006431,1
VEH000090,TSK006431,1
VEH000247,TSK006431,1
VEH000266,TSK006431,1
VEH000277,TSK006431,1
VEH000323,TSK006431,1
VEH000468,TSK006431,1
VEH000271,TSK006431,1
VEH000477,TSK006431,1
VEH000246,TSK006431,0
VEH000073,TSK006510,1
VEH000303,TSK006510,0
VEH000485,TSK006510,0
VEH000249,TSK006510,1
VEH000071,TSK006510,0
VEH000417,TSK006510,1
VEH000326,TSK006510,0
VEH000367,TSK006510,1
VEH000074,TSK006510,1
VEH000336,TSK006510,1
VEH000426,TSK006510,1
VEH000012,TSK006510,1
VEH000231,TSK006510,1
VEH000082,TSK006510,1
VEH000014,TSK006510,0
VEH000511,TSK006510,1
VEH000518,TSK006510,0
VEH000224,TSK006510,1
VEH000033,TSK006510,1
VEH000458,TSK006510,1
VEH000529,TSK006510,1
VEH000046,TSK006510,1
VEH000510,TSK006510,1
VEH000252,TSK006510,1
VEH000058,TSK006510,1
VEH000499,TSK006510,1
VEH000364,TSK006510,0
VEH000455,TSK006510,1
VEH000387,TSK006510,1
VEH000342,TSK006510,1
VEH000024,TSK006510,1
VEH000032,TSK006510,0
VEH000519,TSK006510,1
VEH000311,TSK006510,0
VEH000309,TSK006510,1
VEH000505,TSK006510,1
VEH000016,TSK006510,1
VEH000520,TSK006510,1
VEH000422,TSK006510,1
VEH000327,TSK006510,1
VEH000291,TSK006510,0
VEH000090,TSK006510,1
VEH000247,TSK006510,1
VEH000266,TSK006510,1
VEH000277,TSK006510,1
VEH000323,TSK006510,1
VEH000468,TSK006510,1
VEH000271,TSK006510,1
VEH000477,TSK006510,1
VEH000246,TSK006510,1
VEH000073,TSK006559,1
VEH000303,TSK006559,1
VEH000485,TSK006559,0
VEH000249,TSK006559,0
VEH000071,TSK006559,1
VEH000417,TSK006559,1
VEH000326,TSK006559,1
VEH000367,TSK006559,1
VEH000074,TSK006559,1
VEH000336,TSK006559,1
VEH000426,TSK006559,1
VEH000012,TSK006559,1
VEH000231,TSK006559,1
VEH000082,TSK006559,1
VEH000014,TSK006559,1
VEH000511,TSK006559,1
VEH000518,TSK006559,1
VEH000224,TSK006559,0
VEH000033,TSK006559,1
VEH000458,TSK006559,1
VEH000529,TSK006559,1
VEH000046,TSK006559,1
VEH000510,TSK006559,1
VEH000252,TSK006559,0
VEH000058,TSK006559,1
VEH000499,TSK006559,0
VEH000364,TSK006559,1
VEH000455,TSK006559,1
VEH000387,TSK006559,0
VEH000342,TSK006559,1
VEH000024,TSK006559,1
VEH000032,TSK006559,1
VEH000519,TSK006559,1
VEH000311,TSK006559,0
VEH000309,TSK006559,1
VEH000505,TSK006559,1
VEH000016,TSK006559,1
VEH000520,TSK006559,1
VEH000422,TSK006559,1
VEH000327,TSK006559,1
VEH000291,TSK006559,1
VEH000090,TSK006559,1
VEH000247,TSK006559,1
VEH000266,TSK006559,1
VEH000277,TSK006559,0
VEH000323,TSK006559,0
VEH000468,TSK006559,1
VEH000271,TSK006559,0
VEH000477,TSK006559,1
VEH000246,TSK006559,1
VEH000073,TSK006573,1
VEH000303,TSK006573,1
VEH000485,TSK006573,1
VEH000249,TSK006573,1
VEH000071,TSK006573,1
VEH000417,TSK006573,0
VEH000326,TSK006573,1
VEH000367,TSK006573,1
VEH000074,TSK006573,1
VEH000336,TSK006573,1
VEH000426,TSK006573,1
VEH000012,TSK006573,1
VEH000231,TSK006573,1
VEH000082,TSK006573,1
VEH000014,TSK006573,1
VEH000511,TSK006573,1
VEH000518,TSK006573,1
VEH000224,TSK006573,1
VEH000033,TSK006573,0
VEH000458,TSK006573,1
VEH000529,TSK006573,1
VEH000046,TSK006573,1
VEH000510,TSK006573,0
VEH000252,TSK006573,1
VEH000058,TSK006573,1
VEH000499,TSK006573,1
VEH000364,TSK006573,0
VEH000455,TSK006573,0
VEH000387,TSK006573,1
VEH000342,TSK006573,1
VEH000024,TSK006573,1
VEH000032,TSK006573,1
VEH000519,TSK006573,1
VEH000311,TSK006573,0
VEH000309,TSK006573,1
VEH000505,TSK006573,1
VEH000016,TSK006573,1
VEH000520,TSK006573,1
VEH000422,TSK006573,1
VEH000327,TSK006573,1
VEH000291,TSK006573,1
VEH000090,TSK006573,0
VEH000247,TSK006573,0
VEH000266,TSK006573,1
VEH000277,TSK006573,1
VEH000323,TSK006573,1
VEH000468,TSK006573,0
VEH000271,TSK006573,0
VEH000477,TSK006573,1
VEH000246,TSK006573,1
VEH000073,TSK006816,1
VEH000303,TSK006816,1
VEH000485,TSK006816,0
VEH000249,TSK006816,1
VEH000071,TSK006816,0
VEH000417,TSK006816,1
VEH000326,TSK006816,1
VEH000367,TSK006816,1
VEH000074,TSK006816,1
VEH000336,TSK006816,1
VEH000426,TSK006816,1
VEH000012,TSK006816,1
VEH000231,TSK006816,1
VEH000082,TSK006816,1
VEH000014,TSK006816,1
VEH000511,TSK006816,0
VEH000518,TSK006816,1
VEH000224,TSK006816,0
VEH000033,TSK006816,1
VEH000458,TSK006816,1
VEH000529,TSK006816,1
VEH000046,TSK006816,0
VEH000510,TSK006816,1
VEH000252,TSK006816,1
VEH000058,TSK006816,1
VEH000499,TSK006816,1
VEH000364,TSK006816,0
VEH000455,TSK006816,1
VEH000387,TSK006816,1
VEH000342,TSK006816,1
VEH000024,TSK006816,1
VEH000032,TSK006816,1
VEH000519,TSK006816,0
VEH000311,TSK006816,0
VEH000309,TSK006816,1
VEH000505,TSK006816,1
VEH000016,TSK006816,1
VEH000520,TSK006816,1
VEH000422,TSK006816,1
VEH000327,TSK006816,1
VEH000291,TSK006816,1
VEH000090,TSK006816,1
VEH000247,TSK006816,1
VEH000266,TSK006816,1
VEH000277,TSK006816,0
VEH000323,TSK006816,1
VEH000468,TSK006816,1
VEH000271,TSK006816,1
VEH000477,TSK006816,1
VEH000246,TSK006816,0
VEH000073,TSK006848,1
VEH000303,TSK006848,1
VEH000485,TSK006848,1
VEH000249,TSK006848,1
VEH000071,TSK006848,0
VEH000417,TSK006848,1
VEH000326,TSK006848,0
VEH000367,TSK006848,0
VEH000074,TSK006848,1
VEH000336,TSK006848,1
VEH000426,TSK006848,1
VEH000012,TSK006848,1
VEH000231,TSK006848,0
VEH000082,TSK006848,1
VEH000014,TSK006848,1
VEH000511,TSK006848,1
VEH000518,TSK006848,1
VEH000224,TSK006848,1
VEH000033,TSK006848,1
VEH000458,TSK006848,1
VEH000529,TSK006848,1
VEH000046,TSK006848,1
VEH000510,TSK006848,1
VEH000252,TSK006848,1
VEH000058,TSK006848,1
VEH000499,TSK006848,1
VEH000364,TSK006848,1
VEH000455,TSK006848,0
VEH000387,TSK006848,1
VEH000342,TSK006848,1
VEH000024,TSK006848,1
VEH000032,TSK006848,0
VEH000519,TSK006848,1
VEH000311,TSK006848,0
VEH000309,TSK006848,1
VEH000505,TSK006848,1
VEH000016,TSK006848,1
VEH000520,TSK006848,0
VEH000422,TSK006848,1
VEH000327,TSK006848,1
VEH000291,TSK006848,1
VEH000090,TSK006848,1
VEH000247,TSK006848,1
VEH000266,TSK006848,1
VEH000277,TSK006848,1
VEH000323,TSK006848,1
VEH000468,TSK006848,0
VEH000271,TSK006848,1
VEH000477,TSK006848,1
VEH000246,TSK006848,0
VEH000073,TSK006852,0
VEH000303,TSK006852,1
VEH000485,TSK006852,1
VEH000249,TSK006852,1
VEH000071,TSK006852,0
VEH000417,TSK006852,1
VEH000326,TSK006852,1
VEH000367,TSK006852,1
VEH000074,TSK006852,1
VEH000336,TSK006852,1
VEH000426,TSK006852,1
VEH000012,TSK006852,1
VEH000231,TSK006852,1
VEH000082,TSK006852,1
VEH000014,TSK006852,1
VEH000511,TSK006852,0
VEH000518,TSK006852,1
VEH000224,TSK006852,1
VEH000033,TSK006852,0
VEH000458,TSK006852,1
VEH000529,TSK006852,1
VEH000046,TSK006852,1
VEH000510,TSK006852,1
VEH000252,TSK006852,0
VEH000058,TSK006852,1
VEH000499,TSK006852,1
VEH000364,TSK006852,1
VEH000455,TSK006852,1
VEH000387,TSK006852,0
VEH000342,TSK006852,0
VEH000024,TSK006852,1
VEH000032,TSK006852,1
VEH000519,TSK006852,1
VEH000311,TSK006852,1
VEH000309,TSK006852,1
VEH000505,TSK006852,0
VEH000016,TSK006852,1
VEH000520,TSK006852,1
VEH000422,TSK006852,1
VEH000327,TSK006852,1
VEH000291,TSK006852,0
VEH000090,TSK006852,1
VEH000247,TSK006852,1
VEH000266,TSK006852,1
VEH000277,TSK006852,1
VEH000323,TSK006852,1
VEH000468,TSK006852,1
VEH000271,TSK006852,1
VEH000477,TSK006852,1
VEH000246,TSK006852,0
VEH000073,TSK006905,1
VEH000303,TSK006905,1
VEH000485,TSK006905,1
VEH000249,TSK006905,0
VEH000071,TSK006905,1
VEH000417,TSK006905,0
VEH000326,TSK006905,1
VEH000367,TSK006905,1
VEH000074,TSK006905,1
VEH000336,TSK006905,1
VEH000426,TSK006905,1
VEH000012,TSK006905,1
VEH000231,TSK006905,1
VEH000082,TSK006905,1
VEH000014,TSK006905,0
VEH000511,TSK006905,1
VEH000518,TSK006905,0
VEH000224,TSK006905,1
VEH000033,TSK006905,1
VEH000458,TSK006905,0
VEH000529,TSK006905,0
VEH000046,TSK006905,1
VEH000510,TSK006905,1
VEH000252,TSK006905,1
VEH000058,TSK006905,1
VEH000499,TSK006905,1
VEH000364,TSK006905,1
VEH000455,TSK006905,1
VEH000387,TSK006905,0
VEH000342,TSK006905,1
VEH000024,TSK006905,1
VEH000032,TSK006905,1
VEH000519,TSK006905,1
VEH000311,TSK006905,1
VEH000309,TSK006905,1
VEH000505,TSK006905,1
VEH000016,TSK006905,0
VEH000520,TSK006905,1
VEH000422,TSK006905,1
VEH000327,TSK006905,0
VEH000291,TSK006905,1
VEH000090,TSK006905,1
VEH000247,TSK006905,1
VEH000266,TSK006905,1
VEH000277,TSK006905,0
VEH000323,TSK006905,1
VEH000468,TSK006905,1
VEH000271,TSK006905,1
VEH000477,TSK006905,1
VEH000246,TSK006905,1
VEH000073,TSK006945,1
VEH000303,TSK006945,1
VEH000485,TSK006945,1
VEH000249,TSK006945,1
VEH000071,TSK006945,1
VEH000417,TSK006945,1
VEH000326,TSK006945,1
VEH000367,TSK006945,1
VEH000074,TSK006945,1
VEH000336,TSK006945,0
VEH000426,TSK006945,1
VEH000012,TSK006945,1
VEH000231,TSK006945,1
VEH000082,TSK006945,1
VEH000014,TSK006945,1
VEH000511,TSK006945,1
VEH000518,TSK006945,1
VEH000224,TSK006945,1
VEH000033,TSK006945,1
VEH000458,TSK006945,0
VEH000529,TSK006945,1
VEH000046,TSK006945,1
VEH000510,TSK006945,1
VEH000252,TSK006945,0
VEH000058,TSK006945,0
VEH000499,TSK006945,1
VEH000364,TSK006945,1
VEH000455,TSK006945,1
VEH000387,TSK006945,0
VEH000342,TSK006945,1
VEH000024,TSK006945,0
VEH000032,TSK006945,1
VEH000519,TSK006945,1
VEH000311,TSK006945,1
VEH000309,TSK006945,0
VEH000505,TSK006945,1
VEH000016,TSK006945,1
VEH000520,TSK006945,1
VEH000422,TSK006945,1
VEH000327,TSK006945,1
VEH000291,TSK006945,1
VEH000090,TSK006945,0
VEH000247,TSK006945,1
VEH000266,TSK006945,1
VEH000277,TSK006945,1
VEH000323,TSK006945,0
VEH000468,TSK006945,1
VEH000271,TSK006945,1
VEH000477,TSK006945,1
VEH000246,TSK006945,0
